date,close,volume,open,high,low
05/15/2026,417.49,"3,709,646",415.18,422.18,414.5501
05/14/2026,426.79,"2,811,407",430.97,433.9089,424.07
05/13/2026,432.39,"3,486,313",427.84,435.72,426.0
05/12/2026,419.65,"4,848,607",417.85,420.91,406.77
05/11/2026,422.73,"3,796,844",412.21,422.88,411.484
05/08/2026,416.52,"3,754,419",418.0,418.75,413.52
05/07/2026,408.52,"3,938,176",413.905,413.96,405.91
05/06/2026,415.63,"3,893,561",404.705,416.0,404.4
05/05/2026,404.77,"3,343,131",396.75,405.66,393.19
05/04/2026,397.02,"1,914,421",402.26,402.26,391.88
05/01/2026,397.69,"1,987,194",397.06,399.0499,393.41
04/30/2026,402.26,"3,746,053",393.39,402.67,391.18
04/29/2026,389.31,"3,097,753",392.0,394.95,386.53
04/28/2026,383.26,"3,846,468",389.795,393.1,382.45
04/27/2026,392.59,"2,763,842",398.285,399.5199,386.74
04/24/2026,399.57,"4,512,483",404.07,406.3,398.255
04/23/2026,403.88,"4,449,579",397.9,408.37,395.8
04/22/2026,381.42,"2,517,691",380.81,383.6,378.25
04/21/2026,375.27,"3,296,946",383.0,383.6,373.34
04/20/2026,381.05,"4,004,109",373.02,385.46,369.695
04/17/2026,371.45,"5,248,167",359.67,372.45,357.82
04/16/2026,353.8,"2,198,838",346.97,355.85,346.435
04/15/2026,347.94,"2,440,882",347.0,349.0526,341.3207
04/14/2026,348.6,"2,320,411",352.43,352.665,347.05
04/13/2026,350.01,"2,485,440",348.69,350.08,344.0
04/10/2026,350.14,"2,505,070",353.0,354.29,349.01
04/09/2026,351.36,"2,927,633",346.0,352.78,345.49
04/08/2026,346.21,"4,522,151",345.81,349.0,341.98
04/07/2026,327.41,"2,344,431",323.79,327.51,321.0
04/06/2026,327.36,"2,353,664",320.0,327.46,318.75
04/02/2026,318.34,"2,386,703",310.27,321.705,309.79
04/01/2026,320.58,"3,144,968",318.2,325.745,317.21
03/31/2026,318.14,"4,285,897",309.37,319.32,306.5
03/30/2026,303.1,"3,914,550",314.03,314.03,300.56
03/27/2026,307.44,"3,282,197",310.87,313.185,306.18
03/26/2026,313.42,"3,923,797",319.1,321.12,312.39
03/25/2026,322.03,"2,461,064",325.0,328.18,320.62
03/24/2026,321.83,"3,404,181",311.25,324.79,311.095
03/23/2026,312.19,"3,495,639",315.48,317.5299,311.705
03/20/2026,309.43,"7,029,328",311.15,312.25,305.95
03/19/2026,310.44,"3,289,337",303.37,313.5899,300.91
03/18/2026,308.59,"3,555,212",313.33,316.91,307.88
03/17/2026,313.66,"2,699,818",312.2,315.29,310.72
03/16/2026,310.92,"3,254,893",311.67,313.86,309.105
03/13/2026,306.07,"2,792,737",309.875,311.245,303.514
03/12/2026,307.27,"4,827,196",313.9,314.37,304.26
03/11/2026,319.22,"2,576,649",319.29,321.53,316.35
03/10/2026,318.81,"4,351,463",318.72,323.94,317.08
03/09/2026,319.71,"5,945,634",310.24,319.9,307.22
03/06/2026,315.81,"4,536,712",319.48,323.33,314.31
03/05/2026,329.72,"5,370,656",336.75,339.9534,325.33
03/04/2026,341.51,"3,202,505",344.04,346.39,339.29
03/03/2026,338.99,"5,312,367",339.15,342.5851,335.08
03/02/2026,352.41,"3,326,044",348.775,356.05,348.0
02/27/2026,355.79,"6,109,811",351.29,356.03,346.571
02/26/2026,354.35,"4,662,715",360.78,361.68,351.0
02/25/2026,360.8,"3,425,010",361.02,363.2,358.6
02/24/2026,356.09,"4,541,318",359.0,362.49,355.6401
02/23/2026,355.15,"4,132,888",352.53,358.0,349.5806
02/20/2026,355.03,"5,341,644",345.3,355.45,345.005
02/19/2026,345.3,"5,101,152",344.97,353.28,339.66
02/18/2026,346.37,"8,474,675",352.21,355.36,340.0
02/17/2026,337.51,"4,547,615",335.6,340.46,330.3301
02/13/2026,337.1,"3,443,247",329.73,337.96,328.445
02/12/2026,331.36,"4,483,046",339.37,343.96,330.83
02/11/2026,337.0,"3,908,890",329.88,337.84,327.42
02/10/2026,325.16,"2,642,008",320.74,326.38,319.75
02/09/2026,322.97,"3,163,143",319.325,323.89,317.885
02/06/2026,320.45,"6,775,392",322.96,327.745,316.0
02/05/2026,322.12,"5,935,731",316.34,327.31,313.395
02/04/2026,320.44,"6,275,312",315.75,323.09,311.725
02/03/2026,311.29,"5,545,997",316.86,321.23,308.955
02/02/2026,316.86,"3,772,953",306.92,318.32,306.92
01/30/2026,310.88,"4,405,694",314.955,317.32,309.27
01/29/2026,318.7,"3,131,829",316.07,319.26,308.93
01/28/2026,317.625,"3,888,272",313.0,318.17,308.5
01/27/2026,303.83,"3,552,731",305.24,306.985,300.76
01/26/2026,304.01,"2,757,971",305.145,306.69,303.755
01/23/2026,305.6,"2,907,157",310.485,313.54,303.16
01/22/2026,308.52,"2,793,663",309.47,313.19,306.87
01/21/2026,304.97,"3,753,888",298.96,308.15,298.4
01/20/2026,295.67,"4,320,993",296.99,302.03,293.82
01/16/2026,300.25,"4,261,143",307.53,309.175,299.69
01/15/2026,302.1,"4,086,996",301.81,305.61,298.64
01/14/2026,297.99,"3,597,622",294.585,298.86,293.275
01/13/2026,296.21,"2,759,609",295.18,302.48,294.66
01/12/2026,293.86,"3,308,243",297.5,298.35,292.45
01/09/2026,300.93,"3,088,141",299.77,303.2,297.12
01/08/2026,299.16,"3,775,548",290.38,299.53,289.51
01/07/2026,292.89,"3,570,563",288.89,293.08,286.75
01/06/2026,292.94,"6,427,986",279.735,294.149,279.59
01/05/2026,277.29,"3,006,684",275.22,281.8297,273.765
01/02/2026,273.74,"3,608,981",275.07,276.0,270.46
12/31/2025,271.2,"1,790,996",274.82,275.8,271.1
12/30/2025,274.82,"1,287,424",276.7,277.1,274.59
12/29/2025,275.63,"1,747,986",275.64,277.87,274.145
12/26/2025,276.84,"1,746,373",277.73,278.0,275.94
12/24/2025,277.56,"887,672",277.16,279.165,276.86
12/23/2025,276.73,"1,763,352",275.63,277.47,274.58
12/22/2025,275.82,"3,369,629",277.44,278.41,275.4
12/19/2025,274.44,"9,419,971",275.09,278.41,274.0
12/18/2025,274.92,"4,104,954",275.69,277.1,272.8
12/17/2025,271.04,"4,005,950",279.38,280.43,270.14
12/16/2025,278.4,"3,625,279",280.96,282.0,277.7225
12/15/2025,280.44,"3,594,819",281.63,282.72,278.9
12/12/2025,279.32,"4,182,446",282.42,284.225,278.07
12/11/2025,283.39,"2,840,020",281.57,283.81,278.49
12/10/2025,281.57,"5,176,746",275.65,282.4,274.2572
12/09/2025,276.24,"2,584,991",277.58,279.79,275.25
12/08/2025,279.13,"3,191,028",281.78,282.54,276.965
12/05/2025,281.29,"3,834,290",280.12,283.235,279.14
12/04/2025,277.26,"3,254,204",277.36,279.55,275.54
12/03/2025,278.24,"4,203,067",274.49,278.78,271.58
12/02/2025,272.97,"5,266,424",268.19,274.125,266.04
12/01/2025,266.51,"7,333,468",262.95,268.47,262.0
11/28/2025,265.34,"2,589,650",259.36,265.75,258.0401
11/26/2025,257.92,"5,253,418",255.22,260.74,252.92
11/25/2025,252.02,"7,515,103",230.6,252.48,229.29
11/24/2025,239.4,"8,219,853",233.65,240.76,233.25
11/21/2025,232.32,"4,467,337",225.63,234.53,225.0
11/20/2025,225.2,"4,316,566",234.29,235.2791,224.25
11/19/2025,232.2,"2,790,492",229.54,234.3999,229.325
11/18/2025,230.13,"3,953,373",229.85,232.35,227.72
11/17/2025,229.94,"3,885,305",233.03,234.22,227.78
11/14/2025,234.89,"3,319,687",234.19,237.045,230.43
11/13/2025,237.53,"4,897,499",239.64,241.315,235.44
11/12/2025,241.44,"4,677,722",236.92,242.0,235.835
11/11/2025,233.41,"3,159,992",231.51,235.0,231.435
11/10/2025,232.0,"3,264,201",231.86,233.23,228.33
11/07/2025,228.48,"4,583,664",229.4,230.805,223.47
11/06/2025,232.88,"3,126,797",235.19,237.04,231.2
11/05/2025,236.0,"2,971,902",230.09,238.48,230.09
11/04/2025,229.38,"3,956,608",233.01,233.78,228.76
11/03/2025,233.61,"2,266,928",234.95,237.0,232.61
10/31/2025,234.13,"2,698,153",232.9,235.63,231.54
10/30/2025,232.9,"2,940,363",235.04,236.625,232.82
10/29/2025,235.04,"3,438,519",239.76,241.9053,234.52
10/28/2025,239.35,"2,420,972",241.51,243.68,238.84
10/27/2025,243.01,"3,506,236",239.695,244.11,238.345
10/24/2025,238.01,"3,488,969",245.45,245.51,236.63
10/23/2025,243.29,"2,774,906",237.3,244.95,237.26
10/22/2025,240.36,"5,270,794",240.54,241.64,236.909
10/21/2025,246.37,"2,361,679",247.84,248.8299,245.61
10/20/2025,246.22,"2,760,134",242.87,246.835,242.87
10/17/2025,242.87,"2,401,260",241.77,243.54,238.59
10/16/2025,241.61,"2,898,707",240.33,244.225,238.52
10/15/2025,238.15,"2,773,694",238.19,238.8,234.96
10/14/2025,235.4,"3,431,567",231.15,238.78,229.125
10/13/2025,234.67,"4,609,877",228.32,235.82,226.96
10/10/2025,225.32,"4,425,112",237.74,239.035,224.71
10/09/2025,237.88,"3,069,164",236.84,238.39,235.1
10/08/2025,237.93,"4,017,888",233.8,239.36,233.8
10/07/2025,233.75,"3,397,760",243.39,243.39,233.025
10/06/2025,242.5,"4,021,178",245.01,245.01,238.92
10/03/2025,241.99,"2,118,611",242.05,246.2,241.59
10/02/2025,241.67,"2,774,051",242.13,243.97,240.44
10/01/2025,239.28,"4,916,320",243.71,245.59,236.22
09/30/2025,245.7,"2,508,031",245.81,247.2,243.07
09/29/2025,244.79,"3,296,263",249.33,249.5,243.85
09/26/2025,247.56,"2,648,551",248.705,249.41,245.755
09/25/2025,247.53,"2,410,945",247.57,248.33,243.52
09/24/2025,248.61,"2,479,163",247.05,249.82,246.7
09/23/2025,246.78,"2,085,832",248.37,250.36,246.33
09/22/2025,247.34,"2,167,314",245.61,249.04,245.58
09/19/2025,245.33,"5,182,620",249.95,249.95,243.58
09/18/2025,249.05,"3,129,905",251.09,252.0,248.275
09/17/2025,246.32,"2,617,571",244.11,250.195,244.11
09/16/2025,244.1,"2,913,857",242.95,247.3199,242.22
09/15/2025,244.91,"2,333,155",239.42,246.97,238.775
09/12/2025,245.21,"2,109,981",247.62,248.23,244.98
09/11/2025,248.24,"2,244,714",247.76,249.9999,246.49
09/10/2025,247.21,"2,474,456",248.3,249.05,245.8696
09/09/2025,248.18,"2,154,627",248.11,249.32,246.5225
09/08/2025,248.98,"2,418,286",248.05,249.432,246.64
09/05/2025,247.07,"2,166,082",246.22,249.73,245.38
09/04/2025,246.11,"3,574,700",243.005,246.32,239.58
09/03/2025,244.55,"3,024,556",248.32,248.87,241.93
09/02/2025,248.32,"3,115,651",246.5,248.52,243.83
08/29/2025,251.31,"3,599,066",253.06,254.25,250.52
08/28/2025,254.25,"4,038,091",256.88,258.13,254.17
08/27/2025,255.5,"3,347,379",254.59,256.25,252.87
08/26/2025,255.63,"5,735,054",254.0,257.72,253.69
08/25/2025,254.49,"3,419,202",252.64,255.27,251.26
08/22/2025,252.2,"4,990,768",249.18,257.215,248.22
08/21/2025,246.95,"5,992,008",244.0,250.18,243.49
08/20/2025,244.87,"8,529,045",239.69,245.4,228.11
08/19/2025,230.44,"4,568,962",231.64,234.22,229.81
08/18/2025,231.55,"2,260,509",230.5,234.04,230.5
08/15/2025,231.63,"3,826,462",237.21,237.21,231.035
08/14/2025,236.21,"2,182,076",234.86,236.87,232.9682
08/13/2025,237.63,"3,804,670",232.97,238.27,232.12
08/12/2025,232.04,"4,979,506",226.48,234.29,225.43
08/11/2025,224.07,"3,479,224",225.0,228.3199,223.44
08/08/2025,223.95,"3,078,425",223.06,224.94,221.15
08/07/2025,223.12,"2,522,300",223.1,225.64,222.19
08/06/2025,220.69,"2,547,311",220.68,221.17,218.37
08/05/2025,220.68,"3,099,199",222.98,225.08,219.39
08/04/2025,222.4,"2,848,063",221.415,223.53,220.6
08/01/2025,221.71,"3,740,673",222.36,223.16,218.85
07/31/2025,224.63,"5,339,760",228.28,229.78,222.3701
07/30/2025,231.11,"2,324,092",231.83,232.195,229.1
07/29/2025,230.75,"2,174,246",231.98,232.64,229.14
07/28/2025,230.77,"3,136,232",228.91,231.04,228.86
07/25/2025,227.82,"2,695,607",226.64,228.65,225.18
07/24/2025,226.37,"4,771,142",228.47,228.47,223.76
07/23/2025,228.08,"7,845,181",230.77,232.5,222.0
07/22/2025,235.5,"6,027,478",238.79,241.3981,234.0
07/21/2025,240.48,"2,997,844",243.33,245.72,240.35
07/18/2025,241.85,"2,761,645",243.04,243.6,240.83
07/17/2025,240.97,"2,831,043",239.94,241.885,239.075
07/16/2025,240.61,"2,842,270",239.75,241.01,236.275
07/15/2025,240.42,"3,002,067",244.99,245.76,240.27
07/14/2025,243.46,"2,045,408",243.13,244.13,241.425
07/11/2025,244.675,"2,037,684",243.36,245.775,242.01
07/10/2025,245.13,"2,428,673",244.78,245.735,242.22
07/09/2025,242.72,"3,339,152",245.59,246.9175,241.0
07/08/2025,245.15,"3,964,194",243.6,247.725,242.655
07/07/2025,241.81,"2,783,553",244.81,245.31,240.36
07/03/2025,245.68,"1,837,392",245.84,246.55,244.18
07/02/2025,245.15,"3,538,289",240.47,245.44,240.025
07/01/2025,240.64,"3,500,869",236.54,241.81,235.82
06/30/2025,238.02,"3,258,867",237.54,238.67,235.66
06/27/2025,236.96,"3,617,766",237.0,239.0659,234.94
06/26/2025,237.3,"3,057,975",236.03,238.22,235.1
06/25/2025,234.68,"3,548,885",235.6,236.45,231.62
06/24/2025,234.98,"3,636,539",233.91,235.61,233.21
06/23/2025,230.98,"3,573,457",228.19,231.31,226.7
06/20/2025,228.35,"5,316,062",231.745,232.02,225.57
06/18/2025,229.65,"2,551,734",230.42,233.08,228.84
06/17/2025,227.44,"2,726,467",229.2,231.69,227.31
06/16/2025,231.8,"3,344,891",228.13,231.915,227.5
06/13/2025,225.03,"3,349,605",227.56,228.9352,224.38
06/12/2025,232.12,"2,144,281",231.53,233.74,230.85
06/11/2025,232.54,"3,311,792",234.09,236.115,230.27
06/10/2025,233.34,"4,164,753",228.27,234.76,228.01
06/09/2025,227.66,"4,110,605",223.815,229.175,223.405
06/06/2025,222.26,"3,246,129",220.68,225.35,220.625
06/05/2025,218.04,"3,496,524",219.8,222.585,217.02
06/04/2025,218.5,"4,199,395",219.83,221.19,217.33
06/03/2025,218.43,"3,515,816",214.03,218.89,213.05
06/02/2025,215.45,"2,233,860",212.4,216.2,212.215
05/30/2025,213.98,"10,923,410",215.28,215.84,210.8
05/29/2025,215.75,"3,800,393",218.055,218.5,214.0
05/28/2025,215.62,"3,853,917",217.61,218.19,215.46
05/27/2025,216.89,"5,542,334",215.15,217.87,212.73
05/23/2025,210.47,"4,848,159",208.98,211.04,206.0
05/22/2025,211.93,"8,968,264",221.46,224.395,211.37
05/21/2025,222.22,"5,091,059",222.6,227.39,221.325
05/20/2025,224.49,"2,619,352",222.32,224.6,221.93
05/19/2025,224.54,"3,974,323",223.635,226.805,223.07
05/16/2025,227.11,"3,618,204",227.16,227.8,225.525
05/15/2025,227.12,"3,045,249",224.425,228.7975,224.01
05/14/2025,226.82,"4,648,600",227.64,228.34,224.01
05/13/2025,226.68,"4,373,921",221.965,227.07,220.2489
05/12/2025,223.15,"6,358,273",222.87,225.49,219.1
05/09/2025,207.51,"3,537,650",207.24,210.14,206.29
05/08/2025,202.78,"3,422,453",202.26,206.04,200.96
05/07/2025,199.86,"2,966,391",196.63,200.72,195.69
05/06/2025,195.6,"2,535,541",194.89,197.4,194.26
05/05/2025,197.72,"2,022,742",196.16,199.715,195.59
05/02/2025,198.59,"3,795,868",197.86,199.7125,197.15
05/01/2025,193.74,"3,439,454",196.84,197.165,193.44
04/30/2025,194.92,"4,415,391",187.55,195.34,186.7265
04/29/2025,192.67,"3,939,847",191.5,194.815,190.36
04/28/2025,193.72,"3,401,605",193.36,196.37,189.95
04/25/2025,194.59,"3,206,797",192.95,196.37,191.69
04/24/2025,195.23,"5,606,678",192.725,197.515,191.05
04/23/2025,183.11,"4,323,335",185.99,187.84,182.475
04/22/2025,178.5,"3,735,027",176.78,179.19,175.205
04/21/2025,174.99,"3,650,119",172.65,175.47,171.0
04/17/2025,176.27,"3,341,240",177.89,178.34,173.58
04/16/2025,175.93,"4,392,829",173.67,177.36,170.39
04/15/2025,179.54,"3,035,881",178.6,182.47,178.07
04/14/2025,178.6,"3,912,108",183.26,185.0,175.58
04/11/2025,179.16,"6,528,889",172.125,180.975,167.2
04/10/2025,178.36,"8,548,018",189.63,189.63,170.93
04/09/2025,196.63,"10,941,560",166.05,198.46,164.58
04/08/2025,166.09,"7,640,250",175.38,179.24,161.83
04/07/2025,171.34,"10,236,500",163.2,183.31,158.65
04/04/2025,164.6,"9,634,182",174.61,176.41,164.14
04/03/2025,180.88,"6,970,781",191.82,193.195,180.4
04/02/2025,199.59,"2,437,534",195.76,202.3,195.76
04/01/2025,199.18,"3,383,360",200.26,200.84,195.1224
03/31/2025,201.67,"3,803,746",200.23,202.52,196.8
03/28/2025,201.56,"3,521,430",207.82,208.06,200.77
03/27/2025,208.94,"2,885,111",208.68,211.0,205.88
03/26/2025,210.53,"2,454,565",213.15,214.9,209.685
03/25/2025,213.58,"2,550,034",210.98,214.63,210.98
03/24/2025,212.34,"3,458,275",210.0,214.08,209.74
03/21/2025,204.4,"5,070,459",203.06,205.27,201.28
03/20/2025,205.9,"2,775,730",208.165,208.165,204.81
03/19/2025,209.97,"2,571,926",209.19,213.03,208.09
03/18/2025,209.16,"2,657,324",210.58,210.75,207.69
03/17/2025,211.68,"2,514,464",207.75,213.3699,207.37
03/14/2025,208.75,"2,614,297",207.36,209.85,206.2288
03/13/2025,203.8,"2,625,568",206.0,208.16,202.59
03/12/2025,206.62,"3,917,668",209.08,212.99,205.62
03/11/2025,209.08,"4,225,517",217.33,217.385,206.48
03/10/2025,216.26,"4,946,560",220.22,221.145,213.15
03/07/2025,225.86,"4,062,874",223.59,226.655,219.74
03/06/2025,222.77,"4,818,664",225.68,228.87,222.05
03/05/2025,229.47,"3,927,336",227.18,229.86,222.6991
03/04/2025,226.18,"4,742,681",230.46,231.44,223.9
03/03/2025,228.53,"5,000,149",231.84,233.825,225.67
02/28/2025,230.06,"4,631,189",225.99,230.12,223.05
02/27/2025,223.85,"4,480,434",234.23,234.23,223.5
02/26/2025,233.73,"2,908,161",235.04,236.38,231.83
02/25/2025,235.3,"4,136,763",238.33,238.33,234.38
02/24/2025,236.99,"4,778,259",240.28,240.64,236.18
02/21/2025,238.91,"6,176,603",244.93,246.08,237.76
02/20/2025,243.82,"5,890,083",243.54,247.1,242.5545
02/19/2025,241.66,"9,789,553",230.02,242.51,224.1
02/18/2025,220.22,"7,400,196",217.265,220.51,215.77
02/14/2025,214.61,"3,938,608",211.24,215.15,210.63
02/13/2025,209.34,"3,134,872",204.99,209.65,204.99
02/12/2025,205.13,"2,411,505",201.01,205.4,200.8
02/11/2025,203.46,"2,335,759",202.93,206.62,202.64
02/10/2025,204.86,"2,820,450",206.58,207.205,202.97
02/07/2025,205.21,"3,194,710",207.68,209.545,203.74
02/06/2025,207.83,"2,715,143",208.73,210.51,205.7485
02/05/2025,209.8,"4,516,698",205.43,210.55,204.16
02/04/2025,206.01,"4,651,510",204.6,208.35,204.07
02/03/2025,205.24,"4,483,530",209.29,209.65,202.765
01/31/2025,211.89,"3,486,618",211.71,217.62,210.69
01/30/2025,212.4,"2,976,438",210.23,213.065,209.1
01/29/2025,209.91,"2,258,503",209.54,211.87,209.01
01/28/2025,209.52,"3,748,857",212.81,213.905,207.9
01/27/2025,215.42,"7,088,010",217.4,220.8175,213.64
01/24/2025,217.37,"3,929,413",224.62,226.04,217.13
01/23/2025,228.35,"2,607,991",221.88,228.43,221.53
01/22/2025,224.08,"2,883,331",221.45,226.22,221.1
01/21/2025,221.45,"4,091,227",219.23,223.65,219.16
01/17/2025,219.16,"2,871,536",220.56,220.635,217.84
01/16/2025,215.02,"3,116,371",218.3,218.3,212.71
01/15/2025,218.22,"3,302,798",217.5,219.59,215.7
01/14/2025,214.65,"1,634,673",213.16,214.83,211.54
01/13/2025,212.95,"3,960,579",209.34,213.37,208.09
01/10/2025,212.37,"4,108,662",217.54,219.37,211.79
01/08/2025,220.44,"3,096,841",215.4,221.16,212.63
01/07/2025,215.87,"3,573,300",219.79,220.28,214.3
01/06/2025,218.0,"2,490,969",215.33,221.53,214.775
01/03/2025,215.37,"2,547,489",212.76,216.11,210.395
01/02/2025,211.35,"2,379,261",215.49,217.25,209.75
12/31/2024,212.46,"1,608,772",214.0,214.55,211.07
12/30/2024,212.56,"2,578,313",214.25,214.625,211.025
12/27/2024,216.99,"1,926,739",217.43,218.25,215.24
12/26/2024,218.06,"1,189,273",215.39,219.07,215.39
12/24/2024,218.09,"1,063,511",215.94,218.21,213.67
12/23/2024,214.89,"2,478,480",211.93,215.58,211.545
12/20/2024,211.78,"6,604,074",206.28,213.3575,205.83
12/19/2024,207.78,"3,942,278",209.6,210.61,207.23
12/18/2024,207.77,"4,077,394",215.16,218.95,207.26
12/17/2024,213.82,"3,240,525",215.89,217.93,212.36
12/16/2024,216.31,"3,410,112",214.92,217.79,213.66
12/13/2024,216.61,"3,067,545",215.41,217.97,213.75
12/12/2024,217.72,"2,995,032",215.15,218.73,214.644
12/11/2024,217.12,"3,839,345",216.03,219.04,215.559
12/10/2024,215.61,"2,679,445",219.04,219.67,214.5
12/09/2024,219.04,"2,467,331",215.97,223.55,215.16
12/06/2024,218.2,"3,189,499",214.73,218.59,213.73
12/05/2024,214.55,"2,475,089",217.23,219.39,213.8555
12/04/2024,218.3,"2,635,207",223.11,223.21,217.86
12/03/2024,221.54,"2,340,471",221.58,223.33,219.95
12/02/2024,223.12,"3,240,246",218.13,224.79,217.01
11/29/2024,218.05,"1,992,604",219.19,221.7,217.5
11/27/2024,217.17,"2,943,466",219.32,219.4,213.9
11/26/2024,219.05,"6,569,057",232.15,233.55,216.005
11/25/2024,223.58,"7,303,632",217.74,225.0,216.0
11/22/2024,214.59,"2,695,385",211.54,214.75,211.54
11/21/2024,213.96,"2,540,586",212.29,215.01,210.05
11/20/2024,211.01,"3,072,769",207.25,211.16,207.25
11/19/2024,210.43,"2,958,662",207.7,210.82,206.8
11/18/2024,209.65,"3,774,689",206.52,209.89,206.11
11/15/2024,206.35,"3,880,962",208.77,210.38,205.4
11/14/2024,212.24,"3,214,113",213.44,215.035,211.46
11/13/2024,212.84,"4,609,884",216.77,217.68,212.44
11/12/2024,219.55,"2,593,982",220.49,220.85,215.9
11/11/2024,220.47,"3,271,768",223.85,225.01,218.42
11/08/2024,225.8,"3,426,964",226.56,228.12,224.76
11/07/2024,227.77,"2,500,936",229.63,230.27,225.72
11/06/2024,226.25,"3,615,271",223.68,228.09,221.94
11/05/2024,217.6,"3,753,393",219.31,219.31,215.32
11/04/2024,224.19,"1,599,638",225.0,226.78,223.4401
11/01/2024,225.48,"2,922,814",223.87,226.6,223.0
10/31/2024,223.11,"4,258,086",230.16,230.2,220.83
10/30/2024,230.12,"2,084,447",230.78,232.99,229.88
10/29/2024,235.23,"2,056,224",229.7,235.86,229.01
10/28/2024,230.14,"3,403,740",229.13,231.95,228.6
10/25/2024,230.17,"1,733,471",231.84,235.2,230.04
10/24/2024,229.68,"2,376,151",228.74,230.34,227.42
10/23/2024,226.85,"2,492,028",228.08,229.51,224.01
10/22/2024,224.62,"1,833,704",224.44,225.61,222.71
10/21/2024,225.67,"2,212,385",226.3,226.41,222.41
10/18/2024,228.33,"1,763,100",229.17,229.78,226.97
10/17/2024,227.34,"3,637,854",232.52,233.56,227.17
10/16/2024,227.49,"1,585,728",228.85,230.34,225.96
10/15/2024,225.87,"4,112,177",236.01,236.7556,224.08
10/14/2024,236.43,"1,770,326",233.8,237.03,232.7
10/11/2024,232.86,"1,428,915",229.32,234.0,229.32
10/10/2024,230.7,"1,793,748",229.7,231.83,228.67
10/09/2024,233.24,"2,410,856",230.4,233.58,229.29
10/08/2024,229.4,"2,447,430",226.74,230.51,224.31
10/07/2024,226.51,"1,564,916",225.65,227.3099,224.09
10/04/2024,228.23,"1,895,235",231.9,232.36,226.11
10/03/2024,226.56,"2,087,713",224.63,228.84,224.46
10/02/2024,227.73,"1,857,982",224.98,229.9718,223.54
10/01/2024,223.67,"3,124,382",228.93,229.44,222.4
09/30/2024,230.17,"2,711,776",228.9,230.56,226.66
09/27/2024,232.05,"2,277,852",234.71,235.26,231.09
09/26/2024,232.46,"3,883,019",232.615,233.98,224.805
09/25/2024,226.64,"2,042,633",224.1,227.5836,224.1
09/24/2024,227.33,"1,984,834",228.64,230.8,226.82
09/23/2024,226.01,"1,357,914",224.78,226.84,224.2
09/20/2024,226.78,"5,009,739",231.97,232.48,224.35
09/19/2024,233.45,"7,157,746",230.0,235.76,227.87
09/18/2024,222.64,"2,527,316",228.87,228.87,221.96
09/17/2024,225.35,"2,524,630",227.44,229.04,222.65
09/16/2024,223.28,"2,124,156",222.39,224.46,220.69
09/13/2024,225.42,"2,032,345",223.84,226.55,223.005
09/12/2024,221.53,"2,158,222",223.44,223.45,218.93
09/11/2024,225.07,"3,431,773",219.89,225.72,214.71
09/10/2024,218.72,"2,048,974",217.5,219.03,214.12
09/09/2024,218.56,"2,450,781",217.01,219.309,216.045
09/06/2024,213.64,"3,437,085",218.57,219.405,212.7
09/05/2024,219.06,"2,729,960",219.48,221.62,217.72
09/04/2024,221.8,"2,736,592",220.01,223.98,218.12
09/03/2024,218.71,"4,868,561",228.69,230.015,217.65
08/30/2024,234.84,"2,771,051",234.94,236.135,231.82
08/29/2024,230.89,"2,711,497",229.49,235.105,229.48
08/28/2024,227.17,"3,211,773",231.08,233.25,225.14
08/27/2024,231.84,"3,707,719",225.11,232.35,224.3125
08/26/2024,225.61,"2,532,438",227.84,228.19,223.7875
08/23/2024,228.39,"3,208,020",225.85,229.21,224.76
08/22/2024,221.91,"3,708,163",225.68,228.26,221.26
08/21/2024,227.5,"5,595,070",229.52,236.86,224.81
08/20/2024,223.49,"3,994,245",223.96,226.015,221.39
08/19/2024,225.95,"2,803,180",222.43,226.08,221.49
08/16/2024,223.19,"2,573,637",223.045,223.8,221.42
08/15/2024,223.67,"5,197,357",220.45,224.24,219.42
08/14/2024,215.32,"2,409,608",216.92,218.11,212.8
08/13/2024,218.01,"4,011,066",213.25,218.6,213.2
08/12/2024,212.08,"1,712,145",212.15,213.4,210.0
08/09/2024,211.31,"2,482,181",209.95,213.73,209.16
08/08/2024,213.64,"4,510,126",206.19,214.14,204.27
08/07/2024,201.31,"4,178,209",210.47,211.42,200.86
08/06/2024,204.88,"4,671,145",201.36,208.7,201.18
08/05/2024,200.56,"4,879,768",206.03,209.09,198.73
08/02/2024,207.96,"6,796,683",212.48,213.07,206.71
08/01/2024,218.92,"5,404,581",228.08,231.2,216.77
07/31/2024,231.38,"4,308,081",229.76,232.1599,226.94
07/30/2024,224.58,"3,955,556",228.85,230.18,222.9
07/29/2024,227.4,"2,672,195",228.74,230.27,225.33
07/26/2024,226.43,"4,296,172",225.3,227.25,222.97
07/25/2024,220.92,"5,114,615",221.51,227.61,217.25
07/24/2024,224.62,"4,589,596",230.63,230.96,223.74
07/23/2024,230.32,"3,876,208",234.1,236.92,229.03
07/22/2024,240.04,"2,827,273",237.12,240.26,233.32
07/19/2024,231.22,"2,894,851",240.3,240.3,230.74
07/18/2024,238.99,"3,688,460",236.48,241.1,236.29
07/17/2024,235.61,"4,448,188",240.48,244.14,235.41
07/16/2024,243.33,"1,964,664",239.01,243.83,237.645
07/15/2024,237.72,"2,057,260",237.14,239.77,236.1
07/12/2024,238.56,"3,105,747",238.35,242.16,236.15
07/11/2024,233.74,"3,104,524",238.76,239.1999,233.67
07/10/2024,238.33,"4,037,562",234.46,239.09,233.1
07/09/2024,232.01,"1,315,573",233.76,234.26,230.91
07/08/2024,233.34,"1,729,502",232.18,233.75,231.67
07/05/2024,230.89,"2,251,928",231.42,231.505,228.37
07/03/2024,230.02,"1,425,672",228.67,230.99,227.04
07/02/2024,228.24,"2,417,892",224.56,228.37,224.56
07/01/2024,225.18,"2,307,800",226.7,226.95,223.92
06/28/2024,228.26,"3,634,130",228.15,232.065,226.86
06/27/2024,226.68,"2,159,085",227.0,228.44,225.98
06/26/2024,227.84,"2,510,576",229.32,229.99,226.57
06/25/2024,230.34,"2,015,750",231.08,231.08,225.84
06/24/2024,228.46,"2,413,626",231.05,231.94,228.1
06/21/2024,231.05,"7,366,423",231.535,231.88,229.07
06/20/2024,229.51,"4,562,318",232.43,232.67,228.805
06/18/2024,235.38,"2,457,388",231.74,236.43,231.28
06/17/2024,232.39,"2,414,979",230.54,232.5,227.94
06/14/2024,231.19,"2,252,494",230.1,232.57,229.45
06/13/2024,234.03,"2,673,838",232.55,236.25,232.49
06/12/2024,238.44,"2,514,965",239.03,240.58,236.44
06/11/2024,236.3,"3,098,615",233.65,236.51,233.13
06/10/2024,235.37,"2,765,658",232.29,235.98,231.19
06/07/2024,234.77,"2,208,155",236.05,237.61,233.27
06/06/2024,237.41,"2,756,978",234.52,238.38,233.285
06/05/2024,235.68,"4,016,735",232.0,235.97,231.22
06/04/2024,230.63,"2,616,049",231.86,232.18,228.95
06/03/2024,232.21,"3,087,769",235.09,236.29,228.51
05/31/2024,234.49,"6,460,149",230.1,234.73,227.65
05/30/2024,230.0,"2,885,148",228.68,230.685,228.01
05/29/2024,228.15,"3,002,067",229.74,231.625,227.83
05/28/2024,233.44,"2,673,787",230.44,234.29,230.44
05/24/2024,232.51,"4,544,312",236.33,238.32,232.2
05/23/2024,234.56,"5,578,442",240.88,241.88,231.995
05/22/2024,240.16,"9,445,843",227.79,240.37,224.75
05/21/2024,216.64,"3,428,805",215.2,217.08,214.55
05/20/2024,217.48,"2,647,913",214.96,218.7,213.94
05/17/2024,214.08,"2,373,820",214.51,215.63,212.97
05/16/2024,214.12,"2,820,225",216.0,216.0,213.66
05/15/2024,215.75,"3,802,895",214.43,215.9,212.71
05/14/2024,211.94,"2,683,484",209.0,212.42,206.71
05/13/2024,208.38,"2,314,836",208.83,209.75,208.05
05/10/2024,207.19,"2,617,014",205.95,207.76,205.24
05/09/2024,204.79,"2,941,808",204.48,205.46,203.7
05/08/2024,204.86,"2,464,298",202.39,205.0,201.81
05/07/2024,203.57,"3,276,926",204.5,205.77,203.53
05/06/2024,203.32,"2,168,862",200.17,203.43,199.995
05/03/2024,199.63,"2,372,862",199.04,201.8257,199.04
05/02/2024,196.49,"2,728,145",196.1,197.32,191.5928
05/01/2024,193.89,"3,554,680",197.06,199.52,193.85
04/30/2024,200.61,"2,668,476",203.63,204.2,200.5
04/29/2024,203.9,"2,289,166",200.81,203.98,200.64
04/26/2024,201.97,"3,136,261",197.06,202.6,196.97
04/25/2024,197.94,"3,301,535",197.86,199.1,195.1
04/24/2024,196.5,"6,527,523",200.03,201.675,195.03
04/23/2024,189.93,"4,177,822",187.0,190.86,186.43
04/22/2024,186.31,"3,557,814",184.44,188.31,183.19
04/19/2024,183.36,"4,081,783",187.09,187.93,182.57
04/18/2024,187.58,"2,748,869",188.32,190.2,186.6
04/17/2024,189.43,"2,763,309",192.42,192.83,189.2
04/16/2024,191.23,"2,268,041",192.75,194.04,190.47
04/15/2024,190.29,"2,561,468",194.95,195.8799,189.23
04/12/2024,192.27,"3,337,216",195.03,196.66,192.08
04/11/2024,198.64,"3,427,271",197.96,199.09,194.24
04/10/2024,196.33,"4,517,809",200.38,200.75,195.395
04/09/2024,204.12,"4,598,187",198.51,204.2,197.915
04/08/2024,196.69,"2,456,687",194.63,196.98,194.03
04/05/2024,194.76,"2,087,400",192.63,195.66,191.17
04/04/2024,191.95,"2,931,187",198.35,198.7,191.33
04/03/2024,195.36,"1,928,544",193.0,196.67,192.65
04/02/2024,194.88,"2,495,810",195.22,195.58,192.74
04/01/2024,196.62,"2,032,348",197.4,199.69,196.175
03/28/2024,197.79,"3,119,793",194.04,198.57,193.93
03/27/2024,193.33,"2,410,432",190.68,193.4,189.3805
03/26/2024,188.96,"2,711,470",190.63,191.93,188.76
03/25/2024,190.63,"1,768,709",190.81,192.11,190.43
03/22/2024,193.51,"2,104,330",195.29,195.62,192.55
03/21/2024,195.15,"3,109,230",196.63,198.67,194.3
03/20/2024,194.32,"2,594,336",190.46,194.75,189.95
03/19/2024,190.54,"2,226,816",190.33,191.08,188.1
03/18/2024,191.22,"2,846,715",197.21,198.29,191.12
03/15/2024,195.2,"10,198,230",188.75,195.92,188.75
03/14/2024,194.43,"4,361,924",199.06,199.895,193.535
03/13/2024,198.6,"3,647,563",198.45,199.825,197.42
03/12/2024,199.2,"3,864,629",199.3,199.6,196.525
03/11/2024,198.21,"3,111,005",194.6,198.49,194.6
03/08/2024,195.94,"3,752,627",199.0,199.67,195.575
03/07/2024,198.24,"4,275,258",193.68,199.385,193.68
03/06/2024,191.7,"3,905,461",191.37,194.0,190.39
03/05/2024,189.8,"3,328,464",193.29,195.05,188.89
03/04/2024,194.66,"3,150,660",195.83,196.225,193.7
03/01/2024,196.16,"2,934,748",192.55,197.22,191.62
02/29/2024,191.82,"3,119,254",190.13,192.29,188.7553
02/28/2024,187.76,"1,774,834",187.2,188.65,186.22
02/27/2024,189.07,"1,886,102",189.8,190.365,187.99
02/26/2024,189.01,"2,827,059",191.28,191.49,188.88
02/23/2024,190.11,"3,720,452",193.06,193.06,189.87
02/22/2024,191.91,"5,780,443",197.14,197.34,189.035
02/21/2024,193.72,"5,557,212",190.26,194.29,190.1675
02/20/2024,189.4,"4,600,510",187.25,189.51,186.02
02/16/2024,188.24,"4,353,324",187.59,190.52,186.06
02/15/2024,187.54,"2,811,237",187.78,189.33,186.69
02/14/2024,186.32,"3,780,847",185.91,187.08,184.75
02/13/2024,184.69,"6,800,197",188.16,188.95,183.01
02/12/2024,194.05,"6,264,933",194.68,195.679,192.605
02/09/2024,195.02,"3,183,967",195.53,195.53,193.45
02/08/2024,194.06,"2,594,515",192.97,195.17,191.905
02/07/2024,191.97,"3,500,533",191.83,192.82,188.88
02/06/2024,189.71,"3,991,755",193.21,193.21,189.02
02/05/2024,192.56,"3,193,872",192.79,193.99,190.415
02/02/2024,192.1,"2,948,446",190.33,192.88,189.74
02/01/2024,192.01,"2,628,009",192.11,192.63,188.74
01/31/2024,192.36,"4,125,682",193.51,196.09,191.62
01/30/2024,194.74,"2,479,828",195.83,196.56,193.35
01/29/2024,197.2,"2,766,529",193.94,197.32,192.915
01/26/2024,193.93,"2,379,139",195.32,196.47,193.4707
01/25/2024,197.3,"2,957,271",202.0,202.045,196.96
01/24/2024,198.3,"4,255,541",200.86,202.44,197.86
01/23/2024,201.37,"3,801,095",197.14,201.57,196.89
01/22/2024,197.31,"2,861,798",196.0,197.85,195.47
01/19/2024,194.77,"4,408,441",191.36,195.58,191.04
01/18/2024,189.97,"3,585,619",190.36,190.72,187.71
01/17/2024,185.43,"2,926,027",184.68,185.7,182.88
01/16/2024,187.79,"2,373,528",187.85,189.37,185.45
01/12/2024,188.36,"1,597,134",189.69,190.31,187.415
01/11/2024,188.96,"2,918,888",188.38,189.76,185.73
01/10/2024,188.37,"3,080,387",189.62,189.62,186.35
01/09/2024,189.76,"3,151,706",186.5,190.32,185.89
01/08/2024,188.98,"2,587,199",187.18,189.46,187.01
01/05/2024,186.55,"2,492,221",186.01,187.8,184.98
01/04/2024,186.07,"3,923,546",181.9,186.89,181.805
01/03/2024,188.96,"3,297,410",190.77,191.095,188.66
01/02/2024,193.58,"3,279,249",197.07,197.07,191.51
12/29/2023,198.56,"1,542,376",199.87,200.7,198.09
12/28/2023,200.24,"2,215,518",200.86,201.47,199.71
12/27/2023,199.35,"1,646,252",198.87,199.44,198.08
12/26/2023,198.87,"1,607,098",197.9,199.83,197.535
12/22/2023,197.1,"1,754,596",197.62,199.46,195.73
12/21/2023,196.28,"2,636,834",195.12,197.695,194.77
12/20/2023,192.19,"3,629,555",196.26,197.44,192.06
12/19/2023,197.83,"1,982,047",197.7,198.1,196.69
12/18/2023,196.59,"3,421,059",200.88,201.185,196.16
12/15/2023,200.88,"7,057,483",201.94,202.77,200.02
12/14/2023,200.17,"5,610,167",193.19,200.26,193.19
12/13/2023,192.27,"3,701,842",191.41,193.09,189.66
12/12/2023,190.97,"2,841,269",190.22,191.05,189.12
12/11/2023,190.13,"3,499,464",185.65,191.11,185.555
12/08/2023,184.88,"2,404,187",184.25,186.3,183.81
12/07/2023,184.38,"3,717,624",182.34,185.72,180.37
12/06/2023,180.57,"2,763,443",183.0,183.0,180.17
12/05/2023,180.63,"2,619,996",182.22,182.51,179.63
12/04/2023,183.26,"3,316,148",181.66,183.45,180.18
12/01/2023,183.07,"2,332,946",182.77,183.88,181.16
11/30/2023,183.38,"4,356,178",183.18,183.5,180.76
11/29/2023,182.71,"2,986,577",185.29,186.925,182.53
11/28/2023,183.2,"2,797,886",183.26,184.55,182.34
11/27/2023,183.77,"3,520,213",182.66,184.38,181.43
11/24/2023,183.05,"1,127,071",182.8,183.39,182.205
11/22/2023,182.67,"2,926,365",182.16,184.21,181.44
11/21/2023,181.25,"4,966,113",183.06,184.53,179.44
11/20/2023,183.82,"3,811,769",182.09,184.7,182.09
11/17/2023,183.05,"3,279,033",182.92,183.565,181.115
11/16/2023,179.84,"3,286,917",181.33,181.66,178.66
11/15/2023,180.78,"3,293,229",179.02,182.81,179.02
11/14/2023,177.58,"3,448,660",175.2,178.3,175.0
11/13/2023,170.66,"3,243,689",170.75,171.62,170.095
11/10/2023,172.32,"3,671,019",169.28,172.99,167.835
11/09/2023,167.13,"4,211,531",169.48,170.62,166.78
11/08/2023,168.91,"3,452,021",168.5,170.5,167.5
11/07/2023,168.11,"2,537,434",167.57,169.12,166.94
11/06/2023,167.57,"2,132,958",167.44,168.92,165.59
11/03/2023,167.92,"3,536,680",165.94,169.46,165.94
11/02/2023,164.34,"4,105,940",161.98,165.265,161.64
11/01/2023,159.24,"4,324,798",157.46,159.48,155.47
10/31/2023,157.33,"3,151,764",156.5,157.64,155.16
10/30/2023,155.88,"4,421,382",157.615,158.02,154.99
10/27/2023,160.57,"2,168,924",161.475,162.49,159.8
10/26/2023,160.86,"3,528,299",160.87,163.93,160.68
10/25/2023,159.79,"5,142,266",162.01,162.49,159.0
10/24/2023,164.93,"3,206,341",164.62,165.32,162.85
10/23/2023,163.87,"2,757,538",165.55,167.31,163.65
10/20/2023,166.52,"3,399,633",169.02,169.74,166.01
10/19/2023,168.72,"3,692,841",172.93,173.03,168.225
10/18/2023,171.27,"3,827,229",170.7,172.96,169.715
10/17/2023,172.61,"2,283,646",169.49,174.07,168.73
10/16/2023,172.75,"3,258,985",171.73,173.745,171.5
10/13/2023,171.07,"2,699,879",173.98,174.26,170.03
10/12/2023,173.6,"3,568,967",175.89,176.18,172.22
10/11/2023,174.92,"2,466,860",176.37,177.1,173.235
10/10/2023,175.97,"2,924,545",173.65,177.57,173.47
10/09/2023,173.32,"2,571,944",172.85,173.9,171.43
10/06/2023,173.97,"3,259,876",170.71,175.29,170.13
10/05/2023,172.1,"2,874,595",174.22,174.63,169.89
10/04/2023,173.79,"3,600,963",172.59,174.33,171.72
10/03/2023,171.51,"3,226,098",173.78,176.4,170.49
10/02/2023,175.43,"1,727,172",175.0,176.9,173.69
09/29/2023,175.09,"2,703,852",177.96,178.61,174.13
09/28/2023,176.41,"2,781,796",172.81,177.62,172.26
09/27/2023,172.81,"2,558,263",172.99,174.0,170.65
09/26/2023,172.34,"3,492,540",173.36,173.8199,171.42
09/25/2023,175.43,"2,300,429",174.5,175.5785,173.06
09/22/2023,175.48,"2,839,684",174.99,176.88,174.26
09/21/2023,173.84,"3,781,332",175.4,176.66,173.4
09/20/2023,176.08,"2,606,571",179.02,179.075,175.93
09/19/2023,178.75,"2,852,833",178.2,179.02,176.16
09/18/2023,179.72,"2,733,677",178.1,180.36,177.4
09/15/2023,178.14,"6,062,468",179.41,179.58,177.21
09/14/2023,179.67,"4,135,409",178.25,180.11,175.22
09/13/2023,176.17,"2,269,441",175.91,177.62,175.3
09/12/2023,175.05,"2,862,891",176.5,179.01,175.015
09/11/2023,177.65,"2,768,329",179.54,179.91,175.29
09/08/2023,177.47,"3,182,214",178.4,178.87,176.71
09/07/2023,178.46,"5,562,174",179.94,181.41,177.65
09/06/2023,182.18,"3,382,501",181.54,182.47,178.75
09/05/2023,181.54,"2,488,043",181.42,183.43,180.21
09/01/2023,182.43,"1,879,004",182.6,182.64,180.655
08/31/2023,181.78,"3,362,818",181.57,183.955,180.815
08/30/2023,181.57,"3,081,125",181.68,182.8975,180.4
08/29/2023,182.56,"3,574,793",178.72,183.44,178.11
08/28/2023,180.33,"2,851,802",180.09,181.115,179.24
08/25/2023,178.16,"4,538,867",173.38,179.0,173.38
08/24/2023,173.69,"6,811,262",176.77,178.25,172.95
08/23/2023,177.48,"7,413,455",168.61,178.79,168.54
08/22/2023,176.66,"4,241,724",178.99,179.375,175.36
08/21/2023,177.22,"3,345,978",176.12,177.66,174.22
08/18/2023,175.75,"2,834,631",173.9,176.495,173.415
08/17/2023,175.49,"2,804,245",177.74,178.27,174.63
08/16/2023,177.17,"4,869,115",180.39,180.64,175.7708
08/15/2023,181.32,"1,959,567",182.96,184.1,181.04
08/14/2023,185.39,"2,057,015",183.38,185.62,182.55
08/11/2023,183.21,"2,859,361",183.0,184.45,182.02
08/10/2023,184.71,"2,268,088",187.05,188.95,184.14
08/09/2023,184.81,"2,341,930",186.41,187.495,184.39
08/08/2023,186.61,"2,939,536",187.0,187.355,183.75
08/07/2023,190.1,"2,035,182",190.7,191.37,188.87
08/04/2023,188.35,"3,632,946",189.0,190.26,184.74
08/03/2023,191.49,"3,040,641",190.68,193.235,188.935
08/02/2023,192.46,"3,740,808",198.09,198.155,191.87
08/01/2023,199.48,"1,900,331",197.64,200.0663,196.82
07/31/2023,199.53,"2,091,850",198.735,200.1,198.43
07/28/2023,198.42,"2,884,188",198.29,199.015,196.19
07/27/2023,195.45,"3,474,590",195.5,198.1,193.69
07/26/2023,191.52,"2,793,214",191.93,192.82,189.9
07/25/2023,195.66,"2,958,713",193.0,196.9534,193.0
07/24/2023,192.37,"2,663,777",191.44,193.605,190.65
07/21/2023,191.96,"8,748,388",191.65,193.65,190.72
07/20/2023,189.65,"3,991,032",191.88,193.95,188.76
07/19/2023,195.79,"2,040,830",197.17,197.395,195.305
07/18/2023,196.5,"3,022,883",194.92,196.81,193.82
07/17/2023,196.36,"3,249,112",190.58,197.535,190.58
07/14/2023,191.97,"2,922,341",197.375,197.385,191.49
07/13/2023,198.27,"3,364,559",196.68,199.44,195.91
07/12/2023,195.4,"3,117,722",193.41,196.05,192.575
07/11/2023,190.95,"2,039,664",191.66,192.07,187.5981
07/10/2023,191.05,"3,367,245",185.91,191.09,185.77
07/07/2023,185.31,"3,038,079",186.39,188.655,185.18
07/06/2023,186.19,"4,204,057",186.9,187.96,184.5712
07/05/2023,190.0,"2,693,832",192.43,193.35,189.87
07/03/2023,194.33,"1,367,474",193.9801,196.5499,192.27
06/30/2023,194.81,"3,376,025",190.98,195.36,190.8
06/29/2023,189.48,"2,623,204",189.8,190.66,187.6
06/28/2023,189.9,"3,836,418",190.02,191.16,188.57
06/27/2023,192.38,"3,631,856",186.8,192.605,185.01
06/26/2023,186.34,"3,365,884",187.85,191.63,186.24
06/23/2023,185.94,"5,021,497",184.1,187.09,183.52
06/22/2023,186.11,"2,973,175",183.88,186.37,183.23
06/21/2023,185.44,"2,941,329",186.02,188.26,185.34
06/20/2023,187.98,"2,663,550",187.0,189.0,185.4
06/16/2023,188.36,"6,889,182",190.49,191.78,187.75
06/15/2023,189.66,"3,414,401",190.78,191.885,189.45
06/14/2023,191.89,"4,061,354",192.62,193.97,189.86
06/13/2023,192.37,"3,827,942",190.34,192.54,189.42
06/12/2023,187.66,"3,845,829",185.0,187.96,184.71
06/09/2023,182.46,"3,164,496",183.27,185.89,181.08
06/08/2023,181.68,"2,995,541",181.44,182.54,180.05
06/07/2023,180.37,"4,061,083",178.27,183.36,178.27
06/06/2023,177.97,"3,487,425",173.61,178.72,173.405
06/05/2023,174.98,"3,311,586",179.17,179.34,173.66
06/02/2023,179.8,"3,697,378",181.31,182.0,178.92
06/01/2023,180.41,"4,361,699",179.22,182.195,176.7
05/31/2023,177.69,"7,035,512",175.4,179.995,175.24
05/30/2023,177.43,"5,233,093",178.12,178.84,174.81
05/26/2023,176.53,"6,794,834",172.48,177.735,171.49
05/25/2023,172.39,"9,915,942",166.51,173.94,161.925
05/24/2023,173.2,"10,367,080",171.502,176.63,169.7401
05/23/2023,187.92,"3,864,704",189.79,190.355,187.4
05/22/2023,191.31,"2,494,427",189.91,193.14,189.46
05/19/2023,190.53,"3,598,411",192.26,192.6487,189.76
05/18/2023,192.26,"2,958,954",188.95,193.04,188.37
05/17/2023,187.96,"3,002,245",184.0,188.6,183.145
05/16/2023,182.79,"2,179,522",183.63,185.26,182.59
05/15/2023,184.37,"2,435,842",180.68,184.72,180.275
05/12/2023,180.57,"1,376,889",181.435,182.5474,178.87
05/11/2023,180.59,"2,252,619",180.4,181.09,178.74
05/10/2023,181.43,"3,364,890",181.68,182.29,179.5601
05/09/2023,179.62,"3,353,256",182.53,182.72,178.03
05/08/2023,184.52,"1,936,886",183.79,184.57,181.73
05/05/2023,183.39,"3,672,165",180.64,184.445,179.57
05/04/2023,181.33,"2,308,181",182.0,182.97,180.48
05/03/2023,182.39,"1,788,627",183.42,185.18,182.03
05/02/2023,183.66,"2,710,801",184.44,186.59,182.12
05/01/2023,182.54,"2,573,031",180.745,182.93,180.66
04/28/2023,179.88,"3,167,814",177.64,180.16,176.27
04/27/2023,177.62,"4,621,687",178.53,178.94,171.235
04/26/2023,180.66,"3,603,115",181.23,182.48,179.65
04/25/2023,181.14,"3,474,806",186.13,186.135,181.07
04/24/2023,186.96,"1,782,021",186.34,187.385,185.71
04/21/2023,186.34,"1,975,284",186.25,187.2,184.64
04/20/2023,186.98,"2,807,939",185.57,189.22,183.1
04/19/2023,188.55,"1,556,048",187.89,189.03,187.56
04/18/2023,189.58,"1,745,549",190.92,191.96,188.44
04/17/2023,189.57,"2,095,077",187.66,189.95,187.4
04/14/2023,188.51,"1,988,171",188.13,191.08,187.04
04/13/2023,189.1,"2,020,153",187.3,190.099,186.16
04/12/2023,187.29,"2,085,418",190.8,190.8,187.02
04/11/2023,189.41,"2,336,387",192.22,192.315,189.07
04/10/2023,190.95,"2,573,572",185.63,191.21,185.01
04/06/2023,187.17,"3,010,170",188.74,189.8,186.8201
04/05/2023,190.37,"3,368,265",194.36,194.51,189.05
04/04/2023,195.12,"3,633,602",197.56,198.245,193.79
04/03/2023,196.28,"3,120,753",196.47,197.75,194.26
03/31/2023,197.22,"3,873,013",193.52,197.56,193.25
03/30/2023,194.21,"4,367,130",191.25,195.13,190.89
03/29/2023,189.17,"3,577,774",186.04,190.3,186.035
03/28/2023,183.6,"3,319,876",183.72,184.0,180.875
03/27/2023,184.77,"3,617,000",188.25,188.36,184.48
03/24/2023,187.69,"3,401,812",189.1,189.42,185.66
03/23/2023,189.45,"2,658,351",188.97,192.54,187.06
03/22/2023,186.61,"3,480,989",188.86,191.5,186.35
03/21/2023,188.4,"3,232,914",188.88,189.92,186.0
03/20/2023,187.06,"3,033,511",186.1,187.52,185.12
03/17/2023,185.85,"6,216,495",187.39,188.8,184.465
03/16/2023,186.63,"3,753,764",181.32,187.31,180.2
03/15/2023,182.93,"3,972,728",184.23,185.51,180.34
03/14/2023,186.58,"4,147,371",184.96,188.03,183.99
03/13/2023,182.55,"3,310,234",179.81,184.3,179.08
03/10/2023,181.76,"3,166,910",184.73,185.58,181.33
03/09/2023,183.56,"3,627,273",187.12,188.7903,183.38
03/08/2023,186.57,"3,182,100",186.37,187.45,185.2
03/07/2023,184.94,"2,415,116",186.03,186.9383,183.51
03/06/2023,185.52,"2,664,333",187.32,188.56,185.09
03/03/2023,186.25,"3,112,385",185.31,186.8,182.94
03/02/2023,184.59,"2,906,429",181.13,185.31,179.215
03/01/2023,183.11,"2,600,268",183.86,185.53,182.7
02/28/2023,183.47,"2,644,560",183.0,185.53,182.54
02/27/2023,183.17,"2,769,497",185.58,185.9,182.94
02/24/2023,182.94,"3,178,011",183.28,183.87,181.61
02/23/2023,185.65,"4,501,918",186.98,187.465,183.14
02/22/2023,183.76,"3,512,568",186.68,186.68,182.84
02/21/2023,185.97,"5,117,898",190.63,191.18,185.48
02/17/2023,192.71,"3,774,940",193.09,194.4,191.36
02/16/2023,193.83,"4,481,698",194.555,196.3,192.96
02/15/2023,196.18,"7,456,301",194.34,196.41,191.1
02/14/2023,182.54,"3,784,226",179.07,183.13,178.53
02/13/2023,180.45,"3,975,486",179.38,181.63,178.95
02/10/2023,178.46,"4,003,276",177.14,179.02,176.07
02/09/2023,178.52,"2,983,446",180.75,182.23,177.32
02/08/2023,177.76,"3,520,553",178.65,179.87,177.4
02/07/2023,181.02,"3,531,556",178.39,181.86,177.01
02/06/2023,177.55,"2,916,609",176.99,179.32,176.37
02/03/2023,178.82,"4,005,655",176.93,181.34,176.22
02/02/2023,179.3,"4,206,190",177.86,180.05,176.19
02/01/2023,176.59,"4,200,290",171.33,178.51,171.225
01/31/2023,171.47,"2,549,376",168.93,171.52,168.9
01/30/2023,168.93,"3,135,567",169.1,171.15,168.34
01/27/2023,170.83,"2,453,351",169.07,172.03,168.4
01/26/2023,170.74,"3,539,873",169.94,170.95,166.86
01/25/2023,168.45,"2,739,823",166.62,168.73,164.21
01/24/2023,168.86,"2,407,052",167.91,170.03,167.36
01/23/2023,169.66,"3,521,865",166.54,170.25,165.62
01/20/2023,165.17,"3,841,850",163.82,165.24,161.045
01/19/2023,163.13,"3,082,471",165.56,165.64,162.1
01/18/2023,166.0,"2,627,740",168.53,169.38,165.9
01/17/2023,166.91,"3,320,258",167.91,169.17,166.045
01/13/2023,168.98,"1,891,182",167.5,169.43,166.42
01/12/2023,168.67,"2,478,167",170.02,170.64,167.1601
01/11/2023,169.79,"3,068,956",167.72,170.13,167.31
01/10/2023,169.22,"2,351,912",166.5,169.75,166.5
01/09/2023,167.1,"3,734,105",167.39,169.91,165.68
01/06/2023,165.52,"3,483,405",161.76,166.75,159.93
01/05/2023,159.69,"4,750,292",164.47,165.625,159.58
01/04/2023,165.91,"3,477,922",165.38,167.59,163.76
01/03/2023,162.45,"4,475,744",165.57,166.2,161.44
12/30/2022,164.03,"1,619,445",162.36,164.16,160.76
12/29/2022,163.98,"2,148,909",162.58,164.78,161.5
12/28/2022,160.28,"1,500,055",161.5,163.57,160.06
12/27/2022,162.2,"1,932,072",163.57,163.7,161.15
12/23/2022,163.84,"1,498,283",162.7,164.116,161.25
12/22/2022,163.75,"2,972,024",164.83,164.83,161.06
12/21/2022,167.41,"2,181,351",165.38,167.84,165.22
12/20/2022,164.33,"2,102,308",163.72,165.809,163.56
12/19/2022,165.14,"2,621,804",167.44,167.49,163.75
12/16/2022,166.82,"7,411,868",165.28,167.25,164.07
12/15/2022,166.09,"3,984,957",169.22,169.77,165.49
12/14/2022,171.68,"3,202,492",175.87,176.8505,170.11
12/13/2022,175.49,"4,778,090",178.01,179.95,173.68
12/12/2022,172.26,"2,966,840",169.17,172.34,167.74
12/09/2022,168.68,"2,514,922",168.47,170.36,167.9
12/08/2022,169.65,"2,836,326",167.07,169.8,165.92
12/07/2022,166.01,"1,881,647",166.29,168.48,165.01
12/06/2022,166.51,"3,572,231",167.75,168.45,165.3
12/05/2022,167.84,"2,615,764",167.86,168.9,166.78
12/02/2022,168.63,"3,055,210",167.2,168.79,165.24
12/01/2022,171.48,"3,222,188",173.21,173.21,169.7618
11/30/2022,171.91,"5,396,300",164.555,172.19,162.695
11/29/2022,163.89,"2,685,792",164.76,165.005,162.41
11/28/2022,164.01,"3,910,864",164.89,167.3,162.5367
11/25/2022,167.09,"1,698,649",169.04,169.5,166.98
11/23/2022,169.2,"3,851,895",169.345,173.3,167.7
11/22/2022,168.43,"5,740,000",165.18,168.8493,162.71
11/21/2022,159.24,"6,276,281",161.16,162.01,159.15
11/18/2022,161.85,"4,016,639",163.56,163.88,160.97
11/17/2022,161.47,"2,836,105",158.45,161.69,158.09
11/16/2022,161.27,"3,858,973",161.89,162.11,160.23
11/15/2022,165.17,"4,158,124",167.46,167.86,162.56
11/14/2022,161.26,"4,269,694",163.12,166.81,160.85
11/11/2022,164.06,"3,211,491",159.4,164.89,159.31
11/10/2022,160.37,"5,617,349",155.91,160.76,154.5
11/09/2022,148.23,"3,696,254",149.14,150.835,147.59
11/08/2022,151.04,"4,968,267",151.14,155.6,150.025
11/07/2022,148.93,"3,981,597",145.81,149.19,143.88
11/04/2022,144.29,"5,004,337",142.32,145.4,141.11
11/03/2022,138.02,"3,706,415",139.4,141.01,137.79
11/02/2022,141.24,"3,327,692",145.44,147.81,141.02
11/01/2022,144.7,"2,322,752",145.11,145.91,143.32
10/31/2022,142.62,"3,078,341",143.81,143.8832,140.605
10/28/2022,144.88,"3,482,009",141.5,145.99,141.15
10/27/2022,140.68,"4,666,560",142.49,143.35,140.04
10/26/2022,141.38,"6,726,543",142.77,145.65,140.54
10/25/2022,146.37,"3,644,779",145.06,147.51,144.41
10/24/2022,144.53,"3,334,525",144.98,146.88,142.38
10/21/2022,146.59,"3,612,389",141.93,147.42,140.95
10/20/2022,142.08,"3,341,084",142.44,146.75,141.25
10/19/2022,141.33,"2,465,411",140.76,142.97,139.26
10/18/2022,141.1,"3,280,499",144.64,145.21,139.34
10/17/2022,139.12,"5,039,785",140.05,141.28,137.75
10/14/2022,136.73,"4,970,471",144.62,144.95,136.5
10/13/2022,142.75,"5,040,507",134.7,143.94,133.48
10/12/2022,138.59,"2,541,083",139.03,140.335,138.4
10/11/2022,138.8,"4,735,490",139.66,141.07,136.9604
10/10/2022,140.9,"3,828,747",145.14,145.48,138.91
10/07/2022,144.92,"4,351,218",147.67,148.63,144.13
10/06/2022,150.97,"2,286,462",151.33,153.62,150.72
10/05/2022,151.89,"3,052,031",149.1,152.96,148.84
10/04/2022,150.85,"4,181,915",148.25,151.7493,148.01
10/03/2022,145.13,"4,708,438",141.28,146.61,139.845
09/30/2022,139.34,"3,525,972",140.86,142.63,139.24
09/29/2022,141.99,"3,453,546",142.9,142.9,139.92
09/28/2022,144.58,"3,307,078",140.85,145.35,139.92
09/27/2022,141.81,"2,964,284",142.69,143.93,139.87
09/26/2022,140.82,"4,502,484",142.67,143.74,140.62
09/23/2022,141.92,"4,839,329",143.81,144.375,140.09
09/22/2022,145.34,"3,355,695",147.99,148.33,144.2
09/21/2022,148.44,"3,315,562",149.96,154.0,148.34
09/20/2022,149.78,"2,574,358",148.7,150.51,148.26
09/19/2022,149.61,"2,398,187",148.07,150.39,147.87
09/16/2022,149.31,"4,592,425",146.73,149.48,145.17
09/15/2022,147.87,"3,142,529",149.7,150.759,146.99
09/14/2022,150.25,"2,272,948",149.52,151.29,147.99
09/13/2022,148.25,"4,202,179",151.0,152.2,147.8
09/12/2022,155.65,"3,866,860",155.44,155.85,153.69
09/09/2022,154.18,"2,620,343",152.49,155.2,152.49
09/08/2022,152.13,"2,457,650",149.58,152.84,148.848
09/07/2022,150.7,"2,496,665",149.58,151.81,148.22
09/06/2022,148.23,"2,480,273",148.61,150.07,146.53
09/02/2022,148.63,"2,787,475",151.66,153.25,147.85
09/01/2022,150.69,"3,783,873",148.99,151.04,146.54
08/31/2022,151.53,"3,535,296",153.46,153.46,150.34
08/30/2022,152.73,"3,670,214",156.13,156.26,151.52
08/29/2022,155.19,"3,353,256",156.82,157.85,154.17
08/26/2022,158.67,"4,238,469",166.84,167.48,158.51
08/25/2022,167.07,"2,981,788",164.29,167.25,164.18
08/24/2022,163.65,"3,253,083",163.81,164.85,162.24
08/23/2022,164.41,"2,128,370",163.48,166.29,163.48
08/22/2022,163.84,"3,731,143",165.16,166.28,162.925
08/19/2022,168.0,"3,396,564",168.43,168.8975,167.02
08/18/2022,170.13,"4,513,485",167.73,172.48,165.94
08/17/2022,170.13,"6,158,621",174.0,174.0227,167.1
08/16/2022,179.04,"3,138,229",179.32,179.73,176.81
08/15/2022,179.89,"2,798,528",178.41,180.01,177.43
08/12/2022,179.26,"3,198,431",175.23,179.76,175.23
08/11/2022,174.55,"2,710,043",176.16,178.28,174.23
08/10/2022,175.08,"3,213,637",173.72,175.3,171.22
08/09/2022,170.37,"3,717,659",173.41,173.89,169.035
08/08/2022,175.86,"2,308,710",176.22,177.75,173.78
08/05/2022,177.25,"2,495,266",174.75,177.52,174.1
08/04/2022,176.96,"2,395,134",176.37,177.95,175.14
08/03/2022,176.36,"2,766,485",171.0,176.98,171.0
08/02/2022,170.77,"2,179,638",170.28,172.53,169.61
08/01/2022,171.46,"2,277,237",170.71,172.37,169.44
07/29/2022,171.96,"4,744,443",168.4,172.72,167.71
07/28/2022,169.67,"3,880,217",168.71,170.95,167.3018
07/27/2022,168.33,"4,672,494",163.26,169.625,163.255
07/26/2022,161.78,"3,151,315",163.55,164.265,161.255
07/25/2022,163.04,"3,085,832",162.95,163.15,160.27
07/22/2022,163.27,"2,945,016",165.66,165.66,162.31
07/21/2022,165.19,"2,990,799",164.38,165.24,162.28
07/20/2022,163.12,"3,126,010",159.65,163.72,158.76
07/19/2022,161.45,"3,581,996",156.93,162.0,156.83
07/18/2022,155.25,"2,930,140",158.84,159.39,154.37
07/15/2022,157.97,"3,736,611",153.84,158.28,153.33
07/14/2022,153.31,"3,794,146",148.75,154.155,147.22
07/13/2022,149.19,"2,306,933",145.49,149.97,145.19
07/12/2022,148.05,"2,305,781",148.46,150.18,147.4
07/11/2022,147.56,"2,688,810",148.18,149.2592,146.26
07/08/2022,149.94,"1,997,945",147.4,150.54,145.72
07/07/2022,148.57,"2,742,698",147.71,149.68,147.24
07/06/2022,144.7,"2,708,562",143.64,145.91,142.03
07/05/2022,143.07,"3,792,500",139.9,143.17,138.5
07/01/2022,142.91,"3,175,038",143.935,145.1,140.52
06/30/2022,146.09,"4,158,019",145.45,149.22,143.3
06/29/2022,147.27,"2,586,592",146.91,147.51,144.75
06/28/2022,148.49,"2,786,498",151.41,153.16,148.37
06/27/2022,150.59,"2,048,285",151.1,152.33,149.54
06/24/2022,149.69,"5,108,928",147.59,150.05,147.2
06/23/2022,145.54,"2,946,065",149.02,149.205,143.94
06/22/2022,147.65,"3,720,364",146.95,148.98,145.86
06/21/2022,148.35,"3,085,757",147.33,150.29,147.285
06/17/2022,144.63,"6,724,039",144.02,145.5,141.79
06/16/2022,143.46,"4,722,838",146.36,146.36,141.69
06/15/2022,150.08,"3,263,391",149.17,152.4735,146.73
06/14/2022,147.17,"2,765,034",149.21,150.14,146.05
06/13/2022,147.77,"5,861,619",153.23,154.43,147.33
06/10/2022,156.92,"3,369,913",158.35,160.18,156.81
06/09/2022,161.61,"3,144,770",163.99,167.03,161.51
06/08/2022,165.01,"2,928,881",165.86,167.96,163.93
06/07/2022,166.95,"2,108,004",163.74,167.34,162.84
06/06/2022,165.27,"2,273,830",167.35,168.83,164.56
06/03/2022,165.24,"2,539,151",166.59,166.98,164.81
06/02/2022,169.24,"2,637,725",164.51,169.41,163.68
06/01/2022,164.77,"3,283,648",169.18,169.31,163.32
05/31/2022,168.4,"5,102,506",166.9,169.59,163.59
05/27/2022,167.55,"4,942,359",165.49,168.16,164.17
05/26/2022,164.0,"3,820,055",162.36,165.89,161.405
05/25/2022,162.32,"2,500,281",160.47,163.24,159.34
05/24/2022,161.85,"3,172,157",159.88,163.25,158.81
05/23/2022,161.55,"2,291,112",161.62,163.5,159.88
05/20/2022,162.44,"3,977,616",163.6,165.16,156.72
05/19/2022,160.94,"3,812,610",160.85,164.17,159.08
05/18/2022,159.92,"5,684,642",166.33,166.33,159.24
05/17/2022,163.84,"4,952,192",160.99,164.38,160.62
05/16/2022,157.44,"2,328,409",157.23,159.18,155.58
05/13/2022,158.74,"4,783,360",155.04,159.7,153.88
05/12/2022,152.89,"3,117,744",151.04,153.68,149.97
05/11/2022,151.99,"3,861,709",153.43,157.31,151.75
05/10/2022,155.22,"3,157,804",155.94,158.515,152.65
05/09/2022,152.25,"4,123,127",154.2,156.03,151.78
05/06/2022,156.13,"2,710,543",156.55,158.77,154.35
05/05/2022,158.24,"3,961,527",162.02,163.37,156.51
05/04/2022,164.77,"3,940,380",158.68,164.92,154.265
05/03/2022,158.87,"2,442,017",157.88,159.71,156.51
05/02/2022,158.15,"2,865,903",155.34,158.5373,152.79
04/29/2022,154.38,"4,835,835",158.04,159.72,154.24
04/28/2022,160.45,"4,155,950",154.13,162.27,153.725
04/27/2022,151.72,"3,077,286",150.0,155.73,149.68
04/26/2022,152.81,"3,661,201",156.93,157.32,152.74
04/25/2022,158.92,"4,487,466",154.19,159.15,153.76
04/22/2022,155.25,"2,640,542",157.98,159.625,155.17
04/21/2022,158.71,"3,555,165",162.5,164.68,157.965
04/20/2022,161.38,"2,582,383",164.46,165.56,160.535
04/19/2022,162.32,"2,674,781",160.34,162.8,158.61
04/18/2022,160.34,"2,728,489",156.28,161.25,156.17
04/14/2022,156.5,"5,228,659",158.37,159.86,156.29
04/13/2022,158.12,"2,335,214",156.72,158.96,155.21
04/12/2022,155.5,"2,580,012",157.33,159.56,154.99
04/11/2022,154.89,"3,693,723",157.67,158.09,154.69
04/08/2022,158.74,"3,025,053",160.46,161.01,158.4
04/07/2022,161.25,"3,161,761",159.27,162.91,159.14
04/06/2022,160.28,"6,036,030",157.42,164.28,157.2717
04/05/2022,159.98,"7,223,807",162.51,163.515,155.87
04/04/2022,164.5,"4,160,753",165.17,165.95,161.72
04/01/2022,165.36,"2,940,959",166.5,167.14,162.85
03/31/2022,165.18,"3,881,584",166.96,167.94,165.08
03/30/2022,166.48,"2,689,136",168.78,170.0,165.78
03/29/2022,170.18,"3,127,723",169.05,171.56,167.73
03/28/2022,167.26,"2,745,255",164.18,167.45,163.35
03/25/2022,165.63,"2,236,404",165.06,165.92,162.8578
03/24/2022,164.96,"3,152,290",160.82,165.06,159.86
03/23/2022,159.14,"3,409,911",163.38,164.3081,158.79
03/22/2022,164.77,"2,568,449",163.79,166.49,163.42
03/21/2022,164.22,"3,258,939",161.8,164.74,161.47
03/18/2022,163.45,"9,901,871",158.56,163.94,157.085
03/17/2022,159.98,"4,272,372",156.87,160.05,155.76
03/16/2022,158.57,"4,376,224",153.09,158.75,152.53
03/15/2022,150.92,"3,309,941",147.32,151.46,146.405
03/14/2022,145.63,"3,910,529",147.52,148.84,143.81
03/11/2022,147.6,"3,964,265",153.2,153.7834,147.29
03/10/2022,150.56,"4,035,714",150.85,151.79,147.85
03/09/2022,153.62,"3,046,254",153.09,155.06,151.3
03/08/2022,148.52,"4,745,205",146.02,152.78,143.85
03/07/2022,146.28,"5,701,277",157.02,157.34,146.21
03/04/2022,156.85,"2,778,580",157.68,159.2672,155.75
03/03/2022,159.28,"2,656,102",161.46,161.7,156.97
03/02/2022,159.82,"2,578,681",157.47,161.53,157.11
03/01/2022,156.95,"3,761,795",159.53,160.75,155.55
02/28/2022,160.29,"3,606,877",161.33,161.33,157.24
02/25/2022,162.12,"2,741,570",159.88,162.18,157.67
02/24/2022,159.79,"4,152,212",154.33,160.0,152.025
02/23/2022,156.49,"5,087,047",162.07,163.5,156.17
02/22/2022,160.88,"4,269,603",158.9,162.88,158.29
02/18/2022,160.36,"3,921,632",161.11,162.7,158.57
02/17/2022,160.43,"4,702,670",166.13,166.27,160.33
02/16/2022,168.34,"5,825,415",161.89,168.89,161.57
02/15/2022,162.04,"4,911,123",157.27,162.34,157.1
02/14/2022,153.98,"4,501,654",154.92,157.09,151.52
02/11/2022,153.9,"5,455,499",161.96,163.2761,153.08
02/10/2022,161.67,"3,462,561",163.82,168.33,161.03
02/09/2022,168.21,"3,207,883",165.38,168.34,163.48
02/08/2022,163.13,"3,173,242",160.93,163.68,160.4
02/07/2022,160.82,"2,443,478",161.08,163.25,160.3
02/04/2022,161.03,"5,174,417",160.15,162.38,156.77
02/03/2022,162.02,"4,452,216",165.64,167.62,161.57
02/02/2022,168.91,"2,824,541",165.43,169.43,164.9
02/01/2022,165.37,"3,037,959",164.1,165.5,161.05
01/31/2022,163.97,"4,504,896",158.32,164.23,157.21
01/28/2022,158.63,"3,839,703",154.12,158.71,151.18
01/27/2022,154.59,"4,692,490",162.6,163.75,154.04
01/26/2022,159.77,"5,849,987",159.0,165.1,157.34
01/25/2022,155.77,"4,064,160",157.39,159.589,155.42
01/24/2022,161.44,"6,665,173",159.01,161.72,151.465
01/21/2022,159.52,"5,547,465",158.82,162.68,156.96
01/20/2022,158.63,"4,021,403",163.82,164.76,158.6
01/19/2022,163.06,"3,736,603",167.1,168.785,162.97
01/18/2022,166.5,"4,164,172",168.69,170.12,166.17
01/14/2022,172.0,"2,869,639",168.4148,172.12,168.0917
01/13/2022,169.78,"3,953,981",175.61,176.27,169.24
01/12/2022,173.75,"1,993,426",175.39,175.39,171.97
01/11/2022,173.63,"3,789,327",168.77,174.03,168.46
01/10/2022,170.4,"6,017,128",168.115,170.725,165.38
01/07/2022,168.84,"6,747,542",173.1013,173.76,166.0043
01/06/2022,173.39,"3,584,642",173.1,174.96,172.0433
01/05/2022,172.84,"3,655,308",175.321,177.18,172.73
01/04/2022,175.55,"3,889,255",177.68,179.52,174.12
01/03/2022,177.15,"2,667,456",175.17,177.595,174.75
12/31/2021,175.77,"1,917,165",174.75,176.66,174.58
12/30/2021,174.78,"1,638,634",176.0,176.96,174.47
12/29/2021,175.52,"1,685,487",174.53,176.5479,174.53
12/28/2021,174.38,"1,634,793",176.42,176.79,174.03
12/27/2021,175.47,"2,135,070",173.01,175.53,173.01
12/23/2021,172.66,"2,026,190",172.8,174.44,172.57
12/22/2021,172.29,"2,025,517",171.65,172.6248,170.975
12/21/2021,172.08,"3,018,106",170.115,172.34,168.93
12/20/2021,168.32,"4,087,481",166.835,169.12,166.35
12/17/2021,170.11,"7,672,485",171.12,172.42,169.04
12/16/2021,172.6,"4,817,272",180.15,180.8,172.16
12/15/2021,179.53,"3,598,688",177.61,179.68,174.14
12/14/2021,176.28,"3,771,060",176.95,178.24,173.59
12/13/2021,178.47,"4,457,746",183.45,184.655,178.22
12/10/2021,183.43,"2,570,895",186.41,186.5,181.13
12/09/2021,183.68,"3,457,826",184.93,187.66,183.48
12/08/2021,186.26,"3,167,984",185.76,186.52,184.33
12/07/2021,186.64,"4,850,057",183.67,187.69,183.59
12/06/2021,181.06,"3,938,206",182.32,182.67,176.19
12/03/2021,180.79,"2,958,663",182.97,183.95,178.71
12/02/2021,180.63,"3,795,551",180.0,182.53,178.0
12/01/2021,180.84,"4,831,375",182.28,188.195,180.65
11/30/2021,180.25,"4,561,777",182.61,184.26,178.91
11/29/2021,183.2,"4,374,848",180.54,183.69,178.45
11/26/2021,178.0,"2,539,089",179.0,180.41,176.78
11/24/2021,182.47,"2,914,821",181.45,182.51,179.67
11/23/2021,182.45,"4,976,419",186.25,188.0,180.23
11/22/2021,185.5,"5,229,001",190.0,191.95,185.36
11/19/2021,188.8,"3,299,833",188.09,190.0,187.72
11/18/2021,188.09,"2,091,871",188.1,188.69,185.99
11/17/2021,187.04,"2,242,418",188.03,188.1,185.54
11/16/2021,187.67,"2,126,290",184.58,187.85,184.5
11/15/2021,185.06,"1,337,191",185.72,185.72,183.74
11/12/2021,184.79,"1,847,639",183.57,185.7,181.55
11/11/2021,183.1,"1,703,264",183.23,183.37,180.43
11/10/2021,180.86,"2,735,548",183.0,185.5,180.04
11/09/2021,185.0,"2,508,484",184.319,185.89,182.816
11/08/2021,184.46,"2,582,310",183.47,185.94,183.36
11/05/2021,184.18,"3,415,692",183.75,186.1,182.195
11/04/2021,180.73,"5,252,671",179.0,180.96,176.25
11/03/2021,178.8,"1,997,741",177.42,179.27,175.87
11/02/2021,177.94,"2,405,875",174.99,178.25,174.7
11/01/2021,174.99,"2,180,710",173.18,175.245,172.9135
10/29/2021,173.49,"3,137,367",171.4,173.86,170.59
10/28/2021,172.46,"2,781,100",172.26,174.35,171.53
10/27/2021,170.46,"6,263,894",174.11,175.0,170.0
10/26/2021,179.88,"2,209,197",181.97,182.386,179.64
10/25/2021,180.52,"2,498,205",178.58,181.1,178.42
10/22/2021,178.42,"3,074,268",179.24,180.77,177.68
10/21/2021,178.81,"2,743,999",176.66,179.05,176.14
10/20/2021,176.92,"3,025,789",176.91,177.86,175.92
10/19/2021,176.63,"3,336,706",173.74,176.75,172.55
10/18/2021,173.33,"2,541,462",170.38,173.66,169.72
10/15/2021,172.04,"2,887,018",170.03,172.1,169.715
10/14/2021,168.2,"5,043,330",166.52,168.6,166.13
10/13/2021,164.35,"3,416,601",165.96,166.71,163.57
10/12/2021,164.02,"3,018,047",168.51,169.57,163.82
10/11/2021,167.9,"1,964,892",168.12,171.54,167.8
10/08/2021,168.62,"3,145,920",168.48,168.95,166.68
10/07/2021,166.98,"2,174,098",167.43,169.29,166.735
10/06/2021,166.05,"2,753,976",163.78,166.27,163.14
10/05/2021,165.37,"2,899,064",165.24,166.725,163.96
10/04/2021,164.26,"5,377,545",166.74,167.7,163.65
10/01/2021,167.37,"3,549,208",167.83,168.88,164.76
09/30/2021,167.48,"4,820,634",170.36,171.26,167.36
09/29/2021,168.84,"3,498,449",170.54,171.83,168.12
09/28/2021,171.29,"5,493,955",172.275,174.8771,171.18
09/27/2021,176.91,"4,497,221",177.27,178.128,175.6
09/24/2021,178.53,"2,393,400",176.55,178.84,175.84
09/23/2021,177.23,"3,391,930",174.5,177.79,174.15
09/22/2021,173.85,"3,484,536",172.0,174.26,171.23
09/21/2021,170.57,"4,011,364",170.82,171.64,168.24
09/20/2021,169.48,"10,189,660",170.1,170.76,167.03
09/17/2021,171.52,"13,056,380",171.4,173.015,170.29
09/16/2021,173.21,"4,582,749",172.43,174.46,172.43
09/15/2021,174.08,"4,498,520",173.94,174.46,172.08
09/14/2021,173.47,"5,335,497",173.54,174.1,171.54
09/13/2021,172.81,"7,431,688",171.59,173.14,170.295
09/10/2021,169.94,"4,280,896",169.6,172.09,169.55
09/09/2021,168.81,"7,601,831",163.27,170.13,163.27
09/08/2021,163.67,"4,620,111",163.705,165.67,162.4
09/07/2021,163.27,"5,132,140",162.66,163.74,162.145
09/03/2021,162.44,"2,385,601",162.52,163.495,161.735
09/02/2021,162.62,"4,514,740",162.13,162.94,161.222
09/01/2021,161.11,"6,513,639",163.77,164.2,161.04
08/31/2021,162.95,"9,136,562",166.15,166.52,161.34
08/30/2021,166.98,"4,901,685",166.965,168.27,166.65
08/27/2021,166.48,"9,136,163",167.3,169.81,166.17
08/26/2021,167.36,"7,306,498",165.0,168.48,163.69
08/25/2021,164.0,"19,156,430",166.11,167.93,163.08
08/24/2021,165.85,"8,137,035",169.84,170.36,164.75
08/23/2021,169.63,"13,465,560",170.24,172.8,166.06
08/20/2021,166.64,"2,912,992",166.87,168.18,165.07
08/19/2021,166.79,"3,451,106",165.12,166.97,163.55
08/18/2021,165.78,"5,452,773",164.9,168.04,161.285
08/17/2021,166.3,"4,592,955",170.14,170.14,165.66
08/16/2021,171.07,"2,163,205",169.63,171.56,169.47
08/13/2021,170.08,"2,040,679",169.35,170.77,168.39
08/12/2021,168.58,"2,562,085",169.5,169.71,166.56
08/11/2021,170.46,"1,946,436",172.04,172.088,168.68
08/10/2021,171.0,"1,943,813",171.31,171.635,169.0
08/09/2021,171.31,"2,580,792",171.06,172.53,169.385
08/06/2021,171.13,"3,164,228",168.83,171.89,168.37
08/05/2021,169.93,"3,468,277",173.56,173.77,168.83
08/04/2021,172.58,"10,201,140",168.74,175.25,168.6
08/03/2021,168.68,"3,271,214",168.37,169.02,165.59
08/02/2021,167.62,"2,822,043",168.64,171.33,167.37
07/30/2021,167.42,"2,678,831",165.58,168.2,165.14
07/29/2021,166.54,"3,164,703",164.78,167.16,164.54
07/28/2021,164.04,"3,632,425",163.32,164.65,162.84
07/27/2021,162.59,"4,077,740",163.51,163.75,159.54
07/26/2021,163.9,"1,733,633",161.27,164.34,161.27
07/23/2021,163.55,"2,178,752",163.23,163.84,161.67
07/22/2021,162.02,"3,251,020",162.26,163.03,160.83
07/21/2021,164.84,"2,076,338",161.29,164.84,160.78
07/20/2021,160.91,"2,831,099",159.34,161.81,157.92
07/19/2021,158.98,"2,772,010",158.72,159.61,156.55
07/16/2021,160.44,"2,284,134",163.99,164.75,160.26
07/15/2021,163.66,"3,505,929",165.91,165.91,162.32
07/14/2021,166.16,"2,012,798",168.67,170.0,165.87
07/13/2021,167.26,"2,127,156",167.02,168.36,165.975
07/12/2021,167.55,"2,073,979",166.52,167.62,165.67
07/09/2021,166.27,"2,346,298",163.96,166.61,162.74
07/08/2021,163.91,"3,152,523",162.31,164.3,160.18
07/07/2021,165.43,"4,204,667",169.27,169.43,164.64
07/06/2021,168.32,"2,293,457",171.53,171.53,166.75
07/02/2021,170.67,"1,563,454",170.29,171.229,169.63
07/01/2021,169.17,"2,865,052",172.03,172.09,168.89
06/30/2021,172.16,"2,954,397",171.15,172.45,170.2
06/29/2021,171.4,"2,121,396",170.28,171.84,169.9
06/28/2021,170.57,"2,265,927",168.94,171.16,168.44
06/25/2021,167.66,"2,959,516",167.526,169.47,167.07
06/24/2021,167.04,"2,059,924",166.2,167.27,165.24
06/23/2021,163.63,"2,256,995",163.63,164.93,163.0
06/22/2021,163.67,"2,983,838",163.545,164.2,162.431
06/21/2021,164.15,"2,973,158",162.57,164.31,162.18
06/18/2021,162.19,"3,936,524",165.34,165.34,161.47
06/17/2021,166.22,"2,391,617",166.022,168.22,165.09
06/16/2021,166.02,"2,361,118",168.06,168.63,164.4498
06/15/2021,167.62,"2,377,983",168.43,168.925,167.09
06/14/2021,168.44,"2,755,523",167.77,168.44,165.78
06/11/2021,167.6,"2,383,314",167.69,167.74,166.44
06/10/2021,167.34,"2,905,837",167.19,167.87,164.69
06/09/2021,166.37,"3,245,417",165.42,166.91,164.94
06/08/2021,164.91,"2,437,121",166.51,166.51,163.24
06/07/2021,164.48,"1,999,197",164.66,165.57,164.01
06/04/2021,165.58,"2,443,209",162.39,166.15,162.39
06/03/2021,162.07,"2,553,781",161.635,163.73,161.02
06/02/2021,164.5,"2,071,817",163.86,165.32,163.36
06/01/2021,163.69,"2,981,969",163.76,166.32,162.17
05/28/2021,164.6,"2,750,191",163.73,165.6201,163.08
05/27/2021,163.21,"3,469,163",163.19,165.35,162.94
05/26/2021,163.88,"4,016,350",163.72,165.16,162.67
05/25/2021,163.72,"3,327,324",164.31,165.17,162.69
05/24/2021,162.51,"3,434,677",160.99,162.985,160.73
05/21/2021,159.36,"3,526,671",159.69,160.77,158.98
05/20/2021,159.47,"5,986,511",155.37,161.2,154.87
05/19/2021,153.12,"7,066,133",145.79,153.33,144.07
05/18/2021,145.89,"4,223,019",149.61,149.79,145.81
05/17/2021,148.1,"5,079,834",148.365,148.822,145.83
05/14/2021,149.61,"4,852,092",147.99,150.77,146.63
05/13/2021,146.63,"4,053,239",147.61,149.33,145.62
05/12/2021,146.05,"4,732,995",147.4,149.01,145.65
05/11/2021,150.84,"4,643,144",148.34,152.085,147.85
05/10/2021,150.79,"4,132,404",156.83,157.17,150.76
05/07/2021,157.26,"2,706,596",156.67,158.35,156.02
05/06/2021,155.42,"4,775,190",153.99,156.48,152.86
05/05/2021,153.93,"4,415,443",153.28,155.22,152.3
05/04/2021,151.91,"3,849,712",150.0,152.0,148.55
05/03/2021,151.32,"3,265,463",154.0,154.18,150.695
04/30/2021,153.16,"4,035,021",155.54,156.305,152.57
04/29/2021,158.01,"5,833,014",156.54,158.11,154.01
04/28/2021,156.06,"3,304,556",158.5,158.76,155.035
04/27/2021,159.55,"3,232,502",161.34,161.92,159.47
04/26/2021,160.64,"2,705,503",158.63,161.9,158.27
04/23/2021,159.02,"3,415,473",156.7,159.97,156.11
04/22/2021,155.37,"2,487,856",157.27,158.13,154.91
04/21/2021,158.29,"2,713,111",155.49,158.34,154.12
04/20/2021,154.47,"2,339,678",154.9,156.26,153.57
04/19/2021,156.91,"3,405,026",158.48,159.0,155.7
04/16/2021,159.51,"1,862,017",160.99,161.33,159.14
04/15/2021,160.71,"1,816,032",160.0,161.32,158.69
04/14/2021,158.46,"1,596,398",157.71,160.63,157.65
04/13/2021,159.16,"1,704,620",160.55,160.95,157.36
04/12/2021,159.73,"2,026,743",160.64,160.89,158.96
04/09/2021,161.24,"2,250,494",160.8,161.97,160.17
04/08/2021,162.12,"2,599,546",161.62,162.23,159.5
04/07/2021,159.45,"2,062,824",161.68,161.98,158.63
04/06/2021,161.71,"2,422,061",162.3,163.09,159.76
04/05/2021,163.49,"2,628,373",162.16,163.9016,160.6
04/01/2021,160.38,"3,345,796",157.38,160.49,156.88
03/31/2021,155.08,"3,457,075",154.22,156.11,153.61
03/30/2021,152.61,"2,114,094",152.15,153.43,151.5
03/29/2021,153.85,"2,751,718",155.03,156.21,152.02
03/26/2021,157.11,"3,686,203",148.42,157.37,148.0
03/25/2021,149.9,"2,725,303",148.44,150.91,146.51
03/24/2021,150.44,"2,792,999",152.34,153.97,150.2
03/23/2021,150.49,"2,505,424",154.59,154.97,149.63
03/22/2021,154.5,"3,321,634",153.22,156.32,153.22
03/19/2021,151.91,"4,624,903",149.4,153.21,147.74
03/18/2021,149.45,"3,853,407",151.35,153.28,149.28
03/17/2021,154.16,"2,852,783",150.42,154.865,150.07
03/16/2021,153.08,"2,324,553",152.337,154.51,151.94
03/15/2021,151.0,"2,113,191",149.62,151.11,147.96
03/12/2021,149.54,"3,658,533",148.6,149.83,147.55
03/11/2021,151.03,"4,462,146",150.35,152.12,149.99
03/10/2021,147.11,"3,137,413",151.33,151.52,147.09
03/09/2021,149.43,"5,203,369",148.73,151.11,148.17
03/08/2021,144.06,"3,996,375",147.77,149.56,143.77
03/05/2021,148.88,"4,040,153",149.0,149.62,143.39
03/04/2021,144.52,"4,870,042",149.19,149.59,142.25
03/03/2021,149.94,"2,665,947",153.17,155.0,149.52
03/02/2021,154.29,"3,016,494",159.41,159.41,154.03
03/01/2021,158.59,"3,385,690",157.08,158.78,155.03
02/26/2021,155.82,"5,574,151",156.56,157.75,152.26
02/25/2021,153.68,"3,282,579",158.7,160.15,153.29
02/24/2021,161.76,"2,748,906",156.52,161.92,155.16
02/23/2021,157.7,"3,022,283",157.36,158.67,153.31
02/22/2021,159.24,"3,510,227",162.31,163.4125,158.47
02/19/2021,163.8,"2,944,031",160.63,164.4,160.0
02/18/2021,158.09,"3,808,456",157.94,158.77,155.66
02/17/2021,159.75,"3,815,946",157.15,162.11,155.0
02/16/2021,160.49,"3,172,413",162.85,163.95,160.36
02/12/2021,160.78,"2,387,914",158.99,161.4,157.91
02/11/2021,158.8,"2,981,585",154.61,159.015,154.61
02/10/2021,153.23,"1,761,840",154.7,154.79,151.6
02/09/2021,152.85,"1,689,291",152.7,153.51,151.7325
02/08/2021,153.2,"2,296,013",150.16,153.3,148.76
02/05/2021,148.76,"2,169,328",151.72,151.93,148.61
02/04/2021,150.52,"2,027,583",147.83,150.65,147.0
02/03/2021,147.58,"2,703,592",152.0,152.41,147.46
02/02/2021,151.87,"2,536,652",153.02,154.25,150.9875
02/01/2021,151.88,"2,958,608",148.34,152.26,147.325
01/29/2021,147.33,"3,512,758",148.58,149.53,146.65
01/28/2021,149.21,"4,351,965",150.37,151.86,148.448
01/27/2021,147.48,"5,644,562",151.09,152.82,146.749
01/26/2021,154.94,"2,329,108",153.93,155.53,152.0343
01/25/2021,153.72,"3,697,109",157.0,157.29,152.49
01/22/2021,155.58,"3,147,156",157.73,158.9425,155.42
01/21/2021,159.29,"2,469,486",160.61,160.93,157.56
01/20/2021,159.83,"2,296,226",161.43,162.98,159.58
01/19/2021,160.54,"2,992,073",158.455,160.97,158.3
01/15/2021,157.75,"2,338,013",158.03,159.06,155.53
01/14/2021,159.46,"2,028,093",159.18,160.815,159.18
01/13/2021,158.48,"2,622,851",160.0,161.78,158.15
01/12/2021,159.09,"2,573,826",157.01,159.34,156.52
01/11/2021,158.3,"2,609,994",156.13,159.2,155.0104
01/08/2021,156.74,"4,204,960",156.02,159.81,155.82
01/07/2021,155.61,"2,661,268",151.83,156.21,151.14
01/06/2021,149.3,"2,498,159",147.73,152.29,147.11
01/05/2021,148.63,"1,513,687",145.77,148.67,145.1407
01/04/2021,146.02,"2,496,642",148.45,150.545,144.62
12/31/2020,147.73,"1,626,778",146.5,147.83,145.7
12/30/2020,146.18,"1,138,772",144.65,146.61,144.5
12/29/2020,143.66,"1,130,938",145.18,145.24,142.74
12/28/2020,144.68,"1,630,801",146.41,147.48,144.44
12/24/2020,144.47,"466,385",144.11,144.48,143.01
12/23/2020,143.22,"2,200,941",144.8,145.62,143.08
12/22/2020,144.28,"2,163,678",142.73,144.68,142.67
12/21/2020,142.59,"1,827,363",141.73,143.39,141.31
12/18/2020,144.56,"4,230,799",144.38,145.0,143.44
12/17/2020,143.78,"2,354,186",143.55,143.87,142.61
12/16/2020,142.8,"1,583,312",144.76,144.76,141.57
12/15/2020,144.06,"2,554,459",145.26,145.26,143.49
12/14/2020,142.33,"2,214,406",142.06,143.93,141.655
12/11/2020,141.15,"3,215,957",140.04,142.055,139.49
12/10/2020,141.28,"2,704,351",140.57,142.67,140.14
12/09/2020,141.78,"3,019,527",145.4,146.3075,140.91
12/08/2020,146.13,"2,837,482",143.25,146.31,143.21
12/07/2020,143.71,"1,734,467",144.68,144.68,142.5
12/04/2020,143.97,"3,349,071",139.75,144.14,139.21
12/03/2020,139.75,"1,734,072",140.58,141.4225,139.33
12/02/2020,140.66,"2,193,004",140.71,141.64,140.07
12/01/2020,140.73,"3,161,120",140.0,141.91,138.81
11/30/2020,139.08,"3,010,588",137.65,139.3241,137.1
11/27/2020,137.75,"1,305,724",138.12,138.55,137.235
11/25/2020,135.95,"2,040,208",136.61,137.95,134.9601
11/24/2020,136.89,"4,678,146",137.69,137.92,132.84
11/23/2020,137.07,"2,884,170",135.28,137.34,135.18
11/20/2020,134.88,"2,295,742",136.62,136.91,134.68
11/19/2020,136.17,"2,473,972",131.66,136.23,131.5
11/18/2020,133.23,"2,359,399",135.95,136.51,132.97
11/17/2020,135.87,"2,978,125",136.99,137.455,135.15
11/16/2020,138.01,"3,433,233",137.78,140.17,136.81
11/13/2020,136.27,"2,220,393",137.43,137.93,135.68
11/12/2020,135.48,"2,013,556",137.35,137.69,134.39
11/11/2020,137.38,"2,515,248",135.56,138.64,135.56
11/10/2020,134.78,"4,742,619",135.0,136.86,133.9
11/09/2020,135.82,"5,151,081",138.56,140.38,135.7
11/06/2020,133.5,"3,814,632",130.98,133.78,130.0
11/05/2020,130.4,"3,753,271",127.45,130.95,126.86
11/04/2020,125.94,"3,765,494",122.39,126.38,121.02
11/03/2020,119.75,"2,549,906",119.5,121.305,119.27
11/02/2020,118.48,"2,445,333",120.14,120.14,117.62
10/30/2020,118.53,"3,099,150",117.31,118.66,116.33
10/29/2020,118.48,"2,680,256",116.23,119.45,115.639
10/28/2020,116.47,"3,387,212",118.9,119.54,116.2
10/27/2020,120.29,"2,475,120",121.59,122.2,120.23
10/26/2020,121.13,"2,186,233",123.38,123.65,119.81
10/23/2020,124.2,"2,304,076",125.22,125.645,123.45
10/22/2020,124.75,"2,070,506",124.56,125.14,122.92
10/21/2020,124.76,"3,992,787",124.08,125.81,123.0
10/20/2020,123.62,"2,898,904",122.96,124.52,122.49
10/19/2020,122.61,"2,390,888",124.62,125.26,122.325
10/16/2020,123.64,"2,232,510",124.75,125.82,123.54
10/15/2020,123.98,"2,033,103",121.44,124.56,120.9
10/14/2020,123.04,"1,494,931",123.71,124.19,122.49
10/13/2020,123.59,"2,439,601",126.35,126.49,123.32
10/12/2020,126.11,"3,053,145",124.72,126.32,124.01
10/09/2020,123.33,"3,984,732",122.33,124.41,121.76
10/08/2020,120.34,"3,993,053",119.93,121.1,119.29
10/07/2020,118.67,"4,256,028",117.1,118.98,115.79
10/06/2020,115.54,"3,773,013",115.96,118.93,115.025
10/05/2020,116.6,"4,413,996",115.36,116.69,114.965
10/02/2020,114.01,"3,172,657",116.5,117.95,114.0
10/01/2020,118.99,"3,092,908",118.98,119.64,117.37
09/30/2020,116.74,"3,185,085",116.71,118.25,116.21
09/29/2020,116.65,"2,303,840",115.99,117.94,115.84
09/28/2020,117.06,"2,071,681",115.32,117.07,114.765
09/25/2020,113.48,"2,293,652",111.77,113.66,110.66
09/24/2020,112.68,"2,255,466",111.99,114.32,111.46
09/23/2020,112.5,"3,149,787",114.89,115.63,112.18
09/22/2020,114.7,"2,220,076",114.14,114.75,112.905
09/21/2020,113.93,"3,282,543",112.97,114.04,111.88
09/18/2020,114.91,"5,849,921",116.04,116.3,114.09
09/17/2020,115.49,"2,537,835",112.81,115.63,112.599
09/16/2020,115.56,"2,476,790",117.01,117.73,115.44
09/15/2020,116.06,"2,237,271",115.52,116.98,115.15
09/14/2020,114.62,"2,350,918",115.78,115.78,113.69
09/11/2020,113.8,"2,361,878",115.12,115.79,112.5
09/10/2020,114.27,"2,403,914",115.81,116.85,113.67
09/09/2020,115.46,"3,698,529",114.96,116.245,114.21
09/08/2020,112.93,"5,379,056",114.39,116.24,112.8
09/04/2020,117.44,"3,766,435",117.11,118.385,114.25
09/03/2020,117.12,"5,880,259",121.35,121.36,116.76
09/02/2020,121.83,"5,158,073",119.13,122.52,118.75
09/01/2020,118.76,"2,787,316",117.79,118.87,116.86
08/31/2020,116.88,"2,948,174",118.75,118.98,116.8
08/28/2020,119.58,"2,123,116",119.13,119.62,118.29
08/27/2020,119.04,"3,055,446",120.95,120.97,117.95
08/26/2020,120.51,"3,462,986",119.91,121.25,118.98
08/25/2020,119.9,"3,007,009",117.4,119.995,117.4
08/24/2020,117.23,"2,292,302",117.21,117.54,116.22
08/21/2020,116.02,"3,055,989",117.07,117.23,115.74
08/20/2020,117.45,"2,866,941",117.72,118.5,116.64
08/19/2020,118.15,"4,722,421",118.5,119.47,117.5107
08/18/2020,117.88,"5,718,013",118.01,118.69,117.19
08/17/2020,117.44,"2,592,572",118.43,118.4984,117.25
08/14/2020,117.18,"2,079,793",118.57,119.06,117.07
08/13/2020,118.11,"2,894,421",118.245,119.135,117.55
08/12/2020,119.22,"3,601,929",117.2,119.57,116.75
08/11/2020,116.56,"4,316,085",117.32,119.43,116.33
08/10/2020,116.76,"3,412,081",116.24,117.31,115.46
08/07/2020,116.32,"2,110,808",116.87,117.3,115.52
08/06/2020,116.74,"2,299,225",116.11,117.15,115.07
08/05/2020,116.17,"3,115,198",116.58,116.74,114.93
08/04/2020,117.18,"3,310,260",116.37,118.04,116.12
08/03/2020,116.57,"3,068,195",115.87,116.81,115.11
07/31/2020,114.85,"3,293,277",116.53,116.53,113.37
07/30/2020,116.3,"3,164,097",114.74,116.56,114.17
07/29/2020,117.53,"3,944,438",115.96,117.755,115.61
07/28/2020,115.43,"4,393,650",114.77,115.99,113.77
07/27/2020,115.8,"3,977,538",113.12,116.08,112.91
07/24/2020,112.21,"3,736,051",110.99,113.965,110.84
07/23/2020,111.94,"4,216,251",113.56,113.99,110.47
07/22/2020,113.88,"4,271,267",114.64,115.01,113.05
07/21/2020,114.58,"5,034,434",117.29,117.49,113.89
07/20/2020,117.06,"3,532,226",117.04,117.85,115.54
07/17/2020,116.75,"2,709,205",116.46,117.17,115.76
07/16/2020,115.98,"4,183,050",116.72,116.9,114.91
07/15/2020,117.9,"4,159,217",119.26,119.36,116.96
07/14/2020,118.01,"6,274,059",116.19,118.28,113.81
07/13/2020,117.25,"14,319,970",121.73,122.93,116.46
07/10/2020,124.5,"1,769,032",124.41,125.08,122.81
07/09/2020,124.25,"1,840,921",122.47,125.035,121.04
07/08/2020,122.86,"1,818,891",123.07,123.595,120.99
07/07/2020,122.62,"1,920,303",121.69,124.3641,121.54
07/06/2020,123.62,"1,273,255",122.96,124.65,122.88
07/02/2020,121.24,"1,624,118",122.41,122.81,120.74
07/01/2020,120.37,"1,587,483",122.29,122.42,120.3
06/30/2020,122.64,"2,400,514",119.52,123.2,119.01
06/29/2020,119.0,"1,406,154",118.91,119.31,117.11
06/26/2020,117.87,"2,264,141",119.87,120.02,117.14
06/25/2020,120.1,"1,809,135",119.82,120.3,117.61
06/24/2020,119.47,"2,102,949",122.38,122.61,118.63
06/23/2020,123.25,"2,693,899",122.5,124.51,120.97
06/22/2020,120.5,"2,034,569",120.02,120.73,118.345
06/19/2020,120.18,"4,495,695",124.39,124.39,119.94
06/18/2020,122.81,"1,248,672",122.36,123.47,121.99
06/17/2020,122.53,"1,478,878",122.59,123.74,121.85
06/16/2020,122.69,"2,706,381",123.63,124.35,120.2
06/15/2020,118.5,"1,695,554",116.15,118.67,115.07
06/12/2020,118.41,"3,138,665",119.51,119.7,115.5
06/11/2020,115.65,"3,210,604",120.96,121.177,115.43
06/10/2020,122.88,"1,892,677",124.19,124.58,121.985
06/09/2020,123.385,"2,471,531",122.05,124.36,121.57
06/08/2020,123.71,"1,809,820",125.0,125.35,122.825
06/05/2020,124.59,"3,549,883",124.85,127.39,123.96
06/04/2020,122.38,"1,653,179",119.87,122.86,119.87
06/03/2020,121.62,"3,762,345",118.855,122.87,118.39
06/02/2020,116.8,"3,112,799",113.0,116.87,112.44
06/01/2020,112.78,"1,209,503",112.37,113.44,111.33
05/29/2020,112.95,"2,913,338",111.31,113.31,110.41
05/28/2020,110.96,"2,274,237",114.17,114.36,110.46
05/27/2020,114.68,"1,825,888",113.82,115.39,111.625
05/26/2020,112.7,"2,112,511",113.87,115.24,112.55
05/22/2020,111.06,"1,765,044",110.76,111.8,109.52
05/21/2020,111.01,"3,021,054",113.42,114.24,110.1
05/20/2020,114.57,"4,753,509",111.6946,115.57,110.8601
05/19/2020,106.33,"3,591,453",107.81,110.38,106.11
05/18/2020,108.34,"2,536,425",105.08,109.16,104.565
05/15/2020,101.8,"4,237,511",103.05,103.56,100.09
05/14/2020,105.49,"2,052,972",103.51,105.57,100.46
05/13/2020,103.8,"2,470,145",106.51,107.38,102.36
05/12/2020,106.6,"2,018,503",109.38,110.655,106.45
05/11/2020,108.42,"1,436,587",108.04,109.44,107.25
05/08/2020,109.83,"1,286,222",107.12,109.87,106.5
05/07/2020,106.35,"1,162,640",106.96,107.74,105.83
05/06/2020,105.25,"1,328,709",106.83,107.7,104.8
05/05/2020,105.94,"1,818,364",105.74,107.3,105.14
05/04/2020,103.4,"2,550,543",103.13,103.84,100.99
05/01/2020,103.64,"2,782,413",106.37,107.29,103.23
04/30/2020,109.6,"2,455,864",111.45,113.0,109.35
04/29/2020,113.34,"2,544,272",109.34,114.06,109.2
04/28/2020,107.61,"1,648,713",110.93,111.8,107.49
04/27/2020,108.03,"1,848,894",106.61,108.56,106.22
04/24/2020,105.92,"2,899,905",101.61,106.43,101.61
04/23/2020,101.81,"2,585,628",102.08,103.94,101.12
04/22/2020,102.12,"3,170,599",99.93,102.72,99.26
04/21/2020,96.47,"4,028,101",98.06,99.07,96.05
04/20/2020,100.91,"1,498,285",102.16,103.0325,100.0
04/17/2020,102.8,"1,917,047",103.96,104.73,101.385
04/16/2020,101.83,"2,622,038",101.52,102.34,99.11
04/15/2020,100.45,"1,884,096",100.73,101.16,98.27
04/14/2020,103.02,"3,178,112",101.8,103.3,100.07
04/13/2020,99.67,"2,348,250",97.52,100.22,97.33
04/09/2020,98.79,"2,806,713",101.34,103.57,97.87
04/08/2020,101.4,"3,001,301",97.22,101.56,95.75
04/07/2020,96.25,"3,814,769",99.022,100.92,95.845
04/06/2020,95.8,"3,673,920",90.14,96.295,89.92
04/03/2020,86.56,"2,253,789",87.39,88.8,85.335
04/02/2020,87.7,"3,638,215",83.13,88.27,82.9
04/01/2020,84.09,"3,231,933",86.04,88.11,83.67
03/31/2020,89.65,"3,432,090",90.56,92.27,89.18
03/30/2020,90.97,"3,268,287",89.54,91.47,87.6
03/27/2020,88.67,"3,009,981",89.26,92.63,88.26
03/26/2020,92.62,"5,063,654",94.53,96.5,90.86
03/25/2020,94.36,"3,860,017",92.66,97.44,89.74
03/24/2020,93.73,"3,651,400",89.78,94.0,87.44
03/23/2020,85.16,"4,063,670",85.78,87.51,80.51
03/20/2020,85.08,"4,567,550",92.41,93.37,84.88
03/19/2020,90.32,"4,464,962",82.44,91.7,79.44
03/18/2020,82.23,"5,726,126",87.44,92.49,79.075
03/17/2020,95.44,"5,555,718",86.14,96.9,82.32
03/16/2020,83.21,"7,287,252",89.84,92.855,83.02
03/13/2020,99.79,"6,399,368",94.88,100.46,89.36
03/12/2020,90.01,"8,483,817",89.79,95.355,87.25
03/11/2020,94.41,"4,168,159",99.48,100.65,93.955
03/10/2020,102.44,"4,355,311",100.13,102.54,96.12
03/09/2020,97.51,"4,936,845",99.61,103.61,97.111
03/06/2020,107.0,"3,801,183",105.0,107.46,104.51
03/05/2020,108.87,"2,197,267",109.03,112.07,107.92
03/04/2020,112.46,"2,180,977",109.0,112.54,106.6794
03/03/2020,107.2,"3,416,121",110.13,113.19,106.57
03/02/2020,111.27,"3,979,561",110.09,111.44,107.24
02/28/2020,109.05,"6,036,781",103.96,110.06,103.5
02/27/2020,107.72,"3,541,339",111.82,113.705,107.57
02/26/2020,114.84,"2,896,612",115.98,117.385,114.2949
02/25/2020,114.66,"3,251,681",118.54,118.78,113.38
02/24/2020,117.36,"3,041,587",119.34,119.69,116.97
02/21/2020,122.76,"2,813,765",122.92,123.97,120.81
02/20/2020,124.55,"3,062,435",124.4,125.57,122.37
02/19/2020,123.89,"4,598,958",125.06,127.3,122.39
02/18/2020,118.57,"3,077,811",116.23,118.89,116.07
02/14/2020,117.65,"1,869,020",119.05,119.37,116.7
02/13/2020,118.88,"2,391,089",118.23,119.04,116.95
02/12/2020,118.81,"1,856,037",117.41,119.05,117.29
02/11/2020,116.88,"2,765,514",113.45,117.765,113.45
02/10/2020,112.9,"1,813,906",110.91,112.9,110.45
02/07/2020,112.27,"1,663,795",115.0,115.14,112.11
02/06/2020,115.79,"1,398,262",116.94,117.19,115.35
02/05/2020,116.68,"2,192,425",115.08,117.06,114.11
02/04/2020,112.46,"2,249,780",112.26,113.38,111.62
02/03/2020,110.0,"2,134,777",110.7,111.61,109.55
01/31/2020,109.75,"3,245,433",111.66,111.72,109.2
01/30/2020,112.37,"2,760,980",112.23,113.5,110.96
01/29/2020,113.23,"3,501,466",114.31,114.465,112.6
01/28/2020,114.31,"2,670,469",114.03,114.59,113.05
01/27/2020,112.21,"2,737,804",114.65,114.98,112.2
01/24/2020,117.57,"1,972,168",121.78,122.2,116.9
01/23/2020,120.86,"2,170,308",120.42,121.07,118.85
01/22/2020,120.42,"1,654,714",119.64,121.045,119.28
01/21/2020,119.31,"2,548,371",118.19,119.67,118.0
01/17/2020,119.47,"2,303,296",119.75,119.92,119.02
01/16/2020,119.13,"1,413,598",118.48,119.22,118.01
01/15/2020,117.51,"1,729,207",119.41,119.41,117.23
01/14/2020,119.53,"1,326,776",118.98,120.59,118.7
01/13/2020,119.06,"1,357,586",118.78,119.64,118.22
01/10/2020,118.57,"1,610,520",120.8,120.81,118.37
01/09/2020,120.66,"1,418,485",121.63,121.69,119.74
01/08/2020,120.66,"2,036,477",120.31,121.455,119.69
01/07/2020,119.58,"2,214,839",118.9,120.88,118.4
01/06/2020,116.92,"1,979,387",116.25,117.32,115.61
01/03/2020,118.31,"1,374,372",118.0,119.67,117.73
01/02/2020,120.43,"1,151,468",120.11,120.65,118.74
12/31/2019,118.84,"963,456",118.82,119.1407,118.135
12/30/2019,118.86,"1,107,348",119.28,119.45,117.94
12/27/2019,119.45,"1,360,930",119.72,120.0,118.99
12/26/2019,119.73,"912,635",119.67,120.13,119.26
12/24/2019,119.72,"487,824",119.26,119.88,119.11
12/23/2019,119.17,"1,565,751",120.0,120.545,119.03
12/20/2019,119.82,"4,449,011",120.18,120.22,117.9
12/19/2019,118.7,"1,713,995",117.38,118.82,117.13
12/18/2019,117.0,"2,708,958",118.89,119.53,116.86
12/17/2019,118.82,"1,467,449",118.91,119.41,118.07
12/16/2019,118.86,"2,062,535",119.52,120.5,118.49
12/13/2019,118.77,"1,644,295",117.58,119.47,116.9
12/12/2019,117.81,"2,424,054",115.87,118.66,115.6124
12/11/2019,115.85,"2,203,209",114.95,116.49,114.79
12/10/2019,114.41,"2,815,854",114.58,115.44,114.03
12/09/2019,114.62,"1,553,263",115.78,115.78,114.5101
12/06/2019,115.89,"2,150,292",114.74,116.1,114.4
12/05/2019,113.43,"2,443,405",113.95,115.23,113.16
12/04/2019,114.39,"2,890,447",111.8,114.51,111.8
12/03/2019,110.25,"2,157,134",109.54,110.43,108.67
12/02/2019,111.26,"1,715,849",113.06,113.36,110.93
11/29/2019,112.95,"1,036,675",113.03,114.39,112.44
11/27/2019,113.7,"3,948,863",116.11,116.31,113.03
11/26/2019,114.89,"7,432,903",108.62,115.45,107.51
11/25/2019,112.93,"3,031,509",111.62,113.47,111.32
11/22/2019,110.65,"1,783,561",111.08,111.08,109.14
11/21/2019,108.78,"2,903,049",109.06,109.235,107.85
11/20/2019,108.58,"2,988,293",110.8,110.83,108.22
11/19/2019,111.71,"1,876,162",112.73,113.03,111.57
11/18/2019,111.97,"1,845,257",113.03,113.4,111.7
11/15/2019,113.4,"1,767,396",114.7,114.95,112.59
11/14/2019,113.32,"1,102,241",113.7,113.7,112.54
11/13/2019,114.17,"1,729,378",112.26,114.385,111.91
11/12/2019,113.26,"2,277,128",113.03,114.01,112.74
11/11/2019,112.55,"1,263,530",112.55,112.74,111.42
11/08/2019,113.02,"1,123,931",111.98,113.04,111.1663
11/07/2019,112.29,"1,139,209",113.77,113.82,111.53
11/06/2019,112.03,"1,676,838",113.0,113.22,110.65
11/05/2019,113.45,"3,043,690",111.47,114.43,111.335
11/04/2019,111.39,"1,696,867",111.07,112.26,110.35
11/01/2019,109.37,"1,991,769",107.62,109.92,107.56
10/31/2019,106.63,"3,847,445",107.7,107.7,104.95
10/30/2019,108.25,"2,543,748",110.51,110.99,107.77
10/29/2019,108.06,"2,766,559",109.24,110.12,107.84
10/28/2019,108.83,"2,084,956",107.7,109.078,107.42
10/25/2019,106.83,"1,867,697",105.55,107.03,105.12
10/24/2019,105.32,"3,053,496",106.37,106.675,104.92
10/23/2019,105.57,"4,596,793",107.5,107.75,104.58
10/22/2019,110.88,"1,664,161",111.25,112.24,110.73
10/21/2019,111.11,"1,388,174",110.19,111.48,109.985
10/18/2019,109.48,"1,444,772",110.17,110.43,108.42
10/17/2019,110.0,"1,494,105",111.77,112.26,109.63
10/16/2019,110.59,"1,963,966",112.71,113.25,110.39
10/15/2019,113.29,"2,629,701",110.75,113.41,110.5
10/14/2019,110.34,"1,761,884",110.57,111.0,109.99
10/11/2019,111.22,"2,626,741",109.73,112.72,109.73
10/10/2019,108.44,"1,902,677",107.8,109.77,107.52
10/09/2019,108.07,"1,907,631",107.77,108.87,106.78
10/08/2019,106.13,"3,240,867",109.99,110.36,106.09
10/07/2019,110.84,"1,764,150",112.92,113.29,110.78
10/04/2019,113.03,"1,437,647",111.85,113.22,111.19
10/03/2019,110.87,"1,880,657",108.87,111.3,108.0
10/02/2019,108.97,"1,658,503",109.13,109.81,108.11
10/01/2019,109.78,"2,902,230",114.81,116.1937,109.56
09/30/2019,111.73,"2,395,544",112.15,112.24,110.54
09/27/2019,111.04,"1,517,786",112.96,113.859,110.37
09/26/2019,113.14,"1,043,534",112.85,113.44,111.67
09/25/2019,112.68,"2,395,570",111.14,113.06,109.76
09/24/2019,110.96,"2,928,792",115.04,115.0599,110.61
09/23/2019,114.29,"1,730,545",114.95,115.14,113.3951
09/20/2019,115.33,"3,281,732",115.76,116.62,114.62
09/19/2019,115.88,"1,678,707",116.1,116.84,115.07
09/18/2019,116.56,"1,359,894",115.21,116.62,114.82
09/17/2019,115.28,"1,447,317",114.98,115.87,114.44
09/16/2019,115.26,"1,191,992",115.18,115.8085,114.57
09/13/2019,116.52,"1,646,317",116.03,116.99,115.42
09/12/2019,116.21,"2,053,699",118.0,118.46,115.53
09/11/2019,115.04,"2,387,327",114.03,116.38,113.21
09/10/2019,113.98,"1,459,727",112.36,113.98,111.25
09/09/2019,112.87,"1,208,626",113.19,113.77,112.28
09/06/2019,112.67,"1,217,073",113.225,113.55,112.43
09/05/2019,113.02,"2,294,821",111.27,113.9,111.1
09/04/2019,109.19,"1,181,117",108.21,109.23,108.14
09/03/2019,106.38,"2,607,300",108.71,108.95,105.83
08/30/2019,109.83,"1,881,677",109.96,110.96,109.17
08/29/2019,109.02,"1,949,143",109.26,110.37,108.84
08/28/2019,108.03,"1,553,284",106.44,108.06,105.83
08/27/2019,107.05,"2,222,670",107.29,107.79,106.32
08/26/2019,106.03,"2,510,354",105.57,106.0916,105.0
08/23/2019,104.17,"4,382,782",106.98,107.513,103.72
08/22/2019,108.63,"2,761,428",108.55,109.4,107.22
08/21/2019,108.59,"3,236,529",109.0,111.7,107.78
08/20/2019,110.29,"2,255,070",110.37,111.46,109.93
08/19/2019,111.17,"2,784,622",113.06,113.72,110.81
08/16/2019,110.52,"2,832,981",109.81,111.25,109.2
08/15/2019,108.45,"2,164,914",110.61,110.95,107.81
08/14/2019,110.31,"1,840,982",110.58,111.71,109.55
08/13/2019,113.02,"3,091,711",109.11,113.58,108.14
08/12/2019,108.96,"1,395,199",110.22,110.62,108.28
08/09/2019,110.66,"1,713,693",111.23,111.85,109.78
08/08/2019,112.33,"1,837,578",110.22,112.46,109.4
08/07/2019,109.82,"2,048,669",107.85,110.255,107.16
08/06/2019,109.28,"2,868,591",108.86,110.39,108.13
08/05/2019,107.63,"3,642,336",109.44,109.85,106.14
08/02/2019,112.68,"2,717,727",114.21,114.94,112.24
08/01/2019,114.46,"2,978,621",117.78,120.15,113.105
07/31/2019,117.46,"2,460,089",120.97,120.97,116.06
07/30/2019,120.96,"1,162,963",120.3,121.3808,119.57
07/29/2019,121.21,"1,694,744",122.08,122.5,120.82
07/26/2019,121.8,"1,372,889",122.78,123.04,121.71
07/25/2019,122.18,"2,675,395",123.19,124.1,120.58
07/24/2019,124.64,"4,240,349",121.02,124.785,120.51
07/23/2019,119.92,"2,307,764",118.5,119.93,117.69
07/22/2019,117.71,"1,667,118",116.05,118.08,115.55
07/19/2019,115.78,"1,558,605",116.29,117.07,115.52
07/18/2019,116.01,"2,244,956",114.0,116.25,113.25
07/17/2019,113.94,"1,545,006",115.94,116.01,113.93
07/16/2019,115.46,"2,007,377",116.0,116.09,114.16
07/15/2019,117.02,"1,228,266",116.9,117.6851,116.22
07/12/2019,116.2,"2,139,499",114.22,116.26,114.22
07/11/2019,113.92,"1,414,223",114.27,114.27,113.03
07/10/2019,114.01,"1,762,180",114.68,115.725,112.94
07/09/2019,113.29,"1,952,608",111.76,113.92,111.4
07/08/2019,111.83,"1,790,613",112.19,112.62,111.43
07/05/2019,112.86,"1,022,121",112.07,112.98,111.31
07/03/2019,113.17,"1,444,451",113.62,113.67,111.86
07/02/2019,113.51,"1,357,333",114.49,114.5,112.64
07/01/2019,115.0,"2,589,872",117.17,118.14,114.41
06/28/2019,112.87,"6,136,774",113.36,114.42,112.61
06/27/2019,112.84,"2,054,023",111.69,113.715,111.28
06/26/2019,110.87,"3,823,426",111.49,112.735,110.39
06/25/2019,110.28,"2,516,155",113.01,113.54,109.85
06/24/2019,112.9,"2,052,128",113.71,114.32,112.66
06/21/2019,113.67,"4,351,314",112.12,114.36,111.53
06/20/2019,112.56,"2,437,123",113.55,113.94,111.51
06/19/2019,111.04,"2,474,493",110.49,111.53,109.5
06/18/2019,109.94,"3,190,006",106.69,110.59,106.05
06/17/2019,105.1,"1,859,237",104.2,105.78,103.47
06/14/2019,104.02,"2,327,185",103.44,104.41,102.78
06/13/2019,105.78,"1,696,383",104.78,105.8729,104.492
06/12/2019,104.37,"1,506,627",104.89,104.89,103.6586
06/11/2019,105.17,"2,325,055",107.67,108.56,104.67
06/10/2019,106.55,"4,179,081",104.29,107.53,103.13
06/07/2019,100.69,"3,046,367",100.67,100.99,99.73
06/06/2019,99.97,"1,881,136",99.71,100.31,98.63
06/05/2019,99.87,"1,785,823",101.64,102.43,98.43
06/04/2019,100.97,"3,588,576",97.51,101.08,96.91
06/03/2019,96.07,"2,899,954",97.31,98.32,95.51
05/31/2019,96.62,"2,156,827",96.99,98.22,96.48
05/30/2019,98.06,"2,099,646",97.82,99.57,97.37
05/29/2019,98.11,"3,051,160",96.12,98.83,95.94
05/28/2019,97.11,"3,602,466",98.66,99.14,96.76
05/24/2019,98.42,"2,283,096",99.57,100.42,98.33
05/23/2019,98.73,"3,387,311",99.48,100.56,97.6
05/22/2019,101.44,"5,187,128",98.84,103.1,98.5867
05/21/2019,99.88,"4,636,632",101.42,101.75,99.1
05/20/2019,97.5,"4,505,996",97.88,99.24,96.7179
05/17/2019,100.83,"5,468,061",103.22,103.86,100.185
05/16/2019,104.7,"4,409,779",105.66,106.18,104.06
05/15/2019,107.89,"2,305,627",105.59,108.83,105.53
05/14/2019,106.75,"2,271,873",105.17,107.21,104.98
05/13/2019,104.23,"4,900,330",107.14,107.68,103.66
05/10/2019,110.6,"2,422,025",110.21,111.15,107.68
05/09/2019,110.55,"3,408,786",109.14,111.09,107.845
05/08/2019,110.55,"3,819,496",112.46,112.97,110.47
05/07/2019,113.68,"2,965,415",113.4,114.29,111.79
05/06/2019,114.93,"2,248,065",114.07,115.39,113.4
05/03/2019,116.95,"2,476,296",117.58,117.96,115.93
05/02/2019,116.96,"2,223,530",114.83,117.42,114.55
05/01/2019,114.7,"1,601,859",116.56,116.96,114.64
04/30/2019,116.24,"2,624,738",114.46,116.83,113.93
04/29/2019,113.88,"1,835,255",114.25,114.79,113.4
04/26/2019,114.44,"2,244,943",113.25,114.5899,112.16
04/25/2019,115.02,"2,952,530",116.38,116.4,113.51
04/24/2019,117.29,"5,724,974",114.78,118.54,114.15
04/23/2019,114.11,"3,431,710",113.57,114.4,113.2201
04/22/2019,113.61,"2,287,240",114.41,114.6,113.45
04/18/2019,114.79,"2,049,281",115.09,115.09,113.76
04/17/2019,114.4,"2,505,875",115.08,115.93,113.85
04/16/2019,114.6,"2,298,583",113.33,114.99,113.25
04/15/2019,112.94,"1,420,540",114.44,114.5875,112.62
04/12/2019,114.21,"1,860,160",112.82,114.29,112.14
04/11/2019,111.82,"1,781,333",112.37,112.68,111.17
04/10/2019,112.07,"1,966,665",110.4,112.12,109.95
04/09/2019,110.49,"1,856,912",111.5,111.73,110.08
04/08/2019,111.74,"2,237,860",110.75,111.825,110.36
04/05/2019,111.46,"2,528,965",111.09,111.7999,110.55
04/04/2019,110.54,"2,298,332",109.76,110.96,109.14
04/03/2019,109.84,"2,739,523",109.62,111.06,109.16
04/02/2019,108.11,"1,678,981",108.13,108.49,107.41
04/01/2019,108.28,"3,407,653",106.52,108.62,106.26
03/29/2019,105.27,"2,775,963",105.17,105.76,104.5964
03/28/2019,104.07,"2,499,807",105.06,105.64,103.3
03/27/2019,104.96,"2,614,197",106.96,107.47,103.78
03/26/2019,107.1,"3,310,002",106.03,107.14,105.72
03/25/2019,105.25,"2,690,762",104.84,106.09,104.0
03/22/2019,107.4,"2,291,786",109.79,109.99,107.32
03/21/2019,110.18,"3,716,850",109.0,111.12,108.5
03/20/2019,108.61,"2,640,754",109.97,110.265,108.12
03/19/2019,109.95,"1,931,512",109.91,110.3778,109.29
03/18/2019,109.15,"2,484,673",109.03,110.3678,108.43
03/15/2019,109.39,"4,574,397",108.98,110.6473,108.35
03/14/2019,108.25,"1,955,166",108.39,108.39,107.12
03/13/2019,108.08,"1,809,565",108.42,109.06,107.69
03/12/2019,107.91,"2,391,948",107.67,108.55,106.66
03/11/2019,107.68,"2,812,134",105.45,107.74,105.43
03/08/2019,105.41,"4,791,726",104.75,105.68,104.12
03/07/2019,105.68,"2,506,983",106.76,106.76,105.221
03/06/2019,106.79,"2,027,245",108.32,108.6575,106.56
03/05/2019,108.23,"2,830,689",108.61,109.04,107.96
03/04/2019,108.66,"2,516,795",109.0,109.48,106.76
03/01/2019,108.44,"2,807,497",107.84,108.79,106.7501
02/28/2019,106.96,"3,200,260",104.95,107.215,104.95
02/27/2019,105.93,"2,617,056",106.33,106.62,104.97
02/26/2019,107.18,"2,075,229",107.36,107.8599,106.8
02/25/2019,107.9,"3,967,264",106.8,108.22,106.61
02/22/2019,105.91,"2,247,387",106.08,106.33,105.19
02/21/2019,105.28,"3,402,341",106.33,106.8,104.92
02/20/2019,106.82,"4,601,941",105.1,108.28,104.71
02/19/2019,104.22,"3,715,459",105.44,105.7,104.15
02/15/2019,105.74,"2,289,216",105.37,105.83,104.285
02/14/2019,104.49,"2,971,508",104.23,105.035,103.61
02/13/2019,104.42,"2,416,977",104.43,105.09,103.47
02/12/2019,104.06,"3,483,753",103.13,104.88,102.88
02/11/2019,101.75,"2,225,305",102.4,102.65,101.02
02/08/2019,100.73,"2,407,748",99.45,100.92,99.07
02/07/2019,100.63,"3,471,816",101.32,102.1,99.54
02/06/2019,102.41,"3,279,378",101.05,103.48,101.0
02/05/2019,100.4,"2,472,267",99.54,100.51,99.05
02/04/2019,99.7,"2,537,814",100.47,100.79,98.73
02/01/2019,100.54,"3,074,150",99.17,100.63,98.84
01/31/2019,98.86,"2,547,072",98.74,98.96,98.03
01/30/2019,99.01,"2,653,700",97.57,99.44,97.11
01/29/2019,97.01,"2,170,810",98.3,98.3,96.5732
01/28/2019,97.34,"2,260,147",94.95,97.7,94.86
01/25/2019,97.67,"4,299,124",95.8,98.145,95.55
01/24/2019,94.75,"6,477,807",90.53,95.5,90.53
01/23/2019,88.86,"1,585,595",89.4,89.71,87.77
01/22/2019,89.13,"2,741,501",90.57,90.75,88.21
01/18/2019,91.36,"3,465,436",89.61,91.53,88.43
01/17/2019,88.81,"2,562,959",86.51,88.85,85.44
01/16/2019,87.0,"1,662,430",87.6,88.52,86.89
01/15/2019,87.61,"1,960,489",87.66,88.54,87.0067
01/14/2019,87.5,"2,219,169",88.68,88.99,87.36
01/11/2019,90.06,"3,029,782",88.07,91.11,88.07
01/10/2019,88.61,"2,041,212",86.89,88.66,86.57
01/09/2019,87.4,"3,321,565",85.82,88.5,85.82
01/08/2019,85.24,"3,981,608",84.27,85.28,82.67
01/07/2019,83.21,"2,608,206",82.54,84.19,82.08
01/04/2019,82.69,"3,470,021",81.46,83.01,80.46
01/03/2019,80.73,"4,348,366",82.99,84.35,80.55
01/02/2019,85.92,"2,523,860",84.03,86.43,83.96
12/31/2018,85.83,"1,748,374",86.09,86.54,84.97
12/28/2018,85.46,"2,070,730",85.49,86.9,84.43
12/27/2018,85.36,"2,058,273",83.26,85.43,81.8573
12/26/2018,84.34,"2,505,394",81.19,84.43,80.08
12/24/2018,80.42,"1,353,267",82.11,82.91,80.36
12/21/2018,82.32,"5,136,230",83.41,85.11,81.94
12/20/2018,82.74,"3,549,692",83.24,84.55,81.53
12/19/2018,83.69,"4,211,623",86.73,87.92,83.2429
12/18/2018,88.05,"2,855,437",88.23,89.36,87.5
12/17/2018,87.31,"2,760,243",87.25,88.96,86.75
12/14/2018,87.27,"2,947,820",87.48,88.39,86.97
12/13/2018,88.46,"1,668,358",89.67,89.99,88.08
12/12/2018,89.08,"2,295,740",90.52,90.52,89.0
12/11/2018,88.64,"2,070,773",89.91,91.04,88.28
12/10/2018,88.48,"2,522,839",86.36,88.635,86.0
12/07/2018,86.42,"2,960,900",89.07,89.98,86.19
12/06/2018,89.53,"2,948,926",87.33,89.55,86.17
12/04/2018,90.44,"3,858,005",93.14,93.38,90.34
12/03/2018,93.51,"3,561,817",93.34,94.62,92.81
11/30/2018,91.92,"3,327,350",89.7,91.97,88.79
11/29/2018,89.52,"2,826,414",89.98,90.59,89.35
11/28/2018,90.72,"3,864,592",89.43,90.79,88.0
11/27/2018,89.58,"2,614,631",89.46,90.14,88.36
11/26/2018,90.07,"2,345,336",90.31,90.63,89.02
11/23/2018,88.64,"1,163,007",88.65,89.401,87.87
11/21/2018,89.68,"3,561,144",89.55,90.83,88.21
11/20/2018,89.02,"6,660,128",84.76,89.87,83.84
11/19/2018,85.52,"6,779,939",89.62,89.97,85.45
11/16/2018,89.48,"3,167,913",88.1,89.96,87.64
11/15/2018,89.82,"4,767,180",86.03,89.87,86.03
11/14/2018,86.13,"2,395,719",86.32,87.11,85.47
11/13/2018,85.3,"3,042,486",84.84,86.81,84.63
11/12/2018,84.2,"3,321,591",86.4,86.615,84.1
11/09/2018,87.59,"3,043,163",89.46,89.73,87.01
11/08/2018,89.93,"2,551,088",87.59,90.08,87.59
11/07/2018,88.31,"2,253,480",89.01,89.02,87.39
11/06/2018,87.96,"1,736,689",86.56,88.0,86.37
11/05/2018,86.38,"2,143,565",87.09,87.42,85.59
11/02/2018,87.18,"3,748,601",88.32,89.01,86.25
11/01/2018,88.0,"3,667,888",84.16,88.5,83.72
10/31/2018,83.71,"3,498,749",83.93,84.3,82.88
10/30/2018,82.8,"4,698,760",80.62,82.86,80.415
10/29/2018,80.41,"5,053,777",81.32,81.95,78.98
10/26/2018,79.03,"4,535,561",77.56,80.1,76.62
10/25/2018,79.08,"4,151,343",78.94,79.9,78.76
10/24/2018,77.82,"7,608,659",80.32,80.74,77.76
10/23/2018,82.65,"4,652,798",80.74,83.01,79.7
10/22/2018,82.55,"2,337,021",83.01,83.39,82.36
10/19/2018,82.335,"2,564,385",82.93,84.22,81.87
10/18/2018,83.17,"4,923,183",83.0,84.29,81.55
10/17/2018,85.25,"3,529,095",86.35,86.42,84.6
10/16/2018,85.76,"3,397,012",84.79,85.84,84.14
10/15/2018,83.9,"3,146,787",83.71,84.67,83.1
10/12/2018,84.17,"3,573,665",85.23,85.77,83.07
10/11/2018,83.67,"4,839,995",85.56,86.59,83.25
10/10/2018,83.9,"8,505,867",85.46,86.04,83.18
10/09/2018,86.76,"3,950,203",86.62,86.95,85.59
10/08/2018,86.48,"2,872,563",86.79,87.23,85.52
10/05/2018,87.15,"5,815,618",89.0,89.48,86.26
10/04/2018,89.99,"4,047,390",91.14,91.6,89.57
10/03/2018,91.83,"2,914,952",91.71,93.04,90.86
10/02/2018,92.29,"1,737,096",92.2,93.92,92.11
10/01/2018,92.39,"1,728,826",92.81,93.39,92.25
09/28/2018,92.46,"1,650,247",91.96,92.52,91.6
09/27/2018,92.18,"1,963,491",92.31,92.54,91.61
09/26/2018,92.32,"3,740,841",92.4,93.75,92.19
09/25/2018,92.56,"6,026,444",92.4,93.49,90.5481
09/24/2018,95.0,"2,558,401",94.14,95.37,93.33
09/21/2018,94.56,"4,400,803",95.56,95.7,94.19
09/20/2018,95.1,"3,433,186",93.55,95.66,93.45
09/19/2018,92.58,"1,826,026",92.02,92.805,91.8
09/18/2018,91.86,"2,354,673",91.67,92.47,91.35
09/17/2018,91.31,"1,975,442",92.11,92.82,91.155
09/14/2018,92.53,"2,823,553",92.55,93.43,92.09
09/13/2018,92.4,"3,510,776",92.19,93.07,90.88
09/12/2018,91.02,"5,787,209",92.1,92.56,89.35
09/11/2018,93.25,"3,229,928",94.12,94.39,93.1
09/10/2018,94.59,"3,120,064",94.56,95.18,93.05
09/07/2018,93.96,"5,451,336",94.86,95.92,93.59
09/06/2018,97.09,"2,809,812",97.45,98.09,96.11
09/05/2018,97.87,"2,689,002",98.12,98.84,97.49
09/04/2018,98.11,"4,053,178",97.49,98.89,97.11
08/31/2018,98.85,"1,705,037",98.21,99.24,98.2025
08/30/2018,98.57,"1,891,693",99.48,100.17,98.28
08/29/2018,100.17,"2,370,112",100.42,100.42,99.75
08/28/2018,100.42,"3,673,314",100.61,100.87,99.46
08/27/2018,100.07,"2,907,165",99.29,100.72,99.0
08/24/2018,98.78,"2,674,779",98.06,98.885,97.44
08/23/2018,97.39,"2,665,619",98.29,98.98,97.24
08/22/2018,97.92,"7,540,278",92.55,98.12,92.05
08/21/2018,95.92,"3,980,262",94.06,96.46,93.42
08/20/2018,93.74,"2,159,120",94.79,94.91,93.24
08/17/2018,94.58,"2,869,440",93.46,94.83,92.6681
08/16/2018,94.26,"1,828,687",94.39,95.07,93.96
08/15/2018,93.76,"2,022,306",93.94,94.52,92.81
08/14/2018,94.85,"1,761,598",95.58,96.2399,94.815
08/13/2018,95.13,"1,939,325",95.19,96.13,94.84
08/10/2018,94.94,"2,817,051",95.33,96.71,94.08
08/09/2018,97.74,"1,406,201",98.54,98.67,97.74
08/08/2018,98.49,"1,256,580",98.5,98.71,97.94
08/07/2018,98.59,"1,128,703",97.71,98.69,97.45
08/06/2018,97.38,"1,322,202",96.19,97.42,96.06
08/03/2018,96.56,"1,017,822",96.08,96.7,95.8686
08/02/2018,96.19,"1,706,805",95.0,96.55,94.7508
08/01/2018,96.04,"1,717,680",95.43,96.74,95.43
07/31/2018,96.14,"2,492,133",95.68,96.86,95.58
07/30/2018,95.31,"2,545,043",97.57,97.57,95.01
07/27/2018,96.98,"2,095,176",98.09,99.09,96.71
07/26/2018,97.7,"2,476,527",97.57,98.56,96.73
07/25/2018,96.55,"2,612,508",97.48,98.15,95.09
07/24/2018,97.45,"2,964,495",98.04,99.1767,97.305
07/23/2018,97.79,"1,398,144",97.39,97.955,96.33
07/20/2018,97.81,"1,387,522",98.02,98.6925,97.3
07/19/2018,98.26,"1,364,911",98.79,98.96,97.4
07/18/2018,99.09,"1,633,718",98.53,99.396,98.47
07/17/2018,98.26,"1,928,463",96.97,98.34,96.455
07/16/2018,97.64,"1,375,966",98.35,98.39,97.32
07/13/2018,98.12,"1,130,229",98.62,98.74,97.89
07/12/2018,98.4,"2,326,819",96.18,98.58,95.9
07/11/2018,96.22,"1,508,888",97.4,97.91,95.97
07/10/2018,98.54,"2,224,600",97.41,98.67,97.015
07/09/2018,97.18,"1,858,753",97.42,97.86,96.17
07/06/2018,97.2,"1,551,048",96.39,97.41,95.92
07/05/2018,96.4,"1,956,014",95.33,96.54,94.93
07/03/2018,94.51,"876,025",96.74,96.84,94.37
07/02/2018,96.31,"2,058,429",95.04,96.37,94.62
06/29/2018,95.92,"3,116,694",96.43,97.83,95.75
06/28/2018,95.95,"2,349,472",96.19,96.69,95.05
06/27/2018,96.5,"4,415,221",98.68,99.35,96.44
06/26/2018,98.71,"2,365,558",98.45,99.41,98.05
06/25/2018,98.15,"4,640,271",98.14,98.5,96.885
06/22/2018,99.09,"6,214,294",99.83,99.88,98.68
06/21/2018,99.16,"1,686,969",101.34,101.34,98.98
06/20/2018,101.0,"1,419,227",100.35,101.07,99.78
06/19/2018,100.06,"1,756,956",99.5,100.13,98.9
06/18/2018,101.09,"1,861,335",100.45,101.26,99.83
06/15/2018,101.5,"3,114,080",101.96,101.96,100.1
06/14/2018,101.7,"1,855,704",101.73,102.98,101.31
06/13/2018,101.05,"2,020,362",102.14,102.2183,100.73
06/12/2018,102.02,"1,986,529",101.58,102.07,100.95
06/11/2018,101.39,"1,626,991",100.86,101.85,100.7
06/08/2018,101.06,"2,304,778",101.2,101.31,100.0
06/07/2018,101.96,"3,660,366",102.31,103.59,101.55
06/06/2018,102.1,"2,182,158",100.86,102.15,100.11
06/05/2018,100.64,"1,869,421",100.01,100.92,99.65
06/04/2018,99.98,"2,615,293",98.5,100.285,97.43
06/01/2018,98.4,"2,300,415",97.68,98.43,96.4568
05/31/2018,97.18,"5,076,725",95.91,98.39,95.55
05/30/2018,94.98,"3,212,372",93.07,96.98,93.0
05/29/2018,94.39,"3,463,124",94.68,95.32,93.88
05/25/2018,95.45,"1,340,384",94.93,95.5,94.54
05/24/2018,95.04,"1,857,336",94.51,95.27,93.99
05/23/2018,94.39,"3,023,911",94.61,95.07,94.045
05/22/2018,95.71,"1,334,681",95.78,96.37,95.34
05/21/2018,95.3,"1,615,352",95.57,96.07,94.5
05/18/2018,94.88,"3,222,037",94.7,95.57,94.08
05/17/2018,95.04,"3,344,110",94.21,95.18,94.16
05/16/2018,94.77,"1,428,294",93.95,94.8,93.58
05/15/2018,93.56,"2,074,877",93.07,93.85,92.79
05/14/2018,93.87,"2,173,465",93.19,94.92,93.19
05/11/2018,92.6,"1,359,030",93.08,93.64,92.42
05/10/2018,93.34,"1,914,403",93.08,93.4,92.39
05/09/2018,92.62,"1,937,065",91.86,92.74,91.42
05/08/2018,91.42,"1,549,904",90.93,91.45,90.11
05/07/2018,90.5,"1,867,606",89.86,91.17,89.86
05/04/2018,90.27,"2,404,772",87.55,90.315,87.12
05/03/2018,87.91,"2,165,093",87.52,88.27,86.23
05/02/2018,88.3,"1,586,728",89.01,89.205,87.48
05/01/2018,88.86,"2,094,337",87.14,89.0,86.74
04/30/2018,87.35,"3,726,557",87.77,88.205,86.03
04/27/2018,87.68,"2,714,426",89.27,89.382,87.21
04/26/2018,88.7,"1,941,132",88.45,89.03,87.72
04/25/2018,87.77,"2,571,215",88.06,88.92,87.33
04/24/2018,87.65,"3,012,455",89.27,89.47,87.32
04/23/2018,88.0,"2,762,697",90.17,90.19,87.52
04/20/2018,89.76,"4,385,700",89.39,90.0,88.66
04/19/2018,89.85,"3,768,747",92.98,92.98,89.76
04/18/2018,94.57,"1,909,797",94.78,95.45,94.025
04/17/2018,95.17,"1,919,967",93.65,95.54,93.65
04/16/2018,93.14,"2,125,310",93.18,93.58,92.48
04/13/2018,92.78,"1,869,665",93.5,93.6,92.195
04/12/2018,93.02,"2,980,885",91.69,93.24,91.2
04/11/2018,90.8,"1,785,178",89.25,91.15,89.18
04/10/2018,90.03,"2,210,237",89.5,90.81,88.76
04/09/2018,87.99,"2,513,876",89.12,90.44,87.9
04/06/2018,88.31,"2,294,318",89.85,90.48,88.13
04/05/2018,90.94,"1,749,946",92.1,92.45,90.26
04/04/2018,91.24,"2,010,770",87.81,91.525,87.54
04/03/2018,89.52,"2,721,307",89.61,89.92,87.9
04/02/2018,88.75,"3,227,881",90.47,90.88,87.92
03/29/2018,91.13,"2,663,466",90.7,92.015,89.85
03/28/2018,89.91,"2,594,176",90.71,91.6206,89.41
03/27/2018,91.05,"4,507,475",93.78,94.32,90.27
03/26/2018,93.11,"3,511,504",89.33,93.19,88.94
03/23/2018,87.7,"2,361,954",90.36,90.85,87.65
03/22/2018,90.54,"2,815,654",91.53,92.43,90.48
03/21/2018,92.8,"1,517,430",92.5,93.89,92.3228
03/20/2018,92.71,"1,764,046",93.51,93.63,92.37
03/19/2018,93.5,"2,801,566",93.73,93.82,91.84
03/16/2018,94.15,"3,974,962",94.1,95.01,93.76
03/15/2018,93.94,"1,266,780",93.92,94.36,93.16
03/14/2018,94.09,"1,549,703",94.94,95.329,93.27
03/13/2018,94.66,"3,418,227",96.0,96.85,94.22
03/12/2018,95.53,"2,611,967",94.74,95.73,94.665
03/09/2018,94.73,"2,768,688",93.3,94.85,93.3
03/08/2018,92.72,"2,224,239",92.9,93.3,92.07
03/07/2018,92.74,"2,981,069",91.33,92.8,90.55
03/06/2018,91.93,"1,958,622",91.73,92.57,91.18
03/05/2018,91.14,"2,972,156",88.83,91.7,88.765
03/02/2018,89.53,"2,298,681",87.44,89.67,86.98
03/01/2018,88.31,"4,123,180",89.89,90.53,86.79
02/28/2018,90.15,"4,234,878",94.5,94.92,89.6001
02/27/2018,92.26,"3,245,218",92.21,93.65,91.6303
02/26/2018,92.36,"2,678,692",90.57,92.42,90.57
02/23/2018,90.37,"2,105,889",89.35,90.43,89.17
02/22/2018,88.56,"2,430,033",88.46,89.36,88.07
02/21/2018,88.41,"2,604,342",88.71,90.04,87.85
02/20/2018,88.41,"3,939,230",87.28,89.49,86.92
02/16/2018,86.09,"2,570,580",85.28,86.79,85.1701
02/15/2018,85.4,"2,195,323",85.94,85.94,84.21
02/14/2018,85.13,"2,804,834",83.52,85.45,83.3899
02/13/2018,84.34,"2,688,995",86.01,86.43,83.77
02/12/2018,85.05,"3,280,927",84.3,85.9,84.03
02/09/2018,83.93,"5,544,882",83.91,84.58,80.95
02/08/2018,82.68,"5,274,522",85.54,85.6011,82.57
02/07/2018,85.35,"4,555,784",86.75,87.95,85.29
02/06/2018,88.54,"5,325,318",84.2,88.71,82.76
02/05/2018,85.4,"3,749,932",88.75,89.61,85.33
02/02/2018,89.11,"2,909,816",90.74,91.29,89.06
02/01/2018,91.65,"2,311,975",91.25,92.58,91.25
01/31/2018,91.88,"3,457,410",91.89,92.55,91.42
01/30/2018,91.55,"3,680,642",92.77,93.39,91.365
01/29/2018,93.78,"3,026,162",93.2,94.44,92.41
01/26/2018,93.84,"4,684,159",93.09,94.17,92.58
01/25/2018,91.98,"3,655,816",96.19,96.99,91.93
01/24/2018,95.34,"6,258,344",94.38,96.6353,93.21
01/23/2018,96.47,"3,213,251",96.69,97.12,95.89
01/22/2018,96.65,"4,363,320",96.39,97.0,95.77
01/19/2018,96.14,"2,751,910",97.64,97.9399,96.14
01/18/2018,97.24,"5,285,179",95.58,98.38,95.33
01/17/2018,95.57,"4,011,189",94.0,95.955,93.61
01/16/2018,93.1,"3,223,423",92.38,93.7,92.35
01/12/2018,92.02,"3,175,716",91.06,92.59,90.565
01/11/2018,91.19,"1,924,204",90.4,91.26,89.94
01/10/2018,90.11,"2,523,256",91.08,91.15,89.79
01/09/2018,91.64,"2,779,733",91.8,92.33,91.42
01/08/2018,91.83,"1,907,387",91.81,92.21,91.36
01/05/2018,91.67,"1,798,974",91.52,92.2699,90.83
01/04/2018,91.3,"1,879,594",91.87,92.28,91.25
01/03/2018,91.4,"2,009,600",90.28,91.61,90.05
01/02/2018,90.28,"2,342,704",89.24,90.65,88.93
12/29/2017,89.03,"3,414,714",89.36,89.68,88.77
12/28/2017,89.38,"1,973,056",89.3,89.86,88.7
12/27/2017,89.1,"1,827,388",88.89,89.58,88.57
12/26/2017,88.63,"1,379,370",88.28,88.85,87.68
12/22/2017,88.85,"1,680,412",88.5,88.87,88.26
12/21/2017,88.65,"1,917,190",89.0,89.14,88.42
12/20/2017,88.65,"2,093,655",88.12,88.93,87.8404
12/19/2017,87.95,"2,098,577",87.78,88.47,87.41
12/18/2017,88.09,"2,743,104",87.21,88.35,87.2
12/15/2017,86.69,"3,765,981",86.07,87.205,85.29
12/14/2017,85.44,"2,287,959",85.17,85.97,84.82
12/13/2017,85.18,"2,062,258",85.82,85.925,85.13
12/12/2017,85.48,"2,248,856",85.75,85.98,84.91
12/11/2017,85.8,"2,321,902",85.49,86.36,85.29
12/08/2017,85.52,"3,410,959",86.45,86.92,84.91
12/07/2017,86.11,"3,914,204",85.61,86.51,85.17
12/06/2017,85.41,"2,800,208",84.26,85.48,84.03
12/05/2017,84.83,"2,340,774",84.53,85.7,84.16
12/04/2017,84.79,"3,723,591",85.56,85.6386,83.85
12/01/2017,85.4,"3,544,992",85.51,85.77,83.5901
11/30/2017,86.11,"3,866,482",85.82,86.27,84.99
11/29/2017,85.66,"6,130,287",87.08,87.29,83.8953
11/28/2017,87.07,"3,841,818",87.08,87.44,86.389
11/27/2017,87.45,"2,889,713",88.49,88.83,87.4
11/24/2017,89.15,"1,623,905",88.67,89.25,88.01
11/22/2017,88.65,"4,028,505",89.61,90.74,88.43
11/21/2017,90.19,"6,014,732",92.62,92.83,88.88
11/20/2017,93.07,"6,523,264",90.97,93.99,90.73
11/17/2017,90.42,"2,341,965",91.0,91.05,90.24
11/16/2017,90.48,"2,041,993",89.79,90.75,89.41
11/15/2017,89.16,"2,250,317",89.58,89.95,88.67
11/14/2017,90.44,"2,172,475",89.79,90.49,89.3963
11/13/2017,90.03,"2,428,812",89.36,90.21,89.0
11/10/2017,89.59,"2,736,353",89.54,90.03,88.88
11/09/2017,89.7,"3,143,571",91.67,91.69,87.98
11/08/2017,92.0,"1,617,599",91.9,92.4462,91.04
11/07/2017,91.9,"1,416,911",92.08,92.57,91.7
11/06/2017,92.28,"1,530,934",92.42,92.96,91.65
11/03/2017,91.81,"1,367,407",90.97,91.83,90.191
11/02/2017,90.79,"1,448,107",90.85,91.47,90.26
11/01/2017,90.99,"2,372,829",91.85,92.1104,90.59
10/31/2017,91.3,"1,394,975",91.47,91.74,90.75
10/30/2017,91.32,"1,247,971",91.35,91.96,90.89
10/27/2017,91.21,"1,625,012",90.77,91.38,89.96
10/26/2017,90.56,"1,239,381",90.26,90.96,89.86
10/25/2017,89.86,"2,039,688",89.66,90.45,89.23
10/24/2017,90.29,"2,635,576",88.77,90.79,88.38
10/23/2017,88.77,"2,031,179",89.43,89.67,88.56
10/20/2017,88.93,"1,778,531",89.61,89.93,88.76
10/19/2017,88.8,"1,450,171",88.32,88.83,87.38
10/18/2017,89.0,"1,129,505",89.21,89.26,88.2801
10/17/2017,88.94,"1,247,273",88.67,89.06,88.37
10/16/2017,88.83,"2,007,521",89.48,89.625,88.21
10/13/2017,89.06,"2,230,265",88.95,89.67,88.51
10/12/2017,88.83,"2,328,854",88.48,89.06,88.3
10/11/2017,88.57,"1,761,678",87.71,88.59,87.69
10/10/2017,87.99,"1,293,993",88.08,88.14,87.37
10/09/2017,87.71,"1,748,816",87.96,88.27,87.28
10/06/2017,87.87,"1,117,179",87.49,87.99,87.4001
10/05/2017,87.89,"2,683,537",87.1,88.345,86.7
10/04/2017,87.0,"2,533,870",85.75,87.0786,85.58
10/03/2017,85.9,"2,215,128",85.96,86.53,85.84
10/02/2017,85.82,"1,688,192",86.59,86.77,85.68
09/29/2017,86.17,"1,708,238",85.68,86.41,85.58
09/28/2017,85.64,"1,567,404",84.59,85.7799,84.45
09/27/2017,84.92,"1,471,101",84.57,85.23,83.81
09/26/2017,83.91,"1,280,703",84.58,84.66,83.6048
09/25/2017,83.88,"1,923,681",84.47,85.0,83.62
09/22/2017,84.92,"2,097,691",83.81,85.24,83.7501
09/21/2017,84.24,"2,885,239",83.52,84.38,83.09
09/20/2017,83.69,"2,171,787",85.21,85.29,82.91
09/19/2017,85.24,"1,778,443",85.21,85.71,84.33
09/18/2017,85.17,"3,348,286",85.0,85.54,84.07
09/15/2017,83.84,"2,923,266",82.37,84.06,82.19
09/14/2017,82.34,"2,225,802",81.75,83.14,81.71
09/13/2017,82.06,"1,964,137",81.83,82.39,81.7
09/12/2017,82.15,"2,657,200",82.63,82.8,81.49
09/11/2017,82.22,"4,104,853",80.81,82.69,80.81
09/08/2017,80.44,"2,695,414",81.21,81.59,80.1
09/07/2017,81.1,"3,993,124",82.65,82.68,80.8
09/06/2017,82.51,"3,019,612",83.21,83.56,82.22
09/05/2017,83.0,"2,890,580",83.74,84.1,82.01
09/01/2017,84.38,"2,647,467",83.97,85.18,83.6
08/31/2017,83.67,"5,134,497",84.34,85.0,83.4
08/30/2017,83.72,"6,865,661",82.13,83.89,81.24
08/29/2017,79.55,"2,733,629",78.69,79.82,78.54
08/28/2017,79.44,"1,886,734",79.21,79.71,79.2
08/25/2017,78.97,"1,006,588",79.57,79.84,78.81
08/24/2017,79.27,"1,316,591",79.35,79.44,78.83
08/23/2017,79.07,"1,597,793",78.5,79.3,78.12
08/22/2017,79.17,"1,735,941",78.12,79.3,78.09
08/21/2017,77.7,"1,460,253",77.81,77.99,76.95
08/18/2017,77.74,"1,884,655",77.6,78.07,77.03
08/17/2017,77.56,"2,038,616",79.8,79.89,77.55
08/16/2017,80.06,"2,147,190",80.01,80.9,79.79
08/15/2017,79.96,"1,784,198",79.93,80.37,79.28
08/14/2017,79.9,"2,230,171",78.66,80.16,78.57
08/11/2017,78.04,"1,919,352",76.76,78.29,76.41
08/10/2017,76.83,"2,355,019",77.47,77.95,76.6496
08/09/2017,77.98,"1,978,962",78.52,78.65,77.42
08/08/2017,78.97,"1,892,824",78.66,79.88,78.41
08/07/2017,78.87,"2,047,867",79.65,79.65,77.76
08/04/2017,77.78,"2,382,264",78.09,78.4,77.525
08/03/2017,77.94,"2,162,931",78.67,78.9888,77.73
08/02/2017,78.82,"2,250,824",79.49,79.65,78.36
08/01/2017,78.95,"1,726,668",79.23,79.475,78.635
07/31/2017,79.01,"2,199,726",79.46,79.93,78.94
07/28/2017,79.24,"1,677,677",79.24,79.37,78.49
07/27/2017,79.55,"2,683,369",80.83,81.28,78.96
07/26/2017,80.72,"2,298,126",80.14,81.3,79.8
07/25/2017,79.52,"1,865,548",78.79,80.1,78.45
07/24/2017,78.75,"1,839,815",78.96,79.455,78.42
07/21/2017,78.96,"3,122,267",80.07,80.22,78.43
07/20/2017,80.85,"1,803,116",80.35,80.89,79.99
07/19/2017,80.37,"2,694,772",81.35,81.38,80.12
07/18/2017,81.14,"1,663,770",80.96,81.19,80.15
07/17/2017,81.09,"1,483,272",81.61,81.85,80.94
07/14/2017,81.55,"2,132,217",80.72,81.69,80.5101
07/13/2017,80.27,"1,709,260",80.32,80.75,79.8643
07/12/2017,80.37,"2,591,449",80.4,81.17,80.03
07/11/2017,79.86,"2,763,005",78.95,80.36,78.27
07/10/2017,78.73,"2,165,853",78.51,78.86,77.76
07/07/2017,78.47,"2,757,754",77.64,78.85,77.5
07/06/2017,77.33,"2,897,961",76.91,77.73,76.51
07/05/2017,77.74,"2,767,425",76.49,78.11,76.38
07/03/2017,76.11,"1,368,338",78.27,78.55,76.07
06/30/2017,77.8,"2,193,607",78.3,78.33,77.22
06/29/2017,77.74,"3,580,269",78.94,79.12,76.18
06/28/2017,79.2,"2,721,682",78.55,79.39,77.86
06/27/2017,78.14,"4,009,797",80.14,80.55,77.82
06/26/2017,80.57,"2,451,585",81.95,82.1,79.91
06/23/2017,81.55,"10,736,460",81.16,82.139,80.9
06/22/2017,81.32,"4,264,505",80.8,81.67,80.0
06/21/2017,79.98,"3,358,765",79.5,80.205,79.0
06/20/2017,79.2,"3,918,027",80.28,81.65,79.18
06/19/2017,80.37,"3,107,692",81.0,81.25,79.84
06/16/2017,80.04,"5,699,840",80.18,80.23,78.97
06/15/2017,79.75,"2,980,800",79.78,80.75,79.54
06/14/2017,80.94,"3,170,510",81.69,81.86,79.98
06/13/2017,81.23,"4,063,402",80.15,81.73,80.15
06/12/2017,79.74,"5,527,157",78.01,80.47,77.93
06/09/2017,78.6,"4,941,099",82.93,82.98,77.575
06/08/2017,82.44,"3,743,851",81.3,82.51,80.34
06/07/2017,80.83,"3,911,160",80.15,81.1,80.13
06/06/2017,80.1,"5,486,319",78.61,80.445,78.61
06/05/2017,78.75,"8,578,579",81.01,81.3,78.26
06/02/2017,80.91,"8,927,437",81.61,82.14,79.92
06/01/2017,82.21,"11,351,600",86.28,86.32,81.9
05/31/2017,85.76,"14,861,920",88.99,90.49,85.76
05/30/2017,84.8,"6,728,943",83.0,85.17,83.0
05/26/2017,82.81,"1,910,181",82.5,82.89,81.94
05/25/2017,82.34,"4,012,422",82.32,82.95,81.74
05/24/2017,82.12,"1,749,128",82.46,82.58,81.67
05/23/2017,81.96,"2,144,495",82.09,82.32,80.9
05/22/2017,82.09,"2,005,127",81.57,82.36,81.425
