date,close,volume,open,high,low
05/15/2026,180.38,"2,582,668",185.06,185.06,179.57
05/14/2026,191.1,"2,168,597",198.0,198.1,188.2999
05/13/2026,200.94,"1,863,674",205.99,208.76,196.47
05/12/2026,205.52,"1,805,204",205.94,208.95,201.65
05/11/2026,209.99,"2,811,333",210.2,219.075,209.0
05/08/2026,203.52,"3,130,038",201.33,209.54,194.3
05/07/2026,198.35,"4,291,240",207.01,221.0,198.18
05/06/2026,192.61,"2,224,855",201.06,201.06,192.1001
05/05/2026,194.82,"1,269,719",195.0,197.36,193.5
05/04/2026,190.69,"1,392,188",196.13,198.85,187.33
05/01/2026,193.88,"1,278,128",197.96,197.96,189.5
04/30/2026,196.7,"2,215,115",194.46,197.88,190.2
04/29/2026,190.88,"1,453,629",191.98,191.98,186.76
04/28/2026,186.9,"1,835,631",194.66,195.52,184.7922
04/27/2026,199.53,"2,188,304",190.0,200.32,184.65
04/24/2026,188.33,"1,854,168",191.0,192.2418,184.505
04/23/2026,193.14,"1,548,766",193.45,196.3179,188.01
04/22/2026,194.22,"1,799,282",200.0,201.671,188.535
04/21/2026,198.42,"1,491,613",195.12,199.479,193.7
04/20/2026,194.83,"2,216,292",196.0,199.46,193.5
04/17/2026,197.75,"4,160,681",207.56,208.05,195.32
04/16/2026,215.62,"5,639,568",191.0,215.71,189.36
04/15/2026,185.38,"1,291,111",189.85,189.85,183.89
04/14/2026,189.86,"1,809,966",190.0,190.975,184.735
04/13/2026,185.43,"2,960,201",175.25,189.35,175.25
04/10/2026,173.64,"1,208,709",173.5,178.79,172.57
04/09/2026,172.35,"1,538,858",176.48,181.57,170.85
04/08/2026,177.44,"1,617,414",179.44,180.71,174.14
04/07/2026,173.53,"1,303,503",172.94,175.8,171.0
04/06/2026,173.03,"1,394,483",177.0,179.6,170.29
04/02/2026,178.09,"1,145,915",174.62,183.6,172.96
04/01/2026,178.47,"1,843,090",182.72,185.69,176.08
03/31/2026,179.53,"2,225,878",177.93,184.78,177.18
03/30/2026,177.22,"2,104,529",184.6,186.96,175.77
03/27/2026,179.45,"1,572,234",174.68,183.01,174.46
03/26/2026,174.5,"1,261,359",178.0,182.0,174.21
03/25/2026,181.39,"2,248,318",179.89,184.25,178.19
03/24/2026,177.06,"2,267,029",165.93,177.17,164.5307
03/23/2026,167.56,"2,898,989",159.75,171.0,159.1
03/20/2026,156.7,"2,936,858",163.5,164.2,154.69
03/19/2026,163.26,"1,874,047",158.57,164.645,155.08
03/18/2026,165.83,"1,585,787",164.26,170.06,162.01
03/17/2026,166.32,"1,697,584",163.67,166.93,163.0
03/16/2026,162.44,"1,215,180",162.96,165.78,161.22
03/13/2026,158.22,"1,897,100",164.07,166.5,156.34
03/12/2026,163.89,"1,480,114",165.78,165.78,159.79
03/11/2026,168.0,"1,705,214",164.94,170.3003,163.54
03/10/2026,166.54,"2,028,317",171.46,173.64,166.38
03/09/2026,169.57,"2,420,702",158.76,169.81,157.51
03/06/2026,162.29,"2,175,783",158.62,165.045,158.0
03/05/2026,163.93,"2,110,086",165.81,169.21,161.13
03/04/2026,168.35,"2,535,487",170.3,173.0,167.81
03/03/2026,164.73,"3,369,534",165.39,168.2,157.265
03/02/2026,178.18,"1,626,332",173.52,181.005,171.73
02/27/2026,178.67,"2,405,630",183.54,184.52,177.28
02/26/2026,184.93,"2,576,360",191.89,193.3402,181.95
02/25/2026,195.87,"4,503,443",202.0,206.0,195.2901
02/24/2026,186.83,"2,628,944",180.77,188.97,180.77
02/23/2026,177.52,"2,323,520",168.42,177.97,168.42
02/20/2026,168.42,"1,860,985",166.5,172.2,165.3
02/19/2026,168.41,"1,559,647",165.45,169.61,164.2
02/18/2026,171.22,"2,196,933",171.8,175.21,170.81
02/17/2026,168.92,"1,809,587",166.27,170.9852,165.05
02/13/2026,166.35,"2,594,590",160.57,167.88,156.72
02/12/2026,158.93,"4,254,240",173.01,182.8,157.5
02/11/2026,175.43,"3,762,628",172.27,176.66,169.98
02/10/2026,168.56,"2,196,433",165.0,168.69,162.76
02/09/2026,165.76,"2,341,593",162.5,166.3,159.2
02/06/2026,163.37,"2,120,824",159.9,163.91,158.48
02/05/2026,156.48,"3,638,226",160.06,165.12,156.04
02/04/2026,168.66,"3,048,983",171.5,175.5699,162.88
02/03/2026,170.64,"2,655,372",173.22,174.6987,167.845
02/02/2026,164.93,"3,666,611",168.5,173.0,164.147
01/30/2026,170.63,"6,911,300",167.41,173.38,166.01
01/29/2026,180.7,"2,694,439",184.06,187.1,177.14
01/28/2026,184.33,"4,444,769",195.21,195.22,179.25
01/27/2026,194.18,"2,605,612",188.0,195.685,187.0
01/26/2026,189.75,"3,002,651",189.64,192.46,187.32
01/23/2026,189.51,"3,022,607",188.68,191.97,185.21
01/22/2026,188.32,"4,220,350",179.3,189.1799,178.48
01/21/2026,180.06,"4,493,689",175.78,181.055,175.78
01/20/2026,172.54,"4,535,304",161.4,172.62,160.02
01/16/2026,163.04,"4,817,629",166.2,166.48,161.76
01/15/2026,173.78,"3,143,946",177.55,179.1,170.8
01/14/2026,177.55,"2,538,465",175.38,179.14,171.68
01/13/2026,176.88,"3,411,540",175.0,177.67,172.75
01/12/2026,169.33,"3,422,585",167.94,169.62,164.5
01/09/2026,161.29,"2,824,363",158.07,162.98,157.0
01/08/2026,158.31,"3,332,823",159.3,162.59,155.34
01/07/2026,161.57,"4,198,828",160.0,164.7999,157.21
01/06/2026,158.15,"5,627,828",150.85,164.98,150.29
01/05/2026,146.13,"3,112,853",146.28,148.67,145.06
01/02/2026,143.93,"2,992,850",143.77,144.75,141.43
12/31/2025,141.44,"1,742,079",141.27,142.75,140.7
12/30/2025,142.01,"1,660,199",145.06,145.4234,141.662
12/29/2025,144.58,"2,821,961",144.72,146.4499,141.25
12/26/2025,150.01,"1,442,193",150.28,152.08,147.74
12/24/2025,148.51,"1,181,702",144.0,148.51,143.5199
12/23/2025,146.7,"1,736,665",147.98,149.88,146.21
12/22/2025,145.38,"3,573,572",146.9,150.72,143.84
12/19/2025,145.88,"6,845,036",142.51,149.82,142.0
12/18/2025,140.48,"3,387,597",135.4,140.78,133.88
12/17/2025,134.71,"3,105,293",135.2,138.69,134.43
12/16/2025,131.07,"2,349,312",131.92,134.48,130.4
12/15/2025,132.22,"2,080,571",132.96,134.35,130.6801
12/12/2025,132.74,"2,775,351",136.1,136.1,129.8901
12/11/2025,134.59,"2,291,642",133.18,135.13,132.01
12/10/2025,133.21,"2,764,351",131.0,134.37,129.73
12/09/2025,129.29,"2,362,908",126.94,131.9,126.55
12/08/2025,127.2,"3,602,785",128.28,128.39,124.7204
12/05/2025,125.19,"5,265,002",123.81,129.88,122.7
12/04/2025,119.14,"4,241,891",125.32,126.49,117.6054
12/03/2025,126.49,"4,144,959",124.5,127.05,123.43
12/02/2025,128.14,"2,037,088",130.26,130.26,127.135
12/01/2025,128.33,"4,016,975",128.47,132.9,128.11
11/28/2025,129.99,"1,285,312",127.79,130.56,126.5
11/26/2025,126.91,"3,060,151",124.08,127.7,122.1294
11/25/2025,125.26,"3,548,524",119.71,125.776,117.9245
11/24/2025,115.88,"2,844,252",114.48,116.76,113.505
11/21/2025,116.82,"4,858,584",113.07,119.32,110.5829
11/20/2025,116.42,"5,683,154",121.08,125.85,115.68
11/19/2025,125.68,"3,631,732",123.39,127.07,122.655
11/18/2025,121.39,"4,524,125",116.37,122.42,114.91
11/17/2025,117.7,"7,466,634",120.01,125.8495,117.66
11/14/2025,115.14,"4,691,571",108.9,117.345,107.63
11/13/2025,114.57,"7,195,885",112.35,119.28,112.02
11/12/2025,110.32,"4,399,051",105.41,110.63,104.94
11/11/2025,103.88,"2,655,430",102.5,103.89,101.18
11/10/2025,103.58,"3,390,207",101.42,104.6,100.0
11/07/2025,97.18,"4,482,756",90.17,98.4215,90.01
11/06/2025,91.26,"3,772,790",94.0,97.104,91.0
11/05/2025,91.96,"3,369,752",90.39,92.87,89.1
11/04/2025,88.45,"5,264,282",91.71,92.5,88.01
11/03/2025,96.53,"2,737,459",97.54,99.4,95.08
10/31/2025,98.23,"4,022,240",96.9,99.97,96.5
10/30/2025,97.89,"2,366,873",99.0,100.62,96.58
10/29/2025,97.8,"2,278,695",96.8,101.035,96.45
10/28/2025,96.68,"2,509,917",97.0,97.1499,94.7683
10/27/2025,96.23,"4,094,682",103.77,105.4699,95.69
10/24/2025,105.64,"5,109,652",100.17,106.955,99.65
10/23/2025,97.36,"3,455,718",94.5,98.06,93.955
10/22/2025,91.27,"1,984,347",90.8,91.99,88.76
10/21/2025,91.34,"2,486,929",94.5,94.86,90.92
10/20/2025,96.14,"2,927,084",94.0,97.69,94.0
10/17/2025,92.74,"3,547,340",93.43,96.0,91.5
10/16/2025,95.29,"2,606,656",98.54,99.15,94.29
10/15/2025,98.16,"3,313,204",98.04,99.49,95.57
10/14/2025,96.24,"3,624,841",92.65,97.67,91.0
10/13/2025,96.34,"4,161,019",92.03,99.13,92.0
10/10/2025,89.86,"4,302,609",95.4,96.16,89.7511
10/09/2025,96.5,"5,594,888",95.62,99.86,94.4525
10/08/2025,91.69,"2,518,874",91.955,92.85,89.6901
10/07/2025,90.53,"2,238,855",91.9,93.13,89.01
10/06/2025,92.03,"3,402,625",89.6,93.73,88.5
10/03/2025,88.22,"2,570,442",87.12,89.1999,85.85
10/02/2025,87.61,"3,121,684",85.0,90.094,84.72
10/01/2025,84.47,"3,616,433",81.97,85.58,81.97
09/30/2025,81.08,"5,385,642",85.5,85.564,79.3
09/29/2025,86.88,"3,344,095",90.58,91.3099,86.03
09/26/2025,88.1,"4,186,636",83.91,89.3495,83.4
09/25/2025,84.83,"4,456,002",81.71,87.3,80.29
09/24/2025,81.58,"3,532,702",83.5,85.605,81.14
09/23/2025,80.12,"2,249,026",80.86,83.39,79.59
09/22/2025,80.38,"2,537,391",80.44,82.49,79.88
09/19/2025,81.84,"3,672,562",82.1,83.93,81.31
09/18/2025,80.93,"2,218,053",80.95,81.6,79.33
09/17/2025,80.16,"2,616,696",80.89,82.45,78.91
09/16/2025,80.94,"2,255,678",80.77,82.0,79.92
09/15/2025,81.04,"5,011,902",78.09,81.66,77.5
09/12/2025,75.98,"2,508,557",74.24,76.34,73.0949
09/11/2025,75.05,"3,595,608",71.84,76.14,71.25
09/10/2025,73.32,"5,511,299",73.29,74.73,72.105
09/09/2025,72.58,"13,545,170",75.22,76.0,71.385
09/08/2025,82.0,"2,332,692",82.15,82.66,80.07
09/05/2025,81.54,"4,805,519",82.21,84.89,80.86
09/04/2025,79.27,"3,900,531",79.53,79.745,78.15
09/03/2025,80.11,"1,925,998",79.17,80.85,78.61
09/02/2025,79.54,"4,041,594",81.99,82.19,79.1402
08/29/2025,84.92,"1,738,858",85.63,87.075,84.63
08/28/2025,84.92,"3,539,492",86.7,86.98,83.72
08/27/2025,87.68,"5,504,638",81.48,87.97,81.4
08/26/2025,81.53,"2,495,915",82.07,83.45,81.01
08/25/2025,81.29,"2,412,179",80.73,82.29,80.03
08/22/2025,81.34,"2,876,202",77.335,82.63,77.15
08/21/2025,78.94,"2,887,811",77.38,79.74,76.884
08/20/2025,78.12,"3,456,448",77.05,79.49,75.88
08/19/2025,80.55,"3,810,844",82.3,83.0,80.31
08/18/2025,83.09,"4,375,862",81.67,84.79,81.67
08/15/2025,82.19,"2,842,349",81.27,82.71,81.1
08/14/2025,81.43,"3,495,739",79.99,81.68,79.3601
08/13/2025,81.67,"3,990,385",81.1,82.2,79.25
08/12/2025,77.98,"5,415,705",78.24,80.59,75.44
08/11/2025,80.76,"12,471,470",84.765,87.45,79.92
08/08/2025,75.48,"7,616,710",72.2,76.8925,71.476
08/07/2025,70.06,"5,435,424",69.86,73.84,69.805
08/06/2025,67.3,"2,106,179",68.77,69.15,66.89
08/05/2025,68.25,"2,210,070",69.31,69.45,66.665
08/04/2025,68.56,"3,261,255",68.23,69.31,67.9
08/01/2025,67.9,"4,282,556",66.81,68.57,64.95
07/31/2025,67.85,"8,469,121",70.045,70.08,65.2932
07/30/2025,68.89,"4,953,476",71.765,71.84,68.44
07/29/2025,71.6,"6,543,163",73.81,74.44,71.0
07/28/2025,74.77,"10,165,460",79.0,80.8774,74.185
07/25/2025,83.74,"5,379,512",84.67,84.82,82.0
07/24/2025,84.18,"7,765,039",82.505,86.19,81.78
07/23/2025,78.79,"5,139,031",81.4,82.1774,77.94
07/22/2025,83.24,"6,714,200",78.7,83.565,78.5
07/21/2025,77.15,"3,690,761",79.85,81.1,76.82
07/18/2025,77.07,"6,224,422",77.31,79.62,76.15
07/17/2025,75.74,"7,862,008",72.45,76.6633,72.235
07/16/2025,70.41,"2,880,116",70.14,71.0,69.08
07/15/2025,70.02,"4,674,046",72.77,72.88,69.89
07/14/2025,71.87,"2,711,930",70.79,73.48,70.23
07/11/2025,70.98,"4,091,993",70.3,71.928,70.2154
07/10/2025,74.27,"5,719,669",71.755,76.28,71.5
07/09/2025,70.79,"4,021,438",70.28,71.21,68.61
07/08/2025,70.22,"7,275,311",66.03,72.17,65.95
07/07/2025,65.5,"2,956,562",66.55,67.28,64.24
07/03/2025,67.21,"2,322,265",68.61,69.49,66.84
07/02/2025,67.99,"4,458,440",65.52,68.93,64.41
07/01/2025,62.9,"3,242,624",62.25,64.02,60.64
06/30/2025,62.67,"3,077,662",64.805,64.805,62.05
06/27/2025,64.95,"4,137,347",65.28,66.67,64.04
06/26/2025,63.75,"4,053,974",62.37,65.12,62.09
06/25/2025,60.38,"2,724,767",60.16,61.15,58.85
06/24/2025,60.18,"3,124,670",58.65,61.23,58.6
06/23/2025,57.82,"3,791,433",56.65,57.97,55.9
06/20/2025,56.66,"5,545,457",59.49,59.83,56.65
06/18/2025,59.4,"2,872,885",59.15,60.52,59.04
06/17/2025,59.69,"2,560,176",60.645,60.68,58.8015
06/16/2025,60.96,"2,333,181",62.0,62.23,60.7
06/13/2025,60.72,"2,500,753",61.2,62.99,60.28
06/12/2025,62.48,"3,003,324",64.02,64.23,62.22
06/11/2025,65.08,"3,823,636",65.61,65.75,63.84
06/10/2025,64.2,"3,023,248",63.21,64.55,62.72
06/09/2025,62.3,"3,391,905",60.61,63.35,60.47
06/06/2025,59.83,"2,176,055",60.04,60.7699,59.29
06/05/2025,58.64,"3,632,974",61.0,62.1838,57.83
06/04/2025,59.7,"4,078,167",57.77,60.156,57.4941
06/03/2025,57.01,"2,976,997",55.04,57.22,53.7
06/02/2025,55.09,"3,667,112",56.4,56.4,54.28
05/30/2025,55.76,"11,048,680",56.65,56.69,54.81
05/29/2025,57.49,"2,867,531",58.5,59.03,56.75
05/28/2025,58.05,"2,430,547",58.6,59.17,57.34
05/27/2025,58.79,"3,263,825",58.38,58.89,56.67
05/23/2025,57.61,"2,710,552",56.61,57.9,56.31
05/22/2025,57.94,"2,905,729",56.47,58.14,55.48
05/21/2025,56.44,"2,505,973",58.55,58.97,56.385
05/20/2025,59.32,"2,416,564",59.12,60.49,58.63
05/19/2025,59.24,"4,076,824",58.48,59.86,57.36
05/16/2025,60.21,"3,821,677",59.91,60.78,57.83
05/15/2025,60.32,"3,244,021",60.02,60.35,58.57
05/14/2025,61.08,"3,093,852",62.485,62.79,60.46
05/13/2025,61.86,"3,563,888",61.58,62.35,60.97
05/12/2025,61.57,"3,994,589",62.6,63.64,60.8001
05/09/2025,57.93,"2,163,324",57.71,58.6199,57.07
05/08/2025,57.44,"3,404,193",57.01,58.75,56.5
05/07/2025,56.06,"2,895,567",58.0,58.0,55.64
05/06/2025,57.49,"2,475,517",56.77,58.67,56.77
05/05/2025,57.94,"2,589,559",59.59,60.2,57.64
05/02/2025,60.3,"3,471,787",60.47,62.06,58.6301
05/01/2025,59.32,"5,229,821",61.37,63.455,58.38
04/30/2025,58.55,"6,029,819",57.0,58.68,56.21
04/29/2025,59.46,"2,826,316",58.84,59.955,58.655
04/28/2025,58.55,"2,698,960",57.88,60.31,57.43
04/25/2025,57.73,"3,065,803",57.39,58.25,56.65
04/24/2025,58.17,"2,274,065",55.95,58.46,55.95
04/23/2025,55.64,"3,699,027",57.37,59.925,55.37
04/22/2025,54.77,"2,805,017",53.71,55.997,53.335
04/21/2025,53.02,"3,122,764",52.5,53.21,50.85
04/17/2025,52.91,"3,117,675",53.29,53.87,51.92
04/16/2025,52.57,"4,277,295",53.05,54.84,51.46
04/15/2025,54.01,"4,050,777",56.0,57.64,53.65
04/14/2025,57.39,"2,745,551",57.95,59.24,56.07
04/11/2025,56.67,"3,362,606",54.55,56.95,52.7801
04/10/2025,54.71,"5,661,931",57.11,57.5,53.55
04/09/2025,60.47,"9,383,367",50.67,62.09,50.235
04/08/2025,50.76,"7,919,026",60.12,60.28,49.4303
04/07/2025,58.1,"7,448,009",56.91,64.3,55.5
04/04/2025,58.51,"6,136,899",63.24,64.98,57.53
04/03/2025,66.5,"3,724,997",69.23,69.755,66.15
04/02/2025,72.25,"1,831,575",70.7,73.64,70.33
04/01/2025,71.82,"2,010,570",71.73,72.54,69.9501
03/31/2025,72.02,"1,898,438",70.51,72.8,69.9
03/28/2025,72.19,"1,987,816",74.16,74.955,71.46
03/27/2025,74.75,"1,886,877",74.58,75.34,73.12
03/26/2025,75.72,"1,314,615",77.68,78.31,74.255
03/25/2025,77.67,"1,492,426",77.86,79.93,77.15
03/24/2025,77.55,"1,748,347",78.22,79.37,77.22
03/21/2025,77.56,"4,483,845",75.76,77.74,75.13
03/20/2025,77.03,"2,009,651",77.41,78.52,76.3005
03/19/2025,79.49,"1,984,650",78.62,80.15,78.3
03/18/2025,78.5,"1,934,527",79.0,79.37,77.41
03/17/2025,79.34,"2,763,673",76.17,79.75,76.17
03/14/2025,75.23,"2,761,852",74.19,75.58,72.4
03/13/2025,72.4,"1,658,286",72.63,74.11,71.1
03/12/2025,72.81,"2,199,350",72.16,73.83,71.05
03/11/2025,72.67,"2,582,769",77.05,77.42,71.88
03/10/2025,76.39,"2,849,085",75.6,79.63,75.54
03/07/2025,75.51,"3,451,194",74.28,78.38,74.28
03/06/2025,76.48,"3,772,896",72.73,76.9,72.73
03/05/2025,74.21,"3,400,436",73.14,74.85,72.35
03/04/2025,72.16,"3,852,244",69.0,74.1699,67.23
03/03/2025,69.95,"5,055,356",78.77,78.77,69.81
02/28/2025,77.03,"2,822,235",77.37,78.0,75.7075
02/27/2025,78.97,"3,500,194",77.47,79.53,76.92
02/26/2025,77.53,"2,747,863",78.9,79.15,77.006
02/25/2025,78.42,"3,200,086",80.9,81.03,76.69
02/24/2025,81.03,"1,785,573",80.86,82.245,79.69
02/21/2025,81.2,"1,677,956",82.81,84.04,80.77
02/20/2025,82.51,"1,501,141",83.3,84.73,81.98
02/19/2025,83.67,"3,143,224",82.15,84.0,81.2
02/18/2025,83.58,"2,654,830",80.5,84.1104,79.359
02/14/2025,81.21,"2,744,657",80.16,82.3862,79.59
02/13/2025,79.25,"5,153,986",79.9,83.03,74.95
02/12/2025,76.6,"3,431,103",75.72,77.16,74.58
02/11/2025,75.7,"3,349,066",73.41,75.8,72.88
02/10/2025,75.14,"3,077,527",77.75,78.25,74.84
02/07/2025,77.37,"2,649,725",79.0,79.21,76.7
02/06/2025,79.0,"2,240,891",81.0,81.45,78.51
02/05/2025,79.88,"2,619,677",80.01,81.75,79.06
02/04/2025,82.48,"2,446,876",81.1,83.45,80.67
02/03/2025,80.45,"3,322,043",81.51,82.28,79.66
01/31/2025,84.19,"2,786,456",85.67,86.03,83.08
01/30/2025,85.65,"1,929,681",87.11,87.19,84.9
01/29/2025,86.28,"1,678,895",86.33,87.3,85.45
01/28/2025,85.9,"1,888,633",88.21,88.36,85.13
01/27/2025,88.78,"3,132,230",88.22,88.83,87.17
01/24/2025,88.76,"2,297,499",90.84,91.41,88.47
01/23/2025,89.8,"2,775,689",90.0,90.9,88.9
01/22/2025,90.25,"2,427,222",93.41,93.5,90.21
01/21/2025,94.05,"1,921,573",97.1,97.1,93.89
01/17/2025,97.49,"2,049,476",95.41,99.065,95.21
01/16/2025,94.32,"2,082,827",94.68,94.85,92.88
01/15/2025,95.15,"2,288,953",94.66,96.75,94.09
01/14/2025,92.63,"1,890,759",92.65,94.7042,91.54
01/13/2025,91.51,"2,824,571",86.04,91.51,85.74
01/10/2025,86.53,"1,691,288",85.7,87.38,84.88
01/08/2025,87.38,"1,553,841",88.81,88.81,86.65
01/07/2025,89.98,"1,653,566",91.0,91.73,89.002
01/06/2025,90.19,"2,319,636",89.99,93.06,89.495
01/03/2025,87.79,"2,626,822",86.0,88.26,85.19
01/02/2025,85.23,"1,866,236",86.44,87.99,84.41
12/31/2024,86.08,"1,609,680",86.8,88.1889,85.29
12/30/2024,86.14,"1,729,322",87.0,87.185,85.14
12/27/2024,88.29,"1,397,319",88.64,90.8499,87.3
12/26/2024,89.15,"1,195,063",89.51,90.43,88.46
12/24/2024,89.99,"595,067",89.44,90.14,87.975
12/23/2024,89.2,"2,003,135",89.03,89.86,88.11
12/20/2024,88.65,"3,685,669",87.87,90.54,87.52
12/19/2024,88.92,"2,360,827",91.5,93.84,88.74
12/18/2024,90.54,"2,536,329",97.0,97.605,90.1
12/17/2024,97.55,"1,757,383",98.79,100.31,96.42
12/16/2024,99.54,"1,634,319",98.59,100.91,97.56
12/13/2024,99.38,"1,643,917",102.0,102.01,98.04
12/12/2024,103.3,"1,136,904",103.61,104.53,102.2
12/11/2024,103.84,"1,502,504",104.45,104.45,101.58
12/10/2024,103.98,"1,535,817",108.5,109.17,103.5
12/09/2024,109.66,"2,663,200",106.36,113.91,106.08
12/06/2024,104.96,"1,557,371",102.0,105.2,101.82
12/05/2024,101.1,"2,322,090",102.0,103.325,100.8
12/04/2024,102.61,"2,526,939",108.95,109.135,101.11
12/03/2024,109.07,"1,478,221",111.0,111.0,108.54
12/02/2024,111.3,"1,989,963",107.7,111.46,106.9416
11/29/2024,107.7,"748,240",107.015,108.6,106.63
11/27/2024,107.98,"1,071,996",107.7,109.73,106.2474
11/26/2024,106.79,"1,973,334",108.51,109.65,106.37
11/25/2024,109.98,"2,087,033",110.18,111.7,108.7
11/22/2024,108.38,"1,820,169",106.89,109.48,104.55
11/21/2024,108.98,"1,598,004",107.01,110.07,106.47
11/20/2024,109.55,"2,033,799",105.95,110.18,105.95
11/19/2024,106.45,"2,168,932",107.0,107.75,103.79
11/18/2024,104.03,"1,698,893",103.13,104.92,102.23
11/15/2024,103.53,"2,498,086",102.0,103.625,99.58
11/14/2024,102.1,"2,458,255",108.39,109.16,101.22
11/13/2024,108.19,"3,822,242",108.26,111.39,107.4
11/12/2024,102.8,"2,359,369",106.59,108.13,102.71
11/11/2024,110.49,"4,581,900",104.68,111.59,103.905
11/08/2024,100.84,"2,287,059",98.78,100.92,97.07
11/07/2024,99.93,"3,377,669",97.4,103.8599,94.39
11/06/2024,96.58,"3,228,346",96.0,97.37,93.3
11/05/2024,99.78,"1,548,494",100.04,100.44,98.3
11/04/2024,100.57,"2,339,601",99.5,102.6,98.82
11/01/2024,98.24,"2,431,111",95.0,99.4,94.38
10/31/2024,94.73,"2,197,640",95.52,96.69,94.16
10/30/2024,95.52,"1,318,213",96.41,99.0,95.4
10/29/2024,96.65,"1,409,478",97.35,99.38,96.62
10/28/2024,98.14,"2,383,604",93.9,99.5,93.67
10/25/2024,93.51,"2,046,350",95.24,96.2,93.07
10/24/2024,95.15,"1,422,060",95.45,96.1,93.14
10/23/2024,93.96,"1,958,742",95.04,96.31,93.44
10/22/2024,96.46,"2,363,602",93.67,96.88,92.94
10/21/2024,93.84,"2,276,748",94.5,94.95,92.99
10/18/2024,95.14,"2,082,010",96.71,97.64,94.45
10/17/2024,94.67,"2,992,341",97.49,97.81,93.2
10/16/2024,98.25,"1,875,877",97.84,99.67,96.63
10/15/2024,95.74,"2,645,413",97.6,100.08,95.57
10/14/2024,99.6,"2,352,781",101.17,102.0,98.0
10/11/2024,102.02,"2,426,032",100.65,103.42,100.33
10/10/2024,102.96,"1,840,659",101.31,104.68,101.11
10/09/2024,101.92,"3,759,134",102.19,103.38,99.7601
10/08/2024,100.26,"4,294,959",99.85,101.5,98.95
10/07/2024,104.47,"4,527,155",99.88,105.24,99.59
10/04/2024,102.09,"4,790,855",99.2,102.1,98.4
10/03/2024,94.31,"1,785,640",92.05,95.0,91.9
10/02/2024,94.07,"1,271,390",94.39,95.63,92.56
10/01/2024,94.32,"1,269,896",94.16,94.95,92.7114
09/30/2024,94.71,"1,743,351",96.19,98.1,94.2
09/27/2024,96.05,"2,592,845",97.2,98.25,94.82
09/26/2024,95.17,"4,339,616",92.0,95.53,90.51
09/25/2024,86.58,"2,170,517",90.62,90.84,86.45
09/24/2024,90.46,"3,650,486",92.7,94.845,90.46
09/23/2024,88.71,"2,005,311",87.33,90.27,85.93
09/20/2024,86.03,"4,531,530",88.47,88.97,85.45
09/19/2024,89.33,"1,976,211",90.2,90.37,87.8394
09/18/2024,86.59,"3,200,630",90.56,90.74,86.095
09/17/2024,89.82,"1,925,607",90.51,91.9,89.76
09/16/2024,89.35,"1,566,367",87.99,90.12,86.97
09/13/2024,87.44,"2,181,681",88.9,89.805,85.87
09/12/2024,88.5,"2,865,108",89.3,89.865,86.74
09/11/2024,89.3,"6,391,826",90.21,91.81,84.75
09/10/2024,78.62,"2,058,255",78.01,78.69,75.435
09/09/2024,78.41,"2,238,826",78.0,79.76,76.77
09/06/2024,76.9,"3,495,879",81.24,81.4555,75.36
09/05/2024,82.6,"1,421,643",84.82,85.21,82.51
09/04/2024,84.75,"2,158,225",83.13,87.19,83.13
09/03/2024,84.12,"2,748,059",87.3,87.999,82.7295
08/30/2024,90.25,"2,063,275",93.0,94.69,89.53
08/29/2024,91.65,"1,875,089",88.96,93.0,86.7925
08/28/2024,88.0,"1,802,066",88.05,88.67,87.55
08/27/2024,88.98,"1,165,672",88.98,89.7378,88.54
08/26/2024,88.94,"2,020,231",91.26,91.68,88.38
08/23/2024,90.5,"2,203,776",87.83,90.8335,87.0
08/22/2024,86.88,"2,588,302",87.89,87.89,85.59
08/21/2024,88.6,"3,287,691",85.6,88.85,84.91
08/20/2024,84.22,"3,463,446",82.8,85.85,82.6
08/19/2024,82.78,"2,947,299",79.75,83.37,79.24
08/16/2024,79.37,"2,921,334",78.95,79.88,77.49
08/15/2024,79.14,"6,098,796",74.15,79.3136,73.5872
08/14/2024,72.85,"4,528,414",77.0,77.0,71.97
08/13/2024,77.22,"3,969,296",76.9,77.93,75.46
08/12/2024,76.0,"4,590,155",81.58,81.66,74.82
08/09/2024,81.65,"2,165,826",82.27,82.6086,80.0
08/08/2024,81.83,"3,296,771",80.0,83.31,79.09
08/07/2024,79.06,"3,367,683",82.235,84.474,79.0
08/06/2024,79.53,"3,707,779",84.05,84.11,79.46
08/05/2024,83.52,"5,285,403",80.3,85.44,79.9
08/02/2024,86.99,"5,807,206",88.79,88.79,82.25
08/01/2024,93.17,"4,807,484",94.0,99.47,91.88
07/31/2024,93.67,"5,756,957",91.92,95.9499,91.77
07/30/2024,92.51,"2,449,371",91.03,93.16,90.48
07/29/2024,91.67,"1,915,077",91.41,92.45,90.275
07/26/2024,92.8,"1,868,593",92.54,93.16,90.6
07/25/2024,91.0,"2,776,553",90.55,94.72,90.2
07/24/2024,90.88,"2,100,614",91.0,93.17,90.75
07/23/2024,91.48,"1,896,476",92.38,93.04,91.06
07/22/2024,93.57,"2,075,715",93.13,93.99,91.4
07/19/2024,92.09,"2,235,708",92.74,92.925,90.02
07/18/2024,93.81,"2,324,922",94.61,98.22,93.45
07/17/2024,95.08,"2,469,028",97.31,99.255,92.65
07/16/2024,97.71,"2,586,747",95.36,98.09,94.27
07/15/2024,95.49,"2,640,030",93.6,96.95,93.12
07/12/2024,97.87,"1,968,423",98.98,99.7,96.8301
07/11/2024,97.95,"2,708,662",98.36,100.195,96.9101
07/10/2024,96.9,"4,153,877",91.04,97.3,90.75
07/09/2024,90.47,"6,427,701",96.85,98.02,90.32
07/08/2024,99.15,"2,194,027",99.15,101.65,99.11
07/05/2024,98.35,"2,229,817",98.78,100.34,97.11
07/03/2024,100.09,"2,309,128",98.1,101.38,97.0
07/02/2024,97.06,"4,115,185",98.81,102.5553,96.0
07/01/2024,97.41,"2,451,651",95.25,97.44,94.82
06/28/2024,95.52,"4,489,171",96.5,96.6,93.54
06/27/2024,96.27,"4,049,923",98.48,99.1,94.8805
06/26/2024,100.28,"4,847,629",95.52,100.63,95.03
06/25/2024,92.77,"3,220,878",95.2,96.11,92.61
06/24/2024,96.4,"3,280,617",93.55,96.53,93.19
06/21/2024,94.66,"5,567,445",93.0,96.0,92.29
06/20/2024,93.79,"5,663,792",97.7,97.9877,93.73
06/18/2024,99.54,"3,526,940",100.36,102.5,98.7
06/17/2024,100.63,"4,291,355",102.74,104.1633,98.95
06/14/2024,103.51,"3,910,603",107.1,108.59,103.32
06/13/2024,108.23,"4,262,418",111.6,113.2899,107.67
06/12/2024,112.65,"2,723,614",117.0,118.8,111.78
06/11/2024,113.97,"1,957,089",113.54,114.16,112.1392
06/10/2024,114.06,"1,701,685",114.0,114.89,112.4214
06/07/2024,114.94,"2,056,806",116.78,117.56,114.23
06/06/2024,118.18,"3,002,649",117.0,118.52,114.43
06/05/2024,118.65,"1,645,837",119.06,120.275,117.48
06/04/2024,118.31,"2,119,612",119.75,120.63,118.04
06/03/2024,120.89,"2,123,759",124.84,124.84,119.79
05/31/2024,122.59,"3,525,435",124.19,125.3,120.205
05/30/2024,123.78,"1,557,753",123.57,125.94,123.32
05/29/2024,123.44,"1,765,868",124.71,126.36,123.41
05/28/2024,127.76,"2,105,265",128.28,129.5,125.895
05/24/2024,127.59,"1,445,741",123.96,127.7,123.64
05/23/2024,122.95,"1,754,358",126.76,126.76,122.67
05/22/2024,126.48,"2,423,548",124.0,128.35,122.8016
05/21/2024,126.64,"1,655,269",128.83,130.8,126.64
05/20/2024,130.15,"2,202,923",131.0,131.0,126.3
05/17/2024,131.12,"2,283,339",129.67,134.75,129.25
05/16/2024,129.19,"1,743,633",128.61,130.44,126.7501
05/15/2024,127.57,"3,929,707",137.26,137.4958,126.65
05/14/2024,135.46,"2,161,769",133.0,137.0,132.865
05/13/2024,131.51,"1,562,712",131.11,134.29,130.47
05/10/2024,129.62,"1,920,618",133.9,133.9,129.0567
05/09/2024,133.55,"1,963,887",131.21,133.89,129.5001
05/08/2024,130.46,"1,810,647",128.11,130.88,126.8
05/07/2024,131.55,"2,429,739",130.35,135.75,130.01
05/06/2024,130.78,"1,959,492",130.48,131.5,127.65
05/03/2024,128.1,"2,600,059",128.1,130.93,127.38
05/02/2024,125.3,"4,490,002",117.5,127.4799,117.35
05/01/2024,119.0,"2,701,547",120.52,123.06,117.74
04/30/2024,120.31,"3,574,586",122.99,124.43,119.62
04/29/2024,125.73,"3,867,169",122.5,125.89,122.19
04/26/2024,116.88,"1,723,562",116.01,118.07,114.83
04/25/2024,114.98,"1,421,058",113.53,115.53,111.05
04/24/2024,115.27,"2,235,296",114.3,115.73,112.18
04/23/2024,114.21,"1,782,667",111.25,115.93,110.2814
04/22/2024,112.29,"2,281,919",111.77,113.78,108.3
04/19/2024,112.15,"1,976,050",111.68,114.75,111.27
04/18/2024,111.8,"2,208,183",114.62,114.93,110.51
04/17/2024,114.39,"2,080,628",115.35,117.91,114.33
04/16/2024,114.11,"3,493,139",116.88,119.05,113.89
04/15/2024,120.5,"1,943,505",123.66,124.74,119.9
04/12/2024,122.58,"2,805,212",129.88,130.86,122.11
04/11/2024,130.31,"3,169,562",129.29,130.83,125.1
04/10/2024,127.65,"3,605,333",129.35,131.74,125.41
04/09/2024,129.16,"3,003,502",132.92,133.72,127.38
04/08/2024,131.69,"3,560,772",125.19,133.09,124.5114
04/05/2024,123.45,"1,901,100",120.24,123.74,119.64
04/04/2024,121.12,"3,032,916",130.41,131.01,120.92
04/03/2024,128.87,"1,946,285",127.29,129.99,125.4
04/02/2024,126.48,"2,335,610",127.05,127.79,124.9
04/01/2024,129.18,"2,088,134",132.0,132.8,126.88
03/28/2024,131.74,"3,988,818",128.98,132.42,127.27
03/27/2024,128.8,"4,722,632",119.65,129.02,119.64
03/26/2024,119.01,"2,506,078",119.25,120.535,117.28
03/25/2024,118.35,"2,129,335",120.58,122.23,118.25
03/22/2024,120.86,"2,454,915",121.99,125.13,120.79
03/21/2024,124.86,"2,350,942",125.85,127.565,124.12
03/20/2024,124.45,"2,528,950",120.27,126.73,119.5
03/19/2024,120.54,"2,326,612",121.5,123.3639,120.25
03/18/2024,124.58,"1,886,178",123.73,125.74,120.5
03/15/2024,122.14,"3,203,690",119.0,123.0,116.77
03/14/2024,119.89,"3,010,019",122.5,123.25,119.1304
03/13/2024,125.79,"2,176,855",122.88,126.9,122.215
03/12/2024,123.93,"3,443,054",127.07,128.5,121.34
03/11/2024,124.75,"4,130,149",119.37,125.84,119.37
03/08/2024,118.33,"3,478,996",123.31,124.2536,118.0
03/07/2024,122.66,"4,235,482",119.05,123.29,118.2914
03/06/2024,119.59,"15,606,720",110.28,119.83,110.28
03/05/2024,109.4,"19,347,680",122.06,122.44,106.69
03/04/2024,133.2,"4,216,881",140.15,140.22,133.12
03/01/2024,142.8,"3,286,278",138.38,143.19,137.8804
02/29/2024,137.85,"4,562,992",136.54,140.64,135.755
02/28/2024,132.06,"2,733,065",130.66,133.75,129.98
02/27/2024,128.59,"3,540,341",127.44,130.32,126.5
02/26/2024,121.52,"2,080,960",120.0,124.25,118.75
02/23/2024,120.65,"2,762,346",118.48,122.045,115.92
02/22/2024,118.18,"2,018,322",117.95,120.4,116.76
02/21/2024,118.55,"3,683,291",115.2,120.57,114.06
02/20/2024,114.82,"3,840,190",122.1,122.1,113.4
02/16/2024,122.59,"4,406,238",118.87,125.85,118.77
02/15/2024,117.5,"6,739,167",112.0,124.18,112.0
02/14/2024,114.39,"3,134,246",113.73,114.5,111.68
02/13/2024,112.2,"3,997,319",114.0,114.82,111.17
02/12/2024,120.09,"2,865,801",115.75,122.65,115.6589
02/09/2024,115.78,"2,491,661",113.5,116.19,113.13
02/08/2024,114.33,"2,473,800",114.07,115.3388,112.28
02/07/2024,115.05,"2,427,548",114.13,115.99,111.495
02/06/2024,113.02,"3,043,287",109.8,114.03,109.6
02/05/2024,108.73,"3,891,748",111.78,112.7,108.39
02/02/2024,114.25,"2,853,817",114.34,115.58,112.5
02/01/2024,116.78,"3,398,441",117.0,118.1,113.29
01/31/2024,114.74,"3,653,320",119.25,120.1014,114.48
01/30/2024,120.31,"1,948,692",121.27,122.99,118.8
01/29/2024,123.2,"1,996,433",118.65,123.28,117.38
01/26/2024,119.84,"1,524,959",120.07,122.13,119.0
01/25/2024,118.45,"2,810,373",122.0,123.37,115.96
01/24/2024,121.69,"2,026,517",125.35,126.075,120.02
01/23/2024,122.59,"2,877,395",123.92,127.24,120.82
01/22/2024,120.75,"4,026,775",113.78,122.79,113.0
01/19/2024,115.13,"4,170,326",118.08,118.09,112.29
01/18/2024,117.99,"3,418,701",121.09,121.37,115.12
01/17/2024,120.7,"2,818,573",123.02,124.6148,120.2401
01/16/2024,125.95,"2,256,587",125.5,127.05,123.84
01/12/2024,126.05,"1,637,685",128.79,130.124,125.6493
01/11/2024,128.65,"2,976,823",132.74,133.18,127.93
01/10/2024,132.94,"2,145,745",131.79,134.09,130.12
01/09/2024,133.67,"1,832,357",133.99,135.12,131.1
01/08/2024,136.58,"1,879,299",134.2,136.99,132.7534
01/05/2024,135.83,"2,284,885",135.42,138.2199,133.95
01/04/2024,135.93,"3,208,047",141.08,141.08,135.03
01/03/2024,140.18,"2,731,031",142.59,142.895,136.7
01/02/2024,146.89,"1,962,347",143.0,149.61,141.26
12/29/2023,144.48,"2,834,584",149.03,149.03,142.1501
12/28/2023,149.43,"1,378,355",149.3,151.7899,149.0
12/27/2023,149.32,"2,027,642",153.19,153.2071,147.23
12/26/2023,152.39,"1,958,052",152.09,153.09,149.105
12/22/2023,150.09,"2,601,795",145.94,153.5399,145.45
12/21/2023,145.45,"1,799,815",146.12,147.33,143.4825
12/20/2023,142.53,"2,627,551",148.62,150.07,141.77
12/19/2023,148.93,"2,276,828",148.42,151.29,147.53
12/18/2023,145.91,"2,652,762",147.14,147.42,143.92
12/15/2023,147.06,"5,938,814",147.16,151.23,145.5101
12/14/2023,145.89,"5,668,483",143.5,148.77,143.35
12/13/2023,140.06,"4,955,051",129.36,140.805,129.34
12/12/2023,127.94,"3,062,203",126.54,128.63,123.45
12/11/2023,126.54,"2,798,445",124.0,127.04,120.75
12/08/2023,127.99,"4,844,856",129.0,133.25,127.73
12/07/2023,125.35,"3,971,253",121.23,126.08,120.945
12/06/2023,118.3,"5,036,103",117.5,122.17,116.71
12/05/2023,113.26,"4,357,484",116.22,116.95,112.12
12/04/2023,119.98,"3,416,663",123.9,125.9598,119.21
12/01/2023,126.16,"2,803,838",119.72,126.22,119.2001
11/30/2023,121.27,"4,047,900",124.21,124.21,118.8
11/29/2023,123.38,"2,546,647",126.46,128.45,121.63
11/28/2023,123.91,"2,438,781",121.5,125.95,120.17
11/27/2023,120.78,"4,314,729",125.4,125.79,118.32
11/24/2023,128.87,"1,429,527",125.24,130.275,125.2
11/22/2023,126.59,"2,590,869",126.13,126.63,121.0
11/21/2023,126.13,"2,553,724",128.7,130.72,125.41
11/20/2023,130.36,"2,916,372",127.565,131.505,126.25
11/17/2023,127.39,"2,016,500",125.0,127.43,123.04
11/16/2023,122.6,"3,561,738",124.8,127.04,120.48
11/15/2023,127.72,"3,351,287",127.17,134.46,127.16
11/14/2023,125.32,"4,044,077",118.75,126.32,118.75
11/13/2023,114.19,"4,332,936",114.61,116.88,112.0
11/10/2023,116.98,"2,649,441",114.75,117.76,113.18
11/09/2023,114.6,"2,744,634",119.98,120.6,113.64
11/08/2023,119.01,"2,398,485",121.61,123.4,117.862
11/07/2023,122.11,"2,695,027",119.0,123.12,118.6
11/06/2023,119.46,"4,014,068",125.09,125.74,118.5
11/03/2023,127.98,"4,236,902",127.81,134.22,126.51
11/02/2023,124.62,"7,173,518",119.0,127.0,116.35
11/01/2023,122.96,"4,793,357",125.78,126.0,119.61
10/31/2023,126.78,"6,601,232",126.67,127.35,123.17
10/30/2023,127.41,"3,854,386",136.0,137.48,126.77
10/27/2023,134.44,"1,508,114",136.79,138.35,133.81
10/26/2023,135.21,"2,272,266",136.39,138.95,134.675
10/25/2023,135.32,"2,988,415",136.0,138.11,133.22
10/24/2023,139.24,"2,326,424",137.0,141.8,136.94
10/23/2023,136.28,"3,210,859",136.56,138.85,134.34
10/20/2023,138.68,"3,656,382",142.94,144.62,138.55
10/19/2023,144.56,"4,207,861",150.57,151.6,142.67
10/18/2023,152.89,"5,773,366",163.65,164.06,152.0608
10/17/2023,169.48,"1,594,484",166.22,172.09,165.51
10/16/2023,167.73,"1,884,256",165.97,169.84,165.58
10/13/2023,163.38,"2,289,711",171.84,175.195,162.8
10/12/2023,170.8,"3,323,133",174.8,177.52,165.94
10/11/2023,164.8,"1,777,340",162.08,166.34,162.08
10/10/2023,162.08,"2,484,929",158.76,164.0,158.01
10/09/2023,155.75,"2,607,383",158.04,158.5,153.2
10/06/2023,159.84,"1,834,283",154.66,161.17,153.66
10/05/2023,155.03,"1,948,531",157.21,157.67,152.0
10/04/2023,158.4,"2,304,251",157.56,158.88,152.13
10/03/2023,156.77,"2,515,094",160.0,161.3,155.145
10/02/2023,162.41,"1,949,943",169.19,169.59,161.37
09/29/2023,170.04,"1,969,813",175.0,176.83,169.685
09/28/2023,172.4,"2,547,546",163.98,173.275,163.52
09/27/2023,162.63,"2,245,605",165.11,165.58,162.07
09/26/2023,163.65,"2,295,230",164.51,166.16,162.0
09/25/2023,166.89,"1,788,894",166.39,167.9,164.23
09/22/2023,168.21,"1,288,559",172.15,173.51,167.68
09/21/2023,168.94,"2,246,874",172.5,172.7238,167.67
09/20/2023,174.44,"1,730,652",180.09,181.48,174.21
09/19/2023,179.99,"1,397,281",181.3,182.25,178.405
09/18/2023,181.62,"1,419,962",183.38,183.5,179.47
09/15/2023,183.84,"1,980,558",184.33,188.4699,182.93
09/14/2023,184.97,"1,552,745",186.15,186.6299,183.81
09/13/2023,184.58,"1,437,810",185.31,186.82,182.98
09/12/2023,184.35,"1,480,666",186.0,188.4,183.61
09/11/2023,186.32,"1,297,852",186.3,189.19,185.65
09/08/2023,184.43,"1,531,722",187.05,187.5145,182.31
09/07/2023,187.57,"1,766,705",186.69,188.3561,184.0301
09/06/2023,189.83,"2,544,126",200.45,201.76,187.89
09/05/2023,200.8,"2,581,039",200.24,203.62,197.33
09/01/2023,200.26,"1,158,151",200.66,202.04,198.6
08/31/2023,198.71,"1,001,263",199.59,199.965,197.9
08/30/2023,198.59,"1,081,528",197.21,199.22,195.71
08/29/2023,197.75,"1,712,961",190.63,198.79,189.46
08/28/2023,189.64,"1,176,497",189.47,192.98,189.01
08/25/2023,189.74,"1,761,329",190.0,190.87,185.659
08/24/2023,190.74,"1,281,269",192.04,192.93,189.35
08/23/2023,191.78,"1,189,243",188.52,192.35,186.76
08/22/2023,188.16,"1,870,131",189.76,190.47,185.881
08/21/2023,188.07,"1,787,105",185.98,188.54,185.7
08/18/2023,183.39,"1,775,259",180.79,183.67,180.3201
08/17/2023,182.68,"2,091,277",181.28,184.69,180.04
08/16/2023,181.53,"1,851,231",182.2,186.79,179.85
08/15/2023,184.04,"2,676,675",182.88,184.96,179.28
08/14/2023,185.54,"2,802,500",184.78,185.98,182.08
08/11/2023,187.49,"1,783,121",190.33,190.51,186.755
08/10/2023,191.67,"1,954,424",195.55,195.82,191.16
08/09/2023,194.22,"1,077,825",196.5,197.54,194.11
08/08/2023,195.65,"1,505,963",193.91,195.7,191.53
08/07/2023,196.75,"1,723,475",200.15,200.44,194.72
08/04/2023,200.09,"2,148,831",200.9,205.86,199.255
08/03/2023,199.35,"3,204,564",214.54,214.99,198.815
08/02/2023,202.89,"2,041,479",205.49,205.72,201.0
08/01/2023,207.99,"1,945,993",210.0,211.04,205.93
07/31/2023,212.28,"3,309,379",208.07,215.8199,206.81
07/28/2023,208.05,"1,828,698",210.33,211.9599,205.62
07/27/2023,205.95,"2,250,224",210.93,210.95,205.11
07/26/2023,210.02,"1,626,873",211.47,213.1099,208.14
07/25/2023,212.51,"2,097,691",212.64,217.7748,211.41
07/24/2023,210.8,"2,291,688",213.92,214.385,208.35
07/21/2023,215.99,"2,833,348",220.75,221.1199,211.57
07/20/2023,223.11,"2,255,841",230.0,231.53,221.565
07/19/2023,232.52,"1,242,464",237.0,237.55,231.54
07/18/2023,237.03,"1,071,283",238.01,239.13,235.075
07/17/2023,237.66,"880,448",234.12,239.45,234.0
07/14/2023,235.27,"1,080,565",241.49,241.74,234.5001
07/13/2023,241.67,"994,927",246.0,246.0,240.12
07/12/2023,243.44,"1,181,883",240.0,246.71,240.0
07/11/2023,239.09,"1,526,242",244.49,247.44,238.01
07/10/2023,239.86,"1,281,847",237.5,241.1925,236.81
07/07/2023,237.52,"2,141,191",227.0,240.26,227.0
07/06/2023,227.57,"1,690,805",225.48,227.96,219.87
07/05/2023,229.02,"1,485,396",228.2,232.1899,226.43
07/03/2023,229.26,"1,496,081",224.26,232.16,224.26
06/30/2023,223.09,"1,348,445",219.29,223.8299,216.6005
06/29/2023,218.98,"1,604,946",217.13,219.62,215.62
06/28/2023,217.0,"1,901,293",225.48,225.65,216.7
06/27/2023,227.07,"1,174,949",224.8,227.99,221.4
06/26/2023,225.22,"1,688,822",221.85,228.0299,221.37
06/23/2023,220.18,"3,467,331",221.69,221.96,218.2
06/22/2023,226.0,"1,595,206",228.77,228.77,222.41
06/21/2023,230.38,"1,553,574",230.0,233.03,229.1834
06/20/2023,232.22,"2,286,827",228.57,233.6,225.09
06/16/2023,228.17,"2,348,926",231.36,231.9,227.195
06/15/2023,230.91,"1,367,891",225.25,232.36,224.66
06/14/2023,226.8,"1,942,671",231.3,233.735,225.01
06/13/2023,228.85,"2,178,546",220.85,229.58,219.54
06/12/2023,218.55,"1,479,411",220.17,220.57,217.1
06/09/2023,220.5,"1,492,764",220.05,222.83,218.36
06/08/2023,219.62,"1,610,870",218.8,220.55,216.3401
06/07/2023,218.82,"1,918,476",213.91,219.14,213.265
06/06/2023,213.11,"1,607,648",204.0,215.35,203.53
06/05/2023,206.17,"1,242,520",209.36,209.54,204.71
06/02/2023,208.36,"2,113,059",203.22,210.17,202.46
06/01/2023,195.54,"1,614,913",193.32,197.63,191.65
05/31/2023,193.53,"2,551,583",199.93,200.97,192.43
05/30/2023,201.86,"1,690,222",204.75,206.03,199.1
05/26/2023,203.99,"1,743,466",208.3,208.63,201.02
05/25/2023,204.97,"2,912,548",211.5,211.86,202.8
05/24/2023,212.23,"1,787,223",214.29,214.81,209.49
05/23/2023,216.07,"4,014,308",206.42,220.1,206.01
05/22/2023,206.5,"1,882,268",209.5,210.565,205.219
05/19/2023,204.15,"1,577,915",208.5,209.43,203.45
05/18/2023,210.14,"2,021,800",212.07,212.68,208.285
05/17/2023,207.99,"1,581,106",205.11,209.625,203.32
05/16/2023,205.67,"2,260,669",202.27,207.775,201.6
05/15/2023,203.75,"2,564,312",200.66,208.17,200.66
05/12/2023,195.79,"1,429,414",198.58,200.76,194.37
05/11/2023,198.52,"2,400,569",199.44,201.675,197.3
05/10/2023,194.51,"2,329,071",198.83,199.8,192.24
05/09/2023,195.17,"3,323,687",187.5,197.39,187.5
05/08/2023,185.88,"2,718,587",184.0,186.89,183.06
05/05/2023,179.7,"2,363,505",179.43,185.0,179.43
05/04/2023,175.65,"4,558,416",173.0,184.9319,172.62
05/03/2023,172.91,"3,640,751",180.45,182.38,172.69
05/02/2023,173.4,"2,315,066",175.35,176.21,172.26
05/01/2023,177.27,"1,906,237",187.53,187.79,177.08
04/28/2023,185.46,"2,521,097",185.3,186.0,182.71
04/27/2023,186.0,"2,417,801",181.85,188.93,180.5
04/26/2023,181.2,"3,286,544",177.53,182.99,177.53
04/25/2023,176.66,"2,720,712",179.94,180.63,176.34
04/24/2023,183.96,"5,918,180",178.56,184.8,177.71
04/21/2023,173.75,"8,800,132",188.5,188.56,171.82
04/20/2023,193.05,"2,432,486",198.36,200.35,193.05
04/19/2023,203.78,"1,092,587",202.44,205.0,201.51
04/18/2023,205.27,"2,060,007",209.65,212.22,203.94
04/17/2023,205.9,"3,497,804",205.02,208.37,204.5333
04/14/2023,204.0,"2,266,905",204.59,212.47,203.53
04/13/2023,203.01,"1,280,326",203.19,205.34,199.96
04/12/2023,201.7,"1,320,054",205.85,206.76,201.44
04/11/2023,201.71,"1,736,728",201.31,202.35,197.05
04/10/2023,199.82,"2,008,313",194.47,199.9,193.59
04/06/2023,194.68,"2,014,378",195.18,195.99,193.02
04/05/2023,196.71,"4,657,516",200.96,201.12,193.26
04/04/2023,209.57,"2,212,462",216.94,216.94,207.2
04/03/2023,218.43,"1,507,618",221.22,223.29,217.3144
03/31/2023,221.04,"1,835,392",223.23,224.57,219.22
03/30/2023,222.44,"1,293,991",228.66,229.32,222.43
03/29/2023,224.46,"1,373,922",223.0,224.71,218.5647
03/28/2023,218.16,"1,817,480",222.3,224.71,216.47
03/27/2023,218.88,"2,045,027",220.95,221.9605,216.595
03/24/2023,217.79,"1,588,330",212.41,217.94,208.67
03/23/2023,215.64,"1,422,767",218.58,224.56,213.07
03/22/2023,216.11,"1,515,928",223.39,225.84,216.07
03/21/2023,222.93,"1,905,143",218.58,223.91,216.77
03/20/2023,213.2,"1,795,335",208.75,215.4,204.66
03/17/2023,208.49,"2,300,271",213.19,213.19,206.6422
03/16/2023,214.61,"1,930,228",212.68,215.46,207.2652
03/15/2023,214.4,"3,029,327",218.01,219.28,210.1
03/14/2023,225.36,"2,038,088",228.65,229.61,222.16
03/13/2023,222.99,"1,838,331",220.12,230.06,215.82
03/10/2023,225.13,"2,619,255",235.0,235.03,223.91
03/09/2023,236.75,"1,708,830",252.91,255.32,236.24
03/08/2023,253.25,"922,019",248.93,254.35,248.23
03/07/2023,248.9,"1,331,628",254.46,257.05,247.03
03/06/2023,256.89,"971,768",260.23,263.25,255.15
03/03/2023,259.37,"1,186,139",251.4,259.53,249.71
03/02/2023,250.38,"1,801,057",246.37,252.0819,242.5
03/01/2023,252.64,"1,311,579",255.49,256.33,249.81
02/28/2023,254.31,"1,630,874",257.46,260.99,254.26
02/27/2023,257.02,"1,907,579",253.26,260.2,252.16
02/24/2023,249.52,"1,301,652",248.84,251.0,244.56
02/23/2023,253.85,"2,271,259",250.0,254.65,245.6388
02/22/2023,246.45,"1,993,544",243.0,247.61,242.17
02/21/2023,241.96,"3,003,300",256.47,256.91,241.375
02/17/2023,258.01,"5,758,325",278.87,279.04,252.52
02/16/2023,285.62,"3,076,293",276.5,293.01,263.03
02/15/2023,272.79,"1,546,819",268.19,273.09,268.11
02/14/2023,270.7,"1,168,450",267.24,273.84,266.42
02/13/2023,269.93,"843,544",268.4,271.6,267.885
02/10/2023,268.29,"1,391,421",264.98,268.8399,259.305
02/09/2023,267.39,"1,202,998",271.0,276.5236,266.1
02/08/2023,268.15,"1,523,627",277.99,281.34,267.79
02/07/2023,279.34,"1,068,022",277.4,280.28,273.26
02/06/2023,276.81,"1,415,724",286.36,290.1799,276.59
02/03/2023,287.23,"1,166,868",288.42,291.98,285.12
02/02/2023,290.15,"1,209,337",288.7,291.09,285.5
02/01/2023,285.9,"1,329,364",280.14,289.27,279.47
01/31/2023,281.45,"1,554,422",272.35,282.44,271.0901
01/30/2023,271.98,"1,129,047",276.86,280.8,271.73
01/27/2023,281.72,"1,234,319",281.24,285.335,278.17
01/26/2023,279.45,"1,849,439",277.67,285.44,275.7569
01/25/2023,270.98,"1,272,934",264.23,271.3,260.73
01/24/2023,264.59,"1,740,737",270.0,270.0,252.65
01/23/2023,260.64,"1,976,968",249.5,261.0999,248.905
01/20/2023,248.49,"1,266,611",241.37,248.86,239.7128
01/19/2023,239.11,"1,452,589",242.19,244.0,235.83
01/18/2023,243.8,"1,181,644",245.61,251.88,243.55
01/17/2023,243.07,"1,354,386",243.52,245.43,241.76
01/13/2023,242.23,"1,262,866",236.0,242.32,233.34
01/12/2023,243.21,"1,462,155",238.06,244.77,235.6598
01/11/2023,236.56,"1,931,549",228.31,238.05,227.45
01/10/2023,223.9,"896,497",225.35,227.39,220.6661
01/09/2023,224.0,"1,467,812",224.68,230.44,224.0
01/06/2023,221.64,"1,618,329",220.0,223.0,215.29
01/05/2023,218.61,"1,549,201",222.28,224.82,217.05
01/04/2023,223.57,"1,734,726",219.1,224.86,215.67
01/03/2023,214.5,"2,293,435",219.15,219.48,208.57
12/30/2022,216.86,"951,830",215.14,218.4799,213.6
12/29/2022,217.47,"1,285,619",217.87,221.85,216.87
12/28/2022,214.04,"1,754,893",213.44,217.02,210.42
12/27/2022,214.16,"1,871,739",225.29,226.17,213.52
12/23/2022,226.96,"678,752",224.48,227.16,221.24
12/22/2022,225.98,"1,228,640",229.14,229.375,222.14
12/21/2022,232.63,"1,381,640",234.29,237.7,227.05
12/20/2022,233.5,"1,033,663",230.12,236.29,229.07
12/19/2022,233.34,"1,271,399",242.75,243.13,231.29
12/16/2022,242.86,"2,508,778",238.72,244.59,236.91
12/15/2022,240.5,"1,955,964",240.73,246.59,237.77
12/14/2022,247.86,"1,988,637",260.47,263.085,246.66
12/13/2022,261.91,"940,979",268.85,269.0,259.55
12/12/2022,259.36,"1,243,730",252.37,261.1,250.5901
12/09/2022,253.25,"1,186,644",256.97,257.72,252.37
12/08/2022,256.03,"1,412,649",263.66,263.66,254.35
12/07/2022,257.61,"1,240,413",260.73,265.38,256.57
12/06/2022,257.99,"1,775,729",267.38,267.38,255.39
12/05/2022,265.23,"1,872,034",281.36,282.36,265.12
12/02/2022,284.28,"1,178,206",273.69,285.4,272.69
12/01/2022,275.29,"1,086,180",280.25,280.52,268.76
11/30/2022,277.99,"1,604,827",270.2,278.32,268.35
11/29/2022,270.02,"1,219,023",269.1,274.4183,266.39
11/28/2022,266.11,"1,663,076",267.17,268.39,263.5014
11/25/2022,272.82,"1,341,936",276.8,277.68,266.71
11/23/2022,283.9,"994,506",282.09,289.04,279.82
11/22/2022,283.09,"1,239,258",283.66,285.77,277.44
11/21/2022,282.88,"1,363,125",275.16,286.53,269.57
11/18/2022,276.98,"1,266,161",281.0,281.0,274.36
11/17/2022,277.45,"1,684,116",283.64,284.0,275.02
11/16/2022,286.77,"1,486,612",295.36,296.74,285.32
11/15/2022,295.86,"3,161,059",300.67,301.33,280.6
11/14/2022,316.35,"1,628,554",322.75,323.72,309.66
11/11/2022,325.38,"1,421,611",323.0,334.5499,319.23
11/10/2022,320.77,"1,473,277",311.12,320.81,304.2801
11/09/2022,300.13,"1,428,073",304.51,310.5,297.59
11/08/2022,306.01,"2,023,116",290.34,311.53,288.52
11/07/2022,286.49,"871,799",286.82,288.28,281.6801
11/04/2022,284.99,"1,480,748",283.89,286.74,275.44
11/03/2022,274.56,"2,240,869",253.0,278.5,250.5
11/02/2022,266.52,"1,598,150",276.18,279.5,265.5
11/01/2022,279.0,"1,276,246",285.66,287.88,278.89
10/31/2022,279.87,"2,300,831",277.88,281.5325,273.73
10/28/2022,280.16,"940,610",281.2,285.83,276.12
10/27/2022,282.17,"1,000,170",284.0,284.5,274.3
10/26/2022,282.15,"1,051,609",283.42,287.07,279.39
10/25/2022,281.43,"1,103,499",270.05,282.205,268.865
10/24/2022,270.57,"991,696",269.0,270.88,258.88
10/21/2022,270.01,"1,318,369",255.97,271.37,254.51
10/20/2022,255.39,"1,067,825",258.33,261.22,252.61
10/19/2022,256.51,"1,151,240",250.0,256.83,247.86
10/18/2022,251.67,"973,900",255.51,257.94,249.6501
10/17/2022,248.03,"1,327,565",245.02,251.41,243.7
10/14/2022,237.47,"1,987,244",258.99,261.03,236.88
10/13/2022,256.0,"2,691,510",237.5,257.94,231.67
10/12/2022,251.45,"3,589,542",272.0,272.83,245.44
10/11/2022,272.99,"1,412,419",274.11,275.865,267.55
10/10/2022,278.1,"1,029,988",273.54,278.45,269.73
10/07/2022,272.53,"1,031,597",276.48,276.97,266.27
10/06/2022,280.94,"1,359,553",274.39,285.2973,274.39
10/05/2022,276.8,"1,118,760",280.42,281.17,268.69
10/04/2022,283.78,"1,266,456",284.91,289.05,278.7
10/03/2022,273.73,"1,524,753",270.75,275.73,262.37
09/30/2022,264.44,"1,078,030",263.2,270.5326,261.73
09/29/2022,265.44,"1,014,395",273.82,274.085,262.1
09/28/2022,277.95,"1,179,161",267.0,279.0,264.55
09/27/2022,269.68,"1,104,820",271.19,276.33,265.08
09/26/2022,265.03,"1,256,343",266.79,274.61,264.4255
09/23/2022,269.45,"1,485,514",265.0,269.85,260.31
09/22/2022,272.15,"1,576,214",289.12,289.87,270.74
09/21/2022,285.03,"995,203",290.81,297.53,284.85
09/20/2022,287.65,"903,912",293.39,294.0,284.31
09/19/2022,296.95,"1,134,653",281.85,297.71,281.82
09/16/2022,287.32,"1,925,065",281.26,288.045,277.03
09/15/2022,286.75,"1,618,901",302.15,303.85,286.4701
09/14/2022,307.05,"1,590,613",296.48,308.24,295.1
09/13/2022,298.09,"1,957,051",286.56,307.12,285.5501
09/12/2022,296.97,"1,060,887",300.39,300.409,291.795
09/09/2022,300.37,"1,580,851",295.0,302.5414,295.0
09/08/2022,291.43,"1,635,179",277.69,292.29,276.9847
09/07/2022,279.2,"1,386,920",265.06,279.675,264.4662
09/06/2022,266.7,"1,412,017",268.99,270.5,258.72
09/02/2022,259.88,"1,194,679",262.84,265.96,257.77
09/01/2022,256.96,"1,725,619",264.27,264.27,249.58
08/31/2022,267.96,"1,558,214",272.76,273.0871,267.37
08/30/2022,272.77,"1,913,363",286.805,288.0,271.61
08/29/2022,284.97,"744,268",282.87,290.34,280.35
08/26/2022,288.16,"920,842",296.11,296.54,286.52
08/25/2022,295.68,"1,369,952",290.59,298.17,290.1501
08/24/2022,287.88,"795,423",282.0,288.5999,280.01
08/23/2022,281.03,"1,038,932",277.59,283.91,276.2
08/22/2022,275.7,"1,454,341",265.0,277.1,263.35
08/19/2022,270.02,"1,223,731",275.92,276.0,266.3
08/18/2022,279.51,"1,070,663",278.9,282.01,275.918
08/17/2022,277.62,"987,714",275.5,283.61,273.9
08/16/2022,280.81,"1,297,846",283.47,284.55,276.88
08/15/2022,284.08,"1,793,938",276.58,289.09,276.21
08/12/2022,281.57,"1,995,655",267.0,281.65,266.45
08/11/2022,265.7,"1,983,339",263.09,272.45,263.09
08/10/2022,259.3,"1,359,852",249.99,259.395,248.68
08/09/2022,244.66,"762,236",244.63,247.97,241.07
08/08/2022,244.84,"1,469,679",243.54,253.565,242.96
08/05/2022,237.99,"1,427,951",232.23,243.8,231.765
08/04/2022,234.89,"2,191,952",246.2,250.15,230.02
08/03/2022,239.54,"1,407,669",246.0,246.0,234.17
08/02/2022,243.89,"1,025,443",239.0,246.615,238.6437
08/01/2022,239.96,"957,502",242.5,243.9461,237.47
07/29/2022,244.31,"1,506,630",238.5,245.705,237.0
07/28/2022,236.32,"1,083,974",237.09,239.06,232.591
07/27/2022,234.29,"787,069",228.34,235.671,225.035
07/26/2022,225.1,"881,495",228.27,229.12,224.44
07/25/2022,227.57,"720,673",221.58,227.79,217.155
07/22/2022,221.46,"707,664",228.0,228.2661,220.24
07/21/2022,225.6,"865,250",219.5,226.07,219.25
07/20/2022,219.51,"933,445",213.78,220.519,210.63
07/19/2022,211.52,"780,970",207.86,212.31,207.01
07/18/2022,203.88,"940,390",206.25,208.21,202.546
07/15/2022,200.7,"912,550",200.35,201.51,195.33
07/14/2022,196.66,"992,430",192.67,196.76,190.18
07/13/2022,196.0,"881,942",191.6,198.105,189.25
07/12/2022,195.82,"938,474",197.74,199.59,193.16
07/11/2022,199.82,"897,684",201.68,202.26,197.19
07/08/2022,205.93,"907,873",203.55,208.55,200.28
07/07/2022,203.0,"1,594,289",203.68,206.51,202.34
07/06/2022,198.3,"1,486,589",200.14,202.16,193.7
07/05/2022,200.43,"1,203,663",201.22,201.22,195.0801
07/01/2022,205.15,"1,003,114",205.68,208.78,200.45
06/30/2022,208.98,"1,250,741",207.96,211.95,203.86
06/29/2022,211.89,"1,405,576",222.16,223.13,208.64
06/28/2022,223.19,"1,586,193",226.0,232.78,222.215
06/27/2022,226.62,"1,238,402",221.64,228.59,221.01
06/24/2022,224.79,"2,392,246",216.75,226.59,214.41
06/23/2022,213.62,"1,163,069",217.03,219.6,209.31
06/22/2022,216.24,"1,243,251",209.45,220.7,208.37
06/21/2022,216.33,"1,347,802",217.15,218.96,213.38
06/17/2022,212.04,"2,401,442",203.1,213.535,200.35
06/16/2022,202.17,"2,158,741",209.2,209.57,198.67
06/15/2022,215.08,"1,951,835",225.8,225.98,210.88
06/14/2022,223.33,"1,033,162",223.46,228.16,221.03
06/13/2022,222.22,"1,652,496",228.22,229.085,219.1
06/10/2022,236.87,"1,097,997",238.89,241.15,234.9
06/09/2022,241.78,"1,212,417",251.18,252.15,241.48
06/08/2022,253.62,"864,261",256.82,259.87,251.3
06/07/2022,257.89,"986,091",254.41,258.82,252.5
06/06/2022,257.79,"1,280,998",254.23,259.76,253.0
06/03/2022,250.76,"927,495",246.07,251.83,245.2821
06/02/2022,251.29,"1,657,901",233.59,251.48,233.0
06/01/2022,240.12,"3,401,887",252.5,253.5885,232.75
05/31/2022,260.42,"2,705,859",265.09,265.76,254.26
05/27/2022,270.92,"1,952,574",259.0,273.68,257.57
05/26/2022,255.05,"2,265,507",239.14,258.29,237.31
05/25/2022,237.51,"1,532,599",243.99,247.19,232.39
05/24/2022,243.15,"2,202,486",243.28,249.9,237.42
05/23/2022,242.94,"1,003,401",240.0,243.63,235.48
05/20/2022,236.44,"1,120,089",241.66,243.12,228.1
05/19/2022,239.08,"1,067,927",234.68,243.12,233.88
05/18/2022,235.98,"1,109,210",237.12,244.9,234.09
05/17/2022,239.23,"1,141,572",232.49,239.33,231.23
05/16/2022,226.32,"974,612",226.08,233.96,223.671
05/13/2022,228.82,"1,078,597",217.3,231.21,215.5
05/12/2022,213.45,"1,387,872",212.05,218.0,204.51
05/11/2022,213.03,"1,203,908",221.0,227.9535,212.63
05/10/2022,221.43,"1,907,520",227.18,229.5048,213.5
05/09/2022,221.64,"2,422,233",238.0,239.4,220.77
05/06/2022,242.41,"2,321,092",235.5,242.91,228.0
05/05/2022,236.5,"3,740,505",238.0,243.18,221.34
05/04/2022,215.47,"2,090,062",210.9,215.47,204.3
05/03/2022,197.12,"928,303",190.57,198.435,190.37
05/02/2022,191.42,"1,020,772",191.93,194.35,185.15
04/29/2022,192.83,"986,946",195.36,202.055,191.8
04/28/2022,195.26,"943,384",194.19,196.29,187.78
04/27/2022,192.23,"1,007,143",187.36,196.375,187.36
04/26/2022,187.76,"1,012,965",197.04,198.5,187.63
04/25/2022,198.46,"1,530,035",198.1,200.19,191.095
04/22/2022,200.64,"877,283",207.52,210.7,200.37
04/21/2022,207.24,"1,190,613",220.98,222.7,206.1
04/20/2022,217.19,"774,203",221.67,222.21,215.58
04/19/2022,218.15,"718,357",210.14,218.73,207.17
04/18/2022,209.67,"565,919",210.85,213.4382,208.4447
04/14/2022,210.89,"572,594",212.97,215.22,210.22
04/13/2022,212.5,"517,406",206.77,212.7,206.02
04/12/2022,205.02,"710,203",208.7,212.99,202.48
04/11/2022,206.0,"1,054,048",207.34,209.15,201.46
04/08/2022,211.0,"737,120",212.66,214.69,206.195
04/07/2022,211.85,"847,400",212.0,215.0,205.82
04/06/2022,211.47,"1,381,741",215.95,215.95,205.51
04/05/2022,217.3,"1,136,114",226.99,228.26,217.0782
04/04/2022,226.04,"744,340",224.14,226.36,220.14
04/01/2022,224.92,"864,520",224.0,228.38,222.38
03/31/2022,221.15,"1,141,505",222.33,230.0,221.07
03/30/2022,223.15,"934,316",220.88,226.6,219.4195
03/29/2022,222.48,"859,556",218.0,223.885,214.13
03/28/2022,214.34,"832,779",217.41,218.965,210.33
03/25/2022,217.58,"836,396",214.11,218.02,212.42
03/24/2022,214.15,"753,083",208.0,214.68,206.4798
03/23/2022,208.21,"903,619",203.21,212.22,202.66
03/22/2022,205.6,"990,800",198.98,206.35,197.91
03/21/2022,198.68,"818,672",199.02,200.63,193.0
03/18/2022,198.24,"1,347,143",196.65,199.07,194.65
03/17/2022,196.37,"706,658",187.84,196.6,187.84
03/16/2022,191.25,"890,771",185.87,193.98,185.76
03/15/2022,181.95,"834,397",175.36,182.7,172.78
03/14/2022,176.29,"973,250",184.87,186.17,175.26
03/11/2022,184.76,"769,655",188.77,191.45,184.64
03/10/2022,188.37,"785,646",184.62,189.31,183.5125
03/09/2022,187.13,"1,332,422",188.54,189.93,182.23
03/08/2022,180.74,"1,463,530",171.53,184.62,170.01
03/07/2022,172.09,"1,051,550",180.58,181.81,171.14
03/04/2022,179.07,"1,315,726",182.99,184.76,174.72
03/03/2022,186.33,"1,072,053",193.5,194.83,184.51
03/02/2022,191.12,"840,596",189.15,192.11,183.77
03/01/2022,186.44,"992,043",194.48,196.94,184.24
02/28/2022,195.89,"1,583,845",192.6,200.88,190.525
02/25/2022,191.95,"1,135,300",184.4,192.0,180.175
02/24/2022,184.2,"1,979,914",172.26,184.96,169.93
02/23/2022,182.0,"1,643,997",193.0,196.12,180.8201
02/22/2022,191.85,"1,635,670",189.1,199.6311,188.6
02/18/2022,190.76,"3,060,893",200.02,201.4099,187.01
02/17/2022,197.02,"6,180,580",218.49,221.0,194.83
02/16/2022,246.0,"1,394,810",241.01,247.98,236.2017
02/15/2022,241.39,"1,042,917",232.12,242.87,232.12
02/14/2022,227.68,"875,257",230.18,233.88,224.91
02/11/2022,230.89,"1,009,844",233.47,239.09,228.61
02/10/2022,236.04,"795,702",233.45,244.31,232.15
02/09/2022,236.43,"972,357",231.08,237.82,231.08
02/08/2022,226.69,"1,128,379",218.93,227.41,218.2928
02/07/2022,219.78,"780,136",217.46,223.88,217.215
02/04/2022,216.02,"720,625",214.5,219.0,213.451
02/03/2022,215.06,"654,376",218.0,220.9862,214.58
02/02/2022,221.49,"818,613",225.91,226.96,220.97
02/01/2022,225.2,"916,700",227.56,229.41,219.85
01/31/2022,220.74,"1,137,105",207.0,220.96,207.0
01/28/2022,206.23,"819,549",204.83,206.45,197.0
01/27/2022,205.43,"942,564",212.83,214.89,203.2162
01/26/2022,205.62,"1,082,649",211.55,214.645,202.56
01/25/2022,206.01,"1,231,919",208.11,210.835,204.14
01/24/2022,211.92,"1,994,976",205.96,212.78,197.14
01/21/2022,212.75,"1,345,296",214.04,219.49,207.74
01/20/2022,217.15,"1,190,833",220.69,227.27,214.8
01/19/2022,219.69,"705,636",227.82,229.19,219.58
01/18/2022,226.3,"774,756",230.97,232.27,224.3233
01/14/2022,233.67,"557,164",232.0,235.88,228.93
01/13/2022,235.23,"610,866",242.96,246.793,234.52
01/12/2022,241.07,"1,140,319",245.0,248.0,239.57
01/11/2022,240.17,"987,055",227.66,240.9,227.15
01/10/2022,226.97,"1,105,486",231.0,233.0,220.08
01/07/2022,236.02,"795,742",234.01,238.87,231.7263
01/06/2022,233.38,"1,002,592",234.0,235.67,227.1716
01/05/2022,235.64,"1,072,128",240.0,247.43,235.38
01/04/2022,242.58,"1,142,451",239.02,247.95,238.47
01/03/2022,236.67,"1,130,741",236.73,239.05,229.4
12/31/2021,233.77,"378,976",234.01,237.125,233.47
12/30/2021,234.35,"610,222",231.0,237.2177,231.0
12/29/2021,232.53,"573,803",231.5,232.91,227.065
12/28/2021,232.8,"704,665",236.11,236.71,231.015
12/27/2021,233.1,"593,492",229.54,233.34,227.5
12/23/2021,227.9,"810,201",225.69,229.48,223.1703
12/22/2021,225.23,"779,123",224.0,228.93,223.42
12/21/2021,224.15,"805,853",222.42,225.0,219.77
12/20/2021,218.13,"1,703,240",220.11,223.17,215.6801
12/17/2021,229.87,"2,351,553",227.07,232.52,222.2625
12/16/2021,230.92,"1,470,091",242.69,243.0,228.4
12/15/2021,239.79,"1,854,765",229.32,240.48,226.94
12/14/2021,243.83,"1,207,746",245.94,247.65,239.71
12/13/2021,248.8,"1,101,564",263.0,263.08,247.95
12/10/2021,262.87,"667,548",260.51,263.56,257.22
12/09/2021,257.47,"682,536",261.44,266.49,257.3
12/08/2021,264.64,"832,756",261.0,265.86,258.69
12/07/2021,259.53,"888,158",253.26,263.1909,253.26
12/06/2021,248.54,"1,035,976",251.95,252.69,239.11
12/03/2021,251.47,"1,623,460",262.26,267.81,247.12
12/02/2021,261.39,"1,204,342",261.0,264.9,255.35
12/01/2021,259.85,"1,249,088",270.01,276.0,259.8
11/30/2021,266.49,"1,377,595",275.0,277.59,264.3
11/29/2021,275.89,"1,004,961",271.29,277.47,268.2
11/26/2021,266.85,"884,346",265.0,269.68,262.84
11/24/2021,274.48,"974,355",272.28,275.0,267.11
11/23/2021,275.16,"1,329,641",282.0,286.489,271.04
11/22/2021,283.8,"2,346,438",287.26,291.48,281.1
11/19/2021,281.43,"1,029,039",274.05,282.55,272.88
11/18/2021,274.66,"823,667",277.0,278.24,269.59
11/17/2021,273.39,"603,338",273.2,275.9,270.25
11/16/2021,272.47,"674,399",269.56,273.49,267.03
11/15/2021,271.29,"946,207",275.83,276.53,265.32
11/12/2021,276.4,"767,743",272.49,276.62,270.1
11/11/2021,272.31,"785,823",266.57,273.38,263.96
11/10/2021,265.75,"1,331,069",269.89,274.08,263.57
11/09/2021,274.57,"1,051,009",280.0,282.87,271.07
11/08/2021,278.52,"1,234,775",275.8,279.95,272.62
11/05/2021,272.51,"990,852",273.79,274.99,267.48
11/04/2021,272.66,"1,841,846",273.77,276.0,264.0501
11/03/2021,261.95,"1,172,546",258.49,263.5,255.485
11/02/2021,260.02,"1,631,487",256.0,260.99,251.55
11/01/2021,255.87,"1,638,089",256.0,259.18,249.59
10/29/2021,250.47,"4,261,238",239.75,251.8,236.09
10/28/2021,246.21,"1,570,093",233.26,246.21,232.75
10/27/2021,231.75,"1,140,426",236.7,238.64,230.63
10/26/2021,236.16,"1,121,194",239.44,242.15,234.0
10/25/2021,239.44,"1,600,539",234.9,243.0,232.14
10/22/2021,231.51,"762,032",235.48,237.69,230.93
10/21/2021,234.16,"656,629",233.92,235.8,230.3989
10/20/2021,235.17,"911,742",238.39,238.99,232.63
10/19/2021,235.95,"1,069,983",243.77,244.36,233.07
10/18/2021,236.91,"1,223,107",227.84,237.87,227.54
10/15/2021,228.77,"908,251",233.59,234.54,228.62
10/14/2021,231.33,"1,127,918",225.05,232.38,225.04
10/13/2021,223.66,"1,016,503",218.5,226.22,217.9
10/12/2021,216.87,"707,552",217.96,218.95,214.87
10/11/2021,214.16,"743,361",215.1,219.18,213.9
10/08/2021,215.06,"1,260,889",221.98,222.76,213.56
10/07/2021,222.3,"640,996",226.0,226.94,221.9
10/06/2021,222.37,"1,005,845",220.0,222.77,214.562
10/05/2021,222.39,"1,049,622",217.02,223.82,215.15
10/04/2021,215.21,"1,015,818",219.0,220.05,212.6115
10/01/2021,218.89,"1,116,281",219.47,221.63,210.49
09/30/2021,218.97,"1,019,788",223.64,228.85,218.84
09/29/2021,218.97,"740,517",218.81,220.9197,216.4
09/28/2021,216.45,"984,255",219.01,219.9417,215.06
09/27/2021,222.25,"843,868",225.99,226.68,220.025
09/24/2021,226.4,"704,375",227.89,229.67,224.72
09/23/2021,229.15,"1,055,124",226.89,232.24,226.89
09/22/2021,223.28,"904,506",219.7,226.64,217.015
09/21/2021,216.49,"1,009,012",218.64,220.35,213.53
09/20/2021,215.48,"2,246,756",216.65,218.0,210.24
09/17/2021,226.85,"2,097,947",228.44,230.0,223.75
09/16/2021,231.25,"1,323,163",232.3,232.56,225.35
09/15/2021,233.98,"1,469,270",230.56,236.6,230.41
09/14/2021,230.47,"1,322,582",232.2,235.0,228.74
09/13/2021,229.13,"2,522,872",242.93,243.25,222.45
09/10/2021,241.17,"1,536,171",249.84,253.095,240.97
09/09/2021,243.41,"1,172,102",238.0,247.93,237.73
09/08/2021,239.28,"1,203,407",243.75,243.75,235.34
09/07/2021,238.78,"1,042,584",241.0,241.865,238.14
09/03/2021,241.86,"860,504",243.46,245.54,239.66
09/02/2021,244.03,"1,094,402",240.0,248.71,240.0
09/01/2021,239.2,"924,168",236.74,241.3,233.66
08/31/2021,236.74,"833,121",237.01,237.1,230.58
08/30/2021,236.98,"1,119,721",240.71,244.4294,236.88
08/27/2021,236.65,"985,042",232.69,237.85,232.69
08/26/2021,230.7,"908,447",232.9,236.4,230.4466
08/25/2021,234.17,"1,834,585",229.55,240.54,227.5
08/24/2021,229.2,"1,208,716",228.13,229.3,222.05
08/23/2021,227.94,"1,550,100",225.13,230.24,222.57
08/20/2021,219.68,"1,116,822",213.82,220.51,213.73
08/19/2021,213.35,"1,361,796",211.1,217.07,210.52
08/18/2021,217.73,"946,196",217.31,221.6799,215.1484
08/17/2021,216.45,"2,133,257",221.38,223.75,210.76
08/16/2021,225.9,"2,148,833",232.45,232.45,221.3544
08/13/2021,235.22,"849,411",237.96,239.96,233.15
08/12/2021,236.54,"1,090,644",235.61,237.56,230.42
08/11/2021,235.99,"1,916,597",240.0,242.07,227.74
08/10/2021,239.03,"1,977,930",232.3,242.01,232.3
08/09/2021,231.38,"1,425,526",224.71,232.53,220.08
08/06/2021,226.71,"1,651,299",221.0,227.39,215.02
08/05/2021,218.62,"2,505,175",209.86,226.2198,208.31
08/04/2021,206.84,"1,153,996",209.1,212.04,206.07
08/03/2021,206.98,"1,046,956",204.79,207.809,201.55
08/02/2021,206.9,"1,109,882",208.36,208.96,204.63
07/30/2021,206.04,"1,556,432",202.82,207.59,201.511
07/29/2021,202.82,"2,549,991",197.19,211.0,195.81
07/28/2021,194.54,"775,110",190.01,195.5,189.38
07/27/2021,188.99,"1,197,202",191.57,191.99,184.95
07/26/2021,194.84,"1,038,212",191.0,194.92,190.52
07/23/2021,190.35,"905,529",192.07,193.6764,186.25
07/22/2021,192.76,"811,279",191.94,194.33,189.29
07/21/2021,190.22,"1,826,071",194.0,198.33,189.23
07/20/2021,187.25,"1,268,311",179.0,188.71,178.57
07/19/2021,178.08,"1,756,515",174.2,179.65,170.24
07/16/2021,180.66,"978,121",187.0,188.9399,179.46
07/15/2021,185.83,"1,478,729",182.65,190.315,182.65
07/14/2021,182.52,"1,126,588",185.5,190.53,181.34
07/13/2021,184.86,"1,099,140",185.9,188.99,184.0501
07/12/2021,187.49,"3,652,519",176.71,192.7682,176.01
07/09/2021,175.51,"1,314,383",170.5,176.32,169.5
07/08/2021,167.91,"731,534",165.69,168.45,163.2
07/07/2021,170.04,"741,106",168.0,171.6,166.791
07/06/2021,168.56,"665,835",171.0,171.16,166.57
07/02/2021,170.65,"501,423",172.14,172.52,169.89
07/01/2021,172.03,"677,015",170.0,172.24,169.37
06/30/2021,168.46,"589,292",166.66,168.6,166.37
06/29/2021,167.54,"606,190",170.0,170.53,166.85
06/28/2021,169.05,"670,740",167.83,170.945,165.97
06/25/2021,166.77,"1,648,716",167.94,169.86,166.1
06/24/2021,165.97,"840,577",166.29,166.29,163.01
06/23/2021,163.67,"701,094",162.68,165.8499,162.68
06/22/2021,161.58,"803,516",161.4,162.42,158.92
06/21/2021,161.41,"1,026,927",159.93,162.52,159.45
06/18/2021,157.97,"1,348,316",160.46,162.65,157.82
06/17/2021,163.87,"1,231,682",164.15,164.9103,159.165
06/16/2021,165.28,"706,279",165.09,166.41,162.765
06/15/2021,166.03,"998,083",168.5,168.73,162.95
06/14/2021,168.34,"473,591",169.63,170.39,167.21
06/11/2021,170.18,"680,915",168.92,170.3931,167.56
06/10/2021,167.78,"786,587",174.29,174.29,167.341
06/09/2021,174.37,"914,520",175.37,176.07,173.47
06/08/2021,176.01,"819,771",171.3,177.58,170.65
06/07/2021,170.78,"758,643",174.0,174.21,168.53
06/04/2021,173.54,"634,100",169.06,173.835,168.895
06/03/2021,168.17,"537,676",168.95,170.0,165.7801
06/02/2021,170.36,"650,015",171.04,172.2416,168.7401
06/01/2021,171.43,"1,281,251",170.0,173.785,169.5
05/28/2021,167.08,"749,966",168.49,169.16,165.22
05/27/2021,168.56,"2,357,587",164.02,169.6962,162.37
05/26/2021,162.2,"573,949",158.02,162.24,157.98
05/25/2021,158.02,"801,210",160.44,161.7699,157.48
05/24/2021,159.59,"553,690",160.55,160.8,154.225
05/21/2021,159.58,"1,082,752",159.44,162.27,158.855
05/20/2021,157.99,"721,717",156.66,158.3,154.44
05/19/2021,156.98,"735,766",155.0,157.75,152.58
05/18/2021,159.35,"904,940",158.95,161.9,156.92
05/17/2021,157.79,"1,032,311",162.5,163.81,155.49
05/14/2021,163.81,"820,161",159.13,164.99,158.86
05/13/2021,157.69,"683,238",158.05,160.72,155.25
05/12/2021,154.6,"1,022,288",158.5,159.5,154.09
05/11/2021,160.5,"601,039",155.65,160.9,153.675
05/10/2021,159.48,"1,126,951",163.39,165.14,159.19
05/07/2021,162.72,"1,115,906",154.46,163.13,154.0
05/06/2021,152.85,"2,553,642",157.74,159.13,150.0
05/05/2021,167.15,"738,872",165.98,168.58,165.49
05/04/2021,162.11,"949,117",163.51,163.92,158.54
05/03/2021,165.99,"652,054",169.51,169.99,165.47
04/30/2021,168.17,"1,372,524",165.4,169.05,165.2
04/29/2021,167.62,"771,682",171.03,171.87,164.3701
04/28/2021,169.4,"593,953",168.75,170.65,167.18
04/27/2021,169.75,"948,867",169.0,171.6,167.46
04/26/2021,170.57,"1,351,320",162.75,171.96,162.0
04/23/2021,161.23,"1,578,884",156.05,167.86,154.67
04/22/2021,155.8,"1,417,911",156.0,159.87,153.63
04/21/2021,153.05,"690,608",147.86,153.14,146.52
04/20/2021,148.52,"1,072,154",156.05,156.327,146.78
04/19/2021,157.5,"1,259,401",155.44,159.757,154.785
04/16/2021,152.03,"727,901",151.84,153.0,150.9
04/15/2021,150.51,"1,036,693",154.03,154.315,149.11
04/14/2021,152.93,"1,104,811",148.73,154.48,148.23
04/13/2021,148.58,"1,061,879",148.03,149.27,145.9438
04/12/2021,147.71,"793,091",147.35,148.3299,145.64
04/09/2021,147.32,"639,099",146.2,147.5,144.82
04/08/2021,146.17,"852,780",144.94,146.85,144.27
04/07/2021,143.7,"1,292,212",152.59,152.89,143.2581
04/06/2021,152.89,"888,015",149.51,153.7,149.05
04/05/2021,150.22,"775,977",153.47,153.84,149.0
04/01/2021,150.74,"1,126,191",148.19,151.815,147.54
03/31/2021,146.11,"1,990,008",147.13,148.47,145.7
03/30/2021,145.39,"1,347,958",146.2,146.565,143.82
03/29/2021,146.41,"758,792",149.62,149.62,145.4
03/26/2021,150.4,"722,548",151.0,151.0,146.64
03/25/2021,148.93,"964,226",145.43,149.3,141.94
03/24/2021,146.63,"1,039,765",148.03,151.1,146.56
03/23/2021,146.47,"765,217",150.82,152.04,145.43
03/22/2021,152.15,"740,321",151.6,153.0,148.75
03/19/2021,151.5,"1,670,709",152.69,153.4114,148.64
03/18/2021,152.52,"1,326,999",155.47,158.55,152.41
03/17/2021,155.91,"1,014,371",153.27,156.84,151.58
03/16/2021,155.36,"957,601",159.93,159.93,154.31
03/15/2021,158.83,"704,904",156.08,159.74,156.08
03/12/2021,157.28,"984,961",160.06,161.93,155.85
03/11/2021,161.27,"1,589,722",156.3,162.0,154.2431
03/10/2021,152.3,"1,937,189",150.0,156.31,149.136
03/09/2021,145.77,"1,219,228",143.92,148.33,142.3
03/08/2021,140.69,"1,322,938",144.97,146.7,140.25
03/05/2021,143.88,"1,416,665",144.27,144.58,133.8227
03/04/2021,141.51,"2,915,308",145.94,146.6499,137.12
03/03/2021,147.0,"1,523,098",153.91,154.69,146.73
03/02/2021,153.72,"1,321,356",153.89,158.63,153.37
03/01/2021,152.95,"2,385,995",160.05,161.28,151.4989
02/26/2021,157.21,"1,718,426",152.98,158.91,151.82
02/25/2021,153.48,"1,326,347",161.48,162.895,151.91
02/24/2021,160.9,"1,816,547",155.0,162.13,152.79
02/23/2021,154.62,"2,314,513",150.21,155.265,141.14
02/22/2021,156.49,"2,317,350",154.14,159.884,153.6016
02/19/2021,156.17,"3,729,938",144.76,156.9799,144.495
02/18/2021,141.46,"4,084,820",150.48,151.25,140.73
02/17/2021,157.47,"2,312,939",162.63,162.765,154.34
02/16/2021,162.2,"1,869,332",170.5,171.35,161.67
02/12/2021,164.64,"1,590,029",164.47,165.95,161.07
02/11/2021,159.85,"1,454,973",156.09,160.45,154.5193
02/10/2021,156.05,"1,485,843",161.26,161.8,155.11
02/09/2021,158.69,"1,537,582",160.36,161.28,155.81
02/08/2021,161.56,"2,523,855",160.0,163.855,158.82
02/05/2021,157.17,"4,970,301",157.0,159.0999,154.3401
02/04/2021,154.9,"8,388,942",152.94,156.5,151.64
02/03/2021,161.88,"2,278,812",166.5,171.12,160.41
02/02/2021,169.25,"1,177,236",169.45,171.65,167.72
02/01/2021,166.37,"1,233,906",165.78,167.9,163.31
01/29/2021,162.66,"3,133,492",165.08,169.4633,160.42
01/28/2021,166.37,"1,706,531",170.62,171.15,163.88
01/27/2021,168.85,"2,907,720",170.26,170.6,161.36
01/26/2021,175.38,"1,406,141",177.82,178.831,172.63
01/25/2021,176.92,"1,372,305",174.0,179.5,172.08
01/22/2021,173.71,"2,034,515",173.24,174.87,171.17
01/21/2021,176.41,"1,321,666",181.5,181.99,174.42
01/20/2021,180.19,"1,404,636",187.51,188.35,179.38
01/19/2021,185.25,"1,520,670",181.0,185.63,178.39
01/15/2021,180.14,"1,196,640",180.0,183.78,177.741
01/14/2021,182.37,"1,037,811",180.5,184.09,180.5
01/13/2021,179.92,"1,481,442",182.9,182.99,178.01
01/12/2021,182.5,"1,655,360",177.29,183.14,176.5
01/11/2021,177.29,"2,940,810",178.8,180.0,173.42
01/08/2021,184.1,"1,659,373",184.49,186.93,178.6634
01/07/2021,184.0,"2,947,849",183.48,187.25,180.55
01/06/2021,175.1,"3,335,450",165.5,178.59,165.5
01/05/2021,162.93,"2,628,026",152.67,166.78,152.67
01/04/2021,152.63,"2,898,774",152.9,156.76,150.295
12/31/2020,147.52,"779,219",148.76,149.37,146.81
12/30/2020,149.29,"1,041,164",148.17,151.63,147.755
12/29/2020,146.22,"1,112,790",149.48,149.91,144.74
12/28/2020,149.72,"1,228,632",151.39,153.48,149.6
12/24/2020,149.64,"487,443",149.9,150.37,148.285
12/23/2020,149.91,"1,718,165",147.85,152.8165,147.26
12/22/2020,146.27,"1,294,228",143.44,147.99,142.65
12/21/2020,142.02,"1,180,913",135.78,142.18,135.41
12/18/2020,138.9,"2,447,707",137.5,139.29,137.05
12/17/2020,137.48,"1,127,710",137.24,137.97,134.15
12/16/2020,135.78,"908,785",138.69,139.99,135.5271
12/15/2020,137.94,"1,213,623",136.77,138.22,135.01
12/14/2020,134.57,"1,387,340",140.56,141.0,134.25
12/11/2020,138.65,"962,444",140.15,141.94,136.61
12/10/2020,141.43,"1,102,968",141.0,143.7,140.205
12/09/2020,142.55,"1,444,421",144.09,146.11,140.63
12/08/2020,143.95,"893,024",139.21,144.1199,138.2
12/07/2020,140.0,"1,122,073",139.44,141.04,138.104
12/04/2020,139.22,"1,158,013",132.51,139.23,132.21
12/03/2020,131.72,"1,969,304",135.32,136.2302,130.76
12/02/2020,135.25,"1,576,145",134.82,136.0,132.16
12/01/2020,135.88,"1,720,148",137.5,138.19,134.82
11/30/2020,135.97,"1,096,108",137.25,137.5,134.16
11/27/2020,137.66,"531,390",136.42,138.19,136.26
11/25/2020,134.73,"1,126,234",135.2,136.42,133.24
11/24/2020,137.26,"1,428,224",135.67,137.71,134.29
11/23/2020,134.06,"1,406,766",129.3,134.76,129.03
11/20/2020,127.89,"748,670",126.0,128.5,125.5
11/19/2020,125.8,"1,138,470",126.01,126.49,122.45
11/18/2020,126.54,"871,063",127.95,130.21,126.53
11/17/2020,127.95,"1,904,576",127.53,128.6,124.4
11/16/2020,128.92,"1,526,216",123.0,129.15,123.0
11/13/2020,122.48,"1,015,274",118.92,122.97,117.6863
11/12/2020,118.64,"839,230",117.5,120.69,116.64
11/11/2020,118.57,"881,920",117.49,119.98,116.5
11/10/2020,117.93,"1,244,231",116.0,118.3,113.07
11/09/2020,116.73,"2,138,410",114.95,120.8057,114.8
11/06/2020,112.22,"2,609,265",104.83,113.33,102.8
11/05/2020,105.5,"3,231,818",96.05,106.33,93.0001
11/04/2020,93.43,"1,656,973",97.52,97.52,93.1
11/03/2020,97.62,"971,851",96.75,98.28,96.34
11/02/2020,96.84,"924,893",94.74,97.85,93.79
10/30/2020,93.21,"1,275,018",92.94,94.06,90.86
10/29/2020,93.77,"819,607",90.5,94.57,90.23
10/28/2020,90.78,"982,107",92.31,93.835,90.07
10/27/2020,95.18,"987,856",95.34,96.87,94.75
10/26/2020,94.48,"952,453",94.78,94.78,92.8372
10/23/2020,96.48,"669,238",95.87,97.45,95.35
10/22/2020,94.96,"669,265",95.58,96.1102,93.75
10/21/2020,95.87,"793,413",95.27,97.29,94.6
10/20/2020,93.56,"740,640",93.49,95.22,92.79
10/19/2020,92.57,"641,444",93.34,94.51,92.22
10/16/2020,93.42,"655,921",95.13,95.8299,93.4
10/15/2020,94.35,"923,286",92.99,94.75,91.8
10/14/2020,94.59,"1,070,562",92.76,95.34,91.85
10/13/2020,95.14,"863,929",94.35,95.585,93.91
10/12/2020,94.94,"798,190",96.73,96.73,94.65
10/09/2020,96.03,"767,900",98.1,99.13,95.66
10/08/2020,96.95,"1,133,539",98.12,98.365,95.96
10/07/2020,96.69,"1,129,205",96.0,97.9869,95.6
10/06/2020,93.74,"1,381,430",96.28,96.9691,93.52
10/05/2020,94.76,"1,598,627",91.26,95.89,91.14
10/02/2020,89.29,"1,204,266",85.44,91.0789,84.57
10/01/2020,86.73,"1,371,831",90.01,90.9699,86.47
09/30/2020,89.28,"1,369,067",87.41,90.13,87.22
09/29/2020,86.86,"1,252,965",84.95,87.63,84.78
09/28/2020,84.84,"1,433,127",86.15,87.4,83.88
09/25/2020,84.52,"1,197,898",82.98,85.25,82.54
09/24/2020,83.31,"2,368,229",80.07,85.6,79.06
09/23/2020,80.42,"5,194,924",88.98,89.35,80.15
09/22/2020,95.24,"656,571",94.71,95.54,92.93
09/21/2020,95.13,"1,406,493",96.39,96.39,90.52
09/18/2020,97.96,"1,337,195",100.38,101.0,97.13
09/17/2020,100.45,"937,168",96.28,100.97,95.52
09/16/2020,97.8,"998,269",99.0,99.59,97.7
09/15/2020,98.39,"1,192,316",99.0,100.31,98.33
09/14/2020,98.17,"672,237",95.87,98.71,95.15
09/11/2020,94.96,"651,019",94.64,96.08,93.8
09/10/2020,93.5,"667,792",95.61,96.46,93.49
09/09/2020,95.42,"643,941",94.35,96.75,94.03
09/08/2020,93.14,"835,758",93.0,95.0,92.12
09/04/2020,94.72,"1,100,775",93.04,95.54,90.77
09/03/2020,93.18,"1,731,508",98.85,99.61,91.74
09/02/2020,99.65,"1,311,325",97.0,99.81,96.75
09/01/2020,97.39,"1,561,067",91.1,97.43,90.0415
08/31/2020,91.01,"718,507",92.3,93.41,90.91
08/28/2020,92.32,"411,999",91.13,92.37,90.47
08/27/2020,91.13,"474,511",92.17,92.84,90.03
08/26/2020,91.9,"653,192",92.13,92.38,91.32
08/25/2020,91.09,"420,525",92.05,92.74,90.6897
08/24/2020,91.98,"668,897",90.75,92.0,89.605
08/21/2020,89.74,"885,170",90.49,91.28,89.12
08/20/2020,91.05,"940,898",91.07,91.73,89.6
08/19/2020,92.25,"760,810",92.5,93.56,91.76
08/18/2020,92.2,"557,441",91.99,93.02,91.3501
08/17/2020,91.77,"604,467",92.72,93.28,91.36
08/14/2020,92.39,"838,203",91.32,92.6,90.97
08/13/2020,91.6,"1,008,040",90.41,92.14,89.6
08/12/2020,91.02,"1,071,135",93.22,93.9,90.21
08/11/2020,92.45,"1,931,416",88.63,92.78,88.5
08/10/2020,87.22,"810,934",85.45,87.28,85.17
08/07/2020,84.44,"1,236,340",83.0,86.42,82.65
08/06/2020,83.34,"2,453,414",86.64,87.81,82.32
08/05/2020,88.6,"2,181,765",86.79,89.229,86.241
08/04/2020,85.33,"1,634,058",83.11,87.04,82.39
08/03/2020,83.33,"1,124,690",82.98,83.9,82.0939
07/31/2020,82.46,"2,397,906",82.61,82.955,80.495
07/30/2020,83.0,"900,622",82.47,83.89,81.05
07/29/2020,83.83,"1,161,971",84.59,84.59,81.96
07/28/2020,83.7,"883,580",85.3,85.79,83.61
07/27/2020,85.78,"1,165,077",85.52,86.11,83.85
07/24/2020,87.04,"586,047",87.0,87.92,86.2
07/23/2020,87.93,"756,867",87.76,89.41,86.97
07/22/2020,87.69,"726,439",87.2,88.39,86.67
07/21/2020,87.18,"821,269",87.57,88.13,87.03
07/20/2020,87.04,"816,858",88.75,89.17,86.65
07/17/2020,88.46,"1,360,329",87.0,89.62,86.93
07/16/2020,86.45,"852,614",86.31,86.77,85.44
07/15/2020,86.6,"1,385,160",85.88,86.83,85.15
07/14/2020,84.15,"1,353,797",81.56,84.36,80.92
07/13/2020,81.56,"2,213,213",80.3,84.46,80.15
07/10/2020,78.89,"1,071,975",76.0,79.04,75.34
07/09/2020,75.75,"1,154,355",78.19,78.19,74.78
07/08/2020,77.95,"1,351,303",77.93,79.74,76.45
07/07/2020,78.0,"1,281,323",80.26,80.44,77.62
07/06/2020,81.22,"1,045,193",80.0,81.3,79.39
07/02/2020,78.56,"886,054",77.67,79.64,77.64
07/01/2020,76.06,"891,570",76.95,77.67,75.27
06/30/2020,77.21,"1,033,157",75.81,77.56,75.74
06/29/2020,76.33,"843,100",75.97,77.37,75.0314
06/26/2020,74.64,"1,652,199",74.93,75.83,73.2
06/25/2020,73.95,"727,214",73.26,74.2217,72.5901
06/24/2020,73.32,"965,670",75.41,75.42,72.39
06/23/2020,76.12,"781,654",76.84,77.21,76.01
06/22/2020,75.78,"1,023,262",75.51,76.93,74.66
06/19/2020,78.35,"1,242,982",80.22,80.971,77.631
06/18/2020,78.81,"863,673",78.25,79.55,77.5401
06/17/2020,79.17,"726,953",79.25,80.3,78.8171
06/16/2020,79.23,"1,060,031",79.77,80.31,77.26
06/15/2020,76.41,"1,134,908",74.18,77.72,74.0
06/12/2020,77.32,"1,219,887",78.0,78.67,75.36
06/11/2020,74.52,"1,656,673",78.95,80.04,74.02
06/10/2020,83.86,"957,913",85.32,85.6,83.7
06/09/2020,85.0,"962,413",85.0,86.0,84.065
06/08/2020,86.74,"1,304,114",84.62,86.91,84.2501
06/05/2020,84.31,"1,949,991",81.72,84.97,80.78
06/04/2020,79.97,"1,493,724",78.0,80.0,77.73
06/03/2020,78.94,"1,685,476",79.63,80.955,78.85
06/02/2020,78.59,"1,268,275",78.32,79.4404,77.03
06/01/2020,77.42,"1,061,881",76.66,78.6,76.52
05/29/2020,76.52,"1,589,836",75.45,77.32,74.3501
05/28/2020,75.93,"1,408,648",76.48,78.43,75.55
05/27/2020,75.04,"1,592,546",76.39,79.13,74.04
05/26/2020,74.93,"2,391,613",70.66,75.75,70.51
05/22/2020,68.11,"825,430",67.8,68.42,66.87
05/21/2020,67.97,"1,428,412",67.82,69.79,67.41
05/20/2020,68.14,"1,641,556",65.19,68.605,65.01
05/19/2020,63.51,"1,329,977",63.82,65.29,63.0004
05/18/2020,63.93,"1,289,274",64.0,65.32,63.245
05/15/2020,61.35,"1,427,963",59.5,61.62,59.415
05/14/2020,59.71,"1,333,388",59.0,59.78,56.17
05/13/2020,59.92,"1,770,022",59.02,60.3,57.77
05/12/2020,59.26,"1,881,879",63.0,63.71,59.01
05/11/2020,64.41,"1,471,567",63.16,65.72,62.88
05/08/2020,64.25,"1,514,524",60.63,64.5,60.2
05/07/2020,59.74,"2,206,567",59.9,61.855,57.39
05/06/2020,57.93,"1,885,512",59.17,60.24,57.8
05/05/2020,58.47,"1,108,984",58.37,60.335,58.305
05/04/2020,57.26,"1,275,409",56.82,57.815,55.75
05/01/2020,57.44,"1,924,882",60.5,60.5,56.94
04/30/2020,61.43,"2,007,577",63.8,64.1493,61.11
04/29/2020,64.67,"1,447,888",64.06,66.37,64.06
04/28/2020,64.31,"1,087,681",64.0,65.7,63.25
04/27/2020,62.25,"736,814",61.82,62.83,61.65
04/24/2020,61.53,"1,027,095",61.11,61.96,59.68
04/23/2020,60.66,"816,498",60.67,62.245,60.26
04/22/2020,59.45,"684,848",58.96,60.08,58.6
04/21/2020,57.86,"1,381,621",58.5,59.24,57.71
04/20/2020,60.0,"1,270,971",60.0,61.675,59.5
04/17/2020,61.47,"1,011,020",60.58,62.79,60.5
04/16/2020,58.57,"1,618,137",58.26,58.92,56.7001
04/15/2020,58.25,"1,336,089",61.44,61.716,57.86
04/14/2020,63.68,"1,068,431",64.75,65.84,63.25
04/13/2020,63.31,"1,678,629",66.78,67.35,61.67
04/09/2020,67.02,"1,775,485",62.35,67.235,62.17
04/08/2020,61.82,"1,705,992",57.61,62.43,57.32
04/07/2020,57.0,"1,952,049",58.31,60.35,56.49
04/06/2020,56.93,"1,725,868",55.13,57.68,54.48
04/03/2020,52.7,"1,749,720",53.63,55.38,52.69
04/02/2020,53.66,"1,911,448",54.88,59.01,52.95
04/01/2020,54.84,"2,253,925",54.26,57.0397,53.62
03/31/2020,56.37,"2,585,897",55.52,57.73,55.11
03/30/2020,55.6,"2,045,810",55.61,56.49,54.51
03/27/2020,55.02,"2,439,630",58.0,58.0,54.75
03/26/2020,60.46,"2,245,139",60.0,60.72,57.2009
03/25/2020,60.02,"2,295,584",56.39,63.86,55.38
03/24/2020,56.03,"1,839,895",53.89,57.87,53.05
03/23/2020,50.9,"2,507,501",52.38,54.38,48.8901
03/20/2020,53.45,"2,963,641",62.68,63.41,53.02
03/19/2020,61.94,"2,016,208",66.55,67.83,60.25
03/18/2020,68.64,"2,762,401",62.41,69.11,58.62
03/17/2020,67.06,"3,062,418",60.29,68.26,57.3103
03/16/2020,58.96,"2,388,272",61.34,63.0215,58.93
03/13/2020,68.01,"2,067,848",69.46,69.78,62.12
03/12/2020,64.79,"2,619,611",63.97,68.56,60.5661
03/11/2020,70.07,"2,059,329",73.38,73.38,69.06
03/10/2020,75.19,"2,771,420",77.11,77.63,72.22
03/09/2020,72.96,"2,627,494",75.5,76.35,69.59
03/06/2020,82.6,"1,490,928",82.36,83.96,80.64
03/05/2020,84.77,"1,490,247",83.83,86.78,83.51
03/04/2020,86.27,"1,198,018",85.06,86.37,83.27
03/03/2020,82.79,"1,932,306",83.71,85.24,80.88
03/02/2020,84.3,"1,661,390",82.49,84.3,80.15
02/28/2020,81.85,"2,580,248",78.11,82.0,76.67
02/27/2020,80.8,"2,530,266",83.11,84.94,80.74
02/26/2020,85.65,"1,583,916",85.19,87.78,84.31
02/25/2020,85.83,"2,195,608",90.39,91.17,85.68
02/24/2020,89.61,"1,682,221",87.87,90.53,87.21
02/21/2020,92.43,"2,263,619",92.15,93.32,90.46
02/20/2020,94.31,"4,973,615",89.0,99.4,88.35
02/19/2020,89.34,"2,041,284",89.0,90.7,88.69
02/18/2020,88.7,"1,449,140",88.79,89.5799,86.69
02/14/2020,89.64,"2,105,605",88.54,90.54,88.49
02/13/2020,87.93,"1,725,472",85.94,88.67,85.1
02/12/2020,86.83,"1,311,807",87.02,88.09,86.1
02/11/2020,84.71,"1,311,071",83.77,85.39,83.26
02/10/2020,83.25,"1,553,820",83.11,84.7,83.11
02/07/2020,82.54,"2,337,772",85.52,85.716,82.1
02/06/2020,86.95,"1,849,579",87.57,87.99,85.54
02/05/2020,87.58,"3,418,667",88.76,89.0,85.55
02/04/2020,90.43,"4,739,821",82.5,91.93,82.42
02/03/2020,80.79,"2,287,252",80.79,81.28,79.72
01/31/2020,80.28,"5,675,980",79.8,80.36,78.72
01/30/2020,80.78,"1,261,406",80.09,80.98,79.38
01/29/2020,80.73,"1,086,129",80.83,81.61,79.74
01/28/2020,80.2,"1,130,911",79.7,81.22,79.51
01/27/2020,78.94,"2,060,836",78.63,79.66,78.01
01/24/2020,81.18,"1,409,564",82.0,82.1293,80.38
01/23/2020,81.9,"1,654,935",80.33,82.1,79.51
01/22/2020,81.38,"2,138,379",81.18,81.955,80.77
01/21/2020,81.32,"2,312,720",80.79,81.42,80.58
01/17/2020,80.9,"2,151,394",80.98,81.3,79.7753
01/16/2020,80.42,"2,178,729",80.36,81.5,78.51
01/15/2020,80.12,"3,101,763",78.9,80.93,78.0
01/14/2020,78.18,"3,835,783",76.22,78.87,75.6
01/13/2020,75.86,"2,668,075",72.95,76.0,72.89
01/10/2020,72.1,"1,493,309",73.01,73.825,71.845
01/09/2020,72.74,"1,301,126",71.32,73.07,70.73
01/08/2020,71.18,"2,029,494",70.6,71.5,69.61
01/07/2020,72.43,"1,576,372",71.65,73.49,71.131
01/06/2020,71.49,"1,330,518",71.0,72.17,70.1887
01/03/2020,71.57,"1,337,602",71.41,72.39,71.22
01/02/2020,72.61,"1,620,838",73.5,73.88,72.19
12/31/2019,73.04,"1,016,013",71.61,73.36,71.5
12/30/2019,71.93,"802,167",72.1,72.85,71.7
12/27/2019,72.01,"741,553",72.56,72.93,71.82
12/26/2019,72.49,"730,343",72.33,72.5,71.7
12/24/2019,72.32,"640,728",72.41,72.96,72.0297
12/23/2019,72.43,"2,012,024",70.36,72.66,69.665
12/20/2019,70.36,"2,492,167",70.37,70.99,69.57
12/19/2019,69.45,"1,945,950",69.0,70.44,68.28
12/18/2019,68.9,"1,382,124",68.9,69.54,68.58
12/17/2019,68.77,"1,525,807",66.3,68.96,66.0
12/16/2019,66.2,"1,431,981",67.56,67.89,66.0049
12/13/2019,66.63,"1,535,987",68.27,68.44,66.32
12/12/2019,68.02,"1,771,914",65.7,68.2,65.6
12/11/2019,65.67,"1,035,078",65.34,66.06,65.01
12/10/2019,65.3,"1,020,576",64.61,65.52,64.11
12/09/2019,64.72,"930,624",64.25,65.5,64.0
12/06/2019,64.3,"1,200,760",64.29,64.9,63.62
12/05/2019,63.68,"1,379,611",63.27,63.97,62.61
12/04/2019,62.92,"1,550,785",64.2,65.19,62.89
12/03/2019,63.65,"1,578,384",63.66,63.87,62.11
12/02/2019,65.04,"1,133,045",65.67,66.8173,64.97
11/29/2019,65.38,"440,523",65.32,65.85,64.915
11/27/2019,65.5,"929,984",65.73,65.935,64.74
11/26/2019,65.59,"1,417,250",65.15,65.78,64.32
11/25/2019,65.14,"1,090,698",65.11,65.895,64.66
11/22/2019,64.9,"1,148,188",64.11,65.46,63.75
11/21/2019,65.13,"1,386,750",65.29,66.24,64.53
11/20/2019,65.05,"1,498,645",65.71,66.5354,64.74
11/19/2019,66.46,"929,209",67.76,67.76,65.46
11/18/2019,67.1,"1,191,340",66.12,67.36,65.24
11/15/2019,66.14,"1,057,875",66.1,67.37,65.62
11/14/2019,65.54,"1,092,061",64.37,65.59,64.03
11/13/2019,65.18,"1,554,534",63.72,65.47,63.37
11/12/2019,65.31,"1,820,065",67.0,67.85,64.98
11/11/2019,67.73,"1,165,752",67.49,67.89,66.62
11/08/2019,67.98,"3,439,133",69.48,69.58,66.21
11/07/2019,71.39,"3,041,857",67.64,72.28,67.0
11/06/2019,66.72,"2,340,834",66.79,67.83,66.22
11/05/2019,67.37,"2,020,724",68.37,68.66,66.74
11/04/2019,67.7,"2,267,391",65.16,67.76,65.1
11/01/2019,64.49,"2,351,339",61.46,64.5,61.12
10/31/2019,60.74,"2,927,876",62.31,62.5,60.2
10/30/2019,62.67,"2,237,060",62.86,63.44,61.82
10/29/2019,63.03,"2,204,157",63.45,64.48,62.75
10/28/2019,63.74,"2,790,238",62.75,64.58,62.59
10/25/2019,63.59,"5,998,887",63.79,65.49,62.5
10/24/2019,69.45,"1,395,576",68.17,69.68,68.06
10/23/2019,67.46,"768,706",67.39,68.16,66.9444
10/22/2019,66.79,"1,283,086",67.24,67.8724,64.88
10/21/2019,67.24,"1,164,656",67.91,68.18,66.81
10/18/2019,67.13,"938,608",68.23,68.74,67.11
10/17/2019,68.22,"1,079,351",68.35,69.09,67.75
10/16/2019,67.58,"731,307",67.86,68.93,67.46
10/15/2019,67.87,"804,555",67.9,68.732,67.13
10/14/2019,67.56,"1,197,524",68.23,68.58,67.37
10/11/2019,68.91,"1,330,705",66.53,69.3,66.25
10/10/2019,65.46,"1,100,004",64.01,65.79,63.787
10/09/2019,63.6,"1,146,196",64.36,64.7294,62.77
10/08/2019,63.7,"1,170,451",65.0,65.0,63.46
10/07/2019,65.68,"1,092,087",65.88,66.5,64.67
10/04/2019,66.32,"974,371",67.05,67.34,65.94
10/03/2019,67.23,"1,130,417",66.05,67.23,64.9
10/02/2019,66.57,"1,229,702",67.38,67.47,66.095
10/01/2019,68.31,"1,721,419",69.95,70.84,67.91
09/30/2019,69.52,"1,399,359",68.25,69.87,67.99
09/27/2019,68.14,"1,668,176",67.37,68.215,66.77
09/26/2019,67.19,"990,590",68.1,68.125,66.76
09/25/2019,68.3,"1,003,165",67.82,68.51,67.39
09/24/2019,67.89,"1,405,329",68.5,68.71,66.965
09/23/2019,68.22,"1,016,278",67.97,69.41,67.65
09/20/2019,68.86,"2,745,572",68.67,70.42,68.53
09/19/2019,68.29,"1,239,582",67.4,68.475,66.71
09/18/2019,67.4,"1,130,998",67.35,68.28,66.53
09/17/2019,67.76,"1,120,838",68.19,68.66,67.21
09/16/2019,68.84,"1,002,998",68.92,69.79,68.635
09/13/2019,69.28,"1,169,932",69.89,70.41,68.2
09/12/2019,69.28,"986,740",69.2,69.96,67.82
09/11/2019,69.25,"1,839,331",68.8,69.38,67.2
09/10/2019,68.28,"2,358,114",65.49,68.5,65.49
09/09/2019,65.36,"1,216,371",63.49,65.44,63.28
09/06/2019,63.23,"1,023,677",63.04,63.783,61.93
09/05/2019,62.97,"1,854,431",62.33,63.408,62.33
09/04/2019,61.31,"899,209",61.6,61.9799,60.855
09/03/2019,60.23,"1,373,206",61.0,61.0,59.51
08/30/2019,61.73,"1,404,335",61.29,63.27,61.29
08/29/2019,60.49,"2,309,755",60.58,61.405,60.1
08/28/2019,59.32,"2,293,100",59.06,59.74,58.63
08/27/2019,59.3,"1,092,217",61.43,61.44,59.13
08/26/2019,60.81,"805,249",60.85,61.46,60.16
08/23/2019,59.95,"1,789,215",62.57,62.69,59.71
08/22/2019,63.22,"1,850,430",64.71,65.12,62.69
08/21/2019,65.91,"1,003,836",65.32,66.29,64.7
08/20/2019,64.17,"1,091,840",64.45,64.68,63.71
08/19/2019,64.92,"1,388,241",64.21,65.33,63.94
08/16/2019,63.09,"1,690,033",62.28,63.34,61.77
08/15/2019,61.66,"2,693,849",64.34,64.34,61.24
08/14/2019,64.29,"2,087,447",66.46,66.95,64.01
08/13/2019,68.45,"1,608,852",67.4,71.18,66.8
08/12/2019,67.38,"1,516,629",69.8,70.02,67.06
08/09/2019,70.25,"2,188,023",71.9,72.3292,69.395
08/08/2019,73.49,"4,385,423",74.71,74.93,69.69
08/07/2019,67.59,"2,620,822",64.6,68.01,64.505
08/06/2019,65.45,"1,731,468",65.8,66.0,64.0957
08/05/2019,65.41,"2,433,071",67.2,67.2,64.35
08/02/2019,68.68,"1,457,524",68.99,70.05,67.44
08/01/2019,69.59,"1,568,849",72.55,73.39,69.17
07/31/2019,72.96,"1,361,505",73.48,74.35,72.375
07/30/2019,73.6,"1,058,348",72.67,73.8,72.06
07/29/2019,73.09,"1,074,918",74.37,74.66,72.98
07/26/2019,74.58,"930,563",74.61,75.0319,73.37
07/25/2019,74.61,"781,312",74.92,75.055,73.94
07/24/2019,75.53,"856,762",74.35,75.92,74.07
07/23/2019,74.58,"818,664",73.76,74.792,73.26
07/22/2019,73.18,"1,548,942",74.55,75.33,73.08
07/19/2019,74.47,"1,455,306",73.26,75.17,73.01
07/18/2019,73.0,"741,158",72.48,73.4036,72.38
07/17/2019,72.64,"1,101,651",73.02,73.05,71.73
07/16/2019,73.05,"1,188,151",72.0,73.23,71.47
07/15/2019,72.42,"975,439",72.84,73.01,71.0572
07/12/2019,72.63,"1,273,027",70.8,72.81,70.56
07/11/2019,70.58,"813,420",70.35,70.92,70.12
07/10/2019,70.49,"1,376,476",70.93,70.93,69.81
07/09/2019,70.62,"926,308",69.75,70.64,69.53
07/08/2019,70.19,"787,925",70.43,71.12,69.55
07/05/2019,70.51,"732,954",71.25,71.33,69.9692
07/03/2019,71.54,"626,298",70.19,71.6,69.87
07/02/2019,69.87,"682,709",70.68,70.68,69.4
07/01/2019,70.33,"933,360",71.2,71.7863,69.74
06/28/2019,70.41,"2,059,492",70.0,70.925,68.37
06/27/2019,69.52,"778,875",69.61,70.97,69.44
06/26/2019,69.16,"1,252,143",68.22,69.4,68.01
06/25/2019,67.79,"1,372,717",68.15,68.43,67.52
06/24/2019,68.01,"988,041",68.27,68.86,67.575
06/21/2019,68.34,"1,889,785",69.01,69.132,67.25
06/20/2019,69.49,"1,999,939",69.92,70.18,68.2
06/19/2019,68.94,"1,805,421",71.12,71.165,68.17
06/18/2019,70.77,"1,230,159",71.84,72.47,70.73
06/17/2019,71.24,"1,008,065",70.69,71.86,69.77
06/14/2019,70.88,"966,818",72.73,72.85,70.54
06/13/2019,72.76,"920,612",72.1,72.78,71.52
06/12/2019,72.18,"1,366,299",73.37,73.935,72.01
06/11/2019,73.43,"2,485,642",72.24,73.85,71.73
06/10/2019,70.93,"1,278,768",69.83,71.16,69.65
06/07/2019,69.08,"1,311,817",68.97,69.64,68.25
06/06/2019,68.46,"1,177,023",67.14,68.54,67.04
06/05/2019,67.37,"1,044,408",68.31,68.31,66.14
06/04/2019,67.54,"1,452,715",65.43,67.57,65.43
06/03/2019,65.05,"2,087,908",63.21,65.13,63.1
05/31/2019,63.3,"1,593,296",65.0,65.0,63.125
05/30/2019,65.57,"1,167,489",65.6,66.5,65.3
05/29/2019,65.8,"1,783,846",66.5,66.92,65.46
05/28/2019,67.43,"1,514,530",67.07,67.8,66.595
05/24/2019,66.8,"1,544,415",66.97,67.43,66.08
05/23/2019,66.34,"2,144,886",66.5,67.22,65.98
05/22/2019,67.96,"734,078",68.08,68.61,67.86
05/21/2019,68.5,"1,100,148",68.09,69.41,67.9
05/20/2019,67.78,"1,206,279",67.55,68.17,67.06
05/17/2019,67.76,"1,406,303",68.74,68.99,67.6
05/16/2019,69.41,"1,497,322",70.1,70.41,69.22
05/15/2019,69.58,"2,012,563",69.28,70.67,69.04
05/14/2019,70.22,"1,605,830",68.86,70.56,68.76
05/13/2019,68.55,"3,315,539",71.28,71.49,68.45
05/10/2019,72.63,"2,037,076",72.73,73.055,70.2
05/09/2019,72.61,"3,164,515",71.54,73.1098,69.01
05/08/2019,72.58,"3,919,108",72.03,73.48,71.23
05/07/2019,75.85,"2,447,489",76.52,76.85,75.1
05/06/2019,77.05,"1,968,331",75.66,77.22,75.0934
05/03/2019,77.05,"1,515,759",76.77,77.4,76.31
05/02/2019,76.09,"2,306,425",73.88,76.17,73.247
05/01/2019,74.07,"1,045,469",75.0,75.395,73.96
04/30/2019,75.06,"1,239,932",75.85,76.31,74.93
04/29/2019,75.71,"1,191,750",75.5,76.1099,74.71
04/26/2019,75.56,"1,622,329",74.7,75.86,73.5701
04/25/2019,74.87,"1,545,217",76.6,76.75,74.8
04/24/2019,76.8,"1,653,587",79.1,79.68,76.68
04/23/2019,79.05,"2,307,294",81.64,81.64,77.6377
04/22/2019,82.17,"576,161",82.46,82.57,81.56
04/18/2019,82.57,"790,788",82.18,82.65,81.19
04/17/2019,82.1,"1,357,472",83.86,85.2098,82.1
04/16/2019,83.21,"1,398,702",82.53,83.45,82.11
04/15/2019,82.26,"1,352,436",83.58,83.63,81.9901
04/12/2019,83.66,"1,090,203",83.08,84.25,82.74
04/11/2019,82.71,"1,351,388",85.2,85.3,82.63
04/10/2019,85.55,"821,549",84.88,85.8,84.14
04/09/2019,84.78,"1,483,922",86.71,86.89,84.67
04/08/2019,86.94,"964,263",86.2,86.95,85.78
04/05/2019,86.14,"1,424,446",85.86,86.63,85.42
04/04/2019,85.55,"1,544,472",84.45,85.975,84.119
04/03/2019,84.21,"1,976,502",83.72,84.55,83.39
04/02/2019,82.9,"1,782,915",84.37,84.5,82.02
04/01/2019,84.2,"1,428,100",82.43,84.5603,82.43
03/29/2019,81.98,"1,794,401",81.32,82.37,80.81
03/28/2019,81.17,"975,298",80.0,81.42,79.8
03/27/2019,80.15,"1,078,752",81.05,81.35,79.8
03/26/2019,81.04,"1,568,219",81.82,82.87,80.39
03/25/2019,81.58,"1,013,398",82.14,82.25,80.85
03/22/2019,82.72,"890,486",85.0,85.3909,82.51
03/21/2019,85.51,"916,918",84.44,86.11,84.26
03/20/2019,84.44,"731,224",85.25,85.335,83.91
03/19/2019,85.23,"889,744",87.35,87.35,84.875
03/18/2019,86.43,"759,808",85.59,86.44,85.0
03/15/2019,85.42,"1,498,756",85.07,86.0,85.07
03/14/2019,84.73,"787,305",85.83,86.2,84.58
03/13/2019,86.21,"1,008,975",86.03,86.86,85.62
03/12/2019,85.47,"850,268",85.86,86.13,85.04
03/11/2019,85.51,"997,924",83.37,85.52,83.1
03/08/2019,82.97,"1,779,478",83.14,83.24,80.8
03/07/2019,84.6,"1,296,749",85.73,86.0,83.96
03/06/2019,86.37,"754,571",87.95,88.23,86.16
03/05/2019,87.93,"957,710",88.35,88.66,87.37
03/04/2019,88.49,"1,690,069",91.0,91.0,87.1
03/01/2019,90.79,"1,316,988",92.0,92.48,90.61
02/28/2019,91.29,"1,338,799",92.18,92.18,90.91
02/27/2019,92.28,"1,128,314",91.01,93.14,90.65
02/26/2019,91.0,"1,265,409",91.22,92.29,90.86
02/25/2019,91.57,"1,607,233",89.99,92.0,89.94
02/22/2019,89.18,"1,510,952",89.83,89.9,88.01
02/21/2019,89.26,"5,498,572",88.59,92.0,85.83
02/20/2019,82.81,"1,762,980",83.32,84.17,82.74
02/19/2019,83.13,"1,616,135",81.05,83.47,80.42
02/15/2019,81.37,"1,549,816",81.8,81.8,80.33
02/14/2019,80.42,"1,362,539",81.41,81.86,80.4
02/13/2019,81.73,"885,285",81.02,82.16,80.96
02/12/2019,80.45,"1,947,493",80.34,80.89,78.42
02/11/2019,80.86,"659,069",81.57,81.89,80.31
02/08/2019,81.01,"712,535",79.83,81.03,79.52
02/07/2019,80.64,"1,222,801",81.37,81.78,79.29
02/06/2019,82.19,"1,154,497",80.93,82.88,80.85
02/05/2019,81.32,"1,410,566",81.25,81.94,80.14
02/04/2019,81.94,"883,908",81.3,82.0,80.97
02/01/2019,81.3,"969,175",80.89,81.89,80.51
01/31/2019,80.73,"1,971,421",80.74,81.55,79.6
01/30/2019,80.21,"1,580,410",79.09,80.47,78.35
01/29/2019,78.32,"1,815,060",77.49,78.78,77.49
01/28/2019,77.09,"1,273,519",76.23,77.54,76.02
01/25/2019,76.58,"2,234,925",75.78,77.36,75.59
01/24/2019,74.02,"1,660,274",73.97,75.19,73.65
01/23/2019,73.92,"1,271,129",75.64,75.84,73.48
01/22/2019,75.37,"1,435,769",75.49,75.71,74.1
01/18/2019,76.63,"1,457,310",75.83,77.25,75.77
01/17/2019,75.29,"2,020,815",73.84,75.73,73.55
01/16/2019,73.93,"2,631,252",73.92,74.93,73.5
01/15/2019,73.64,"2,124,128",74.97,76.02,73.13
01/14/2019,76.97,"1,357,067",76.6,77.4799,76.09
01/11/2019,77.41,"1,526,230",76.72,77.85,75.37
01/10/2019,77.27,"1,926,924",76.23,77.98,75.54
01/09/2019,76.84,"1,113,896",77.78,78.085,75.93
01/08/2019,77.33,"1,622,793",77.28,77.71,76.6
01/07/2019,76.58,"1,402,509",76.29,77.14,75.35
01/04/2019,76.24,"2,089,538",74.57,77.28,74.37
01/03/2019,72.69,"1,955,070",76.85,76.8799,72.58
01/02/2019,78.11,"1,052,268",75.8,79.025,75.13
12/31/2018,77.07,"1,040,061",77.0,77.75,76.03
12/28/2018,76.74,"1,202,516",77.58,78.39,76.11
12/27/2018,77.22,"1,656,954",75.28,77.31,74.0
12/26/2018,76.28,"1,496,725",73.43,76.31,71.89
12/24/2018,73.13,"870,206",73.96,74.83,72.44
12/21/2018,74.84,"2,775,993",76.33,77.66,74.6
12/20/2018,76.16,"4,684,530",77.56,78.14,73.67
12/19/2018,79.8,"1,764,569",81.33,82.6369,79.07
12/18/2018,81.03,"1,689,635",81.22,82.67,80.64
12/17/2018,80.51,"2,757,096",84.53,84.605,79.7
12/14/2018,84.97,"1,719,894",87.07,87.64,84.01
12/13/2018,87.94,"955,735",88.6,89.0999,87.22
12/12/2018,88.78,"973,015",90.27,90.54,88.71
12/11/2018,89.08,"1,060,166",91.03,92.09,88.71
12/10/2018,89.04,"1,085,253",88.98,89.81,87.25
12/07/2018,88.65,"1,522,988",91.32,92.23,88.08
12/06/2018,91.19,"2,034,925",92.04,92.04,88.02
12/04/2018,93.19,"2,421,548",98.18,99.82,93.01
12/03/2018,98.46,"1,698,007",98.59,100.36,97.6
11/30/2018,96.32,"1,037,822",96.0,97.29,95.22
11/29/2018,96.42,"894,294",96.7,96.87,94.39
11/28/2018,96.62,"1,093,382",95.15,96.69,94.03
11/27/2018,95.43,"1,014,169",95.66,96.95,94.62
11/26/2018,96.61,"964,736",97.34,98.01,95.89
11/23/2018,96.77,"482,864",94.95,98.08,94.62
11/21/2018,95.52,"1,202,744",96.01,96.6656,93.29
11/20/2018,95.74,"1,643,759",97.86,98.1389,95.04
11/19/2018,99.61,"975,704",100.64,102.2,99.31
11/16/2018,100.98,"1,379,742",102.1,102.79,99.86
11/15/2018,102.7,"1,139,544",99.73,103.37,99.07
11/14/2018,99.94,"785,675",100.0,101.02,99.47
11/13/2018,99.2,"1,448,529",98.38,100.93,98.33
11/12/2018,98.07,"1,241,626",102.26,102.28,97.95
11/09/2018,102.38,"1,455,019",104.0,104.5,100.485
11/08/2018,105.87,"2,643,901",104.3,107.0,101.6
11/07/2018,107.99,"1,751,725",108.0,108.74,106.6567
11/06/2018,107.79,"1,222,121",106.25,107.89,106.1
11/05/2018,106.21,"829,831",106.12,106.85,104.99
11/02/2018,106.44,"1,710,755",105.81,108.47,105.59
11/01/2018,105.42,"2,981,924",100.38,105.84,100.0
10/31/2018,99.22,"2,160,639",98.09,100.25,97.88
10/30/2018,97.12,"1,305,676",95.0,97.37,93.68
10/29/2018,95.16,"1,448,624",96.5,97.9,93.96
10/26/2018,95.24,"1,621,231",94.01,95.77,92.65
10/25/2018,95.41,"1,135,873",94.37,95.57,93.68
10/24/2018,93.64,"1,537,884",96.27,96.41,93.48
10/23/2018,96.16,"1,497,988",95.63,96.78,93.76
10/22/2018,97.26,"1,317,780",96.27,98.02,95.38
10/19/2018,95.63,"880,271",95.56,96.29,95.07
10/18/2018,95.67,"1,202,425",96.24,96.85,94.55
10/17/2018,96.32,"1,182,859",96.48,97.36,96.09
10/16/2018,97.14,"993,338",96.47,97.415,95.4
10/15/2018,96.05,"758,774",95.16,96.71,95.1
10/12/2018,95.09,"1,047,731",95.58,96.12,94.11
10/11/2018,94.36,"1,613,982",94.6,96.4,94.03
10/10/2018,95.67,"1,833,230",97.24,97.35,95.48
10/09/2018,97.28,"2,716,135",101.2,101.2,96.97
10/08/2018,102.25,"2,145,833",102.13,102.52,100.525
10/05/2018,103.06,"1,520,904",104.16,105.25,101.97
10/04/2018,104.22,"1,168,117",104.0,104.71,102.61
10/03/2018,104.04,"1,352,366",102.03,105.0,101.77
10/02/2018,101.85,"1,035,501",101.14,102.01,100.57
10/01/2018,100.84,"759,581",100.67,101.13,100.1
09/28/2018,99.78,"1,421,022",100.74,101.16,99.715
09/27/2018,100.95,"1,079,086",101.41,101.76,99.73
09/26/2018,101.32,"1,491,499",102.08,102.58,101.13
09/25/2018,102.53,"1,454,790",105.3,105.4493,102.32
09/24/2018,104.94,"1,230,626",105.14,106.1,104.4615
09/21/2018,105.42,"2,066,854",106.97,107.42,104.54
09/20/2018,106.6,"1,522,783",105.6,107.0,105.4139
09/19/2018,105.49,"1,644,806",103.35,106.35,103.335
09/18/2018,103.06,"1,300,431",102.45,103.175,101.23
09/17/2018,102.45,"1,769,299",100.9,103.49,100.63
09/14/2018,100.9,"1,246,986",100.87,101.55,99.47
09/13/2018,100.61,"1,413,217",99.86,101.24,99.6
09/12/2018,99.46,"1,220,992",98.82,100.08,98.15
09/11/2018,98.84,"1,536,388",97.08,99.46,96.3948
09/10/2018,97.39,"1,227,067",97.42,97.92,96.83
09/07/2018,97.19,"1,280,108",96.9,97.97,95.78
09/06/2018,97.66,"1,351,694",96.69,98.49,96.635
09/05/2018,96.45,"1,333,729",96.57,96.86,95.0572
09/04/2018,96.57,"1,487,363",97.0,97.58,95.01
08/31/2018,95.52,"762,929",94.71,96.43,94.45
08/30/2018,95.05,"984,711",96.19,96.46,94.5599
08/29/2018,96.72,"753,778",96.8,97.22,95.575
08/28/2018,96.94,"1,058,278",96.94,98.11,96.38
08/27/2018,96.89,"883,873",96.3,97.99,96.1
08/24/2018,96.0,"1,612,675",94.26,96.975,94.0
08/23/2018,93.77,"3,337,389",94.5,94.6,92.41
08/22/2018,94.53,"1,236,134",95.0,95.35,94.295
08/21/2018,94.84,"1,374,937",95.47,95.6125,94.435
08/20/2018,95.54,"1,123,216",95.6,96.33,95.32
08/17/2018,95.44,"1,334,868",96.61,96.72,94.28
08/16/2018,97.06,"1,116,881",96.49,98.15,96.49
08/15/2018,95.54,"1,930,581",96.17,96.7,93.54
08/14/2018,97.33,"1,152,940",95.75,97.42,95.6
08/13/2018,95.63,"2,110,931",98.13,98.4199,95.55
08/10/2018,98.5,"1,339,999",100.05,100.8,98.21
08/09/2018,100.76,"3,452,349",99.15,103.11,98.62
08/08/2018,98.77,"5,222,524",97.41,100.49,96.52
08/07/2018,92.81,"1,587,496",93.0,93.73,92.6
08/06/2018,92.66,"1,105,861",92.3,92.93,91.88
08/03/2018,92.61,"786,737",92.26,92.9105,91.812
08/02/2018,92.02,"1,494,867",90.65,92.36,90.08
08/01/2018,91.01,"1,763,089",94.0,94.1599,90.09
07/31/2018,94.2,"989,474",92.63,94.53,92.31
07/30/2018,92.42,"1,272,222",93.26,93.26,91.62
07/27/2018,93.26,"902,519",93.27,94.14,92.0101
07/26/2018,93.06,"1,209,044",91.9,93.43,91.13
07/25/2018,91.79,"1,115,498",90.54,91.93,90.31
07/24/2018,90.9,"1,318,379",91.84,92.43,90.66
07/23/2018,90.92,"2,490,390",93.74,93.74,90.02
07/20/2018,93.9,"1,811,024",95.66,95.71,93.56
07/19/2018,96.21,"970,428",95.99,96.5495,95.04
07/18/2018,96.74,"1,394,591",96.91,97.86,96.06
07/17/2018,96.97,"1,103,826",94.85,97.29,94.501
07/16/2018,94.96,"2,343,214",95.49,95.7122,94.67
07/13/2018,95.57,"847,518",95.5,96.0,94.86
07/12/2018,95.35,"996,636",95.97,96.29,94.87
07/11/2018,94.68,"1,172,917",95.0,95.21,94.1
07/10/2018,95.81,"1,120,727",95.98,96.84,95.04
07/09/2018,95.98,"1,003,488",95.75,96.522,95.48
07/06/2018,95.54,"1,171,890",94.38,96.27,93.84
07/05/2018,94.78,"1,850,830",96.88,97.37,93.3
07/03/2018,96.62,"1,726,525",96.66,97.82,95.88
07/02/2018,93.48,"1,181,105",93.94,94.79,92.98
06/29/2018,94.33,"1,768,250",94.13,96.95,93.8
06/28/2018,93.64,"943,658",93.25,93.76,92.5
06/27/2018,93.41,"1,967,828",93.74,96.3274,93.27
06/26/2018,92.52,"1,070,699",92.33,93.1,91.89
06/25/2018,91.96,"1,414,901",93.65,94.97,91.29
06/22/2018,93.46,"1,449,901",92.38,93.62,92.16
06/21/2018,91.97,"1,319,601",91.41,92.5552,91.25
06/20/2018,91.61,"1,333,691",92.08,92.63,91.31
06/19/2018,91.4,"1,841,107",91.81,91.87,90.24
06/18/2018,92.87,"1,675,512",93.11,93.14,92.28
06/15/2018,93.33,"1,698,922",93.13,93.62,92.2
06/14/2018,93.66,"1,148,193",94.19,94.965,93.35
06/13/2018,94.18,"1,597,995",95.83,96.03,94.1
06/12/2018,95.74,"1,584,642",97.11,97.75,95.36
06/11/2018,95.37,"811,392",95.45,96.38,94.63
06/08/2018,95.37,"1,044,248",95.2,95.8002,94.64
06/07/2018,95.22,"887,529",95.64,96.43,94.69
06/06/2018,95.67,"1,738,049",94.8,95.68,93.95
06/05/2018,94.65,"973,073",94.5,95.335,94.285
06/04/2018,94.44,"962,280",94.57,95.0,93.83
06/01/2018,94.26,"1,242,808",93.5,95.076,93.5
05/31/2018,93.47,"1,430,047",93.56,94.32,93.25
05/30/2018,93.59,"1,241,026",93.59,94.45,93.0
05/29/2018,93.03,"1,612,169",94.58,94.79,92.61
05/25/2018,94.82,"1,742,042",94.4,95.31,93.37
05/24/2018,95.02,"3,516,462",99.58,99.97,94.95
05/23/2018,101.84,"907,212",101.34,102.25,100.8
05/22/2018,102.34,"1,034,188",104.54,105.14,102.13
05/21/2018,104.07,"1,853,801",105.5,106.4,103.51
05/18/2018,104.92,"2,305,711",105.0,106.3,104.15
05/17/2018,104.8,"2,770,217",102.62,105.87,102.5
05/16/2018,102.35,"1,545,707",101.15,102.9,101.0684
05/15/2018,100.81,"1,728,346",99.08,101.75,98.03
05/14/2018,99.24,"1,525,205",99.3,101.13,98.98
05/11/2018,98.54,"1,683,234",98.0,99.03,97.76
05/10/2018,98.39,"3,860,577",101.46,101.89,96.64
05/09/2018,101.75,"1,932,085",101.72,102.769,100.17
05/08/2018,100.72,"1,672,815",100.0,101.39,99.5
05/07/2018,100.11,"1,389,814",100.11,102.38,99.69
05/04/2018,100.06,"1,294,465",97.61,100.78,97.5201
05/03/2018,97.89,"1,384,027",97.85,99.24,96.51
05/02/2018,97.84,"1,395,983",97.6,99.77,97.56
05/01/2018,97.62,"1,221,487",96.27,97.62,95.66
04/30/2018,96.96,"1,439,134",96.96,98.84,96.71
04/27/2018,96.95,"857,123",96.41,97.66,96.14
04/26/2018,96.55,"1,029,224",95.84,97.31,94.56
04/25/2018,95.46,"870,795",95.8,96.22,94.48
04/24/2018,95.78,"1,328,573",97.85,98.5,94.11
04/23/2018,97.34,"799,407",97.67,98.5,97.03
04/20/2018,97.75,"912,310",98.23,98.315,97.105
04/19/2018,98.59,"1,526,386",99.0,99.7,96.92
04/18/2018,98.79,"1,145,475",97.26,99.78,97.0501
04/17/2018,96.63,"1,164,097",97.64,97.9599,95.84
04/16/2018,96.87,"1,415,807",96.45,97.5748,94.54
04/13/2018,95.5,"1,997,634",96.14,96.44,94.44
04/12/2018,93.39,"1,166,881",93.65,94.09,92.32
04/11/2018,93.31,"1,072,775",91.84,93.99,91.21
04/10/2018,92.33,"1,453,252",92.87,93.63,91.68
04/09/2018,91.22,"1,161,473",92.77,92.77,90.78
04/06/2018,91.8,"2,707,822",94.51,95.62,91.23
04/05/2018,95.77,"2,881,423",92.28,98.49,91.86
04/04/2018,91.6,"2,280,939",87.78,91.64,86.75
04/03/2018,90.42,"1,883,826",89.58,90.65,87.56
04/02/2018,88.96,"1,915,113",92.05,92.45,88.63
03/29/2018,92.74,"2,275,453",90.46,93.69,90.05
03/28/2018,89.56,"2,905,833",93.43,93.84,89.282
03/27/2018,93.43,"1,644,695",94.78,95.75,92.81
03/26/2018,94.36,"1,691,644",94.57,95.33,93.14
03/23/2018,93.24,"1,356,571",94.0,95.58,93.03
03/22/2018,94.11,"1,525,582",96.31,97.7,94.05
03/21/2018,97.47,"1,780,340",95.68,98.77,94.61
03/20/2018,95.32,"3,656,627",96.96,96.96,94.0
03/19/2018,96.91,"1,183,082",97.57,98.0,95.812
03/16/2018,98.37,"2,101,781",97.91,98.81,96.5
03/15/2018,98.07,"1,506,642",100.53,100.93,97.85
03/14/2018,100.33,"1,963,657",103.13,104.31,100.1
03/13/2018,103.13,"1,373,073",103.0,104.39,102.55
03/12/2018,102.99,"1,508,839",101.99,103.97,101.6
03/09/2018,101.76,"1,510,456",99.71,102.42,99.08
03/08/2018,99.28,"1,258,077",100.16,101.35,98.65
03/07/2018,100.05,"1,566,895",99.0,100.622,98.58
03/06/2018,100.14,"3,585,963",98.4,100.89,97.79
03/05/2018,96.44,"2,503,180",94.22,97.66,93.5
03/02/2018,95.02,"5,716,617",95.69,95.85,90.49
03/01/2018,96.01,"7,169,497",101.27,101.31,94.7
02/28/2018,100.43,"6,714,108",112.6,112.9,98.93
02/27/2018,111.57,"2,664,987",110.56,113.1,110.56
02/26/2018,110.1,"7,151,211",114.35,114.9,107.12
02/23/2018,118.75,"2,142,290",115.84,118.83,115.61
02/22/2018,113.68,"1,021,920",113.88,114.7499,113.155
02/21/2018,113.01,"1,774,343",115.35,116.5,112.87
02/20/2018,114.58,"1,425,193",112.0,115.39,112.0
02/16/2018,112.24,"1,669,198",114.36,114.59,111.96
02/15/2018,114.61,"1,755,317",112.43,114.65,111.38
02/14/2018,111.72,"2,052,269",107.18,112.16,106.63
02/13/2018,108.45,"2,760,401",111.6,112.6,108.084
02/12/2018,111.59,"2,637,066",109.28,112.15,109.01
02/09/2018,107.72,"2,573,841",106.0,108.71,103.75
02/08/2018,105.18,"2,377,380",106.94,108.7,105.14
02/07/2018,106.63,"1,664,186",107.46,109.48,106.56
02/06/2018,107.54,"2,900,372",103.51,108.5199,103.31
02/05/2018,105.15,"3,823,058",104.28,109.9,102.85
02/02/2018,105.51,"2,716,691",108.52,109.12,104.92
02/01/2018,109.2,"1,961,918",110.92,111.57,108.96
01/31/2018,111.59,"2,583,177",111.85,112.08,110.25
01/30/2018,111.37,"2,145,703",112.38,113.74,111.05
01/29/2018,111.68,"2,250,522",114.23,114.46,111.31
01/26/2018,114.41,"1,916,551",117.0,117.815,114.01
01/25/2018,116.9,"2,498,214",112.66,116.94,112.66
01/24/2018,112.4,"2,727,421",114.0,114.16,112.04
01/23/2018,113.0,"2,971,404",114.31,115.0,112.1201
01/22/2018,113.53,"3,644,462",115.78,115.93,113.06
01/19/2018,116.01,"4,262,693",118.9,119.4,115.5
01/18/2018,117.91,"8,613,880",115.2,118.75,112.54
01/17/2018,126.95,"2,016,791",129.2,129.45,126.0029
01/16/2018,128.0,"2,879,518",134.11,134.87,125.7
01/12/2018,133.52,"990,088",135.33,135.81,133.09
01/11/2018,134.69,"834,835",133.3,134.759,132.6
01/10/2018,132.96,"884,564",135.11,135.25,132.29
01/09/2018,135.44,"1,191,600",137.52,137.98,135.01
01/08/2018,137.45,"1,945,115",134.3,138.67,133.5801
01/05/2018,131.72,"807,157",131.04,132.79,130.51
01/04/2018,130.22,"820,939",132.25,132.96,130.11
01/03/2018,131.79,"1,042,125",132.04,133.94,130.62
01/02/2018,131.53,"1,117,789",128.93,131.91,128.49
12/29/2017,127.89,"714,604",128.77,129.2,127.52
12/28/2017,128.45,"998,213",128.55,128.81,127.365
12/27/2017,128.43,"667,682",129.0,129.6,128.18
12/26/2017,129.04,"327,031",129.24,129.4,128.06
12/22/2017,129.29,"781,520",128.37,129.46,128.0
12/21/2017,128.65,"994,560",131.69,131.97,128.47
12/20/2017,131.33,"832,288",132.5,132.81,131.3
12/19/2017,132.02,"945,226",132.12,132.99,131.6
12/18/2017,132.08,"1,387,530",131.63,132.81,131.13
12/15/2017,129.57,"2,133,732",129.19,132.04,128.99
12/14/2017,127.58,"1,015,040",130.0,130.06,127.52
12/13/2017,130.1,"960,768",130.37,131.1,129.78
12/12/2017,130.36,"1,025,820",131.0,131.12,130.12
12/11/2017,131.14,"966,586",130.96,132.15,130.17
12/08/2017,130.6,"1,555,337",129.93,131.85,129.885
12/07/2017,129.08,"979,493",127.06,130.545,127.0
12/06/2017,127.48,"1,675,339",127.53,128.2,126.31
12/05/2017,127.99,"1,414,344",128.5,130.25,127.18
12/04/2017,129.35,"1,595,533",133.43,133.9,129.171
12/01/2017,132.15,"1,240,176",134.86,135.4,130.01
11/30/2017,134.32,"1,290,715",132.03,134.81,131.76
11/29/2017,131.95,"1,529,625",137.15,137.15,130.63
11/28/2017,136.89,"690,509",136.76,137.54,135.9
11/27/2017,136.23,"773,361",137.06,137.35,136.19
11/24/2017,137.06,"415,525",135.61,137.51,135.5
11/22/2017,135.25,"715,362",137.75,137.84,135.17
11/21/2017,136.7,"958,517",136.29,137.7199,136.05
11/20/2017,135.4,"1,009,075",136.0,136.2,135.01
11/17/2017,136.21,"1,441,610",135.92,136.32,134.64
11/16/2017,135.33,"1,913,171",135.5,136.75,134.68
11/15/2017,134.54,"1,987,206",136.0,136.2,131.15
11/14/2017,137.65,"1,714,901",139.52,139.62,136.81
11/13/2017,143.37,"949,230",139.54,143.6601,139.52
11/10/2017,140.62,"1,056,322",141.02,142.69,140.42
11/09/2017,140.84,"2,588,632",142.11,142.435,136.39
11/08/2017,144.58,"1,745,444",143.53,144.99,142.5
11/07/2017,143.13,"1,560,198",142.0,143.57,141.86
11/06/2017,141.97,"951,093",140.24,142.0,140.14
11/03/2017,140.04,"1,395,317",136.55,140.3499,135.25
11/02/2017,136.91,"2,363,978",142.5,143.69,135.61
11/01/2017,142.33,"907,495",142.0,142.42,140.85
10/31/2017,140.89,"1,576,298",139.02,140.89,139.02
10/30/2017,139.51,"834,834",139.08,140.17,138.53
10/27/2017,139.08,"1,204,744",139.64,139.97,137.87
10/26/2017,139.04,"1,375,755",139.4,139.759,137.6
10/25/2017,138.53,"1,778,459",139.5,140.44,136.88
10/24/2017,138.72,"1,330,421",138.9,139.48,137.86
10/23/2017,138.53,"1,535,456",141.0,141.3995,137.77
10/20/2017,140.78,"925,475",140.7,141.29,140.06
10/19/2017,139.49,"798,724",138.22,139.52,137.15
10/18/2017,139.66,"720,285",140.06,140.28,139.3
10/17/2017,139.41,"1,048,857",140.67,140.7,138.89
10/16/2017,140.16,"1,332,441",139.84,141.305,138.61
10/13/2017,138.94,"906,376",138.75,139.48,137.53
10/12/2017,137.3,"936,000",137.0,138.33,136.96
10/11/2017,137.42,"1,205,412",138.0,138.22,136.37
10/10/2017,137.77,"830,224",137.24,138.15,135.8301
10/09/2017,136.55,"893,436",137.55,138.1,135.23
10/06/2017,137.19,"1,987,168",135.69,137.22,134.54
10/05/2017,139.66,"820,005",138.68,140.1045,138.23
10/04/2017,138.22,"1,113,027",137.9,138.59,137.09
10/03/2017,137.42,"889,375",137.22,137.83,136.32
10/02/2017,136.62,"1,180,199",136.25,136.88,133.835
09/29/2017,136.31,"2,101,931",132.8,137.48,132.5
09/28/2017,132.32,"1,300,142",130.57,132.55,130.2
09/27/2017,130.02,"1,215,952",129.16,131.12,128.885
09/26/2017,128.42,"1,420,947",129.0,129.91,127.41
09/25/2017,128.89,"2,642,028",132.28,132.65,127.31
09/22/2017,134.29,"1,324,237",134.4,134.88,133.26
09/21/2017,134.89,"2,014,598",136.5,136.5,134.08
09/20/2017,136.08,"2,917,265",135.29,136.95,134.08
09/19/2017,134.65,"1,999,457",131.5,135.26,131.22
09/18/2017,131.02,"1,691,328",128.5,131.66,128.16
09/15/2017,127.29,"1,617,506",126.3,127.8344,125.3
09/14/2017,126.0,"1,219,209",125.28,126.2,124.75
09/13/2017,125.6,"1,284,967",124.66,126.15,124.44
09/12/2017,124.64,"1,402,226",124.5,126.32,124.27
09/11/2017,123.85,"1,724,081",120.12,124.32,119.52
09/08/2017,118.28,"688,970",118.08,119.0,117.79
09/07/2017,118.09,"891,834",118.75,119.73,117.89
09/06/2017,118.66,"1,263,021",116.95,119.65,116.22
09/05/2017,116.67,"1,178,682",119.0,120.03,116.16
09/01/2017,118.63,"908,724",117.06,118.86,116.63
08/31/2017,116.26,"908,656",116.22,117.15,115.96
08/30/2017,115.17,"717,582",114.55,115.54,113.86
08/29/2017,114.46,"627,342",114.8,114.8,113.47
08/28/2017,115.43,"593,630",115.93,116.0,114.46
08/25/2017,114.95,"605,595",115.13,115.46,114.26
08/24/2017,114.86,"948,052",115.63,116.27,114.72
08/23/2017,115.39,"609,259",115.57,116.41,115.105
08/22/2017,115.82,"974,201",113.89,116.19,113.77
08/21/2017,113.48,"686,049",112.65,113.59,112.23
08/18/2017,112.59,"872,610",112.04,113.32,111.56
08/17/2017,112.11,"1,037,981",113.94,113.94,112.0
08/16/2017,113.42,"1,288,747",112.0,113.84,111.26
08/15/2017,111.88,"1,179,019",111.0,112.43,110.01
08/14/2017,110.83,"1,619,739",110.14,111.48,110.045
08/11/2017,109.36,"2,137,729",110.0,110.28,108.6
08/10/2017,110.95,"2,603,193",112.5,112.51,110.25
08/09/2017,113.16,"2,602,471",114.66,115.7089,111.23
08/08/2017,115.41,"5,311,717",119.13,119.17,113.68
08/07/2017,123.08,"3,796,445",120.62,123.48,120.0
08/04/2017,119.6,"1,077,214",118.97,119.99,118.75
08/03/2017,118.8,"1,321,714",119.79,119.96,118.48
08/02/2017,119.45,"1,527,094",117.5,119.96,117.05
08/01/2017,117.43,"901,986",116.06,117.68,115.3
07/31/2017,115.8,"926,758",116.8,117.01,115.73
07/28/2017,116.5,"1,388,316",116.36,116.98,115.9
07/27/2017,116.37,"955,934",117.81,118.31,115.2
07/26/2017,117.2,"870,670",119.16,119.28,117.0
07/25/2017,118.8,"1,127,588",119.5,119.5,118.4005
07/24/2017,118.6,"1,596,553",118.53,119.39,117.84
07/21/2017,118.34,"1,017,175",117.99,118.879,117.59
07/20/2017,117.91,"918,867",119.0,119.16,117.64
07/19/2017,119.16,"1,215,388",117.97,119.59,116.66
07/18/2017,117.73,"688,937",116.82,118.18,116.17
07/17/2017,116.86,"863,670",117.66,117.774,116.46
07/14/2017,117.57,"1,723,286",118.37,118.99,117.01
07/13/2017,117.68,"2,336,951",116.6,119.0,116.6
07/12/2017,116.54,"2,115,514",113.5,117.13,113.38
07/11/2017,112.95,"1,321,835",111.68,113.08,110.85
07/10/2017,111.34,"1,443,882",110.21,111.9,110.0
07/07/2017,109.99,"1,557,460",108.32,110.45,108.15
07/06/2017,108.05,"1,174,366",107.86,109.08,107.3
07/05/2017,108.02,"1,356,683",106.0,108.66,106.0
07/03/2017,106.03,"555,424",106.34,106.53,105.34
06/30/2017,105.54,"807,151",105.22,106.53,105.12
06/29/2017,104.67,"986,082",107.18,107.26,103.765
06/28/2017,106.92,"1,201,548",105.13,107.3299,104.63
06/27/2017,104.47,"1,313,088",105.39,105.69,104.3
06/26/2017,105.02,"1,826,467",105.11,106.56,104.25
06/23/2017,104.85,"3,099,744",105.31,105.91,104.42
06/22/2017,105.2,"1,180,200",106.47,106.7,105.11
06/21/2017,106.19,"1,274,057",107.57,107.62,105.87
06/20/2017,107.74,"805,427",107.85,109.14,107.0
06/19/2017,108.33,"1,099,571",108.5,109.23,106.9
06/16/2017,108.09,"1,704,147",106.2,108.12,105.85
06/15/2017,106.05,"2,579,368",107.96,108.0,103.6301
06/14/2017,109.27,"1,710,526",112.61,112.655,108.56
06/13/2017,112.66,"1,111,664",112.33,112.91,110.98
06/12/2017,111.19,"1,803,751",115.22,115.4,110.97
06/09/2017,115.4,"1,131,451",114.75,116.6399,114.09
06/08/2017,114.27,"1,438,941",113.0,114.76,112.37
06/07/2017,112.8,"1,068,396",112.68,113.17,112.38
06/06/2017,112.68,"755,203",113.5,113.96,112.62
06/05/2017,113.61,"689,495",113.8,114.49,113.16
06/02/2017,114.09,"604,337",113.4,114.4,113.06
06/01/2017,113.36,"813,201",113.68,114.286,112.89
05/31/2017,113.6,"1,136,169",112.28,113.73,111.89
05/30/2017,112.46,"772,013",112.79,112.89,111.444
05/26/2017,112.86,"601,398",112.5,113.06,112.2
05/25/2017,112.59,"636,067",112.53,113.7,112.26
05/24/2017,112.05,"548,660",111.71,112.5499,111.55
05/23/2017,111.71,"592,057",110.91,112.0,110.59
05/22/2017,110.58,"797,833",110.91,111.0629,109.74
