date,close,volume,open,high,low
05/15/2026,135.38,"3,364,339",134.68,136.02,132.06
05/14/2026,135.52,"2,962,808",132.78,136.58,131.955
05/13/2026,131.6,"2,666,167",131.11,133.22,129.0
05/12/2026,131.93,"2,687,163",129.83,132.34,128.9675
05/11/2026,130.46,"3,096,486",133.47,133.69,129.5
05/08/2026,133.2,"4,768,751",128.14,133.39,126.95
05/07/2026,127.79,"4,060,947",129.36,130.76,126.3635
05/06/2026,129.53,"4,502,418",134.02,135.34,128.8801
05/05/2026,130.3,"4,238,803",130.3,131.91,129.13
05/04/2026,129.19,"3,333,885",130.32,133.34,129.09
05/01/2026,130.46,"3,906,834",129.82,132.12,128.52
04/30/2026,128.72,"4,212,496",121.51,129.25,120.0
04/29/2026,122.28,"2,335,739",122.52,123.89,121.6
04/28/2026,123.57,"3,836,478",124.08,125.365,122.67
04/27/2026,123.33,"2,893,798",124.26,126.13,122.735
04/24/2026,124.26,"3,429,517",124.45,125.8,122.255
04/23/2026,124.77,"4,522,850",127.33,127.8,122.59
04/22/2026,129.06,"3,600,575",128.23,130.3,127.0
04/21/2026,127.26,"5,040,021",128.28,131.0,126.72
04/20/2026,127.33,"5,238,610",124.09,127.45,124.01
04/17/2026,124.62,"6,405,207",122.8,126.575,121.1201
04/16/2026,120.81,"5,860,935",121.25,122.62,120.21
04/15/2026,120.54,"6,630,309",117.1,121.13,116.5002
04/14/2026,114.82,"6,156,432",111.8,116.19,111.8
04/13/2026,109.95,"4,700,814",103.96,110.0,103.5112
04/10/2026,104.28,"4,527,229",107.67,108.04,102.7
04/09/2026,106.98,"3,733,805",104.99,107.8183,104.5
04/08/2026,107.05,"4,537,913",109.96,112.29,105.37
04/07/2026,105.36,"2,820,027",105.04,106.42,104.57
04/06/2026,106.11,"2,819,809",106.88,107.12,104.7101
04/02/2026,107.04,"5,419,041",105.82,109.51,104.14
04/01/2026,110.25,"2,642,652",112.63,112.98,108.9823
03/31/2026,111.42,"3,516,455",111.63,112.82,109.11
03/30/2026,109.95,"4,215,685",109.27,112.505,108.01
03/27/2026,108.42,"4,674,672",108.61,110.31,107.11
03/26/2026,109.98,"4,562,246",108.71,111.6,107.755
03/25/2026,109.8,"5,209,376",111.68,113.0827,109.28
03/24/2026,111.25,"8,668,851",107.29,111.45,104.7001
03/23/2026,110.45,"6,116,971",114.48,114.7,110.35
03/20/2026,112.0,"8,317,505",112.0,112.71,110.2
03/19/2026,111.37,"5,380,893",110.25,112.445,108.8
03/18/2026,111.2,"8,261,241",108.36,112.55,108.1
03/17/2026,108.89,"6,874,671",105.73,109.35,104.7401
03/16/2026,103.45,"7,220,349",105.36,105.9,101.36
03/13/2026,104.44,"8,092,145",101.6,104.71,100.1
03/12/2026,100.3,"7,545,796",103.6,105.07,100.15
03/11/2026,106.1,"6,261,180",107.67,110.41,102.5
03/10/2026,108.17,"3,488,414",108.36,109.08,105.51
03/09/2026,108.14,"5,556,414",106.57,108.81,104.4401
03/06/2026,108.7,"6,009,374",107.4,109.73,104.65
03/05/2026,111.24,"4,555,861",109.15,112.07,109.15
03/04/2026,109.79,"4,919,950",107.66,109.91,106.83
03/03/2026,107.08,"9,194,500",101.65,108.12,99.56
03/02/2026,106.45,"7,837,638",102.5,107.82,101.56
02/27/2026,104.6,"15,135,980",111.22,111.34,104.0
02/26/2026,114.4,"6,780,779",118.65,118.65,111.73
02/25/2026,117.21,"6,266,614",115.0,118.92,114.7
02/24/2026,114.13,"7,220,720",113.0,116.696,112.15
02/23/2026,113.73,"9,437,319",118.1,118.235,111.34
02/20/2026,119.72,"6,301,981",116.9,120.82,115.59
02/19/2026,118.34,"9,488,254",122.5,122.95,116.53
02/18/2026,125.36,"3,322,820",124.5,126.725,123.8
02/17/2026,125.15,"4,175,495",125.58,126.31,123.47
02/13/2026,125.07,"3,707,163",125.07,126.08,123.825
02/12/2026,125.37,"7,363,799",127.16,129.825,122.725
02/11/2026,126.95,"6,313,732",131.91,133.288,126.35
02/10/2026,132.43,"4,099,103",134.79,137.97,132.35
02/09/2026,133.95,"6,152,098",134.34,140.165,133.65
02/06/2026,133.03,"6,113,818",129.4,134.01,128.22
02/05/2026,126.08,"5,662,385",131.26,131.77,125.01
02/04/2026,132.8,"6,485,698",127.85,134.32,126.8498
02/03/2026,126.85,"9,421,730",131.58,132.59,122.06
02/02/2026,133.19,"2,821,538",134.25,136.58,131.13
01/30/2026,134.54,"2,347,704",134.16,136.0,133.62
01/29/2026,134.49,"3,348,868",134.58,135.57,133.065
01/28/2026,132.89,"3,082,363",131.9,133.13,130.16
01/27/2026,131.72,"4,015,880",131.56,132.5,128.88
01/26/2026,131.56,"5,559,941",135.84,137.0,130.435
01/23/2026,136.31,"3,502,889",138.97,139.69,135.77
01/22/2026,139.73,"2,651,150",140.56,141.67,139.42
01/21/2026,139.53,"3,553,833",140.49,141.37,139.1
01/20/2026,138.64,"3,554,637",141.01,143.68,138.15
01/16/2026,143.88,"2,295,620",143.23,146.2,143.23
01/15/2026,144.15,"2,048,183",144.8,146.25,143.63
01/14/2026,144.06,"2,234,671",143.0,144.45,140.26
01/13/2026,143.24,"3,439,484",142.32,143.5192,139.94
01/12/2026,143.91,"2,429,236",143.02,144.74,142.0
01/09/2026,145.82,"2,348,087",147.33,148.08,142.71
01/08/2026,146.19,"2,279,791",143.44,148.68,142.61
01/07/2026,144.28,"5,090,355",152.6,152.6,144.12
01/06/2026,152.7,"2,757,396",149.49,153.29,149.35
01/05/2026,149.76,"3,019,881",145.89,151.975,145.89
01/02/2026,146.61,"2,047,345",145.01,146.945,144.16
12/31/2025,144.76,"1,389,131",146.13,146.25,144.69
12/30/2025,146.06,"1,466,215",147.09,147.95,146.0
12/29/2025,147.27,"1,291,028",148.51,149.03,146.9
12/26/2025,148.52,"1,308,397",148.8,149.04,147.98
12/24/2025,148.85,"884,295",148.31,149.45,147.33
12/23/2025,148.37,"2,173,849",148.45,149.66,148.1
12/22/2025,148.89,"2,753,686",147.22,150.45,147.2
12/19/2025,146.34,"5,163,418",146.62,147.96,146.0
12/18/2025,146.3,"2,653,785",148.56,149.43,146.25
12/17/2025,146.4,"3,479,937",147.65,150.63,145.56
12/16/2025,147.15,"2,325,347",147.0,148.72,146.3
12/15/2025,146.83,"2,585,736",149.48,149.56,146.52
12/12/2025,148.05,"3,744,411",151.86,151.86,146.93
12/11/2025,150.33,"4,427,476",149.08,150.9765,148.0101
12/10/2025,149.08,"5,073,760",143.12,149.595,143.12
12/09/2025,143.89,"5,025,847",137.81,145.99,137.51
12/08/2025,137.38,"2,556,203",137.91,137.915,135.24
12/05/2025,138.13,"1,976,923",136.3,138.64,135.95
12/04/2025,136.75,"2,680,204",135.25,136.85,134.03
12/03/2025,134.5,"4,833,297",132.02,135.555,131.08
12/02/2025,132.08,"1,588,385",131.56,133.465,131.01
12/01/2025,131.39,"2,755,560",130.19,132.315,129.04
11/28/2025,131.85,"1,392,328",131.69,133.145,130.3
11/26/2025,130.27,"2,637,923",131.0,132.32,130.27
11/25/2025,130.62,"3,437,866",130.2,131.08,127.37
11/24/2025,130.1,"3,577,087",129.9,131.0,128.99
11/21/2025,130.02,"3,214,424",127.76,130.76,125.954
11/20/2025,126.76,"3,965,666",131.82,132.68,126.69
11/19/2025,127.2,"2,819,967",124.65,127.47,124.185
11/18/2025,124.32,"2,859,475",123.03,126.005,122.49
11/17/2025,124.34,"4,110,246",130.0,130.235,123.605
11/14/2025,130.6,"3,498,532",126.14,132.135,125.5892
11/13/2025,128.71,"4,868,421",133.5,134.718,128.61
11/12/2025,133.58,"2,936,623",133.67,137.03,133.44
11/11/2025,132.88,"2,133,840",131.0,134.18,130.5392
11/10/2025,130.92,"2,875,708",135.07,135.75,129.76
11/07/2025,132.37,"4,214,580",127.78,132.65,126.99
11/06/2025,128.98,"4,095,747",134.16,136.91,128.85
11/05/2025,133.75,"5,483,890",131.39,135.86,129.8
11/04/2025,130.51,"6,684,436",132.25,134.3,129.27
11/03/2025,123.95,"4,760,966",124.34,124.64,122.88
10/31/2025,124.31,"3,055,736",122.5,124.84,121.925
10/30/2025,123.45,"4,091,503",124.74,125.99,123.2
10/29/2025,124.88,"2,991,261",123.88,125.56,122.83
10/28/2025,124.47,"2,005,076",126.5,126.79,124.23
10/27/2025,126.37,"1,843,845",126.89,127.97,126.21
10/24/2025,125.0,"2,453,513",124.77,126.74,124.35
10/23/2025,123.05,"3,346,209",127.14,127.4299,122.53
10/22/2025,126.53,"2,576,300",126.24,127.91,125.395
10/21/2025,125.98,"3,605,019",124.86,127.3,124.45
10/20/2025,125.19,"2,943,882",122.52,126.04,122.0
10/17/2025,121.38,"3,350,372",121.56,123.05,120.225
10/16/2025,120.84,"5,290,240",127.81,127.97,119.56
10/15/2025,127.7,"3,777,398",129.95,129.98,126.12
10/14/2025,127.64,"5,283,744",120.97,128.6725,120.5732
10/13/2025,122.44,"3,705,454",120.5,122.63,119.0
10/10/2025,118.22,"5,504,663",123.0,123.395,118.14
10/09/2025,123.54,"4,893,791",125.34,125.8099,122.65
10/08/2025,124.8,"4,042,150",125.0,126.1,123.785
10/07/2025,126.05,"3,372,582",126.58,127.66,125.08
10/06/2025,126.7,"4,600,107",127.14,127.49,124.255
10/03/2025,125.89,"3,431,559",125.9,128.61,125.18
10/02/2025,127.23,"4,688,587",129.48,130.64,126.625
10/01/2025,129.95,"3,872,897",131.4,133.8,129.91
09/30/2025,133.27,"4,515,027",137.7,138.095,130.16
09/29/2025,138.44,"2,829,319",138.7,139.37,135.9095
09/26/2025,137.63,"2,893,585",136.27,139.405,136.2
09/25/2025,136.13,"2,721,658",135.23,136.95,134.77
09/24/2025,137.16,"3,265,065",145.5,146.5,137.12
09/23/2025,144.89,"3,058,832",143.86,148.21,143.37
09/22/2025,143.96,"2,805,953",142.1,144.07,139.77
09/19/2025,144.75,"5,989,914",144.87,145.375,143.66
09/18/2025,143.49,"3,841,345",140.72,144.04,140.0
09/17/2025,138.82,"5,066,754",140.84,143.75,136.37
09/16/2025,140.05,"2,536,353",138.76,140.24,138.41
09/15/2025,138.48,"2,392,506",138.69,139.54,137.98
09/12/2025,138.03,"2,306,955",136.5,138.33,136.28
09/11/2025,136.4,"2,758,399",133.88,138.47,133.73
09/10/2025,133.64,"2,641,256",134.89,137.42,132.74
09/09/2025,134.42,"3,932,261",132.9,135.37,132.5
09/08/2025,134.44,"3,249,856",132.6,134.68,131.15
09/05/2025,131.55,"4,520,624",134.93,135.14,128.975
09/04/2025,134.76,"2,922,940",133.4,135.33,132.725
09/03/2025,132.63,"4,596,824",135.06,135.9199,130.51
09/02/2025,135.84,"3,697,135",134.35,135.98,132.28
08/29/2025,136.23,"4,975,963",136.44,137.39,135.955
08/28/2025,136.39,"2,190,106",135.91,137.17,135.82
08/27/2025,135.72,"2,997,152",134.06,136.29,133.59
08/26/2025,134.4,"3,634,476",133.22,134.68,132.22
08/25/2025,133.89,"2,762,572",134.02,135.6199,133.81
08/22/2025,134.2,"3,420,408",134.91,138.04,134.02
08/21/2025,134.01,"2,628,138",134.15,135.2,133.085
08/20/2025,135.34,"3,363,003",136.0,136.12,132.72
08/19/2025,137.08,"2,928,051",139.32,140.0,136.53
08/18/2025,139.39,"2,244,488",138.29,140.665,137.86
08/15/2025,139.39,"3,157,753",142.27,142.375,138.41
08/14/2025,140.68,"2,562,737",140.04,141.33,139.03
08/13/2025,140.95,"5,540,503",145.82,146.13,138.37
08/12/2025,144.6,"2,913,946",144.09,146.7225,142.53
08/11/2025,142.12,"2,491,820",141.92,144.1425,141.675
08/08/2025,141.97,"3,008,774",141.79,143.54,140.61
08/07/2025,141.11,"5,253,745",149.84,149.84,138.1
08/06/2025,145.87,"3,190,748",146.49,148.27,144.47
08/05/2025,145.54,"5,432,017",148.93,151.58,143.16
08/04/2025,142.02,"4,227,353",140.16,142.35,138.815
08/01/2025,138.29,"4,587,610",142.01,142.01,135.67
07/31/2025,145.32,"2,702,827",145.95,147.68,144.06
07/30/2025,145.46,"2,085,096",148.44,148.85,144.24
07/29/2025,147.82,"2,545,906",149.27,149.76,145.33
07/28/2025,148.7,"3,095,325",151.43,151.8699,148.21
07/25/2025,151.13,"1,620,773",151.62,151.995,149.245
07/24/2025,151.64,"1,999,060",153.05,153.43,151.61
07/23/2025,151.85,"2,291,413",151.0,152.42,149.59
07/22/2025,149.65,"2,033,533",148.72,149.93,146.68
07/21/2025,148.69,"2,303,355",152.66,153.25,148.53
07/18/2025,152.0,"2,928,533",156.89,156.89,151.37
07/17/2025,156.05,"3,951,652",152.66,157.28,152.4
07/16/2025,152.71,"3,928,072",148.24,152.94,147.92
07/15/2025,145.72,"1,618,220",148.39,149.098,145.4001
07/14/2025,148.53,"1,837,947",146.95,148.86,146.0
07/11/2025,147.18,"1,474,560",146.7,148.04,146.5
07/10/2025,148.21,"3,078,883",146.63,149.763,146.0
07/09/2025,146.65,"2,759,539",146.25,147.2,145.02
07/08/2025,145.01,"2,841,554",142.12,146.12,140.52
07/07/2025,141.53,"2,104,199",143.31,144.35,140.17
07/03/2025,144.47,"1,402,169",143.1,145.425,142.58
07/02/2025,142.78,"2,124,576",141.01,143.03,140.37
07/01/2025,141.63,"2,398,472",141.02,142.89,139.93
06/30/2025,141.87,"2,685,163",145.0,145.03,141.11
06/27/2025,142.92,"8,391,378",140.44,144.19,139.85
06/26/2025,139.35,"2,441,953",138.0,139.7,137.3
06/25/2025,137.73,"2,317,130",140.0,141.25,136.815
06/24/2025,139.91,"3,203,237",136.96,140.97,136.14
06/23/2025,134.03,"2,641,831",134.06,134.97,128.93
06/20/2025,134.52,"4,569,663",134.44,135.75,133.5
06/18/2025,133.09,"2,300,950",131.85,134.65,131.85
06/17/2025,132.36,"2,185,869",132.88,133.97,131.425
06/16/2025,134.1,"2,168,834",133.5,136.38,132.835
06/13/2025,132.11,"4,238,400",135.54,136.615,131.1962
06/12/2025,138.11,"3,252,954",136.11,138.52,136.0
06/11/2025,138.03,"2,950,459",136.0,139.5,136.0
06/10/2025,135.62,"3,164,603",133.6,136.15,133.38
06/09/2025,133.51,"1,729,001",134.22,134.84,133.08
06/06/2025,133.45,"1,963,289",133.37,134.9425,132.225
06/05/2025,130.28,"1,969,785",130.66,131.43,129.15
06/04/2025,130.3,"2,057,526",131.78,132.8,130.22
06/03/2025,131.1,"2,045,455",130.95,131.785,129.15
06/02/2025,130.52,"2,690,682",130.04,130.84,127.37
05/30/2025,130.69,"5,097,940",131.09,131.22,128.02
05/29/2025,131.7,"2,064,955",133.21,133.39,130.78
05/28/2025,131.51,"2,276,815",133.82,135.0,131.41
05/27/2025,133.17,"2,474,135",132.99,133.75,131.52
05/23/2025,130.87,"2,341,154",127.45,132.07,126.79
05/22/2025,130.81,"2,976,781",130.46,131.76,129.455
05/21/2025,130.68,"5,103,715",136.88,137.33,130.64
05/20/2025,139.29,"3,076,331",141.51,142.17,138.51
05/19/2025,142.61,"1,775,079",140.54,143.0599,140.07
05/16/2025,143.84,"2,404,375",143.72,144.38,142.69
05/15/2025,143.99,"2,942,174",142.54,144.6,141.92
05/14/2025,144.24,"3,243,959",146.2,147.44,143.6
05/13/2025,145.07,"3,913,180",143.74,146.85,143.0
05/12/2025,143.45,"6,407,616",140.77,143.61,140.445
05/09/2025,132.46,"2,734,974",134.11,134.5572,131.52
05/08/2025,133.19,"4,448,413",131.19,135.75,130.46
05/07/2025,129.34,"4,039,593",129.57,130.65,127.88
05/06/2025,129.31,"3,888,845",131.89,133.33,129.19
05/05/2025,133.98,"4,321,574",133.5,137.295,132.77
05/02/2025,135.37,"4,382,119",134.15,137.48,133.0
05/01/2025,137.89,"3,564,142",137.64,140.12,137.13
04/30/2025,136.48,"4,536,872",133.16,136.99,131.495
04/29/2025,137.55,"2,754,577",136.06,138.17,134.59
04/28/2025,136.36,"2,925,032",134.42,137.3305,134.06
04/25/2025,133.4,"2,588,335",132.16,135.0,131.5
04/24/2025,133.32,"2,774,988",127.1,133.85,126.74
04/23/2025,126.55,"3,812,573",130.0,133.31,126.19
04/22/2025,123.71,"3,325,269",122.15,124.32,121.2845
04/21/2025,119.63,"4,492,382",124.63,125.12,118.28
04/17/2025,126.78,"2,638,671",126.28,127.89,125.02
04/16/2025,125.21,"2,264,413",125.8,127.64,123.3
04/15/2025,127.84,"3,114,082",125.62,129.7908,125.62
04/14/2025,125.52,"4,010,248",128.0,128.92,123.79
04/11/2025,125.92,"6,257,438",122.53,126.26,118.43
04/10/2025,123.93,"10,692,980",125.0,125.82,117.35
04/09/2025,128.45,"10,416,090",111.1,130.95,108.1
04/08/2025,110.41,"7,460,431",119.44,121.29,108.02
04/07/2025,112.36,"11,194,480",103.31,119.49,102.58
04/04/2025,108.68,"13,261,740",116.43,117.175,105.61
04/03/2025,123.45,"11,819,570",128.53,128.9,122.14
04/02/2025,141.52,"2,418,316",135.17,142.78,135.17
04/01/2025,138.37,"2,934,406",136.61,138.569,133.96
03/31/2025,136.94,"3,977,549",134.82,137.865,130.765
03/28/2025,136.96,"3,124,013",141.25,142.28,135.6
03/27/2025,142.03,"2,226,597",143.32,144.2,140.01
03/26/2025,144.64,"2,590,188",148.83,149.97,143.95
03/25/2025,147.9,"2,429,950",148.73,150.3099,147.1427
03/24/2025,148.4,"3,156,353",146.98,150.25,146.38
03/21/2025,143.41,"4,012,399",143.33,144.85,141.23
03/20/2025,144.77,"3,610,763",141.26,146.15,140.94
03/19/2025,143.4,"4,758,346",137.98,145.36,136.25
03/18/2025,137.44,"2,268,998",138.81,139.45,136.0
03/17/2025,138.7,"4,333,254",134.0,140.19,133.69
03/14/2025,134.32,"2,876,641",133.28,134.65,130.62
03/13/2025,130.24,"4,018,369",135.04,136.09,128.61
03/12/2025,134.92,"6,258,438",133.82,137.15,132.435
03/11/2025,130.42,"6,451,199",126.68,131.83,125.955
03/10/2025,126.01,"5,794,179",128.11,128.11,123.39
03/07/2025,132.4,"5,946,823",134.48,135.3,127.56
03/06/2025,134.78,"4,511,774",135.0,137.98,132.84
03/05/2025,140.53,"4,254,217",138.18,141.47,135.69
03/04/2025,137.92,"5,490,201",140.92,141.77,134.19
03/03/2025,144.58,"3,410,190",150.89,151.8,143.51
02/28/2025,149.27,"4,825,946",146.33,149.34,145.01
02/27/2025,147.44,"3,539,199",149.49,151.7377,147.13
02/26/2025,147.65,"2,782,046",146.49,150.91,146.1525
02/25/2025,145.3,"5,772,813",148.0,148.9,141.2
02/24/2025,147.87,"4,379,324",151.91,152.66,146.44
02/21/2025,150.55,"3,731,602",157.1,157.445,148.6
02/20/2025,156.79,"3,566,995",159.96,160.2,154.33
02/19/2025,160.27,"3,035,460",160.5,161.17,159.12
02/18/2025,162.06,"2,503,314",163.51,164.22,160.685
02/14/2025,162.81,"2,665,839",158.27,163.15,157.59
02/13/2025,157.92,"2,442,215",158.2,159.8859,156.9
02/12/2025,157.44,"4,266,280",155.1,157.98,152.8
02/11/2025,158.08,"3,786,954",160.5,160.545,156.88
02/10/2025,162.17,"2,165,697",164.49,164.76,160.79
02/07/2025,163.45,"2,484,794",165.56,167.15,163.11
02/06/2025,164.88,"2,181,301",168.11,168.2492,163.21
02/05/2025,165.75,"2,844,819",161.17,166.17,160.38
02/04/2025,162.59,"5,539,383",164.02,169.33,161.06
02/03/2025,167.12,"3,257,348",166.28,169.495,165.23
01/31/2025,170.98,"2,452,071",172.68,174.91,170.615
01/30/2025,171.76,"2,644,714",172.8,173.39,168.88
01/29/2025,171.1,"2,735,545",169.46,172.19,168.6
01/28/2025,169.31,"3,672,339",168.26,170.7,165.44
01/27/2025,167.26,"3,299,388",167.94,169.25,163.9
01/24/2025,172.06,"2,410,637",169.51,172.26,169.256
01/23/2025,169.75,"3,264,956",168.2,173.49,168.19
01/22/2025,168.9,"3,202,041",170.0,171.32,167.7
01/21/2025,169.24,"4,107,928",168.96,171.93,168.3765
01/17/2025,166.99,"3,580,392",167.27,169.02,166.01
01/16/2025,165.92,"4,209,098",165.54,166.4676,164.4
01/15/2025,164.85,"3,852,721",166.0,167.88,163.67
01/14/2025,159.33,"3,512,273",156.65,159.9157,155.61
01/13/2025,154.8,"3,441,837",153.69,155.0,152.73
01/10/2025,155.39,"4,502,793",160.0,160.0,154.58
01/08/2025,161.98,"3,283,749",162.61,163.13,159.44
01/07/2025,162.45,"4,062,820",170.0,170.15,161.23
01/06/2025,169.1,"3,233,794",170.8,172.11,169.03
01/03/2025,169.06,"2,491,571",166.13,169.43,165.17
01/02/2025,165.86,"3,079,965",166.99,166.99,163.05
12/31/2024,165.16,"2,817,031",167.0,167.5999,164.93
12/30/2024,166.51,"2,597,815",167.95,168.87,165.18
12/27/2024,170.28,"2,859,065",172.68,173.41,169.7
12/26/2024,174.37,"1,348,439",173.63,175.08,172.51
12/24/2024,174.85,"1,023,857",172.51,174.85,171.7955
12/23/2024,171.63,"4,447,740",170.64,172.78,168.28
12/20/2024,171.03,"91,314,340",167.5,174.85,167.39
12/19/2024,169.63,"7,909,089",170.05,173.56,169.37
12/18/2024,167.44,"7,927,883",176.62,178.11,166.45
12/17/2024,176.32,"7,018,797",176.5,177.73,172.9001
12/16/2024,178.15,"5,959,004",176.24,179.42,175.885
12/13/2024,176.43,"3,166,777",176.41,177.52,174.88
12/12/2024,176.41,"3,547,629",178.53,179.37,175.27
12/11/2024,178.61,"6,023,299",175.41,179.48,172.11
12/10/2024,174.71,"7,561,828",173.17,176.68,172.74
12/09/2024,172.47,"19,351,420",189.3,189.49,171.66
12/06/2024,177.85,"3,969,624",176.77,178.11,174.17
12/05/2024,175.73,"3,823,281",174.61,178.75,174.07
12/04/2024,174.73,"4,785,829",173.0,175.71,172.0
12/03/2024,173.0,"4,156,845",173.75,174.23,172.2404
12/02/2024,172.34,"2,935,892",176.06,176.11,171.9
11/29/2024,175.03,"1,429,231",175.95,176.4,174.23
11/27/2024,173.85,"1,899,672",175.0,176.57,173.75
11/26/2024,175.64,"2,733,710",173.02,175.909,171.83
11/25/2024,174.7,"6,092,297",172.35,176.75,172.02
11/22/2024,167.56,"3,970,563",167.03,169.58,166.85
11/21/2024,165.02,"5,784,447",164.51,165.95,162.31
11/20/2024,162.89,"5,836,958",167.49,168.09,160.89
11/19/2024,168.25,"4,707,125",164.5,169.145,163.95
11/18/2024,164.31,"2,977,036",163.73,165.11,161.34
11/15/2024,163.63,"2,519,381",162.97,163.85,161.15
11/14/2024,164.31,"3,357,656",165.36,166.66,163.41
11/13/2024,164.34,"2,591,546",163.75,165.91,163.38
11/12/2024,163.75,"2,810,188",165.07,166.44,162.47
11/11/2024,166.75,"4,693,295",164.07,168.67,163.3
11/08/2024,162.0,"3,093,000",158.28,162.15,158.1966
11/07/2024,159.82,"3,563,804",161.2,162.24,159.31
11/06/2024,163.67,"8,677,001",160.26,166.72,160.26
11/05/2024,149.27,"4,864,751",147.0,151.84,145.5339
11/04/2024,139.43,"3,728,527",141.12,142.11,139.05
11/01/2024,141.0,"3,130,560",144.19,144.43,140.68
10/31/2024,143.26,"2,845,157",145.24,146.22,143.1
10/30/2024,145.86,"2,456,134",145.7,147.04,145.51
10/29/2024,146.02,"2,368,886",144.61,146.19,143.59
10/28/2024,144.84,"1,941,745",144.04,145.2,143.29
10/25/2024,143.09,"2,354,897",144.7,144.93,141.92
10/24/2024,146.29,"3,174,376",144.62,146.7,143.54
10/23/2024,143.54,"1,652,762",143.67,144.98,141.9
10/22/2024,143.94,"1,926,813",143.3,144.44,142.86
10/21/2024,144.76,"2,143,093",145.87,145.87,143.93
10/18/2024,145.01,"2,119,715",145.06,145.8791,143.82
10/17/2024,145.19,"2,548,047",146.27,146.825,143.58
10/16/2024,142.85,"2,360,317",142.62,143.045,141.5
10/15/2024,141.55,"2,520,520",141.5,142.58,140.29
10/14/2024,141.37,"2,113,282",141.07,141.63,139.63
10/11/2024,140.21,"2,716,659",138.19,140.3,138.02
10/10/2024,137.92,"4,116,370",138.04,140.355,137.47
10/09/2024,138.02,"2,777,731",135.85,138.07,135.0
10/08/2024,136.1,"2,851,672",134.66,136.22,134.4
10/07/2024,134.22,"2,276,589",134.97,135.42,133.61
10/04/2024,135.33,"3,847,455",134.11,136.26,133.66
10/03/2024,131.36,"3,591,728",133.0,133.46,128.51
10/02/2024,132.7,"6,003,861",132.61,135.29,131.55
10/01/2024,132.01,"5,703,873",126.04,133.05,124.46
09/30/2024,124.91,"3,685,365",125.0,125.53,123.28
09/27/2024,125.81,"2,293,260",126.02,126.31,124.9
09/26/2024,125.5,"2,409,455",125.5,125.78,124.485
09/25/2024,124.53,"2,377,197",126.26,126.425,123.9118
09/24/2024,125.13,"3,173,306",124.88,126.07,124.29
09/23/2024,125.23,"3,157,696",125.27,126.93,124.1975
09/20/2024,124.48,"4,562,658",121.57,125.285,121.115
09/19/2024,121.62,"2,236,928",120.5,122.33,119.35
09/18/2024,117.55,"2,505,670",118.54,119.43,117.4
09/17/2024,117.79,"2,213,671",117.67,118.41,116.19
09/16/2024,117.16,"2,341,206",114.77,117.36,113.83
09/13/2024,114.39,"2,916,990",113.0,115.67,112.73
09/12/2024,112.37,"2,505,692",109.68,112.46,108.5145
09/11/2024,108.67,"2,878,807",108.92,108.99,104.37
09/10/2024,106.74,"3,774,943",107.91,108.345,103.17
09/09/2024,107.59,"4,438,761",106.21,108.94,105.74
09/06/2024,108.0,"4,233,167",109.18,111.215,106.465
09/05/2024,108.85,"2,490,458",109.96,110.09,107.615
09/04/2024,109.53,"2,779,251",110.98,111.61,108.01
09/03/2024,111.32,"3,076,387",114.26,114.745,110.71
08/30/2024,115.73,"2,645,143",113.92,116.22,112.66
08/29/2024,113.26,"2,741,999",113.87,114.7092,112.89
08/28/2024,113.39,"1,853,947",113.51,114.65,112.91
08/27/2024,113.58,"2,083,376",112.56,114.175,112.045
08/26/2024,111.89,"1,315,946",111.97,112.795,111.44
08/23/2024,111.51,"1,874,533",109.23,111.72,108.67
08/22/2024,108.47,"1,773,826",109.26,109.9899,108.06
08/21/2024,109.28,"1,667,442",109.94,109.985,108.29
08/20/2024,109.85,"1,593,026",111.26,111.965,108.95
08/19/2024,111.61,"1,558,575",111.05,112.01,110.82
08/16/2024,111.0,"1,950,123",110.18,111.49,109.29
08/15/2024,110.83,"3,826,882",108.63,111.39,108.41
08/14/2024,105.98,"1,674,778",105.03,106.68,104.61
08/13/2024,104.61,"1,831,418",103.82,105.3487,103.77
08/12/2024,103.03,"2,653,153",104.2,104.48,102.42
08/09/2024,104.7,"2,779,728",103.46,104.91,103.05
08/08/2024,103.19,"5,464,452",104.75,105.62,102.14
08/07/2024,103.12,"3,875,789",106.04,107.54,102.59
08/06/2024,103.46,"6,501,283",101.75,106.16,101.45
08/05/2024,99.16,"6,621,851",97.46,101.71,95.11
08/02/2024,103.53,"8,835,168",110.11,111.85,102.83
08/01/2024,115.97,"8,726,241",120.0,122.91,115.21
07/31/2024,125.31,"3,662,833",125.06,126.45,123.78
07/30/2024,122.64,"2,201,067",122.89,124.38,121.61
07/29/2024,122.06,"1,657,730",123.05,123.34,121.44
07/26/2024,122.16,"2,097,681",123.69,123.7399,121.085
07/25/2024,121.66,"2,516,117",122.06,124.33,119.46
07/24/2024,121.72,"1,886,974",123.75,125.06,121.3
07/23/2024,124.84,"2,088,185",123.76,125.31,123.27
07/22/2024,123.99,"1,936,902",121.22,124.295,121.07
07/19/2024,120.51,"1,746,841",121.11,121.95,119.83
07/18/2024,120.33,"1,630,439",121.46,122.6013,120.26
07/17/2024,121.18,"2,135,594",122.97,123.38,120.15
07/16/2024,124.0,"2,180,858",123.0,124.01,122.13
07/15/2024,122.5,"1,905,225",121.25,122.54,120.62
07/12/2024,120.54,"1,461,623",121.49,122.76,120.44
07/11/2024,121.1,"1,685,512",119.8,121.23,119.19
07/10/2024,119.21,"1,259,482",117.24,119.39,117.01
07/09/2024,116.68,"1,354,743",115.74,117.88,115.42
07/08/2024,115.92,"2,128,458",118.71,119.01,115.71
07/05/2024,118.74,"1,596,287",119.59,120.14,117.57
07/03/2024,119.8,"1,812,199",120.4,120.8,118.985
07/02/2024,120.04,"2,426,423",118.04,120.18,117.33
07/01/2024,118.74,"3,010,761",119.07,119.33,116.52
06/28/2024,118.07,"15,003,090",118.5,119.303,117.84
06/27/2024,118.0,"2,319,139",117.4,118.53,117.06
06/26/2024,118.06,"1,735,944",117.95,118.17,116.88
06/25/2024,118.47,"2,248,214",117.58,119.0,116.58
06/24/2024,118.28,"2,865,720",117.3,119.55,117.21
06/21/2024,117.78,"3,778,419",118.1,118.21,116.35
06/20/2024,118.43,"2,013,489",116.85,118.565,116.85
06/18/2024,117.32,"1,517,965",116.35,117.64,115.72
06/17/2024,116.29,"1,303,941",115.96,116.97,114.86
06/14/2024,115.87,"2,072,291",115.0,116.3,113.6
06/13/2024,116.28,"1,711,589",118.02,118.78,114.59
06/12/2024,118.38,"2,831,998",118.85,119.69,118.05
06/11/2024,116.71,"2,773,952",118.39,118.51,115.7
06/10/2024,118.77,"4,711,805",112.3,118.93,111.65
06/07/2024,112.36,"2,854,197",112.82,114.11,111.13
06/06/2024,112.97,"2,985,642",116.28,119.3,112.2038
06/05/2024,116.28,"2,033,828",114.74,116.32,113.81
06/04/2024,113.88,"2,251,166",115.66,117.02,113.73
06/03/2024,116.55,"2,801,597",116.94,117.19,114.38
05/31/2024,116.16,"5,138,150",117.23,119.5499,113.22
05/30/2024,116.77,"2,117,349",112.99,116.82,112.92
05/29/2024,113.17,"1,779,718",114.79,114.79,112.16
05/28/2024,115.6,"2,507,778",115.75,117.21,115.14
05/24/2024,115.52,"1,944,715",113.15,115.89,112.93
05/23/2024,112.88,"1,264,849",115.0,115.0,112.25
05/22/2024,113.84,"1,161,824",114.415,115.535,113.33
05/21/2024,114.7,"1,554,120",112.78,114.9,112.17
05/20/2024,112.95,"1,395,788",113.08,113.92,112.63
05/17/2024,113.08,"1,782,747",113.28,113.65,112.155
05/16/2024,112.73,"1,814,801",115.0,115.2,112.68
05/15/2024,115.32,"2,333,570",111.38,115.48,111.02
05/14/2024,110.87,"1,505,981",109.69,110.94,109.38
05/13/2024,109.78,"1,757,488",112.6,112.6,109.64
05/10/2024,112.06,"1,263,229",112.93,112.93,111.56
05/09/2024,112.19,"2,587,304",113.04,113.78,111.92
05/08/2024,113.32,"1,935,468",112.56,113.36,110.44
05/07/2024,113.18,"3,273,622",110.88,113.7545,110.2
05/06/2024,111.48,"1,906,363",109.62,111.69,108.13
05/03/2024,109.46,"3,300,741",113.0,113.25,109.22
05/02/2024,112.07,"4,930,625",107.75,113.15,106.92
05/01/2024,107.77,"2,223,550",108.6,110.07,107.2
04/30/2024,108.38,"2,405,511",110.44,111.28,107.885
04/29/2024,110.91,"1,773,457",112.81,113.31,110.77
04/26/2024,112.22,"1,537,561",112.51,112.51,111.1701
04/25/2024,111.88,"1,399,234",111.49,112.9799,109.77
04/24/2024,112.72,"1,410,138",114.17,114.33,112.23
04/23/2024,113.77,"1,874,712",111.16,114.05,110.96
04/22/2024,110.6,"2,540,744",108.9,111.715,108.0101
04/19/2024,107.63,"2,222,528",107.1,108.78,106.29
04/18/2024,107.3,"1,531,117",107.59,108.37,106.44
04/17/2024,107.49,"2,430,385",108.38,108.64,106.37
04/16/2024,107.83,"2,208,283",107.13,108.3325,105.8
04/15/2024,107.58,"1,855,496",111.49,112.34,107.18
04/12/2024,110.13,"2,217,780",112.0,112.675,109.29
04/11/2024,113.02,"1,425,205",113.02,114.33,112.24
04/10/2024,114.22,"2,418,406",111.0,115.515,110.0
04/09/2024,111.87,"1,961,207",116.34,117.15,111.65
04/08/2024,116.06,"1,683,678",116.0,116.45,114.7877
04/05/2024,114.67,"1,517,483",112.2,114.845,111.22
04/04/2024,111.08,"2,637,017",113.68,115.45,111.08
04/03/2024,112.59,"1,513,522",110.56,112.91,110.56
04/02/2024,110.56,"2,479,187",111.94,111.94,108.061
04/01/2024,112.47,"1,472,622",112.56,113.06,111.28
03/28/2024,112.45,"1,515,378",113.38,113.4249,112.03
03/27/2024,113.58,"1,733,105",114.55,115.0,112.53
03/26/2024,113.89,"1,471,460",113.44,114.72,113.2034
03/25/2024,113.42,"1,612,519",112.23,113.85,111.384
03/22/2024,112.58,"1,504,745",114.3,114.5801,112.46
03/21/2024,114.53,"3,599,622",113.99,116.55,113.69
03/20/2024,112.64,"3,427,562",110.48,112.7,110.0
03/19/2024,110.74,"2,338,018",110.0,111.46,109.6
03/18/2024,110.28,"2,235,861",110.79,111.7492,110.1
03/15/2024,110.41,"4,125,694",109.22,110.99,109.06
03/14/2024,110.01,"1,984,156",110.32,110.395,108.8
03/13/2024,109.98,"1,553,807",109.94,111.63,109.8104
03/12/2024,109.94,"1,545,507",109.0,110.37,108.3
03/11/2024,108.76,"2,446,514",108.75,108.9,107.17
03/08/2024,108.75,"1,757,392",111.0,111.11,107.92
03/07/2024,110.91,"1,639,648",109.05,111.22,108.45
03/06/2024,108.8,"2,315,936",110.12,110.88,108.44
03/05/2024,109.41,"2,132,860",111.21,111.62,109.01
03/04/2024,111.36,"3,300,828",110.06,112.19,108.37
03/01/2024,111.01,"3,255,788",111.56,113.62,109.852
02/29/2024,111.8,"2,881,202",112.0,112.22,110.11
02/28/2024,111.79,"3,512,275",110.61,112.47,110.5
02/27/2024,110.82,"1,898,697",110.84,111.19,109.77
02/26/2024,110.88,"1,958,902",112.0,112.375,110.85
02/23/2024,111.61,"2,606,328",112.07,112.47,110.76
02/22/2024,111.51,"2,359,731",111.5,112.42,110.06
02/21/2024,109.28,"2,339,932",108.81,110.1125,107.89
02/20/2024,109.6,"2,653,431",111.25,112.0,109.09
02/16/2024,112.71,"3,293,089",114.0,115.03,112.7
02/15/2024,114.05,"3,145,511",112.97,114.29,112.825
02/14/2024,112.57,"2,922,096",110.4,113.08,110.4
02/13/2024,109.87,"3,421,096",106.9,111.15,106.9
02/12/2024,108.88,"2,929,148",109.85,111.725,108.86
02/09/2024,109.93,"4,078,170",106.76,110.23,106.16
02/08/2024,107.41,"3,047,268",104.56,108.9599,103.81
02/07/2024,105.9,"3,283,981",105.0,106.525,104.17
02/06/2024,104.47,"2,163,868",103.25,104.84,102.82
02/05/2024,103.0,"1,701,932",102.72,103.41,102.03
02/02/2024,103.13,"2,223,262",101.01,103.81,101.01
02/01/2024,100.55,"2,817,213",100.78,101.66,98.0
01/31/2024,100.4,"3,337,036",100.95,102.21,100.37
01/30/2024,101.6,"3,104,966",101.54,101.9,100.18
01/29/2024,101.21,"2,121,891",100.11,101.33,99.5785
01/26/2024,100.31,"2,053,756",100.29,100.5,99.325
01/25/2024,99.98,"2,973,440",99.03,100.05,98.49
01/24/2024,98.08,"2,279,344",96.12,98.795,95.85
01/23/2024,95.31,"2,301,950",97.42,97.5,95.2
01/22/2024,97.45,"2,062,672",99.33,99.63,97.37
01/19/2024,98.94,"2,653,862",97.12,98.94,95.82
01/18/2024,96.58,"1,904,904",96.55,96.92,95.1405
01/17/2024,96.06,"2,000,669",94.48,96.58,94.3424
01/16/2024,95.46,"1,280,871",95.0,95.47,94.19
01/12/2024,95.41,"1,378,381",95.76,96.2658,95.15
01/11/2024,95.34,"2,033,908",97.0,97.27,94.8
01/10/2024,96.72,"3,235,766",95.68,97.16,95.31
01/09/2024,95.66,"1,796,797",95.61,95.76,94.47
01/08/2024,96.29,"1,764,546",95.63,96.29,94.91
01/05/2024,94.93,"2,415,616",94.8,95.45,94.07
01/04/2024,94.8,"4,026,805",93.32,96.41,92.925
01/03/2024,92.17,"2,465,072",90.35,92.62,89.76
01/02/2024,91.33,"1,955,421",92.49,92.58,90.84
12/29/2023,93.19,"2,329,732",94.11,94.64,93.14
12/28/2023,94.27,"2,004,622",93.21,94.605,93.12
12/27/2023,93.16,"957,624",92.7,93.57,92.26
12/26/2023,92.59,"1,474,028",91.66,93.17,91.43
12/22/2023,91.58,"1,282,778",91.9,92.3,91.16
12/21/2023,91.8,"1,849,098",92.24,92.39,90.79
12/20/2023,91.67,"2,139,460",94.2,94.67,91.45
12/19/2023,94.76,"2,125,473",94.76,96.23,94.25
12/18/2023,94.08,"1,356,688",94.59,94.96,93.49
12/15/2023,94.48,"3,978,904",93.16,94.68,92.99
12/14/2023,93.13,"4,297,714",92.76,94.23,91.065
12/13/2023,92.26,"3,732,858",93.21,93.6431,91.71
12/12/2023,93.23,"1,323,025",92.1,93.29,91.7925
12/11/2023,91.94,"1,309,433",92.27,93.0619,91.51
12/08/2023,92.09,"1,715,540",90.68,92.265,90.535
12/07/2023,90.8,"2,006,752",90.8,91.0583,89.45
12/06/2023,90.57,"2,151,106",92.01,92.53,90.37
12/05/2023,90.73,"1,848,165",89.46,91.01,89.115
12/04/2023,89.86,"3,531,248",90.67,91.249,88.585
12/01/2023,92.7,"3,094,883",91.63,92.845,91.22
11/30/2023,92.0,"4,157,043",89.28,92.44,89.28
11/29/2023,92.27,"4,269,884",90.81,93.44,90.78
11/28/2023,90.63,"3,714,680",90.31,91.79,90.31
11/27/2023,90.51,"2,714,954",91.31,91.55,90.06
11/24/2023,91.14,"1,738,595",90.25,92.16,90.25
11/22/2023,90.2,"2,820,940",88.95,90.41,88.18
11/21/2023,87.96,"2,848,307",87.9,88.2758,87.85
11/20/2023,88.32,"2,698,390",86.84,88.75,86.21
11/17/2023,86.84,"1,819,074",86.52,87.52,85.84
11/16/2023,86.4,"1,319,553",86.35,87.57,85.97
11/15/2023,86.97,"1,701,015",87.68,88.05,86.53
11/14/2023,87.68,"2,551,748",87.44,88.91,87.0
11/13/2023,85.72,"2,338,035",84.52,86.66,84.23
11/10/2023,84.96,"1,883,570",84.97,85.29,83.93
11/09/2023,84.25,"2,064,967",85.15,85.71,83.88
11/08/2023,84.77,"1,858,647",84.36,85.64,84.03
11/07/2023,84.35,"2,282,923",82.95,84.51,82.71
11/06/2023,83.15,"2,289,851",85.0,85.18,82.3
11/03/2023,85.03,"3,591,955",84.97,86.25,83.59
11/02/2023,84.12,"2,855,925",84.39,85.5,83.61
11/01/2023,83.65,"5,799,042",83.49,86.46,80.5
10/31/2023,77.44,"5,741,407",80.1,80.1,77.11
10/30/2023,80.16,"2,732,802",81.25,81.46,79.72
10/27/2023,80.35,"1,653,512",81.06,81.615,79.84
10/26/2023,81.02,"2,024,448",81.2,83.21,80.662
10/25/2023,81.4,"1,743,426",83.51,83.935,81.25
10/24/2023,84.0,"1,597,355",83.46,84.56,83.45
10/23/2023,82.82,"1,804,377",82.36,83.58,81.57
10/20/2023,82.36,"3,004,620",83.23,83.52,81.31
10/19/2023,83.38,"2,938,075",86.74,87.12,83.05
10/18/2023,87.25,"3,103,087",87.37,87.74,86.02
10/17/2023,88.11,"2,678,574",86.85,89.1,86.85
10/16/2023,87.25,"3,045,429",88.01,88.3,85.08
10/13/2023,87.56,"2,762,345",88.03,88.82,86.25
10/12/2023,87.95,"2,120,050",89.5,89.605,87.61
10/11/2023,89.29,"2,362,115",90.97,91.09,88.79
10/10/2023,89.79,"2,793,561",89.3,90.86,89.26
10/09/2023,89.18,"2,247,324",88.8,89.875,88.36
10/06/2023,90.57,"2,627,593",88.12,91.11,88.0
10/05/2023,88.58,"2,300,383",87.5,88.935,87.385
10/04/2023,87.97,"2,016,007",86.96,88.55,86.71
10/03/2023,86.56,"2,270,749",89.17,89.645,86.09
10/02/2023,89.6,"1,727,596",90.04,90.4,89.19
09/29/2023,89.76,"1,740,691",91.5,91.67,89.55
09/28/2023,91.1,"1,276,323",89.61,91.7,89.61
09/27/2023,89.55,"2,076,009",90.22,90.5,88.76
09/26/2023,89.88,"1,650,955",91.18,92.0,89.81
09/25/2023,92.48,"1,382,840",90.43,92.59,90.2
09/22/2023,90.81,"1,832,962",91.04,92.0985,90.4
09/21/2023,90.41,"2,044,102",90.97,91.755,90.145
09/20/2023,92.02,"2,841,418",91.66,93.18,91.445
09/19/2023,91.66,"2,069,208",92.42,92.7,90.67
09/18/2023,92.06,"2,075,229",91.44,92.33,90.87
09/15/2023,91.78,"3,258,821",91.17,92.4,90.96
09/14/2023,91.17,"2,576,599",91.0,91.385,89.86
09/13/2023,90.6,"3,088,672",90.19,91.7,89.955
09/12/2023,90.16,"2,054,447",88.23,90.52,88.1871
09/11/2023,88.6,"886,875",88.84,88.9499,88.22
09/08/2023,87.86,"1,539,218",87.0,88.98,86.955
09/07/2023,87.12,"2,024,338",86.34,87.42,85.54
09/06/2023,87.06,"1,725,833",88.1,88.28,86.99
09/05/2023,88.77,"3,557,098",86.58,88.88,86.55
09/01/2023,86.44,"2,685,529",87.68,88.2,85.87
08/31/2023,87.34,"3,618,838",85.49,87.68,85.1635
08/30/2023,85.1,"1,656,293",85.02,85.24,84.69
08/29/2023,84.96,"2,434,916",83.41,85.36,83.36
08/28/2023,83.64,"1,451,849",84.0,84.33,83.24
08/25/2023,83.15,"1,278,105",82.75,83.62,82.04
08/24/2023,82.52,"1,493,798",83.7,84.47,82.35
08/23/2023,83.06,"2,545,164",81.51,83.48,81.32
08/22/2023,81.53,"1,605,624",82.4,82.56,81.385
08/21/2023,81.55,"1,956,580",80.97,81.95,80.64
08/18/2023,81.16,"1,634,129",78.42,81.41,78.3886
08/17/2023,79.2,"2,088,941",80.23,80.455,78.73
08/16/2023,80.26,"1,380,374",80.38,81.0,80.21
08/15/2023,80.52,"1,786,109",81.49,81.62,80.49
08/14/2023,81.96,"1,626,980",81.02,82.05,80.29
08/11/2023,81.41,"2,047,913",81.06,82.0,80.68
08/10/2023,81.6,"3,135,244",81.67,82.5,80.775
08/09/2023,81.7,"6,487,218",82.3,82.6,80.98
08/08/2023,82.48,"7,026,187",82.48,83.99,82.3
08/07/2023,86.27,"1,960,005",86.0,86.92,85.6701
08/04/2023,86.14,"2,341,334",86.82,87.82,85.5
08/03/2023,85.93,"3,102,806",82.0,86.47,81.97
08/02/2023,81.33,"2,328,270",81.17,81.5,80.33
08/01/2023,81.96,"1,979,324",81.02,82.11,80.8762
07/31/2023,81.71,"1,735,747",81.76,82.16,81.15
07/28/2023,81.81,"1,766,208",81.69,82.1,81.23
07/27/2023,80.71,"1,593,621",82.23,82.28,80.39
07/26/2023,81.44,"1,689,324",81.16,81.85,80.74
07/25/2023,81.16,"2,644,123",80.91,81.66,80.815
07/24/2023,80.84,"1,448,663",80.5,81.261,79.99
07/21/2023,80.79,"2,069,753",81.81,82.22,80.68
07/20/2023,81.58,"1,508,062",81.2,82.38,81.2
07/19/2023,81.87,"1,996,426",83.28,83.37,81.33
07/18/2023,82.46,"2,215,892",81.44,82.56,81.07
07/17/2023,80.94,"1,965,420",79.14,81.42,79.1
07/14/2023,80.29,"1,547,716",81.11,81.24,79.27
07/13/2023,80.55,"2,252,702",78.82,80.97,78.46
07/12/2023,77.99,"1,328,377",79.29,79.41,77.55
07/11/2023,77.96,"1,914,176",76.5,78.25,75.998
07/10/2023,75.8,"1,541,353",75.84,76.42,75.39
07/07/2023,76.01,"1,675,913",74.0,76.25,73.8
07/06/2023,74.51,"2,298,220",74.61,75.08,73.77
07/05/2023,76.03,"1,869,940",76.39,76.7,75.21
07/03/2023,77.07,"1,282,734",76.75,77.55,76.75
06/30/2023,76.81,"2,042,017",76.75,77.6,76.36
06/29/2023,75.81,"2,232,352",75.63,76.33,75.12
06/28/2023,75.14,"2,001,928",74.53,75.37,74.06
06/27/2023,74.76,"2,483,454",73.69,75.5,73.485
06/26/2023,73.67,"1,691,473",72.81,74.0,72.7646
06/23/2023,73.0,"8,221,369",74.23,74.315,72.44
06/22/2023,74.87,"2,019,291",75.98,76.27,74.79
06/21/2023,76.41,"1,402,818",76.4,76.75,76.0
06/20/2023,76.4,"2,908,005",76.15,76.58,75.86
06/16/2023,77.08,"4,105,657",77.59,77.59,76.7339
06/15/2023,77.39,"2,936,558",76.14,77.5,76.036
06/14/2023,76.15,"2,397,416",75.84,76.52,75.51
06/13/2023,76.01,"4,201,056",73.82,76.06,73.72
06/12/2023,73.64,"2,104,327",72.89,73.84,72.69
06/09/2023,72.98,"2,397,349",72.72,73.23,72.61
06/08/2023,72.75,"3,179,136",71.53,72.84,71.3
06/07/2023,71.58,"2,611,468",71.33,71.82,70.93
06/06/2023,70.93,"3,338,687",70.2,71.3432,70.155
06/05/2023,70.5,"3,116,226",69.37,70.68,69.25
06/02/2023,69.7,"2,887,047",68.69,70.27,68.38
06/01/2023,68.0,"3,013,037",66.93,68.49,66.6
05/31/2023,66.85,"3,728,821",67.25,67.67,66.38
05/30/2023,66.78,"3,637,011",66.2,67.145,65.85
05/26/2023,65.42,"2,207,811",64.74,66.26,64.74
05/25/2023,64.23,"2,299,504",63.29,64.565,62.975
05/24/2023,62.97,"1,626,536",63.52,63.54,62.63
05/23/2023,64.32,"1,451,571",65.67,66.28,64.31
05/22/2023,66.0,"3,488,797",64.17,66.3,64.17
05/19/2023,63.85,"1,736,763",63.92,64.24,62.98
05/18/2023,63.74,"1,963,575",63.31,63.91,62.83
05/17/2023,63.42,"2,674,278",62.74,64.18,62.3
05/16/2023,62.04,"1,723,090",62.81,63.42,62.0
05/15/2023,63.18,"1,631,500",62.82,63.79,62.24
05/12/2023,62.51,"1,848,684",63.99,64.19,61.98
05/11/2023,63.72,"2,252,433",63.36,64.48,63.09
05/10/2023,63.64,"3,859,686",63.65,64.82,63.115
05/09/2023,62.26,"4,202,683",61.22,63.3843,59.8925
05/08/2023,61.83,"2,431,111",61.08,62.04,60.96
05/05/2023,60.53,"2,208,674",58.03,60.58,58.03
05/04/2023,58.04,"4,077,699",60.77,60.8361,57.5
05/03/2023,60.93,"2,453,102",61.1,62.61,60.81
05/02/2023,61.26,"3,064,658",63.25,63.45,60.29
05/01/2023,63.72,"2,064,020",63.32,64.395,63.02
04/28/2023,63.39,"2,238,861",62.37,63.7,62.115
04/27/2023,62.69,"1,078,365",61.96,62.79,61.12
04/26/2023,61.38,"1,445,005",61.51,62.07,61.065
04/25/2023,61.63,"1,901,694",62.7,62.91,61.58
04/24/2023,63.3,"1,635,510",63.5,63.69,62.67
04/21/2023,63.54,"1,896,247",64.12,64.2204,63.28
04/20/2023,64.29,"2,001,513",64.65,65.31,64.01
04/19/2023,65.8,"1,356,288",64.92,66.07,64.65
04/18/2023,65.34,"3,168,018",65.71,66.065,64.94
04/17/2023,65.25,"1,986,304",64.72,65.37,64.26
04/14/2023,65.01,"1,618,961",65.38,65.46,64.05
04/13/2023,64.8,"1,884,892",63.14,64.93,62.98
04/12/2023,62.58,"1,374,538",63.57,63.87,62.36
04/11/2023,63.13,"1,702,172",62.2,63.62,61.7588
04/10/2023,61.85,"1,530,075",60.71,61.92,60.37
04/06/2023,60.87,"1,417,202",61.12,61.63,60.625
04/05/2023,61.4,"2,731,719",61.47,62.16,60.07
04/04/2023,62.14,"2,567,817",62.62,63.17,61.105
04/03/2023,62.4,"1,798,658",63.09,63.28,61.67
03/31/2023,63.16,"2,414,449",62.08,63.33,61.86
03/30/2023,61.45,"2,559,829",61.43,61.74,60.71
03/29/2023,60.66,"2,869,685",60.03,60.7,59.46
03/28/2023,59.1,"1,269,154",58.92,59.4047,58.42
03/27/2023,58.95,"2,479,207",58.05,59.47,57.31
03/24/2023,57.54,"3,389,548",56.59,57.56,55.16
03/23/2023,57.7,"3,621,449",59.11,60.065,57.26
03/22/2023,58.93,"3,235,275",60.55,61.68,58.77
03/21/2023,60.71,"5,075,081",59.44,61.76,58.94
03/20/2023,56.81,"4,269,042",57.43,57.92,55.88
03/17/2023,56.53,"6,167,770",57.79,58.2,55.525
03/16/2023,58.75,"5,817,867",56.77,59.75,56.05
03/15/2023,57.61,"8,585,067",57.5,58.13,56.46
03/14/2023,59.76,"9,980,066",59.67,61.1,58.51
03/13/2023,58.47,"11,249,080",59.76,60.45,56.16
03/10/2023,60.29,"11,398,290",67.0,67.26,59.74
03/09/2023,67.37,"2,027,125",71.1,71.54,67.27
03/08/2023,71.23,"1,628,637",71.16,71.71,70.805
03/07/2023,71.2,"1,551,285",72.05,72.69,71.01
03/06/2023,72.54,"1,953,070",73.17,73.77,72.14
03/03/2023,73.11,"2,205,329",72.66,73.26,72.45
03/02/2023,72.38,"1,943,563",70.88,72.595,69.75
03/01/2023,71.94,"2,414,736",70.52,72.57,70.24
02/28/2023,70.9,"2,173,843",70.85,71.5,70.48
02/27/2023,70.42,"2,001,214",71.61,72.6,69.93
02/24/2023,70.87,"2,156,456",70.05,70.99,69.76
02/23/2023,71.21,"2,191,595",71.06,72.23,70.8
02/22/2023,70.27,"2,104,078",69.5,70.84,69.06
02/21/2023,69.35,"2,519,582",70.36,70.63,69.095
02/17/2023,71.44,"2,570,507",70.88,72.23,70.8
02/16/2023,72.09,"1,689,533",71.03,72.905,70.71
02/15/2023,72.43,"2,119,311",70.56,72.44,70.121
02/14/2023,71.66,"3,431,373",71.0,73.13,70.74
02/13/2023,71.07,"3,445,302",70.49,71.4688,70.13
02/10/2023,70.66,"2,877,327",67.76,71.24,67.76
02/09/2023,68.4,"6,694,426",70.0,71.44,67.73
02/08/2023,73.89,"2,302,696",72.28,74.63,72.28
02/07/2023,73.35,"2,083,098",71.83,73.71,71.45
02/06/2023,72.14,"2,069,179",71.9,72.26,71.19
02/03/2023,73.4,"2,254,653",71.45,74.33,71.21
02/02/2023,72.15,"3,166,509",73.64,74.12,70.94
02/01/2023,72.52,"2,740,517",70.84,73.209,70.535
01/31/2023,70.78,"2,052,720",69.1,70.81,68.65
01/30/2023,69.26,"1,811,299",70.49,70.49,69.08
01/27/2023,70.82,"1,775,388",69.97,71.34,69.67
01/26/2023,70.43,"3,533,238",68.13,70.51,67.83
01/25/2023,67.6,"1,696,759",66.44,67.92,65.68
01/24/2023,67.7,"2,599,798",67.8,69.03,67.6
01/23/2023,68.84,"2,825,965",67.07,69.62,66.51
01/20/2023,67.07,"1,333,312",66.38,67.34,65.74
01/19/2023,65.78,"2,580,638",67.03,67.74,65.079
01/18/2023,68.03,"2,054,581",69.09,69.57,67.95
01/17/2023,69.09,"1,874,097",69.34,69.96,68.81
01/13/2023,69.71,"1,872,983",67.49,69.88,67.3
01/12/2023,68.44,"2,761,237",68.0,69.32,67.7
01/11/2023,67.68,"2,009,145",67.5,67.97,66.99
01/10/2023,66.52,"1,249,480",65.31,66.755,65.3
01/09/2023,65.32,"2,391,438",64.5,66.23,64.425
01/06/2023,64.33,"1,727,123",63.71,64.34,62.64
01/05/2023,62.95,"1,441,471",63.18,63.96,62.87
01/04/2023,64.36,"2,096,343",63.65,64.42,62.99
01/03/2023,62.81,"1,847,260",63.22,64.69,62.17
12/30/2022,63.79,"1,441,682",62.31,63.81,62.31
12/29/2022,63.57,"1,171,334",63.02,64.135,62.52
12/28/2022,62.52,"1,255,947",63.4,63.875,62.44
12/27/2022,63.41,"984,366",64.33,64.71,63.35
12/23/2022,64.25,"778,730",63.73,64.43,63.32
12/22/2022,63.77,"1,223,026",63.81,64.1,62.58
12/21/2022,64.54,"1,868,634",63.47,64.72,63.1495
12/20/2022,62.7,"1,538,936",62.41,63.21,61.95
12/19/2022,62.33,"1,746,355",62.52,62.89,61.85
12/16/2022,62.51,"4,138,653",63.25,63.8609,61.905
12/15/2022,64.06,"2,227,370",64.7,65.17,63.42
12/14/2022,66.08,"1,877,065",65.4,66.96,64.97
12/13/2022,65.44,"3,364,626",66.34,67.31,64.98
12/12/2022,64.07,"1,906,250",62.96,64.1,62.635
12/09/2022,62.88,"1,630,058",62.44,64.0,62.425
12/08/2022,62.83,"2,099,999",62.02,62.88,61.59
12/07/2022,61.39,"2,470,777",62.84,63.1,61.25
12/06/2022,63.24,"3,151,481",64.27,64.7,62.73
12/05/2022,64.5,"3,410,549",67.5,68.3,63.63
12/02/2022,68.25,"2,277,496",68.16,69.58,67.61
12/01/2022,69.22,"3,729,673",68.47,69.9,68.36
11/30/2022,69.39,"5,002,809",66.35,69.41,66.16
11/29/2022,65.85,"1,973,787",65.55,66.08,65.11
11/28/2022,65.01,"2,287,122",65.7,66.26,64.9
11/25/2022,66.46,"1,016,946",65.29,66.718,65.03
11/23/2022,65.32,"1,963,901",64.68,65.72,64.68
11/22/2022,64.76,"2,218,792",63.13,64.81,62.58
11/21/2022,62.64,"1,477,112",61.54,63.07,61.4
11/18/2022,61.94,"1,691,300",62.3,62.7,61.275
11/17/2022,61.59,"1,852,796",61.19,62.1,60.7
11/16/2022,62.36,"1,762,246",63.1,63.675,61.62
11/15/2022,64.54,"2,897,944",64.39,65.73,63.695
11/14/2022,62.57,"2,547,520",64.27,65.4,62.57
11/11/2022,65.22,"3,787,484",64.82,65.88,64.43
11/10/2022,64.23,"5,560,311",64.34,66.27,63.88
11/09/2022,61.01,"3,252,418",62.83,63.42,60.94
11/08/2022,63.71,"2,559,174",63.01,64.8,62.41
11/07/2022,63.15,"3,104,238",63.0,63.43,62.18
11/04/2022,62.58,"3,327,268",61.45,63.3425,60.88
11/03/2022,60.53,"3,857,610",58.46,61.91,57.91
11/02/2022,59.43,"5,103,219",58.5,61.7,58.01
11/01/2022,57.17,"3,180,576",56.35,58.03,56.115
10/31/2022,55.36,"2,667,426",55.08,56.0,54.5573
10/28/2022,55.63,"2,430,078",54.02,55.65,53.53
10/27/2022,54.29,"2,639,283",54.49,55.21,54.11
10/26/2022,54.14,"1,708,150",54.09,55.55,53.9
10/25/2022,54.31,"2,220,235",51.81,54.4,51.81
10/24/2022,51.73,"2,265,403",51.51,52.05,50.38
10/21/2022,51.2,"1,999,378",49.21,51.25,48.625
10/20/2022,49.15,"1,838,459",49.42,50.99,48.79
10/19/2022,49.46,"1,767,891",49.78,50.15,49.03
10/18/2022,50.25,"1,624,428",50.23,51.38,49.62
10/17/2022,48.92,"2,264,092",48.76,49.48,48.45
10/14/2022,47.36,"2,134,242",49.21,49.59,47.28
10/13/2022,48.56,"5,415,896",47.04,49.78,45.62
10/12/2022,48.3,"2,141,388",47.39,48.49,46.68
10/11/2022,47.68,"2,912,051",48.5,48.685,47.225
10/10/2022,48.55,"1,672,772",49.3,49.78,47.88
10/07/2022,48.77,"2,330,295",50.35,50.54,48.23
10/06/2022,51.01,"1,484,995",51.26,52.25,50.73
10/05/2022,51.63,"1,881,294",50.74,51.97,50.355
10/04/2022,51.93,"2,645,190",50.16,52.085,49.62
10/03/2022,48.93,"3,561,883",47.42,49.35,46.6
09/30/2022,46.5,"3,011,398",47.65,48.12,46.43
09/29/2022,47.63,"2,383,030",49.13,49.15,46.94
09/28/2022,50.05,"2,073,781",48.93,50.38,48.46
09/27/2022,48.85,"1,845,871",49.66,50.11,48.2
09/26/2022,48.87,"2,418,179",49.17,50.42,48.12
09/23/2022,49.6,"4,278,968",50.63,50.915,48.83
09/22/2022,51.51,"2,052,584",52.68,52.81,50.97
09/21/2022,52.66,"1,824,932",54.28,54.85,52.66
09/20/2022,53.86,"2,459,778",54.88,55.27,53.47
09/19/2022,55.45,"3,776,057",54.08,56.15,54.08
09/16/2022,54.81,"11,100,650",55.78,56.16,54.43
09/15/2022,57.15,"2,212,364",57.0,58.2188,56.96
09/14/2022,57.42,"2,361,185",56.85,57.83,56.54
09/13/2022,56.66,"2,071,354",57.12,57.47,56.35
09/12/2022,58.94,"1,439,057",58.5,59.29,58.34
09/09/2022,58.11,"1,757,101",57.3,58.35,57.24
09/08/2022,56.86,"2,275,284",56.07,56.935,55.625
09/07/2022,56.74,"2,968,662",55.39,56.935,54.8
09/06/2022,55.62,"2,582,742",55.26,55.97,54.19
09/02/2022,55.0,"1,609,086",56.0,56.71,54.72
09/01/2022,54.83,"2,714,830",54.94,55.32,53.48
08/31/2022,55.58,"1,836,594",56.08,56.61,55.3
08/30/2022,54.95,"2,522,921",55.97,56.38,54.62
08/29/2022,55.67,"2,208,508",55.89,55.89,54.92
08/26/2022,56.37,"2,401,451",60.21,60.31,56.36
08/25/2022,60.31,"1,756,792",59.4,60.37,59.23
08/24/2022,58.96,"2,413,465",58.04,59.2085,58.02
08/23/2022,58.09,"1,448,424",57.38,58.48,57.24
08/22/2022,57.08,"2,201,086",56.97,57.59,56.48
08/19/2022,58.13,"1,987,944",58.79,58.79,57.6
08/18/2022,59.55,"2,528,825",59.3,59.92,59.13
08/17/2022,59.24,"1,670,775",59.57,59.92,58.935
08/16/2022,60.73,"1,554,052",61.08,61.38,60.18
08/15/2022,61.48,"1,971,148",60.5,61.73,60.32
08/12/2022,61.0,"2,733,595",61.46,61.65,60.69
08/11/2022,60.89,"3,045,264",60.0,61.79,59.87
08/10/2022,59.99,"1,873,469",58.88,60.31,58.59
08/09/2022,57.9,"1,976,242",57.1,58.0,56.55
08/08/2022,57.42,"3,243,284",57.87,58.47,57.285
08/05/2022,57.53,"1,764,617",57.17,58.585,56.76
08/04/2022,57.99,"3,056,069",56.68,59.125,54.7
08/03/2022,57.23,"2,621,859",57.02,57.77,56.42
08/02/2022,56.41,"2,108,676",56.39,57.33,55.74
08/01/2022,57.12,"1,535,421",56.34,57.25,55.67
07/29/2022,57.1,"2,341,949",56.51,57.49,56.51
07/28/2022,56.51,"1,900,589",55.07,56.56,54.55
07/27/2022,54.83,"1,116,290",53.97,55.05,53.75
07/26/2022,53.55,"1,103,379",54.03,54.16,52.92
07/25/2022,54.04,"1,342,664",53.51,54.485,53.07
07/22/2022,53.94,"1,264,113",54.82,55.36,53.5093
07/21/2022,54.58,"1,987,305",54.06,54.79,52.4
07/20/2022,54.19,"1,520,796",53.09,54.255,52.9
07/19/2022,53.07,"1,931,647",51.25,53.19,51.19
07/18/2022,51.3,"1,580,164",51.69,52.525,51.11
07/15/2022,50.85,"2,967,522",49.56,50.95,48.49
07/14/2022,48.67,"2,740,531",49.33,49.33,47.75
07/13/2022,50.3,"2,363,681",49.54,50.62,47.97
07/12/2022,50.71,"1,750,296",50.73,51.69,50.41
07/11/2022,50.7,"1,443,401",51.01,51.1374,50.19
07/08/2022,51.56,"1,865,521",52.19,52.49,51.07
07/07/2022,52.31,"2,109,121",50.86,52.41,50.86
07/06/2022,50.24,"1,950,653",50.98,51.81,49.98
07/05/2022,51.07,"3,061,043",48.0,51.09,47.575
07/01/2022,49.26,"2,213,880",48.1,49.54,47.81
06/30/2022,48.48,"3,794,375",48.6,49.22,47.2
06/29/2022,49.68,"2,440,041",51.16,51.2,48.89
06/28/2022,51.27,"1,733,474",52.59,53.14,51.12
06/27/2022,52.38,"2,016,675",52.95,53.425,51.66
06/24/2022,52.0,"8,289,631",50.61,52.52,50.59
06/23/2022,49.94,"1,924,457",50.53,51.15,48.98
06/22/2022,50.19,"3,995,742",48.99,50.72,48.7
06/21/2022,49.85,"5,890,310",49.8,50.65,49.58
06/17/2022,48.25,"8,850,460",46.78,48.545,46.7
06/16/2022,46.78,"7,054,360",49.34,49.34,45.9701
06/15/2022,50.55,"6,371,427",49.98,51.62,49.8
06/14/2022,49.36,"3,689,122",50.2,50.56,48.76
06/13/2022,50.08,"4,119,164",52.0,52.0,48.925
06/10/2022,54.45,"2,629,354",54.73,55.57,53.54
06/09/2022,56.66,"2,898,811",56.99,57.405,55.76
06/08/2022,57.32,"2,960,622",58.7,59.09,56.9557
06/07/2022,59.08,"1,853,554",58.96,59.27,57.76
06/06/2022,59.17,"3,279,589",58.18,60.33,57.45
06/03/2022,57.78,"2,199,966",57.52,58.63,57.37
06/02/2022,58.53,"2,594,328",57.99,58.8,57.05
06/01/2022,57.77,"3,137,638",57.64,58.62,56.551
05/31/2022,57.64,"5,144,865",60.21,60.25,57.36
05/27/2022,60.32,"2,566,152",58.76,60.5,58.6
05/26/2022,58.11,"4,110,512",56.07,58.27,55.58
05/25/2022,55.78,"4,193,496",53.1,55.99,52.6649
05/24/2022,53.58,"2,967,068",54.01,54.47,52.35
05/23/2022,55.22,"3,243,011",55.08,55.62,54.23
05/20/2022,54.48,"3,309,332",54.4,55.205,53.035
05/19/2022,53.95,"3,890,478",53.75,55.14,53.53
05/18/2022,54.34,"2,964,835",53.81,55.25,53.7
05/17/2022,54.8,"2,260,444",54.55,55.425,53.75
05/16/2022,53.51,"2,554,413",54.06,54.39,53.04
05/13/2022,54.2,"4,345,846",52.97,54.96,52.92
05/12/2022,51.57,"4,017,567",51.0,51.755,49.62
05/11/2022,51.01,"4,726,886",50.15,52.76,49.58
05/10/2022,50.44,"3,712,632",51.06,51.78,49.18
05/09/2022,49.55,"4,133,465",52.08,52.86,49.22
05/06/2022,52.9,"5,437,811",53.28,54.22,52.13
05/05/2022,53.37,"5,274,711",55.01,56.46,52.67
05/04/2022,53.66,"4,223,641",51.75,53.89,50.4591
05/03/2022,51.73,"3,940,271",52.02,53.0,51.49
05/02/2022,51.92,"3,958,691",49.8,52.01,49.64
04/29/2022,49.76,"2,688,715",51.74,53.3338,49.68
04/28/2022,52.31,"3,038,446",51.15,52.84,50.02
04/27/2022,50.92,"2,614,329",51.04,52.19,50.37
04/26/2022,51.15,"3,575,429",54.17,54.816,50.98
04/25/2022,54.39,"3,536,686",53.41,54.47,52.35
04/22/2022,53.93,"2,233,588",55.92,56.085,53.78
04/21/2022,56.16,"2,606,112",60.29,61.13,55.87
04/20/2022,59.16,"2,047,403",58.82,59.8896,58.52
04/19/2022,58.59,"1,626,019",56.77,58.8,56.77
04/18/2022,56.76,"2,072,281",57.24,57.36,56.24
04/14/2022,57.49,"2,314,428",57.9,58.48,57.26
04/13/2022,57.75,"2,794,326",56.54,57.86,55.7295
04/12/2022,55.51,"3,129,211",57.16,58.335,55.3
04/11/2022,56.87,"2,262,783",57.0,57.5,56.26
04/08/2022,57.56,"2,784,446",57.24,58.18,56.97
04/07/2022,57.67,"3,068,276",58.69,58.98,56.5845
04/06/2022,59.03,"2,498,203",60.17,60.87,58.5
04/05/2022,61.13,"2,200,804",63.13,63.57,60.86
04/04/2022,63.36,"1,723,382",62.57,63.71,62.48
04/01/2022,62.33,"2,409,947",62.44,62.82,61.82
03/31/2022,61.99,"2,625,400",63.2,64.02,61.93
03/30/2022,63.04,"2,043,200",65.18,65.265,62.77
03/29/2022,65.71,"2,098,258",64.6,65.95,64.295
03/28/2022,63.21,"2,457,935",62.45,64.03,62.01
03/25/2022,62.5,"2,846,347",64.03,64.32,61.965
03/24/2022,63.89,"2,969,935",63.51,64.21,63.185
03/23/2022,62.78,"2,446,162",64.47,64.47,62.7
03/22/2022,64.68,"2,873,868",62.86,65.23,62.5
03/21/2022,62.5,"3,932,610",62.88,63.3,62.01
03/18/2022,62.58,"7,437,680",61.07,63.14,61.03
03/17/2022,61.58,"4,657,933",61.75,62.27,59.89
03/16/2022,62.28,"4,473,776",60.8,62.4,59.555
03/15/2022,59.55,"4,868,657",59.4,60.27,57.94
03/14/2022,59.41,"5,877,130",62.61,62.96,58.65
03/11/2022,63.05,"3,916,383",62.53,64.35,62.53
03/10/2022,62.07,"3,978,809",62.06,63.785,61.72
03/09/2022,63.29,"4,116,936",62.08,64.37,61.58
03/08/2022,60.02,"4,981,508",58.84,61.28,58.24
03/07/2022,58.29,"7,956,102",62.19,62.72,57.88
03/04/2022,63.48,"4,894,929",63.44,64.23,62.26
03/03/2022,64.57,"3,397,529",65.05,65.975,63.97
03/02/2022,64.93,"3,476,528",62.93,65.38,62.35
03/01/2022,62.4,"3,140,634",64.96,65.7,62.115
02/28/2022,65.26,"4,106,882",64.6,66.76,64.26
02/25/2022,65.67,"3,668,356",62.76,65.88,62.71
02/24/2022,62.16,"3,798,249",59.78,62.36,59.1
02/23/2022,62.1,"2,985,963",64.0,64.3,61.88
02/22/2022,63.2,"3,994,107",63.93,64.86,62.635
02/18/2022,64.17,"2,309,185",65.53,66.0699,63.42
02/17/2022,65.23,"3,651,101",67.2,67.88,64.86
02/16/2022,67.96,"2,739,966",67.28,68.53,66.77
02/15/2022,67.58,"3,074,177",67.03,67.75,66.13
02/14/2022,65.63,"4,379,104",65.43,67.27,65.03
02/11/2022,65.67,"6,191,166",68.0,69.32,65.39
02/10/2022,69.67,"3,859,770",69.0,71.61,68.93
02/09/2022,69.87,"3,031,724",68.06,70.16,68.06
02/08/2022,67.6,"4,497,461",70.67,70.73,67.425
02/07/2022,70.88,"2,825,677",70.4,71.5,70.13
02/04/2022,70.33,"2,495,337",68.71,70.956,68.41
02/03/2022,68.98,"3,002,991",69.69,70.57,68.85
02/02/2022,71.03,"2,325,885",71.08,71.72,70.08
02/01/2022,70.65,"2,966,546",70.25,70.82,69.46
01/31/2022,70.0,"4,188,594",68.25,70.18,68.05
01/28/2022,68.16,"4,131,556",65.78,68.28,64.6
01/27/2022,66.23,"8,089,442",66.4,67.38,65.36
01/26/2022,63.55,"4,038,263",65.3,65.49,62.865
01/25/2022,64.15,"4,442,656",64.4,65.43,63.0
01/24/2022,65.35,"6,968,753",64.4,65.65,62.29
01/21/2022,65.9,"6,943,237",66.47,67.08,65.22
01/20/2022,67.0,"3,793,989",67.1,68.52,66.56
01/19/2022,67.05,"2,770,810",67.87,68.18,66.39
01/18/2022,67.65,"5,575,772",68.12,68.67,67.04
01/14/2022,68.83,"5,505,699",68.68,68.97,67.1
01/13/2022,69.55,"6,472,763",70.75,70.9599,68.62
01/12/2022,70.76,"3,440,082",70.95,71.92,69.19
01/11/2022,70.58,"2,747,732",68.16,70.6,67.735
01/10/2022,68.35,"7,635,849",68.02,68.4,66.26
01/07/2022,68.96,"4,810,389",70.0,70.0,67.97
01/06/2022,69.57,"6,427,601",70.0,70.0971,67.73
01/05/2022,69.6,"6,102,524",74.38,74.44,69.05
01/04/2022,73.56,"4,594,687",72.18,74.02,71.65
01/03/2022,71.53,"5,403,438",72.95,73.25,71.33
12/31/2021,72.43,"4,888,468",72.94,73.43,71.58
12/30/2021,73.04,"1,654,787",73.11,73.91,72.96
12/29/2021,72.8,"1,354,930",73.04,73.53,72.36
12/28/2021,73.47,"1,647,143",74.02,75.39,73.38
12/27/2021,74.02,"1,891,929",74.56,74.91,73.72
12/23/2021,74.27,"1,761,128",72.54,74.69,72.54
12/22/2021,72.27,"2,292,943",71.75,72.51,71.25
12/21/2021,71.9,"5,211,766",69.22,72.58,69.22
12/20/2021,68.58,"3,477,863",68.97,69.4,67.67
12/17/2021,70.34,"8,537,782",69.66,71.25,68.73
12/16/2021,69.8,"5,325,598",71.24,71.65,68.52
12/15/2021,70.16,"3,782,149",68.62,70.45,67.69
12/14/2021,68.53,"3,278,155",69.0,70.7,68.25
12/13/2021,69.61,"3,150,974",69.5,70.189,69.05
12/10/2021,69.65,"5,360,681",71.14,72.2,69.65
12/09/2021,70.49,"3,489,280",71.0,72.54,70.49
12/08/2021,71.05,"4,225,577",70.43,72.15,70.43
12/07/2021,70.99,"6,081,700",71.69,72.65,70.32
12/06/2021,70.15,"5,566,270",70.88,71.52,69.68
12/03/2021,70.11,"3,827,715",72.09,72.65,68.64
12/02/2021,71.8,"4,396,471",71.78,73.28,71.21
12/01/2021,70.65,"3,215,117",72.41,74.61,70.59
11/30/2021,70.78,"3,916,370",72.74,73.25,70.37
11/29/2021,73.35,"2,736,538",73.31,73.93,72.15
11/26/2021,71.74,"1,650,684",72.0,72.54,70.85
11/24/2021,73.95,"2,496,879",73.11,74.54,72.51
11/23/2021,73.81,"2,494,271",75.42,75.71,73.73
11/22/2021,75.85,"3,144,681",75.61,77.89,75.29
11/19/2021,74.95,"1,625,451",75.48,75.58,74.1
11/18/2021,75.4,"2,308,679",75.08,75.79,73.93
11/17/2021,75.5,"1,139,442",75.87,76.11,75.0
11/16/2021,75.79,"1,506,936",75.99,76.3404,75.46
11/15/2021,76.1,"1,547,910",75.1,76.42,74.78
11/12/2021,74.99,"1,443,457",74.87,75.33,74.29
11/11/2021,74.92,"1,730,524",74.81,75.32,74.29
11/10/2021,74.0,"2,420,689",75.5,76.11,73.91
11/09/2021,76.29,"1,880,165",76.68,77.19,76.0608
11/08/2021,77.04,"1,566,723",76.99,78.11,76.42
11/05/2021,76.94,"2,897,022",78.58,78.77,76.57
11/04/2021,77.29,"2,494,986",78.0,78.36,76.04
11/03/2021,77.97,"3,049,436",77.03,78.495,76.42
11/02/2021,76.42,"2,887,564",75.91,76.96,74.24
11/01/2021,76.33,"3,864,489",77.62,78.01,75.57
10/29/2021,76.95,"4,587,031",77.79,78.04,76.29
10/28/2021,78.33,"2,331,151",77.57,78.9224,77.57
10/27/2021,77.47,"2,843,029",79.89,79.974,76.72
10/26/2021,79.76,"3,890,906",80.61,81.07,79.64
10/25/2021,79.96,"3,986,705",79.72,80.83,79.07
10/22/2021,79.72,"4,954,011",77.66,80.11,76.74
10/21/2021,77.29,"4,027,907",74.96,77.46,74.502
10/20/2021,74.3,"4,851,040",73.0,74.97,72.8
10/19/2021,73.18,"8,887,883",69.78,75.14,68.75
10/18/2021,68.3,"2,751,789",67.7,68.5,67.09
10/15/2021,67.42,"2,219,583",68.8,68.8,67.01
10/14/2021,67.8,"1,800,302",66.87,68.12,66.65
10/13/2021,66.04,"1,629,866",66.1,66.66,65.38
10/12/2021,65.91,"1,573,861",65.5,66.2988,65.0
10/11/2021,65.42,"1,734,334",65.68,66.81,65.41
10/08/2021,65.36,"1,557,627",63.67,65.755,63.49
10/07/2021,63.59,"2,351,554",63.1,64.42,62.67
10/06/2021,62.61,"1,904,248",60.83,62.61,59.48
10/05/2021,61.55,"2,507,259",59.27,61.86,58.97
10/04/2021,58.79,"3,591,201",61.46,62.27,58.64
10/01/2021,61.87,"3,167,375",61.6,62.25,60.955
09/30/2021,61.59,"3,228,388",62.72,62.99,61.45
09/29/2021,62.35,"1,863,506",61.79,62.36,61.06
09/28/2021,61.44,"2,939,132",62.87,63.03,60.8
09/27/2021,62.99,"3,745,516",62.5,63.6,62.345
09/24/2021,62.41,"2,040,757",60.84,62.49,60.84
09/23/2021,61.26,"3,116,320",60.0,62.15,59.84
09/22/2021,59.41,"1,782,093",59.4,59.83,58.52
09/21/2021,59.13,"2,611,591",58.94,59.8,58.84
09/20/2021,58.43,"3,519,375",60.9,60.96,57.65
09/17/2021,62.8,"2,607,095",62.82,63.59,62.36
09/16/2021,62.71,"1,706,857",63.23,63.69,62.325
09/15/2021,63.02,"2,148,740",61.18,63.24,60.86
09/14/2021,61.02,"1,869,012",62.17,62.3762,60.39
09/13/2021,62.0,"1,479,903",61.04,62.02,60.625
09/10/2021,60.72,"1,027,805",61.77,61.94,60.69
09/09/2021,61.14,"1,156,486",61.14,61.98,61.06
09/08/2021,61.28,"1,200,747",61.97,62.0028,60.8893
09/07/2021,61.9,"2,209,959",61.85,62.3,61.2
09/03/2021,61.81,"2,035,785",61.14,62.24,61.07
09/02/2021,61.2,"1,625,627",61.26,61.7,60.815
09/01/2021,60.97,"2,547,509",59.95,61.42,59.37
08/31/2021,59.78,"1,915,231",59.0,60.11,58.86
08/30/2021,58.87,"1,605,725",59.0,59.96,58.72
08/27/2021,58.65,"1,228,599",57.85,58.76,57.85
08/26/2021,57.92,"1,053,719",58.24,58.66,57.81
08/25/2021,58.15,"2,032,927",57.82,58.69,57.62
08/24/2021,57.7,"1,061,917",57.63,58.35,57.51
08/23/2021,57.41,"2,018,671",56.46,57.61,56.39
08/20/2021,56.27,"1,208,542",56.06,56.93,55.87
08/19/2021,55.97,"2,166,038",56.35,57.33,55.5
08/18/2021,57.03,"1,890,750",57.46,57.71,56.95
08/17/2021,58.32,"1,850,263",59.07,59.2545,57.23
08/16/2021,59.45,"2,374,396",59.14,59.82,58.92
08/13/2021,59.37,"1,561,721",58.82,59.53,58.52
08/12/2021,58.79,"1,864,085",59.22,59.25,58.38
08/11/2021,59.33,"1,727,846",60.1,60.345,59.25
08/10/2021,60.1,"2,153,652",61.0,61.21,60.03
08/09/2021,61.29,"1,597,800",61.65,61.87,60.84
08/06/2021,61.64,"2,106,258",61.71,62.01,61.315
08/05/2021,61.14,"1,909,226",61.33,61.96,60.31
08/04/2021,60.89,"3,235,416",59.91,61.115,58.66
08/03/2021,60.66,"3,036,733",59.47,60.93,59.33
08/02/2021,59.2,"1,665,070",59.3,59.96,58.4
07/30/2021,58.86,"1,950,795",59.24,59.615,58.69
07/29/2021,59.52,"2,883,938",59.14,60.58,59.11
07/28/2021,58.83,"1,530,038",59.39,59.425,58.13
07/27/2021,59.23,"1,671,831",58.88,59.41,58.28
07/26/2021,59.33,"1,494,378",59.17,59.96,59.02
07/23/2021,59.44,"1,883,812",59.36,59.74,59.02
07/22/2021,58.51,"2,154,055",58.22,58.74,57.625
07/21/2021,58.13,"1,980,370",57.72,59.3,57.72
07/20/2021,57.43,"3,014,031",56.19,58.09,56.19
07/19/2021,56.21,"2,948,161",55.7,56.405,54.89
07/16/2021,56.74,"4,089,966",59.31,59.58,56.53
07/15/2021,59.44,"2,756,327",59.87,60.01,58.97
07/14/2021,60.01,"1,839,973",60.02,60.5,59.575
07/13/2021,59.89,"6,256,371",60.56,60.73,58.81
07/12/2021,61.32,"1,278,266",61.19,61.86,60.86
07/09/2021,61.17,"2,222,569",60.86,61.63,60.53
07/08/2021,60.51,"3,780,545",62.08,62.36,60.16
07/07/2021,63.29,"2,336,233",63.53,63.59,61.75
07/06/2021,63.71,"3,004,104",64.32,64.45,63.09
07/02/2021,64.23,"2,307,051",63.13,64.23,62.38
07/01/2021,63.01,"3,979,231",60.77,63.01,60.5
06/30/2021,62.2,"3,880,775",62.16,62.59,61.25
06/29/2021,62.41,"2,941,805",61.9,62.58,61.53
06/28/2021,61.53,"3,529,666",61.72,61.75,60.67
06/25/2021,61.58,"6,650,914",59.45,61.69,59.16
06/24/2021,59.12,"1,509,518",58.58,59.36,58.21
06/23/2021,58.29,"1,722,435",58.23,58.605,58.18
06/22/2021,58.25,"2,721,134",58.18,58.42,57.8
06/21/2021,58.47,"1,477,325",57.42,58.57,57.27
06/18/2021,57.37,"3,706,453",57.9,58.04,57.04
06/17/2021,58.43,"3,035,284",58.83,59.0,57.23
06/16/2021,58.57,"1,436,677",58.26,58.7395,57.76
06/15/2021,58.01,"1,306,046",57.61,58.3132,57.34
06/14/2021,57.51,"1,302,302",57.99,58.1503,57.35
06/11/2021,57.79,"1,087,401",57.41,57.79,57.2
06/10/2021,57.3,"922,234",57.56,57.79,56.93
06/09/2021,57.2,"1,604,138",57.42,57.55,57.1
06/08/2021,57.52,"2,444,701",57.7,57.919,56.77
06/07/2021,57.74,"1,689,050",57.56,57.77,57.09
06/04/2021,57.41,"1,647,001",57.74,57.81,57.13
06/03/2021,57.53,"2,843,881",56.39,57.73,56.11
06/02/2021,56.69,"2,502,704",56.51,57.2,55.675
06/01/2021,56.63,"1,955,456",57.63,58.02,56.41
05/28/2021,57.34,"1,302,197",58.09,58.33,57.12
05/27/2021,57.87,"2,901,868",57.75,58.19,57.04
05/26/2021,57.3,"2,278,263",56.84,57.65,56.46
05/25/2021,56.62,"1,435,610",57.62,57.78,56.505
05/24/2021,57.44,"1,863,597",57.8,58.11,57.25
05/21/2021,57.43,"1,990,051",57.19,57.96,57.09
05/20/2021,56.77,"2,038,476",57.08,57.32,56.02
05/19/2021,56.99,"2,190,882",55.49,56.99,55.05
05/18/2021,56.99,"2,205,617",57.41,57.71,56.97
05/17/2021,57.38,"1,315,203",57.22,57.71,56.53
05/14/2021,57.42,"1,571,474",56.52,57.84,56.52
05/13/2021,56.2,"2,049,248",56.23,57.03,55.55
05/12/2021,55.76,"2,884,490",57.52,57.93,55.6
05/11/2021,57.79,"3,210,183",56.46,57.965,55.8914
05/10/2021,57.63,"3,855,901",58.27,58.49,57.49
05/07/2021,58.22,"2,336,266",57.21,58.25,56.62
05/06/2021,57.19,"1,935,132",56.64,57.34,56.17
05/05/2021,56.64,"2,127,695",55.6,56.89,55.09
05/04/2021,55.0,"2,859,378",55.07,55.75,54.325
05/03/2021,55.07,"2,467,614",55.6,56.1,55.05
04/30/2021,55.37,"1,908,196",55.47,55.6,54.61
04/29/2021,55.53,"1,584,820",56.0,56.29,54.83
04/28/2021,55.41,"1,904,294",55.0,55.83,54.9
04/27/2021,55.17,"2,110,864",55.0,55.18,54.55
04/26/2021,54.53,"2,500,177",53.65,54.6,53.45
04/23/2021,53.19,"1,904,510",52.8,53.48,52.58
04/22/2021,52.71,"2,210,001",52.87,52.95,52.03
04/21/2021,52.3,"2,070,056",51.24,52.35,50.78
04/20/2021,51.32,"1,894,762",51.44,51.44,50.17
04/19/2021,51.49,"1,834,979",51.49,51.855,51.323
04/16/2021,51.57,"2,898,537",50.5,51.64,50.4
04/15/2021,50.24,"2,754,718",49.81,50.29,49.51
04/14/2021,49.47,"4,158,844",47.51,50.05,47.47
04/13/2021,47.37,"1,796,423",47.5,47.53,46.755
04/12/2021,47.56,"1,970,451",46.69,47.59,46.69
04/09/2021,47.03,"2,138,886",46.33,47.1,46.33
04/08/2021,46.56,"2,225,100",47.48,47.48,46.54
04/07/2021,47.05,"2,998,860",47.62,47.91,46.82
04/06/2021,47.8,"1,478,463",47.54,48.01,47.42
04/05/2021,47.68,"1,854,200",48.39,48.49,47.665
04/01/2021,48.01,"1,923,472",47.73,48.02,47.3
03/31/2021,47.01,"2,076,246",47.15,47.93,47.0
03/30/2021,47.15,"2,229,145",46.16,48.1,46.16
03/29/2021,46.49,"2,914,577",45.91,46.93,45.45
03/26/2021,46.69,"3,899,904",47.17,47.17,45.53
03/25/2021,46.97,"3,717,063",47.57,47.71,46.2
03/24/2021,47.67,"1,995,104",49.26,50.11,47.65
03/23/2021,49.12,"4,285,760",49.57,49.57,48.73
03/22/2021,49.42,"5,544,673",47.0,49.93,47.0
03/19/2021,47.29,"5,285,682",47.12,47.55,46.75
03/18/2021,47.44,"3,342,012",47.93,48.98,47.2
03/17/2021,48.19,"3,675,581",47.86,48.48,47.64
03/16/2021,48.07,"2,703,319",48.77,49.41,47.97
03/15/2021,48.8,"4,817,905",48.44,49.32,47.94
03/12/2021,48.08,"3,361,863",48.29,48.69,47.2
03/11/2021,47.83,"5,367,853",46.03,48.12,45.4
03/10/2021,45.53,"3,861,233",46.22,46.8,45.4
03/09/2021,45.77,"5,882,894",47.5,47.94,45.66
03/08/2021,47.46,"9,803,326",49.8,50.54,46.65
03/05/2021,49.56,"1,021,283",49.98,50.1,47.6901
03/04/2021,49.56,"597,903",50.39,50.69,48.5339
03/03/2021,50.41,"1,580,421",50.8,50.99,49.5427
03/02/2021,49.93,"588,263",50.25,50.385,49.5
03/01/2021,50.38,"760,266",50.35,51.025,50.06
02/26/2021,49.46,"1,282,386",48.93,49.81,47.95
02/25/2021,48.88,"1,076,247",51.25,51.33,48.56
02/24/2021,51.01,"984,504",50.03,51.08,49.5
02/23/2021,50.47,"850,974",51.11,51.12,49.6501
02/22/2021,51.0,"1,164,973",51.26,51.59,50.86
02/19/2021,51.83,"2,301,733",51.44,52.375,51.39
02/18/2021,51.12,"1,505,010",51.0,51.4999,50.5
02/17/2021,51.95,"614,511",51.5,52.0,50.82
02/16/2021,51.52,"975,230",51.9,51.9899,50.87
02/12/2021,51.46,"744,138",50.2,51.53,50.105
02/11/2021,50.49,"1,553,141",52.01,52.02,50.33
02/10/2021,51.86,"1,520,026",51.04,52.0,50.64
02/09/2021,50.6,"1,237,514",50.93,51.11,50.45
02/08/2021,50.94,"1,299,995",51.18,51.28,50.23
02/05/2021,50.69,"1,315,819",51.2,51.2,50.25
02/04/2021,50.95,"1,703,935",50.6,51.02,49.58
02/03/2021,50.12,"2,634,310",50.24,50.74,48.47
02/02/2021,48.89,"1,325,558",47.83,49.67,47.67
02/01/2021,47.64,"1,353,350",46.33,47.92,46.15
01/29/2021,45.94,"1,467,373",47.85,48.31,45.93
01/28/2021,48.06,"1,300,632",47.6,48.4,46.78
01/27/2021,47.58,"2,815,582",48.54,50.07,46.91
01/26/2021,49.18,"4,532,979",48.1,49.6062,47.29
01/25/2021,45.88,"1,522,475",46.23,46.52,45.81
01/22/2021,46.43,"1,104,337",47.89,48.11,46.41
01/21/2021,47.81,"458,634",48.0,48.42,47.63
01/20/2021,48.05,"482,707",48.21,48.3227,48.0
01/19/2021,48.19,"562,775",48.45,48.83,47.95
01/15/2021,47.95,"648,940",47.7,47.98,47.01
01/14/2021,48.21,"963,497",47.67,48.62,47.24
01/13/2021,47.14,"1,847,491",47.16,47.42,46.44
01/12/2021,46.98,"839,371",47.65,47.71,46.76
01/11/2021,47.46,"1,047,638",46.93,48.26,46.54
01/08/2021,46.96,"1,248,004",47.5,48.26,46.37
01/07/2021,46.9,"1,283,731",47.96,48.075,46.45
01/06/2021,47.5,"1,782,015",47.94,48.79,46.45
01/05/2021,48.14,"655,451",48.08,48.7566,47.775
01/04/2021,47.77,"1,064,675",48.98,49.09,47.61
12/31/2020,48.98,"487,876",48.6,49.24,48.1402
12/30/2020,48.58,"606,501",48.22,49.33,48.22
12/29/2020,48.07,"480,824",48.48,48.75,47.6395
12/28/2020,48.36,"968,763",49.61,49.64,47.8594
12/24/2020,49.09,"458,347",48.08,49.1422,47.76
12/23/2020,48.16,"1,259,356",48.26,48.84,47.6
12/22/2020,47.93,"1,720,196",46.83,48.14,46.79
12/21/2020,46.76,"1,240,053",47.22,47.75,46.26
12/18/2020,47.78,"1,890,527",49.34,49.44,47.4
12/17/2020,49.04,"1,271,070",49.35,49.5,48.26
12/16/2020,49.33,"1,161,132",48.69,49.4,47.88
12/15/2020,48.32,"845,429",48.5,48.69,47.91
12/14/2020,47.83,"1,202,745",48.31,48.76,47.7
12/11/2020,47.9,"618,216",47.32,48.3,46.9178
12/10/2020,47.53,"1,016,880",46.51,47.62,46.14
12/09/2020,46.95,"983,711",48.77,48.86,46.435
12/08/2020,48.32,"1,534,979",47.84,48.69,47.83
12/07/2020,48.29,"1,464,961",48.09,48.71,47.6
12/04/2020,48.5,"899,594",46.82,48.52,46.75
12/03/2020,46.63,"1,318,054",46.22,47.59,46.04
12/02/2020,46.0,"1,247,619",45.34,46.08,44.73
12/01/2020,45.31,"1,426,690",44.2,45.38,44.11
11/30/2020,43.62,"1,712,200",43.84,43.99,42.89
11/27/2020,43.87,"1,695,342",44.01,44.74,43.81
11/25/2020,43.86,"1,994,663",45.68,45.68,43.55
11/24/2020,45.58,"1,536,343",45.0,45.81,44.79
11/23/2020,44.4,"897,325",43.66,44.67,43.31
11/20/2020,43.18,"1,253,870",44.52,44.59,43.05
11/19/2020,44.7,"1,336,940",44.9,45.42,44.09
11/18/2020,45.37,"960,275",45.87,46.025,45.13
11/17/2020,45.77,"1,393,775",44.82,45.82,44.32
11/16/2020,45.35,"1,288,778",44.97,45.53,44.27
11/13/2020,44.24,"809,097",43.24,44.47,43.24
11/12/2020,42.82,"948,124",42.7,43.72,42.35
11/11/2020,42.87,"1,319,473",44.31,44.4,42.53
11/10/2020,43.96,"857,290",43.55,44.35,42.85
11/09/2020,44.0,"2,975,220",43.97,44.74,42.78
11/06/2020,41.66,"882,260",42.59,42.62,41.2
11/05/2020,41.7,"1,191,940",41.56,42.95,41.17
11/04/2020,40.73,"1,730,170",39.89,41.64,39.19
11/03/2020,39.32,"1,261,640",39.05,39.53,38.23
11/02/2020,38.42,"1,304,572",37.38,38.88,37.3601
10/30/2020,36.86,"2,489,272",37.91,38.51,36.35
10/29/2020,37.86,"2,567,437",38.72,39.78,37.0
10/28/2020,38.89,"1,475,065",39.35,39.59,38.48
10/27/2020,40.19,"1,072,098",40.21,40.65,39.82
10/26/2020,40.16,"1,872,261",41.15,41.38,39.98
10/23/2020,41.15,"1,298,223",41.0,41.2,40.22
10/22/2020,40.64,"2,027,377",41.22,41.44,40.515
10/21/2020,41.26,"6,425,595",39.93,42.73,39.93
10/20/2020,40.21,"1,670,262",39.55,40.68,39.2435
10/19/2020,38.98,"2,402,586",40.63,40.66,38.79
10/16/2020,40.46,"3,409,073",43.03,43.56,39.97
10/15/2020,43.04,"1,104,413",42.42,43.305,42.19
10/14/2020,42.98,"1,543,831",43.44,44.13,42.97
10/13/2020,43.13,"3,082,574",43.52,43.745,41.6
10/12/2020,43.9,"2,298,472",46.55,46.6307,43.87
10/09/2020,46.55,"804,198",47.41,47.88,46.54
10/08/2020,46.95,"656,870",46.49,47.19,46.345
10/07/2020,46.0,"1,099,406",46.34,47.15,45.56
10/06/2020,46.52,"884,485",47.94,48.11,46.38
10/05/2020,48.09,"930,432",47.8,48.25,47.47
10/02/2020,47.34,"742,595",45.65,47.89,45.65
10/01/2020,47.03,"1,476,287",45.28,47.3399,45.2
09/30/2020,44.75,"1,241,699",45.31,45.6,44.22
09/29/2020,45.35,"859,864",46.43,46.85,45.34
09/28/2020,46.3,"1,152,825",45.59,46.6,45.317
09/25/2020,44.72,"1,593,017",42.8,44.93,42.75
09/24/2020,42.85,"1,674,031",43.7,43.85,42.19
09/23/2020,43.93,"744,994",44.34,45.15,43.93
09/22/2020,44.33,"1,435,058",43.9,44.49,43.035
09/21/2020,43.7,"1,528,111",43.51,44.25,42.785
09/18/2020,44.67,"2,158,941",44.81,45.06,44.44
09/17/2020,44.47,"1,371,637",44.7,45.0,43.565
09/16/2020,45.53,"1,097,162",45.55,46.486,45.21
09/15/2020,45.35,"923,441",45.74,46.19,44.92
09/14/2020,45.42,"2,004,198",44.82,45.6,44.64
09/11/2020,44.73,"935,524",45.31,45.75,44.647
09/10/2020,45.01,"756,966",45.61,46.32,44.99
09/09/2020,45.33,"772,509",45.0,45.75,44.12
09/08/2020,44.64,"1,318,574",45.29,45.56,44.05
09/04/2020,46.61,"704,149",46.9,47.31,45.47
09/03/2020,46.41,"1,534,847",48.14,48.33,46.13
09/02/2020,48.47,"1,062,676",48.24,48.63,47.25
09/01/2020,48.17,"1,090,494",47.06,48.23,46.81
08/31/2020,46.87,"790,828",46.6,47.4,46.6
08/28/2020,46.59,"968,739",47.51,47.6,45.8
08/27/2020,47.3,"908,337",46.89,47.72,46.86
08/26/2020,46.9,"1,035,692",45.82,47.43,45.75
08/25/2020,45.69,"1,614,350",45.74,45.87,44.935
08/24/2020,45.56,"2,183,969",47.07,47.07,45.145
08/21/2020,47.03,"547,582",46.66,47.43,46.66
08/20/2020,46.65,"945,468",47.46,47.57,46.4
08/19/2020,47.69,"804,871",48.18,48.52,47.662
08/18/2020,47.9,"839,768",48.83,48.854,47.85
08/17/2020,48.54,"1,298,734",47.79,48.8,47.4702
08/14/2020,47.87,"1,041,431",48.37,48.55,47.79
08/13/2020,48.49,"894,097",47.96,48.9328,47.96
08/12/2020,48.1,"909,473",48.18,49.45,47.94
08/11/2020,47.77,"1,747,523",49.23,49.35,47.43
08/10/2020,48.77,"1,003,104",48.78,49.22,48.27
08/07/2020,48.78,"1,121,964",48.25,49.29,48.25
08/06/2020,48.58,"983,602",49.24,49.86,48.07
08/05/2020,49.39,"870,676",49.24,50.09,49.24
08/04/2020,49.06,"1,358,998",49.33,49.63,48.27
08/03/2020,49.66,"1,896,951",49.29,50.08,48.52
07/31/2020,49.1,"2,482,652",50.44,51.03,48.15
07/30/2020,50.54,"1,667,743",53.63,53.89,50.12
07/29/2020,54.03,"905,471",52.47,54.17,52.3332
07/28/2020,52.13,"626,092",51.77,52.88,51.59
07/27/2020,52.13,"717,395",52.0,52.15,51.245
07/24/2020,52.02,"394,544",52.46,52.57,51.6901
07/23/2020,52.6,"802,283",53.09,54.26,52.27
07/22/2020,53.19,"517,193",53.06,53.98,52.865
07/21/2020,53.45,"1,383,724",52.0,53.49,51.65
07/20/2020,51.62,"1,192,877",51.79,51.98,51.06
07/17/2020,51.82,"590,351",51.42,52.07,51.08
07/16/2020,51.22,"797,953",51.6,51.72,50.22
07/15/2020,51.85,"1,047,593",51.51,52.07,51.03
07/14/2020,50.71,"845,984",49.19,50.77,48.98
07/13/2020,49.2,"1,075,132",50.52,51.115,49.13
07/10/2020,50.09,"871,290",50.05,50.14,48.8
07/09/2020,49.9,"2,462,030",50.21,50.21,47.3
07/08/2020,50.35,"1,372,626",49.06,50.42,49.06
07/07/2020,49.02,"1,164,511",49.64,50.09,48.93
07/06/2020,50.14,"945,295",51.2,51.6,50.04
07/02/2020,49.91,"2,181,994",51.12,51.3,49.27
07/01/2020,50.16,"1,367,492",50.24,51.22,48.92
06/30/2020,49.92,"2,218,475",47.71,50.25,47.71
06/29/2020,47.88,"1,708,821",46.41,48.07,45.11
06/26/2020,46.24,"12,956,910",49.05,49.75,45.5
06/25/2020,49.54,"2,311,205",48.81,50.95,48.49
06/24/2020,49.51,"1,426,405",50.93,51.47,48.89
06/23/2020,51.31,"1,603,062",52.29,52.81,50.93
06/22/2020,51.67,"1,698,546",52.5,52.87,51.05
06/19/2020,53.08,"1,798,197",55.37,55.385,52.8
06/18/2020,54.33,"1,680,437",52.61,54.95,52.15
06/17/2020,53.02,"1,454,699",52.95,53.34,52.455
06/16/2020,52.97,"2,017,165",53.34,53.61,51.925
06/15/2020,51.29,"1,861,756",47.89,51.84,47.601
06/12/2020,49.22,"2,120,107",48.99,49.55,47.08
06/11/2020,47.07,"1,980,118",48.06,48.88,47.03
06/10/2020,50.82,"1,340,984",52.03,52.08,50.55
06/09/2020,52.07,"1,184,495",51.63,52.66,50.725
06/08/2020,52.82,"2,027,040",53.94,53.94,51.94
06/05/2020,53.15,"2,895,848",52.28,54.85,52.17
06/04/2020,51.32,"1,393,938",51.17,51.35,49.77
06/03/2020,51.6,"1,868,277",50.0,51.68,49.84
06/02/2020,49.83,"2,125,141",48.74,49.83,47.88
06/01/2020,48.25,"1,792,967",47.39,48.89,47.28
05/29/2020,47.6,"9,713,226",47.22,48.43,46.86
05/28/2020,47.2,"2,103,660",48.19,48.94,47.02
05/27/2020,47.68,"1,678,734",48.79,49.07,47.11
05/26/2020,47.61,"1,888,067",46.56,47.96,46.15
05/22/2020,45.21,"1,493,416",44.86,45.57,44.71
05/21/2020,44.96,"1,117,337",45.19,45.64,43.835
05/20/2020,44.99,"1,075,153",44.5,45.53,44.02
05/19/2020,43.25,"1,415,473",43.53,44.335,43.21
05/18/2020,43.51,"1,491,702",42.31,44.2,42.31
05/15/2020,40.69,"1,274,951",40.2,40.93,39.81
05/14/2020,41.77,"2,117,993",40.0,41.77,39.56
05/13/2020,41.66,"2,985,175",43.63,43.89,40.51
05/12/2020,44.16,"3,232,696",45.33,45.56,44.15
05/11/2020,45.08,"3,816,242",43.78,45.315,43.12
05/08/2020,43.93,"1,758,523",43.59,44.17,43.07
05/07/2020,43.0,"1,539,272",42.02,43.11,41.865
05/06/2020,41.68,"1,895,416",41.32,42.09,40.71
05/05/2020,40.9,"2,551,486",40.51,42.09,40.2
05/04/2020,39.95,"2,605,472",38.8,40.21,37.76
05/01/2020,39.56,"4,026,007",37.09,40.29,35.02
04/30/2020,40.49,"2,499,191",42.15,42.15,40.1
04/29/2020,42.98,"1,756,762",42.02,43.38,41.345
04/28/2020,40.62,"2,612,181",42.62,42.73,40.31
04/27/2020,41.38,"2,232,461",39.39,41.935,39.39
04/24/2020,38.94,"861,329",38.56,39.01,37.73
04/23/2020,38.05,"1,884,338",36.48,39.17,36.21
04/22/2020,36.12,"1,888,767",36.6,36.94,35.85
04/21/2020,35.5,"1,914,832",36.18,36.67,34.85
04/20/2020,37.27,"1,845,837",37.5,38.47,37.04
04/17/2020,38.87,"1,976,064",37.96,39.085,37.75
04/16/2020,36.33,"1,409,946",34.18,36.52,33.66
04/15/2020,34.02,"2,219,734",35.0,36.02,33.83
04/14/2020,36.36,"2,563,380",37.7,39.0,36.01
04/13/2020,36.13,"3,226,491",38.61,38.77,34.93
04/09/2020,39.16,"3,831,924",38.99,40.9,38.04
04/08/2020,37.27,"2,864,537",35.59,37.92,35.05
04/07/2020,35.08,"2,998,414",38.83,38.86,34.77
04/06/2020,35.92,"4,102,999",33.4,36.76,33.4
04/03/2020,31.92,"1,773,200",30.96,32.87,30.16
04/02/2020,30.97,"1,534,838",29.62,31.95,29.29
04/01/2020,29.96,"2,956,419",31.66,31.66,29.58
03/31/2020,33.5,"1,497,666",35.08,35.62,33.11
03/30/2020,35.45,"1,831,669",35.25,36.24,33.22
03/27/2020,35.46,"2,305,518",35.81,36.4,33.9
03/26/2020,37.7,"4,341,617",35.2,39.75,35.08
03/25/2020,34.69,"7,012,315",29.48,36.79,29.09
03/24/2020,27.48,"5,971,956",25.56,28.83,25.4086
03/23/2020,23.8,"4,032,269",25.905,27.46,23.5
03/20/2020,26.84,"4,638,437",30.7,30.92,25.9
03/19/2020,29.89,"4,287,953",29.75,32.27,25.75
03/18/2020,30.0,"8,310,414",29.09,31.08,19.46
03/17/2020,31.2,"5,416,248",31.59,32.91,29.0
03/16/2020,31.15,"4,739,500",30.0,34.39,28.16
03/13/2020,35.95,"4,319,956",32.23,36.34,30.48
03/12/2020,30.1,"5,056,635",30.8,32.38,29.5
03/11/2020,33.92,"3,793,205",34.02,35.57,33.05
03/10/2020,35.44,"3,700,206",36.18,36.77,32.555
03/09/2020,34.06,"4,771,239",36.27,37.29,33.85
03/06/2020,40.5,"3,942,241",41.07,41.5,38.78
03/05/2020,42.74,"4,115,216",41.98,43.21,41.54
03/04/2020,42.94,"2,476,046",43.73,43.98,42.46
03/03/2020,42.81,"2,118,666",43.53,44.13,41.86
03/02/2020,43.39,"3,216,721",41.85,43.53,41.36
02/28/2020,41.66,"4,729,244",40.9,41.88,39.78
02/27/2020,42.31,"2,833,725",42.22,43.935,40.9568
02/26/2020,43.2,"1,862,318",43.07,43.66,42.65
02/25/2020,43.17,"1,978,522",45.24,45.37,43.06
02/24/2020,44.92,"2,475,013",44.06,45.24,43.6
02/21/2020,45.69,"2,031,540",46.4,46.55,45.67
02/20/2020,46.45,"1,256,900",46.57,46.92,45.73
02/19/2020,46.57,"1,636,485",46.25,46.84,45.845
02/18/2020,45.67,"1,500,723",45.53,45.9899,45.43
02/14/2020,45.71,"1,524,402",46.0,46.1,45.54
02/13/2020,45.79,"2,661,998",46.37,46.39,44.85
02/12/2020,46.34,"1,237,394",46.96,47.05,46.05
02/11/2020,46.84,"1,409,538",46.94,47.37,46.53
02/10/2020,46.62,"2,037,678",46.49,46.7,45.71
02/07/2020,47.36,"2,052,318",47.1,47.49,46.75
02/06/2020,47.05,"2,291,681",48.36,48.38,46.76
02/05/2020,47.96,"1,655,762",47.85,48.09,47.01
02/04/2020,47.06,"1,985,596",46.62,48.05,46.62
02/03/2020,45.94,"3,254,124",47.78,47.92,45.49
01/31/2020,47.32,"4,165,514",46.0,48.01,45.28
01/30/2020,46.63,"8,452,170",51.4,52.67,46.47
01/29/2020,51.16,"2,627,191",51.02,51.78,50.74
01/28/2020,50.75,"1,404,055",50.2,51.2764,49.87
01/27/2020,49.85,"1,759,660",49.46,50.22,48.43
01/24/2020,51.01,"1,479,190",52.14,52.4181,50.73
01/23/2020,52.14,"1,950,862",51.89,52.2909,51.585
01/22/2020,52.01,"1,543,493",51.09,52.01,51.06
01/21/2020,50.76,"1,545,603",50.09,51.29,49.85
01/17/2020,50.36,"2,642,482",49.41,50.7,49.16
01/16/2020,49.08,"2,973,575",49.11,49.7,48.89
01/15/2020,48.81,"1,243,900",49.05,49.65,48.74
01/14/2020,48.97,"1,956,737",49.94,50.26,48.96
01/13/2020,50.11,"1,727,218",49.26,50.19,49.011
01/10/2020,49.87,"1,527,303",50.0,50.35,49.6957
01/09/2020,49.81,"2,987,219",48.95,50.01,48.72
01/08/2020,48.65,"1,499,006",47.67,48.73,47.25
01/07/2020,47.63,"678,593",47.48,47.77,47.02
01/06/2020,47.58,"1,374,420",46.73,47.62,46.33
01/03/2020,47.31,"1,026,526",47.15,47.39,46.87
01/02/2020,47.66,"1,376,396",47.83,48.08,47.47
12/31/2019,47.71,"1,220,163",47.54,47.85,47.31
12/30/2019,47.7,"901,126",48.1,48.19,47.415
12/27/2019,48.07,"607,359",47.91,48.34,47.88
12/26/2019,47.88,"598,095",47.81,48.0,47.46
12/24/2019,47.7,"326,097",47.3,47.84,47.135
12/23/2019,47.31,"2,267,115",48.31,48.46,47.31
12/20/2019,48.25,"12,432,380",47.85,48.8,47.56
12/19/2019,47.72,"2,391,090",46.93,48.28,46.8
12/18/2019,46.81,"1,900,409",46.47,47.06,46.11
12/17/2019,46.39,"2,741,055",46.5,46.8,46.07
12/16/2019,46.48,"5,475,506",44.7,46.9,44.65
12/13/2019,44.41,"874,652",44.46,44.51,43.68
12/12/2019,44.47,"1,144,085",44.33,45.01,43.94
12/11/2019,44.96,"1,808,329",44.4,45.16,44.35
12/10/2019,44.29,"2,097,650",43.8,44.6,43.695
12/09/2019,43.83,"1,697,111",44.52,44.785,43.66
12/06/2019,44.65,"2,631,182",44.93,45.28,44.56
12/05/2019,44.54,"2,311,294",43.96,44.6,43.76
12/04/2019,43.74,"1,276,323",43.4,44.17,43.195
12/03/2019,42.82,"2,131,440",42.69,42.88,42.0
12/02/2019,43.08,"1,984,749",43.97,43.98,42.33
11/29/2019,43.8,"413,100",44.06,44.37,43.7
11/27/2019,44.2,"1,448,552",43.37,44.21,43.11
11/26/2019,43.26,"3,102,347",42.85,43.55,42.8
11/25/2019,43.23,"1,013,415",42.67,43.23,42.28
11/22/2019,42.44,"567,212",42.51,42.79,42.03
11/21/2019,42.37,"674,857",42.84,43.02,42.3
11/20/2019,42.83,"1,837,068",42.68,43.39,42.48
11/19/2019,42.82,"1,353,998",43.44,43.5,42.61
11/18/2019,43.7,"1,600,286",44.0,44.0,43.24
11/15/2019,43.93,"759,683",43.95,44.13,43.726
11/14/2019,43.7,"1,771,505",43.2,43.86,43.0
11/13/2019,43.17,"3,129,165",42.77,43.23,42.23
11/12/2019,42.9,"1,774,309",42.51,43.13,42.06
11/11/2019,42.43,"1,649,649",42.1,42.51,41.81
11/08/2019,42.27,"2,238,351",42.2,42.77,41.82
11/07/2019,42.57,"2,089,050",44.0,44.06,42.39
11/06/2019,42.87,"1,639,336",43.83,43.94,42.57
11/05/2019,43.71,"1,556,428",43.98,44.18,43.29
11/04/2019,43.72,"2,486,907",43.56,44.18,43.01
11/01/2019,43.25,"2,596,558",41.43,43.56,41.0
10/31/2019,41.16,"2,138,711",40.2,41.53,39.94
10/30/2019,41.0,"2,135,683",41.3,41.67,40.7
10/29/2019,41.22,"1,024,758",41.0,41.795,41.0
10/28/2019,41.25,"2,662,086",41.39,41.66,40.0
10/25/2019,41.21,"1,038,569",41.14,41.53,40.79
10/24/2019,41.16,"2,595,228",41.29,42.0569,40.85
10/23/2019,41.28,"2,472,767",39.88,41.42,39.88
10/22/2019,39.82,"898,372",40.12,40.44,39.79
10/21/2019,39.97,"2,028,333",40.09,40.36,39.73
10/18/2019,39.97,"983,875",39.93,40.14,39.64
10/17/2019,40.03,"1,078,063",39.62,40.19,39.47
10/16/2019,39.45,"1,139,192",39.4,39.52,38.73
10/15/2019,39.4,"1,419,232",38.87,39.555,38.83
10/14/2019,38.67,"5,448,498",38.6,38.9,38.26
10/11/2019,38.72,"1,655,317",39.5,39.84,38.71
10/10/2019,38.93,"990,731",38.61,39.04,38.54
10/09/2019,38.69,"1,250,136",38.11,38.9,37.2
10/08/2019,37.85,"2,355,589",37.72,38.4109,37.38
10/07/2019,37.99,"2,388,933",37.5,38.36,37.21
10/04/2019,37.59,"2,808,121",36.98,38.1209,36.98
10/03/2019,36.88,"3,484,860",35.64,37.68,35.57
10/02/2019,35.71,"3,283,981",36.77,36.99,35.0
10/01/2019,37.08,"1,697,230",38.19,38.4,36.9875
09/30/2019,37.82,"2,127,619",38.89,38.94,37.8
09/27/2019,38.88,"3,231,255",40.68,40.89,38.48
09/26/2019,40.55,"1,491,579",40.3,40.64,40.07
09/25/2019,40.36,"1,854,363",39.91,40.61,39.54
09/24/2019,40.2,"5,315,534",40.15,41.04,39.9
09/23/2019,40.13,"4,282,355",39.78,40.23,39.39
09/20/2019,40.06,"6,852,319",40.85,41.25,39.76
09/19/2019,40.88,"5,499,828",40.71,41.07,40.62
09/18/2019,40.7,"4,887,229",40.5,41.08,40.03
09/17/2019,40.63,"1,865,884",40.48,41.01,40.3319
09/16/2019,40.56,"2,761,517",39.94,40.79,39.58
09/13/2019,40.18,"2,265,848",40.85,40.86,40.0
09/12/2019,40.58,"3,321,899",40.86,41.51,40.21
09/11/2019,40.3,"3,960,842",39.8,40.52,39.65
09/10/2019,39.73,"3,379,315",40.8,41.79,39.42
09/09/2019,40.96,"4,468,265",40.79,41.05,40.1
09/06/2019,40.68,"6,492,308",40.95,40.98,39.97
09/05/2019,40.95,"13,894,580",40.49,41.31,39.51
09/04/2019,38.86,"3,717,243",37.52,39.09,37.45
09/03/2019,36.9,"2,023,667",37.41,37.65,35.91
08/30/2019,37.73,"887,109",37.81,38.12,37.23
08/29/2019,37.44,"1,367,216",37.35,38.09,37.245
08/28/2019,37.11,"1,428,558",36.48,37.3,36.28
08/27/2019,36.6,"2,162,886",36.46,37.16,36.3601
08/26/2019,36.29,"1,874,984",36.35,36.49,35.6501
08/23/2019,35.75,"2,085,106",36.46,36.71,35.58
08/22/2019,36.56,"3,399,769",35.8,37.24,35.76
08/21/2019,35.55,"2,244,237",35.1,35.82,34.88
08/20/2019,34.8,"3,080,513",33.72,35.01,33.5
08/19/2019,33.66,"3,994,062",33.0,34.49,32.99
08/16/2019,32.0,"1,630,151",31.32,32.59,31.285
08/15/2019,31.11,"1,492,953",31.68,31.96,31.05
08/14/2019,32.12,"1,920,545",32.89,33.02,31.79
08/13/2019,33.59,"1,564,231",32.89,34.44,32.77
08/12/2019,33.07,"819,010",32.53,33.11,32.08
08/09/2019,32.84,"1,451,832",34.0,34.0,32.48
08/08/2019,34.0,"2,286,953",34.01,34.94,33.59
08/07/2019,33.88,"1,981,410",32.45,34.07,31.77
08/06/2019,33.26,"1,982,254",31.78,33.43,31.78
08/05/2019,31.43,"2,142,925",31.4,31.61,30.06
08/02/2019,31.53,"2,071,436",31.69,31.69,30.51
08/01/2019,31.65,"4,376,681",33.16,33.77,31.5
07/31/2019,33.0,"4,031,991",34.95,35.49,32.7
07/30/2019,35.05,"1,429,781",35.08,35.19,34.24
07/29/2019,35.32,"1,220,067",36.1,36.1,34.87
07/26/2019,36.14,"1,285,362",36.02,36.43,35.79
07/25/2019,36.05,"740,136",36.24,36.25,35.57
07/24/2019,36.1,"1,328,005",34.94,36.11,34.94
07/23/2019,35.17,"1,016,693",35.25,35.2899,34.53
07/22/2019,35.15,"1,420,276",34.25,35.15,33.7901
07/19/2019,34.23,"1,203,398",34.27,35.12,34.08
07/18/2019,34.25,"2,876,047",34.89,35.02,33.53
07/17/2019,34.94,"1,033,344",35.32,35.415,34.64
07/16/2019,35.58,"1,256,501",35.42,35.87,35.25
07/15/2019,35.38,"870,256",35.82,35.9375,35.35
07/12/2019,35.81,"915,567",35.87,36.17,35.485
07/11/2019,35.86,"3,227,461",36.0,36.41,35.48
07/10/2019,35.86,"1,580,426",36.0,36.0,35.11
07/09/2019,35.75,"1,708,060",34.87,35.87,34.72
07/08/2019,35.15,"1,228,860",35.4,35.42,34.62
07/05/2019,35.78,"933,190",35.06,36.0,34.94
07/03/2019,35.66,"1,487,483",35.71,35.9,35.24
07/02/2019,35.69,"2,594,724",35.25,36.165,35.01
07/01/2019,35.28,"2,144,754",34.66,35.29,34.395
06/28/2019,34.3,"1,944,662",34.35,34.415,33.75
06/27/2019,34.25,"1,250,493",33.51,34.48,33.51
06/26/2019,33.52,"1,713,581",33.6,33.68,33.09
06/25/2019,33.37,"1,259,180",33.3,33.72,32.91
06/24/2019,33.32,"1,272,529",34.06,34.25,32.94
06/21/2019,34.02,"698,565",34.15,34.38,33.9401
06/20/2019,34.18,"1,442,311",34.46,34.89,34.0
06/19/2019,34.12,"1,036,464",33.74,34.16,33.73
06/18/2019,33.46,"1,343,065",33.5,34.1,33.37
06/17/2019,33.26,"1,647,407",33.42,34.14,33.1
06/14/2019,33.36,"653,973",33.45,33.45,33.03
06/13/2019,33.35,"826,897",32.87,33.5,32.87
06/12/2019,32.77,"625,409",32.89,32.96,32.47
06/11/2019,32.95,"483,572",33.16,33.16,32.76
06/10/2019,32.86,"1,252,660",32.99,33.49,32.71
06/07/2019,32.65,"1,876,442",32.14,33.125,32.14
06/06/2019,31.84,"996,783",31.6,32.13,31.365
06/05/2019,31.53,"958,020",31.0,31.535,30.56
06/04/2019,30.88,"770,821",30.39,30.92,30.14
06/03/2019,29.92,"1,029,372",29.42,30.03,29.13
05/31/2019,29.41,"1,468,938",30.32,30.51,29.38
05/30/2019,30.66,"595,923",30.73,31.03,30.59
05/29/2019,30.65,"609,583",31.0,31.0,30.47
05/28/2019,31.07,"513,644",31.81,31.96,31.07
05/24/2019,31.81,"960,094",32.14,32.26,31.55
05/23/2019,31.94,"972,637",32.53,32.77,31.9
05/22/2019,32.88,"1,045,553",32.76,33.28,32.7
05/21/2019,32.88,"1,291,182",32.93,33.2,32.57
05/20/2019,32.13,"898,210",32.16,32.54,31.95
05/17/2019,32.79,"1,368,474",32.86,33.17,32.76
05/16/2019,33.16,"1,285,798",32.64,33.35,32.46
05/15/2019,32.77,"793,978",32.46,33.099,32.2
05/14/2019,32.7,"2,385,302",31.89,32.8,31.71
05/13/2019,31.55,"1,186,102",32.05,32.395,31.5
05/10/2019,32.79,"711,864",32.32,33.05,32.15
05/09/2019,32.46,"894,049",32.06,32.58,31.63
05/08/2019,32.49,"1,081,059",31.96,32.69,31.8954
05/07/2019,31.9,"1,387,351",32.41,32.6,31.76
05/06/2019,32.77,"971,430",32.65,32.94,32.17
05/03/2019,33.38,"1,557,508",33.25,33.65,33.11
05/02/2019,33.04,"3,016,711",33.76,34.23,32.94
05/01/2019,32.78,"2,805,763",32.89,33.29,32.49
04/30/2019,32.69,"658,032",33.13,33.26,32.6
04/29/2019,33.17,"968,240",32.85,33.43,32.6
04/26/2019,32.89,"507,170",32.21,32.97,32.2
04/25/2019,32.39,"359,368",32.45,32.61,32.14
04/24/2019,32.42,"599,260",32.33,32.655,32.0515
04/23/2019,32.33,"2,242,111",32.64,32.99,32.0
04/22/2019,32.41,"2,320,969",31.6,32.68,31.56
04/18/2019,31.65,"2,866,977",31.06,31.8,30.97
04/17/2019,29.95,"852,251",29.66,30.06,29.66
04/16/2019,29.66,"1,345,378",29.04,29.83,28.96
04/15/2019,28.98,"459,993",29.09,29.24,28.88
04/12/2019,29.15,"559,900",28.84,29.25,28.74
04/11/2019,28.68,"411,261",28.69,28.82,28.51
04/10/2019,28.65,"524,255",28.12,28.7,28.12
04/09/2019,28.12,"570,321",28.4,28.44,28.1
04/08/2019,28.52,"893,414",28.35,28.73,28.3
04/05/2019,28.6,"426,307",28.43,28.66,28.38
04/04/2019,28.41,"576,107",28.5,29.04,28.3
04/03/2019,28.68,"602,526",28.5,28.88,28.4
04/02/2019,28.32,"529,187",28.62,28.66,28.26
04/01/2019,28.65,"528,765",28.5,28.85,28.27
03/29/2019,28.25,"610,022",28.19,28.37,27.96
03/28/2019,28.0,"519,611",27.85,28.38,27.85
03/27/2019,27.9,"682,906",28.45,29.0,27.87
03/26/2019,28.31,"586,702",28.24,28.31,27.95
03/25/2019,27.93,"667,523",27.95,28.165,27.69
03/22/2019,28.0,"805,015",29.29,29.42,27.98
03/21/2019,29.59,"1,153,412",28.66,29.82,28.66
03/20/2019,28.81,"971,257",29.59,29.59,28.74
03/19/2019,29.26,"489,315",29.96,30.07,29.2
03/18/2019,29.78,"728,254",29.06,29.91,29.06
03/15/2019,29.11,"542,819",29.0,29.24,28.96
03/14/2019,28.94,"402,487",28.86,29.1128,28.82
03/13/2019,28.81,"464,972",28.48,28.98,28.4504
03/12/2019,28.34,"468,874",28.65,28.73,28.25
03/11/2019,28.58,"395,351",28.12,28.69,28.02
03/08/2019,27.99,"299,033",28.23,28.33,27.86
03/07/2019,28.53,"711,825",28.75,28.91,28.22
03/06/2019,28.93,"359,037",29.1,29.18,28.83
03/05/2019,29.06,"478,988",29.14,29.28,28.815
03/04/2019,29.34,"706,441",29.35,29.65,29.03
03/01/2019,29.24,"1,017,921",29.49,29.98,29.24
02/28/2019,29.3,"759,722",29.34,29.44,29.06
02/27/2019,29.35,"564,706",29.1,29.3575,28.78
02/26/2019,28.99,"867,269",29.05,29.22,28.8
02/25/2019,29.06,"1,236,523",29.15,29.3,28.96
02/22/2019,29.16,"599,713",29.04,29.47,28.92
02/21/2019,29.1,"298,530",29.4,29.52,28.9
02/20/2019,29.44,"697,533",29.37,29.65,29.29
02/19/2019,30.08,"640,433",30.28,30.32,29.77
02/15/2019,30.24,"903,358",29.86,30.62,29.86
02/14/2019,29.85,"853,484",29.74,30.39,29.74
02/13/2019,30.14,"502,399",30.3,30.47,30.14
02/12/2019,30.2,"1,540,599",29.71,30.34,29.67
02/11/2019,29.69,"787,341",29.91,30.0,29.61
02/08/2019,29.83,"570,782",29.88,30.01,29.48
02/07/2019,30.01,"1,093,391",30.25,30.36,29.08
02/06/2019,30.31,"623,250",30.57,30.66,30.25
02/05/2019,30.61,"939,320",30.44,30.66,30.03
02/04/2019,30.36,"854,086",29.32,30.49,29.21
02/01/2019,29.35,"739,322",29.43,30.0,29.08
01/31/2019,29.28,"1,199,218",28.0,29.36,27.65
01/30/2019,27.68,"721,939",27.86,27.86,27.13
01/29/2019,27.69,"294,093",27.7,28.0,27.6
01/28/2019,27.73,"229,836",27.63,28.05,27.47
01/25/2019,27.91,"558,527",27.45,28.24,27.3
01/24/2019,27.2,"427,838",27.38,27.6076,27.0646
01/23/2019,27.26,"958,144",27.16,27.5799,26.9529
01/22/2019,27.14,"1,213,696",28.49,28.49,26.94
01/18/2019,28.55,"1,205,914",28.23,29.1,27.8
01/17/2019,27.88,"654,147",27.4,27.95,27.11
01/16/2019,27.6,"745,734",27.49,28.22,27.49
01/15/2019,27.3,"938,227",26.69,27.72,26.58
01/14/2019,26.73,"2,279,786",26.01,26.77,25.75
01/11/2019,26.35,"1,327,254",26.48,26.53,26.07
01/10/2019,26.5,"1,027,492",26.82,26.82,26.5
01/09/2019,26.91,"942,570",26.81,26.99,26.49
01/08/2019,26.76,"625,593",26.69,26.96,26.19
01/07/2019,26.26,"945,845",25.47,26.34,25.02
01/04/2019,25.37,"655,785",24.1,25.45,24.1
01/03/2019,23.88,"788,740",24.72,24.85,23.79
01/02/2019,24.82,"515,493",23.99,25.06,23.96
12/31/2018,24.54,"1,329,487",24.26,24.61,23.78
12/28/2018,24.16,"2,219,841",24.5,24.87,23.995
12/27/2018,24.46,"1,248,890",24.03,24.46,23.68
12/26/2018,24.48,"1,791,090",23.73,24.5,23.06
12/24/2018,23.75,"848,217",23.17,24.12,23.07
12/21/2018,23.75,"2,647,325",22.84,24.53,22.84
12/20/2018,22.88,"1,213,063",23.27,23.55,22.631
12/19/2018,23.41,"1,333,643",23.99,24.57,23.15
12/18/2018,24.0,"1,482,118",24.2,24.81,23.99
12/17/2018,24.01,"1,770,336",24.26,24.5,23.89
12/14/2018,24.28,"970,204",24.8,24.91,23.9904
12/13/2018,24.97,"1,485,836",25.5,25.62,24.8532
12/12/2018,25.38,"1,016,496",25.22,25.66,24.93
12/11/2018,24.86,"1,359,239",25.82,26.25,24.5948
12/10/2018,25.37,"1,394,031",26.04,26.44,25.32
12/07/2018,26.09,"731,442",26.75,27.04,26.07
12/06/2018,26.74,"1,545,013",26.02,26.78,25.65
12/04/2018,26.45,"1,244,844",28.57,28.63,26.2362
12/03/2018,28.66,"871,421",28.89,28.94,28.42
11/30/2018,28.19,"512,424",28.61,28.77,28.03
11/29/2018,28.59,"881,141",28.32,28.7,27.97
11/28/2018,28.35,"1,326,154",28.12,28.6,27.53
11/27/2018,28.11,"497,653",28.66,28.8335,27.96
11/26/2018,28.88,"1,112,731",28.87,29.47,28.7
11/23/2018,28.7,"432,369",27.68,28.76,27.38
11/21/2018,28.0,"1,171,241",26.39,28.02,26.39
11/20/2018,26.19,"2,961,783",26.23,27.03,25.85
11/19/2018,26.59,"1,607,724",27.63,27.835,26.3
11/16/2018,28.15,"1,759,909",28.13,28.26,27.9
11/15/2018,28.26,"1,194,714",28.24,28.55,27.8462
11/14/2018,28.24,"1,199,257",29.12,29.33,28.02
11/13/2018,29.07,"1,628,319",29.44,29.81,28.94
11/12/2018,29.45,"924,210",30.5,30.75,29.3701
11/09/2018,30.59,"603,717",31.48,31.68,30.48
11/08/2018,31.76,"681,245",31.67,32.18,31.34
11/07/2018,31.75,"677,051",30.92,31.77,30.8
11/06/2018,30.62,"329,352",30.07,30.68,30.07
11/05/2018,30.04,"531,961",29.57,30.32,29.43
11/02/2018,29.56,"1,255,152",30.9,31.36,29.51
11/01/2018,30.59,"1,060,356",29.65,30.67,29.31
10/31/2018,29.42,"2,571,777",30.3,30.36,28.35
10/30/2018,29.92,"1,044,299",29.49,30.2,29.37
10/29/2018,29.53,"1,585,920",30.85,31.1,29.31
10/26/2018,30.31,"1,614,685",29.35,30.52,29.01
10/25/2018,29.86,"1,517,874",28.72,30.29,28.56
10/24/2018,28.35,"1,669,197",29.46,29.49,28.02
10/23/2018,29.47,"2,188,481",29.06,29.53,28.03
10/22/2018,29.49,"1,521,123",29.77,29.79,29.3823
10/19/2018,29.49,"1,861,669",30.47,30.47,29.3399
10/18/2018,30.37,"1,022,849",31.53,31.61,30.26
10/17/2018,31.68,"751,547",31.75,32.0,31.42
10/16/2018,31.74,"831,366",31.42,31.87,31.21
10/15/2018,31.15,"784,731",30.95,31.5,30.63
10/12/2018,31.06,"880,077",31.29,31.57,30.5901
10/11/2018,30.67,"1,877,600",31.31,32.12,30.56
10/10/2018,31.4,"2,232,891",32.94,32.94,31.32
10/09/2018,32.85,"689,863",32.91,33.1,32.64
10/08/2018,33.07,"898,325",33.5,33.77,32.81
10/05/2018,33.83,"1,735,847",35.14,35.25,33.74
10/04/2018,35.15,"813,119",35.99,36.33,34.85
10/03/2018,36.21,"1,785,183",35.47,36.41,35.47
10/02/2018,35.43,"709,257",35.48,35.92,35.28
10/01/2018,35.49,"1,065,704",35.43,35.81,35.15
09/28/2018,34.55,"435,404",34.75,35.1,34.3
09/27/2018,34.93,"717,462",35.67,35.78,34.785
09/26/2018,35.56,"453,021",35.99,36.19,35.4
09/25/2018,36.12,"688,974",36.02,36.34,35.87
09/24/2018,35.9,"843,368",35.97,36.24,35.61
09/21/2018,36.07,"1,123,462",35.38,36.49,35.38
09/20/2018,35.21,"1,529,808",34.6,35.72,34.39
09/19/2018,34.44,"379,237",34.41,34.57,34.0
09/18/2018,34.35,"630,777",34.1,34.48,33.95
09/17/2018,34.07,"686,268",34.27,34.46,33.9
09/14/2018,34.4,"552,593",34.16,34.55,34.16
09/13/2018,34.08,"422,176",34.29,34.79,34.05
09/12/2018,34.2,"222,456",34.2,34.29,33.91
09/11/2018,34.28,"373,969",33.67,34.33,33.62
09/10/2018,33.85,"818,767",33.66,33.95,33.345
09/07/2018,33.47,"336,646",33.65,33.93,33.44
09/06/2018,33.99,"627,937",34.37,34.46,33.75
09/05/2018,34.36,"419,435",34.64,34.75,34.2
09/04/2018,34.72,"475,938",34.5,34.77,34.3
08/31/2018,34.53,"310,513",34.33,34.58,34.19
08/30/2018,34.41,"232,670",34.69,34.721,34.33
08/29/2018,34.75,"277,716",34.84,34.87,34.51
08/28/2018,34.75,"334,876",34.8,35.0,34.69
08/27/2018,34.72,"330,264",34.83,34.89,34.65
08/24/2018,34.7,"309,780",34.69,34.89,34.5001
08/23/2018,34.5,"257,846",34.61,34.6612,34.45
08/22/2018,34.62,"302,719",34.35,34.69,33.9803
08/21/2018,34.35,"601,823",34.34,34.52,34.17
08/20/2018,34.21,"549,428",33.77,34.255,33.56
08/17/2018,33.72,"472,157",33.57,33.76,33.28
08/16/2018,33.63,"546,614",33.92,34.35,33.57
08/15/2018,34.19,"288,321",34.12,34.4,34.03
08/14/2018,34.39,"441,738",34.31,34.51,34.09
08/13/2018,34.03,"358,683",34.44,34.605,33.93
08/10/2018,34.54,"461,613",34.8,34.8595,34.31
08/09/2018,35.09,"443,094",35.75,35.89,35.04
08/08/2018,35.75,"617,895",35.78,36.0,35.57
08/07/2018,35.91,"1,274,055",35.3,36.01,35.06
08/06/2018,35.26,"1,065,456",34.78,35.55,34.7
08/03/2018,34.75,"1,409,472",34.34,34.92,34.09
08/02/2018,34.11,"2,088,742",34.0,34.66,33.07
08/01/2018,35.08,"1,213,242",35.5,35.5,34.625
07/31/2018,35.5,"491,644",35.03,35.6,34.9
07/30/2018,34.9,"681,820",35.04,35.22,34.8201
07/27/2018,35.03,"527,205",34.87,35.09,34.55
07/26/2018,34.86,"633,386",35.38,35.61,34.755
07/25/2018,35.38,"525,150",35.91,35.98,35.33
07/24/2018,35.85,"608,112",35.77,35.99,35.63
07/23/2018,35.72,"395,557",35.35,35.82,35.17
07/20/2018,35.4,"1,183,563",35.44,35.44,35.01
07/19/2018,35.6,"697,732",36.32,36.335,35.53
07/18/2018,36.3,"700,635",36.02,36.49,35.9
07/17/2018,36.02,"789,064",35.92,36.21,35.8
07/16/2018,35.92,"530,226",35.96,36.03,35.63
07/13/2018,36.12,"630,907",35.84,36.17,35.6165
07/12/2018,35.88,"912,209",35.55,36.045,35.41
07/11/2018,35.41,"599,040",35.09,35.55,34.98
07/10/2018,35.39,"961,784",35.39,35.56,35.06
07/09/2018,35.29,"1,189,384",34.87,35.39,34.58
07/06/2018,34.87,"753,545",34.7,35.21,34.59
07/05/2018,34.76,"1,300,659",34.0,34.97,33.52
07/03/2018,33.85,"1,943,547",33.35,34.66,33.35
07/02/2018,33.09,"1,066,086",31.53,33.17,31.5
06/29/2018,31.87,"680,128",31.45,32.05,31.2801
06/28/2018,31.14,"481,274",30.75,31.21,30.61
06/27/2018,30.76,"405,565",30.92,31.22,30.75
06/26/2018,30.88,"803,070",30.58,31.03,30.12
06/25/2018,30.47,"847,200",31.79,31.79,30.25
06/22/2018,31.77,"653,440",31.87,32.005,31.46
06/21/2018,31.69,"297,715",31.98,31.98,31.25
06/20/2018,31.83,"452,603",31.78,32.1,31.69
06/19/2018,31.65,"588,737",31.38,31.85,31.32
06/18/2018,32.19,"622,263",32.03,32.285,31.79
06/15/2018,32.09,"523,592",32.2,32.28,31.71
06/14/2018,32.28,"610,574",32.35,32.45,31.77
06/13/2018,32.11,"1,236,758",32.09,33.82,31.85
06/12/2018,32.0,"681,018",32.48,32.56,31.73
06/11/2018,32.33,"293,252",32.27,32.86,32.26
06/08/2018,32.24,"383,751",32.09,32.4704,32.0
06/07/2018,32.19,"312,593",32.23,32.35,31.91
06/06/2018,32.23,"497,967",32.4,32.4,31.84
06/05/2018,32.29,"410,747",32.05,32.37,32.05
06/04/2018,32.18,"414,866",32.35,32.63,31.94
06/01/2018,32.33,"1,140,611",31.56,32.52,31.56
05/31/2018,31.32,"560,641",31.39,31.56,31.17
05/30/2018,31.48,"605,898",31.48,31.81,31.3
05/29/2018,31.4,"752,668",31.45,31.58,30.99
05/25/2018,31.62,"807,248",31.11,31.75,31.0
05/24/2018,31.27,"1,304,608",30.77,31.4443,30.55
05/23/2018,30.8,"851,063",30.51,30.86,30.06
05/22/2018,30.65,"887,612",30.67,30.76,30.15
05/21/2018,30.66,"1,286,945",29.5,30.88,29.468
05/18/2018,29.28,"360,758",29.7,29.835,29.25
05/17/2018,29.81,"629,563",29.62,30.13,29.541
05/16/2018,30.07,"532,411",29.73,30.2,29.6101
05/15/2018,29.72,"735,697",29.97,30.0,29.7
05/14/2018,30.03,"1,481,480",30.32,30.46,29.965
05/11/2018,30.28,"1,879,016",30.51,30.57,30.21
05/10/2018,30.56,"1,357,724",30.29,30.81,30.186
05/09/2018,30.33,"1,418,817",30.75,30.96,30.04
05/08/2018,30.73,"1,058,756",31.06,31.34,30.55
05/07/2018,31.39,"851,873",31.15,31.72,31.06
05/04/2018,31.15,"1,225,310",30.4,32.01,30.271
05/03/2018,30.67,"3,329,430",29.4,30.97,28.82
05/02/2018,29.64,"2,011,000",28.64,29.67,28.5314
05/01/2018,28.6,"1,839,791",28.77,28.83,28.09
04/30/2018,28.84,"646,327",28.5,29.315,28.42
04/27/2018,28.47,"1,089,541",28.51,28.62,28.03
04/26/2018,28.51,"890,218",28.11,28.59,28.02
04/25/2018,28.1,"649,802",28.42,28.49,28.0
04/24/2018,28.42,"1,573,967",28.87,28.94,28.32
04/23/2018,28.89,"713,414",29.27,29.439,28.76
04/20/2018,29.26,"1,139,252",29.41,29.41,28.93
04/19/2018,29.43,"1,096,652",29.16,29.54,29.16
04/18/2018,29.21,"1,253,201",29.56,29.56,28.76
04/17/2018,29.44,"895,085",29.41,29.88,29.21
04/16/2018,29.3,"666,859",29.21,29.63,29.13
04/13/2018,29.13,"816,247",30.43,30.43,29.07
04/12/2018,29.79,"766,032",29.95,30.19,29.58
04/11/2018,29.81,"1,155,309",30.45,30.52,29.57
04/10/2018,30.73,"1,204,106",30.07,30.8,29.96
04/09/2018,29.76,"1,196,541",29.86,30.41,29.7
04/06/2018,29.62,"603,776",29.8,30.1,29.365
04/05/2018,30.21,"863,285",30.31,30.74,30.06
04/04/2018,30.19,"831,414",29.5,30.26,29.46
04/03/2018,30.14,"835,678",29.75,30.54,29.75
04/02/2018,29.78,"1,627,023",29.5,29.87,29.21
03/29/2018,29.62,"917,475",29.5,29.9,29.19
03/28/2018,29.62,"1,504,212",30.23,30.4219,29.37
03/27/2018,30.23,"776,643",30.63,30.75,30.12
03/26/2018,30.51,"926,107",30.53,30.69,29.95
03/23/2018,30.16,"2,280,263",30.51,30.92,30.04
03/22/2018,30.52,"954,711",31.6,31.72,30.5
03/21/2018,31.99,"415,453",31.85,32.14,31.65
03/20/2018,31.76,"359,107",31.26,31.81,31.2
03/19/2018,31.27,"693,749",32.0,32.02,31.0601
03/16/2018,32.05,"486,499",32.19,32.53,32.05
03/15/2018,32.37,"806,881",32.77,32.77,32.1
03/14/2018,32.83,"502,698",33.1,33.185,32.64
03/13/2018,33.01,"505,958",33.71,33.71,32.7799
03/12/2018,33.54,"529,641",34.02,34.2,33.46
03/09/2018,33.56,"610,170",33.29,33.73,33.14
03/08/2018,33.01,"611,302",32.94,33.04,32.55
03/07/2018,32.75,"906,364",32.54,32.92,32.35
03/06/2018,32.85,"720,739",32.5,33.01,32.13
03/05/2018,32.45,"553,260",31.91,32.5,31.54
03/02/2018,32.05,"941,464",31.71,32.11,31.16
03/01/2018,31.99,"1,895,509",32.87,33.09,31.52
02/28/2018,32.8,"1,352,800",32.83,33.11,32.6
02/27/2018,32.7,"2,286,114",34.1,34.16,32.65
02/26/2018,34.15,"907,935",34.35,34.59,34.09
02/23/2018,34.25,"548,744",34.16,34.32,33.895
02/22/2018,33.9,"868,210",33.92,34.31,33.6
02/21/2018,33.84,"922,923",33.6,34.28,33.6
02/20/2018,33.6,"2,630,124",33.28,33.75,32.82
02/16/2018,34.01,"1,487,808",34.55,34.63,33.74
02/15/2018,34.52,"1,836,217",34.6,34.685,33.92
02/14/2018,34.28,"880,446",33.47,34.31,33.3601
02/13/2018,33.57,"823,791",32.96,33.66,32.75
02/12/2018,33.02,"1,097,476",32.65,33.12,32.15
02/09/2018,32.33,"2,743,767",32.32,32.8762,30.86
02/08/2018,32.03,"1,513,759",33.96,34.03,32.02
02/07/2018,33.75,"983,653",33.64,34.26,33.501
02/06/2018,33.59,"3,227,898",33.08,33.79,32.15
02/05/2018,34.0,"2,462,526",35.12,35.2,33.53
02/02/2018,35.9,"1,263,169",36.63,36.77,35.37
02/01/2018,36.78,"2,056,709",36.5,37.35,36.03
01/31/2018,35.75,"1,147,134",35.86,35.99,35.62
01/30/2018,35.5,"520,077",35.38,35.84,35.171
01/29/2018,35.6,"1,070,879",36.22,36.42,35.2097
01/26/2018,36.42,"793,796",36.56,36.65,36.32
01/25/2018,36.4,"1,219,392",35.6,36.54,35.6
01/24/2018,35.54,"527,641",35.56,35.74,34.841
01/23/2018,35.39,"628,421",33.72,35.69,33.34
01/22/2018,34.66,"1,030,004",34.51,34.88,34.16
01/19/2018,34.74,"2,672,778",34.86,34.93,33.85
01/18/2018,35.07,"496,741",35.41,35.5,34.77
01/17/2018,35.42,"500,814",35.07,35.7,34.8
01/16/2018,35.08,"826,932",36.51,36.6,34.58
01/12/2018,36.19,"472,992",36.19,36.39,35.94
01/11/2018,35.89,"804,999",35.63,36.38,35.61
01/10/2018,35.56,"703,220",35.7,36.04,35.51
01/09/2018,35.69,"1,104,606",34.94,35.72,34.94
01/08/2018,34.92,"470,165",34.48,34.94,34.23
01/05/2018,34.48,"360,546",34.17,34.57,34.001
01/04/2018,34.31,"550,541",34.47,34.57,34.18
01/03/2018,34.27,"1,349,926",34.72,35.01,33.67
01/02/2018,33.6,"696,384",33.65,33.89,33.215
12/29/2017,33.47,"675,279",33.31,33.61,32.41
12/28/2017,33.29,"411,211",33.55,33.55,33.01
12/27/2017,33.42,"430,427",33.74,33.74,33.0
12/26/2017,33.64,"292,856",33.98,34.03,33.36
12/22/2017,34.01,"471,015",33.83,34.01,33.52
12/21/2017,33.66,"1,358,632",32.87,33.83,32.64
12/20/2017,32.61,"960,206",32.63,32.83,32.18
12/19/2017,32.5,"439,951",32.92,32.9499,32.27
12/18/2017,32.63,"523,489",32.65,32.7999,32.45
12/15/2017,32.31,"1,252,033",32.34,32.79,32.02
12/14/2017,32.09,"642,553",32.22,32.6,32.09
12/13/2017,32.17,"1,161,830",32.62,32.74,31.73
12/12/2017,32.62,"836,338",32.41,32.9,32.41
12/11/2017,32.38,"943,562",31.89,32.8,31.88
12/08/2017,31.9,"1,781,955",31.04,32.44,30.685
12/07/2017,30.72,"915,390",30.18,30.96,30.12
12/06/2017,30.29,"739,222",30.81,31.03,30.29
12/05/2017,30.94,"456,814",31.05,31.39,30.92
12/04/2017,31.05,"1,679,503",31.44,31.7,31.03
12/01/2017,30.95,"976,174",31.41,31.5,30.28
11/30/2017,31.31,"1,377,075",31.1,31.4,30.8
11/29/2017,30.92,"946,052",30.53,31.15,30.52
11/28/2017,30.56,"1,306,716",30.56,30.89,30.27
11/27/2017,30.35,"833,291",30.23,30.56,29.96
11/24/2017,30.3,"184,451",30.66,30.69,30.13
11/22/2017,30.43,"715,279",30.26,30.76,30.06
11/21/2017,30.16,"998,341",29.94,30.55,29.94
11/20/2017,29.92,"1,221,189",29.15,30.1,29.131
11/17/2017,29.28,"1,917,935",29.44,29.48,28.9
11/16/2017,29.33,"1,059,255",29.06,29.55,29.06
11/15/2017,29.01,"1,425,537",29.35,29.365,28.75
11/14/2017,29.62,"1,046,398",28.88,29.79,28.75
11/13/2017,29.19,"1,364,701",30.3,30.3,29.17
11/10/2017,30.39,"1,080,466",30.44,30.71,30.06
11/09/2017,30.5,"847,032",30.96,30.98,30.33
11/08/2017,31.14,"668,745",31.25,31.77,31.0
11/07/2017,31.4,"503,489",31.06,31.49,30.85
11/06/2017,31.11,"488,207",31.29,31.59,31.03
11/03/2017,31.29,"1,333,735",30.36,31.29,30.12
11/02/2017,30.64,"4,045,340",31.67,32.44,28.08
11/01/2017,31.63,"1,191,850",33.08,33.37,31.5
10/31/2017,31.58,"673,461",31.65,31.65,31.0035
10/30/2017,31.45,"876,068",32.3,32.3,31.3
10/27/2017,32.27,"417,581",32.16,32.28,31.85
10/26/2017,31.96,"488,945",32.28,32.5899,31.91
10/25/2017,32.28,"1,187,690",32.55,32.59,31.85
10/24/2017,32.85,"715,577",32.44,32.85,31.99
10/23/2017,32.15,"1,473,633",32.1,32.23,31.61
10/20/2017,32.03,"933,578",32.02,32.47,31.86
10/19/2017,31.86,"571,748",31.48,31.98,31.39
10/18/2017,31.73,"707,719",31.76,32.06,31.66
10/17/2017,31.75,"1,097,218",31.46,31.83,31.23
10/16/2017,31.38,"461,071",31.36,31.46,31.15
10/13/2017,31.13,"535,263",31.13,31.36,30.86
10/12/2017,30.84,"411,002",31.04,31.1,30.78
10/11/2017,30.91,"216,268",30.87,30.99,30.75
10/10/2017,30.83,"486,896",30.56,31.07,30.56
10/09/2017,30.56,"424,270",30.51,30.8,30.51
10/06/2017,30.46,"399,180",30.58,30.96,30.44
10/05/2017,30.54,"652,672",30.35,30.69,30.31
10/04/2017,30.38,"249,697",30.17,30.38,29.99
10/03/2017,30.04,"565,060",30.2,30.3,29.99
10/02/2017,30.12,"488,797",30.02,30.28,29.97
09/29/2017,30.1,"511,938",30.23,30.44,30.01
09/28/2017,30.39,"734,373",30.01,30.41,29.815
09/27/2017,30.01,"769,269",30.33,30.38,29.95
09/26/2017,30.12,"652,491",30.78,31.04,29.92
09/25/2017,30.69,"995,999",31.07,31.69,30.57
09/22/2017,31.05,"690,113",30.35,31.07,30.251
09/21/2017,30.33,"335,254",30.01,30.45,30.01
09/20/2017,30.08,"392,437",29.98,30.09,29.51
09/19/2017,30.0,"627,498",30.1,30.28,29.73
09/18/2017,30.06,"539,735",29.75,30.1,29.69
09/15/2017,29.63,"428,048",29.31,29.72,29.27
09/14/2017,29.43,"836,980",28.5,29.62,28.41
09/13/2017,28.6,"610,059",28.83,28.89,28.34
09/12/2017,28.96,"280,640",29.0,29.22,28.65
09/11/2017,28.89,"420,300",28.77,28.92,28.52
09/08/2017,28.45,"546,537",28.54,28.68,28.31
09/07/2017,28.52,"644,702",28.51,28.6962,28.1
09/06/2017,28.58,"606,846",28.74,28.84,28.33
09/05/2017,28.61,"906,446",29.37,29.5,28.38
09/01/2017,29.46,"592,216",29.65,29.94,29.4365
08/31/2017,29.53,"479,694",29.63,29.65,29.3
08/30/2017,29.39,"553,353",28.93,29.46,28.9
08/29/2017,28.84,"387,466",28.62,28.93,28.43
08/28/2017,28.91,"476,467",29.38,29.399,28.88
08/25/2017,29.23,"354,974",29.21,29.49,28.91
08/24/2017,29.17,"839,990",29.38,30.08,29.17
08/23/2017,29.34,"369,854",29.37,29.5,29.3
08/22/2017,29.46,"780,367",29.02,29.67,29.01
08/21/2017,28.98,"1,290,936",29.35,29.57,28.73
08/18/2017,29.28,"1,336,159",28.66,29.66,28.39
08/17/2017,28.93,"2,025,528",30.02,30.0653,28.89
08/16/2017,30.21,"793,780",30.5,30.75,30.2
08/15/2017,30.4,"1,426,673",30.0,30.64,29.698
08/14/2017,29.75,"910,615",29.77,30.05,29.44
08/11/2017,29.39,"852,885",29.02,29.55,28.74
08/10/2017,29.5,"1,337,363",29.83,30.18,29.48
08/09/2017,30.02,"1,102,150",29.78,30.075,29.67
08/08/2017,29.88,"3,169,942",29.93,30.08,29.75
08/07/2017,29.92,"2,957,973",29.1,30.0,28.9
08/04/2017,29.0,"1,872,558",28.99,29.16,28.8799
08/03/2017,28.83,"1,392,588",28.11,29.07,28.0
08/02/2017,28.14,"1,095,558",27.45,28.95,27.33
08/01/2017,28.34,"955,345",28.25,28.53,27.93
07/31/2017,28.1,"476,561",27.88,28.25,27.67
07/28/2017,27.74,"767,021",28.01,28.075,27.6
07/27/2017,28.06,"1,150,914",28.27,29.2,27.88
07/26/2017,28.18,"795,300",28.2,28.5,27.92
07/25/2017,28.11,"485,967",28.21,28.26,27.86
07/24/2017,28.0,"805,434",28.04,28.17,27.591
07/21/2017,27.93,"781,748",27.87,28.18,27.81
07/20/2017,27.87,"1,012,208",27.74,28.05,27.5
07/19/2017,27.7,"815,618",27.05,27.75,26.86
07/18/2017,26.9,"738,592",27.2,27.305,26.66
07/17/2017,27.25,"782,882",27.25,27.317,27.01
07/14/2017,27.26,"477,749",27.19,27.31,26.98
07/13/2017,27.19,"299,992",27.04,27.21,26.86
07/12/2017,27.01,"361,660",27.23,27.2595,26.945
07/11/2017,27.09,"779,517",26.99,27.26,26.8803
07/10/2017,26.91,"839,311",26.21,27.2695,26.18
07/07/2017,26.34,"780,166",26.91,26.91,26.28
07/06/2017,26.7,"1,015,640",26.21,27.19,26.02
07/05/2017,26.36,"1,083,253",26.35,26.5001,25.92
07/03/2017,26.42,"287,516",26.68,26.76,26.34
06/30/2017,26.45,"476,502",26.44,26.88,26.38
06/29/2017,26.38,"783,178",26.57,26.58,25.82
06/28/2017,26.52,"983,655",26.01,26.62,25.86
06/27/2017,25.9,"1,857,962",26.18,26.45,25.61
06/26/2017,26.23,"3,186,551",27.31,27.49,25.66
06/23/2017,27.3,"664,256",27.5,27.6,27.13
06/22/2017,27.49,"1,060,089",27.51,27.65,27.15
06/21/2017,27.52,"1,063,619",27.65,27.69,26.9
06/20/2017,27.51,"993,683",28.25,28.42,27.3936
06/19/2017,28.42,"1,335,780",27.75,28.42,27.62
06/16/2017,27.51,"574,605",27.64,27.73,27.5
06/15/2017,27.5,"637,997",27.3,27.58,27.3
06/14/2017,27.5,"1,057,505",27.99,28.02,27.5
06/13/2017,27.85,"1,284,587",27.5,27.89,27.38
06/12/2017,27.38,"1,265,551",27.63,27.73,27.16
06/09/2017,27.43,"1,386,842",28.01,28.05,27.33
06/08/2017,27.96,"1,495,518",27.41,28.05,27.33
06/07/2017,27.22,"1,379,205",27.07,27.25,26.8
06/06/2017,26.94,"974,506",26.73,27.1,26.5
06/05/2017,26.93,"1,663,712",27.43,27.48,26.65
06/02/2017,27.47,"1,162,608",27.43,27.48,26.97
06/01/2017,27.4,"970,501",27.1,27.42,26.85
05/31/2017,27.03,"1,066,304",27.58,27.58,26.89
05/30/2017,27.45,"887,970",27.38,27.66,27.38
05/26/2017,27.56,"667,631",27.71,27.76,27.45
05/25/2017,27.65,"747,532",27.57,27.76,27.49
05/24/2017,27.51,"1,366,127",27.77,27.77,27.42
05/23/2017,27.59,"1,154,437",26.99,27.64,26.8501
05/22/2017,26.96,"1,981,296",26.47,26.98,26.33
