date,close,volume,open,high,low
05/15/2026,123.41,"2,895,270",127.725,128.79,123.21
05/14/2026,128.53,"2,394,647",124.71,129.35,124.1
05/13/2026,123.18,"2,765,568",122.15,124.79,120.11
05/12/2026,123.66,"2,732,461",124.14,125.99,121.51
05/11/2026,124.61,"3,767,275",126.21,127.37,123.0
05/08/2026,126.25,"4,015,314",123.56,127.825,121.865
05/07/2026,123.15,"3,267,917",124.1,125.01,122.09
05/06/2026,123.86,"3,057,217",124.4,125.5,121.4
05/05/2026,122.96,"3,435,722",120.45,123.92,118.765
05/04/2026,119.98,"3,384,313",120.41,125.18,119.71
05/01/2026,119.0,"4,531,594",120.1,124.81,114.94
04/30/2026,117.4,"4,818,360",110.03,117.86,108.78
04/29/2026,110.86,"2,435,015",111.44,111.88,109.0
04/28/2026,113.01,"2,999,116",113.86,114.36,110.175
04/27/2026,112.18,"3,118,809",114.5,116.5,110.75
04/24/2026,115.23,"1,615,778",114.96,116.5,113.59
04/23/2026,114.78,"2,996,959",119.0,119.04,112.64
04/22/2026,121.05,"2,200,698",121.51,123.0,119.325
04/21/2026,119.84,"2,454,510",119.54,123.46,118.09
04/20/2026,118.77,"1,853,398",116.01,119.51,116.0
04/17/2026,117.78,"4,030,693",118.19,121.2,117.02
04/16/2026,116.22,"3,718,352",121.0,121.78,115.89
04/15/2026,119.28,"5,099,000",114.4,120.29,114.29
04/14/2026,112.61,"4,081,344",108.8,113.69,108.69
04/13/2026,106.68,"3,963,840",99.9,107.05,99.6
04/10/2026,100.46,"4,432,716",104.88,104.88,98.44
04/09/2026,104.8,"2,625,367",103.35,105.49,102.801
04/08/2026,104.83,"6,225,102",106.31,109.5,100.25
04/07/2026,102.24,"3,152,755",101.51,103.73,100.99
04/06/2026,102.83,"2,171,896",102.93,104.55,102.23
04/02/2026,102.43,"5,074,477",103.34,106.34,100.19
04/01/2026,105.8,"2,938,621",109.16,109.99,104.83
03/31/2026,109.1,"2,986,807",109.54,110.4887,106.36
03/30/2026,107.66,"2,534,252",105.92,110.08,105.5
03/27/2026,106.28,"3,383,798",106.92,108.77,104.0001
03/26/2026,107.92,"2,295,739",105.91,109.46,104.935
03/25/2026,106.5,"2,150,425",108.18,109.592,104.685
03/24/2026,106.04,"4,051,741",102.99,107.45,102.229
03/23/2026,107.12,"3,408,244",110.87,111.71,106.24
03/20/2026,105.87,"11,591,500",107.92,107.92,105.03
03/19/2026,107.99,"3,459,405",104.23,108.58,103.5026
03/18/2026,105.97,"4,215,775",104.81,110.39,103.75
03/17/2026,105.67,"5,535,529",101.27,105.91,101.27
03/16/2026,100.51,"4,379,245",102.15,103.96,98.8
03/13/2026,101.76,"5,195,053",97.98,102.81,97.53
03/12/2026,96.5,"8,985,948",100.45,103.625,95.8
03/11/2026,103.46,"5,269,619",107.8,109.6,100.25
03/10/2026,108.68,"3,688,473",109.39,110.92,105.47
03/09/2026,108.85,"3,764,209",107.36,109.66,106.4514
03/06/2026,110.01,"4,737,660",113.24,113.59,108.24
03/05/2026,117.04,"2,540,979",116.04,119.38,115.38
03/04/2026,116.21,"2,949,819",113.4,117.03,112.32
03/03/2026,112.65,"3,565,051",107.4,114.67,106.02
03/02/2026,113.36,"3,317,406",109.28,114.51,108.94
02/27/2026,112.01,"6,042,538",114.03,114.25,108.67
02/26/2026,118.08,"3,808,398",120.91,121.759,115.19
02/25/2026,119.18,"4,177,606",118.74,120.64,115.47
02/24/2026,117.16,"3,853,235",113.81,118.8958,113.25
02/23/2026,114.57,"7,509,930",120.52,121.03,112.69
02/20/2026,123.16,"5,807,804",126.39,130.15,122.44
02/19/2026,129.85,"5,059,697",129.5,130.15,124.15
02/18/2026,133.97,"1,930,698",130.98,134.535,130.98
02/17/2026,130.41,"3,593,703",133.84,135.08,128.105
02/13/2026,133.88,"2,340,338",134.68,135.95,132.66
02/12/2026,133.94,"3,680,429",138.35,139.145,132.0
02/11/2026,137.38,"3,603,746",139.72,140.99,134.3
02/10/2026,136.99,"3,680,088",137.0,138.3075,135.0
02/09/2026,137.25,"3,821,055",132.86,137.67,131.02
02/06/2026,130.46,"6,751,523",129.58,131.42,126.0
02/05/2026,121.87,"10,939,350",131.98,134.11,119.4
02/04/2026,137.22,"7,951,360",130.21,138.76,125.93
02/03/2026,131.6,"8,758,145",144.84,145.0,128.25
02/02/2026,146.47,"3,816,297",149.02,150.63,144.3901
01/30/2026,149.67,"2,996,928",150.14,152.19,147.96
01/29/2026,151.69,"3,197,236",150.8,152.5633,148.83
01/28/2026,149.8,"1,528,211",150.0,150.41,147.705
01/27/2026,149.38,"3,832,134",149.05,150.0,145.46
01/26/2026,149.69,"3,797,003",154.59,155.095,149.56
01/23/2026,155.89,"1,836,552",160.65,162.2516,155.74
01/22/2026,161.52,"1,893,226",163.94,165.16,160.44
01/21/2026,162.34,"2,469,816",165.1,166.4378,162.24
01/20/2026,163.16,"1,835,671",167.22,170.2242,163.05
01/16/2026,169.69,"1,504,190",168.89,171.1799,168.285
01/15/2026,169.57,"1,663,872",171.38,173.31,169.34
01/14/2026,169.92,"1,968,878",168.46,170.26,166.43
01/13/2026,169.21,"2,580,327",173.71,174.49,167.47
01/12/2026,174.29,"1,321,321",173.38,177.63,173.11
01/09/2026,175.91,"1,234,670",176.74,177.725,175.15
01/08/2026,175.75,"1,746,051",169.9,177.68,169.54
01/07/2026,170.8,"1,921,749",175.49,175.92,170.0
01/06/2026,176.0,"1,641,622",170.85,176.55,170.1
01/05/2026,172.05,"1,761,556",166.34,173.44,166.34
01/02/2026,166.33,"1,309,957",162.68,166.55,161.22
12/31/2025,161.63,"1,247,341",163.2,164.05,161.52
12/30/2025,163.23,"1,852,738",169.01,169.01,163.11
12/29/2025,169.05,"1,648,061",168.53,170.07,167.56
12/26/2025,168.73,"765,599",168.81,169.85,168.015
12/24/2025,169.06,"644,645",169.17,169.69,168.14
12/23/2025,168.74,"1,502,274",170.0,171.08,168.49
12/22/2025,170.29,"1,942,213",167.06,171.91,166.745
12/19/2025,165.68,"5,186,149",166.0,167.39,162.08
12/18/2025,166.66,"2,757,113",169.84,171.07,166.59
12/17/2025,168.51,"3,255,874",172.45,173.825,167.94
12/16/2025,173.61,"2,884,365",172.94,174.64,171.095
12/15/2025,172.68,"2,785,147",174.38,175.68,172.03
12/12/2025,173.78,"3,332,495",178.21,178.21,171.05
12/11/2025,176.87,"4,140,936",178.0,179.88,174.89
12/10/2025,178.28,"47,940,600",178.58,181.19,174.71
12/09/2025,176.2,"15,485,830",178.81,179.705,173.53
12/08/2025,164.26,"2,344,067",162.16,165.525,160.0001
12/05/2025,165.46,"1,349,277",162.6,165.46,162.31
12/04/2025,163.07,"1,745,164",163.65,163.9599,160.79
12/03/2025,162.05,"1,715,392",159.61,163.79,159.26
12/02/2025,159.92,"1,565,827",160.69,161.69,158.56
12/01/2025,159.51,"2,114,689",154.53,161.05,153.56
11/28/2025,156.85,"753,295",155.2,157.11,154.39
11/26/2025,154.55,"1,103,448",153.1,155.3299,152.13
11/25/2025,152.87,"1,384,642",149.67,153.86,147.68
11/24/2025,150.11,"1,694,625",147.49,150.53,146.775
11/21/2025,147.43,"1,424,110",144.86,148.31,142.9
11/20/2025,144.31,"1,079,262",147.74,150.099,143.32
11/19/2025,145.17,"1,393,257",142.5,145.54,140.41
11/18/2025,142.69,"2,298,180",140.51,143.75,139.43
11/17/2025,142.06,"2,345,129",146.34,147.22,140.0901
11/14/2025,146.4,"1,775,909",146.29,149.43,144.76
11/13/2025,148.47,"2,070,365",151.59,153.45,147.49
11/12/2025,153.69,"1,553,754",154.94,158.43,153.39
11/11/2025,153.87,"1,758,486",153.8,155.45,152.4001
11/10/2025,153.34,"1,415,250",155.8,156.8825,152.74
11/07/2025,153.88,"1,235,224",149.46,153.98,146.96
11/06/2025,151.26,"1,501,539",152.91,154.49,149.65
11/05/2025,153.25,"1,530,892",151.03,154.3,149.18
11/04/2025,153.01,"1,906,835",156.52,158.15,152.52
11/03/2025,155.5,"4,049,060",154.32,159.07,151.37
10/31/2025,148.71,"3,410,671",145.55,149.0,144.13
10/30/2025,147.29,"2,639,385",149.93,151.06,146.271
10/29/2025,150.52,"1,954,078",149.15,153.53,147.7757
10/28/2025,150.93,"1,996,306",152.35,152.9,149.275
10/27/2025,150.97,"2,031,033",150.85,152.14,150.37
10/24/2025,149.34,"1,758,375",150.75,151.68,149.13
10/23/2025,148.43,"1,668,243",150.25,151.99,146.52
10/22/2025,150.1,"1,510,377",150.71,151.66,148.5055
10/21/2025,150.11,"1,844,643",146.33,150.72,145.95
10/20/2025,146.61,"1,392,303",143.93,148.19,143.08
10/17/2025,141.87,"2,644,111",141.46,142.54,139.2
10/16/2025,141.24,"2,161,327",151.09,151.56,141.22
10/15/2025,151.09,"2,795,356",153.48,154.71,149.025
10/14/2025,149.58,"3,758,392",142.47,151.75,141.51
10/13/2025,143.63,"1,790,054",144.0,145.098,142.36
10/10/2025,140.88,"1,997,641",147.8,148.5,140.72
10/09/2025,147.26,"1,799,400",149.98,151.44,146.1
10/08/2025,149.8,"1,927,115",149.41,149.85,147.49
10/07/2025,148.64,"2,171,257",150.53,151.21,146.67
10/06/2025,150.1,"2,078,005",152.97,153.5,148.86
10/03/2025,152.4,"4,091,688",151.59,153.28,149.17
10/02/2025,150.61,"4,022,674",153.78,154.14,149.66
10/01/2025,154.14,"2,313,218",157.51,158.43,153.925
09/30/2025,159.89,"3,514,220",163.14,164.26,154.51
09/29/2025,163.42,"1,807,614",164.86,165.27,162.51
09/26/2025,163.05,"2,619,226",164.82,166.17,162.83
09/25/2025,163.32,"2,265,538",164.76,166.81,162.85
09/24/2025,168.23,"1,889,227",181.31,181.31,167.7527
09/23/2025,181.15,"1,056,758",182.15,186.85,180.37
09/22/2025,181.99,"1,053,938",181.54,182.42,179.517
09/19/2025,183.0,"2,112,012",183.4,183.85,180.81
09/18/2025,183.42,"1,365,974",180.42,185.94,180.42
09/17/2025,178.89,"1,175,567",178.46,182.115,177.64
09/16/2025,178.61,"1,120,321",179.2,179.99,176.7
09/15/2025,179.92,"1,311,867",184.17,184.28,178.9501
09/12/2025,182.79,"837,093",185.2,185.82,182.79
09/11/2025,184.71,"1,412,393",179.1,185.14,178.645
09/10/2025,178.93,"1,202,723",175.58,179.88,175.02
09/09/2025,175.07,"980,003",175.37,176.65,174.87
09/08/2025,176.25,"1,731,254",177.0,177.645,173.36
09/05/2025,177.31,"1,638,839",181.36,181.86,174.53
09/04/2025,180.05,"1,171,252",177.7,180.185,176.475
09/03/2025,176.82,"1,243,966",178.67,179.83,174.97
09/02/2025,179.78,"1,430,677",175.94,179.9,173.43
08/29/2025,179.2,"899,384",180.27,180.95,178.13
08/28/2025,180.27,"1,024,271",180.12,181.765,180.12
08/27/2025,179.51,"1,556,109",178.63,180.94,178.63
08/26/2025,178.93,"1,971,526",177.81,179.39,177.02
08/25/2025,178.13,"1,564,701",181.26,181.26,176.98
08/22/2025,181.07,"1,500,383",178.41,183.94,178.29
08/21/2025,178.26,"1,041,511",178.22,179.13,177.43
08/20/2025,178.93,"1,709,439",179.28,180.5,175.94
08/19/2025,180.59,"2,409,235",188.53,189.76,179.37
08/18/2025,189.27,"1,388,755",187.86,190.6,186.73
08/15/2025,187.78,"928,261",190.3,191.38,187.43
08/14/2025,190.45,"885,722",190.14,191.95,188.78
08/13/2025,190.94,"1,194,141",194.24,195.26,187.35
08/12/2025,192.76,"1,278,924",187.84,193.15,186.65
08/11/2025,186.55,"751,753",188.07,189.125,186.54
08/08/2025,188.43,"953,246",188.4,189.87,187.215
08/07/2025,186.95,"1,240,797",191.5,191.5,185.71
08/06/2025,189.29,"1,390,610",188.24,191.52,187.84
08/05/2025,187.98,"1,602,731",189.92,191.91,185.0601
08/04/2025,188.55,"1,381,711",184.3,189.0,182.96
08/01/2025,182.83,"2,193,787",179.89,183.22,173.7
07/31/2025,185.53,"1,802,835",188.19,189.36,184.14
07/30/2025,187.73,"951,777",188.99,190.08,186.46
07/29/2025,187.93,"1,243,942",188.22,189.18,185.685
07/28/2025,187.36,"1,335,404",186.22,187.85,185.6101
07/25/2025,186.22,"1,320,320",183.61,186.42,181.45
07/24/2025,182.34,"1,222,703",181.19,183.63,179.53
07/23/2025,180.57,"871,964",180.0,180.76,178.7243
07/22/2025,178.25,"1,266,403",178.62,179.57,175.4
07/21/2025,178.89,"1,653,446",183.64,183.64,178.38
07/18/2025,183.12,"2,397,953",184.77,185.57,182.265
07/17/2025,183.17,"1,867,960",178.97,184.41,178.34
07/16/2025,179.92,"1,746,996",175.78,180.02,174.74
07/15/2025,174.49,"1,090,343",179.93,180.09,174.36
07/14/2025,180.34,"1,331,612",177.48,181.548,176.75
07/11/2025,177.37,"713,925",178.62,179.247,177.12
07/10/2025,180.13,"980,069",177.52,180.2,177.0395
07/09/2025,176.97,"927,270",176.53,178.55,175.46
07/08/2025,175.1,"1,033,726",175.49,177.84,174.0844
07/07/2025,174.86,"1,269,735",177.96,178.59,172.62
07/03/2025,177.96,"684,374",178.84,179.94,176.67
07/02/2025,177.98,"2,546,330",174.45,178.29,173.77
07/01/2025,174.73,"2,485,675",172.55,175.94,171.12
06/30/2025,173.2,"1,491,727",174.8,174.929,172.32
06/27/2025,173.18,"1,591,509",172.49,175.65,171.41
06/26/2025,171.11,"877,682",169.53,172.085,168.699
06/25/2025,168.8,"1,233,335",170.47,171.005,168.12
06/24/2025,169.82,"1,099,323",167.63,170.26,167.035
06/23/2025,165.35,"1,119,505",165.53,166.46,160.82
06/20/2025,165.76,"2,491,584",168.71,169.28,165.63
06/18/2025,167.34,"1,497,169",165.51,169.3046,165.44
06/17/2025,165.18,"1,086,937",165.67,166.59,163.61
06/16/2025,167.03,"750,283",167.32,170.46,166.815
06/13/2025,166.56,"1,143,332",168.46,169.4699,164.89
06/12/2025,170.81,"2,457,049",166.53,171.17,166.15
06/11/2025,168.78,"1,415,254",169.16,170.3,168.06
06/10/2025,168.58,"1,450,374",171.91,172.3021,167.1
06/09/2025,172.3,"2,359,337",173.42,174.64,170.02
06/06/2025,173.88,"1,865,236",172.54,174.88,172.34
06/05/2025,169.99,"1,163,959",168.93,170.46,167.66
06/04/2025,169.01,"1,364,858",168.82,170.76,168.69
06/03/2025,168.53,"1,280,147",166.4,168.74,164.94
06/02/2025,166.79,"1,319,000",164.67,167.05,163.17
05/30/2025,165.5,"3,004,168",164.36,165.88,162.58
05/29/2025,164.9,"1,112,171",165.4,165.4,163.0445
05/28/2025,163.99,"999,948",165.5,165.5,163.48
05/27/2025,164.6,"1,079,392",162.73,165.1545,161.38
05/23/2025,160.29,"1,008,769",156.13,161.71,155.52
05/22/2025,159.88,"961,156",158.84,160.905,158.245
05/21/2025,158.98,"1,561,142",163.26,164.86,158.88
05/20/2025,166.03,"1,984,143",167.04,168.0,165.3
05/19/2025,168.64,"940,079",166.75,169.94,165.2901
05/16/2025,170.15,"1,702,104",168.75,170.87,168.46
05/15/2025,168.7,"3,115,610",173.12,174.38,168.09
05/14/2025,175.83,"1,817,878",173.34,176.385,172.25
05/13/2025,172.5,"2,291,495",173.71,175.84,171.54
05/12/2025,172.57,"1,892,456",173.51,174.63,169.12
05/09/2025,164.95,"1,659,104",166.02,167.64,164.51
05/08/2025,165.85,"1,785,273",164.88,168.71,164.32
05/07/2025,162.08,"1,478,903",160.07,163.52,159.8
05/06/2025,159.63,"1,707,603",159.07,163.64,156.71
05/05/2025,160.76,"2,157,010",156.45,163.1557,155.15
05/02/2025,157.07,"1,942,654",156.07,158.99,154.76
05/01/2025,152.27,"1,075,509",153.69,156.25,152.0992
04/30/2025,152.53,"1,722,226",148.81,152.91,146.18
04/29/2025,152.79,"1,146,288",153.0,153.675,150.82
04/28/2025,153.38,"1,294,656",153.94,156.54,151.93
04/25/2025,153.88,"1,290,725",151.93,154.41,150.8262
04/24/2025,152.97,"1,341,663",146.35,153.92,145.155
04/23/2025,145.95,"1,523,017",147.985,153.33,145.295
04/22/2025,141.72,"1,150,627",139.82,142.86,139.28
04/21/2025,137.08,"1,532,487",138.7,139.735,133.82
04/17/2025,141.24,"1,209,962",140.98,142.82,139.61
04/16/2025,139.6,"1,783,339",139.35,141.03,136.64
04/15/2025,141.32,"1,683,457",139.63,142.56,138.42
04/14/2025,138.38,"2,297,830",141.04,143.5291,136.265
04/11/2025,137.74,"3,184,539",133.59,138.73,130.18
04/10/2025,135.77,"3,935,064",136.79,139.09,130.7
04/09/2025,142.37,"4,616,518",121.41,143.93,118.82
04/08/2025,123.21,"4,718,977",131.325,134.5,120.69
04/07/2025,124.73,"6,475,236",114.0,128.0,110.6301
04/04/2025,118.04,"7,645,287",121.6,124.19,113.235
04/03/2025,130.59,"3,035,358",145.83,145.83,129.685
04/02/2025,154.5,"2,113,570",146.02,154.85,146.02
04/01/2025,149.44,"2,170,713",147.09,149.93,144.77
03/31/2025,146.61,"2,009,812",142.0,147.3,139.54
03/28/2025,144.9,"1,654,290",146.99,148.67,142.69
03/27/2025,148.4,"1,921,868",150.8,152.745,144.95
03/26/2025,153.28,"2,110,418",155.66,156.4,152.02
03/25/2025,155.63,"3,835,846",154.34,156.052,151.5
03/24/2025,153.75,"1,724,915",151.04,154.12,150.55
03/21/2025,147.71,"1,749,571",145.98,149.045,144.48
03/20/2025,147.34,"993,127",146.0,149.2626,146.0
03/19/2025,147.61,"1,637,969",145.06,149.19,142.73
03/18/2025,144.02,"1,292,289",146.22,147.225,142.85
03/17/2025,147.11,"1,481,718",142.9,148.21,142.53
03/14/2025,144.36,"1,565,829",143.91,145.78,142.0
03/13/2025,140.19,"1,894,329",145.81,146.78,138.27
03/12/2025,145.93,"1,735,462",148.08,149.68,142.79
03/11/2025,143.01,"2,545,525",142.21,145.99,139.82
03/10/2025,141.24,"3,161,018",147.46,148.61,139.4401
03/07/2025,154.96,"3,354,244",154.92,156.16,147.62
03/06/2025,153.37,"2,113,082",158.28,160.63,152.44
03/05/2025,163.0,"1,701,401",160.99,163.0,157.765
03/04/2025,160.99,"2,907,950",164.65,165.94,156.44
03/03/2025,169.76,"2,140,251",174.63,175.65,168.09
02/28/2025,170.94,"2,118,628",166.67,171.0,165.22
02/27/2025,167.12,"1,228,521",170.71,171.69,166.3
02/26/2025,168.97,"1,076,685",167.77,172.05,167.5
02/25/2025,167.36,"1,911,551",168.95,169.785,163.385
02/24/2025,168.91,"1,866,623",174.33,174.765,168.365
02/21/2025,174.09,"1,125,436",180.82,181.035,172.65
02/20/2025,179.69,"1,383,222",186.74,187.29,176.29
02/19/2025,186.74,"1,331,595",186.97,187.75,183.7
02/18/2025,187.67,"999,080",187.43,189.25,186.07
02/14/2025,186.18,"784,886",185.02,187.04,183.92
02/13/2025,184.39,"981,283",183.07,185.05,182.3
02/12/2025,182.81,"761,429",183.8,185.22,182.6
02/11/2025,186.37,"798,771",187.98,188.24,183.48
02/10/2025,189.98,"790,305",191.37,191.4,187.33
02/07/2025,190.34,"1,163,477",191.86,194.268,189.5
02/06/2025,191.67,"1,619,649",188.07,191.82,186.3
02/05/2025,189.65,"2,501,847",181.16,192.3999,181.16
02/04/2025,195.36,"1,964,664",200.0,200.485,192.41
02/03/2025,196.52,"1,095,023",192.98,198.75,192.05
01/31/2025,198.22,"1,139,669",199.19,199.94,197.74
01/30/2025,198.08,"1,247,606",196.15,199.04,195.32
01/29/2025,193.42,"766,231",192.93,196.5979,190.6333
01/28/2025,193.6,"723,016",190.67,194.16,188.855
01/27/2025,189.98,"735,430",191.41,192.94,187.58
01/24/2025,197.32,"780,321",195.44,197.53,195.08
01/23/2025,195.9,"925,453",195.17,196.35,194.46
01/22/2025,193.81,"1,157,343",196.36,196.76,192.23
01/21/2025,194.72,"984,461",192.58,195.23,191.56
01/17/2025,191.32,"721,773",189.5,192.01,188.53
01/16/2025,187.9,"971,300",185.37,190.15,185.06
01/15/2025,184.5,"786,994",184.1,185.49,182.24
01/14/2025,179.17,"791,129",176.15,180.38,176.06
01/13/2025,175.49,"934,422",172.77,176.5,171.47
01/10/2025,175.04,"942,894",179.68,180.025,174.87
01/08/2025,182.3,"960,992",177.51,182.79,177.51
01/07/2025,178.37,"1,556,835",181.28,182.37,173.725
01/06/2025,180.3,"1,326,174",183.28,184.72,180.09
01/03/2025,181.11,"1,189,660",180.13,181.869,178.97
01/02/2025,178.83,"625,314",177.83,179.3,175.3635
12/31/2024,177.03,"591,685",180.11,180.345,176.38
12/30/2024,179.02,"519,777",176.92,179.685,175.9401
12/27/2024,179.5,"375,432",181.09,181.99,178.2274
12/26/2024,182.72,"439,773",180.08,182.978,179.04
12/24/2024,181.06,"307,496",180.11,181.5,179.29
12/23/2024,179.0,"845,202",175.4,179.16,174.27
12/20/2024,176.04,"2,427,226",170.25,177.51,169.01
12/19/2024,171.08,"1,412,256",172.6,174.83,170.43
12/18/2024,169.22,"949,378",178.05,179.6,169.1
12/17/2024,178.33,"1,404,403",181.1,182.245,177.18
12/16/2024,183.7,"1,244,515",182.28,184.49,181.75
12/13/2024,182.45,"990,685",183.28,185.06,182.27
12/12/2024,182.74,"1,271,654",184.39,184.47,181.25
12/11/2024,182.45,"1,619,481",178.23,183.87,177.535
12/10/2024,176.11,"1,213,465",176.09,178.0,174.4808
12/09/2024,175.29,"1,615,130",178.5,180.33,175.04
12/06/2024,178.07,"1,276,893",176.91,178.72,175.78
12/05/2024,177.07,"915,415",176.85,179.4,175.61
12/04/2024,176.85,"830,838",175.88,177.57,175.175
12/03/2024,175.05,"833,869",175.12,176.29,174.01
12/02/2024,173.95,"898,559",177.08,178.22,173.83
11/29/2024,176.73,"455,272",176.27,177.64,175.9141
11/27/2024,174.78,"1,213,116",179.78,180.38,174.52
11/26/2024,178.83,"1,586,540",175.76,178.88,175.0
11/25/2024,176.03,"2,048,321",177.0,178.49,173.74
11/22/2024,175.52,"940,886",176.0,176.83,174.26
11/21/2024,175.01,"1,114,588",172.0,176.31,171.1
11/20/2024,171.89,"1,294,041",171.53,172.96,169.435
11/19/2024,170.35,"723,420",166.28,170.452,165.44
11/18/2024,167.43,"975,482",167.5,168.3899,165.81
11/15/2024,167.21,"1,182,552",168.34,168.6044,166.66
11/14/2024,169.02,"866,373",168.39,169.14,166.88
11/13/2024,167.45,"1,090,103",170.23,171.55,166.81
11/12/2024,170.5,"1,037,474",170.67,171.215,169.32
11/11/2024,171.38,"1,392,275",172.12,175.07,170.94
11/08/2024,170.38,"1,118,596",168.51,171.8208,167.48
11/07/2024,168.27,"1,577,464",171.64,172.56,167.3895
11/06/2024,172.5,"2,848,412",167.81,175.74,167.81
11/05/2024,164.44,"904,280",160.79,164.82,160.44
11/04/2024,159.68,"1,416,493",160.25,161.14,158.3301
11/01/2024,161.87,"2,488,037",170.71,170.71,158.0
10/31/2024,167.68,"2,569,242",168.67,170.54,166.22
10/30/2024,169.0,"1,264,872",170.99,171.67,168.88
10/29/2024,170.4,"982,378",170.9,171.7591,170.36
10/28/2024,170.98,"781,527",170.68,171.7739,170.4
10/25/2024,169.47,"636,043",171.41,171.78,168.05
10/24/2024,170.83,"860,653",168.73,171.05,167.865
10/23/2024,167.38,"719,631",167.96,169.87,166.16
10/22/2024,167.78,"761,922",167.28,168.52,166.18
10/21/2024,168.69,"888,067",169.71,171.76,168.44
10/18/2024,169.89,"1,121,315",168.53,170.52,168.16
10/17/2024,168.73,"2,114,928",165.97,171.14,164.795
10/16/2024,163.48,"903,718",163.3,164.33,161.9
10/15/2024,162.63,"1,044,640",164.28,164.6,162.01
10/14/2024,163.35,"596,244",163.0,164.55,161.69
10/11/2024,161.95,"1,196,349",157.83,162.365,157.83
10/10/2024,157.81,"1,827,927",158.58,159.34,156.39
10/09/2024,158.16,"4,636,160",153.48,158.46,153.3
10/08/2024,153.38,"5,101,231",155.0,158.48,152.71
10/07/2024,160.56,"1,141,770",160.43,161.56,159.8
10/04/2024,160.39,"1,052,709",159.19,160.39,157.89
10/03/2024,157.05,"674,175",157.98,159.3,156.52
10/02/2024,158.05,"555,967",155.84,159.86,155.84
10/01/2024,156.31,"1,129,144",155.74,157.26,153.0
09/30/2024,155.84,"1,152,190",156.4,156.85,153.93
09/27/2024,156.91,"513,264",158.34,158.39,156.38
09/26/2024,156.05,"661,457",158.82,159.95,155.73
09/25/2024,158.05,"733,506",157.63,158.39,157.16
09/24/2024,157.33,"1,004,271",156.5,157.82,155.29
09/23/2024,156.25,"583,742",157.66,158.5,155.395
09/20/2024,156.66,"1,633,670",155.58,157.2967,153.27
09/19/2024,156.51,"1,118,761",156.74,157.53,154.39
09/18/2024,152.35,"882,195",153.9,155.65,150.811
09/17/2024,152.8,"1,108,364",150.0,153.71,149.03
09/16/2024,149.39,"614,043",146.66,149.41,146.5
09/13/2024,147.4,"989,800",144.4,147.48,143.04
09/12/2024,143.84,"717,190",141.69,143.99,140.48
09/11/2024,141.46,"573,558",140.11,141.59,137.5
09/10/2024,140.09,"1,156,483",140.07,141.04,137.87
09/09/2024,140.08,"1,098,946",138.93,142.44,137.93
09/06/2024,137.45,"981,195",141.05,141.56,136.12
09/05/2024,141.05,"600,002",141.2,141.99,139.83
09/04/2024,140.86,"906,147",142.01,142.69,140.17
09/03/2024,142.02,"900,956",145.6,146.11,141.54
08/30/2024,146.4,"1,607,467",144.91,146.43,143.88
08/29/2024,144.35,"816,126",145.91,146.19,144.35
08/28/2024,145.19,"942,069",145.84,146.94,144.61
08/27/2024,146.14,"967,503",145.59,148.2,145.33
08/26/2024,146.96,"740,293",147.5,148.13,145.72
08/23/2024,147.0,"1,165,475",144.49,147.5386,143.54
08/22/2024,143.5,"806,899",144.72,145.11,143.38
08/21/2024,144.5,"802,088",144.44,145.15,143.0101
08/20/2024,144.71,"1,027,689",144.79,145.06,143.65
08/19/2024,144.58,"567,289",145.48,145.78,143.92
08/16/2024,145.0,"1,067,344",145.02,146.02,144.08
08/15/2024,145.6,"988,160",145.36,146.48,144.07
08/14/2024,143.83,"866,892",142.24,144.16,142.24
08/13/2024,141.54,"634,420",141.1,142.3668,141.09
08/12/2024,140.34,"689,444",141.54,141.9,139.3
08/09/2024,141.54,"639,906",139.37,142.04,138.43
08/08/2024,138.96,"806,730",137.04,139.615,135.865
08/07/2024,135.28,"1,170,507",139.03,139.675,135.28
08/06/2024,135.75,"1,443,640",133.44,138.77,133.21
08/05/2024,133.73,"1,875,869",131.0,136.67,128.0
08/02/2024,139.26,"2,114,036",143.69,144.95,137.61
08/01/2024,149.16,"1,430,733",152.57,153.92,147.37
07/31/2024,153.2,"1,700,761",152.69,155.53,152.0
07/30/2024,149.58,"1,787,464",146.25,149.965,146.25
07/29/2024,145.35,"1,055,561",147.83,147.83,145.2
07/26/2024,147.1,"664,835",147.6,148.43,145.61
07/25/2024,145.3,"1,056,205",144.51,148.3783,143.89
07/24/2024,144.51,"1,108,957",149.1,149.78,144.0
07/23/2024,150.79,"741,946",151.0,152.63,150.01
07/22/2024,150.79,"998,617",148.47,150.83,147.42
07/19/2024,147.3,"708,509",147.34,149.46,146.91
07/18/2024,147.39,"1,748,540",144.26,148.23,144.26
07/17/2024,143.72,"855,544",146.16,146.895,142.41
07/16/2024,148.0,"1,740,347",146.5,148.72,145.965
07/15/2024,145.98,"1,014,505",143.31,145.99,141.17
07/12/2024,142.55,"887,300",143.26,143.8,141.83
07/11/2024,141.1,"1,457,667",140.48,142.32,139.2
07/10/2024,138.74,"906,468",135.91,139.01,135.1104
07/09/2024,134.78,"865,137",135.73,136.5,133.84
07/08/2024,135.77,"746,380",138.44,139.26,135.72
07/05/2024,138.26,"601,914",138.35,138.4,136.5
07/03/2024,138.35,"554,717",136.0,139.11,135.52
07/02/2024,135.45,"786,942",135.26,136.44,135.0
07/01/2024,136.2,"1,687,073",134.38,136.65,133.22
06/28/2024,133.28,"2,650,489",136.39,137.35,133.18
06/27/2024,135.95,"1,097,088",135.06,136.49,134.52
06/26/2024,135.45,"1,227,605",134.37,135.98,133.63
06/25/2024,135.35,"1,598,372",133.2,135.44,132.61
06/24/2024,133.85,"2,027,913",132.1,134.43,131.65
06/21/2024,131.79,"2,799,094",134.21,134.21,130.68
06/20/2024,134.71,"1,539,624",134.96,135.73,133.905
06/18/2024,135.0,"1,567,553",134.05,135.2,133.04
06/17/2024,134.03,"1,208,429",132.92,134.39,131.74
06/14/2024,132.63,"1,315,501",131.51,133.24,130.94
06/13/2024,133.76,"3,758,071",132.43,134.13,129.7
06/12/2024,137.49,"789,642",138.18,139.08,136.83
06/11/2024,135.78,"969,885",136.49,137.03,134.5
06/10/2024,136.84,"1,328,939",132.44,137.83,132.0
06/07/2024,132.93,"967,093",133.53,135.34,132.06
06/06/2024,134.0,"1,206,680",139.16,139.99,133.28
06/05/2024,139.56,"1,153,651",136.33,139.94,135.74
06/04/2024,135.19,"1,605,201",137.28,137.87,135.12
06/03/2024,138.2,"1,615,539",141.46,141.65,136.31
05/31/2024,140.17,"2,689,634",143.44,145.2777,139.07
05/30/2024,142.98,"761,973",141.85,143.61,141.85
05/29/2024,142.17,"748,220",142.87,143.77,142.1364
05/28/2024,144.34,"1,140,156",146.25,147.99,144.26
05/24/2024,146.01,"615,199",145.5,146.7599,145.13
05/23/2024,144.75,"1,109,759",145.88,145.9854,143.7
05/22/2024,144.75,"1,313,762",145.06,147.05,143.22
05/21/2024,143.62,"2,587,507",143.96,147.26,137.54
05/20/2024,144.56,"1,265,418",145.14,145.62,143.06
05/17/2024,145.6,"873,196",147.01,147.89,145.07
05/16/2024,146.66,"1,618,407",149.53,150.12,146.53
05/15/2024,149.82,"2,118,736",146.7,149.97,145.98
05/14/2024,144.93,"1,410,942",140.47,145.01,140.47
05/13/2024,140.15,"861,439",142.86,143.3,140.13
05/10/2024,142.27,"780,378",143.69,144.35,141.6
05/09/2024,142.44,"1,468,252",138.34,143.13,138.34
05/08/2024,138.67,"729,764",136.25,138.75,135.46
05/07/2024,137.29,"1,393,700",137.03,140.35,136.54
05/06/2024,136.17,"1,721,939",132.31,136.22,132.2826
05/03/2024,131.91,"1,085,269",135.35,135.745,131.8
05/02/2024,134.64,"2,778,059",129.0,135.65,125.23
05/01/2024,131.7,"1,217,262",132.88,134.6,131.31
04/30/2024,133.09,"920,033",134.12,134.66,132.46
04/29/2024,134.9,"685,887",134.27,135.09,133.1525
04/26/2024,133.62,"501,218",134.23,135.82,133.05
04/25/2024,133.73,"735,250",134.93,135.64,132.58
04/24/2024,135.95,"1,124,754",137.75,138.45,134.66
04/23/2024,136.5,"671,349",132.8,136.61,132.255
04/22/2024,132.01,"674,388",131.09,132.51,129.28
04/19/2024,129.53,"1,193,149",130.13,131.79,128.65
04/18/2024,130.7,"701,571",131.83,132.64,130.33
04/17/2024,131.7,"1,240,389",131.82,132.61,130.47
04/16/2024,130.89,"1,256,153",128.44,131.16,127.721
04/15/2024,129.3,"1,297,972",132.53,133.3699,127.97
04/12/2024,131.35,"976,908",133.15,133.87,131.32
04/11/2024,134.07,"1,589,775",134.12,134.96,132.9101
04/10/2024,134.04,"1,104,978",131.94,135.6091,131.08
04/09/2024,133.8,"1,808,951",135.25,136.32,131.78
04/08/2024,135.16,"1,319,006",134.56,135.66,133.67
04/05/2024,134.16,"1,218,176",131.95,134.8,131.22
04/04/2024,132.2,"1,639,969",133.0,133.89,131.53
04/03/2024,131.98,"962,697",130.96,133.035,130.5
04/02/2024,130.8,"1,424,871",130.9,131.315,128.29
04/01/2024,132.39,"844,858",132.77,132.9,130.18
03/28/2024,132.98,"784,603",133.16,134.045,131.06
03/27/2024,133.28,"913,234",134.68,135.1,131.17
03/26/2024,133.96,"518,012",134.77,135.23,133.405
03/25/2024,133.79,"471,184",133.54,134.85,133.18
03/22/2024,133.87,"574,049",136.17,136.5299,133.68
03/21/2024,136.58,"1,564,477",135.0,137.88,134.06
03/20/2024,133.5,"875,443",132.13,133.7,131.09
03/19/2024,132.17,"989,020",129.79,132.99,129.43
03/18/2024,130.17,"1,302,163",132.76,133.85,129.35
03/15/2024,132.11,"2,918,003",133.0,134.41,131.89
03/14/2024,132.78,"900,298",133.89,134.29,131.85
03/13/2024,134.72,"737,857",134.45,135.21,133.78
03/12/2024,134.04,"690,263",133.58,134.98,132.65
03/11/2024,132.59,"916,995",133.16,133.55,131.85
03/08/2024,134.1,"1,149,872",136.26,137.06,133.04
03/07/2024,135.55,"1,231,980",134.0,135.85,133.82
03/06/2024,135.72,"800,629",136.88,137.47,135.005
03/05/2024,135.52,"1,176,463",135.38,136.18,133.64
03/04/2024,135.88,"1,200,608",133.12,136.125,132.5446
03/01/2024,133.12,"861,725",133.12,134.0,131.5
02/29/2024,132.63,"1,108,013",131.68,133.47,131.67
02/28/2024,131.25,"1,190,024",130.34,131.93,129.295
02/27/2024,130.56,"1,152,960",131.44,131.81,130.145
02/26/2024,131.3,"947,650",131.84,132.55,131.17
02/23/2024,131.9,"1,369,251",134.48,134.48,130.68
02/22/2024,133.95,"1,078,005",134.38,135.56,132.555
02/21/2024,131.62,"1,388,442",131.71,132.02,130.11
02/20/2024,132.61,"956,749",133.56,134.05,131.73
02/16/2024,134.97,"2,040,032",134.87,136.24,134.26
02/15/2024,135.18,"1,004,911",137.66,137.66,134.6
02/14/2024,136.71,"1,007,178",135.88,136.85,135.28
02/13/2024,134.91,"1,269,211",134.74,138.04,134.2
02/12/2024,137.06,"1,057,500",136.4,138.18,135.3201
02/09/2024,136.71,"1,087,217",136.22,137.83,135.04
02/08/2024,135.55,"2,186,391",136.04,139.48,131.89
02/07/2024,128.85,"1,439,737",127.5,130.15,127.0
02/06/2024,126.99,"830,881",125.43,127.12,124.11
02/05/2024,124.5,"604,503",125.39,125.99,123.85
02/02/2024,126.14,"911,386",122.0,127.33,122.0
02/01/2024,122.62,"574,023",121.76,122.89,119.76
01/31/2024,121.48,"670,965",121.93,123.76,121.13
01/30/2024,122.25,"921,877",122.6,123.51,122.0362
01/29/2024,122.61,"711,256",121.07,122.63,121.0
01/26/2024,121.15,"593,184",121.08,121.84,120.6
01/25/2024,120.67,"704,274",118.49,120.87,117.47
01/24/2024,117.47,"762,671",118.95,118.95,116.8649
01/23/2024,117.53,"726,104",118.9,119.225,117.05
01/22/2024,118.7,"680,681",117.35,118.76,117.21
01/19/2024,116.43,"826,248",114.88,116.52,113.66
01/18/2024,114.19,"1,210,311",116.51,116.645,112.83
01/17/2024,115.69,"543,896",114.94,117.16,114.54
01/16/2024,116.93,"640,688",117.1,117.64,115.63
01/12/2024,118.09,"631,700",119.2,119.49,117.49
01/11/2024,118.32,"739,244",119.16,119.16,115.65
01/10/2024,118.67,"933,886",116.03,119.19,115.8954
01/09/2024,115.78,"1,041,505",116.99,117.29,114.68
01/08/2024,118.95,"501,303",117.91,118.97,117.33
01/05/2024,117.05,"602,166",116.0,118.8886,116.0
01/04/2024,116.48,"696,863",115.94,118.75,115.94
01/03/2024,115.56,"835,391",114.65,116.51,113.0
01/02/2024,115.46,"953,385",117.8,117.95,114.705
12/29/2023,118.92,"374,849",119.88,120.3799,118.8
12/28/2023,119.88,"449,836",120.18,120.99,118.8
12/27/2023,119.03,"384,643",118.54,119.11,117.96
12/26/2023,118.31,"579,388",116.2,118.4,115.47
12/22/2023,115.8,"415,412",115.75,116.81,115.53
12/21/2023,115.18,"559,764",115.01,115.798,114.41
12/20/2023,114.21,"1,018,170",116.6,117.5,113.84
12/19/2023,117.2,"1,160,328",117.55,118.5,116.53
12/18/2023,117.48,"808,537",116.28,117.71,115.53
12/15/2023,116.65,"2,162,786",114.06,117.33,114.01
12/14/2023,114.1,"1,720,666",114.58,115.74,113.2
12/13/2023,113.95,"1,603,732",112.32,115.15,112.03
12/12/2023,112.12,"607,342",110.82,112.66,110.41
12/11/2023,110.72,"379,702",111.06,111.9899,110.52
12/08/2023,110.64,"623,764",108.03,111.29,108.03
12/07/2023,108.3,"601,471",107.82,109.0,107.82
12/06/2023,107.92,"830,822",110.18,111.06,107.69
12/05/2023,109.62,"718,762",109.3,110.145,108.24
12/04/2023,109.4,"817,349",111.26,111.59,108.2
12/01/2023,111.81,"1,085,938",111.83,112.37,110.77
11/30/2023,112.25,"1,044,530",111.16,112.41,110.89
11/29/2023,111.15,"1,143,161",110.6,111.87,109.955
11/28/2023,109.69,"1,373,113",108.96,110.09,108.77
11/27/2023,108.93,"1,039,403",108.73,110.0,107.9
11/24/2023,109.22,"427,194",108.98,110.0299,108.75
11/22/2023,108.82,"568,254",108.69,109.24,107.89
11/21/2023,107.88,"690,960",107.74,108.7433,105.885
11/20/2023,108.39,"930,407",107.29,109.1,106.7
11/17/2023,107.08,"1,500,254",102.2,107.13,101.5
11/16/2023,101.98,"1,546,493",103.74,104.2799,101.44
11/15/2023,103.79,"2,327,702",109.0,109.53,103.68
11/14/2023,109.82,"971,133",108.59,110.73,108.28
11/13/2023,108.58,"653,473",107.48,109.24,107.48
11/10/2023,107.75,"638,758",106.47,107.82,105.28
11/09/2023,105.69,"474,591",106.57,107.94,105.54
11/08/2023,105.8,"525,575",105.37,106.47,104.915
11/07/2023,104.83,"548,427",104.67,106.26,104.415
11/06/2023,104.04,"962,485",107.04,107.355,103.065
11/03/2023,107.07,"1,093,733",104.45,107.58,104.45
11/02/2023,103.53,"1,115,749",103.07,104.09,101.94
11/01/2023,101.71,"1,563,826",98.68,101.79,97.965
10/31/2023,98.59,"2,663,725",96.51,102.99,96.0
10/30/2023,101.42,"1,144,057",102.14,102.67,100.835
10/27/2023,100.84,"933,124",101.48,102.245,99.27
10/26/2023,101.59,"866,024",101.21,103.0,101.21
10/25/2023,101.27,"769,320",103.59,104.19,101.09
10/24/2023,104.4,"857,006",102.02,105.23,101.13
10/23/2023,100.99,"765,002",101.25,103.09,100.78
10/20/2023,102.2,"919,262",104.92,105.38,101.76
10/19/2023,105.13,"929,633",107.58,108.37,104.71
10/18/2023,107.66,"1,147,640",108.39,108.825,106.89
10/17/2023,109.52,"907,386",108.81,110.45,108.575
10/16/2023,110.04,"754,463",109.34,110.79,108.6055
10/13/2023,108.53,"895,284",109.55,110.185,107.96
10/12/2023,109.43,"831,001",111.67,112.15,109.2
10/11/2023,111.14,"983,806",110.69,112.04,110.06
10/10/2023,110.28,"770,306",109.56,111.68,109.56
10/09/2023,109.26,"980,471",107.27,109.87,107.01
10/06/2023,108.42,"1,950,458",105.37,109.575,105.37
10/05/2023,105.94,"1,766,272",102.48,106.45,102.48
10/04/2023,102.37,"900,388",100.25,102.56,100.155
10/03/2023,100.02,"1,123,614",102.0,102.2,98.83
10/02/2023,102.44,"810,044",103.54,103.69,101.94
09/29/2023,102.87,"1,076,013",105.31,106.01,102.52
09/28/2023,104.89,"690,751",103.63,105.32,103.38
09/27/2023,103.71,"807,586",103.34,104.42,102.89
09/26/2023,102.88,"907,361",104.9,105.45,102.85
09/25/2023,105.7,"835,162",104.11,105.94,104.05
09/22/2023,104.56,"807,369",105.17,105.85,103.94
09/21/2023,104.74,"1,442,153",105.0,105.74,104.02
09/20/2023,106.26,"992,750",104.85,107.37,104.85
09/19/2023,104.64,"509,577",105.3,105.68,104.53
09/18/2023,105.35,"776,076",104.93,105.62,103.74
09/15/2023,105.1,"1,860,487",104.44,105.38,103.7
09/14/2023,104.97,"976,300",105.14,105.26,104.11
09/13/2023,105.37,"1,254,561",105.69,106.23,104.68
09/12/2023,105.62,"1,051,610",105.14,106.475,105.14
09/11/2023,105.6,"1,243,341",106.44,106.77,105.05
09/08/2023,105.96,"1,238,338",103.0,106.02,102.695
09/07/2023,103.21,"893,219",101.0,103.49,100.26
09/06/2023,101.72,"934,764",102.7,103.23,101.28
09/05/2023,103.33,"1,472,172",103.19,104.13,102.02
09/01/2023,103.18,"746,994",104.02,104.49,103.16
08/31/2023,103.44,"846,241",103.23,103.745,102.895
08/30/2023,102.91,"820,543",102.0,103.71,101.77
08/29/2023,101.94,"735,438",100.47,102.3,100.09
08/28/2023,100.79,"519,585",100.5,101.47,100.49
08/25/2023,99.97,"657,192",100.07,100.49,98.73
08/24/2023,99.68,"720,499",100.0,100.74,99.0
08/23/2023,99.62,"858,881",98.7,99.725,98.185
08/22/2023,98.5,"601,868",98.94,99.21,98.07
08/21/2023,98.21,"647,521",99.26,99.68,97.56
08/18/2023,99.19,"857,025",97.0,99.29,96.11
08/17/2023,97.55,"902,746",98.08,98.29,96.99
08/16/2023,97.48,"745,517",97.54,97.91,97.13
08/15/2023,97.5,"2,108,901",100.77,100.865,97.301
08/14/2023,101.53,"909,436",99.33,101.7499,99.2604
08/11/2023,99.47,"629,453",100.97,101.44,99.0
08/10/2023,101.5,"861,680",100.65,103.11,100.65
08/09/2023,100.17,"566,770",100.45,101.48,100.02
08/08/2023,100.2,"1,200,871",100.82,100.82,98.945
08/07/2023,102.19,"815,302",101.36,102.19,100.145
08/04/2023,100.24,"1,276,441",100.49,101.85,99.5
08/03/2023,99.8,"938,583",99.89,100.845,99.56
08/02/2023,100.45,"1,069,497",100.85,101.57,99.59
08/01/2023,102.27,"1,594,048",99.41,103.41,98.73
07/31/2023,99.22,"1,192,625",99.29,100.0,98.17
07/28/2023,99.04,"662,215",99.9,100.23,98.58
07/27/2023,98.8,"565,855",101.11,101.3,98.64
07/26/2023,100.59,"913,015",101.18,101.65,100.34
07/25/2023,101.39,"1,014,936",100.23,102.58,100.19
07/24/2023,100.47,"450,038",101.18,101.995,100.12
07/21/2023,101.54,"458,325",102.68,102.88,101.52
07/20/2023,102.18,"657,101",101.27,102.77,101.07
07/19/2023,102.07,"763,220",101.71,103.02,101.22
07/18/2023,101.75,"1,013,722",102.09,102.96,101.62
07/17/2023,100.95,"640,950",100.75,101.69,100.3401
07/14/2023,101.04,"789,637",101.46,102.04,99.751
07/13/2023,101.1,"1,095,751",97.87,101.14,97.165
07/12/2023,96.66,"690,304",97.17,97.74,96.14
07/11/2023,95.5,"715,233",94.11,96.46,93.69
07/10/2023,93.72,"569,030",94.09,94.88,93.65
07/07/2023,94.88,"644,076",93.3,95.23,93.3
07/06/2023,93.78,"701,342",94.42,94.745,92.95
07/05/2023,95.68,"576,366",96.51,96.51,95.44
07/03/2023,96.51,"352,977",95.89,97.08,95.59
06/30/2023,96.35,"982,715",96.44,97.34,96.15
06/29/2023,95.63,"1,118,619",94.42,95.7,94.24
06/28/2023,94.24,"522,628",92.76,94.49,92.43
06/27/2023,93.02,"1,182,569",92.04,94.37,91.81
06/26/2023,91.71,"759,478",90.49,92.9,90.49
06/23/2023,90.41,"1,404,215",91.5,92.21,90.29
06/22/2023,92.6,"766,797",92.75,93.39,91.84
06/21/2023,93.14,"758,463",93.12,93.695,92.42
06/20/2023,93.38,"799,970",93.25,94.06,92.66
06/16/2023,94.43,"1,798,432",95.42,95.42,94.36
06/15/2023,95.27,"1,248,530",92.86,95.31,92.51
06/14/2023,94.17,"2,068,091",95.0,95.03,93.53
06/13/2023,94.82,"4,143,295",93.61,95.13,92.56
06/12/2023,92.92,"1,172,190",91.71,93.575,91.48
06/09/2023,92.22,"776,745",92.14,92.75,91.02
06/08/2023,91.96,"996,007",90.87,92.0,89.89
06/07/2023,90.56,"1,677,474",91.29,91.915,89.77
06/06/2023,91.45,"1,628,093",89.0,91.53,88.5
06/05/2023,89.14,"739,294",88.53,89.44,87.43
06/02/2023,89.29,"1,400,084",88.8,90.055,88.8
06/01/2023,88.0,"1,242,404",87.09,88.6,86.9138
05/31/2023,87.09,"1,308,847",86.97,87.6,85.35
05/30/2023,87.36,"1,192,903",85.71,87.52,85.36
05/26/2023,85.2,"1,194,026",84.72,85.59,83.75
05/25/2023,84.28,"799,386",84.02,84.805,82.89
05/24/2023,83.37,"1,219,568",83.82,84.07,81.88
05/23/2023,84.74,"966,418",85.59,86.46,84.07
05/22/2023,85.13,"826,366",83.56,85.15,83.345
05/19/2023,83.64,"610,753",83.31,83.94,82.53
05/18/2023,83.11,"936,411",83.27,83.54,81.785
05/17/2023,83.2,"780,002",82.29,83.65,81.705
05/16/2023,81.41,"503,620",82.72,82.81,81.1
05/15/2023,83.27,"641,477",82.07,83.48,81.76
05/12/2023,82.02,"653,092",81.82,82.02,80.45
05/11/2023,81.49,"778,411",81.47,81.86,80.07
05/10/2023,81.62,"854,895",81.04,81.72,80.23
05/09/2023,80.5,"927,650",81.23,81.47,80.37
05/08/2023,81.96,"1,115,915",82.2,83.86,81.6
05/05/2023,81.95,"846,213",80.77,82.16,80.42
05/04/2023,79.53,"1,406,158",82.01,82.01,77.97
05/03/2023,82.09,"921,412",82.17,83.745,81.84
05/02/2023,82.46,"1,707,188",84.81,84.9,81.63
05/01/2023,85.57,"1,974,689",88.18,90.28,85.21
04/28/2023,87.59,"1,351,709",82.18,88.005,81.33
04/27/2023,83.45,"1,097,087",82.46,83.79,81.47
04/26/2023,81.63,"782,518",83.01,83.76,81.33
04/25/2023,83.27,"773,622",86.28,86.51,82.78
04/24/2023,86.85,"536,585",86.83,87.26,86.07
04/21/2023,86.6,"722,155",86.27,86.89,85.36
04/20/2023,86.26,"800,128",85.88,86.8099,85.53
04/19/2023,86.89,"1,251,658",85.13,87.045,85.13
04/18/2023,85.82,"1,573,567",83.14,86.27,82.93
04/17/2023,82.95,"926,421",82.41,83.15,82.01
04/14/2023,82.86,"650,300",84.95,85.25,82.15
04/13/2023,84.63,"803,364",82.17,84.73,81.835
04/12/2023,81.65,"918,739",81.52,82.15,80.57
04/11/2023,80.55,"835,865",80.9,82.025,80.14
04/10/2023,80.54,"796,698",79.26,80.67,78.93
04/06/2023,79.71,"622,313",78.85,79.9,78.63
04/05/2023,79.22,"785,875",79.96,80.79,78.88
04/04/2023,80.87,"791,071",82.55,83.05,80.36
04/03/2023,82.27,"744,225",82.78,84.005,81.965
03/31/2023,83.44,"652,103",82.1,83.52,81.805
03/30/2023,81.32,"605,893",82.27,82.385,81.3
03/29/2023,81.4,"703,150",80.93,81.44,79.82
03/28/2023,80.1,"619,270",81.24,81.62,79.48
03/27/2023,81.09,"912,865",80.89,82.04,80.47
03/24/2023,80.4,"1,691,643",79.13,80.98,77.5
03/23/2023,80.39,"2,044,175",79.59,82.29,79.56
03/22/2023,78.99,"1,863,062",78.82,81.595,78.23
03/21/2023,78.52,"783,094",75.16,78.69,75.03
03/20/2023,74.74,"835,599",75.57,75.99,73.965
03/17/2023,75.05,"1,816,334",75.85,76.3098,74.44
03/16/2023,76.27,"1,130,007",73.81,77.12,73.22
03/15/2023,75.36,"1,669,827",73.53,75.66,73.34
03/14/2023,75.67,"1,629,276",75.03,76.275,73.94
03/13/2023,72.73,"2,595,210",72.22,74.445,71.36
03/10/2023,74.51,"2,734,470",79.36,79.36,74.07
03/09/2023,79.93,"950,074",83.29,83.92,79.8
03/08/2023,83.29,"566,978",82.38,83.61,82.175
03/07/2023,82.31,"688,678",83.32,83.775,81.75
03/06/2023,83.73,"930,263",83.08,85.01,83.08
03/03/2023,83.12,"966,588",81.15,83.39,80.5
03/02/2023,81.16,"747,481",79.85,81.16,79.65
03/01/2023,80.73,"891,381",80.19,81.06,80.0
02/28/2023,80.63,"1,203,061",80.51,81.27,80.21
02/27/2023,80.15,"684,143",81.25,81.66,79.945
02/24/2023,80.17,"761,011",80.26,80.87,79.885
02/23/2023,81.97,"633,890",81.7,82.21,80.8
02/22/2023,80.83,"567,151",80.65,81.51,80.3
02/21/2023,80.52,"802,707",81.48,82.04,79.8
02/17/2023,83.11,"512,509",83.21,83.8576,82.545
02/16/2023,83.5,"572,051",82.13,84.83,81.8
02/15/2023,83.65,"1,311,158",83.27,84.0,82.72
02/14/2023,83.93,"1,275,997",84.84,85.64,83.88
02/13/2023,84.96,"1,689,219",86.2,86.43,84.79
02/10/2023,85.34,"832,989",83.46,86.22,82.87
02/09/2023,83.38,"1,728,717",87.5,87.5,82.77
02/08/2023,85.54,"1,329,963",85.32,85.9,84.66
02/07/2023,85.85,"840,741",84.19,85.87,83.6
02/06/2023,84.62,"1,094,544",83.55,84.87,83.04
02/03/2023,85.03,"1,124,880",83.07,85.67,83.07
02/02/2023,84.63,"1,919,555",85.76,86.1334,83.6
02/01/2023,84.66,"855,928",82.63,85.39,82.57
01/31/2023,82.99,"692,661",81.26,83.01,80.79
01/30/2023,81.18,"806,132",81.89,82.73,81.17
01/27/2023,82.9,"1,137,215",80.86,83.12,80.79
01/26/2023,81.21,"803,884",79.09,81.615,78.644
01/25/2023,78.4,"518,287",77.47,78.49,76.44
01/24/2023,78.56,"410,357",79.02,79.6699,78.2
01/23/2023,79.64,"939,919",79.16,80.34,78.6
01/20/2023,78.63,"885,174",76.42,78.69,76.17
01/19/2023,75.93,"954,528",77.15,77.42,74.97
01/18/2023,77.97,"915,660",78.6,79.28,77.78
01/17/2023,78.07,"817,961",77.3,78.45,77.3
01/13/2023,77.47,"751,340",76.34,77.68,75.42
01/12/2023,76.75,"1,331,261",74.7,77.08,73.9448
01/11/2023,74.06,"900,736",72.7,74.115,72.47
01/10/2023,72.43,"889,347",71.64,72.63,71.28
01/09/2023,71.81,"820,594",69.9,72.41,69.44
01/06/2023,69.13,"1,077,777",68.26,69.62,67.41
01/05/2023,67.46,"1,165,689",68.84,69.02,67.29
01/04/2023,69.4,"1,005,718",68.79,69.87,68.15
01/03/2023,68.35,"812,989",69.44,70.02,67.475
12/30/2022,68.44,"844,828",67.86,68.9694,67.35
12/29/2022,68.67,"692,046",66.93,68.7,66.515
12/28/2022,66.32,"698,971",66.63,67.1,66.13
12/27/2022,66.93,"846,647",68.0,68.185,66.81
12/23/2022,67.69,"527,312",66.64,67.94,66.56
12/22/2022,67.27,"859,471",67.84,68.13,66.04
12/21/2022,68.79,"970,340",67.95,69.13,67.55
12/20/2022,67.42,"1,225,062",66.27,68.04,66.06
12/19/2022,66.57,"1,166,885",67.47,67.9,66.085
12/16/2022,68.14,"1,562,913",67.97,69.12,67.32
12/15/2022,68.99,"2,046,781",70.32,71.18,68.5
12/14/2022,72.46,"1,372,302",73.08,74.02,71.62
12/13/2022,73.43,"1,687,706",73.79,75.46,72.85
12/12/2022,71.1,"1,472,117",69.11,71.15,68.6101
12/09/2022,69.16,"1,233,124",69.16,69.79,68.11
12/08/2022,70.16,"1,357,282",71.18,71.54,69.97
12/07/2022,71.08,"1,209,593",72.28,72.54,70.95
12/06/2022,72.25,"1,403,920",72.28,72.855,70.93
12/05/2022,72.42,"1,588,486",75.43,75.74,71.98
12/02/2022,75.97,"1,789,996",76.71,77.69,75.57
12/01/2022,78.0,"2,393,976",78.0,78.62,74.505
11/30/2022,78.39,"8,507,919",77.94,78.72,76.11
11/29/2022,77.34,"1,349,781",77.47,78.28,77.01
11/28/2022,77.21,"1,163,619",77.51,78.1,76.58
11/25/2022,78.47,"504,830",78.38,79.45,77.98
11/23/2022,79.0,"706,642",78.57,79.6,78.31
11/22/2022,78.46,"1,350,767",77.63,78.745,77.485
11/21/2022,77.64,"1,231,378",76.66,78.39,76.3738
11/18/2022,76.91,"931,694",79.03,79.2375,76.25
11/17/2022,77.89,"1,018,474",77.29,78.93,76.77
11/16/2022,78.93,"1,053,631",79.56,79.62,77.95
11/15/2022,80.26,"1,124,242",81.51,82.29,79.47
11/14/2022,79.53,"1,880,556",83.89,83.89,78.21
11/11/2022,84.1,"1,900,829",85.56,86.06,82.27
11/10/2022,85.05,"2,503,001",83.4,85.05,82.72
11/09/2022,79.15,"1,084,322",79.04,80.65,78.57
11/08/2022,80.01,"1,605,238",80.0,80.5,78.77
11/07/2022,79.6,"688,491",79.96,79.96,78.22
11/04/2022,78.45,"780,632",78.43,79.68,77.36
11/03/2022,77.0,"1,390,000",75.98,78.2,75.44
11/02/2022,76.63,"1,198,608",77.63,79.585,76.21
11/01/2022,78.09,"1,288,277",77.17,78.64,76.28
10/31/2022,75.83,"1,125,272",76.75,77.36,75.82
10/28/2022,76.89,"1,432,336",74.55,77.115,73.83
10/27/2022,74.12,"2,256,965",71.8,74.885,69.79
10/26/2022,72.17,"1,632,529",71.79,74.08,71.485
10/25/2022,71.87,"1,601,959",69.47,71.87,69.47
10/24/2022,68.93,"1,292,146",68.86,69.51,66.99
10/21/2022,68.37,"950,643",66.37,68.49,65.29
10/20/2022,66.35,"1,936,755",65.89,68.85,65.46
10/19/2022,65.85,"1,999,545",65.98,66.61,65.01
10/18/2022,66.92,"1,436,488",66.82,68.14,65.95
10/17/2022,64.44,"788,181",62.89,64.61,62.87
10/14/2022,61.08,"598,001",63.23,64.13,60.77
10/13/2022,62.84,"984,325",59.95,63.42,58.6
10/12/2022,61.67,"1,278,004",61.44,62.095,60.3
10/11/2022,61.46,"1,641,269",63.3,63.86,60.41
10/10/2022,63.77,"678,998",65.39,65.4,62.97
10/07/2022,65.19,"703,431",66.11,66.42,64.745
10/06/2022,67.22,"1,052,025",67.96,68.8562,66.6
10/05/2022,68.2,"614,620",67.3,68.67,66.4
10/04/2022,68.67,"1,003,520",65.61,68.78,65.47
10/03/2022,64.02,"1,934,948",62.67,64.36,61.21
09/30/2022,61.95,"1,419,177",62.78,63.64,61.75
09/29/2022,62.45,"1,456,567",63.83,64.0,61.59
09/28/2022,65.23,"1,467,511",64.57,65.77,63.44
09/27/2022,64.08,"1,238,971",65.09,65.6,63.6
09/26/2022,63.74,"1,668,502",64.63,66.57,63.64
09/23/2022,65.22,"2,289,907",65.84,65.92,63.55
09/22/2022,67.18,"1,698,473",71.14,71.14,67.15
09/21/2022,71.17,"645,652",74.42,74.7205,71.1
09/20/2022,73.72,"718,862",75.35,75.48,73.21
09/19/2022,75.96,"801,613",73.61,76.03,73.61
09/16/2022,74.66,"2,120,070",75.0,75.17,73.57
09/15/2022,76.21,"976,869",76.24,77.425,75.64
09/14/2022,76.8,"847,292",76.64,77.04,75.64
09/13/2022,76.11,"756,631",76.63,77.37,75.48
09/12/2022,78.82,"900,055",79.23,79.5,77.6
09/09/2022,78.74,"769,897",77.86,79.19,77.49
09/08/2022,77.58,"734,241",74.37,77.68,74.3
09/07/2022,75.23,"667,463",73.34,75.425,72.77
09/06/2022,73.08,"875,580",72.74,73.35,70.57
09/02/2022,72.75,"840,001",74.23,74.805,72.31
09/01/2022,73.12,"1,026,238",73.27,73.325,72.16
08/31/2022,74.14,"788,230",74.64,75.93,73.8
08/30/2022,73.53,"1,002,297",74.09,74.115,72.325
08/29/2022,73.33,"758,099",74.07,74.49,73.15
08/26/2022,75.07,"877,006",78.13,78.49,75.02
08/25/2022,78.13,"596,173",76.48,78.14,76.04
08/24/2022,75.74,"805,970",75.4,76.83,74.808
08/23/2022,75.51,"882,900",73.88,75.84,73.88
08/22/2022,73.84,"815,919",73.43,74.045,72.685
08/19/2022,74.88,"923,344",76.02,76.15,74.53
08/18/2022,77.54,"1,156,565",76.84,78.55,76.84
08/17/2022,76.49,"809,072",74.14,76.58,73.955
08/16/2022,75.58,"1,608,318",74.81,75.975,74.02
08/15/2022,75.48,"907,852",74.99,76.83,74.99
08/12/2022,75.12,"821,229",75.46,76.17,74.735
08/11/2022,74.94,"656,936",75.63,76.02,74.57
08/10/2022,74.64,"664,685",73.56,75.57,72.72
08/09/2022,72.1,"618,052",72.67,73.25,71.75
08/08/2022,73.33,"487,003",73.94,74.86,72.9209
08/05/2022,73.33,"356,057",72.66,74.5299,72.66
08/04/2022,73.94,"621,306",73.72,74.19,72.76
08/03/2022,73.58,"467,197",73.59,74.2,72.91
08/02/2022,72.64,"1,126,367",72.08,73.36,70.97
08/01/2022,72.77,"871,177",71.36,74.1,71.0
07/29/2022,71.65,"1,374,452",71.54,73.45,71.44
07/28/2022,71.28,"1,622,872",66.29,71.83,65.8159
07/27/2022,66.02,"964,714",65.23,66.22,64.395
07/26/2022,64.1,"700,855",65.1,65.19,63.47
07/25/2022,65.23,"765,594",65.23,65.28,64.01
07/22/2022,65.14,"422,197",65.9,66.9644,64.21
07/21/2022,65.55,"670,016",64.09,65.78,62.59
07/20/2022,64.23,"566,504",62.83,64.75,62.53
07/19/2022,62.67,"694,021",61.49,62.71,61.23
07/18/2022,60.52,"561,275",61.72,62.19,60.18
07/15/2022,60.69,"409,575",59.67,60.86,58.84
07/14/2022,58.61,"452,737",57.95,59.07,57.1501
07/13/2022,59.21,"834,320",59.0,59.985,57.79
07/12/2022,60.34,"592,152",59.41,61.8469,59.2
07/11/2022,59.75,"984,793",60.16,60.68,59.46
07/08/2022,60.85,"501,876",61.0,61.705,60.07
07/07/2022,61.2,"903,274",59.98,61.58,59.83
07/06/2022,59.38,"1,214,030",60.0,60.81,58.915
07/05/2022,60.03,"814,267",57.13,60.03,56.49
07/01/2022,58.55,"749,956",56.74,58.75,56.4296
06/30/2022,56.86,"1,041,906",56.34,57.58,55.4525
06/29/2022,57.43,"970,018",58.96,59.3799,56.92
06/28/2022,58.9,"647,723",60.84,61.94,58.7
06/27/2022,60.42,"542,861",60.32,60.835,58.76
06/24/2022,59.93,"1,430,226",58.5,59.98,58.105
06/23/2022,57.62,"679,779",56.98,57.83,55.89
06/22/2022,56.36,"2,098,373",55.05,56.94,55.05
06/21/2022,56.08,"1,601,269",55.74,56.88,55.26
06/17/2022,54.52,"2,793,321",53.8,55.715,53.75
06/16/2022,53.71,"2,570,049",56.95,57.38,53.15
06/15/2022,58.66,"1,595,478",59.28,59.76,57.51
06/14/2022,59.09,"1,500,875",59.01,59.99,58.1
06/13/2022,58.89,"2,210,931",62.79,63.34,58.44
06/10/2022,65.75,"1,082,121",68.68,68.93,65.65
06/09/2022,70.47,"494,006",72.01,72.06,70.47
06/08/2022,72.51,"416,481",72.25,73.725,71.94
06/07/2022,73.18,"590,966",72.65,73.815,72.03
06/06/2022,73.37,"663,494",74.15,75.44,73.08
06/03/2022,73.32,"978,530",71.02,73.75,70.825
06/02/2022,72.4,"773,597",70.0,72.81,69.33
06/01/2022,69.84,"613,415",71.17,72.25,68.76
05/31/2022,71.17,"887,199",72.23,72.45,70.2
05/27/2022,72.71,"444,618",71.29,72.915,70.98
05/26/2022,70.46,"659,751",67.68,70.68,67.68
05/25/2022,67.78,"466,126",65.54,68.33,65.54
05/24/2022,66.4,"440,632",67.11,67.84,64.69
05/23/2022,68.19,"806,209",67.7,68.55,66.63
05/20/2022,66.76,"946,861",67.64,68.05,65.04
05/19/2022,66.68,"516,011",66.59,68.0,65.75
05/18/2022,66.79,"525,695",68.02,69.35,66.1
05/17/2022,69.79,"454,991",69.21,70.12,67.27
05/16/2022,67.26,"586,375",67.86,68.735,67.19
05/13/2022,68.53,"928,677",65.07,68.75,65.07
05/12/2022,63.85,"1,022,435",62.33,64.67,61.62
05/11/2022,63.03,"1,477,910",64.32,66.02,62.85
05/10/2022,64.45,"979,179",64.84,65.74,61.77
05/09/2022,63.29,"894,870",65.75,67.74,62.99
05/06/2022,67.89,"858,716",68.72,68.845,66.41
05/05/2022,69.21,"862,085",70.7,71.61,68.01
05/04/2022,72.0,"926,944",69.39,72.232,67.64
05/03/2022,69.3,"879,849",67.52,69.6299,66.53
05/02/2022,67.62,"1,360,334",66.22,68.5899,65.6
04/29/2022,66.22,"1,170,441",70.39,70.92,66.08
04/28/2022,71.0,"1,096,964",70.71,71.575,67.39
04/27/2022,70.28,"800,028",71.74,72.89,70.24
04/26/2022,71.69,"1,274,180",75.65,75.65,71.52
04/25/2022,76.54,"785,629",74.71,76.7915,73.205
04/22/2022,75.62,"961,112",77.22,77.64,74.75
04/21/2022,77.61,"879,912",82.25,83.42,77.25
04/20/2022,82.01,"668,139",79.78,82.45,79.78
04/19/2022,80.21,"676,448",76.51,80.73,76.425
04/18/2022,76.67,"587,619",76.59,77.27,75.8
04/14/2022,77.3,"546,710",78.82,79.61,77.28
04/13/2022,78.65,"588,216",76.4,78.8,76.4
04/12/2022,76.0,"721,058",77.84,79.23,75.49
04/11/2022,77.05,"1,032,056",79.29,79.39,76.9401
04/08/2022,80.37,"666,528",79.68,81.555,79.58
04/07/2022,80.0,"641,944",78.63,80.42,77.96
04/06/2022,79.45,"719,134",80.49,80.73,77.715
04/05/2022,81.38,"1,113,316",84.08,84.69,79.93
04/04/2022,84.38,"771,134",83.38,85.48,83.38
04/01/2022,83.04,"471,552",82.23,83.42,81.56
03/31/2022,81.23,"716,476",82.0,82.865,81.16
03/30/2022,81.69,"815,321",82.11,83.25,81.19
03/29/2022,82.71,"678,059",80.76,83.48,80.75
03/28/2022,79.63,"383,303",79.18,80.09,78.13
03/25/2022,79.09,"678,518",79.23,80.14,77.88
03/24/2022,79.14,"547,515",79.07,79.5464,77.83
03/23/2022,78.67,"390,911",79.82,80.53,78.43
03/22/2022,80.29,"1,217,435",79.04,81.66,78.49
03/21/2022,78.43,"1,118,888",80.3,81.2,77.84
03/18/2022,80.6,"1,403,769",76.54,80.89,76.54
03/17/2022,77.06,"1,197,927",74.76,77.77,74.72
03/16/2022,75.46,"1,427,333",71.76,75.7,71.76
03/15/2022,71.26,"516,850",70.83,72.095,70.025
03/14/2022,69.96,"719,017",71.25,72.21,69.35
03/11/2022,71.25,"632,102",72.57,73.11,70.74
03/10/2022,71.37,"735,526",69.28,71.7,69.2
03/09/2022,70.94,"554,147",68.74,71.99,68.6
03/08/2022,66.37,"1,361,718",67.87,68.65,65.61
03/07/2022,67.93,"1,164,670",74.14,74.72,67.82
03/04/2022,74.66,"806,378",76.81,77.27,74.13
03/03/2022,77.42,"1,388,340",81.15,81.15,76.105
03/02/2022,82.21,"809,730",80.64,82.75,79.26
03/01/2022,79.18,"989,367",80.61,81.7,78.87
02/28/2022,81.09,"1,080,486",78.8,81.66,78.8
02/25/2022,79.72,"794,159",75.89,79.93,75.89
02/24/2022,75.53,"1,149,565",71.29,75.94,70.36
02/23/2022,73.39,"463,106",76.36,77.14,73.33
02/22/2022,75.52,"662,185",75.93,76.745,75.2
02/18/2022,76.95,"511,493",78.94,79.52,76.76
02/17/2022,79.01,"775,603",81.71,82.55,78.47
02/16/2022,82.41,"812,023",80.05,82.81,80.05
02/15/2022,80.82,"1,043,116",80.39,82.22,79.5
02/14/2022,78.64,"1,199,289",80.11,81.8,78.12
02/11/2022,79.9,"1,285,526",82.13,83.73,79.73
02/10/2022,80.46,"1,265,699",79.72,82.97,78.69
02/09/2022,81.27,"1,003,822",79.44,81.35,79.44
02/08/2022,78.44,"762,961",78.61,79.13,77.66
02/07/2022,78.9,"529,972",79.11,80.19,77.78
02/04/2022,79.39,"706,995",77.96,80.04,77.05
02/03/2022,78.27,"1,058,603",78.59,80.1899,77.94
02/02/2022,80.71,"1,910,654",78.05,80.9,76.99
02/01/2022,77.61,"994,809",79.88,80.23,77.6
01/31/2022,79.72,"804,906",74.49,79.74,74.23
01/28/2022,74.16,"832,026",72.54,74.24,71.62
01/27/2022,72.96,"901,284",72.92,75.14,72.08
01/26/2022,71.82,"516,982",73.13,74.21,71.35
01/25/2022,71.99,"731,218",72.38,73.35,71.07
01/24/2022,72.64,"1,402,430",70.93,72.98,69.21
01/21/2022,72.75,"702,782",73.29,74.1,71.9
01/20/2022,74.12,"671,072",75.2,76.175,73.97
01/19/2022,74.81,"765,819",76.17,76.235,74.67
01/18/2022,75.86,"770,150",76.29,76.41,75.14
01/14/2022,77.12,"752,683",75.28,77.22,74.83
01/13/2022,76.57,"591,759",78.42,78.92,76.2441
01/12/2022,78.05,"517,531",79.32,79.87,77.94
01/11/2022,78.49,"618,500",75.09,78.57,74.78
01/10/2022,74.69,"615,617",74.11,75.02,72.68
01/07/2022,75.0,"688,273",74.09,75.96,73.83
01/06/2022,73.94,"1,023,101",74.0,74.54,72.75
01/05/2022,74.1,"640,340",79.14,79.69,74.04
01/04/2022,78.99,"567,768",79.46,80.87,77.53
01/03/2022,79.19,"361,794",81.08,81.47,78.65
12/31/2021,81.27,"447,228",81.2,81.7338,80.41
12/30/2021,81.05,"322,699",80.95,82.55,80.95
12/29/2021,80.92,"310,129",82.44,82.81,80.72
12/28/2021,82.04,"353,141",82.97,84.1,82.0
12/27/2021,82.8,"473,429",82.54,83.68,82.03
12/23/2021,81.36,"468,053",78.98,81.94,78.9
12/22/2021,79.0,"469,286",76.73,79.12,76.61
12/21/2021,76.94,"746,574",74.43,77.32,73.61
12/20/2021,73.61,"874,374",75.33,75.53,72.835
12/17/2021,76.69,"1,345,118",74.6,77.37,74.39
12/16/2021,75.35,"890,745",78.71,79.28,75.13
12/15/2021,77.72,"718,605",77.1,77.89,75.71
12/14/2021,76.67,"1,152,551",76.68,77.56,76.0
12/13/2021,77.71,"562,776",78.26,78.36,77.3
12/10/2021,78.69,"454,295",80.89,81.14,78.06
12/09/2021,79.95,"518,180",79.77,80.7,79.5
12/08/2021,80.25,"547,175",80.4,81.11,79.12
12/07/2021,80.6,"506,581",82.16,83.13,80.37
12/06/2021,80.69,"698,925",80.4,81.02,78.17
12/03/2021,79.89,"665,622",83.63,84.67,79.0
12/02/2021,83.22,"576,109",80.85,84.42,80.815
12/01/2021,81.05,"625,152",82.5,84.53,81.05
11/30/2021,81.16,"740,142",81.615,82.66,80.76
11/29/2021,82.23,"545,418",83.27,83.71,82.05
11/26/2021,82.17,"509,279",82.91,83.74,81.22
11/24/2021,84.36,"398,633",84.77,85.31,84.01
11/23/2021,85.58,"1,587,633",87.34,87.82,84.3902
11/22/2021,87.5,"522,652",89.02,89.25,87.32
11/19/2021,88.3,"350,275",88.92,89.0,87.915
11/18/2021,88.83,"534,073",89.5,90.08,88.09
11/17/2021,88.84,"984,769",87.25,89.35,86.13
11/16/2021,87.21,"329,759",86.24,87.33,86.0196
11/15/2021,86.48,"235,327",86.87,86.9555,86.02
11/12/2021,86.53,"397,361",86.33,87.24,85.67
11/11/2021,86.03,"638,437",87.52,87.74,85.87
11/10/2021,86.95,"758,800",87.05,87.74,86.445
11/09/2021,87.47,"523,571",86.0,88.16,86.0
11/08/2021,86.11,"533,655",85.81,86.11,84.865
11/05/2021,85.66,"443,617",86.36,86.89,85.06
11/04/2021,86.31,"531,682",87.05,87.33,85.53
11/03/2021,86.61,"636,193",84.43,86.9236,84.31
11/02/2021,84.8,"876,349",83.94,84.91,83.25
11/01/2021,83.99,"618,600",85.21,85.39,83.7
10/29/2021,84.74,"639,786",86.03,86.19,84.39
10/28/2021,86.23,"479,264",83.45,86.34,83.45
10/27/2021,82.82,"526,421",82.46,85.195,81.92
10/26/2021,84.5,"1,138,294",83.96,85.9,83.84
10/25/2021,83.59,"622,340",82.21,83.99,82.125
10/22/2021,81.67,"509,472",81.38,81.78,80.42
10/21/2021,81.02,"487,427",79.76,81.02,79.415
10/20/2021,79.67,"363,780",78.95,80.1,78.0
10/19/2021,78.56,"643,609",77.0,78.64,76.75
10/18/2021,76.55,"461,182",76.96,77.8,76.42
10/15/2021,76.73,"509,185",79.31,79.59,76.41
10/14/2021,78.8,"469,913",78.25,78.83,77.035
10/13/2021,77.34,"373,234",76.85,77.65,76.285
10/12/2021,76.62,"252,950",77.12,77.42,76.26
10/11/2021,76.49,"328,819",77.83,78.18,75.98
10/08/2021,77.73,"449,413",77.55,78.41,77.1
10/07/2021,77.23,"606,810",76.36,78.27,76.23
10/06/2021,75.76,"651,970",73.9,76.48,73.75
10/05/2021,74.69,"693,282",73.88,74.89,72.99
10/04/2021,73.25,"664,036",73.98,75.02,72.931
10/01/2021,74.43,"594,677",74.41,75.1,72.51
09/30/2021,73.83,"496,038",74.23,74.97,73.76
09/29/2021,73.73,"635,568",73.88,74.355,72.73
09/28/2021,73.18,"541,264",74.65,74.895,73.15
09/27/2021,75.56,"344,475",77.13,77.4123,75.56
09/24/2021,77.28,"569,802",77.11,77.85,76.35
09/23/2021,77.67,"874,674",77.14,77.75,76.7
09/22/2021,76.54,"626,525",77.0,77.24,76.16
09/21/2021,76.39,"454,625",77.35,77.77,75.995
09/20/2021,76.51,"602,334",77.09,77.49,75.23
09/17/2021,78.7,"3,587,968",79.5,80.03,78.34
09/16/2021,79.98,"405,366",79.38,80.21,78.21
09/15/2021,79.38,"525,936",77.82,79.65,77.43
09/14/2021,78.22,"551,488",79.24,79.24,77.67
09/13/2021,78.72,"727,685",79.15,79.93,77.95
09/10/2021,78.93,"398,274",80.28,80.49,78.845
09/09/2021,79.75,"629,307",79.74,81.16,79.73
09/08/2021,79.99,"668,416",78.94,80.36,78.79
09/07/2021,79.3,"937,769",79.69,80.89,79.3
09/03/2021,79.33,"541,208",78.9,79.58,78.645
09/02/2021,78.82,"523,199",77.8,78.84,77.05
09/01/2021,77.66,"552,399",77.19,78.26,76.51
08/31/2021,77.18,"733,475",76.45,77.48,76.23
08/30/2021,76.13,"528,306",75.23,76.71,75.0
08/27/2021,75.11,"439,197",74.41,75.78,74.41
08/26/2021,74.35,"396,083",73.26,74.85,73.11
08/25/2021,73.41,"623,989",72.94,73.75,72.89
08/24/2021,73.09,"786,650",72.38,73.72,72.38
08/23/2021,72.53,"629,939",71.27,72.65,71.27
08/20/2021,71.16,"974,186",71.06,72.0,70.715
08/19/2021,71.01,"778,038",70.62,71.67,70.15
08/18/2021,71.72,"637,170",72.37,72.56,71.19
08/17/2021,72.36,"2,096,665",73.9,73.9,72.01
08/16/2021,74.39,"1,111,095",74.31,74.77,73.7
08/13/2021,74.49,"906,392",72.46,74.69,72.26
08/12/2021,71.91,"819,660",70.74,72.02,70.0
08/11/2021,71.03,"581,408",72.5,72.5,70.86
08/10/2021,72.04,"487,767",72.77,73.47,72.01
08/09/2021,72.83,"346,586",73.99,73.99,72.5
08/06/2021,73.81,"452,474",73.73,73.97,72.71
08/05/2021,73.62,"722,141",73.18,73.64,72.17
08/04/2021,72.66,"419,838",72.62,73.38,72.24
08/03/2021,72.78,"494,720",71.69,72.81,70.35
08/02/2021,70.89,"666,222",71.99,72.24,70.635
07/30/2021,71.61,"801,203",70.52,71.885,70.3
07/29/2021,70.51,"818,672",68.38,71.135,66.24
07/28/2021,68.69,"598,870",67.62,69.16,67.59
07/27/2021,67.5,"490,454",66.97,67.65,66.74
07/26/2021,66.98,"450,314",66.5,67.12,65.85
07/23/2021,66.51,"428,870",65.35,66.54,65.35
07/22/2021,65.1,"332,621",64.31,65.12,63.65
07/21/2021,64.14,"371,362",63.52,64.35,63.135
07/20/2021,63.21,"452,774",61.86,63.47,61.58
07/19/2021,61.46,"535,838",61.43,62.22,60.84
07/16/2021,62.17,"453,261",63.21,63.62,61.96
07/15/2021,62.95,"768,344",63.28,63.73,62.54
07/14/2021,63.45,"308,481",64.01,64.08,62.72
07/13/2021,63.95,"317,995",64.7,64.94,63.92
07/12/2021,64.86,"408,193",64.83,65.26,64.64
07/09/2021,64.67,"390,152",64.46,64.72,64.13
07/08/2021,63.96,"849,104",63.78,64.13,63.41
07/07/2021,64.82,"497,852",65.2,65.65,64.44
07/06/2021,65.01,"876,464",65.0,65.37,64.33
07/02/2021,64.99,"474,790",64.5,64.99,64.0
07/01/2021,63.9,"542,222",63.67,64.05,63.12
06/30/2021,63.59,"957,276",62.76,63.63,62.54
06/29/2021,63.08,"857,422",64.08,64.32,62.84
06/28/2021,63.67,"1,045,670",62.79,63.77,61.46
06/25/2021,62.71,"3,372,284",60.85,62.79,60.44
06/24/2021,60.55,"936,843",59.61,60.62,59.5
06/23/2021,59.2,"707,918",59.0,59.29,58.66
06/22/2021,58.84,"565,079",58.0,59.07,57.59
06/21/2021,58.13,"1,201,188",57.71,58.43,57.46
06/18/2021,57.19,"1,186,179",57.57,57.605,56.67
06/17/2021,58.0,"866,753",58.66,59.5,57.41
06/16/2021,58.4,"827,728",58.02,58.565,57.58
06/15/2021,58.0,"569,184",57.89,58.5,57.84
06/14/2021,58.64,"364,176",59.38,59.43,58.405
06/11/2021,59.29,"529,992",58.8,59.35,58.8
06/10/2021,58.53,"346,567",58.79,59.17,58.12
06/09/2021,58.79,"457,687",59.11,59.52,58.62
06/08/2021,59.12,"836,954",59.13,59.43,58.49
06/07/2021,57.62,"706,754",56.9,57.88,56.6
06/04/2021,56.57,"336,372",56.48,56.62,56.2
06/03/2021,56.19,"571,058",55.44,56.39,55.01
06/02/2021,55.57,"621,630",55.31,55.825,55.11
06/01/2021,55.29,"1,738,597",55.83,55.89,55.06
05/28/2021,55.18,"650,625",54.9,55.21,54.52
05/27/2021,54.98,"524,383",55.0,55.07,54.63
05/26/2021,54.6,"1,459,208",54.3,54.9,54.28
05/25/2021,54.44,"1,688,593",54.52,54.8,54.22
05/24/2021,54.26,"1,554,338",55.37,55.38,53.63
05/21/2021,55.0,"1,482,406",52.71,55.06,52.19
05/20/2021,52.01,"698,582",51.45,52.17,51.04
05/19/2021,51.19,"585,066",50.89,51.4,50.46
05/18/2021,51.66,"627,152",52.07,52.69,51.61
05/17/2021,51.91,"669,514",52.11,52.46,51.65
05/14/2021,52.41,"442,693",51.69,52.65,51.58
05/13/2021,51.13,"658,634",51.37,51.945,50.8
05/12/2021,51.04,"457,639",52.26,53.04,50.79
05/11/2021,52.46,"1,297,637",52.51,52.9,51.825
05/10/2021,53.3,"2,118,531",53.54,54.26,53.21
05/07/2021,53.66,"1,877,069",53.63,53.99,53.3
05/06/2021,53.71,"2,216,934",52.51,53.8,52.05
05/05/2021,52.51,"1,872,049",51.61,52.79,51.56
05/04/2021,51.48,"2,117,154",51.93,52.28,51.24
05/03/2021,52.11,"1,620,253",52.76,53.09,51.81
04/30/2021,52.52,"2,069,095",54.0,54.35,52.26
04/29/2021,54.27,"1,751,758",56.21,56.7326,53.78
04/28/2021,56.13,"1,272,584",55.99,56.63,55.73
04/27/2021,55.92,"729,592",54.98,55.96,54.84
04/26/2021,54.99,"1,037,820",55.7,56.39,54.87
04/23/2021,55.37,"1,774,278",53.93,55.56,53.1
04/22/2021,54.86,"967,797",55.22,55.68,54.5
04/21/2021,55.07,"699,302",54.02,55.295,54.02
04/20/2021,54.47,"981,290",55.85,55.89,54.175
04/19/2021,56.01,"707,602",55.91,56.105,55.55
04/16/2021,55.89,"683,503",56.06,56.365,55.29
04/15/2021,55.86,"885,051",56.65,56.71,55.69
04/14/2021,56.22,"807,748",56.02,56.44,55.58
04/13/2021,55.86,"764,680",54.95,56.33,54.905
04/12/2021,55.11,"741,347",55.5,55.71,54.56
04/09/2021,55.13,"779,364",55.58,55.95,54.29
04/08/2021,55.34,"1,737,946",56.3,56.3,54.69
04/07/2021,55.65,"2,640,384",55.0,56.31,54.8214
04/06/2021,54.84,"6,072,556",54.09,55.33,53.75
04/05/2021,59.13,"590,805",58.5,59.165,58.27
04/01/2021,57.68,"596,252",56.32,57.7,56.18
03/31/2021,56.03,"1,433,257",54.05,57.335,54.03
03/30/2021,53.13,"357,822",52.74,53.27,52.65
03/29/2021,52.88,"708,022",52.99,53.17,52.47
03/26/2021,53.9,"594,887",53.98,54.275,52.84
03/25/2021,53.97,"661,028",54.59,54.67,53.68
03/24/2021,54.74,"765,744",54.58,55.37,54.46
03/23/2021,54.41,"1,063,406",54.95,55.44,54.09
03/22/2021,54.99,"1,264,667",54.15,55.45,53.79
03/19/2021,54.2,"1,364,644",54.61,55.64,53.98
03/18/2021,54.6,"1,088,657",55.05,55.96,54.37
03/17/2021,55.38,"950,372",54.71,55.57,54.35
03/16/2021,54.68,"499,451",54.94,55.26,54.23
03/15/2021,55.39,"547,371",55.16,55.65,54.36
03/12/2021,55.24,"443,431",54.7,55.54,54.49
03/11/2021,54.8,"688,559",53.94,55.23,53.72
03/10/2021,53.68,"511,713",53.92,54.585,53.4
03/09/2021,53.77,"593,574",52.69,54.58,52.4
03/08/2021,52.49,"806,549",51.5,53.08,51.28
03/05/2021,51.16,"937,557",50.86,51.21,47.77
03/04/2021,50.42,"655,967",51.32,51.53,49.42
03/03/2021,51.37,"734,825",51.98,52.37,51.18
03/02/2021,52.0,"809,369",52.43,53.045,51.86
03/01/2021,52.49,"717,831",52.9,53.55,52.42
02/26/2021,51.98,"723,588",52.0,52.7,51.75
02/25/2021,51.64,"630,234",52.15,52.32,51.0
02/24/2021,52.19,"444,416",50.2,52.46,50.06
02/23/2021,50.71,"1,001,416",50.08,50.98,49.1
02/22/2021,50.3,"484,049",51.03,51.14,50.2601
02/19/2021,51.49,"687,829",52.07,52.54,51.25
02/18/2021,52.02,"548,150",52.72,53.03,51.84
02/17/2021,53.1,"779,138",52.71,53.35,52.02
02/16/2021,52.71,"667,756",51.88,52.76,51.6
02/12/2021,51.44,"699,207",51.17,51.98,50.56
02/11/2021,50.59,"1,131,630",49.01,53.14,47.25
02/10/2021,50.63,"1,038,367",49.77,51.08,49.47
02/09/2021,49.36,"997,393",48.96,50.0,48.69
02/08/2021,49.11,"559,869",49.0,49.4,48.85
02/05/2021,48.67,"532,932",48.86,49.15,48.58
02/04/2021,48.75,"543,068",47.75,49.35,47.52
02/03/2021,47.75,"758,357",48.5,49.07,47.59
02/02/2021,48.67,"462,764",46.9,48.99,46.9
02/01/2021,46.42,"377,153",45.62,46.82,45.18
01/29/2021,45.16,"378,025",45.91,46.095,44.8
01/28/2021,46.14,"411,268",44.8,46.37,44.62
01/27/2021,44.54,"560,955",45.35,46.385,44.43
01/26/2021,45.96,"395,255",45.34,46.31,45.14
01/25/2021,45.18,"299,787",45.28,45.69,44.85
01/22/2021,45.28,"372,717",45.5,45.84,45.24
01/21/2021,45.76,"459,978",46.58,46.8,45.52
01/20/2021,46.42,"701,338",45.89,46.58,45.68
01/19/2021,45.67,"884,283",45.34,45.9,45.11
01/15/2021,45.14,"683,425",45.45,45.68,44.62
01/14/2021,45.78,"524,404",46.49,46.88,45.74
01/13/2021,46.26,"372,074",46.73,46.73,46.0
01/12/2021,46.53,"460,983",46.76,46.99,46.19
01/11/2021,46.74,"571,151",47.29,47.57,46.7
01/08/2021,47.51,"549,073",47.9,48.25,47.29
01/07/2021,47.4,"557,940",47.27,47.9033,46.91
01/06/2021,46.62,"728,820",46.5,47.28,45.77
01/05/2021,46.15,"879,530",46.62,47.13,46.06
01/04/2021,46.68,"576,793",47.3,47.39,46.22
12/31/2020,47.05,"1,438,399",47.5,47.66,46.91
12/30/2020,47.69,"345,965",47.88,48.29,47.52
12/29/2020,47.74,"543,837",48.71,48.9,47.67
12/28/2020,48.54,"595,650",49.53,49.64,48.41
12/24/2020,49.06,"222,303",49.09,49.26,48.79
12/23/2020,49.13,"424,560",49.38,49.86,49.05
12/22/2020,49.22,"496,684",49.44,49.69,49.14
12/21/2020,49.51,"597,210",48.89,49.72,48.35
12/18/2020,49.4,"2,682,491",49.32,49.8,49.24
12/17/2020,49.16,"570,842",49.13,49.57,48.87
12/16/2020,49.01,"544,444",49.13,49.3,48.64
12/15/2020,49.24,"642,327",48.62,49.27,48.54
12/14/2020,48.49,"525,183",49.13,49.13,48.28
12/11/2020,48.61,"361,023",48.35,48.9,48.19
12/10/2020,48.46,"343,926",48.28,48.51,47.79
12/09/2020,48.37,"478,860",48.43,48.83,47.92
12/08/2020,48.29,"323,491",47.4,48.33,47.14
12/07/2020,47.51,"414,715",47.09,47.62,46.86
12/04/2020,46.99,"351,970",46.5,47.12,46.5
12/03/2020,46.48,"657,455",45.95,46.77,45.94
12/02/2020,45.87,"564,718",45.84,45.96,45.0
12/01/2020,45.87,"779,985",45.4,45.89,44.93
11/30/2020,45.05,"626,394",45.14,45.3,44.51
11/27/2020,45.19,"224,777",45.23,45.62,44.87
11/25/2020,45.04,"551,026",44.73,45.06,44.16
11/24/2020,44.66,"653,617",45.3,45.3,44.31
11/23/2020,44.75,"467,121",45.33,45.58,44.74
11/20/2020,44.96,"322,240",44.8,45.13,44.57
11/19/2020,45.01,"481,918",44.68,45.22,44.5701
11/18/2020,44.78,"628,413",45.36,45.36,44.72
11/17/2020,44.97,"306,832",44.22,45.01,44.22
11/16/2020,44.58,"306,585",44.77,44.94,44.17
11/13/2020,44.25,"365,709",43.83,44.44,43.6
11/12/2020,43.76,"366,720",44.29,44.68,43.57
11/11/2020,44.6,"354,764",45.25,45.3,44.41
11/10/2020,44.57,"532,697",44.23,44.97,43.18
11/09/2020,44.3,"637,752",46.33,46.35,44.22
11/06/2020,44.69,"467,102",44.81,45.02,43.81
11/05/2020,44.52,"441,235",43.85,45.12,43.765
11/04/2020,43.4,"734,656",41.9,43.54,41.9
11/03/2020,41.61,"903,659",42.52,43.22,41.6
11/02/2020,42.1,"557,348",42.72,43.19,41.96
10/30/2020,42.3,"358,972",41.98,42.4118,41.38
10/29/2020,42.15,"478,006",42.25,42.4973,41.29
10/28/2020,42.06,"489,932",42.14,42.615,40.56
10/27/2020,42.95,"430,517",43.73,43.97,42.91
10/26/2020,43.39,"340,077",44.23,44.55,43.04
10/23/2020,44.83,"306,696",44.56,45.0,44.25
10/22/2020,44.38,"359,137",44.0,44.74,43.29
10/21/2020,43.83,"324,164",44.77,45.0,43.73
10/20/2020,44.42,"330,074",44.63,44.97,44.25
10/19/2020,44.4,"928,059",44.92,45.44,44.34
10/16/2020,44.67,"409,992",44.29,44.88,44.22
10/15/2020,44.17,"455,695",43.5,44.435,43.25
10/14/2020,43.86,"520,535",44.1,44.57,43.6
10/13/2020,44.1,"682,872",43.22,44.47,42.93
10/12/2020,43.27,"609,053",43.53,43.7,42.92
10/09/2020,43.15,"501,465",43.3,43.49,42.92
10/08/2020,42.97,"609,874",42.49,43.24,42.17
10/07/2020,42.06,"487,295",42.6,42.6,41.85
10/06/2020,42.08,"570,904",42.36,42.71,41.74
10/05/2020,42.25,"435,189",41.36,42.35,41.22
10/02/2020,41.0,"398,583",39.95,41.26,39.8
10/01/2020,40.53,"723,509",40.87,40.94,39.985
09/30/2020,40.42,"649,267",40.21,40.88,40.14
09/29/2020,40.2,"1,424,425",40.6,40.67,39.92
09/28/2020,40.51,"767,207",40.33,40.85,40.08
09/25/2020,39.83,"400,883",38.69,39.87,38.38
09/24/2020,38.76,"1,108,620",39.12,39.39,38.64
09/23/2020,39.32,"799,168",39.63,40.33,39.31
09/22/2020,39.51,"625,511",38.89,39.57,38.62
09/21/2020,38.93,"759,430",39.32,39.45,38.5
09/18/2020,39.83,"1,916,975",39.7,40.055,39.38
09/17/2020,39.47,"867,514",39.75,40.23,39.27
09/16/2020,40.48,"998,410",40.23,41.11,40.18
09/15/2020,40.17,"647,940",40.21,40.595,39.96
09/14/2020,40.47,"904,846",40.28,40.95,40.16
09/11/2020,39.82,"654,083",39.73,40.2276,39.22
09/10/2020,39.39,"922,386",39.33,40.3,39.19
09/09/2020,39.36,"578,716",38.72,39.43,38.58
09/08/2020,38.48,"711,259",38.97,39.23,38.25
09/04/2020,39.59,"667,959",39.91,40.35,39.05
09/03/2020,39.41,"873,620",40.8,40.8,38.85
09/02/2020,40.96,"378,423",40.53,41.0,40.05
09/01/2020,40.47,"382,821",40.55,40.58,40.2207
08/31/2020,40.45,"384,772",40.53,40.78,40.12
08/28/2020,40.31,"328,576",40.76,40.82,40.06
08/27/2020,40.78,"628,073",40.1,41.12,39.91
08/26/2020,40.14,"611,200",39.28,40.23,38.89
08/25/2020,39.27,"516,129",39.72,39.94,38.99
08/24/2020,39.42,"428,690",40.34,40.34,38.99
08/21/2020,39.75,"306,412",39.85,39.98,39.275
08/20/2020,39.84,"464,606",39.58,40.06,38.85
08/19/2020,39.99,"450,396",39.83,40.2818,39.775
08/18/2020,39.77,"293,107",40.29,40.55,39.72
08/17/2020,40.38,"524,598",40.54,40.66,40.105
08/14/2020,40.01,"460,280",40.09,40.37,39.84
08/13/2020,40.15,"653,739",40.01,40.575,39.98
08/12/2020,40.03,"558,502",40.89,41.25,39.89
08/11/2020,40.37,"860,369",42.19,42.19,40.2
08/10/2020,42.07,"963,230",40.75,42.4,40.65
08/07/2020,40.81,"560,074",40.25,41.05,39.88
08/06/2020,40.27,"370,029",40.73,41.1855,39.96
08/05/2020,40.56,"774,570",40.51,40.67,38.83
08/04/2020,40.41,"394,360",40.5,40.71,39.65
08/03/2020,40.74,"642,424",39.88,40.95,39.88
07/31/2020,39.94,"297,697",39.95,40.05,39.26
07/30/2020,39.83,"542,571",39.93,40.22,39.15
07/29/2020,40.46,"430,329",39.63,40.59,39.51
07/28/2020,39.52,"343,551",39.4,39.82,39.16
07/27/2020,39.49,"322,971",39.1,39.78,38.9
07/24/2020,39.04,"1,009,939",40.24,40.32,38.13
07/23/2020,40.49,"417,577",40.8,41.32,40.09
07/22/2020,40.78,"448,330",40.75,41.13,40.53
07/21/2020,40.97,"437,055",40.95,41.19,40.51
07/20/2020,40.84,"1,156,110",40.73,41.44,40.235
07/17/2020,40.59,"569,000",40.34,40.65,39.8471
07/16/2020,40.33,"383,442",40.23,40.61,40.01
07/15/2020,40.4,"644,345",40.26,40.59,39.95
07/14/2020,39.73,"490,484",38.95,39.81,38.68
07/13/2020,39.05,"925,591",39.7,40.09,39.01
07/10/2020,39.41,"450,980",38.95,39.56,38.4
07/09/2020,38.77,"680,719",38.82,39.03,38.0
07/08/2020,38.78,"636,486",38.11,38.85,37.96
07/07/2020,37.9,"749,512",38.97,39.27,37.88
07/06/2020,39.36,"1,142,842",39.97,40.2,39.16
07/02/2020,39.36,"1,003,175",40.06,40.2,39.06
07/01/2020,39.53,"499,045",39.6,40.0,39.05
06/30/2020,39.7,"1,185,937",37.88,39.9,37.76
06/29/2020,37.77,"1,535,943",39.03,39.19,37.43
06/26/2020,38.74,"8,104,336",38.62,38.96,37.72
06/25/2020,38.97,"1,354,685",37.97,39.06,37.79
06/24/2020,38.12,"1,130,252",38.42,38.42,37.28
06/23/2020,38.83,"2,617,409",40.88,40.895,38.54
06/22/2020,40.11,"2,435,143",38.94,40.25,38.46
06/19/2020,39.02,"1,848,595",39.88,39.89,38.365
06/18/2020,39.3,"862,793",38.65,39.55,38.46
06/17/2020,39.01,"916,594",39.58,39.81,38.68
06/16/2020,39.19,"680,096",39.32,39.78,38.43
06/15/2020,38.13,"1,965,668",36.78,38.35,36.56
06/12/2020,38.28,"1,140,870",38.43,38.465,36.95
06/11/2020,37.33,"1,319,281",37.49,38.44,37.03
06/10/2020,38.75,"1,908,425",39.5,39.68,38.01
06/09/2020,39.6,"1,297,598",39.69,40.01,38.99
06/08/2020,40.5,"1,300,735",40.04,40.52,39.57
06/05/2020,39.66,"2,343,872",40.63,40.74,39.46
06/04/2020,39.5,"1,657,233",38.8,39.53,38.39
06/03/2020,39.0,"1,634,882",38.62,39.38,38.32
06/02/2020,38.1,"1,461,901",37.89,38.33,37.49
06/01/2020,37.44,"1,431,355",37.92,38.02,37.03
05/29/2020,37.76,"1,917,671",36.86,38.0,36.39
05/28/2020,36.35,"616,550",37.65,37.65,36.2
05/27/2020,37.14,"828,466",37.72,37.94,35.815
05/26/2020,36.67,"1,194,749",36.03,37.56,35.64
05/22/2020,35.06,"575,118",35.08,35.13,34.5
05/21/2020,34.92,"1,020,070",35.14,35.33,34.37
05/20/2020,34.97,"483,504",34.9,35.13,34.29
05/19/2020,34.2,"478,976",34.63,35.53,34.19
05/18/2020,34.67,"642,028",34.77,35.17,34.31
05/15/2020,33.63,"709,862",32.69,33.97,32.59
05/14/2020,33.04,"1,050,932",32.82,33.24,31.93
05/13/2020,33.59,"873,979",34.52,34.64,33.18
05/12/2020,33.93,"865,784",35.0,35.07,33.74
05/11/2020,34.87,"790,193",34.03,35.06,33.63
05/08/2020,34.38,"1,004,881",35.85,35.85,34.25
05/07/2020,35.01,"2,867,121",34.5,35.67,33.85
05/06/2020,35.0,"1,327,003",32.65,35.54,31.8368
05/05/2020,32.5,"642,861",32.56,32.98,32.08
05/04/2020,32.04,"700,480",32.13,33.07,31.6
05/01/2020,32.67,"975,487",32.69,33.0,31.37
04/30/2020,33.55,"702,104",34.44,34.7,33.24
04/29/2020,35.09,"1,749,204",36.11,36.97,35.03
04/28/2020,34.93,"797,141",36.0,36.26,34.65
04/27/2020,34.98,"686,934",34.0,35.09,33.86
04/24/2020,33.69,"595,519",32.91,33.82,32.71
04/23/2020,32.56,"874,250",31.04,32.65,30.99
04/22/2020,31.02,"693,314",30.56,31.23,30.05
04/21/2020,29.94,"899,110",30.79,31.0,29.66
04/20/2020,31.57,"620,151",32.3,32.565,31.35
04/17/2020,33.2,"726,316",33.16,33.525,32.42
04/16/2020,31.93,"611,928",30.9,31.96,30.41
04/15/2020,30.79,"671,006",31.76,31.78,30.565
04/14/2020,32.38,"1,126,123",34.5,34.66,32.13
04/13/2020,33.4,"831,237",35.09,35.09,32.8
04/09/2020,35.15,"1,532,831",33.26,35.34,33.26
04/08/2020,32.42,"1,056,136",32.46,33.56,31.95
04/07/2020,32.11,"1,132,351",31.94,33.73,30.975
04/06/2020,30.8,"1,960,550",30.24,31.33,29.62
04/03/2020,28.84,"1,328,997",29.97,30.59,28.5
04/02/2020,30.14,"662,633",29.52,30.44,29.06
04/01/2020,29.93,"991,554",29.28,30.18,29.0
03/31/2020,30.93,"1,252,168",31.46,31.46,29.84
03/30/2020,31.37,"1,108,153",29.91,31.63,29.096
03/27/2020,29.71,"974,652",29.26,30.394,28.97
03/26/2020,30.44,"2,063,859",29.35,31.75,28.88
03/25/2020,29.06,"1,707,786",27.06,30.29,26.835
03/24/2020,26.89,"816,859",24.57,27.08,24.2
03/23/2020,22.71,"1,202,758",21.27,23.48,20.2001
03/20/2020,22.91,"2,140,358",25.43,25.94,22.09
03/19/2020,25.6,"1,106,531",26.65,28.47,22.56
03/18/2020,26.9,"1,737,514",28.08,28.94,22.6
03/17/2020,30.37,"1,382,508",28.04,30.86,26.16
03/16/2020,27.41,"1,444,621",26.89,29.14,26.66
03/13/2020,32.04,"1,074,266",29.49,32.06,28.93
03/12/2020,28.0,"1,035,155",28.01,29.41,26.5
03/11/2020,30.26,"938,612",31.57,32.0906,29.71
03/10/2020,32.72,"1,051,429",32.16,32.79,30.27
03/09/2020,30.76,"1,197,380",31.89,32.28,30.61
03/06/2020,33.75,"2,840,917",34.3,34.58,32.91
03/05/2020,35.62,"1,059,461",35.48,36.28,35.14
03/04/2020,36.86,"743,118",36.28,36.89,34.83
03/03/2020,35.54,"524,785",36.52,37.13,34.82
03/02/2020,36.5,"638,171",34.74,36.56,34.7
02/28/2020,34.59,"1,334,916",34.28,35.0,32.79
02/27/2020,35.41,"884,184",36.0,36.45,34.94
02/26/2020,36.79,"648,475",37.3,37.95,36.5
02/25/2020,37.24,"949,128",39.09,39.21,37.07
02/24/2020,39.0,"800,654",38.81,39.27,38.45
02/21/2020,39.95,"779,676",40.33,40.36,39.25
02/20/2020,40.39,"705,579",41.0,41.29,39.97
02/19/2020,41.12,"657,991",40.34,41.76,40.22
02/18/2020,40.1,"1,025,670",40.35,40.7166,39.97
02/14/2020,40.01,"1,100,848",41.42,41.81,39.57
02/13/2020,41.1,"708,720",40.64,41.88,40.505
02/12/2020,40.63,"606,029",40.5,40.67,39.93
02/11/2020,40.26,"433,456",39.48,40.37,39.4205
02/10/2020,39.25,"295,253",38.42,39.36,38.41
02/07/2020,38.45,"404,655",38.69,38.8373,38.08
02/06/2020,38.94,"452,460",38.64,39.23,38.23
02/05/2020,38.53,"407,607",38.59,38.76,38.08
02/04/2020,38.11,"700,073",37.74,38.51,36.97
02/03/2020,37.31,"959,030",37.88,38.26,36.78
01/31/2020,36.06,"594,384",36.35,36.66,35.04
01/30/2020,36.55,"575,847",36.62,37.45,36.01
01/29/2020,37.01,"327,609",36.67,37.45,36.54
01/28/2020,36.54,"339,625",36.32,36.75,36.245
01/27/2020,35.98,"383,904",36.27,36.52,35.9
01/24/2020,37.1,"355,478",38.02,38.02,36.9
01/23/2020,37.9,"481,424",37.6,38.17,37.28
01/22/2020,37.57,"521,337",37.13,37.73,37.13
01/21/2020,36.92,"336,150",37.06,37.5,36.8
01/17/2020,37.28,"594,842",37.34,38.09,37.185
01/16/2020,36.83,"558,106",36.22,36.84,35.84
01/15/2020,35.82,"502,545",36.0,36.2613,35.525
01/14/2020,36.0,"471,063",36.19,36.3,35.84
01/13/2020,36.32,"341,867",36.37,36.42,36.0
01/10/2020,36.21,"290,657",36.14,36.62,36.01
01/09/2020,36.42,"259,753",36.33,37.0,36.17
01/08/2020,36.11,"683,419",35.65,36.19,35.44
01/07/2020,35.44,"349,463",35.34,35.71,35.315
01/06/2020,35.59,"387,017",35.1,35.81,35.1
01/03/2020,35.24,"401,064",35.12,35.45,35.06
01/02/2020,35.54,"506,536",35.83,35.885,35.11
12/31/2019,35.69,"463,049",35.73,36.04,35.19
12/30/2019,35.74,"395,736",34.89,35.74,34.89
12/27/2019,34.83,"258,332",34.85,35.085,34.72
12/26/2019,34.79,"212,472",34.86,34.97,34.51
12/24/2019,34.75,"172,305",34.74,34.81,34.45
12/23/2019,34.79,"327,109",34.46,34.79,34.09
12/20/2019,34.36,"1,269,819",34.53,34.64,34.05
12/19/2019,34.44,"325,113",34.5,34.53,33.59
12/18/2019,33.94,"325,500",33.93,34.27,33.8
12/17/2019,33.81,"261,277",33.73,33.97,33.25
12/16/2019,33.69,"531,567",34.06,34.61,33.5602
12/13/2019,34.15,"401,803",33.74,34.21,33.55
12/12/2019,33.47,"354,628",33.68,33.94,33.18
12/11/2019,33.6,"329,393",33.77,33.8805,33.495
12/10/2019,33.65,"255,645",33.05,33.66,32.97
12/09/2019,32.89,"284,002",32.78,33.375,32.6
12/06/2019,32.87,"534,476",33.53,33.74,32.87
12/05/2019,33.15,"240,401",32.89,33.21,32.7
12/04/2019,32.65,"298,063",32.93,32.93,32.27
12/03/2019,32.67,"385,187",32.14,32.69,31.75
12/02/2019,32.54,"494,807",33.17,33.245,32.0
11/29/2019,33.09,"122,594",32.99,33.34,32.85
11/27/2019,33.05,"354,758",33.3,33.32,32.51
11/26/2019,33.28,"474,693",32.74,33.31,32.34
11/25/2019,32.75,"504,811",32.15,33.08,32.09
11/22/2019,32.13,"362,550",32.22,32.56,31.77
11/21/2019,32.18,"487,414",33.29,33.29,32.05
11/20/2019,33.15,"2,342,418",32.65,33.22,32.27
11/19/2019,32.86,"548,950",32.47,32.93,32.24
11/18/2019,32.33,"651,196",31.6,32.33,31.54
11/15/2019,31.57,"344,381",31.9,32.02,31.42
11/14/2019,31.71,"310,254",31.79,32.0,31.52
11/13/2019,31.89,"471,642",31.33,31.94,30.97
11/12/2019,31.59,"361,223",31.93,31.985,31.49
11/11/2019,31.86,"421,102",31.33,32.0,31.2188
11/08/2019,31.59,"448,011",32.0,32.445,31.59
11/07/2019,32.15,"449,249",32.47,32.56,31.98
11/06/2019,32.0,"361,715",31.84,32.16,31.7
11/05/2019,31.77,"587,661",32.86,32.9,31.42
11/04/2019,32.73,"883,304",31.89,32.84,31.66
11/01/2019,31.37,"1,112,278",29.87,31.57,29.59
10/31/2019,29.57,"643,388",29.19,30.26,28.41
10/30/2019,29.73,"632,534",29.72,29.82,29.4
10/29/2019,29.67,"622,133",29.26,29.89,29.2
10/28/2019,29.3,"1,027,342",28.45,29.36,28.34
10/25/2019,28.25,"201,716",28.18,28.48,27.89
10/24/2019,28.19,"317,567",28.89,28.953,28.03
10/23/2019,28.77,"408,183",27.92,28.96,27.72
10/22/2019,27.96,"350,823",28.3,28.81,27.95
10/21/2019,28.26,"340,172",28.14,28.73,27.8701
10/18/2019,27.85,"468,978",27.03,28.0,26.97
10/17/2019,27.17,"390,011",26.43,27.37,26.4
10/16/2019,26.38,"364,117",26.59,26.85,26.18
10/15/2019,26.74,"377,183",26.46,26.84,26.18
10/14/2019,26.31,"291,133",26.44,26.57,26.06
10/11/2019,26.65,"505,897",26.46,27.05,26.37
10/10/2019,26.07,"458,532",26.15,26.39,25.99
10/09/2019,26.2,"425,627",26.29,26.37,25.81
10/08/2019,25.93,"818,032",25.76,26.33,25.68
10/07/2019,26.06,"402,328",26.28,26.384,25.9
10/04/2019,26.42,"401,470",26.45,27.07,25.93
10/03/2019,26.47,"341,358",26.23,26.56,25.77
10/02/2019,26.23,"596,668",26.13,26.28,25.79
10/01/2019,26.41,"834,491",26.92,27.31,26.41
09/30/2019,26.81,"1,461,945",27.8,28.0,26.34
09/27/2019,27.75,"1,138,277",29.85,30.1,27.74
09/26/2019,29.75,"505,310",29.79,29.84,29.39
09/25/2019,29.8,"2,266,112",28.73,29.84,28.61
09/24/2019,28.66,"1,030,723",29.79,29.79,28.36
09/23/2019,29.64,"707,347",29.36,29.79,29.327
09/20/2019,29.36,"1,185,400",29.5,29.84,29.27
09/19/2019,29.41,"3,844,195",29.41,29.64,29.037
09/18/2019,30.85,"350,553",30.64,30.95,30.515
09/17/2019,30.7,"271,290",30.46,31.025,30.23
09/16/2019,30.45,"289,599",29.92,30.49,29.92
09/13/2019,30.1,"301,666",30.34,30.51,30.07
09/12/2019,30.4,"460,824",30.07,30.71,29.58
09/11/2019,29.83,"278,491",29.29,29.88,29.16
09/10/2019,29.13,"573,498",30.04,30.35,28.99
09/09/2019,30.01,"335,706",30.06,30.49,29.77
09/06/2019,29.91,"316,566",29.83,30.28,29.67
09/05/2019,29.83,"409,291",29.6,30.57,29.49
09/04/2019,29.3,"349,452",28.65,29.39,28.589
09/03/2019,28.37,"459,228",28.96,29.07,28.13
08/30/2019,29.1,"564,151",29.51,29.65,28.83
08/29/2019,29.25,"551,604",28.68,29.34,28.645
08/28/2019,28.3,"550,337",27.67,28.52,27.67
08/27/2019,27.81,"499,858",27.91,28.141,27.28
08/26/2019,27.69,"593,748",28.25,28.25,27.35
08/23/2019,27.93,"488,995",28.69,29.02,27.84
08/22/2019,28.88,"295,036",29.05,29.19,28.72
08/21/2019,28.91,"348,630",28.97,29.07,28.8
08/20/2019,28.69,"390,898",29.01,29.01,28.45
08/19/2019,29.07,"425,311",28.8,29.4,28.79
08/16/2019,28.33,"567,025",27.21,28.45,27.17
08/15/2019,27.1,"316,413",27.31,27.51,26.89
08/14/2019,27.21,"348,735",27.49,27.84,27.14
08/13/2019,28.06,"395,701",27.69,28.16,27.555
08/12/2019,27.6,"167,346",27.95,27.95,27.39
08/09/2019,28.2,"370,351",27.99,28.32,27.8
08/08/2019,28.21,"423,215",27.84,28.38,27.71
08/07/2019,27.61,"673,303",27.17,27.68,26.8301
08/06/2019,27.55,"436,022",26.79,27.56,26.79
08/05/2019,26.68,"1,121,861",28.41,28.41,26.53
08/02/2019,28.72,"951,291",28.49,28.78,28.1
08/01/2019,28.66,"748,148",29.4,29.53,28.39
07/31/2019,29.25,"792,476",29.04,29.47,28.62
07/30/2019,29.49,"612,174",28.97,29.505,28.71
07/29/2019,29.13,"207,135",29.28,29.34,28.97
07/26/2019,29.33,"432,823",29.0,29.4,28.91
07/25/2019,29.07,"628,686",28.97,29.18,28.91
07/24/2019,29.04,"458,083",28.28,29.07,28.2566
07/23/2019,28.41,"319,262",28.3,28.58,28.18
07/22/2019,28.25,"356,539",28.16,28.27,27.86
07/19/2019,28.13,"429,638",28.4,28.54,28.1
07/18/2019,28.43,"385,676",28.07,28.63,28.025
07/17/2019,28.14,"391,168",28.25,28.3599,28.0
07/16/2019,28.31,"418,037",28.3,28.5,28.17
07/15/2019,28.25,"632,524",28.62,28.62,28.14
07/12/2019,28.57,"1,079,475",28.01,28.6,27.8
07/11/2019,27.98,"630,142",28.0,28.15,27.78
07/10/2019,27.98,"833,795",27.51,28.04,27.38
07/09/2019,27.45,"754,009",27.0,27.47,26.92
07/08/2019,27.04,"587,316",26.94,27.06,26.8
07/05/2019,27.12,"398,784",27.16,27.35,26.85
07/03/2019,27.28,"496,504",27.0,27.28,26.81
07/02/2019,26.95,"914,997",26.91,26.97,26.67
07/01/2019,26.82,"1,800,981",26.31,26.84,26.3
06/28/2019,26.17,"10,105,750",26.25,26.515,25.82
06/27/2019,26.08,"1,034,425",26.0,26.24,25.94
06/26/2019,25.97,"1,814,471",25.88,26.03,25.5
06/25/2019,25.81,"1,763,125",27.0,27.04,25.72
06/24/2019,27.05,"1,089,269",27.32,27.6,27.02
06/21/2019,27.33,"1,202,853",27.54,27.55,27.21
06/20/2019,27.58,"1,409,167",28.05,28.58,27.42
06/19/2019,27.95,"1,485,352",27.36,27.98,27.355
06/18/2019,27.29,"1,609,798",27.64,27.85,27.26
06/17/2019,27.46,"1,180,918",27.2,27.85,27.2
06/14/2019,27.03,"675,402",26.71,27.185,26.71
06/13/2019,26.74,"1,058,200",25.8,26.82,25.76
06/12/2019,25.85,"821,079",25.93,26.04,25.68
06/11/2019,25.89,"1,035,232",26.18,26.18,25.74
06/10/2019,25.95,"976,115",25.9,26.055,25.54
06/07/2019,25.8,"1,149,956",25.9,26.4,25.69
06/06/2019,25.72,"2,330,912",26.22,26.34,25.27
06/05/2019,26.58,"699,683",26.46,26.61,25.96
06/04/2019,26.34,"1,973,865",26.3,26.475,25.95
06/03/2019,26.2,"1,309,484",25.66,26.21,25.66
05/31/2019,25.69,"1,253,820",26.0,26.29,25.655
05/30/2019,26.47,"767,739",26.49,26.73,26.31
05/29/2019,26.45,"953,321",26.6,26.69,26.16
05/28/2019,26.68,"1,059,898",26.59,26.79,26.395
05/24/2019,26.55,"1,218,527",26.45,26.56,26.05
05/23/2019,26.3,"732,793",26.13,26.47,25.93
05/22/2019,26.32,"636,711",26.22,26.56,26.0
05/21/2019,26.27,"1,100,215",26.1,26.39,25.82
05/20/2019,25.98,"828,815",25.95,26.15,25.88
05/17/2019,25.92,"980,808",25.83,26.18,25.68
05/16/2019,26.0,"1,150,742",25.84,26.41,25.77
05/15/2019,25.82,"721,356",25.31,25.85,25.04
05/14/2019,25.45,"910,848",25.43,25.61,25.21
05/13/2019,25.32,"1,197,216",25.43,25.56,25.15
05/10/2019,25.8,"832,168",25.32,25.95,25.265
05/09/2019,25.43,"926,533",25.16,25.485,24.87
05/08/2019,25.22,"808,851",25.23,25.31,24.95
05/07/2019,25.21,"596,990",24.94,25.3,24.76
05/06/2019,25.21,"607,560",24.6,25.46,24.55
05/03/2019,25.0,"758,754",24.55,25.1,24.16
05/02/2019,24.48,"483,024",24.7,24.7,24.2
05/01/2019,24.7,"618,886",24.4,24.88,24.22
04/30/2019,24.45,"555,365",24.47,24.61,24.06
04/29/2019,24.42,"288,651",24.22,24.63,24.22
04/26/2019,24.18,"316,791",24.28,24.44,24.13
04/25/2019,24.3,"289,304",24.23,24.51,24.06
04/24/2019,24.29,"306,715",24.24,24.375,24.05
04/23/2019,24.19,"371,920",24.21,24.4657,24.08
04/22/2019,24.13,"399,563",24.44,24.44,23.97
04/18/2019,24.47,"689,505",23.99,24.67,23.88
04/17/2019,23.86,"415,513",23.91,24.08,23.64
04/16/2019,23.87,"414,365",23.92,24.1733,23.8156
04/15/2019,23.82,"424,059",23.8,24.0,23.57
04/12/2019,23.76,"349,609",23.82,23.885,23.46
04/11/2019,23.63,"582,320",23.74,23.82,23.21
04/10/2019,23.67,"430,709",23.72,23.79,23.58
04/09/2019,23.62,"503,621",23.72,23.88,23.49
04/08/2019,23.8,"402,316",23.68,23.91,23.62
04/05/2019,23.71,"492,753",23.67,23.81,23.42
04/04/2019,23.63,"283,008",23.57,23.85,23.57
04/03/2019,23.63,"438,754",23.94,24.02,23.595
04/02/2019,23.7,"203,445",23.77,23.94,23.58
04/01/2019,23.63,"326,885",23.39,23.81,23.16
03/29/2019,23.21,"325,285",23.4,23.405,23.07
03/28/2019,23.29,"276,575",23.2,23.47,23.15
03/27/2019,23.14,"327,997",23.37,23.4783,23.03
03/26/2019,23.38,"363,021",23.4,23.425,23.05
03/25/2019,23.15,"450,491",23.06,23.4,22.86
03/22/2019,23.12,"641,964",23.67,23.7,22.53
03/21/2019,23.76,"476,783",23.71,23.805,23.26
03/20/2019,23.74,"716,089",23.76,24.09,23.67
03/19/2019,23.8,"1,052,354",23.81,23.9545,23.39
03/18/2019,23.91,"775,023",23.96,24.14,23.78
03/15/2019,23.9,"3,455,269",23.84,24.165,23.68
03/14/2019,23.86,"1,192,162",23.96,24.11,23.75
03/13/2019,24.17,"1,730,684",23.76,24.2625,23.71
03/12/2019,23.71,"928,297",23.77,24.04,23.63
03/11/2019,23.65,"1,470,604",22.955,23.89,22.85
03/08/2019,22.85,"717,863",22.28,22.92,22.17
03/07/2019,22.45,"648,404",22.75,22.75,22.18
03/06/2019,22.71,"302,794",22.92,22.9613,22.56
03/05/2019,22.87,"778,237",23.11,23.11,22.64
03/04/2019,23.14,"999,594",23.49,23.57,22.679
03/01/2019,23.4,"436,710",23.73,23.805,23.06
02/28/2019,23.62,"525,131",23.7,23.81,23.4
02/27/2019,23.6,"479,130",23.64,23.79,23.27
02/26/2019,23.63,"495,878",23.63,23.91,23.43
02/25/2019,23.81,"771,388",23.95,24.44,23.45
02/22/2019,23.79,"770,799",23.47,23.82,23.3
02/21/2019,23.32,"379,275",23.31,23.42,23.17
02/20/2019,23.4,"621,811",23.72,23.72,23.07
02/19/2019,23.65,"704,596",23.2,23.72,23.0
02/15/2019,23.23,"1,089,106",22.74,23.27,22.36
02/14/2019,22.4,"961,790",22.01,22.99,21.69
02/13/2019,21.75,"382,985",21.83,22.79,21.51
02/12/2019,21.63,"367,345",21.33,21.77,21.29
02/11/2019,21.28,"520,226",21.58,21.6499,21.14
02/08/2019,21.61,"351,052",21.4,21.73,21.3
02/07/2019,21.59,"682,739",22.18,22.46,21.3
02/06/2019,22.22,"503,902",21.9,22.39,21.8
02/05/2019,22.0,"1,179,995",21.77,22.25,21.46
02/04/2019,21.66,"657,826",20.85,21.69,20.6
02/01/2019,20.8,"503,540",21.03,21.15,20.72
01/31/2019,20.86,"723,527",20.74,21.17,20.6
01/30/2019,20.78,"287,664",20.99,20.99,20.53
01/29/2019,20.85,"306,778",21.1,21.1,20.83
01/28/2019,21.05,"499,485",20.86,21.11,20.64
01/25/2019,20.97,"1,238,622",20.88,21.18,20.71
01/24/2019,20.65,"514,509",20.58,20.87,20.36
01/23/2019,20.58,"489,567",20.28,20.62,20.19
01/22/2019,20.21,"585,134",19.95,20.29,19.655
01/18/2019,20.05,"343,606",19.85,20.39,19.84
01/17/2019,19.8,"348,077",19.56,19.89,19.32
01/16/2019,19.81,"615,373",20.05,20.69,19.6
01/15/2019,19.91,"456,020",19.67,20.11,19.53
01/14/2019,19.65,"687,488",19.14,19.75,19.0
01/11/2019,19.3,"645,180",18.66,19.34,18.5
01/10/2019,18.84,"628,730",18.59,18.9,18.43
01/09/2019,18.78,"517,187",18.95,19.2099,18.57
01/08/2019,18.95,"612,068",18.83,19.23,18.72
01/07/2019,18.5,"628,380",18.09,18.76,17.95
01/04/2019,18.04,"845,769",17.94,18.23,17.75
01/03/2019,17.1,"537,816",17.41,17.41,16.91
01/02/2019,17.5,"614,190",17.46,17.745,17.21
12/31/2018,17.78,"616,388",18.06,18.38,17.24
12/28/2018,17.95,"602,109",17.7,18.32,17.7
12/27/2018,17.75,"852,940",17.12,17.79,16.97
12/26/2018,17.23,"942,964",16.82,17.25,16.185
12/24/2018,16.87,"406,259",16.69,17.13,16.51
12/21/2018,17.08,"2,781,263",17.48,17.63,16.97
12/20/2018,17.54,"2,581,974",19.06,19.15,17.34
12/19/2018,19.18,"2,213,783",20.36,20.63,19.08
12/18/2018,20.46,"2,058,069",21.17,21.235,20.3
12/17/2018,21.04,"1,997,376",21.62,21.78,20.79
12/14/2018,21.66,"903,792",21.82,22.08,21.59
12/13/2018,22.17,"1,011,733",22.19,22.43,21.96
12/12/2018,22.0,"1,297,876",22.0,22.32,21.69
12/11/2018,21.75,"1,066,834",22.05,22.22,21.485
12/10/2018,21.72,"1,646,424",21.61,22.3,21.56
12/07/2018,21.46,"637,251",22.22,22.64,21.42
12/06/2018,22.21,"681,088",21.63,22.25,21.49
12/04/2018,22.07,"669,757",22.91,23.01,21.78
12/03/2018,23.05,"535,608",22.81,23.1,22.48
11/30/2018,22.44,"1,355,194",22.63,22.7724,22.365
11/29/2018,22.78,"729,769",22.81,23.05,22.53
11/28/2018,23.01,"529,085",22.58,23.06,22.13
11/27/2018,22.58,"613,158",22.9,22.96,22.4
11/26/2018,22.84,"394,041",22.4,22.86,22.08
11/23/2018,22.12,"238,648",22.09,22.36,22.06
11/21/2018,22.25,"671,559",21.8,22.36,21.63
11/20/2018,21.7,"798,301",21.92,21.92,21.49
11/19/2018,22.2,"461,149",22.4,22.6,21.91
11/16/2018,22.39,"781,398",22.03,22.775,21.95
11/15/2018,22.0,"675,114",21.79,22.43,21.75
11/14/2018,22.14,"1,396,853",22.46,22.98,21.99
11/13/2018,22.27,"774,406",21.73,22.4426,21.62
11/12/2018,21.73,"379,929",22.05,22.33,21.66
11/09/2018,22.13,"439,181",21.85,22.29,21.65
11/08/2018,21.85,"605,585",21.8,22.44,21.35
11/07/2018,21.73,"587,585",21.79,22.11,21.42
11/06/2018,21.62,"437,209",21.18,21.75,21.0977
11/05/2018,21.15,"255,009",21.15,21.52,20.95
11/02/2018,21.03,"670,671",20.7,21.3,20.53
11/01/2018,20.57,"1,263,851",19.58,21.14,19.0
10/31/2018,19.61,"569,831",19.76,19.83,19.415
10/30/2018,19.41,"462,461",19.07,19.49,19.06
10/29/2018,19.01,"276,053",19.57,19.78,18.82
10/26/2018,19.51,"489,676",19.45,19.8099,19.3
10/25/2018,19.65,"678,287",19.5,19.77,19.13
10/24/2018,19.38,"493,033",19.87,19.99,19.35
10/23/2018,19.84,"567,655",19.9,20.1,19.345
10/22/2018,20.1,"407,660",20.3,20.5399,20.06
10/19/2018,20.41,"260,177",20.85,21.105,20.32
10/18/2018,20.78,"736,145",21.0,21.0,20.5
10/17/2018,20.95,"211,630",20.83,21.08,20.59
10/16/2018,20.83,"413,316",20.63,20.95,20.54
10/15/2018,20.65,"414,544",20.61,20.86,20.53
10/12/2018,20.72,"535,619",21.0,21.115,20.51
10/11/2018,20.69,"891,869",21.01,21.12,20.53
10/10/2018,20.93,"1,075,100",21.71,22.07,20.86
10/09/2018,21.86,"418,305",21.7,21.89,21.58
10/08/2018,21.65,"272,907",21.6,21.7,21.35
10/05/2018,21.71,"336,252",21.99,22.14,21.45
10/04/2018,21.97,"594,511",22.3,22.69,21.83
10/03/2018,22.44,"792,270",22.34,22.69,22.27
10/02/2018,22.35,"855,599",22.67,22.78,22.25
10/01/2018,22.73,"1,075,131",23.2,23.4671,22.69
09/28/2018,23.2,"1,020,148",23.35,23.75,23.1
09/27/2018,23.3,"1,126,959",23.05,23.5,23.05
09/26/2018,23.1,"430,172",23.1,23.2,22.9
09/25/2018,23.0,"557,741",23.0,23.3,22.95
09/24/2018,23.05,"565,424",23.3,23.3,22.65
09/21/2018,23.3,"341,254",22.95,23.5,22.95
09/20/2018,22.95,"665,004",23.2,23.5,22.9
09/19/2018,23.0,"1,397,211",22.4,23.2,22.4
09/18/2018,22.3,"1,030,788",21.65,22.35,21.6
09/17/2018,21.6,"760,166",21.5,21.775,21.35
09/14/2018,21.55,"486,151",21.25,21.7,21.0
09/13/2018,21.15,"918,834",20.95,21.6,20.95
09/12/2018,21.05,"455,856",21.0,21.35,20.9
09/11/2018,21.05,"477,811",21.0,21.2,20.9
09/10/2018,21.1,"1,117,911",21.15,21.15,20.75
09/07/2018,21.05,"349,910",20.95,21.2,20.85
09/06/2018,21.0,"408,893",21.15,21.2,20.8
09/05/2018,21.15,"320,048",21.3,21.4,21.05
09/04/2018,21.25,"452,507",21.3,21.5,21.15
08/31/2018,21.3,"212,660",21.65,21.8,21.2
08/30/2018,21.65,"653,725",21.8,21.95,21.5
08/29/2018,21.8,"771,680",21.6,22.05,21.525
08/28/2018,21.55,"593,948",21.25,21.7,21.15
08/27/2018,21.25,"631,421",21.15,21.3,21.0
08/24/2018,21.0,"241,243",21.3,21.4,21.0
08/23/2018,21.3,"164,297",21.3,21.45,21.2
08/22/2018,21.4,"329,256",21.0,21.4,21.0
08/21/2018,21.05,"515,553",21.7,21.85,21.0
08/20/2018,20.95,"473,426",20.8,21.15,20.75
08/17/2018,20.8,"637,690",20.95,21.05,20.7
08/16/2018,20.8,"726,047",21.15,21.35,20.75
08/15/2018,20.95,"726,378",21.7,21.75,20.9
08/14/2018,21.85,"463,613",21.3,21.95,21.25
08/13/2018,21.35,"307,491",21.1,21.45,21.1
08/10/2018,21.1,"271,285",20.95,21.15,20.875
08/09/2018,21.0,"186,450",20.95,21.1,20.9
08/08/2018,21.0,"194,265",21.0,21.15,20.9
08/07/2018,21.05,"708,222",21.0,21.299,21.0
08/06/2018,21.05,"465,815",20.9,21.3,20.75
08/03/2018,20.95,"708,103",20.85,21.108,20.7
08/02/2018,21.25,"1,204,500",21.55,21.65,20.45
08/01/2018,20.9,"336,435",21.25,21.65,20.9
07/31/2018,21.35,"738,571",20.95,21.9,20.8
07/30/2018,20.95,"296,468",20.95,21.05,20.75
07/27/2018,20.9,"828,880",20.75,21.05,20.65
07/26/2018,20.85,"445,343",21.05,21.05,20.6
07/25/2018,21.1,"205,464",21.15,21.35,21.05
07/24/2018,21.1,"359,859",21.55,21.675,21.1
07/23/2018,21.5,"382,846",21.4,21.7,21.4
07/20/2018,21.55,"463,178",21.1,22.05,21.05
07/19/2018,21.15,"742,070",21.35,21.6,21.05
07/18/2018,21.35,"683,496",21.2,21.55,21.1
07/17/2018,21.2,"1,041,025",21.65,21.775,21.1
07/16/2018,21.6,"515,556",21.5,21.8,21.15
07/13/2018,21.45,"657,803",20.9,21.65,20.9
07/12/2018,21.0,"893,702",20.9,21.15,20.85
07/11/2018,20.8,"1,938,937",20.8,21.2,20.65
07/10/2018,21.15,"746,714",21.5,21.65,21.15
07/09/2018,21.45,"542,500",21.25,21.85,21.2
07/06/2018,21.15,"375,277",21.1,21.55,21.0
07/05/2018,21.2,"399,736",21.3,21.75,21.05
07/03/2018,21.1,"324,725",21.1,21.55,21.043
07/02/2018,21.0,"286,287",20.85,21.2,20.7
06/29/2018,20.7,"322,769",21.15,21.25,20.7
06/28/2018,20.95,"386,656",21.05,21.5,20.85
06/27/2018,20.7,"144,054",20.8,21.15,20.55
06/26/2018,20.75,"303,201",20.85,21.05,20.6
06/25/2018,20.85,"302,141",21.0,21.075,20.7
06/22/2018,21.0,"309,550",20.6,21.1,20.6
06/21/2018,20.7,"258,483",20.55,20.75,20.2973
06/20/2018,20.4,"179,367",20.7,20.9,20.375
06/19/2018,20.65,"384,036",20.4,20.75,20.25
06/18/2018,20.5,"191,848",20.55,20.6499,20.4
06/15/2018,20.7,"340,355",20.75,21.0304,20.6
06/14/2018,20.85,"346,525",20.8,20.95,20.65
06/13/2018,20.9,"284,424",21.2,21.55,20.85
06/12/2018,21.25,"1,002,181",21.7,22.1,21.125
06/11/2018,21.65,"388,791",21.6,22.0,21.45
06/08/2018,21.7,"161,711",21.85,22.0,21.55
06/07/2018,21.9,"216,129",21.5,22.1,21.5
06/06/2018,21.6,"189,546",21.7,21.9,21.6
06/05/2018,21.85,"192,003",22.1,22.1,21.45
06/04/2018,22.0,"117,893",21.95,22.225,21.8
06/01/2018,21.95,"179,742",22.1,22.475,21.85
05/31/2018,22.15,"368,069",21.55,22.25,21.45
05/30/2018,21.55,"177,617",21.2,21.85,21.2
05/29/2018,21.3,"205,657",21.4,21.55,21.1
05/25/2018,21.4,"152,965",21.35,21.75,21.2
05/24/2018,21.55,"265,440",21.4,21.725,21.1
05/23/2018,21.5,"277,221",21.6,21.7,21.1
05/22/2018,21.6,"251,624",21.55,21.95,21.55
05/21/2018,21.65,"203,760",21.65,21.8,21.5
05/18/2018,21.75,"159,212",22.2,22.2,21.7
05/17/2018,22.1,"208,468",21.9,22.3,21.85
05/16/2018,21.9,"223,830",22.3,22.3,21.825
05/15/2018,22.15,"112,335",22.6,22.6,22.05
05/14/2018,22.55,"456,716",22.2,22.65,22.1
05/11/2018,22.0,"197,830",22.2,22.2,21.95
05/10/2018,22.05,"184,414",22.0,22.2,22.0
05/09/2018,22.15,"164,873",21.9,22.15,21.9
05/08/2018,21.9,"149,205",22.4,22.4,21.85
05/07/2018,22.3,"190,244",21.75,22.35,21.75
05/04/2018,21.75,"243,962",22.1,22.15,21.55
05/03/2018,22.2,"351,807",22.65,22.75,21.95
05/02/2018,22.5,"498,378",22.5,22.8,22.2444
05/01/2018,22.4,"391,056",22.4,22.6,22.05
04/30/2018,22.0,"170,615",21.95,22.2,21.75
04/27/2018,21.85,"234,385",22.25,22.35,21.65
04/26/2018,22.15,"207,474",21.95,22.3,21.875
04/25/2018,22.0,"301,858",22.0,22.2,21.8
04/24/2018,21.85,"301,665",22.45,22.45,21.65
04/23/2018,22.25,"241,905",22.6,22.6,22.2
04/20/2018,22.5,"218,038",22.55,22.6,22.3
04/19/2018,22.55,"367,514",22.1,22.6,21.95
04/18/2018,22.25,"601,146",22.2,22.7,22.15
04/17/2018,22.25,"442,872",21.75,22.3,21.7
04/16/2018,21.7,"312,150",21.65,22.0,21.401
04/13/2018,21.35,"218,205",22.0,22.05,21.25
04/12/2018,21.4,"264,915",21.6,21.8,21.15
04/11/2018,21.45,"203,293",21.9,22.1,21.4
04/10/2018,22.05,"286,858",21.45,22.1,21.3
04/09/2018,21.3,"432,837",21.8,22.0,21.15
04/06/2018,20.9,"376,060",21.4,21.85,20.9
04/05/2018,21.55,"305,721",22.0,22.0,21.25
04/04/2018,22.0,"403,611",21.35,22.1,21.35
04/03/2018,21.7,"283,532",21.2,21.8,21.2
04/02/2018,21.2,"600,974",21.4,21.6,20.9
03/29/2018,21.4,"626,445",21.1,21.6,20.5
03/28/2018,21.0,"655,730",21.15,21.325,20.5
03/27/2018,21.3,"767,506",21.8,21.8,21.15
03/26/2018,21.75,"1,372,757",21.6,22.075,21.6
03/23/2018,21.75,"486,631",21.65,22.0,21.55
03/22/2018,21.8,"1,596,068",21.25,22.1,21.25
03/21/2018,21.05,"432,300",20.95,21.65,20.95
03/20/2018,21.15,"334,773",21.0,21.15,20.75
03/19/2018,20.9,"421,483",21.4,21.4,20.8
03/16/2018,21.35,"551,988",21.2,21.4,21.0
03/15/2018,21.35,"743,144",21.85,21.9,20.95
03/14/2018,21.9,"935,859",21.7,21.95,21.6001
03/13/2018,21.85,"954,698",21.85,22.05,21.65
03/12/2018,22.0,"754,567",22.05,22.25,21.95
03/09/2018,21.9,"1,573,357",22.0,22.25,21.85
03/08/2018,22.0,"7,448,631",21.925,22.2,21.6
03/07/2018,22.3,"931,626",22.85,23.15,22.1
03/06/2018,22.85,"654,317",24.35,24.45,22.5
03/05/2018,25.25,"80,834",24.45,25.8,24.45
03/02/2018,24.6,"128,772",24.5,25.0,24.05
03/01/2018,24.75,"127,539",24.95,25.5,24.4
02/28/2018,24.4,"264,163",24.55,25.375,24.4
02/27/2018,24.35,"58,288",24.5,24.75,24.1
02/26/2018,24.65,"80,431",24.25,24.75,24.0
02/23/2018,23.95,"70,701",23.7,24.1,23.65
02/22/2018,24.1,"100,799",24.1,24.1,23.65
02/21/2018,24.0,"115,479",23.7,24.21,23.55
02/20/2018,23.7,"95,808",23.95,23.95,23.4
02/16/2018,24.05,"184,792",23.9,24.25,23.2
02/15/2018,24.45,"352,845",23.15,25.95,23.15
02/14/2018,22.7,"74,561",23.4,23.4,22.55
02/13/2018,23.05,"95,212",23.2,23.25,22.45
02/12/2018,23.0,"153,303",21.75,23.05,21.75
02/09/2018,21.6,"276,342",22.05,22.1777,20.8
02/08/2018,21.8,"84,904",22.3,22.55,21.6
02/07/2018,22.25,"88,922",21.9,22.9,21.9
02/06/2018,21.95,"67,715",20.95,22.1947,20.65
02/05/2018,21.55,"176,186",23.0,23.0,21.55
02/02/2018,23.15,"69,969",23.45,23.6,23.05
02/01/2018,23.65,"83,839",23.2,23.9,23.2
01/31/2018,23.35,"122,548",24.3,24.3,23.0
01/30/2018,24.15,"86,218",24.5,24.775,23.7592
01/29/2018,24.5,"55,338",24.75,24.9,24.35
01/26/2018,24.7,"59,039",24.5,24.85,24.2494
01/25/2018,24.5,"157,000",25.2,25.2,23.9
01/24/2018,25.1,"80,872",25.15,25.2363,24.7098
01/23/2018,24.95,"106,418",24.3,24.95,24.2274
01/22/2018,24.2,"279,595",23.45,24.7,23.266
01/19/2018,23.2,"86,874",22.95,23.2,22.85
01/18/2018,23.0,"168,554",23.15,23.15,22.75
01/17/2018,23.25,"136,724",23.25,23.3476,23.0
01/16/2018,23.25,"170,436",22.95,23.3133,22.9001
01/12/2018,22.95,"192,400",22.8,23.25,22.65
01/11/2018,22.95,"354,105",22.25,23.8,22.225
01/10/2018,22.25,"500,503",21.65,22.375,21.401
01/09/2018,21.4,"385,981",20.8,21.5,20.75
01/08/2018,20.7,"139,418",20.1,20.8,20.065
01/05/2018,20.1,"78,158",20.0,20.15,20.0
01/04/2018,20.0,"104,190",20.2,20.2,19.95
01/03/2018,20.15,"123,997",20.3,20.3,19.9457
01/02/2018,20.2,"173,603",20.0,20.25,19.7
12/29/2017,20.0,"80,080",19.6,20.0,19.6
12/28/2017,19.7,"121,860",19.4,19.9,19.0166
12/27/2017,19.3,"66,003",19.1,19.3,18.925
12/26/2017,19.1,"35,736",19.0,19.15,19.0
12/22/2017,19.05,"37,476",18.9,19.15,18.9
12/21/2017,18.95,"31,611",19.0,19.2,18.9
12/20/2017,19.05,"95,758",18.95,19.2,18.8
12/19/2017,18.85,"121,161",18.8,19.1,18.675
12/18/2017,18.85,"140,915",19.1,19.1,18.55
12/15/2017,18.95,"93,990",19.1,19.127,18.9
12/14/2017,19.04,"89,717",18.95,19.1,18.95
12/13/2017,18.95,"114,770",18.85,19.15,18.8
12/12/2017,18.8,"568,566",18.4,19.1,18.4
12/11/2017,18.5,"25,147",18.4,18.65,18.4
12/08/2017,18.5,"223,670",18.7,18.8,18.3
12/07/2017,18.7,"121,644",18.3,18.9,18.3
12/06/2017,18.45,"132,591",18.45,18.5,18.15
12/05/2017,18.35,"61,890",18.55,18.625,18.25
12/04/2017,18.45,"146,407",18.25,18.55,18.0
12/01/2017,18.25,"119,512",18.55,18.65,18.05
11/30/2017,18.45,"361,581",18.8,18.875,18.3
11/29/2017,18.6,"49,433",18.9,19.0,18.5
11/28/2017,18.85,"46,824",18.85,18.9,18.55
11/27/2017,18.8,"54,662",18.6,18.9,18.5
11/24/2017,18.66,"4,449",18.95,18.95,18.66
11/22/2017,18.9,"46,617",18.75,18.9,18.7
11/21/2017,18.85,"60,518",18.7,18.9,18.7
11/20/2017,18.75,"59,138",18.45,18.8,18.45
11/17/2017,18.55,"49,760",18.7,18.7,18.4
11/16/2017,18.5,"117,452",18.4,18.8,18.3
11/15/2017,18.8,"70,280",18.7,19.0,18.7
11/14/2017,18.95,"65,109",19.1,19.1,18.7
11/13/2017,19.05,"259,465",19.0,19.05,18.6
11/10/2017,18.8,"81,134",18.9,19.0,18.65
11/09/2017,18.95,"35,973",18.95,18.95,18.65
11/08/2017,18.85,"46,769",18.95,18.95,18.7
11/07/2017,18.8,"61,085",18.75,19.0,18.55
11/06/2017,18.8,"68,101",18.65,18.95,18.6445
11/03/2017,18.75,"75,707",19.0,19.0,18.55
11/02/2017,18.6,"158,634",18.4,18.8,18.3377
11/01/2017,18.5,"52,773",18.4,18.55,18.201
10/31/2017,18.35,"25,855",18.45,18.5,18.3
10/30/2017,18.55,"32,576",18.6,18.6,18.25
10/27/2017,18.6,"22,805",18.55,18.65,18.45
10/26/2017,18.55,"141,252",18.6,18.75,18.35
10/25/2017,18.57,"146,029",18.75,18.75,18.25
10/24/2017,18.7,"103,019",18.65,18.75,18.55
10/23/2017,18.65,"52,140",18.55,18.75,18.3
10/20/2017,18.55,"63,607",18.3,18.65,18.265
10/19/2017,18.25,"42,134",18.4,18.4,18.15
10/18/2017,18.3,"38,103",18.6,18.6619,18.25
10/17/2017,18.7,"69,603",18.65,18.7,18.25
10/16/2017,18.65,"53,292",18.6,18.75,18.3
10/13/2017,18.4,"37,032",18.55,18.6,18.255
10/12/2017,18.25,"29,864",18.35,18.35,18.1
10/11/2017,18.4,"56,314",18.5,18.555,18.35
10/10/2017,18.6,"26,087",18.85,18.85,18.538
10/09/2017,18.7,"31,965",18.75,18.85,18.5
10/06/2017,18.75,"97,320",18.9,19.0,18.65
10/05/2017,18.95,"75,101",18.9,19.0,18.8
10/04/2017,18.9,"74,579",18.9,18.95,18.8
10/03/2017,18.85,"54,270",18.9,18.9,18.65
10/02/2017,18.75,"248,859",18.55,18.85,18.5
09/29/2017,18.65,"67,058",18.3,18.65,18.1
09/28/2017,18.4,"40,703",18.7,18.7,18.25
09/27/2017,18.5,"43,263",18.4,18.6583,18.4
09/26/2017,18.55,"47,273",18.8,18.8,18.5
09/25/2017,18.75,"50,883",18.6,18.775,18.265
09/22/2017,18.6,"94,331",18.4,18.65,18.3
09/21/2017,18.25,"49,711",18.264,18.45,18.15
09/20/2017,18.35,"45,712",18.25,18.5,18.25
09/19/2017,18.3,"22,559",18.35,18.5,18.3
09/18/2017,18.4,"53,129",18.25,18.45,18.2001
09/15/2017,18.3,"27,765",18.1,18.3,18.1
09/14/2017,18.05,"32,016",18.2,18.3,18.0
09/13/2017,18.15,"27,384",18.2,18.25,18.0
09/12/2017,18.24,"68,929",17.95,18.24,17.9
09/11/2017,18.0,"51,997",17.85,18.05,17.7001
09/08/2017,17.8,"67,192",17.8,17.9,17.7
09/07/2017,17.8,"36,569",17.75,18.0,17.7
09/06/2017,17.85,"63,060",18.0,18.0,17.65
09/05/2017,17.9,"80,392",18.25,18.295,17.8
09/01/2017,18.2,"38,392",18.25,18.3,18.1
08/31/2017,18.15,"43,952",18.2,18.3,18.0
08/30/2017,18.15,"23,673",18.2,18.25,17.95
08/29/2017,18.15,"62,553",18.1,18.27,18.0691
08/28/2017,18.2,"91,819",18.1,18.3,18.0
08/25/2017,18.05,"157,413",18.05,18.37,18.0
08/24/2017,17.95,"34,143",17.983,18.0,17.825
08/23/2017,17.95,"30,929",17.9,18.0,17.75
08/22/2017,17.85,"100,915",17.7,17.95,17.625
08/21/2017,17.75,"62,378",17.8,17.8,17.55
08/18/2017,17.7,"56,578",17.75,17.8,17.4
08/17/2017,17.75,"42,584",17.9,17.9,17.5
08/16/2017,17.9,"32,490",17.75,18.0,17.75
08/15/2017,18.0,"57,186",18.2,18.2,17.85
08/14/2017,18.1,"35,623",18.1,18.35,18.1
08/11/2017,17.9,"120,024",17.9,18.0,17.65
08/10/2017,18.0,"69,738",18.25,18.45,17.8353
08/09/2017,18.25,"328,432",18.15,18.45,17.8
08/08/2017,18.15,"103,173",18.2,18.45,18.1
08/07/2017,18.2,"145,957",18.2,18.45,18.15
08/04/2017,18.2,"87,468",18.5,18.55,18.15
08/03/2017,18.25,"72,802",18.2,18.4,17.8
08/02/2017,18.25,"53,464",18.2,18.45,18.1
08/01/2017,18.45,"51,273",18.45,18.6,18.3001
07/31/2017,18.5,"62,374",18.55,18.5714,18.25
07/28/2017,18.45,"54,757",18.5,18.7,18.1
07/27/2017,18.5,"54,658",18.7,18.8211,18.2
07/26/2017,18.6,"27,592",18.45,18.6,18.45
07/25/2017,18.45,"82,796",18.7,18.7,18.35
07/24/2017,18.6,"44,303",18.65,18.7001,18.4
07/21/2017,18.75,"103,210",18.65,18.85,18.4
07/20/2017,18.7,"58,410",18.55,18.8,18.5
07/19/2017,18.55,"59,589",18.5,18.8,18.5
07/18/2017,18.5,"37,920",18.35,18.5,18.3
07/17/2017,18.35,"53,141",18.25,18.65,17.977
07/14/2017,18.25,"144,915",18.15,18.3,18.025
07/13/2017,18.2,"36,757",18.3,18.3,18.1
07/12/2017,18.3,"46,639",18.2,18.35,18.03
07/11/2017,18.05,"82,085",18.05,18.2,17.95
07/10/2017,18.05,"113,914",18.0,18.2,18.0
07/07/2017,18.05,"229,524",18.15,18.2,17.95
07/06/2017,18.05,"31,513",18.15,18.2,18.0
07/05/2017,18.2,"46,278",18.3,18.3,18.1
07/03/2017,18.3,"22,744",18.15,18.35,17.9
06/30/2017,18.0,"169,415",18.2,18.2,17.8
06/29/2017,17.9,"88,076",17.8,18.0,17.63
06/28/2017,18.08,"57,360",17.9,18.15,17.75
06/27/2017,17.95,"51,931",18.0,18.1,17.85
06/26/2017,18.0,"34,484",17.9,18.025,17.7266
06/23/2017,17.85,"77,085",17.45,17.95,17.4
06/22/2017,17.5,"88,316",17.45,17.8,17.45
06/21/2017,17.55,"38,016",17.65,17.8325,17.5
06/20/2017,17.65,"89,497",17.85,17.85,17.5
06/19/2017,17.9,"48,360",18.15,18.15,17.8
06/16/2017,17.9,"131,620",17.75,17.95,17.25
06/15/2017,17.7,"63,771",17.65,17.84,17.65
06/14/2017,17.85,"123,723",18.0,18.0,17.55
06/13/2017,18.0,"128,513",18.1,18.2,17.75
06/12/2017,18.0,"131,078",17.71,18.3,17.71
06/09/2017,18.2,"111,734",18.25,18.35,18.05
06/08/2017,18.25,"126,613",18.05,18.4,18.0
06/07/2017,18.1,"108,971",18.15,18.35,17.8778
06/06/2017,18.15,"148,686",17.9,18.15,17.8008
06/05/2017,17.95,"123,874",17.9,18.15,17.7642
06/02/2017,17.9,"117,098",18.0,18.15,17.75
06/01/2017,18.05,"269,211",18.0,18.1,17.7
05/31/2017,18.05,"145,974",18.05,18.15,17.7
05/30/2017,18.2,"99,563",18.2,18.5,18.1282
05/26/2017,18.45,"45,222",18.15,18.45,17.95
05/25/2017,18.3,"142,805",18.6,18.6,18.0
05/24/2017,18.45,"112,762",18.85,18.85,18.3
05/23/2017,18.51,"40,463",18.8,18.8,18.475
05/22/2017,18.7,"86,575",18.3,18.8,18.2459
