date,close,volume,open,high,low
05/15/2026,135.02,"4,156,188",134.61,137.785,134.2226
05/14/2026,135.98,"2,873,999",135.77,136.36,134.74
05/13/2026,134.99,"4,098,112",132.39,136.27,132.2
05/12/2026,133.44,"2,924,211",132.15,134.08,131.0
05/11/2026,132.49,"3,606,133",130.46,132.55,130.23
05/08/2026,130.5,"3,881,607",131.34,131.615,130.16
05/07/2026,130.69,"3,942,758",133.45,134.7,130.44
05/06/2026,133.64,"4,044,715",132.47,134.355,132.09
05/05/2026,132.36,"3,435,977",132.03,133.35,131.5
05/04/2026,131.88,"2,600,469",133.34,133.43,131.17
05/01/2026,133.78,"2,600,749",134.77,135.94,133.72
04/30/2026,134.37,"6,068,060",132.02,135.48,131.475
04/29/2026,132.27,"3,495,032",133.62,134.17,130.9
04/28/2026,133.54,"2,886,700",134.88,135.91,133.47
04/27/2026,134.47,"3,965,521",133.34,134.91,133.34
04/24/2026,134.05,"2,790,283",135.42,135.565,133.995
04/23/2026,135.42,"2,938,797",135.67,136.9899,133.73
04/22/2026,135.88,"3,351,152",138.53,138.64,135.475
04/21/2026,137.92,"4,530,431",136.11,139.1499,135.32
04/20/2026,135.37,"3,847,890",134.76,136.77,134.56
04/17/2026,135.1,"6,832,963",135.96,137.54,134.835
04/16/2026,134.84,"7,183,513",134.68,135.8,132.12
04/15/2026,131.96,"4,235,343",131.1,132.35,130.03
04/14/2026,130.51,"3,802,826",129.56,130.59,128.48
04/13/2026,129.15,"3,574,230",126.75,129.22,126.415
04/10/2026,127.56,"2,893,416",128.57,128.65,126.9
04/09/2026,128.58,"3,036,218",127.55,128.72,127.11
04/08/2026,127.94,"4,289,148",126.27,128.385,126.18
04/07/2026,124.62,"3,668,470",123.18,125.25,122.9701
04/06/2026,123.63,"3,307,839",122.18,124.14,122.17
04/02/2026,122.13,"3,248,748",119.03,122.43,118.58
04/01/2026,120.97,"3,854,283",120.33,121.91,119.67
03/31/2026,118.63,"4,916,756",116.58,118.95,115.3974
03/30/2026,115.18,"4,892,511",115.71,116.1,114.4
03/27/2026,114.66,"2,148,581",115.37,116.465,114.3
03/26/2026,116.65,"2,619,989",117.39,118.12,116.12
03/25/2026,117.99,"3,726,376",118.91,119.67,116.95
03/24/2026,117.9,"3,787,624",115.9,118.9,115.16
03/23/2026,116.36,"3,818,657",116.94,117.36,115.15
03/20/2026,114.94,"7,450,620",114.85,115.37,113.76
03/19/2026,114.9,"3,743,005",113.66,115.55,112.935
03/18/2026,114.66,"2,918,805",115.58,117.065,114.45
03/17/2026,116.12,"2,075,582",116.66,117.8,115.57
03/16/2026,115.38,"3,435,222",117.12,118.05,115.22
03/13/2026,116.17,"2,984,281",117.72,118.05,115.37
03/12/2026,117.12,"4,330,591",115.28,117.24,114.58
03/11/2026,117.12,"3,012,724",115.0,117.22,114.06
03/10/2026,115.42,"2,458,513",115.38,117.15,114.2101
03/09/2026,115.1,"3,556,249",113.15,115.695,111.71
03/06/2026,115.23,"2,923,069",114.97,115.29,112.15
03/05/2026,116.71,"3,193,907",117.78,118.27,115.3
03/04/2026,118.39,"2,425,737",118.83,119.18,117.62
03/03/2026,117.95,"2,779,232",117.0,118.95,115.1
03/02/2026,119.47,"2,645,234",117.01,120.41,116.61
02/27/2026,119.1,"5,822,487",119.72,121.86,116.76
02/26/2026,121.61,"3,565,761",120.52,123.14,120.52
02/25/2026,120.31,"4,018,373",118.0,120.46,117.001
02/24/2026,116.55,"4,149,092",114.92,117.4363,114.11
02/23/2026,115.54,"3,464,559",117.68,119.0,114.12
02/20/2026,118.19,"3,453,152",118.12,119.205,117.135
02/19/2026,118.16,"2,212,161",118.52,119.125,116.55
02/18/2026,119.49,"4,359,748",119.06,120.54,118.67
02/17/2026,118.8,"2,960,914",118.0,120.195,118.0
02/13/2026,117.74,"3,676,419",114.15,117.84,112.83
02/12/2026,114.91,"6,563,595",122.17,123.11,113.46
02/11/2026,121.7,"5,801,184",126.9,127.83,121.635
02/10/2026,126.45,"5,230,546",127.41,128.76,123.46
02/09/2026,127.61,"3,614,787",124.23,128.0,123.785
02/06/2026,124.32,"3,904,492",122.06,124.46,122.06
02/05/2026,120.51,"3,224,143",120.35,121.385,119.3
02/04/2026,121.32,"4,160,529",119.53,122.03,118.86
02/03/2026,119.32,"3,419,276",122.09,122.595,117.83
02/02/2026,121.61,"3,056,821",119.895,121.8,119.85
01/30/2026,119.92,"3,059,623",120.1,120.57,119.095
01/29/2026,121.49,"3,902,033",119.74,121.58,118.84
01/28/2026,118.9,"2,455,482",118.95,119.145,117.96
01/27/2026,118.87,"2,660,074",119.25,119.82,118.565
01/26/2026,119.02,"3,103,906",118.14,119.18,117.68
01/23/2026,117.61,"3,862,178",119.15,119.52,117.345
01/22/2026,120.18,"3,436,284",120.72,121.4707,119.95
01/21/2026,119.76,"4,291,728",121.0,121.82,119.18
01/20/2026,120.68,"5,028,498",119.84,121.78,119.4
01/16/2026,121.33,"4,721,241",123.78,124.35,121.27
01/15/2026,123.97,"3,698,660",125.23,125.89,123.08
01/14/2026,124.59,"6,128,374",122.89,124.93,122.67
01/13/2026,122.93,"7,293,686",121.26,123.01,119.88
01/12/2026,120.66,"3,794,067",119.05,120.7,118.5
01/09/2026,119.04,"3,002,605",119.73,120.775,119.02
01/08/2026,120.05,"2,869,916",120.32,121.28,119.4138
01/07/2026,120.45,"2,820,580",121.62,122.11,120.18
01/06/2026,121.31,"3,607,509",122.01,122.04,119.86
01/05/2026,121.04,"6,010,396",117.5,122.36,117.15
01/02/2026,117.04,"3,174,551",116.01,117.06,115.31
12/31/2025,116.09,"1,913,690",117.0,117.0955,116.04
12/30/2025,116.87,"2,206,630",117.69,117.69,116.58
12/29/2025,117.47,"2,694,241",117.61,118.0,117.04
12/26/2025,117.47,"1,534,239",118.02,118.36,117.28
12/24/2025,118.22,"1,424,048",117.33,118.43,117.02
12/23/2025,117.22,"2,656,842",117.2,118.13,116.96
12/22/2025,117.26,"3,826,645",116.39,117.59,116.0401
12/19/2025,115.84,"8,474,457",114.58,116.09,114.58
12/18/2025,114.45,"2,875,125",114.35,115.31,113.91
12/17/2025,113.56,"3,766,282",114.35,115.44,113.45
12/16/2025,114.35,"5,193,811",117.03,117.06,114.08
12/15/2025,116.96,"3,550,650",117.56,118.02,116.5
12/12/2025,117.03,"3,422,546",118.97,119.18,116.75
12/11/2025,118.68,"4,791,252",117.85,119.4,117.58
12/10/2025,118.38,"5,255,113",116.16,118.88,114.7
12/09/2025,115.93,"3,826,277",114.55,117.29,114.515
12/08/2025,114.44,"3,061,763",114.39,114.99,113.78
12/05/2025,114.02,"2,631,589",113.41,114.9599,113.4
12/04/2025,113.95,"2,561,168",113.21,114.425,113.21
12/03/2025,113.09,"2,596,187",112.1,113.77,111.995
12/02/2025,112.08,"2,962,748",112.23,113.025,111.81
12/01/2025,111.81,"2,887,004",111.77,112.64,111.43
11/28/2025,112.1,"1,723,950",112.06,112.73,111.45
11/26/2025,111.39,"3,075,190",109.6,112.015,109.27
11/25/2025,109.13,"3,155,616",108.45,109.3,107.41
11/24/2025,108.07,"5,511,408",106.6,108.2,105.49
11/21/2025,106.43,"4,199,055",106.95,107.62,105.4199
11/20/2025,106.46,"2,565,946",108.79,109.62,106.22
11/19/2025,107.51,"3,242,904",107.28,108.14,106.86
11/18/2025,107.5,"3,766,506",106.5,108.13,105.85
11/17/2025,106.77,"3,547,600",110.46,110.73,106.7
11/14/2025,110.48,"4,468,254",110.62,112.01,109.5
11/13/2025,111.04,"2,830,476",112.25,112.855,110.75
11/12/2025,112.64,"3,090,943",111.82,113.74,111.6101
11/11/2025,111.25,"2,088,776",110.9,111.935,110.87
11/10/2025,110.96,"2,547,058",109.55,111.46,109.45
11/07/2025,109.64,"3,293,004",108.06,109.67,107.36
11/06/2025,108.42,"3,254,557",108.53,109.04,107.735
11/05/2025,108.69,"2,036,540",108.18,109.06,107.29
11/04/2025,108.0,"3,738,615",107.07,108.565,106.26
11/03/2025,108.06,"3,386,825",108.02,108.535,106.865
10/31/2025,107.93,"2,770,619",107.32,108.28,106.71
10/30/2025,107.92,"2,369,668",106.73,108.76,106.48
10/29/2025,107.05,"4,258,373",108.13,108.46,106.62
10/28/2025,108.45,"3,162,709",107.98,108.92,107.475
10/27/2025,107.58,"2,324,378",108.17,108.45,107.52
10/24/2025,107.99,"2,250,601",107.25,108.58,107.245
10/23/2025,106.68,"2,720,241",107.37,107.37,106.24
10/22/2025,107.03,"3,368,079",107.14,107.48,105.36
10/21/2025,107.0,"4,875,331",108.33,108.67,107.0
10/20/2025,108.5,"3,982,189",106.52,109.05,106.52
10/17/2025,105.98,"7,925,271",107.1,107.1,103.1103
10/16/2025,106.72,"6,858,847",107.7,110.19,106.03
10/15/2025,108.93,"5,545,520",107.97,109.24,106.77
10/14/2025,107.11,"4,087,048",105.78,108.2,105.505
10/13/2025,106.3,"3,045,406",105.55,106.71,104.54
10/10/2025,104.54,"3,809,811",107.17,107.41,104.37
10/09/2025,106.82,"3,180,032",106.45,107.39,105.79
10/08/2025,106.01,"3,413,315",107.5,107.53,105.4289
10/07/2025,106.93,"2,395,314",106.61,107.19,106.0
10/06/2025,106.43,"2,580,554",106.81,107.5,105.37
10/03/2025,106.6,"3,613,669",107.17,107.56,105.72
10/02/2025,106.38,"3,009,366",107.07,107.315,105.78
10/01/2025,106.83,"2,586,198",108.58,109.075,106.78
09/30/2025,108.96,"3,707,098",109.33,110.745,108.065
09/29/2025,109.75,"2,457,784",110.07,110.16,108.7
09/26/2025,109.53,"2,095,350",109.27,110.275,108.88
09/25/2025,109.08,"2,961,549",108.17,109.47,107.65
09/24/2025,108.11,"2,292,811",109.18,109.5,107.82
09/23/2025,108.66,"2,282,780",109.27,110.87,108.1
09/22/2025,109.46,"2,905,260",107.95,109.715,107.2721
09/19/2025,108.71,"8,770,772",108.8,109.21,108.17
09/18/2025,108.52,"2,784,212",107.14,108.701,106.81
09/17/2025,107.01,"2,935,711",105.83,107.21,105.805
09/16/2025,105.49,"2,369,522",106.44,107.0,104.77
09/15/2025,106.42,"2,523,287",107.01,107.01,106.1
09/12/2025,106.48,"2,609,412",105.16,106.52,105.05
09/11/2025,105.6,"3,698,088",104.0,106.33,103.66
09/10/2025,104.0,"2,737,614",104.51,104.96,102.63
09/09/2025,104.77,"3,918,525",103.89,106.18,103.17
09/08/2025,104.02,"3,055,255",103.84,104.65,103.49
09/05/2025,103.69,"2,780,540",105.65,106.056,102.895
09/04/2025,105.56,"2,308,562",105.11,105.69,104.78
09/03/2025,104.68,"2,258,201",104.69,105.03,103.61
09/02/2025,104.7,"3,308,423",104.54,105.0,103.34
08/29/2025,105.6,"2,933,332",106.24,106.57,104.92
08/28/2025,106.1,"2,778,007",105.02,106.2982,104.705
08/27/2025,105.03,"2,384,454",104.46,105.51,104.3
08/26/2025,104.59,"3,620,580",102.89,104.76,102.55
08/25/2025,103.12,"2,467,677",102.3,103.67,101.7079
08/22/2025,102.54,"3,471,636",102.15,103.125,101.905
08/21/2025,101.78,"2,454,219",101.01,101.905,100.44
08/20/2025,101.25,"2,581,340",100.79,101.62,99.67
08/19/2025,101.08,"3,206,892",101.27,102.13,100.84
08/18/2025,101.74,"2,966,179",100.91,101.82,100.83
08/15/2025,101.0,"3,736,909",103.36,103.51,100.83
08/14/2025,103.35,"2,943,113",103.95,103.99,102.16
08/13/2025,101.91,"4,605,233",103.525,104.08,100.08
08/12/2025,103.61,"2,870,455",103.65,104.47,103.36
08/11/2025,103.27,"2,812,773",103.17,103.74,102.74
08/08/2025,103.09,"3,083,405",102.81,103.975,102.365
08/07/2025,102.21,"4,098,850",102.79,103.41,101.415
08/06/2025,102.29,"3,765,032",101.01,102.39,100.66
08/05/2025,100.66,"3,630,145",101.86,102.0,100.229
08/04/2025,101.41,"2,344,425",100.46,101.575,100.24
08/01/2025,99.81,"3,665,823",100.34,100.56,98.4
07/31/2025,101.45,"4,076,464",102.03,102.7,101.1
07/30/2025,102.3,"3,188,324",101.67,103.16,101.51
07/29/2025,101.87,"3,561,490",101.37,102.02,100.89
07/28/2025,100.63,"2,331,407",100.92,100.97,100.2
07/25/2025,100.92,"4,123,370",99.44,101.159,98.77
07/24/2025,99.97,"4,245,153",99.94,101.03,99.495
07/23/2025,99.63,"3,857,633",99.5,99.83,98.37
07/22/2025,98.9,"3,237,499",98.79,99.23,98.03
07/21/2025,98.6,"3,337,058",98.7,99.42,98.01
07/18/2025,98.84,"5,658,236",98.005,99.04,97.7
07/17/2025,97.92,"5,686,086",95.34,98.16,95.13
07/16/2025,95.49,"5,438,431",96.0,96.0,93.37
07/15/2025,95.16,"8,709,072",93.7,96.47,93.455
07/14/2025,95.25,"7,011,357",93.69,95.36,93.38
07/11/2025,93.72,"4,276,942",93.11,93.8,92.67
07/10/2025,93.66,"4,662,227",93.0,93.925,92.66
07/09/2025,93.05,"3,991,589",93.43,93.715,92.815
07/08/2025,92.69,"4,319,198",93.25,93.545,92.471
07/07/2025,93.25,"4,348,231",92.67,93.79,92.47
07/03/2025,92.43,"2,408,224",92.19,92.845,91.96
07/02/2025,92.09,"4,257,302",90.94,92.3,90.58
07/01/2025,90.65,"4,343,324",90.74,91.11,89.64
06/30/2025,91.11,"5,596,567",91.68,91.9586,90.345
06/27/2025,91.18,"6,279,106",90.04,91.77,89.45
06/26/2025,90.04,"4,527,851",90.21,90.57,89.75
06/25/2025,90.0,"4,496,330",91.38,91.42,89.79
06/24/2025,91.2,"3,910,776",90.39,91.56,90.22
06/23/2025,89.63,"9,338,035",90.99,90.99,87.41
06/20/2025,91.62,"6,110,726",92.12,92.64,91.52
06/18/2025,91.6,"5,008,611",89.95,92.08,89.855
06/17/2025,89.77,"3,622,105",90.04,90.54,89.17
06/16/2025,90.49,"3,941,534",89.24,90.56,88.8
06/13/2025,88.6,"3,527,984",88.73,89.61,88.19
06/12/2025,89.71,"3,002,568",89.1,89.71,88.69
06/11/2025,89.56,"3,067,576",89.84,90.11,89.275
06/10/2025,90.0,"2,745,613",89.68,90.46,89.48
06/09/2025,90.01,"2,536,010",90.31,90.5,89.7
06/06/2025,90.32,"2,263,353",89.41,90.39,89.12
06/05/2025,88.58,"3,214,338",88.59,88.876,88.13
06/04/2025,88.33,"4,026,670",89.22,89.6642,88.32
06/03/2025,89.32,"3,199,545",88.78,89.797,88.44
06/02/2025,88.98,"2,449,633",88.2,89.01,87.8
05/30/2025,88.61,"6,337,730",88.8,88.845,87.96
05/29/2025,89.07,"3,767,714",89.35,89.87,88.52
05/28/2025,88.8,"3,223,529",90.06,90.23,88.735
05/27/2025,90.23,"3,793,052",89.55,90.27,89.19
05/23/2025,89.09,"2,974,340",88.17,89.49,87.88
05/22/2025,89.18,"3,696,017",88.75,89.65,88.53
05/21/2025,88.9,"6,474,951",89.65,89.97,88.83
05/20/2025,90.1,"3,286,939",89.83,90.4242,89.4901
05/19/2025,90.33,"3,429,501",89.64,90.625,89.0018
05/16/2025,90.07,"6,290,943",89.61,90.5,89.35
05/15/2025,89.39,"3,692,255",87.88,89.53,87.765
05/14/2025,87.94,"3,006,779",88.07,88.23,87.6199
05/13/2025,87.93,"3,073,779",87.25,88.46,86.97
05/12/2025,87.1,"4,648,688",87.955,88.55,86.52
05/09/2025,85.91,"3,855,268",86.0,86.38,85.69
05/08/2025,85.5,"4,467,652",84.54,86.19,84.54
05/07/2025,83.95,"4,827,901",82.91,84.26,82.91
05/06/2025,82.91,"4,368,683",81.12,83.55,81.12
05/05/2025,82.18,"2,710,609",81.47,82.78,81.19
05/02/2025,82.14,"4,335,045",82.35,83.31,81.97
05/01/2025,80.91,"3,275,889",80.01,81.53,79.72
04/30/2025,80.41,"4,856,972",78.88,80.6,77.77
04/29/2025,80.04,"3,142,162",78.75,80.36,78.56
04/28/2025,78.91,"2,995,504",78.95,79.5,78.53
04/25/2025,78.65,"2,508,275",78.71,79.16,78.17
04/24/2025,78.72,"4,898,015",77.69,79.22,77.49
04/23/2025,77.73,"3,764,119",77.91,79.68,77.48
04/22/2025,76.31,"3,789,221",75.4,76.7067,75.35
04/21/2025,74.04,"2,627,415",75.39,75.73,73.55
04/17/2025,76.34,"4,318,572",75.95,77.4997,75.26
04/16/2025,75.73,"5,147,348",77.68,77.832,75.21
04/15/2025,77.77,"3,813,811",78.23,79.06,77.44
04/14/2025,77.52,"4,435,368",78.02,79.05,76.9279
04/11/2025,77.67,"6,804,438",73.61,78.67,72.5
04/10/2025,76.61,"5,387,153",77.63,78.52,74.63
04/09/2025,79.35,"6,400,857",72.11,80.155,72.11
04/08/2025,73.5,"4,832,861",76.96,77.66,72.13
04/07/2025,74.09,"7,460,992",71.34,76.305,70.46
04/04/2025,73.31,"6,697,144",77.04,78.73,72.93
04/03/2025,79.91,"5,262,466",81.235,81.95,79.78
04/02/2025,84.22,"3,191,062",83.01,84.55,82.56
04/01/2025,83.77,"2,881,914",83.73,84.1499,82.585
03/31/2025,83.87,"4,254,581",81.81,84.305,81.34
03/28/2025,82.71,"2,643,715",84.24,84.85,82.4802
03/27/2025,84.48,"3,171,277",84.94,85.22,83.865
03/26/2025,85.09,"2,453,035",85.62,86.07,84.63
03/25/2025,85.25,"2,538,827",85.15,85.95,84.59
03/24/2025,84.7,"2,607,051",84.6,85.415,84.26
03/21/2025,83.55,"9,720,941",83.62,84.135,82.67
03/20/2025,83.93,"3,119,858",83.26,84.37,83.155
03/19/2025,83.9,"3,748,455",82.8,84.44,82.19
03/18/2025,82.64,"4,576,982",82.39,83.02,81.95
03/17/2025,82.42,"4,496,572",81.69,83.23,81.435
03/14/2025,81.75,"4,354,160",80.36,81.95,79.91
03/13/2025,79.66,"4,164,370",81.08,81.08,79.25
03/12/2025,80.76,"5,488,715",82.0,82.07,79.24
03/11/2025,81.05,"8,531,251",83.87,84.11,80.79
03/10/2025,84.24,"5,259,957",83.85,86.58,83.3647
03/07/2025,85.84,"6,459,154",84.31,86.14,83.89
03/06/2025,84.69,"3,664,930",85.53,86.05,83.9705
03/05/2025,86.56,"4,391,104",85.66,87.18,85.1836
03/04/2025,85.54,"4,968,115",87.44,87.87,84.3
03/03/2025,88.35,"4,375,718",89.59,90.34,87.7006
02/28/2025,88.95,"7,190,973",87.2,88.95,87.06
02/27/2025,86.89,"3,081,516",86.7,87.99,86.45
02/26/2025,86.34,"3,709,852",87.19,88.16,86.185
02/25/2025,86.75,"5,937,097",88.38,88.43,85.86
02/24/2025,88.01,"6,665,719",87.48,88.385,86.56
02/21/2025,87.25,"5,988,911",87.49,87.89,86.84
02/20/2025,87.16,"5,921,945",88.5,88.53,86.02
02/19/2025,88.31,"4,060,425",88.41,88.93,87.59
02/18/2025,88.9,"6,665,100",88.87,89.44,88.11
02/14/2025,87.84,"5,104,314",87.4,88.25,87.275
02/13/2025,86.88,"3,373,201",85.73,87.205,85.51
02/12/2025,85.32,"2,961,424",84.75,85.72,84.34
02/11/2025,85.5,"2,329,322",84.85,85.58,84.44
02/10/2025,85.03,"2,446,811",86.15,86.39,84.685
02/07/2025,86.15,"3,438,152",86.6,86.98,85.91
02/06/2025,86.4,"2,483,508",86.31,86.5,85.83
02/05/2025,85.74,"3,217,039",85.39,85.97,84.89
02/04/2025,84.86,"3,101,696",85.03,85.28,84.415
02/03/2025,85.19,"3,501,280",84.61,85.65,83.75
01/31/2025,85.93,"3,905,697",86.44,86.87,85.78
01/30/2025,86.5,"2,859,329",86.73,87.53,86.05
01/29/2025,86.04,"3,398,297",85.83,87.7,85.83
01/28/2025,86.34,"3,248,265",85.41,86.69,85.39
01/27/2025,85.9,"2,964,030",85.2,85.93,84.72
01/24/2025,85.79,"4,305,997",84.46,86.34,84.42
01/23/2025,84.73,"4,041,643",84.39,85.55,84.12
01/22/2025,84.33,"4,289,085",84.79,85.81,83.87
01/21/2025,84.93,"4,830,082",83.34,85.0,83.34
01/17/2025,83.29,"4,695,759",82.34,83.67,81.36
01/16/2025,82.25,"5,143,384",81.72,82.475,81.0405
01/15/2025,82.04,"9,274,288",79.1,82.1365,79.1
01/14/2025,75.94,"4,689,918",75.97,76.74,75.72
01/13/2025,76.11,"4,068,724",75.15,76.14,74.91
01/10/2025,75.42,"3,577,419",77.4,77.85,75.39
01/08/2025,77.95,"3,031,602",77.9,78.01,76.78
01/07/2025,77.96,"4,498,809",78.13,78.49,77.06
01/06/2025,77.92,"3,381,305",77.78,78.6895,77.6
01/03/2025,76.93,"3,369,250",77.01,77.36,76.14
01/02/2025,77.41,"3,443,323",77.24,77.93,76.91
12/31/2024,76.83,"2,380,728",77.33,77.49,76.63
12/30/2024,77.11,"1,891,046",76.74,77.31,76.22
12/27/2024,77.57,"2,072,453",77.91,78.46,77.085
12/26/2024,78.35,"1,970,170",77.75,78.49,77.57
12/24/2024,78.05,"1,236,499",77.58,78.2969,77.33
12/23/2024,77.57,"2,669,984",76.94,77.65,76.82
12/20/2024,77.62,"13,075,250",76.9,78.02,76.09
12/19/2024,76.41,"5,814,251",76.6,77.4795,75.87
12/18/2024,75.82,"4,648,433",78.24,78.53,75.78
12/17/2024,78.45,"4,064,932",78.66,79.28,78.28
12/16/2024,79.08,"3,496,143",79.05,79.545,78.65
12/13/2024,78.83,"2,982,509",80.09,80.09,78.55
12/12/2024,79.57,"4,468,810",79.5,80.015,79.0
12/11/2024,79.67,"4,817,311",80.97,81.15,78.59
12/10/2024,80.62,"3,607,313",80.63,81.02,79.9739
12/09/2024,80.61,"5,712,196",81.37,81.59,80.5
12/06/2024,80.51,"2,509,660",81.33,81.69,80.0701
12/05/2024,81.49,"3,635,994",80.27,82.18,80.2
12/04/2024,80.19,"2,761,258",80.77,80.99,79.895
12/03/2024,80.85,"2,952,414",81.87,82.08,80.805
12/02/2024,81.11,"2,840,921",82.1,82.25,80.95
11/29/2024,81.87,"2,180,286",82.15,82.72,81.87
11/27/2024,81.74,"2,823,693",81.49,82.08,81.24
11/26/2024,81.27,"3,239,904",80.91,81.4,80.255
11/25/2024,81.22,"5,329,271",80.5,81.62,80.36
11/22/2024,80.14,"2,757,874",79.02,80.23,78.96
11/21/2024,78.88,"2,844,402",78.5,79.1999,78.1063
11/20/2024,77.87,"3,482,669",77.9,77.9719,77.13
11/19/2024,77.61,"2,168,509",77.81,78.44,77.59
11/18/2024,78.65,"2,638,929",78.105,78.68,77.87
11/15/2024,78.29,"4,211,855",77.49,78.425,77.49
11/14/2024,77.57,"4,220,357",77.79,78.31,77.4201
11/13/2024,77.61,"5,321,534",78.12,78.75,77.5
11/12/2024,77.95,"3,461,969",78.52,78.82,77.865
11/11/2024,78.68,"3,201,615",77.99,79.13,77.815
11/08/2024,77.06,"3,176,365",78.0,78.14,77.06
11/07/2024,77.69,"3,731,517",77.85,78.1899,77.26
11/06/2024,78.2,"6,241,334",80.22,80.29,77.78
11/05/2024,76.01,"2,583,254",75.16,76.21,75.1
11/04/2024,75.0,"3,994,811",75.35,75.62,74.3
11/01/2024,75.31,"3,339,487",75.46,76.34,75.28
10/31/2024,75.36,"3,508,567",75.92,76.21,75.03
10/30/2024,75.93,"4,104,048",76.5,76.95,75.71
10/29/2024,76.56,"2,390,205",76.51,77.09,76.41
10/28/2024,76.51,"3,847,666",75.72,76.98,75.545
10/25/2024,75.2,"2,727,656",76.47,76.6,75.16
10/24/2024,76.5,"2,823,093",76.5,76.73,76.103
10/23/2024,76.37,"4,645,869",75.8,76.4,75.685
10/22/2024,75.91,"3,114,693",75.66,76.08,75.425
10/21/2024,75.88,"2,306,278",76.2,76.29,75.63
10/18/2024,76.67,"4,827,920",77.74,77.75,76.5
10/17/2024,77.75,"3,111,456",77.71,78.03,77.38
10/16/2024,77.3,"3,340,254",76.31,77.47,76.05
10/15/2024,76.23,"6,490,869",77.0,77.67,76.15
10/14/2024,76.51,"5,628,739",74.77,76.61,74.45
10/11/2024,74.15,"10,109,150",75.22,76.15,72.76
10/10/2024,74.45,"4,036,805",73.77,74.47,73.66
10/09/2024,74.02,"3,820,546",73.38,74.2,73.26
10/08/2024,73.2,"3,788,810",72.69,73.345,72.66
10/07/2024,72.44,"3,084,346",72.0,72.73,71.84
10/04/2024,71.98,"2,361,483",71.54,72.025,71.1
10/03/2024,70.82,"3,074,339",70.88,71.01,70.41
10/02/2024,70.95,"5,251,655",71.04,71.455,70.52
10/01/2024,71.11,"5,149,788",71.68,71.74,70.85
09/30/2024,71.86,"5,564,990",71.35,71.995,70.86
09/27/2024,71.7,"3,311,623",71.67,72.28,71.31
09/26/2024,71.5,"4,790,383",72.28,72.3,71.49
09/25/2024,72.17,"3,725,455",72.13,72.4,71.87
09/24/2024,71.82,"3,583,290",71.75,72.23,71.3701
09/23/2024,72.14,"3,635,061",72.87,73.19,72.08
09/20/2024,71.82,"8,684,506",71.49,71.96,71.18
09/19/2024,71.72,"3,701,278",71.5,71.92,70.6
09/18/2024,71.04,"2,974,911",70.72,71.8,70.36
09/17/2024,70.81,"3,263,324",70.45,70.915,70.25
09/16/2024,70.53,"3,409,959",69.0,70.61,69.0
09/13/2024,68.7,"3,617,599",69.36,69.74,68.515
09/12/2024,69.02,"4,083,965",68.25,69.1,68.01
09/11/2024,68.1,"4,167,487",67.23,68.18,66.0099
09/10/2024,67.51,"4,946,174",67.94,67.94,66.03
09/09/2024,67.72,"4,495,558",67.02,68.28,66.94
09/06/2024,66.41,"4,114,892",68.15,68.6,66.22
09/05/2024,68.0,"3,850,147",68.26,68.49,67.4
09/04/2024,67.74,"2,942,670",68.24,68.54,67.5826
09/03/2024,67.89,"3,259,339",67.85,68.31,67.57
08/30/2024,68.22,"4,351,992",67.34,68.37,67.1187
08/29/2024,67.25,"2,485,597",67.26,67.66,66.77
08/28/2024,67.0,"3,393,692",66.965,67.74,66.71
08/27/2024,67.21,"2,541,926",66.99,67.6199,66.91
08/26/2024,67.0,"2,440,636",66.6,67.32,66.45
08/23/2024,66.4,"2,747,238",65.79,66.525,65.5
08/22/2024,65.49,"3,126,748",65.4,65.97,65.24
08/21/2024,65.24,"3,026,466",65.46,65.58,65.01
08/20/2024,65.34,"2,478,615",65.76,65.76,65.11
08/19/2024,65.74,"2,309,815",65.64,65.928,65.35
08/16/2024,65.61,"7,017,893",65.05,65.73,65.03
08/15/2024,64.98,"3,811,144",64.77,65.26,64.5
08/14/2024,64.11,"2,791,098",63.61,64.38,63.5
08/13/2024,63.55,"2,355,701",63.6,63.625,62.83
08/12/2024,63.27,"3,803,727",63.87,64.26,63.12
08/09/2024,63.78,"3,460,649",63.37,63.81,63.23
08/08/2024,63.41,"3,698,643",62.13,63.7,61.88
08/07/2024,61.7,"3,704,821",63.12,63.525,61.55
08/06/2024,62.19,"3,628,809",61.45,62.965,61.25
08/05/2024,61.42,"5,604,846",61.6,62.24,60.93
08/02/2024,63.12,"6,162,182",63.85,64.66,62.64
08/01/2024,64.64,"4,958,588",65.24,65.48,64.125
07/31/2024,65.07,"4,972,568",65.55,65.61,64.78
07/30/2024,65.24,"3,208,732",65.01,65.63,64.855
07/29/2024,64.59,"3,089,674",65.25,65.43,64.33
07/26/2024,65.35,"3,898,661",65.06,65.86,64.93
07/25/2024,64.81,"4,124,750",64.08,65.33,63.93
07/24/2024,63.9,"4,727,935",63.78,64.63,63.57
07/23/2024,63.63,"6,740,943",63.3,64.92,63.29
07/22/2024,63.26,"4,426,921",62.36,63.29,62.08
07/19/2024,62.69,"3,569,393",63.78,63.78,62.66
07/18/2024,63.48,"6,165,433",64.0,64.4,62.75
07/17/2024,64.09,"7,343,052",65.22,65.655,63.91
07/16/2024,65.02,"5,198,256",65.55,65.9,64.785
07/15/2024,65.71,"6,332,588",64.65,65.905,64.65
07/12/2024,64.69,"9,394,513",63.13,64.925,62.63
07/11/2024,61.47,"4,173,039",60.72,61.55,60.47
07/10/2024,60.7,"3,097,180",60.2,60.74,60.02
07/09/2024,60.21,"3,871,085",59.62,60.635,59.41
07/08/2024,59.54,"3,977,598",60.04,60.18,59.19
07/05/2024,59.88,"2,225,053",60.39,60.39,59.655
07/03/2024,60.47,"1,528,637",60.74,60.9058,60.29
07/02/2024,60.5,"3,034,901",59.99,60.53,59.89
07/01/2024,60.11,"2,637,351",60.49,60.56,59.775
06/28/2024,59.89,"5,915,198",59.77,60.07,59.46
06/27/2024,59.54,"3,901,098",59.57,59.71,59.0
06/26/2024,58.67,"4,273,982",58.48,58.81,58.185
06/25/2024,58.79,"2,067,868",59.09,59.25,58.61
06/24/2024,59.48,"2,929,486",58.99,59.83,58.88
06/21/2024,58.82,"12,367,200",58.83,58.95,58.41
06/20/2024,58.84,"2,781,311",58.54,59.13,58.505
06/18/2024,58.68,"3,376,976",58.16,58.7,57.79
06/17/2024,58.17,"3,062,024",57.82,58.215,57.18
06/14/2024,58.02,"2,329,752",58.01,58.4,57.745
06/13/2024,58.5,"2,634,361",58.38,58.585,57.71
06/12/2024,58.61,"3,105,422",59.58,59.72,58.345
06/11/2024,58.76,"3,446,094",60.37,60.82,58.6
06/10/2024,60.74,"3,844,263",59.92,60.865,59.8
06/07/2024,60.31,"3,317,200",59.63,60.67,59.58
06/06/2024,59.91,"3,822,320",58.88,59.93,58.44
06/05/2024,58.89,"2,282,894",59.05,59.15,58.52
06/04/2024,58.87,"2,646,123",59.1,59.39,58.4
06/03/2024,59.57,"2,427,211",59.59,59.64,58.77
05/31/2024,59.61,"5,168,619",58.5,59.69,58.38
05/30/2024,58.42,"4,526,440",57.94,58.825,57.8
05/29/2024,57.76,"2,873,535",57.65,57.98,57.26
05/28/2024,58.24,"2,402,310",58.98,59.15,58.14
05/24/2024,59.09,"2,098,327",58.57,59.135,58.505
05/23/2024,58.33,"2,554,927",58.99,58.99,58.105
05/22/2024,58.97,"3,219,925",58.86,59.17,58.475
05/21/2024,59.08,"2,557,909",58.92,59.17,58.685
05/20/2024,58.95,"1,928,008",59.52,59.7,58.77
05/17/2024,59.5,"2,903,163",59.06,59.55,58.69
05/16/2024,58.77,"2,604,214",58.8,59.215,58.75
05/15/2024,58.8,"2,710,847",58.63,58.94,58.4
05/14/2024,58.35,"2,879,104",57.9,58.45,57.81
05/13/2024,57.85,"2,144,250",58.61,58.75,57.84
05/10/2024,58.44,"3,255,507",58.54,58.74,58.33
05/09/2024,58.35,"3,793,636",57.32,58.52,57.32
05/08/2024,57.51,"2,939,841",57.23,57.75,57.12
05/07/2024,57.4,"2,820,108",57.42,57.9727,57.355
05/06/2024,57.48,"2,402,975",57.5,57.6,56.98
05/03/2024,57.0,"2,214,001",56.91,57.21,56.48
05/02/2024,56.6,"3,187,564",56.92,57.17,56.31
05/01/2024,56.46,"4,053,956",56.53,56.93,56.08
04/30/2024,56.49,"3,530,011",57.19,57.3,56.455
04/29/2024,57.33,"2,638,539",57.39,57.82,57.075
04/26/2024,57.32,"2,058,025",57.25,57.7,57.078
04/25/2024,57.18,"3,254,122",57.3,57.69,56.755
04/24/2024,57.95,"3,226,049",57.03,58.01,56.9882
04/23/2024,57.44,"2,861,357",57.14,57.835,57.09
04/22/2024,57.16,"2,936,327",56.72,57.47,56.315
04/19/2024,56.29,"4,420,732",55.42,56.41,55.42
04/18/2024,55.25,"3,473,895",54.88,55.535,54.755
04/17/2024,54.46,"4,513,903",54.14,54.98,54.085
04/16/2024,54.0,"8,232,834",55.37,55.6941,52.64
04/15/2024,55.09,"6,132,678",55.81,56.07,54.57
04/12/2024,55.05,"4,933,875",55.21,55.98,54.655
04/11/2024,55.37,"3,396,491",55.59,55.72,54.675
04/10/2024,55.68,"3,432,000",56.5,56.725,55.52
04/09/2024,57.2,"2,759,822",57.24,57.42,56.3647
04/08/2024,57.02,"3,564,822",56.97,57.325,56.69
04/05/2024,56.74,"3,671,135",56.64,56.96,56.07
04/04/2024,56.77,"2,465,297",58.0,58.275,56.69
04/03/2024,57.66,"3,289,625",57.0,57.72,56.995
04/02/2024,57.05,"2,766,596",56.98,57.34,56.85
04/01/2024,56.96,"2,450,010",57.46,57.515,56.755
03/28/2024,57.62,"3,116,295",57.11,57.885,57.05
03/27/2024,56.93,"3,021,668",56.9,57.23,56.455
03/26/2024,56.61,"2,607,577",56.6,56.99,56.47
03/25/2024,56.54,"2,862,886",56.56,57.08,56.415
03/22/2024,56.47,"2,769,135",57.29,57.45,56.405
03/21/2024,57.28,"3,447,324",56.49,57.345,56.39
03/20/2024,56.15,"2,352,716",55.14,56.22,54.95
03/19/2024,55.24,"3,589,227",54.99,55.29,54.865
03/18/2024,54.94,"3,178,748",54.57,54.95,54.21
03/15/2024,54.41,"8,966,963",53.92,54.65,53.87
03/14/2024,54.45,"5,194,446",55.05,55.285,54.22
03/13/2024,55.28,"4,519,568",55.24,55.57,55.04
03/12/2024,55.12,"3,223,580",55.75,55.82,54.95
03/11/2024,55.61,"3,013,054",55.04,55.885,54.88
03/08/2024,55.47,"3,290,139",55.78,56.16,55.425
03/07/2024,55.73,"2,745,753",55.88,56.11,55.495
03/06/2024,55.78,"4,466,920",55.82,55.94,55.0
03/05/2024,55.89,"3,945,398",55.4,56.36,55.34
03/04/2024,55.49,"3,890,343",55.16,56.21,55.16
03/01/2024,55.49,"2,833,518",55.94,56.2,55.27
02/29/2024,56.09,"7,158,726",55.89,56.25,55.625
02/28/2024,55.64,"3,186,495",55.54,56.105,55.375
02/27/2024,55.55,"2,530,332",55.3,55.59,55.17
02/26/2024,55.28,"3,677,776",55.33,56.18,55.19
02/23/2024,55.64,"3,745,167",55.6,56.06,55.33
02/22/2024,55.36,"3,041,411",55.31,55.63,55.04
02/21/2024,55.12,"3,154,302",54.97,55.3,54.63
02/20/2024,54.87,"4,865,826",54.04,55.19,54.03
02/16/2024,55.15,"3,057,636",55.21,55.69,54.775
02/15/2024,55.29,"3,641,505",54.79,55.415,54.72
02/14/2024,54.48,"3,624,510",54.39,54.6147,54.185
02/13/2024,53.89,"3,888,798",55.01,55.14,53.4
02/12/2024,55.62,"4,404,297",55.12,56.05,55.035
02/09/2024,55.22,"2,625,835",55.01,55.36,54.83
02/08/2024,55.11,"2,901,344",55.07,55.4,54.67
02/07/2024,55.27,"3,391,026",55.13,55.45,54.66
02/06/2024,55.06,"3,844,197",54.9,55.325,54.885
02/05/2024,55.01,"4,354,413",55.27,55.37,54.78
02/02/2024,55.63,"4,148,492",55.49,56.13,55.43
02/01/2024,55.5,"3,594,584",55.5,55.83,54.68
01/31/2024,55.46,"3,993,397",55.88,56.425,55.45
01/30/2024,56.04,"3,817,194",56.16,56.25,55.715
01/29/2024,55.9,"5,418,945",55.16,55.935,55.14
01/26/2024,55.33,"3,115,547",55.46,55.83,55.13
01/25/2024,55.34,"5,024,665",55.14,55.56,54.86
01/24/2024,54.91,"3,884,470",54.95,55.31,54.725
01/23/2024,54.81,"3,234,703",54.6,55.01,54.5
01/22/2024,54.83,"5,682,789",55.11,55.56,54.74
01/19/2024,55.04,"7,174,034",54.53,55.19,54.28
01/18/2024,54.64,"3,682,297",54.85,54.98,53.99
01/17/2024,54.86,"5,553,127",54.84,55.315,54.62
01/16/2024,55.39,"7,344,519",55.0,55.47,54.5833
01/12/2024,54.85,"8,419,410",55.0,55.284,54.055
01/11/2024,52.73,"6,656,151",52.49,52.81,52.21
01/10/2024,52.73,"4,502,618",52.78,52.93,52.415
01/09/2024,52.95,"4,932,476",52.52,53.18,52.345
01/08/2024,52.7,"3,496,273",52.4,52.78,52.09
01/05/2024,52.39,"2,778,836",51.86,52.76,51.86
01/04/2024,52.01,"3,868,353",51.98,52.54,51.87
01/03/2024,51.8,"3,172,976",52.44,52.5,51.79
01/02/2024,52.38,"2,778,572",52.0,52.58,51.94
12/29/2023,52.05,"1,853,115",52.2,52.3,51.88
12/28/2023,52.22,"1,783,270",52.01,52.315,52.01
12/27/2023,52.07,"1,651,330",51.94,52.14,51.66
12/26/2023,51.97,"1,497,693",51.44,51.975,51.35
12/22/2023,51.47,"2,484,629",51.59,51.88,51.33
12/21/2023,51.4,"3,020,275",51.05,51.4799,50.9
12/20/2023,50.9,"3,440,861",51.51,51.93,50.87
12/19/2023,51.71,"3,933,760",51.41,51.79,51.12
12/18/2023,51.43,"4,751,151",52.05,52.08,51.3207
12/15/2023,51.63,"8,085,685",51.29,51.74,51.1
12/14/2023,51.62,"7,383,102",51.48,51.9875,51.315
12/13/2023,50.95,"5,107,413",49.95,50.96,49.73
12/12/2023,49.91,"3,382,391",49.54,50.135,49.48
12/11/2023,49.55,"4,174,407",49.15,49.735,49.15
12/08/2023,49.06,"3,668,815",48.5,49.24,48.34
12/07/2023,48.43,"4,773,142",47.79,48.44,47.6
12/06/2023,47.52,"6,061,497",48.69,49.34,47.48
12/05/2023,48.43,"2,862,048",48.58,48.73,48.065
12/04/2023,48.68,"3,668,388",48.3,48.965,48.14
12/01/2023,48.71,"3,274,184",48.23,48.975,48.05
11/30/2023,48.32,"6,043,952",47.72,48.37,47.44
11/29/2023,47.55,"2,818,583",47.27,47.875,47.23
11/28/2023,47.1,"3,977,159",47.02,47.395,46.805
11/27/2023,47.0,"4,074,532",47.12,47.22,46.805
11/24/2023,47.35,"1,552,192",47.25,47.47,47.04
11/22/2023,47.22,"2,850,943",47.01,47.305,46.71
11/21/2023,46.93,"9,193,235",47.09,47.365,46.895
11/20/2023,47.12,"4,790,145",47.24,47.39,46.76
11/17/2023,47.2,"5,924,953",46.97,47.2,46.675
11/16/2023,46.48,"3,904,133",46.55,46.8699,46.04
11/15/2023,46.57,"8,012,787",46.57,47.145,46.55
11/14/2023,46.45,"7,886,536",46.0,46.865,46.0
11/13/2023,45.4,"2,005,235",45.32,45.645,45.22
11/10/2023,45.66,"3,596,979",45.32,45.715,45.13
11/09/2023,45.04,"6,671,274",45.42,46.01,44.93
11/08/2023,44.97,"4,320,868",44.73,45.09,44.32
11/07/2023,44.59,"3,717,613",44.69,45.21,44.56
11/06/2023,44.99,"4,017,698",45.32,45.42,44.55
11/03/2023,45.25,"4,432,843",44.91,45.53,44.72
11/02/2023,44.24,"7,494,368",43.6,44.35,43.46
11/01/2023,43.17,"5,906,044",42.5,43.37,42.42
10/31/2023,42.5,"3,661,996",42.32,42.65,42.18
10/30/2023,42.34,"3,817,757",42.1,42.545,41.8
10/27/2023,41.63,"5,848,681",41.98,42.03,41.5
10/26/2023,42.12,"5,049,410",41.44,42.525,41.435
10/25/2023,41.85,"5,640,290",41.59,41.995,41.275
10/24/2023,41.77,"3,848,172",41.57,42.38,41.395
10/23/2023,41.49,"4,688,173",41.55,41.8962,41.36
10/20/2023,41.66,"4,388,845",42.05,42.2497,41.155
10/19/2023,42.19,"5,829,336",43.25,43.42,42.11
10/18/2023,43.15,"6,832,282",43.31,44.11,43.09
10/17/2023,43.44,"17,157,910",41.0,43.92,39.66
10/16/2023,41.84,"4,290,040",41.54,42.1,41.4
10/13/2023,41.18,"3,921,098",41.44,41.985,41.025
10/12/2023,41.25,"6,274,716",42.32,42.33,40.785
10/11/2023,42.15,"2,979,288",42.18,42.57,41.915
10/10/2023,42.3,"3,103,740",42.17,42.605,42.01
10/09/2023,41.93,"3,415,461",41.64,42.13,41.63
10/06/2023,42.15,"3,673,146",41.55,42.37,41.16
10/05/2023,41.69,"3,936,379",40.93,41.7775,40.865
10/04/2023,41.24,"3,056,522",41.31,41.43,40.71
10/03/2023,41.32,"3,426,320",41.53,41.71,41.175
10/02/2023,42.07,"2,738,000",42.59,42.68,41.86
09/29/2023,42.65,"3,394,782",43.0,43.365,42.5
09/28/2023,42.68,"2,793,150",42.17,42.9,42.145
09/27/2023,42.17,"3,107,935",42.44,42.51,41.91
09/26/2023,42.25,"3,160,433",42.5,42.825,42.13
09/25/2023,42.89,"2,196,522",42.44,42.98,42.3
09/22/2023,42.7,"2,981,110",43.2,43.28,42.575
09/21/2023,43.16,"3,411,179",43.54,43.675,43.09
09/20/2023,43.7,"4,152,399",44.36,44.52,43.65
09/19/2023,44.12,"3,372,813",44.81,44.955,44.045
09/18/2023,44.8,"3,872,436",45.06,45.095,44.59
09/15/2023,45.21,"16,217,220",45.42,45.615,45.0
09/14/2023,45.82,"4,336,011",45.7,46.26,45.39
09/13/2023,45.27,"5,613,396",45.73,45.77,45.03
09/12/2023,45.38,"5,926,857",44.99,45.805,44.745
09/11/2023,44.92,"8,145,334",45.25,45.82,44.76
09/08/2023,44.78,"5,480,481",44.81,44.955,44.26
09/07/2023,44.85,"3,860,530",44.62,45.06,44.62
09/06/2023,44.68,"3,894,961",45.0,45.26,44.515
09/05/2023,45.2,"4,542,860",45.4,45.92,45.15
09/01/2023,45.42,"5,147,646",45.25,45.755,45.07
08/31/2023,44.87,"5,077,253",44.67,44.905,44.42
08/30/2023,44.49,"2,849,182",44.39,44.75,44.27
08/29/2023,44.34,"2,571,306",44.37,44.59,44.045
08/28/2023,44.25,"1,996,374",43.98,44.575,43.96
08/25/2023,43.73,"2,951,460",43.69,43.995,43.29
08/24/2023,43.57,"3,081,326",43.37,44.36,43.37
08/23/2023,43.53,"3,070,229",42.95,43.59,42.75
08/22/2023,42.81,"2,906,646",43.94,43.96,42.77
08/21/2023,43.76,"2,943,502",44.01,44.13,43.215
08/18/2023,44.02,"2,614,359",43.71,44.2875,43.63
08/17/2023,44.1,"2,960,451",44.44,44.56,43.915
08/16/2023,44.12,"2,514,763",44.24,44.43,44.05
08/15/2023,44.4,"3,190,719",44.63,44.93,44.15
08/14/2023,45.18,"3,520,299",45.86,45.9,45.11
08/11/2023,46.01,"3,630,526",45.62,46.14,45.565
08/10/2023,45.89,"3,921,249",45.45,46.01,45.38
08/09/2023,45.27,"3,661,931",45.69,46.025,45.24
08/08/2023,45.72,"3,902,981",45.27,45.815,44.94
08/07/2023,46.33,"4,616,563",45.59,46.505,45.53
08/04/2023,45.39,"3,625,866",45.5,46.1,45.265
08/03/2023,45.56,"5,054,894",45.14,45.77,44.965
08/02/2023,45.23,"4,119,989",44.63,45.28,44.41
08/01/2023,45.16,"3,401,540",45.21,45.4015,44.68
07/31/2023,45.36,"2,533,976",45.22,45.53,45.08
07/28/2023,44.98,"2,715,128",45.89,45.92,44.72
07/27/2023,45.14,"3,690,070",45.32,45.965,45.03
07/26/2023,45.62,"4,537,379",45.0,45.925,44.905
07/25/2023,44.8,"3,634,552",45.59,45.75,44.75
07/24/2023,45.51,"4,043,048",45.05,46.13,45.0
07/21/2023,45.0,"4,710,856",45.66,45.735,44.91
07/20/2023,45.63,"6,894,250",45.63,45.83,45.095
07/19/2023,45.6,"8,211,340",45.62,46.56,45.27
07/18/2023,45.33,"10,867,010",43.76,45.825,43.1
07/17/2023,43.54,"8,248,221",42.66,43.56,42.58
07/14/2023,42.53,"12,803,740",45.68,45.7,42.08
07/13/2023,45.56,"4,943,767",45.39,45.67,45.06
07/12/2023,45.22,"5,945,164",45.2,45.54,45.01
07/11/2023,44.65,"3,825,455",44.52,44.775,44.24
07/10/2023,44.11,"3,865,890",44.15,44.625,43.96
07/07/2023,44.38,"3,898,493",43.8,44.66,43.72
07/06/2023,43.82,"3,372,008",43.81,43.92,43.215
07/05/2023,44.48,"3,297,970",44.69,45.12,44.46
07/03/2023,45.07,"1,446,475",44.62,45.32,44.58
06/30/2023,44.52,"3,402,454",44.64,44.74,44.195
06/29/2023,44.2,"3,857,748",43.87,44.21,43.65
06/28/2023,43.56,"2,581,094",43.78,43.8,43.24
06/27/2023,43.84,"5,965,986",43.07,43.84,42.79
06/26/2023,43.03,"3,594,945",42.95,43.44,42.73
06/23/2023,42.84,"5,123,868",42.74,43.03,42.44
06/22/2023,43.25,"3,668,504",43.9,44.01,43.1
06/21/2023,44.0,"3,149,251",44.42,44.52,43.975
06/20/2023,44.36,"4,586,268",44.46,44.51,43.99
06/16/2023,44.65,"12,631,960",45.0,45.12,44.335
06/15/2023,44.87,"3,553,348",43.96,44.88,43.95
06/14/2023,44.17,"3,727,582",44.39,44.96,43.855
06/13/2023,44.14,"3,892,379",43.75,44.63,43.73
06/12/2023,43.72,"6,342,023",44.34,44.47,43.34
06/09/2023,44.43,"5,022,484",43.98,44.46,43.9
06/08/2023,43.85,"4,346,271",43.62,43.88,43.31
06/07/2023,43.71,"4,020,856",43.44,43.93,43.2
06/06/2023,43.41,"4,823,873",42.58,43.9,42.44
06/05/2023,42.52,"4,793,257",42.86,42.9301,42.265
06/02/2023,42.74,"6,904,816",41.81,43.155,41.69
06/01/2023,41.25,"6,258,228",40.53,41.53,40.3
05/31/2023,40.2,"7,645,868",40.29,40.53,39.9
05/30/2023,40.69,"3,877,132",40.8,40.97,40.31
05/26/2023,40.78,"3,107,841",40.42,40.99,40.39
05/25/2023,40.38,"5,302,790",40.25,40.74,40.09
05/24/2023,40.42,"3,300,420",40.92,41.01,40.29
05/23/2023,41.14,"4,455,112",41.25,41.65,41.06
05/22/2023,41.25,"3,248,289",41.04,41.345,40.79
05/19/2023,40.89,"4,661,778",41.38,41.785,40.81
05/18/2023,41.08,"4,175,490",40.47,41.12,40.39
05/17/2023,40.66,"4,246,293",40.14,40.84,40.05
05/16/2023,39.67,"3,409,341",40.38,40.579,39.65
05/15/2023,40.7,"3,246,390",40.31,40.9,40.27
05/12/2023,40.15,"5,724,166",41.05,41.055,39.805
05/11/2023,40.68,"4,660,397",40.61,40.98,40.24
05/10/2023,41.02,"3,657,707",41.9,42.09,40.75
05/09/2023,41.54,"4,023,580",41.26,41.655,41.06
05/08/2023,41.5,"3,216,933",41.53,41.7,41.19
05/05/2023,41.17,"5,034,088",40.91,41.3,40.54
05/04/2023,40.08,"5,724,658",40.49,40.8,39.755
05/03/2023,40.79,"4,715,353",41.75,41.985,40.675
05/02/2023,41.61,"6,363,616",42.08,42.16,40.95
05/01/2023,42.14,"4,199,443",42.83,42.99,42.11
04/28/2023,42.59,"3,668,024",41.7,42.835,41.66
04/27/2023,42.01,"6,731,408",41.71,42.195,41.48
04/26/2023,41.79,"4,174,332",42.35,42.785,41.6939
04/25/2023,42.49,"5,385,681",43.34,43.35,42.46
04/24/2023,43.85,"3,839,427",44.05,44.17,43.62
04/21/2023,44.05,"5,165,860",44.52,44.56,43.975
04/20/2023,44.84,"5,452,736",44.92,45.18,44.47
04/19/2023,45.24,"6,742,187",44.32,45.45,44.32
04/18/2023,44.89,"12,528,660",43.89,44.94,42.73
04/17/2023,44.23,"17,075,660",43.69,44.3,42.44
04/14/2023,46.36,"4,597,528",46.84,47.24,46.16
04/13/2023,46.2,"6,259,742",45.86,46.26,45.68
04/12/2023,45.83,"6,261,203",45.95,45.99,45.08
04/11/2023,45.74,"5,603,289",45.23,45.94,45.035
04/10/2023,45.23,"3,621,201",44.85,45.5,44.72
04/06/2023,44.85,"3,207,345",44.91,45.27,44.78
04/05/2023,44.88,"3,473,869",44.13,44.965,44.08
04/04/2023,44.68,"3,070,348",45.48,45.5,44.24
04/03/2023,45.15,"4,744,455",45.44,45.59,44.79
03/31/2023,45.44,"5,195,625",45.015,45.45,44.76
03/30/2023,44.9,"5,727,915",45.59,45.79,44.735
03/29/2023,45.06,"6,486,607",44.57,45.11,44.44
03/28/2023,43.91,"3,567,500",43.38,43.96,43.38
03/27/2023,43.64,"5,272,162",43.66,43.75,42.99
03/24/2023,42.75,"5,972,889",42.43,42.8876,41.57
03/23/2023,43.24,"5,203,497",43.9,44.16,42.865
03/22/2023,43.95,"4,974,282",45.21,45.34,43.895
03/21/2023,45.14,"6,479,388",44.69,45.455,44.57
03/20/2023,43.27,"7,227,664",43.18,43.93,42.91
03/17/2023,42.58,"11,173,710",43.76,43.82,42.3
03/16/2023,44.4,"7,326,137",43.52,44.75,43.0081
03/15/2023,44.01,"10,377,790",44.19,44.38,43.23
03/14/2023,45.73,"9,702,788",45.56,46.22,45.2
03/13/2023,44.12,"14,691,160",45.86,46.09,44.04
03/10/2023,47.31,"8,288,813",47.36,48.46,46.48
03/09/2023,48.0,"7,043,523",49.59,49.75,47.65
03/08/2023,49.8,"4,988,750",49.58,50.38,49.5
03/07/2023,49.5,"6,113,332",51.01,51.2,49.4
03/06/2023,51.14,"4,328,529",51.39,51.84,51.085
03/03/2023,51.33,"5,540,333",50.37,51.595,50.36
03/02/2023,50.19,"3,902,708",50.35,50.385,49.59
03/01/2023,50.52,"4,165,784",50.24,50.87,50.24
02/28/2023,50.88,"5,744,840",50.88,51.155,50.7
02/27/2023,50.84,"3,919,451",50.97,51.25,50.715
02/24/2023,50.46,"4,243,604",49.98,50.65,49.66
02/23/2023,50.29,"4,337,431",50.51,50.67,50.04
02/22/2023,50.16,"3,608,499",50.51,50.76,49.88
02/21/2023,50.43,"4,759,766",51.2,51.3,50.21
02/17/2023,51.5,"3,036,197",51.11,51.63,50.97
02/16/2023,51.29,"3,833,513",51.37,51.5601,51.2
02/15/2023,51.77,"3,274,948",51.31,51.83,51.31
02/14/2023,51.71,"3,558,189",51.64,52.26,51.6
02/13/2023,51.92,"3,269,349",51.37,52.01,51.27
02/10/2023,51.4,"3,768,968",51.29,51.59,51.11
02/09/2023,51.57,"6,053,459",52.01,52.225,51.5
02/08/2023,51.78,"4,441,394",51.25,51.975,51.09
02/07/2023,51.43,"6,652,926",50.3,51.59,50.3
02/06/2023,50.54,"4,795,338",49.86,50.56,49.75
02/03/2023,50.23,"7,106,642",49.89,50.74,49.78
02/02/2023,50.17,"7,285,507",51.01,51.105,49.87
02/01/2023,50.8,"6,485,627",49.97,51.26,49.91
01/31/2023,50.57,"6,531,425",49.69,50.58,49.56
01/30/2023,49.77,"4,589,964",49.69,50.25,49.64
01/27/2023,50.06,"7,450,548",50.57,50.67,50.05
01/26/2023,50.61,"4,308,234",50.24,50.71,49.935
01/25/2023,49.99,"3,606,406",49.06,50.0,49.05
01/24/2023,49.46,"4,304,440",49.28,49.76,48.88
01/23/2023,49.34,"5,320,540",49.24,49.615,49.085
01/20/2023,49.24,"6,801,968",48.79,49.24,48.44
01/19/2023,48.92,"7,254,002",48.71,49.05,48.25
01/18/2023,49.23,"10,813,180",49.35,49.95,49.18
01/17/2023,49.68,"11,402,020",48.97,50.09,48.595
01/13/2023,49.03,"13,424,130",47.66,49.665,47.63
01/12/2023,48.16,"8,980,976",48.47,48.76,47.89
01/11/2023,48.18,"6,987,295",48.03,48.956,47.9
01/10/2023,48.01,"3,746,724",48.1,48.365,47.86
01/09/2023,48.14,"4,021,799",47.98,48.75,47.98
01/06/2023,47.95,"4,277,106",47.47,48.07,47.135
01/05/2023,47.21,"4,269,119",47.22,47.525,46.93
01/04/2023,47.44,"7,777,666",47.58,48.03,47.1
01/03/2023,46.3,"5,319,253",45.98,46.94,45.77
12/30/2022,45.52,"3,116,061",45.32,45.555,45.155
12/29/2022,45.66,"3,088,408",44.91,45.73,44.8
12/28/2022,44.63,"2,013,128",44.82,44.925,44.56
12/27/2022,44.82,"2,109,641",44.81,44.915,44.505
12/23/2022,44.65,"2,273,450",44.44,44.7068,44.2
12/22/2022,44.48,"2,669,872",44.45,44.79,43.67
12/21/2022,44.78,"3,291,796",44.8,45.07,44.63
12/20/2022,44.29,"3,099,319",44.34,44.815,44.19
12/19/2022,44.17,"3,739,087",44.04,44.58,43.91
12/16/2022,44.09,"5,047,645",43.63,44.21,43.55
12/15/2022,44.24,"3,761,104",44.13,44.57,43.835
12/14/2022,44.94,"4,285,157",45.65,45.76,44.61
12/13/2022,45.72,"6,162,871",46.0,46.33,45.2
12/12/2022,44.85,"4,732,914",44.71,45.0,44.51
12/09/2022,44.71,"4,406,310",44.53,45.22,44.47
12/08/2022,44.59,"5,331,213",44.8,45.01,44.325
12/07/2022,44.61,"11,740,740",42.59,44.9,42.24
12/06/2022,42.84,"5,192,786",43.2,43.67,42.565
12/05/2022,44.04,"3,534,970",44.98,45.1,43.77
12/02/2022,45.22,"3,022,063",45.27,45.6,44.87
12/01/2022,45.76,"4,608,133",45.9,46.0,45.01
11/30/2022,45.9,"6,045,982",44.88,45.96,44.24
11/29/2022,44.84,"3,003,211",44.79,45.005,44.53
11/28/2022,44.8,"3,626,699",45.25,45.45,44.685
11/25/2022,45.67,"1,146,691",45.52,45.85,45.4
11/23/2022,45.49,"2,981,617",45.14,45.75,45.02
11/22/2022,45.24,"3,793,322",44.94,45.815,44.77
11/21/2022,44.65,"2,985,577",44.42,44.72,44.21
11/18/2022,44.56,"3,913,471",44.53,44.9712,44.18
11/17/2022,43.88,"5,799,342",43.17,43.995,42.97
11/16/2022,43.81,"3,010,291",43.83,44.11,43.515
11/15/2022,43.83,"5,454,485",43.83,44.19,43.25
11/14/2022,43.58,"4,189,475",44.33,44.605,43.55
11/11/2022,44.52,"5,808,846",44.25,44.695,43.96
11/10/2022,44.07,"8,734,165",43.63,44.5482,43.38
11/09/2022,42.1,"2,820,505",42.5,42.71,42.035
11/08/2022,42.7,"4,825,781",42.49,43.005,42.24
11/07/2022,42.42,"5,968,690",42.81,42.85,42.2825
11/04/2022,42.49,"5,520,825",42.05,42.86,41.92
11/03/2022,41.53,"5,055,271",41.6,41.9,41.125
11/02/2022,42.04,"4,617,848",42.28,43.27,42.025
11/01/2022,42.23,"3,911,880",42.43,42.53,41.85
10/31/2022,42.11,"4,365,021",41.93,42.3987,41.74
10/28/2022,42.32,"6,189,720",41.86,42.52,41.67
10/27/2022,41.65,"6,395,685",41.72,42.18,41.51
10/26/2022,41.26,"6,690,116",41.42,41.875,40.915
10/25/2022,41.6,"5,950,918",40.7,41.74,40.43
10/24/2022,40.84,"6,918,397",40.43,41.07,40.23
10/21/2022,40.23,"8,365,748",38.47,40.405,38.11
10/20/2022,38.42,"6,931,773",38.97,39.625,38.37
10/19/2022,39.02,"8,774,609",39.58,40.175,38.685
10/18/2022,39.96,"9,040,613",41.05,41.52,39.37
10/17/2022,40.36,"7,340,322",39.48,40.96,39.48
10/14/2022,38.41,"6,436,061",39.37,39.88,38.3
10/13/2022,39.21,"7,088,419",36.82,39.38,36.22
10/12/2022,37.29,"8,082,381",38.25,38.55,37.27
10/11/2022,38.48,"4,983,111",38.91,39.175,38.27
10/10/2022,39.21,"4,829,530",39.79,39.93,39.175
10/07/2022,39.48,"3,944,135",40.25,40.41,39.18
10/06/2022,40.68,"3,103,198",41.1,41.42,40.59
10/05/2022,41.36,"4,036,332",40.95,41.565,40.72
10/04/2022,41.37,"6,319,563",40.52,41.425,40.5
10/03/2022,39.66,"7,427,632",38.89,39.92,38.43
09/30/2022,38.52,"4,490,153",38.99,39.51,38.465
09/29/2022,38.88,"4,732,231",39.06,39.25,38.485
09/28/2022,39.59,"5,979,440",39.06,39.815,38.75
09/27/2022,38.94,"5,489,466",39.76,39.89,38.3
09/26/2022,39.47,"6,757,472",39.82,40.28,39.24
09/23/2022,40.17,"5,753,432",40.49,40.63,39.33
09/22/2022,40.93,"5,509,989",42.47,42.56,40.91
09/21/2022,42.3,"3,273,325",43.56,43.62,42.29
09/20/2022,43.27,"2,953,249",43.84,43.91,42.9
09/19/2022,44.21,"3,068,377",43.46,44.52,43.41
09/16/2022,43.89,"6,152,717",44.09,44.31,43.47
09/15/2022,44.44,"4,175,738",43.85,45.0099,43.7
09/14/2022,43.72,"4,941,827",44.2,44.58,43.28
09/13/2022,44.11,"5,766,463",43.85,44.86,43.77
09/12/2022,44.28,"4,347,102",44.5,44.81,43.935
09/09/2022,44.14,"4,303,093",44.12,44.31,43.8
09/08/2022,43.82,"4,857,616",42.1,43.84,42.02
09/07/2022,42.43,"4,515,582",40.96,42.555,40.91
09/06/2022,41.14,"3,505,947",41.39,41.47,40.56
09/02/2022,41.12,"3,137,707",41.94,42.365,40.815
09/01/2022,41.36,"3,032,109",41.45,41.45,40.49
08/31/2022,41.53,"3,295,469",41.98,42.07,41.52
08/30/2022,41.68,"2,278,720",42.0,42.13,41.35
08/29/2022,41.76,"2,540,193",41.77,42.17,41.47
08/26/2022,42.0,"3,185,491",43.78,43.85,41.99
08/25/2022,43.5,"2,500,725",43.15,43.745,42.99
08/24/2022,42.98,"2,258,805",42.85,43.295,42.68
08/23/2022,42.97,"1,983,325",43.37,43.61,42.95
08/22/2022,43.24,"3,406,719",43.2,43.625,42.98
08/19/2022,43.89,"3,649,210",44.36,44.3688,43.604
08/18/2022,44.66,"2,662,608",44.68,44.71,44.012
08/17/2022,44.81,"2,334,557",44.44,45.11,44.29
08/16/2022,45.03,"3,095,523",44.42,45.445,44.42
08/15/2022,44.71,"2,566,119",44.35,45.03,44.153
08/12/2022,44.9,"2,648,330",44.62,44.93,44.305
08/11/2022,44.37,"2,620,633",44.46,44.57,44.0425
08/10/2022,43.99,"2,538,274",43.5,44.33,43.5
08/09/2022,43.19,"2,101,828",43.24,43.375,42.8
08/08/2022,43.08,"2,731,972",43.8,43.94,43.05
08/05/2022,43.5,"2,533,724",43.0,43.79,42.84
08/04/2022,43.06,"1,933,857",43.74,43.92,43.025
08/03/2022,43.71,"2,463,540",43.47,43.805,43.03
08/02/2022,42.95,"2,453,394",42.85,43.42,42.58
08/01/2022,43.29,"2,375,714",43.05,43.43,42.62
07/29/2022,43.46,"2,385,059",43.05,43.58,42.97
07/28/2022,43.03,"2,131,847",43.08,43.2,42.02
07/27/2022,42.88,"2,965,438",42.43,43.0667,42.06
07/26/2022,42.11,"2,699,868",42.68,42.965,41.94
07/25/2022,43.02,"2,296,598",43.15,43.22,42.645
07/22/2022,42.72,"3,039,308",43.14,43.445,42.34
07/21/2022,43.48,"2,907,386",43.3,43.56,42.96
07/20/2022,43.13,"3,966,350",43.4,43.42,42.59
07/19/2022,43.58,"3,638,543",43.34,43.855,43.21
07/18/2022,42.77,"4,314,704",43.93,44.41,42.52
07/15/2022,43.41,"4,984,942",41.72,43.7489,41.19
07/14/2022,40.44,"5,075,701",40.3,40.64,39.78
07/13/2022,41.27,"3,874,030",41.21,41.48,40.65
07/12/2022,41.77,"3,144,239",41.3,42.75,41.27
07/11/2022,41.71,"2,285,112",41.45,41.94,41.2
07/08/2022,41.89,"1,945,972",42.5,42.63,41.68
07/07/2022,42.29,"2,585,302",42.07,42.605,41.94
07/06/2022,41.58,"2,567,052",41.75,41.99,41.13
07/05/2022,42.08,"3,026,559",41.58,42.1,40.98
07/01/2022,42.42,"2,891,031",41.38,42.56,41.1499
06/30/2022,41.71,"3,223,506",41.55,42.15,41.1
06/29/2022,42.41,"4,320,015",42.84,43.04,42.21
06/28/2022,42.86,"2,969,217",43.54,44.05,42.75
06/27/2022,43.06,"3,135,463",43.71,43.78,42.87
06/24/2022,43.6,"15,201,790",42.03,43.79,42.03
06/23/2022,42.0,"4,429,557",42.13,42.37,41.21
06/22/2022,42.23,"5,059,241",41.75,42.495,41.75
06/21/2022,42.32,"3,540,384",42.24,42.45,41.81
06/17/2022,41.13,"9,578,547",41.36,41.955,40.99
06/16/2022,41.21,"5,415,901",41.03,41.275,40.43
06/15/2022,41.87,"6,117,035",41.29,42.46,41.29
06/14/2022,40.6,"5,924,762",41.7,42.07,40.26
06/13/2022,41.47,"6,128,666",41.95,42.14,41.13
06/10/2022,42.79,"4,777,718",43.12,43.42,42.54
06/09/2022,44.04,"2,716,498",45.0,45.38,44.01
06/08/2022,45.34,"2,943,151",45.82,46.091,45.22
06/07/2022,46.34,"3,108,258",45.52,46.44,45.31
06/06/2022,45.95,"3,018,244",46.06,46.735,45.83
06/03/2022,45.59,"2,453,589",46.11,46.26,45.555
06/02/2022,46.47,"3,506,717",45.77,46.5,45.38
06/01/2022,45.65,"3,910,613",46.57,46.67,45.02
05/31/2022,46.61,"7,085,819",46.18,46.975,45.64
05/27/2022,46.48,"3,353,974",45.75,46.48,45.7
05/26/2022,45.66,"3,251,769",45.35,45.87,45.29
05/25/2022,44.72,"4,350,928",44.21,45.005,44.115
05/24/2022,44.34,"4,504,477",44.36,44.6,43.145
05/23/2022,44.68,"4,231,227",44.7,45.19,44.23
05/20/2022,43.77,"5,013,639",43.77,44.13,42.95
05/19/2022,43.32,"7,209,986",42.48,43.75,42.44
05/18/2022,43.29,"4,077,091",44.2,44.255,43.14
05/17/2022,44.59,"3,985,882",44.19,44.76,43.88
05/16/2022,43.24,"3,554,634",43.32,43.655,42.5
05/13/2022,43.46,"4,247,679",43.31,43.81,42.93
05/12/2022,42.81,"5,360,163",42.16,43.17,41.9
05/11/2022,42.43,"5,478,959",43.11,44.01,42.36
05/10/2022,42.96,"5,286,926",43.62,44.05,42.25
05/09/2022,43.21,"4,976,142",43.25,43.82,42.89
05/06/2022,43.76,"4,787,986",44.08,44.14,43.2
05/05/2022,44.1,"5,736,326",44.33,44.33,43.25
05/04/2022,44.8,"5,974,101",43.23,44.845,42.96
05/03/2022,43.11,"7,146,267",42.94,43.69,42.53
05/02/2022,42.7,"8,096,841",42.37,42.94,41.765
04/29/2022,42.06,"4,450,426",43.47,43.68,41.955
04/28/2022,43.46,"5,682,949",43.21,43.54,42.35
04/27/2022,42.35,"6,646,730",42.485,42.91,42.175
04/26/2022,43.26,"6,224,803",43.99,44.52,43.25
04/25/2022,44.37,"6,538,085",43.79,44.48,43.14
04/22/2022,44.21,"4,750,906",45.9,46.05,44.14
04/21/2022,46.15,"4,681,189",47.57,47.77,46.035
04/20/2022,47.02,"4,966,410",46.97,47.53,46.79
04/19/2022,46.52,"6,382,692",46.33,46.82,46.15
04/18/2022,46.21,"6,036,269",45.6,46.66,44.9856
04/14/2022,47.29,"7,288,992",48.44,48.97,47.26
04/13/2022,48.34,"6,033,997",47.28,48.39,46.88
04/12/2022,47.65,"4,187,001",47.81,48.63,47.415
04/11/2022,48.07,"3,728,535",48.0,48.92,47.79
04/08/2022,48.34,"3,155,726",47.96,48.615,47.77
04/07/2022,47.76,"4,522,697",48.11,48.4104,46.9511
04/06/2022,48.2,"5,110,440",48.7,48.73,47.955
04/05/2022,48.96,"4,317,709",49.26,49.62,48.74
04/04/2022,49.51,"5,495,065",49.5,49.83,48.57
04/01/2022,49.45,"4,259,828",50.29,50.48,49.1
03/31/2022,49.63,"5,804,939",51.51,51.77,49.61
03/30/2022,51.84,"4,156,469",52.1,52.43,51.56
03/29/2022,52.74,"3,567,849",53.38,53.63,52.3
03/28/2022,52.51,"4,196,004",52.79,52.8,51.895
03/25/2022,52.74,"4,283,309",52.09,53.01,52.03
03/24/2022,52.04,"3,879,721",52.04,52.2,51.45
03/23/2022,51.73,"3,659,112",52.4,52.675,51.68
03/22/2022,52.69,"5,306,555",52.87,53.46,52.305
03/21/2022,52.18,"6,884,424",52.64,52.91,51.79
03/18/2022,52.3,"19,554,900",52.52,52.58,51.12
03/17/2022,52.51,"7,149,544",51.06,52.54,50.37
03/16/2022,51.91,"7,218,802",51.57,52.71,50.91
03/15/2022,50.55,"5,743,707",50.84,50.99,49.95
03/14/2022,50.53,"6,226,190",50.78,51.31,50.2433
03/11/2022,50.0,"5,755,471",50.86,51.12,49.795
03/10/2022,50.0,"9,396,127",50.72,51.175,48.84
03/09/2022,52.18,"6,970,478",52.81,53.36,52.02
03/08/2022,50.73,"8,072,548",50.69,51.83,49.89
03/07/2022,50.01,"8,228,847",50.39,50.835,49.82
03/04/2022,50.92,"6,249,049",50.92,51.23,50.205
03/03/2022,52.36,"4,794,676",52.25,52.86,51.57
03/02/2022,52.14,"4,690,570",51.16,52.72,51.16
03/01/2022,50.58,"8,434,756",52.76,52.76,49.805
02/28/2022,53.15,"9,772,302",52.59,53.5,52.35
02/25/2022,54.37,"6,413,212",52.97,54.48,52.81
02/24/2022,52.5,"8,487,932",51.685,52.695,50.61
02/23/2022,53.35,"6,770,598",56.0,56.25,53.09
02/22/2022,55.64,"6,203,780",56.0,56.625,55.2
02/18/2022,56.38,"7,611,471",57.09,57.46,56.01
02/17/2022,57.35,"9,864,686",61.48,61.69,57.3
02/16/2022,62.5,"3,657,784",61.81,62.89,61.59
02/15/2022,62.23,"4,486,066",62.13,62.56,61.81
02/14/2022,61.47,"5,335,432",62.35,62.53,60.769
02/11/2022,62.33,"6,374,812",63.15,64.295,61.91
02/10/2022,63.47,"6,032,973",62.825,64.63,62.825
02/09/2022,63.66,"3,345,085",63.92,63.92,63.11
02/08/2022,63.62,"4,925,918",63.11,63.97,62.69
02/07/2022,62.25,"2,890,601",61.96,62.54,61.63
02/04/2022,61.81,"4,373,469",60.87,62.66,60.61
02/03/2022,60.77,"2,957,287",61.35,61.675,60.63
02/02/2022,61.05,"4,345,982",60.56,61.12,60.19
02/01/2022,60.69,"4,779,022",59.58,60.906,59.05
01/31/2022,59.26,"6,889,484",58.07,59.33,57.55
01/28/2022,58.48,"4,126,965",57.86,58.51,57.0
01/27/2022,58.37,"4,958,615",59.51,60.68,57.59
01/26/2022,58.92,"5,581,782",59.65,60.3499,58.17
01/25/2022,59.02,"5,919,623",58.33,59.595,57.04
01/24/2022,58.9,"7,162,124",56.05,59.04,55.17
01/21/2022,57.18,"5,983,693",59.68,59.76,56.855
01/20/2022,59.92,"6,989,935",59.26,61.21,58.95
01/19/2022,59.24,"6,248,590",63.19,63.2,58.98
01/18/2022,62.92,"6,764,966",61.69,63.22,61.5
01/14/2022,63.6,"5,777,535",63.2,63.69,62.16
01/13/2022,63.65,"4,159,904",63.56,64.53,63.49
01/12/2022,63.55,"6,411,305",63.35,63.915,62.87
01/11/2022,63.07,"4,054,367",62.7,63.28,61.95
01/10/2022,62.8,"5,214,738",63.13,63.42,62.02
01/07/2022,62.33,"5,161,692",61.36,62.39,60.99
01/06/2022,61.3,"3,510,485",61.0,61.44,60.24
01/05/2022,60.18,"3,673,355",61.21,61.62,60.06
01/04/2022,60.6,"4,918,568",59.36,61.215,59.33
01/03/2022,58.51,"3,254,618",58.6,59.02,58.345
12/31/2021,58.08,"1,911,976",57.96,58.3,57.86
12/30/2021,57.97,"1,587,049",58.29,58.6799,57.93
12/29/2021,58.37,"1,828,466",58.62,58.85,58.29
12/28/2021,58.46,"1,810,920",58.39,58.98,58.343
12/27/2021,58.52,"2,388,377",58.2,58.53,57.93
12/23/2021,58.11,"1,841,905",58.18,58.82,58.015
12/22/2021,57.91,"2,337,748",57.85,58.255,57.69
12/21/2021,57.89,"3,413,114",57.16,58.13,57.135
12/20/2021,56.48,"4,102,140",56.68,57.0,55.34
12/17/2021,57.5,"14,390,580",58.14,58.36,56.88
12/16/2021,58.42,"5,397,774",58.43,58.76,57.6724
12/15/2021,56.9,"3,755,183",56.9,57.06,55.88
12/14/2021,56.78,"3,663,438",56.18,57.43,56.135
12/13/2021,56.13,"3,415,602",56.66,56.66,55.84
12/10/2021,56.73,"4,363,366",57.42,57.47,56.615
12/09/2021,57.08,"5,190,113",56.2,57.62,55.86
12/08/2021,56.32,"5,629,926",56.08,57.42,55.82
12/07/2021,56.13,"4,105,689",55.97,56.345,55.56
12/06/2021,55.43,"3,789,812",55.23,56.16,54.74
12/03/2021,54.88,"5,346,525",56.26,56.36,54.39
12/02/2021,56.15,"4,069,913",54.61,56.515,54.49
12/01/2021,54.14,"4,833,392",56.09,56.485,54.095
11/30/2021,54.79,"7,490,291",56.32,56.32,54.58
11/29/2021,57.01,"3,797,248",57.4,57.7,56.7
11/26/2021,56.75,"3,300,107",56.81,57.165,55.97
11/24/2021,58.92,"2,607,886",58.85,59.32,58.44
11/23/2021,59.01,"2,606,346",58.63,59.07,58.31
11/22/2021,58.21,"2,946,923",57.8,58.86,57.66
11/19/2021,57.07,"3,812,692",57.16,57.48,56.363
11/18/2021,57.77,"2,902,532",58.125,58.42,57.58
11/17/2021,58.05,"2,940,593",59.01,59.19,57.825
11/16/2021,59.15,"3,395,705",59.83,59.94,59.13
11/15/2021,59.91,"2,376,021",60.29,60.38,59.73
11/12/2021,60.08,"3,394,039",60.0,60.15,59.61
11/11/2021,59.99,"3,832,047",59.14,60.44,58.935
11/10/2021,59.16,"4,153,289",58.46,59.6,58.425
11/09/2021,58.58,"3,770,147",58.61,58.87,58.16
11/08/2021,58.98,"3,218,389",59.16,59.46,58.705
11/05/2021,58.82,"3,949,635",59.46,59.68,58.765
11/04/2021,59.06,"3,285,388",59.89,60.01,58.505
11/03/2021,60.09,"3,024,299",59.67,60.48,59.53
11/02/2021,59.93,"3,260,931",59.98,60.47,59.79
11/01/2021,60.02,"3,694,586",59.85,60.06,59.48
10/29/2021,59.2,"4,660,676",59.17,59.75,59.03
10/28/2021,59.44,"3,852,437",58.49,59.52,58.49
10/27/2021,58.45,"4,410,578",58.79,59.49,58.38
10/26/2021,59.1,"3,896,686",59.53,59.59,58.945
10/25/2021,59.4,"3,416,950",59.82,59.9,59.23
10/22/2021,59.71,"4,978,550",59.99,60.52,59.52
10/21/2021,59.74,"4,178,140",59.48,60.06,59.13
10/20/2021,59.31,"6,276,399",57.65,59.655,57.47
10/19/2021,57.65,"5,765,253",55.99,57.7,55.5
10/18/2021,57.41,"5,218,911",57.07,57.99,57.0
10/15/2021,57.16,"5,498,415",57.04,57.695,56.73
10/14/2021,56.57,"6,279,796",55.9,56.63,55.5
10/13/2021,55.29,"5,423,546",55.5,55.64,54.45
10/12/2021,55.51,"4,697,909",55.51,56.06,55.28
10/11/2021,55.52,"4,945,320",55.89,56.65,55.48
10/08/2021,55.84,"4,712,361",54.67,56.14,54.61
10/07/2021,54.53,"5,684,836",55.14,55.42,54.4
10/06/2021,54.54,"5,223,705",53.84,54.78,53.54
10/05/2021,54.42,"4,891,077",53.19,54.735,53.05
10/04/2021,52.85,"5,220,248",52.75,53.89,52.67
10/01/2021,52.92,"4,899,708",51.84,53.365,51.83
09/30/2021,51.84,"4,400,134",52.97,53.17,51.83
09/29/2021,52.63,"2,829,096",52.81,52.98,52.355
09/28/2021,52.91,"5,439,040",53.53,54.29,52.8
09/27/2021,53.4,"4,790,773",52.04,53.785,51.962
09/24/2021,51.55,"2,724,793",51.31,52.14,51.31
09/23/2021,51.5,"4,696,268",50.58,52.0,50.47
09/22/2021,49.93,"4,190,687",49.99,50.39,49.78
09/21/2021,49.3,"4,083,094",49.82,49.99,49.13
09/20/2021,49.59,"6,154,522",49.84,49.94,48.74
09/17/2021,51.15,"11,539,060",51.18,51.49,50.465
09/16/2021,51.37,"6,188,949",52.42,52.56,50.98
09/15/2021,52.07,"5,786,906",51.2,52.18,51.05
09/14/2021,51.14,"4,407,163",52.33,52.5,50.88
09/13/2021,52.24,"4,015,550",52.29,52.595,51.82
09/10/2021,51.91,"6,892,473",53.23,53.25,51.855
09/09/2021,52.88,"4,140,433",52.86,53.66,52.8
09/08/2021,52.98,"4,143,116",53.01,53.09,52.52
09/07/2021,53.12,"3,993,123",53.89,54.0,53.0
09/03/2021,53.93,"3,049,926",54.41,54.49,53.715
09/02/2021,54.31,"3,589,702",54.5,54.67,54.07
09/01/2021,54.4,"4,792,216",55.235,55.54,54.19
08/31/2021,55.22,"3,964,194",55.29,55.6,54.88
08/30/2021,55.18,"2,473,818",56.6,56.64,55.155
08/27/2021,56.41,"4,315,736",55.49,56.5,55.4
08/26/2021,55.48,"4,310,793",55.56,55.88,55.4
08/25/2021,55.57,"4,656,350",54.7,55.97,54.53
08/24/2021,54.53,"3,503,082",54.23,54.875,54.04
08/23/2021,54.06,"3,598,807",53.63,54.395,53.63
08/20/2021,53.32,"4,261,792",52.76,53.515,52.44
08/19/2021,52.77,"5,392,065",52.93,53.32,52.54
08/18/2021,53.53,"4,584,701",53.6,54.545,53.26
08/17/2021,53.8,"4,458,090",53.89,54.33,53.4
08/16/2021,54.27,"4,338,376",53.51,54.37,53.17
08/13/2021,53.87,"6,786,661",54.72,54.99,53.77
08/12/2021,54.89,"3,872,335",54.77,55.02,54.43
08/11/2021,54.77,"5,025,996",54.02,54.86,53.79
08/10/2021,53.83,"4,596,317",53.22,54.04,53.16
08/09/2021,53.38,"4,641,382",53.0,53.72,52.73
08/06/2021,53.16,"5,601,737",52.4,53.52,52.35
08/05/2021,51.8,"4,796,250",51.81,52.245,51.59
08/04/2021,51.49,"4,305,267",51.6,52.065,51.22
08/03/2021,52.0,"4,523,147",51.45,52.305,50.81
08/02/2021,51.28,"5,429,271",51.73,52.56,51.21
07/30/2021,51.33,"4,527,724",51.05,51.68,50.96
07/29/2021,51.3,"4,450,357",50.91,51.76,50.58
07/28/2021,50.35,"6,609,592",50.41,50.875,49.909
07/27/2021,50.19,"6,017,624",49.64,50.84,49.43
07/26/2021,50.25,"4,557,221",49.5,50.475,49.47
07/23/2021,49.97,"4,411,871",50.21,50.54,49.69
07/22/2021,49.83,"4,774,149",49.99,50.06,49.51
07/21/2021,50.06,"5,143,167",49.81,50.4873,49.6
07/20/2021,49.44,"6,411,304",47.58,49.955,47.33
07/19/2021,47.58,"7,374,580",48.35,48.56,47.32
07/16/2021,49.38,"8,166,338",48.96,49.585,48.51
07/15/2021,48.68,"6,848,516",48.29,49.67,47.57
07/14/2021,49.28,"4,859,251",49.89,50.39,48.99
07/13/2021,49.96,"2,722,342",50.3,50.48,49.645
07/12/2021,50.28,"2,990,045",49.56,50.54,49.25
07/09/2021,49.93,"3,569,378",49.32,50.09,49.09
07/08/2021,48.34,"4,510,857",48.73,48.97,48.03
07/07/2021,49.48,"3,009,224",49.21,49.69,48.91
07/06/2021,49.49,"6,178,835",50.99,51.1,49.205
07/02/2021,51.24,"3,068,014",51.4,51.53,50.99
07/01/2021,51.43,"2,867,252",51.56,51.74,51.16
06/30/2021,51.23,"5,501,557",50.72,51.375,50.55
06/29/2021,51.02,"3,920,475",51.25,51.68,50.87
06/28/2021,50.86,"2,792,369",50.8,50.905,50.16
06/25/2021,50.99,"4,168,338",50.41,51.14,50.28
06/24/2021,50.25,"3,681,967",49.61,50.45,49.38
06/23/2021,49.37,"4,596,351",49.57,49.87,49.35
06/22/2021,49.44,"3,888,618",49.69,49.74,49.04
06/21/2021,49.66,"4,172,292",48.61,49.73,48.51
06/18/2021,48.22,"11,517,020",48.87,48.95,48.04
06/17/2021,49.48,"7,322,994",51.83,51.85,49.155
06/16/2021,51.23,"9,781,325",50.34,51.95,49.64
06/15/2021,50.45,"3,687,835",49.79,50.57,49.65
06/14/2021,49.64,"5,997,170",50.15,50.51,48.83
06/11/2021,50.41,"3,568,978",49.96,50.445,49.9
06/10/2021,49.87,"3,189,479",51.04,51.25,49.835
06/09/2021,50.62,"2,910,423",51.08,51.08,50.55
06/08/2021,51.42,"2,803,304",51.41,51.64,50.85
06/07/2021,51.82,"2,285,858",52.33,52.33,51.77
06/04/2021,52.21,"2,204,884",52.18,52.25,51.635
06/03/2021,52.2,"2,788,668",52.05,52.475,51.73
06/02/2021,52.12,"3,302,349",52.23,52.43,51.74
06/01/2021,52.3,"3,182,027",52.81,52.9,52.04
05/28/2021,52.08,"3,404,430",52.18,52.215,51.65
05/27/2021,52.1,"6,573,431",52.21,52.69,51.82
05/26/2021,51.56,"3,766,381",51.41,51.71,50.98
05/25/2021,51.12,"3,035,229",51.77,52.25,51.0
05/24/2021,51.74,"2,663,962",51.61,51.86,51.465
05/21/2021,51.56,"3,669,099",50.8,51.755,50.72
05/20/2021,50.61,"2,854,628",50.85,50.99,50.41
05/19/2021,50.86,"4,990,264",50.21,50.89,49.81
05/18/2021,50.75,"5,463,969",52.04,52.305,50.73
05/17/2021,52.09,"3,919,940",51.8,52.29,51.425
05/14/2021,51.78,"4,497,265",51.98,52.29,51.635
05/13/2021,51.69,"4,724,079",50.76,52.01,50.62
05/12/2021,51.03,"4,204,100",52.13,52.34,50.865
05/11/2021,51.58,"6,502,161",51.87,52.63,51.35
05/10/2021,52.27,"4,710,292",52.19,52.82,52.0
05/07/2021,51.82,"4,638,914",51.17,51.95,50.59
05/06/2021,51.89,"4,923,237",51.61,51.925,51.34
05/05/2021,51.45,"3,064,799",50.61,51.59,50.14
05/04/2021,50.49,"6,153,761",50.13,50.65,49.99
05/03/2021,50.23,"3,896,205",50.25,50.45,49.7
04/30/2021,49.88,"6,879,776",49.97,50.245,49.705
04/29/2021,50.08,"6,958,553",49.5,50.2568,49.43
04/28/2021,49.18,"5,937,950",48.61,49.24,48.61
04/27/2021,48.55,"5,566,795",47.87,48.655,47.58
04/26/2021,48.11,"5,556,091",47.84,48.54,47.75
04/23/2021,47.6,"4,502,737",46.55,47.89,46.25
04/22/2021,46.55,"5,367,491",46.87,47.23,46.38
04/21/2021,47.19,"4,994,433",46.31,47.41,46.19
04/20/2021,46.58,"7,287,780",46.64,47.21,46.28
04/19/2021,46.81,"6,313,979",46.27,46.934,46.13
04/16/2021,46.07,"9,955,790",47.05,47.5,45.8
04/15/2021,48.01,"7,748,111",48.73,48.8,47.95
04/14/2021,48.64,"4,218,989",48.3,48.97,48.09
04/13/2021,48.34,"3,233,076",48.81,48.92,48.26
04/12/2021,49.09,"2,843,604",48.62,49.13,48.53
04/09/2021,48.62,"3,172,440",48.3,48.695,48.17
04/08/2021,48.0,"3,119,410",47.63,48.05,47.39
04/07/2021,47.84,"3,351,646",48.03,48.29,47.6
04/06/2021,47.78,"3,120,408",48.04,48.13,47.41
04/05/2021,48.13,"3,655,615",47.98,48.5,47.6801
04/01/2021,47.47,"4,046,110",47.24,47.5184,46.85
03/31/2021,47.29,"4,847,388",47.63,47.88,47.22
03/30/2021,47.86,"4,451,209",47.8,48.145,47.5
03/29/2021,47.52,"4,829,210",46.63,47.905,46.46
03/26/2021,47.49,"7,321,358",46.82,47.56,46.76
03/25/2021,46.33,"6,261,771",45.34,46.37,44.695
03/24/2021,45.25,"5,262,286",45.49,46.04,45.25
03/23/2021,44.37,"3,727,790",44.94,45.34,44.195
03/22/2021,45.21,"6,265,684",45.37,45.8,44.88
03/19/2021,46.35,"14,555,340",46.19,46.71,45.605
03/18/2021,46.7,"6,303,573",47.03,47.76,46.53
03/17/2021,46.51,"4,903,967",46.67,46.82,45.88
03/16/2021,46.24,"3,732,732",46.41,46.63,45.92
03/15/2021,46.69,"3,675,981",46.69,46.78,46.0189
03/12/2021,46.66,"4,741,844",46.54,46.9,46.2
03/11/2021,45.73,"3,697,104",45.56,46.0,45.2
03/10/2021,45.9,"5,011,985",45.11,46.2701,44.9
03/09/2021,44.94,"6,057,814",45.03,45.935,44.35
03/08/2021,45.63,"4,341,741",45.57,46.16,45.1532
03/05/2021,45.03,"5,828,733",45.4,45.72,44.4
03/04/2021,44.76,"6,910,317",44.53,45.35,44.04
03/03/2021,44.53,"7,398,087",43.78,45.56,43.78
03/02/2021,43.6,"4,494,559",43.71,44.32,43.58
03/01/2021,43.68,"6,377,147",42.86,43.87,42.69
02/26/2021,42.16,"6,967,323",43.04,43.2,41.98
02/25/2021,43.42,"7,042,347",44.61,44.945,43.25
02/24/2021,44.26,"7,416,804",43.97,44.57,43.83
02/23/2021,43.83,"8,004,612",43.98,44.54,43.65
02/22/2021,43.73,"9,732,975",42.1,43.98,42.08
02/19/2021,42.32,"5,899,935",42.42,42.89,42.24
02/18/2021,42.18,"3,716,872",42.56,42.8,41.9
02/17/2021,42.9,"4,602,223",42.78,43.3,42.43
02/16/2021,42.75,"8,707,618",42.19,43.3491,42.11
02/12/2021,41.93,"8,844,761",41.89,42.54,41.58
02/11/2021,42.13,"10,917,510",43.0,43.84,42.03
02/10/2021,41.74,"4,574,807",42.11,42.39,41.71
02/09/2021,41.96,"4,202,839",41.85,42.15,41.4
02/08/2021,41.95,"3,988,347",42.15,42.44,41.79
02/05/2021,42.03,"3,505,045",42.53,42.58,41.885
02/04/2021,42.23,"5,019,677",41.29,42.3,41.17
02/03/2021,41.06,"5,403,207",40.72,41.315,40.56
02/02/2021,40.85,"8,285,451",40.75,41.625,40.53
02/01/2021,40.47,"7,013,646",40.13,41.07,40.02
01/29/2021,39.83,"7,392,663",40.21,40.595,39.455
01/28/2021,40.69,"7,315,459",40.08,41.06,40.04
01/27/2021,39.82,"8,475,508",40.76,40.84,39.58
01/26/2021,41.34,"5,936,765",41.48,41.665,40.88
01/25/2021,41.3,"8,239,637",41.5,41.695,41.11
01/22/2021,41.93,"5,509,162",41.81,42.275,41.47
01/21/2021,42.26,"8,672,271",42.53,42.79,41.7
01/20/2021,42.49,"10,494,480",43.72,44.0,42.26
01/19/2021,45.82,"6,427,772",45.75,46.33,45.2301
01/15/2021,45.57,"4,330,838",45.96,46.13,45.32
01/14/2021,46.53,"3,362,424",46.36,46.8362,45.8051
01/13/2021,46.32,"4,343,292",46.52,46.835,46.185
01/12/2021,46.56,"4,933,797",45.91,46.67,45.85
01/11/2021,45.56,"4,590,248",44.43,45.57,44.1
01/08/2021,44.8,"3,621,016",45.35,45.46,44.43
01/07/2021,45.28,"5,079,021",45.59,46.04,45.24
01/06/2021,45.01,"8,467,161",43.52,45.42,43.43
01/05/2021,42.16,"4,592,376",41.69,42.425,41.3411
01/04/2021,41.69,"5,710,205",42.5,42.64,41.23
12/31/2020,42.44,"2,956,571",41.69,42.49,41.58
12/30/2020,41.69,"2,824,931",41.48,41.8651,41.39
12/29/2020,41.44,"3,244,728",41.58,41.675,41.21
12/28/2020,41.44,"3,294,437",41.34,41.89,41.07
12/24/2020,41.04,"1,254,770",41.15,41.2,40.62
12/23/2020,40.98,"3,833,939",40.54,41.32,40.43
12/22/2020,40.28,"4,173,361",41.35,41.36,40.25
12/21/2020,41.42,"7,362,269",41.53,42.14,40.396
12/18/2020,40.79,"10,343,640",40.33,40.91,40.23
12/17/2020,40.41,"4,896,623",40.59,40.69,40.16
12/16/2020,40.45,"4,770,976",40.29,40.67,40.1037
12/15/2020,40.19,"4,741,669",40.37,40.505,39.7165
12/14/2020,39.83,"4,456,198",40.83,40.98,39.795
12/11/2020,40.24,"6,298,637",40.73,40.9,40.135
12/10/2020,41.36,"6,598,369",40.36,41.5,40.28
12/09/2020,40.79,"5,833,478",41.045,41.505,40.695
12/08/2020,40.78,"4,657,918",40.03,40.85,40.01
12/07/2020,40.34,"4,652,305",40.28,40.57,39.87
12/04/2020,40.65,"5,224,280",40.24,40.8,40.24
12/03/2020,40.12,"5,286,688",40.02,40.285,39.61
12/02/2020,39.99,"4,778,870",39.45,40.15,39.29
12/01/2020,39.46,"6,028,554",39.8,40.1,39.34
11/30/2020,39.12,"6,200,707",40.02,40.06,38.94
11/27/2020,39.95,"2,259,197",40.8,40.8,39.86
11/25/2020,40.37,"5,737,478",40.45,40.645,39.83
11/24/2020,40.69,"6,188,974",39.2,40.835,39.15
11/23/2020,38.55,"4,093,562",38.33,38.825,38.12
11/20/2020,37.88,"6,106,349",37.73,38.0982,37.52
11/19/2020,38.49,"4,173,379",37.86,38.605,37.7612
11/18/2020,38.74,"7,207,393",39.65,40.21,38.72
11/17/2020,39.44,"3,870,854",39.03,39.69,38.84
11/16/2020,39.71,"4,664,856",39.77,39.94,39.22
11/13/2020,38.71,"3,872,565",38.2,38.96,38.04
11/12/2020,37.73,"4,461,019",38.13,38.39,37.325
11/11/2020,38.6,"6,169,536",39.7,39.7,38.23
11/10/2020,39.22,"6,628,070",39.17,39.52,38.43
11/09/2020,39.16,"9,647,240",38.44,40.06,38.41
11/06/2020,35.07,"4,336,626",35.75,35.85,34.915
11/05/2020,35.6,"6,184,346",34.89,35.93,34.86
11/04/2020,34.7,"7,630,290",35.13,35.645,34.39
11/03/2020,35.99,"6,011,473",35.83,36.33,35.61
11/02/2020,35.1,"5,640,015",35.02,35.285,34.52
10/30/2020,34.36,"5,521,476",34.16,34.38,33.64
10/29/2020,34.32,"6,401,322",33.95,34.595,33.19
10/28/2020,34.08,"8,743,784",34.88,35.0867,34.01
10/27/2020,35.56,"4,361,684",36.31,36.49,35.51
10/26/2020,36.73,"4,531,188",37.17,37.37,36.345
10/23/2020,37.67,"3,727,014",37.87,38.165,37.59
10/22/2020,37.56,"3,810,599",36.81,37.635,36.55
10/21/2020,36.91,"4,221,461",36.93,37.52,36.855
10/20/2020,37.1,"3,375,708",37.38,37.705,36.975
10/19/2020,36.96,"3,852,782",38.07,38.2,36.88
10/16/2020,38.02,"7,351,541",38.18,38.75,37.48
10/15/2020,37.23,"8,070,400",36.27,37.23,36.22
10/14/2020,36.59,"6,360,812",36.88,37.155,36.58
10/13/2020,36.88,"4,178,442",37.84,37.84,36.675
10/12/2020,37.81,"5,554,099",37.62,38.0,37.545
10/09/2020,37.7,"5,888,433",37.3,37.98,37.15
10/08/2020,37.18,"3,641,954",36.61,37.21,36.47
10/07/2020,36.46,"6,004,761",35.42,36.67,35.42
10/06/2020,35.23,"5,064,212",35.8,36.2,35.16
10/05/2020,35.38,"3,655,461",35.04,35.635,35.01
10/02/2020,34.74,"5,850,625",33.88,34.95,33.81
10/01/2020,34.17,"8,063,935",34.46,34.705,33.91
09/30/2020,34.34,"8,479,953",33.87,34.52,33.87
09/29/2020,33.87,"4,204,891",34.08,34.16,33.63
09/28/2020,34.29,"3,291,911",33.97,34.61,33.86
09/25/2020,33.4,"3,460,907",32.82,33.48,32.65
09/24/2020,33.14,"3,805,807",33.31,33.43,32.67
09/23/2020,33.25,"4,213,834",33.61,34.2,33.23
09/22/2020,33.48,"4,801,718",33.86,34.165,33.045
09/21/2020,33.97,"4,781,268",34.47,34.82,33.365
09/18/2020,35.4,"5,826,989",35.45,35.865,35.345
09/17/2020,35.56,"3,182,053",35.09,35.61,35.05
09/16/2020,35.57,"6,385,245",34.87,36.16,34.84
09/15/2020,34.87,"6,877,485",35.7,35.88,34.48
09/14/2020,35.96,"4,116,401",36.33,36.71,35.86
09/11/2020,36.0,"3,521,314",35.58,36.23,35.52
09/10/2020,35.57,"4,037,786",36.04,36.17,35.51
09/09/2020,35.89,"4,106,768",36.26,36.37,35.835
09/08/2020,36.04,"4,954,535",37.06,37.2,35.99
09/04/2020,37.5,"6,450,546",37.64,38.22,37.33
09/03/2020,36.85,"5,060,873",37.91,38.45,36.49
09/02/2020,37.67,"3,830,567",37.14,37.79,37.06
09/01/2020,37.21,"3,136,134",36.8,37.36,36.54
08/31/2020,36.98,"3,874,579",37.56,37.56,36.785
08/28/2020,37.56,"3,139,023",37.72,37.7235,37.22
08/27/2020,37.55,"4,594,477",36.62,37.76,36.61
08/26/2020,36.62,"3,219,634",36.67,36.86,36.29
08/25/2020,36.67,"4,094,591",36.74,36.95,36.47
08/24/2020,36.4,"5,810,030",35.73,36.5,35.56
08/21/2020,35.73,"2,607,247",35.93,36.08,35.6
08/20/2020,35.87,"4,403,158",36.55,36.64,35.725
08/19/2020,36.99,"4,279,967",37.02,37.705,36.81
08/18/2020,36.79,"4,003,355",37.01,37.09,36.68
08/17/2020,37.09,"4,786,632",37.57,37.64,36.91
08/14/2020,37.53,"2,651,663",37.12,37.78,37.12
08/13/2020,37.28,"4,609,397",37.38,37.815,36.89
08/12/2020,37.98,"3,680,310",38.93,38.94,37.6275
08/11/2020,38.14,"4,709,646",38.66,39.16,38.065
08/10/2020,37.94,"4,859,770",37.79,38.13,37.54
08/07/2020,37.75,"5,757,380",35.96,37.83,35.94
08/06/2020,35.99,"3,047,549",36.11,36.48,35.88
08/05/2020,36.3,"5,788,515",36.07,36.36,35.86
08/04/2020,35.84,"4,849,170",35.96,36.275,35.63
08/03/2020,36.03,"4,073,859",35.93,36.15,35.52
07/31/2020,35.85,"4,720,555",35.76,35.99,35.565
07/30/2020,35.86,"4,703,922",35.82,35.91,35.45
07/29/2020,36.35,"5,475,608",36.14,36.53,35.62
07/28/2020,36.07,"5,882,371",35.53,36.22,35.5
07/27/2020,35.75,"4,402,014",35.92,35.97,35.27
07/24/2020,36.23,"5,809,069",36.35,36.75,36.09
07/23/2020,36.54,"5,495,640",35.95,36.675,35.65
07/22/2020,36.04,"7,478,115",36.5,36.58,35.51
07/21/2020,36.69,"6,877,856",36.08,36.735,35.8
07/20/2020,35.94,"3,917,142",35.86,36.18,35.72
07/17/2020,36.12,"6,360,499",36.86,36.9,36.04
07/16/2020,36.74,"6,434,893",36.66,37.385,36.17
07/15/2020,36.86,"14,629,270",36.96,37.4,36.0
07/14/2020,38.97,"5,500,494",38.69,39.29,38.28
07/13/2020,38.86,"4,760,548",38.91,39.29,38.045
07/10/2020,38.38,"3,412,083",37.15,38.485,37.07
07/09/2020,37.15,"6,186,481",38.53,38.77,36.98
07/08/2020,38.82,"7,450,701",37.87,38.94,37.77
07/07/2020,37.77,"4,163,611",38.15,38.235,37.615
07/06/2020,38.55,"3,910,427",38.7,38.96,38.29
07/02/2020,37.94,"4,114,591",38.32,38.89,37.8
07/01/2020,37.59,"5,923,978",38.69,38.755,37.43
06/30/2020,38.65,"8,099,108",36.98,38.88,36.88
06/29/2020,36.95,"4,300,449",36.85,37.29,36.63
06/26/2020,36.32,"7,386,857",37.55,37.73,36.04
06/25/2020,38.15,"7,176,301",37.09,38.24,36.98
06/24/2020,37.23,"7,383,158",38.22,38.29,37.2
06/23/2020,38.72,"4,882,725",39.13,39.52,38.69
06/22/2020,38.53,"3,967,915",38.78,39.145,38.425
06/19/2020,39.23,"13,302,720",39.35,39.4,38.3
06/18/2020,38.63,"3,606,355",38.31,39.15,38.2
06/17/2020,38.73,"4,841,899",38.74,39.37,38.32
06/16/2020,38.72,"4,984,597",39.72,39.85,38.22
06/15/2020,38.43,"4,125,304",37.07,38.65,36.85
06/12/2020,38.44,"6,191,764",39.07,39.27,37.28
06/11/2020,37.68,"8,338,521",38.34,39.18,37.53
06/10/2020,39.95,"6,664,578",41.19,41.19,39.81
06/09/2020,41.42,"4,537,834",41.16,41.77,40.95
06/08/2020,42.29,"5,488,468",42.88,43.17,41.52
06/05/2020,42.3,"7,172,142",42.89,42.99,41.61
06/04/2020,40.44,"5,165,918",39.17,40.45,38.95
06/03/2020,39.34,"4,371,097",39.06,39.6,38.86
06/02/2020,38.33,"3,989,125",38.07,38.54,37.94
06/01/2020,37.7,"2,999,894",37.37,38.085,37.26
05/29/2020,37.17,"5,766,693",37.05,37.6901,36.685
05/28/2020,37.59,"5,393,368",39.11,39.21,37.57
05/27/2020,38.57,"7,335,936",38.39,38.93,37.585
05/26/2020,36.89,"7,954,291",35.69,37.68,35.55
05/22/2020,34.5,"5,236,437",35.06,35.06,34.3
05/21/2020,34.98,"5,796,862",34.65,35.225,34.6
05/20/2020,34.84,"6,587,022",34.06,34.96,34.01
05/19/2020,33.52,"5,591,341",33.58,33.96,33.11
05/18/2020,33.73,"6,944,202",33.06,33.95,32.76
05/15/2020,32.06,"4,121,490",32.06,32.38,31.7
05/14/2020,32.44,"7,074,549",31.96,32.605,31.2365
05/13/2020,32.49,"6,877,194",32.62,32.73,31.645
05/12/2020,32.99,"6,567,814",34.58,34.81,32.98
05/11/2020,34.45,"5,014,820",34.83,34.91,34.3873
05/08/2020,35.34,"4,757,955",35.56,35.62,34.82
05/07/2020,34.85,"5,595,148",34.98,35.855,34.7
05/06/2020,34.5,"5,061,543",35.4,35.54,34.49
05/05/2020,35.14,"3,679,606",36.03,36.18,35.125
05/04/2020,35.54,"4,139,311",35.65,35.74,35.055
05/01/2020,36.0,"4,005,294",36.65,36.74,35.845
04/30/2020,37.54,"4,397,728",37.28,37.72,36.93
04/29/2020,38.02,"7,790,024",38.39,38.39,37.43
04/28/2020,37.4,"3,929,104",38.07,38.25,37.315
04/27/2020,36.94,"5,342,647",35.85,37.23,35.69
04/24/2020,35.76,"4,132,524",35.75,36.075,35.08
04/23/2020,35.32,"4,287,689",35.71,35.945,35.1
04/22/2020,35.52,"4,128,406",35.91,35.91,35.15
04/21/2020,35.21,"6,779,960",35.33,36.105,34.865
04/20/2020,36.41,"6,156,106",36.75,36.87,35.9
04/17/2020,37.39,"8,579,895",37.47,37.775,36.82
04/16/2020,36.14,"9,772,328",37.24,37.77,35.52
04/15/2020,34.63,"5,291,454",34.91,35.19,34.43
04/14/2020,36.34,"5,368,601",36.73,36.95,35.5
04/13/2020,36.0,"7,002,812",36.98,37.0,35.41
04/09/2020,37.14,"8,038,605",36.34,37.88,36.17
04/08/2020,35.65,"5,860,639",35.09,35.9,34.71
04/07/2020,34.8,"8,191,587",37.18,37.305,34.74
04/06/2020,35.24,"6,782,107",35.63,35.72,34.45
04/03/2020,33.75,"5,085,403",33.46,34.23,32.9632
04/02/2020,33.64,"6,709,735",32.4,33.945,32.07
04/01/2020,32.7,"7,727,181",31.95,33.095,31.38
03/31/2020,33.68,"7,049,836",33.56,34.88,33.29
03/30/2020,34.0,"6,232,210",32.6,34.18,31.72
03/27/2020,32.54,"5,764,585",31.63,33.535,31.28
03/26/2020,33.0,"8,442,571",31.93,33.17,30.93
03/25/2020,31.64,"9,866,701",31.51,32.885,29.51
03/24/2020,31.0,"9,411,694",29.21,31.59,29.17
03/23/2020,27.49,"8,555,226",28.81,28.96,26.93
03/20/2020,29.07,"9,555,948",30.3,31.31,28.87
03/19/2020,30.0,"7,907,605",28.46,31.32,27.7
03/18/2020,28.76,"10,176,630",28.06,29.5406,26.4
03/17/2020,29.97,"11,954,600",30.13,30.6,28.19
03/16/2020,29.18,"9,714,885",29.14,32.62,29.0
03/13/2020,34.13,"9,089,324",31.75,34.13,30.45
03/12/2020,29.52,"9,726,587",31.85,32.34,29.4
03/11/2020,34.2,"8,600,293",35.62,35.92,33.7
03/10/2020,36.55,"8,741,406",36.51,36.61,35.04
03/09/2020,34.95,"8,351,880",34.8,37.44,34.2
03/06/2020,38.07,"9,299,774",37.57,38.74,37.36
03/05/2020,39.3,"10,984,110",38.56,40.12,38.16
03/04/2020,40.5,"12,017,480",39.31,40.91,38.65
03/03/2020,38.83,"14,057,780",40.89,40.94,38.1
03/02/2020,40.96,"11,490,650",40.03,40.96,39.2
02/28/2020,39.9,"14,506,950",39.515,40.07,38.54
02/27/2020,40.96,"11,049,290",40.51,42.82,40.23
02/26/2020,41.37,"6,741,572",41.82,42.07,41.19
02/25/2020,41.59,"5,765,061",43.21,43.42,41.33
02/24/2020,43.13,"5,088,329",44.02,44.12,42.8968
02/21/2020,45.04,"5,058,517",45.51,45.74,44.83
02/20/2020,45.83,"2,925,869",45.8,46.3,45.6
02/19/2020,45.92,"3,956,973",45.3,46.01,45.2
02/18/2020,45.29,"3,253,802",45.8,46.03,45.18
02/14/2020,45.9,"3,770,824",46.1,46.23,45.69
02/13/2020,46.03,"2,699,350",46.44,46.6,45.955
02/12/2020,46.56,"2,631,647",46.81,47.195,46.5139
02/11/2020,46.42,"3,480,555",46.66,46.795,46.31
02/10/2020,46.49,"3,079,060",46.98,47.055,46.34
02/07/2020,47.25,"3,866,985",47.23,47.505,46.98
02/06/2020,47.54,"5,696,917",47.25,47.625,47.06
02/05/2020,46.98,"5,209,430",46.48,47.195,46.45
02/04/2020,45.95,"6,870,934",45.84,46.63,45.83
02/03/2020,45.21,"6,482,200",45.04,45.875,44.92
01/31/2020,44.78,"6,765,759",45.04,45.19,44.34
01/30/2020,45.4,"5,153,412",44.16,45.48,44.1
01/29/2020,44.46,"9,835,988",45.1,45.18,44.28
01/28/2020,44.97,"8,295,772",45.4,45.43,44.81
01/27/2020,45.05,"5,940,144",45.17,45.76,45.04
01/24/2020,45.95,"6,416,428",46.66,46.7,45.54
01/23/2020,47.02,"5,586,173",46.48,47.44,46.25
01/22/2020,46.73,"6,344,932",46.92,47.07,46.5
01/21/2020,46.78,"7,863,205",46.31,47.5,46.23
01/17/2020,46.18,"12,580,020",46.85,46.96,45.86
01/16/2020,46.72,"12,395,220",46.75,47.45,46.36
01/15/2020,50.69,"4,273,620",50.73,50.89,50.37
01/14/2020,51.01,"3,150,124",50.83,51.21,50.645
01/13/2020,50.88,"3,557,461",50.67,50.89,50.545
01/10/2020,50.54,"3,307,775",51.39,51.39,50.42
01/09/2020,51.48,"2,775,413",51.51,51.6,51.27
01/08/2020,51.31,"3,941,404",51.45,51.57,51.01
01/07/2020,51.25,"3,573,860",50.69,51.42,50.69
01/06/2020,50.74,"3,978,978",50.31,50.75,50.0227
01/03/2020,50.27,"2,276,082",50.26,50.43,49.8
01/02/2020,50.92,"2,587,186",50.46,50.92,50.215
12/31/2019,50.33,"2,264,833",50.14,50.48,50.06
12/30/2019,50.18,"3,458,208",50.54,50.71,50.085
12/27/2019,50.32,"1,859,160",50.53,50.635,50.17
12/26/2019,50.49,"1,211,867",50.46,50.65,50.29
12/24/2019,50.35,"763,740",50.39,50.47,50.165
12/23/2019,50.37,"2,084,437",50.65,50.7,50.09
12/20/2019,50.63,"8,378,257",50.94,51.11,50.48
12/19/2019,50.85,"4,391,393",50.95,51.25,50.73
12/18/2019,51.0,"5,175,174",51.11,51.26,50.92
12/17/2019,51.16,"4,071,024",50.62,51.25,50.51
12/16/2019,50.16,"3,239,857",50.73,51.04,50.1
12/13/2019,50.22,"3,885,607",51.03,51.4,50.16
12/12/2019,51.22,"4,453,253",50.13,51.3955,49.92
12/11/2019,49.88,"4,365,258",49.93,50.37,49.8
12/10/2019,49.84,"3,265,747",49.76,49.91,49.53
12/09/2019,49.7,"2,665,017",49.57,49.89,49.41
12/06/2019,49.64,"3,687,027",49.83,49.93,49.61
12/05/2019,49.27,"2,372,529",49.03,49.295,48.9
12/04/2019,48.78,"2,189,061",48.12,48.89,48.12
12/03/2019,48.12,"3,845,601",48.61,48.69,47.91
12/02/2019,49.13,"3,429,775",49.11,49.395,48.96
11/29/2019,48.97,"3,290,357",48.88,49.1,48.64
11/27/2019,48.96,"2,820,100",49.02,49.15,48.775
11/26/2019,48.78,"3,525,746",49.37,49.43,48.545
11/25/2019,49.33,"2,359,774",48.86,49.445,48.8527
11/22/2019,48.8,"3,133,657",48.65,49.1,48.56
11/21/2019,48.57,"2,743,634",48.99,49.11,48.5
11/20/2019,48.88,"3,204,842",48.56,48.94,48.38
11/19/2019,48.69,"3,054,830",48.99,49.0,48.56
11/18/2019,48.73,"2,930,857",48.63,49.025,48.43
11/15/2019,48.57,"4,286,131",48.56,48.62,48.1936
11/14/2019,48.42,"2,034,717",48.32,48.63,48.18
11/13/2019,48.35,"2,806,342",48.38,48.765,48.04
11/12/2019,48.9,"3,443,831",49.21,49.31,48.78
11/11/2019,49.06,"2,988,305",49.2,49.57,48.985
11/08/2019,49.2,"3,748,684",49.33,49.67,48.98
11/07/2019,49.4,"5,281,346",49.54,50.03,49.39
11/06/2019,49.13,"3,460,007",49.15,49.49,48.93
11/05/2019,49.17,"6,953,238",48.94,49.65,48.87
11/04/2019,48.72,"6,596,940",47.74,48.74,47.595
11/01/2019,47.16,"7,002,211",47.09,47.6,46.94
10/31/2019,46.75,"8,581,636",46.44,46.75,46.18
10/30/2019,46.62,"5,709,160",46.57,46.845,46.32
10/29/2019,46.63,"8,328,269",46.66,47.175,46.61
10/28/2019,46.89,"5,010,894",46.75,47.02,46.615
10/25/2019,46.38,"5,696,967",45.92,46.75,45.86
10/24/2019,46.28,"5,723,127",46.68,46.85,45.96
10/23/2019,46.73,"6,547,837",46.04,46.95,46.04
10/22/2019,46.14,"5,818,266",45.62,46.72,45.33
10/21/2019,45.67,"6,941,720",45.53,45.97,45.47
10/18/2019,45.34,"7,161,704",44.32,45.91,44.25
10/17/2019,44.38,"4,233,931",44.99,45.2,44.33
10/16/2019,44.44,"7,767,075",45.0,45.67,44.42
10/15/2019,44.36,"11,084,330",44.07,44.47,43.56
10/14/2019,43.91,"5,008,844",43.92,44.1266,43.41
10/11/2019,44.12,"5,316,140",44.39,44.69,44.06
10/10/2019,43.5,"4,185,001",42.93,43.79,42.8
10/09/2019,42.83,"3,735,436",42.68,42.99,42.31
10/08/2019,42.33,"8,077,789",41.92,42.7,41.66
10/07/2019,42.24,"7,868,484",42.6,42.605,42.17
10/04/2019,42.63,"14,416,510",42.59,42.77,42.14
10/03/2019,42.43,"9,546,182",42.54,42.79,42.02
10/02/2019,42.49,"7,628,056",43.4,43.5,42.43
10/01/2019,43.73,"4,891,271",45.21,45.28,43.59
09/30/2019,45.21,"5,699,735",44.88,45.48,44.78
09/27/2019,44.53,"13,736,510",45.98,46.14,44.08
09/26/2019,46.63,"2,604,352",46.82,46.91,46.38
09/25/2019,46.89,"2,785,452",46.37,46.99,46.28
09/24/2019,46.25,"2,783,127",46.6,46.89,46.002
09/23/2019,46.77,"2,357,794",46.08,46.84,46.03
09/20/2019,46.38,"8,355,775",46.98,47.2,46.23
09/19/2019,46.98,"3,258,211",46.95,47.45,46.645
09/18/2019,47.0,"4,667,941",46.37,47.24,45.93
09/17/2019,46.35,"4,957,936",45.43,46.37,45.36
09/16/2019,46.75,"2,811,510",46.38,46.995,46.1443
09/13/2019,46.9,"3,209,560",46.88,47.17,46.58
09/12/2019,46.31,"3,106,621",46.13,46.56,45.72
09/11/2019,46.34,"3,986,747",45.96,46.36,45.3
09/10/2019,45.78,"5,969,944",45.77,46.25,45.29
09/09/2019,45.48,"7,858,998",43.31,45.8,43.17
09/06/2019,43.03,"3,388,916",42.94,43.1,42.6
09/05/2019,42.82,"4,544,446",42.55,43.35,42.32
09/04/2019,41.92,"2,671,594",41.96,42.04,41.49
09/03/2019,41.53,"3,614,446",41.69,41.84,41.01
08/30/2019,42.06,"3,051,029",42.02,42.25,41.83
08/29/2019,41.72,"3,051,507",41.47,42.06,41.4
08/28/2019,41.05,"4,186,598",40.79,41.19,40.52
08/27/2019,40.95,"3,878,326",41.34,41.53,40.895
08/26/2019,41.11,"4,231,947",41.33,41.45,40.84
08/23/2019,41.02,"3,737,502",41.9,42.24,40.77
08/22/2019,42.17,"3,712,680",42.23,42.47,41.815
08/21/2019,41.94,"3,295,649",42.13,42.37,41.82
08/20/2019,41.96,"2,441,677",42.52,42.585,41.91
08/19/2019,42.72,"2,843,651",43.03,43.07,42.71
08/16/2019,42.33,"2,938,187",41.95,42.5,41.92
08/15/2019,41.67,"3,583,658",42.02,42.35,41.415
08/14/2019,41.96,"4,952,614",42.75,43.06,41.92
08/13/2019,43.67,"6,130,129",44.27,44.66,43.565
08/12/2019,44.38,"4,275,643",45.26,45.505,44.32
08/09/2019,45.81,"5,077,343",45.44,46.1067,45.205
08/08/2019,45.57,"5,054,797",45.0,45.97,44.94
08/07/2019,44.73,"6,223,621",44.5,45.0,43.63
08/06/2019,45.45,"5,007,742",45.19,45.46,44.56
08/05/2019,45.06,"5,557,800",45.24,45.62,44.56
08/02/2019,46.03,"4,764,697",45.97,46.28,44.3
08/01/2019,45.97,"6,863,716",46.38,47.5,45.82
07/31/2019,46.92,"6,635,688",46.91,47.36,46.655
07/30/2019,47.04,"4,223,137",46.39,47.16,46.28
07/29/2019,46.82,"4,524,040",47.44,47.57,46.805
07/26/2019,47.6,"4,789,726",47.25,47.655,46.61
07/25/2019,47.29,"5,004,921",47.3,47.43,46.675
07/24/2019,47.1,"5,310,842",46.56,47.305,46.41
07/23/2019,46.72,"6,243,146",46.23,46.95,46.04
07/22/2019,45.82,"4,900,380",45.19,46.0,45.04
07/19/2019,45.27,"7,744,214",45.06,45.767,44.97
07/18/2019,44.86,"5,705,633",44.28,44.98,44.11
07/17/2019,44.12,"6,526,966",43.37,44.71,43.37
07/16/2019,43.11,"4,872,620",43.34,43.635,43.05
07/15/2019,43.15,"4,958,711",43.6,43.6,42.97
07/12/2019,43.56,"3,290,175",43.78,43.88,43.145
07/11/2019,43.65,"3,951,751",43.16,43.74,43.015
07/10/2019,43.04,"3,804,788",43.46,43.485,42.92
07/09/2019,43.4,"4,179,803",42.63,43.42,42.46
07/08/2019,43.03,"6,209,478",43.85,44.01,42.82
07/05/2019,44.53,"3,527,884",44.86,45.12,44.16
07/03/2019,44.64,"2,714,136",44.31,44.655,43.955
07/02/2019,44.23,"5,205,754",44.47,44.74,44.055
07/01/2019,44.47,"4,124,833",44.92,44.9744,44.215
06/28/2019,44.15,"7,683,523",44.0,44.56,43.77
06/27/2019,43.39,"3,024,970",43.26,43.775,43.145
06/26/2019,43.12,"5,682,564",43.48,43.58,42.9
06/25/2019,43.43,"5,941,385",43.08,43.53,42.66
06/24/2019,43.08,"4,117,841",43.32,44.02,42.97
06/21/2019,43.41,"8,578,631",43.31,44.061,43.1
06/20/2019,43.12,"11,226,680",42.68,43.19,42.125
06/19/2019,42.69,"14,111,790",43.5,43.5,42.43
06/18/2019,43.24,"10,901,940",43.56,44.21,43.175
06/17/2019,43.95,"2,516,569",44.51,44.56,43.9
06/14/2019,44.49,"2,842,179",44.55,44.7,44.04
06/13/2019,44.53,"2,573,119",44.25,44.735,44.1101
06/12/2019,44.1,"4,257,438",44.5,44.665,43.99
06/11/2019,44.5,"5,493,881",45.14,45.34,44.15
06/10/2019,44.9,"4,970,270",44.85,45.34,44.54
06/07/2019,44.4,"4,644,706",43.78,44.73,43.75
06/06/2019,43.82,"3,587,400",43.58,43.975,43.155
06/05/2019,43.61,"3,570,776",44.2,44.37,43.43
06/04/2019,44.29,"4,339,686",43.65,44.33,43.425
06/03/2019,43.05,"6,694,537",42.69,43.255,42.5
05/31/2019,42.69,"6,760,041",42.58,43.045,42.43
05/30/2019,43.25,"5,268,548",44.03,44.14,42.905
05/29/2019,44.06,"6,047,246",43.85,44.15,43.3
05/28/2019,44.33,"8,718,931",45.04,45.14,44.32
05/24/2019,45.16,"4,366,301",45.38,45.38,44.98
05/23/2019,45.24,"6,228,615",45.88,45.93,45.0
05/22/2019,46.16,"3,232,087",46.08,46.21,45.88
05/21/2019,46.21,"3,595,588",46.14,46.4,46.1
05/20/2019,45.97,"3,067,593",46.09,46.31,45.765
05/17/2019,46.08,"3,497,530",46.11,46.775,46.02
05/16/2019,46.54,"3,173,330",46.57,46.96,46.46
05/15/2019,46.51,"3,306,737",46.55,46.7552,46.13
05/14/2019,47.01,"3,942,903",47.15,47.355,46.73
05/13/2019,47.15,"4,658,071",47.29,47.81,46.93
05/10/2019,48.1,"3,987,670",47.67,48.2424,47.18
05/09/2019,47.78,"3,113,576",47.53,47.87,47.19
05/08/2019,48.05,"3,959,311",47.99,48.575,47.84
05/07/2019,48.14,"4,235,890",48.74,48.93,47.84
05/06/2019,49.33,"3,165,728",49.07,49.505,48.54
05/03/2019,49.97,"4,360,951",49.93,50.28,49.8
05/02/2019,49.83,"5,597,865",49.55,50.41,49.33
05/01/2019,49.43,"6,205,035",49.7,50.27,49.35
04/30/2019,49.66,"6,349,509",49.49,49.78,48.98
04/29/2019,49.38,"5,671,271",48.3,49.94,48.27
04/26/2019,48.43,"5,431,134",48.19,48.4599,47.51
04/25/2019,48.55,"6,818,835",48.02,48.96,47.75
04/24/2019,48.15,"7,658,997",48.22,48.455,47.77
04/23/2019,48.47,"8,468,411",48.07,48.77,47.37
04/22/2019,48.19,"7,990,143",48.25,48.577,47.89
04/18/2019,48.41,"8,317,232",48.37,48.71,47.8901
04/17/2019,48.35,"13,433,390",49.7,50.0,48.08
04/16/2019,53.44,"5,442,820",52.74,53.605,52.74
04/15/2019,52.6,"4,596,196",52.8,53.14,52.421
04/12/2019,52.81,"4,663,137",52.5,52.925,52.29
04/11/2019,51.69,"3,857,561",51.54,52.0,51.32
04/10/2019,51.29,"2,730,993",50.99,51.325,50.68
04/09/2019,50.99,"3,827,620",51.06,51.31,50.57
04/08/2019,51.25,"6,958,980",50.8801,51.33,50.8801
04/05/2019,51.18,"4,262,953",51.57,51.76,51.02
04/04/2019,51.45,"5,998,290",51.41,51.69,51.17
04/03/2019,51.24,"4,972,032",51.79,52.11,51.12
04/02/2019,51.35,"3,293,229",51.54,51.93,51.32
04/01/2019,51.46,"3,405,213",50.8,51.54,50.775
03/29/2019,50.43,"4,932,956",50.72,50.95,50.32
03/28/2019,50.39,"3,797,988",50.27,50.6,50.04
03/27/2019,50.1,"5,360,912",50.76,50.87,49.89
03/26/2019,50.84,"3,642,874",50.66,50.99,50.255
03/25/2019,50.28,"2,751,583",50.49,51.02,50.02
03/22/2019,50.5,"5,566,900",51.48,51.58,49.865
03/21/2019,51.89,"4,642,267",51.6,52.05,51.01
03/20/2019,51.98,"4,059,246",52.98,53.0,51.91
03/19/2019,53.12,"4,091,243",54.18,54.27,53.09
03/18/2019,53.98,"3,345,384",53.48,54.17,53.29
03/15/2019,53.12,"9,613,037",52.55,53.21,52.44
03/14/2019,52.76,"3,949,274",52.34,52.89,52.26
03/13/2019,52.44,"4,129,502",52.18,52.605,51.84
03/12/2019,51.91,"3,980,151",52.0,52.145,51.85
03/11/2019,51.83,"3,509,714",51.76,52.0,51.485
03/08/2019,51.48,"3,135,790",50.83,51.52,50.65
03/07/2019,51.23,"4,315,644",51.83,51.85,51.11
03/06/2019,52.06,"3,773,997",52.65,52.79,52.06
03/05/2019,52.65,"4,887,337",51.82,52.83,51.59
03/04/2019,51.91,"3,879,221",52.84,53.41,51.6
03/01/2019,52.69,"4,237,984",52.81,53.295,52.4
02/28/2019,52.48,"4,571,947",52.8,53.0,52.36
02/27/2019,52.75,"3,512,911",53.04,53.11,52.68
02/26/2019,53.04,"3,504,455",52.87,53.385,52.66
02/25/2019,52.93,"4,423,724",53.36,53.66,52.9
02/22/2019,53.22,"2,950,389",53.15,53.33,52.83
02/21/2019,52.95,"2,836,813",53.17,53.35,52.81
02/20/2019,53.32,"4,553,355",53.0,53.38,52.6
02/19/2019,52.99,"3,764,759",52.67,53.16,52.36
02/15/2019,52.99,"4,363,519",52.12,52.99,52.08
02/14/2019,51.77,"3,380,339",52.13,52.13,50.985
02/13/2019,52.43,"3,967,156",52.96,53.11,52.41
02/12/2019,52.84,"4,413,571",52.53,53.0667,52.52
02/11/2019,52.01,"3,357,104",52.0,52.11,51.71
02/08/2019,51.83,"3,875,526",51.78,52.04,51.19
02/07/2019,52.11,"3,868,537",52.3,52.6,51.66
02/06/2019,52.32,"3,441,567",52.42,52.68,52.1
02/05/2019,52.62,"3,436,910",52.5,52.75,52.22
02/04/2019,52.38,"4,255,445",52.7,52.7,52.25
02/01/2019,52.62,"4,559,149",52.35,52.73,52.23
01/31/2019,52.32,"4,248,482",52.23,52.38,51.75
01/30/2019,52.53,"4,982,316",52.53,53.22,51.96
01/29/2019,52.61,"4,070,316",53.35,53.6984,52.54
01/28/2019,53.44,"5,390,268",53.02,53.47,52.84
01/25/2019,53.4,"8,178,596",53.78,53.89,53.375
01/24/2019,53.71,"6,002,518",52.86,53.76,52.77
01/23/2019,53.06,"6,233,169",53.11,53.18,52.17
01/22/2019,52.59,"6,585,732",52.27,52.9966,52.21
01/18/2019,52.66,"8,899,746",51.8,53.04,51.49
01/17/2019,51.53,"7,595,502",49.94,51.58,49.79
01/16/2019,50.43,"7,636,194",50.09,50.74,48.76
01/15/2019,49.41,"6,215,761",48.24,49.49,48.14
01/14/2019,48.42,"4,715,888",47.64,48.89,47.63
01/11/2019,48.08,"3,696,371",47.11,48.29,46.86
01/10/2019,47.47,"4,432,844",47.5,47.92,47.22
01/09/2019,47.76,"5,270,816",47.7,47.98,47.39
01/08/2019,47.62,"4,581,189",48.08,48.21,47.02
01/07/2019,47.8,"4,043,736",47.65,48.33,47.26
01/04/2019,47.91,"4,881,517",47.38,47.97,46.91
01/03/2019,46.56,"4,332,188",47.34,47.38,46.49
01/02/2019,47.5,"4,214,789",46.55,47.55,46.41
12/31/2018,47.07,"3,900,952",46.89,47.545,46.64
12/28/2018,46.65,"4,688,265",47.1,47.26,46.35
12/27/2018,46.82,"7,873,863",45.405,46.82,45.405
12/26/2018,46.16,"7,363,923",44.65,46.16,43.67
12/24/2018,44.49,"7,228,489",44.26,45.52,44.22
12/21/2018,44.64,"17,232,000",44.58,45.89,44.12
12/20/2018,45.01,"13,050,340",45.12,46.405,44.97
12/19/2018,45.5,"13,246,210",46.64,47.21,45.265
12/18/2018,46.73,"12,997,010",49.2,49.45,46.69
12/17/2018,48.98,"9,805,763",48.39,49.89,48.14
12/14/2018,48.67,"9,624,204",47.59,49.0,47.58
12/13/2018,48.09,"7,156,738",48.13,48.69,47.72
12/12/2018,48.06,"7,603,402",48.2,48.95,47.63
12/11/2018,47.67,"9,291,971",48.39,49.0,47.59
12/10/2018,47.56,"6,243,857",47.45,47.695,46.575
12/07/2018,47.71,"6,514,532",47.8,48.58,47.39
12/06/2018,47.84,"11,506,580",47.8,48.0,46.67
12/04/2018,48.7,"8,851,305",50.53,50.79,48.42
12/03/2018,50.64,"6,307,504",51.8,51.98,50.34
11/30/2018,51.31,"5,407,297",50.6,51.39,50.6
11/29/2018,50.68,"4,898,018",50.94,51.44,50.55
11/28/2018,51.61,"7,006,635",51.54,51.67,50.34
11/27/2018,51.37,"3,642,640",50.66,51.38,50.55
11/26/2018,50.93,"5,730,635",50.44,51.41,50.38
11/23/2018,49.86,"2,122,442",49.6,50.24,49.32
11/21/2018,49.96,"5,181,487",49.62,50.465,49.45
11/20/2018,49.38,"7,325,952",49.78,49.89,48.97
11/19/2018,50.12,"6,312,409",49.34,50.325,49.19
11/16/2018,49.39,"4,548,365",49.0,49.61,48.9
11/15/2018,49.22,"6,661,998",47.75,49.24,47.455
11/14/2018,48.23,"6,616,381",48.54,49.02,47.605
11/13/2018,48.2,"4,870,087",48.17,48.74,48.05
11/12/2018,47.98,"4,897,865",48.33,48.49,47.88
11/09/2018,48.5,"4,474,890",48.82,48.9,48.21
11/08/2018,49.03,"5,826,312",48.53,49.24,48.44
11/07/2018,48.77,"4,741,670",48.5,48.87,47.75
11/06/2018,48.32,"3,623,464",47.96,48.36,47.68
11/05/2018,47.97,"4,750,355",47.37,48.11,47.37
11/02/2018,47.21,"6,151,242",48.0,48.29,46.89
11/01/2018,47.52,"4,014,893",47.61,47.82,47.22
10/31/2018,47.33,"6,202,690",47.22,47.88,47.11
10/30/2018,46.92,"7,072,272",46.1,46.975,45.925
10/29/2018,45.77,"6,216,439",45.82,46.36,45.17
10/26/2018,45.47,"9,232,002",45.71,46.03,45.305
10/25/2018,46.15,"6,699,846",45.76,46.68,45.585
10/24/2018,45.33,"7,339,585",46.24,46.38,45.2
10/23/2018,46.28,"9,870,037",45.56,46.5901,45.16
10/22/2018,46.47,"7,218,331",47.44,47.65,46.46
10/19/2018,47.4,"9,345,875",47.09,47.62,46.37
10/18/2018,47.79,"8,066,715",47.56,48.31,47.0534
10/17/2018,49.15,"7,692,611",48.58,49.45,48.12
10/16/2018,49.35,"4,623,469",48.74,49.36,48.33
10/15/2018,48.45,"6,402,323",48.96,49.15,48.45
10/12/2018,49.1,"6,000,226",50.51,50.51,48.25
10/11/2018,49.19,"8,121,957",50.42,50.93,49.13
10/10/2018,50.72,"6,211,623",52.38,52.48,50.7
10/09/2018,52.23,"3,695,977",52.45,52.52,51.965
10/08/2018,52.78,"3,867,110",52.41,52.85,52.3
10/05/2018,52.59,"4,316,832",52.83,53.14,52.42
10/04/2018,52.68,"4,825,052",52.26,52.92,52.09
10/03/2018,52.18,"3,706,790",52.07,52.52,51.895
10/02/2018,51.75,"3,245,489",51.8,52.06,51.235
10/01/2018,51.9,"4,628,383",51.15,51.93,50.93
09/28/2018,50.99,"5,310,616",51.18,51.52,50.9
09/27/2018,51.54,"4,068,197",51.94,52.0699,51.32
09/26/2018,51.92,"5,107,008",52.5,52.64,51.79
09/25/2018,52.31,"5,014,026",52.49,52.65,52.205
09/24/2018,52.37,"3,465,908",53.36,53.36,52.2232
09/21/2018,53.39,"21,719,770",53.38,53.51,53.03
09/20/2018,53.33,"4,553,874",52.76,53.38,52.69
09/19/2018,52.43,"4,941,898",51.53,52.855,51.47
09/18/2018,51.45,"3,430,968",51.4,51.57,51.11
09/17/2018,51.22,"4,768,949",51.68,51.69,50.9748
09/14/2018,51.65,"3,736,031",51.4,51.75,51.37
09/13/2018,51.22,"6,800,138",52.04,52.09,50.98
09/12/2018,52.01,"3,950,465",52.2,52.29,51.9
09/11/2018,52.24,"3,657,904",51.88,52.49,51.69
09/10/2018,52.03,"3,825,466",52.23,52.45,51.94
09/07/2018,52.18,"3,395,511",52.32,52.46,51.86
09/06/2018,52.19,"3,788,653",52.22,52.345,51.84
09/05/2018,52.25,"4,221,230",52.41,52.8785,52.14
09/04/2018,52.4,"3,920,219",52.16,52.69,51.9
08/31/2018,52.15,"3,814,994",52.03,52.18,51.7
08/30/2018,52.23,"4,356,226",52.36,52.52,52.12
08/29/2018,52.5,"4,127,557",52.9,52.91,52.3
08/28/2018,52.89,"3,620,370",53.05,53.13,52.82
08/27/2018,52.98,"3,808,247",52.84,53.44,52.76
08/24/2018,52.56,"2,833,644",52.54,52.72,52.39
08/23/2018,52.33,"3,296,901",52.43,52.46,52.17
08/22/2018,52.5,"3,011,165",52.44,52.74,52.18
08/21/2018,52.54,"4,252,305",51.74,52.81,51.64
08/20/2018,51.94,"3,629,753",51.75,51.98,51.74
08/17/2018,51.69,"3,931,200",51.4,51.7436,51.29
08/16/2018,51.52,"4,840,697",51.12,51.76,51.11
08/15/2018,50.96,"4,795,855",50.58,51.175,50.57
08/14/2018,50.97,"5,081,705",50.31,51.14,50.31
08/13/2018,50.14,"8,964,122",51.1,51.1,50.12
08/10/2018,51.02,"13,594,140",51.63,51.67,50.56
08/09/2018,52.29,"4,702,634",53.09,53.18,52.27
08/08/2018,53.14,"3,355,665",53.04,53.31,52.88
08/07/2018,52.94,"4,959,453",53.15,53.55,52.925
08/06/2018,53.03,"4,136,735",52.78,53.395,52.65
08/03/2018,52.77,"4,734,446",52.65,52.91,52.47
08/02/2018,52.63,"5,225,855",52.94,53.01,52.32
08/01/2018,53.28,"6,481,962",53.6,54.15,52.95
07/31/2018,53.47,"3,910,590",53.8,53.81,53.21
07/30/2018,53.46,"4,265,721",53.21,53.78,53.18
07/27/2018,53.41,"3,651,272",53.46,53.81,53.31
07/26/2018,53.4,"6,657,921",53.3,53.8,53.26
07/25/2018,53.3,"10,049,420",54.25,54.25,53.28
07/24/2018,54.19,"5,004,405",53.51,54.47,53.43
07/23/2018,53.25,"8,351,916",52.46,53.355,52.32
07/20/2018,52.46,"14,046,680",52.71,53.04,52.385
07/19/2018,52.73,"17,423,050",54.35,54.5,52.1
07/18/2018,55.64,"7,548,292",54.24,55.695,54.24
07/17/2018,54.05,"4,702,419",53.47,54.16,53.47
07/16/2018,53.7,"4,282,196",53.12,53.78,52.9501
07/13/2018,53.03,"4,102,140",53.34,53.64,52.74
07/12/2018,53.5,"3,347,915",53.5,53.6843,52.97
07/11/2018,53.39,"4,085,213",53.69,53.89,53.245
07/10/2018,54.03,"3,035,627",54.21,54.4,53.82
07/09/2018,54.11,"2,822,875",53.48,54.16,53.48
07/06/2018,53.2,"3,292,896",53.03,53.55,52.85
07/05/2018,53.2,"2,926,413",53.55,53.7,53.05
07/03/2018,53.19,"2,600,869",54.32,54.64,53.055
07/02/2018,54.09,"4,294,951",53.47,54.09,53.281
06/29/2018,53.93,"7,719,522",54.86,55.13,53.9
06/28/2018,54.3,"4,020,374",54.37,54.58,53.685
06/27/2018,54.2,"4,284,436",55.19,55.57,54.135
06/26/2018,55.18,"3,639,418",55.54,55.6,54.83
06/25/2018,55.67,"4,566,306",56.66,56.74,55.2
06/22/2018,56.75,"5,264,585",57.56,57.72,56.685
06/21/2018,57.15,"4,251,407",57.21,57.54,56.58
06/20/2018,57.37,"3,766,852",57.7,57.87,57.37
06/19/2018,57.34,"4,686,771",56.6,57.4899,56.51
06/18/2018,57.24,"4,203,339",56.6,57.26,56.29
06/15/2018,56.93,"6,611,941",56.65,57.09,56.09
06/14/2018,56.8,"3,418,080",57.32,57.4,56.56
06/13/2018,57.32,"3,446,164",57.67,57.935,57.05
06/12/2018,57.67,"3,245,146",57.84,57.94,57.31
06/11/2018,57.7,"3,226,500",57.64,58.015,57.41
06/08/2018,57.56,"3,627,371",57.43,57.88,56.9
06/07/2018,57.65,"7,909,988",57.72,58.22,57.22
06/06/2018,56.57,"3,792,714",55.8,56.57,55.795
06/05/2018,55.59,"5,017,910",55.43,55.93,55.17
06/04/2018,55.77,"4,672,471",55.58,55.88,55.23
06/01/2018,55.35,"5,086,520",55.45,56.0,55.205
05/31/2018,54.75,"7,143,716",55.18,55.27,54.38
05/30/2018,55.4,"6,970,542",55.82,56.18,54.95
05/29/2018,55.19,"8,703,149",56.27,56.485,54.785
05/25/2018,57.0,"3,434,630",56.97,57.22,56.61
05/24/2018,57.24,"4,098,671",57.33,57.63,56.63
05/23/2018,57.45,"3,243,860",57.12,57.46,56.525
05/22/2018,57.59,"3,884,257",57.75,58.08,57.56
05/21/2018,57.72,"3,977,695",57.4,57.8217,57.17
05/18/2018,56.96,"3,814,408",57.14,57.24,56.8001
05/17/2018,57.28,"3,540,067",57.01,57.74,56.67
05/16/2018,57.06,"3,119,941",56.8,57.26,56.6
05/15/2018,56.89,"4,292,696",57.05,57.35,56.54
05/14/2018,57.3,"2,755,763",57.42,57.62,57.08
05/11/2018,57.18,"3,273,072",57.24,57.52,57.02
05/10/2018,57.27,"4,017,409",56.85,57.32,56.64
05/09/2018,56.86,"4,749,302",56.19,56.865,55.945
05/08/2018,56.08,"5,555,907",55.54,56.425,55.5
05/07/2018,55.59,"4,555,203",54.59,55.66,54.4101
05/04/2018,54.49,"2,539,061",53.34,54.85,53.19
05/03/2018,53.85,"4,004,289",53.61,54.22,52.66
05/02/2018,53.99,"4,474,005",54.0,54.445,53.37
05/01/2018,54.19,"4,325,694",54.39,54.509,53.4537
04/30/2018,54.51,"3,619,113",55.2,55.54,54.5
04/27/2018,55.32,"3,040,831",55.42,55.65,54.945
04/26/2018,55.44,"4,356,661",55.4,55.8,55.005
04/25/2018,55.4,"5,199,469",55.21,55.83,54.76
04/24/2018,55.39,"4,785,376",56.05,56.625,54.97
04/23/2018,55.73,"6,059,188",55.34,56.33,55.34
04/20/2018,55.42,"6,990,086",55.42,55.92,54.475
04/19/2018,55.24,"7,820,526",53.72,55.25,53.5
04/18/2018,52.26,"4,207,807",52.44,53.01,52.07
04/17/2018,52.19,"4,626,076",52.43,52.83,52.14
04/16/2018,51.99,"3,316,082",51.9,52.285,51.765
04/13/2018,51.57,"4,102,688",52.42,52.54,51.25
04/12/2018,52.01,"3,757,295",51.38,52.26,51.3354
04/11/2018,50.95,"3,538,033",50.86,51.36,50.65
04/10/2018,51.38,"4,616,875",51.39,51.78,51.01
04/09/2018,50.52,"4,556,254",50.75,51.755,50.46
04/06/2018,50.35,"5,118,133",51.19,51.535,49.82
04/05/2018,51.73,"2,767,573",51.76,52.14,51.485
04/04/2018,51.48,"3,842,980",50.06,51.59,49.9
04/03/2018,50.99,"4,487,847",50.52,51.08,49.95
04/02/2018,50.15,"6,649,167",51.26,51.57,49.39
03/29/2018,51.53,"3,896,077",50.91,52.0,50.86
03/28/2018,50.61,"6,484,163",50.81,51.38,50.11
03/27/2018,50.72,"6,033,156",52.12,52.27,50.14
03/26/2018,52.14,"4,708,521",51.49,52.29,50.865
03/23/2018,50.73,"7,534,529",52.12,52.41,50.61
03/22/2018,52.02,"6,595,451",54.0,54.06,51.85
03/21/2018,54.61,"4,946,145",54.5,55.37,54.41
03/20/2018,54.43,"3,676,163",54.47,54.77,54.19
03/19/2018,54.34,"5,098,863",55.02,55.26,53.77
03/16/2018,55.0,"10,585,000",55.01,55.5,54.87
03/15/2018,54.85,"4,439,806",55.01,55.09,54.51
03/14/2018,54.87,"5,617,515",56.25,56.26,54.54
03/13/2018,55.96,"5,133,089",56.69,56.83,55.815
03/12/2018,56.44,"4,794,216",57.26,57.41,56.31
03/09/2018,57.23,"6,567,348",55.94,57.45,55.73
03/08/2018,55.69,"8,116,082",57.4,57.56,55.14
03/07/2018,56.9,"5,048,243",56.39,57.1,56.07
03/06/2018,56.87,"7,005,521",56.83,57.16,56.3
03/05/2018,56.41,"4,397,289",54.98,56.68,54.805
03/02/2018,55.37,"5,298,477",55.19,55.47,54.11
03/01/2018,55.51,"6,683,743",57.04,57.19,55.12
02/28/2018,57.03,"5,067,035",58.06,58.3,56.99
02/27/2018,57.99,"4,566,442",58.2,58.67,57.97
02/26/2018,58.18,"3,922,225",57.22,58.22,56.88
02/23/2018,56.9,"3,200,514",56.19,56.93,56.14
02/22/2018,55.9,"4,267,123",56.74,57.41,55.8
02/21/2018,56.45,"3,882,817",56.47,57.36,56.29
02/20/2018,56.42,"2,970,039",56.2,56.825,56.0499
02/16/2018,56.25,"3,256,754",55.98,56.6,55.9
02/15/2018,56.16,"3,220,361",56.5,56.68,55.67
02/14/2018,55.98,"4,066,738",54.53,56.055,54.53
02/13/2018,54.81,"3,006,446",54.36,55.0,54.12
02/12/2018,54.61,"4,849,207",54.51,55.17,53.9
02/09/2018,54.08,"6,183,246",53.98,54.46,52.11
02/08/2018,53.29,"7,116,969",55.3,55.64,53.24
02/07/2018,55.34,"6,055,504",55.22,56.205,55.21
02/06/2018,55.49,"10,513,300",53.32,55.65,52.68
02/05/2018,54.38,"7,216,282",55.76,56.72,54.27
02/02/2018,56.33,"4,340,042",57.12,57.775,56.22
02/01/2018,57.5,"3,192,166",56.68,57.55,56.38
01/31/2018,56.7,"3,484,760",56.69,57.155,56.38
01/30/2018,56.7,"4,394,628",57.16,57.61,56.7
01/29/2018,57.52,"4,048,317",57.39,57.9399,57.26
01/26/2018,57.78,"5,054,994",56.86,57.78,56.67
01/25/2018,56.85,"4,546,117",57.75,57.89,56.71
01/24/2018,57.77,"3,969,834",57.86,58.33,57.37
01/23/2018,57.72,"3,832,488",57.48,57.96,57.18
01/22/2018,57.72,"5,553,474",56.6,57.81,56.47
01/19/2018,56.61,"8,944,695",55.56,57.0,55.45
01/18/2018,55.35,"11,097,860",55.41,55.84,54.67
01/17/2018,57.89,"4,247,431",57.8,58.19,57.11
01/16/2018,57.54,"5,633,681",58.68,58.99,57.36
01/12/2018,58.42,"3,484,220",58.16,58.68,57.97
01/11/2018,57.83,"3,476,237",57.58,57.86,57.24
01/10/2018,57.3,"5,106,896",55.95,57.39,55.75
01/09/2018,55.56,"4,115,312",55.12,55.78,55.08
01/08/2018,55.06,"3,759,209",54.87,55.26,54.75
01/05/2018,54.83,"2,507,411",54.85,54.92,54.43
01/04/2018,54.69,"2,879,362",54.37,55.05,54.26
01/03/2018,54.15,"2,400,653",53.92,54.25,53.66
01/02/2018,53.82,"3,633,056",54.27,54.4,53.68
12/29/2017,53.86,"2,361,871",54.39,54.42,53.85
12/28/2017,54.12,"4,042,544",54.01,54.26,53.84
12/27/2017,53.84,"2,225,500",53.9,53.938,53.715
12/26/2017,53.81,"1,837,547",54.1,54.38,53.715
12/22/2017,54.0,"2,482,309",54.53,54.62,53.82
12/21/2017,54.36,"3,107,482",54.2,54.7,54.17
12/20/2017,53.95,"3,782,098",54.67,54.795,53.82
12/19/2017,54.2,"3,003,353",54.73,55.0,54.17
12/18/2017,54.42,"3,975,107",54.67,55.0,54.36
12/15/2017,54.2,"9,190,529",54.07,54.635,53.91
12/14/2017,54.02,"3,449,047",54.58,54.64,53.96
12/13/2017,54.38,"4,288,703",54.99,55.2,54.36
12/12/2017,54.97,"4,944,978",54.67,55.23,54.57
12/11/2017,54.54,"3,981,686",54.69,54.85,54.37
12/08/2017,54.67,"4,442,658",54.62,54.75,54.28
12/07/2017,54.22,"4,359,169",53.8,54.405,53.76
12/06/2017,54.02,"3,814,953",54.34,54.38,53.82
12/05/2017,54.43,"4,161,844",55.2,55.2,54.34
12/04/2017,54.97,"5,985,857",55.21,55.4,54.83
12/01/2017,54.45,"5,679,716",54.92,55.16,53.675
11/30/2017,54.74,"7,684,458",54.72,55.28,54.43
11/29/2017,54.41,"6,993,418",53.58,54.66,53.44
11/28/2017,53.13,"4,473,952",52.31,53.27,52.15
11/27/2017,52.18,"4,772,651",52.37,52.57,52.035
11/24/2017,52.23,"1,326,919",52.51,52.55,52.19
11/22/2017,52.43,"4,545,555",52.41,52.59,52.31
11/21/2017,52.42,"4,905,427",52.64,52.64,52.03
11/20/2017,52.52,"4,558,112",52.63,52.77,52.37
11/17/2017,52.47,"4,337,071",52.0,52.8,51.92
11/16/2017,52.23,"5,229,702",52.11,52.7099,52.1
11/15/2017,51.94,"4,890,886",51.38,52.17,51.2
11/14/2017,51.85,"6,879,575",50.67,51.98,50.64
11/13/2017,51.02,"3,058,082",50.6,51.07,50.57
11/10/2017,50.93,"3,552,471",50.89,51.01,50.53
11/09/2017,50.82,"4,432,002",50.85,51.24,50.59
11/08/2017,51.22,"3,267,691",51.07,51.42,50.89
11/07/2017,51.07,"3,933,624",51.5,51.72,50.97
11/06/2017,51.35,"3,847,764",51.26,51.48,51.2
11/03/2017,51.33,"5,563,852",51.3,51.5,51.05
11/02/2017,51.4,"5,934,311",51.43,51.86,51.145
11/01/2017,51.65,"3,561,502",51.67,52.0786,51.56
10/31/2017,51.45,"3,745,580",51.54,51.9,51.39
10/30/2017,51.65,"3,760,043",51.75,52.055,51.6
10/27/2017,52.14,"5,090,769",52.07,52.3,51.649
10/26/2017,52.22,"4,978,332",52.04,52.58,51.83
10/25/2017,51.75,"8,130,451",53.01,53.1099,51.37
10/24/2017,52.88,"4,312,395",52.73,53.05,52.705
10/23/2017,52.51,"5,386,921",53.09,53.12,52.29
10/20/2017,53.12,"6,771,814",53.49,53.84,52.93
10/19/2017,52.85,"8,297,480",54.01,54.14,52.24
10/18/2017,54.46,"3,511,728",54.23,54.64,54.095
10/17/2017,53.96,"3,584,488",54.76,54.76,53.76
10/16/2017,54.71,"2,384,406",54.78,54.965,54.47
10/13/2017,54.67,"3,156,289",54.57,55.0931,54.33
10/12/2017,54.74,"3,157,855",54.95,55.29,54.66
10/11/2017,54.88,"2,657,702",54.62,54.94,54.35
10/10/2017,54.66,"3,179,481",54.37,54.73,54.28
10/09/2017,54.33,"1,732,417",54.55,54.64,54.15
10/06/2017,54.47,"2,377,384",54.62,54.81,54.04
10/05/2017,54.43,"2,561,859",53.8,54.565,53.73
10/04/2017,53.8,"1,893,622",53.65,54.07,53.59
10/03/2017,53.8,"1,857,401",53.96,53.96,53.45
10/02/2017,53.65,"2,281,410",52.91,53.665,52.86
09/29/2017,53.02,"2,734,809",53.02,53.315,52.8
09/28/2017,53.01,"2,714,257",52.75,53.02,52.53
09/27/2017,52.76,"3,390,927",52.96,52.96,52.47
09/26/2017,52.12,"2,098,545",52.37,52.4,52.05
09/25/2017,52.2,"2,848,848",52.24,52.47,51.74
09/22/2017,52.37,"3,235,795",52.2,52.455,51.9
09/21/2017,52.42,"3,074,554",52.44,52.66,52.041
09/20/2017,52.4,"3,612,928",52.16,52.53,51.565
09/19/2017,52.04,"3,207,080",51.72,52.125,51.61
09/18/2017,51.7,"2,846,411",51.68,51.93,51.54
09/15/2017,51.56,"5,074,333",51.1,51.67,50.99
09/14/2017,51.13,"3,019,682",51.55,51.62,51.005
09/13/2017,51.59,"4,385,639",51.79,51.99,50.95
09/12/2017,51.99,"3,689,740",51.7,52.04,51.595
09/11/2017,51.53,"4,437,571",50.92,51.56,50.91
09/08/2017,50.43,"4,945,083",50.33,50.93,50.15
09/07/2017,50.28,"5,138,391",51.26,51.355,50.15
09/06/2017,51.27,"3,013,702",51.49,51.49,50.96
09/05/2017,51.2,"5,116,994",51.98,52.005,50.955
09/01/2017,52.33,"2,844,794",52.45,52.688,52.226
08/31/2017,52.28,"3,049,376",52.51,52.61,52.025
08/30/2017,52.36,"2,430,618",52.1,52.52,52.04
08/29/2017,52.09,"3,194,079",51.77,52.22,51.535
08/28/2017,52.27,"2,107,920",52.78,52.8,52.08
08/25/2017,52.65,"2,731,558",52.89,53.23,52.6
08/24/2017,52.79,"3,379,203",52.85,52.97,52.53
08/23/2017,52.77,"3,624,967",52.26,53.0969,52.25
08/22/2017,52.66,"4,142,293",52.28,52.79,52.28
08/21/2017,52.19,"3,770,241",52.04,52.365,51.895
08/18/2017,52.1,"5,424,014",51.56,52.475,51.41
08/17/2017,51.8,"5,167,464",52.69,52.79,51.77
08/16/2017,52.88,"4,273,358",53.38,53.43,52.675
08/15/2017,53.15,"3,827,640",53.3,53.54,52.955
08/14/2017,52.83,"5,113,092",52.7,53.135,52.66
08/11/2017,52.19,"5,920,491",52.05,52.68,52.04
08/10/2017,51.95,"8,383,067",53.53,53.7,51.91
08/09/2017,54.04,"4,392,293",53.58,54.095,53.48
08/08/2017,53.79,"3,007,120",53.61,54.09,53.57
08/07/2017,53.71,"3,025,895",54.02,54.03,53.6
08/04/2017,54.02,"3,150,929",53.94,54.285,53.87
08/03/2017,53.82,"2,849,092",53.82,53.95,53.67
08/02/2017,53.91,"4,387,841",53.62,53.93,53.56
08/01/2017,53.71,"5,325,163",53.35,53.83,53.16
07/31/2017,53.03,"3,620,892",52.9,53.18,52.86
07/28/2017,52.66,"2,255,222",52.72,52.96,52.345
07/27/2017,52.86,"3,607,552",53.38,53.47,52.385
07/26/2017,53.39,"3,498,320",53.73,54.07,53.235
07/25/2017,53.73,"3,638,577",54.19,54.41,53.67
07/24/2017,53.47,"3,947,216",53.35,53.59,53.29
07/21/2017,53.36,"5,665,977",53.75,54.03,53.22
07/20/2017,53.91,"7,316,970",53.56,54.5899,53.26
07/19/2017,53.06,"9,431,079",53.3,53.62,52.62
07/18/2017,53.53,"6,322,990",52.91,53.54,52.82
07/17/2017,53.35,"6,866,558",52.88,53.535,52.385
07/14/2017,52.36,"3,938,380",51.69,52.5,51.6
07/13/2017,52.06,"2,784,774",51.55,52.08,51.43
07/12/2017,51.45,"3,053,699",51.21,51.46,51.14
07/11/2017,51.47,"3,141,781",51.88,51.95,51.45
07/10/2017,51.88,"2,303,155",51.67,52.08,51.61
07/07/2017,51.75,"3,037,873",51.42,51.85,51.23
07/06/2017,51.23,"5,161,174",52.2,52.23,51.2
07/05/2017,52.27,"3,957,736",52.03,52.34,51.62
07/03/2017,51.83,"2,583,968",51.31,52.065,51.26
06/30/2017,51.02,"3,461,715",51.43,51.43,50.84
06/29/2017,51.01,"5,052,851",51.54,51.59,50.55
06/28/2017,50.6,"4,606,669",49.99,50.77,49.96
06/27/2017,49.68,"3,653,977",49.83,50.01,49.63
06/26/2017,49.55,"3,301,575",49.35,49.64,49.18
06/23/2017,49.17,"5,800,657",49.71,49.71,49.01
06/22/2017,49.55,"2,636,468",49.5,49.74,49.29
06/21/2017,49.59,"3,285,692",50.0,50.0,49.54
06/20/2017,49.86,"3,855,386",50.14,50.32,49.86
06/19/2017,50.28,"3,335,864",50.0,50.39,49.92
06/16/2017,49.89,"5,546,209",49.82,49.94,49.63
06/15/2017,49.78,"3,288,776",49.5,49.9199,49.45
06/14/2017,49.77,"3,556,494",49.13,49.85,49.0
06/13/2017,49.57,"4,104,430",49.35,49.75,49.2611
06/12/2017,49.1,"3,779,427",49.26,49.66,48.97
06/09/2017,49.4,"5,112,917",48.67,49.46,48.5
06/08/2017,48.39,"5,525,557",47.91,48.69,47.88
06/07/2017,47.9,"5,634,277",47.32,48.0,47.21
06/06/2017,47.23,"7,250,778",47.13,47.36,46.77
06/05/2017,47.54,"4,560,356",47.6,47.955,47.5
06/02/2017,47.51,"5,914,126",47.11,47.7,47.07
06/01/2017,47.42,"5,793,865",47.21,47.46,46.91
05/31/2017,47.12,"7,477,693",47.1,47.28,46.595
05/30/2017,47.1,"5,535,812",47.22,47.28,46.835
05/26/2017,47.41,"3,552,530",47.16,47.59,47.1
05/25/2017,47.38,"4,328,141",47.14,47.52,47.04
05/24/2017,46.96,"3,315,780",47.18,47.2,46.715
05/23/2017,47.03,"3,339,943",46.79,47.22,46.61
05/22/2017,46.8,"3,791,598",46.76,46.87,46.49
