date,close,volume,open,high,low
05/15/2026,51.81,"2,076,142",53.41,53.41,51.68
05/14/2026,53.24,"1,158,901",53.78,54.09,52.64
05/13/2026,53.55,"2,039,803",52.5,53.7,52.08
05/12/2026,52.88,"1,205,293",52.93,53.15,52.36
05/11/2026,52.58,"2,466,505",53.46,54.5,52.48
05/08/2026,54.06,"1,972,417",54.15,54.55,53.53
05/07/2026,54.12,"2,112,469",54.86,55.31,53.6
05/06/2026,54.6,"2,359,704",53.6,54.94,52.86
05/05/2026,53.24,"3,823,280",55.572,57.44,52.65
05/04/2026,55.46,"2,828,329",53.66,55.53,53.45
05/01/2026,54.06,"1,336,166",53.91,54.29,53.56
04/30/2026,53.91,"1,594,981",54.01,54.88,53.76
04/29/2026,54.21,"1,655,076",53.05,54.3,52.455
04/28/2026,53.3,"1,204,283",54.5,54.7,53.15
04/27/2026,53.805,"1,469,655",53.69,54.59,53.25
04/24/2026,53.18,"1,123,213",53.87,54.32,52.88
04/23/2026,53.98,"1,495,438",53.86,54.255,53.36
04/22/2026,54.15,"1,283,471",54.895,54.895,53.7101
04/21/2026,54.62,"1,502,222",54.72,55.14,54.0
04/20/2026,54.88,"1,598,543",54.53,55.57,54.31
04/17/2026,54.64,"2,070,644",54.51,54.97,54.08
04/16/2026,54.1,"1,459,410",55.365,55.62,53.79
04/15/2026,55.27,"1,152,708",56.0,56.0499,54.99
04/14/2026,55.47,"1,596,905",54.75,55.68,54.72
04/13/2026,54.88,"1,442,266",54.43,55.24,53.885
04/10/2026,54.53,"1,541,036",56.24,56.24,54.16
04/09/2026,56.3,"1,048,527",56.57,57.09,55.81
04/08/2026,57.2,"1,561,195",57.23,57.76,56.0001
04/07/2026,56.22,"1,257,140",56.14,56.41,55.36
04/06/2026,56.21,"1,859,494",55.5,56.55,55.44
04/02/2026,55.5,"2,315,876",56.42,56.5504,54.54
04/01/2026,57.24,"2,232,943",56.72,57.5,56.28
03/31/2026,56.49,"2,526,788",54.905,56.59,54.905
03/30/2026,54.79,"999,585",54.42,55.0,53.94
03/27/2026,54.14,"1,345,748",55.55,55.6,54.1
03/26/2026,55.55,"939,861",55.36,56.06,55.2
03/25/2026,55.59,"1,947,353",54.61,55.73,54.61
03/24/2026,54.09,"1,696,911",54.36,54.37,53.355
03/23/2026,54.78,"1,868,298",54.87,55.34,54.42
03/20/2026,54.13,"4,353,476",54.86,55.71,53.76
03/19/2026,55.03,"1,890,255",55.45,55.89,54.78
03/18/2026,55.43,"2,436,169",55.6,56.28,54.8212
03/17/2026,56.05,"3,026,134",57.69,58.38,55.675
03/16/2026,57.43,"2,470,705",56.71,58.805,55.86
03/13/2026,58.51,"1,187,422",59.19,60.71,58.23
03/12/2026,59.07,"1,940,917",59.98,60.98,59.02
03/11/2026,60.32,"2,523,143",60.18,61.255,59.25
03/10/2026,60.89,"1,235,162",60.85,61.97,60.6
03/09/2026,60.88,"1,301,004",60.91,61.88,59.83
03/06/2026,61.12,"2,630,907",60.23,61.52,59.1613
03/05/2026,60.57,"2,246,224",60.43,61.2,59.72
03/04/2026,60.43,"2,042,893",59.0,61.19,58.5
03/03/2026,58.53,"1,788,984",59.98,60.315,58.5
03/02/2026,59.74,"1,953,218",60.71,61.14,59.25
02/27/2026,61.73,"2,180,013",60.89,63.22,60.59
02/26/2026,61.11,"1,783,934",61.36,61.44,59.56
02/25/2026,61.44,"1,881,923",62.14,62.525,61.1775
02/24/2026,62.62,"3,453,846",60.3,66.275,59.63
02/23/2026,62.92,"4,741,237",64.08,65.945,62.63
02/20/2026,64.08,"3,634,256",63.09,64.25,62.55
02/19/2026,63.42,"2,989,051",61.63,63.745,60.55
02/18/2026,61.83,"1,864,433",60.08,61.98,59.6001
02/17/2026,59.95,"1,375,128",60.05,60.95,59.38
02/13/2026,59.87,"1,941,042",59.94,60.99,59.45
02/12/2026,59.94,"4,416,395",58.39,61.48,57.84
02/11/2026,60.31,"2,646,655",59.43,60.79,58.62
02/10/2026,59.66,"3,329,750",58.0,60.75,57.9
02/09/2026,57.81,"1,314,789",58.13,58.15,57.32
02/06/2026,58.13,"1,643,504",57.26,58.43,57.26
02/05/2026,57.15,"1,256,884",57.69,58.29,56.8749
02/04/2026,57.62,"2,256,576",57.84,58.2555,57.03
02/03/2026,57.61,"1,655,350",57.15,58.76,57.1
02/02/2026,57.95,"1,863,400",56.395,58.5,56.255
01/30/2026,56.54,"1,879,285",56.36,56.98,55.28
01/29/2026,56.99,"2,392,135",56.27,57.04,55.8
01/28/2026,56.68,"1,695,854",56.73,57.33,56.005
01/27/2026,56.85,"1,298,682",56.6,57.15,56.1601
01/26/2026,56.78,"1,550,030",55.82,57.31,55.5
01/23/2026,56.21,"2,106,555",57.135,57.19,56.1
01/22/2026,57.18,"2,051,136",56.74,58.325,56.355
01/21/2026,56.77,"2,066,680",56.31,57.24,56.025
01/20/2026,56.31,"3,344,379",54.73,56.42,54.065
01/16/2026,54.59,"2,076,438",55.0,55.23,54.58
01/15/2026,55.07,"1,731,189",56.23,56.35,54.81
01/14/2026,56.08,"2,568,792",55.44,56.365,55.2
01/13/2026,55.2,"2,523,873",57.82,57.95,54.36
01/12/2026,57.71,"2,182,796",58.96,59.03,57.27
01/09/2026,58.95,"2,412,602",60.52,60.8,58.845
01/08/2026,60.35,"2,148,140",61.0,61.28,59.8
01/07/2026,61.31,"2,210,301",60.5,61.8799,60.34
01/06/2026,60.07,"2,019,546",58.87,60.4623,58.87
01/05/2026,58.87,"2,536,887",59.15,59.6,58.38
01/02/2026,59.45,"1,143,440",59.43,59.82,58.89
12/31/2025,59.43,"1,398,781",58.8,59.715,58.44
12/30/2025,58.99,"1,575,511",59.89,60.07,58.87
12/29/2025,60.04,"1,362,710",59.95,60.58,59.5601
12/26/2025,59.95,"1,181,174",60.08,60.17,59.36
12/24/2025,60.16,"1,209,245",61.24,61.24,59.81
12/23/2025,61.14,"4,290,743",59.59,61.785,59.24
12/22/2025,59.28,"5,275,166",60.59,61.47,58.75
12/19/2025,61.15,"18,520,190",54.8,63.89,54.39
12/18/2025,51.95,"2,137,108",51.57,52.29,51.5
12/17/2025,51.8,"1,648,585",52.045,52.41,51.675
12/16/2025,51.77,"1,922,432",52.34,52.485,51.47
12/15/2025,52.12,"2,746,987",53.53,53.57,50.9
12/12/2025,53.31,"1,650,739",53.05,53.33,52.575
12/11/2025,52.99,"1,831,122",53.6,54.33,52.89
12/10/2025,53.7,"2,669,618",53.75,54.29,53.0
12/09/2025,53.74,"2,265,979",53.35,54.02,53.11
12/08/2025,53.3,"1,960,069",53.48,53.49,52.55
12/05/2025,53.4,"2,164,441",53.55,53.83,52.875
12/04/2025,53.82,"1,886,737",54.33,54.66,53.64
12/03/2025,54.31,"2,230,870",53.52,54.4,53.03
12/02/2025,53.89,"2,109,389",55.22,55.34,53.88
12/01/2025,55.03,"2,339,476",55.5,56.0901,54.95
11/28/2025,55.93,"1,203,380",55.77,56.05,55.03
11/26/2025,55.52,"3,576,418",56.26,56.39,54.51
11/25/2025,56.29,"2,544,620",55.6,56.45,55.35
11/24/2025,55.5,"17,392,210",54.22,56.13,53.93
11/21/2025,54.69,"3,002,466",52.72,54.76,52.505
11/20/2025,52.48,"2,128,227",52.62,53.725,52.36
11/19/2025,52.56,"2,057,453",53.88,53.88,51.99
11/18/2025,54.16,"2,013,765",54.32,54.52,52.91
11/17/2025,54.46,"2,222,701",54.13,55.24,54.0
11/14/2025,54.73,"1,975,965",54.18,55.295,53.67
11/13/2025,54.22,"2,264,972",55.0,55.34,54.16
11/12/2025,55.32,"2,083,117",54.94,55.33,54.305
11/11/2025,54.93,"2,312,282",53.0,54.97,52.855
11/10/2025,52.67,"2,068,801",51.945,52.8,51.81
11/07/2025,51.46,"3,097,012",51.9,51.9,50.76
11/06/2025,51.84,"2,957,635",52.03,52.68,51.42
11/05/2025,52.8,"2,120,506",52.17,53.5,51.86
11/04/2025,52.52,"1,990,822",52.56,52.765,51.8
11/03/2025,52.85,"2,685,806",53.03,54.2499,52.06
10/31/2025,53.57,"3,250,538",51.33,53.62,51.0
10/30/2025,51.91,"2,666,720",51.86,52.485,51.1
10/29/2025,51.86,"4,754,117",53.46,54.75,51.74
10/28/2025,53.49,"6,452,951",53.4,56.8,53.27
10/27/2025,52.67,"5,512,267",54.98,55.84,52.264
10/24/2025,54.48,"2,101,249",54.485,55.03,54.19
10/23/2025,54.55,"2,343,456",53.485,54.61,53.14
10/22/2025,53.37,"2,459,709",53.81,54.41,53.225
10/21/2025,53.81,"1,912,844",53.08,53.98,52.62
10/20/2025,53.07,"2,041,012",53.545,53.545,52.1448
10/17/2025,53.29,"1,785,819",52.6,53.49,52.58
10/16/2025,52.95,"2,211,857",53.09,53.96,52.38
10/15/2025,53.09,"1,949,048",52.34,53.76,52.185
10/14/2025,52.47,"2,469,682",51.78,52.805,51.565
10/13/2025,52.45,"2,251,133",52.585,52.9,51.85
10/10/2025,52.32,"2,961,830",54.16,54.25,51.785
10/09/2025,53.85,"3,361,322",55.39,55.39,53.74
10/08/2025,54.69,"1,313,406",54.57,55.2,54.18
10/07/2025,54.7,"1,581,500",55.92,56.26,54.581
10/06/2025,55.61,"1,833,578",56.06,56.06,55.285
10/03/2025,55.43,"2,361,472",55.5,56.0,55.01
10/02/2025,55.57,"2,141,484",54.905,55.99,54.58
10/01/2025,54.86,"2,949,435",54.29,55.75,54.26
09/30/2025,54.16,"1,764,245",53.96,54.42,53.185
09/29/2025,54.02,"1,593,218",53.76,54.38,53.5
09/26/2025,53.85,"1,843,340",53.0,53.97,52.65
09/25/2025,52.62,"2,725,925",54.18,54.5,52.475
09/24/2025,53.77,"1,418,280",53.2,53.87,53.0
09/23/2025,53.41,"2,047,328",54.09,54.12,52.91
09/22/2025,53.94,"2,014,446",54.35,54.7,53.81
09/19/2025,54.36,"4,993,096",55.52,55.52,54.21
09/18/2025,55.14,"1,522,405",54.57,55.22,54.43
09/17/2025,54.37,"2,706,143",53.85,55.18,53.62
09/16/2025,53.94,"2,331,271",53.2,54.42,53.15
09/15/2025,53.14,"1,829,421",54.25,54.39,52.94
09/12/2025,54.09,"1,930,102",55.65,56.07,54.05
09/11/2025,55.91,"2,028,706",54.46,55.945,54.2
09/10/2025,54.5,"2,152,243",55.31,55.515,54.245
09/09/2025,55.69,"1,529,990",56.25,56.5,55.13
09/08/2025,56.38,"1,846,369",57.5,57.77,55.59
09/05/2025,57.77,"1,464,636",56.64,58.03,56.58
09/04/2025,56.75,"2,401,557",58.91,58.91,55.99
09/03/2025,58.98,"1,419,804",59.23,59.79,58.53
09/02/2025,59.09,"1,716,164",58.4,59.24,58.25
08/29/2025,58.27,"1,269,749",57.54,58.35,57.3
08/28/2025,57.68,"1,244,631",58.47,58.64,57.32
08/27/2025,58.66,"1,700,927",57.5,58.8,57.415
08/26/2025,57.45,"2,216,518",58.65,58.725,57.145
08/25/2025,58.5,"1,720,406",58.88,58.935,57.55
08/22/2025,58.58,"1,654,877",58.23,58.855,57.74
08/21/2025,58.07,"1,408,133",57.48,58.68,57.44
08/20/2025,57.96,"1,763,244",57.5,58.7,57.27
08/19/2025,57.31,"1,434,138",57.8,58.14,57.16
08/18/2025,57.44,"1,690,746",57.68,58.35,57.31
08/15/2025,57.54,"2,525,599",58.27,59.09,57.19
08/14/2025,58.0,"1,477,633",57.84,58.12,57.32
08/13/2025,58.3,"2,686,977",56.94,58.615,56.94
08/12/2025,56.86,"1,797,617",56.8,57.46,56.45
08/11/2025,56.8,"1,908,179",56.92,57.63,56.48
08/08/2025,57.33,"3,523,401",59.31,60.09,56.36
08/07/2025,59.46,"2,104,345",61.0,61.0,58.92
08/06/2025,60.67,"2,198,641",61.58,61.75,60.4
08/05/2025,61.93,"6,989,578",63.335,63.97,58.72
08/04/2025,60.31,"6,732,288",58.19,60.625,58.0
08/01/2025,58.14,"3,817,498",57.5,58.19,56.52
07/31/2025,57.85,"2,325,203",58.24,59.01,57.36
07/30/2025,58.81,"2,543,562",58.68,59.62,58.26
07/29/2025,58.23,"1,423,107",58.07,58.65,57.58
07/28/2025,58.14,"1,155,068",59.13,59.395,58.11
07/25/2025,59.01,"1,244,680",60.06,60.09,58.87
07/24/2025,59.76,"1,879,078",59.58,60.29,59.26
07/23/2025,59.67,"1,381,234",59.56,60.4263,59.15
07/22/2025,59.2,"1,774,515",56.81,59.22,56.81
07/21/2025,56.56,"1,060,271",57.28,57.55,56.4821
07/18/2025,57.29,"1,741,182",58.47,58.79,57.02
07/17/2025,58.37,"1,324,834",58.48,59.35,58.22
07/16/2025,58.39,"1,661,568",56.94,58.58,56.82
07/15/2025,56.62,"1,266,564",58.6,58.665,56.52
07/14/2025,58.23,"1,517,406",58.06,58.98,57.7001
07/11/2025,58.1,"2,032,257",58.228,58.5,57.64
07/10/2025,58.82,"1,670,217",59.57,59.57,58.21
07/09/2025,59.67,"2,086,381",58.35,59.98,58.205
07/08/2025,57.99,"2,449,195",57.31,59.37,57.19
07/07/2025,57.41,"2,479,737",56.97,58.0,56.76
07/03/2025,57.5,"1,376,747",57.46,58.07,57.03
07/02/2025,57.17,"2,986,861",56.19,57.61,56.19
07/01/2025,56.19,"2,841,063",54.64,56.66,54.625
06/30/2025,54.97,"1,555,443",55.395,55.9611,54.4
06/27/2025,55.17,"3,332,975",54.23,55.2,53.985
06/26/2025,54.1,"1,464,734",54.46,54.55,53.76
06/25/2025,54.14,"1,129,385",54.42,54.605,53.98
06/24/2025,54.69,"2,307,109",54.5,54.86,53.715
06/23/2025,54.08,"2,309,785",55.08,56.0,53.715
06/20/2025,55.0,"4,712,392",55.64,56.25,54.79
06/18/2025,55.24,"2,310,437",55.23,55.77,54.46
06/17/2025,55.0,"2,205,841",56.05,56.28,54.89
06/16/2025,56.24,"1,574,673",56.2,56.51,55.4521
06/13/2025,56.22,"1,623,371",56.41,57.355,56.035
06/12/2025,57.28,"1,428,427",57.18,57.645,56.84
06/11/2025,57.16,"1,849,152",57.48,57.985,57.02
06/10/2025,57.48,"1,709,517",57.1,58.17,56.53
06/09/2025,56.88,"3,315,859",56.91,57.46,56.2
06/06/2025,56.65,"2,125,120",55.64,57.81,55.64
06/05/2025,55.27,"2,539,785",56.08,56.35,55.15
06/04/2025,56.11,"2,035,857",56.92,57.565,56.06
06/03/2025,56.79,"2,509,322",56.87,57.81,56.08
06/02/2025,57.05,"1,912,176",57.995,58.59,56.9
05/30/2025,58.07,"2,312,261",58.48,58.48,57.11
05/29/2025,58.55,"3,982,519",58.475,58.75,57.81
05/28/2025,58.09,"2,100,004",58.26,59.115,57.78
05/27/2025,58.11,"3,657,361",58.24,58.605,57.62
05/23/2025,57.55,"1,732,322",57.41,57.84,57.27
05/22/2025,58.01,"2,436,896",58.21,58.4,57.73
05/21/2025,58.48,"2,285,376",59.51,59.51,58.145
05/20/2025,59.93,"2,964,287",59.31,60.48,58.84
05/19/2025,59.41,"2,007,344",59.28,60.0,58.58
05/16/2025,59.27,"3,493,064",59.125,59.73,57.82
05/15/2025,58.27,"3,288,209",58.7,58.9424,57.595
05/14/2025,58.7,"1,871,435",59.76,60.03,58.52
05/13/2025,59.78,"1,670,854",61.23,61.3,59.385
05/12/2025,61.37,"1,689,919",60.06,62.2999,59.6
05/09/2025,58.86,"1,022,760",59.82,60.66,58.81
05/08/2025,59.82,"1,466,226",58.81,61.255,58.74
05/07/2025,59.32,"1,295,255",59.96,60.16,58.85
05/06/2025,59.64,"1,537,004",61.95,62.06,59.405
05/05/2025,62.06,"1,214,610",61.83,62.83,61.5581
05/02/2025,62.03,"2,235,183",64.255,65.4,60.92
05/01/2025,62.71,"1,568,156",63.2,63.615,62.2
04/30/2025,63.69,"1,296,536",63.38,64.0,62.8
04/29/2025,63.28,"1,226,142",62.72,64.08,62.33
04/28/2025,62.98,"1,582,372",63.22,63.87,62.19
04/25/2025,63.3,"750,688",62.64,63.435,61.56
04/24/2025,62.74,"924,365",61.96,63.09,61.45
04/23/2025,61.94,"1,294,216",62.16,63.39,61.63
04/22/2025,61.5,"5,179,242",59.56,61.53,59.25
04/21/2025,58.65,"1,352,726",58.49,59.91,58.29
04/17/2025,59.17,"1,247,162",58.44,59.62,58.0
04/16/2025,58.82,"1,244,458",59.66,60.46,58.355
04/15/2025,60.02,"1,714,887",59.62,60.93,59.62
04/14/2025,59.67,"1,975,022",58.19,59.99,57.39
04/11/2025,56.82,"2,390,102",56.89,57.0,55.0815
04/10/2025,56.32,"2,116,832",57.57,58.33,54.79
04/09/2025,59.43,"3,582,367",54.34,59.88,52.93
04/08/2025,55.89,"2,485,469",60.5,61.07,55.55
04/07/2025,59.16,"4,049,968",59.105,60.605,56.855
04/04/2025,60.26,"3,545,489",66.25,66.49,59.99
04/03/2025,67.48,"1,834,098",67.83,68.54,67.28
04/02/2025,68.32,"1,448,652",67.86,69.87,67.47
04/01/2025,67.94,"1,297,979",70.36,70.6271,67.835
03/31/2025,70.69,"1,649,043",70.61,71.28,69.05
03/28/2025,71.44,"1,245,487",72.59,72.805,70.82
03/27/2025,72.83,"1,364,582",71.99,73.18,71.8729
03/26/2025,71.48,"1,393,427",71.58,71.92,69.595
03/25/2025,71.53,"1,512,973",72.13,72.255,70.94
03/24/2025,71.99,"1,466,208",71.29,72.37,71.285
03/21/2025,71.24,"3,096,684",71.55,72.06,70.68
03/20/2025,71.6,"1,355,711",71.09,72.24,70.82
03/19/2025,71.32,"1,799,252",71.52,72.08,70.92
03/18/2025,71.52,"1,167,714",71.27,72.18,70.83
03/17/2025,71.55,"918,997",69.6,71.63,69.2301
03/14/2025,69.44,"1,268,936",70.41,70.41,68.42
03/13/2025,70.6,"968,366",70.44,71.93,70.19
03/12/2025,70.54,"1,120,998",70.0,70.82,69.635
03/11/2025,70.49,"1,224,544",71.54,72.35,70.05
03/10/2025,72.03,"1,539,376",72.848,72.99,71.605
03/07/2025,72.23,"1,682,013",71.49,73.51,71.16
03/06/2025,71.21,"1,183,813",70.89,71.59,70.4
03/05/2025,71.19,"1,721,579",70.47,71.475,69.89
03/04/2025,70.51,"1,441,029",70.96,71.575,70.05
03/03/2025,71.02,"1,724,630",71.07,71.7,70.475
02/28/2025,71.16,"1,285,308",69.25,71.22,69.12
02/27/2025,69.12,"1,211,954",68.8,70.07,68.63
02/26/2025,68.81,"1,415,544",71.3,71.3,68.45
02/25/2025,71.17,"2,080,145",69.59,71.58,69.29
02/24/2025,69.005,"1,632,950",68.38,70.14,67.685
02/21/2025,68.25,"2,349,026",68.77,70.26,67.76
02/20/2025,68.73,"4,347,178",70.0,70.4999,67.11
02/19/2025,65.61,"1,790,373",64.65,65.69,64.39
02/18/2025,64.86,"1,040,492",64.92,65.9,64.3501
02/14/2025,64.85,"1,048,910",64.68,65.47,63.55
02/13/2025,64.42,"1,661,376",65.76,65.95,64.03
02/12/2025,65.86,"1,187,704",63.16,65.92,62.941
02/11/2025,63.55,"776,486",63.17,63.61,62.49
02/10/2025,63.5,"764,064",64.12,64.5,63.29
02/07/2025,63.93,"955,176",64.5,65.015,63.8
02/06/2025,64.34,"1,143,563",64.19,64.71,63.87
02/05/2025,64.185,"1,088,657",63.0,64.53,62.98
02/04/2025,62.87,"1,166,137",62.03,63.53,61.83
02/03/2025,62.44,"958,941",62.55,63.14,61.71
01/31/2025,63.36,"1,209,221",63.88,64.33,63.29
01/30/2025,63.88,"1,096,360",63.77,64.23,63.43
01/29/2025,63.46,"938,066",62.97,64.05,62.97
01/28/2025,63.25,"1,528,504",62.03,63.48,61.61
01/27/2025,61.8,"2,436,957",62.1,63.15,61.23
01/24/2025,61.73,"2,672,826",62.505,63.06,61.36
01/23/2025,62.19,"2,497,789",61.85,62.59,61.17
01/22/2025,62.02,"1,555,101",62.69,62.72,61.59
01/21/2025,62.53,"2,324,105",61.7,63.03,61.56
01/17/2025,61.53,"2,637,066",61.67,62.371,61.37
01/16/2025,61.25,"2,912,324",61.85,61.85,60.63
01/15/2025,61.58,"3,132,439",64.04,64.72,61.38
01/14/2025,63.81,"1,786,356",67.35,67.38,63.58
01/13/2025,66.99,"1,181,398",67.58,67.58,65.95
01/10/2025,67.38,"1,227,980",67.262,67.94,66.01
01/08/2025,68.38,"1,465,862",67.9,69.7,67.425
01/07/2025,67.9,"1,349,377",67.07,68.85,66.91
01/06/2025,67.07,"1,030,612",66.93,67.75,66.7
01/03/2025,66.83,"843,082",66.56,67.5,66.44
01/02/2025,66.49,"869,539",65.97,66.74,65.86
12/31/2024,65.73,"790,726",65.74,66.16,65.33
12/30/2024,65.45,"1,208,555",66.3,66.46,65.24
12/27/2024,66.89,"774,144",66.89,67.47,66.378
12/26/2024,67.02,"926,182",66.3,67.1,66.2101
12/24/2024,66.63,"439,028",65.96,67.09,65.245
12/23/2024,66.27,"1,110,643",65.07,66.46,64.65
12/20/2024,65.66,"3,974,387",64.9,66.27,64.07
12/19/2024,65.0,"1,506,499",64.63,65.62,63.93
12/18/2024,64.69,"1,190,800",67.19,67.58,64.6
12/17/2024,67.19,"1,707,482",64.89,67.85,64.8
12/16/2024,65.54,"1,453,055",66.5,67.17,65.42
12/13/2024,66.01,"772,385",66.08,66.2699,64.89
12/12/2024,66.26,"1,043,353",65.45,66.68,65.3501
12/11/2024,65.97,"807,435",66.42,67.05,65.49
12/10/2024,66.43,"838,751",67.0,67.065,66.13
12/09/2024,66.81,"1,786,298",66.33,67.87,66.33
12/06/2024,66.74,"1,643,210",66.89,67.2,65.79
12/05/2024,66.16,"3,805,327",66.05,66.92,65.38
12/04/2024,66.51,"2,917,315",63.14,66.71,62.84
12/03/2024,63.19,"1,291,944",64.7,65.13,63.09
12/02/2024,65.04,"1,185,228",65.71,65.86,64.97
11/29/2024,66.03,"700,252",65.33,66.17,65.23
11/27/2024,65.42,"950,545",65.16,65.52,64.64
11/26/2024,64.88,"999,740",65.0,65.09,64.113
11/25/2024,65.09,"2,172,614",64.35,65.69,64.315
11/22/2024,64.26,"1,304,426",63.88,64.46,63.78
11/21/2024,63.45,"1,362,616",62.4,63.76,61.41
11/20/2024,62.56,"1,245,558",61.97,62.7,61.61
11/19/2024,61.97,"1,893,988",61.57,62.03,61.15
11/18/2024,61.93,"2,061,276",63.15,63.52,61.4
11/15/2024,63.42,"1,687,439",66.05,66.05,63.22
11/14/2024,65.6,"1,389,795",66.37,67.0,65.53
11/13/2024,66.66,"1,455,062",66.18,67.0,66.0001
11/12/2024,66.13,"1,151,634",65.96,66.69,65.8
11/11/2024,66.37,"904,817",67.21,67.95,66.325
11/08/2024,67.07,"1,052,791",66.76,67.44,66.671
11/07/2024,66.94,"1,350,612",66.32,67.3,65.755
11/06/2024,66.15,"1,970,161",67.31,67.64,65.79
11/05/2024,66.04,"1,613,770",66.23,66.23,65.45
11/04/2024,66.01,"2,038,669",66.24,66.59,65.555
11/01/2024,66.6,"1,644,395",65.7,66.81,65.6
10/31/2024,65.89,"1,843,332",66.68,66.92,65.35
10/30/2024,66.68,"2,784,306",69.67,69.67,65.78
10/29/2024,69.91,"1,847,946",69.78,70.56,69.1999
10/28/2024,70.13,"1,543,995",69.92,70.71,69.6
10/25/2024,69.73,"1,059,252",70.68,70.98,69.66
10/24/2024,70.39,"1,120,295",70.05,70.98,69.58
10/23/2024,69.98,"1,544,510",70.23,70.37,69.395
10/22/2024,70.53,"1,220,104",69.72,70.735,69.5
10/21/2024,70.28,"1,554,633",69.99,70.81,69.555
10/18/2024,70.11,"1,510,073",69.7,70.13,69.29
10/17/2024,69.47,"933,390",70.28,70.28,69.34
10/16/2024,70.16,"1,429,689",70.24,70.9028,69.94
10/15/2024,70.46,"1,063,269",70.12,70.52,69.5307
10/14/2024,70.27,"1,069,637",70.4,70.77,69.96
10/11/2024,70.35,"807,249",69.64,70.58,69.245
10/10/2024,69.85,"979,432",69.8,69.88,68.95
10/09/2024,69.8,"1,553,294",68.95,69.95,68.34
10/08/2024,68.69,"1,701,374",69.0,69.0,68.03
10/07/2024,68.96,"839,628",69.2,69.265,68.365
10/04/2024,69.51,"1,325,615",68.49,69.58,67.76
10/03/2024,68.16,"1,396,627",69.58,69.81,68.1
10/02/2024,69.66,"1,144,582",69.66,69.85,68.52
10/01/2024,70.1,"1,222,449",70.66,70.74,69.81
09/30/2024,70.29,"1,426,578",70.58,71.235,69.9101
09/27/2024,70.58,"1,094,529",70.55,71.0,70.24
09/26/2024,70.24,"1,303,798",69.21,70.33,68.7
09/25/2024,69.02,"1,702,667",69.03,69.54,68.12
09/24/2024,69.48,"2,151,301",69.13,69.65,67.7501
09/23/2024,69.13,"2,119,258",70.3,70.92,69.0
09/20/2024,70.69,"3,398,035",71.82,71.82,70.09
09/19/2024,71.41,"2,934,534",71.75,72.07,70.42
09/18/2024,71.14,"2,171,496",70.87,71.58,70.11
09/17/2024,70.55,"4,649,990",70.0,71.64,68.8309
09/16/2024,69.86,"10,579,580",77.526,78.0,69.6
09/13/2024,84.9,"1,195,484",84.43,85.0,83.95
09/12/2024,84.38,"1,488,427",84.83,85.0,83.91
09/11/2024,84.78,"1,454,153",84.72,84.94,83.43
09/10/2024,84.85,"1,981,585",84.48,85.64,83.69
09/09/2024,84.33,"1,686,308",84.28,84.84,83.45
09/06/2024,84.08,"1,580,812",85.33,86.04,83.73
09/05/2024,85.12,"2,445,582",90.01,90.01,84.89
09/04/2024,89.86,"3,742,096",91.19,92.05,87.68
09/03/2024,91.595,"1,979,353",91.21,92.81,90.85
08/30/2024,91.21,"1,369,401",91.46,92.345,89.95
08/29/2024,91.37,"1,532,651",90.6,93.04,90.29
08/28/2024,90.32,"988,191",90.7,91.31,89.97
08/27/2024,90.46,"1,112,878",90.18,90.62,88.61
08/26/2024,89.98,"963,989",90.45,90.54,89.67
08/23/2024,90.02,"1,262,422",90.0,90.79,89.37
08/22/2024,90.02,"2,276,059",92.73,92.73,89.71
08/21/2024,92.57,"2,005,970",93.5,94.64,92.45
08/20/2024,93.84,"2,087,706",93.94,94.85,92.96
08/19/2024,92.76,"1,550,168",89.61,92.79,89.4
08/16/2024,89.53,"833,031",89.23,89.72,88.22
08/15/2024,89.18,"1,179,855",90.44,90.76,88.95
08/14/2024,89.61,"732,608",90.88,91.0,89.405
08/13/2024,90.985,"1,274,730",89.26,91.02,89.15
08/12/2024,89.03,"1,435,011",88.89,89.98,88.38
08/09/2024,88.64,"1,364,074",87.72,89.03,87.2
08/08/2024,87.9,"1,547,938",87.0,88.05,86.33
08/07/2024,86.3,"2,192,182",87.49,87.88,85.6
08/06/2024,86.87,"3,952,288",87.79,88.0,83.61
08/05/2024,80.47,"2,230,358",80.24,83.41,80.06
08/02/2024,84.2,"760,445",83.77,84.465,83.0
08/01/2024,84.62,"858,991",84.4,85.53,84.4
07/31/2024,84.33,"945,490",84.39,85.485,83.28
07/30/2024,84.39,"1,022,590",84.2,84.9088,83.62
07/29/2024,84.07,"1,089,681",84.34,84.96,83.21
07/26/2024,84.59,"1,063,391",85.66,86.45,84.07
07/25/2024,85.59,"2,030,055",84.64,86.8,84.6
07/24/2024,84.63,"774,560",84.42,85.01,83.815
07/23/2024,84.43,"1,508,678",85.28,85.85,84.37
07/22/2024,85.31,"1,513,748",84.34,85.78,84.0372
07/19/2024,84.09,"1,883,904",83.16,84.2,83.11
07/18/2024,83.34,"1,312,663",84.83,86.24,83.32
07/17/2024,84.66,"1,076,865",85.49,85.96,84.2
07/16/2024,85.89,"1,098,454",85.17,85.92,84.73
07/15/2024,84.59,"1,082,229",85.19,85.695,84.23
07/12/2024,85.02,"1,274,029",84.04,85.75,83.38
07/11/2024,83.91,"1,505,460",82.76,84.59,82.09
07/10/2024,82.29,"1,261,829",83.24,83.24,82.21
07/09/2024,82.98,"966,153",82.55,83.56,82.12
07/08/2024,82.68,"1,443,432",81.71,83.57,81.365
07/05/2024,81.45,"863,602",80.98,81.98,80.53
07/03/2024,80.975,"613,844",82.82,82.82,80.6
07/02/2024,82.22,"1,064,286",82.08,82.435,81.55
07/01/2024,82.13,"1,474,368",82.83,84.08,81.68
06/28/2024,82.33,"2,505,732",83.66,83.99,82.15
06/27/2024,83.5,"1,757,008",84.73,84.85,82.17
06/26/2024,85.25,"1,631,333",84.76,85.505,84.07
06/25/2024,84.97,"2,203,884",85.07,86.1,84.51
06/24/2024,85.14,"3,556,808",84.28,85.45,84.16
06/21/2024,83.78,"29,325,280",85.73,85.73,82.44
06/20/2024,84.71,"3,023,446",84.07,85.28,83.06
06/18/2024,84.15,"2,940,523",85.08,86.125,84.02
06/17/2024,85.02,"2,627,357",83.06,85.58,83.06
06/14/2024,83.51,"2,476,410",83.57,84.75,83.07
06/13/2024,84.24,"3,944,251",84.4,84.8899,83.37
06/12/2024,84.55,"3,412,714",84.04,85.3,83.525
06/11/2024,83.87,"3,214,873",82.2,84.15,82.19
06/10/2024,82.94,"7,450,421",84.48,85.51,82.85
06/07/2024,80.69,"1,495,792",81.0,81.47,80.31
06/06/2024,80.85,"1,966,142",79.67,81.145,78.95
06/05/2024,79.67,"1,949,796",79.02,79.81,77.75
06/04/2024,79.09,"3,772,112",76.8,79.63,75.89
06/03/2024,76.41,"2,466,719",75.75,77.75,75.4
05/31/2024,75.07,"2,545,839",74.54,75.335,74.17
05/30/2024,74.48,"2,073,969",75.19,75.285,73.675
05/29/2024,75.06,"2,759,985",74.11,75.33,73.69
05/28/2024,74.43,"2,864,080",75.69,75.775,74.09
05/24/2024,75.52,"2,028,948",75.77,75.96,75.12
05/23/2024,75.9,"2,859,280",76.17,76.17,75.0319
05/22/2024,76.45,"2,746,523",76.77,78.195,76.375
05/21/2024,77.34,"1,837,649",76.72,77.61,76.4
05/20/2024,77.05,"1,731,155",77.52,77.58,76.25
05/17/2024,77.56,"3,433,447",76.24,78.03,76.14
05/16/2024,76.97,"3,858,058",80.18,80.66,76.52
05/15/2024,80.4,"2,124,282",80.12,80.96,79.96
05/14/2024,79.65,"1,530,829",80.74,80.74,79.52
05/13/2024,80.5,"1,291,756",81.24,81.57,80.37
05/10/2024,81.03,"1,521,244",81.14,81.95,80.7417
05/09/2024,81.72,"1,155,017",81.62,82.41,81.4
05/08/2024,81.83,"1,288,621",82.0,83.19,81.79
05/07/2024,82.58,"904,833",82.4,83.02,81.77
05/06/2024,82.1,"895,206",83.2,83.585,81.83
05/03/2024,82.44,"1,632,894",84.8,84.8,82.32
05/02/2024,83.8,"1,221,297",82.91,85.035,81.43
05/01/2024,83.33,"1,881,895",81.07,83.98,80.5
04/30/2024,80.76,"2,018,244",81.79,81.79,80.52
04/29/2024,82.13,"2,008,727",81.65,83.85,81.44
04/26/2024,80.91,"2,257,132",82.33,83.09,80.9
04/25/2024,82.17,"7,884,498",86.26,86.78,81.0
04/24/2024,91.2,"1,599,632",92.69,93.015,91.005
04/23/2024,92.06,"1,299,078",90.03,92.215,89.93
04/22/2024,89.49,"1,257,361",89.46,89.8075,88.89
04/19/2024,88.63,"1,778,647",89.67,90.18,88.29
04/18/2024,90.07,"944,850",90.25,91.21,89.775
04/17/2024,90.47,"1,282,481",91.14,91.525,90.02
04/16/2024,90.87,"1,235,787",90.93,91.78,90.16
04/15/2024,91.51,"1,942,193",92.58,93.36,90.96
04/12/2024,92.22,"2,419,825",91.26,93.26,91.09
04/11/2024,91.46,"2,296,918",90.99,91.59,89.33
04/10/2024,90.21,"2,204,505",88.38,90.41,87.79
04/09/2024,88.98,"1,178,105",87.35,89.19,87.35
04/08/2024,87.28,"1,344,968",87.0,88.11,86.95
04/05/2024,86.95,"828,855",86.46,87.228,86.01
04/04/2024,86.89,"1,151,883",86.78,88.13,86.63
04/03/2024,86.78,"1,166,479",86.48,87.72,86.475
04/02/2024,86.8,"1,410,588",86.25,86.94,85.62
04/01/2024,87.1,"715,533",86.98,87.305,86.09
03/28/2024,87.34,"1,027,708",88.34,88.655,86.65
03/27/2024,88.61,"1,031,697",88.18,88.74,87.92
03/26/2024,87.74,"1,346,939",86.94,87.86,86.495
03/25/2024,86.52,"1,409,254",84.7,86.99,84.7
03/22/2024,85.13,"876,820",84.35,85.29,83.895
03/21/2024,84.11,"919,108",84.99,85.245,83.835
03/20/2024,84.76,"879,941",85.01,85.19,83.82
03/19/2024,85.27,"1,300,210",84.43,85.6,83.7748
03/18/2024,83.81,"1,404,481",84.13,84.665,83.6613
03/15/2024,83.87,"1,185,803",84.56,84.75,83.44
03/14/2024,84.39,"1,244,299",84.61,84.9388,83.53
03/13/2024,84.77,"1,312,690",85.19,85.7125,84.57
03/12/2024,85.18,"1,027,892",86.27,86.69,84.87
03/11/2024,86.0,"1,368,855",85.69,86.82,85.53
03/08/2024,85.95,"1,252,138",85.9,86.5545,85.7
03/07/2024,85.89,"1,224,164",87.21,87.87,85.625
03/06/2024,86.77,"1,133,389",87.25,87.6,86.11
03/05/2024,86.02,"1,710,509",87.09,87.42,85.01
03/04/2024,87.72,"800,734",87.57,87.92,86.51
03/01/2024,87.14,"1,927,867",86.39,88.275,85.88
02/29/2024,86.28,"2,604,480",88.8,89.0,86.02
02/28/2024,88.4,"1,172,830",89.82,90.28,88.32
02/27/2024,90.68,"1,249,150",90.64,92.16,90.055
02/26/2024,90.1,"1,470,158",90.93,91.23,88.11
02/23/2024,91.24,"3,652,648",90.94,94.15,89.48
02/22/2024,89.97,"1,652,780",89.3,90.5,88.625
02/21/2024,88.54,"1,268,429",88.67,89.2,87.4
02/20/2024,88.67,"1,859,731",88.14,90.255,87.53
02/16/2024,88.77,"1,058,238",88.3,89.49,87.85
02/15/2024,88.3,"1,990,552",86.11,88.725,85.97
02/14/2024,86.01,"1,233,373",86.24,86.81,85.71
02/13/2024,86.13,"925,494",87.15,87.39,85.6
02/12/2024,88.18,"1,279,650",88.47,89.16,88.1
02/09/2024,88.46,"1,355,301",88.28,88.64,87.83
02/08/2024,88.15,"1,140,939",89.77,90.175,87.43
02/07/2024,89.66,"2,851,102",89.46,91.06,88.41
02/06/2024,89.8,"1,608,957",88.12,90.05,87.49
02/05/2024,87.72,"1,133,273",87.76,88.33,87.0801
02/02/2024,88.11,"1,396,297",87.91,88.43,87.285
02/01/2024,88.74,"1,429,546",87.72,88.87,87.2601
01/31/2024,88.08,"1,121,492",89.67,90.01,87.63
01/30/2024,89.62,"1,675,898",91.59,91.59,89.43
01/29/2024,91.78,"691,154",91.0,91.78,89.46
01/26/2024,90.87,"1,104,895",91.62,91.65,90.32
01/25/2024,91.25,"1,199,448",92.51,92.94,90.7
01/24/2024,92.31,"1,139,669",93.3,93.86,92.11
01/23/2024,93.04,"1,760,098",94.51,94.51,92.43
01/22/2024,94.04,"1,261,836",92.0,94.22,91.5
01/19/2024,92.25,"1,116,404",92.69,92.93,91.85
01/18/2024,92.53,"838,062",93.53,93.81,92.08
01/17/2024,93.43,"729,662",92.99,93.88,92.1
01/16/2024,93.46,"1,074,012",92.97,94.075,92.08
01/12/2024,93.33,"1,746,542",95.51,96.595,92.96
01/11/2024,96.0,"1,921,812",95.13,96.645,94.52
01/10/2024,95.89,"978,017",96.38,96.95,95.035
01/09/2024,96.13,"1,192,584",98.19,98.23,95.17
01/08/2024,99.0,"962,743",96.21,99.25,94.92
01/05/2024,96.47,"690,726",96.64,97.08,95.81
01/04/2024,97.73,"1,081,419",96.67,98.44,96.5
01/03/2024,96.68,"913,229",98.99,98.99,96.08
01/02/2024,98.05,"1,109,934",96.45,98.28,96.03
12/29/2023,96.42,"630,336",96.85,97.43,96.0952
12/28/2023,97.13,"675,853",98.01,98.54,96.82
12/27/2023,97.88,"1,128,295",97.18,98.02,96.3501
12/26/2023,96.46,"846,164",96.38,96.9011,95.85
12/22/2023,96.21,"3,668,977",95.22,97.71,95.185
12/21/2023,95.16,"1,211,301",93.99,96.27,93.99
12/20/2023,92.66,"1,828,573",96.39,96.39,92.52
12/19/2023,96.54,"826,484",96.77,97.125,96.34
12/18/2023,96.25,"1,400,435",97.66,97.778,95.74
12/15/2023,97.16,"1,570,998",97.67,98.36,96.09
12/14/2023,97.62,"2,147,927",99.12,99.56,97.04
12/13/2023,98.51,"1,638,249",95.3,98.67,95.3
12/12/2023,95.9,"1,720,972",93.51,96.53,92.82
12/11/2023,93.5,"1,013,165",92.48,93.73,92.44
12/08/2023,92.94,"1,793,126",94.27,94.325,92.36
12/07/2023,94.94,"2,454,208",94.43,95.42,93.27
12/06/2023,94.16,"2,296,358",92.24,94.44,92.24
12/05/2023,93.61,"2,715,565",94.23,94.87,93.24
12/04/2023,94.4,"3,463,186",92.5,94.97,92.26
12/01/2023,92.42,"2,243,163",91.21,92.5,89.76
11/30/2023,91.08,"2,547,036",89.85,91.27,89.34
11/29/2023,89.74,"1,654,186",87.77,89.805,87.68
11/28/2023,87.76,"1,253,801",88.41,88.515,87.465
11/27/2023,88.6,"2,783,890",87.73,89.12,87.59
11/24/2023,88.19,"343,322",88.69,89.37,88.14
11/22/2023,88.42,"1,306,180",88.81,88.81,87.42
11/21/2023,88.06,"1,528,772",87.46,88.59,86.87
11/20/2023,87.53,"3,122,973",87.33,88.595,87.0056
11/17/2023,87.52,"1,776,988",87.18,87.88,86.71
11/16/2023,87.21,"2,902,053",87.14,88.2,85.93
11/15/2023,87.06,"3,071,942",84.78,87.88,84.245
11/14/2023,84.86,"1,491,676",84.83,85.89,84.43
11/13/2023,83.39,"1,261,644",83.18,83.98,82.55
11/10/2023,83.98,"2,537,084",83.76,84.66,82.94
11/09/2023,83.72,"3,023,943",85.65,85.7,83.6
11/08/2023,85.51,"2,586,908",85.38,85.99,83.51
11/07/2023,85.49,"5,795,650",82.88,86.5,81.92
11/06/2023,76.22,"2,015,117",79.37,79.37,76.19
11/03/2023,79.59,"2,403,385",80.16,80.49,79.05
11/02/2023,79.67,"4,444,591",81.0,81.755,76.02
11/01/2023,84.01,"1,794,911",81.75,84.265,81.74
10/31/2023,81.45,"1,773,287",80.82,81.62,80.11
10/30/2023,80.98,"2,291,821",80.32,81.71,80.14
10/27/2023,80.67,"1,620,249",81.56,81.93,80.24
10/26/2023,81.97,"929,769",81.6,82.4201,81.17
10/25/2023,81.77,"542,648",83.35,83.35,81.4
10/24/2023,83.35,"779,489",83.42,83.93,82.62
10/23/2023,82.84,"819,565",82.68,83.47,81.65
10/20/2023,82.11,"977,321",83.08,83.33,82.08
10/19/2023,82.59,"900,133",85.2,85.275,82.41
10/18/2023,85.4,"1,124,474",85.93,86.59,85.065
10/17/2023,86.67,"1,245,120",84.43,87.12,84.42
10/16/2023,84.79,"2,178,719",86.1,86.13,84.31
10/13/2023,86.34,"507,141",86.44,87.5,85.8901
10/12/2023,86.54,"1,338,865",88.68,88.68,85.64
10/11/2023,88.58,"821,425",88.47,89.0,87.49
10/10/2023,88.33,"761,572",87.15,88.55,86.85
10/09/2023,87.03,"795,741",86.85,87.485,86.155
10/06/2023,88.11,"889,828",87.06,89.05,86.975
10/05/2023,87.29,"957,609",85.76,87.55,85.56
10/04/2023,85.9,"899,569",86.33,86.56,85.145
10/03/2023,86.19,"1,304,317",86.52,87.55,86.15
10/02/2023,87.08,"1,729,227",88.35,88.35,85.86
09/29/2023,88.48,"1,643,424",89.57,89.94,88.34
09/28/2023,89.25,"1,589,840",89.54,90.15,88.43
09/27/2023,90.37,"2,314,176",88.74,90.77,88.37
09/26/2023,88.06,"2,201,255",87.17,88.55,86.9
09/25/2023,87.04,"1,304,907",86.28,87.385,85.865
09/22/2023,86.51,"976,591",86.28,86.99,85.76
09/21/2023,86.27,"994,697",87.78,88.24,86.19
09/20/2023,88.38,"920,059",88.72,89.66,87.98
09/19/2023,88.82,"1,261,491",88.84,89.59,88.09
09/18/2023,88.6,"1,052,108",88.07,88.79,87.91
09/15/2023,88.16,"1,548,407",87.38,89.14,87.0207
09/14/2023,87.68,"1,410,832",91.99,92.48,87.6
09/13/2023,91.62,"1,136,668",92.3,92.95,90.96
09/12/2023,92.06,"743,661",91.2,92.2847,90.7
09/11/2023,90.86,"1,170,630",90.2,90.91,89.61
09/08/2023,90.19,"949,362",90.81,91.375,89.85
09/07/2023,90.42,"1,140,517",90.72,90.985,89.05
09/06/2023,91.0,"1,193,567",90.35,91.48,90.29
09/05/2023,90.74,"1,142,101",92.48,92.61,90.63
09/01/2023,93.03,"1,004,327",92.21,93.73,91.54
08/31/2023,91.38,"1,410,552",94.42,95.025,91.15
08/30/2023,93.81,"920,115",95.0,95.13,93.52
08/29/2023,94.48,"1,048,432",93.3,94.645,92.09
08/28/2023,93.68,"1,343,693",94.0,94.39,92.845
08/25/2023,93.64,"734,457",93.54,93.89,91.98
08/24/2023,93.14,"1,092,975",91.35,93.27,91.04
08/23/2023,91.07,"753,685",91.12,91.17,90.04
08/22/2023,90.53,"501,932",89.94,90.865,89.785
08/21/2023,89.87,"934,540",88.89,90.38,88.743
08/18/2023,89.05,"1,235,605",89.27,90.16,88.46
08/17/2023,89.4,"704,574",90.0,90.7788,89.32
08/16/2023,90.0,"673,947",90.0,90.73,89.45
08/15/2023,90.67,"614,520",90.2,91.18,89.72
08/14/2023,90.29,"776,021",89.29,90.77,89.01
08/11/2023,89.41,"1,003,160",90.57,90.78,88.935
08/10/2023,90.91,"1,325,079",93.21,93.4003,89.78
08/09/2023,93.23,"1,679,880",91.29,94.0658,91.24
08/08/2023,90.615,"1,417,253",88.29,90.88,87.93
08/07/2023,87.83,"827,559",88.1,88.17,87.25
08/04/2023,88.54,"1,062,406",87.88,89.435,87.88
08/03/2023,87.74,"1,095,402",88.37,88.54,87.69
08/02/2023,88.39,"1,115,296",88.85,89.62,87.13
08/01/2023,89.0,"3,192,855",87.0,89.08,84.65
07/31/2023,87.93,"1,551,118",87.94,88.05,87.07
07/28/2023,87.61,"1,171,038",87.31,87.72,86.25
07/27/2023,86.56,"1,180,162",87.77,87.775,86.055
07/26/2023,87.27,"950,522",87.65,88.05,86.91
07/25/2023,87.83,"876,396",87.54,88.17,87.46
07/24/2023,87.41,"853,539",87.58,88.58,87.34
07/21/2023,87.72,"1,212,370",87.91,88.3,87.375
07/20/2023,87.54,"844,588",86.91,87.89,86.63
07/19/2023,87.08,"960,282",86.93,87.6,86.3272
07/18/2023,86.28,"1,186,349",86.66,87.085,85.66
07/17/2023,86.67,"960,401",85.87,87.36,85.5
07/14/2023,85.87,"1,264,376",85.89,86.62,84.665
07/13/2023,85.71,"898,587",85.8,86.1,84.86
07/12/2023,85.24,"1,333,086",85.35,86.1,84.4901
07/11/2023,85.25,"1,447,040",85.28,85.5,84.3
07/10/2023,85.52,"1,307,040",85.09,87.1199,84.92
07/07/2023,85.07,"1,341,085",85.37,86.1375,84.02
07/06/2023,85.6,"3,240,171",85.93,86.14,83.85
07/05/2023,87.27,"1,398,062",87.42,88.0,86.0
07/03/2023,85.89,"1,695,918",86.21,86.93,85.4
06/30/2023,86.68,"3,704,600",90.0,91.77,86.54
06/29/2023,88.93,"5,881,999",91.93,96.245,88.2
06/28/2023,92.22,"1,127,249",92.17,92.83,91.43
06/27/2023,91.73,"984,837",92.37,92.77,91.445
06/26/2023,92.29,"1,207,816",93.5,93.67,92.26
06/23/2023,93.5,"1,650,442",95.44,95.44,93.15
06/22/2023,95.61,"686,563",96.03,96.205,95.33
06/21/2023,96.34,"813,118",95.11,96.43,94.95
06/20/2023,95.21,"977,255",95.41,96.16,94.7714
06/16/2023,96.29,"1,425,932",95.98,96.675,95.45
06/15/2023,95.84,"972,619",94.0,96.35,93.96
06/14/2023,94.41,"925,150",95.25,95.3048,94.05
06/13/2023,94.75,"1,042,942",93.49,94.975,93.4619
06/12/2023,93.32,"822,302",91.5,93.53,91.5
06/09/2023,91.37,"621,372",92.13,92.235,91.18
06/08/2023,92.26,"538,998",91.01,92.45,90.92
06/07/2023,91.0,"932,309",91.88,92.7719,90.7314
06/06/2023,92.01,"802,146",92.29,92.965,91.75
06/05/2023,91.73,"998,428",93.03,93.49,90.75
06/02/2023,93.36,"1,729,645",88.74,93.45,88.64
06/01/2023,88.26,"1,075,278",87.16,88.44,85.66
05/31/2023,86.94,"2,631,548",87.54,88.5545,86.58
05/30/2023,87.22,"1,107,708",88.2,88.45,86.4
05/26/2023,88.485,"725,011",88.99,89.81,88.48
05/25/2023,88.73,"954,488",89.95,89.95,87.81
05/24/2023,90.54,"666,168",91.76,91.85,90.38
05/23/2023,91.99,"747,122",92.43,93.29,91.64
05/22/2023,92.77,"608,716",92.04,93.11,91.79
05/19/2023,91.9,"766,254",92.53,93.35,91.52
05/18/2023,92.23,"633,496",92.48,92.48,91.16
05/17/2023,92.265,"825,167",92.52,92.75,91.41
05/16/2023,92.02,"1,228,182",93.61,94.41,90.915
05/15/2023,95.18,"1,008,861",94.04,96.47,93.93
05/12/2023,93.93,"1,062,355",96.05,96.16,93.36
05/11/2023,95.39,"806,393",95.15,95.4086,93.935
05/10/2023,95.14,"787,836",96.02,96.02,93.94
05/09/2023,95.61,"836,198",95.49,95.98,93.801
05/08/2023,95.94,"771,275",96.69,97.5,95.08
05/05/2023,96.63,"934,206",95.79,97.14,94.8447
05/04/2023,95.45,"798,249",93.89,95.47,92.3
05/03/2023,93.58,"1,024,804",93.635,94.5,93.04
05/02/2023,93.82,"1,072,060",96.29,96.77,93.62
05/01/2023,96.98,"1,041,449",96.54,97.42,95.3042
04/28/2023,96.04,"1,739,425",92.07,96.55,91.96
04/27/2023,92.45,"1,959,014",92.07,93.41,89.25
04/26/2023,93.0,"1,529,115",94.67,95.0,92.67
04/25/2023,95.57,"1,005,814",96.35,96.76,94.895
04/24/2023,96.16,"1,327,464",97.8,97.97,95.65
04/21/2023,97.51,"1,723,878",97.05,98.06,96.57
04/20/2023,96.82,"1,203,354",98.55,98.69,96.465
04/19/2023,99.06,"950,938",98.4,99.505,98.13
04/18/2023,98.41,"759,104",100.25,100.31,98.11
04/17/2023,100.3,"881,153",99.55,100.38,98.83
04/14/2023,99.01,"841,727",98.4,99.18,98.06
04/13/2023,98.34,"1,039,282",97.31,98.975,97.31
04/12/2023,97.96,"856,626",99.0,99.445,97.85
04/11/2023,97.84,"1,026,892",98.06,98.82,97.48
04/10/2023,98.05,"869,533",99.56,99.66,97.275
04/06/2023,99.6,"1,488,172",96.28,99.8,95.75
04/05/2023,96.57,"1,072,287",95.99,96.99,95.465
04/04/2023,95.43,"946,542",96.8,96.855,95.131
04/03/2023,96.6,"881,347",97.09,97.42,96.46
03/31/2023,97.24,"1,434,651",95.57,97.695,95.56
03/30/2023,95.29,"1,226,568",94.45,95.89,94.34
03/29/2023,94.2,"1,072,586",91.89,94.445,91.39
03/28/2023,91.44,"859,878",91.23,92.1,90.805
03/27/2023,91.5,"1,078,411",91.5,92.1018,91.1
03/24/2023,90.74,"772,224",90.01,91.16,89.34
03/23/2023,90.11,"1,244,800",91.69,91.69,89.35
03/22/2023,90.08,"963,211",92.25,92.25,89.98
03/21/2023,92.08,"1,581,097",92.24,92.82,91.77
03/20/2023,92.34,"1,201,311",92.07,93.76,91.23
03/17/2023,91.67,"1,758,429",92.37,92.45,90.49
03/16/2023,93.41,"2,829,202",87.45,93.63,87.34
03/15/2023,87.74,"1,512,390",89.25,89.64,87.52
03/14/2023,90.25,"1,538,821",91.47,91.57,89.96
03/13/2023,90.02,"1,956,749",90.45,92.64,89.825
03/10/2023,90.49,"1,692,384",92.28,92.905,89.39
03/09/2023,92.99,"1,539,586",94.13,94.61,92.17
03/08/2023,94.31,"1,582,438",93.53,94.6,92.81
03/07/2023,93.42,"2,359,307",93.47,95.5,92.88
03/06/2023,94.3,"4,401,181",94.99,97.11,93.38
03/03/2023,101.2,"1,340,403",100.26,101.48,98.65
03/02/2023,100.12,"1,182,240",100.39,100.79,99.25
03/01/2023,100.99,"1,689,060",100.26,102.79,100.26
02/28/2023,99.59,"2,826,430",99.3,102.96,97.37
02/27/2023,103.24,"1,445,318",102.31,103.58,102.085
02/24/2023,102.07,"1,468,028",102.5,102.97,101.48
02/23/2023,103.18,"979,806",103.2,103.975,102.78
02/22/2023,103.12,"1,943,966",104.37,105.69,102.94
02/21/2023,105.97,"986,953",108.44,108.44,105.915
02/17/2023,108.31,"969,895",107.04,108.36,106.55
02/16/2023,107.29,"880,038",108.06,108.28,106.755
02/15/2023,108.18,"1,203,433",108.6,108.82,107.66
02/14/2023,108.74,"1,193,151",108.0,109.13,105.93
02/13/2023,109.01,"1,233,451",109.15,109.65,108.42
02/10/2023,109.46,"748,874",110.11,110.665,109.09
02/09/2023,110.7,"987,374",110.62,111.73,110.47
02/08/2023,110.44,"834,231",110.59,111.79,109.72
02/07/2023,111.31,"1,791,082",112.03,112.03,109.9
02/06/2023,112.18,"902,512",111.8,112.98,110.78
02/03/2023,112.2,"1,062,620",113.26,113.97,111.59
02/02/2023,112.84,"1,758,450",116.64,116.7,111.84
02/01/2023,116.71,"1,576,137",115.05,116.86,114.25
01/31/2023,115.35,"1,237,400",115.0,115.59,114.55
01/30/2023,114.7,"1,516,479",116.62,117.49,114.61
01/27/2023,117.27,"1,217,219",117.0,117.77,116.81
01/26/2023,116.98,"1,346,680",116.0,117.11,115.03
01/25/2023,116.03,"2,476,466",114.6,116.59,114.39
01/24/2023,113.82,"1,202,791",111.45,114.02,111.26
01/23/2023,111.45,"1,191,561",110.4,111.55,110.2
01/20/2023,110.75,"1,338,390",109.47,111.03,109.29
01/19/2023,109.2,"1,148,269",110.47,110.47,109.099
01/18/2023,110.69,"1,107,348",111.31,112.0451,110.3301
01/17/2023,111.75,"1,554,892",111.55,112.9855,111.02
01/13/2023,112.72,"1,582,120",112.25,114.8,111.87
01/12/2023,113.57,"1,723,544",110.5,113.65,110.01
01/11/2023,111.15,"1,699,156",111.23,112.7,109.14
01/10/2023,111.4,"2,864,771",107.26,111.97,106.99
01/09/2023,107.1,"2,526,703",109.83,110.25,105.95
01/06/2023,108.71,"2,205,809",108.17,109.29,106.9
01/05/2023,106.86,"1,917,538",107.0,107.59,105.77
01/04/2023,106.92,"2,741,570",103.69,106.93,102.26
01/03/2023,100.61,"1,325,481",103.0,103.325,100.52
12/30/2022,103.49,"910,233",101.92,103.57,100.95
12/29/2022,102.44,"794,578",101.87,103.45,101.67
12/28/2022,101.74,"904,492",101.98,103.1,101.3
12/27/2022,102.16,"760,776",104.5,104.8496,102.03
12/23/2022,104.34,"696,039",105.01,105.56,103.87
12/22/2022,105.66,"1,335,845",104.61,105.7,103.99
12/21/2022,104.62,"1,457,763",105.94,107.08,104.53
12/20/2022,106.3,"997,223",105.92,106.75,105.56
12/19/2022,106.61,"1,225,988",108.63,108.63,105.81
12/16/2022,108.63,"2,537,038",107.73,108.92,107.13
12/15/2022,108.61,"1,614,617",108.0,109.56,106.81
12/14/2022,108.38,"1,672,054",106.93,109.25,106.51
12/13/2022,107.08,"1,765,332",107.08,107.905,106.55
12/12/2022,106.26,"1,856,434",102.25,106.35,102.25
12/09/2022,102.33,"815,513",104.23,104.46,102.28
12/08/2022,104.39,"723,024",103.99,104.62,103.17
12/07/2022,103.69,"1,319,198",101.09,103.94,101.09
12/06/2022,102.22,"889,357",102.97,103.44,101.17
12/05/2022,103.53,"994,347",105.0,105.34,103.25
12/02/2022,105.56,"2,220,168",103.0,106.72,102.745
12/01/2022,103.02,"2,013,886",100.71,103.06,99.29
11/30/2022,100.98,"2,493,125",98.51,101.28,97.85
11/29/2022,97.12,"1,304,257",99.01,99.56,97.0
11/28/2022,98.66,"2,591,319",97.25,100.3,96.52
11/25/2022,96.92,"727,779",97.46,98.43,96.31
11/23/2022,97.79,"4,635,440",95.09,99.74,94.905
11/22/2022,91.18,"1,620,250",88.99,91.63,88.01
11/21/2022,88.51,"1,129,159",88.67,88.86,87.975
11/18/2022,88.31,"807,153",88.04,88.76,87.65
11/17/2022,87.43,"1,031,537",85.66,87.92,85.63
11/16/2022,85.84,"1,049,333",86.69,86.69,85.51
11/15/2022,86.18,"1,159,528",85.3,87.435,84.78
11/14/2022,84.39,"2,158,259",84.96,86.29,83.75
11/11/2022,82.16,"1,214,451",82.69,83.48,80.57
11/10/2022,83.32,"1,126,487",82.95,84.15,82.49
11/09/2022,80.93,"1,104,398",81.08,81.7,80.53
11/08/2022,81.25,"1,469,819",81.5,82.27,80.62
11/07/2022,81.33,"1,697,926",82.46,82.675,80.66
11/04/2022,82.49,"1,611,455",84.79,84.88,81.535
11/03/2022,84.88,"1,124,887",84.59,85.6,83.75
11/02/2022,84.17,"1,920,023",86.12,86.22,84.07
11/01/2022,86.6,"1,611,132",87.24,89.06,86.1329
10/31/2022,86.63,"1,548,034",89.06,89.06,85.14
10/28/2022,86.77,"2,084,333",85.67,86.95,84.295
10/27/2022,85.73,"4,290,071",89.63,89.63,83.1
10/26/2022,92.1,"1,614,706",91.58,92.76,91.425
10/25/2022,91.47,"1,633,473",89.63,91.66,89.45
10/24/2022,89.87,"970,438",89.99,90.8,89.45
10/21/2022,90.01,"1,302,571",89.3,90.805,88.935
10/20/2022,88.7,"905,629",88.04,89.7,87.945
10/19/2022,88.35,"1,159,220",88.45,89.43,87.8
10/18/2022,89.49,"1,489,389",89.84,90.535,88.56
10/17/2022,88.78,"961,304",87.31,89.51,87.31
10/14/2022,87.25,"1,177,154",89.89,90.31,87.13
10/13/2022,89.4,"1,989,866",87.44,90.37,87.17
10/12/2022,88.95,"844,699",88.67,89.685,88.02
10/11/2022,88.07,"1,222,289",87.42,89.04,87.12
10/10/2022,87.45,"967,949",87.84,88.81,87.39
10/07/2022,88.15,"1,075,978",91.16,91.16,87.63
10/06/2022,91.48,"1,539,197",89.25,92.06,88.75
10/05/2022,89.53,"1,276,492",87.89,89.82,87.395
10/04/2022,87.91,"1,439,586",87.18,88.075,85.76
10/03/2022,86.7,"931,668",85.64,87.43,84.57
09/30/2022,84.77,"1,437,084",84.99,86.75,84.51
09/29/2022,85.06,"788,136",85.65,85.79,84.27
09/28/2022,85.84,"1,358,959",84.37,86.2,83.47
09/27/2022,83.44,"1,265,675",82.87,84.43,82.54
09/26/2022,82.16,"1,401,683",84.2,84.48,81.66
09/23/2022,84.84,"1,023,463",84.29,84.93,83.38
09/22/2022,84.92,"868,186",84.45,85.24,83.71
09/21/2022,85.12,"460,118",86.99,87.37,85.01
09/20/2022,86.96,"472,045",86.82,87.68,86.17
09/19/2022,87.7,"694,666",87.92,88.02,86.83
09/16/2022,88.21,"1,245,525",87.25,88.31,86.6983
09/15/2022,88.09,"855,488",86.63,88.21,85.73
09/14/2022,86.86,"963,991",86.78,87.14,85.675
09/13/2022,86.54,"1,391,500",89.51,89.51,86.25
09/12/2022,90.24,"1,442,545",90.0,90.73,88.31
09/09/2022,92.93,"721,878",92.29,93.23,91.82
09/08/2022,93.01,"964,349",91.26,93.05,90.985
09/07/2022,91.21,"853,136",88.96,91.64,88.7
09/06/2022,88.85,"834,280",89.64,89.92,88.29
09/02/2022,89.64,"644,572",91.16,91.4,89.21
09/01/2022,90.87,"1,106,532",89.17,90.9,88.78
08/31/2022,89.2,"1,457,625",90.46,91.14,89.05
08/30/2022,90.19,"912,455",90.3,90.92,89.28
08/29/2022,90.33,"748,034",89.85,91.405,89.205
08/26/2022,91.01,"623,695",93.21,93.58,90.925
08/25/2022,93.3,"910,614",94.12,94.33,92.67
08/24/2022,92.9,"648,433",91.55,93.68,91.39
08/23/2022,91.59,"683,135",92.33,93.05,90.73
08/22/2022,92.45,"615,801",92.38,93.465,92.16
08/19/2022,92.84,"773,389",92.02,93.29,92.02
08/18/2022,92.96,"653,206",95.16,95.16,92.8494
08/17/2022,94.84,"558,392",94.5,95.57,94.07
08/16/2022,95.03,"716,500",97.0,97.0,94.77
08/15/2022,96.94,"1,169,564",95.21,96.99,94.48
08/12/2022,95.07,"910,404",94.75,95.43,94.14
08/11/2022,95.07,"1,226,797",95.62,96.7038,94.755
08/10/2022,96.0,"1,206,676",96.0,96.38,94.41
08/09/2022,95.7,"1,099,470",95.4,97.48,95.4
08/08/2022,95.7,"1,702,525",96.21,97.76,93.93
08/05/2022,95.82,"2,364,912",91.9,96.5,91.65
08/04/2022,92.98,"2,426,997",89.9,94.11,89.64
08/03/2022,88.4,"1,324,257",86.95,89.18,86.89
08/02/2022,86.69,"800,447",85.42,87.6,84.985
08/01/2022,85.41,"1,035,405",85.94,86.56,84.685
07/29/2022,86.05,"969,531",87.19,87.23,85.02
07/28/2022,87.08,"568,180",86.82,87.9,85.35
07/27/2022,87.02,"754,424",85.67,87.22,85.5
07/26/2022,85.26,"788,200",85.05,86.5,84.78
07/25/2022,85.35,"711,259",85.64,85.9,84.68
07/22/2022,85.23,"758,835",85.56,86.14,84.61
07/21/2022,85.71,"922,071",85.51,85.96,84.85
07/20/2022,84.91,"825,008",86.09,86.9,84.33
07/19/2022,86.09,"740,593",86.44,86.97,85.54
07/18/2022,85.5,"736,784",87.55,87.9727,84.92
07/15/2022,87.08,"1,021,261",87.31,87.55,86.285
07/14/2022,86.71,"871,048",87.3,87.57,86.21
07/13/2022,88.11,"953,422",87.28,89.48,87.22
07/12/2022,87.85,"878,865",87.8,88.9,86.81
07/11/2022,87.83,"655,442",88.93,89.04,87.74
07/08/2022,89.02,"1,053,686",87.28,90.47,87.28
07/07/2022,88.35,"1,050,872",86.41,88.515,86.36
07/06/2022,86.41,"786,290",86.23,87.84,85.08
07/05/2022,86.36,"933,041",84.4,86.45,84.01
07/01/2022,84.98,"885,541",82.92,85.06,82.7
06/30/2022,82.87,"1,106,821",83.27,83.83,81.83
06/29/2022,83.92,"946,007",82.75,84.11,82.055
06/28/2022,83.15,"1,890,286",84.88,85.1587,82.25
06/27/2022,85.09,"1,242,961",86.37,86.86,84.6
06/24/2022,86.85,"2,260,207",85.57,86.98,81.75
06/23/2022,84.55,"1,305,561",81.48,84.85,81.48
06/22/2022,81.32,"2,117,354",78.13,83.56,77.735
06/21/2022,78.4,"1,880,337",77.22,79.9,77.22
06/17/2022,76.08,"2,943,450",72.22,77.98,72.22
06/16/2022,72.17,"1,249,858",73.02,73.77,71.7
06/15/2022,74.15,"1,548,169",72.11,75.2,72.09
06/14/2022,71.48,"1,194,193",71.91,72.48,70.73
06/13/2022,71.91,"1,523,349",73.12,73.64,71.52
06/10/2022,75.08,"735,429",75.62,75.87,74.59
06/09/2022,76.66,"695,924",77.19,77.44,76.43
06/08/2022,77.57,"836,575",78.37,78.87,77.34
06/07/2022,78.2,"1,050,912",75.95,78.32,75.864
06/06/2022,76.08,"982,298",78.01,78.095,75.79
06/03/2022,77.49,"1,244,659",75.6,78.21,75.3
06/02/2022,75.7,"1,386,594",74.5,76.07,73.98
06/01/2022,74.37,"1,381,282",75.32,76.54,72.89
05/31/2022,75.13,"2,291,893",80.44,80.45,75.045
05/27/2022,80.97,"659,473",79.0,81.2,78.65
05/26/2022,78.86,"691,617",78.94,79.84,78.36
05/25/2022,78.93,"759,293",78.57,79.425,77.26
05/24/2022,78.78,"932,496",80.0,80.34,78.06
05/23/2022,80.36,"573,851",80.09,81.11,79.23
05/20/2022,79.72,"1,114,146",79.76,80.78,78.26
05/19/2022,79.28,"852,209",78.4,80.36,78.115
05/18/2022,78.18,"925,809",78.3,79.99,77.61
05/17/2022,79.12,"1,069,362",77.61,79.335,77.59
05/16/2022,77.32,"1,082,939",77.65,78.17,76.41
05/13/2022,77.73,"1,820,135",77.3,78.895,76.9
05/12/2022,76.38,"1,608,525",75.12,76.47,74.3
05/11/2022,75.68,"1,610,454",78.56,79.565,75.6
05/10/2022,79.43,"1,684,519",76.44,80.225,76.0
05/09/2022,74.62,"1,814,447",78.0,78.48,73.93
05/06/2022,79.26,"840,877",81.0,81.87,78.96
05/05/2022,81.97,"821,990",84.14,84.3,81.12
05/04/2022,84.65,"877,444",83.82,84.66,81.31
05/03/2022,83.52,"1,334,137",83.13,84.03,82.28
05/02/2022,83.31,"1,212,071",80.38,83.47,80.36
04/29/2022,81.35,"1,468,016",81.95,83.61,81.12
04/28/2022,82.64,"2,199,514",83.79,84.29,78.95
04/27/2022,80.31,"1,110,693",79.94,81.15,79.5
04/26/2022,79.29,"919,006",80.97,81.95,79.28
04/25/2022,81.88,"1,095,975",82.18,82.7374,80.74
04/22/2022,80.5,"919,505",80.15,81.01,79.97
04/21/2022,80.5,"805,497",81.2,82.085,80.05
04/20/2022,80.61,"1,244,760",80.52,81.42,79.67
04/19/2022,80.58,"1,068,927",81.61,82.19,80.47
04/18/2022,81.18,"992,908",81.91,82.14,80.49
04/14/2022,82.95,"751,063",83.66,84.67,82.89
04/13/2022,84.0,"780,994",82.47,84.385,82.45
04/12/2022,82.59,"723,119",83.89,84.36,82.29
04/11/2022,83.27,"1,091,723",85.71,86.54,83.235
04/08/2022,85.99,"1,739,046",83.33,86.59,83.08
04/07/2022,83.35,"1,438,433",79.92,84.12,79.92
04/06/2022,80.16,"602,296",78.74,80.53,78.46
04/05/2022,79.45,"1,014,971",80.0,81.8482,79.34
04/04/2022,80.28,"1,093,976",79.71,81.125,79.55
04/01/2022,79.27,"2,818,138",77.18,79.7,76.76
03/31/2022,77.1,"2,946,866",78.33,78.67,76.8
03/30/2022,77.89,"1,188,821",79.56,80.99,77.53
03/29/2022,79.56,"1,198,508",79.43,80.16,78.805
03/28/2022,78.36,"966,613",79.21,79.7325,77.825
03/25/2022,79.02,"628,372",80.61,80.99,78.88
03/24/2022,80.88,"531,330",80.9,81.51,80.31
03/23/2022,80.86,"869,789",81.78,82.37,80.685
03/22/2022,82.15,"1,081,569",81.0,82.57,79.29
03/21/2022,81.16,"681,452",81.29,82.325,80.74
03/18/2022,81.67,"981,609",80.12,81.92,80.04
03/17/2022,80.28,"1,458,804",80.3,81.66,77.97
03/16/2022,80.72,"1,072,521",79.11,80.76,77.98
03/15/2022,78.27,"1,041,680",75.96,78.27,75.0
03/14/2022,76.01,"782,305",76.19,77.31,75.19
03/11/2022,75.98,"842,813",77.81,78.06,75.88
03/10/2022,77.89,"821,615",77.57,78.35,76.68
03/09/2022,78.87,"1,583,428",76.7,79.68,76.31
03/08/2022,76.26,"1,419,928",73.88,78.6,73.755
03/07/2022,74.28,"1,481,389",76.25,77.38,74.025
03/04/2022,76.32,"2,178,100",75.13,76.61,74.8
03/03/2022,75.43,"1,399,953",77.69,78.14,75.1
03/02/2022,78.15,"1,163,965",77.21,78.9,76.115
03/01/2022,77.37,"1,270,445",77.59,79.225,76.99
02/28/2022,78.12,"2,138,019",77.66,79.01,76.93
02/25/2022,78.0,"1,669,199",77.24,78.8,77.24
02/24/2022,77.35,"4,326,695",72.02,78.83,72.0
02/23/2022,82.52,"1,285,002",85.47,86.9,82.28
02/22/2022,85.37,"1,447,059",83.9,86.69,83.41
02/18/2022,84.86,"1,705,730",88.59,89.89,84.59
02/17/2022,90.3,"686,319",92.0,92.37,90.03
02/16/2022,92.69,"902,607",91.71,93.23,90.485
02/15/2022,92.07,"843,506",90.82,92.185,89.98
02/14/2022,90.01,"527,853",90.54,90.9157,89.51
02/11/2022,90.91,"707,294",91.65,93.155,90.46
02/10/2022,91.61,"1,630,839",91.15,94.2,90.51
02/09/2022,92.52,"1,767,375",89.37,92.57,87.7
02/08/2022,88.51,"1,716,498",89.22,89.22,87.55
02/07/2022,89.37,"1,635,206",88.66,90.74,88.66
02/04/2022,88.63,"1,372,085",87.66,89.56,87.46
02/03/2022,87.77,"800,157",87.12,88.12,86.98
02/02/2022,88.44,"572,022",89.94,89.94,87.65
02/01/2022,89.44,"701,154",88.64,89.48,87.85
01/31/2022,88.63,"973,447",85.81,88.8,85.49
01/28/2022,86.16,"764,487",82.85,86.17,82.09
01/27/2022,83.05,"756,213",84.01,85.38,82.82
01/26/2022,83.7,"1,012,275",85.445,87.3,83.13
01/25/2022,84.86,"1,014,557",84.72,86.21,83.7
01/24/2022,86.22,"2,126,169",83.35,86.47,81.11
01/21/2022,84.65,"1,450,918",84.1,85.06,83.57
01/20/2022,84.45,"863,840",86.18,87.49,84.26
01/19/2022,86.0,"985,834",86.83,87.85,85.72
01/18/2022,86.71,"1,307,969",90.1677,90.1677,86.54
01/14/2022,90.22,"1,349,566",87.61,90.32,86.4
01/13/2022,88.16,"1,110,271",87.86,89.7,87.63
01/12/2022,88.1,"2,041,465",89.145,91.0,87.595
01/11/2022,88.99,"1,810,954",84.37,89.07,84.3
01/10/2022,84.39,"4,496,756",87.1,88.04,82.0
01/07/2022,84.25,"1,613,115",86.4,88.27,84.17
01/06/2022,85.19,"1,018,504",84.33,85.95,83.23
01/05/2022,84.33,"1,696,083",87.22,87.62,83.99
01/04/2022,87.22,"1,328,612",88.98,89.2895,85.53
01/03/2022,89.36,"715,657",88.1,89.43,87.1
12/31/2021,88.35,"429,545",88.96,90.07,88.22
12/30/2021,89.08,"433,347",89.81,90.79,88.9757
12/29/2021,89.65,"487,948",89.55,89.8,88.41
12/28/2021,89.43,"413,753",90.5,90.88,89.2201
12/27/2021,90.69,"532,109",90.74,91.18,90.12
12/23/2021,91.16,"664,558",90.02,91.74,89.507
12/22/2021,89.95,"735,485",89.79,90.36,88.55
12/21/2021,89.65,"1,415,378",87.11,89.89,87.0
12/20/2021,86.89,"1,253,761",85.55,87.43,85.0501
12/17/2021,86.48,"2,222,161",83.33,87.97,82.65
12/16/2021,83.59,"1,263,862",85.0,85.605,82.67
12/15/2021,84.18,"1,755,541",82.71,84.68,81.94
12/14/2021,82.92,"1,468,700",83.06,84.02,82.08
12/13/2021,83.79,"1,363,728",84.6,85.33,83.34
12/10/2021,84.89,"1,111,266",85.46,85.88,84.04
12/09/2021,85.62,"1,352,125",88.07,88.91,85.49
12/08/2021,88.38,"1,030,681",86.79,89.05,85.85
12/07/2021,86.12,"1,227,083",85.31,86.62,84.71
12/06/2021,84.24,"989,094",81.9,84.97,81.155
12/03/2021,82.95,"1,300,152",84.24,84.97,82.345
12/02/2021,84.68,"990,143",84.925,85.89,84.1529
12/01/2021,84.5,"1,210,646",86.27,88.31,84.01
11/30/2021,86.29,"3,480,576",85.88,88.166,85.5
11/29/2021,87.4,"1,147,159",88.16,89.02,87.19
11/26/2021,87.58,"1,036,420",89.55,89.74,86.26
11/24/2021,89.57,"944,441",89.47,90.12,88.8
11/23/2021,89.79,"1,887,553",89.44,90.7,88.11
11/22/2021,90.3,"1,894,118",91.8,92.17,90.12
11/19/2021,91.47,"6,221,878",83.54,91.72,82.24
11/18/2021,82.92,"1,934,016",81.07,83.13,80.55
11/17/2021,80.74,"1,223,990",80.87,82.09,80.39
11/16/2021,81.3,"1,076,530",82.55,83.14,81.17
11/15/2021,82.07,"1,117,463",82.46,82.98,81.9
11/12/2021,81.73,"867,797",81.6,81.97,81.3
11/11/2021,81.44,"1,409,656",81.51,82.16,81.01
11/10/2021,81.54,"1,072,025",82.09,83.8,81.19
11/09/2021,82.76,"1,349,354",83.11,83.57,81.95
11/08/2021,83.43,"1,435,244",83.92,84.67,83.26
11/05/2021,83.92,"1,467,553",82.68,84.84,82.23
11/04/2021,83.37,"1,438,973",82.09,83.8,82.09
11/03/2021,83.48,"1,391,380",83.32,84.24,82.86
11/02/2021,83.09,"1,653,564",82.24,83.1,81.04
11/01/2021,82.05,"1,866,761",79.16,82.08,79.0655
10/29/2021,79.23,"2,090,430",77.81,79.99,77.52
10/28/2021,78.2,"4,825,732",73.5,78.52,72.61
10/27/2021,71.72,"1,573,284",73.35,73.405,71.59
10/26/2021,73.42,"1,680,769",73.6,74.05,73.045
10/25/2021,73.51,"1,517,319",73.8,74.1517,73.35
10/22/2021,73.74,"1,026,153",74.8,74.8,73.275
10/21/2021,75.08,"703,226",75.27,75.86,74.97
10/20/2021,75.15,"1,061,723",74.6,75.89,74.415
10/19/2021,74.14,"1,505,845",74.4,75.5,73.92
10/18/2021,73.92,"1,688,695",75.75,75.81,73.1
10/15/2021,75.89,"1,520,399",77.52,77.99,75.87
10/14/2021,77.52,"1,672,113",76.87,78.37,76.0601
10/13/2021,76.82,"1,353,619",78.77,79.42,76.68
10/12/2021,78.63,"1,429,869",78.04,79.37,77.96
10/11/2021,77.9,"816,182",77.71,79.32,77.555
10/08/2021,77.83,"1,156,373",77.49,78.48,76.88
10/07/2021,77.14,"903,723",78.77,79.49,76.97
10/06/2021,77.87,"1,011,539",76.46,78.71,76.46
10/05/2021,76.73,"668,093",75.98,76.94,75.96
10/04/2021,75.88,"964,075",76.0,77.03,75.19
10/01/2021,77.16,"1,031,748",77.175,77.7411,76.13
09/30/2021,77.29,"1,463,192",77.03,77.86,76.8
09/29/2021,76.79,"893,212",76.835,78.01,76.72
09/28/2021,77.18,"806,071",78.0,78.55,77.09
09/27/2021,78.62,"796,698",78.88,79.58,78.0
09/24/2021,78.6,"463,156",79.1,79.41,78.3418
09/23/2021,79.3,"708,889",79.29,79.98,78.881
09/22/2021,79.03,"1,062,538",78.61,79.63,77.42
09/21/2021,78.15,"1,178,174",77.16,78.87,77.16
09/20/2021,77.38,"1,072,657",77.26,78.69,76.84
09/17/2021,77.76,"3,068,944",76.42,77.98,76.4
09/16/2021,76.5,"813,232",76.655,77.3,75.815
09/15/2021,77.27,"1,241,209",76.898,77.435,76.0
09/14/2021,76.17,"791,398",78.5,78.69,76.1
09/13/2021,77.98,"1,372,476",78.21,78.78,77.665
09/10/2021,77.98,"1,324,846",80.64,81.1711,77.93
09/09/2021,80.11,"2,135,162",78.61,80.58,77.73
09/08/2021,76.7,"1,534,840",77.71,78.27,76.57
09/07/2021,77.81,"2,528,284",78.01,81.92,77.6
09/03/2021,84.95,"1,046,655",85.15,85.24,84.36
09/02/2021,85.15,"995,727",84.135,85.24,83.33
09/01/2021,84.27,"848,146",84.52,85.28,83.69
08/31/2021,84.21,"1,568,455",82.48,84.5,82.25
08/30/2021,83.27,"1,599,246",83.76,85.01,83.06
08/27/2021,83.51,"2,131,456",79.13,84.23,79.1
08/26/2021,78.82,"1,004,339",78.85,79.41,78.13
08/25/2021,78.52,"922,311",77.06,78.665,76.82
08/24/2021,77.24,"1,240,131",75.41,77.29,75.2
08/23/2021,75.47,"950,419",75.45,75.7,75.16
08/20/2021,75.14,"1,245,102",74.86,75.54,74.65
08/19/2021,74.77,"1,156,519",75.51,76.74,74.68
08/18/2021,75.54,"857,236",76.58,76.67,75.34
08/17/2021,76.36,"920,901",74.79,76.53,74.6
08/16/2021,75.1,"883,513",74.732,75.42,73.95
08/13/2021,75.03,"933,595",75.71,76.23,74.95
08/12/2021,75.39,"720,244",75.75,76.0002,74.86
08/11/2021,75.72,"1,059,963",77.0,77.49,75.5
08/10/2021,76.89,"841,661",77.54,77.75,76.48
08/09/2021,77.5,"1,052,434",78.45,78.545,77.22
08/06/2021,78.13,"1,068,208",78.17,78.73,76.91
08/05/2021,77.93,"1,145,687",76.51,77.93,76.21
08/04/2021,76.44,"941,168",77.17,77.88,76.01
08/03/2021,77.65,"793,243",77.625,77.75,76.41
08/02/2021,77.41,"983,169",76.69,77.74,76.5
07/30/2021,76.73,"909,003",78.6,78.8,76.62
07/29/2021,78.51,"1,136,400",78.75,81.56,78.36
07/28/2021,78.73,"663,716",78.27,79.34,78.18
07/27/2021,78.33,"927,249",77.55,78.5,76.5
07/26/2021,77.35,"999,751",76.91,77.97,76.61
07/23/2021,77.04,"1,455,398",78.88,78.88,76.42
07/22/2021,78.46,"616,554",79.39,79.77,78.42
07/21/2021,79.65,"679,917",79.48,80.01,78.44
07/20/2021,79.5,"1,182,812",79.25,80.17,78.95
07/19/2021,78.77,"1,048,428",77.388,79.24,77.35
07/16/2021,78.84,"855,893",79.95,80.055,78.45
07/15/2021,79.57,"1,381,210",79.39,79.99,78.29
07/14/2021,79.68,"946,211",81.66,81.775,79.58
07/13/2021,81.5,"495,223",81.99,82.39,81.22
07/12/2021,82.33,"612,638",83.84,83.84,81.805
07/09/2021,83.62,"609,390",83.13,83.72,82.785
07/08/2021,82.95,"1,021,368",82.26,83.58,81.5
07/07/2021,83.04,"1,192,970",84.75,84.8,82.88
07/06/2021,84.57,"828,974",85.35,85.35,84.0
07/02/2021,85.47,"947,537",84.23,85.74,83.46
07/01/2021,83.91,"827,807",83.26,83.95,82.97
06/30/2021,83.44,"770,582",83.42,83.82,82.7456
06/29/2021,83.46,"609,014",84.23,85.2,82.9608
06/28/2021,84.43,"534,091",85.79,86.33,83.87
06/25/2021,84.79,"4,825,181",84.33,85.5,83.2
06/24/2021,83.78,"1,081,750",83.23,84.17,82.91
06/23/2021,82.58,"1,256,919",80.79,82.87,80.79
06/22/2021,81.14,"1,202,459",80.92,81.53,80.14
06/21/2021,80.76,"1,098,030",82.06,82.6,80.43
06/18/2021,81.9,"1,340,779",82.54,82.9,81.52
06/17/2021,82.98,"827,370",82.54,83.76,82.04
06/16/2021,82.48,"1,030,805",82.13,82.68,81.35
06/15/2021,81.96,"557,669",82.4,82.76,81.19
06/14/2021,82.48,"634,597",82.49,83.45,82.165
06/11/2021,82.07,"745,283",83.546,83.85,81.75
06/10/2021,83.67,"1,100,759",82.46,84.14,81.83
06/09/2021,82.05,"1,333,711",79.46,82.5,79.2706
06/08/2021,78.76,"619,612",79.17,79.27,78.0
06/07/2021,78.66,"908,836",78.01,79.9,77.47
06/04/2021,77.89,"520,733",77.73,78.44,77.3413
06/03/2021,77.36,"532,445",77.42,77.4699,76.235
06/02/2021,77.35,"1,133,677",77.832,77.98,76.73
06/01/2021,77.69,"751,561",77.52,77.87,76.75
05/28/2021,77.3,"579,945",77.28,78.2,77.1
05/27/2021,77.36,"1,508,126",77.35,77.6,76.04
05/26/2021,77.28,"836,805",77.65,78.17,76.8425
05/25/2021,77.6,"768,391",77.26,77.91,76.58
05/24/2021,77.55,"572,718",78.62,78.9,77.47
05/21/2021,78.1,"746,848",78.97,79.15,77.8
05/20/2021,79.12,"1,073,436",76.54,79.38,76.54
05/19/2021,76.42,"747,850",76.79,77.085,75.76
05/18/2021,77.67,"622,337",77.39,79.015,77.0
05/17/2021,77.34,"549,529",76.6,77.97,75.75
05/14/2021,76.93,"933,064",76.01,77.52,75.59
05/13/2021,75.51,"679,810",75.96,76.73,74.63
05/12/2021,75.6,"774,455",75.27,76.45,75.21
05/11/2021,75.69,"794,674",74.663,77.0,74.43
05/10/2021,76.39,"713,475",77.29,77.7,75.81
05/07/2021,77.77,"628,868",79.0,79.83,77.07
05/06/2021,78.61,"780,217",78.0,79.0,77.34
05/05/2021,77.68,"867,228",78.136,79.1,77.2
05/04/2021,78.35,"897,027",78.71,78.79,77.25
05/03/2021,78.68,"813,524",78.3,79.28,77.6246
04/30/2021,77.92,"1,445,967",79.69,79.85,77.24
04/29/2021,80.18,"726,844",81.29,81.75,79.68
04/28/2021,80.46,"529,403",80.0,80.655,79.49
04/27/2021,79.77,"867,461",81.0,81.28,79.64
04/26/2021,81.16,"786,134",79.2,81.41,78.61
04/23/2021,78.73,"726,798",79.34,80.19,78.6048
04/22/2021,79.7,"702,877",78.91,80.18,78.29
04/21/2021,79.33,"923,314",79.8,79.8,78.07
04/20/2021,79.45,"742,140",79.51,80.59,79.03
04/19/2021,79.59,"974,383",79.58,79.95,79.0071
04/16/2021,79.4,"868,658",79.12,79.6,78.07
04/15/2021,78.77,"1,253,180",76.715,79.6399,76.715
04/14/2021,78.23,"664,757",78.25,79.35,77.975
04/13/2021,77.77,"863,490",77.44,78.29,76.5
04/12/2021,77.11,"787,864",76.56,77.45,76.38
04/09/2021,77.07,"767,064",78.02,78.79,76.47
04/08/2021,78.23,"907,381",78.45,78.92,77.95
04/07/2021,78.05,"975,928",78.4,79.85,77.75
04/06/2021,78.4,"977,755",78.63,79.13,78.3
04/05/2021,78.32,"957,759",78.07,78.75,77.85
04/01/2021,77.83,"1,030,364",76.3,78.34,75.625
03/31/2021,75.51,"948,430",75.23,76.63,75.14
03/30/2021,74.96,"1,002,627",74.79,75.19,73.65
03/29/2021,75.38,"799,345",75.1,76.24,74.9
03/26/2021,75.48,"1,092,844",74.67,75.4812,74.03
03/25/2021,74.76,"1,448,536",74.195,74.98,72.77
03/24/2021,74.73,"1,803,920",76.3,76.545,74.42
03/23/2021,76.52,"1,181,318",78.58,78.67,76.12
03/22/2021,78.52,"925,674",78.2,79.315,78.19
03/19/2021,78.18,"1,590,315",78.61,78.64,77.29
03/18/2021,77.39,"850,281",77.99,78.59,77.28
03/17/2021,78.19,"1,518,044",77.01,78.43,76.3744
03/16/2021,77.21,"1,203,751",78.16,78.59,76.6
03/15/2021,78.39,"1,422,186",77.38,78.4,76.97
03/12/2021,76.77,"874,845",77.1,77.31,76.22
03/11/2021,77.41,"1,301,180",77.68,78.635,77.05
03/10/2021,77.46,"1,355,319",79.74,79.74,76.27
03/09/2021,78.74,"1,050,742",77.6,79.5,76.92
03/08/2021,76.59,"1,214,168",78.66,79.77,76.5
03/05/2021,77.73,"1,453,177",76.28,77.78,74.53
03/04/2021,76.35,"1,327,123",76.0,78.18,75.2
03/03/2021,76.09,"1,272,327",77.5,77.72,75.84
03/02/2021,77.91,"2,417,318",79.15,79.67,77.73
03/01/2021,79.17,"2,310,448",78.815,80.5,78.08
02/26/2021,77.43,"3,033,563",80.31,80.46,75.3
02/25/2021,81.76,"1,530,204",83.38,83.95,81.35
02/24/2021,83.32,"1,040,287",82.3,84.52,82.2
02/23/2021,82.15,"1,092,431",80.5,82.545,79.12
02/22/2021,81.06,"954,310",81.2,82.33,80.13
02/19/2021,81.76,"1,019,012",83.58,83.76,81.46
02/18/2021,83.27,"1,152,176",85.49,85.49,82.8265
02/17/2021,85.8,"1,059,126",84.54,86.1599,84.24
02/16/2021,84.94,"1,421,824",87.41,87.435,84.14
02/12/2021,87.04,"1,017,290",86.265,87.84,86.21
02/11/2021,86.86,"932,157",85.93,86.87,84.925
02/10/2021,85.45,"797,545",86.28,86.645,84.34
02/09/2021,85.61,"777,344",86.78,86.8211,84.83
02/08/2021,86.29,"966,435",86.16,87.29,85.15
02/05/2021,85.22,"753,436",85.44,85.9,84.17
02/04/2021,84.81,"924,743",83.0,84.925,83.0
02/03/2021,82.82,"1,284,710",84.0,84.8,82.815
02/02/2021,83.19,"1,439,945",84.0,84.08,82.64
02/01/2021,83.0,"1,047,175",84.01,84.17,82.31
01/29/2021,82.78,"870,668",82.67,83.7199,81.31
01/28/2021,83.15,"960,560",82.91,84.07,81.86
01/27/2021,83.24,"1,136,217",85.49,85.97,82.8
01/26/2021,85.91,"1,543,000",88.84,88.91,85.8
01/25/2021,88.97,"961,702",88.12,89.13,87.68
01/22/2021,87.99,"898,579",85.86,88.795,85.5159
01/21/2021,86.88,"1,146,094",88.56,88.56,86.21
01/20/2021,87.99,"1,262,625",87.01,88.75,86.52
01/19/2021,85.77,"1,693,546",83.6,86.1,82.97
01/15/2021,82.97,"1,306,558",81.72,83.63,81.2501
01/14/2021,81.36,"1,424,141",82.9,82.9,80.29
01/13/2021,81.94,"1,349,354",81.87,82.48,81.22
01/12/2021,81.12,"3,060,230",82.1,82.885,79.51
01/11/2021,81.24,"4,416,853",83.92,84.99,80.9
01/08/2021,89.86,"2,853,958",91.04,92.2,89.23
01/07/2021,90.69,"1,870,135",87.68,90.79,87.02
01/06/2021,87.74,"1,878,211",85.51,89.1017,85.5
01/05/2021,85.9,"924,786",86.57,86.98,84.98
01/04/2021,86.3,"1,121,834",89.13,89.83,85.74
12/31/2020,87.69,"748,092",86.57,87.8,85.63
12/30/2020,86.96,"669,367",86.65,87.83,86.45
12/29/2020,86.18,"1,059,503",88.18,88.48,85.38
12/28/2020,87.58,"1,226,130",88.77,89.0,86.4
12/24/2020,88.66,"463,645",88.44,89.1,88.13
12/23/2020,88.3,"1,215,971",88.63,89.38,87.71
12/22/2020,88.35,"1,353,020",87.91,89.35,87.825
12/21/2020,87.51,"2,203,018",86.12,87.7,82.75
12/18/2020,88.85,"6,695,846",91.39,92.305,87.57
12/17/2020,90.2,"2,702,074",90.0,92.565,89.37
12/16/2020,89.28,"2,899,893",85.671,90.7,85.65
12/15/2020,85.03,"1,376,095",83.0,85.06,82.05
12/14/2020,82.85,"2,557,966",83.11,84.95,80.93
12/11/2020,79.49,"1,224,586",77.81,79.67,77.68
12/10/2020,77.76,"1,049,395",76.3,78.16,76.0
12/09/2020,76.16,"992,929",79.046,79.11,75.95
12/08/2020,78.79,"912,982",78.81,78.96,78.07
12/07/2020,78.39,"823,724",79.75,79.78,77.775
12/04/2020,79.61,"623,486",79.1,79.83,78.81
12/03/2020,79.1,"913,288",79.69,80.1768,78.11
12/02/2020,79.86,"938,551",79.64,80.44,79.2
12/01/2020,79.5,"822,811",79.26,79.91,78.18
11/30/2020,78.7,"2,524,537",80.13,80.81,78.32
11/27/2020,80.4,"766,776",78.43,80.65,78.37
11/25/2020,78.15,"865,544",78.48,79.38,77.54
11/24/2020,77.96,"1,174,544",77.15,78.76,76.83
11/23/2020,77.04,"1,020,563",76.52,77.4,76.27
11/20/2020,75.95,"1,257,315",75.64,76.48,75.36
11/19/2020,75.13,"851,348",74.14,75.6,73.85
11/18/2020,74.17,"1,027,807",76.55,76.63,74.1
11/17/2020,76.53,"817,268",77.23,77.33,75.595
11/16/2020,77.11,"1,204,190",77.7,77.9,75.6
11/13/2020,77.52,"940,873",76.97,78.154,76.57
11/12/2020,76.91,"905,437",75.8,77.965,75.6901
11/11/2020,76.22,"1,126,810",77.06,78.0,74.86
11/10/2020,76.18,"1,764,855",75.0,76.64,73.28
11/09/2020,75.09,"1,590,682",79.05,79.28,74.86
11/06/2020,76.74,"2,109,622",74.0,78.83,72.8
11/05/2020,75.05,"1,454,059",76.66,76.95,74.52
11/04/2020,76.37,"2,352,976",74.56,79.42,74.56
11/03/2020,72.61,"2,075,655",72.83,74.0,71.65
11/02/2020,73.42,"1,656,709",75.21,75.25,71.8
10/30/2020,74.43,"1,513,573",73.74,74.5697,72.4
10/29/2020,74.42,"1,185,168",74.37,75.45,73.71
10/28/2020,74.39,"1,520,798",75.69,75.75,74.355
10/27/2020,76.18,"919,692",76.92,77.3,76.15
10/26/2020,76.88,"1,097,181",77.13,78.085,76.31
10/23/2020,77.53,"1,257,843",79.5,79.62,76.53
10/22/2020,79.17,"1,493,528",77.56,79.275,77.56
10/21/2020,77.5,"1,145,815",77.59,78.8,77.29
10/20/2020,77.91,"1,180,832",77.68,78.65,77.0
10/19/2020,77.33,"1,211,439",79.7,80.12,76.95
10/16/2020,79.25,"1,890,375",77.89,80.3,77.67
10/15/2020,77.67,"1,279,104",77.64,78.68,76.52
10/14/2020,78.79,"1,045,406",79.91,80.29,78.115
10/13/2020,79.88,"1,108,276",79.73,80.51,79.44
10/12/2020,79.85,"1,098,350",80.26,80.46,77.94
10/09/2020,78.85,"1,156,575",79.79,80.19,78.78
10/08/2020,79.61,"1,236,294",78.0,79.86,77.72
10/07/2020,77.71,"1,104,157",75.96,77.99,75.48
10/06/2020,75.55,"1,144,527",76.67,77.57,75.5
10/05/2020,77.0,"1,510,811",75.546,77.62,75.17
10/02/2020,74.98,"2,548,201",75.33,76.04,73.8
10/01/2020,75.82,"1,157,203",77.02,77.24,75.33
09/30/2020,76.08,"1,597,347",76.15,77.555,75.4301
09/29/2020,76.0,"1,320,921",78.12,78.37,75.94
09/28/2020,77.99,"1,458,890",78.55,79.21,77.72
09/25/2020,77.39,"1,770,374",76.46,77.96,75.835
09/24/2020,76.58,"2,584,323",77.4,78.0,75.02
09/23/2020,78.43,"1,899,044",79.38,80.24,78.09
09/22/2020,79.36,"2,708,782",77.39,80.94,75.41
09/21/2020,77.28,"2,202,515",78.56,78.63,76.71
09/18/2020,79.38,"4,440,889",78.81,79.72,77.18
09/17/2020,78.36,"3,097,149",74.84,78.64,74.1233
09/16/2020,75.64,"1,689,612",75.5,76.39,75.09
09/15/2020,75.51,"1,537,011",75.94,76.095,74.64
09/14/2020,75.34,"2,460,031",72.99,76.14,72.99
09/11/2020,72.05,"2,277,376",72.6,73.24,71.35
09/10/2020,71.87,"3,395,343",74.11,75.15,71.5
09/09/2020,74.49,"2,675,911",75.45,75.63,73.8701
09/08/2020,74.49,"1,772,326",74.72,75.72,73.7
09/04/2020,76.0,"2,310,132",75.74,76.635,73.76
09/03/2020,75.84,"2,582,355",77.7435,77.825,75.3899
09/02/2020,77.99,"2,185,758",76.73,78.86,76.12
09/01/2020,76.0,"2,485,428",77.85,78.04,75.56
08/31/2020,78.03,"3,038,880",76.57,79.0,76.54
08/28/2020,76.38,"1,790,255",75.99,76.44,74.7959
08/27/2020,75.43,"4,067,498",74.78,77.24,74.24
08/26/2020,74.89,"2,566,079",73.86,75.32,73.7005
08/25/2020,74.4,"3,379,281",74.165,75.0,73.29
08/24/2020,73.0,"3,918,256",75.46,75.65,72.24
08/21/2020,75.03,"6,373,334",74.8,75.7434,73.88
08/20/2020,74.85,"7,297,174",76.27,76.73,74.6
08/19/2020,76.715,"34,099,090",85.81,85.85,74.56
08/18/2020,118.54,"723,862",119.14,119.9,117.31
08/17/2020,119.49,"637,200",119.23,121.23,118.67
08/14/2020,118.16,"971,828",118.42,119.9844,117.515
08/13/2020,116.87,"1,135,910",118.61,118.61,115.775
08/12/2020,118.02,"1,006,937",117.0,118.98,116.995
08/11/2020,116.83,"980,358",117.71,118.82,116.4
08/10/2020,118.25,"785,329",118.35,118.66,116.06
08/07/2020,118.67,"754,348",119.84,120.75,117.81
08/06/2020,119.65,"642,581",119.6,120.66,118.36
08/05/2020,119.83,"1,378,909",119.99,124.5199,118.765
08/04/2020,119.83,"1,129,938",122.69,122.69,118.15
08/03/2020,122.04,"1,084,393",120.35,122.47,118.78
07/31/2020,119.81,"956,515",121.81,121.925,117.72
07/30/2020,121.72,"816,168",119.21,123.19,118.2
07/29/2020,120.53,"1,025,795",123.67,123.67,120.19
07/28/2020,122.83,"887,729",124.46,124.46,121.8
07/27/2020,124.0,"963,701",124.08,124.9,122.63
07/24/2020,122.95,"1,180,335",123.41,124.985,121.63
07/23/2020,124.49,"967,018",127.99,129.18,124.33
07/22/2020,127.58,"1,046,393",129.06,130.16,126.44
07/21/2020,129.89,"772,502",130.97,131.945,129.03
07/20/2020,131.03,"1,113,903",128.89,131.725,128.26
07/17/2020,128.21,"966,422",128.54,129.34,126.81
07/16/2020,127.78,"1,071,646",126.74,128.63,124.47
07/15/2020,126.74,"936,247",126.21,127.36,124.68
07/14/2020,126.43,"1,377,541",123.2,126.87,119.51
07/13/2020,124.4,"1,713,953",126.65,130.04,123.82
07/10/2020,126.06,"812,912",126.61,127.405,124.99
07/09/2020,126.81,"1,004,362",129.0,129.21,124.475
07/08/2020,128.73,"1,089,362",125.85,129.38,125.7326
07/07/2020,127.98,"840,733",127.21,129.8854,127.21
07/06/2020,127.71,"1,264,156",127.77,128.4199,126.0
07/02/2020,126.78,"1,091,934",126.95,127.98,124.17
07/01/2020,125.84,"2,147,471",123.01,128.77,121.66
06/30/2020,123.34,"1,188,800",122.19,123.92,120.66
06/29/2020,122.18,"1,275,507",124.78,124.78,121.46
06/26/2020,124.02,"2,866,595",123.61,124.95,121.24
06/25/2020,124.22,"2,119,909",120.57,124.74,120.39
06/24/2020,120.63,"1,508,700",121.3,122.635,118.89
06/23/2020,121.72,"1,507,445",123.01,123.81,121.01
06/22/2020,122.34,"2,223,752",122.38,123.77,118.38
06/19/2020,124.12,"4,600,867",114.14,124.95,113.83
06/18/2020,113.83,"2,123,772",114.37,115.95,112.25
06/17/2020,111.32,"2,503,154",106.49,113.84,103.85
06/16/2020,106.47,"907,354",107.86,107.9,105.01
06/15/2020,105.76,"1,268,406",105.03,106.8,103.3824
06/12/2020,105.72,"1,135,020",106.06,106.805,103.08
06/11/2020,103.86,"1,327,005",106.68,107.29,103.86
06/10/2020,107.66,"1,374,847",107.56,108.55,106.14
06/09/2020,105.09,"1,012,345",106.84,107.5,104.84
06/08/2020,106.87,"1,026,049",105.19,107.33,104.23
06/05/2020,105.8,"1,298,132",107.46,109.71,105.22
06/04/2020,107.51,"1,539,784",109.94,112.5721,106.84
06/03/2020,111.21,"1,994,912",108.34,112.39,107.3856
06/02/2020,108.33,"1,174,805",106.71,108.5573,105.5
06/01/2020,107.39,"1,546,173",106.51,108.16,104.95
05/29/2020,106.55,"2,364,677",106.0,107.11,103.69
05/28/2020,105.6,"1,361,917",105.88,108.24,105.23
05/27/2020,106.7,"2,417,277",103.15,106.7,101.26
05/26/2020,103.74,"4,394,554",101.53,109.51,100.23
05/22/2020,97.51,"1,229,131",94.55,98.27,93.67
05/21/2020,94.85,"1,208,759",94.04,95.52,92.44
05/20/2020,94.04,"1,279,202",94.98,95.34,92.73
05/19/2020,93.89,"866,059",95.41,96.326,93.705
05/18/2020,95.36,"1,118,000",96.51,96.72,95.031
05/15/2020,93.74,"1,596,310",90.39,94.75,90.04
05/14/2020,91.79,"1,742,404",93.86,93.97,89.2
05/13/2020,94.68,"1,629,305",96.94,98.13,93.12
05/12/2020,96.16,"3,768,019",97.0,100.75,95.2652
05/11/2020,96.47,"2,143,157",93.54,98.34,93.265
05/08/2020,95.2,"1,189,407",91.72,95.98,91.3385
05/07/2020,92.0,"1,266,226",96.54,96.59,91.495
05/06/2020,95.0,"1,106,982",93.75,96.25,93.43
05/05/2020,93.19,"1,120,461",91.35,94.18,90.395
05/04/2020,90.36,"1,464,275",88.0,90.4,86.77
05/01/2020,88.12,"1,681,703",89.38,91.7,87.88
04/30/2020,92.02,"2,032,018",97.0,97.0,91.14
04/29/2020,94.71,"1,390,423",95.57,96.1006,93.4971
04/28/2020,94.49,"1,722,661",97.58,98.535,92.2748
04/27/2020,97.95,"1,175,081",97.73,99.6,97.32
04/24/2020,97.31,"1,471,011",93.84,97.65,92.78
04/23/2020,93.12,"1,145,619",92.95,94.8,91.86
04/22/2020,92.47,"773,710",92.42,93.17,91.37
04/21/2020,90.72,"1,390,908",90.92,93.57,90.25
04/20/2020,93.2,"1,916,482",88.74,94.34,87.77
04/17/2020,89.12,"2,164,439",87.6,89.16,85.59
04/16/2020,85.22,"1,534,132",83.24,85.81,82.15
04/15/2020,82.36,"1,331,378",84.63,84.63,82.31
04/14/2020,85.75,"1,756,674",85.0,86.15,83.95
04/13/2020,82.99,"1,883,978",79.52,83.5,79.04
04/09/2020,79.55,"1,329,559",79.06,81.19,78.77
04/08/2020,79.6,"1,500,922",79.98,81.74,78.88
04/07/2020,79.83,"1,722,944",83.51,84.48,79.145
04/06/2020,82.77,"1,816,522",86.75,86.8107,81.6003
04/03/2020,84.21,"1,777,374",85.11,87.25,83.02
04/02/2020,86.06,"1,208,935",82.83,86.13,82.11
04/01/2020,83.59,"1,607,178",82.0,85.99,82.0
03/31/2020,84.5,"2,378,287",82.15,85.57,80.68
03/30/2020,82.49,"1,575,180",80.99,82.82,79.69
03/27/2020,79.51,"1,444,126",80.52,81.15,77.165
03/26/2020,82.64,"1,458,428",79.75,83.04,79.03
03/25/2020,80.47,"1,557,081",78.47,82.91,77.27
03/24/2020,79.88,"2,060,265",74.36,80.0,74.32
03/23/2020,71.37,"1,586,094",73.93,73.93,68.25
03/20/2020,73.05,"1,955,612",74.14,77.83,72.16
03/19/2020,74.28,"1,797,468",71.89,76.92,71.1201
03/18/2020,72.35,"2,372,073",71.6,80.67,69.5
03/17/2020,77.36,"2,430,151",75.39,79.08,73.02
03/16/2020,73.82,"2,525,161",76.52,80.0,73.81
03/13/2020,84.5,"2,557,279",80.0,84.99,77.28
03/12/2020,76.72,"3,327,725",82.01,83.76,76.71
03/11/2020,86.9,"1,852,178",87.95,89.72,85.82
03/10/2020,89.32,"1,897,276",86.48,89.55,85.84
03/09/2020,84.79,"2,267,663",89.52,91.73,84.79
03/06/2020,94.27,"1,711,638",93.63,95.23,92.295
03/05/2020,95.97,"1,533,033",94.31,97.1,93.3898
03/04/2020,96.85,"1,656,873",94.34,96.94,93.21
03/03/2020,92.72,"1,649,536",94.39,95.9,90.71
03/02/2020,94.4,"2,360,308",91.15,94.54,90.16
02/28/2020,90.37,"2,271,420",87.02,90.79,87.0
02/27/2020,89.82,"2,703,444",89.04,94.8,88.41
02/26/2020,91.22,"1,930,912",92.42,93.09,90.52
02/25/2020,91.0,"1,868,593",93.22,93.7117,89.7
02/24/2020,93.0,"2,275,893",92.57,93.81,90.71
02/21/2020,95.16,"3,084,519",89.9,95.64,89.25
02/20/2020,89.66,"764,152",89.81,89.94,88.38
02/19/2020,89.87,"647,613",89.19,90.0,88.91
02/18/2020,88.94,"737,206",88.46,89.11,87.99
02/14/2020,89.01,"780,254",88.31,89.1,87.275
02/13/2020,88.24,"532,683",88.95,89.0,88.18
02/12/2020,89.15,"848,381",88.24,89.295,87.91
02/11/2020,88.12,"781,376",88.21,88.83,87.69
02/10/2020,87.66,"605,440",86.3,87.81,86.3
02/07/2020,86.57,"1,211,655",88.76,88.76,86.35
02/06/2020,88.87,"999,595",89.42,89.86,88.1
02/05/2020,89.0,"1,973,888",87.69,89.61,87.69
02/04/2020,86.07,"1,009,451",85.24,86.48,85.24
02/03/2020,84.01,"768,438",83.46,84.71,83.3
01/31/2020,83.5,"1,382,188",84.6,84.6,81.78
01/30/2020,85.2,"1,147,359",85.43,86.38,83.68
01/29/2020,86.36,"1,112,634",86.34,87.08,86.09
01/28/2020,85.89,"1,024,743",84.85,86.39,84.37
01/27/2020,84.62,"1,347,314",84.9,85.86,84.15
01/24/2020,86.15,"1,217,044",88.39,88.88,85.42
01/23/2020,85.63,"1,112,438",87.95,88.1693,85.62
01/22/2020,87.59,"1,184,824",88.01,88.69,87.19
01/21/2020,87.55,"1,382,760",88.05,88.73,87.3
01/17/2020,88.27,"1,667,861",89.47,89.6,87.88
01/16/2020,89.13,"1,127,245",89.62,89.915,88.71
01/15/2020,88.87,"955,758",88.5,89.72,88.0
01/14/2020,89.02,"960,927",87.95,89.42,86.59
01/13/2020,88.27,"1,936,628",89.8,90.25,87.59
01/10/2020,91.1,"2,814,236",89.46,93.14,89.38
01/09/2020,89.58,"2,899,901",85.28,90.29,84.63
01/08/2020,84.71,"935,189",84.92,84.92,83.75
01/07/2020,84.21,"1,074,979",84.46,84.96,83.565
01/06/2020,84.59,"1,201,020",83.5,84.66,83.285
01/03/2020,84.0,"867,253",83.52,84.37,82.825
01/02/2020,84.04,"1,076,984",85.0,85.16,83.41
12/31/2019,84.55,"851,439",84.15,84.65,83.8
12/30/2019,84.59,"835,280",85.55,85.785,84.19
12/27/2019,85.59,"689,760",86.16,86.5,85.1
12/26/2019,86.32,"593,169",86.43,86.5,85.73
12/24/2019,86.37,"338,967",86.11,86.4753,85.61
12/23/2019,86.0,"1,105,428",85.3,86.48,84.92
12/20/2019,84.75,"1,827,347",85.45,85.49,84.01
12/19/2019,84.99,"1,068,074",84.61,85.12,83.92
12/18/2019,84.75,"1,628,794",83.13,85.0,83.13
12/17/2019,83.38,"1,791,605",83.36,83.77,82.59
12/16/2019,83.5,"3,182,576",83.01,83.93,81.55
12/13/2019,80.17,"1,150,604",81.03,81.915,79.81
12/12/2019,80.9,"1,374,206",78.63,80.98,78.3838
12/11/2019,78.77,"1,005,635",79.53,79.8,78.42
12/10/2019,79.43,"1,389,999",78.85,79.75,78.5
12/09/2019,78.9,"1,107,705",80.0,80.35,78.865
12/06/2019,79.92,"1,101,536",80.72,80.99,79.62
12/05/2019,80.08,"1,139,441",81.3,81.8618,79.88
12/04/2019,81.29,"1,057,476",80.92,81.87,80.39
12/03/2019,80.23,"1,144,317",80.27,80.57,79.21
12/02/2019,79.86,"1,120,882",80.87,81.35,79.64
11/29/2019,80.71,"791,529",80.06,81.415,79.8052
11/27/2019,80.38,"1,688,939",80.0,81.28,79.5
11/26/2019,78.51,"1,407,928",79.66,79.9994,78.195
11/25/2019,79.87,"1,668,062",78.29,79.89,78.0389
11/22/2019,77.77,"1,506,348",77.6,78.28,76.42
11/21/2019,77.07,"1,745,132",77.28,77.365,76.21
11/20/2019,77.43,"2,058,460",77.61,79.18,77.03
11/19/2019,77.73,"2,143,173",75.36,77.84,75.36
11/18/2019,75.17,"2,097,050",74.81,76.005,74.795
11/15/2019,75.04,"1,996,168",76.0,76.0,74.39
11/14/2019,75.58,"2,518,121",76.03,76.5,74.87
11/13/2019,76.14,"2,403,536",75.52,76.4,74.6
11/12/2019,75.88,"2,128,609",76.0,76.86,75.5
11/11/2019,75.33,"1,461,971",75.38,76.42,74.9
11/08/2019,75.9,"821,952",75.23,76.69,74.805
11/07/2019,75.4,"1,783,925",75.44,76.13,74.8007
11/06/2019,74.84,"1,907,348",74.9,75.38,73.7
11/05/2019,74.65,"1,220,733",73.44,74.8,72.99
11/04/2019,73.53,"848,742",74.33,74.33,73.08
11/01/2019,73.63,"924,897",74.0,74.0,73.01
10/31/2019,73.21,"983,826",73.72,74.9727,72.34
10/30/2019,73.53,"968,235",73.83,74.2168,73.25
10/29/2019,74.27,"2,418,584",72.37,74.68,72.2
10/28/2019,72.15,"1,154,307",71.23,72.4,70.78
10/25/2019,71.19,"1,628,089",69.55,71.5,69.17
10/24/2019,69.45,"2,400,489",71.07,71.54,68.25
10/23/2019,69.01,"3,056,520",67.51,70.36,67.1
10/22/2019,67.73,"1,592,050",68.94,69.57,67.51
10/21/2019,68.42,"1,462,043",69.2,69.87,68.236
10/18/2019,69.15,"1,663,176",68.05,70.21,67.74
10/17/2019,67.9,"1,214,168",69.9,69.9,67.81
10/16/2019,67.94,"759,274",68.35,69.03,67.88
10/15/2019,68.51,"1,094,827",67.24,69.25,67.24
10/14/2019,67.24,"865,922",67.24,67.97,66.8
10/11/2019,67.36,"1,232,775",67.38,68.21,67.01
10/10/2019,66.505,"1,350,757",65.05,66.63,64.75
10/09/2019,65.05,"973,811",64.92,65.57,64.64
10/08/2019,64.83,"1,096,697",65.65,66.42,64.73
10/07/2019,65.84,"1,972,524",65.49,66.29,64.6
10/04/2019,65.91,"1,470,158",65.34,66.14,64.81
10/03/2019,64.82,"2,074,332",64.2,65.52,63.08
10/02/2019,64.27,"1,431,160",64.44,64.9,62.88
10/01/2019,64.76,"2,366,799",67.4,67.74,64.37
09/30/2019,67.4,"1,763,484",68.85,68.85,67.24
09/27/2019,68.31,"2,072,815",71.4,71.66,67.98
09/26/2019,71.22,"1,368,027",71.63,71.83,70.24
09/25/2019,71.78,"1,184,024",72.08,72.74,71.18
09/24/2019,72.12,"1,445,575",73.85,73.85,71.74
09/23/2019,73.54,"651,212",74.91,75.0,73.53
09/20/2019,74.95,"1,730,190",75.86,77.105,74.415
09/19/2019,76.0,"1,090,904",75.34,76.06,74.29
09/18/2019,75.5,"2,079,501",74.93,76.26,74.22
09/17/2019,75.0,"993,488",74.47,75.19,72.7
09/16/2019,74.21,"1,025,311",72.29,74.41,72.01
09/13/2019,72.65,"1,152,202",73.33,74.49,72.28
09/12/2019,72.8,"1,150,512",72.53,73.24,71.64
09/11/2019,72.4,"1,499,675",74.67,74.76,71.88
09/10/2019,73.59,"1,203,661",71.52,74.32,70.82
09/09/2019,71.93,"961,871",72.22,72.58,71.195
09/06/2019,72.13,"765,343",73.23,73.23,71.97
09/05/2019,73.1,"637,613",73.39,74.1,72.75
09/04/2019,72.74,"899,711",73.87,74.49,71.87
09/03/2019,73.31,"1,209,459",74.77,75.0,72.76
08/30/2019,75.06,"527,926",74.75,75.23,74.58
08/29/2019,74.61,"895,202",74.38,75.31,73.94
08/28/2019,73.69,"688,318",74.29,74.985,73.46
08/27/2019,74.68,"1,039,861",76.06,76.52,74.03
08/26/2019,75.57,"866,229",76.52,77.0,75.15
08/23/2019,75.76,"1,218,181",77.28,77.47,75.49
08/22/2019,77.4,"949,762",78.47,78.47,76.8372
08/21/2019,78.22,"1,280,406",77.07,78.74,76.26
08/20/2019,76.51,"1,144,634",77.11,77.319,75.75
08/19/2019,77.41,"1,035,770",77.41,77.83,75.94
08/16/2019,76.5,"1,861,165",72.51,76.68,72.13
08/15/2019,71.73,"2,361,292",71.78,73.045,71.53
08/14/2019,71.71,"1,310,460",72.69,73.07,71.67
08/13/2019,73.46,"1,514,202",72.715,74.97,72.715
08/12/2019,73.59,"2,057,208",76.44,77.0703,73.15
08/09/2019,76.99,"962,878",76.41,77.16,75.24
08/08/2019,76.89,"792,063",77.03,77.77,76.08
08/07/2019,76.69,"806,439",75.31,77.12,75.01
08/06/2019,76.01,"869,037",76.69,77.68,74.83
08/05/2019,76.02,"1,824,978",76.2,77.06,75.11
08/02/2019,77.84,"2,150,936",78.0,80.92,76.006
08/01/2019,81.0,"1,471,045",79.43,81.73,79.32
07/31/2019,79.32,"1,453,791",80.82,81.38,78.77
07/30/2019,81.0,"839,773",79.55,81.655,78.81
07/29/2019,79.82,"1,193,147",81.13,81.67,79.53
07/26/2019,81.11,"837,243",81.05,81.43,80.25
07/25/2019,80.67,"755,720",81.1,81.135,80.34
07/24/2019,81.1,"699,087",80.61,81.64,80.29
07/23/2019,80.6,"654,785",81.66,81.9474,80.5
07/22/2019,81.6,"704,054",81.93,82.49,80.99
07/19/2019,81.57,"893,882",83.71,83.71,81.39
07/18/2019,83.19,"917,755",82.16,83.55,82.16
07/17/2019,82.47,"703,517",82.26,83.39,81.37
07/16/2019,82.37,"580,636",84.14,84.14,82.14
07/15/2019,83.99,"684,034",83.23,84.02,82.66
07/12/2019,82.95,"796,342",82.94,84.04,82.2
07/11/2019,82.72,"1,166,953",84.92,85.24,81.165
07/10/2019,85.11,"1,370,129",83.51,85.79,83.51
07/09/2019,83.13,"1,959,760",80.34,83.26,80.0652
07/08/2019,80.39,"2,032,812",81.63,82.04,79.41
07/05/2019,82.0,"990,264",83.66,83.85,81.66
07/03/2019,84.15,"487,903",84.06,84.8,83.9
07/02/2019,84.05,"973,840",84.15,84.49,83.66
07/01/2019,84.15,"1,236,530",86.99,86.99,84.04
06/28/2019,85.65,"1,610,132",84.37,85.92,83.19
06/27/2019,84.03,"1,103,550",83.05,84.155,81.67
06/26/2019,82.95,"1,128,774",83.74,84.0085,82.43
06/25/2019,83.82,"1,202,342",85.68,86.31,83.65
06/24/2019,85.9,"1,061,880",87.71,87.755,85.29
06/21/2019,87.91,"1,363,016",86.11,88.09,85.0
06/20/2019,86.36,"988,236",85.89,87.83,85.49
06/19/2019,85.02,"719,872",85.39,86.42,84.58
06/18/2019,85.51,"975,444",85.0,86.63,84.368
06/17/2019,84.17,"1,380,311",81.08,84.81,81.05
06/14/2019,80.84,"773,273",82.12,83.03,80.54
06/13/2019,82.36,"838,334",82.59,83.15,81.93
06/12/2019,82.31,"943,649",81.08,82.96,80.97
06/11/2019,81.09,"1,364,063",81.42,81.86,80.08
06/10/2019,81.11,"1,735,886",81.09,81.86,80.6
06/07/2019,80.64,"3,273,561",81.1,81.25,79.83
06/06/2019,80.49,"1,754,924",83.45,83.73,80.2
06/05/2019,83.59,"1,337,247",84.06,84.38,83.04
06/04/2019,83.78,"1,477,881",82.74,84.005,81.6973
06/03/2019,82.07,"1,554,489",82.5,83.87,81.7625
05/31/2019,82.24,"1,240,252",82.74,83.85,82.13
05/30/2019,83.38,"1,450,860",83.04,84.17,82.71
05/29/2019,82.95,"2,099,402",83.78,84.36,82.55
05/28/2019,84.5,"5,083,765",89.84,89.84,84.12
05/24/2019,89.07,"1,086,207",87.55,89.33,87.4527
05/23/2019,86.97,"925,280",86.99,87.59,86.41
05/22/2019,87.69,"1,119,731",87.2,88.28,86.21
05/21/2019,87.47,"884,933",87.28,88.58,86.715
05/20/2019,86.66,"974,888",87.89,87.89,86.2
05/17/2019,88.71,"1,590,789",89.23,90.36,88.0
05/16/2019,89.67,"2,928,397",87.76,90.605,87.75
05/15/2019,87.16,"2,645,247",80.71,87.4,80.5
05/14/2019,81.05,"655,367",80.63,81.91,79.87
05/13/2019,80.35,"1,033,050",81.01,81.76,79.79
05/10/2019,82.43,"1,241,753",82.92,83.045,81.31
05/09/2019,83.38,"993,662",82.1,83.55,81.35
05/08/2019,82.72,"1,298,109",82.5,82.99,81.595
05/07/2019,82.0,"1,922,034",82.49,82.98,81.05
05/06/2019,83.47,"1,181,014",82.55,84.21,82.32
05/03/2019,84.1,"934,447",83.83,84.57,82.9
05/02/2019,83.35,"1,150,011",84.17,85.45,82.8945
05/01/2019,84.18,"1,517,180",85.62,86.92,84.07
04/30/2019,85.53,"1,079,005",85.98,86.21,83.59
04/29/2019,85.73,"1,208,251",84.98,86.39,84.595
04/26/2019,85.09,"2,133,269",84.98,85.5,82.0
04/25/2019,85.31,"1,164,013",85.25,85.49,84.0
04/24/2019,85.49,"932,196",86.16,86.16,84.57
04/23/2019,86.0,"1,301,253",83.58,87.19,83.58
04/22/2019,83.71,"989,067",82.93,84.71,82.725
04/18/2019,83.16,"2,067,206",83.46,84.47,81.22
04/17/2019,82.35,"3,079,769",88.61,88.62,81.81
04/16/2019,88.51,"1,139,989",92.26,92.8086,88.17
04/15/2019,91.85,"1,245,028",90.1,92.0,89.6504
04/12/2019,89.93,"708,218",89.12,89.965,88.735
04/11/2019,88.83,"841,202",92.29,93.21,88.69
04/10/2019,92.3,"578,575",91.7,92.82,90.85
04/09/2019,91.31,"540,897",91.98,92.9,91.18
04/08/2019,92.38,"579,776",93.76,93.76,90.74
04/05/2019,93.9,"799,294",93.03,94.0,92.71
04/04/2019,92.38,"946,446",92.18,93.915,91.84
04/03/2019,91.89,"1,409,039",91.83,92.42,91.04
04/02/2019,91.23,"1,394,993",89.43,91.83,87.83
04/01/2019,89.43,"909,376",89.0,90.22,88.39
03/29/2019,88.83,"869,811",88.72,89.21,87.82
03/28/2019,87.81,"843,393",88.03,89.27,87.2
03/27/2019,87.94,"644,491",89.76,90.0,87.22
03/26/2019,89.66,"932,384",89.31,89.95,88.61
03/25/2019,88.55,"1,173,077",87.86,88.73,86.62
03/22/2019,88.05,"986,253",90.25,90.83,87.965
03/21/2019,90.78,"1,110,929",89.48,91.2,88.81
03/20/2019,89.96,"943,354",91.42,91.815,89.755
03/19/2019,91.44,"1,088,694",93.92,93.92,91.14
03/18/2019,93.36,"651,075",94.09,94.64,92.91
03/15/2019,94.53,"1,452,911",94.4,94.79,93.12
03/14/2019,94.5,"741,156",95.26,95.85,94.42
03/13/2019,95.16,"933,964",94.05,95.32,93.08
03/12/2019,93.04,"669,504",91.45,94.02,91.21
03/11/2019,91.27,"632,971",89.71,91.41,88.7
03/08/2019,89.99,"701,038",90.44,91.38,89.6
03/07/2019,91.31,"931,551",90.78,92.149,89.21
03/06/2019,91.05,"938,195",92.51,92.51,90.5
03/05/2019,92.68,"685,484",93.14,94.61,92.05
03/04/2019,93.14,"1,087,276",95.0,96.2,91.83
03/01/2019,94.76,"831,387",93.85,94.78,93.5
02/28/2019,93.26,"851,330",93.45,94.39,92.5
02/27/2019,93.77,"938,989",91.78,94.24,91.5
02/26/2019,92.17,"844,412",91.29,93.46,91.0
02/25/2019,91.36,"2,536,533",93.38,95.0,90.94
02/22/2019,87.87,"2,367,450",86.14,89.3,84.01
02/21/2019,88.81,"1,014,328",90.12,91.3299,88.515
02/20/2019,90.66,"1,232,268",92.0,92.79,89.08
02/19/2019,91.85,"974,040",93.78,94.49,91.73
02/15/2019,93.99,"1,094,626",94.18,94.6,93.215
02/14/2019,93.47,"831,592",95.2,95.72,92.79
02/13/2019,95.25,"707,753",95.71,96.85,94.74
02/12/2019,95.23,"767,321",93.47,95.4,93.35
02/11/2019,92.65,"789,044",94.35,94.69,92.06
02/08/2019,94.28,"603,949",93.23,94.69,93.01
02/07/2019,93.76,"778,609",95.53,95.8446,92.95
02/06/2019,95.95,"742,637",97.7,97.94,95.61
02/05/2019,97.58,"762,787",98.63,100.13,97.28
02/04/2019,98.4,"469,979",98.35,98.81,97.29
02/01/2019,98.62,"894,424",98.0,98.77,97.22
01/31/2019,98.17,"621,538",97.19,98.75,96.92
01/30/2019,96.97,"707,372",94.23,97.14,93.53
01/29/2019,94.18,"577,113",93.55,94.31,92.335
01/28/2019,93.19,"746,063",94.37,94.878,91.5
01/25/2019,95.44,"1,238,766",93.0,95.57,92.5
01/24/2019,92.68,"823,989",93.68,94.155,92.64
01/23/2019,93.58,"1,069,086",95.6,96.42,92.33
01/22/2019,95.66,"1,434,587",96.82,97.71,95.11
01/18/2019,97.69,"1,287,389",98.3,98.52,95.64
01/17/2019,97.51,"732,012",95.24,98.53,95.24
01/16/2019,95.71,"615,019",94.84,97.6,94.84
01/15/2019,94.93,"815,478",93.24,96.2781,92.65
01/14/2019,93.15,"756,704",93.79,94.4,93.0
01/11/2019,94.46,"659,866",93.82,95.11,93.09
01/10/2019,93.94,"970,205",90.55,94.35,90.0
01/09/2019,90.86,"944,223",92.38,92.58,90.27
01/08/2019,92.3,"1,082,257",90.95,92.81,89.21
01/07/2019,90.19,"1,433,857",87.58,91.91,87.07
01/04/2019,87.1,"1,382,593",85.45,88.23,85.04
01/03/2019,84.2,"993,135",86.11,86.99,83.87
01/02/2019,84.96,"624,774",82.1,85.36,82.0112
12/31/2018,85.15,"897,866",83.89,85.5,83.02
12/28/2018,83.6,"980,427",84.04,85.43,82.02
12/27/2018,84.0,"868,699",82.53,84.06,80.52
12/26/2018,83.78,"1,173,234",80.5,83.8,79.13
12/24/2018,80.14,"812,363",80.5,81.97,80.06
12/21/2018,80.92,"2,111,536",85.97,86.9589,80.53
12/20/2018,85.83,"1,375,356",86.03,87.6,83.255
12/19/2018,85.88,"973,805",89.85,90.75,85.24
12/18/2018,89.58,"1,113,422",92.85,93.24,88.12
12/17/2018,92.45,"883,943",92.64,95.7,91.01
12/14/2018,93.11,"954,422",92.64,94.6,92.49
12/13/2018,93.89,"697,473",94.94,95.43,92.87
12/12/2018,94.51,"1,215,659",93.12,97.62,92.639
12/11/2018,92.34,"655,826",94.83,95.33,91.88
12/10/2018,93.83,"949,237",93.0,94.07,91.57
12/07/2018,92.7,"715,121",94.44,96.12,91.58
12/06/2018,95.54,"1,034,063",92.3,96.67,91.57
12/04/2018,93.69,"1,058,831",97.34,98.86,93.4
12/03/2018,97.79,"1,225,509",96.61,99.89,96.42
11/30/2018,96.03,"1,077,068",96.92,97.11,94.2
11/29/2018,96.75,"617,381",97.92,98.76,96.38
11/28/2018,98.61,"834,558",96.07,98.99,95.0
11/27/2018,96.37,"456,112",96.33,97.07,94.38
11/26/2018,97.01,"854,089",94.75,97.2,94.54
11/23/2018,93.78,"262,323",92.51,96.04,92.47
11/21/2018,93.59,"542,108",92.29,94.88,91.94
11/20/2018,91.47,"812,532",93.26,93.76,90.99
11/19/2018,93.71,"831,468",95.59,96.07,92.37
11/16/2018,95.7,"711,838",93.95,96.67,92.8
11/15/2018,94.75,"1,042,950",91.11,94.75,90.25
11/14/2018,91.76,"1,116,164",94.02,94.83,90.865
11/13/2018,93.52,"875,447",93.78,95.5,92.78
11/12/2018,93.07,"914,255",95.36,95.55,92.18
11/09/2018,95.67,"850,274",98.13,99.74,94.97
11/08/2018,98.54,"798,858",99.01,101.72,98.33
11/07/2018,99.06,"1,095,459",97.06,99.15,95.59
11/06/2018,96.58,"773,439",97.43,98.845,95.59
11/05/2018,97.75,"640,438",98.68,98.87,95.55
11/02/2018,97.96,"906,321",97.88,99.49,96.47
11/01/2018,97.45,"1,264,337",92.55,98.16,92.17
10/31/2018,92.17,"1,116,819",92.79,93.88,92.07
10/30/2018,92.11,"1,394,816",93.41,94.74,90.38
10/29/2018,93.76,"1,386,077",99.0,99.09,92.08
10/26/2018,97.44,"2,311,298",90.0,99.98,90.0
10/25/2018,96.43,"1,566,235",93.09,97.48,92.175
10/24/2018,92.88,"1,679,700",100.45,101.12,92.77
10/23/2018,100.24,"1,462,548",102.27,103.11,98.75
10/22/2018,103.53,"975,967",103.55,104.47,101.66
10/19/2018,103.22,"929,783",104.68,105.45,102.41
10/18/2018,103.82,"1,273,496",106.25,106.7,103.37
10/17/2018,106.07,"1,378,213",106.09,106.74,104.15
10/16/2018,106.01,"1,430,899",100.09,106.16,100.0
10/15/2018,99.45,"1,150,516",99.4,100.8898,98.54
10/12/2018,99.51,"871,129",99.07,99.87,97.12
10/11/2018,97.3,"1,546,175",97.56,99.21,96.1
10/10/2018,98.44,"2,202,972",103.34,104.74,98.25
10/09/2018,104.27,"1,444,752",101.11,104.98,101.11
10/08/2018,101.33,"1,594,760",101.18,102.31,100.54
10/05/2018,101.09,"1,564,359",99.14,102.59,99.14
10/04/2018,98.75,"1,366,519",99.78,100.12,97.98
10/03/2018,99.68,"1,064,777",99.36,100.24,98.6
10/02/2018,99.0,"969,403",98.79,99.66,97.6004
10/01/2018,98.62,"1,177,508",98.13,99.76,97.27
09/28/2018,96.97,"1,625,130",97.97,98.95,96.85
09/27/2018,97.97,"1,581,369",97.93,98.89,96.7324
09/26/2018,98.08,"1,416,450",96.39,99.35,96.39
09/25/2018,96.28,"1,434,808",97.68,97.95,96.0201
09/24/2018,97.63,"1,372,531",97.24,97.79,96.02
09/21/2018,97.84,"1,939,631",100.3,100.84,96.79
09/20/2018,100.4,"1,176,203",100.56,101.44,100.01
09/19/2018,99.77,"829,829",99.55,100.66,98.85
09/18/2018,99.56,"1,277,059",98.02,99.91,97.73
09/17/2018,98.15,"1,051,117",99.2,99.8,97.77
09/14/2018,99.41,"1,295,670",100.0,100.0,98.25
09/13/2018,99.57,"931,334",98.8,100.2,98.59
09/12/2018,98.58,"1,558,272",96.54,98.88,96.18
09/11/2018,96.71,"740,279",97.28,98.05,96.42
09/10/2018,97.51,"900,157",98.39,98.39,97.06
09/07/2018,98.04,"1,118,367",96.08,98.48,95.53
09/06/2018,96.16,"1,232,464",96.93,97.99,95.73
09/05/2018,96.6,"1,251,718",96.34,97.34,95.68
09/04/2018,95.78,"1,579,247",98.16,98.909,95.16
08/31/2018,99.98,"668,039",99.06,100.1,99.0
08/30/2018,99.26,"673,398",99.71,100.135,99.06
08/29/2018,99.96,"899,551",99.1,100.1,98.34
08/28/2018,98.92,"757,295",99.9,100.4,97.5443
08/27/2018,100.03,"910,358",99.34,100.73,97.26
08/24/2018,98.76,"752,357",99.0,99.16,97.55
08/23/2018,99.09,"944,189",101.24,101.3,98.89
08/22/2018,101.53,"562,446",99.61,101.94,99.32
08/21/2018,99.74,"1,164,454",99.58,100.305,99.055
08/20/2018,99.03,"1,068,765",101.22,101.32,98.82
08/17/2018,101.01,"1,411,338",99.99,101.595,99.321
08/16/2018,100.32,"1,297,326",102.31,102.5,99.985
08/15/2018,101.81,"719,866",102.28,103.15,101.33
08/14/2018,103.14,"634,682",103.22,103.81,102.44
08/13/2018,102.72,"919,445",101.42,103.08,101.42
08/10/2018,101.46,"644,851",101.32,102.415,100.24
08/09/2018,102.03,"800,509",102.81,103.54,101.07
08/08/2018,103.32,"1,325,909",105.48,105.54,103.26
08/07/2018,105.72,"3,454,207",103.15,106.2,101.74
08/06/2018,97.95,"1,040,727",99.61,99.87,97.04
08/03/2018,99.47,"1,113,581",103.76,104.0,98.7098
08/02/2018,102.05,"1,249,814",100.16,102.37,99.85
08/01/2018,100.97,"1,140,099",99.92,101.46,98.74
07/31/2018,100.56,"1,122,450",99.99,101.31,99.425
07/30/2018,99.38,"889,780",99.99,100.26,98.33
07/27/2018,100.04,"1,215,674",102.24,102.2427,99.055
07/26/2018,102.28,"1,250,308",101.86,102.75,100.83
07/25/2018,102.18,"1,308,566",101.31,102.25,100.98
07/24/2018,101.0,"1,067,422",102.47,103.48,100.65
07/23/2018,101.65,"1,283,825",101.69,102.65,101.02
07/20/2018,101.9,"1,041,042",103.01,103.0627,101.33
07/19/2018,102.87,"836,657",102.88,103.23,100.65
07/18/2018,102.69,"1,019,667",103.78,104.38,102.4
07/17/2018,103.92,"878,292",102.26,104.46,102.22
07/16/2018,102.73,"934,515",104.0,104.0,101.87
07/13/2018,103.61,"1,368,947",101.56,103.96,101.56
07/12/2018,103.31,"1,782,103",101.0,103.53,100.775
07/11/2018,100.11,"1,112,205",98.04,100.69,97.23
07/10/2018,99.37,"1,259,380",100.0,100.16,98.62
07/09/2018,99.55,"1,558,292",95.37,99.66,95.37
07/06/2018,98.25,"925,424",95.75,98.28,95.61
07/05/2018,95.5,"986,185",94.65,95.53,93.97
07/03/2018,94.46,"357,412",94.34,95.21,93.93
07/02/2018,93.92,"781,266",93.41,94.39,92.77
06/29/2018,94.2,"1,528,028",91.9,94.68,91.82
06/28/2018,91.15,"1,574,818",91.59,91.925,90.19
06/27/2018,91.72,"1,321,568",93.52,94.49,91.61
06/26/2018,93.79,"1,175,474",95.19,95.95,93.04
06/25/2018,94.88,"1,489,802",97.97,97.97,93.43
06/22/2018,99.03,"1,580,217",98.44,99.76,98.03
06/21/2018,98.43,"1,260,226",98.2,98.8,96.08
06/20/2018,98.34,"1,244,485",95.94,98.57,95.08
06/19/2018,95.62,"1,688,981",95.0,96.86,94.3
06/18/2018,95.58,"1,992,447",95.2,97.42,94.35
06/15/2018,97.6,"4,725,939",90.43,98.8,90.0
06/14/2018,89.98,"1,284,197",89.5,90.245,88.2
06/13/2018,88.97,"829,504",90.33,90.39,88.53
06/12/2018,90.0,"1,012,397",89.79,90.843,89.355
06/11/2018,89.79,"862,642",90.31,90.7662,89.72
06/08/2018,90.64,"965,033",90.51,91.06,89.87
06/07/2018,91.01,"924,209",92.8,92.86,90.29
06/06/2018,92.24,"1,142,862",92.35,92.7,91.6201
06/05/2018,92.13,"936,967",92.21,92.88,90.69
06/04/2018,92.07,"548,320",91.8,92.27,90.54
06/01/2018,91.92,"1,287,438",90.68,92.79,89.9
05/31/2018,90.34,"1,231,984",90.6,91.2,89.83
05/30/2018,90.6,"1,212,726",90.88,91.07,89.47
05/29/2018,90.54,"1,082,549",91.68,91.93,89.935
05/25/2018,92.49,"3,443,308",90.6,92.87,90.27
05/24/2018,88.28,"1,121,547",88.99,89.9,88.165
05/23/2018,88.46,"1,229,713",86.94,89.89,86.7
05/22/2018,87.61,"3,827,915",87.0,88.18,84.02
05/21/2018,89.36,"958,629",89.06,90.85,88.98
05/18/2018,88.88,"803,295",88.83,89.42,87.28
05/17/2018,88.43,"725,568",89.04,89.285,87.61
05/16/2018,89.52,"690,239",89.13,89.98,88.57
05/15/2018,88.7,"820,373",88.77,88.79,87.63
05/14/2018,89.54,"1,173,912",88.69,89.9705,88.26
05/11/2018,88.41,"1,861,081",89.43,89.97,87.55
05/10/2018,89.4,"2,353,120",89.15,90.24,88.935
05/09/2018,88.45,"1,040,123",86.76,88.72,86.02
05/08/2018,86.81,"878,268",86.65,87.33,86.33
05/07/2018,86.97,"1,195,377",85.96,87.22,85.4242
05/04/2018,85.38,"1,480,492",82.4,85.97,82.3
05/03/2018,82.3,"770,010",82.02,83.15,81.52
05/02/2018,82.37,"1,647,711",85.69,85.73,82.31
05/01/2018,86.16,"1,442,839",83.47,86.3,83.185
04/30/2018,83.51,"1,775,141",84.71,85.98,83.24
04/27/2018,84.31,"1,475,396",82.47,84.7,82.3
04/26/2018,82.51,"1,641,375",81.92,84.43,80.03
04/25/2018,81.53,"1,251,465",81.02,82.16,80.305
04/24/2018,81.13,"907,032",82.91,83.49,80.9
04/23/2018,82.08,"875,622",82.15,83.07,81.63
04/20/2018,82.3,"2,278,721",83.54,84.49,81.1
04/19/2018,83.62,"1,370,290",84.06,85.82,82.96
04/18/2018,84.42,"1,112,243",84.49,84.91,84.04
04/17/2018,84.45,"1,034,086",83.25,85.395,82.78
04/16/2018,82.69,"910,833",84.28,84.31,82.29
04/13/2018,83.59,"1,402,827",84.59,84.59,81.97
04/12/2018,83.89,"2,312,913",79.85,84.31,78.99
04/11/2018,79.48,"1,399,618",79.2,80.405,79.2
04/10/2018,79.83,"1,224,887",79.45,80.68,78.7263
04/09/2018,78.65,"1,336,870",77.53,79.78,76.77
04/06/2018,76.01,"1,284,647",77.96,78.72,75.81
04/05/2018,78.7,"778,907",80.05,80.05,78.68
04/04/2018,79.14,"863,620",76.44,79.29,76.35
04/03/2018,77.42,"1,033,840",77.93,78.24,76.27
04/02/2018,77.29,"1,494,628",80.12,80.42,76.67
03/29/2018,81.07,"1,098,980",79.69,81.6333,79.24
03/28/2018,79.62,"1,132,103",78.19,80.1,77.29
03/27/2018,78.04,"1,192,407",80.72,80.89,77.58
03/26/2018,80.3,"1,546,220",80.29,80.62,77.285
03/23/2018,78.84,"1,604,554",81.35,81.93,78.66
03/22/2018,81.36,"1,227,932",84.94,85.73,81.28
03/21/2018,86.07,"1,366,150",83.9,86.55,83.58
03/20/2018,84.25,"894,902",83.82,84.42,83.05
03/19/2018,83.82,"1,946,816",83.54,84.18,82.69
03/16/2018,84.1,"1,732,150",83.88,84.18,82.7
03/15/2018,83.57,"1,377,415",86.06,86.06,83.29
03/14/2018,85.95,"883,897",86.67,86.74,84.48
03/13/2018,86.16,"1,517,841",85.6,86.47,85.32
03/12/2018,85.46,"1,193,644",83.61,85.6,82.4603
03/09/2018,83.81,"1,286,363",82.39,83.94,81.81
03/08/2018,81.85,"894,000",82.8,83.413,81.39
03/07/2018,82.98,"1,318,154",81.61,83.65,81.0
03/06/2018,82.37,"1,168,664",81.2,82.62,80.63
03/05/2018,80.79,"1,126,778",79.04,80.96,78.5
03/02/2018,79.86,"1,810,704",77.32,80.36,77.3
03/01/2018,77.67,"2,762,351",81.29,81.88,77.045
02/28/2018,81.17,"1,093,743",82.96,83.18,81.15
02/27/2018,83.01,"921,295",83.84,85.395,82.95
02/26/2018,84.04,"847,518",83.47,84.66,82.64
02/23/2018,83.05,"2,125,765",85.22,86.31,81.2
02/22/2018,84.0,"1,400,088",84.58,84.83,83.4
02/21/2018,84.21,"782,283",84.29,85.3335,84.07
02/20/2018,83.85,"823,814",81.77,85.034,81.77
02/16/2018,84.98,"779,400",85.3,85.97,84.35
02/15/2018,85.12,"779,192",85.02,85.6,83.87
02/14/2018,84.54,"1,433,617",80.98,84.79,80.98
02/13/2018,81.57,"1,148,031",82.48,82.96,81.21
02/12/2018,83.28,"1,564,937",81.1,84.195,81.01
02/09/2018,80.33,"2,215,807",82.57,82.57,78.5
02/08/2018,82.16,"1,439,842",84.84,86.19,82.11
02/07/2018,85.0,"2,069,584",86.63,87.16,84.79
02/06/2018,86.93,"1,923,695",86.43,87.45,84.7
02/05/2018,87.41,"2,174,962",90.6,91.06,87.28
02/02/2018,90.82,"1,389,187",92.19,92.24,90.31
02/01/2018,92.63,"1,865,588",89.38,93.09,89.25
01/31/2018,90.23,"1,326,950",90.02,90.7,89.62
01/30/2018,90.13,"1,294,692",91.55,92.02,89.74
01/29/2018,92.23,"1,228,340",91.53,92.61,91.14
01/26/2018,91.6,"832,127",90.65,91.73,90.64
01/25/2018,90.56,"947,499",91.73,91.92,90.21
01/24/2018,91.29,"1,447,026",92.89,92.97,90.33
01/23/2018,92.39,"1,351,518",92.53,93.29,92.07
01/22/2018,91.71,"2,399,253",90.0,92.03,89.0
01/19/2018,89.12,"984,539",89.55,90.04,88.98
01/18/2018,89.78,"1,166,909",89.69,90.619,88.88
01/17/2018,89.64,"1,169,050",90.76,91.0899,88.475
01/16/2018,90.24,"1,427,366",90.58,92.0,90.095
01/12/2018,90.22,"874,426",91.0,91.0,89.6
01/11/2018,89.98,"1,267,473",88.51,90.47,88.105
01/10/2018,88.37,"1,431,720",88.97,89.0,87.2
01/09/2018,89.14,"1,484,997",89.31,89.63,88.26
01/08/2018,88.635,"1,434,981",90.21,90.3,88.52
01/05/2018,90.27,"789,268",91.18,91.31,89.575
01/04/2018,90.32,"1,876,058",92.84,93.14,89.8
01/03/2018,92.08,"1,136,434",91.58,93.4392,90.6
01/02/2018,91.03,"1,298,980",88.84,91.3,88.19
12/29/2017,89.17,"799,380",90.08,90.455,88.92
12/28/2017,90.48,"952,532",90.98,90.99,88.68
12/27/2017,90.72,"592,358",90.9,91.43,90.01
12/26/2017,90.82,"516,803",90.05,90.9,89.4108
12/22/2017,90.46,"948,775",90.91,91.36,89.51
12/21/2017,91.55,"615,730",91.11,92.5,90.92
12/20/2017,91.11,"799,126",90.66,91.32,90.211
12/19/2017,90.85,"1,082,625",92.43,92.525,90.4
12/18/2017,92.6,"1,158,118",93.0,93.74,91.785
12/15/2017,93.02,"2,958,025",90.4,93.02,88.5
12/14/2017,88.53,"1,218,602",90.0,90.0,88.22
12/13/2017,88.66,"1,367,280",87.3,89.27,86.43
12/12/2017,87.38,"1,893,345",87.5,89.55,86.36
12/11/2017,88.11,"4,137,688",89.49,90.52,86.885
12/08/2017,81.99,"1,039,099",81.48,83.14,81.2
12/07/2017,80.9,"1,232,612",80.85,81.772,80.5
12/06/2017,80.82,"1,188,770",80.87,81.69,80.1
12/05/2017,80.76,"1,211,582",83.34,83.9,80.6
12/04/2017,83.62,"736,595",85.32,86.46,83.52
12/01/2017,85.0,"1,068,421",85.16,87.075,84.725
11/30/2017,85.8,"1,098,399",83.49,86.3,83.48
11/29/2017,83.27,"879,725",82.44,84.77,82.34
11/28/2017,82.56,"902,798",82.98,82.98,81.5723
11/27/2017,82.96,"722,561",82.83,83.14,82.19
11/24/2017,82.71,"243,750",82.66,83.91,82.65
11/22/2017,82.99,"481,784",83.19,83.72,82.71
11/21/2017,82.91,"599,845",83.01,83.77,82.78
11/20/2017,82.95,"1,124,036",82.88,83.64,82.64
11/17/2017,82.88,"970,932",82.56,83.36,82.13
11/16/2017,82.56,"848,395",81.87,82.96,81.62
11/15/2017,81.81,"1,178,694",81.82,81.97,80.579
11/14/2017,81.41,"1,473,777",81.06,81.784,80.775
11/13/2017,81.06,"1,133,223",82.02,82.03,81.05
11/10/2017,82.03,"842,161",81.67,82.13,80.77
11/09/2017,82.4,"1,821,740",82.32,83.56,81.5
11/08/2017,82.81,"1,054,012",83.83,83.83,82.4106
11/07/2017,83.77,"1,351,182",83.4,83.94,82.25
11/06/2017,82.96,"1,512,278",83.75,84.26,82.545
11/03/2017,84.13,"1,025,434",82.52,84.22,82.0
11/02/2017,82.74,"1,443,430",80.9,83.04,80.9
11/01/2017,80.92,"1,963,978",82.57,82.875,80.6
10/31/2017,82.09,"1,438,567",82.35,82.95,81.23
10/30/2017,81.97,"1,513,997",82.73,83.73,81.73
10/27/2017,83.15,"2,491,801",82.52,85.48,82.05
10/26/2017,82.53,"2,587,207",85.07,85.07,81.72
10/25/2017,84.79,"1,215,497",86.1,86.455,84.63
10/24/2017,86.29,"1,249,089",86.63,86.74,85.03
10/23/2017,86.46,"1,460,547",88.27,88.46,85.93
10/20/2017,87.75,"1,329,665",87.77,88.74,86.77
10/19/2017,88.13,"2,016,238",89.19,89.95,87.59
10/18/2017,88.62,"3,819,599",93.4,94.755,86.9
10/17/2017,93.54,"1,099,683",95.1,95.905,93.44
10/16/2017,94.66,"747,848",95.13,96.05,94.56
10/13/2017,95.12,"657,150",95.23,95.857,93.74
10/12/2017,95.13,"1,286,640",94.96,95.89,94.06
10/11/2017,94.93,"1,407,795",93.89,95.15,93.5842
10/10/2017,94.33,"1,007,628",95.36,96.05,94.11
10/09/2017,95.02,"718,238",94.76,95.86,94.385
10/06/2017,94.81,"681,301",94.36,95.7099,93.68
10/05/2017,94.42,"1,189,000",93.3,94.94,92.52
10/04/2017,93.2,"629,547",93.03,93.47,92.48
10/03/2017,93.21,"929,442",93.91,94.39,92.78
10/02/2017,93.73,"1,577,523",93.52,94.62,92.94
09/29/2017,93.07,"874,743",92.98,93.66,92.62
09/28/2017,92.97,"1,166,021",92.06,93.04,91.91
09/27/2017,92.71,"847,992",93.35,93.9509,92.59
09/26/2017,93.2,"800,698",94.26,94.67,92.81
09/25/2017,94.39,"1,696,281",94.73,95.45,92.65
09/22/2017,94.95,"1,201,911",93.18,95.02,92.66
09/21/2017,93.42,"2,426,153",92.36,95.3199,92.07
09/20/2017,92.57,"1,153,233",92.13,93.21,91.4
09/19/2017,92.1,"881,709",92.06,93.0,91.69
09/18/2017,91.98,"1,231,539",91.83,92.985,91.53
09/15/2017,91.91,"1,764,123",91.26,92.6,89.98
09/14/2017,91.23,"1,552,773",92.59,93.3199,91.12
09/13/2017,92.75,"1,874,333",91.84,93.32,91.29
09/12/2017,91.91,"1,217,515",90.6,92.0874,90.05
09/11/2017,90.36,"838,083",90.33,90.895,89.57
09/08/2017,90.1,"1,227,283",90.45,90.9,89.37
09/07/2017,90.43,"1,545,618",89.7,90.69,89.35
09/06/2017,89.84,"2,297,146",90.32,91.4,88.825
09/05/2017,90.49,"1,684,341",90.3,91.2,89.701
09/01/2017,90.67,"1,633,635",90.02,91.2,89.67
08/31/2017,90.19,"2,072,421",88.27,90.22,88.07
08/30/2017,87.65,"2,607,963",83.76,88.95,83.6183
08/29/2017,82.98,"721,394",81.97,83.495,81.67
08/28/2017,82.58,"852,004",82.62,83.2322,81.91
08/25/2017,81.88,"1,128,089",82.67,82.83,81.735
08/24/2017,82.45,"775,193",81.54,82.56,80.83
08/23/2017,81.4,"846,164",81.08,81.9,80.29
08/22/2017,81.46,"799,590",80.9,81.75,80.525
08/21/2017,80.6,"568,273",80.99,81.41,80.37
08/18/2017,80.92,"1,115,395",80.81,81.62,80.76
08/17/2017,80.98,"1,372,459",83.18,83.18,80.81
08/16/2017,83.07,"1,300,524",83.58,83.96,82.79
08/15/2017,83.08,"998,533",83.43,83.83,82.575
08/14/2017,83.17,"957,224",83.18,83.39,82.62
08/11/2017,82.4,"1,226,111",81.76,83.43,80.89
08/10/2017,81.96,"1,629,746",84.66,84.9725,81.83
08/09/2017,85.16,"2,041,741",85.03,85.91,83.78
08/08/2017,85.46,"3,841,671",86.41,86.75,84.64
08/07/2017,89.05,"925,632",89.82,90.05,89.05
08/04/2017,89.7,"897,663",89.82,89.99,88.6
08/03/2017,89.52,"1,709,291",88.0,90.75,86.86
08/02/2017,87.64,"1,683,375",87.0,87.79,85.9
08/01/2017,88.02,"1,517,774",88.11,88.43,86.6
07/31/2017,87.73,"745,663",88.3,88.72,87.37
07/28/2017,88.34,"731,583",87.43,88.6,87.025
07/27/2017,87.32,"1,653,994",89.14,89.77,86.75
07/26/2017,89.2,"1,031,607",88.83,89.81,88.23
07/25/2017,88.63,"1,004,926",90.5,90.5,88.33
07/24/2017,90.01,"830,785",89.12,90.18,88.7
07/21/2017,89.28,"1,137,963",87.79,89.54,87.52
07/20/2017,87.74,"1,343,552",87.51,88.19,86.85
07/19/2017,87.23,"1,203,589",87.63,88.6,86.45
07/18/2017,86.67,"1,856,370",87.03,87.81,86.01
07/17/2017,86.98,"2,752,586",90.97,91.2,86.8401
07/14/2017,91.0,"766,620",91.41,91.45,90.51
07/13/2017,91.06,"1,504,524",90.47,91.72,89.09
07/12/2017,89.57,"1,404,484",91.46,91.49,88.6
07/11/2017,90.92,"1,794,297",91.86,91.94,89.21
07/10/2017,89.8,"1,017,252",90.59,91.48,89.0
07/07/2017,90.51,"813,631",90.4,90.95,89.67
07/06/2017,90.08,"1,261,297",91.32,92.05,89.36
07/05/2017,92.01,"1,202,787",90.52,92.06,89.72
07/03/2017,90.51,"443,183",91.12,91.88,90.05
06/30/2017,90.82,"1,276,985",90.87,91.05,88.53
06/29/2017,90.02,"1,367,187",92.27,92.27,88.55
06/28/2017,92.63,"1,841,870",90.35,92.89,89.09
06/27/2017,89.63,"1,580,857",93.31,94.17,89.5
06/26/2017,93.47,"1,040,037",95.1,95.58,93.21
06/23/2017,95.0,"2,490,366",96.6,97.03,94.5
06/22/2017,97.06,"1,837,184",99.22,100.03,97.0
06/21/2017,98.82,"2,680,692",92.72,98.92,92.57
06/20/2017,92.36,"1,462,650",91.25,93.17,90.7
06/19/2017,91.35,"1,319,171",89.28,91.58,88.46
06/16/2017,88.49,"1,825,231",90.0,90.0,88.0
06/15/2017,90.47,"1,297,393",91.92,92.05,89.78
06/14/2017,91.92,"1,224,823",90.43,93.58,90.18
06/13/2017,90.39,"818,784",88.86,90.95,88.34
06/12/2017,89.08,"990,063",89.92,91.49,88.04
06/09/2017,90.23,"1,202,059",90.02,91.5,89.46
06/08/2017,89.99,"706,980",89.75,90.33,88.97
06/07/2017,90.29,"745,622",89.61,90.79,89.2
06/06/2017,89.6,"736,484",90.01,91.61,89.38
06/05/2017,90.92,"633,049",90.56,91.49,90.21
06/02/2017,90.72,"1,079,835",89.7,91.03,89.66
06/01/2017,90.0,"1,558,958",87.53,90.3,87.53
05/31/2017,87.64,"1,734,801",88.29,88.95,86.52
05/30/2017,87.89,"869,331",88.18,88.51,87.5
05/26/2017,88.0,"933,838",87.65,88.65,87.65
05/25/2017,87.33,"835,481",89.15,89.15,87.15
05/24/2017,88.03,"1,336,637",88.38,88.54,87.15
05/23/2017,88.36,"881,456",90.71,90.71,88.14
05/22/2017,90.49,"731,641",89.27,90.726,88.81
