date,close,volume,open,high,low
05/15/2026,482.7,"4,680,296",486.7,488.3,481.76
05/14/2026,484.06,"3,375,100",487.1,487.1,481.5001
05/13/2026,485.52,"4,432,514",482.47,487.1399,480.8064
05/12/2026,484.96,"5,622,326",481.68,489.4188,478.9001
05/11/2026,479.55,"4,290,690",476.4,480.4,475.9
05/08/2026,475.94,"5,225,574",474.85,478.88,474.48
05/07/2026,475.08,"5,899,549",469.255,477.19,468.97
05/06/2026,469.83,"5,698,885",466.01,470.63,465.64
05/05/2026,465.52,"5,372,678",468.53,469.662,464.34
05/04/2026,468.52,"6,895,370",473.03,479.87,465.79
05/01/2026,473.01,"4,818,347",475.075,479.1,473.0
04/30/2026,473.6,"5,109,301",473.46,477.55,470.89
04/29/2026,475.38,"3,175,618",476.45,477.97,474.51
04/28/2026,478.16,"4,902,375",476.79,479.77,475.665
04/27/2026,472.81,"4,888,048",469.8,475.5,469.35
04/24/2026,469.32,"3,857,045",468.8,470.28,466.58
04/23/2026,470.55,"4,749,080",466.72,473.0,466.72
04/22/2026,465.4,"5,720,487",468.86,470.99,464.62
04/21/2026,468.5,"5,919,020",472.54,474.19,468.06
04/20/2026,472.08,"5,147,027",474.38,476.04,471.3701
04/17/2026,474.58,"6,492,875",475.49,479.69,474.15
04/16/2026,475.12,"4,533,965",474.015,476.2599,464.01
04/15/2026,474.09,"6,993,925",478.0,478.77,473.74
04/14/2026,477.54,"4,864,005",479.81,480.49,476.0
04/13/2026,480.19,"3,612,449",478.9,481.105,477.4
04/10/2026,479.9,"3,758,912",484.02,484.86,478.92
04/09/2026,485.2,"3,518,465",478.21,487.95,477.2901
04/08/2026,479.75,"4,655,085",483.75,483.75,477.6801
04/07/2026,478.08,"3,206,471",475.71,479.75,474.32
04/06/2026,476.38,"3,663,497",475.66,479.5,475.35
04/02/2026,477.35,"2,972,758",477.82,479.77,475.68
04/01/2026,478.5,"3,600,755",478.98,481.0992,477.2501
03/31/2026,479.2,"4,725,274",477.78,479.81,474.77
03/30/2026,474.66,"4,590,941",470.68,477.69,470.65
03/27/2026,468.49,"5,382,299",474.19,474.8,467.21
03/26/2026,475.27,"3,774,632",476.435,478.38,474.5
03/25/2026,476.19,"4,402,046",482.63,483.23,475.73
03/24/2026,479.33,"3,434,434",478.0,483.5,477.5496
03/23/2026,479.98,"4,957,963",483.5,485.98,479.0
03/20/2026,480.94,"7,786,425",481.63,485.12,479.66
03/19/2026,481.48,"4,045,602",483.9,484.25,478.81
03/18/2026,484.47,"4,356,429",491.14,491.38,483.8
03/17/2026,492.58,"4,424,872",494.84,496.96,491.41
03/16/2026,492.21,"3,752,029",492.77,496.63,491.08
03/13/2026,490.03,"3,565,682",493.32,494.45,489.77
03/12/2026,491.89,"4,170,889",492.35,493.4,489.0216
03/11/2026,493.57,"3,849,108",493.09,493.8,489.2501
03/10/2026,494.14,"3,598,655",495.13,498.67,492.31
03/09/2026,497.2,"5,833,619",494.9,498.82,490.21
03/06/2026,498.98,"5,564,351",499.245,500.701,491.88
03/05/2026,500.4,"8,963,446",493.75,500.86,492.51
03/04/2026,487.48,"4,369,065",481.0,489.18,479.88
03/03/2026,481.36,"6,348,665",477.075,483.4799,472.52
03/02/2026,480.17,"11,725,270",495.225,495.75,477.91
02/27/2026,504.95,"6,364,867",502.94,506.52,501.16
02/26/2026,502.67,"4,576,985",494.65,503.72,494.45
02/25/2026,493.99,"3,475,465",495.62,497.2299,490.9
02/24/2026,494.51,"3,224,292",493.49,495.22,488.26
02/23/2026,494.09,"3,556,548",496.5,503.55,493.73
02/20/2026,498.2,"4,326,715",496.65,498.34,491.805
02/19/2026,496.94,"2,610,413",497.87,500.5,495.68
02/18/2026,499.07,"3,732,516",504.74,505.27,497.68
02/17/2026,503.41,"4,263,329",500.015,506.09,499.21
02/13/2026,497.55,"4,685,852",500.15,502.38,495.5
02/12/2026,500.01,"4,689,942",501.205,507.71,499.88
02/11/2026,500.02,"3,614,402",499.35,503.3099,497.2801
02/10/2026,500.3,"3,789,130",497.9,501.3299,497.3
02/09/2026,498.08,"4,573,017",507.32,507.61,497.2901
02/06/2026,508.09,"4,421,649",504.18,509.66,502.89
02/05/2026,503.89,"5,033,856",505.91,506.6287,497.61
02/04/2026,503.83,"10,591,670",495.8,512.13,495.67
02/03/2026,493.74,"6,641,193",483.95,496.04,482.2001
02/02/2026,487.29,"5,064,615",481.295,488.07,478.55
01/30/2026,480.53,"5,082,160",476.3,481.5,476.13
01/29/2026,476.79,"5,380,477",473.73,477.32,473.08
01/28/2026,473.49,"4,563,944",473.01,476.88,471.91
01/27/2026,474.67,"6,314,539",482.6,483.5,474.67
01/26/2026,483.47,"5,077,153",478.47,484.8948,477.0759
01/23/2026,478.97,"5,436,633",482.26,483.42,478.44
01/22/2026,484.49,"4,054,161",483.26,485.88,481.72
01/21/2026,483.83,"5,730,174",484.0,488.0,481.57
01/20/2026,485.39,"5,521,462",490.8,490.97,482.72
01/16/2026,493.29,"4,807,403",491.67,495.1589,490.9
01/15/2026,492.62,"4,165,209",492.95,495.63,490.75
01/14/2026,493.15,"5,033,681",494.17,497.62,492.0
01/13/2026,495.24,"4,257,619",497.62,498.0,493.34
01/12/2026,498.67,"4,209,348",497.4,500.02,495.1
01/09/2026,499.1,"3,432,109",498.94,500.28,496.41
01/08/2026,499.77,"4,807,675",494.965,504.08,494.11
01/07/2026,496.12,"4,445,056",497.88,499.15,493.09
01/06/2026,499.05,"4,040,008",496.8,500.67,496.06
01/05/2026,498.52,"5,145,275",494.94,503.4259,494.5011
01/02/2026,496.85,"5,876,646",500.96,501.88,492.91
12/31/2025,502.65,"3,105,190",503.92,505.89,502.484
12/30/2025,503.71,"2,897,149",500.98,505.11,500.33
12/29/2025,501.05,"3,056,181",499.2,501.5,497.21
12/26/2025,498.3,"2,247,590",500.45,501.56,496.83
12/24/2025,501.34,"2,000,186",500.29,501.5099,499.25
12/23/2025,500.51,"3,680,788",500.48,502.33,498.155
12/22/2025,499.95,"4,069,970",496.34,500.31,495.55
12/19/2025,494.53,"14,652,810",503.05,503.82,494.53
12/18/2025,503.39,"3,646,672",502.23,505.43,501.01
12/17/2025,504.27,"4,128,603",499.9,505.19,499.5
12/16/2025,499.84,"4,376,710",507.05,508.1,499.455
12/15/2025,506.38,"5,173,886",500.42,506.62,500.275
12/12/2025,499.52,"4,113,658",496.71,500.0,494.5
12/11/2025,495.85,"4,493,445",491.83,498.145,491.83
12/10/2025,490.43,"4,558,796",490.86,495.88,488.92
12/09/2025,491.43,"4,573,999",497.625,499.215,490.83
12/08/2025,497.23,"7,032,222",502.1,502.97,490.62
12/05/2025,504.34,"3,463,668",503.86,505.76,500.54
12/04/2025,503.23,"3,574,809",504.38,506.4958,500.7
12/03/2025,503.6,"3,803,234",507.52,509.5999,503.6
12/02/2025,506.65,"3,378,009",507.59,508.11,503.105
12/01/2025,508.55,"3,995,153",513.645,514.49,508.18
11/28/2025,513.81,"2,312,245",511.89,516.85,511.56
11/26/2025,511.23,"3,686,740",509.25,512.7,507.65
11/25/2025,508.57,"4,064,007",508.93,512.355,506.86
11/24/2025,507.81,"13,404,470",501.895,509.2,497.1652
11/21/2025,504.04,"6,058,963",503.275,507.842,502.49
11/20/2025,501.12,"5,486,932",501.11,506.45,500.81
11/19/2025,501.26,"4,694,986",503.685,504.25,495.55
11/18/2025,504.37,"5,457,398",503.39,506.64,500.6
11/17/2025,503.26,"5,371,012",510.73,511.26,502.84
11/14/2025,508.94,"5,462,458",514.7,516.55,506.35
11/13/2025,513.11,"7,340,683",504.82,514.2599,504.82
11/12/2025,502.4,"5,456,044",497.16,504.45,496.9879
11/11/2025,497.07,"2,960,205",498.59,499.69,494.2
11/10/2025,496.98,"5,084,042",497.08,501.28,495.13
11/07/2025,499.06,"6,377,764",494.93,500.16,493.35
11/06/2025,493.15,"4,964,723",490.0,494.03,486.75
11/05/2025,488.77,"6,551,219",487.335,493.89,487.335
11/04/2025,487.66,"7,803,248",475.5,488.79,475.5
11/03/2025,475.68,"5,868,125",479.51,479.99,473.15
10/31/2025,477.54,"7,146,403",476.8,478.71,475.31
10/30/2025,478.52,"4,786,554",474.84,480.9088,474.84
10/29/2025,475.76,"6,204,476",477.32,478.8,473.72
10/28/2025,481.44,"5,029,140",484.96,485.67,481.11
10/27/2025,488.07,"6,451,495",491.92,492.3,484.55
10/24/2025,492.1,"3,166,824",490.91,492.98,489.4
10/23/2025,490.16,"3,063,026",492.19,492.45,488.1132
10/22/2025,491.81,"3,376,019",491.73,492.98,488.1901
10/21/2025,491.29,"2,714,528",493.7,495.7,491.25
10/20/2025,494.08,"4,605,314",492.36,494.415,490.3201
10/17/2025,492.42,"3,794,296",490.0,493.45,489.25
10/16/2025,488.81,"4,254,327",495.595,495.9999,485.8
10/15/2025,496.39,"3,566,239",493.9,496.7292,490.35
10/14/2025,495.97,"3,056,001",490.0,497.06,489.9501
10/13/2025,491.93,"3,183,457",488.15,493.8,487.82
10/10/2025,489.13,"4,763,823",497.25,497.99,489.06
10/09/2025,496.74,"3,172,176",499.98,501.221,494.51
10/08/2025,499.84,"2,944,558",502.71,503.5,498.56
10/07/2025,502.3,"3,057,382",500.16,504.46,498.61
10/06/2025,500.02,"3,519,473",499.5,504.97,498.0201
10/03/2025,498.75,"4,678,832",495.9,502.5499,495.0501
10/02/2025,495.92,"3,461,425",496.96,499.61,493.22
10/01/2025,498.2,"4,481,081",502.5,502.8661,495.9
09/30/2025,502.74,"3,873,477",497.64,503.78,497.0
09/29/2025,499.25,"5,161,913",500.0,500.25,495.02
09/26/2025,500.03,"3,707,648",496.94,502.1,496.65
09/25/2025,494.96,"4,056,103",496.15,499.0,494.73
09/24/2025,497.09,"2,811,544",493.3,497.16,493.11
09/23/2025,494.1,"3,933,240",493.765,499.28,493.5223
09/22/2025,493.71,"3,582,875",490.57,494.71,489.23
09/19/2025,492.85,"7,356,280",491.87,494.5,488.88
09/18/2025,490.5,"4,058,878",489.64,494.88,488.0
09/17/2025,492.33,"5,060,688",490.935,495.99,490.3001
09/16/2025,490.99,"4,069,971",491.27,491.92,487.2
09/15/2025,491.54,"3,629,775",493.6,495.27,489.5
09/12/2025,493.74,"2,951,721",495.745,497.6256,493.34
09/11/2025,496.91,"3,669,007",489.33,497.24,489.03
09/10/2025,490.08,"5,561,592",490.0,491.7,486.2701
09/09/2025,492.72,"3,748,686",492.45,496.85,491.7201
09/08/2025,493.78,"5,146,322",499.0,499.65,493.46
09/05/2025,499.77,"4,222,890",506.0,507.661,497.75
09/04/2025,506.91,"2,976,722",502.9,507.38,501.26
09/03/2025,501.49,"3,206,165",499.55,502.11,496.59
09/02/2025,501.14,"4,977,844",504.24,505.9,497.62
08/29/2025,502.98,"4,663,613",500.85,506.72,500.85
08/28/2025,499.86,"4,530,429",498.03,500.14,496.07
08/27/2025,495.72,"4,385,918",491.08,497.21,490.6
08/26/2025,492.21,"8,217,481",485.02,492.79,484.5267
08/25/2025,486.18,"3,935,117",489.01,489.02,481.83
08/22/2025,489.0,"4,205,084",491.5,493.14,486.57
08/21/2025,488.59,"3,082,174",487.24,489.049,483.68
08/20/2025,488.68,"4,779,763",487.0,492.2178,485.829
08/19/2025,485.31,"4,726,408",479.77,485.8999,479.77
08/18/2025,478.52,"3,911,272",477.97,479.0,474.66
08/15/2025,477.2,"5,229,761",482.35,482.48,476.29
08/14/2025,479.22,"4,187,144",478.345,479.22,474.42
08/13/2025,477.31,"4,629,437",471.7,479.6,471.5
08/12/2025,470.39,"3,771,514",465.53,472.4726,465.06
08/11/2025,464.73,"3,712,076",466.46,468.494,463.504
08/08/2025,465.4,"3,330,571",462.94,465.83,462.55
08/07/2025,461.47,"5,755,747",469.2,472.7,461.37
08/06/2025,468.91,"4,557,081",465.0,469.55,463.0
08/05/2025,464.19,"6,780,711",460.6,467.5762,460.38
08/04/2025,459.11,"10,874,270",468.05,468.87,455.185
08/01/2025,472.84,"5,287,484",473.47,475.96,470.62
07/31/2025,471.88,"6,315,340",472.61,477.7,471.88
07/30/2025,476.0,"3,802,960",475.13,479.41,473.88
07/29/2025,476.56,"4,193,187",482.57,485.0001,476.28
07/28/2025,481.7,"3,626,059",484.35,486.8963,481.1001
07/25/2025,484.07,"4,220,504",481.67,484.93,479.6601
07/24/2025,480.6,"5,044,836",482.67,486.17,480.6
07/23/2025,482.63,"4,385,559",480.25,484.45,479.2
07/22/2025,478.13,"4,521,531",475.5,483.14,475.0
07/21/2025,474.41,"3,791,273",473.035,478.35,472.0
07/18/2025,473.8,"4,015,838",474.0,478.6404,473.5
07/17/2025,473.4,"4,040,026",470.065,474.1499,467.65
07/16/2025,471.31,"3,796,913",471.2,472.9186,468.88
07/15/2025,470.13,"4,482,349",475.3,475.72,470.0
07/14/2025,476.31,"4,294,742",474.32,478.13,473.46
07/11/2025,475.86,"4,416,578",476.25,476.85,471.3971
07/10/2025,478.27,"4,576,635",477.87,478.5499,475.5
07/09/2025,478.91,"3,367,397",477.0,479.4902,475.83
07/08/2025,477.47,"4,116,180",477.35,480.0,473.58
07/07/2025,478.03,"4,674,351",484.42,486.08,476.8
07/03/2025,485.0,"3,443,318",480.89,486.549,480.36
07/02/2025,480.48,"6,707,174",489.43,489.93,478.62
07/01/2025,489.61,"4,776,026",485.78,491.09,483.8
06/30/2025,485.77,"6,384,326",485.9,487.65,483.44
06/27/2025,485.68,"6,129,341",485.77,489.68,484.4
06/26/2025,485.05,"4,212,937",486.54,487.9764,484.25
06/25/2025,486.21,"4,260,584",494.5,496.0,486.14
06/24/2025,493.48,"5,111,694",489.43,497.7391,488.89
06/23/2025,487.77,"4,140,985",485.42,488.5,481.7201
06/20/2025,484.85,"7,620,370",484.95,486.68,483.4301
06/18/2025,485.14,"4,893,571",484.1,486.7,482.75
06/17/2025,483.48,"3,956,345",489.11,489.4,483.25
06/16/2025,490.23,"3,937,627",489.73,491.85,488.5404
06/13/2025,487.54,"4,000,981",486.27,491.0843,485.85
06/12/2025,490.34,"3,535,161",486.235,490.44,483.78
06/11/2025,488.14,"4,595,851",491.05,492.25,486.67
06/10/2025,491.13,"3,951,496",492.655,492.9,489.5
06/09/2025,493.33,"3,987,465",493.7,494.53,488.88
06/06/2025,493.53,"3,948,280",491.63,496.0978,491.63
06/05/2025,488.74,"5,165,718",490.75,491.0,485.6
06/04/2025,491.0,"5,297,634",496.94,496.99,490.88
06/03/2025,497.83,"5,923,064",501.0,502.7899,493.51
06/02/2025,502.81,"4,914,008",501.7,503.23,499.47
05/30/2025,503.96,"9,153,084",505.185,505.72,500.185
05/29/2025,506.18,"3,657,310",504.0,506.55,501.2
05/28/2025,503.11,"3,613,850",508.39,509.1,502.83
05/27/2025,509.16,"4,928,325",506.425,509.75,505.01
05/23/2025,503.46,"3,166,844",501.005,505.5,500.25
05/22/2025,503.57,"3,244,774",505.1,507.4,502.64
05/21/2025,507.03,"3,815,801",507.41,509.9999,505.4
05/20/2025,508.74,"3,736,959",511.11,512.075,506.5514
05/19/2025,512.39,"3,441,451",513.615,513.79,510.1
05/16/2025,514.31,"4,997,321",509.63,514.33,506.8
05/15/2025,507.33,"5,040,862",502.375,509.78,501.62
05/14/2025,503.4,"6,384,053",511.85,511.85,502.8
05/13/2025,511.88,"4,504,120",515.64,515.75,511.8
05/12/2025,514.3,"6,368,046",520.3,520.3,510.25
05/09/2025,513.74,"3,621,402",514.25,515.91,510.2533
05/08/2025,513.25,"5,018,581",520.98,521.2591,513.0401
05/07/2025,518.22,"5,581,423",515.015,520.25,513.0
05/06/2025,512.33,"6,088,592",509.57,515.75,507.99
05/05/2025,512.15,"16,380,220",520.08,521.18,502.8001
05/02/2025,539.8,"4,945,569",536.75,542.07,535.2581
05/01/2025,530.23,"4,693,069",531.0,533.265,528.3
04/30/2025,533.25,"5,251,647",531.51,535.72,524.0032
04/29/2025,534.57,"3,177,729",531.0,535.34,528.29
04/28/2025,530.94,"4,238,653",533.63,536.82,526.58
04/25/2025,530.96,"2,742,786",531.75,532.4399,526.79
04/24/2025,531.64,"3,173,404",526.81,533.13,523.16
04/23/2025,526.81,"4,294,462",527.5,532.27,523.885
04/22/2025,520.79,"4,768,491",514.23,522.22,511.65
04/21/2025,506.92,"4,908,377",517.53,518.67,498.08
04/17/2025,518.21,"5,322,242",518.895,523.88,514.5701
04/16/2025,516.45,"5,889,277",529.3,530.13,512.89
04/15/2025,528.17,"4,329,208",532.62,535.92,527.36
04/14/2025,529.52,"5,512,121",531.0,536.52,526.98
04/11/2025,524.11,"6,231,015",515.0,526.58,510.77
04/10/2025,515.81,"7,475,863",518.3,521.41,498.6088
04/09/2025,521.41,"10,153,680",490.0,523.93,485.5596
04/08/2025,492.64,"9,470,118",509.025,516.0,484.19
04/07/2025,490.38,"12,749,750",467.415,505.8451,462.1
04/04/2025,493.54,"12,605,030",519.0,521.0,492.98
04/03/2025,530.16,"6,410,854",527.62,538.8,525.14
04/02/2025,537.72,"4,079,044",532.13,539.0,530.82
04/01/2025,532.99,"4,130,570",531.88,536.41,527.5001
03/31/2025,532.58,"7,139,333",521.4,536.52,519.0
03/28/2025,526.31,"5,321,395",535.35,536.0,524.6791
03/27/2025,534.52,"5,154,608",533.25,537.38,529.3537
03/26/2025,533.21,"5,010,845",531.0,537.63,530.98
03/25/2025,528.87,"3,964,761",527.185,533.29,525.8804
03/24/2025,525.85,"4,858,877",523.1,527.3,521.48
03/21/2025,521.91,"8,546,279",528.31,528.96,520.73
03/20/2025,528.73,"4,065,426",524.0,530.6091,522.67
03/19/2025,525.27,"3,797,997",525.69,526.71,520.655
03/18/2025,523.14,"4,857,806",525.45,528.38,521.42
03/17/2025,523.01,"5,343,389",514.62,524.71,513.21
03/14/2025,514.6,"5,775,588",506.95,515.84,502.92
03/13/2025,504.25,"5,104,202",496.46,507.398,494.75
03/12/2025,495.94,"3,871,096",497.6,498.3233,488.75
03/11/2025,496.25,"5,358,269",496.0,499.15,491.3101
03/10/2025,497.1,"6,261,980",490.0,500.449,490.0
03/07/2025,495.62,"3,842,150",496.29,498.27,490.11
03/06/2025,497.84,"3,989,662",496.835,499.1,491.6314
03/05/2025,498.5,"4,715,777",496.0,500.93,492.32
03/04/2025,495.86,"6,126,619",507.27,508.73,493.6091
03/03/2025,510.08,"5,112,297",516.22,518.77,506.48
02/28/2025,513.83,"6,850,339",507.46,515.37,504.3333
02/27/2025,502.41,"4,507,714",496.45,504.95,495.61
02/26/2025,494.1,"3,543,491",499.115,499.9,493.05
02/25/2025,499.82,"6,757,512",503.15,507.0,491.9
02/24/2025,498.42,"9,862,446",483.5,503.9599,483.24
02/21/2025,478.74,"4,085,076",480.95,483.64,477.74
02/20/2025,481.8,"2,650,957",484.125,484.2,478.14
02/19/2025,483.77,"2,436,465",482.82,484.72,480.68
02/18/2025,482.82,"3,351,014",480.4,484.06,477.63
02/14/2025,479.59,"2,825,755",481.47,484.55,479.45
02/13/2025,480.49,"3,274,693",471.55,481.19,471.2
02/12/2025,471.73,"3,297,561",470.44,472.15,468.09
02/11/2025,472.61,"2,322,610",470.05,473.05,466.715
02/10/2025,470.17,"2,907,341",473.96,474.2,469.3701
02/07/2025,472.74,"3,205,136",477.41,478.25,472.34
02/06/2025,477.22,"3,832,693",475.46,478.0,473.28
02/05/2025,473.73,"3,782,754",469.81,474.24,468.89
02/04/2025,467.49,"3,238,419",464.94,467.91,462.7
02/03/2025,464.61,"4,232,007",461.3,466.74,454.6
01/31/2025,468.67,"5,442,624",471.84,472.55,467.0101
01/30/2025,472.35,"2,552,240",472.2,474.0643,469.15
01/29/2025,469.26,"2,524,211",469.88,473.92,468.0
01/28/2025,469.97,"3,261,260",473.93,473.93,469.3
01/27/2025,474.7,"4,535,629",464.3,474.93,464.3
01/24/2025,463.19,"3,070,305",459.2,463.81,457.08
01/23/2025,459.83,"4,424,526",461.68,464.76,458.0
01/22/2025,460.51,"5,838,478",468.59,468.89,455.28
01/21/2025,468.57,"4,910,195",471.0,473.17,467.72
01/17/2025,467.95,"6,466,973",464.71,470.18,462.4547
01/16/2025,462.81,"3,475,694",458.93,462.96,458.3001
01/15/2025,458.51,"4,719,411",455.55,459.09,453.27
01/14/2025,450.03,"4,055,602",445.5,450.3,443.92
01/13/2025,443.91,"3,639,248",442.04,445.0,441.15
01/10/2025,442.66,"5,471,869",452.66,453.0,440.1
01/08/2025,451.84,"3,933,259",453.63,454.0,449.63
01/07/2025,452.92,"3,507,166",452.8,456.515,451.1
01/06/2025,451.41,"4,072,913",453.85,456.2399,450.57
01/03/2025,453.56,"2,887,160",452.53,454.5269,450.12
01/02/2025,451.1,"3,751,194",455.96,456.8899,450.03
12/31/2024,453.28,"3,380,714",452.205,454.33,451.11
12/30/2024,452.16,"2,831,375",454.245,454.69,449.1765
12/27/2024,456.51,"3,237,722",457.3,461.13,454.48
12/26/2024,459.08,"2,160,799",457.265,459.48,455.795
12/24/2024,458.66,"1,761,174",455.41,458.99,454.07
12/23/2024,454.35,"3,836,007",453.19,454.55,449.82
12/20/2024,453.2,"12,943,910",449.11,458.65,447.19
12/19/2024,449.34,"4,645,222",451.73,453.8,448.89
12/18/2024,446.59,"4,361,857",457.06,458.73,446.09
12/17/2024,455.66,"5,057,506",454.695,456.62,452.06
12/16/2024,455.2,"4,513,980",459.17,460.4244,454.58
12/13/2024,457.9,"3,474,337",460.51,460.51,457.01
12/12/2024,458.63,"2,571,349",462.16,463.57,458.08
12/11/2024,461.39,"3,876,913",463.33,465.48,458.77
12/10/2024,462.49,"3,648,541",464.42,464.99,459.5
12/09/2024,463.87,"3,748,171",470.6,471.7,463.42
12/06/2024,470.5,"3,270,943",470.58,472.08,467.82
12/05/2024,470.57,"3,320,231",468.78,472.74,468.72
12/04/2024,468.32,"3,941,100",471.09,471.34,466.5
12/03/2024,470.19,"4,931,573",478.16,478.3,468.805
12/02/2024,477.33,"5,031,497",484.8,485.09,474.75
11/29/2024,483.02,"2,969,703",485.37,486.01,482.05
11/27/2024,483.08,"5,359,291",481.0,491.67,480.87
11/26/2024,478.56,"3,331,974",478.2,479.4,472.85
11/25/2024,477.43,"5,246,561",479.13,482.5,476.79
11/22/2024,476.57,"3,885,177",472.27,477.4399,471.61
11/21/2024,472.06,"4,116,801",469.445,474.66,467.0
11/20/2024,468.83,"3,019,456",470.0,470.6149,466.11
11/19/2024,468.86,"3,656,243",470.77,470.77,465.01
11/18/2024,472.2,"3,358,434",470.98,472.6713,468.36
11/15/2024,470.28,"5,817,672",466.74,472.2551,465.19
11/14/2024,467.7,"3,777,267",468.81,469.4493,466.0
11/13/2024,468.1,"2,861,709",466.41,468.4,464.0
11/12/2024,466.29,"4,400,521",467.69,468.42,465.15
11/11/2024,467.36,"4,119,111",466.01,470.51,464.0
11/08/2024,463.41,"3,541,302",461.98,466.35,459.5001
11/07/2024,460.13,"4,237,986",468.27,468.46,460.1
11/06/2024,468.9,"6,906,833",461.0,469.26,459.4801
11/05/2024,445.06,"3,154,357",442.29,445.23,441.1
11/04/2024,442.29,"5,733,184",450.37,450.7,437.9
11/01/2024,452.14,"2,971,342",451.49,455.12,450.7
10/31/2024,450.92,"3,660,308",455.19,456.84,450.57
10/30/2024,454.96,"2,692,082",454.67,457.6699,453.82
10/29/2024,454.62,"3,985,180",458.6,458.92,454.39
10/28/2024,458.49,"4,103,359",455.59,459.24,455.0
10/25/2024,454.01,"2,838,884",458.6,459.45,453.03
10/24/2024,457.77,"3,793,479",460.9,461.05,453.96
10/23/2024,460.61,"3,655,203",460.15,463.26,458.745
10/22/2024,461.45,"3,315,151",464.11,465.1453,457.6
10/21/2024,464.16,"3,131,480",464.53,465.7899,461.68
10/18/2024,464.8,"5,635,463",467.0,467.0,463.25
10/17/2024,465.85,"2,520,903",466.1,467.8393,464.27
10/16/2024,465.69,"3,166,265",463.25,466.0,462.2
10/15/2024,462.68,"3,929,879",460.99,466.66,460.51
10/14/2024,459.98,"2,969,790",461.92,462.0,458.1
10/11/2024,460.21,"3,243,402",455.9,463.45,455.9
10/10/2024,454.93,"2,375,788",457.5,457.505,452.7249
10/09/2024,455.9,"2,206,063",452.75,457.875,452.355
10/08/2024,453.8,"2,234,137",455.96,457.56,452.85
10/07/2024,453.5,"3,222,061",462.34,462.34,452.4101
10/04/2024,461.97,"3,093,491",455.01,462.18,453.81
10/03/2024,452.96,"2,564,713",455.47,455.97,450.92
10/02/2024,456.67,"2,803,429",458.7,458.7,454.19
10/01/2024,457.41,"3,043,696",459.11,459.79,454.82
09/30/2024,460.26,"3,637,071",458.4,460.63,454.5507
09/27/2024,457.47,"2,727,975",456.04,458.27,455.04
09/26/2024,454.18,"3,262,045",452.74,457.0,451.34
09/25/2024,452.36,"2,843,311",454.9,455.81,451.21
09/24/2024,454.56,"3,009,852",454.33,455.5999,451.77
09/23/2024,454.98,"3,485,083",457.31,459.6545,453.42
09/20/2024,455.31,"8,468,764",457.76,457.95,454.05
09/19/2024,459.71,"3,891,344",462.0,462.19,457.25
09/18/2024,456.6,"3,065,217",458.08,459.84,454.8801
09/17/2024,456.68,"3,824,256",453.5,461.1,453.29
09/16/2024,451.78,"3,264,367",448.8,452.99,448.34
09/13/2024,447.61,"3,882,598",451.58,452.4285,447.21
09/12/2024,450.87,"3,855,713",454.84,455.0,449.27
09/11/2024,453.1,"5,772,729",457.62,457.62,445.25
09/10/2024,458.92,"3,544,103",461.82,464.32,456.21
09/09/2024,459.61,"4,571,041",463.97,466.0,459.26
09/06/2024,459.42,"4,400,294",463.82,468.17,458.55
09/05/2024,464.92,"6,213,155",479.43,479.43,462.88
09/04/2024,478.57,"5,316,318",478.68,484.82,474.22
09/03/2024,476.83,"7,511,879",475.0,482.89,473.72
08/30/2024,475.92,"7,465,778",470.52,476.95,470.0
08/29/2024,468.37,"4,459,412",467.11,469.85,463.0
08/28/2024,464.59,"4,838,124",461.17,466.6,460.78
08/27/2024,460.63,"3,764,691",455.94,462.1,454.62
08/26/2024,454.49,"3,578,262",455.305,459.2699,453.34
08/23/2024,453.38,"2,805,379",450.0,453.72,448.81
08/22/2024,449.03,"3,502,793",446.3,449.6,444.65
08/21/2024,446.6,"3,028,530",449.84,451.28,443.84
08/20/2024,448.36,"2,906,497",449.3,450.5,446.38
08/19/2024,448.77,"3,385,343",446.01,450.45,445.73
08/16/2024,444.51,"3,344,974",441.55,445.204,440.4545
08/15/2024,440.84,"3,226,437",441.8,442.59,438.72
08/14/2024,438.47,"2,860,174",433.0,438.98,431.71
08/13/2024,432.41,"3,471,965",431.83,432.81,425.9
08/12/2024,430.39,"2,376,042",434.16,434.16,429.01
08/09/2024,431.67,"2,602,645",431.92,434.75,430.21
08/08/2024,431.54,"3,149,984",429.24,432.2599,427.6
08/07/2024,427.02,"4,745,587",426.07,433.17,425.6
08/06/2024,422.14,"5,138,707",416.41,427.46,415.1
08/05/2024,413.72,"7,695,125",413.43,417.82,406.11
08/02/2024,428.36,"4,251,527",429.77,436.25,423.4901
08/01/2024,431.81,"3,892,292",439.67,440.61,430.95
07/31/2024,438.5,"3,798,765",439.85,440.85,437.74
07/30/2024,441.26,"3,736,411",439.51,443.8905,439.14
07/29/2024,438.31,"2,619,986",438.01,439.44,435.49
07/26/2024,437.66,"2,717,621",435.66,439.0,434.1
07/25/2024,433.29,"3,334,269",431.6,439.625,431.6
07/24/2024,432.8,"3,143,717",433.99,435.41,430.73
07/23/2024,434.01,"2,393,018",437.34,437.92,433.47
07/22/2024,435.98,"2,995,689",435.05,438.11,432.12
07/19/2024,434.47,"4,158,849",442.67,442.8,433.35
07/18/2024,441.82,"4,638,333",445.62,449.25,439.57
07/17/2024,445.61,"4,776,601",437.85,446.15,437.84
07/16/2024,438.9,"4,293,707",437.4,439.0516,434.0201
07/15/2024,434.42,"4,594,912",425.59,434.71,425.3
07/12/2024,424.44,"4,834,635",420.23,427.45,419.7
07/11/2024,418.78,"4,073,570",413.99,419.2,412.0
07/10/2024,413.79,"3,791,805",410.81,413.96,409.4
07/09/2024,410.52,"2,990,262",409.42,413.71,408.64
07/08/2024,409.08,"3,559,529",411.27,413.7855,408.0
07/05/2024,411.17,"5,153,464",406.24,411.4,405.03
07/03/2024,405.77,"1,970,259",407.16,407.16,404.22
07/02/2024,407.1,"3,221,572",404.02,407.39,403.92
07/01/2024,405.19,"2,976,899",408.09,409.67,403.82
06/28/2024,406.8,"6,820,908",408.25,410.05,405.79
06/27/2024,407.95,"3,220,281",410.26,410.26,406.34
06/26/2024,410.26,"3,335,507",410.02,410.68,407.25
06/25/2024,410.97,"3,883,522",414.0,414.25,409.62
06/24/2024,413.98,"4,935,716",410.7,417.0,410.0
06/21/2024,409.62,"9,012,935",409.82,410.4673,407.68
06/20/2024,409.15,"4,845,563",407.25,411.0,404.05
06/18/2024,407.95,"4,006,848",406.745,408.5,405.28
06/17/2024,407.32,"3,408,255",405.18,407.815,403.5501
06/14/2024,405.54,"2,772,449",404.9,406.34,403.33
06/13/2024,405.92,"4,566,105",407.63,408.0,403.5711
06/12/2024,408.77,"3,554,031",411.09,411.891,407.16
06/11/2024,408.5,"3,610,600",408.88,408.91,406.11
06/10/2024,410.81,"2,668,443",413.34,413.94,409.27
06/07/2024,413.72,"2,943,072",411.28,415.88,409.8451
06/06/2024,411.08,"3,447,914",410.42,411.24,407.38
06/05/2024,409.85,"2,643,906",410.1,410.275,405.77
06/04/2024,409.53,"4,157,980",414.85,415.89,406.4401
06/03/2024,414.79,"4,905,810",414.89,416.72,408.78
05/31/2024,414.4,"5,197,520",408.09,415.4,406.88
05/30/2024,408.61,"2,907,090",403.77,409.04,402.7701
05/29/2024,404.09,"3,428,787",403.0,405.87,401.58
05/28/2024,403.9,"3,321,863",408.24,408.24,401.87
05/24/2024,407.41,"2,068,921",406.9,407.9599,405.5
05/23/2024,405.88,"3,398,121",413.25,413.25,404.87
05/22/2024,413.99,"2,673,507",414.95,417.26,412.96
05/21/2024,414.37,"2,740,759",413.59,415.7,412.56
05/20/2024,413.0,"3,292,715",417.04,417.28,412.615
05/17/2024,416.94,"2,990,028",413.98,417.33,413.7
05/16/2024,413.12,"3,550,693",413.8,416.34,412.91
05/15/2024,412.76,"2,857,594",410.51,413.4,410.1
05/14/2024,410.24,"2,674,407",410.45,411.5592,408.17
05/13/2024,411.22,"2,711,154",414.06,414.2996,410.19
05/10/2024,412.05,"3,087,837",409.85,412.38,409.2
05/09/2024,408.82,"2,358,862",406.25,408.87,405.46
05/08/2024,406.37,"2,399,639",406.47,407.229,403.75
05/07/2024,406.14,"3,085,702",406.93,407.26,403.6105
05/06/2024,404.92,"3,920,908",403.96,405.15,399.26
05/03/2024,400.87,"4,130,994",404.5,404.5,399.21
05/02/2024,400.6,"2,679,740",401.0,401.56,397.88
05/01/2024,398.58,"2,606,198",396.61,402.32,396.35
04/30/2024,396.73,"3,074,765",400.58,400.6,396.37
04/29/2024,400.96,"2,365,421",402.66,404.87,400.08
04/26/2024,402.1,"3,025,406",403.92,404.75,401.41
04/25/2024,404.91,"2,676,009",404.85,406.14,400.35
04/24/2024,405.95,"2,508,495",407.1,407.62,403.88
04/23/2024,408.74,"2,288,595",410.25,410.72,405.64
04/22/2024,408.78,"2,981,614",406.84,411.35,406.25
04/19/2024,405.08,"3,999,913",401.04,405.57,400.17
04/18/2024,399.89,"2,672,415",399.7,402.99,399.1
04/17/2024,397.74,"2,466,391",398.94,399.28,395.661
04/16/2024,396.92,"3,438,078",400.97,401.25,396.5
04/15/2024,400.26,"3,004,477",406.99,409.0554,399.86
04/12/2024,403.26,"3,469,707",405.0,407.21,401.44
04/11/2024,407.61,"2,891,952",408.4,411.1499,404.0531
04/10/2024,409.11,"3,125,230",412.74,413.56,407.53
04/09/2024,414.69,"2,234,137",416.58,417.32,412.12
04/08/2024,415.97,"2,486,651",418.32,418.57,415.625
04/05/2024,418.62,"2,739,587",416.56,419.27,415.41
04/04/2024,415.32,"3,802,994",423.84,424.52,414.55
04/03/2024,420.24,"2,742,174",419.0,421.9099,418.52
04/02/2024,418.92,"3,175,139",419.75,421.01,418.085
04/01/2024,420.2,"2,718,872",421.49,421.66,417.81
03/28/2024,420.52,"4,378,770",417.8,421.44,415.85
03/27/2024,416.93,"2,929,158",413.65,417.21,413.4
03/26/2024,411.57,"2,936,406",410.0,412.66,408.6001
03/25/2024,409.92,"2,808,910",410.67,411.065,408.9244
03/22/2024,411.6,"3,000,546",413.0,414.35,411.4
03/21/2024,413.78,"3,402,874",416.7,417.825,413.51
03/20/2024,416.11,"2,935,528",412.02,416.31,411.55
03/19/2024,411.76,"2,804,025",409.08,412.19,408.09
03/18/2024,408.41,"3,778,561",408.7,410.5999,406.0
03/15/2024,408.13,"7,557,843",404.27,408.46,402.5
03/14/2024,406.73,"3,739,644",409.08,409.08,403.34
03/13/2024,408.13,"3,586,358",405.3,409.0,404.15
03/12/2024,404.98,"2,620,804",406.78,407.2,404.1
03/11/2024,404.76,"2,438,383",403.3,405.01,402.7406
03/08/2024,403.15,"3,417,859",401.08,403.36,400.01
03/07/2024,402.39,"4,187,608",406.11,406.4,399.5699
03/06/2024,403.96,"3,842,562",402.18,407.44,401.695
03/05/2024,400.74,"4,714,395",402.55,403.3279,398.78
03/04/2024,403.39,"4,183,800",405.0,405.95,401.43
03/01/2024,407.11,"3,284,244",409.48,410.39,405.45
02/29/2024,409.4,"4,849,104",413.1,413.79,408.38
02/28/2024,412.14,"4,069,203",408.5,414.665,407.7126
02/27/2024,408.91,"4,610,892",409.21,409.9625,401.71
02/26/2024,409.14,"7,446,190",422.0,430.0,408.8468
02/23/2024,417.22,"4,025,164",417.68,420.56,416.52
02/22/2024,415.16,"3,697,494",411.3,416.26,411.0
02/21/2024,409.25,"2,720,475",408.26,409.48,406.7
02/20/2024,407.15,"3,534,163",406.47,411.11,406.06
02/16/2024,405.99,"3,533,386",404.44,406.74,402.59
02/15/2024,403.45,"3,076,698",399.14,404.2699,398.3
02/14/2024,398.68,"2,670,953",395.15,398.86,393.5477
02/13/2024,394.8,"3,459,672",397.18,399.705,392.1
02/12/2024,397.71,"2,820,408",398.65,399.48,396.19
02/09/2024,398.36,"2,510,146",397.31,398.36,395.82
02/08/2024,397.49,"3,359,311",397.22,398.65,394.85
02/07/2024,397.66,"3,429,024",394.6,399.15,394.36
02/06/2024,393.74,"2,574,602",390.29,393.93,390.0
02/05/2024,390.76,"3,653,265",389.95,393.37,389.285
02/02/2024,390.75,"3,808,499",386.68,392.07,386.44
02/01/2024,386.44,"2,949,959",384.0,386.55,381.475
01/31/2024,383.74,"3,857,684",386.53,387.92,383.55
01/30/2024,387.15,"3,094,226",383.24,387.64,380.08
01/29/2024,383.18,"3,799,251",385.49,385.7,379.17
01/26/2024,385.4,"3,624,361",381.05,385.73,380.0
01/25/2024,380.85,"4,059,189",379.24,380.99,377.89
01/24/2024,376.59,"4,594,038",372.53,377.79,372.03
01/23/2024,372.14,"2,900,467",368.02,372.42,367.705
01/22/2024,368.06,"3,558,313",368.05,369.27,366.53
01/19/2024,366.99,"4,092,548",362.25,368.31,361.02
01/18/2024,362.38,"3,008,442",359.25,362.64,358.3
01/17/2024,359.29,"2,551,707",359.01,362.53,357.98
01/16/2024,361.1,"3,047,780",362.94,363.6,359.89
01/12/2024,363.62,"2,623,907",366.51,366.85,362.5672
01/11/2024,363.34,"3,579,713",367.81,367.89,362.13
01/10/2024,367.92,"2,448,737",366.26,368.83,365.75
01/09/2024,366.9,"2,999,607",368.0,368.0,364.77
01/08/2024,368.18,"3,454,065",366.01,368.3,364.2
01/05/2024,365.59,"2,965,666",364.83,366.3008,364.19
01/04/2024,363.68,"4,144,302",367.41,369.37,363.41
01/03/2024,366.75,"4,322,822",362.08,367.85,361.071
01/02/2024,362.46,"4,740,903",356.32,362.57,355.94
12/29/2023,356.66,"3,270,014",357.56,357.86,355.31
12/28/2023,357.57,"2,742,792",357.48,358.68,356.725
12/27/2023,356.95,"2,478,787",355.93,357.08,355.5
12/26/2023,356.83,"1,965,105",356.9,357.77,356.08
12/22/2023,356.47,"2,333,775",356.5,358.26,355.4063
12/21/2023,356.14,"2,852,723",356.02,357.2,353.63
12/20/2023,355.35,"3,930,397",361.52,361.66,355.12
12/19/2023,361.8,"3,085,367",360.15,362.55,359.09
12/18/2023,359.65,"4,527,792",357.42,361.14,357.0
12/15/2023,356.5,"8,579,201",357.63,358.0,354.2
12/14/2023,358.12,"5,516,384",364.05,364.05,356.38
12/13/2023,362.03,"3,161,868",360.19,362.15,359.0433
12/12/2023,360.02,"3,193,023",357.9,360.405,356.76
12/11/2023,357.06,"3,111,595",355.0,357.49,354.21
12/08/2023,353.08,"3,289,270",353.0,353.67,351.02
12/07/2023,352.7,"2,833,348",352.0,353.02,350.85
12/06/2023,352.38,"3,040,448",356.15,357.45,351.89
12/05/2023,355.03,"3,281,046",355.23,356.6,352.29
12/04/2023,356.66,"3,054,245",355.91,357.83,353.79
12/01/2023,357.07,"4,706,958",359.94,360.24,355.3
11/30/2023,360.0,"4,607,404",359.45,360.43,358.42
11/29/2023,358.69,"3,141,450",360.95,361.52,358.3001
11/28/2023,360.05,"2,958,540",361.55,362.12,359.21
11/27/2023,361.34,"2,583,674",362.64,362.64,359.58
11/24/2023,362.68,"1,281,978",362.51,363.1919,361.24
11/22/2023,361.8,"2,110,602",361.76,362.46,360.05
11/21/2023,361.0,"2,919,342",360.58,363.03,360.25
11/20/2023,361.33,"3,219,051",359.35,362.61,358.18
11/17/2023,358.93,"3,260,955",360.47,360.56,358.07
11/16/2023,359.86,"2,830,358",357.79,360.0,357.23
11/15/2023,356.79,"3,577,350",355.02,357.31,354.4822
11/14/2023,354.25,"3,388,316",352.52,355.95,351.25
11/13/2023,350.01,"2,196,921",350.09,350.6475,348.81
11/10/2023,350.56,"3,702,339",349.6,351.2,348.6
11/09/2023,348.18,"3,054,272",347.64,350.11,346.8816
11/08/2023,346.3,"2,604,356",346.85,348.0,344.6871
11/07/2023,346.17,"3,063,822",346.81,346.95,344.295
11/06/2023,346.63,"5,489,338",354.03,354.03,344.06
11/03/2023,351.81,"4,410,901",350.17,354.35,349.79
11/02/2023,349.02,"3,437,737",346.39,349.385,344.5
11/01/2023,343.75,"2,790,593",341.21,345.33,340.58
10/31/2023,341.33,"3,067,894",337.95,341.49,337.5
10/30/2023,337.41,"2,635,839",332.96,338.36,332.175
10/27/2023,331.71,"3,609,115",336.12,336.19,330.58
10/26/2023,336.16,"2,687,088",337.07,338.315,335.46
10/25/2023,336.9,"2,624,711",338.59,339.62,336.55
10/24/2023,338.63,"2,356,386",338.18,339.85,337.77
10/23/2023,336.84,"2,795,170",334.07,338.88,333.49
10/20/2023,335.86,"3,472,804",338.15,340.0,334.35
10/19/2023,338.66,"2,745,685",340.31,342.69,338.45
10/18/2023,340.89,"2,978,004",344.72,344.83,339.96
10/17/2023,345.39,"2,999,308",346.18,348.4091,344.15
10/16/2023,346.23,"3,120,530",348.0,349.94,345.83
10/13/2023,345.09,"2,805,970",346.0,348.44,343.88
10/12/2023,345.66,"2,678,343",348.21,348.66,343.02
10/11/2023,348.43,"2,621,414",349.38,349.6,344.92
10/10/2023,348.56,"2,859,909",347.0,349.51,345.5
10/09/2023,345.45,"2,763,106",344.24,345.9,342.83
10/06/2023,346.34,"3,176,158",344.1,348.76,341.86
10/05/2023,345.06,"3,029,114",343.7,345.94,342.37
10/04/2023,343.69,"3,245,444",342.92,344.01,339.51
10/03/2023,343.04,"3,153,221",347.39,348.2441,342.13
10/02/2023,348.08,"3,529,125",349.64,350.0,345.41
09/29/2023,350.3,"4,935,674",357.3,357.5,348.55
09/28/2023,357.06,"2,734,400",357.8,359.47,356.67
09/27/2023,357.78,"3,537,042",360.01,360.52,354.27
09/26/2023,359.42,"3,070,751",359.8,360.79,357.95
09/25/2023,361.71,"2,561,880",359.01,361.89,357.27
09/22/2023,360.16,"3,970,107",362.78,363.42,359.76
09/21/2023,363.28,"3,179,013",366.56,367.2,362.94
09/20/2023,366.82,"2,272,080",371.33,371.3427,366.73
09/19/2023,370.48,"2,606,955",371.64,373.34,368.46
09/18/2023,370.43,"3,131,548",369.33,371.33,367.785
09/15/2023,367.86,"11,615,120",368.52,370.2,367.52
09/14/2023,369.5,"3,677,865",370.1,370.22,368.26
09/13/2023,367.82,"3,265,928",369.33,370.84,365.97
09/12/2023,367.78,"2,901,774",365.65,370.43,365.47
09/11/2023,365.52,"2,926,680",364.87,366.61,364.51
09/08/2023,363.15,"3,022,938",362.52,364.83,361.77
09/07/2023,361.8,"3,264,576",360.96,363.3,360.87
09/06/2023,361.67,"2,656,676",360.02,362.8,359.257
09/05/2023,360.47,"2,977,246",363.88,366.47,360.0
09/01/2023,362.46,"2,638,297",362.0,363.39,360.6
08/31/2023,360.2,"2,845,092",362.18,362.47,359.25
08/30/2023,361.06,"3,063,438",358.63,362.68,358.6
08/29/2023,358.29,"2,286,942",355.04,358.59,354.01
08/28/2023,355.55,"1,729,035",357.89,358.41,354.53
08/25/2023,355.93,"2,137,549",354.99,357.35,352.92
08/24/2023,354.3,"2,526,601",354.35,357.2276,354.13
08/23/2023,354.26,"2,241,066",351.63,354.32,351.54
08/22/2023,350.57,"2,366,926",353.01,353.4999,349.6601
08/21/2023,352.09,"2,543,100",354.09,354.18,349.61
08/18/2023,352.56,"2,870,910",351.47,354.3,351.25
08/17/2023,353.19,"2,851,173",354.01,356.3,351.88
08/16/2023,354.11,"2,196,921",354.6,358.7203,353.38
08/15/2023,354.5,"2,866,087",357.0,357.92,353.67
08/14/2023,358.48,"1,991,973",358.25,358.95,356.81
08/11/2023,358.35,"2,476,339",356.26,359.2512,353.2
08/10/2023,356.98,"3,099,505",359.36,362.35,355.92
08/09/2023,358.02,"4,425,837",364.2,364.43,356.06
08/08/2023,363.73,"3,430,319",359.42,364.25,358.85
08/07/2023,362.58,"5,385,741",355.73,364.63,355.15
08/04/2023,349.99,"2,843,922",353.99,355.11,349.39
08/03/2023,353.81,"2,943,675",350.29,354.47,349.415
08/02/2023,351.19,"3,088,573",351.45,352.889,349.69
08/01/2023,352.26,"2,296,703",352.03,353.42,351.25
07/31/2023,351.96,"2,622,162",350.73,352.33,350.21
07/28/2023,349.81,"2,473,823",349.93,351.0,348.32
07/27/2023,349.31,"2,712,061",350.69,351.27,348.6
07/26/2023,349.8,"2,684,530",347.56,351.09,347.52
07/25/2023,347.58,"3,016,291",349.32,349.66,345.54
07/24/2023,349.63,"3,270,037",346.77,351.19,346.28
07/21/2023,345.76,"3,302,140",346.755,347.62,345.1
07/20/2023,346.61,"3,147,635",343.09,346.79,342.85
07/19/2023,342.43,"3,037,697",344.21,345.38,341.99
07/18/2023,345.34,"2,569,008",344.05,347.25,343.54
07/17/2023,344.25,"2,361,019",341.09,345.72,341.09
07/14/2023,341.09,"2,675,172",344.99,345.0,340.51
07/13/2023,343.54,"2,833,854",345.6,346.205,343.45
07/12/2023,345.35,"2,899,407",345.29,346.44,344.31
07/11/2023,343.37,"2,755,374",341.23,343.84,340.925
07/10/2023,341.13,"2,966,941",340.48,343.48,339.865
07/07/2023,340.9,"2,942,066",340.52,344.07,340.385
07/06/2023,341.46,"2,550,399",339.75,341.8,338.91
07/05/2023,341.56,"2,875,644",340.05,341.89,338.7
07/03/2023,342.0,"2,047,440",340.75,342.08,338.41
06/30/2023,341.0,"4,522,066",338.78,342.5,338.4
06/29/2023,336.91,"2,499,138",334.26,337.01,334.14
06/28/2023,334.15,"3,216,531",336.05,336.4,332.61
06/27/2023,335.34,"2,626,698",334.39,336.73,334.37
06/26/2023,334.12,"3,221,884",335.17,335.825,331.84
06/23/2023,335.25,"4,453,846",335.1,337.47,334.19
06/22/2023,336.96,"3,304,552",338.84,338.85,335.66
06/21/2023,338.61,"4,507,761",337.3,341.35,336.37
06/20/2023,338.67,"3,752,659",338.15,339.28,336.6212
06/16/2023,338.31,"8,487,204",341.02,341.3,337.66
06/15/2023,339.82,"4,116,957",335.97,341.68,335.54
06/14/2023,335.9,"5,167,308",337.22,340.38,334.09
06/13/2023,336.39,"2,953,682",333.22,336.62,332.2
06/12/2023,333.6,"2,874,530",335.16,335.345,332.22
06/09/2023,335.29,"2,619,487",335.76,337.59,334.915
06/08/2023,335.95,"2,759,715",335.49,336.32,334.1
06/07/2023,335.42,"3,730,381",334.01,335.82,331.43
06/06/2023,333.41,"3,183,994",329.04,334.16,328.68
06/05/2023,328.58,"3,092,174",330.89,329.59,327.57
06/02/2023,329.48,"3,962,988",325.16,330.67,324.42
06/01/2023,323.12,"3,377,699",321.42,323.22,319.53
05/31/2023,321.08,"6,175,417",321.12,322.41,319.39
05/30/2023,322.19,"3,232,461",321.86,322.47,319.0
05/26/2023,320.6,"3,229,873",320.44,322.63,319.665
05/25/2023,319.02,"4,251,935",320.56,320.56,317.71
05/24/2023,320.2,"3,075,393",322.71,323.0,319.56
05/23/2023,323.11,"4,031,342",328.19,329.27,322.97
05/22/2023,329.13,"2,763,422",330.75,331.49,328.35
05/19/2023,330.39,"4,323,538",331.0,333.94,329.12
05/18/2023,329.76,"2,808,329",326.87,329.98,325.85
05/17/2023,327.39,"3,047,626",325.02,328.26,324.82
05/16/2023,323.75,"2,139,996",322.46,324.69,322.355
05/15/2023,323.53,"2,191,609",322.89,323.83,320.13
05/12/2023,322.49,"1,938,264",323.82,324.2422,320.54
05/11/2023,322.64,"2,549,339",320.995,322.96,319.805
05/10/2023,322.99,"2,641,134",326.08,326.16,320.1501
05/09/2023,324.87,"2,285,924",324.87,326.88,323.48
05/08/2023,326.14,"3,303,393",328.26,330.69,325.79
05/05/2023,323.88,"3,876,299",323.36,325.16,322.62
05/04/2023,320.0,"3,194,768",323.44,325.99,317.41
05/03/2023,323.22,"2,660,456",327.13,328.07,323.06
05/02/2023,325.86,"3,369,713",330.15,330.25,322.7601
05/01/2023,330.17,"2,465,391",329.16,331.84,328.57
04/28/2023,328.55,"2,912,387",325.44,328.81,325.19
04/27/2023,326.23,"2,951,130",322.86,326.91,322.11
04/26/2023,320.53,"2,721,238",323.31,323.74,319.0
04/25/2023,324.34,"2,554,381",325.99,327.1,324.11
04/24/2023,326.05,"2,262,391",324.43,326.395,324.3
04/21/2023,324.33,"2,405,869",322.36,324.85,321.61
04/20/2023,323.82,"2,429,179",322.2,324.3693,321.324
04/19/2023,323.09,"2,410,917",323.85,324.55,322.76
04/18/2023,324.63,"3,582,623",324.95,325.7242,322.495
04/17/2023,323.79,"3,426,342",320.2,323.98,319.0
04/14/2023,319.74,"2,976,417",318.89,321.88,318.12
04/13/2023,318.05,"3,325,989",315.27,318.81,313.26
04/12/2023,314.55,"2,663,461",315.97,316.92,313.72
04/11/2023,313.7,"3,109,850",312.56,315.94,311.77
04/10/2023,312.62,"2,331,743",311.41,313.7,310.335
04/06/2023,312.51,"3,132,148",309.82,313.22,309.05
04/05/2023,310.39,"2,314,853",307.85,311.07,307.85
04/04/2023,309.07,"2,740,754",310.76,311.0,307.07
04/03/2023,310.31,"4,863,537",309.25,311.5,308.24
03/31/2023,308.77,"5,022,204",305.9,308.81,304.9877
03/30/2023,305.08,"2,694,985",307.09,307.47,302.5772
03/29/2023,305.3,"2,651,414",304.8,305.38,303.36
03/28/2023,302.32,"2,437,683",301.93,302.72,300.5901
03/27/2023,302.14,"3,835,260",300.88,303.21,298.97
03/24/2023,298.92,"3,905,988",294.68,299.5,293.3947
03/23/2023,298.37,"4,016,197",301.39,302.0799,296.3
03/22/2023,299.73,"3,089,313",303.72,307.05,299.65
03/21/2023,303.85,"4,725,100",304.56,305.63,302.25
03/20/2023,301.06,"6,059,923",295.57,301.51,295.06
03/17/2023,293.51,"15,611,270",301.3,301.3,292.42
03/16/2023,302.01,"6,327,578",296.37,304.43,295.36
03/15/2023,297.88,"7,165,298",300.02,300.55,294.9
03/14/2023,305.33,"5,255,174",306.92,307.55,301.68
03/13/2023,302.88,"4,993,820",301.75,306.59,300.76
03/10/2023,303.63,"5,297,790",302.95,306.72,301.92
03/09/2023,304.82,"3,934,324",311.0,313.18,303.9388
03/08/2023,311.37,"2,706,760",310.72,312.675,309.2522
03/07/2023,311.12,"3,610,304",316.39,316.5,310.23
03/06/2023,316.97,"4,892,345",312.82,317.29,312.43
03/03/2023,312.45,"4,493,702",309.56,312.66,308.5
03/02/2023,307.75,"3,153,781",303.66,308.1,301.445
03/01/2023,304.62,"3,400,537",304.02,305.62,302.08
02/28/2023,305.18,"4,737,739",304.89,306.15,303.41
02/27/2023,304.66,"3,652,907",304.37,305.78,302.01
02/24/2023,304.02,"3,659,339",300.4,305.62,300.01
02/23/2023,303.07,"2,739,656",305.01,305.56,300.25
02/22/2023,303.16,"2,900,326",303.2,305.275,301.77
02/21/2023,302.72,"4,131,732",306.17,307.3,300.5
02/17/2023,308.24,"2,721,407",307.15,308.41,305.48
02/16/2023,308.18,"2,803,844",307.58,310.2,306.87
02/15/2023,309.63,"2,411,819",309.98,310.37,308.28
02/14/2023,310.79,"2,908,849",313.78,314.1,309.04
02/13/2023,313.74,"3,261,952",310.3,313.74,309.62
02/10/2023,309.89,"2,811,155",307.08,309.98,305.28
02/09/2023,307.21,"3,462,603",310.17,311.42,306.99
02/08/2023,308.48,"3,370,587",311.12,313.41,308.01
02/07/2023,312.97,"3,788,007",307.3,314.15,306.63
02/06/2023,308.43,"2,980,217",308.25,308.8,305.6
02/03/2023,308.51,"5,387,548",311.0,311.55,305.921
02/02/2023,311.86,"4,430,266",312.35,312.6,308.3
02/01/2023,310.57,"3,520,304",309.63,312.67,306.38
01/31/2023,311.52,"3,655,334",307.74,311.86,305.79
01/30/2023,307.33,"3,475,781",307.6,309.5115,306.81
01/27/2023,309.17,"3,034,223",309.79,311.73,308.34
01/26/2023,310.95,"2,858,754",312.99,313.68,309.58
01/25/2023,311.9,"2,300,785",308.33,312.55,307.71
01/24/2023,311.3,"2,234,333",309.3,312.83,307.5
01/23/2023,310.42,"3,088,133",309.63,312.73,306.8501
01/20/2023,309.87,"3,772,210",305.21,310.01,304.3626
01/19/2023,305.23,"3,615,144",306.12,307.235,303.86
01/18/2023,308.3,"3,408,726",315.0,315.54,307.75
01/17/2023,314.86,"3,479,442",318.4,318.52,314.25
01/13/2023,317.64,"2,773,650",317.49,318.42,315.79
01/12/2023,318.93,"3,075,151",321.15,321.32,317.72
01/11/2023,320.37,"3,001,242",318.52,320.57,316.6
01/10/2023,316.35,"3,050,322",315.0,316.8,313.34
01/09/2023,315.53,"4,399,047",319.02,320.5,314.75
01/06/2023,318.69,"3,648,810",315.0,320.16,313.38
01/05/2023,312.9,"3,418,149",313.574,314.23,310.0
01/04/2023,314.55,"5,122,121",312.0,316.89,311.25
01/03/2023,309.91,"3,551,418",310.07,312.385,307.38
12/30/2022,308.9,"3,298,865",306.95,309.04,305.6212
12/29/2022,309.06,"2,848,063",305.94,309.38,305.235
12/28/2022,303.43,"2,628,685",304.77,307.4607,303.26
12/27/2022,305.55,"2,731,731",306.45,308.575,304.65
12/23/2022,306.49,"2,460,858",302.88,306.57,300.925
12/22/2022,302.69,"3,560,763",306.1,306.5,297.6391
12/21/2022,307.82,"3,265,614",304.38,308.54,304.16
12/20/2022,302.0,"3,091,869",300.09,304.19,297.0
12/19/2022,300.03,"3,842,880",300.51,301.48,297.15
12/16/2022,300.0,"8,308,365",299.05,302.47,297.76
12/15/2022,301.91,"5,107,189",306.43,306.96,299.445
12/14/2022,309.29,"4,057,911",312.74,316.3596,308.4
12/13/2022,312.33,"5,043,156",318.4,318.91,310.82
12/12/2022,311.45,"4,367,987",307.55,311.91,305.46
12/09/2022,306.39,"3,327,110",305.32,308.34,304.71
12/08/2022,305.99,"2,353,269",306.0,307.4899,305.09
12/07/2022,305.82,"4,132,430",307.07,309.3842,304.915
12/06/2022,307.78,"3,877,585",309.95,310.29,306.35
12/05/2022,310.57,"3,836,532",315.22,315.66,308.73
12/02/2022,316.15,"3,026,517",313.49,316.38,312.75
12/01/2022,315.84,"4,354,849",319.0,319.56,313.3
11/30/2022,318.6,"7,924,360",315.13,318.6,308.7
11/29/2022,315.13,"3,742,168",311.89,315.29,311.35
11/28/2022,313.27,"4,232,097",316.25,317.64,312.33
11/25/2022,317.43,"1,844,916",317.52,319.12,316.18
11/23/2022,316.18,"2,685,619",315.385,316.4292,314.07
11/22/2022,315.76,"3,172,808",313.0,316.555,312.05
11/21/2022,311.2,"2,863,030",310.81,312.9,308.58
11/18/2022,310.76,"3,397,072",310.55,311.2,308.615
11/17/2022,307.44,"3,064,676",305.7,307.62,304.15
11/16/2022,308.76,"2,971,379",310.93,311.55,306.74
11/15/2022,309.98,"4,373,585",313.665,313.89,307.1838
11/14/2022,308.91,"4,639,814",310.0,311.84,308.84
11/11/2022,309.72,"6,572,828",305.56,311.33,302.6
11/10/2022,303.2,"5,695,773",297.11,303.5,294.54
11/09/2022,288.65,"2,760,166",291.98,292.4,288.06
11/08/2022,292.61,"3,563,780",291.11,294.743,289.01
11/07/2022,290.19,"3,524,850",290.92,292.1,288.65
11/04/2022,287.47,"3,709,955",286.77,289.2,282.38
11/03/2022,283.85,"3,126,390",286.02,287.47,283.46
11/02/2022,289.46,"4,274,735",293.04,298.26,289.42
11/01/2022,294.13,"3,838,233",298.45,298.87,293.04
10/31/2022,295.09,"4,627,809",297.98,298.89,294.85
10/28/2022,299.63,"4,629,639",292.77,299.98,291.48
10/27/2022,289.88,"4,275,741",290.31,294.0,288.85
10/26/2022,288.52,"3,295,328",289.75,291.8,287.68
10/25/2022,289.24,"3,175,402",288.765,289.87,286.88
10/24/2022,287.48,"3,862,212",284.1,289.34,283.99
10/21/2022,282.51,"4,996,771",273.76,282.92,271.46
10/20/2022,273.53,"3,918,510",278.07,279.4399,273.0
10/19/2022,278.34,"3,215,800",280.33,282.38,276.9677
10/18/2022,281.67,"4,294,758",282.74,283.36,279.25
10/17/2022,277.02,"4,455,948",276.48,278.59,275.3
10/14/2022,272.67,"4,292,818",277.59,279.22,271.97
10/13/2022,275.78,"5,485,173",260.58,276.78,259.85
10/12/2022,264.0,"3,345,004",267.31,267.52,263.96
10/11/2022,267.31,"3,443,003",266.1,270.97,265.61
10/10/2022,266.93,"3,108,090",269.89,270.215,265.86
10/07/2022,269.04,"4,273,211",274.44,274.495,267.48
10/06/2022,276.31,"3,396,390",278.2,279.85,275.9
10/05/2022,279.36,"3,351,571",276.87,280.88,275.84
10/04/2022,280.49,"4,636,293",277.42,281.3,276.6
10/03/2022,272.8,"4,903,523",269.52,274.57,267.16
09/30/2022,267.02,"6,059,434",269.21,272.94,266.6
09/29/2022,269.58,"5,211,637",269.89,272.17,265.59
09/28/2022,271.78,"5,942,582",265.65,273.6,264.91
09/27/2022,265.47,"5,768,879",266.99,267.93,261.55
09/26/2022,264.32,"4,929,897",265.82,267.84,263.3679
09/23/2022,267.77,"5,176,838",266.01,268.14,264.24
09/22/2022,268.51,"4,122,179",271.03,271.5,268.27
09/21/2022,270.74,"3,956,232",278.9,278.92,270.72
09/20/2022,277.13,"3,278,187",277.17,278.04,274.61
09/19/2022,278.95,"3,292,287",272.79,279.13,272.72
09/16/2022,274.81,"7,289,900",275.35,276.375,273.26
09/15/2022,276.7,"3,279,225",278.69,281.27,276.36
09/14/2022,278.42,"3,721,356",279.0,280.205,275.64
09/13/2022,278.29,"4,586,374",283.99,285.1438,277.5
09/12/2022,288.51,"3,410,683",286.7,289.2406,286.0333
09/09/2022,285.77,"3,128,967",284.535,287.02,284.13
09/08/2022,283.34,"3,543,267",278.58,283.4,277.29
09/07/2022,281.04,"3,511,375",275.74,281.74,275.42
09/06/2022,276.59,"4,363,702",278.01,279.49,275.355
09/02/2022,277.67,"3,796,304",284.84,285.42,276.365
09/01/2022,282.43,"3,767,438",279.95,282.68,277.31
08/31/2022,280.8,"5,007,109",287.25,288.01,280.44
08/30/2022,285.42,"3,227,458",288.72,289.32,284.7711
08/29/2022,287.45,"3,101,174",288.4,289.83,285.75
08/26/2022,289.96,"5,280,739",299.41,299.63,289.65
08/25/2022,298.13,"3,465,799",293.71,298.48,292.8323
08/24/2022,293.52,"3,266,775",290.0,294.0,289.4603
08/23/2022,289.65,"2,596,728",288.85,291.64,288.15
08/22/2022,288.69,"4,716,455",294.0,294.47,287.86
08/19/2022,297.28,"4,617,015",302.95,303.22,296.81
08/18/2022,304.27,"2,783,620",304.44,304.57,301.55
08/17/2022,304.26,"2,963,923",305.22,306.89,302.74
08/16/2022,306.65,"3,344,335",304.99,308.15,303.76
08/15/2022,302.82,"2,929,312",298.64,303.76,297.4
08/12/2022,301.55,"3,233,809",297.9,301.69,297.0
08/11/2022,296.47,"3,146,890",298.0,299.06,296.12
08/10/2022,295.11,"3,708,840",296.48,296.93,294.1
08/09/2022,292.77,"3,873,083",293.35,297.5708,291.93
08/08/2022,292.34,"3,969,779",294.87,299.33,292.27
08/05/2022,292.07,"3,397,499",291.87,294.1,290.425
08/04/2022,292.91,"3,949,668",294.73,295.98,292.62
08/03/2022,294.96,"4,062,173",295.05,295.88,291.1
08/02/2022,292.17,"3,168,448",294.87,295.53,291.92
08/01/2022,295.86,"4,196,074",299.7,299.7,294.83
07/29/2022,300.6,"6,983,576",297.42,302.4,295.4314
07/28/2022,293.9,"3,991,272",291.18,294.03,286.77
07/27/2022,290.3,"3,616,585",287.67,291.56,285.7
07/26/2022,285.31,"2,513,418",287.79,288.7147,284.6546
07/25/2022,287.99,"3,138,226",287.21,289.065,285.1534
07/22/2022,285.93,"2,877,341",288.1,289.4,283.615
07/21/2022,286.85,"3,700,275",287.0,287.24,282.09
07/20/2022,286.04,"3,879,170",284.64,286.44,283.9
07/19/2022,283.55,"3,591,904",279.0,284.08,278.17
07/18/2022,276.26,"3,274,902",281.5,281.5,275.21
07/15/2022,278.48,"4,548,506",277.53,280.0,276.06
07/14/2022,274.41,"3,889,463",273.0,275.345,271.2
07/13/2022,277.47,"4,199,491",275.37,280.09,274.4529
07/12/2022,277.28,"3,033,742",277.57,282.18,276.655
07/11/2022,278.51,"2,865,411",279.38,281.4563,277.8701
07/08/2022,280.83,"2,985,777",279.79,282.61,279.25
07/07/2022,279.28,"3,952,851",277.5,279.59,277.1
07/06/2022,275.65,"3,034,444",274.84,277.51,272.87
07/05/2022,275.69,"3,677,878",274.2,275.86,271.39
07/01/2022,277.5,"3,668,568",272.5,278.4,271.63
06/30/2022,273.02,"4,625,535",270.51,274.92,268.68
06/29/2022,273.49,"3,010,168",274.95,275.94,272.97
06/28/2022,273.86,"4,018,337",280.51,282.45,273.68
06/27/2022,278.4,"4,136,747",280.53,282.03,277.61
06/24/2022,278.28,"6,454,976",268.97,279.67,268.5701
06/23/2022,267.52,"4,732,399",269.85,270.71,263.68
06/22/2022,269.79,"4,225,967",267.38,273.395,267.38
06/21/2022,271.77,"4,907,077",273.85,273.98,270.34
06/17/2022,268.08,"11,615,420",268.39,270.5,265.68
06/16/2022,268.56,"7,212,687",273.39,273.4,266.88
06/15/2022,278.93,"5,827,037",281.16,282.5,273.87
06/14/2022,277.64,"5,850,444",282.09,283.96,276.1014
06/13/2022,281.56,"7,115,907",285.43,287.4347,280.1
06/10/2022,291.71,"5,884,900",296.08,298.0,291.61
06/09/2022,300.8,"3,221,154",308.1,308.38,300.57
06/08/2022,308.74,"2,878,967",312.16,312.8,307.93
06/07/2022,313.65,"2,551,711",310.58,313.79,309.3932
06/06/2022,312.15,"2,981,314",313.38,315.78,311.48
06/03/2022,310.94,"2,588,108",312.5,313.8,310.3977
06/02/2022,314.95,"3,120,233",312.65,315.09,308.61
06/01/2022,312.21,"3,796,508",316.0,316.7901,309.61
05/31/2022,315.98,"5,704,635",318.98,318.98,314.8
05/27/2022,319.11,"4,282,883",314.73,319.24,314.15
05/26/2022,312.5,"4,474,454",311.27,314.39,310.98
05/25/2022,308.64,"3,706,343",308.59,310.99,305.92
05/24/2022,309.17,"3,661,630",309.39,310.31,303.75
05/23/2022,310.2,"4,146,033",307.38,312.44,306.62
05/20/2022,304.05,"5,522,056",307.05,307.46,298.11
05/19/2022,304.15,"4,743,746",303.93,306.3144,301.21
05/18/2022,306.64,"4,427,683",312.94,314.17,305.57
05/17/2022,314.6,"4,159,134",315.21,315.44,312.1
05/16/2022,309.29,"3,700,581",310.28,311.95,307.13
05/13/2022,310.36,"3,771,567",311.25,312.47,307.9001
05/12/2022,308.06,"5,683,356",307.95,309.07,302.55
05/11/2022,311.54,"4,258,661",313.17,317.55,311.01
05/10/2022,312.53,"4,801,061",315.96,318.11,310.24
05/09/2022,312.96,"4,884,887",315.35,316.92,311.56
05/06/2022,318.88,"4,200,043",317.99,320.372,314.19
05/05/2022,318.68,"5,265,994",325.85,325.85,315.16
05/04/2022,326.8,"4,272,974",319.1,327.28,318.0
05/03/2022,318.99,"3,875,789",319.42,323.58,317.67
05/02/2022,318.19,"6,799,512",324.11,324.37,311.74
04/29/2022,322.83,"5,688,391",330.19,330.64,320.5
04/28/2022,331.27,"3,847,727",331.53,332.06,327.83
04/27/2022,329.58,"3,727,514",330.6,333.135,328.43
04/26/2022,330.65,"4,595,483",333.53,337.39,330.36
04/25/2022,336.95,"5,981,550",332.3,337.85,328.53
04/22/2022,335.56,"4,971,203",342.94,343.21,335.11
04/21/2022,343.6,"4,034,682",350.86,350.86,342.96
04/20/2022,348.82,"3,711,620",350.0,350.59,347.7
04/19/2022,348.5,"3,393,483",347.0,349.13,345.85
04/18/2022,346.65,"2,518,356",344.45,347.1899,343.585
04/14/2022,344.33,"3,285,526",346.16,347.56,344.14
04/13/2022,346.22,"3,436,791",349.46,350.72,345.245
04/12/2022,349.74,"3,550,367",352.26,354.0,348.39
04/11/2022,352.02,"3,129,900",352.98,354.33,349.34
04/08/2022,353.1,"4,495,358",348.93,353.85,347.73
04/07/2022,346.51,"3,817,645",346.22,347.67,342.4
04/06/2022,344.71,"4,548,141",341.17,346.97,340.55
04/05/2022,344.8,"4,254,963",345.77,349.44,344.28
04/04/2022,345.43,"5,105,149",352.0,352.235,344.31
04/01/2022,351.88,"4,126,275",353.65,354.5824,349.02
03/31/2022,352.91,"6,069,877",359.0,360.0,352.32
03/30/2022,357.61,"3,913,799",354.66,357.85,351.84
03/29/2022,355.12,"5,006,916",361.39,362.1,352.55
03/28/2022,359.57,"4,175,531",360.59,361.38,355.53
03/25/2022,358.76,"4,586,000",353.9,359.01,353.6
03/24/2022,352.37,"3,947,297",351.5,352.5694,349.13
03/23/2022,348.16,"5,644,792",349.13,350.79,346.2473
03/22/2022,349.93,"5,774,373",351.01,354.95,348.9
03/21/2022,349.66,"6,309,619",344.99,351.21,344.3
03/18/2022,342.41,"8,898,508",344.12,346.87,339.27
03/17/2022,344.97,"7,226,002",337.0,345.13,336.2
03/16/2022,336.11,"5,929,896",335.11,337.34,331.7117
03/15/2022,332.55,"6,931,564",332.7,334.58,329.38
03/14/2022,329.98,"5,968,947",328.65,333.48,327.6498
03/11/2022,326.6,"5,137,990",326.53,331.4899,326.23
03/10/2022,325.3,"3,845,454",322.49,325.7,321.58
03/09/2022,325.4,"5,879,917",326.59,327.47,322.575
03/08/2022,318.52,"7,911,576",325.3,327.29,318.03
03/07/2022,322.72,"5,879,300",325.68,326.44,320.35
03/04/2022,325.34,"4,906,040",322.66,325.61,320.12
03/03/2022,327.74,"4,602,678",326.63,329.47,323.8852
03/02/2022,323.64,"4,507,185",319.48,325.75,318.12
03/01/2022,316.84,"6,444,105",320.26,321.2,313.59
02/28/2022,321.45,"7,988,324",317.35,322.0,315.19
02/25/2022,319.24,"7,488,725",311.16,321.43,310.78
02/24/2022,308.28,"8,836,304",301.78,308.81,299.51
02/23/2022,309.99,"5,033,311",316.081,316.8,309.38
02/22/2022,314.16,"5,105,545",313.44,315.43,310.55
02/18/2022,314.8,"4,225,597",313.83,315.6767,313.08
02/17/2022,313.55,"3,633,337",314.98,315.44,312.3
02/16/2022,315.65,"3,975,085",315.0,316.9,314.28
02/15/2022,316.2,"3,682,373",316.64,317.9399,314.6901
02/14/2022,314.28,"8,131,182",319.61,320.43,312.17
02/11/2022,319.14,"7,497,359",320.01,323.12,317.74
02/10/2022,319.85,"7,081,291",320.99,322.46,318.485
02/09/2022,322.38,"3,997,452",323.8,325.63,321.54
02/08/2022,321.44,"6,238,744",318.27,322.65,316.0
02/07/2022,316.51,"3,129,336",314.91,318.22,312.06
02/04/2022,314.99,"3,656,465",315.87,317.8387,312.7
02/03/2022,315.23,"4,152,449",319.33,319.65,314.61
02/02/2022,319.6,"4,634,781",313.57,320.1604,313.0
02/01/2022,313.96,"4,348,803",312.64,314.6,310.31
01/31/2022,313.02,"5,238,867",312.0,313.3,307.84
01/28/2022,312.9,"5,241,647",307.68,313.29,304.0681
01/27/2022,307.67,"5,055,361",311.7,315.92,305.3111
01/26/2022,309.26,"6,127,231",310.4,313.33,306.57
01/25/2022,307.19,"6,438,259",301.87,309.13,294.81
01/24/2022,303.73,"8,529,685",299.7,304.73,296.085
01/21/2022,305.22,"6,541,385",309.99,311.02,304.14
01/20/2022,311.01,"4,409,303",315.58,317.18,310.68
01/19/2022,314.75,"6,091,800",321.35,321.35,314.58
01/18/2022,320.29,"5,769,286",322.22,323.29,318.07
01/14/2022,324.13,"4,915,639",318.87,324.405,316.5
01/13/2022,321.26,"4,279,387",321.0,323.47,320.1
01/12/2022,320.39,"3,583,291",320.62,321.05,317.26
01/11/2022,319.8,"4,249,181",318.61,320.0,315.04
01/10/2022,318.93,"5,814,171",321.4,322.1,315.12
01/07/2022,319.78,"5,622,909",315.56,320.2,314.14
01/06/2022,313.22,"5,140,613",312.98,314.11,310.22
01/05/2022,309.92,"6,892,257",309.87,314.48,309.5
01/04/2022,308.53,"6,006,382",301.65,309.21,301.65
01/03/2022,300.79,"3,571,121",300.1,301.3,299.2
12/31/2021,299.0,"2,932,996",299.94,300.69,298.84
12/30/2021,299.98,"2,301,253",300.88,301.6463,299.74
12/29/2021,299.46,"2,688,431",299.23,300.65,298.86
12/28/2021,298.29,"2,575,075",296.96,299.79,296.8
12/27/2021,296.67,"2,807,616",295.25,296.69,294.46
12/23/2021,294.49,"2,899,917",295.22,296.78,294.21
12/22/2021,294.41,"2,446,396",292.86,294.57,291.74
12/21/2021,293.24,"3,931,134",292.14,295.41,291.5
12/20/2021,289.61,"5,458,419",290.775,291.58,287.59
12/17/2021,293.66,"12,772,060",297.85,298.0,292.3501
12/16/2021,300.17,"6,542,554",296.88,301.58,295.1
12/15/2021,294.58,"5,603,061",295.8199,296.5,292.8133
12/14/2021,295.03,"5,994,765",289.67,296.41,289.67
12/13/2021,290.01,"4,888,424",288.5,291.58,285.84
12/10/2021,288.23,"4,110,315",285.49,288.5,284.23
12/09/2021,284.52,"3,446,249",283.77,284.95,281.78
12/08/2021,283.72,"3,257,877",284.97,285.97,282.28
12/07/2021,284.97,"5,767,826",282.42,285.41,282.12
12/06/2021,281.38,"5,526,940",278.73,283.1678,278.73
12/03/2021,277.43,"5,925,715",278.71,279.97,275.27
12/02/2021,279.09,"4,925,721",276.68,280.37,275.29
12/01/2021,275.0,"5,171,164",279.54,281.72,274.79
11/30/2021,276.69,"9,928,918",279.94,280.2,275.89
11/29/2021,282.12,"5,392,385",284.0,284.98,281.42
11/26/2021,283.09,"4,440,721",280.28,284.71,279.76
11/24/2021,287.28,"4,924,413",287.44,288.315,286.09
11/23/2021,288.56,"4,490,739",285.15,288.73,285.05
11/22/2021,284.97,"5,036,934",280.73,286.44,280.01
11/19/2021,279.99,"4,542,009",280.96,280.97,278.01
11/18/2021,280.63,"3,338,256",281.1,281.75,279.25
11/17/2021,281.59,"3,741,007",283.12,283.12,280.9
11/16/2021,283.36,"4,260,345",284.47,285.16,283.12
11/15/2021,284.67,"3,219,074",286.6,286.99,284.24
11/12/2021,285.99,"2,918,259",284.88,286.1,283.8
11/11/2021,284.65,"2,861,553",286.5,287.07,284.245
11/10/2021,285.32,"3,422,235",286.49,287.24,284.52
11/09/2021,286.35,"3,588,005",288.79,288.99,285.3
11/08/2021,288.8,"4,723,236",290.0,295.65,288.61
11/05/2021,287.88,"3,584,224",288.83,290.7,286.82
11/04/2021,287.69,"3,427,470",289.13,289.13,285.25
11/03/2021,288.72,"2,775,591",287.21,288.88,286.13
11/02/2021,287.93,"3,838,375",286.61,288.5,285.22
11/01/2021,286.24,"2,889,973",288.05,288.42,285.62
10/29/2021,287.01,"4,421,265",288.81,290.0,286.74
10/28/2021,289.72,"3,308,755",288.21,289.86,287.2
10/27/2021,287.78,"3,692,629",290.85,290.945,287.64
10/26/2021,290.85,"3,884,790",290.65,292.22,290.3
10/25/2021,290.26,"3,143,636",289.7,290.47,287.6
10/22/2021,289.24,"3,407,466",287.66,289.8,286.24
10/21/2021,286.82,"2,488,982",286.99,287.28,285.25
10/20/2021,287.49,"3,148,731",284.34,287.7,284.32
10/19/2021,284.83,"2,685,424",283.6,285.15,283.0501
10/18/2021,282.59,"3,552,083",282.83,283.51,281.57
10/15/2021,284.21,"4,315,875",283.94,284.97,282.27
10/14/2021,281.64,"3,647,106",280.81,282.38,279.3
10/13/2021,277.9,"3,312,002",278.47,279.41,275.55
10/12/2021,278.62,"3,771,281",281.46,281.52,278.215
10/11/2021,280.93,"2,908,483",284.43,285.61,280.8
10/08/2021,284.14,"2,300,367",282.59,284.72,281.71
10/07/2021,282.95,"3,795,242",282.14,284.99,282.14
10/06/2021,280.22,"3,867,578",276.28,280.3931,274.6101
10/05/2021,278.05,"5,070,203",273.86,279.67,273.2
10/04/2021,273.64,"4,308,740",274.68,276.96,273.05
10/01/2021,275.71,"3,951,758",273.02,277.51,272.22
09/30/2021,272.94,"5,189,361",278.37,278.37,272.84
09/29/2021,277.29,"2,952,031",277.03,278.78,275.95
09/28/2021,276.79,"4,959,925",279.14,281.38,275.82
09/27/2021,279.72,"3,359,132",279.77,280.625,278.12
09/24/2021,277.87,"3,109,731",278.3,279.13,277.41
09/23/2021,278.12,"4,732,436",275.15,279.7,275.01
09/22/2021,274.07,"5,019,165",276.28,276.61,273.67
09/21/2021,273.18,"4,649,584",276.03,276.22,272.59
09/20/2021,274.2,"7,645,544",273.05,274.91,271.36
09/17/2021,276.76,"15,864,330",277.64,281.0,275.42
09/16/2021,277.51,"4,211,260",278.96,279.21,276.21
09/15/2021,278.18,"3,884,425",277.6,279.06,276.67
09/14/2021,277.2,"5,283,679",280.54,280.78,276.36
09/13/2021,279.92,"4,602,220",278.36,280.84,277.82
09/10/2021,277.6,"4,554,095",279.97,279.97,277.49
09/09/2021,278.61,"3,684,442",278.91,280.11,278.37
09/08/2021,279.34,"4,647,350",278.18,279.95,277.59
09/07/2021,278.9,"4,866,579",281.91,281.91,278.73
09/03/2021,281.89,"4,497,446",284.3,284.82,281.71
09/02/2021,285.05,"3,969,981",285.35,286.44,284.21
09/01/2021,285.26,"3,326,024",286.59,287.14,284.85
08/31/2021,285.77,"6,498,911",285.28,286.33,284.76
08/30/2021,285.66,"3,505,799",286.3,287.04,285.02
08/27/2021,286.6,"3,485,834",285.62,286.71,285.121
08/26/2021,285.27,"3,342,019",288.16,288.17,284.985
08/25/2021,287.3,"2,975,425",286.2,288.56,285.22
08/24/2021,286.02,"3,187,411",286.01,286.58,284.18
08/23/2021,285.62,"2,957,033",287.38,287.38,285.39
08/20/2021,285.27,"2,846,685",284.96,285.92,283.95
08/19/2021,285.13,"3,394,084",284.96,287.155,283.98
08/18/2021,286.36,"3,882,015",289.0,290.07,285.95
08/17/2021,289.1,"3,626,986",288.53,290.77,287.6
08/16/2021,289.45,"3,564,606",287.0,289.49,285.21
08/13/2021,287.89,"3,115,822",290.61,291.05,287.12
08/12/2021,290.24,"3,171,022",291.81,291.81,288.93
08/11/2021,291.28,"3,475,795",289.45,291.82,288.83
08/10/2021,288.94,"3,134,725",287.01,289.06,286.0
08/09/2021,287.23,"3,678,930",287.86,288.73,286.061
08/06/2021,285.63,"4,838,296",281.82,285.83,281.5
08/05/2021,280.21,"3,585,736",280.16,282.0,278.33
08/04/2021,278.78,"3,026,158",280.17,280.92,278.64
08/03/2021,281.8,"3,631,865",279.05,282.51,276.77
08/02/2021,278.14,"3,098,942",279.31,281.98,277.73
07/30/2021,278.29,"3,608,251",280.01,281.08,277.6
07/29/2021,279.76,"3,545,503",279.29,281.24,279.08
07/28/2021,278.1,"3,795,143",280.8,280.98,277.6
07/27/2021,280.78,"3,390,459",278.07,281.09,276.91
07/26/2021,278.8,"2,424,999",277.78,280.25,277.78
07/23/2021,278.49,"3,218,484",279.05,279.92,277.74
07/22/2021,277.7,"2,566,626",278.59,279.27,277.42
07/21/2021,279.88,"3,437,714",277.64,280.9199,277.63
07/20/2021,276.89,"4,738,502",272.66,277.805,272.0
07/19/2021,272.66,"5,235,001",274.21,275.5,270.73
07/16/2021,277.9,"3,437,180",280.93,280.93,277.22
07/15/2021,279.72,"3,276,235",277.13,280.64,277.09
07/14/2021,278.31,"4,108,516",279.07,280.7599,277.77
07/13/2021,279.21,"3,140,661",280.11,280.41,278.36
07/12/2021,280.11,"4,283,827",279.05,282.2241,278.2735
07/09/2021,280.49,"4,897,655",276.03,280.88,275.74
07/08/2021,274.1,"5,371,245",276.99,277.74,273.16
07/07/2021,279.24,"4,413,063",275.99,279.69,275.8
07/06/2021,277.32,"4,402,866",278.28,278.28,275.095
07/02/2021,279.12,"3,683,408",281.41,281.41,278.57
07/01/2021,280.17,"3,648,864",278.2,280.3,277.55
06/30/2021,277.92,"4,477,624",275.89,278.44,275.66
06/29/2021,276.21,"4,472,125",276.69,277.975,275.245
06/28/2021,276.61,"4,026,852",278.82,279.06,275.6
06/25/2021,278.38,"5,578,532",276.37,279.31,275.35
06/24/2021,275.49,"5,458,502",275.0,276.5765,274.05
06/23/2021,274.66,"4,539,789",276.89,277.0,274.55
06/22/2021,276.92,"5,225,694",277.57,277.71,275.93
06/21/2021,277.1,"5,486,192",275.62,278.845,275.4279
06/18/2021,274.04,"12,567,920",276.5,276.98,272.455
06/17/2021,278.69,"7,136,848",284.29,284.5,277.56
06/16/2021,283.11,"5,629,240",283.73,284.8,281.08
06/15/2021,283.94,"3,760,903",284.46,284.965,282.65
06/14/2021,283.53,"6,102,270",286.66,286.85,281.5156
06/11/2021,286.82,"3,524,361",285.45,287.36,285.02
06/10/2021,284.91,"4,044,608",289.88,290.81,284.68
06/09/2021,288.58,"3,502,842",288.88,289.09,287.05
06/08/2021,289.19,"5,036,621",289.18,289.9,285.7
06/07/2021,289.46,"4,442,470",292.56,292.58,288.84
06/04/2021,292.52,"3,273,412",292.91,293.08,291.45
06/03/2021,291.97,"4,099,941",288.36,293.272,288.28
06/02/2021,290.02,"3,517,430",290.85,290.9,289.22
06/01/2021,289.84,"3,335,983",291.52,292.07,288.81
05/28/2021,289.44,"4,522,664",289.68,290.46,288.23
05/27/2021,289.3,"6,610,596",288.57,289.99,286.57
05/26/2021,287.33,"4,756,875",289.64,289.64,285.75
05/25/2021,287.2,"4,754,083",290.19,291.6,287.11
05/24/2021,289.73,"3,947,879",289.11,290.41,287.91
05/21/2021,287.74,"4,232,598",287.12,289.35,286.75
05/20/2021,286.73,"4,143,635",288.41,289.135,285.9
05/19/2021,286.22,"5,272,133",284.11,286.56,282.57
05/18/2021,287.59,"4,361,282",290.2,290.31,287.24
05/17/2021,289.22,"3,882,976",289.99,290.47,288.07
05/14/2021,290.68,"4,263,393",288.67,291.375,288.67
05/13/2021,286.9,"5,246,624",282.91,288.37,282.85
05/12/2021,282.91,"5,313,010",285.46,286.12,282.55
05/11/2021,285.63,"6,814,899",289.84,290.51,284.29
05/10/2021,292.33,"4,542,731",292.345,295.083,292.07
05/07/2021,290.93,"6,101,832",289.97,291.07,287.77
05/06/2021,289.71,"5,965,549",284.69,290.0,284.05
05/05/2021,282.76,"3,013,873",282.52,283.5,282.23
05/04/2021,280.26,"4,467,147",278.54,280.8,276.78
05/03/2021,279.18,"5,185,658",278.55,281.12,277.67
04/30/2021,274.95,"5,213,541",276.29,277.41,274.21
04/29/2021,277.6,"4,543,724",274.47,277.79,274.35
04/28/2021,272.95,"3,176,106",273.54,273.96,272.13
04/27/2021,273.65,"3,176,319",271.07,274.16,270.05
04/26/2021,270.86,"3,577,632",272.28,273.98,270.63
04/23/2021,271.98,"3,684,487",269.86,272.6906,269.56
04/22/2021,269.51,"3,734,218",272.04,272.08,268.78
04/21/2021,272.21,"3,897,511",267.8,272.46,267.75
04/20/2021,267.89,"3,741,695",268.53,269.31,266.801
04/19/2021,270.28,"4,235,932",272.3,272.92,268.8475
04/16/2021,272.11,"4,710,925",270.47,272.97,270.11
04/15/2021,269.14,"3,921,101",268.06,269.28,266.3943
04/14/2021,267.53,"3,124,048",267.31,268.44,267.15
04/13/2021,267.1,"3,558,493",267.42,268.2,266.05
04/12/2021,267.93,"4,294,469",266.53,268.34,266.53
04/09/2021,266.01,"6,054,022",264.22,266.24,263.35
04/08/2021,263.51,"3,113,946",262.72,263.93,261.911
04/07/2021,263.62,"3,585,586",262.99,264.34,262.4003
04/06/2021,263.06,"3,069,093",262.86,263.34,261.94
04/05/2021,262.66,"5,050,565",260.02,263.35,260.0
04/01/2021,258.2,"5,573,842",255.74,258.47,254.8
03/31/2021,255.47,"6,580,741",256.86,257.68,255.17
03/30/2021,258.19,"3,879,346",259.94,261.0,257.24
03/29/2021,258.82,"6,643,130",253.93,260.05,253.3
03/26/2021,256.77,"5,801,970",252.75,257.39,252.42
03/25/2021,250.75,"5,505,215",249.38,251.53,246.79
03/24/2021,249.63,"4,167,843",249.55,251.89,248.5
03/23/2021,248.31,"4,624,233",250.2,251.17,247.71
03/22/2021,250.36,"5,370,835",250.6,251.67,248.86
03/19/2021,250.99,"16,649,850",252.31,252.5,248.52
03/18/2021,252.46,"5,558,018",253.76,255.64,251.38
03/17/2021,252.0,"6,775,745",252.02,254.28,250.6601
03/16/2021,251.5,"6,720,786",254.53,254.53,249.82
03/15/2021,254.61,"6,979,049",260.31,260.44,253.52
03/12/2021,260.02,"4,498,086",262.4,264.65,259.67
03/11/2021,260.91,"5,921,549",264.22,264.8,260.4199
03/10/2021,263.99,"8,945,700",260.3,267.5,259.64
03/09/2021,259.02,"8,276,597",258.55,262.94,255.61
03/08/2021,257.61,"7,135,779",255.6,260.23,253.73
03/05/2021,253.15,"6,401,890",248.89,253.45,247.325
03/04/2021,245.48,"7,843,543",251.08,252.55,243.23
03/03/2021,251.55,"6,093,204",249.73,254.81,249.29
03/02/2021,249.22,"4,686,124",249.12,251.34,248.37
03/01/2021,249.21,"6,334,166",246.86,250.55,246.09
02/26/2021,240.51,"8,087,759",245.15,245.15,240.25
02/25/2021,243.69,"6,459,817",248.07,250.56,242.927
02/24/2021,248.45,"5,106,898",245.15,249.55,245.15
02/23/2021,245.53,"5,455,367",245.56,246.57,243.29
02/22/2021,244.97,"4,013,145",240.89,245.9801,240.8
02/19/2021,241.85,"4,254,656",244.2,244.95,241.36
02/18/2021,243.5,"4,049,896",244.73,245.49,241.67
02/17/2021,245.25,"4,323,241",244.14,246.19,244.0
02/16/2021,245.28,"4,726,101",244.14,247.26,242.82
02/12/2021,242.46,"3,422,107",238.07,242.76,238.03
02/11/2021,239.76,"2,909,640",239.36,240.44,238.88
02/10/2021,239.92,"3,825,592",241.43,241.52,239.04
02/09/2021,239.91,"4,774,458",237.07,240.78,235.66
02/08/2021,237.42,"3,329,703",236.0,237.56,235.35
02/05/2021,235.16,"3,812,966",236.98,236.98,234.83
02/04/2021,235.77,"4,452,386",232.84,235.905,232.41
02/03/2021,232.68,"3,807,540",232.4,233.16,231.28
02/02/2021,232.24,"5,302,328",231.21,233.43,230.665
02/01/2021,229.32,"4,068,409",229.97,230.5,228.04
01/29/2021,227.87,"6,388,092",229.45,229.97,227.21
01/28/2021,230.95,"5,943,918",229.76,233.51,228.16
01/27/2021,227.36,"8,230,374",230.0,230.0,226.1
01/26/2021,231.57,"3,945,915",233.0,233.5,231.33
01/25/2021,233.01,"5,098,897",231.67,233.52,230.45
01/22/2021,232.92,"4,465,090",232.5,233.83,232.21
01/21/2021,234.16,"4,319,793",235.22,236.2,234.08
01/20/2021,234.76,"4,876,514",234.0,235.2,233.24
01/19/2021,234.55,"5,503,127",234.64,236.24,231.7
01/15/2021,233.49,"5,226,415",234.1,234.59,231.91
01/14/2021,235.02,"4,530,181",234.79,235.7,233.8372
01/13/2021,234.51,"3,828,413",232.0,234.95,231.71
01/12/2021,233.03,"5,618,722",233.31,233.98,231.7
01/11/2021,233.43,"3,882,330",231.22,233.92,231.02
01/08/2021,234.03,"4,850,601",233.54,234.6,231.72
01/07/2021,232.88,"4,693,848",232.78,233.9643,231.33
01/06/2021,230.27,"9,012,829",229.49,232.68,227.55
01/05/2021,227.47,"5,531,573",228.21,230.1,226.847
01/04/2021,228.45,"7,405,706",231.73,231.87,226.85
12/31/2020,231.87,"4,228,870",229.28,232.28,228.89
12/30/2020,229.65,"3,257,957",229.54,230.585,229.08
12/29/2020,229.57,"3,800,358",230.5,231.1,229.1
12/28/2020,228.41,"3,507,318",228.09,230.15,227.36
12/24/2020,226.53,"2,386,994",224.6,227.125,224.21
12/23/2020,224.24,"4,984,149",222.63,224.91,222.61
12/22/2020,221.88,"6,165,628",223.58,223.75,221.76
12/21/2020,223.49,"7,376,589",222.02,224.2,221.26
12/18/2020,223.43,"20,672,800",224.79,225.2,221.68
12/17/2020,224.68,"7,390,467",222.51,225.02,221.6673
12/16/2020,221.91,"7,994,869",225.48,225.48,221.82
12/15/2020,224.38,"5,169,074",224.83,225.86,222.73
12/14/2020,222.85,"6,545,455",227.68,228.06,222.36
12/11/2020,226.39,"4,028,353",225.2,226.73,224.595
12/10/2020,227.35,"4,567,434",226.45,227.87,225.728
12/09/2020,227.51,"4,874,314",228.57,228.9,226.635
12/08/2020,228.19,"4,590,686",227.46,228.735,226.61
12/07/2020,229.24,"4,743,430",231.26,231.26,228.1
12/04/2020,231.35,"4,753,002",230.24,231.89,230.24
12/03/2020,231.02,"4,699,041",230.0,231.5,228.87
12/02/2020,230.42,"4,681,526",229.8,230.59,228.31
12/01/2020,229.68,"4,442,626",230.23,231.98,229.34
11/30/2020,228.91,"5,989,549",231.19,231.29,228.165
11/27/2020,231.55,"1,935,806",233.1,234.17,230.45
11/25/2020,233.13,"3,249,877",233.92,234.0,232.0104
11/24/2020,233.92,"4,714,771",232.45,234.99,231.24
11/23/2020,229.54,"3,632,543",229.77,230.5,228.0442
11/20/2020,227.01,"4,028,442",228.78,229.72,226.771
11/19/2020,229.53,"4,623,632",229.67,229.97,227.6154
11/18/2020,230.07,"4,741,785",233.57,234.476,230.0
11/17/2020,233.16,"5,040,020",231.93,234.97,230.01
11/16/2020,233.1,"5,768,612",230.58,233.46,229.86
11/13/2020,227.42,"4,790,845",226.5,228.145,225.29
11/12/2020,224.72,"5,111,764",225.01,225.88,223.18
11/11/2020,227.37,"4,789,221",228.5,228.98,225.4701
11/10/2020,228.48,"7,059,371",221.82,228.61,220.94
11/09/2020,221.5,"11,343,440",221.97,225.23,218.01
11/06/2020,208.85,"4,324,663",208.45,210.26,207.5875
11/05/2020,207.45,"5,940,982",208.69,210.86,206.97
11/04/2020,206.17,"5,978,686",206.59,210.15,204.78
11/03/2020,206.63,"5,472,813",206.93,209.8007,206.36
11/02/2020,204.31,"5,940,592",204.84,206.18,203.06
10/30/2020,201.9,"5,755,622",200.51,202.271,198.7
10/29/2020,201.51,"5,227,943",200.03,202.955,197.81
10/28/2020,200.7,"7,538,290",202.68,203.88,199.79
10/27/2020,206.88,"3,039,192",208.0,208.48,206.58
10/26/2020,208.49,"4,717,982",209.64,210.26,207.0
10/23/2020,212.71,"2,831,432",212.43,213.87,211.73
10/22/2020,211.61,"2,949,963",209.63,211.78,209.23
10/21/2020,210.18,"3,196,330",208.97,211.38,208.6103
10/20/2020,210.06,"3,888,817",209.63,211.45,209.41
10/19/2020,208.99,"3,413,786",212.16,212.32,208.2
10/16/2020,211.91,"3,630,992",211.84,213.8253,211.81
10/15/2020,211.65,"3,063,809",209.27,211.99,208.22
10/14/2020,210.91,"5,026,903",212.02,212.35,210.54
10/13/2020,212.31,"4,850,195",215.76,216.38,212.0
10/12/2020,216.41,"3,903,098",216.74,217.43,215.12
10/09/2020,215.68,"3,091,717",215.88,216.2924,214.16
10/08/2020,215.15,"3,612,138",214.39,215.69,213.44
10/07/2020,213.29,"3,759,814",212.33,214.67,211.36
10/06/2020,210.26,"5,315,644",212.65,213.48,209.65
10/05/2020,212.36,"3,649,194",213.09,213.9,212.05
10/02/2020,211.18,"4,421,401",209.84,213.68,209.53
10/01/2020,212.02,"4,758,944",214.3,214.385,210.62
09/30/2020,212.94,"5,822,458",211.11,213.7,210.7522
09/29/2020,210.44,"4,037,925",213.59,213.59,210.24
09/28/2020,213.54,"5,043,931",213.22,215.47,212.0206
09/25/2020,210.45,"3,563,345",207.0,211.11,206.82
09/24/2020,208.72,"3,963,496",209.14,210.23,206.58
09/23/2020,209.61,"4,424,597",213.94,214.88,209.38
09/22/2020,214.16,"5,291,711",212.54,214.75,211.7
09/21/2020,213.02,"8,342,537",214.0,215.45,208.73
09/18/2020,218.21,"11,864,010",219.08,221.01,217.83
09/17/2020,218.05,"6,942,515",218.46,218.68,216.5
09/16/2020,219.59,"5,663,404",220.28,222.26,219.19
09/15/2020,218.94,"3,864,321",220.08,221.57,218.45
09/14/2020,219.94,"4,070,857",219.0,221.32,218.3
09/11/2020,217.93,"3,437,465",218.0,219.265,216.92
09/10/2020,217.8,"3,838,665",220.54,220.68,217.15
09/09/2020,219.63,"5,418,297",218.95,221.62,218.52
09/08/2020,217.8,"7,001,501",217.28,219.19,215.3393
09/04/2020,218.32,"6,042,649",219.95,221.48,215.06
09/03/2020,218.15,"7,095,354",222.0,223.2399,216.43
09/02/2020,221.68,"5,495,005",218.13,222.09,218.13
09/01/2020,218.55,"4,134,939",216.92,218.59,216.62
08/31/2020,218.04,"6,134,606",218.62,219.45,217.65
08/28/2020,218.55,"4,291,213",217.51,218.81,215.7297
08/27/2020,216.87,"4,814,583",214.99,217.98,214.76
08/26/2020,214.66,"4,640,785",212.98,215.83,212.3
08/25/2020,213.35,"3,676,863",213.56,214.0,212.85
08/24/2020,212.61,"5,040,022",209.23,213.3,208.91
08/21/2020,207.43,"4,786,825",205.52,208.4,205.52
08/20/2020,206.12,"4,134,384",205.17,206.79,204.51
08/19/2020,207.21,"5,831,268",209.19,210.21,206.66
08/18/2020,208.33,"3,501,913",206.95,209.76,206.8
08/17/2020,206.78,"5,486,419",210.05,210.82,206.34
08/14/2020,210.96,"3,444,703",211.04,211.97,210.25
08/13/2020,211.98,"4,537,189",212.93,213.33,211.66
08/12/2020,213.24,"4,792,657",213.1,214.39,212.31
08/11/2020,212.66,"5,689,794",214.74,215.6,212.24
08/10/2020,212.58,"6,635,745",211.34,212.92,209.4
08/07/2020,209.48,"6,191,783",204.2,209.75,204.0
08/06/2020,205.02,"3,387,477",203.0,205.39,202.7
08/05/2020,203.62,"5,269,199",201.44,204.69,201.0
08/04/2020,200.24,"3,839,089",198.97,200.31,198.11
08/03/2020,199.26,"6,253,519",197.28,200.68,196.0
07/31/2020,195.78,"5,943,185",195.06,196.0,193.33
07/30/2020,194.3,"4,834,570",193.43,194.57,192.25
07/29/2020,196.41,"4,069,954",194.03,196.67,193.73
07/28/2020,194.12,"4,412,796",190.9,194.46,190.61
07/27/2020,192.14,"4,312,003",193.83,193.99,191.77
07/24/2020,194.52,"5,143,693",193.25,196.28,193.05
07/23/2020,193.25,"6,039,644",191.71,193.39,191.48
07/22/2020,192.1,"4,184,472",191.78,192.24,190.63
07/21/2020,192.27,"5,257,941",190.4,193.45,190.4
07/20/2020,190.48,"4,092,175",190.02,191.23,189.48
07/17/2020,190.76,"5,187,529",191.77,192.12,190.4686
07/16/2020,191.01,"4,773,368",188.32,191.93,188.32
07/15/2020,190.56,"7,558,957",192.64,193.05,188.75
07/14/2020,189.71,"14,687,110",182.42,190.08,182.42
07/13/2020,184.13,"7,888,833",183.81,185.82,183.31
07/10/2020,182.9,"5,487,025",178.26,182.96,178.09
07/09/2020,178.8,"5,424,922",181.79,181.88,177.77
07/08/2020,181.2,"5,557,679",180.42,182.3119,179.77
07/07/2020,181.15,"4,956,616",182.02,182.49,180.6
07/06/2020,182.72,"6,449,353",183.1,183.52,181.59
07/02/2020,178.83,"5,165,918",180.45,180.94,178.24
07/01/2020,177.99,"4,623,976",178.41,180.45,177.34
06/30/2020,178.51,"6,766,502",176.75,179.12,176.51
06/29/2020,177.19,"5,222,730",175.9,177.22,175.33
06/26/2020,175.37,"14,776,380",176.71,178.7,174.63
06/25/2020,178.85,"6,385,076",176.58,179.7195,176.06
06/24/2020,177.53,"8,086,306",179.61,179.65,177.26
06/23/2020,181.01,"6,382,428",181.87,182.39,180.4
06/22/2020,180.17,"5,822,331",179.55,181.8,178.87
06/19/2020,179.72,"8,765,108",183.5,183.88,179.01
06/18/2020,180.73,"4,924,460",179.9,181.36,179.04
06/17/2020,180.86,"6,458,205",183.03,183.15,180.11
06/16/2020,182.3,"9,414,597",186.55,186.7,179.75
06/15/2020,181.55,"8,111,656",177.0,181.7699,176.05
06/12/2020,181.21,"9,479,915",184.02,184.02,178.22
06/11/2020,178.02,"15,387,900",185.0,186.9296,177.93
06/10/2020,191.51,"7,351,508",195.85,196.34,191.37
06/09/2020,196.07,"7,735,857",197.15,198.79,195.83
06/08/2020,201.56,"6,706,518",202.34,203.33,199.56
06/05/2020,200.66,"10,400,940",197.88,201.49,196.22
06/04/2020,192.05,"5,818,236",190.41,192.11,189.69
06/03/2020,190.82,"6,710,121",188.75,191.62,187.81
06/02/2020,185.94,"5,806,026",183.99,186.44,183.99
06/01/2020,183.84,"5,722,581",185.53,185.71,183.185
05/29/2020,185.58,"10,631,070",183.08,185.87,182.53
05/28/2020,185.1,"6,315,543",187.24,187.28,183.92
05/27/2020,185.77,"7,416,421",184.665,185.98,183.8
05/26/2020,180.34,"7,110,034",179.99,181.69,178.68
05/22/2020,174.93,"3,589,844",174.86,175.12,173.21
05/21/2020,174.94,"4,062,440",175.74,176.65,174.47
05/20/2020,176.02,"5,459,007",174.61,176.87,174.29
05/19/2020,172.49,"5,580,754",174.12,174.87,172.34
05/18/2020,175.46,"7,463,845",174.0,176.87,172.3091
05/15/2020,169.25,"5,941,213",169.82,170.66,168.52
05/14/2020,170.93,"7,016,473",168.8,171.4,167.0401
05/13/2020,170.57,"10,262,670",172.0,172.61,169.44
05/12/2020,172.81,"6,483,703",175.2,175.7149,172.73
05/11/2020,174.64,"9,239,404",175.23,175.96,173.61
05/08/2020,176.83,"5,798,965",176.71,177.26,174.28
05/07/2020,173.48,"6,702,275",173.4,175.38,173.05
05/06/2020,172.38,"9,016,047",176.94,177.04,172.34
05/05/2020,176.03,"9,019,874",180.045,180.23,175.93
05/04/2020,177.95,"9,455,779",179.78,180.36,176.3401
05/01/2020,182.67,"7,516,538",185.21,185.89,181.64
04/30/2020,187.36,"8,224,394",188.3,189.87,186.71
04/29/2020,189.61,"7,654,591",190.64,192.68,188.93
04/28/2020,187.12,"6,679,292",190.54,191.0,187.0
04/27/2020,187.46,"6,625,074",187.78,189.37,186.35
04/24/2020,186.52,"5,206,780",187.08,187.28,184.42
04/23/2020,185.63,"6,214,098",186.99,187.35,184.5
04/22/2020,186.58,"5,473,376",186.46,187.37,185.34
04/21/2020,183.48,"5,886,829",184.17,185.78,183.28
04/20/2020,188.75,"6,475,978",188.72,189.35,187.3
04/17/2020,191.2,"8,275,774",192.89,192.9,189.02
04/16/2020,187.96,"6,257,017",188.9,188.99,185.8
04/15/2020,188.57,"6,143,064",188.56,189.59,187.47
04/14/2020,192.94,"7,033,292",193.32,194.16,190.82
04/13/2020,188.77,"7,897,317",193.85,193.85,186.08
04/09/2020,193.84,"10,525,210",194.0,197.23,191.45
04/08/2020,191.01,"6,112,986",187.55,191.42,185.14
04/07/2020,185.25,"8,151,274",191.99,192.0,184.9
04/06/2020,185.24,"9,943,688",184.61,186.41,180.49
04/03/2020,178.34,"6,645,402",178.59,180.22,175.44
04/02/2020,179.73,"7,276,305",175.0,180.31,174.225
04/01/2020,175.95,"8,684,977",176.18,178.67,174.19
03/31/2020,182.83,"8,999,502",182.05,186.17,180.57
03/30/2020,183.18,"7,674,376",180.04,184.11,178.0
03/27/2020,179.66,"10,264,580",178.5,184.24,176.72
03/26/2020,183.9,"14,145,130",181.29,184.96,179.59
03/25/2020,180.47,"13,856,490",180.01,189.07,175.17
03/24/2020,178.2,"14,094,000",170.91,179.14,169.53
03/23/2020,162.13,"16,512,830",165.3,166.69,159.5
03/20/2020,170.06,"15,218,820",176.3,177.18,167.2945
03/19/2020,174.68,"12,492,310",170.21,176.18,166.0
03/18/2020,172.44,"16,682,840",177.29,181.39,167.0
03/17/2020,187.6,"15,081,850",181.88,187.81,177.0
03/16/2020,177.77,"14,171,800",174.0,188.38,173.62
03/13/2020,196.4,"14,867,020",187.45,196.5,178.41
03/12/2020,175.97,"22,303,500",183.6,187.6699,175.0
03/11/2020,194.64,"9,586,080",197.32,198.13,192.87
03/10/2020,202.73,"10,931,660",201.35,202.86,195.0517
03/09/2020,193.13,"13,986,190",195.0,198.479,192.26
03/06/2020,205.98,"9,443,910",203.48,207.41,202.35
03/05/2020,208.96,"8,114,450",212.55,212.75,207.01
03/04/2020,217.86,"7,409,199",212.14,218.34,209.26
03/03/2020,208.81,"10,717,120",217.39,218.15,206.2
03/02/2020,217.63,"10,408,120",207.25,218.8,204.4339
02/28/2020,206.34,"15,149,590",201.92,206.44,199.68
02/27/2020,207.67,"10,945,540",212.9,214.38,207.28
02/26/2020,216.06,"6,907,568",219.65,220.63,215.94
02/25/2020,218.05,"8,560,131",222.2,223.24,216.76
02/24/2020,221.69,"7,933,733",221.31,223.94,220.27
02/21/2020,229.33,"4,702,108",227.53,230.07,226.98
02/20/2020,228.17,"3,549,133",229.76,229.79,227.15
02/19/2020,229.24,"3,189,102",227.68,229.71,226.93
02/18/2020,226.77,"3,153,466",226.39,227.38,225.27
02/14/2020,226.8,"2,506,699",226.49,227.14,225.52
02/13/2020,226.47,"2,838,906",226.53,227.4,226.1
02/12/2020,227.44,"3,786,174",227.6,228.84,226.91
02/11/2020,227.33,"2,918,511",228.59,228.59,227.02
02/10/2020,227.11,"2,945,177",227.17,227.7503,225.13
02/07/2020,227.38,"2,886,854",228.07,228.62,226.67
02/06/2020,229.61,"2,801,166",229.56,230.08,228.53
02/05/2020,228.65,"3,364,133",226.91,228.68,226.75
02/04/2020,225.08,"3,643,707",226.15,226.94,224.79
02/03/2020,223.47,"3,525,322",225.48,226.32,223.0
01/31/2020,224.43,"3,948,507",226.49,226.97,223.43
01/30/2020,227.88,"3,355,343",223.11,228.08,222.48
01/29/2020,224.5,"2,311,394",224.75,226.4,224.31
01/28/2020,224.03,"3,613,154",223.44,225.35,223.16
01/27/2020,222.45,"5,455,063",223.7,223.9,221.11
01/24/2020,226.86,"4,024,035",229.4,229.41,226.04
01/23/2020,229.38,"4,750,042",229.43,229.77,227.3492
01/22/2020,229.54,"3,164,373",229.0,230.38,228.41
01/21/2020,228.63,"5,842,158",229.85,231.13,227.95
01/17/2020,230.2,"6,603,956",230.13,231.61,229.55
01/16/2020,229.73,"3,037,238",229.34,230.03,228.52
01/15/2020,228.35,"2,664,870",226.8,228.64,226.78
01/14/2020,227.17,"3,356,233",227.85,228.3899,226.88
01/13/2020,228.45,"3,287,976",227.05,228.47,226.1251
01/10/2020,226.62,"2,573,152",228.5,228.5308,226.59
01/09/2020,228.65,"3,497,724",226.92,228.85,226.92
01/08/2020,225.99,"3,782,033",226.03,227.84,225.87
01/07/2020,225.92,"3,530,280",227.26,227.26,225.44
01/06/2020,226.99,"4,263,359",224.99,227.13,224.7
01/03/2020,226.18,"3,024,008",225.69,227.43,225.48
01/02/2020,228.39,"3,767,253",227.51,228.39,226.71
12/31/2019,226.5,"3,145,359",226.16,226.72,225.14
12/30/2019,225.76,"2,769,821",226.14,226.6,224.67
12/27/2019,226.14,"2,769,665",226.86,226.97,225.57
12/26/2019,226.45,"1,725,982",225.92,226.51,225.64
12/24/2019,225.47,"961,133",225.24,225.65,224.88
12/23/2019,225.48,"3,504,201",226.61,226.67,224.93
12/20/2019,226.31,"11,574,290",226.24,227.8,225.56
12/19/2019,225.21,"4,967,692",224.66,225.66,224.16
12/18/2019,225.01,"5,963,388",227.06,227.2,224.89
12/17/2019,227.05,"4,867,651",227.27,228.23,226.55
12/16/2019,226.85,"4,280,417",226.77,227.81,226.29
12/13/2019,225.37,"3,160,709",225.92,226.5,223.96
12/12/2019,225.92,"5,124,306",222.88,226.52,222.53
12/11/2019,222.57,"3,547,432",221.21,222.65,221.01
12/10/2019,221.26,"2,690,874",222.07,222.07,220.21
12/09/2019,221.38,"2,616,647",222.71,223.3,221.19
12/06/2019,222.61,"3,447,861",221.64,223.0,221.33
12/05/2019,219.6,"2,319,936",218.99,219.75,218.05
12/04/2019,218.4,"2,667,728",217.95,218.8828,217.54
12/03/2019,218.08,"4,501,807",218.82,218.9,216.3952
12/02/2019,220.33,"3,888,736",220.6,221.38,220.1101
11/29/2019,220.3,"2,256,461",220.5,220.58,219.825
11/27/2019,220.5,"3,947,243",219.25,220.59,218.48
11/26/2019,218.9,"3,718,712",219.11,219.2,217.72
11/25/2019,219.06,"3,650,331",218.74,219.39,218.26
11/22/2019,217.96,"2,393,303",216.96,217.99,216.8
11/21/2019,216.63,"3,707,678",217.3,217.705,216.3
11/20/2019,217.48,"4,966,467",218.01,218.37,216.01
11/19/2019,219.03,"3,378,196",219.93,220.0,218.7827
11/18/2019,219.35,"3,894,984",219.95,220.05,218.388
11/15/2019,219.74,"3,477,460",220.18,220.43,218.74
11/14/2019,219.36,"2,831,807",219.77,219.87,217.91
11/13/2019,219.77,"3,190,818",219.72,220.27,218.61
11/12/2019,220.89,"2,657,678",220.98,222.19,220.54
11/11/2019,220.85,"2,380,511",220.2,221.0913,219.87
11/08/2019,221.31,"3,347,189",222.75,223.0,219.89
11/07/2019,222.74,"4,396,330",222.81,223.37,221.67
11/06/2019,222.0,"3,664,010",221.09,222.03,220.11
11/05/2019,220.88,"5,321,850",218.69,221.68,218.43
11/04/2019,217.98,"4,157,127",217.77,218.62,216.9827
11/01/2019,215.83,"4,778,977",213.55,216.63,213.4
10/31/2019,212.58,"4,305,999",213.01,213.71,211.54
10/30/2019,213.25,"3,298,217",212.99,213.43,211.67
10/29/2019,213.01,"2,630,512",212.38,213.17,211.61
10/28/2019,212.86,"3,521,940",212.31,213.34,212.14
10/25/2019,211.8,"2,539,457",209.87,212.33,209.75
10/24/2019,210.26,"3,147,560",211.16,211.32,209.72
10/23/2019,210.96,"2,415,596",210.5,211.01,209.54
10/22/2019,210.62,"2,720,621",211.03,211.97,210.47
10/21/2019,211.49,"3,337,638",210.0,211.54,209.76
10/18/2019,208.76,"3,581,579",208.45,209.62,208.2
10/17/2019,208.62,"3,576,676",209.26,209.98,208.51
10/16/2019,209.29,"3,233,940",208.37,209.97,208.37
10/15/2019,209.38,"3,055,578",207.73,210.15,207.57
10/14/2019,207.91,"1,903,109",208.01,208.07,206.93
10/11/2019,208.08,"4,408,767",208.97,210.08,207.73
10/10/2019,206.86,"2,979,733",206.37,208.19,206.08
10/09/2019,206.69,"3,210,433",204.94,207.23,204.73
10/08/2019,204.09,"4,187,853",205.62,206.14,203.93
10/07/2019,207.24,"2,720,630",207.36,209.6,206.19
10/04/2019,208.08,"3,572,235",205.09,208.28,205.05
10/03/2019,204.98,"4,308,064",202.65,205.09,201.33
10/02/2019,203.1,"5,939,951",206.09,206.09,202.38
10/01/2019,206.71,"3,512,543",208.94,209.66,206.44
09/30/2019,208.02,"3,167,632",207.77,208.7,207.534
09/27/2019,207.45,"2,843,689",207.73,208.64,206.54
09/26/2019,206.9,"2,823,123",208.19,208.19,206.35
09/25/2019,208.11,"3,291,982",206.5,209.44,206.23
09/24/2019,206.4,"3,710,573",208.17,208.89,205.74
09/23/2019,207.96,"3,076,510",207.02,208.53,206.4
09/20/2019,208.12,"10,704,250",210.37,210.37,207.27
09/19/2019,209.22,"2,736,437",210.78,211.44,208.9
09/18/2019,210.9,"2,734,580",209.89,211.32,209.12
09/17/2019,210.15,"3,863,004",210.35,211.16,208.68
09/16/2019,210.33,"3,472,741",212.06,212.1,209.94
09/13/2019,213.61,"4,244,903",212.24,214.58,212.22
09/12/2019,211.37,"4,599,340",211.0,212.68,210.72
09/11/2019,210.91,"4,439,914",208.27,210.93,207.525
09/10/2019,208.31,"3,878,591",207.31,208.31,206.13
09/09/2019,206.62,"4,565,146",205.51,207.8,205.2
09/06/2019,204.73,"3,409,358",204.44,205.15,203.8617
09/05/2019,204.24,"3,969,863",204.13,206.22,203.77
09/04/2019,202.19,"3,209,056",202.73,202.94,201.3
09/03/2019,200.9,"3,637,136",201.19,201.83,200.19
08/30/2019,203.41,"3,632,301",204.02,204.3509,202.73
08/29/2019,203.2,"3,328,295",201.71,203.8,201.66
08/28/2019,200.45,"3,405,503",198.02,200.57,197.53
08/27/2019,198.35,"3,069,044",200.76,201.3,198.04
08/26/2019,200.2,"3,094,943",198.7,200.2,197.44
08/23/2019,197.16,"5,948,735",200.19,200.92,195.96
08/22/2019,201.01,"3,214,384",199.8,201.8697,199.8
08/21/2019,199.24,"3,532,077",199.01,199.77,198.7101
08/20/2019,198.15,"4,043,522",200.27,200.285,198.02
08/19/2019,200.94,"4,216,714",202.72,203.1,200.38
08/16/2019,199.72,"4,796,046",200.5,200.88,198.55
08/15/2019,198.31,"4,644,724",197.08,199.0411,196.38
08/14/2019,195.81,"5,839,062",195.78,197.25,195.61
08/13/2019,198.78,"3,914,758",197.46,201.0,196.5
08/12/2019,197.2,"3,194,483",197.61,199.47,196.91
08/09/2019,199.05,"4,334,639",200.19,200.55,197.67
08/08/2019,200.52,"4,143,445",199.93,200.87,198.12
08/07/2019,198.21,"5,326,559",198.56,199.2957,195.4
08/06/2019,200.55,"5,500,809",199.61,200.93,197.9
08/05/2019,197.73,"7,621,861",199.9,201.1,197.16
08/02/2019,202.67,"5,696,980",201.79,204.43,199.42
08/01/2019,201.71,"4,829,521",205.63,206.98,201.49
07/31/2019,205.43,"4,634,512",207.8,209.5,205.3
07/30/2019,207.81,"1,977,839",207.89,208.36,206.86
07/29/2019,208.61,"2,834,084",210.0,210.0,208.42
07/26/2019,209.9,"3,654,607",207.82,210.03,206.75
07/25/2019,207.9,"3,022,205",208.37,208.37,206.53
07/24/2019,207.97,"3,105,425",205.74,208.01,205.63
07/23/2019,206.46,"3,086,415",205.51,206.63,204.92
07/22/2019,204.84,"3,086,088",205.34,206.16,204.36
07/19/2019,205.97,"3,513,524",208.11,208.25,205.65
07/18/2019,207.98,"3,612,161",207.52,209.0942,207.12
07/17/2019,207.45,"4,325,198",212.52,212.96,207.41
07/16/2019,212.88,"2,709,343",214.29,215.04,212.78
07/15/2019,213.54,"2,715,629",214.44,214.44,212.82
07/12/2019,214.1,"2,360,685",213.2,214.19,212.51
07/11/2019,213.17,"3,119,597",214.31,214.5499,212.98
07/10/2019,214.03,"3,704,992",215.21,216.58,213.77
07/09/2019,214.75,"2,687,024",213.02,214.92,212.97
07/08/2019,215.13,"2,978,431",214.0,215.8,213.91
07/05/2019,215.25,"3,324,183",215.13,215.77,213.9
07/03/2019,215.16,"2,489,136",215.0,215.25,212.66
07/02/2019,214.54,"3,054,355",214.38,215.59,213.4
07/01/2019,214.62,"3,467,241",214.25,215.21,213.21
06/28/2019,213.17,"7,472,388",213.0,213.33,211.32
06/27/2019,212.02,"4,182,800",208.97,212.54,208.81
06/26/2019,208.51,"3,937,817",208.28,210.0,208.21
06/25/2019,208.07,"3,727,362",207.41,208.48,206.8001
06/24/2019,206.85,"3,164,398",206.39,207.59,205.96
06/21/2019,206.21,"5,994,485",208.43,208.72,206.03
06/20/2019,208.04,"3,836,861",208.51,208.75,206.0414
06/19/2019,206.75,"3,320,746",206.36,208.31,206.14
06/18/2019,206.01,"3,670,723",204.47,206.4624,203.98
06/17/2019,203.48,"2,819,964",205.85,205.85,203.16
06/14/2019,205.16,"2,512,373",204.87,205.845,203.85
06/13/2019,204.99,"2,257,756",204.46,205.7599,204.3
06/12/2019,204.57,"2,835,868",206.2,206.6,203.92
06/11/2019,206.63,"2,545,954",208.5,208.99,206.0
06/10/2019,207.16,"2,865,546",207.12,208.08,206.46
06/07/2019,205.81,"2,672,721",204.95,206.54,204.8
06/06/2019,204.77,"3,005,213",202.9,205.39,202.54
06/05/2019,203.3,"3,210,940",202.38,203.35,200.91
06/04/2019,201.59,"4,112,641",200.63,201.65,199.57
06/03/2019,198.56,"3,979,035",197.62,198.92,196.89
05/31/2019,197.42,"3,685,173",198.32,198.83,197.075
05/30/2019,199.74,"3,646,258",199.06,200.2113,198.76
05/29/2019,198.52,"4,625,776",198.95,199.49,197.34
05/28/2019,199.7,"6,914,939",202.05,202.41,199.52
05/24/2019,201.69,"3,314,493",202.12,202.12,200.79
05/23/2019,201.3,"4,737,449",200.8,202.18,199.32
05/22/2019,202.6,"2,776,131",202.72,203.49,201.7
05/21/2019,203.36,"2,664,427",203.16,203.9874,202.5
05/20/2019,202.73,"2,645,277",202.64,203.18,201.75
05/17/2019,203.27,"4,614,709",203.0,205.46,202.45
05/16/2019,204.63,"3,074,219",203.9,206.66,203.9
05/15/2019,202.98,"4,024,275",202.79,204.13,201.39
05/14/2019,203.69,"4,005,193",205.67,206.815,203.45
05/13/2019,205.01,"5,186,169",204.96,205.91,204.3
05/10/2019,209.02,"4,075,724",207.89,209.29,204.305
05/09/2019,208.56,"4,251,265",207.34,208.92,204.39
05/08/2019,209.29,"3,838,173",208.26,211.72,207.6
05/07/2019,209.43,"5,266,714",211.34,211.6,207.41
05/06/2019,213.16,"5,657,206",214.685,215.51,211.541
05/03/2019,218.6,"3,382,560",217.14,219.16,216.87
05/02/2019,215.93,"2,646,680",217.19,217.7,215.17
05/01/2019,216.71,"3,769,217",217.22,218.79,216.49
04/30/2019,216.71,"3,577,347",217.32,217.32,214.7
04/29/2019,216.58,"3,415,359",214.92,217.22,214.6
04/26/2019,214.22,"3,110,479",211.85,214.22,211.81
04/25/2019,211.95,"3,121,176",209.62,212.67,209.34
04/24/2019,210.57,"3,207,521",211.55,212.02,210.2343
04/23/2019,211.61,"3,446,273",209.5,211.88,208.89
04/22/2019,209.49,"1,927,747",209.5,210.37,208.88
04/18/2019,209.99,"2,491,813",210.96,211.43,209.73
04/17/2019,210.37,"2,848,209",212.39,212.49,209.68
04/16/2019,211.8,"2,643,351",210.15,211.84,210.0
04/15/2019,209.74,"2,587,064",210.52,210.55,207.76
04/12/2019,210.56,"4,678,969",208.08,211.6738,207.58
04/11/2019,206.67,"2,987,374",204.76,207.09,204.27
04/10/2019,204.52,"2,614,134",205.12,205.23,203.6
04/09/2019,204.92,"2,584,821",204.84,204.97,203.59
04/08/2019,205.25,"2,623,080",205.14,205.64,203.97
04/05/2019,205.33,"3,362,770",204.12,205.53,203.1
04/04/2019,204.1,"2,423,118",203.26,204.9399,202.79
04/03/2019,203.67,"2,779,903",205.46,205.7,202.9
04/02/2019,203.88,"2,593,812",204.91,205.43,203.59
04/01/2019,205.0,"4,469,078",202.16,205.3,202.0
03/29/2019,200.89,"4,619,149",201.34,201.7,200.03
03/28/2019,200.66,"3,107,851",199.4,200.75,198.4
03/27/2019,199.21,"3,609,411",200.72,201.2,198.23
03/26/2019,200.62,"3,737,804",200.83,201.32,198.7
03/25/2019,199.44,"4,057,249",200.83,201.98,198.2
03/22/2019,200.55,"5,870,028",203.28,204.01,200.06
03/21/2019,204.43,"4,181,934",202.92,204.7,201.91
03/20/2019,203.27,"4,046,319",205.43,205.45,202.98
03/19/2019,205.15,"3,821,824",207.75,207.75,204.56
03/18/2019,206.68,"3,882,815",204.67,206.95,204.67
03/15/2019,204.31,"7,738,718",204.08,206.16,203.86
03/14/2019,203.38,"2,903,975",203.26,204.36,202.68
03/13/2019,204.06,"3,613,940",203.0,205.36,202.66
03/12/2019,202.5,"3,654,493",202.66,203.73,202.23
03/11/2019,202.09,"3,804,154",199.62,202.3,199.47
03/08/2019,198.7,"3,750,125",197.91,198.94,197.03
03/07/2019,199.3,"5,104,953",200.58,200.58,197.99
03/06/2019,200.67,"3,200,126",201.61,202.3,200.57
03/05/2019,201.47,"5,108,177",201.76,202.0,200.58
03/04/2019,201.81,"4,640,306",203.09,204.87,200.58
03/01/2019,203.13,"3,529,287",203.15,203.84,201.84
02/28/2019,201.3,"3,587,641",202.68,202.94,201.11
02/27/2019,202.29,"4,246,414",201.72,202.3,201.25
02/26/2019,201.9,"4,892,241",202.4,202.65,201.3
02/25/2019,202.31,"5,145,503",201.7,205.0,201.22
02/22/2019,201.91,"5,572,499",204.25,204.59,199.92
02/21/2019,205.33,"3,642,637",206.27,206.86,204.35
02/20/2019,206.16,"2,972,433",205.78,206.92,204.935
02/19/2019,205.69,"3,203,954",205.1,206.32,204.68
02/15/2019,205.29,"5,043,723",204.86,205.79,204.07
02/14/2019,202.78,"3,601,795",204.64,204.64,201.6
02/13/2019,205.8,"3,318,206",206.96,208.08,205.4141
02/12/2019,206.15,"3,467,787",204.94,206.67,204.87
02/11/2019,203.05,"3,572,192",201.69,203.33,201.32
02/08/2019,200.92,"4,664,794",200.82,201.2,198.21
02/07/2019,201.73,"4,859,567",204.53,204.99,200.57
02/06/2019,206.01,"3,652,385",207.24,207.24,205.1
02/05/2019,207.82,"4,159,815",209.1,209.16,206.53
02/04/2019,208.52,"3,700,006",209.16,209.4,207.05
02/01/2019,209.19,"5,991,667",206.52,209.3,206.2
01/31/2019,205.54,"8,640,139",204.68,208.01,203.64
01/30/2019,205.96,"4,515,788",203.31,207.59,203.05
01/29/2019,202.05,"2,758,346",200.92,202.1499,200.5
01/28/2019,200.95,"3,636,952",201.49,201.75,199.81
01/25/2019,202.75,"3,822,159",203.05,204.74,202.0
01/24/2019,201.02,"4,074,481",199.75,201.6,199.75
01/23/2019,201.15,"3,705,434",200.72,201.31,198.5
01/22/2019,200.72,"5,378,267",203.52,204.96,199.14
01/18/2019,204.48,"5,931,726",200.7,204.73,200.24
01/17/2019,198.78,"3,499,136",197.7,199.41,196.46
01/16/2019,198.41,"5,029,739",197.64,199.57,197.24
01/15/2019,196.94,"3,192,958",195.79,197.25,195.201
01/14/2019,195.78,"3,928,714",194.78,196.44,194.46
01/11/2019,196.29,"3,496,340",195.66,196.65,194.5
01/10/2019,196.58,"3,593,012",195.51,197.9,194.96
01/09/2019,196.37,"3,585,142",197.3,197.68,194.95
01/08/2019,196.31,"4,367,271",198.99,199.08,194.66
01/07/2019,196.91,"5,151,352",196.39,198.28,195.37
01/04/2019,195.2,"6,586,089",194.85,196.69,193.88
01/03/2019,191.66,"8,275,344",199.97,200.22,191.04
01/02/2019,202.8,"4,766,359",201.73,204.4,201.15
12/31/2018,204.18,"5,451,129",204.23,205.01,201.0
12/28/2018,202.08,"5,374,026",200.72,204.74,200.2
12/27/2018,200.12,"7,109,811",195.6,200.12,191.9
12/26/2018,197.57,"7,100,471",188.65,197.93,186.1003
12/24/2018,187.76,"5,020,639",190.7,191.64,187.11
12/21/2018,192.1,"14,765,060",192.22,197.8,191.57
12/20/2018,193.58,"8,972,476",194.01,195.37,191.11
12/19/2018,195.17,"6,269,791",196.51,201.31,193.33
12/18/2018,196.52,"6,586,242",199.645,200.34,194.44
12/17/2018,197.92,"5,917,031",199.77,202.2,197.1
12/14/2018,200.0,"4,992,836",200.96,201.75,199.58
12/13/2018,202.42,"4,505,235",202.0,203.555,201.51
12/12/2018,202.48,"4,151,793",205.0,205.59,202.28
12/11/2018,202.28,"4,388,236",206.12,206.89,200.51
12/10/2018,203.26,"5,592,903",204.1,204.74,198.49
12/07/2018,204.88,"5,277,738",208.14,210.8481,203.5678
12/06/2018,207.96,"8,285,750",207.05,208.12,202.92
12/04/2018,210.12,"7,584,567",220.13,220.2799,209.71
12/03/2018,220.81,"5,089,348",221.98,223.586,218.9523
11/30/2018,218.24,"5,146,257",217.23,219.0836,216.93
11/29/2018,217.7,"3,832,531",215.85,219.3799,215.8
11/28/2018,217.5,"3,916,057",213.0,217.64,212.44
11/27/2018,212.53,"4,049,188",209.82,212.84,209.51
11/26/2018,210.63,"3,851,116",209.3,211.0,208.64
11/23/2018,207.07,"2,273,955",209.25,209.99,207.03
11/21/2018,210.86,"2,835,052",211.3,213.74,210.53
11/20/2018,210.71,"7,424,037",215.31,215.99,210.42
11/19/2018,217.94,"4,271,387",218.28,218.73,215.26
11/16/2018,218.41,"4,338,882",217.0,220.5,215.46
11/15/2018,217.38,"4,210,767",214.83,217.57,212.14
11/14/2018,216.03,"4,401,539",219.5,220.72,213.8
11/13/2018,217.92,"4,064,148",215.61,219.15,215.18
11/12/2018,215.42,"3,336,273",219.96,220.185,215.0
11/09/2018,219.63,"3,948,311",221.67,221.99,218.3
11/08/2018,222.42,"4,137,219",221.24,223.52,220.55
11/07/2018,221.24,"4,671,344",219.99,221.55,217.561
11/06/2018,218.51,"3,876,645",216.75,218.74,216.4644
11/05/2018,216.24,"7,489,418",213.51,217.51,212.96
11/02/2018,206.57,"5,059,162",207.5,208.705,203.39
11/01/2018,205.86,"3,812,592",205.6,206.28,204.32
10/31/2018,205.28,"5,658,338",205.21,208.07,204.5
10/30/2018,203.35,"5,906,154",199.65,203.76,198.7
10/29/2018,200.04,"4,919,862",201.23,203.612,197.93
10/26/2018,198.49,"6,732,259",199.01,200.69,197.29
10/25/2018,201.98,"4,532,261",200.73,203.43,200.14
10/24/2018,199.81,"4,701,119",202.77,203.69,199.57
10/23/2018,204.0,"4,700,264",203.1,205.25,201.88
10/22/2018,206.19,"3,228,234",210.77,210.77,206.03
10/19/2018,209.83,"4,801,452",208.49,210.75,207.7964
10/18/2018,208.7,"3,131,173",210.0,211.27,207.32
10/17/2018,210.52,"3,464,262",209.83,211.67,207.31
10/16/2018,209.83,"4,541,572",206.66,210.78,205.92
10/15/2018,205.03,"4,167,456",207.46,207.46,204.67
10/12/2018,206.8,"5,505,137",210.04,210.6,203.995
10/11/2018,205.19,"8,313,858",209.9,211.09,203.28
10/10/2018,213.1,"7,809,571",224.0,224.07,212.54
10/09/2018,223.76,"4,513,143",221.85,223.94,221.01
10/08/2018,222.06,"5,368,001",219.16,222.76,219.02
10/05/2018,219.46,"4,075,145",219.7,220.4,218.69
10/04/2018,218.97,"4,424,728",216.43,219.0,216.36
10/03/2018,216.4,"3,273,545",215.75,217.78,215.5
10/02/2018,215.29,"2,917,541",214.43,215.54,214.04
10/01/2018,214.78,"2,973,011",215.92,216.1351,213.94
09/28/2018,214.11,"4,367,315",216.38,216.38,213.86
09/27/2018,216.7,"3,052,985",216.74,217.6772,215.23
09/26/2018,216.11,"3,791,858",218.05,218.42,215.77
09/25/2018,218.05,"2,982,572",218.43,218.98,217.41
09/24/2018,218.13,"4,481,087",220.48,220.68,217.91
09/21/2018,220.52,"13,280,470",222.13,222.69,220.13
09/20/2018,221.68,"5,281,151",221.78,223.0,221.3
09/19/2018,220.95,"4,287,905",218.22,221.32,217.8
09/18/2018,218.3,"3,561,046",216.3,218.5,216.3
09/17/2018,216.29,"3,030,600",216.99,217.13,215.7329
09/14/2018,216.37,"3,144,980",215.5,216.51,215.3
09/13/2018,214.89,"3,933,349",215.02,215.42,214.17
09/12/2018,214.59,"3,449,864",214.54,215.43,214.15
09/11/2018,215.1,"3,537,426",214.04,215.87,212.76
09/10/2018,215.11,"3,798,777",215.0,216.27,214.42
09/07/2018,214.04,"3,884,412",212.5,214.47,212.5
09/06/2018,212.88,"3,598,103",211.6,213.4,211.57
09/05/2018,212.26,"3,708,836",209.81,212.46,209.49
09/04/2018,210.05,"2,775,724",209.21,210.1,208.04
08/31/2018,208.72,"4,333,442",210.0,210.3,208.1
08/30/2018,209.75,"4,683,785",211.08,211.3,209.67
08/29/2018,211.27,"3,176,036",211.0,211.32,210.18
08/28/2018,210.77,"2,811,426",210.88,211.2,210.01
08/27/2018,210.51,"3,165,587",208.56,210.75,208.52
08/24/2018,207.98,"2,334,752",207.75,208.16,207.33
08/23/2018,207.24,"2,350,239",207.58,207.79,206.66
08/22/2018,207.33,"2,440,008",207.63,207.97,206.96
08/21/2018,208.49,"2,626,165",208.81,209.35,208.1
08/20/2018,208.46,"2,464,005",208.43,209.535,207.83
08/17/2018,208.14,"2,742,155",207.57,208.47,206.92
08/16/2018,207.56,"3,575,680",205.39,207.62,204.6
08/15/2018,204.5,"3,539,356",205.01,205.4886,203.57
08/14/2018,205.83,"2,772,114",205.3,206.48,204.9
08/13/2018,205.17,"3,837,872",206.63,207.01,205.04
08/10/2018,206.63,"4,357,681",207.3,207.77,205.59
08/09/2018,209.1,"4,684,645",209.0,209.65,208.72
08/08/2018,208.94,"3,868,877",208.81,209.71,208.43
08/07/2018,208.72,"6,157,839",207.5,209.94,207.1527
08/06/2018,206.06,"6,671,858",204.89,208.11,204.62
08/03/2018,200.24,"4,986,944",198.5,200.42,198.12
08/02/2018,198.06,"3,267,171",197.2,198.76,196.77
08/01/2018,197.85,"4,003,808",198.8,199.7,197.32
07/31/2018,197.87,"4,902,529",199.0,199.5363,197.06
07/30/2018,199.09,"3,987,603",197.8,199.91,197.8
07/27/2018,197.95,"3,939,246",198.0,198.9,197.18
07/26/2018,197.46,"3,765,344",198.27,198.99,197.28
07/25/2018,197.61,"3,742,035",198.21,198.21,196.81
07/24/2018,198.46,"3,323,004",198.45,199.96,198.22
07/23/2018,197.85,"3,582,602",196.25,198.87,196.2001
07/20/2018,196.78,"4,073,879",197.0,197.66,196.46
07/19/2018,197.49,"4,620,667",200.35,200.9554,197.3
07/18/2018,200.44,"10,465,390",195.5,201.4,195.35
07/17/2018,190.41,"3,445,927",192.0,192.19,190.27
07/16/2018,192.0,"2,621,510",190.7,192.23,190.7
07/13/2018,190.96,"2,693,673",189.77,191.2922,189.13
07/12/2018,189.96,"3,040,213",190.9,190.99,188.91
07/11/2018,189.91,"3,294,684",188.73,190.64,188.56
07/10/2018,189.9,"2,682,045",189.75,190.615,189.15
07/09/2018,189.64,"3,341,710",188.11,189.82,187.82
07/06/2018,187.56,"2,717,238",187.5,188.69,186.52
07/05/2018,187.5,"3,115,160",187.07,187.63,186.23
07/03/2018,186.02,"2,031,235",188.46,188.73,185.72
07/02/2018,187.83,"3,520,919",186.09,188.1,185.97
06/29/2018,186.65,"5,184,931",188.46,189.28,186.29
06/28/2018,187.09,"4,216,670",185.43,187.94,185.16
06/27/2018,184.91,"4,425,413",186.5,187.89,184.7459
06/26/2018,186.44,"4,322,405",186.52,187.62,185.78
06/25/2018,186.73,"6,061,932",188.63,188.83,185.18
06/22/2018,188.91,"6,990,352",190.0,190.48,188.66
06/21/2018,188.86,"4,969,484",189.05,189.84,187.97
06/20/2018,189.5,"5,232,999",190.47,190.89,189.2
06/19/2018,190.35,"4,023,342",190.05,191.18,189.35
06/18/2018,191.11,"3,506,819",190.64,191.3599,189.91
06/15/2018,191.76,"7,285,647",192.28,192.5,190.52
06/14/2018,192.5,"4,915,322",194.92,195.0,192.04
06/13/2018,194.55,"3,441,062",195.13,196.0,194.26
06/12/2018,195.27,"2,844,790",195.97,195.99,194.71
06/11/2018,195.33,"3,461,874",196.3,196.74,195.19
06/08/2018,196.01,"3,640,720",195.34,196.4,194.27
06/07/2018,195.57,"4,295,985",194.66,195.68,193.7461
06/06/2018,193.99,"4,013,778",191.69,194.0,191.565
06/05/2018,190.77,"4,323,429",191.37,191.3972,190.14
06/04/2018,191.3,"4,439,517",193.0,193.41,191.25
06/01/2018,192.23,"3,809,197",192.9,193.38,191.59
05/31/2018,191.53,"5,752,551",194.29,194.29,191.42
05/30/2018,194.1,"4,285,490",191.9,194.9,191.33
05/29/2018,189.87,"8,909,363",192.9,193.11,188.62
05/25/2018,194.15,"3,029,434",193.89,194.75,193.21
05/24/2018,194.83,"3,156,192",196.06,196.26,193.9237
05/23/2018,195.95,"4,032,971",197.4,197.71,194.95
05/22/2018,198.13,"3,093,076",198.02,198.89,197.18
05/21/2018,197.91,"3,004,694",197.77,198.63,197.01
05/18/2018,196.06,"3,092,801",197.52,197.64,195.77
05/17/2018,197.49,"2,590,080",197.74,197.85,196.62
05/16/2018,197.83,"2,926,336",196.86,198.38,196.4
05/15/2018,197.36,"3,377,497",198.79,198.93,196.18
05/14/2018,199.18,"3,227,730",200.0,200.65,198.66
05/11/2018,199.3,"3,916,559",200.62,202.41,198.9
05/10/2018,201.2,"2,955,811",200.43,201.29,198.92
05/09/2018,199.87,"3,227,349",197.0,200.05,196.28
05/08/2018,196.24,"4,013,437",197.4,197.4,194.7
05/07/2018,197.06,"3,693,068",196.0,197.82,195.76
05/04/2018,195.64,"4,911,627",192.04,196.24,190.19
05/03/2018,191.61,"5,056,823",192.81,192.99,189.8
05/02/2018,193.31,"3,884,640",195.07,195.07,192.98
05/01/2018,195.11,"3,231,507",193.76,195.3,192.75
04/30/2018,193.73,"4,222,810",197.39,198.1,193.62
04/27/2018,197.23,"2,557,949",196.93,197.55,195.83
04/26/2018,197.03,"2,361,837",196.63,197.96,196.24
04/25/2018,196.8,"3,198,723",196.18,197.36,194.41
04/24/2018,196.8,"3,706,300",199.87,200.66,195.23
04/23/2018,199.42,"2,642,608",200.22,200.84,198.52
04/20/2018,200.13,"3,703,687",200.94,201.0,198.92
04/19/2018,200.38,"2,639,232",199.99,201.48,199.1999
04/18/2018,199.51,"2,872,285",200.24,200.94,199.4
04/17/2018,199.27,"4,655,789",199.85,200.66,198.9
04/16/2018,198.22,"3,815,446",198.65,199.95,197.55
04/13/2018,197.0,"3,148,018",199.6,199.85,196.0
04/12/2018,198.13,"3,695,448",196.5,199.6,196.29
04/11/2018,195.22,"3,516,131",196.6,197.04,194.92
04/10/2018,197.8,"3,261,624",198.16,199.7,197.05
04/09/2018,195.33,"3,865,860",196.73,198.63,194.95
04/06/2018,195.49,"5,577,801",199.7,199.85,193.74
04/05/2018,200.85,"4,654,609",201.17,202.77,200.27
04/04/2018,200.11,"4,098,440",194.02,200.53,194.0
04/03/2018,197.96,"4,191,212",196.0,198.24,193.91
04/02/2018,195.0,"5,935,960",199.01,199.61,192.02
03/29/2018,199.48,"5,712,922",198.08,201.01,197.33
03/28/2018,196.67,"4,387,354",196.17,198.72,193.78
03/27/2018,196.15,"4,655,838",200.48,201.44,194.44
03/26/2018,199.34,"5,218,484",196.9,199.57,195.0801
03/23/2018,192.46,"7,254,511",198.0,198.29,191.87
03/22/2018,197.63,"6,451,469",203.18,203.19,196.99
03/21/2018,204.83,"3,230,602",205.38,207.27,204.0
03/20/2018,204.75,"2,939,052",204.25,205.6,203.8
03/19/2018,203.99,"4,166,127",206.87,207.06,202.64
03/16/2018,206.96,"5,803,246",208.56,208.97,206.46
03/15/2018,207.82,"3,886,454",208.29,209.32,207.61
03/14/2018,206.99,"4,014,326",210.4,210.4,206.23
03/13/2018,209.13,"4,646,537",212.69,213.04,208.8
03/12/2018,211.82,"4,616,352",213.2,213.36,211.24
03/09/2018,212.94,"5,442,795",206.95,213.24,206.25
03/08/2018,205.29,"3,309,807",204.32,205.49,203.03
03/07/2018,204.3,"3,616,965",202.35,204.83,201.75
03/06/2018,204.55,"3,175,822",204.86,204.86,202.37
03/05/2018,203.24,"4,037,768",199.6,204.1256,199.12
03/02/2018,201.34,"4,866,765",199.98,201.974,198.98
03/01/2018,201.53,"6,976,360",206.82,208.5699,200.28
02/28/2018,207.2,"5,302,897",211.0,211.535,200.47
02/27/2018,209.66,"5,825,686",212.0,213.13,209.65
02/26/2018,210.62,"8,085,474",207.71,211.14,205.36
02/23/2018,202.76,"4,127,323",201.39,202.97,200.805
02/22/2018,200.73,"3,929,418",201.57,203.28,200.16
02/21/2018,201.02,"4,971,891",202.5,205.221,200.77
02/20/2018,203.05,"4,116,535",203.34,204.7,202.35
02/16/2018,203.79,"4,380,854",203.99,206.32,203.16
02/15/2018,203.9,"4,352,066",202.38,203.9,200.31
02/14/2018,200.54,"4,345,910",197.04,200.76,195.99
02/13/2018,197.99,"3,779,518",197.58,198.84,195.92
02/12/2018,198.89,"5,124,753",198.51,200.66,196.14
02/09/2018,196.02,"8,904,171",195.68,197.57,189.3
02/08/2018,191.42,"7,948,266",200.37,200.99,191.04
02/07/2018,200.37,"5,717,248",202.0,204.48,200.0
02/06/2018,201.24,"10,613,320",193.15,201.92,190.18
02/05/2018,196.8,"10,625,400",205.49,207.1,196.0
02/02/2018,209.12,"6,066,860",216.16,216.58,207.87
02/01/2018,217.25,"4,501,637",214.49,217.5,214.03
01/31/2018,214.38,"4,625,338",214.99,215.05,213.37
01/30/2018,214.41,"5,029,128",214.97,216.62,214.1
01/29/2018,215.46,"3,014,394",217.15,217.62,215.19
01/26/2018,217.19,"3,633,650",215.52,217.34,215.15
01/25/2018,215.1,"3,077,703",216.24,216.5,214.28
01/24/2018,215.61,"4,209,693",216.12,216.89,214.59
01/23/2018,215.56,"3,652,561",216.04,216.35,212.77
01/22/2018,215.97,"3,263,126",213.29,216.08,213.25
01/19/2018,213.25,"5,137,986",213.45,214.3,212.11
01/18/2018,213.19,"4,797,266",215.67,215.78,213.055
01/17/2018,214.16,"4,568,632",211.92,214.5,211.14
01/16/2018,210.29,"5,958,094",213.12,214.03,209.36
01/12/2018,210.16,"4,181,906",207.27,210.39,206.8
01/11/2018,206.69,"3,639,665",205.96,207.28,205.7156
01/10/2018,205.61,"3,792,496",203.0,205.724,202.5
01/09/2018,203.02,"3,834,348",203.34,204.4,202.58
01/08/2018,202.74,"3,887,132",201.15,203.07,199.8
01/05/2018,201.42,"4,205,501",201.0,201.67,199.31
01/04/2018,200.69,"3,899,651",200.9,202.1299,200.01
01/03/2018,199.79,"3,526,220",197.0,200.0,197.0
01/02/2018,197.22,"4,111,424",198.87,198.87,195.96
12/29/2017,198.22,"3,564,214",200.0,200.07,198.22
12/28/2017,199.56,"2,339,886",199.34,199.96,198.82
12/27/2017,198.69,"3,342,711",197.5,198.82,197.28
12/26/2017,197.57,"1,769,570",197.97,198.57,197.28
12/22/2017,197.92,"3,765,848",199.24,199.68,196.88
12/21/2017,198.89,"3,011,916",198.85,199.56,198.21
12/20/2017,197.79,"3,816,762",199.39,199.75,197.68
12/19/2017,197.91,"3,293,717",200.16,200.5,197.68
12/18/2017,199.34,"4,599,256",199.5,200.26,198.94
12/15/2017,197.78,"9,167,291",198.24,199.2,197.23
12/14/2017,196.66,"3,593,939",198.12,198.19,195.9355
12/13/2017,197.4,"4,067,849",198.56,199.63,197.35
12/12/2017,199.07,"4,192,879",197.0,199.92,197.0
12/11/2017,196.7,"3,603,229",196.63,197.18,195.3
12/08/2017,196.44,"3,842,013",196.82,197.28,195.02
12/07/2017,196.34,"2,650,706",195.91,196.75,194.98
12/06/2017,196.01,"3,310,022",195.79,196.8299,194.8
12/05/2017,196.07,"3,411,213",197.77,197.99,195.5
12/04/2017,196.96,"4,898,783",196.18,199.48,196.18
12/01/2017,194.56,"5,175,191",193.59,194.99,189.72
11/30/2017,193.01,"6,417,454",190.35,193.81,189.95
11/29/2017,189.85,"4,897,544",188.2,192.0,187.57
11/28/2017,187.54,"3,720,276",184.1,187.84,184.02
11/27/2017,183.49,"2,984,279",182.74,183.87,182.41
11/24/2017,182.36,"1,038,600",182.66,182.98,182.2456
11/22/2017,182.56,"3,016,593",183.78,183.78,181.94
11/21/2017,183.18,"3,046,581",181.78,183.5,181.51
11/20/2017,181.63,"2,428,804",181.43,181.98,180.44
11/17/2017,181.06,"2,715,539",181.7,181.94,180.5
11/16/2017,182.05,"3,943,320",182.21,183.05,181.65
11/15/2017,181.81,"4,002,821",182.13,182.9,181.41
11/14/2017,183.34,"3,087,949",183.66,184.0,182.5001
11/13/2017,184.4,"1,889,854",183.16,184.85,183.16
11/10/2017,183.68,"3,043,338",183.84,184.07,182.51
11/09/2017,184.49,"3,632,881",183.34,184.679,181.76
11/08/2017,184.6,"4,118,448",186.31,186.89,184.35
11/07/2017,186.3,"2,500,498",187.23,188.19,185.61
11/06/2017,186.68,"2,603,047",186.1,187.57,185.3
11/03/2017,187.27,"2,157,356",188.13,188.55,187.02
11/02/2017,188.61,"3,340,585",186.75,188.78,185.89
11/01/2017,187.17,"2,693,831",188.1,188.13,186.73
10/31/2017,186.94,"3,289,697",188.06,188.11,186.41
10/30/2017,187.85,"2,472,555",188.02,188.52,187.3474
10/27/2017,188.59,"2,978,438",188.32,188.63,187.05
10/26/2017,188.61,"2,740,214",189.65,189.92,187.831
10/25/2017,188.71,"3,393,516",189.83,190.0,187.66
10/24/2017,189.78,"2,850,146",189.92,190.68,189.53
10/23/2017,189.39,"2,417,974",189.18,189.72,188.64
10/20/2017,189.04,"2,933,255",187.75,189.04,187.58
10/19/2017,187.21,"2,666,381",187.16,187.5,186.43
10/18/2017,187.85,"2,190,486",187.75,188.13,186.8
10/17/2017,187.39,"2,273,029",187.96,188.0,186.5
10/16/2017,187.96,"2,316,020",188.0,188.62,187.57
10/13/2017,187.37,"2,830,248",186.77,188.0,186.33
10/12/2017,186.3,"2,738,006",187.7,187.99,185.97
10/11/2017,187.46,"2,749,621",187.4,187.95,186.48
10/10/2017,188.0,"2,212,798",187.46,188.2,187.16
10/09/2017,187.5,"2,036,622",187.5,187.95,186.639
10/06/2017,187.43,"2,606,504",187.2,187.62,186.05
10/05/2017,187.12,"2,784,947",186.17,188.04,185.8
10/04/2017,185.83,"2,071,485",186.2,186.67,185.51
10/03/2017,185.67,"3,173,776",185.6,186.51,184.6
10/02/2017,185.41,"2,421,314",183.45,185.47,182.9301
09/29/2017,183.32,"2,739,953",183.59,183.68,182.42
09/28/2017,183.21,"1,924,729",183.4,183.95,182.44
09/27/2017,183.27,"2,560,449",182.87,184.0,182.51
09/26/2017,181.86,"2,254,346",182.55,182.87,181.74
09/25/2017,182.52,"2,424,230",181.99,182.64,180.8
09/22/2017,181.86,"2,687,624",182.63,182.84,181.3034
09/21/2017,183.16,"2,316,456",183.32,183.93,183.03
09/20/2017,183.82,"3,538,711",183.3,183.93,182.46
09/19/2017,183.01,"3,157,955",181.5,183.01,181.5
09/18/2017,181.47,"3,530,056",180.5,181.74,180.27
09/15/2017,179.89,"9,209,883",179.24,180.36,178.81
09/14/2017,178.57,"3,302,456",178.8,179.16,178.38
09/13/2017,178.92,"2,679,319",177.76,179.15,177.61
09/12/2017,178.63,"2,351,137",178.0,178.72,177.8
09/11/2017,177.87,"4,104,430",177.75,179.24,177.33
09/08/2017,175.5,"3,733,892",173.9,175.815,173.57
09/07/2017,173.99,"4,619,837",177.05,177.48,172.61
09/06/2017,176.79,"4,269,694",177.35,177.87,176.73
09/05/2017,176.98,"4,890,256",180.29,180.29,176.29
09/01/2017,180.73,"2,536,807",181.6,181.97,180.57
08/31/2017,181.16,"4,376,128",180.35,181.87,180.25
08/30/2017,180.35,"3,303,822",178.71,181.03,178.51
08/29/2017,178.62,"2,496,939",177.72,178.7,177.2
08/28/2017,178.7,"2,983,701",179.77,179.9,178.02
08/25/2017,179.6,"2,280,206",179.0,180.16,178.8561
08/24/2017,178.43,"3,247,669",179.98,180.0,178.13
08/23/2017,179.98,"2,444,515",179.25,180.52,179.0
08/22/2017,180.45,"2,928,377",178.5,180.61,178.46
08/21/2017,178.34,"2,515,852",177.62,178.5,177.07
08/18/2017,177.56,"3,585,926",176.57,178.82,176.27
08/17/2017,177.16,"4,100,648",178.25,178.7,177.16
08/16/2017,178.54,"2,299,064",178.2,178.97,177.6
08/15/2017,177.47,"2,669,907",177.74,178.1499,177.24
08/14/2017,177.29,"2,708,446",176.75,177.73,176.45
08/11/2017,175.34,"2,580,188",176.32,177.17,175.27
08/10/2017,176.36,"3,083,186",177.13,177.6,176.26
08/09/2017,178.06,"2,803,036",175.5,178.16,175.05
08/08/2017,176.43,"2,907,590",177.71,178.29,176.2
08/07/2017,178.04,"3,279,173",177.04,178.41,177.04
08/04/2017,179.92,"2,630,478",179.8,179.99,178.69
08/03/2017,178.99,"2,855,722",177.5,179.0,177.44
08/02/2017,177.85,"3,170,721",176.29,177.92,175.91
08/01/2017,176.29,"2,663,959",175.93,176.38,174.81
07/31/2017,174.97,"3,475,050",174.7,175.6,174.2
07/28/2017,174.0,"2,175,563",173.06,174.34,172.13
07/27/2017,173.05,"3,522,643",173.17,173.18,172.22
07/26/2017,173.02,"2,848,352",173.0,173.79,172.5
07/25/2017,172.94,"2,920,500",172.15,173.37,172.15
07/24/2017,171.37,"2,432,723",171.5,171.8799,171.07
07/21/2017,171.34,"2,419,760",171.57,171.69,170.66
07/20/2017,171.33,"2,128,532",171.33,171.87,171.07
07/19/2017,171.2,"1,922,738",170.665,171.33,170.35
07/18/2017,170.31,"2,599,803",170.04,170.69,169.56
07/17/2017,170.16,"3,044,266",169.44,170.73,168.95
07/14/2017,169.47,"2,921,146",168.9,169.92,168.52
07/13/2017,169.69,"3,170,508",170.06,170.07,169.25
07/12/2017,169.92,"3,018,227",169.79,170.09,169.06
07/11/2017,169.24,"3,525,358",169.94,170.2,168.0
07/10/2017,170.25,"2,466,104",170.61,171.31,169.9
07/07/2017,171.14,"2,797,899",170.84,171.32,169.9
07/06/2017,170.2,"3,181,219",171.56,171.97,170.09
07/05/2017,171.85,"2,558,538",172.06,172.505,171.28
07/03/2017,171.8,"2,493,428",170.4,172.7,169.95
06/30/2017,169.37,"3,627,582",170.01,170.15,169.27
06/29/2017,169.3,"3,544,629",170.68,171.37,168.6
06/28/2017,169.89,"3,210,396",167.93,170.15,167.9
06/27/2017,167.35,"2,995,517",167.72,168.06,166.78
06/26/2017,167.49,"2,542,983",167.8,168.28,166.9676
06/23/2017,167.22,"4,046,634",169.27,169.27,166.64
06/22/2017,168.32,"2,673,540",169.33,169.67,168.31
06/21/2017,169.62,"2,365,074",170.61,170.78,169.34
06/20/2017,170.55,"2,470,047",171.68,171.68,170.45
06/19/2017,171.55,"2,868,903",171.39,171.95,170.78
06/16/2017,170.48,"6,494,750",170.6,171.04,169.7501
06/15/2017,170.55,"3,244,524",170.6,170.9216,169.57
06/14/2017,171.45,"3,338,851",170.92,171.5,169.55
06/13/2017,171.47,"3,142,795",171.5,171.82,170.9001
06/12/2017,170.5,"4,660,033",169.43,170.65,169.26
06/09/2017,170.0,"3,775,377",167.67,170.14,167.42
06/08/2017,166.94,"4,357,296",166.35,167.94,166.23
06/07/2017,166.5,"2,987,470",166.14,166.75,165.87
06/06/2017,166.13,"2,752,200",166.12,166.72,165.88
06/05/2017,166.52,"2,303,225",166.43,167.1337,166.33
06/02/2017,166.29,"3,917,249",166.13,166.92,165.85
06/01/2017,166.66,"3,329,334",165.8,166.69,164.75
05/31/2017,165.28,"5,679,919",165.27,165.45,164.1
05/30/2017,165.11,"3,045,253",165.79,165.87,164.47
05/26/2017,165.69,"2,152,056",165.25,165.88,165.0177
05/25/2017,165.3,"2,603,074",165.23,165.5,164.71
05/24/2017,164.93,"2,622,526",165.9,165.9,164.55
05/23/2017,165.48,"3,352,162",165.4,165.77,164.8736
05/22/2017,165.13,"4,345,716",164.8,165.48,163.94
