date,close,volume,open,high,low
05/15/2026,56.28,"2,784,904",56.245,57.25,55.84
05/14/2026,55.78,"4,549,063",54.56,56.18,54.41
05/13/2026,54.38,"4,192,726",55.12,55.33,53.8135
05/12/2026,55.77,"5,460,062",55.58,56.745,55.33
05/11/2026,55.35,"5,414,938",56.01,56.74,55.2
05/08/2026,56.45,"3,616,474",57.96,58.4211,56.1
05/07/2026,58.05,"3,431,094",56.76,58.695,56.46
05/06/2026,56.56,"3,257,238",58.15,58.32,56.54
05/05/2026,57.51,"3,253,710",57.5,58.07,56.955
05/04/2026,57.64,"4,295,298",57.42,58.89,57.19
05/01/2026,57.63,"4,793,242",60.95,61.23,57.46
04/30/2026,60.15,"5,841,206",60.89,60.895,58.65
04/29/2026,61.64,"3,816,345",63.19,63.92,61.56
04/28/2026,63.14,"3,973,779",63.0,64.47,61.655
04/27/2026,66.12,"2,934,135",65.7,67.1,65.283
04/24/2026,65.9,"2,158,620",67.01,67.06,65.68
04/23/2026,67.55,"2,281,782",67.8,68.05,66.96
04/22/2026,67.88,"2,051,785",68.79,68.94,67.39
04/21/2026,68.95,"2,095,472",68.02,69.25,67.71
04/20/2026,67.78,"1,735,593",67.61,68.43,67.51
04/17/2026,67.72,"2,317,529",68.46,68.86,67.665
04/16/2026,68.82,"3,065,643",67.63,69.02,67.53
04/15/2026,67.4,"2,213,062",66.71,67.95,66.415
04/14/2026,66.54,"1,978,618",66.65,67.735,66.335
04/13/2026,67.46,"2,409,904",65.08,67.49,64.93
04/10/2026,65.08,"2,336,354",66.59,66.74,64.44
04/09/2026,67.13,"1,916,685",66.67,67.925,66.48
04/08/2026,67.76,"3,086,033",65.92,67.87,65.92
04/07/2026,66.37,"2,546,720",66.48,66.88,65.73
04/06/2026,66.52,"1,955,708",65.26,66.86,65.26
04/02/2026,65.95,"2,473,367",64.26,66.19,64.11
04/01/2026,64.4,"4,012,976",64.8,65.42,63.725
03/31/2026,65.21,"3,288,319",65.58,66.055,64.44
03/30/2026,65.26,"4,774,273",63.94,65.96,63.43
03/27/2026,63.43,"3,221,971",65.12,65.58,63.325
03/26/2026,65.14,"7,018,075",64.29,68.91,64.13
03/25/2026,64.29,"5,118,697",66.92,67.1,63.29
03/24/2026,66.5,"4,930,174",66.86,67.24,66.4
03/23/2026,66.72,"3,470,824",68.32,68.32,66.72
03/20/2026,67.05,"6,025,193",66.82,68.33,66.55
03/19/2026,66.56,"3,026,257",67.57,67.71,66.14
03/18/2026,67.08,"3,363,237",68.01,68.025,66.495
03/17/2026,68.33,"2,158,002",69.94,70.57,68.29
03/16/2026,69.19,"2,667,578",68.38,69.42,67.96
03/13/2026,68.26,"1,923,052",68.49,68.93,67.5
03/12/2026,67.65,"2,845,951",68.29,69.16,67.53
03/11/2026,68.38,"2,306,333",68.71,69.0,67.69
03/10/2026,68.58,"2,905,349",71.315,71.44,68.07
03/09/2026,71.04,"3,227,153",72.78,73.4,70.57
03/06/2026,73.5,"2,426,261",72.98,73.73,72.16
03/05/2026,73.12,"3,177,337",72.27,73.8,71.925
03/04/2026,71.85,"2,851,157",71.83,72.15,70.765
03/03/2026,72.16,"2,486,523",71.48,72.66,70.52
03/02/2026,72.36,"2,570,170",71.6,72.91,70.78
02/27/2026,71.82,"4,191,943",71.87,72.23,71.15
02/26/2026,71.22,"3,225,997",70.62,71.84,70.4
02/25/2026,70.05,"2,402,710",70.03,70.65,69.2
02/24/2026,69.84,"3,141,893",69.02,70.49,68.62
02/23/2026,69.16,"3,833,798",69.19,70.16,68.805
02/20/2026,69.59,"2,414,734",70.02,70.24,69.1
02/19/2026,69.42,"3,077,926",69.49,70.235,68.895
02/18/2026,69.69,"4,371,453",68.85,69.86,68.38
02/17/2026,68.83,"5,252,878",68.94,70.1,68.46
02/13/2026,68.47,"5,035,658",69.68,70.6175,68.03
02/12/2026,69.53,"6,743,588",68.89,69.665,67.04
02/11/2026,67.02,"7,337,689",67.17,67.505,65.68
02/10/2026,67.61,"5,264,631",69.11,70.055,67.43
02/09/2026,68.67,"5,035,448",73.51,73.99,68.46
02/06/2026,73.78,"2,275,291",73.03,74.12,72.91
02/05/2026,72.67,"3,121,952",74.87,75.28,72.42
02/04/2026,74.03,"3,065,870",71.76,74.76,71.33
02/03/2026,71.96,"3,553,914",71.0,72.245,70.45
02/02/2026,71.3,"3,096,876",72.26,73.11,70.92
01/30/2026,72.1,"4,472,255",72.27,72.585,71.32
01/29/2026,72.1,"3,512,568",72.71,74.05,71.48
01/28/2026,72.1,"3,600,024",73.36,74.63,71.8101
01/27/2026,74.12,"6,471,375",74.3,76.18,73.1
01/26/2026,79.62,"2,836,029",79.35,80.21,78.78
01/23/2026,79.18,"2,734,751",77.99,79.34,77.99
01/22/2026,78.62,"2,747,387",77.62,78.7,77.52
01/21/2026,78.07,"2,914,405",79.22,79.98,76.31
01/20/2026,79.11,"2,951,129",79.53,79.96,78.59
01/16/2026,80.01,"1,978,936",79.4,80.21,79.0
01/15/2026,79.75,"2,101,484",79.38,79.89,78.54
01/14/2026,79.43,"2,838,487",79.22,80.42,78.8175
01/13/2026,79.06,"2,879,954",79.54,79.98,77.95
01/12/2026,79.61,"2,923,387",80.64,80.76,79.06
01/09/2026,80.64,"2,231,975",80.67,80.9,79.65
01/08/2026,80.59,"3,005,149",79.48,81.25,78.59
01/07/2026,78.81,"2,401,735",80.15,80.9,77.86
01/06/2026,80.27,"2,909,102",79.6,80.76,79.33
01/05/2026,79.92,"3,968,901",77.3,80.47,77.15
01/02/2026,77.62,"2,651,577",79.77,79.77,77.35
12/31/2025,79.7,"1,760,101",79.97,80.44,79.52
12/30/2025,80.22,"2,185,817",80.63,81.04,80.01
12/29/2025,80.86,"1,651,799",80.96,81.47,80.62
12/26/2025,80.78,"1,105,894",80.51,81.0,80.336
12/24/2025,80.82,"1,109,239",79.85,80.94,79.65
12/23/2025,79.96,"2,948,720",80.5,80.53,79.17
12/22/2025,80.37,"2,790,174",79.85,81.17,79.766
12/19/2025,80.18,"7,216,347",80.86,81.57,80.14
12/18/2025,81.07,"2,192,722",80.45,81.52,80.04
12/17/2025,80.62,"1,842,033",80.6,81.74,80.24
12/16/2025,80.97,"2,824,910",82.46,82.575,80.3995
12/15/2025,82.33,"2,715,588",81.74,82.375,81.51
12/12/2025,81.62,"2,675,665",79.81,81.685,79.56
12/11/2025,79.55,"2,603,436",78.05,79.789,78.05
12/10/2025,77.51,"2,144,490",78.21,78.55,76.805
12/09/2025,78.41,"2,395,080",78.42,79.05,77.67
12/08/2025,77.64,"2,813,911",77.95,78.435,77.1001
12/05/2025,78.37,"2,124,218",79.85,79.86,77.63
12/04/2025,79.64,"2,249,454",79.88,80.505,79.07
12/03/2025,79.65,"1,681,713",79.96,80.64,79.3
12/02/2025,79.84,"2,030,093",81.325,81.72,79.74
12/01/2025,81.18,"3,066,333",80.4,82.25,80.4
11/28/2025,80.43,"1,051,053",80.45,81.12,80.1
11/26/2025,80.45,"1,365,251",80.58,81.32,80.05
11/25/2025,80.51,"1,744,387",79.71,80.55,79.39
11/24/2025,79.25,"2,783,825",80.32,80.4,79.0
11/21/2025,80.32,"2,297,446",80.0,81.18,79.23
11/20/2025,79.62,"2,741,503",78.57,79.99,78.3601
11/19/2025,78.81,"2,291,219",80.09,80.91,78.09
11/18/2025,79.93,"2,602,245",81.14,82.03,79.61
11/17/2025,80.71,"2,446,222",80.71,81.15,80.02
11/14/2025,80.7,"2,521,366",80.4,81.48,79.67
11/13/2025,80.06,"2,505,664",80.2,81.38,79.9
11/12/2025,80.2,"2,495,883",79.89,80.665,79.54
11/11/2025,80.04,"2,221,408",78.82,80.175,78.2521
11/10/2025,78.51,"2,908,619",77.89,79.08,76.963
11/07/2025,78.54,"2,560,912",76.84,79.0,76.58
11/06/2025,76.42,"2,429,102",76.98,77.77,76.17
11/05/2025,77.84,"2,866,708",78.8,79.2,77.83
11/04/2025,78.99,"4,574,806",77.58,79.095,77.58
11/03/2025,77.82,"4,180,924",78.78,78.95,76.96
10/31/2025,79.74,"4,256,976",79.42,80.34,79.3
10/30/2025,80.45,"4,075,269",80.28,81.56,80.26
10/29/2025,80.3,"5,728,900",82.4,82.4,79.68
10/28/2025,82.38,"7,394,042",86.75,86.75,81.39
10/27/2025,87.76,"3,667,635",88.48,89.05,87.25
10/24/2025,88.0,"2,063,904",88.93,89.26,87.965
10/23/2025,88.77,"2,572,824",90.11,90.455,88.32
10/22/2025,89.2,"2,820,255",87.54,89.35,87.3
10/21/2025,88.28,"3,970,783",87.87,89.25,87.28
10/20/2025,87.52,"2,264,502",87.91,87.94,86.7904
10/17/2025,87.91,"3,279,437",87.46,88.35,87.26
10/16/2025,87.42,"4,699,195",92.45,92.91,87.39
10/15/2025,93.97,"1,831,175",93.89,95.245,93.17
10/14/2025,94.77,"1,902,490",94.56,94.9575,93.795
10/13/2025,94.48,"3,021,430",94.97,95.69,94.46
10/10/2025,95.94,"3,241,192",96.0,96.13,95.02
10/09/2025,95.5,"2,977,704",95.81,96.03,94.89
10/08/2025,95.96,"2,734,673",95.64,96.55,95.02
10/07/2025,95.55,"2,526,801",94.61,95.6,94.61
10/06/2025,94.44,"2,155,783",94.42,94.825,93.9
10/03/2025,94.95,"1,571,484",93.22,95.26,92.89
10/02/2025,93.45,"2,107,829",92.595,93.87,91.605
10/01/2025,92.76,"2,592,512",94.12,94.16,92.53
09/30/2025,93.79,"2,744,864",92.74,94.29,92.22
09/29/2025,93.02,"2,358,362",93.78,93.78,92.73
09/26/2025,93.78,"2,042,735",93.15,94.12,92.785
09/25/2025,92.65,"2,001,498",93.55,94.0,91.8
09/24/2025,93.22,"2,557,800",91.55,93.51,91.465
09/23/2025,92.19,"2,210,418",92.39,93.04,91.55
09/22/2025,92.6,"3,422,325",91.61,92.635,91.31
09/19/2025,91.73,"6,468,431",92.32,92.46,91.3
09/18/2025,91.87,"3,189,453",91.69,92.9,91.69
09/17/2025,92.21,"3,282,777",91.57,93.295,91.57
09/16/2025,90.92,"2,230,966",90.63,91.47,89.99
09/15/2025,90.88,"1,910,308",93.43,93.93,90.79
09/12/2025,93.54,"1,463,642",93.83,94.46,93.46
09/11/2025,94.24,"3,147,161",92.49,94.31,92.49
09/10/2025,92.5,"2,710,556",92.84,93.49,92.0365
09/09/2025,93.47,"1,767,971",95.14,95.27,93.435
09/08/2025,95.35,"2,518,158",94.67,95.46,94.025
09/05/2025,94.79,"1,378,853",95.46,96.13,94.15
09/04/2025,95.49,"2,188,942",95.43,95.6,94.37
09/03/2025,95.29,"1,768,495",95.27,95.4362,94.59
09/02/2025,95.43,"2,456,004",96.79,97.15,94.47
08/29/2025,96.95,"1,755,323",96.4,97.49,96.2934
08/28/2025,96.22,"1,548,808",96.03,96.27,95.1514
08/27/2025,96.1,"2,120,010",96.0,96.985,95.925
08/26/2025,96.05,"3,824,577",96.55,96.85,95.31
08/25/2025,96.72,"2,732,044",96.18,97.73,95.701
08/22/2025,96.66,"1,593,835",97.03,97.39,96.525
08/21/2025,96.4,"2,248,184",96.52,96.9799,95.78
08/20/2025,96.79,"2,573,720",96.86,98.3,96.595
08/19/2025,96.88,"1,518,676",95.45,96.91,95.3436
08/18/2025,94.95,"2,878,645",95.37,95.5972,94.59
08/15/2025,95.34,"3,943,721",95.62,96.2,95.22
08/14/2025,95.13,"2,597,828",96.16,96.16,94.57
08/13/2025,95.91,"2,550,516",94.63,96.12,94.435
08/12/2025,94.76,"2,643,034",94.75,94.95,93.87
08/11/2025,94.6,"2,979,963",93.95,94.67,93.71
08/08/2025,93.65,"3,643,562",92.86,93.78,92.41
08/07/2025,92.51,"4,129,303",92.06,93.14,91.51
08/06/2025,91.8,"3,344,172",91.55,91.86,90.38
08/05/2025,91.67,"3,319,160",92.65,93.09,91.6
08/04/2025,92.7,"3,981,633",92.25,93.13,91.9
08/01/2025,92.24,"3,540,455",92.0,92.535,90.55
07/31/2025,91.37,"5,835,238",91.98,92.99,91.0
07/30/2025,92.94,"7,490,441",94.0,94.5,91.61
07/29/2025,91.91,"10,471,460",97.28,98.1,91.55
07/28/2025,102.58,"4,150,123",104.1,104.1,102.47
07/25/2025,103.38,"3,136,317",103.2,104.25,103.135
07/24/2025,102.78,"3,160,854",102.69,103.5991,102.69
07/23/2025,103.18,"2,730,659",103.57,103.63,102.4
07/22/2025,103.24,"1,939,036",102.55,103.5799,102.36
07/21/2025,102.49,"2,133,929",103.55,104.07,102.435
07/18/2025,103.84,"1,973,343",104.23,104.97,103.58
07/17/2025,104.13,"3,339,965",104.74,105.06,103.79
07/16/2025,104.97,"3,438,058",106.72,106.73,104.4
07/15/2025,106.25,"2,251,457",107.59,108.075,106.21
07/14/2025,107.98,"2,146,120",106.94,108.23,106.33
07/11/2025,106.75,"2,415,776",107.72,107.94,106.57
07/10/2025,107.81,"3,007,517",107.98,108.36,107.05
07/09/2025,108.13,"2,739,328",107.41,108.23,106.63
07/08/2025,107.25,"3,346,752",106.99,108.0274,106.8
07/07/2025,107.81,"3,500,837",108.39,108.66,107.321
07/03/2025,108.7,"2,979,841",108.7,108.75,107.69
07/02/2025,107.81,"10,207,690",108.31,108.79,105.97
07/01/2025,108.93,"5,379,765",110.98,111.01,107.665
06/30/2025,110.87,"3,813,956",109.38,111.09,109.16
06/27/2025,109.58,"12,691,450",109.35,110.8,109.145
06/26/2025,109.27,"4,156,672",108.63,109.58,107.88
06/25/2025,108.38,"3,104,059",110.57,110.9,107.96
06/24/2025,110.95,"3,772,167",111.06,111.1,108.85
06/23/2025,110.92,"4,046,600",108.89,110.96,108.3025
06/20/2025,108.64,"4,338,284",108.79,109.79,108.14
06/18/2025,108.29,"3,705,560",108.35,109.0,107.805
06/17/2025,108.12,"4,505,648",106.54,108.82,106.31
06/16/2025,107.13,"3,468,134",106.8,107.53,106.09
06/13/2025,106.62,"7,837,665",107.35,108.13,106.15
06/12/2025,106.8,"8,472,170",105.025,107.1,104.355
06/11/2025,104.48,"21,303,400",103.3,104.98,101.99
06/10/2025,105.49,"4,275,197",108.01,108.2,104.06
06/09/2025,107.86,"1,751,847",110.14,110.14,105.79
06/06/2025,110.57,"829,033",110.96,111.51,110.245
06/05/2025,110.03,"1,302,856",111.63,111.63,109.2134
06/04/2025,111.18,"960,436",112.78,112.84,111.06
06/03/2025,112.6,"805,767",113.6,113.835,110.8
06/02/2025,113.4,"1,028,579",111.57,113.44,111.31
05/30/2025,112.9,"2,048,771",111.02,113.23,111.02
05/29/2025,111.7,"1,329,821",110.64,111.829,110.4223
05/28/2025,110.87,"1,268,605",111.44,112.2999,110.77
05/27/2025,112.08,"1,503,489",111.35,112.21,110.2746
05/23/2025,110.82,"1,210,750",110.37,111.36,109.755
05/22/2025,110.43,"1,288,949",111.13,111.38,109.69
05/21/2025,110.99,"2,345,072",112.27,113.67,110.631
05/20/2025,112.45,"1,928,266",111.68,112.61,111.465
05/19/2025,112.0,"1,539,702",111.94,112.57,111.26
05/16/2025,111.77,"1,320,718",110.58,111.83,110.47
05/15/2025,110.56,"1,692,168",108.78,110.7,108.29
05/14/2025,108.27,"1,549,982",109.26,109.61,107.1
05/13/2025,109.02,"1,645,481",110.38,111.04,108.95
05/12/2025,110.76,"1,574,788",112.545,112.545,108.905
05/09/2025,111.32,"922,488",111.48,111.715,110.67
05/08/2025,111.53,"1,347,167",111.93,112.945,111.38
05/07/2025,111.21,"1,373,093",110.46,111.82,110.46
05/06/2025,110.38,"1,175,509",110.09,111.07,109.51
05/05/2025,110.4,"1,584,927",109.75,110.695,108.89
05/02/2025,110.57,"1,616,058",110.345,110.934,109.435
05/01/2025,109.02,"2,201,705",111.04,111.04,108.88
04/30/2025,110.6,"3,337,365",107.98,110.7,106.37
04/29/2025,107.99,"3,284,858",107.68,109.57,105.29
04/28/2025,114.88,"2,106,885",115.0,115.45,113.93
04/25/2025,114.44,"3,085,815",116.02,116.41,111.02
04/24/2025,117.76,"1,150,257",117.45,118.02,116.0728
04/23/2025,118.2,"1,933,155",117.72,119.06,117.19
04/22/2025,117.56,"1,525,138",115.51,117.72,114.35
04/21/2025,113.42,"1,722,315",116.84,117.3,111.95
04/17/2025,117.22,"1,795,479",118.55,118.74,117.075
04/16/2025,118.8,"1,207,692",120.4,120.86,118.18
04/15/2025,119.53,"1,866,042",121.12,121.5888,119.38
04/14/2025,120.9,"1,559,930",120.2,121.7,119.28
04/11/2025,118.86,"2,036,125",117.28,118.91,115.74
04/10/2025,117.26,"2,482,588",116.73,118.88,114.69
04/09/2025,116.64,"2,489,506",111.22,117.17,109.97
04/08/2025,112.41,"1,892,183",116.06,117.05,110.83
04/07/2025,112.67,"3,560,566",113.83,114.96,109.42
04/04/2025,115.01,"2,809,600",122.39,124.14,114.72
04/03/2025,124.43,"1,994,689",123.43,125.675,123.095
04/02/2025,124.23,"2,024,810",123.25,124.505,122.15
04/01/2025,124.11,"2,289,686",123.98,125.675,123.28
03/31/2025,124.4,"1,872,882",123.59,124.97,123.03
03/28/2025,122.93,"1,650,473",122.9,123.1525,121.8301
03/27/2025,122.9,"1,232,711",122.26,123.244,121.4173
03/26/2025,121.77,"903,542",121.94,122.605,121.43
03/25/2025,121.39,"1,138,346",120.98,121.85,120.02
03/24/2025,120.98,"1,325,304",119.39,121.3,119.03
03/21/2025,118.52,"3,022,012",119.91,120.42,117.89
03/20/2025,119.8,"1,384,498",119.69,120.97,119.12
03/19/2025,119.88,"1,446,050",119.02,120.035,118.88
03/18/2025,119.19,"1,646,203",119.87,120.78,119.04
03/17/2025,120.08,"2,053,318",117.41,120.15,117.24
03/14/2025,118.2,"2,039,528",118.35,119.1142,117.67
03/13/2025,117.86,"1,900,031",117.57,118.44,117.19
03/12/2025,117.28,"2,037,168",117.93,118.06,115.505
03/11/2025,117.96,"2,337,695",119.32,119.37,117.34
03/10/2025,119.63,"2,445,939",117.99,121.25,117.845
03/07/2025,118.65,"2,405,656",118.12,118.85,116.06
03/06/2025,118.71,"1,939,124",118.6,119.02,117.06
03/05/2025,119.59,"2,256,964",118.39,120.16,117.79
03/04/2025,119.17,"2,726,149",119.68,120.61,118.83
03/03/2025,119.87,"2,204,404",118.43,120.39,118.0
02/28/2025,118.54,"2,262,040",117.16,118.8,116.68
02/27/2025,116.5,"1,324,874",115.0,117.15,114.71
02/26/2025,114.79,"1,547,210",114.8,115.34,114.21
02/25/2025,114.77,"1,271,390",113.2,114.895,112.82
02/24/2025,112.6,"1,577,963",111.96,113.19,111.57
02/21/2025,111.71,"1,714,745",111.88,112.31,110.8
02/20/2025,111.65,"1,483,122",111.82,112.095,110.47
02/19/2025,112.31,"1,187,482",111.34,112.35,111.055
02/18/2025,111.47,"1,447,819",110.71,111.96,110.41
02/14/2025,110.6,"1,454,035",110.77,111.18,110.02
02/13/2025,110.93,"1,466,332",109.8,111.02,109.25
02/12/2025,109.29,"1,037,015",107.72,109.47,107.63
02/11/2025,108.75,"1,226,152",108.9,109.05,107.95
02/10/2025,108.91,"2,077,204",108.35,109.15,107.639
02/07/2025,108.58,"1,935,055",107.76,108.64,107.43
02/06/2025,107.77,"797,681",107.33,107.85,106.4
02/05/2025,106.79,"1,372,361",106.52,106.965,105.65
02/04/2025,105.91,"1,506,628",105.64,106.53,104.9475
02/03/2025,105.54,"1,497,724",103.94,105.885,103.54
01/31/2025,104.66,"1,782,557",105.09,106.0275,104.51
01/30/2025,105.46,"1,325,743",104.29,105.6,103.32
01/29/2025,103.17,"1,632,485",104.29,104.93,103.0
01/28/2025,105.02,"2,664,748",109.06,109.06,104.23
01/27/2025,107.84,"2,277,667",106.75,108.15,105.7268
01/24/2025,106.0,"1,480,194",104.69,106.22,104.45
01/23/2025,105.23,"1,595,462",104.9,105.68,103.56
01/22/2025,105.19,"1,262,517",106.05,106.05,105.03
01/21/2025,105.69,"1,841,209",106.0,106.74,105.62
01/17/2025,105.55,"4,131,030",106.17,106.32,105.24
01/16/2025,105.95,"1,176,426",104.1,106.01,103.74
01/15/2025,103.68,"1,082,063",104.33,104.63,102.91
01/14/2025,103.63,"1,263,448",102.94,103.67,102.055
01/13/2025,102.55,"1,425,206",101.04,102.99,100.77
01/10/2025,101.95,"1,901,992",101.15,102.52,101.13
01/08/2025,102.53,"1,387,273",101.62,103.15,101.3
01/07/2025,101.07,"1,543,004",101.31,102.18,100.43
01/06/2025,100.92,"1,376,760",101.63,101.9,100.59
01/03/2025,101.59,"1,066,623",101.12,101.87,100.4
01/02/2025,100.54,"1,502,202",102.89,102.89,100.18
12/31/2024,102.02,"716,016",102.15,102.5566,101.55
12/30/2024,101.99,"1,080,626",102.0,102.42,101.04
12/27/2024,102.89,"676,558",103.2,103.89,102.38
12/26/2024,103.74,"587,963",102.96,103.88,102.96
12/24/2024,103.85,"338,327",102.53,103.94,102.19
12/23/2024,102.8,"773,008",102.38,102.94,101.63
12/20/2024,102.93,"2,725,982",102.3,103.86,101.91
12/19/2024,102.3,"1,762,759",101.39,102.8841,101.24
12/18/2024,100.93,"1,456,017",103.25,103.78,100.86
12/17/2024,103.18,"1,464,647",103.65,103.87,102.42
12/16/2024,104.39,"1,357,163",104.29,105.03,103.99
12/13/2024,104.19,"1,208,228",103.83,104.33,103.41
12/12/2024,103.66,"952,643",104.7,105.05,103.46
12/11/2024,104.11,"1,449,515",103.53,104.194,103.23
12/10/2024,102.93,"1,744,036",104.91,105.22,102.13
12/09/2024,105.68,"2,024,676",108.23,108.735,104.99
12/06/2024,109.18,"1,242,790",110.24,110.69,108.55
12/05/2024,110.55,"1,254,443",111.5,111.66,110.37
12/04/2024,111.14,"782,259",111.17,111.8,110.78
12/03/2024,111.38,"990,512",112.0,112.25,110.695
12/02/2024,111.63,"991,076",113.22,113.22,110.85
11/29/2024,113.1,"803,944",113.23,113.75,112.51
11/27/2024,113.2,"777,566",113.74,114.15,112.93
11/26/2024,113.42,"1,371,888",112.08,113.96,111.71
11/25/2024,111.74,"1,844,508",111.59,112.97,111.3101
11/22/2024,112.05,"998,339",110.76,112.4162,110.76
11/21/2024,110.75,"1,085,012",109.89,111.38,109.475
11/20/2024,109.61,"1,031,187",109.47,109.95,108.47
11/19/2024,109.35,"827,313",108.93,109.75,108.18
11/18/2024,109.78,"1,231,628",109.06,110.28,109.06
11/15/2024,110.05,"1,501,946",109.12,110.28,108.3352
11/14/2024,109.53,"1,210,668",111.48,111.955,109.45
11/13/2024,111.91,"1,254,926",112.45,112.975,111.81
11/12/2024,112.42,"749,256",111.94,112.97,111.815
11/11/2024,111.85,"1,132,236",112.95,113.47,111.675
11/08/2024,112.43,"1,210,905",111.51,113.26,111.04
11/07/2024,110.35,"1,265,982",110.92,111.055,109.67
11/06/2024,110.81,"1,725,330",114.08,114.08,107.53
11/05/2024,107.6,"1,030,575",105.28,107.61,105.18
11/04/2024,105.45,"797,276",104.57,105.48,104.1001
11/01/2024,104.17,"923,729",105.0,105.45,104.125
10/31/2024,104.64,"1,218,913",105.26,106.095,104.62
10/30/2024,105.83,"1,611,857",105.33,106.13,105.05
10/29/2024,105.04,"2,454,491",103.69,106.91,103.36
10/28/2024,103.35,"1,909,520",104.95,105.22,103.0
10/25/2024,103.98,"1,157,159",105.46,105.675,103.89
10/24/2024,105.28,"1,110,012",106.21,106.55,105.25
10/23/2024,106.02,"1,197,980",105.13,106.31,104.96
10/22/2024,105.45,"1,769,538",105.37,105.84,104.12
10/21/2024,106.05,"1,551,806",106.35,106.49,105.39
10/18/2024,106.39,"4,537,563",107.38,107.38,105.45
10/17/2024,106.93,"1,378,308",107.3,107.67,106.495
10/16/2024,106.33,"1,184,180",105.58,106.58,105.395
10/15/2024,105.86,"1,271,004",106.62,107.67,105.685
10/14/2024,105.94,"1,077,756",105.23,106.25,104.92
10/11/2024,104.75,"739,020",104.25,105.1,104.05
10/10/2024,103.67,"1,175,171",106.48,106.67,102.84
10/09/2024,105.86,"1,170,949",105.22,106.37,104.82
10/08/2024,105.25,"1,538,308",103.38,105.928,103.38
10/07/2024,102.13,"1,857,288",105.24,105.6,101.55
10/04/2024,105.65,"1,080,895",104.89,105.76,104.47
10/03/2024,104.63,"1,431,505",105.0,105.395,104.26
10/02/2024,105.04,"1,563,379",104.99,105.28,104.54
10/01/2024,105.01,"1,876,010",104.0,105.67,103.53
09/30/2024,103.6,"1,872,525",102.99,103.68,102.18
09/27/2024,102.65,"1,460,894",102.68,103.18,102.4
09/26/2024,103.01,"1,704,386",103.12,103.725,102.52
09/25/2024,103.35,"1,523,810",104.0,104.577,102.895
09/24/2024,103.36,"3,376,551",101.86,103.38,101.0152
09/23/2024,102.21,"2,341,631",101.27,102.24,100.8
09/20/2024,101.01,"3,805,157",101.3,101.45,99.69
09/19/2024,101.45,"3,374,370",102.67,102.67,101.17
09/18/2024,102.51,"2,614,112",103.33,103.855,102.19
09/17/2024,103.2,"1,007,755",104.06,104.13,102.87
09/16/2024,104.11,"1,600,000",103.82,104.68,103.57
09/13/2024,103.13,"1,578,078",102.03,103.27,101.39
09/12/2024,102.17,"1,194,539",100.6,102.36,100.0
09/11/2024,100.7,"1,741,497",102.78,102.78,99.4
09/10/2024,103.13,"1,439,828",103.92,104.9,103.07
09/09/2024,103.72,"1,406,469",104.63,105.1,103.34
09/06/2024,103.94,"1,035,733",104.63,105.21,103.75
09/05/2024,104.63,"994,759",105.9,105.9,103.63
09/04/2024,105.82,"748,903",105.14,106.02,104.985
09/03/2024,104.96,"1,174,693",105.13,105.71,104.45
08/30/2024,105.13,"1,437,928",104.86,105.45,104.3
08/29/2024,104.65,"924,836",103.88,105.02,103.365
08/28/2024,103.88,"686,290",103.28,104.1528,102.68
08/27/2024,103.0,"591,308",102.39,103.1,102.195
08/26/2024,102.23,"896,654",102.11,102.6413,101.73
08/23/2024,102.0,"935,077",103.71,103.75,101.8501
08/22/2024,103.67,"643,142",103.62,103.87,103.12
08/21/2024,103.46,"643,313",103.82,103.825,102.61
08/20/2024,102.89,"1,159,099",102.91,103.18,102.34
08/19/2024,102.52,"768,976",101.87,102.587,101.42
08/16/2024,101.87,"1,458,427",101.39,101.935,100.89
08/15/2024,101.19,"1,211,783",101.66,101.8,100.47
08/14/2024,101.3,"1,113,688",100.12,101.37,100.01
08/13/2024,99.94,"826,118",99.92,100.22,99.1617
08/12/2024,99.56,"919,045",100.43,101.2547,99.365
08/09/2024,100.32,"604,377",100.31,100.76,99.775
08/08/2024,100.31,"991,610",98.76,100.6,98.76
08/07/2024,98.79,"1,504,291",99.37,101.2325,98.66
08/06/2024,99.37,"1,515,083",98.67,100.76,98.445
08/05/2024,98.38,"1,382,291",100.53,100.565,97.85
08/02/2024,101.22,"1,420,825",100.66,103.16,99.27
08/01/2024,100.8,"1,097,034",100.04,100.86,99.66
07/31/2024,99.43,"2,294,142",99.58,100.3476,98.69
07/30/2024,99.84,"967,857",99.25,100.24,99.02
07/29/2024,98.66,"1,489,008",99.44,99.92,98.24
07/26/2024,99.17,"960,217",98.0,99.26,97.61
07/25/2024,97.43,"1,458,085",97.93,98.74,97.21
07/24/2024,97.56,"1,733,658",98.05,98.36,96.77
07/23/2024,98.05,"2,871,467",97.0,99.08,95.44
07/22/2024,93.16,"1,209,099",92.8,93.71,92.38
07/19/2024,92.46,"962,467",93.66,93.66,92.29
07/18/2024,93.23,"1,124,172",93.17,94.03,92.95
07/17/2024,93.54,"1,255,326",93.31,94.13,93.05
07/16/2024,93.31,"843,504",93.62,94.04,93.05
07/15/2024,93.23,"886,705",93.94,94.28,93.05
07/12/2024,93.74,"1,331,924",92.38,94.12,92.11
07/11/2024,91.97,"707,996",91.19,92.2198,90.94
07/10/2024,90.93,"958,018",90.32,91.07,90.04
07/09/2024,90.08,"726,475",90.59,90.725,89.92
07/08/2024,90.57,"623,254",91.0,91.36,90.53
07/05/2024,90.52,"823,068",90.13,90.61,89.25
07/03/2024,90.04,"708,394",89.6,90.31,88.94
07/02/2024,89.65,"842,251",88.55,89.68,88.31
07/01/2024,89.11,"1,099,758",89.82,90.1,88.61
06/28/2024,89.41,"2,024,288",89.83,90.45,89.12
06/27/2024,90.16,"1,316,206",90.76,90.96,90.1
06/26/2024,90.58,"1,288,803",90.43,90.76,89.14
06/25/2024,91.14,"1,074,801",93.34,93.45,91.12
06/24/2024,93.34,"1,119,035",93.03,93.745,92.29
06/21/2024,93.02,"1,921,661",92.89,93.11,92.07
06/20/2024,92.89,"898,790",92.41,93.03,92.14
06/18/2024,92.41,"966,750",92.15,93.05,91.87
06/17/2024,92.0,"1,144,167",89.83,92.115,89.72
06/14/2024,90.08,"648,624",90.1,90.5,89.735
06/13/2024,90.52,"636,816",90.28,90.8,89.62
06/12/2024,90.47,"803,792",89.82,90.69,89.1
06/11/2024,89.62,"966,028",89.53,89.69,88.68
06/10/2024,89.64,"841,833",90.03,90.42,89.18
06/07/2024,90.28,"993,363",89.93,90.68,89.66
06/06/2024,89.53,"1,081,906",90.31,90.47,88.88
06/05/2024,90.0,"864,604",90.0,90.15,88.85
06/04/2024,89.9,"1,286,274",88.66,89.99,88.66
06/03/2024,88.89,"796,627",89.23,89.84,88.09
05/31/2024,89.51,"1,859,392",88.3,89.65,87.88
05/30/2024,87.75,"1,159,097",86.22,88.011,85.97
05/29/2024,86.32,"1,484,022",87.11,87.19,86.27
05/28/2024,87.58,"1,568,807",89.06,89.175,87.465
05/24/2024,89.36,"791,764",89.18,89.51,89.04
05/23/2024,89.11,"942,704",91.03,91.18,88.99
05/22/2024,91.16,"1,375,553",90.53,91.7,89.9
05/21/2024,89.85,"1,495,067",90.07,90.5,89.84
05/20/2024,89.86,"1,034,833",89.8,89.91,89.34
05/17/2024,89.83,"1,079,952",89.85,89.87,89.25
05/16/2024,89.4,"1,149,452",89.46,89.98,88.985
05/15/2024,88.7,"1,141,272",88.4,88.97,88.15
05/14/2024,88.45,"1,540,002",87.41,88.51,87.07
05/13/2024,87.47,"1,561,062",87.02,87.77,87.02
05/10/2024,87.07,"1,100,390",85.94,87.43,85.89
05/09/2024,85.61,"851,165",84.61,85.73,84.53
05/08/2024,84.81,"949,560",85.65,85.82,84.76
05/07/2024,85.24,"966,977",84.6,85.33,84.47
05/06/2024,84.21,"1,056,796",84.05,84.47,83.6
05/03/2024,83.5,"1,012,970",83.48,83.64,81.79
05/02/2024,82.85,"1,137,918",82.83,83.21,82.28
05/01/2024,82.7,"1,332,350",81.59,83.61,81.565
04/30/2024,81.54,"1,918,723",81.62,82.13,81.07
04/29/2024,81.54,"1,167,546",81.46,81.77,80.91
04/26/2024,81.46,"1,710,291",81.76,82.145,80.87
04/25/2024,82.28,"1,608,786",82.17,82.65,81.5
04/24/2024,82.13,"1,520,932",82.75,82.875,81.69
04/23/2024,82.93,"1,902,841",82.61,83.5,81.49
04/22/2024,82.5,"1,546,353",83.0,83.21,82.335
04/19/2024,82.17,"1,405,884",81.33,82.19,81.15
04/18/2024,81.13,"1,338,806",81.48,81.86,80.89
04/17/2024,80.62,"1,016,314",81.15,81.35,80.33
04/16/2024,80.92,"1,111,098",81.43,81.7,80.9
04/15/2024,81.03,"1,661,814",83.09,83.1299,81.005
04/12/2024,81.9,"1,327,838",81.93,83.05,81.59
04/11/2024,82.65,"1,138,698",83.04,83.3,82.28
04/10/2024,83.6,"1,228,093",83.99,84.3,83.425
04/09/2024,84.56,"1,191,435",85.53,85.7623,83.71
04/08/2024,85.51,"1,512,893",85.31,86.04,84.9225
04/05/2024,85.15,"1,216,569",84.14,85.5721,83.97
04/04/2024,83.94,"1,456,070",85.91,86.0715,83.77
04/03/2024,85.49,"1,256,772",85.35,86.1,85.35
04/02/2024,85.51,"1,212,111",86.44,86.98,85.34
04/01/2024,86.32,"951,994",87.31,87.31,86.3
03/28/2024,87.54,"1,072,320",87.52,87.99,87.19
03/27/2024,87.26,"1,113,506",86.94,87.42,86.5
03/26/2024,86.42,"1,032,432",85.7,86.54,85.5824
03/25/2024,85.9,"580,200",85.92,86.19,85.73
03/22/2024,86.0,"909,792",86.52,86.66,85.93
03/21/2024,86.04,"1,174,624",86.57,86.95,85.945
03/20/2024,86.7,"1,005,824",85.9,87.0,85.54
03/19/2024,85.48,"801,641",85.27,85.64,84.841
03/18/2024,85.01,"849,480",84.91,85.4899,84.91
03/15/2024,84.94,"1,872,313",83.59,85.15,83.19
03/14/2024,84.99,"1,163,340",85.5,85.83,84.51
03/13/2024,85.51,"1,102,354",85.0,85.773,84.85
03/12/2024,85.9,"925,745",84.85,86.22,84.8
03/11/2024,84.88,"1,066,413",85.51,85.59,84.68
03/08/2024,85.19,"1,150,095",85.79,86.03,84.83
03/07/2024,85.85,"1,369,655",85.36,86.53,85.09
03/06/2024,85.11,"1,056,813",84.17,85.21,84.06
03/05/2024,84.1,"978,934",83.5,84.21,83.255
03/04/2024,83.95,"750,747",83.3,84.14,83.2
03/01/2024,83.74,"883,561",83.98,84.01,83.15
02/29/2024,84.21,"1,674,240",84.84,84.84,83.78
02/28/2024,84.78,"815,282",84.36,84.87,84.18
02/27/2024,84.11,"944,247",83.57,84.22,83.14
02/26/2024,84.05,"808,417",84.28,84.725,84.02
02/23/2024,84.24,"860,124",84.6,84.6,83.91
02/22/2024,84.12,"888,609",83.5,84.23,83.05
02/21/2024,82.84,"964,129",82.98,83.04,82.17
02/20/2024,82.7,"1,515,943",82.37,83.17,81.89
02/16/2024,82.69,"2,442,052",82.96,83.31,82.35
02/15/2024,82.73,"1,462,487",82.4,82.9,82.03
02/14/2024,82.2,"1,190,366",81.05,82.28,80.95
02/13/2024,80.95,"1,143,041",81.04,81.52,80.39
02/12/2024,80.94,"1,359,050",81.0,81.12,80.4701
02/09/2024,81.0,"1,243,311",79.84,81.01,79.7511
02/08/2024,79.95,"1,506,918",78.89,80.17,78.7
02/07/2024,78.93,"1,007,147",78.66,79.415,78.4
02/06/2024,78.41,"1,378,795",77.49,78.64,77.47
02/05/2024,77.59,"1,041,864",77.6,77.845,77.12
02/02/2024,77.69,"1,090,459",77.86,78.41,77.65
02/01/2024,77.79,"1,345,994",77.11,77.88,75.79
01/31/2024,77.56,"1,667,088",78.54,78.77,77.4799
01/30/2024,78.3,"1,369,222",77.2,78.33,77.16
01/29/2024,77.08,"1,613,972",76.94,77.21,76.165
01/26/2024,76.88,"1,197,364",77.07,77.19,76.14
01/25/2024,77.19,"1,834,563",77.59,77.8,76.05
01/24/2024,77.6,"1,745,109",79.46,79.5,77.325
01/23/2024,78.91,"2,822,520",79.5,79.99,78.09
01/22/2024,75.29,"2,035,395",75.0,75.45,74.69
01/19/2024,74.83,"1,996,658",74.73,75.255,74.43
01/18/2024,74.15,"2,450,561",73.5,74.309,73.2301
01/17/2024,74.47,"1,749,785",74.57,75.4,74.235
01/16/2024,74.55,"2,453,754",74.59,75.04,74.32
01/12/2024,74.48,"2,389,760",73.45,74.93,73.205
01/11/2024,72.85,"1,050,627",72.84,73.255,72.19
01/10/2024,72.94,"1,026,823",71.75,73.0,71.7
01/09/2024,71.87,"1,200,644",71.79,71.91,70.99
01/08/2024,72.19,"1,493,947",71.09,72.22,70.89
01/05/2024,69.6,"1,737,209",70.56,70.66,69.24
01/04/2024,70.48,"1,401,721",69.74,70.67,69.72
01/03/2024,69.45,"2,041,656",70.66,70.94,69.245
01/02/2024,70.75,"1,231,477",71.02,71.53,70.58
12/29/2023,71.11,"1,043,136",70.89,71.195,70.51
12/28/2023,70.92,"712,628",70.92,71.22,70.68
12/27/2023,70.6,"854,402",70.16,70.73,69.83
12/26/2023,70.36,"876,588",70.2,70.4,69.89
12/22/2023,70.48,"824,106",70.62,70.91,69.91
12/21/2023,70.41,"1,234,974",69.44,70.545,69.19
12/20/2023,69.67,"1,168,726",70.73,71.27,69.64
12/19/2023,70.93,"1,627,049",71.05,71.75,70.68
12/18/2023,71.03,"1,906,627",70.07,71.39,69.8
12/15/2023,69.47,"3,319,631",70.12,70.51,69.13
12/14/2023,71.96,"2,904,567",75.31,75.31,71.195
12/13/2023,75.77,"972,150",75.96,76.25,75.56
12/12/2023,75.75,"1,176,169",74.95,75.77,74.62
12/11/2023,74.99,"1,258,983",74.44,75.36,74.2
12/08/2023,74.15,"821,369",74.0,74.3,73.6
12/07/2023,73.78,"759,863",74.08,74.29,73.48
12/06/2023,73.92,"851,464",74.09,74.48,73.27
12/05/2023,74.05,"787,886",74.3,74.63,73.85
12/04/2023,74.5,"1,123,195",74.15,75.09,74.0
12/01/2023,74.14,"986,915",74.52,74.745,73.83
11/30/2023,74.74,"1,385,371",73.09,74.83,72.92
11/29/2023,72.97,"908,198",73.61,73.92,72.64
11/28/2023,73.42,"850,734",74.89,75.11,73.39
11/27/2023,74.97,"851,091",74.5,75.14,74.44
11/24/2023,74.53,"295,796",74.61,74.929,74.27
11/22/2023,74.54,"624,237",74.3,74.71,74.04
11/21/2023,74.11,"953,711",73.66,74.46,73.66
11/20/2023,73.44,"1,089,228",72.84,73.62,72.7
11/17/2023,73.01,"819,254",73.21,73.58,72.7
11/16/2023,73.2,"950,806",72.6,73.66,72.6
11/15/2023,72.31,"1,369,791",72.95,73.46,72.25
11/14/2023,73.2,"1,412,393",73.71,73.99,73.09
11/13/2023,73.52,"1,194,662",72.94,73.59,72.83
11/10/2023,72.85,"914,004",72.05,72.89,71.96
11/09/2023,71.83,"766,510",71.97,72.24,71.67
11/08/2023,71.61,"1,041,610",71.32,71.82,70.75
11/07/2023,71.14,"1,056,617",70.83,71.19,70.19
11/06/2023,70.91,"1,169,970",70.82,71.09,70.29
11/03/2023,70.53,"2,353,088",71.25,71.25,70.015
11/02/2023,70.91,"1,093,752",69.49,70.96,69.38
11/01/2023,69.3,"1,747,320",69.7,69.8594,68.42
10/31/2023,69.42,"2,585,114",68.92,69.82,68.64
10/30/2023,68.87,"1,197,703",68.09,69.12,67.65
10/27/2023,67.63,"1,081,605",68.33,68.5,67.3
10/26/2023,68.45,"1,875,813",69.49,70.195,68.22
10/25/2023,69.02,"2,136,751",70.0,70.33,68.91
10/24/2023,69.7,"2,594,737",67.15,69.93,67.064
10/23/2023,66.78,"1,934,126",67.55,68.61,66.73
10/20/2023,67.17,"5,591,350",68.44,68.86,66.98
10/19/2023,68.27,"1,736,109",69.69,69.69,68.12
10/18/2023,68.85,"1,932,461",68.95,69.29,68.55
10/17/2023,69.01,"2,125,477",69.27,69.79,68.695
10/16/2023,69.81,"1,659,033",70.0,70.28,69.36
10/13/2023,69.71,"1,474,484",70.44,71.04,69.3
10/12/2023,70.2,"1,061,441",71.45,71.62,69.901
10/11/2023,71.46,"1,103,084",71.23,71.92,70.88
10/10/2023,70.94,"1,286,308",71.87,72.0,70.45
10/09/2023,71.64,"727,453",70.72,71.68,70.72
10/06/2023,71.02,"855,735",70.77,71.41,70.375
10/05/2023,70.76,"1,008,792",70.33,70.98,70.33
10/04/2023,70.38,"919,114",69.61,70.515,69.39
10/03/2023,69.28,"856,105",69.53,69.9,68.94
10/02/2023,69.52,"1,318,206",69.68,69.93,69.1803
09/29/2023,69.84,"1,018,587",71.0,71.0,69.68
09/28/2023,70.87,"1,227,232",71.25,71.605,70.781
09/27/2023,70.96,"940,594",70.96,71.22,70.54
09/26/2023,71.08,"800,783",71.88,71.94,70.93
09/25/2023,72.1,"698,076",71.99,72.33,71.862
09/22/2023,72.27,"826,005",72.38,72.97,72.22
09/21/2023,72.37,"1,194,667",73.57,73.71,72.31
09/20/2023,73.84,"677,766",74.16,74.5,73.765
09/19/2023,73.83,"718,024",74.0,74.0,73.41
09/18/2023,73.33,"907,576",72.78,73.8,72.57
09/15/2023,72.63,"2,727,344",72.95,73.18,72.36
09/14/2023,73.28,"1,559,086",73.63,73.63,72.63
09/13/2023,73.14,"940,220",73.52,73.7,72.99
09/12/2023,73.55,"816,887",73.39,74.1154,73.175
09/11/2023,73.4,"836,141",73.24,73.49,72.96
09/08/2023,73.12,"810,117",74.22,74.22,72.86
09/07/2023,73.99,"1,319,870",72.95,74.05,72.42
09/06/2023,72.73,"1,325,195",72.5,72.82,72.165
09/05/2023,72.5,"1,117,624",74.08,74.12,72.47
09/01/2023,74.2,"595,901",74.32,74.5,74.04
08/31/2023,74.1,"1,085,105",74.3,74.57,74.03
08/30/2023,74.12,"981,442",73.75,74.41,73.715
08/29/2023,73.72,"784,724",73.24,73.75,72.82
08/28/2023,73.23,"809,164",72.94,73.445,72.85
08/25/2023,73.07,"1,024,128",72.7,73.52,72.16
08/24/2023,72.3,"911,965",73.02,73.4313,72.3
08/23/2023,72.91,"632,365",72.0,72.94,71.98
08/22/2023,71.71,"607,212",71.7,71.8895,71.19
08/21/2023,71.64,"766,756",71.49,71.85,70.94
08/18/2023,71.39,"1,178,275",71.19,71.87,71.13
08/17/2023,71.26,"1,468,142",72.56,72.57,71.07
08/16/2023,72.33,"1,366,519",70.43,72.49,70.43
08/15/2023,70.59,"794,364",71.02,71.12,70.525
08/14/2023,71.25,"707,584",70.94,71.52,70.79
08/11/2023,70.78,"757,259",70.32,70.875,70.15
08/10/2023,70.44,"717,675",70.97,71.28,70.17
08/09/2023,70.64,"753,731",70.55,71.12,70.24
08/08/2023,70.24,"1,078,524",71.14,71.46,70.17
08/07/2023,71.14,"728,634",70.53,71.2,70.02
08/04/2023,70.0,"847,465",70.71,71.13,69.91
08/03/2023,70.62,"871,136",70.39,70.9739,70.35
08/02/2023,70.72,"1,301,247",69.73,70.82,69.73
08/01/2023,70.0,"1,661,798",70.08,70.61,69.825
07/31/2023,70.45,"1,177,459",70.4,70.75,70.14
07/28/2023,70.59,"1,011,545",71.34,71.58,70.045
07/27/2023,70.56,"1,010,575",71.78,71.7843,70.47
07/26/2023,71.65,"1,255,296",72.75,72.75,71.27
07/25/2023,72.47,"1,557,497",72.28,72.99,71.94
07/24/2023,70.63,"1,624,318",71.08,71.27,70.54
07/21/2023,71.2,"1,661,347",71.34,71.57,71.05
07/20/2023,71.03,"914,882",69.7,71.03,69.6518
07/19/2023,69.63,"900,287",69.54,69.92,69.33
07/18/2023,69.73,"982,093",69.64,70.075,69.49
07/17/2023,69.89,"1,117,301",69.0,70.28,68.97
07/14/2023,68.72,"824,001",68.69,68.81,68.13
07/13/2023,68.53,"939,855",68.53,68.78,68.06
07/12/2023,68.66,"1,151,513",69.79,69.93,68.51
07/11/2023,69.44,"1,371,716",68.77,69.54,68.73
07/10/2023,68.67,"870,003",68.02,69.175,67.809
07/07/2023,67.8,"1,375,056",67.32,68.59,67.24
07/06/2023,67.35,"1,794,630",67.24,67.56,66.8
07/05/2023,67.42,"1,168,030",66.89,67.57,66.84
07/03/2023,67.42,"924,045",68.4,68.5964,66.53
06/30/2023,68.84,"1,373,457",68.05,69.25,68.05
06/29/2023,67.69,"1,205,023",66.81,67.78,66.61
06/28/2023,66.8,"996,140",66.76,67.045,66.23
06/27/2023,66.82,"1,254,031",66.41,67.31,66.31
06/26/2023,66.41,"1,003,059",66.39,66.8,65.98
06/23/2023,66.43,"3,541,599",66.22,67.27,66.13
06/22/2023,66.01,"932,952",66.63,66.63,65.68
06/21/2023,66.4,"1,253,941",66.11,66.48,65.515
06/20/2023,66.05,"1,180,146",66.0,66.77,65.75
06/16/2023,66.25,"1,947,887",66.09,66.7,66.0
06/15/2023,66.05,"1,196,154",64.62,66.24,64.5
06/14/2023,64.6,"910,809",64.5,64.96,64.07
06/13/2023,64.5,"1,215,422",64.2,64.74,63.93
06/12/2023,64.31,"827,599",64.0,64.42,63.365
06/09/2023,64.03,"882,776",63.67,64.29,63.49
06/08/2023,63.86,"1,163,522",63.24,63.87,63.02
06/07/2023,63.44,"1,078,826",63.73,63.85,62.92
06/06/2023,63.79,"663,809",63.87,63.91,63.28
06/05/2023,63.68,"759,253",63.77,64.0,63.32
06/02/2023,63.79,"900,881",62.92,63.95,62.84
06/01/2023,62.75,"738,827",62.54,62.77,61.71
05/31/2023,62.33,"1,709,189",62.7,62.86,61.84
05/30/2023,62.98,"1,128,881",63.11,63.49,62.76
05/26/2023,62.87,"986,316",63.03,63.6,62.75
05/25/2023,63.09,"782,101",63.21,63.22,62.42
05/24/2023,63.09,"1,143,055",62.78,63.37,62.44
05/23/2023,63.2,"1,232,254",65.38,65.61,63.09
05/22/2023,65.71,"1,007,915",66.09,66.52,65.58
05/19/2023,66.36,"1,052,357",66.62,66.92,66.03
05/18/2023,66.27,"921,953",65.47,66.31,65.07
05/17/2023,65.36,"794,475",66.05,66.05,65.2
05/16/2023,65.71,"1,043,988",65.61,66.15,65.28
05/15/2023,65.87,"619,576",65.8,65.88,65.4
05/12/2023,65.68,"589,649",66.0,66.16,65.02
05/11/2023,65.66,"718,412",65.49,65.71,65.06
05/10/2023,65.59,"795,340",65.74,66.06,65.0701
05/09/2023,65.57,"697,479",65.7,66.1,65.38
05/08/2023,65.75,"823,411",65.17,65.88,65.02
05/05/2023,65.31,"985,358",64.33,65.36,64.32
05/04/2023,64.11,"1,017,857",64.69,64.91,63.96
05/03/2023,64.7,"1,094,040",65.29,65.62,64.69
05/02/2023,64.92,"1,640,806",65.71,65.85,64.36
05/01/2023,65.83,"2,168,286",64.22,66.39,64.22
04/28/2023,64.39,"1,729,819",63.82,64.7,63.7647
04/27/2023,64.04,"1,549,681",62.96,64.08,62.765
04/26/2023,62.82,"1,738,618",63.0,63.53,62.66
04/25/2023,63.01,"2,645,730",60.0,64.18,60.0
04/24/2023,61.06,"1,447,619",61.44,61.7,60.88
04/21/2023,61.4,"8,431,400",60.88,61.44,60.43
04/20/2023,60.85,"1,302,898",60.21,61.0,59.91
04/19/2023,60.39,"1,198,291",60.61,60.93,60.18
04/18/2023,60.35,"1,873,680",60.6,60.845,59.94
04/17/2023,59.81,"1,954,236",58.83,59.81,58.71
04/14/2023,58.77,"721,209",59.02,59.25,58.48
04/13/2023,58.96,"925,647",58.34,59.04,58.05
04/12/2023,58.48,"1,529,592",59.1,59.38,58.17
04/11/2023,58.91,"756,048",58.58,59.05,58.33
04/10/2023,58.42,"801,932",58.73,58.85,58.02
04/06/2023,59.14,"799,305",58.81,59.17,58.5
04/05/2023,58.84,"1,071,243",57.6,58.85,57.6
04/04/2023,57.79,"1,020,007",57.97,58.26,57.07
04/03/2023,57.65,"1,115,557",57.25,57.85,57.21
03/31/2023,57.42,"852,585",57.22,57.48,56.83
03/30/2023,56.62,"878,009",56.74,57.02,56.09
03/29/2023,56.42,"819,660",56.37,56.58,55.99
03/28/2023,55.78,"789,046",55.78,56.03,55.42
03/27/2023,55.79,"862,677",55.8,56.16,55.595
03/24/2023,55.36,"928,984",54.62,55.46,54.24
03/23/2023,55.06,"948,068",54.64,55.56,54.51
03/22/2023,54.88,"1,246,460",55.91,56.34,54.87
03/21/2023,55.79,"1,277,492",55.24,56.005,55.17
03/20/2023,54.35,"1,630,838",54.01,54.64,53.63
03/17/2023,53.8,"2,966,086",55.01,55.05,53.49
03/16/2023,55.11,"1,380,916",53.36,55.59,53.14
03/15/2023,53.43,"1,502,492",53.89,54.34,52.8206
03/14/2023,55.04,"1,478,109",54.92,55.25,54.11
03/13/2023,54.07,"1,346,858",54.17,55.11,53.79
03/10/2023,54.92,"1,363,091",55.39,55.96,54.46
03/09/2023,55.43,"1,323,929",57.03,57.3,55.13
03/08/2023,56.88,"1,336,629",56.12,56.94,56.0
03/07/2023,56.02,"825,685",57.08,57.21,55.9
03/06/2023,57.0,"914,484",56.99,57.44,56.85
03/03/2023,56.76,"669,923",56.36,56.8,55.85
03/02/2023,56.15,"805,997",55.68,56.21,55.37
03/01/2023,56.01,"1,279,479",55.72,56.34,55.54
02/28/2023,56.07,"1,615,769",55.89,56.5,55.835
02/27/2023,55.96,"712,278",57.04,57.09,55.86
02/24/2023,56.47,"618,100",56.08,56.54,55.83
02/23/2023,56.46,"518,331",56.54,56.965,55.93
02/22/2023,56.48,"851,387",56.3,56.8527,56.175
02/21/2023,56.25,"773,068",57.35,57.4,56.11
02/17/2023,57.67,"884,932",57.27,57.78,57.12
02/16/2023,57.37,"591,130",57.16,57.75,57.07
02/15/2023,57.92,"655,514",56.93,57.97,56.7504
02/14/2023,57.26,"1,070,432",58.99,59.07,57.23
02/13/2023,58.47,"691,527",58.35,58.67,58.15
02/10/2023,58.25,"756,855",58.17,58.285,57.61
02/09/2023,58.31,"1,064,090",59.22,59.5999,58.19
02/08/2023,58.96,"873,491",59.56,59.99,58.89
02/07/2023,59.97,"1,247,946",58.68,60.18,58.66
02/06/2023,59.01,"949,531",58.15,59.14,58.06
02/03/2023,58.39,"1,256,023",58.32,58.48,57.66
02/02/2023,58.66,"1,472,338",58.39,58.7,57.67
02/01/2023,58.4,"1,467,991",58.04,58.97,57.48
01/31/2023,58.56,"2,631,673",57.43,58.56,57.26
01/30/2023,57.46,"1,244,393",57.5,57.98,57.38
01/27/2023,57.6,"1,495,212",58.27,58.37,57.07
01/26/2023,58.36,"1,520,331",58.84,58.93,57.66
01/25/2023,58.96,"2,003,283",58.87,59.62,57.57
01/24/2023,58.71,"2,645,044",61.77,61.77,57.51
01/23/2023,61.96,"1,589,072",61.85,62.22,61.13
01/20/2023,61.72,"1,280,688",60.51,61.799,60.18
01/19/2023,60.25,"897,183",60.25,60.59,59.95
01/18/2023,60.63,"986,244",61.26,61.48,60.48
01/17/2023,61.18,"988,004",61.27,61.74,61.08
01/13/2023,61.27,"669,894",61.15,61.47,60.845
01/12/2023,61.66,"1,197,692",61.95,62.23,61.025
01/11/2023,61.69,"1,398,596",60.12,61.73,60.01
01/10/2023,59.87,"798,361",58.8,59.88,58.765
01/09/2023,58.84,"957,699",59.0,59.76,58.78
01/06/2023,58.83,"727,867",57.62,59.13,57.26
01/05/2023,57.08,"1,299,391",57.4,57.77,56.27
01/04/2023,57.6,"1,305,785",57.13,58.02,56.9181
01/03/2023,56.65,"1,162,348",57.06,57.47,56.105
12/30/2022,56.97,"665,609",57.13,57.205,56.34
12/29/2022,57.65,"728,345",56.97,58.04,56.66
12/28/2022,56.57,"677,008",57.54,57.67,56.55
12/27/2022,57.36,"784,922",57.04,57.38,56.6
12/23/2022,56.94,"766,896",56.65,57.0,56.14
12/22/2022,56.65,"1,202,409",56.74,56.94,55.78
12/21/2022,56.98,"828,125",56.09,57.0,55.76
12/20/2022,55.53,"822,263",55.42,56.04,55.28
12/19/2022,55.41,"1,012,028",55.3,56.11,55.04
12/16/2022,55.5,"2,253,022",55.84,56.42,55.01
12/15/2022,56.58,"890,600",57.36,57.505,56.3
12/14/2022,58.17,"1,022,384",58.91,59.78,57.82
12/13/2022,58.91,"1,416,059",59.45,59.72,58.32
12/12/2022,58.01,"965,460",57.6,58.06,57.26
12/09/2022,57.5,"907,633",57.75,58.11,57.48
12/08/2022,57.77,"1,211,324",57.37,58.2519,57.01
12/07/2022,57.32,"1,001,405",58.04,58.55,57.16
12/06/2022,57.97,"1,027,323",59.03,59.07,57.48
12/05/2022,59.05,"1,196,534",59.05,59.31,58.69
12/02/2022,59.52,"959,909",58.25,59.65,58.07
12/01/2022,58.92,"1,160,454",59.84,59.97,58.425
11/30/2022,59.59,"2,010,731",56.97,59.69,56.82
11/29/2022,57.36,"693,775",57.49,58.12,57.3101
11/28/2022,57.89,"848,639",58.8,59.34,57.85
11/25/2022,59.26,"472,452",58.95,59.52,58.79
11/23/2022,58.63,"811,168",57.95,58.8,57.67
11/22/2022,57.93,"1,173,582",58.5,58.61,57.491
11/21/2022,58.0,"904,327",57.12,58.22,57.05
11/18/2022,56.94,"1,464,914",57.27,57.63,56.8
11/17/2022,56.39,"954,282",56.38,56.995,55.95
11/16/2022,56.85,"1,106,433",55.8,56.975,55.8
11/15/2022,55.8,"1,109,680",56.47,56.77,55.29
11/14/2022,55.64,"1,429,830",56.85,57.35,55.63
11/11/2022,56.67,"1,281,182",59.17,59.17,55.92
11/10/2022,58.69,"1,353,831",57.46,58.79,56.7
11/09/2022,55.73,"577,530",56.29,56.86,55.71
11/08/2022,56.45,"955,259",56.21,57.08,55.8
11/07/2022,56.02,"1,103,901",55.96,56.21,55.27
11/04/2022,55.77,"2,228,229",57.16,57.16,54.61
11/03/2022,56.54,"1,046,598",56.7,57.58,56.48
11/02/2022,57.14,"1,415,800",58.68,58.87,57.03
11/01/2022,58.65,"1,001,207",59.04,59.18,58.35
10/31/2022,58.79,"1,933,415",58.43,59.22,58.07
10/28/2022,58.64,"1,301,759",56.91,58.71,56.7
10/27/2022,56.7,"1,613,765",56.31,57.16,56.27
10/26/2022,55.95,"3,455,718",55.09,56.3488,53.84
10/25/2022,55.1,"6,772,895",56.98,60.45,54.965
10/24/2022,63.08,"1,482,474",62.1,63.29,62.1
10/21/2022,61.53,"2,300,380",60.91,61.75,59.82
10/20/2022,60.89,"1,120,439",62.72,62.72,60.66
10/19/2022,62.9,"1,598,395",61.98,62.99,61.535
10/18/2022,62.16,"1,243,608",62.73,62.75,61.57
10/17/2022,61.29,"1,787,403",60.6,62.04,60.58
10/14/2022,59.48,"1,645,695",63.07,63.26,59.37
10/13/2022,62.56,"1,723,592",59.62,62.95,59.195
10/12/2022,60.68,"1,287,038",61.8,61.8,60.55
10/11/2022,61.96,"1,286,080",62.0,62.71,61.44
10/10/2022,62.07,"807,429",61.53,62.3,61.36
10/07/2022,61.22,"1,114,565",62.16,62.29,60.8
10/06/2022,62.65,"1,049,395",63.58,63.7,62.42
10/05/2022,63.71,"914,869",62.77,64.03,62.625
10/04/2022,63.3,"1,090,282",62.58,64.02,62.58
10/03/2022,62.04,"1,643,992",60.55,62.4,60.55
09/30/2022,60.48,"1,825,141",60.81,61.7,60.2855
09/29/2022,60.89,"2,034,487",60.04,61.01,59.42
09/28/2022,60.24,"1,393,234",60.08,60.67,59.47
09/27/2022,59.45,"2,008,654",59.34,60.5,58.88
09/26/2022,58.62,"1,548,951",58.69,59.24,58.085
09/23/2022,58.92,"1,469,727",58.84,59.575,58.16
09/22/2022,59.24,"1,491,029",60.2,60.205,58.76
09/21/2022,60.4,"1,039,698",61.84,62.67,60.36
09/20/2022,61.44,"1,845,649",61.23,61.82,60.61
09/19/2022,61.75,"2,024,595",61.27,61.885,61.075
09/16/2022,61.54,"3,976,754",61.08,61.68,60.65
09/15/2022,61.49,"2,335,978",62.58,62.69,61.28
09/14/2022,62.52,"2,608,958",62.98,62.99,62.0
09/13/2022,62.76,"1,078,709",64.12,64.28,62.62
09/12/2022,65.3,"941,356",65.5,65.62,64.96
09/09/2022,65.41,"941,256",65.58,66.19,65.345
09/08/2022,65.55,"620,484",64.88,65.61,64.68
09/07/2022,65.26,"890,156",63.6,65.38,63.5
09/06/2022,63.36,"817,583",62.98,63.9,62.94
09/02/2022,62.89,"758,542",64.21,64.47,62.56
09/01/2022,63.66,"984,694",63.0,63.69,62.43
08/31/2022,63.04,"1,084,481",64.26,64.495,63.02
08/30/2022,63.8,"636,113",64.74,64.74,63.64
08/29/2022,64.37,"990,089",64.44,65.01,63.9
08/26/2022,65.09,"624,950",66.71,66.71,65.06
08/25/2022,66.57,"712,839",65.62,66.62,65.31
08/24/2022,65.35,"816,857",65.24,65.6,64.99
08/23/2022,65.05,"633,306",65.72,65.91,64.96
08/22/2022,65.93,"864,137",66.58,66.905,65.83
08/19/2022,67.27,"916,036",67.56,67.62,66.95
08/18/2022,67.81,"1,668,705",67.93,68.08,67.21
08/17/2022,67.94,"614,298",67.53,68.27,67.37
08/16/2022,68.14,"713,967",67.68,68.43,67.61
08/15/2022,67.99,"784,781",67.28,68.125,66.99
08/12/2022,67.55,"1,393,144",67.03,67.59,66.84
08/11/2022,66.54,"737,523",66.71,67.35,66.26
08/10/2022,66.37,"1,240,034",66.0,66.53,65.94
08/09/2022,65.52,"800,574",65.07,66.01,64.975
08/08/2022,65.28,"692,272",65.16,65.69,64.92
08/05/2022,64.9,"563,787",63.8,64.94,63.6266
08/04/2022,64.31,"1,143,506",64.15,64.57,63.99
08/03/2022,64.29,"672,556",63.17,64.495,63.145
08/02/2022,62.88,"915,006",62.99,63.6,62.69
08/01/2022,63.18,"1,040,509",64.11,64.45,63.06
07/29/2022,65.1,"1,308,687",64.57,65.7,64.49
07/28/2022,64.38,"1,275,043",63.22,64.44,62.53
07/27/2022,63.08,"1,036,150",62.0,63.37,62.0
07/26/2022,61.69,"1,347,419",61.5,62.585,61.23
07/25/2022,62.39,"1,036,901",62.1,62.59,61.73
07/22/2022,61.97,"938,148",62.61,62.8,61.41
07/21/2022,62.36,"1,010,566",60.86,62.395,60.73
07/20/2022,60.68,"1,447,198",60.89,61.26,60.45
07/19/2022,60.85,"1,463,901",59.42,60.92,59.25
07/18/2022,58.76,"1,227,998",59.38,60.18,58.61
07/15/2022,59.31,"1,065,377",59.26,59.65,58.99
07/14/2022,58.3,"792,282",57.9,58.52,57.48
07/13/2022,58.89,"853,568",58.26,59.43,58.1
07/12/2022,59.04,"1,000,189",59.34,60.185,58.62
07/11/2022,59.65,"606,346",59.88,60.1,59.4807
07/08/2022,60.08,"992,408",60.5,60.62,59.88
07/07/2022,60.45,"1,238,475",60.43,60.79,60.16
07/06/2022,60.42,"1,209,398",60.07,60.82,59.517
07/05/2022,59.9,"2,447,322",58.66,59.97,58.51
07/01/2022,59.33,"1,434,760",58.33,59.34,58.1
06/30/2022,58.34,"1,606,615",57.66,58.54,57.28
06/29/2022,58.0,"1,659,998",57.75,58.16,57.35
06/28/2022,57.71,"1,061,108",59.1,59.92,57.681
06/27/2022,59.02,"1,253,491",59.09,59.26,58.35
06/24/2022,59.06,"1,377,714",57.72,59.11,57.6
06/23/2022,57.29,"1,578,937",55.87,57.64,55.66
06/22/2022,55.49,"1,342,400",54.24,56.37,54.24
06/21/2022,54.87,"1,358,748",54.08,55.1,54.04
06/17/2022,53.5,"2,002,599",53.5,54.12,53.1
06/16/2022,53.28,"1,796,292",53.8,53.88,52.91
06/15/2022,54.94,"1,086,085",55.34,55.88,54.02
06/14/2022,54.66,"1,372,214",54.45,55.21,54.0901
06/13/2022,54.49,"1,227,285",54.6,55.38,53.92
06/10/2022,55.75,"1,236,856",55.63,56.48,55.23
06/09/2022,56.84,"1,058,211",58.47,58.84,56.81
06/08/2022,58.44,"924,410",58.73,59.41,58.39
06/07/2022,59.25,"978,164",58.36,59.27,58.02
06/06/2022,58.92,"1,654,424",59.35,59.84,58.76
06/03/2022,58.74,"1,041,414",58.75,59.38,58.57
06/02/2022,59.61,"1,310,617",58.05,59.66,57.61
06/01/2022,58.01,"1,359,045",59.52,59.85,57.5
05/31/2022,59.37,"8,115,632",59.47,59.91,58.43
05/27/2022,59.95,"2,452,293",58.4,59.96,58.29
05/26/2022,58.1,"2,128,307",56.8,58.37,56.3175
05/25/2022,56.18,"2,386,192",55.78,56.48,55.32
05/24/2022,55.96,"1,830,279",55.67,56.16,54.62
05/23/2022,55.97,"2,291,155",55.63,56.17,54.65
05/20/2022,55.0,"5,480,465",55.23,55.37,53.4
05/19/2022,54.71,"3,081,399",55.03,55.36,53.9091
05/18/2022,55.26,"1,612,888",57.63,57.78,55.11
05/17/2022,58.28,"1,836,450",58.05,58.36,57.235
05/16/2022,57.46,"1,521,414",57.78,57.98,57.0
05/13/2022,57.9,"1,822,559",56.6,58.23,56.41
05/12/2022,56.06,"2,142,838",55.88,56.91,55.245
05/11/2022,56.09,"2,079,256",57.28,57.97,55.98
05/10/2022,57.55,"2,949,254",57.14,57.99,56.24
05/09/2022,56.58,"2,037,679",57.86,57.939,56.35
05/06/2022,58.24,"1,880,368",58.47,58.79,57.51
05/05/2022,58.96,"1,538,222",60.92,61.31,58.25
05/04/2022,61.51,"2,328,782",59.92,61.64,58.82
05/03/2022,59.96,"2,099,044",60.27,61.29,59.69
05/02/2022,60.08,"3,251,930",62.5,62.7,58.55
04/29/2022,61.98,"3,801,190",64.96,65.085,61.76
04/28/2022,65.77,"1,901,351",65.3,66.2,64.3
04/27/2022,64.71,"2,062,675",65.7,66.18,64.515
04/26/2022,65.68,"2,471,527",68.72,68.85,65.66
04/25/2022,68.45,"1,734,144",67.46,68.625,66.615
04/22/2022,67.73,"1,370,646",70.44,70.56,67.63
04/21/2022,70.68,"1,645,919",71.59,72.04,70.525
04/20/2022,71.06,"1,708,018",70.39,71.27,70.2
04/19/2022,70.16,"1,553,690",70.05,70.46,69.55
04/18/2022,69.92,"1,767,387",70.54,71.085,69.59
04/14/2022,71.26,"951,736",71.98,72.375,71.2
04/13/2022,71.85,"1,163,669",71.85,72.19,70.93
04/12/2022,71.94,"945,435",72.67,73.45,71.69
04/11/2022,72.51,"1,067,792",72.85,73.24,71.89
04/08/2022,72.96,"930,509",73.41,73.83,72.8558
04/07/2022,73.4,"1,489,777",72.92,73.865,72.35
04/06/2022,72.88,"1,220,644",71.89,72.99,71.6
04/05/2022,72.36,"1,057,193",72.04,73.6,72.01
04/04/2022,72.2,"1,266,287",72.41,73.335,72.01
04/01/2022,72.56,"1,785,983",72.55,73.51,72.03
03/31/2022,72.27,"2,290,238",72.88,74.0,72.27
03/30/2022,72.71,"1,109,029",72.43,72.73,72.01
03/29/2022,72.48,"1,178,716",72.78,73.17,71.85
03/28/2022,72.11,"1,687,374",70.75,72.25,70.7
03/25/2022,70.37,"1,558,165",69.25,70.4,69.035
03/24/2022,68.99,"1,575,987",68.68,69.4125,68.61
03/23/2022,68.68,"1,832,759",68.79,69.74,68.6
03/22/2022,69.21,"2,653,734",69.84,69.88,68.57
03/21/2022,69.51,"1,937,894",69.61,70.23,68.55
03/18/2022,69.59,"2,982,653",68.34,69.81,68.0599
03/17/2022,68.03,"1,815,323",66.73,68.17,66.7
03/16/2022,66.88,"1,883,721",66.23,67.54,65.255
03/15/2022,65.98,"2,258,081",64.67,66.06,64.27
03/14/2022,63.56,"1,117,608",63.33,64.16,62.74
03/11/2022,62.71,"1,404,033",63.6,64.185,62.63
03/10/2022,63.18,"2,235,413",62.61,63.91,62.61
03/09/2022,63.54,"2,700,388",62.4,64.23,61.62
03/08/2022,61.13,"4,909,286",66.15,66.33,61.12
03/07/2022,66.23,"1,548,883",67.82,68.01,66.095
03/04/2022,68.41,"1,074,840",67.59,68.51,66.98
03/03/2022,68.11,"1,349,598",68.16,68.87,67.41
03/02/2022,67.71,"1,426,607",67.49,68.16,66.8099
03/01/2022,66.87,"2,225,093",67.43,68.0,66.42
02/28/2022,67.61,"2,465,679",66.46,67.86,66.4
02/25/2022,67.59,"2,262,671",66.26,67.75,66.1
02/24/2022,66.15,"2,108,054",62.87,66.4,62.41
02/23/2022,64.23,"1,341,299",65.99,66.3,64.15
02/22/2022,65.68,"1,689,662",66.09,66.58,65.09
02/18/2022,66.14,"1,806,691",65.62,66.56,65.37
02/17/2022,65.63,"1,597,013",66.24,66.55,65.3282
02/16/2022,66.61,"974,965",66.14,66.81,65.71
02/15/2022,66.58,"1,094,663",66.8,67.25,66.19
02/14/2022,65.98,"1,618,958",66.73,67.4,65.47
02/11/2022,66.91,"1,919,936",69.08,69.27,66.63
02/10/2022,69.1,"2,943,286",68.98,70.5,68.68
02/09/2022,70.02,"1,358,587",68.65,70.04,68.65
02/08/2022,68.03,"1,464,814",67.68,68.24,66.2
02/07/2022,67.6,"1,935,071",67.59,68.26,67.5
02/04/2022,67.53,"1,216,837",66.39,68.17,66.17
02/03/2022,66.64,"1,524,827",67.45,67.99,66.44
02/02/2022,68.08,"2,066,317",66.66,68.52,66.58
02/01/2022,66.67,"2,182,413",66.28,66.79,65.14
01/31/2022,66.28,"6,616,592",64.36,66.58,64.05
01/28/2022,64.38,"2,101,325",62.07,64.42,61.49
01/27/2022,61.97,"2,698,687",63.82,64.15,61.3
01/26/2022,63.25,"2,021,014",64.99,65.62,62.55
01/25/2022,64.42,"3,269,046",66.1,67.36,63.02
01/24/2022,64.61,"2,441,575",62.72,64.945,61.94
01/21/2022,63.13,"1,799,027",64.29,64.685,63.11
01/20/2022,64.24,"1,428,849",65.25,65.89,64.055
01/19/2022,64.63,"1,633,304",66.6,66.6,64.56
01/18/2022,65.96,"1,724,246",66.32,66.81,65.52
01/14/2022,67.05,"1,948,971",68.3,68.52,66.29
01/13/2022,68.58,"1,103,005",69.54,69.54,68.34
01/12/2022,69.43,"1,430,199",68.59,69.69,68.23
01/11/2022,68.35,"1,247,037",68.26,68.46,67.05
01/10/2022,68.08,"1,263,882",68.21,68.5199,66.91
01/07/2022,68.6,"2,321,362",68.45,68.77,67.58
01/06/2022,68.54,"1,207,163",67.58,68.86,67.15
01/05/2022,67.45,"1,669,327",69.28,69.37,67.435
01/04/2022,69.12,"1,600,683",68.91,69.43,68.25
01/03/2022,68.79,"1,543,509",70.395,70.6,68.3222
12/31/2021,70.28,"938,341",69.71,70.75,69.48
12/30/2021,69.81,"701,176",70.0,70.175,69.65
12/29/2021,69.83,"523,394",69.5,70.12,69.5
12/28/2021,69.34,"590,773",69.57,70.07,69.08
12/27/2021,69.46,"514,434",68.41,69.48,68.23
12/23/2021,68.03,"661,524",68.02,68.38,67.63
12/22/2021,67.57,"749,285",66.5,67.62,66.48
12/21/2021,66.49,"1,090,833",66.44,67.12,66.04
12/20/2021,65.95,"1,669,511",65.2,66.08,64.41
12/17/2021,65.87,"3,168,477",67.06,67.15,65.62
12/16/2021,67.24,"1,158,227",68.04,68.53,66.81
12/15/2021,68.06,"1,586,605",67.27,68.17,66.61
12/14/2021,66.96,"1,155,883",66.86,67.24,65.86
12/13/2021,66.95,"880,293",67.12,67.45,66.07
12/10/2021,67.21,"1,136,091",67.71,67.765,66.43
12/09/2021,67.06,"680,006",67.32,67.61,66.98
12/08/2021,67.68,"1,561,242",67.3,67.91,66.6701
12/07/2021,67.05,"1,715,560",66.42,67.18,66.3
12/06/2021,65.89,"1,101,798",65.79,66.39,65.48
12/03/2021,65.21,"1,446,741",66.08,66.2,64.57
12/02/2021,65.87,"1,379,040",64.05,66.315,63.8
12/01/2021,63.69,"1,804,190",65.24,66.07,63.68
11/30/2021,64.41,"2,310,712",65.01,65.79,64.22
11/29/2021,65.41,"797,608",65.47,65.73,64.78
11/26/2021,64.76,"810,389",65.33,65.68,64.36
11/24/2021,66.34,"949,269",65.52,66.43,65.48
11/23/2021,65.81,"1,016,138",65.27,65.86,64.97
11/22/2021,65.28,"1,674,481",64.91,65.97,64.58
11/19/2021,64.54,"3,439,982",64.25,65.0,63.65
11/18/2021,64.14,"888,453",64.84,65.32,64.1
11/17/2021,64.72,"939,464",64.87,65.2,64.2
11/16/2021,64.93,"1,240,756",64.42,65.558,64.42
11/15/2021,64.3,"1,020,388",64.61,65.029,64.03
11/12/2021,64.52,"1,236,299",64.16,64.72,63.89
11/11/2021,63.69,"1,003,803",63.1,63.9,62.85
11/10/2021,63.19,"1,002,557",62.99,63.48,62.87
11/09/2021,63.01,"1,391,205",62.58,63.33,62.51
11/08/2021,62.71,"1,344,566",62.36,62.83,61.78
11/05/2021,61.97,"1,438,321",61.93,62.266,61.61
11/04/2021,61.53,"1,437,603",61.9,62.095,61.245
11/03/2021,61.82,"1,679,758",62.78,63.52,61.01
11/02/2021,62.73,"1,622,254",61.87,63.12,61.8
11/01/2021,61.87,"1,522,985",63.28,63.3,61.4
10/29/2021,63.11,"1,798,028",62.98,63.52,62.67
10/28/2021,62.95,"1,055,401",62.78,63.43,62.66
10/27/2021,62.65,"1,807,614",64.26,64.52,62.29
10/26/2021,63.9,"2,303,223",66.35,66.94,63.45
10/25/2021,66.46,"1,645,907",66.45,67.24,66.23
10/22/2021,66.49,"1,188,438",65.81,66.61,65.64
10/21/2021,65.63,"1,503,996",64.88,65.66,64.74
10/20/2021,64.57,"1,619,566",64.33,64.77,64.33
10/19/2021,64.09,"1,388,796",64.41,64.41,63.65
10/18/2021,64.01,"1,308,906",64.05,64.59,63.905
10/15/2021,64.32,"1,530,685",63.5,64.72,63.35
10/14/2021,63.13,"1,208,175",62.11,63.17,62.015
10/13/2021,61.63,"1,026,858",60.69,61.705,60.41
10/12/2021,60.75,"967,765",60.52,61.345,60.23
10/11/2021,60.25,"939,168",60.09,60.865,59.94
10/08/2021,59.99,"757,674",59.5,60.07,59.325
10/07/2021,59.45,"946,576",59.18,59.87,59.05
10/06/2021,58.8,"933,497",57.65,58.83,57.53
10/05/2021,58.13,"1,602,432",57.48,58.47,57.18
10/04/2021,57.18,"1,398,049",57.63,58.07,56.79
10/01/2021,57.6,"2,024,062",55.7,57.97,55.465
09/30/2021,55.45,"1,631,704",56.47,56.58,55.44
09/29/2021,56.23,"1,093,523",55.9,56.6,55.9
09/28/2021,55.79,"1,450,104",57.25,57.25,55.56
09/27/2021,57.32,"1,044,633",58.22,58.22,57.27
09/24/2021,58.1,"812,303",57.51,58.14,57.46
09/23/2021,57.48,"1,162,463",57.75,58.01,57.145
09/22/2021,57.4,"1,474,856",57.06,57.565,56.405
09/21/2021,56.63,"1,626,816",56.65,56.975,56.21
09/20/2021,56.34,"2,672,607",55.88,56.69,55.62
09/17/2021,57.01,"48,381,810",57.66,57.71,56.17
09/16/2021,57.46,"1,217,399",57.44,57.57,56.64
09/15/2021,57.48,"1,390,733",56.12,57.8,56.03
09/14/2021,56.1,"2,333,201",57.44,57.669,55.77
09/13/2021,57.45,"1,078,960",58.31,58.31,57.055
09/10/2021,57.77,"1,147,494",58.44,58.6645,57.71
09/09/2021,58.43,"1,264,054",58.63,59.105,58.41
09/08/2021,58.57,"1,204,891",58.03,58.6,57.835
09/07/2021,58.13,"2,508,602",59.2,59.46,57.91
09/03/2021,58.94,"788,900",58.49,59.035,58.35
09/02/2021,58.73,"789,851",58.7,58.96,58.3366
09/01/2021,58.46,"814,430",58.0,58.69,57.65
08/31/2021,58.05,"1,079,695",58.0,58.48,57.94
08/30/2021,58.03,"586,533",58.25,58.47,58.01
08/27/2021,58.15,"1,095,899",57.71,58.25,57.63
08/26/2021,57.61,"624,252",57.72,58.04,57.55
08/25/2021,57.86,"663,488",57.77,58.13,57.5
08/24/2021,57.68,"892,563",57.69,57.91,57.57
08/23/2021,57.72,"969,981",57.9,58.495,57.71
08/20/2021,57.76,"889,466",56.87,57.88,56.86
08/19/2021,56.86,"745,303",56.49,57.07,56.3
08/18/2021,56.72,"1,525,854",56.51,57.16,56.21
08/17/2021,56.57,"816,038",56.24,56.62,56.09
08/16/2021,56.38,"763,495",55.78,56.43,55.6
08/13/2021,55.75,"967,384",55.56,55.88,55.4
08/12/2021,55.38,"578,406",55.42,55.55,55.14
08/11/2021,55.38,"817,151",55.09,55.44,54.98
08/10/2021,54.87,"985,330",54.85,55.19,54.66
08/09/2021,54.79,"718,203",54.42,54.83,54.24
08/06/2021,54.48,"812,424",54.49,54.65,54.14
08/05/2021,54.2,"1,053,402",53.93,54.21,53.69
08/04/2021,53.7,"1,006,161",53.86,54.28,53.515
08/03/2021,54.12,"1,284,576",54.32,54.75,53.97
08/02/2021,54.24,"1,778,261",54.655,54.79,54.02
07/30/2021,54.4,"1,756,529",55.09,55.37,54.33
07/29/2021,54.84,"925,518",54.35,55.05,54.25
07/28/2021,54.1,"1,498,814",54.78,54.97,53.805
07/27/2021,54.78,"1,845,457",54.08,56.22,53.3575
07/26/2021,54.4,"1,682,939",54.41,54.94,54.0
07/23/2021,54.35,"921,627",53.79,54.42,53.62
07/22/2021,53.57,"994,010",53.22,53.66,53.17
07/21/2021,53.27,"1,280,242",53.64,53.9399,53.16
07/20/2021,53.39,"1,402,229",52.78,53.995,52.66
07/19/2021,52.67,"778,292",53.3,53.4,52.22
07/16/2021,53.74,"912,804",53.68,53.99,53.4
07/15/2021,53.53,"910,495",52.49,53.75,52.364
07/14/2021,52.78,"721,431",52.72,52.96,52.51
07/13/2021,52.61,"691,602",53.33,53.33,52.6
07/12/2021,53.28,"720,969",52.83,53.3,52.75
07/09/2021,52.95,"764,400",52.57,53.125,52.57
07/08/2021,52.31,"1,171,874",53.11,53.185,52.18
07/07/2021,53.6,"927,850",53.52,53.71,53.345
07/06/2021,53.56,"941,963",53.67,53.801,53.14
07/02/2021,53.67,"788,341",53.56,53.88,53.44
07/01/2021,53.52,"922,354",53.1,53.77,53.1
06/30/2021,53.14,"914,092",53.53,53.63,53.04
06/29/2021,53.52,"909,269",53.15,53.74,52.995
06/28/2021,52.97,"972,640",53.56,53.66,52.79
06/25/2021,53.49,"1,291,393",53.24,53.68,53.13
06/24/2021,53.22,"1,127,981",53.06,53.38,52.82
06/23/2021,52.92,"791,353",52.85,53.18,52.78
06/22/2021,52.85,"758,848",52.51,53.12,52.28
06/21/2021,52.46,"914,883",52.08,52.55,51.58
06/18/2021,51.81,"1,721,402",52.27,52.43,51.73
06/17/2021,52.63,"1,239,282",52.62,53.19,52.33
06/16/2021,52.71,"1,239,966",53.01,53.21,52.53
06/15/2021,52.94,"898,970",52.12,53.125,51.97
06/14/2021,52.12,"721,899",52.16,52.18,51.9138
06/11/2021,52.17,"593,029",51.8,52.18,51.71
06/10/2021,51.81,"552,318",51.85,52.1,51.75
06/09/2021,51.72,"508,482",52.0,52.11,51.66
06/08/2021,52.06,"550,591",51.62,52.06,51.47
06/07/2021,51.71,"524,547",52.37,52.37,51.69
06/04/2021,52.37,"478,474",52.4,52.45,52.06
06/03/2021,52.27,"1,105,580",52.18,52.715,51.92
06/02/2021,52.37,"655,361",52.75,52.75,52.28
06/01/2021,52.55,"1,035,464",52.76,52.99,52.28
05/28/2021,52.52,"579,473",52.57,52.73,52.3
05/27/2021,52.41,"1,681,517",51.84,52.48,51.665
05/26/2021,51.66,"1,364,856",51.7,51.91,51.47
05/25/2021,51.82,"872,208",52.28,52.38,51.76
05/24/2021,52.16,"767,117",52.28,52.35,52.01
05/21/2021,52.09,"671,429",52.39,52.64,51.76
05/20/2021,52.26,"776,199",52.06,52.57,51.76
05/19/2021,52.02,"784,922",51.71,52.06,51.41
05/18/2021,52.06,"768,711",52.3,52.55,51.98
05/17/2021,52.23,"531,326",52.38,52.48,51.895
05/14/2021,52.51,"827,451",52.36,52.73,52.12
05/13/2021,52.15,"1,043,285",50.8,52.32,50.78
05/12/2021,50.9,"844,089",51.84,52.15,50.88
05/11/2021,51.98,"1,116,768",53.12,53.13,51.88
05/10/2021,53.37,"1,070,312",53.79,54.37,53.36
05/07/2021,53.69,"1,222,527",53.29,54.05,53.23
05/06/2021,53.55,"1,465,861",53.4,53.74,53.26
05/05/2021,53.16,"1,192,050",53.42,53.42,52.58
05/04/2021,53.38,"639,659",53.0,53.48,52.97
05/03/2021,53.1,"1,201,638",53.27,53.51,52.78
04/30/2021,53.18,"1,781,620",52.92,53.795,52.9148
04/29/2021,52.81,"2,502,005",52.65,53.005,51.65
04/28/2021,52.43,"1,091,371",51.86,52.65,51.86
04/27/2021,51.87,"1,499,584",52.27,52.9999,51.6501
04/26/2021,49.8,"844,242",50.58,50.9,49.78
04/23/2021,50.48,"1,207,175",50.08,50.62,50.02
04/22/2021,49.97,"1,090,447",49.69,50.24,49.45
04/21/2021,49.8,"887,962",49.42,49.86,49.1501
04/20/2021,49.37,"663,212",49.51,49.88,49.32
04/19/2021,49.48,"942,762",49.67,49.68,49.3
04/16/2021,49.55,"863,877",49.43,49.75,49.09
04/15/2021,48.97,"742,562",48.46,49.03,48.45
04/14/2021,48.23,"848,803",48.51,48.8299,48.14
04/13/2021,48.47,"933,480",47.62,48.52,47.62
04/12/2021,47.86,"716,470",47.88,48.05,47.65
04/09/2021,47.83,"788,008",47.52,47.86,47.18
04/08/2021,47.34,"754,456",47.21,47.45,46.8974
04/07/2021,47.12,"664,064",47.11,47.15,46.66
04/06/2021,46.95,"528,277",46.59,46.97,46.52
04/05/2021,46.68,"794,503",46.76,47.09,46.46
04/01/2021,46.52,"1,088,950",45.81,46.56,45.72
03/31/2021,45.71,"1,206,338",46.06,46.16,45.53
03/30/2021,46.01,"743,949",46.21,46.44,45.86
03/29/2021,46.25,"1,016,426",45.92,46.455,45.86
03/26/2021,46.19,"1,153,719",46.01,46.25,45.71
03/25/2021,45.9,"1,050,641",45.71,46.04,45.56
03/24/2021,45.88,"1,001,075",45.68,46.29,45.68
03/23/2021,45.62,"977,688",45.28,45.96,45.23
03/22/2021,45.34,"1,244,181",44.54,45.6,44.54
03/19/2021,44.76,"3,497,834",45.75,45.89,44.61
03/18/2021,45.71,"1,448,499",46.38,46.38,45.62
03/17/2021,46.37,"1,202,106",46.96,46.96,46.28
03/16/2021,46.95,"643,386",46.99,47.15,46.58
03/15/2021,47.15,"803,913",46.89,47.21,46.6
03/12/2021,46.82,"863,082",46.56,46.92,46.385
03/11/2021,46.41,"871,619",46.53,46.53,46.04
03/10/2021,46.51,"925,946",46.09,46.735,45.97
03/09/2021,46.07,"1,321,008",46.51,46.88,46.05
03/08/2021,46.35,"716,592",46.12,47.0299,45.95
03/05/2021,46.04,"950,034",45.33,46.14,45.01
03/04/2021,44.93,"1,095,409",45.55,45.77,44.8
03/03/2021,45.55,"941,169",46.04,46.74,45.55
03/02/2021,46.38,"1,266,544",46.64,46.8,45.87
03/01/2021,46.84,"987,721",46.4,47.345,46.2
02/26/2021,45.9,"1,117,238",46.8,47.09,45.9
02/25/2021,46.74,"1,121,172",47.78,47.9009,46.71
02/24/2021,47.79,"1,305,160",46.93,47.99,46.72
02/23/2021,46.93,"1,335,782",46.29,47.1,45.83
02/22/2021,46.18,"1,600,011",45.32,46.36,45.09
02/19/2021,45.59,"1,512,801",44.57,45.6,44.27
02/18/2021,44.32,"985,223",44.15,44.45,43.91
02/17/2021,44.25,"1,200,399",44.14,44.3848,43.91
02/16/2021,44.47,"1,867,875",44.71,44.88,44.06
02/12/2021,44.8,"830,914",45.22,45.3,44.6
02/11/2021,45.3,"815,425",45.08,45.49,44.95
02/10/2021,45.08,"560,892",45.5,45.71,44.95
02/09/2021,45.33,"726,606",45.51,45.8,45.2464
02/08/2021,45.5,"1,610,277",44.82,45.51,44.67
02/05/2021,44.77,"784,611",44.33,44.94,44.25
02/04/2021,43.91,"1,092,857",43.73,44.42,43.36
02/03/2021,43.73,"926,292",44.4,44.56,43.53
02/02/2021,44.69,"1,228,149",43.4,44.69,43.31
02/01/2021,42.96,"1,540,890",43.35,43.7,42.72
01/29/2021,43.09,"1,916,412",43.56,44.5,43.07
01/28/2021,43.9,"1,498,022",44.19,44.69,43.86
01/27/2021,44.08,"1,650,162",45.19,45.39,44.03
01/26/2021,45.67,"1,949,469",47.28,47.97,45.63
01/25/2021,47.73,"1,129,779",47.42,48.13,47.27
01/22/2021,47.49,"726,835",47.43,47.65,47.15
01/21/2021,47.46,"938,285",47.52,47.98,47.34
01/20/2021,47.61,"823,110",46.64,47.67,46.55
01/19/2021,46.73,"794,385",46.76,47.24,46.57
01/15/2021,46.3,"1,000,421",45.7,46.75,45.66
01/14/2021,45.75,"561,060",46.51,46.66,45.71
01/13/2021,46.28,"767,177",46.62,46.94,46.19
01/12/2021,46.85,"575,006",46.89,47.22,46.71
01/11/2021,46.98,"807,938",47.77,47.85,46.87
01/08/2021,48.02,"961,796",48.17,48.76,47.45
01/07/2021,47.88,"1,076,873",47.45,48.21,47.17
01/06/2021,47.23,"1,534,503",46.58,47.415,45.89
01/05/2021,46.32,"932,071",46.48,46.71,46.06
01/04/2021,46.35,"1,369,956",47.5,47.5,45.605
12/31/2020,47.41,"900,045",46.53,47.54,46.17
12/30/2020,46.25,"712,017",46.28,46.71,46.0
12/29/2020,46.03,"647,977",46.08,46.25,45.74
12/28/2020,45.88,"367,347",46.56,46.78,45.85
12/24/2020,46.31,"262,630",45.84,46.33,45.74
12/23/2020,45.69,"852,917",46.0,46.25,45.54
12/22/2020,45.69,"891,861",45.78,45.97,45.54
12/21/2020,46.0,"788,063",45.68,46.03,45.01
12/18/2020,45.97,"2,601,358",47.13,47.16,45.81
12/17/2020,46.69,"763,396",46.04,46.71,46.01
12/16/2020,45.97,"853,333",46.91,46.94,45.88
12/15/2020,46.63,"936,506",45.74,46.71,45.52
12/14/2020,45.45,"1,069,176",45.37,46.135,45.26
12/11/2020,45.01,"1,108,524",44.59,45.6,44.59
12/10/2020,44.88,"869,423",45.02,45.39,44.87
12/09/2020,45.23,"1,025,406",45.43,45.62,45.17
12/08/2020,45.33,"963,466",44.34,45.51,44.31
12/07/2020,44.61,"1,359,780",44.73,45.26,44.45
12/04/2020,44.81,"1,091,335",44.6,45.13,44.5
12/03/2020,44.61,"1,273,230",44.99,45.35,44.505
12/02/2020,45.07,"1,039,990",45.71,45.8897,44.62
12/01/2020,45.61,"1,690,681",45.48,45.615,44.9
11/30/2020,45.03,"1,712,631",45.34,45.45,44.865
11/27/2020,45.62,"711,065",45.66,45.96,45.36
11/25/2020,45.86,"1,069,683",46.32,46.53,45.53
11/24/2020,46.45,"1,090,443",46.76,47.41,46.29
11/23/2020,46.51,"1,079,879",47.37,47.4451,46.35
11/20/2020,47.18,"1,508,722",47.49,47.835,46.97
11/19/2020,47.44,"839,018",47.05,47.72,46.5
11/18/2020,46.99,"702,364",47.37,47.525,46.97
11/17/2020,47.39,"611,311",47.28,47.52,46.93
11/16/2020,47.66,"643,115",47.52,47.7,47.16
11/13/2020,47.16,"428,774",46.63,47.19,46.595
11/12/2020,46.35,"630,884",46.66,47.0,46.06
11/11/2020,46.97,"640,859",47.56,47.57,46.64
11/10/2020,47.19,"795,471",46.1,47.25,45.9065
11/09/2020,45.92,"1,853,953",48.0,48.61,45.77
11/06/2020,45.73,"576,475",45.75,45.93,45.5
11/05/2020,45.5,"746,359",46.13,46.4,45.45
11/04/2020,45.89,"871,007",44.13,46.46,44.08
11/03/2020,44.32,"1,211,139",44.94,44.94,44.18
11/02/2020,44.5,"943,812",44.06,44.805,43.89
10/30/2020,43.51,"1,457,251",43.38,44.32,43.04
10/29/2020,43.46,"1,091,826",43.94,44.23,43.07
10/28/2020,44.17,"1,168,436",44.54,44.75,43.94
10/27/2020,45.22,"1,199,371",47.25,47.33,44.76
10/26/2020,46.59,"1,241,037",46.36,46.73,45.85
10/23/2020,46.72,"791,845",46.8,46.81,46.23
10/22/2020,46.64,"737,385",46.6,46.95,46.34
10/21/2020,46.55,"576,502",46.61,47.0,46.415
10/20/2020,46.41,"577,233",46.56,47.0139,46.29
10/19/2020,46.46,"534,264",47.46,47.71,46.39
10/16/2020,47.45,"430,715",47.5,47.895,47.3
10/15/2020,47.32,"696,946",46.59,47.65,46.35
10/14/2020,46.98,"661,507",47.48,47.95,46.96
10/13/2020,47.37,"682,883",48.1,48.45,47.27
10/12/2020,48.31,"590,793",47.51,48.37,47.31
10/09/2020,47.22,"727,912",47.0,47.5,46.84
10/08/2020,46.71,"612,333",46.57,46.85,46.32
10/07/2020,46.27,"764,312",45.96,46.41,45.86
10/06/2020,45.73,"1,044,863",45.93,46.47,45.6
10/05/2020,45.73,"1,004,554",45.81,46.0,45.37
10/02/2020,45.36,"1,003,622",44.54,45.9,44.445
10/01/2020,44.94,"995,164",45.51,45.71,44.75
09/30/2020,45.27,"922,749",45.33,45.645,44.94
09/29/2020,45.17,"1,067,118",44.83,45.42,44.73
09/28/2020,44.87,"783,303",44.28,44.99,44.05
09/25/2020,43.94,"675,760",43.4,44.0,43.06
09/24/2020,43.56,"1,016,095",43.37,44.32,43.16
09/23/2020,43.34,"919,864",44.48,44.7509,43.31
09/22/2020,44.51,"864,735",43.94,44.63,43.91
09/21/2020,44.02,"1,663,561",44.02,44.42,43.445
09/18/2020,44.8,"2,466,460",45.1,45.52,44.71
09/17/2020,44.76,"979,006",44.7,45.07,44.3
09/16/2020,45.18,"1,082,891",45.44,45.9,45.13
09/15/2020,45.16,"674,905",45.36,45.795,45.09
09/14/2020,45.17,"947,190",45.11,45.51,44.97
09/11/2020,44.64,"1,022,008",45.01,45.22,44.48
09/10/2020,44.86,"763,861",45.36,45.66,44.84
09/09/2020,45.4,"1,451,439",44.61,45.97,44.44
09/08/2020,44.19,"1,754,288",44.95,45.0,43.47
09/04/2020,45.25,"959,836",46.19,46.39,44.47
09/03/2020,45.88,"771,331",47.39,47.41,45.64
09/02/2020,47.18,"826,293",46.65,47.29,46.495
09/01/2020,46.69,"725,598",46.4,46.79,46.13
08/31/2020,46.4,"882,194",46.07,46.69,45.95
08/28/2020,46.21,"710,933",46.36,46.38,45.8
08/27/2020,46.06,"739,880",45.86,46.36,45.81
08/26/2020,45.66,"1,105,558",46.0,46.0,45.47
08/25/2020,46.01,"723,301",45.99,46.28,45.76
08/24/2020,45.72,"604,412",45.88,45.88,45.42
08/21/2020,45.52,"1,019,667",45.68,45.68,45.21
08/20/2020,45.79,"544,171",45.75,46.16,45.66
08/19/2020,45.96,"391,089",46.09,46.34,45.95
08/18/2020,46.09,"628,488",45.84,46.29,45.76
08/17/2020,46.0,"650,447",45.91,46.13,45.7
08/14/2020,45.82,"433,291",45.72,46.22,45.65
08/13/2020,45.82,"516,876",45.53,46.01,45.52
08/12/2020,45.8,"732,395",46.16,46.305,45.74
08/11/2020,45.66,"971,739",46.25,46.43,45.61
08/10/2020,45.93,"727,694",46.1,46.34,45.78
08/07/2020,46.06,"628,931",45.55,46.08,45.45
08/06/2020,45.62,"713,986",45.57,45.86,45.385
08/05/2020,45.63,"745,873",45.61,45.79,45.47
08/04/2020,45.46,"875,426",45.14,45.46,44.905
08/03/2020,45.53,"930,532",45.5,46.09,45.335
07/31/2020,45.47,"1,761,449",44.9,45.48,44.41
07/30/2020,44.76,"1,004,209",44.46,44.89,44.16
07/29/2020,44.96,"995,785",44.57,45.19,44.48
07/28/2020,44.48,"1,554,737",46.21,46.48,43.5
07/27/2020,45.49,"930,148",45.45,45.88,45.3
07/24/2020,45.4,"1,323,692",45.15,45.635,44.94
07/23/2020,45.11,"1,555,031",45.0,45.84,44.98
07/22/2020,44.96,"1,275,074",44.01,44.99,44.01
07/21/2020,44.29,"1,259,929",43.92,44.67,43.855
07/20/2020,43.76,"730,875",43.51,43.925,43.46
07/17/2020,43.7,"868,250",43.5,43.97,43.08
07/16/2020,43.43,"1,553,222",42.32,43.47,42.22
07/15/2020,42.31,"961,952",42.42,42.65,42.19
07/14/2020,41.95,"1,212,801",40.96,41.95,40.96
07/13/2020,40.95,"889,153",41.77,41.87,40.87
07/10/2020,41.42,"628,906",41.04,41.43,40.74
07/09/2020,40.9,"830,929",41.06,41.21,40.27
07/08/2020,41.07,"1,053,899",40.86,41.41,40.71
07/07/2020,40.75,"1,055,750",40.47,41.23,40.33
07/06/2020,40.64,"1,548,119",41.56,41.59,40.5
07/02/2020,40.85,"1,544,422",41.35,41.55,40.79
07/01/2020,41.09,"1,266,221",40.71,41.28,40.59
06/30/2020,40.76,"1,215,107",39.95,40.88,39.93
06/29/2020,39.97,"1,011,594",40.48,40.48,39.72
06/26/2020,40.08,"1,648,148",40.67,40.93,39.95
06/25/2020,41.0,"1,051,435",40.14,41.04,39.49
06/24/2020,40.05,"1,620,028",41.0,41.0,39.981
06/23/2020,41.22,"983,939",42.03,42.05,41.21
06/22/2020,41.43,"1,319,896",41.09,41.86,40.69
06/19/2020,41.13,"2,047,596",42.26,42.38,41.11
06/18/2020,41.86,"1,052,861",41.83,42.5,41.65
06/17/2020,41.98,"1,336,585",41.62,42.42,41.57
06/16/2020,41.55,"1,412,724",42.55,42.6,41.39
06/15/2020,41.34,"1,394,127",39.66,41.59,39.49
06/12/2020,40.67,"1,974,650",41.84,41.92,39.93
06/11/2020,40.64,"1,636,043",41.93,41.99,40.63
06/10/2020,42.85,"1,496,176",42.87,43.46,42.7
06/09/2020,43.05,"1,127,119",42.66,43.44,42.53
06/08/2020,43.04,"1,500,774",42.52,43.05,42.4
06/05/2020,42.73,"1,189,165",43.29,43.73,42.57
06/04/2020,42.04,"1,006,243",42.05,42.33,41.68
06/03/2020,42.3,"1,228,362",41.24,42.47,41.11
06/02/2020,40.9,"1,019,085",40.31,40.94,40.01
06/01/2020,40.24,"1,129,382",40.35,40.42,39.65
05/29/2020,40.2,"1,753,013",40.07,40.44,39.74
05/28/2020,40.25,"879,988",40.3,40.56,39.98
05/27/2020,39.96,"1,334,870",39.75,40.06,39.39
05/26/2020,39.04,"1,055,151",39.31,39.44,38.89
05/22/2020,38.42,"917,764",38.71,38.7412,38.065
05/21/2020,38.73,"1,111,328",38.21,38.92,38.13
05/20/2020,38.35,"1,344,989",38.71,39.14,38.33
05/19/2020,38.39,"1,187,795",38.33,38.96,38.2
05/18/2020,38.56,"1,108,619",38.0,38.83,37.9
05/15/2020,37.0,"1,984,845",36.61,37.16,36.22
05/14/2020,36.91,"1,445,995",36.24,36.96,35.79
05/13/2020,36.73,"1,575,455",37.15,37.37,36.22
05/12/2020,37.51,"1,165,861",37.98,38.15,37.5
05/11/2020,37.95,"1,846,977",37.2,38.28,37.2
05/08/2020,37.6,"1,231,833",37.63,37.84,37.32
05/07/2020,37.13,"1,182,428",36.07,37.22,36.07
05/06/2020,35.64,"1,466,979",37.0,37.1,35.62
05/05/2020,36.56,"1,705,382",35.77,36.887,35.75
05/04/2020,35.57,"1,166,540",34.83,35.74,34.71
05/01/2020,35.06,"1,402,654",35.24,35.59,34.665
04/30/2020,35.91,"3,004,465",35.87,36.31,35.58
04/29/2020,36.64,"1,343,566",36.52,36.99,35.65
04/28/2020,35.6,"2,773,823",36.01,36.96,34.86
04/27/2020,35.74,"1,867,859",34.9,36.0,34.9
04/24/2020,34.76,"1,709,854",34.74,34.97,34.06
04/23/2020,34.59,"1,256,756",35.77,35.9,34.53
04/22/2020,35.7,"1,314,789",36.2,36.2442,35.55
04/21/2020,35.5,"1,460,820",36.33,36.55,35.43
04/20/2020,37.32,"1,938,718",37.78,38.02,36.87
04/17/2020,38.1,"1,439,687",38.55,38.74,37.9
04/16/2020,37.45,"1,260,232",38.3,38.3763,37.09
04/15/2020,37.92,"1,424,510",38.82,39.23,37.83
04/14/2020,39.63,"1,590,542",38.94,39.78,38.87
04/13/2020,38.17,"1,470,152",38.71,38.74,37.575
04/09/2020,39.03,"1,433,165",37.69,39.19,37.56
04/08/2020,37.2,"1,540,666",36.38,37.41,35.58
04/07/2020,35.96,"1,240,042",37.56,37.75,35.93
04/06/2020,35.97,"1,464,996",34.96,36.14,34.34
04/03/2020,33.41,"1,154,945",34.38,35.32,33.24
04/02/2020,34.86,"1,656,236",34.0,35.61,33.7
04/01/2020,34.44,"2,277,522",34.84,35.46,33.94
03/31/2020,36.22,"2,008,535",36.83,37.3,35.66
03/30/2020,37.3,"1,389,362",36.21,37.3751,35.485
03/27/2020,35.93,"1,163,610",34.41,37.0,34.27
03/26/2020,35.9,"1,747,460",34.63,35.98,33.96
03/25/2020,34.13,"2,292,755",35.45,36.19,34.02
03/24/2020,35.54,"2,863,297",33.31,35.69,32.93
03/23/2020,31.66,"1,871,438",33.31,33.31,30.7
03/20/2020,33.62,"2,711,149",34.63,35.28,33.18
03/19/2020,34.72,"2,786,972",36.55,36.6,33.01
03/18/2020,36.79,"3,060,563",37.67,38.55,34.92
03/17/2020,39.92,"3,223,259",37.92,40.16,37.0
03/16/2020,37.01,"2,717,355",35.86,38.7049,35.0
03/13/2020,39.84,"2,854,997",39.28,39.87,36.42
03/12/2020,37.59,"2,800,194",38.59,39.84,37.01
03/11/2020,41.6,"2,219,734",42.52,42.86,40.87
03/10/2020,43.65,"2,621,995",43.19,43.91,41.62
03/09/2020,42.19,"2,946,409",44.0,44.0,40.98
03/06/2020,45.16,"1,928,702",44.44,45.27,43.5
03/05/2020,45.91,"1,854,146",45.97,46.67,45.16
03/04/2020,47.05,"1,558,230",45.27,47.1,45.03
03/03/2020,44.52,"2,329,574",45.38,45.76,43.9
03/02/2020,45.44,"3,366,961",43.59,45.57,43.35
02/28/2020,43.01,"2,984,239",42.83,43.36,41.59
02/27/2020,44.01,"1,599,917",45.61,45.88,44.0
02/26/2020,46.23,"1,595,668",46.42,47.02,46.09
02/25/2020,46.16,"2,139,935",47.54,47.78,46.01
02/24/2020,47.31,"1,121,851",47.48,48.23,47.11
02/21/2020,48.36,"1,402,061",48.4,48.69,48.02
02/20/2020,48.51,"1,330,902",48.27,48.61,47.75
02/19/2020,48.46,"1,251,180",48.33,48.64,48.17
02/18/2020,48.11,"984,625",47.86,48.3,47.68
02/14/2020,47.85,"1,325,911",47.5,47.98,47.39
02/13/2020,47.49,"1,132,275",46.77,47.555,46.72
02/12/2020,46.82,"2,005,459",47.2,47.23,46.445
02/11/2020,47.3,"1,663,689",47.55,47.7,47.24
02/10/2020,47.38,"1,126,410",46.72,47.445,46.68
02/07/2020,46.75,"1,798,660",46.68,46.95,46.535
02/06/2020,46.74,"1,288,806",46.32,46.77,46.31
02/05/2020,46.45,"1,443,828",46.5,46.61,46.18
02/04/2020,46.17,"1,487,101",45.92,46.41,45.87
02/03/2020,45.61,"2,709,759",45.21,45.86,45.16
01/31/2020,44.9,"2,763,001",45.17,45.44,44.74
01/30/2020,45.36,"1,807,791",44.72,45.435,44.65
01/29/2020,45.01,"2,089,289",44.92,45.315,44.465
01/28/2020,44.65,"3,825,240",42.88,44.9436,42.28
01/27/2020,41.66,"2,111,788",41.34,41.96,41.27
01/24/2020,41.83,"1,179,311",41.9,42.03,41.62
01/23/2020,41.79,"1,303,731",41.28,41.88,41.1685
01/22/2020,41.5,"896,026",41.28,41.535,41.25
01/21/2020,41.2,"1,166,221",41.3,41.5,41.19
01/17/2020,41.41,"1,320,173",41.27,41.43,41.14
01/16/2020,41.12,"878,771",40.73,41.13,40.64
01/15/2020,40.59,"1,282,988",40.23,40.675,40.215
01/14/2020,40.21,"872,702",40.28,40.365,40.11
01/13/2020,40.38,"1,559,125",40.43,40.69,40.23
01/10/2020,40.4,"3,513,783",40.35,40.67,40.18
01/09/2020,40.33,"1,731,262",40.0,40.44,39.84
01/08/2020,39.79,"1,767,497",39.58,40.045,39.53
01/07/2020,39.5,"793,327",39.66,39.82,39.5
01/06/2020,39.62,"1,476,278",39.43,39.7,39.26
01/03/2020,39.65,"910,756",39.2,39.715,39.165
01/02/2020,39.61,"1,354,295",39.62,39.67,39.2
12/31/2019,39.48,"967,871",39.35,39.57,39.33
12/30/2019,39.36,"726,973",39.28,39.48,39.11
12/27/2019,39.3,"587,581",39.39,39.56,39.215
12/26/2019,39.37,"714,344",39.24,39.41,39.16
12/24/2019,39.17,"372,332",39.32,39.4,39.17
12/23/2019,39.33,"1,349,317",40.35,40.4,39.27
12/20/2019,40.25,"3,104,614",39.83,40.35,39.67
12/19/2019,39.52,"1,672,575",39.38,39.55,39.14
12/18/2019,39.38,"2,535,119",39.69,39.69,39.15
12/17/2019,39.54,"1,315,847",38.89,39.55,38.84
12/16/2019,38.98,"1,091,130",39.02,39.315,38.86
12/13/2019,38.86,"1,357,555",38.47,38.86,38.36
12/12/2019,38.63,"2,303,076",38.27,38.63,38.15
12/11/2019,38.25,"2,300,759",37.98,38.27,37.82
12/10/2019,37.96,"1,349,037",38.29,38.29,37.87
12/09/2019,38.22,"991,874",38.33,38.36,38.13
12/06/2019,38.37,"1,959,076",38.34,38.47,38.1
12/05/2019,38.14,"1,277,063",38.08,38.2,37.82
12/04/2019,37.64,"1,417,325",37.6,37.91,37.53
12/03/2019,37.6,"2,076,428",37.37,37.65,37.28
12/02/2019,37.63,"2,605,563",37.92,38.14,37.58
11/29/2019,37.74,"789,469",37.91,38.23,37.705
11/27/2019,37.96,"1,974,717",37.93,38.04,37.3
11/26/2019,37.89,"18,629,330",38.03,38.365,37.77
11/25/2019,37.96,"2,102,609",37.94,38.3,37.8
11/22/2019,37.85,"1,339,109",37.75,37.95,37.6
11/21/2019,37.73,"1,242,012",38.08,38.155,37.66
11/20/2019,38.09,"1,834,776",37.92,38.34,37.77
11/19/2019,37.97,"1,678,118",37.96,38.18,37.89
11/18/2019,37.81,"1,453,031",37.73,37.97,37.61
11/15/2019,37.87,"1,970,030",38.05,38.08,37.71
11/14/2019,37.89,"1,922,410",38.02,38.05,37.78
11/13/2019,38.06,"1,617,748",37.71,38.18,37.56
11/12/2019,37.84,"1,230,387",38.0,38.13,37.81
11/11/2019,37.88,"989,243",37.63,38.03,37.51
11/08/2019,37.75,"1,548,971",37.6,37.84,37.5
11/07/2019,37.64,"1,158,483",37.82,37.99,37.52
11/06/2019,37.75,"1,697,519",37.12,37.82,37.12
11/05/2019,37.09,"1,539,178",37.26,37.35,36.755
11/04/2019,37.17,"1,479,971",37.82,37.91,37.01
11/01/2019,37.63,"1,744,854",37.88,37.97,37.53
10/31/2019,37.68,"2,081,238",37.48,37.92,37.34
10/30/2019,37.69,"1,930,495",37.3,37.785,36.91
10/29/2019,37.31,"2,743,105",35.75,37.625,35.75
10/28/2019,35.86,"1,958,501",36.1,36.46,35.81
10/25/2019,35.96,"1,452,160",36.89,36.89,35.76
10/24/2019,36.84,"1,349,015",36.4,36.91,36.34
10/23/2019,36.32,"1,344,114",36.32,36.5,35.99
10/22/2019,36.38,"1,203,657",36.55,36.79,36.3
10/21/2019,36.62,"892,789",36.54,36.71,36.38
10/18/2019,36.32,"1,000,640",36.18,36.465,36.12
10/17/2019,36.3,"1,031,938",36.16,36.42,36.06
10/16/2019,36.08,"1,392,822",35.93,36.17,35.71
10/15/2019,36.03,"834,392",36.19,36.34,35.995
10/14/2019,36.1,"703,688",36.01,36.36,35.96
10/11/2019,36.04,"918,202",36.34,36.46,36.04
10/10/2019,35.94,"1,273,798",35.55,36.12,35.49
10/09/2019,35.59,"1,484,489",35.77,35.77,35.34
10/08/2019,35.31,"1,723,101",35.95,36.0038,35.3
10/07/2019,36.18,"1,206,850",36.32,36.39,35.99
10/04/2019,36.41,"1,117,298",35.8,36.415,35.79
10/03/2019,35.62,"1,603,717",35.07,35.67,35.05
10/02/2019,35.12,"1,547,289",35.3,35.52,34.98
10/01/2019,35.42,"1,075,382",36.23,36.43,35.4
09/30/2019,36.06,"769,853",35.78,36.1,35.74
09/27/2019,35.79,"1,039,442",36.37,36.38,35.59
09/26/2019,36.09,"796,450",36.16,36.27,35.82
09/25/2019,36.13,"1,812,005",35.82,36.34,35.82
09/24/2019,35.96,"1,936,726",36.32,36.59,35.8
09/23/2019,36.28,"1,323,774",36.05,36.46,36.03
09/20/2019,36.23,"3,129,357",36.66,36.71,35.97
09/19/2019,36.51,"874,196",36.39,36.735,36.39
09/18/2019,36.36,"604,965",36.39,36.49,36.06
09/17/2019,36.4,"1,189,292",35.85,36.64,35.85
09/16/2019,35.83,"824,150",35.73,36.1,35.58
09/13/2019,35.98,"936,105",36.02,36.155,35.6
09/12/2019,35.96,"1,007,718",35.8,36.075,35.5
09/11/2019,35.58,"2,175,999",34.95,35.58,34.83
09/10/2019,34.87,"2,632,364",36.55,36.55,34.81
09/09/2019,36.5,"991,305",36.99,37.0,36.16
09/06/2019,36.81,"958,982",36.84,37.124,36.73
09/05/2019,36.84,"735,211",37.02,37.2,36.72
09/04/2019,36.7,"937,933",36.86,36.86,36.445
09/03/2019,36.53,"1,123,713",36.51,36.76,36.33
08/30/2019,36.89,"2,007,404",36.45,37.02,36.2
08/29/2019,36.22,"704,733",36.0,36.385,35.9
08/28/2019,35.64,"906,109",35.38,35.68,35.21
08/27/2019,35.46,"769,060",35.84,35.95,35.36
08/26/2019,35.7,"942,040",35.72,35.7647,35.27
08/23/2019,35.42,"964,717",36.09,36.37,35.29
08/22/2019,36.22,"780,771",36.14,36.37,35.88
08/21/2019,36.04,"782,896",36.08,36.18,35.945
08/20/2019,35.83,"780,687",36.28,36.35,35.8
08/19/2019,36.39,"621,603",36.42,36.55,36.29
08/16/2019,36.08,"1,462,912",35.84,36.17,35.76
08/15/2019,35.66,"995,452",35.72,35.86,35.48
08/14/2019,35.42,"1,116,595",35.98,36.37,35.345
08/13/2019,36.5,"849,509",36.2,36.66,36.06
08/12/2019,36.2,"679,161",36.56,36.79,36.115
08/09/2019,36.74,"836,878",36.82,36.88,36.39
08/08/2019,36.81,"2,145,549",36.43,36.91,36.32
08/07/2019,36.14,"1,059,597",35.51,36.29,35.31
08/06/2019,35.99,"954,344",35.31,36.035,35.17
08/05/2019,35.28,"2,058,585",35.42,35.575,34.71
08/02/2019,35.85,"926,897",35.92,36.07,35.59
08/01/2019,35.89,"1,119,866",36.0,36.47,35.77
07/31/2019,35.93,"2,155,157",36.42,36.53,35.74
07/30/2019,36.41,"973,282",36.18,36.5,36.05
07/29/2019,36.32,"1,103,194",36.6,36.71,36.19
07/26/2019,36.39,"962,566",35.99,36.475,35.86
07/25/2019,36.0,"1,566,109",36.2,36.33,35.835
07/24/2019,36.15,"1,313,572",35.69,36.16,35.46
07/23/2019,35.57,"1,662,911",35.0,35.78,34.86
07/22/2019,34.65,"1,296,993",34.68,34.85,34.49
07/19/2019,34.7,"943,145",35.2,35.22,34.7
07/18/2019,35.13,"999,446",34.93,35.13,34.87
07/17/2019,34.92,"793,099",34.89,35.135,34.8514
07/16/2019,35.02,"844,669",35.02,35.27,34.9362
07/15/2019,34.92,"584,756",35.0,35.23,34.83
07/12/2019,34.99,"799,803",34.98,35.06,34.74
07/11/2019,34.86,"547,085",34.76,34.86,34.57
07/10/2019,34.78,"828,253",34.88,35.07,34.715
07/09/2019,34.76,"796,811",34.4,34.78,34.39
07/08/2019,34.53,"995,307",34.69,34.8,34.51
07/05/2019,34.76,"578,184",34.65,34.77,34.36
07/03/2019,34.73,"812,897",34.42,34.76,34.37
07/02/2019,34.33,"1,104,942",34.1,34.34,33.96
07/01/2019,34.02,"786,246",33.68,34.04,33.51
06/28/2019,33.5,"1,505,426",33.25,33.515,33.15
06/27/2019,33.15,"588,991",32.59,33.19,32.59
06/26/2019,32.54,"558,705",33.16,33.22,32.54
06/25/2019,33.17,"713,278",33.27,33.37,33.15
06/24/2019,33.22,"1,083,733",32.95,33.315,32.92
06/21/2019,32.9,"1,323,207",33.27,33.34,32.9
06/20/2019,33.4,"771,710",33.34,33.455,32.99
06/19/2019,33.16,"854,873",32.73,33.23,32.73
06/18/2019,32.74,"930,479",32.69,33.0,32.61
06/17/2019,32.68,"803,896",32.9,32.95,32.64
06/14/2019,32.82,"654,388",32.7,32.91,32.64
06/13/2019,32.69,"604,534",32.97,32.98,32.47
06/12/2019,32.85,"916,924",32.6,32.865,32.44
06/11/2019,32.59,"996,434",32.82,32.98,32.57
06/10/2019,32.69,"1,010,111",32.94,33.14,32.58
06/07/2019,32.87,"699,469",32.6,32.95,32.52
06/06/2019,32.52,"658,398",32.66,32.66,32.365
06/05/2019,32.58,"1,071,945",32.04,32.61,32.04
06/04/2019,32.06,"967,596",32.08,32.19,31.495
06/03/2019,31.94,"1,349,746",31.48,31.96,31.335
05/31/2019,31.57,"1,227,909",31.4,31.6237,31.185
05/30/2019,31.66,"658,597",31.71,31.89,31.56
05/29/2019,31.65,"620,932",31.45,31.69,31.37
05/28/2019,31.59,"689,052",31.82,32.03,31.59
05/24/2019,31.85,"1,041,835",31.92,31.97,31.65
05/23/2019,31.81,"799,050",31.75,31.83,31.54
05/22/2019,32.03,"527,979",31.88,32.07,31.67
05/21/2019,31.91,"813,324",31.58,31.91,31.58
05/20/2019,31.49,"732,996",31.5,31.77,31.4
05/17/2019,31.69,"779,542",31.8,31.97,31.68
05/16/2019,32.0,"644,612",31.83,32.165,31.76
05/15/2019,31.72,"904,139",31.2,31.8,31.1213
05/14/2019,31.36,"2,335,421",31.47,31.63,31.26
05/13/2019,31.4,"957,483",31.75,31.81,31.36
05/10/2019,32.19,"1,161,186",31.62,32.26,31.48
05/09/2019,31.67,"2,026,009",31.69,31.96,31.52
05/08/2019,31.95,"913,458",31.96,32.29,31.91
05/07/2019,32.04,"785,734",32.21,32.39,31.85
05/06/2019,32.46,"1,034,834",32.01,32.54,31.98
05/03/2019,32.34,"766,694",31.86,32.38,31.82
05/02/2019,31.81,"920,486",31.43,31.81,31.1
05/01/2019,31.33,"1,113,084",31.86,31.935,31.275
04/30/2019,31.75,"920,417",31.51,31.79,31.4
04/29/2019,31.55,"987,601",31.7,31.81,31.49
04/26/2019,31.68,"794,741",31.46,31.7,31.18
04/25/2019,31.5,"931,508",31.29,31.57,31.08
04/24/2019,31.46,"1,090,919",31.59,31.82,31.44
04/23/2019,31.57,"2,925,938",31.81,32.17,31.01
04/22/2019,30.51,"1,058,231",30.44,30.575,30.21
04/18/2019,30.57,"905,211",30.39,30.61,30.38
04/17/2019,30.41,"964,592",30.83,30.84,30.24
04/16/2019,30.73,"879,932",30.83,30.89,30.6
04/15/2019,30.68,"886,162",30.52,30.8,30.52
04/12/2019,30.51,"728,033",30.45,30.57,30.33
04/11/2019,30.27,"937,873",30.07,30.31,29.975
04/10/2019,29.97,"755,063",29.76,30.085,29.73
04/09/2019,29.7,"872,898",29.89,29.89,29.62
04/08/2019,29.9,"709,633",29.89,29.97,29.765
04/05/2019,29.93,"608,929",29.99,30.03,29.83
04/04/2019,29.94,"784,800",29.81,29.95,29.69
04/03/2019,29.75,"807,577",29.81,29.8101,29.56
04/02/2019,29.66,"715,326",29.78,29.83,29.605
04/01/2019,29.8,"634,293",29.69,29.85,29.58
03/29/2019,29.51,"825,169",29.61,29.66,29.36
03/28/2019,29.41,"805,341",29.31,29.45,29.06
03/27/2019,29.29,"757,531",29.2,29.39,29.15
03/26/2019,29.21,"835,713",29.24,29.379,29.08
03/25/2019,29.01,"813,106",28.91,29.11,28.805
03/22/2019,28.88,"711,728",28.91,29.08,28.84
03/21/2019,29.11,"713,338",28.64,29.13,28.61
03/20/2019,28.71,"797,324",29.01,29.1,28.7
03/19/2019,29.08,"838,399",29.58,29.65,29.03
03/18/2019,29.47,"531,984",29.52,29.65,29.38
03/15/2019,29.46,"1,402,437",29.16,29.55,29.15
03/14/2019,29.16,"718,482",29.2,29.37,29.1
03/13/2019,29.17,"1,039,230",29.19,29.29,29.07
03/12/2019,29.13,"735,485",29.24,29.33,29.07
03/11/2019,29.17,"767,294",28.99,29.21,28.945
03/08/2019,28.87,"636,607",28.89,28.9855,28.69
03/07/2019,29.07,"784,535",29.2,29.33,28.945
03/06/2019,29.29,"964,968",29.41,29.53,29.25
03/05/2019,29.44,"1,304,118",29.94,30.13,29.41
03/04/2019,29.87,"1,068,338",29.82,29.94,29.585
03/01/2019,29.87,"937,939",29.76,29.96,29.6
02/28/2019,29.62,"1,142,577",29.38,29.7,29.2
02/27/2019,29.34,"718,014",29.01,29.45,29.01
02/26/2019,29.2,"756,497",29.43,29.51,29.18
02/25/2019,29.51,"592,923",29.58,29.77,29.425
02/22/2019,29.51,"525,814",29.46,29.62,29.4
02/21/2019,29.44,"561,600",29.44,29.61,29.36
02/20/2019,29.44,"956,866",29.16,29.46,29.08
02/19/2019,29.12,"1,381,946",28.98,29.27,28.91
02/15/2019,29.06,"1,236,944",28.68,29.06,28.62
02/14/2019,28.48,"1,135,716",28.3,28.63,28.19
02/13/2019,28.45,"1,095,430",28.53,28.675,28.37
02/12/2019,28.47,"1,432,290",28.26,28.55,28.21
02/11/2019,28.13,"1,114,428",27.91,28.16,27.8
02/08/2019,27.83,"1,256,465",27.71,27.97,27.66
02/07/2019,27.81,"1,408,712",27.88,27.88,27.429
02/06/2019,27.94,"937,875",27.97,28.03,27.81
02/05/2019,28.05,"1,325,179",27.9,28.08,27.76
02/04/2019,27.88,"1,082,179",27.83,27.92,27.69
02/01/2019,27.87,"1,753,609",27.31,27.87,27.22
01/31/2019,27.16,"2,035,105",26.6,27.195,26.58
01/30/2019,26.76,"2,822,695",26.73,26.88,26.47
01/29/2019,26.75,"4,456,127",27.24,27.25,26.23
01/28/2019,27.96,"1,329,256",28.1,28.2,27.78
01/25/2019,28.2,"1,246,655",28.53,28.6,28.14
01/24/2019,28.31,"1,494,443",28.34,28.46,28.13
01/23/2019,28.43,"822,592",28.34,28.435,28.1348
01/22/2019,28.32,"950,511",28.49,28.7054,28.17
01/18/2019,28.64,"785,252",28.35,28.68,28.255
01/17/2019,28.18,"1,222,515",28.2,28.42,28.03
01/16/2019,28.32,"653,133",28.11,28.35,27.975
01/15/2019,27.92,"674,325",27.77,27.995,27.63
01/14/2019,27.86,"824,737",27.61,27.89,27.52
01/11/2019,27.78,"703,025",27.83,27.87,27.585
01/10/2019,27.99,"725,069",27.71,27.99,27.58
01/09/2019,27.79,"1,074,249",27.73,27.95,27.47
01/08/2019,27.73,"940,261",27.66,27.73,27.21
01/07/2019,27.37,"1,057,941",27.34,27.64,27.2
01/04/2019,27.39,"832,071",27.02,27.435,26.95
01/03/2019,26.73,"1,132,799",27.05,27.33,26.69
01/02/2019,27.07,"1,181,326",27.19,27.4,26.935
12/31/2018,27.56,"1,078,584",27.19,27.56,27.19
12/28/2018,27.18,"1,123,032",27.06,27.39,26.92
12/27/2018,26.98,"1,603,395",26.46,26.99,26.13
12/26/2018,26.86,"1,093,528",26.08,26.86,25.72
12/24/2018,26.07,"801,221",26.48,26.55,26.04
12/21/2018,26.53,"3,769,073",26.97,27.52,26.525
12/20/2018,27.02,"1,523,265",26.99,27.21,26.735
12/19/2018,27.06,"1,650,284",27.35,27.735,26.97
12/18/2018,27.32,"1,139,018",27.41,27.56,27.18
12/17/2018,27.2,"1,376,202",27.64,27.72,27.11
12/14/2018,27.62,"1,626,066",27.52,27.91,27.47
12/13/2018,27.7,"1,624,107",27.6,27.74,27.3
12/12/2018,27.49,"773,386",27.71,27.77,27.37
12/11/2018,27.35,"910,639",27.81,27.89,27.25
12/10/2018,27.53,"930,427",27.7,27.7,26.98
12/07/2018,27.59,"1,388,935",27.81,28.135,27.46
12/06/2018,27.92,"1,364,245",28.19,28.32,27.43
12/04/2018,28.59,"1,029,300",28.97,29.18,28.455
12/03/2018,29.08,"1,103,855",29.14,29.29,28.515
11/30/2018,29.02,"1,184,418",29.04,29.23,28.84
11/29/2018,29.04,"959,981",28.68,29.07,28.65
11/28/2018,28.85,"922,747",28.25,28.85,28.25
11/27/2018,28.28,"701,760",28.54,28.69,28.23
11/26/2018,28.59,"848,284",28.72,28.83,28.45
11/23/2018,28.46,"284,170",28.12,28.625,28.02
11/21/2018,28.28,"617,572",28.45,28.69,28.22
11/20/2018,28.43,"741,129",28.75,28.88,28.38
11/19/2018,28.92,"615,559",28.87,29.07,28.73
11/16/2018,28.87,"618,698",28.69,29.02,28.58
11/15/2018,28.82,"963,280",28.34,28.83,28.3
11/14/2018,28.54,"973,452",29.06,29.06,28.28
11/13/2018,28.89,"671,215",28.84,29.2,28.79
11/12/2018,28.79,"821,040",29.33,29.415,28.74
11/09/2018,29.29,"911,700",29.14,29.37,29.08
11/08/2018,29.24,"869,517",28.97,29.25,28.89
11/07/2018,29.03,"884,948",28.92,29.04,28.645
11/06/2018,28.83,"854,230",28.35,28.85,28.33
11/05/2018,28.42,"759,087",28.25,28.55,28.09
11/02/2018,28.18,"1,168,744",28.41,28.54,27.9
11/01/2018,28.23,"918,471",28.22,28.345,27.87
10/31/2018,28.18,"1,939,460",28.25,28.58,28.11
10/30/2018,28.06,"962,606",28.03,28.09,27.68
10/29/2018,27.92,"1,475,892",28.24,28.52,27.625
10/26/2018,27.94,"1,358,423",27.9,28.19,27.61
10/25/2018,28.08,"2,153,749",27.73,28.285,27.57
10/24/2018,27.61,"2,451,358",28.03,28.32,27.59
10/23/2018,28.0,"2,243,357",28.69,28.69,27.63
10/22/2018,29.13,"2,725,379",28.91,29.5,28.83
10/19/2018,28.85,"1,314,741",28.21,28.92,28.15
10/18/2018,28.2,"1,473,376",28.44,28.68,28.16
10/17/2018,28.48,"1,325,608",28.38,28.58,28.06
10/16/2018,28.39,"886,042",27.92,28.4,27.79
10/15/2018,27.82,"731,652",27.84,28.0,27.73
10/12/2018,27.91,"1,128,940",28.35,28.35,27.48
10/11/2018,28.11,"1,305,364",28.62,28.71,28.02
10/10/2018,28.65,"1,091,053",29.23,29.29,28.62
10/09/2018,29.31,"815,611",29.52,29.54,29.27
10/08/2018,29.49,"763,405",29.25,29.57,29.185
10/05/2018,29.32,"704,768",29.62,29.79,29.3
10/04/2018,29.63,"728,616",29.44,29.69,29.44
10/03/2018,29.48,"810,671",29.51,29.58,29.39
10/02/2018,29.42,"797,109",29.5,29.57,29.36
10/01/2018,29.5,"768,613",29.71,29.83,29.44
09/28/2018,29.57,"921,694",29.52,29.72,29.475
09/27/2018,29.58,"1,068,546",29.6,29.87,29.53
09/26/2018,29.53,"1,031,735",29.7,29.77,29.5
09/25/2018,29.69,"688,160",29.96,30.07,29.67
09/24/2018,30.01,"740,877",30.21,30.22,29.88
09/21/2018,30.27,"2,020,222",30.41,30.51,30.21
09/20/2018,30.4,"1,008,828",30.49,30.54,30.22
09/19/2018,30.4,"1,296,790",30.08,30.54,30.02
09/18/2018,30.08,"1,831,592",30.6,30.73,30.07
09/17/2018,30.63,"1,201,574",31.16,31.2,30.61
09/14/2018,31.07,"1,636,309",31.39,31.55,30.915
09/13/2018,31.34,"910,832",31.28,31.49,31.23
09/12/2018,31.19,"796,273",31.14,31.26,31.01
09/11/2018,31.17,"922,353",30.92,31.29,30.92
09/10/2018,31.0,"1,027,085",30.93,31.07,30.76
09/07/2018,30.82,"900,775",30.73,30.86,30.55
09/06/2018,30.77,"1,520,995",30.68,31.055,30.68
09/05/2018,30.67,"867,926",30.5,30.77,30.48
09/04/2018,30.46,"1,209,391",30.48,30.64,30.34
08/31/2018,30.48,"651,225",30.06,30.51,30.06
08/30/2018,30.14,"492,746",30.19,30.23,30.03
08/29/2018,30.22,"515,717",30.16,30.2599,30.03
08/28/2018,30.12,"748,493",30.3,30.355,29.99
08/27/2018,30.28,"872,051",30.52,30.64,30.25
08/24/2018,30.38,"859,374",30.38,30.45,30.23
08/23/2018,30.28,"566,613",30.25,30.3,30.14
08/22/2018,30.22,"536,900",30.24,30.39,30.14
08/21/2018,30.3,"987,514",29.9,30.36,29.86
08/20/2018,29.89,"732,525",29.83,30.03,29.79
08/17/2018,29.82,"661,166",29.77,29.88,29.74
08/16/2018,29.83,"657,705",29.87,30.04,29.769
08/15/2018,29.73,"692,554",29.63,29.76,29.52
08/14/2018,29.74,"764,101",29.7,29.805,29.54
08/13/2018,29.59,"1,641,391",29.7,29.85,29.5
08/10/2018,29.65,"426,339",29.58,29.79,29.58
08/09/2018,29.72,"777,996",29.83,29.99,29.71
08/08/2018,29.78,"843,045",29.54,29.84,29.38
08/07/2018,29.57,"677,818",29.42,29.65,29.32
08/06/2018,29.44,"799,461",29.34,29.45,29.28
08/03/2018,29.29,"398,389",29.15,29.31,29.04
08/02/2018,29.19,"1,012,758",28.82,29.26,28.66
08/01/2018,28.98,"1,204,068",29.26,29.4,28.97
07/31/2018,29.26,"1,544,441",29.42,29.52,29.14
07/30/2018,29.41,"884,045",29.35,29.54,29.29
07/27/2018,29.28,"1,251,223",29.36,29.49,29.065
07/26/2018,29.43,"1,063,138",29.23,29.46,29.05
07/25/2018,29.13,"1,486,279",28.89,29.26,28.85
07/24/2018,28.96,"2,717,062",28.46,29.0689,28.01
07/23/2018,29.6,"1,390,962",29.62,29.75,29.28
07/20/2018,29.67,"1,257,543",29.47,29.78,29.42
07/19/2018,29.46,"1,079,826",29.5,29.62,29.34
07/18/2018,29.59,"794,311",29.17,29.615,29.17
07/17/2018,29.15,"781,591",29.01,29.255,28.95
07/16/2018,29.01,"524,294",28.75,29.02,28.67
07/13/2018,28.75,"487,856",28.73,28.84,28.64
07/12/2018,28.73,"880,433",28.68,28.75,28.5
07/11/2018,28.56,"582,499",28.56,28.66,28.43
07/10/2018,28.66,"812,281",28.77,28.83,28.485
07/09/2018,28.77,"870,463",28.41,28.8,28.37
07/06/2018,28.3,"722,215",28.05,28.51,28.01
07/05/2018,28.12,"769,061",28.08,28.12,27.79
07/03/2018,27.9,"444,368",27.79,28.14,27.665
07/02/2018,27.71,"423,374",27.56,27.77,27.53
06/29/2018,27.73,"674,303",27.65,27.92,27.56
06/28/2018,27.57,"645,460",27.47,27.7,27.45
06/27/2018,27.49,"991,364",27.86,28.12,27.49
06/26/2018,27.9,"598,946",27.98,28.03,27.84
06/25/2018,28.01,"799,372",28.14,28.27,27.835
06/22/2018,28.22,"1,522,846",28.23,28.33,27.89
06/21/2018,28.07,"550,205",28.15,28.19,28.0
06/20/2018,28.16,"1,268,601",28.63,28.63,28.14
06/19/2018,28.51,"940,270",28.29,28.54,28.14
06/18/2018,28.42,"756,209",28.04,28.49,27.87
06/15/2018,28.26,"1,689,497",28.29,28.34,28.07
06/14/2018,28.33,"656,543",28.43,28.43,28.16
06/13/2018,28.29,"451,655",28.46,28.52,28.25
06/12/2018,28.44,"876,388",28.59,28.64,28.31
06/11/2018,28.59,"943,501",28.52,28.63,28.4475
06/08/2018,28.48,"661,925",28.12,28.52,28.12
06/07/2018,28.12,"520,857",28.11,28.24,28.02
06/06/2018,28.1,"611,239",28.25,28.3699,28.01
06/05/2018,28.15,"425,784",28.01,28.165,27.905
06/04/2018,28.1,"587,701",28.18,28.26,28.01
06/01/2018,28.04,"955,738",28.03,28.12,27.94
05/31/2018,27.78,"997,747",27.84,27.92,27.59
05/30/2018,27.83,"992,651",27.54,27.97,27.54
05/29/2018,27.33,"940,734",27.57,27.64,27.19
05/25/2018,27.81,"573,977",27.9,28.03,27.69
05/24/2018,27.97,"398,050",27.82,27.99,27.75
05/23/2018,27.89,"462,923",27.74,27.91,27.68
05/22/2018,27.78,"591,816",27.86,28.02,27.7217
05/21/2018,27.86,"719,906",27.71,28.0,27.71
05/18/2018,27.61,"1,195,341",27.53,27.76,27.42
05/17/2018,27.52,"490,082",27.32,27.6,27.22
05/16/2018,27.3,"524,569",27.26,27.41,27.25
05/15/2018,27.23,"764,063",27.13,27.37,27.11
05/14/2018,27.24,"1,522,976",27.52,27.57,27.205
05/11/2018,27.45,"656,041",27.53,27.65,27.36
05/10/2018,27.49,"645,856",27.46,27.58,27.35
05/09/2018,27.42,"692,482",27.47,27.54,27.21
05/08/2018,27.4,"857,587",27.47,27.56,27.23
05/07/2018,27.53,"856,289",27.54,27.64,27.38
05/04/2018,27.51,"898,643",26.96,27.72,26.95
05/03/2018,27.08,"981,771",26.78,27.13,26.64
05/02/2018,26.91,"1,171,681",27.26,27.26,26.7425
05/01/2018,27.22,"1,485,520",27.17,27.26,26.71
04/30/2018,27.23,"1,847,974",27.78,27.9,27.21
04/27/2018,27.73,"1,034,416",27.42,27.79,27.35
04/26/2018,27.42,"1,297,031",26.92,27.469,26.62
04/25/2018,26.83,"1,989,905",26.48,26.93,26.25
04/24/2018,26.39,"2,686,810",26.68,26.68,25.84
04/23/2018,26.56,"1,905,430",25.99,26.57,25.95
04/20/2018,25.95,"1,142,337",26.03,26.25,25.89
04/19/2018,26.15,"782,137",26.23,26.38,26.05
04/18/2018,26.25,"528,870",26.39,26.46,26.22
04/17/2018,26.31,"1,031,364",26.17,26.36,26.145
04/16/2018,26.06,"1,044,414",25.88,26.18,25.75
04/13/2018,25.72,"939,263",25.88,25.945,25.615
04/12/2018,25.75,"1,499,771",25.6,25.845,25.46
04/11/2018,25.5,"796,950",25.33,25.565,25.24
04/10/2018,25.49,"998,078",25.59,25.64,25.42
04/09/2018,25.26,"1,696,796",25.15,25.53,25.02
04/06/2018,25.09,"1,259,798",25.21,25.33,24.88
04/05/2018,25.46,"1,134,871",25.45,25.61,25.34
04/04/2018,25.31,"1,213,868",24.95,25.35,24.877
04/03/2018,25.14,"1,621,299",24.87,25.34,24.82
04/02/2018,24.84,"1,774,348",25.44,25.44,24.34
03/29/2018,25.44,"1,503,990",25.39,25.65,25.16
03/28/2018,25.51,"1,426,860",25.22,25.745,25.0559
03/27/2018,25.28,"982,822",25.66,25.715,25.18
03/26/2018,25.52,"849,124",25.265,25.58,25.04
03/23/2018,24.97,"1,511,452",25.47,25.625,24.95
03/22/2018,25.465,"1,169,234",26.125,26.275,25.455
03/21/2018,26.285,"1,306,806",26.37,26.44,26.13
03/20/2018,26.43,"1,490,430",26.345,26.58,26.345
03/19/2018,26.31,"859,772",26.345,26.495,26.17
03/16/2018,26.375,"2,349,312",26.32,26.47,26.16
03/15/2018,26.27,"1,243,588",26.29,26.415,26.185
03/14/2018,26.27,"988,402",26.455,26.495,26.16
03/13/2018,26.4,"1,027,776",26.73,26.73,26.3175
03/12/2018,26.665,"854,802",26.775,26.91,26.555
03/09/2018,26.815,"1,479,932",26.36,26.85,26.36
03/08/2018,26.285,"1,764,264",26.365,26.39,26.09
03/07/2018,26.275,"1,792,946",26.335,26.45,26.205
03/06/2018,26.505,"1,893,012",26.475,26.535,26.165
03/05/2018,26.42,"1,128,856",26.02,26.51,25.83
03/02/2018,26.135,"729,844",25.855,26.195,25.67
03/01/2018,25.97,"1,036,688",26.375,26.435,25.81
02/28/2018,26.32,"1,224,054",26.68,26.935,26.305
02/27/2018,26.615,"1,236,360",26.67,26.905,26.535
02/26/2018,26.69,"570,454",26.535,26.695,26.36
02/23/2018,26.44,"459,218",26.17,26.465,26.1
02/22/2018,26.125,"895,906",26.325,26.43,26.045
02/21/2018,26.25,"790,922",26.3,26.675,26.245
02/20/2018,26.305,"775,056",26.31,26.54,26.19
02/16/2018,26.35,"898,356",26.22,26.465,26.22
02/15/2018,26.32,"1,180,224",26.36,26.53,26.215
02/14/2018,26.22,"1,042,490",25.66,26.225,25.6
02/13/2018,25.78,"1,070,320",25.445,25.885,25.39
02/12/2018,25.56,"1,743,870",25.385,25.79,25.285
02/09/2018,25.245,"1,880,132",25.28,25.37,24.71
02/08/2018,25.055,"1,504,058",25.88,26.065,25.05
02/07/2018,25.885,"1,421,604",25.8,26.08,25.575
02/06/2018,25.83,"2,187,446",25.385,25.89,25.155
02/05/2018,25.74,"1,753,942",26.275,26.5625,25.73
02/02/2018,26.49,"1,072,810",26.505,26.735,26.425
02/01/2018,26.595,"1,235,002",26.16,26.645,26.1175
01/31/2018,26.24,"1,765,846",26.385,26.415,26.165
01/30/2018,26.435,"1,022,226",26.49,26.765,26.385
01/29/2018,26.575,"928,656",26.81,26.875,26.555
01/26/2018,26.885,"927,342",26.515,26.885,26.46
01/25/2018,26.485,"2,151,934",26.425,26.6199,26.3
01/24/2018,26.445,"3,296,974",26.115,26.695,26.05
01/23/2018,26.025,"5,738,290",26.77,26.86,25.875
01/22/2018,26.125,"3,315,900",26.255,26.41,26.005
01/19/2018,26.25,"1,450,754",26.285,26.395,26.075
01/18/2018,26.18,"1,412,286",26.29,26.355,26.06
01/17/2018,26.29,"904,180",26.245,26.405,26.21
01/16/2018,26.185,"595,644",26.285,26.41,26.14
01/12/2018,26.21,"542,808",26.205,26.255,26.055
01/11/2018,26.1,"749,826",26.105,26.23,26.025
01/10/2018,26.11,"814,630",26.3,26.34,26.075
01/09/2018,26.275,"931,078",26.11,26.43,26.11
01/08/2018,26.065,"692,396",26.185,26.21,26.05
01/05/2018,26.145,"725,224",26.01,26.21,25.92
01/04/2018,25.9,"1,043,798",25.96,26.15,25.895
01/03/2018,25.83,"637,616",25.69,25.91,25.595
01/02/2018,25.54,"1,385,504",25.825,25.89,25.455
12/29/2017,25.73,"579,186",25.88,25.995,25.725
12/28/2017,25.89,"766,198",25.785,25.91,25.715
12/27/2017,25.78,"642,006",25.74,25.935,25.68
12/26/2017,25.72,"425,254",25.635,25.83,25.585
12/22/2017,25.555,"513,266",25.75,25.75,25.48
12/21/2017,25.675,"798,476",25.74,25.81,25.565
12/20/2017,25.695,"790,706",25.815,25.98,25.685
12/19/2017,25.75,"894,562",25.825,25.92,25.73
12/18/2017,25.735,"847,516",25.625,25.8925,25.615
12/15/2017,25.59,"3,005,904",25.525,25.9,25.525
12/14/2017,25.525,"988,924",25.64,25.975,25.445
12/13/2017,25.625,"847,794",25.825,25.8575,25.6
12/12/2017,25.83,"848,980",25.85,25.9307,25.7
12/11/2017,25.8,"831,238",25.88,25.92,25.7
12/08/2017,25.965,"783,276",25.93,26.05,25.785
12/07/2017,25.82,"948,662",25.75,25.875,25.605
12/06/2017,25.835,"1,260,028",25.8,26.16,25.8
12/05/2017,25.475,"1,144,930",25.815,25.875,25.445
12/04/2017,25.765,"1,228,750",26.095,26.21,25.72
12/01/2017,25.875,"1,079,300",25.67,25.895,25.28
11/30/2017,25.625,"1,282,120",25.565,25.695,25.385
11/29/2017,25.445,"1,311,266",25.44,25.685,25.405
11/28/2017,25.39,"1,489,372",25.205,25.41,25.12
11/27/2017,25.15,"891,442",25.06,25.3,25.0
11/24/2017,25.025,"287,984",25.175,25.215,24.95
11/22/2017,25.18,"681,462",25.295,25.39,25.14
11/21/2017,25.255,"1,402,310",25.195,25.295,25.155
11/20/2017,25.135,"676,646",24.95,25.18,24.95
11/17/2017,24.94,"976,830",24.89,24.99,24.805
11/16/2017,24.965,"715,764",25.04,25.11,24.925
11/15/2017,24.975,"941,856",24.885,25.075,24.785
11/14/2017,25.0,"1,565,060",24.825,25.06,24.735
11/13/2017,24.7,"1,171,782",24.585,24.745,24.43
11/10/2017,24.74,"1,451,782",24.605,24.79,24.47
11/09/2017,24.685,"903,608",24.67,24.845,24.565
11/08/2017,24.85,"1,357,132",24.655,25.06,24.28
11/07/2017,25.115,"930,956",25.235,25.3525,24.99
11/06/2017,25.27,"604,046",25.15,25.38,25.1053
11/03/2017,25.195,"887,962",25.2,25.245,25.085
11/02/2017,25.2,"1,415,460",25.13,25.405,24.96
11/01/2017,25.045,"1,411,804",25.03,25.22,24.945
10/31/2017,24.92,"1,544,580",24.69,24.96,24.69
10/30/2017,24.745,"868,542",24.84,24.92,24.69
10/27/2017,24.84,"1,351,806",24.685,24.89,24.53
10/26/2017,24.69,"1,143,122",24.6,24.77,24.43
10/25/2017,24.605,"878,782",24.73,24.81,24.495
10/24/2017,24.725,"1,137,456",24.82,24.885,24.675
10/23/2017,24.825,"815,728",24.73,24.84,24.62
10/20/2017,24.66,"1,516,520",24.615,24.875,24.589
10/19/2017,24.5,"710,572",24.405,24.51,24.34
10/18/2017,24.47,"1,047,680",24.505,24.61,24.415
10/17/2017,24.505,"1,891,308",24.695,25.12,24.34
10/16/2017,24.485,"1,480,258",24.76,24.765,24.4
10/13/2017,24.695,"964,998",24.75,24.81,24.64
10/12/2017,24.59,"753,452",24.47,24.72,24.47
10/11/2017,24.445,"837,206",24.53,24.56,24.285
10/10/2017,24.47,"633,628",24.43,24.565,24.38
10/09/2017,24.425,"660,232",24.375,24.52,24.37
10/06/2017,24.365,"1,154,286",24.465,24.56,24.335
10/05/2017,24.435,"792,172",24.43,24.485,24.265
10/04/2017,24.38,"843,048",24.345,24.48,24.205
10/03/2017,24.375,"1,055,588",24.16,24.375,24.1
10/02/2017,24.19,"1,028,302",24.15,24.195,24.035
09/29/2017,24.095,"1,064,678",24.125,24.18,24.0575
09/28/2017,24.15,"885,794",24.355,24.46,24.13
09/27/2017,24.435,"1,212,396",24.25,24.4825,24.105
09/26/2017,24.115,"1,140,942",23.835,24.185,23.79
09/25/2017,23.84,"782,914",23.68,23.88,23.6487
09/22/2017,23.71,"883,334",23.505,23.725,23.5
09/21/2017,23.535,"589,570",23.64,23.725,23.485
09/20/2017,23.665,"1,318,494",23.47,23.71,23.47
09/19/2017,23.48,"1,035,134",23.485,23.71,22.655
09/18/2017,23.455,"1,096,176",23.245,23.46,23.235
09/15/2017,23.21,"2,176,434",23.16,23.355,23.105
09/14/2017,23.17,"927,682",23.365,23.375,23.09
09/13/2017,23.295,"1,554,524",23.415,23.415,23.195
09/12/2017,23.415,"1,855,928",23.585,23.595,23.29
09/11/2017,23.45,"4,034,716",24.0,24.16,23.175
09/08/2017,24.065,"4,144,576",22.985,24.155,22.96
09/07/2017,23.015,"1,707,340",22.925,23.06,22.8575
09/06/2017,22.94,"1,037,214",22.765,22.985,22.67
09/05/2017,22.74,"2,043,578",22.5,22.875,22.4525
09/01/2017,22.525,"773,454",22.53,22.615,22.44
08/31/2017,22.48,"703,456",22.52,22.585,22.41
08/30/2017,22.455,"664,616",22.36,22.515,22.35
08/29/2017,22.38,"1,404,242",22.44,22.51,22.25
08/28/2017,22.58,"2,283,400",22.225,22.675,22.225
08/25/2017,22.145,"1,539,608",22.01,22.265,21.985
08/24/2017,21.905,"1,040,166",21.91,21.93,21.765
08/23/2017,21.85,"773,980",21.915,21.985,21.8
08/22/2017,22.05,"473,488",21.95,22.055,21.93
08/21/2017,21.91,"434,782",21.79,21.945,21.705
08/18/2017,21.815,"1,283,856",21.66,21.895,21.62
08/17/2017,21.685,"652,458",21.97,22.035,21.68
08/16/2017,22.02,"907,962",22.115,22.18,21.9925
08/15/2017,22.075,"998,854",22.045,22.28,22.035
08/14/2017,21.955,"493,816",21.87,21.995,21.81
08/11/2017,21.77,"1,024,580",21.635,21.83,21.58
08/10/2017,21.74,"1,009,128",21.815,21.92,21.73
08/09/2017,21.905,"695,236",21.785,21.935,21.7613
08/08/2017,21.86,"900,138",21.9,22.02,21.815
08/07/2017,21.945,"796,280",21.945,22.03,21.89
08/04/2017,22.03,"823,634",22.035,22.14,21.935
08/03/2017,21.975,"790,118",22.225,22.225,21.96
08/02/2017,22.205,"1,333,316",22.27,22.345,22.075
08/01/2017,22.295,"1,197,140",22.385,22.425,22.2475
07/31/2017,22.3,"1,579,116",22.315,22.43,22.25
07/28/2017,22.29,"640,570",22.0,22.305,21.955
07/27/2017,22.005,"743,864",22.225,22.24,21.9
07/26/2017,22.235,"1,236,496",22.31,22.32,22.185
07/25/2017,22.325,"1,415,168",22.29,22.42,22.22
07/24/2017,22.125,"651,616",22.025,22.1675,22.0
07/21/2017,22.035,"713,666",21.945,22.06,21.9201
07/20/2017,21.94,"870,266",21.895,22.0325,21.82
07/19/2017,21.885,"1,085,332",21.6,21.885,21.55
07/18/2017,21.515,"2,324,476",21.35,21.75,21.15
07/17/2017,21.505,"1,334,600",21.655,21.725,21.505
07/14/2017,21.65,"821,634",21.445,21.75,21.36
07/13/2017,21.54,"529,184",21.56,21.635,21.405
07/12/2017,21.54,"926,748",21.385,21.58,21.25
07/11/2017,21.355,"808,878",21.435,21.515,21.32
07/10/2017,21.43,"1,012,766",21.525,21.615,21.42
07/07/2017,21.58,"851,034",21.455,21.63,21.435
07/06/2017,21.43,"1,161,370",21.49,21.595,21.405
07/05/2017,21.585,"994,876",21.775,21.86,21.45
07/03/2017,21.76,"452,282",21.7,21.925,21.65
06/30/2017,21.535,"924,014",21.895,21.935,21.535
06/29/2017,21.785,"1,040,852",21.93,21.9501,21.55
06/28/2017,21.77,"626,546",21.665,21.88,21.665
06/27/2017,21.525,"618,362",21.575,21.6,21.5
06/26/2017,21.575,"549,574",21.465,21.63,21.31
06/23/2017,21.465,"1,424,676",21.59,21.685,21.45
06/22/2017,21.585,"549,032",21.74,21.74,21.555
06/21/2017,21.76,"510,854",21.925,21.95,21.71
06/20/2017,21.875,"1,169,454",21.99,22.04,21.835
06/19/2017,22.0,"1,573,040",22.25,22.25,21.91
06/16/2017,22.165,"2,093,950",22.045,22.285,22.03
06/15/2017,22.15,"995,706",21.92,22.15,21.86
06/14/2017,22.025,"1,097,722",22.045,22.135,21.925
06/13/2017,22.05,"790,860",22.035,22.135,21.985
06/12/2017,22.005,"966,130",21.92,22.05,21.865
06/09/2017,21.925,"1,027,768",21.75,21.94,21.69
06/08/2017,21.71,"791,570",21.505,21.735,21.495
06/07/2017,21.52,"853,810",21.555,21.605,21.48
06/06/2017,21.535,"859,724",21.625,21.67,21.48
06/05/2017,21.74,"1,197,782",21.905,21.935,21.685
06/02/2017,21.905,"916,420",22.04,22.13,21.905
06/01/2017,22.055,"1,804,310",21.73,22.08,21.715
05/31/2017,21.715,"1,877,108",21.52,21.72,21.42
05/30/2017,21.5,"1,655,244",21.34,21.515,21.16
05/26/2017,21.435,"665,322",21.435,21.5,21.36
05/25/2017,21.48,"1,270,066",21.265,21.515,21.225
05/24/2017,21.23,"826,620",21.25,21.335,21.195
05/23/2017,21.235,"653,044",21.24,21.335,21.135
05/22/2017,21.225,"814,616",21.085,21.295,21.085
