date,close,volume,open,high,low
05/15/2026,52.68,"14,843,340",54.19,54.4,52.52
05/14/2026,53.55,"14,595,130",53.27,53.69,52.75
05/13/2026,53.06,"17,994,230",53.27,54.29,52.81
05/12/2026,54.1,"15,917,840",53.95,54.48,53.485
05/11/2026,53.37,"21,607,610",53.77,54.2,53.145
05/08/2026,53.93,"20,841,330",56.33,56.62,53.63
05/07/2026,56.57,"25,541,290",56.84,58.18,56.4
05/06/2026,56.0,"18,680,180",55.81,56.1,54.98
05/05/2026,55.98,"12,544,100",57.005,57.005,55.88
05/04/2026,56.85,"13,975,260",56.65,57.685,56.53
05/01/2026,56.5,"18,311,890",57.93,58.1699,56.5
04/30/2026,57.61,"21,709,370",57.08,57.895,56.05
04/29/2026,57.15,"20,669,110",57.71,57.825,56.17
04/28/2026,58.45,"16,900,210",60.21,60.5175,58.02
04/27/2026,59.95,"17,643,070",61.21,61.73,59.925
04/24/2026,62.07,"17,691,300",65.8,65.97,61.96
04/23/2026,65.69,"31,271,630",65.57,66.88,64.93
04/22/2026,64.87,"40,404,750",62.51,65.32,61.78
04/21/2026,59.52,"26,846,560",60.74,61.68,59.385
04/20/2026,60.99,"16,505,560",63.16,63.66,60.6
04/17/2026,64.23,"12,090,050",64.08,64.89,63.9
04/16/2026,63.42,"10,656,920",64.77,65.56,63.35
04/15/2026,64.61,"12,030,730",64.04,65.15,63.7
04/14/2026,63.82,"12,354,690",63.5,64.48,63.14
04/13/2026,63.18,"12,227,990",61.5,63.18,61.44
04/10/2026,61.79,"14,774,150",61.52,61.79,60.84
04/09/2026,61.28,"12,702,490",62.15,62.36,60.59
04/08/2026,62.56,"14,972,720",62.84,63.545,62.125
04/07/2026,61.86,"18,325,160",62.15,62.26,60.9
04/06/2026,62.59,"11,190,140",62.32,63.3,62.18
04/02/2026,62.82,"13,895,820",62.05,63.2,61.8
04/01/2026,62.0,"19,486,640",63.72,64.23,61.955
03/31/2026,62.75,"29,867,320",63.48,63.91,61.435
03/30/2026,62.93,"43,461,800",64.2,65.71,61.245
03/27/2026,69.17,"16,012,450",70.03,70.13,68.85
03/26/2026,70.17,"12,968,350",69.4,71.2,69.35
03/25/2026,69.78,"9,440,556",69.0,70.1,68.6
03/24/2026,68.15,"11,771,970",69.12,69.245,68.03
03/23/2026,69.54,"10,959,490",70.04,70.54,68.85
03/20/2026,69.48,"20,129,800",69.77,70.645,69.38
03/19/2026,69.89,"13,040,020",71.13,71.78,69.06
03/18/2026,71.28,"8,988,268",70.73,71.94,70.1201
03/17/2026,71.2,"12,769,980",70.125,71.91,70.1
03/16/2026,69.79,"8,681,587",69.22,70.03,69.02
03/13/2026,69.13,"11,660,820",68.96,69.595,68.41
03/12/2026,68.55,"12,436,590",69.63,69.87,67.56
03/11/2026,69.63,"12,535,410",70.14,70.4,68.19
03/10/2026,69.96,"14,271,240",71.39,71.71,69.78
03/09/2026,71.9,"11,651,130",70.32,72.37,69.52
03/06/2026,71.35,"10,031,310",72.9,72.94,71.075
03/05/2026,72.99,"12,824,530",71.8,73.13,70.75
03/04/2026,72.21,"15,541,720",73.53,73.77,71.83
03/03/2026,73.85,"16,684,890",75.52,76.37,72.89
03/02/2026,76.22,"11,112,100",76.28,76.6782,75.33
02/27/2026,76.85,"21,487,740",75.27,76.87,75.27
02/26/2026,75.75,"13,022,360",74.0,75.87,73.66
02/25/2026,73.48,"15,587,930",74.81,74.91,73.44
02/24/2026,75.15,"14,189,180",74.5,75.7,73.805
02/23/2026,74.37,"10,224,380",74.27,75.32,74.26
02/20/2026,74.58,"12,592,650",75.46,75.58,74.46
02/19/2026,75.72,"10,979,940",76.1,76.87,75.52
02/18/2026,76.28,"9,345,226",76.215,76.36,75.31
02/17/2026,76.29,"14,259,270",75.03,76.82,75.0
02/13/2026,74.73,"13,452,420",74.82,76.37,74.43
02/12/2026,74.12,"16,871,950",73.38,75.29,73.16
02/11/2026,73.47,"20,102,920",74.12,74.5,72.69
02/10/2026,74.25,"21,080,940",74.65,75.42,73.92
02/09/2026,74.12,"21,133,730",75.61,75.79,74.075
02/06/2026,76.27,"34,885,740",77.24,79.169,75.115
02/05/2026,77.64,"38,316,880",77.35,78.6263,74.86
02/04/2026,75.5,"78,234,470",81.38,81.78,75.0
02/03/2026,91.62,"20,357,380",91.54,93.13,90.83
02/02/2026,91.87,"15,424,100",93.15,94.18,91.65
01/30/2026,93.53,"14,303,370",93.05,94.245,92.02
01/29/2026,92.33,"19,051,380",93.06,93.32,91.45
01/28/2026,93.79,"8,507,214",93.32,94.46,92.94
01/27/2026,93.61,"9,610,647",93.23,93.915,92.7
01/26/2026,93.55,"14,662,700",92.15,94.75,91.915
01/23/2026,92.51,"13,613,140",91.5,92.595,90.89
01/22/2026,91.29,"11,698,700",91.92,93.065,90.92
01/21/2026,91.71,"14,160,870",91.7,92.29,90.44
01/20/2026,91.2,"20,605,190",88.21,91.54,87.03
01/16/2026,88.07,"17,377,040",90.02,90.02,88.04
01/15/2026,90.03,"27,909,050",88.255,90.91,87.2165
01/14/2026,93.74,"7,270,389",93.92,93.99,92.79
01/13/2026,94.14,"11,108,180",95.35,95.45,92.69
01/12/2026,95.72,"7,209,801",97.9,97.9,95.34
01/09/2026,97.64,"9,795,705",98.95,99.09,97.235
01/08/2026,98.38,"9,736,405",98.9,100.9,98.34
01/07/2026,98.65,"9,701,126",98.28,99.15,98.12
01/06/2026,97.79,"6,651,334",95.85,98.09,95.1
01/05/2026,95.48,"7,533,493",94.28,95.78,93.86
01/02/2026,94.71,"6,030,637",95.72,95.84,94.2301
12/31/2025,95.35,"4,219,651",96.12,96.33,95.27
12/30/2025,96.01,"3,991,724",95.56,96.168,95.5
12/29/2025,95.76,"5,579,430",96.46,96.64,95.531
12/26/2025,96.06,"3,295,114",96.14,96.31,95.81
12/24/2025,96.13,"2,079,616",95.92,96.25,95.55
12/23/2025,96.09,"5,824,788",95.81,96.25,95.69
12/22/2025,96.43,"8,969,245",95.76,96.57,95.2
12/19/2025,95.61,"16,423,050",96.85,97.27,95.455
12/18/2025,96.11,"15,707,070",95.0,97.05,94.655
12/17/2025,94.48,"12,335,850",93.77,95.99,93.58
12/16/2025,92.95,"14,569,690",91.59,93.165,90.42
12/15/2025,92.19,"11,765,270",92.8,93.115,91.77
12/12/2025,92.58,"7,775,384",92.21,93.375,91.53
12/11/2025,91.75,"11,749,970",92.96,93.89,91.45
12/10/2025,92.7,"11,593,550",92.35,93.55,91.86
12/09/2025,92.53,"12,670,430",94.45,94.84,92.26
12/08/2025,93.84,"14,721,270",96.91,97.07,92.725
12/05/2025,97.52,"8,145,496",98.05,98.685,97.02
12/04/2025,97.72,"9,407,689",98.65,99.265,97.15
12/03/2025,98.57,"9,868,971",99.0,99.34,97.64
12/02/2025,99.02,"7,977,843",101.06,101.82,98.99
12/01/2025,101.01,"5,614,252",101.63,101.91,100.88
11/28/2025,101.58,"2,818,974",101.55,101.7333,100.5
11/26/2025,100.96,"5,310,193",100.915,101.69,100.9
11/25/2025,101.36,"8,827,638",98.85,101.765,98.74
11/24/2025,98.04,"17,698,480",96.29,98.285,96.13
11/21/2025,96.88,"13,388,510",96.45,98.345,96.0701
11/20/2025,96.6,"7,939,186",97.34,98.355,96.34
11/19/2025,97.01,"16,170,280",99.34,99.44,95.985
11/18/2025,99.22,"10,109,740",101.5,101.895,99.14
11/17/2025,101.76,"6,765,389",102.27,102.705,101.26
11/14/2025,102.69,"9,709,193",104.4,104.615,102.63
11/13/2025,104.98,"10,338,340",103.3,105.65,102.61
11/12/2025,104.13,"7,530,666",102.5,104.63,102.3
11/11/2025,102.5,"6,007,084",101.4,102.61,101.33
11/10/2025,100.91,"8,236,383",99.34,101.3,98.84
11/07/2025,100.02,"7,046,469",99.0,100.31,98.71
11/06/2025,99.05,"6,809,965",98.41,99.11,97.45
11/05/2025,98.9,"6,443,625",98.38,99.22,97.725
11/04/2025,98.84,"6,945,550",98.98,99.33,98.25
11/03/2025,98.59,"8,031,638",100.75,100.8,98.06
10/31/2025,100.72,"7,273,897",100.41,101.15,99.94
10/30/2025,100.57,"6,834,579",100.76,102.265,100.49
10/29/2025,100.3,"6,969,148",100.62,100.94,99.72
10/28/2025,100.97,"5,612,362",102.31,102.86,100.915
10/27/2025,102.43,"6,858,023",101.39,102.57,100.545
10/24/2025,101.11,"6,798,369",102.85,102.99,101.025
10/23/2025,102.39,"11,114,500",104.29,105.49,102.335
10/22/2025,103.85,"17,749,320",103.1,105.0,101.52
10/21/2025,99.9,"8,955,862",99.83,100.33,99.29
10/20/2025,100.53,"9,309,729",99.7,101.02,99.59
10/17/2025,99.24,"6,499,989",97.84,99.375,97.53
10/16/2025,97.78,"8,221,041",98.01,99.3,97.245
10/15/2025,97.71,"9,149,297",95.93,99.61,95.59
10/14/2025,96.24,"6,098,268",94.71,96.41,94.53
10/13/2025,94.95,"7,105,485",95.13,95.8,94.56
10/10/2025,95.41,"8,055,978",97.3,97.78,95.37
10/09/2025,97.28,"7,724,255",97.18,97.66,96.675
10/08/2025,96.79,"7,135,896",96.29,96.82,95.5
10/07/2025,95.9,"8,180,529",96.56,96.73,95.38
10/06/2025,96.7,"7,797,257",97.5,97.58,96.07
10/03/2025,97.32,"10,768,120",96.16,98.48,96.1
10/02/2025,96.22,"11,943,280",95.73,97.245,94.89
10/01/2025,95.85,"22,363,690",97.95,99.01,90.69
09/30/2025,97.63,"13,273,920",97.35,98.89,95.84
09/29/2025,97.04,"12,025,280",98.11,98.48,96.8
09/26/2025,98.18,"8,188,453",98.95,100.0,98.105
09/25/2025,98.14,"9,434,294",98.06,98.3,96.02
09/24/2025,98.06,"14,130,580",97.775,98.795,96.97
09/23/2025,97.69,"14,592,980",96.17,98.3,96.02
09/22/2025,97.03,"11,013,330",97.85,97.89,96.375
09/19/2025,97.83,"16,834,180",98.9,98.9,96.85
09/18/2025,98.23,"13,867,420",98.82,98.82,97.15
09/17/2025,98.5,"12,061,870",98.98,99.34,97.47
09/16/2025,98.98,"20,889,920",99.565,99.86,98.2
09/15/2025,99.87,"12,020,470",102.81,103.105,99.68
09/12/2025,102.71,"10,541,920",103.76,104.43,102.48
09/11/2025,104.34,"8,283,248",105.41,105.72,103.52
09/10/2025,105.23,"10,385,080",108.0,108.07,103.69
09/09/2025,108.09,"5,241,086",107.89,109.5,107.88
09/08/2025,108.14,"7,455,477",107.455,108.68,106.8
09/05/2025,107.22,"4,063,376",107.11,108.25,106.715
09/04/2025,107.29,"7,355,307",107.59,108.465,106.6
09/03/2025,107.53,"7,518,768",107.0,107.6893,105.17
09/02/2025,106.66,"7,768,098",105.47,106.87,104.24
08/29/2025,105.5,"4,066,889",105.64,105.72,104.885
08/28/2025,105.75,"3,936,165",105.7,105.9,104.8
08/27/2025,105.87,"5,706,509",106.43,107.01,105.82
08/26/2025,106.39,"5,613,693",105.05,106.46,104.665
08/25/2025,105.11,"4,507,934",106.16,106.2,105.1
08/22/2025,106.17,"9,397,527",105.71,106.685,105.42
08/21/2025,105.21,"5,926,815",105.83,105.99,104.9
08/20/2025,106.05,"6,062,816",103.9,106.3325,103.875
08/19/2025,103.75,"5,229,654",102.32,103.79,102.05
08/18/2025,103.05,"8,516,993",103.0,103.36,102.18
08/15/2025,103.17,"5,342,558",104.42,104.65,102.59
08/14/2025,104.15,"7,246,265",102.64,104.33,102.11
08/13/2025,102.5,"5,859,649",102.8,103.07,101.62
08/12/2025,102.64,"6,446,986",102.9,103.58,101.62
08/11/2025,102.75,"4,166,218",102.77,103.84,102.5159
08/08/2025,103.14,"5,076,192",103.27,104.46,103.11
08/07/2025,102.96,"5,406,367",103.35,103.755,101.96
08/06/2025,102.95,"9,105,256",105.0,105.375,101.6
08/05/2025,104.83,"4,834,855",106.66,106.75,104.5301
08/04/2025,106.79,"4,623,932",105.64,106.8,105.325
08/01/2025,105.41,"6,339,005",104.745,106.405,104.06
07/31/2025,104.92,"6,714,968",106.13,106.43,104.58
07/30/2025,106.76,"7,166,114",106.46,107.23,105.88
07/29/2025,106.47,"6,352,582",106.68,107.245,106.1
07/28/2025,105.84,"6,624,810",106.33,107.38,105.56
07/25/2025,106.14,"5,875,146",106.18,107.25,105.935
07/24/2025,106.21,"10,261,880",108.35,108.53,104.69
07/23/2025,107.76,"15,115,160",107.06,108.94,105.75
07/22/2025,103.16,"7,924,292",104.23,104.555,103.16
07/21/2025,103.78,"5,528,759",103.02,104.96,103.01
07/18/2025,103.64,"8,571,432",105.13,105.4,102.26
07/17/2025,104.65,"9,489,149",102.98,104.74,102.69
07/16/2025,103.19,"9,259,117",104.185,104.29,102.59
07/15/2025,103.48,"7,361,611",104.38,104.545,102.91
07/14/2025,104.33,"9,819,573",102.66,105.19,102.49
07/11/2025,103.2,"5,890,261",104.08,104.08,102.85
07/10/2025,103.86,"7,226,169",103.11,104.41,102.455
07/09/2025,102.96,"6,241,376",102.95,103.21,101.6
07/08/2025,102.41,"7,751,180",103.52,104.16,101.56
07/07/2025,103.83,"5,892,221",104.62,104.695,103.29
07/03/2025,104.32,"2,931,148",104.47,104.495,103.48
07/02/2025,103.63,"6,514,693",104.73,105.39,102.665
07/01/2025,104.78,"8,531,013",107.36,107.5,103.95
06/30/2025,107.41,"7,006,513",106.5,107.53,106.25
06/27/2025,106.53,"15,637,240",104.73,107.05,104.62
06/26/2025,104.58,"5,071,755",104.57,105.2,104.1601
06/25/2025,104.29,"5,691,728",104.14,105.09,104.011
06/24/2025,104.12,"7,160,828",102.74,104.3,102.045
06/23/2025,102.36,"6,203,608",101.45,102.4,100.9
06/20/2025,101.3,"11,349,630",101.62,102.29,101.24
06/18/2025,101.37,"5,188,861",101.81,102.27,100.84
06/17/2025,101.73,"6,858,096",101.32,102.41,101.2
06/16/2025,101.49,"9,288,222",100.68,102.395,100.34
06/13/2025,99.74,"10,330,960",98.19,100.88,98.0
06/12/2025,98.56,"9,101,500",99.49,99.58,98.06
06/11/2025,99.4,"8,453,844",99.16,100.08,98.78
06/10/2025,99.34,"8,711,555",100.24,100.4599,98.99
06/09/2025,100.04,"8,560,569",101.46,101.54,99.62
06/06/2025,102.09,"9,114,617",103.05,105.78,100.96
06/05/2025,102.83,"8,242,923",102.96,103.24,102.13
06/04/2025,102.43,"5,682,108",103.17,103.49,102.4
06/03/2025,103.1,"8,429,884",104.0,104.2,102.32
06/02/2025,104.17,"5,005,227",104.53,105.26,102.82
05/30/2025,105.26,"10,524,960",104.52,105.365,104.085
05/29/2025,104.5,"7,129,631",104.5,105.0,103.87
05/28/2025,104.51,"6,364,744",104.26,105.72,103.502
05/27/2025,106.17,"6,910,661",105.36,106.67,105.22
05/23/2025,104.5,"5,205,961",103.86,104.865,103.58
05/22/2025,104.5,"7,716,290",104.2,105.0,103.5727
05/21/2025,104.64,"8,076,237",106.42,107.0598,104.37
05/20/2025,106.54,"7,906,960",106.3,106.67,105.3
05/19/2025,106.66,"7,934,193",105.69,106.72,105.52
05/16/2025,106.04,"7,292,799",105.44,106.24,104.72
05/15/2025,104.86,"6,941,095",103.21,105.06,102.78
05/14/2025,102.95,"5,738,360",102.99,103.48,102.57
05/13/2025,102.95,"7,066,936",103.19,103.68,102.26
05/12/2025,102.87,"6,974,620",104.55,104.55,101.82
05/09/2025,102.86,"3,609,594",102.97,103.655,102.53
05/08/2025,103.29,"5,275,175",105.13,105.74,103.215
05/07/2025,104.8,"4,392,739",104.49,105.05,103.83
05/06/2025,104.12,"6,123,082",103.32,104.47,103.1
05/05/2025,104.24,"4,822,898",104.54,104.81,103.54
05/02/2025,104.93,"7,363,560",105.0,105.54,104.28
05/01/2025,103.19,"8,206,056",102.76,103.83,101.51
04/30/2025,102.87,"6,702,610",102.34,103.12,101.46
04/29/2025,102.74,"5,478,918",102.4,103.2,101.615
04/28/2025,102.18,"7,815,974",102.5,102.95,101.5039
04/25/2025,101.9,"5,413,082",101.39,102.15,100.82
04/24/2025,101.14,"8,984,700",99.03,101.675,98.93
04/23/2025,98.92,"12,865,360",100.0,102.37,98.425
04/22/2025,95.05,"8,610,950",93.9,95.61,93.35
04/21/2025,93.58,"9,990,446",95.05,95.18,92.7
04/17/2025,95.12,"6,673,145",95.6,96.0615,94.67
04/16/2025,95.25,"7,874,220",94.78,96.69,94.04
04/15/2025,94.23,"6,615,643",94.66,95.12,93.69
04/14/2025,94.27,"7,877,155",95.28,95.63,93.65
04/11/2025,93.67,"8,303,735",93.06,94.48,91.89
04/10/2025,92.64,"11,632,210",95.23,95.57,91.01
04/09/2025,96.77,"23,603,260",90.22,97.6549,86.77
04/08/2025,90.64,"10,816,090",94.5,95.045,89.05
04/07/2025,91.54,"14,289,980",87.04,93.89,85.98
04/04/2025,89.7,"22,572,500",94.73,95.89,89.6501
04/03/2025,98.5,"10,996,680",96.94,99.86,96.65
04/02/2025,100.05,"11,755,570",99.71,101.02,98.44
04/01/2025,101.24,"5,958,004",100.4,101.28,99.46
03/31/2025,100.88,"8,522,514",98.56,101.25,97.85
03/28/2025,99.36,"7,404,062",99.94,100.42,98.02
03/27/2025,100.8,"7,610,638",102.23,102.24,100.26
03/26/2025,102.34,"6,645,989",103.12,103.48,101.02
03/25/2025,103.08,"9,346,683",102.86,104.35,102.6
03/24/2025,102.67,"5,831,187",101.72,102.92,101.23
03/21/2025,100.69,"8,617,197",100.85,101.0,99.3
03/20/2025,101.51,"6,282,279",100.41,102.01,100.101
03/19/2025,100.73,"5,504,731",99.93,101.49,98.94
03/18/2025,99.22,"5,370,082",98.36,99.41,97.93
03/17/2025,98.9,"5,703,044",96.76,99.41,96.52
03/14/2025,97.16,"4,924,639",96.07,97.385,95.56
03/13/2025,95.37,"8,056,893",96.64,96.64,94.85
03/12/2025,96.42,"8,790,915",98.04,98.565,96.01
03/11/2025,95.52,"11,910,730",94.13,96.27,93.905
03/10/2025,94.13,"17,009,290",97.765,97.77,93.291
03/07/2025,99.13,"12,987,190",100.61,100.61,97.04
03/06/2025,100.8,"9,723,019",103.31,103.51,100.5397
03/05/2025,104.71,"6,716,353",103.24,105.21,103.07
03/04/2025,103.61,"8,374,524",104.63,105.14,102.53
03/03/2025,104.87,"6,349,110",104.85,105.57,103.83
02/28/2025,103.79,"8,833,246",101.13,104.1,101.01
02/27/2025,100.8,"9,010,507",101.64,103.99,100.55
02/26/2025,101.56,"8,148,662",100.43,102.815,99.85
02/25/2025,100.72,"18,821,600",104.0,104.5,97.08
02/24/2025,104.39,"5,214,717",104.25,104.95,103.87
02/21/2025,104.49,"5,513,271",104.64,105.65,103.98
02/20/2025,105.36,"5,977,701",105.43,105.48,104.35
02/19/2025,105.67,"4,305,812",105.35,105.7,104.7637
02/18/2025,105.35,"6,505,711",103.69,105.72,102.919
02/14/2025,106.11,"3,966,659",106.1,106.715,105.77
02/13/2025,106.14,"6,268,645",105.98,106.27,104.94
02/12/2025,105.77,"5,456,560",105.24,106.2,104.75
02/11/2025,105.98,"4,830,180",105.89,106.15,105.25
02/10/2025,106.18,"5,849,467",105.72,106.32,105.27
02/07/2025,105.25,"5,538,335",104.75,105.92,104.29
02/06/2025,105.02,"6,383,814",105.72,105.9,104.73
02/05/2025,104.97,"10,668,130",102.94,107.17,102.44
02/04/2025,103.54,"9,761,159",103.28,103.99,102.85
02/03/2025,103.07,"6,263,840",101.41,103.86,100.7
01/31/2025,102.36,"6,188,160",103.4,103.6,102.32
01/30/2025,103.04,"6,344,245",103.6,104.25,102.83
01/29/2025,102.71,"4,556,862",102.74,103.17,102.33
01/28/2025,102.32,"7,905,068",102.28,102.93,101.64
01/27/2025,102.27,"6,799,269",101.6,102.32,100.5
01/24/2025,101.94,"4,324,925",101.01,102.15,100.87
01/23/2025,101.64,"7,223,578",100.5,101.75,99.75
01/22/2025,100.31,"8,171,033",100.91,101.6462,100.14
01/21/2025,100.91,"6,010,213",100.21,101.135,99.77
01/17/2025,98.66,"7,064,046",97.93,99.14,97.68
01/16/2025,98.17,"5,020,833",97.04,98.31,96.97
01/15/2025,96.89,"5,328,883",95.73,97.36,95.37
01/14/2025,95.65,"5,415,828",95.08,96.25,94.83
01/13/2025,94.61,"4,219,067",93.82,95.08,93.2035
01/10/2025,94.88,"5,944,484",95.475,96.692,94.56
01/08/2025,95.95,"10,747,710",96.68,97.1273,94.7501
01/07/2025,91.99,"4,812,189",91.7,92.42,90.52
01/06/2025,91.29,"4,981,432",90.68,91.34,90.43
01/03/2025,90.69,"3,439,787",89.79,90.96,89.505
01/02/2025,89.38,"3,369,054",90.02,90.16,88.81
12/31/2024,89.32,"3,973,044",89.78,90.21,89.01
12/30/2024,89.68,"3,411,372",89.66,90.09,89.07
12/27/2024,90.66,"3,177,692",90.9,91.5,90.23
12/26/2024,91.45,"2,601,931",90.68,91.55,90.59
12/24/2024,91.07,"1,879,976",89.86,91.09,89.66
12/23/2024,89.86,"3,833,986",89.27,89.988,88.36
12/20/2024,88.95,"15,910,020",88.0,89.67,87.25
12/19/2024,88.66,"5,620,772",88.04,89.24,87.7193
12/18/2024,88.03,"5,167,885",90.14,90.21,87.95
12/17/2024,90.43,"4,903,792",90.5,90.91,89.71
12/16/2024,90.46,"5,664,964",90.78,91.59,89.4901
12/13/2024,90.11,"3,181,520",90.54,91.03,90.05
12/12/2024,90.42,"4,050,926",90.71,91.37,90.32
12/11/2024,90.56,"3,168,444",90.61,90.97,90.15
12/10/2024,90.2,"4,612,138",89.29,90.47,88.73
12/09/2024,88.72,"4,877,303",90.12,90.665,88.513
12/06/2024,90.07,"3,302,016",90.36,90.8,89.96
12/05/2024,90.53,"4,173,475",90.0,91.06,89.76
12/04/2024,90.84,"3,507,289",90.38,91.31,90.05
12/03/2024,90.47,"3,192,033",90.0,90.79,89.62
12/02/2024,90.43,"3,388,073",90.78,91.34,90.2
11/29/2024,90.66,"3,446,971",90.51,91.32,89.89
11/27/2024,90.75,"3,788,570",90.4,91.03,90.05
11/26/2024,90.21,"4,284,463",89.78,90.39,89.1
11/25/2024,89.25,"10,227,540",89.69,90.295,87.95
11/22/2024,90.0,"5,571,738",91.79,91.93,89.02
11/21/2024,91.5,"4,195,288",90.65,91.72,90.23
11/20/2024,90.17,"4,786,878",90.81,90.81,89.47
11/19/2024,90.33,"5,586,227",90.03,90.745,89.37
11/18/2024,90.45,"9,011,901",88.75,91.08,88.5
11/15/2024,86.99,"10,230,150",87.12,87.8,86.01
11/14/2024,87.59,"5,120,221",88.65,89.09,87.48
11/13/2024,88.77,"4,176,533",88.75,89.3,88.66
11/12/2024,88.72,"4,989,374",88.63,89.005,88.01
11/11/2024,88.48,"4,067,317",88.65,88.9,88.21
11/08/2024,88.25,"5,242,205",87.57,88.94,87.18
11/07/2024,86.88,"4,836,499",86.83,87.34,86.11
11/06/2024,86.44,"6,203,905",88.0,88.02,85.03
11/05/2024,85.54,"5,400,651",84.54,85.69,84.13
11/04/2024,84.72,"5,853,107",83.65,85.24,83.55
11/01/2024,83.62,"7,051,533",84.33,84.77,83.495
10/31/2024,84.02,"7,444,633",83.71,85.25,83.375
10/30/2024,83.99,"12,004,160",84.51,84.66,80.64
10/29/2024,84.56,"7,465,678",84.75,85.13,84.37
10/28/2024,84.76,"8,882,736",85.0,85.57,84.66
10/25/2024,84.73,"6,297,105",85.25,85.57,83.59
10/24/2024,85.1,"10,848,650",88.37,88.7,85.03
10/23/2024,87.45,"19,619,290",85.28,87.58,83.27
10/22/2024,88.01,"5,822,506",87.31,88.43,87.12
10/21/2024,88.05,"5,616,700",88.08,88.79,87.865
10/18/2024,88.07,"6,349,645",86.12,88.705,85.5
10/17/2024,86.42,"4,560,079",87.31,87.44,86.42
10/16/2024,87.0,"4,134,614",86.54,87.43,86.44
10/15/2024,86.77,"6,087,458",87.8,88.09,86.505
10/14/2024,87.55,"5,360,992",87.6,87.79,86.915
10/11/2024,87.1,"5,960,506",86.53,87.28,86.19
10/10/2024,86.2,"4,920,999",86.77,86.77,85.768
10/09/2024,86.7,"7,039,006",84.63,86.99,84.27
10/08/2024,85.84,"5,347,769",85.12,86.0851,84.71
10/07/2024,84.41,"5,806,259",84.38,85.26,83.725
10/04/2024,84.54,"4,243,643",84.04,84.66,83.2
10/03/2024,83.82,"4,580,847",84.42,84.45,83.44
10/02/2024,84.49,"4,518,164",84.0,84.58,83.16
10/01/2024,84.14,"5,537,713",83.86,84.25,83.411
09/30/2024,83.8,"3,961,900",83.32,83.86,82.92
09/27/2024,83.35,"4,915,620",83.01,83.72,82.76
09/26/2024,83.08,"4,066,935",83.57,83.69,82.59
09/25/2024,83.5,"3,239,832",83.96,84.07,83.08
09/24/2024,83.51,"5,115,206",83.46,83.73,83.05
09/23/2024,84.0,"5,657,774",84.27,84.71,83.63
09/20/2024,83.92,"6,968,191",83.56,84.045,83.1
09/19/2024,83.71,"7,860,788",83.41,84.89,83.33
09/18/2024,82.57,"7,749,476",82.5,83.38,81.82
09/17/2024,82.52,"7,092,244",83.33,83.46,81.54
09/16/2024,83.51,"4,908,256",83.8,84.005,82.86
09/13/2024,83.31,"3,602,458",83.8,84.115,83.165
09/12/2024,83.83,"3,661,534",82.95,83.84,82.46
09/11/2024,82.94,"4,832,501",82.88,83.27,81.5
09/10/2024,83.06,"5,088,678",82.9,83.225,82.465
09/09/2024,82.65,"5,436,567",82.3,82.8,81.79
09/06/2024,81.6,"4,618,961",81.4,81.975,80.79
09/05/2024,81.37,"4,462,169",81.77,81.88,80.5
09/04/2024,81.96,"4,711,777",81.35,82.47,81.18
09/03/2024,81.14,"5,456,527",81.7,82.08,80.79
08/30/2024,81.79,"7,639,891",80.83,82.095,80.7
08/29/2024,80.67,"5,519,692",79.67,80.96,79.53
08/28/2024,79.52,"4,196,085",80.0,80.02,79.03
08/27/2024,79.83,"3,240,527",79.5,79.99,79.45
08/26/2024,79.47,"2,792,071",79.09,79.94,78.897
08/23/2024,79.17,"4,006,157",79.8,79.9,78.53
08/22/2024,79.58,"3,874,343",79.36,79.92,79.0
08/21/2024,78.81,"3,232,615",78.53,78.95,78.295
08/20/2024,78.48,"3,154,194",78.9,79.05,78.0801
08/19/2024,78.68,"4,277,664",78.1,78.99,77.71
08/16/2024,78.25,"4,414,404",77.68,78.31,77.2875
08/15/2024,77.58,"4,730,327",76.75,77.815,76.6
08/14/2024,76.42,"3,623,263",75.94,76.55,75.53
08/13/2024,75.92,"4,011,629",76.1,76.225,75.6
08/12/2024,75.94,"4,042,970",75.96,76.25,75.44
08/09/2024,76.19,"3,835,101",75.53,76.325,74.995
08/08/2024,75.55,"4,505,035",74.28,75.775,74.01
08/07/2024,73.78,"4,624,210",73.8,74.74,73.61
08/06/2024,73.76,"5,107,344",73.58,74.77,73.02
08/05/2024,72.96,"7,241,498",73.46,73.575,71.88
08/02/2024,74.5,"5,500,518",75.12,75.36,73.34
08/01/2024,75.16,"5,946,254",74.12,75.18,73.86
07/31/2024,73.88,"8,446,689",74.5,74.566,73.47
07/30/2024,74.03,"9,997,486",75.3,75.49,73.425
07/29/2024,75.59,"6,993,250",75.22,75.705,74.46
07/26/2024,74.92,"7,973,424",74.5,75.6737,74.42
07/25/2024,74.26,"10,960,810",78.25,78.76,74.13
07/24/2024,77.76,"15,546,850",76.6,78.09,75.41
07/23/2024,78.59,"6,718,960",78.56,79.43,78.19
07/22/2024,78.27,"6,471,013",77.67,78.635,77.47
07/19/2024,77.56,"7,913,032",76.9,77.685,76.22
07/18/2024,75.55,"9,579,826",77.2,77.65,74.1529
07/17/2024,77.41,"5,215,180",78.07,78.39,77.08
07/16/2024,78.14,"4,243,343",78.01,78.46,77.64
07/15/2024,78.02,"6,481,831",78.0,78.98,77.71
07/12/2024,77.69,"4,430,852",76.88,77.8799,76.67
07/11/2024,76.89,"5,818,465",77.08,77.235,76.6078
07/10/2024,77.11,"3,335,061",76.55,77.15,76.03
07/09/2024,76.51,"3,954,708",76.45,76.75,76.07
07/08/2024,76.11,"4,537,746",76.37,76.43,75.99
07/05/2024,76.4,"4,641,155",76.56,76.68,75.77
07/03/2024,76.11,"2,144,448",76.8,77.0,75.71
07/02/2024,76.55,"3,321,846",76.39,76.73,75.91
07/01/2024,76.41,"4,234,519",77.3,77.95,76.24
06/28/2024,77.01,"7,714,856",77.01,77.435,76.7
06/27/2024,77.0,"4,196,200",77.15,77.5,76.65
06/26/2024,77.1,"6,013,179",77.17,77.425,76.76
06/25/2024,77.51,"6,238,098",76.9,77.6,76.635
06/24/2024,76.71,"5,594,645",77.7,77.99,76.54
06/21/2024,77.71,"9,938,194",77.1,77.81,76.9
06/20/2024,77.0,"8,725,728",76.6,77.26,76.4
06/18/2024,76.31,"5,365,864",76.13,76.49,75.38
06/17/2024,76.19,"6,443,574",76.38,76.72,75.96
06/14/2024,76.76,"3,540,518",76.85,77.03,76.43
06/13/2024,76.96,"4,054,303",77.11,77.3,76.25
06/12/2024,77.41,"3,219,862",77.2,77.64,76.68
06/11/2024,77.15,"3,754,702",77.44,77.465,76.75
06/10/2024,77.42,"3,471,789",76.95,77.53,76.7
06/07/2024,77.11,"6,919,038",76.6,77.555,76.35
06/06/2024,76.12,"5,979,075",75.75,76.3091,75.35
06/05/2024,75.89,"5,194,012",76.0,76.04,75.48
06/04/2024,75.92,"3,245,818",75.38,76.11,75.16
06/03/2024,75.5,"3,217,224",75.36,75.92,74.84
05/31/2024,75.57,"8,825,296",75.18,75.68,74.43
05/30/2024,75.0,"5,150,739",75.11,75.5,74.62
05/29/2024,74.98,"6,809,504",74.78,75.38,74.78
05/28/2024,75.17,"4,252,437",75.59,75.82,74.86
05/24/2024,75.63,"4,786,625",74.54,76.13,74.54
05/23/2024,74.38,"5,581,323",75.47,75.52,74.29
05/22/2024,75.37,"6,390,277",75.95,76.25,75.145
05/21/2024,75.67,"5,801,543",75.56,76.115,75.45
05/20/2024,75.36,"6,534,124",74.81,76.07,74.81
05/17/2024,74.65,"6,978,299",74.94,74.94,74.06
05/16/2024,74.55,"5,636,940",74.43,74.765,74.175
05/15/2024,74.45,"4,492,569",73.86,74.6713,73.86
05/14/2024,73.49,"5,848,511",72.6,73.64,72.31
05/13/2024,72.81,"6,182,025",73.68,73.83,72.66
05/10/2024,73.69,"3,790,579",74.2,74.3,73.535
05/09/2024,74.1,"6,134,777",72.74,74.145,72.74
05/08/2024,72.72,"5,054,088",73.51,73.66,72.61
05/07/2024,73.43,"4,151,544",72.7,73.5,72.62
05/06/2024,72.55,"4,922,960",73.04,73.27,72.42
05/03/2024,72.85,"7,452,084",72.22,73.075,71.82
05/02/2024,72.03,"7,610,487",72.47,72.56,70.97
05/01/2024,72.21,"6,021,096",71.61,72.99,71.144
04/30/2024,71.87,"8,718,137",72.34,72.79,71.735
04/29/2024,72.5,"9,463,878",73.08,73.125,71.75
04/26/2024,73.17,"8,786,294",72.88,73.613,72.64
04/25/2024,73.26,"8,172,200",73.13,73.635,72.91
04/24/2024,72.91,"15,276,470",73.14,74.39,72.55
04/23/2024,68.99,"9,075,682",68.32,69.0,67.8
04/22/2024,68.02,"7,659,790",67.63,68.605,66.8
04/19/2024,67.33,"6,966,282",67.87,68.08,66.905
04/18/2024,67.42,"5,946,798",68.05,68.2,67.215
04/17/2024,67.96,"6,177,611",68.17,68.33,67.455
04/16/2024,68.12,"6,619,233",67.71,68.665,67.37
04/15/2024,67.44,"6,527,104",68.73,68.96,67.4
04/12/2024,68.07,"4,995,155",68.27,68.53,67.76
04/11/2024,68.84,"6,439,168",68.93,69.21,68.535
04/10/2024,68.65,"5,200,008",68.02,68.795,67.943
04/09/2024,68.66,"4,917,465",68.94,68.94,67.95
04/08/2024,68.69,"4,912,625",68.52,68.795,68.031
04/05/2024,68.56,"5,342,333",67.98,68.785,67.83
04/04/2024,67.75,"5,834,144",68.7,69.2,67.685
04/03/2024,68.13,"6,590,938",67.7,68.57,67.565
04/02/2024,67.45,"4,895,374",67.69,67.92,67.09
04/01/2024,68.1,"2,970,096",68.42,68.54,67.9
03/28/2024,68.49,"6,533,625",68.72,68.915,68.33
03/27/2024,68.62,"4,069,747",68.26,68.66,67.9
03/26/2024,67.94,"5,308,830",67.37,68.125,67.37
03/25/2024,67.29,"3,321,802",67.65,67.85,67.275
03/22/2024,67.62,"4,463,370",67.21,67.865,66.911
03/21/2024,67.56,"4,165,681",67.43,67.84,67.31
03/20/2024,67.44,"3,882,507",67.72,67.825,67.035
03/19/2024,67.79,"5,417,145",67.44,67.84,67.03
03/18/2024,67.24,"5,833,683",66.19,67.425,66.16
03/15/2024,66.23,"8,850,950",66.06,66.91,65.87
03/14/2024,66.86,"7,327,729",65.94,66.91,65.52
03/13/2024,66.04,"9,236,134",67.6,67.6001,65.98
03/12/2024,67.49,"6,462,540",66.05,67.68,66.04
03/11/2024,66.12,"7,995,762",67.53,67.69,66.035
03/08/2024,67.66,"6,257,814",67.78,68.065,67.33
03/07/2024,67.82,"5,283,101",67.7,68.0,67.42
03/06/2024,67.42,"6,401,048",67.1,67.435,66.84
03/05/2024,67.02,"7,039,289",67.6,67.6725,66.77
03/04/2024,67.43,"7,853,647",67.11,67.45,66.8
03/01/2024,67.13,"5,664,190",66.35,67.4,66.3
02/29/2024,66.21,"9,710,756",66.83,66.83,65.995
02/28/2024,66.99,"4,740,486",66.46,67.0,66.297
02/27/2024,66.43,"4,021,009",66.26,66.71,66.15
02/26/2024,66.67,"4,368,914",67.07,67.32,66.64
02/23/2024,67.0,"4,599,932",66.89,67.32,66.65
02/22/2024,66.74,"4,872,379",65.76,66.9075,65.75
02/21/2024,65.75,"6,759,860",66.15,66.35,65.335
02/20/2024,66.22,"7,580,418",65.86,66.66,65.79
02/16/2024,65.82,"7,300,469",66.35,66.86,65.76
02/15/2024,66.09,"5,718,561",66.12,66.23,65.485
02/14/2024,65.95,"5,498,113",65.29,66.0,65.005
02/13/2024,64.97,"6,911,675",64.81,65.4075,64.545
02/12/2024,64.99,"4,659,272",65.39,65.435,64.56
02/09/2024,65.5,"7,161,773",65.06,65.605,64.85
02/08/2024,65.02,"6,823,693",65.05,65.135,64.39
02/07/2024,65.23,"6,807,876",64.85,65.43,64.785
02/06/2024,64.79,"5,522,155",64.68,64.83,64.08
02/05/2024,64.46,"7,197,561",64.43,65.0001,64.142
02/02/2024,64.37,"10,866,050",65.0,65.0,64.105
02/01/2024,64.82,"10,526,970",64.47,64.905,63.39
01/31/2024,63.26,"13,910,770",64.0,64.49,62.635
01/30/2024,61.42,"7,257,091",61.32,61.47,61.085
01/29/2024,61.31,"5,560,158",60.91,61.34,60.78
01/26/2024,61.13,"5,748,411",61.08,61.31,60.72
01/25/2024,60.83,"6,908,078",60.27,60.86,59.97
01/24/2024,59.92,"11,290,570",60.51,60.81,59.85
01/23/2024,60.62,"5,119,296",60.8,60.949,60.137
01/22/2024,60.74,"6,417,822",61.3,61.4,60.55
01/19/2024,60.94,"6,584,085",61.08,61.16,60.605
01/18/2024,61.05,"8,712,282",60.94,61.46,60.35
01/17/2024,60.96,"9,442,393",60.04,61.005,60.01
01/16/2024,60.25,"5,780,052",59.81,60.485,59.61
01/12/2024,59.94,"6,386,158",59.94,60.635,59.855
01/11/2024,59.61,"4,995,897",59.61,59.95,59.39
01/10/2024,59.51,"4,853,847",59.34,59.63,59.08
01/09/2024,59.23,"8,180,799",58.2,59.4,58.09
01/08/2024,58.42,"4,699,363",58.4,58.57,57.77
01/05/2024,58.16,"6,020,532",57.99,58.475,57.79
01/04/2024,58.17,"6,083,477",57.66,58.52,57.58
01/03/2024,57.6,"6,593,969",57.9,58.14,57.33
01/02/2024,57.84,"6,775,540",57.46,57.99,57.11
12/29/2023,57.81,"10,667,450",57.0,58.34,56.77
12/28/2023,56.28,"3,382,432",55.98,56.47,55.85
12/27/2023,56.02,"3,186,590",55.86,56.085,55.75
12/26/2023,55.99,"2,834,287",55.82,56.18,55.685
12/22/2023,55.9,"5,404,295",55.85,56.03,55.6
12/21/2023,55.65,"5,138,564",55.2,55.7,54.955
12/20/2023,54.98,"5,843,955",55.56,55.73,54.95
12/19/2023,55.82,"5,898,163",55.4,55.87,55.195
12/18/2023,55.51,"6,317,604",55.8,56.03,55.45
12/15/2023,55.81,"10,461,310",55.79,56.04,55.1
12/14/2023,56.18,"8,267,793",56.89,56.9,55.785
12/13/2023,56.48,"6,764,536",56.04,56.545,55.94
12/12/2023,55.95,"4,625,547",55.41,55.98,55.135
12/11/2023,55.26,"3,653,377",54.86,55.33,54.86
12/08/2023,54.95,"4,300,356",54.87,55.05,54.52
12/07/2023,55.03,"4,027,818",54.98,55.13,54.67
12/06/2023,54.82,"4,837,545",55.03,55.22,54.31
12/05/2023,54.88,"5,393,248",54.59,55.01,53.93
12/04/2023,54.77,"9,420,893",55.85,55.85,54.52
12/01/2023,56.14,"4,730,456",55.92,56.215,55.57
11/30/2023,55.89,"8,346,178",55.46,55.95,54.94
11/29/2023,55.44,"4,780,411",55.18,55.64,55.095
11/28/2023,54.93,"6,450,749",55.56,55.74,54.91
11/27/2023,55.69,"5,313,739",55.33,55.82,55.26
11/24/2023,55.63,"2,476,836",55.5,55.68,55.2
11/22/2023,55.43,"5,601,118",55.58,55.83,55.32
11/21/2023,55.32,"7,228,661",54.66,55.35,54.475
11/20/2023,54.46,"4,708,685",54.06,54.58,54.05
11/17/2023,54.34,"5,200,225",54.7,55.02,54.195
11/16/2023,54.67,"10,876,000",53.95,54.9,53.56
11/15/2023,53.85,"5,759,851",54.01,54.56,53.84
11/14/2023,54.02,"6,031,360",54.11,54.37,53.67
11/13/2023,53.71,"12,619,450",53.5,54.7,52.99
11/10/2023,51.56,"7,496,222",51.65,51.86,50.84
11/09/2023,51.43,"7,135,166",52.05,52.16,51.315
11/08/2023,52.11,"6,989,884",52.44,52.52,51.7343
11/07/2023,52.17,"6,559,534",52.77,52.92,52.08
11/06/2023,52.81,"6,054,746",52.61,52.83,52.165
11/03/2023,52.53,"9,440,527",53.0,53.1,52.09
11/02/2023,52.52,"9,901,422",51.96,52.66,51.8
11/01/2023,51.66,"7,156,141",51.29,51.845,51.03
10/31/2023,51.19,"10,120,640",50.4,51.46,50.26
10/30/2023,50.05,"8,448,179",49.82,50.355,49.555
10/27/2023,49.52,"7,452,165",50.27,50.84,49.145
10/26/2023,49.78,"12,274,230",50.75,51.9,49.77
10/25/2023,49.99,"9,612,339",50.86,51.12,49.95
10/24/2023,50.96,"10,162,430",50.04,51.23,49.97
10/23/2023,50.13,"5,745,312",50.03,50.64,49.99
10/20/2023,50.05,"6,090,909",50.55,50.8,50.03
10/19/2023,50.55,"8,528,333",50.7,51.43,50.49
10/18/2023,50.71,"7,164,662",51.35,51.38,50.12
10/17/2023,50.46,"7,423,868",49.73,51.035,49.49
10/16/2023,50.1,"7,146,982",49.81,50.62,49.51
10/13/2023,49.52,"11,188,400",48.46,49.72,48.35
10/12/2023,48.64,"19,234,740",50.9,51.035,48.57
10/11/2023,50.91,"17,763,740",53.56,53.78,50.25
10/10/2023,53.8,"10,592,690",52.46,53.98,52.3
10/09/2023,52.4,"5,006,654",51.83,52.455,51.8
10/06/2023,52.12,"6,319,143",51.5,52.5,51.25
10/05/2023,51.68,"5,477,081",51.67,51.94,51.275
10/04/2023,51.55,"10,035,700",51.7,51.9,51.0
10/03/2023,51.54,"8,414,792",52.66,52.8,51.25
10/02/2023,52.81,"5,259,833",52.49,52.81,52.27
09/29/2023,52.8,"11,501,700",53.46,53.46,52.695
09/28/2023,53.37,"6,579,614",52.42,53.5,52.14
09/27/2023,52.1,"8,483,273",52.78,53.16,51.54
09/26/2023,52.83,"7,656,016",53.48,53.89,52.695
09/25/2023,53.8,"6,747,199",53.45,53.83,53.42
09/22/2023,53.6,"9,439,902",54.0,54.105,53.47
09/21/2023,53.97,"10,507,420",54.02,54.6399,53.95
09/20/2023,54.1,"15,134,160",54.7,55.38,53.53
09/19/2023,53.03,"7,549,134",53.01,53.21,52.575
09/18/2023,53.0,"8,139,689",52.85,53.705,52.8
09/15/2023,52.9,"14,535,190",52.99,53.23,52.475
09/14/2023,52.92,"5,574,932",53.38,53.46,52.67
09/13/2023,53.2,"5,710,223",53.38,53.62,53.05
09/12/2023,53.42,"5,643,940",54.47,54.57,53.35
09/11/2023,54.56,"6,415,931",54.06,54.825,53.81
09/08/2023,53.87,"4,419,340",53.59,54.41,53.54
09/07/2023,53.89,"7,994,198",54.46,54.755,53.78
09/06/2023,53.86,"7,705,042",53.12,54.2,52.815
09/05/2023,53.3,"6,330,647",53.79,53.85,52.77
09/01/2023,53.62,"6,879,849",54.26,54.26,53.34
08/31/2023,53.94,"8,083,157",54.56,54.76,53.94
08/30/2023,54.27,"9,036,957",54.75,54.99,54.2002
08/29/2023,54.68,"12,856,440",53.8,54.87,53.55
08/28/2023,53.79,"21,042,880",53.2,53.97,52.91
08/25/2023,50.76,"6,581,706",50.57,50.815,50.085
08/24/2023,50.43,"7,946,314",50.32,51.15,50.12
08/23/2023,50.35,"7,909,145",50.7,50.81,50.02
08/22/2023,50.41,"6,010,652",50.44,50.615,50.18
08/21/2023,50.42,"6,199,769",50.26,50.57,50.05
08/18/2023,50.19,"7,174,700",50.91,50.97,50.03
08/17/2023,50.94,"7,076,298",51.63,51.89,50.9
08/16/2023,51.46,"5,995,963",51.7,52.05,51.44
08/15/2023,51.68,"5,613,618",51.28,51.88,51.17
08/14/2023,51.33,"4,907,521",51.08,51.67,50.97
08/11/2023,51.03,"4,816,559",50.82,51.135,50.77
08/10/2023,50.86,"4,508,141",51.1,51.54,50.83
08/09/2023,51.06,"5,878,381",50.67,51.43,50.66
08/08/2023,50.58,"10,957,080",50.03,50.69,49.69
08/07/2023,50.73,"8,710,369",50.92,51.239,50.39
08/04/2023,50.72,"6,327,421",50.8,51.405,50.65
08/03/2023,50.88,"6,174,920",50.54,51.235,50.46
08/02/2023,50.62,"8,031,733",51.73,51.84,50.555
08/01/2023,51.89,"4,859,642",51.57,51.965,51.405
07/31/2023,51.85,"6,513,695",51.87,52.27,51.6
07/28/2023,51.69,"10,509,430",53.05,53.11,51.16
07/27/2023,52.64,"11,333,830",53.2,53.96,52.03
07/26/2023,52.4,"8,374,757",52.1,52.47,51.755
07/25/2023,52.41,"7,327,430",51.7,53.15,51.51
07/24/2023,52.17,"9,391,509",53.15,53.25,51.89
07/21/2023,53.16,"6,207,431",53.58,53.78,53.15
07/20/2023,53.46,"7,127,001",52.63,53.67,52.53
07/19/2023,52.34,"7,254,025",52.98,53.2,52.21
07/18/2023,52.81,"5,491,706",52.28,52.86,51.91
07/17/2023,52.61,"4,713,860",52.98,53.24,52.43
07/14/2023,53.03,"3,515,467",52.81,53.15,52.72
07/13/2023,52.79,"5,174,175",52.37,53.005,52.07
07/12/2023,52.46,"5,522,051",52.59,52.975,52.36
07/11/2023,52.45,"5,115,876",52.63,53.12,52.13
07/10/2023,52.7,"6,054,591",52.44,52.835,52.24
07/07/2023,52.29,"6,370,297",52.65,52.915,52.17
07/06/2023,52.88,"4,461,292",52.98,53.1,52.6625
07/05/2023,53.25,"9,640,359",53.1,53.28,52.68
07/03/2023,53.54,"3,017,837",53.72,53.81,53.08
06/30/2023,54.09,"7,238,826",53.79,54.45,53.65
06/29/2023,53.29,"6,896,517",53.32,53.72,53.135
06/28/2023,53.45,"5,305,955",53.58,53.92,53.34
06/27/2023,53.49,"6,084,905",53.5,53.69,53.035
06/26/2023,53.5,"6,553,068",53.92,53.97,53.2
06/23/2023,53.97,"9,538,142",54.5,54.745,53.85
06/22/2023,54.64,"4,083,613",54.13,54.66,54.0
06/21/2023,53.96,"5,770,027",53.94,54.1,53.585
06/20/2023,54.04,"7,100,947",53.79,54.23,53.55
06/16/2023,54.32,"13,022,920",54.51,54.69,54.045
06/15/2023,53.98,"7,402,995",53.23,54.09,52.91
06/14/2023,53.31,"11,002,740",53.6,53.9,52.69
06/13/2023,51.16,"5,802,075",51.05,51.45,50.93
06/12/2023,51.2,"5,694,818",51.22,51.485,50.8407
06/09/2023,51.28,"5,210,575",51.13,51.54,50.91
06/08/2023,51.07,"4,288,318",50.63,51.12,50.4
06/07/2023,50.7,"6,631,414",50.58,50.84,50.43
06/06/2023,50.67,"12,634,070",51.33,51.52,50.34
06/05/2023,51.4,"6,616,814",51.96,52.05,51.235
06/02/2023,51.82,"5,608,177",51.59,51.94,51.48
06/01/2023,51.5,"8,584,089",51.3,51.845,50.98
05/31/2023,51.48,"15,443,850",50.46,51.75,50.09
05/30/2023,50.49,"9,862,892",51.22,51.53,50.405
05/26/2023,51.06,"8,497,676",51.51,51.92,50.93
05/25/2023,51.54,"8,922,771",51.96,51.96,51.335
05/24/2023,51.93,"10,569,020",51.4,52.31,51.23
05/23/2023,51.5,"12,851,260",53.26,53.58,51.38
05/22/2023,53.68,"7,007,804",53.64,54.17,53.6
05/19/2023,53.64,"8,495,921",53.53,53.78,53.18
05/18/2023,53.44,"8,038,658",53.41,53.58,53.21
05/17/2023,53.41,"7,134,403",53.93,54.04,52.86
05/16/2023,53.77,"5,515,473",53.71,54.08,53.36
05/15/2023,53.68,"11,013,720",53.37,53.995,53.37
05/12/2023,53.34,"8,251,115",53.41,53.47,52.94
05/11/2023,53.39,"9,018,361",53.16,53.65,52.995
05/10/2023,53.22,"6,123,025",53.34,53.67,52.82
05/09/2023,53.09,"11,125,200",53.14,53.515,52.75
05/08/2023,53.12,"14,045,420",51.24,53.42,51.17
05/05/2023,51.54,"9,163,108",52.05,52.12,51.12
05/04/2023,51.94,"8,878,420",52.43,52.771,51.91
05/03/2023,52.69,"7,358,701",53.13,53.475,52.58
05/02/2023,52.9,"8,739,244",52.82,53.47,52.24
05/01/2023,52.8,"7,483,554",52.2,52.86,52.085
04/28/2023,52.12,"13,505,160",51.88,52.86,51.72
04/27/2023,52.03,"9,057,276",50.9,52.07,50.64
04/26/2023,51.1,"20,199,110",52.6999,52.6999,50.0
04/25/2023,51.11,"14,788,080",51.45,51.7799,50.975
04/24/2023,51.34,"11,731,710",51.2,51.54,50.43
04/21/2023,51.11,"24,525,080",53.05,53.21,50.59
04/20/2023,52.62,"11,486,840",52.85,53.195,52.47
04/19/2023,52.89,"10,602,310",52.25,52.92,52.061
04/18/2023,51.61,"7,082,812",51.96,52.05,51.41
04/17/2023,51.74,"5,930,754",51.98,52.21,51.51
04/14/2023,51.77,"9,464,958",51.39,51.83,51.39
04/13/2023,51.5,"6,397,661",51.3,51.76,51.2
04/12/2023,51.11,"9,666,747",51.04,51.69,50.95
04/11/2023,50.73,"5,832,841",50.46,50.86,50.44
04/10/2023,50.34,"5,185,737",49.9,50.35,49.67
04/06/2023,50.08,"9,622,888",50.8,50.8,49.74
04/05/2023,50.74,"7,175,363",50.18,50.87,50.14
04/04/2023,50.07,"9,726,853",49.77,50.39,49.67
04/03/2023,49.72,"11,373,040",49.98,49.98,49.38
03/31/2023,50.03,"11,585,750",49.8,50.205,49.69
03/30/2023,49.6,"8,146,421",49.305,49.66,49.095
03/29/2023,49.08,"9,333,250",49.0,49.46,48.92
03/28/2023,48.6,"7,820,126",48.49,48.87,48.1
03/27/2023,48.33,"5,754,235",48.415,48.61,48.145
03/24/2023,48.22,"10,069,270",47.9,48.31,47.515
03/23/2023,47.94,"7,203,649",47.97,48.4,47.635
03/22/2023,48.07,"10,462,000",48.83,49.22,48.06
03/21/2023,48.84,"6,580,585",48.83,48.95,48.375
03/20/2023,48.83,"9,053,930",48.05,48.85,47.93
03/17/2023,47.95,"10,689,320",48.18,48.29,47.795
03/16/2023,48.3,"7,845,500",47.55,48.3975,47.32
03/15/2023,47.97,"10,654,270",47.7,48.0,47.405
03/14/2023,48.31,"10,208,350",47.99,48.41,47.77
03/13/2023,47.6,"10,575,730",46.33,48.05,46.21
03/10/2023,46.48,"7,840,424",47.06,47.39,46.2
03/09/2023,47.06,"6,083,591",47.19,47.52,46.715
03/08/2023,46.89,"5,738,598",46.84,47.065,46.675
03/07/2023,47.02,"7,311,539",47.77,47.95,46.8
03/06/2023,47.74,"6,288,882",47.79,48.11,47.555
03/03/2023,47.82,"8,236,845",47.38,47.95,47.22
03/02/2023,47.25,"4,591,865",46.69,47.4,46.56
03/01/2023,46.82,"7,522,624",46.76,46.88,46.437
02/28/2023,46.72,"7,207,203",46.8,47.03,46.71
02/27/2023,46.82,"7,524,551",47.29,47.485,46.685
02/24/2023,47.01,"8,910,858",46.79,47.2,46.4701
02/23/2023,47.18,"7,733,972",46.61,47.27,46.385
02/22/2023,46.61,"10,653,720",46.07,46.99,46.07
02/21/2023,46.23,"8,177,309",46.15,46.37,45.925
02/17/2023,46.54,"7,973,396",46.35,46.79,46.24
02/16/2023,46.48,"6,152,224",46.79,46.98,46.425
02/15/2023,47.29,"4,057,600",47.08,47.42,46.9607
02/14/2023,47.28,"5,390,043",47.64,47.965,46.975
02/13/2023,47.69,"6,177,138",47.37,47.97,47.37
02/10/2023,47.23,"5,400,498",47.09,47.335,46.86
02/09/2023,47.06,"4,633,104",47.77,47.95,46.965
02/08/2023,47.59,"6,169,465",47.94,48.25,47.39
02/07/2023,48.09,"5,284,060",47.07,48.27,47.05
02/06/2023,47.66,"6,015,478",48.23,48.23,47.55
02/03/2023,48.5,"13,028,750",48.0,48.865,47.87
02/02/2023,48.07,"12,435,210",47.65,48.19,47.1
02/01/2023,47.54,"15,305,040",46.62,47.705,46.5
01/31/2023,46.25,"10,902,460",45.88,46.36,45.57
01/30/2023,45.81,"7,455,775",45.84,45.965,45.64
01/27/2023,45.91,"7,336,490",46.21,46.35,45.735
01/26/2023,46.35,"4,858,259",46.26,46.375,45.83
01/25/2023,46.12,"5,050,280",45.51,46.13,45.44
01/24/2023,45.84,"6,100,880",45.84,45.945,45.44
01/23/2023,45.85,"5,085,154",45.62,46.07,45.555
01/20/2023,45.62,"5,414,390",45.54,45.705,45.01
01/19/2023,45.46,"7,546,084",44.79,45.81,44.79
01/18/2023,45.09,"6,572,540",46.05,46.17,45.01
01/17/2023,46.04,"6,707,467",46.47,46.55,45.99
01/13/2023,46.53,"6,060,151",46.75,46.79,46.27
01/12/2023,46.71,"10,165,530",45.85,46.73,45.76
01/11/2023,45.81,"11,767,250",46.19,46.19,44.35
01/10/2023,46.06,"5,892,271",45.7,46.19,45.59
01/09/2023,45.59,"7,688,389",46.43,46.47,45.57
01/06/2023,46.33,"8,980,864",46.15,46.365,45.47
01/05/2023,45.76,"6,346,237",46.31,46.55,45.675
01/04/2023,46.5,"6,197,601",46.41,46.68,46.045
01/03/2023,46.01,"6,282,744",46.48,46.74,45.755
12/30/2022,46.27,"3,223,814",46.19,46.42,45.865
12/29/2022,46.35,"3,282,401",46.05,46.7,45.86
12/28/2022,45.78,"3,662,727",46.41,46.775,45.76
12/27/2022,46.24,"2,836,542",46.19,46.455,45.89
12/23/2022,46.06,"4,026,161",46.0,46.18,45.78
12/22/2022,46.15,"4,236,795",45.84,46.16,45.38
12/21/2022,46.08,"6,220,000",46.05,46.625,45.943
12/20/2022,45.84,"4,403,184",45.79,46.03,45.57
12/19/2022,45.8,"6,134,726",45.77,46.035,45.47
12/16/2022,45.81,"12,154,720",45.82,46.11,45.29
12/15/2022,46.32,"8,374,376",46.5,46.795,46.02
12/14/2022,47.18,"7,322,082",47.2,47.61,46.78
12/13/2022,47.2,"8,670,675",47.78,47.95,47.02
12/12/2022,47.13,"6,350,530",46.3,47.17,46.18
12/09/2022,46.23,"7,863,637",46.12,46.56,45.95
12/08/2022,46.32,"5,930,267",45.72,46.3891,45.52
12/07/2022,45.63,"5,077,155",45.53,45.91,45.34
12/06/2022,45.16,"4,515,436",45.31,45.54,44.81
12/05/2022,45.42,"5,236,151",46.13,46.35,45.37
12/02/2022,46.6,"7,148,116",45.8,46.76,45.65
12/01/2022,46.12,"6,278,007",45.5,46.22,45.33
11/30/2022,45.27,"9,665,345",44.54,45.32,44.26
11/29/2022,44.5,"5,548,497",43.87,44.645,43.84
11/28/2022,43.79,"3,661,412",44.0,44.42,43.62
11/25/2022,44.15,"1,313,151",44.08,44.29,44.0
11/23/2022,43.89,"3,264,315",43.71,43.97,43.44
11/22/2022,43.54,"5,299,435",43.04,43.66,42.73
11/21/2022,42.94,"4,082,219",42.95,43.335,42.9
11/18/2022,42.96,"4,943,695",42.64,43.18,42.49
11/17/2022,42.2,"3,875,682",42.5,42.57,41.93
11/16/2022,42.98,"5,250,687",42.51,43.145,42.51
11/15/2022,42.42,"4,696,537",42.6,42.88,41.89
11/14/2022,42.24,"7,574,892",42.44,42.845,42.225
11/11/2022,42.52,"10,478,700",43.75,43.93,40.95
11/10/2022,43.76,"7,615,864",43.43,43.87,43.12
11/09/2022,42.06,"6,168,698",41.99,42.805,41.7
11/08/2022,41.92,"4,950,962",41.84,42.26,41.28
11/07/2022,41.96,"6,261,468",41.825,42.235,41.78
11/04/2022,41.59,"5,918,141",42.04,42.285,40.96
11/03/2022,41.53,"5,802,424",41.6,41.69,40.9325
11/02/2022,41.93,"12,423,960",42.53,43.725,41.92
11/01/2022,42.76,"7,741,840",42.67,43.17,41.9
10/31/2022,43.11,"8,635,786",43.09,43.33,42.72
10/28/2022,43.16,"11,131,120",41.7,43.17,41.54
10/27/2022,41.58,"7,599,827",41.81,41.92,41.1
10/26/2022,41.79,"22,188,000",41.96,42.68,41.32
10/25/2022,41.3,"12,578,220",40.99,41.551,40.89
10/24/2022,40.98,"12,287,170",40.96,41.12,40.575
10/21/2022,40.57,"8,690,890",40.23,40.655,39.515
10/20/2022,40.23,"4,851,822",41.03,41.115,40.15
10/19/2022,40.96,"7,064,624",40.73,41.0,40.345
10/18/2022,41.08,"7,190,011",42.21,42.37,40.81
10/17/2022,40.86,"6,901,243",40.37,41.01,40.3055
10/14/2022,39.98,"7,765,337",40.65,40.93,39.69
10/13/2022,40.35,"9,527,500",38.97,40.79,38.79
10/12/2022,39.6,"5,625,836",39.71,39.85,39.29
10/11/2022,39.56,"6,475,891",39.68,40.085,38.96
10/10/2022,39.64,"5,682,888",40.03,40.235,39.52
10/07/2022,39.76,"9,642,935",40.27,40.43,39.605
10/06/2022,40.65,"4,657,481",41.18,41.3,40.59
10/05/2022,41.3,"4,868,466",40.6,41.565,40.57
10/04/2022,41.03,"5,953,808",40.37,41.04,40.03
10/03/2022,39.88,"6,290,712",39.21,39.98,38.94
09/30/2022,38.73,"10,030,380",39.4,39.99,38.7
09/29/2022,39.34,"7,292,062",38.92,39.495,38.54
09/28/2022,39.13,"7,736,146",38.46,39.415,38.2239
09/27/2022,38.14,"6,491,864",38.71,38.8,37.745
09/26/2022,38.36,"5,123,517",38.7,38.89,38.03
09/23/2022,38.9,"6,221,909",38.88,39.08,38.24
09/22/2022,39.3,"4,690,720",39.55,39.7,39.13
09/21/2022,39.76,"6,253,151",40.56,40.86,39.75
09/20/2022,40.43,"6,257,106",40.89,41.03,40.005
09/19/2022,41.18,"7,854,167",41.39,41.43,40.53
09/16/2022,41.7,"10,650,760",42.02,42.02,41.07
09/15/2022,42.2,"6,684,545",42.22,42.75,42.11
09/14/2022,42.07,"5,768,545",42.2,42.41,41.73
09/13/2022,42.18,"6,253,310",42.56,42.8,42.14
09/12/2022,43.46,"7,514,686",43.12,43.515,42.895
09/09/2022,42.94,"4,423,477",42.8,43.155,42.64
09/08/2022,42.71,"9,980,924",41.19,42.73,41.07
09/07/2022,41.47,"5,012,045",40.31,41.59,40.28
09/06/2022,40.38,"5,416,102",40.68,40.7,40.225
09/02/2022,40.49,"5,919,641",41.42,41.43,40.27
09/01/2022,40.99,"6,870,677",40.32,41.02,40.13
08/31/2022,40.31,"6,723,860",40.39,40.96,40.28
08/30/2022,40.04,"5,274,724",40.51,40.57,39.91
08/29/2022,40.39,"8,609,086",40.22,40.52,40.05
08/26/2022,40.52,"3,921,555",41.77,41.94,40.45
08/25/2022,41.78,"8,953,004",41.38,41.82,41.07
08/24/2022,41.15,"4,552,891",40.9,41.34,40.68
08/23/2022,40.86,"6,864,900",41.21,41.23,40.58
08/22/2022,41.26,"5,436,909",41.62,41.82,41.14
08/19/2022,42.02,"5,396,832",42.69,42.8,41.86
08/18/2022,42.63,"6,058,606",42.53,42.66,42.195
08/17/2022,42.43,"6,091,611",42.1,42.5,41.96
08/16/2022,42.35,"4,230,971",41.78,42.41,41.76
08/15/2022,42.15,"2,475,417",42.1,42.38,41.92
08/12/2022,42.33,"4,019,743",41.95,42.35,41.685
08/11/2022,41.76,"3,981,254",41.99,42.19,41.62
08/10/2022,41.86,"7,066,028",41.78,41.9,41.49
08/09/2022,41.03,"5,084,549",40.9,41.155,40.795
08/08/2022,40.97,"6,010,582",41.01,41.24,40.72
08/05/2022,40.94,"5,328,859",40.94,41.185,40.845
08/04/2022,41.23,"6,390,481",41.66,41.78,41.14
08/03/2022,41.62,"5,676,803",41.63,41.83,41.29
08/02/2022,41.46,"6,411,383",41.1,41.785,41.03
08/01/2022,41.05,"5,186,772",40.65,41.26,40.61
07/29/2022,41.05,"8,815,967",40.85,41.25,40.61
07/28/2022,41.16,"9,068,826",40.26,41.425,40.04
07/27/2022,40.31,"18,838,610",40.625,41.339,39.74
07/26/2022,37.96,"10,690,100",38.18,38.23,37.695
07/25/2022,38.0,"6,280,038",38.11,38.24,37.72
07/22/2022,38.12,"4,946,826",38.18,38.61,37.84
07/21/2022,38.12,"11,814,800",37.46,38.12,37.24
07/20/2022,37.28,"10,868,060",37.56,37.8075,37.04
07/19/2022,37.71,"9,995,681",37.65,37.81,37.51
07/18/2022,37.17,"5,403,703",37.67,38.005,37.12
07/15/2022,37.55,"7,124,894",37.28,37.595,37.095
07/14/2022,36.71,"5,843,477",36.3,36.76,36.15
07/13/2022,36.77,"5,890,764",36.35,37.0,36.345
07/12/2022,36.88,"6,163,236",37.39,37.805,36.7
07/11/2022,37.51,"4,102,006",37.34,37.67,37.19
07/08/2022,37.84,"6,189,198",37.79,38.635,37.79
07/07/2022,37.85,"6,992,078",37.6,37.97,37.32
07/06/2022,37.66,"5,502,851",38.02,38.05,37.38
07/05/2022,37.76,"5,790,949",37.59,37.83,37.18
07/01/2022,38.01,"5,870,032",37.22,38.115,37.085
06/30/2022,37.27,"8,127,123",37.47,37.76,36.975
06/29/2022,37.8,"5,749,598",37.55,37.9,37.27
06/28/2022,37.5,"9,890,645",38.04,38.27,37.4
06/27/2022,37.82,"4,698,965",37.98,38.1,37.56
06/24/2022,38.02,"10,453,790",37.2,38.105,36.99
06/23/2022,36.94,"6,656,832",37.16,37.5,36.72
06/22/2022,37.03,"9,569,082",36.02,37.33,35.91
06/21/2022,36.3,"10,277,440",36.48,36.67,36.015
06/17/2022,36.01,"17,432,860",35.59,36.35,35.33
06/16/2022,35.51,"9,199,919",35.17,35.635,34.98
06/15/2022,36.03,"13,548,220",36.1,36.68,35.52
06/14/2022,35.24,"12,615,070",36.31,36.415,35.085
06/13/2022,36.41,"15,115,240",36.42,36.89,36.215
06/10/2022,37.23,"11,071,620",37.29,37.6,36.91
06/09/2022,37.97,"5,868,766",38.8,38.95,37.95
06/08/2022,39.11,"6,378,447",39.4,39.48,39.005
06/07/2022,39.58,"6,725,423",39.19,39.59,38.91
06/06/2022,39.38,"6,548,541",40.17,40.36,39.22
06/03/2022,39.91,"5,823,399",40.49,40.54,39.84
06/02/2022,40.67,"4,443,951",39.92,40.71,39.04
06/01/2022,39.92,"6,546,354",41.14,41.25,39.53
05/31/2022,41.01,"7,925,295",40.75,41.32,40.57
05/27/2022,41.2,"6,968,699",41.61,41.61,40.945
05/26/2022,40.14,"6,171,328",40.12,40.365,39.571
05/25/2022,40.09,"7,417,429",39.78,40.435,39.55
05/24/2022,40.15,"5,959,556",39.77,40.34,39.29
05/23/2022,39.89,"6,662,630",39.62,40.02,39.035
05/20/2022,39.22,"12,397,590",39.25,39.57,38.24
05/19/2022,39.49,"9,555,980",39.73,40.25,39.075
05/18/2022,40.23,"10,495,410",40.85,41.12,40.12
05/17/2022,41.32,"9,315,300",40.51,41.5,40.25
05/16/2022,39.82,"5,833,667",39.43,40.055,39.34
05/13/2022,39.66,"7,768,202",39.16,39.92,39.115
05/12/2022,38.79,"9,925,061",38.57,39.0,38.02
05/11/2022,38.74,"11,574,650",38.55,39.65,38.345
05/10/2022,38.65,"10,993,760",38.69,39.24,37.995
05/09/2022,38.29,"13,411,790",40.26,40.31,37.985
05/06/2022,40.85,"9,138,291",41.84,41.91,40.62
05/05/2022,42.03,"9,579,476",42.47,42.93,41.575
05/04/2022,42.75,"6,111,495",41.78,42.9,41.4
05/03/2022,41.77,"7,410,051",41.5,42.27,41.5
05/02/2022,41.63,"9,896,173",42.36,42.65,40.78
04/29/2022,42.11,"15,072,900",42.52,42.98,41.95
04/28/2022,42.73,"8,550,060",43.44,43.61,42.0
04/27/2022,43.06,"14,686,370",43.55,44.85,42.86
04/26/2022,42.6,"14,253,450",43.85,44.17,42.54
04/25/2022,44.59,"10,329,260",43.76,44.775,43.59
04/22/2022,43.9,"11,485,500",45.8,45.97,43.725
04/21/2022,46.31,"8,062,385",47.33,47.38,46.26
04/20/2022,47.1,"14,255,700",45.93,47.495,45.62
04/19/2022,45.72,"9,196,715",43.92,45.95,43.83
04/18/2022,43.74,"4,082,718",44.13,44.565,43.55
04/14/2022,44.25,"5,172,331",44.51,44.71,44.03
04/13/2022,44.43,"4,151,778",43.86,44.535,43.6501
04/12/2022,43.76,"4,156,075",44.22,44.535,43.615
04/11/2022,44.22,"6,497,875",44.7,44.91,44.15
04/08/2022,44.84,"9,615,588",44.95,45.24,44.66
04/07/2022,44.96,"5,758,744",44.44,45.17,44.32
04/06/2022,44.58,"7,256,618",43.97,44.66,43.555
04/05/2022,44.35,"11,425,870",44.05,44.64,44.02
04/04/2022,44.16,"10,642,480",44.83,45.08,43.73
04/01/2022,44.99,"5,188,861",44.55,45.03,44.21
03/31/2022,44.29,"10,142,340",44.62,45.135,44.27
03/30/2022,44.7,"6,862,600",44.65,45.075,44.42
03/29/2022,44.85,"6,133,649",44.87,45.08,44.43
03/28/2022,44.27,"4,498,434",43.68,44.3,43.5
03/25/2022,43.5,"6,033,884",43.05,43.52,42.905
03/24/2022,42.87,"5,653,405",42.36,42.995,42.11
03/23/2022,42.3,"11,794,090",43.54,43.56,41.99
03/22/2022,43.74,"6,584,340",44.33,44.59,43.675
03/21/2022,44.32,"5,302,414",43.87,44.47,43.8
03/18/2022,44.22,"10,662,300",44.19,44.33,43.63
03/17/2022,44.21,"8,114,398",43.62,44.245,43.62
03/16/2022,43.84,"7,726,660",43.12,44.01,43.0
03/15/2022,42.66,"6,925,942",42.49,42.85,42.12
03/14/2022,41.9,"8,307,525",42.19,42.39,41.64
03/11/2022,41.7,"6,175,638",42.0,42.56,41.66
03/10/2022,41.74,"9,237,456",41.45,41.86,41.27
03/09/2022,42.07,"10,484,470",41.76,42.295,41.295
03/08/2022,40.9,"11,351,230",42.46,42.53,40.8
03/07/2022,42.55,"8,479,723",43.72,43.8,42.49
03/04/2022,43.96,"7,015,738",43.29,44.07,43.075
03/03/2022,43.96,"6,980,450",44.17,44.31,43.54
03/02/2022,43.9,"11,859,580",43.96,44.44,43.64
03/01/2022,43.36,"9,789,857",44.08,44.33,42.98
02/28/2022,44.17,"10,611,070",44.49,44.69,43.66
02/25/2022,45.1,"10,716,150",44.0,45.17,43.77
02/24/2022,43.95,"8,259,159",42.75,44.025,42.285
02/23/2022,43.71,"12,624,710",43.28,44.375,43.14
02/22/2022,42.98,"7,835,967",42.55,43.37,42.455
02/18/2022,42.55,"6,878,328",42.88,43.1,42.19
02/17/2022,42.83,"7,785,450",43.8,44.04,42.595
02/16/2022,44.19,"6,510,167",43.81,44.26,43.235
02/15/2022,44.01,"8,014,998",43.38,44.01,43.28
02/14/2022,42.73,"7,963,578",43.0,43.23,42.44
02/11/2022,43.11,"6,616,116",43.84,44.0,42.9
02/10/2022,43.75,"8,719,369",44.26,44.54,43.56
02/09/2022,44.75,"9,732,078",44.615,45.0,44.265
02/08/2022,44.16,"8,019,978",43.2,44.26,42.98
02/07/2022,42.91,"7,259,545",42.64,43.51,42.54
02/04/2022,42.77,"8,924,511",42.32,43.19,42.29
02/03/2022,42.61,"16,121,830",41.3,42.865,41.27
02/02/2022,41.44,"26,586,170",41.785,42.49,40.91
02/01/2022,43.5,"10,452,020",42.88,43.565,42.62
01/31/2022,42.9,"13,622,530",42.65,43.135,42.29
01/28/2022,42.74,"12,258,170",43.14,43.44,41.745
01/27/2022,43.23,"12,172,790",43.33,43.95,42.86
01/26/2022,43.04,"16,803,560",42.81,43.68,42.47
01/25/2022,42.51,"10,837,410",41.91,42.75,41.29
01/24/2022,42.66,"8,974,595",42.18,42.75,41.08
01/21/2022,42.97,"11,278,140",43.47,43.545,42.685
01/20/2022,43.45,"9,562,486",44.08,45.04,43.375
01/19/2022,44.05,"8,721,750",44.17,44.72,44.0
01/18/2022,44.22,"10,721,500",44.29,44.5,43.93
01/14/2022,44.86,"8,674,993",44.17,44.95,43.84
01/13/2022,44.57,"11,883,580",44.24,45.315,44.07
01/12/2022,44.41,"13,543,720",43.58,44.65,43.42
01/11/2022,43.4,"6,208,579",42.65,43.645,42.385
01/10/2022,42.41,"6,454,552",41.9,42.43,41.44
01/07/2022,42.11,"5,341,314",42.41,42.76,42.07
01/06/2022,42.59,"5,510,650",43.1,43.36,42.54
01/05/2022,43.05,"6,601,215",43.5,44.14,43.04
01/04/2022,43.64,"9,134,979",43.32,44.63,43.21
01/03/2022,43.12,"5,093,518",42.59,43.15,42.1
12/31/2021,42.48,"4,174,358",42.81,43.065,42.465
12/30/2021,42.99,"3,530,538",43.17,43.42,42.945
12/29/2021,43.17,"3,398,444",43.31,43.415,43.02
12/28/2021,43.24,"5,515,023",43.11,43.59,43.02
12/27/2021,43.12,"4,106,436",42.71,43.18,42.52
12/23/2021,42.72,"6,414,886",42.53,43.04,42.24
12/22/2021,42.16,"7,722,771",41.06,42.2,41.0
12/21/2021,41.11,"9,391,699",39.97,41.15,39.83
12/20/2021,39.5,"11,673,230",40.31,40.31,39.27
12/17/2021,40.86,"11,236,110",40.38,41.48,40.125
12/16/2021,40.43,"13,248,940",40.28,41.165,40.225
12/15/2021,40.24,"14,235,230",40.83,41.09,39.775
12/14/2021,40.85,"6,571,213",41.285,41.49,40.7
12/13/2021,41.43,"5,891,249",41.05,41.74,41.0
12/10/2021,41.17,"4,602,738",41.38,41.53,40.9
12/09/2021,41.28,"5,870,468",41.38,41.865,40.95
12/08/2021,41.66,"4,619,963",41.42,41.87,41.32
12/07/2021,41.4,"10,139,240",41.24,42.06,41.05
12/06/2021,40.7,"8,951,850",39.88,41.28,39.76
12/03/2021,39.46,"8,704,034",39.83,40.09,38.975
12/02/2021,39.6,"11,094,210",38.27,39.675,38.18
12/01/2021,38.14,"10,355,940",38.71,39.415,38.11
11/30/2021,38.07,"14,717,390",38.42,39.07,37.96
11/29/2021,38.59,"9,533,542",38.85,39.2,38.44
11/26/2021,38.57,"9,260,589",40.0,40.165,38.44
11/24/2021,40.7,"7,812,226",40.22,40.775,40.13
11/23/2021,40.23,"11,577,690",40.55,41.08,39.78
11/22/2021,40.7,"6,639,276",41.12,41.21,40.445
11/19/2021,41.03,"7,955,645",41.15,41.165,40.5
11/18/2021,41.21,"7,224,559",41.65,41.65,40.82
11/17/2021,41.61,"6,719,341",41.82,42.02,41.385
11/16/2021,41.42,"9,553,769",41.31,41.643,40.88
11/15/2021,41.34,"9,649,619",42.18,42.27,41.16
11/12/2021,42.07,"9,924,321",42.12,42.27,41.62
11/11/2021,41.96,"9,437,758",42.46,42.62,41.67
11/10/2021,42.45,"4,812,943",42.62,43.022,42.34
11/09/2021,42.79,"4,935,639",43.34,43.39,42.555
11/08/2021,43.35,"7,059,410",43.3,43.53,42.72
11/05/2021,43.16,"14,638,400",42.55,44.57,42.5
11/04/2021,42.5,"7,241,374",42.98,43.19,42.08
11/03/2021,42.91,"10,404,690",43.11,43.31,42.32
11/02/2021,43.21,"12,976,860",43.06,43.5,42.56
11/01/2021,42.8,"8,231,273",43.3,43.42,42.76
10/29/2021,43.13,"7,157,688",43.08,43.28,42.58
10/28/2021,43.24,"5,732,285",43.53,43.84,43.07
10/27/2021,43.73,"6,993,045",45.115,45.43,43.58
10/26/2021,44.32,"5,314,707",44.66,44.76,44.28
10/25/2021,44.49,"5,238,934",44.99,45.02,44.44
10/22/2021,44.84,"3,715,138",44.8,45.115,44.59
10/21/2021,44.87,"5,942,938",44.3,44.93,44.05
10/20/2021,44.47,"7,840,314",44.46,45.0,44.225
10/19/2021,44.13,"6,097,989",43.23,44.47,43.11
10/18/2021,42.8,"4,144,315",43.01,43.05,42.26
10/15/2021,43.4,"5,503,455",43.58,43.68,43.0525
10/14/2021,43.25,"6,771,623",42.06,43.37,42.06
10/13/2021,41.79,"5,622,445",42.15,42.33,41.75
10/12/2021,42.09,"4,114,728",42.29,42.485,41.95
10/11/2021,42.14,"3,752,052",42.98,43.235,42.095
10/08/2021,43.16,"4,163,627",43.63,44.02,43.1
10/07/2021,43.62,"6,783,042",43.2,44.245,43.2
10/06/2021,42.86,"5,274,473",42.18,42.91,41.86
10/05/2021,42.44,"5,396,334",42.52,43.23,42.43
10/04/2021,42.41,"8,878,242",43.53,43.78,42.01
10/01/2021,43.8,"4,782,109",43.49,44.03,43.2
09/30/2021,43.39,"6,738,498",43.91,44.275,43.38
09/29/2021,43.89,"5,096,885",43.84,44.2,43.72
09/28/2021,43.67,"4,867,724",44.22,44.32,43.47
09/27/2021,44.46,"4,844,915",44.51,44.81,44.23
09/24/2021,44.7,"4,332,876",44.9,45.1,44.385
09/23/2021,45.0,"8,199,614",44.51,45.4,44.32
09/22/2021,44.31,"8,946,294",43.43,44.94,43.23
09/21/2021,43.36,"6,336,410",44.02,44.355,43.34
09/20/2021,43.64,"7,566,182",43.8,44.08,43.24
09/17/2021,44.37,"8,419,640",44.53,44.71,43.92
09/16/2021,44.9,"5,313,532",45.01,45.12,44.64
09/15/2021,45.01,"5,266,688",44.88,45.365,44.62
09/14/2021,44.85,"4,638,132",44.54,45.0086,44.095
09/13/2021,44.21,"5,816,059",44.72,44.88,43.82
09/10/2021,44.46,"5,105,726",45.41,45.56,44.25
09/09/2021,45.41,"4,944,472",45.5,45.95,45.27
09/08/2021,45.51,"5,470,387",45.03,45.8,44.86
09/07/2021,45.1,"3,609,979",44.66,45.155,44.27
09/03/2021,44.92,"8,244,342",45.0,45.12,44.46
09/02/2021,45.06,"7,294,906",45.8,45.87,44.95
09/01/2021,45.58,"5,408,490",45.33,45.6977,44.91
08/31/2021,45.15,"6,770,035",44.89,45.265,44.675
08/30/2021,44.83,"3,659,917",44.88,45.09,44.625
08/27/2021,44.8,"4,027,465",44.85,45.04,44.59
08/26/2021,44.66,"4,011,313",44.71,44.89,44.52
08/25/2021,44.81,"4,271,365",44.68,45.3055,44.455
08/24/2021,44.85,"7,916,866",44.16,45.68,44.01
08/23/2021,43.99,"10,137,970",44.5,44.6,43.815
08/20/2021,44.44,"5,214,889",44.2,44.51,43.94
08/19/2021,44.27,"4,606,938",43.99,44.57,43.8
08/18/2021,44.09,"10,536,650",45.08,45.1,44.06
08/17/2021,45.15,"8,536,511",44.63,45.38,44.37
08/16/2021,44.66,"5,261,929",44.3,44.705,44.09
08/13/2021,44.33,"3,137,363",44.0,44.37,43.85
08/12/2021,44.07,"5,013,788",43.66,44.26,43.48
08/11/2021,43.63,"7,582,839",42.81,43.95,42.71
08/10/2021,42.65,"14,862,650",43.84,43.98,42.125
08/09/2021,43.81,"5,918,454",44.7,44.8699,43.675
08/06/2021,44.7,"5,607,552",44.71,44.735,44.285
08/05/2021,44.65,"6,471,048",44.45,44.66,44.06
08/04/2021,44.26,"8,099,896",45.38,45.6,44.24
08/03/2021,45.54,"7,721,539",45.9,45.925,45.16
08/02/2021,45.88,"10,041,150",45.77,46.285,45.34
07/30/2021,45.6,"9,108,233",45.19,45.93,45.0112
07/29/2021,45.32,"5,214,524",45.52,45.57,44.92
07/28/2021,45.43,"8,168,066",45.41,45.8,44.83
07/27/2021,45.51,"14,100,210",44.625,46.03,43.78
07/26/2021,43.97,"5,899,489",43.87,44.08,43.68
07/23/2021,44.12,"5,204,225",43.85,44.27,43.69
07/22/2021,43.55,"4,793,715",43.63,43.92,43.18
07/21/2021,43.58,"7,571,062",43.19,43.825,43.02
07/20/2021,42.79,"8,007,672",41.32,43.0,41.31
07/19/2021,41.23,"6,268,248",41.66,41.83,40.93
07/16/2021,42.1,"5,539,678",42.31,42.43,41.9838
07/15/2021,42.16,"6,079,752",42.42,42.55,41.86
07/14/2021,42.74,"4,174,478",43.24,43.335,42.65
07/13/2021,43.06,"4,137,070",43.39,43.52,43.0
07/12/2021,43.49,"3,772,667",43.36,43.62,43.36
07/09/2021,43.59,"4,137,138",43.665,43.83,43.39
07/08/2021,43.34,"6,035,237",43.46,43.54,42.79
07/07/2021,43.93,"5,358,311",43.72,43.99,43.535
07/06/2021,43.62,"6,659,727",43.79,43.8,43.25
07/02/2021,43.92,"4,997,758",43.4,44.0,43.21
07/01/2021,43.36,"5,756,424",42.78,43.51,42.685
06/30/2021,42.76,"8,902,639",43.3,43.3,42.44
06/29/2021,43.23,"5,370,271",43.37,43.5,42.98
06/28/2021,43.33,"6,763,013",44.0,44.22,43.04
06/25/2021,44.1,"6,884,251",43.87,44.265,43.84
06/24/2021,43.71,"6,324,874",43.99,44.2,43.71
06/23/2021,43.79,"3,760,378",43.79,43.97,43.62
06/22/2021,43.83,"5,623,322",43.53,43.92,43.285
06/21/2021,43.6,"6,705,991",43.3,43.82,43.17
06/18/2021,43.02,"8,845,311",43.11,43.36,42.81
06/17/2021,43.35,"6,578,656",42.72,43.5,42.7
06/16/2021,42.78,"4,910,602",42.81,43.03,42.53
06/15/2021,42.75,"6,396,220",42.7,42.93,42.39
06/14/2021,42.54,"5,034,096",42.94,42.94,42.37
06/11/2021,42.91,"5,352,775",42.76,42.93,42.38
06/10/2021,42.84,"3,992,009",42.49,42.91,42.39
06/09/2021,42.33,"3,863,518",42.05,42.4,42.015
06/08/2021,42.02,"4,840,199",42.37,42.39,41.43
06/07/2021,42.14,"7,467,356",42.21,42.695,42.005
06/04/2021,42.03,"5,465,346",41.78,42.12,41.4
06/03/2021,41.35,"5,658,902",41.36,41.54,40.87
06/02/2021,41.61,"11,253,650",43.0,43.06,41.55
06/01/2021,42.93,"8,166,472",42.82,43.2,42.5
05/28/2021,42.55,"5,720,760",42.36,42.86,42.08
05/27/2021,41.96,"8,004,476",42.05,42.23,41.78
05/26/2021,41.83,"10,531,840",41.52,42.35,41.05
05/25/2021,43.03,"5,891,519",43.01,43.34,42.68
05/24/2021,42.8,"7,751,084",42.37,42.98,42.2
05/21/2021,42.11,"5,203,747",42.14,42.64,42.07
05/20/2021,41.92,"4,427,546",41.36,42.28,41.23
05/19/2021,41.43,"5,900,636",41.26,41.495,41.04
05/18/2021,41.77,"5,212,333",41.73,42.19,41.66
05/17/2021,41.72,"5,552,056",41.5,41.82,41.23
05/14/2021,41.55,"4,447,561",41.84,42.04,41.54
05/13/2021,41.61,"5,005,882",41.51,41.88,41.325
05/12/2021,41.35,"9,882,777",42.34,42.34,41.23
05/11/2021,42.53,"10,858,520",43.15,43.38,42.37
05/10/2021,43.25,"6,078,422",43.16,43.61,43.08
05/07/2021,43.13,"6,089,420",43.1,43.83,42.99
05/06/2021,43.04,"8,257,468",43.03,43.105,42.62
05/05/2021,43.09,"4,465,118",43.47,43.67,43.05
05/04/2021,43.33,"9,076,459",43.5,43.5,43.09
05/03/2021,43.63,"7,610,605",43.6,43.79,43.44
04/30/2021,43.6,"12,645,840",43.84,43.96,43.36
04/29/2021,44.1,"8,810,742",44.28,44.3,43.63
04/28/2021,44.24,"16,088,230",43.86,44.63,43.75
04/27/2021,42.41,"8,400,876",41.99,42.76,41.59
04/26/2021,42.27,"11,175,830",42.81,42.905,42.23
04/23/2021,42.73,"9,906,018",42.6,42.94,42.58
04/22/2021,42.57,"12,019,320",42.31,42.8,42.03
04/21/2021,42.31,"14,811,370",41.24,42.54,41.0
04/20/2021,41.13,"10,522,810",40.82,41.73,40.71
04/19/2021,40.88,"6,539,365",40.79,40.97,40.52
04/16/2021,40.91,"7,527,774",41.14,41.18,40.59
04/15/2021,40.86,"8,608,131",39.88,41.06,39.84
04/14/2021,39.67,"4,093,929",39.34,39.98,39.3332
04/13/2021,39.41,"6,582,068",39.22,39.48,39.1
04/12/2021,39.34,"4,140,699",39.26,39.47,38.88
04/09/2021,39.32,"5,426,070",38.77,39.33,38.545
04/08/2021,38.72,"3,992,088",38.93,39.12,38.645
04/07/2021,38.85,"4,861,625",38.96,39.22,38.74
04/06/2021,38.95,"7,676,527",39.2,39.25,38.845
04/05/2021,39.04,"4,954,706",38.87,39.13,38.73
04/01/2021,38.58,"5,615,320",38.61,38.785,38.0
03/31/2021,38.65,"5,811,171",39.0,39.1,38.535
03/30/2021,38.96,"5,900,648",38.4,39.06,38.26
03/29/2021,38.59,"6,090,996",38.04,38.82,38.0
03/26/2021,38.22,"7,624,441",37.95,38.25,37.53
03/25/2021,37.92,"5,708,623",37.68,37.98,37.13
03/24/2021,37.58,"7,334,753",37.23,38.01,37.2
03/23/2021,37.24,"6,119,593",38.22,38.22,37.15
03/22/2021,38.23,"5,845,535",38.17,38.625,37.95
03/19/2021,38.17,"12,334,390",38.19,38.625,37.61
03/18/2021,38.19,"8,349,881",38.85,38.97,38.16
03/17/2021,38.88,"6,665,617",38.95,39.235,38.67
03/16/2021,38.86,"6,172,523",39.33,39.52,38.605
03/15/2021,39.4,"7,046,169",39.0,39.48,38.56
03/12/2021,38.85,"5,276,344",38.62,39.04,38.51
03/11/2021,38.65,"6,470,724",39.29,39.34,38.62
03/10/2021,39.34,"7,696,971",39.79,39.81,39.24
03/09/2021,39.55,"13,646,710",39.5,40.125,39.434
03/08/2021,39.52,"9,616,426",39.53,39.985,39.13
03/05/2021,39.54,"12,809,410",38.36,39.7053,38.19
03/04/2021,37.93,"8,514,216",39.02,39.08,37.53
03/03/2021,38.82,"6,666,902",38.69,39.01,38.312
03/02/2021,38.76,"6,064,524",38.9,38.99,38.57
03/01/2021,38.9,"7,790,741",39.12,39.1762,38.47
02/26/2021,38.78,"13,454,710",39.51,39.69,38.73
02/25/2021,39.67,"11,652,250",39.54,39.955,39.31
02/24/2021,39.53,"9,267,051",38.75,39.86,38.67
02/23/2021,38.75,"10,173,880",39.2,39.6225,38.73
02/22/2021,39.2,"10,922,140",37.92,39.34,37.85
02/19/2021,38.03,"9,407,964",37.6,38.065,37.19
02/18/2021,37.52,"6,390,210",37.28,37.745,36.88
02/17/2021,37.5,"6,122,959",37.62,37.77,37.37
02/16/2021,37.93,"8,842,821",38.28,38.46,37.69
02/12/2021,38.39,"12,443,870",38.75,38.82,38.18
02/11/2021,38.87,"5,546,573",39.01,39.15,38.6
02/10/2021,38.85,"8,847,502",39.25,39.5,38.52
02/09/2021,39.25,"11,600,450",39.51,39.6,38.68
02/08/2021,39.57,"10,354,760",38.92,39.68,38.92
02/05/2021,38.96,"19,216,660",39.0,39.4,38.81
02/04/2021,38.76,"16,035,400",37.5,39.06,37.41
02/03/2021,37.45,"16,681,890",36.45,37.58,36.3
02/02/2021,36.64,"12,475,850",36.05,37.065,35.97
02/01/2021,35.95,"12,285,370",35.83,36.145,35.22
01/29/2021,35.44,"18,873,500",36.12,36.69,35.045
01/28/2021,36.34,"16,495,180",35.93,36.57,35.6
01/27/2021,35.82,"15,133,830",36.25,36.38,35.66
01/26/2021,36.64,"5,869,604",36.75,36.89,36.49
01/25/2021,36.78,"6,157,878",36.89,37.135,36.435
01/22/2021,37.03,"7,405,570",37.53,37.5933,37.0
01/21/2021,37.52,"12,188,190",36.7,37.74,36.5
01/20/2021,36.66,"7,617,814",36.28,36.815,36.07
01/19/2021,36.27,"8,081,343",36.89,36.89,35.935
01/15/2021,36.33,"15,109,680",36.16,36.57,35.875
01/14/2021,36.16,"10,213,170",36.1,36.46,35.895
01/13/2021,36.06,"9,942,223",35.25,36.18,35.2
01/12/2021,35.33,"19,636,540",36.3,36.37,34.58
01/11/2021,36.44,"7,228,421",36.38,36.54,36.17
01/08/2021,36.75,"7,288,865",36.58,37.04,36.52
01/07/2021,36.56,"7,267,616",36.76,36.81,36.345
01/06/2021,36.76,"13,236,490",35.97,36.93,35.87
01/05/2021,36.24,"14,812,570",35.39,36.47,35.13
01/04/2021,35.27,"14,068,970",36.08,36.1,35.03
12/31/2020,35.95,"6,214,812",35.6,36.005,35.37
12/30/2020,35.55,"6,814,040",35.5,35.73,35.38
12/29/2020,35.5,"8,787,162",35.2,35.73,35.08
12/28/2020,34.92,"4,842,128",34.76,35.065,34.7
12/24/2020,34.59,"2,608,757",34.45,34.63,34.22
12/23/2020,34.37,"7,381,419",34.51,34.91,34.36
12/22/2020,34.36,"9,425,660",34.79,34.935,34.19
12/21/2020,34.82,"10,484,830",34.93,35.0,34.16
12/18/2020,35.45,"23,166,580",35.55,36.13,35.305
12/17/2020,35.39,"10,503,040",35.19,35.41,35.02
12/16/2020,35.13,"13,985,310",34.76,35.645,34.58
12/15/2020,34.67,"16,700,680",33.82,34.965,33.75
12/14/2020,33.45,"8,712,937",33.93,34.26,33.42
12/11/2020,33.6,"14,827,300",33.76,34.14,33.4327
12/10/2020,34.0,"11,028,980",34.05,34.265,33.95
12/09/2020,34.13,"14,858,410",34.03,34.34,33.715
12/08/2020,33.97,"20,816,510",34.05,34.16,33.68
12/07/2020,34.25,"18,398,500",34.36,34.49,33.905
12/04/2020,34.41,"26,383,230",33.8,34.42,33.57
12/03/2020,33.81,"21,070,880",34.15,34.21,33.7
12/02/2020,34.15,"19,584,260",33.6,34.27,33.26
12/01/2020,33.65,"14,414,630",33.5,33.95,33.37
11/30/2020,33.15,"15,588,590",33.61,33.62,33.01
11/27/2020,33.6,"6,363,646",33.9,33.9,33.44
11/25/2020,33.55,"9,814,059",33.87,33.99,33.5
11/24/2020,33.79,"18,849,650",33.69,34.08,33.61
11/23/2020,33.33,"18,823,430",33.7,33.885,32.99
11/20/2020,33.7,"15,402,500",34.08,34.32,33.64
11/19/2020,34.21,"14,816,270",34.33,34.5,33.96
11/18/2020,34.26,"22,512,340",35.21,35.21,33.86
11/17/2020,35.03,"34,678,270",35.49,35.5,33.98
11/16/2020,38.03,"7,849,749",38.67,38.77,37.7
11/13/2020,37.98,"18,923,600",36.95,38.15,36.75
11/12/2020,36.74,"15,709,510",37.17,37.39,36.53
11/11/2020,37.4,"9,713,083",38.15,38.35,37.18
11/10/2020,38.2,"10,274,660",38.25,38.525,37.92
11/09/2020,38.21,"21,385,050",38.485,39.5,38.16
11/06/2020,35.7,"11,142,840",35.31,35.865,35.09
11/05/2020,35.21,"11,132,700",36.0,36.09,35.1
11/04/2020,35.29,"14,830,870",35.5,35.75,34.24
11/03/2020,35.15,"9,313,489",35.06,35.635,34.8
11/02/2020,34.55,"14,351,820",34.66,34.91,34.34
10/30/2020,34.27,"20,324,840",33.31,34.66,33.31
10/29/2020,33.5,"27,743,340",33.98,34.25,33.14
10/28/2020,34.07,"17,957,570",35.75,35.99,33.9
10/27/2020,36.05,"12,082,070",36.86,36.99,35.995
10/26/2020,36.86,"9,594,496",36.69,37.255,36.28
10/23/2020,37.17,"12,412,630",37.0,37.41,36.71
10/22/2020,36.86,"15,048,320",37.19,37.54,36.735
10/21/2020,37.15,"11,643,960",37.51,37.72,37.12
10/20/2020,37.54,"8,140,363",37.98,38.12,37.54
10/19/2020,37.77,"11,197,190",38.51,38.64,37.71
10/16/2020,38.44,"18,559,600",39.0,39.18,38.42
10/15/2020,39.0,"15,112,230",40.12,40.67,38.5
10/14/2020,40.62,"12,537,940",40.77,40.905,40.195
10/13/2020,40.92,"7,399,736",41.82,41.92,40.695
10/12/2020,41.97,"7,690,268",41.44,42.13,41.22
10/09/2020,41.14,"6,020,281",41.04,41.25,40.695
10/08/2020,40.49,"4,484,008",40.25,40.57,40.19
10/07/2020,40.18,"5,785,088",39.58,40.435,39.58
10/06/2020,39.33,"7,833,522",39.8,40.4,39.25
10/05/2020,39.24,"4,448,907",38.75,39.34,38.66
10/02/2020,38.48,"6,271,166",37.8,38.66,37.762
10/01/2020,38.42,"6,098,403",38.56,38.94,38.185
09/30/2020,38.21,"7,711,757",37.83,38.71,37.73
09/29/2020,37.76,"5,951,336",38.18,38.26,37.54
09/28/2020,38.0,"6,436,547",38.07,38.45,37.9825
09/25/2020,37.34,"7,749,143",36.89,37.65,36.8
09/24/2020,37.12,"9,270,829",37.43,37.54,36.86
09/23/2020,37.72,"7,462,105",38.66,38.76,37.64
09/22/2020,38.6,"7,024,827",38.51,38.64,37.9
09/21/2020,38.55,"10,625,600",37.83,38.55,37.52
09/18/2020,38.48,"10,720,470",39.6,39.99,38.39
09/17/2020,39.67,"10,883,970",39.92,39.92,39.09
09/16/2020,40.19,"8,529,997",41.24,41.28,39.935
09/15/2020,41.02,"3,645,144",41.33,41.555,40.875
09/14/2020,41.12,"4,797,610",40.66,41.34,40.59
09/11/2020,40.29,"7,142,897",40.95,41.05,39.98
09/10/2020,40.97,"5,182,761",41.58,41.86,40.85
09/09/2020,41.53,"5,876,943",41.27,41.935,41.14
09/08/2020,40.92,"7,104,888",41.06,41.295,40.61
09/04/2020,41.48,"9,232,451",41.59,41.96,40.85
09/03/2020,41.49,"9,762,953",42.15,42.37,41.14
09/02/2020,42.23,"9,847,296",41.5,42.29,41.47
09/01/2020,41.47,"7,997,286",40.7,41.49,40.7
08/31/2020,41.02,"7,473,602",40.93,41.24,40.74
08/28/2020,41.03,"4,542,192",40.71,41.05,40.43
08/27/2020,40.78,"8,959,687",39.4,41.01,39.4
08/26/2020,39.35,"4,574,157",39.69,39.69,38.705
08/25/2020,39.64,"8,218,242",39.32,39.74,39.11
08/24/2020,38.94,"7,824,942",38.6,38.97,38.415
08/21/2020,38.43,"8,239,718",38.71,38.72,37.945
08/20/2020,38.86,"4,661,197",39.0,39.32,38.81
08/19/2020,39.35,"5,697,756",39.41,39.74,39.26
08/18/2020,39.33,"5,267,281",39.5,39.6,39.145
08/17/2020,39.35,"4,785,939",39.12,39.75,39.12
08/14/2020,39.16,"5,708,891",39.37,39.51,38.945
08/13/2020,39.75,"4,636,596",39.74,39.925,39.32
08/12/2020,39.96,"6,500,068",39.46,40.23,39.36
08/11/2020,39.31,"7,955,080",39.46,39.87,39.245
08/10/2020,38.98,"4,329,159",38.99,39.15,38.78
08/07/2020,38.97,"8,645,594",37.77,38.99,37.63
08/06/2020,37.89,"4,367,828",37.72,37.94,37.35
08/05/2020,37.73,"6,480,622",37.3,38.02,37.17
08/04/2020,37.15,"7,749,603",37.78,37.99,37.08
08/03/2020,38.0,"6,145,807",38.69,38.88,37.985
07/31/2020,38.57,"7,060,358",38.84,38.9,37.95
07/30/2020,38.94,"7,300,795",39.16,39.33,38.38
07/29/2020,39.81,"15,966,340",40.0,40.5,39.15
07/28/2020,38.27,"8,617,621",38.23,38.68,37.955
07/27/2020,38.35,"9,552,698",38.61,38.68,38.16
07/24/2020,38.6,"6,673,635",38.53,38.655,38.11
07/23/2020,38.43,"6,623,857",38.29,38.82,38.14
07/22/2020,38.39,"7,846,173",37.57,38.76,37.51
07/21/2020,37.48,"5,778,440",37.26,37.855,37.17
07/20/2020,37.17,"8,015,335",37.57,37.895,36.795
07/17/2020,37.71,"8,714,208",36.5,37.92,36.28
07/16/2020,36.37,"9,383,255",36.87,37.0483,36.19
07/15/2020,36.7,"9,442,598",35.94,36.84,35.86
07/14/2020,35.22,"10,133,240",34.38,35.27,34.24
07/13/2020,34.44,"10,120,920",35.09,35.24,34.27
07/10/2020,34.68,"9,757,294",34.43,34.75,34.28
07/09/2020,34.5,"12,329,300",34.57,34.75,33.77
07/08/2020,34.55,"13,840,450",34.67,34.73,34.195
07/07/2020,34.64,"9,826,355",35.23,35.52,34.58
07/06/2020,35.59,"6,481,569",35.87,35.96,35.34
07/02/2020,35.38,"4,738,385",35.65,36.05,35.285
07/01/2020,35.28,"7,642,651",35.17,35.525,34.755
06/30/2020,35.11,"12,027,280",34.61,35.31,34.23
06/29/2020,34.65,"13,311,020",33.56,34.65,33.0
06/26/2020,33.28,"35,516,100",33.77,33.91,33.09
06/25/2020,33.89,"12,503,330",33.72,33.99,33.135
06/24/2020,33.85,"21,114,910",35.97,35.97,33.32
06/23/2020,36.25,"7,283,204",36.31,36.7,36.2
06/22/2020,35.97,"9,613,285",36.44,36.53,35.585
06/19/2020,36.59,"20,382,280",37.32,37.35,36.48
06/18/2020,36.68,"6,465,492",36.65,36.92,36.3975
06/17/2020,36.89,"7,938,748",36.68,37.21,36.44
06/16/2020,36.7,"11,106,060",37.07,37.44,36.43
06/15/2020,35.87,"11,279,720",34.7,36.14,34.1
06/12/2020,35.35,"13,770,780",35.95,36.395,34.66
06/11/2020,35.05,"16,345,550",36.44,36.7,34.69
06/10/2020,37.49,"10,655,130",38.36,38.36,36.985
06/09/2020,38.26,"11,969,650",38.86,38.86,38.13
06/08/2020,39.11,"8,499,750",38.68,39.3,38.67
06/05/2020,38.83,"12,623,040",38.15,39.33,38.0
06/04/2020,37.42,"6,797,036",37.84,37.84,37.23
06/03/2020,37.91,"12,472,100",37.75,38.03,37.235
06/02/2020,37.54,"10,371,240",37.62,37.93,37.46
06/01/2020,37.5,"6,174,670",37.71,38.18,37.42
05/29/2020,37.99,"10,062,950",37.68,38.04,36.7
05/28/2020,37.47,"8,924,318",37.45,37.99,37.11
05/27/2020,37.14,"9,472,886",36.36,37.18,36.0117
05/26/2020,36.19,"12,272,250",37.03,37.03,35.86
05/22/2020,35.91,"28,426,310",35.57,36.32,35.27
05/21/2020,34.79,"24,248,280",35.52,36.13,34.45
05/20/2020,37.18,"10,708,530",35.92,37.485,35.77
05/19/2020,35.43,"11,366,800",36.39,36.57,35.4
05/18/2020,36.42,"13,687,180",35.76,36.87,35.76
05/15/2020,34.83,"10,291,660",35.28,35.32,34.22
05/14/2020,35.5,"6,564,869",35.32,35.83,34.525
05/13/2020,35.77,"8,053,475",36.85,36.94,35.475
05/12/2020,36.98,"8,027,256",37.91,37.95,36.97
05/11/2020,37.78,"7,992,349",37.86,38.33,37.01
05/08/2020,38.18,"10,191,940",37.5,38.36,37.15
05/07/2020,37.0,"8,829,250",36.55,37.09,36.38
05/06/2020,35.89,"6,826,305",37.0,37.12,35.87
05/05/2020,36.81,"7,002,236",36.06,37.365,36.06
05/04/2020,35.83,"5,631,418",35.71,36.06,35.44
05/01/2020,35.99,"7,484,876",36.95,36.97,35.76
04/30/2020,37.48,"11,143,150",36.88,37.77,36.69
04/29/2020,37.43,"12,659,950",36.8,37.88,36.29
04/28/2020,35.93,"8,984,227",37.42,37.5,35.85
04/27/2020,37.0,"10,040,410",37.18,37.44,36.64
04/24/2020,36.9,"8,100,873",36.78,37.27,36.46
04/23/2020,36.4,"8,425,173",35.89,36.755,35.805
04/22/2020,35.49,"10,398,190",35.53,35.89,34.37
04/21/2020,35.05,"11,514,940",36.19,36.63,35.0
04/20/2020,37.25,"10,392,400",37.82,38.48,37.248
04/17/2020,38.29,"19,998,040",36.65,38.465,36.65
04/16/2020,35.45,"8,086,402",35.03,35.58,34.82
04/15/2020,34.79,"9,994,269",35.19,35.24,34.19
04/14/2020,35.92,"12,337,160",35.81,36.45,35.43
04/13/2020,35.21,"11,990,390",36.58,36.75,34.4
04/09/2020,36.83,"19,098,850",35.25,37.24,34.99
04/08/2020,35.13,"13,608,700",33.99,35.7,33.7
04/07/2020,33.69,"21,342,430",34.33,35.72,33.38
04/06/2020,32.88,"13,647,060",32.91,33.19,32.49
04/03/2020,31.17,"10,895,510",30.82,31.52,30.63
04/02/2020,31.05,"12,401,930",30.01,31.46,29.65
04/01/2020,30.19,"9,990,663",31.62,31.88,29.93
03/31/2020,32.63,"14,181,010",31.54,33.25,31.03
03/30/2020,31.64,"12,193,030",30.77,31.845,29.56
03/27/2020,30.61,"11,232,800",30.32,31.39,29.47
03/26/2020,31.42,"13,137,520",30.31,31.82,30.06
03/25/2020,29.92,"19,681,680",28.12,31.24,27.28
03/24/2020,28.22,"16,752,770",26.81,28.63,26.77
03/23/2020,25.83,"17,190,920",26.9,27.19,24.1
03/20/2020,27.24,"11,223,220",28.63,28.78,27.1
03/19/2020,28.27,"12,088,640",26.74,28.87,25.51
03/18/2020,27.24,"18,167,780",26.98,27.7,25.41
03/17/2020,28.79,"18,097,290",28.1,29.04,26.343
03/16/2020,27.55,"17,232,090",28.72,29.23,27.16
03/13/2020,32.33,"17,420,960",32.54,32.71,29.35
03/12/2020,31.0,"23,545,600",31.63,33.525,30.57
03/11/2020,33.86,"20,113,340",34.17,34.79,33.47
03/10/2020,35.18,"13,372,160",35.92,35.92,33.73
03/09/2020,34.09,"15,378,750",34.92,35.1,33.6714
03/06/2020,37.6,"17,949,130",36.14,37.7,35.88
03/05/2020,37.46,"20,434,810",37.99,37.99,36.35
03/04/2020,38.75,"10,112,530",38.05,38.78,37.23
03/03/2020,37.23,"13,875,540",38.3,39.36,36.56
03/02/2020,38.27,"14,333,750",37.6,38.27,36.71
02/28/2020,37.39,"19,871,240",37.09,37.54,36.255
02/27/2020,37.92,"15,338,260",38.62,39.575,37.89
02/26/2020,39.39,"10,063,280",40.37,40.6,39.37
02/25/2020,39.91,"8,745,553",41.15,41.32,39.705
02/24/2020,41.08,"6,536,660",41.48,41.9,40.925
02/21/2020,42.62,"7,282,369",42.26,42.85,42.04
02/20/2020,42.5,"6,123,492",43.02,43.16,42.0258
02/19/2020,43.02,"7,412,015",42.31,43.44,42.28
02/18/2020,42.16,"8,024,501",42.25,42.365,41.65
02/14/2020,42.31,"7,289,964",42.27,42.41,42.075
02/13/2020,42.18,"6,406,653",42.17,42.47,41.81
02/12/2020,42.23,"8,374,140",42.61,42.75,42.225
02/11/2020,42.57,"4,861,097",42.32,42.665,42.105
02/10/2020,42.22,"6,151,669",42.02,42.525,41.8836
02/07/2020,42.19,"8,381,663",42.75,42.945,41.945
02/06/2020,43.01,"6,994,231",42.6,43.235,42.24
02/05/2020,42.62,"13,227,110",43.05,43.33,42.44
02/04/2020,42.88,"9,126,105",42.83,43.2,42.7
02/03/2020,42.23,"8,763,371",42.17,42.56,42.1
01/31/2020,41.87,"12,425,030",43.29,43.3,41.785
01/30/2020,43.41,"8,792,451",43.5,43.77,43.115
01/29/2020,43.95,"6,629,622",43.63,44.2,43.42
01/28/2020,43.45,"7,223,118",42.75,43.59,42.63
01/27/2020,42.65,"5,672,445",42.5,43.125,42.35
01/24/2020,43.21,"4,022,279",43.6,43.695,43.035
01/23/2020,43.57,"6,366,664",43.92,44.03,43.185
01/22/2020,44.05,"6,515,217",44.41,44.435,43.96
01/21/2020,44.07,"8,589,987",44.18,44.39,43.76
01/17/2020,44.28,"15,909,750",43.2,44.31,43.14
01/16/2020,43.2,"11,654,560",42.71,43.33,42.66
01/15/2020,42.57,"12,805,570",42.81,42.83,42.34
01/14/2020,42.66,"27,589,840",42.41,42.8171,41.65
01/13/2020,45.47,"4,877,623",45.65,45.73,45.36
01/10/2020,45.67,"5,492,725",45.95,46.11,45.55
01/09/2020,45.71,"7,225,830",45.96,46.13,45.49
01/08/2020,45.64,"5,071,839",45.6,46.06,45.47
01/07/2020,45.4,"4,299,106",45.12,45.58,44.97
01/06/2020,45.35,"5,768,878",44.85,45.57,44.6784
01/03/2020,44.98,"4,704,213",44.52,45.21,44.35
01/02/2020,45.33,"5,761,064",45.5,45.59,44.935
12/31/2019,45.22,"3,725,817",44.95,45.23,44.72
12/30/2019,44.99,"3,868,241",45.31,45.365,44.94
12/27/2019,45.22,"2,123,408",45.4,45.42,45.11
12/26/2019,45.26,"2,009,166",45.34,45.34,45.01
12/24/2019,45.31,"1,036,798",45.22,45.41,45.14
12/23/2019,45.22,"5,062,114",45.48,45.48,44.81
12/20/2019,45.37,"14,231,760",45.26,46.62,45.075
12/19/2019,44.83,"6,883,102",44.18,44.96,44.13
12/18/2019,44.74,"4,932,617",44.87,44.905,44.64
12/17/2019,44.75,"9,109,463",45.11,45.21,44.485
12/16/2019,45.2,"8,569,449",45.45,45.68,45.14
12/13/2019,45.09,"7,538,964",44.45,45.27,44.4
12/12/2019,44.67,"7,023,052",43.81,44.85,43.78
12/11/2019,43.82,"5,844,163",44.0,44.04,43.765
12/10/2019,44.01,"5,704,839",43.73,44.31,43.5
12/09/2019,43.71,"9,853,398",44.07,44.17,43.66
12/06/2019,44.08,"7,951,403",43.5,44.215,43.36
12/05/2019,43.26,"5,409,225",43.06,43.41,42.57
12/04/2019,43.01,"3,657,669",42.82,43.12,42.71
12/03/2019,42.61,"3,262,065",42.31,42.785,42.22
12/02/2019,42.72,"4,920,773",43.33,43.4,42.35
11/29/2019,43.25,"2,375,455",43.15,43.35,42.87
11/27/2019,43.21,"4,736,007",43.0,43.33,42.87
11/26/2019,42.83,"5,847,856",42.86,42.88,42.6
11/25/2019,42.85,"5,029,907",42.1,42.89,41.99
11/22/2019,41.85,"5,655,492",42.48,42.55,41.645
11/21/2019,42.36,"3,935,791",42.49,42.56,41.872
11/20/2019,42.61,"5,274,366",42.59,42.84,42.305
11/19/2019,42.63,"5,389,692",42.36,42.725,42.07
11/18/2019,42.29,"11,969,780",42.36,43.49,42.17
11/15/2019,42.31,"7,514,497",41.89,42.32,41.56
11/14/2019,41.57,"4,674,451",41.45,41.66,41.26
11/13/2019,41.42,"5,149,881",41.28,41.55,41.01
11/12/2019,41.22,"7,076,912",40.22,41.29,40.17
11/11/2019,40.17,"5,199,655",40.32,40.79,40.04
11/08/2019,40.51,"3,235,631",40.61,40.86,40.41
11/07/2019,40.72,"4,586,078",40.76,41.03,40.3331
11/06/2019,40.72,"4,296,049",40.75,40.97,40.19
11/05/2019,40.59,"5,801,154",40.9,40.96,40.155
11/04/2019,40.98,"6,187,154",41.71,41.71,40.815
11/01/2019,41.51,"7,382,379",42.05,42.42,41.41
10/31/2019,41.7,"5,321,689",41.92,42.07,41.605
10/30/2019,42.01,"4,275,049",41.86,42.04,41.37
10/29/2019,41.75,"4,831,266",41.36,42.11,41.25
10/28/2019,41.57,"6,527,825",40.85,41.68,40.81
10/25/2019,40.85,"6,548,950",40.48,41.24,40.26
10/24/2019,40.54,"10,835,350",40.22,40.72,39.89
10/23/2019,40.09,"21,369,890",40.75,41.24,39.77
10/22/2019,38.18,"9,868,865",38.9,38.935,38.085
10/21/2019,38.65,"8,770,058",38.67,38.95,38.5
10/18/2019,38.47,"10,584,810",38.25,38.66,38.01
10/17/2019,38.17,"6,337,983",38.43,38.56,38.125
10/16/2019,38.18,"14,838,160",38.22,38.4,37.8684
10/15/2019,38.46,"10,241,460",38.38,38.655,37.76
10/14/2019,37.97,"5,517,352",38.28,38.52,37.95
10/11/2019,38.23,"16,058,110",38.32,38.945,38.11
10/10/2019,37.98,"17,401,250",38.29,38.57,37.645
10/09/2019,38.61,"8,652,886",38.3,38.88,38.23
10/08/2019,37.87,"19,613,370",40.05,40.23,37.78
10/07/2019,40.35,"3,616,638",40.35,40.51,40.105
10/04/2019,40.53,"6,235,817",40.04,40.715,39.89
10/03/2019,39.75,"5,536,149",39.09,39.83,38.9
10/02/2019,39.15,"8,431,489",39.77,39.905,38.9
10/01/2019,40.24,"6,123,800",40.93,41.38,40.105
09/30/2019,40.69,"8,029,296",40.41,41.06,40.22
09/27/2019,40.31,"10,846,180",42.45,42.46,39.75
09/26/2019,42.35,"5,208,332",42.44,42.755,42.02
09/25/2019,42.2,"4,454,999",42.34,42.55,41.94
09/24/2019,42.33,"6,527,504",43.45,43.65,42.05
09/23/2019,43.15,"4,314,424",43.1,43.38,42.89
09/20/2019,43.29,"8,006,073",43.29,43.395,42.85
09/19/2019,43.06,"6,475,996",42.97,43.15,42.79
09/18/2019,42.9,"3,984,372",42.42,42.94,42.275
09/17/2019,42.32,"3,943,535",42.03,42.64,41.96
09/16/2019,41.94,"3,097,038",41.73,42.02,41.45
09/13/2019,41.81,"4,535,393",42.11,42.45,41.56
09/12/2019,42.24,"5,676,761",42.67,43.05,42.2
09/11/2019,42.3,"6,370,370",41.56,42.38,41.23
09/10/2019,41.3,"10,912,250",41.28,41.36,39.83
09/09/2019,41.74,"6,171,451",43.49,43.55,41.63
09/06/2019,43.45,"6,349,373",42.95,43.84,42.63
09/05/2019,42.61,"4,867,007",42.54,42.675,42.14
09/04/2019,42.05,"3,490,907",42.04,42.09,41.37
09/03/2019,41.67,"4,695,509",42.5,42.65,41.31
08/30/2019,42.73,"3,234,418",43.03,43.23,42.5
08/29/2019,42.84,"5,804,908",42.83,43.41,42.49
08/28/2019,42.49,"4,208,132",42.0,42.72,41.955
08/27/2019,42.22,"5,996,740",42.03,42.34,41.935
08/26/2019,41.85,"3,434,774",41.53,41.87,41.28
08/23/2019,41.17,"5,308,114",42.69,42.72,41.0
08/22/2019,42.69,"3,333,786",42.69,42.94,42.32
08/21/2019,42.55,"3,742,733",42.78,42.86,42.32
08/20/2019,42.5,"4,168,875",42.74,43.2,42.47
08/19/2019,42.74,"2,755,449",43.07,43.07,42.45
08/16/2019,42.15,"3,274,945",42.18,42.42,41.87
08/15/2019,41.87,"4,467,252",41.48,42.09,41.35
08/14/2019,41.43,"5,677,036",42.43,42.52,41.41
08/13/2019,42.86,"3,449,020",42.28,43.105,42.17
08/12/2019,42.33,"3,878,639",43.1,43.15,42.26
08/09/2019,43.2,"4,827,247",42.71,43.46,42.65
08/08/2019,42.76,"5,057,700",42.25,42.86,42.24
08/07/2019,42.18,"5,671,917",42.0,42.41,41.1
08/06/2019,42.33,"4,301,469",41.63,42.33,41.4
08/05/2019,41.36,"7,200,056",42.19,42.32,40.905
08/02/2019,42.75,"5,341,256",42.66,42.83,42.16
08/01/2019,42.61,"7,800,446",42.48,43.53,41.91
07/31/2019,42.46,"6,861,531",42.84,43.165,42.06
07/30/2019,42.86,"4,635,168",42.11,42.87,41.87
07/29/2019,42.29,"3,951,645",42.0,42.4,41.88
07/26/2019,42.08,"4,943,200",42.39,42.56,41.87
07/25/2019,42.01,"6,209,420",42.88,43.0,41.97
07/24/2019,42.87,"8,422,148",42.06,42.915,41.53
07/23/2019,42.88,"6,836,699",42.7,42.88,42.34
07/22/2019,42.5,"5,290,999",42.47,42.75,42.31
07/19/2019,42.25,"6,840,053",42.85,42.95,42.175
07/18/2019,42.64,"6,095,906",42.13,42.94,42.04
07/17/2019,42.24,"6,087,708",42.12,42.45,42.03
07/16/2019,41.86,"4,966,362",42.57,42.68,41.83
07/15/2019,42.45,"4,466,068",42.27,42.67,42.1
07/12/2019,42.25,"8,970,563",43.14,43.21,42.085
07/11/2019,43.2,"4,745,296",43.16,43.21,42.64
07/10/2019,42.89,"6,689,522",43.07,43.2664,42.62
07/09/2019,43.06,"5,833,922",42.45,43.1,42.425
07/08/2019,42.61,"6,206,470",42.34,42.715,42.22
07/05/2019,42.62,"4,121,651",42.42,42.7,42.3
07/03/2019,42.63,"3,683,617",42.73,42.82,42.37
07/02/2019,42.69,"7,757,278",43.05,43.27,42.355
07/01/2019,42.9,"7,523,287",43.41,43.66,42.63
06/28/2019,42.98,"12,753,860",41.95,43.02,41.87
06/27/2019,41.93,"8,356,886",41.77,42.27,41.52
06/26/2019,41.39,"6,176,854",41.69,41.71,40.67
06/25/2019,41.72,"5,624,524",42.06,42.32,41.7
06/24/2019,42.01,"5,406,961",41.57,42.03,41.52
06/21/2019,41.69,"8,605,754",41.8,41.86,41.32
06/20/2019,41.86,"6,131,648",41.99,42.4,41.49
06/19/2019,41.66,"6,328,720",40.8,41.77,40.58
06/18/2019,40.94,"5,983,033",41.04,41.685,40.88
06/17/2019,40.68,"3,746,010",40.46,40.74,40.32
06/14/2019,40.42,"5,410,026",40.76,40.95,40.33
06/13/2019,40.66,"7,260,904",40.81,40.9599,40.38
06/12/2019,40.8,"7,019,089",41.14,41.4765,40.45
06/11/2019,41.17,"8,341,713",41.68,41.995,40.82
06/10/2019,41.45,"8,012,411",41.18,41.79,41.18
06/07/2019,41.28,"17,415,490",40.83,41.64,40.75
06/06/2019,40.54,"12,114,690",40.12,40.94,39.63
06/05/2019,40.01,"11,081,600",39.19,40.16,39.1786
06/04/2019,39.05,"6,982,019",38.76,39.14,38.21
06/03/2019,38.29,"5,730,807",38.48,38.67,38.08
05/31/2019,38.41,"6,825,941",38.16,38.59,37.615
05/30/2019,38.44,"6,964,456",38.21,38.68,38.02
05/29/2019,38.07,"6,052,452",38.4,38.5,37.7
05/28/2019,38.45,"14,470,380",38.54,39.16,38.335
05/24/2019,38.47,"8,232,433",37.7,38.65,37.675
05/23/2019,37.79,"6,282,454",37.68,37.81,37.29
05/22/2019,37.73,"3,714,170",37.65,37.89,37.445
05/21/2019,37.7,"7,933,020",37.63,37.88,37.41
05/20/2019,37.29,"5,053,399",37.15,37.385,36.8073
05/17/2019,37.32,"5,482,060",37.08,37.88,37.07
05/16/2019,37.62,"7,498,805",37.21,38.31,37.21
05/15/2019,37.07,"8,536,891",36.64,37.38,36.6
05/14/2019,36.76,"6,567,209",36.2,37.12,36.1
05/13/2019,35.97,"5,475,964",36.3,36.37,35.88
05/10/2019,36.58,"7,458,652",36.82,36.9,35.88
05/09/2019,37.07,"8,510,493",36.34,37.11,36.07
05/08/2019,36.7,"7,128,881",36.75,37.21,36.37
05/07/2019,36.77,"6,402,978",37.08,37.25,36.47
05/06/2019,37.37,"7,742,255",36.57,37.47,36.51
05/03/2019,37.2,"7,869,321",37.05,37.3,36.84
05/02/2019,36.89,"10,698,570",36.25,36.89,36.11
05/01/2019,36.38,"6,080,986",37.11,37.14,36.34
04/30/2019,37.12,"7,683,488",36.78,37.185,36.59
04/29/2019,36.73,"5,924,700",37.27,37.56,36.65
04/26/2019,37.38,"9,621,611",37.17,37.49,36.8
04/25/2019,36.93,"13,157,490",35.47,37.15,35.43
04/24/2019,35.44,"19,856,010",35.0,36.14,34.785
04/23/2019,35.89,"13,699,030",35.11,35.895,34.96
04/22/2019,34.93,"7,824,217",34.9,35.425,34.63
04/18/2019,35.11,"10,139,450",35.08,35.52,34.345
04/17/2019,34.91,"15,997,020",35.8,36.33,34.847
04/16/2019,36.17,"32,944,360",38.1,38.25,35.6
04/15/2019,37.81,"4,554,843",37.81,37.905,37.49
04/12/2019,37.73,"4,400,857",37.95,38.045,37.57
04/11/2019,37.92,"4,887,600",38.5,38.51,37.865
04/10/2019,38.36,"5,748,383",38.24,38.58,38.1875
04/09/2019,38.21,"4,626,662",38.06,38.35,37.94
04/08/2019,38.15,"4,870,844",38.1,38.21,37.7
04/05/2019,38.16,"4,630,085",38.23,38.31,37.93
04/04/2019,38.16,"3,748,073",38.45,38.45,37.8
04/03/2019,38.33,"6,895,779",38.7,38.74,38.145
04/02/2019,38.52,"5,694,319",38.7,38.7,38.34
04/01/2019,38.66,"10,813,170",38.82,39.0,38.5
03/29/2019,38.38,"7,767,907",38.15,38.65,37.985
03/28/2019,37.92,"4,681,171",37.64,37.95,37.41
03/27/2019,37.49,"4,750,405",37.85,38.095,37.31
03/26/2019,37.84,"7,267,440",38.07,38.595,37.74
03/25/2019,37.64,"8,377,893",37.3,37.82,37.1
03/22/2019,37.3,"6,673,561",38.1,38.13,37.28
03/21/2019,38.15,"8,093,353",37.71,38.26,37.6201
03/20/2019,37.86,"9,626,767",38.11,38.265,37.635
03/19/2019,38.17,"10,485,150",38.12,38.535,37.61
03/18/2019,37.97,"19,084,970",39.98,40.0,37.69
03/15/2019,40.21,"9,811,640",40.11,40.67,40.07
03/14/2019,40.05,"6,343,308",40.19,40.23,39.875
03/13/2019,40.23,"5,915,336",40.42,40.77,40.13
03/12/2019,40.26,"3,474,188",39.99,40.39,39.855
03/11/2019,39.9,"4,470,924",39.72,39.98,39.51
03/08/2019,39.51,"4,353,403",39.33,39.56,38.985
03/07/2019,39.59,"4,793,400",39.75,39.91,39.36
03/06/2019,39.78,"3,914,206",40.25,40.27,39.655
03/05/2019,40.19,"4,187,035",40.31,40.48,40.02
03/04/2019,40.3,"7,899,171",40.93,41.0,39.675
03/01/2019,40.75,"5,819,925",40.48,40.9,40.14
02/28/2019,40.12,"5,797,281",39.88,40.32,39.76
02/27/2019,39.93,"5,260,190",39.64,40.12,39.6
02/26/2019,39.86,"4,397,267",40.0,40.0,39.55
02/25/2019,39.99,"12,094,940",40.65,40.75,39.99
02/22/2019,40.52,"9,321,437",40.27,40.81,40.17
02/21/2019,40.12,"8,367,730",39.94,40.22,39.835
02/20/2019,40.11,"7,687,454",39.86,40.3,39.61
02/19/2019,39.86,"4,050,670",40.03,40.19,39.79
02/15/2019,40.01,"10,363,270",40.32,40.32,39.7
02/14/2019,39.92,"5,203,278",39.5,40.07,39.36
02/13/2019,39.6,"6,236,562",40.11,40.24,39.39
02/12/2019,40.04,"7,507,268",39.5,40.3299,39.4213
02/11/2019,39.31,"5,518,015",39.31,39.59,39.105
02/08/2019,39.19,"6,384,081",38.44,39.23,38.39
02/07/2019,38.85,"9,183,495",38.39,39.09,38.15
02/06/2019,38.77,"11,375,070",37.3,39.02,37.25
02/05/2019,37.75,"10,475,560",38.07,38.14,37.58
02/04/2019,37.93,"6,778,809",37.84,38.05,37.59
02/01/2019,37.93,"5,991,669",38.15,38.38,37.71
01/31/2019,38.15,"10,805,890",37.47,38.245,37.4
01/30/2019,37.42,"13,149,580",37.15,37.62,37.0
01/29/2019,37.01,"8,032,691",36.83,37.11,36.59
01/28/2019,36.85,"5,233,969",37.2,37.2,36.68
01/25/2019,37.45,"3,919,156",37.41,37.7,37.2964
01/24/2019,37.23,"5,713,650",37.27,37.54,37.15
01/23/2019,37.19,"3,786,352",37.46,37.61,36.6943
01/22/2019,37.26,"5,423,319",37.14,37.52,36.92
01/18/2019,37.69,"9,410,281",37.13,37.77,36.67
01/17/2019,36.81,"6,405,165",36.55,37.245,36.42
01/16/2019,36.62,"5,518,274",36.74,36.87,36.465
01/15/2019,36.72,"10,851,320",35.42,36.89,35.41
01/14/2019,35.31,"3,799,208",35.27,35.565,35.08
01/11/2019,35.56,"5,494,504",35.64,35.77,35.19
01/10/2019,35.95,"5,073,239",35.68,35.985,35.37
01/09/2019,35.88,"7,518,091",35.67,36.33,35.52
01/08/2019,35.38,"10,244,900",34.9,35.505,34.5726
01/07/2019,34.42,"6,400,683",34.34,34.955,34.185
01/04/2019,34.21,"7,971,643",33.42,34.4,33.42
01/03/2019,32.91,"10,507,730",34.24,34.32,32.73
01/02/2019,34.46,"6,295,173",34.65,34.86,34.06
12/31/2018,35.34,"4,434,571",34.92,35.34,34.79
12/28/2018,34.67,"6,441,941",34.76,35.15,34.24
12/27/2018,34.48,"7,269,068",33.15,34.48,33.01
12/26/2018,33.68,"6,560,881",31.9,33.68,31.78
12/24/2018,31.73,"4,004,958",32.6,32.78,31.56
12/21/2018,32.83,"14,293,980",33.26,33.67,32.565
12/20/2018,33.26,"9,160,888",33.82,33.9492,32.86
12/19/2018,33.98,"7,302,707",34.52,35.1,33.41
12/18/2018,34.31,"9,213,847",34.61,35.05,33.99
12/17/2018,34.05,"9,894,993",35.48,35.48,33.87
12/14/2018,35.8,"6,822,494",36.6,36.6,35.54
12/13/2018,36.98,"4,992,357",37.34,37.52,36.44
12/12/2018,37.1,"6,965,442",37.15,37.64,37.0
12/11/2018,36.56,"5,678,977",36.59,36.95,36.16
12/10/2018,36.15,"5,720,144",35.41,36.2,34.95
12/07/2018,35.48,"7,395,838",36.58,36.73,35.05
12/06/2018,36.77,"9,555,274",36.0,36.775,35.28
12/04/2018,36.52,"8,905,562",38.53,38.65,36.425
12/03/2018,38.51,"8,279,726",38.09,38.69,37.79
11/30/2018,37.67,"9,795,108",37.13,37.72,37.03
11/29/2018,37.04,"5,991,599",36.43,37.3,36.38
11/28/2018,36.65,"8,445,408",35.47,36.695,35.47
11/27/2018,35.26,"7,796,953",34.96,35.465,34.68
11/26/2018,35.01,"6,857,162",35.17,35.475,34.68
11/23/2018,34.8,"2,313,434",34.4,35.13,34.32
11/21/2018,34.6,"6,832,678",34.28,35.03,34.19
11/20/2018,34.05,"19,861,850",33.24,34.75,31.58
11/19/2018,35.29,"10,475,030",37.15,37.15,35.17
11/16/2018,37.21,"7,529,365",36.34,37.73,36.34
11/15/2018,36.47,"9,055,207",36.0,36.64,35.48
11/14/2018,36.21,"5,457,542",36.87,36.98,36.06
11/13/2018,36.66,"3,619,477",37.11,37.38,36.52
11/12/2018,36.93,"6,556,668",38.47,38.5,36.79
11/09/2018,38.6,"9,188,712",38.32,38.67,37.42
11/08/2018,38.44,"5,012,162",37.94,38.44,37.77
11/07/2018,37.95,"6,746,037",37.06,37.985,37.0
11/06/2018,36.85,"4,151,040",36.26,36.8699,36.21
11/05/2018,36.36,"4,755,499",36.97,37.32,36.18
11/02/2018,36.81,"4,560,849",37.24,37.59,36.54
11/01/2018,36.99,"9,390,502",36.42,37.09,36.045
10/31/2018,36.14,"9,219,727",36.32,36.86,35.965
10/30/2018,35.91,"8,167,251",35.19,35.95,35.01
10/29/2018,35.38,"11,133,730",36.36,36.62,34.74
10/26/2018,35.83,"9,468,127",35.95,36.285,35.01
10/25/2018,36.39,"8,974,345",35.85,36.65,35.2
10/24/2018,35.68,"12,602,930",36.52,37.22,35.63
10/23/2018,36.03,"10,944,970",36.19,36.315,35.28
10/22/2018,36.62,"6,459,064",36.62,37.0007,36.31
10/19/2018,36.54,"8,448,536",37.37,37.7,36.345
10/18/2018,37.53,"7,008,997",37.99,38.08,37.15
10/17/2018,38.0,"9,310,963",37.61,38.62,37.475
10/16/2018,38.11,"9,194,737",37.03,38.2,37.03
10/15/2018,36.43,"5,792,659",37.14,37.14,36.35
10/12/2018,36.99,"8,737,418",36.86,37.175,36.55
10/11/2018,36.0,"11,295,260",36.11,36.98,35.84
10/10/2018,36.11,"12,187,550",37.36,37.64,36.08
10/09/2018,37.41,"6,492,136",37.22,37.58,37.11
10/08/2018,37.3,"6,896,482",37.8,37.88,36.78
10/05/2018,37.85,"5,306,135",38.06,38.33,37.645
10/04/2018,38.0,"6,461,031",38.43,38.45,37.68
10/03/2018,38.61,"5,927,203",39.03,39.35,38.42
10/02/2018,39.04,"6,064,760",39.38,39.44,38.75
10/01/2018,38.98,"8,289,743",38.74,39.42,38.6
09/28/2018,38.5,"6,482,507",38.33,38.78,38.27
09/27/2018,38.34,"5,505,565",38.65,38.72,38.24
09/26/2018,38.63,"8,109,886",38.61,39.13,38.51
09/25/2018,38.61,"8,594,442",38.29,38.76,38.09
09/24/2018,38.4,"6,871,352",38.0,38.485,37.87
09/21/2018,37.77,"7,887,691",37.88,37.92,37.62
09/20/2018,37.82,"4,683,717",37.64,37.92,37.55
09/19/2018,37.49,"4,632,604",37.57,37.62,37.165
09/18/2018,37.62,"5,835,281",37.18,37.76,37.11
09/17/2018,37.27,"6,005,071",37.48,37.68,37.16
09/14/2018,37.39,"8,077,300",37.43,37.555,37.155
09/13/2018,37.62,"14,285,320",37.11,37.72,37.09
09/12/2018,36.44,"5,693,580",36.07,36.53,35.725
09/11/2018,36.14,"5,396,389",35.8,36.24,35.43
09/10/2018,35.84,"3,764,042",36.03,36.055,35.7
09/07/2018,35.85,"4,509,852",36.32,36.38,35.81
09/06/2018,35.99,"5,033,032",35.66,36.135,35.64
09/05/2018,35.75,"5,798,674",36.02,36.025,35.38
09/04/2018,36.05,"8,512,809",36.01,36.45,35.83
08/31/2018,35.56,"5,012,795",35.4,35.58,35.395
08/30/2018,35.4,"4,209,158",35.23,35.67,35.22
08/29/2018,35.54,"6,682,556",35.16,35.69,35.16
08/28/2018,35.06,"5,536,270",35.07,35.3,34.955
08/27/2018,34.94,"4,224,902",34.87,35.055,34.65
08/24/2018,34.72,"5,511,109",34.45,34.82,34.41
08/23/2018,34.35,"3,701,950",34.41,34.66,34.26
08/22/2018,34.47,"4,152,456",34.34,34.55,34.08
08/21/2018,34.49,"6,858,677",34.7,34.86,34.49
08/20/2018,34.57,"5,176,586",34.5,34.75,34.12
08/17/2018,34.41,"4,967,210",34.35,34.62,34.12
08/16/2018,34.29,"7,195,675",35.0,35.06,34.16
08/15/2018,34.89,"15,959,920",33.6,35.26,33.52
08/14/2018,33.7,"7,462,422",33.35,33.79,33.3
08/13/2018,33.3,"4,515,313",33.58,33.84,33.29
08/10/2018,33.55,"4,482,194",33.74,33.88,33.355
08/09/2018,33.85,"8,309,138",34.22,34.42,33.76
08/08/2018,34.29,"9,790,839",34.23,34.59,34.07
08/07/2018,33.22,"4,182,060",33.15,33.295,33.02
08/06/2018,33.15,"5,421,799",33.46,33.5,33.05
08/03/2018,33.53,"4,425,877",33.42,33.55,33.12
08/02/2018,33.38,"6,234,907",33.29,33.4,32.9
08/01/2018,33.39,"5,737,242",33.55,33.73,33.3
07/31/2018,33.61,"9,438,063",33.08,33.86,33.08
07/30/2018,32.93,"9,795,950",33.72,33.745,32.87
07/27/2018,33.77,"5,458,797",34.38,34.4,33.5799
07/26/2018,34.33,"6,308,340",34.5,34.63,34.08
07/25/2018,34.32,"11,988,640",32.27,34.34,32.27
07/24/2018,33.57,"9,192,767",33.79,33.86,33.23
07/23/2018,33.71,"5,740,310",33.72,33.865,33.42
07/20/2018,33.77,"5,145,321",33.54,33.99,33.54
07/19/2018,33.72,"2,756,800",33.73,33.865,33.605
07/18/2018,33.74,"6,430,876",33.95,34.15,33.48
07/17/2018,33.95,"8,603,863",33.16,34.16,33.11
07/16/2018,33.15,"7,234,801",33.15,33.35,32.91
07/13/2018,33.35,"4,994,380",33.56,33.65,33.26
07/12/2018,33.34,"4,704,207",33.69,33.785,33.32
07/11/2018,33.34,"4,035,350",33.22,33.52,33.1
07/10/2018,33.56,"6,804,519",33.94,34.09,33.52
07/09/2018,33.79,"3,759,487",33.82,33.975,33.58
07/06/2018,33.61,"4,170,625",33.39,33.76,33.31
07/05/2018,33.22,"6,534,017",33.23,33.65,32.7
07/03/2018,33.21,"4,172,956",32.94,33.35,32.85
07/02/2018,32.83,"4,860,858",32.51,32.91,32.35
06/29/2018,32.7,"8,648,289",32.5,32.88,32.42
06/28/2018,32.5,"5,674,082",31.87,32.63,31.78
06/27/2018,31.85,"5,918,321",32.21,32.645,31.85
06/26/2018,32.0,"5,636,318",32.18,32.255,31.85
06/25/2018,32.12,"4,095,774",32.61,32.62,31.88
06/22/2018,32.62,"9,684,054",32.33,33.03,32.22
06/21/2018,32.15,"4,476,979",32.28,32.575,32.05
06/20/2018,32.23,"6,642,475",31.95,32.53,31.87
06/19/2018,31.92,"6,439,865",31.97,32.1,31.79
06/18/2018,32.29,"6,274,177",32.64,32.73,31.8
06/15/2018,32.96,"12,738,310",32.59,32.985,32.35
06/14/2018,32.51,"12,398,360",32.29,32.76,32.175
06/13/2018,31.73,"21,796,000",31.67,32.66,31.55
06/12/2018,33.84,"21,954,640",34.91,35.21,33.71
06/11/2018,34.32,"34,065,470",31.97,37.3,31.77
06/08/2018,31.95,"13,644,980",31.07,31.975,31.04
06/07/2018,31.03,"10,129,270",30.91,31.18,30.43
06/06/2018,30.8,"6,337,604",30.8,30.9,30.59
06/05/2018,30.72,"6,452,443",30.62,30.83,30.49
06/04/2018,30.6,"4,085,178",30.79,30.81,30.38
06/01/2018,30.59,"7,102,776",30.64,30.66,30.3
05/31/2018,30.39,"7,302,081",30.34,31.02,30.31
05/30/2018,30.51,"4,794,154",30.32,30.58,30.215
05/29/2018,30.2,"3,882,545",30.1,30.345,29.96
05/25/2018,30.31,"2,685,722",30.38,30.485,30.24
05/24/2018,30.4,"3,234,413",30.46,30.57,30.3
05/23/2018,30.46,"4,652,451",30.2,30.46,30.185
05/22/2018,30.27,"6,462,234",30.7,30.73,30.235
05/21/2018,30.65,"6,864,164",30.55,30.84,30.455
05/18/2018,30.45,"3,984,414",30.29,30.63,30.2
05/17/2018,30.32,"7,304,374",29.95,30.485,29.84
05/16/2018,29.97,"7,237,541",29.71,30.16,29.545
05/15/2018,29.62,"5,272,139",29.7,29.77,29.415
05/14/2018,29.86,"8,854,723",29.73,30.35,29.73
05/11/2018,29.97,"6,404,913",30.13,30.405,29.82
05/10/2018,30.28,"3,894,594",29.95,30.29,29.795
05/09/2018,29.83,"3,999,158",29.93,29.995,29.64
05/08/2018,29.83,"5,554,904",29.78,29.91,29.55
05/07/2018,29.94,"4,942,496",29.58,30.155,29.57
05/04/2018,29.55,"5,070,186",29.3,29.725,29.175
05/03/2018,29.43,"7,967,709",29.09,29.6,28.87
05/02/2018,29.27,"6,948,510",29.31,29.585,29.13
05/01/2018,29.48,"9,709,196",28.74,29.48,28.71
04/30/2018,28.72,"16,514,920",29.24,29.4,28.72
04/27/2018,29.23,"7,468,757",29.45,29.48,29.215
04/26/2018,29.45,"6,867,608",29.57,29.68,29.2
04/25/2018,29.42,"14,675,770",28.35,29.45,27.91
04/24/2018,28.5,"7,931,153",28.86,29.0,28.09
04/23/2018,28.82,"5,666,382",29.04,29.04,28.62
04/20/2018,28.84,"8,660,976",28.93,29.15,28.82
04/19/2018,28.89,"5,764,900",28.94,29.13,28.79
04/18/2018,28.94,"5,319,942",28.91,29.18,28.79
04/17/2018,28.86,"9,786,226",29.0,29.08,28.53
04/16/2018,28.83,"9,003,577",28.52,28.96,28.5
04/13/2018,28.31,"7,421,802",28.49,28.71,28.19
04/12/2018,28.23,"11,798,290",28.52,28.74,28.19
04/11/2018,27.93,"4,365,842",27.62,27.96,27.61
04/10/2018,27.9,"5,434,699",27.89,28.17,27.74
04/09/2018,27.51,"4,867,147",27.59,27.96,27.39
04/06/2018,27.35,"6,426,954",27.77,27.97,27.07
04/05/2018,28.09,"5,865,233",27.96,28.4,27.81
04/04/2018,27.74,"7,775,492",27.11,27.82,26.75
04/03/2018,27.46,"9,050,553",26.89,27.615,26.88
04/02/2018,26.84,"8,455,256",27.21,27.36,26.415
03/29/2018,27.32,"11,113,650",26.83,27.765,26.825
03/28/2018,26.68,"5,372,257",27.1,27.26,26.61
03/27/2018,27.03,"8,760,032",27.31,27.53,26.85
03/26/2018,27.25,"7,374,163",26.67,27.3,26.55
03/23/2018,26.3,"7,242,832",27.0,27.21,26.27
03/22/2018,26.94,"6,249,186",27.43,27.62,26.92
03/21/2018,27.66,"4,486,684",27.67,27.905,27.55
03/20/2018,27.67,"3,722,704",27.71,27.805,27.49
03/19/2018,27.62,"5,204,697",27.92,28.02,27.3595
03/16/2018,27.93,"7,856,595",27.83,28.02,27.76
03/15/2018,27.84,"6,150,497",28.07,28.205,27.685
03/14/2018,28.01,"8,571,669",28.51,28.51,27.84
03/13/2018,28.43,"3,804,683",28.62,28.72,28.29
03/12/2018,28.54,"7,920,295",28.55,28.9,28.45
03/09/2018,28.54,"7,696,957",28.01,28.55,27.885
03/08/2018,27.85,"5,091,052",27.68,27.96,27.67
03/07/2018,27.59,"3,984,072",27.19,27.67,27.1858
03/06/2018,27.41,"5,066,676",27.45,27.495,27.23
03/05/2018,27.41,"5,949,318",26.59,27.475,26.53
03/02/2018,26.77,"10,021,230",26.39,26.85,26.3
03/01/2018,26.5,"8,825,174",27.3,27.3,26.405
02/28/2018,27.26,"5,561,193",27.53,27.795,27.25
02/27/2018,27.45,"6,329,990",27.65,27.875,27.44
02/26/2018,27.62,"5,492,023",27.2,27.65,27.0145
02/23/2018,27.2,"5,744,172",26.74,27.2,26.5
02/22/2018,26.48,"6,050,628",26.92,26.92,26.35
02/21/2018,26.77,"4,935,014",26.87,27.28,26.74
02/20/2018,26.83,"7,059,080",27.12,27.14,26.74
02/16/2018,27.2,"6,707,715",27.1,27.475,27.061
02/15/2018,27.09,"6,334,790",26.93,27.14,26.7034
02/14/2018,26.81,"8,048,659",25.98,26.905,25.93
02/13/2018,26.11,"6,223,407",25.96,26.11,25.84
02/12/2018,26.18,"8,449,844",26.16,26.525,25.93
02/09/2018,25.92,"11,061,920",25.36,26.16,25.04
02/08/2018,25.2,"12,589,090",26.26,26.33,25.19
02/07/2018,26.32,"7,962,104",26.52,26.71,26.31
02/06/2018,26.72,"14,089,130",25.87,26.82,25.6
02/05/2018,26.4,"12,710,670",27.39,28.0,26.285
02/02/2018,27.39,"9,195,081",27.47,27.78,27.39
02/01/2018,27.63,"13,692,920",27.43,28.15,27.21
01/31/2018,27.96,"10,124,890",28.14,28.23,27.785
01/30/2018,28.03,"8,567,848",28.11,28.365,27.99
01/29/2018,28.33,"5,997,779",28.4,28.64,28.215
01/26/2018,28.42,"9,553,353",28.32,28.6,28.06
01/25/2018,28.26,"5,530,492",28.07,28.39,27.96
01/24/2018,27.91,"4,387,523",27.98,28.01,27.69
01/23/2018,27.82,"5,609,745",27.79,27.99,27.5
01/22/2018,27.71,"7,973,936",27.55,27.74,27.13
01/19/2018,27.65,"10,024,390",27.54,28.15,27.42
01/18/2018,27.4,"6,903,065",27.26,27.5,27.105
01/17/2018,27.25,"5,849,169",27.13,27.36,27.015
01/16/2018,26.98,"11,087,610",27.48,27.61,26.8201
01/12/2018,27.46,"8,678,287",27.46,27.7,27.255
01/11/2018,27.43,"8,984,307",27.58,27.99,27.16
01/10/2018,27.52,"13,010,530",27.7,27.75,27.15
01/09/2018,27.96,"24,980,160",26.77,28.029,26.61
01/08/2018,25.81,"10,846,630",25.91,26.07,25.545
01/05/2018,25.97,"14,260,400",25.86,26.035,25.59
01/04/2018,25.32,"7,928,638",25.4,25.61,25.21
01/03/2018,25.56,"8,543,022",25.27,25.6,25.09
01/02/2018,25.28,"9,980,310",24.94,25.52,24.84
12/29/2017,24.79,"6,146,955",25.26,25.3,24.79
12/28/2017,25.19,"6,739,975",25.2,25.3,25.06
12/27/2017,25.2,"3,796,271",25.2,25.275,25.14
12/26/2017,25.13,"2,988,159",25.15,25.28,25.09
12/22/2017,25.1,"5,358,053",25.14,25.32,25.045
12/21/2017,25.14,"5,699,929",25.5,25.51,25.14
12/20/2017,25.37,"8,204,406",25.45,25.59,25.335
12/19/2017,25.49,"8,687,467",25.74,25.875,25.445
12/18/2017,25.78,"8,356,558",25.88,26.12,25.745
12/15/2017,25.78,"12,186,960",25.67,25.9,25.54
12/14/2017,25.62,"10,489,630",25.79,25.89,25.485
12/13/2017,25.71,"9,557,059",25.62,26.0,25.6
12/12/2017,25.61,"11,033,170",25.68,25.73,25.54
12/11/2017,25.5,"8,855,121",25.64,25.77,25.49
12/08/2017,25.77,"14,286,290",25.51,25.77,25.1
12/07/2017,25.04,"9,674,608",25.3,25.34,24.975
12/06/2017,25.24,"11,675,050",24.86,25.275,24.54
12/05/2017,24.94,"15,065,690",24.9,25.45,24.9
12/04/2017,24.9,"20,707,320",26.21,26.23,24.89
12/01/2017,26.15,"16,183,180",26.21,26.36,25.73
11/30/2017,26.28,"18,527,510",26.24,26.39,25.75
11/29/2017,25.95,"25,927,960",26.7,27.11,25.645
11/28/2017,26.39,"34,257,950",28.42,28.5525,26.29
11/27/2017,28.51,"3,255,106",28.69,28.69,28.45
11/24/2017,28.66,"1,236,835",28.51,28.68,28.47
11/22/2017,28.47,"5,265,186",28.77,28.81,28.46
11/21/2017,28.8,"5,964,413",28.46,28.88,28.4
11/20/2017,28.35,"3,410,638",28.28,28.37,28.175
11/17/2017,28.26,"5,264,063",28.2,28.37,28.14
11/16/2017,28.28,"3,831,982",28.1,28.49,28.05
11/15/2017,28.01,"5,375,649",28.26,28.26,26.76
11/14/2017,28.32,"6,892,846",28.43,28.5,28.23
11/13/2017,28.45,"4,722,382",28.28,28.61,28.19
11/10/2017,28.36,"6,526,094",28.5,28.55,27.97
11/09/2017,28.59,"9,620,091",27.96,28.61,27.92
11/08/2017,28.1,"7,645,584",27.82,28.13,27.64
11/07/2017,27.96,"4,884,141",27.93,27.98,27.74
11/06/2017,27.81,"7,662,024",27.85,27.9,27.6
11/03/2017,27.86,"7,182,897",27.49,27.92,27.38
11/02/2017,27.44,"13,217,210",27.89,28.015,27.22
11/01/2017,27.85,"6,185,259",28.23,28.27,27.77
10/31/2017,28.14,"8,527,816",28.16,28.27,27.82
10/30/2017,28.16,"6,885,770",28.4,28.5,28.12
10/27/2017,28.5,"10,274,640",28.93,29.09,28.25
10/26/2017,28.82,"12,223,680",28.44,29.31,28.37
10/25/2017,29.61,"7,756,919",29.75,29.82,29.47
10/24/2017,29.8,"4,442,401",29.83,29.84,29.58
10/23/2017,29.61,"4,495,603",29.64,29.93,29.51
10/20/2017,29.69,"4,708,025",29.63,29.83,29.53
10/19/2017,29.57,"2,590,834",29.52,29.6,29.36
10/18/2017,29.52,"5,313,739",29.5,29.55,29.3
10/17/2017,29.4,"4,724,876",29.19,29.43,29.08
10/16/2017,29.16,"4,441,533",29.42,29.5,29.09
10/13/2017,29.44,"3,383,917",29.46,29.485,29.33
10/12/2017,29.43,"3,647,651",29.26,29.43,29.115
10/11/2017,29.27,"2,664,677",29.29,29.38,29.14
10/10/2017,29.34,"3,214,764",29.33,29.46,29.265
10/09/2017,29.33,"4,343,509",29.41,29.54,29.27
10/06/2017,29.5,"4,980,172",29.43,29.54,29.36
10/05/2017,29.43,"3,702,266",29.27,29.45,29.15
10/04/2017,29.24,"3,681,518",29.08,29.33,29.06
10/03/2017,29.02,"3,934,094",29.43,29.5,28.93
10/02/2017,29.47,"5,908,797",29.21,29.47,29.09
09/29/2017,29.17,"4,968,631",28.74,29.18,28.64
09/28/2017,28.74,"3,712,830",28.86,29.0,28.74
09/27/2017,28.86,"4,123,545",28.72,28.94,28.68
09/26/2017,28.68,"3,098,879",28.8,28.895,28.65
09/25/2017,28.75,"4,361,861",28.86,29.04,28.59
09/22/2017,28.85,"3,131,553",28.71,28.87,28.51
09/21/2017,28.76,"5,167,395",28.76,28.89,28.51
09/20/2017,28.84,"3,924,902",28.68,28.85,28.58
09/19/2017,28.69,"3,247,846",29.04,29.1,28.615
09/18/2017,28.99,"4,706,204",28.99,29.06,28.81
09/15/2017,28.93,"7,622,312",29.0,29.03,28.85
09/14/2017,28.97,"4,784,817",29.0,29.08,28.79
09/13/2017,29.08,"5,966,605",29.05,29.12,28.885
09/12/2017,29.01,"4,499,805",28.97,29.12,28.84
09/11/2017,28.95,"5,695,704",29.05,29.4,28.895
09/08/2017,28.79,"5,336,185",28.5,29.08,28.44
09/07/2017,28.54,"5,791,431",28.26,28.79,28.09
09/06/2017,28.22,"5,904,610",27.63,28.23,27.605
09/05/2017,27.57,"4,770,123",27.35,27.64,27.31
09/01/2017,27.5,"4,527,823",27.55,27.63,27.33
08/31/2017,27.55,"6,984,100",27.18,27.605,27.12
08/30/2017,27.08,"2,767,233",26.94,27.14,26.935
08/29/2017,27.05,"3,163,069",26.88,27.075,26.83
08/28/2017,26.97,"3,326,571",26.8,27.02,26.735
08/25/2017,26.72,"3,666,381",26.79,26.92,26.71
08/24/2017,26.71,"3,998,300",26.84,26.905,26.66
08/23/2017,26.84,"3,838,696",27.06,27.17,26.71
08/22/2017,27.21,"4,223,925",26.85,27.235,26.7
08/21/2017,26.89,"4,332,023",26.91,27.0,26.755
08/18/2017,26.89,"5,850,175",26.62,26.98,26.53
08/17/2017,26.64,"5,836,917",26.69,26.87,26.6
08/16/2017,26.68,"5,930,127",26.56,26.68,26.45
08/15/2017,26.47,"5,490,216",26.66,26.7,26.46
08/14/2017,26.68,"3,835,639",26.65,26.735,26.55
08/11/2017,26.41,"3,285,998",26.39,26.5046,26.26
08/10/2017,26.26,"5,853,108",26.49,26.5744,26.225
08/09/2017,26.57,"3,405,143",26.36,26.57,26.31
08/08/2017,26.51,"4,580,002",26.76,26.76,26.5
08/07/2017,26.76,"3,415,622",26.8,26.8,26.65
08/04/2017,26.83,"3,568,109",26.82,26.83,26.56
08/03/2017,26.74,"5,046,578",26.48,26.79,26.4
08/02/2017,26.51,"6,324,957",26.45,26.54,26.24
08/01/2017,26.48,"5,531,298",26.8,26.8,26.48
07/31/2017,26.62,"7,327,319",27.11,27.15,26.5
07/28/2017,27.01,"5,172,041",27.08,27.17,26.9
07/27/2017,27.05,"13,914,500",27.24,27.505,26.68
07/26/2017,27.42,"4,554,291",27.53,27.62,27.35
07/25/2017,27.58,"4,477,813",27.72,27.81,27.51
07/24/2017,27.62,"5,310,518",27.62,27.7,27.44
07/21/2017,27.62,"4,648,524",27.62,27.85,27.54
07/20/2017,27.73,"6,166,281",27.94,28.06,27.73
07/19/2017,27.93,"3,121,036",27.84,27.96,27.79
07/18/2017,27.79,"3,248,990",27.71,27.84,27.57
07/17/2017,27.69,"4,078,836",27.77,27.86,27.5
07/14/2017,27.78,"3,449,809",27.67,27.86,27.63
07/13/2017,27.59,"4,206,554",27.82,27.82,27.565
07/12/2017,27.82,"3,573,738",27.68,27.93,27.53
07/11/2017,27.53,"6,114,740",27.54,27.59,27.27
07/10/2017,27.56,"4,123,515",27.56,27.65,27.44
07/07/2017,27.59,"3,981,436",27.44,27.62,27.4
07/06/2017,27.31,"5,296,388",27.44,27.56,27.26
07/05/2017,27.63,"7,685,475",27.57,27.73,27.46
07/03/2017,27.63,"2,402,803",27.85,27.97,27.58
06/30/2017,27.72,"5,193,651",27.9,28.11,27.635
06/29/2017,27.82,"7,477,557",28.11,28.11,27.47
06/28/2017,28.12,"20,242,340",28.0,28.34,27.945
06/27/2017,27.81,"10,896,620",27.78,28.16,27.61
06/26/2017,27.72,"8,288,702",28.16,28.26,27.68
06/23/2017,28.1,"8,175,158",27.92,28.12,27.71
06/22/2017,27.86,"6,819,306",27.96,28.0,27.74
06/21/2017,27.91,"9,109,326",28.1,28.19,27.76
06/20/2017,28.01,"4,828,910",28.26,28.41,27.98
06/19/2017,28.25,"10,567,190",27.83,28.51,27.8
06/16/2017,27.75,"8,520,683",27.85,27.935,27.64
06/15/2017,27.75,"3,985,894",27.77,27.84,27.57
06/14/2017,27.82,"3,727,276",28.01,28.095,27.695
06/13/2017,27.92,"5,088,132",27.8,28.02,27.73
06/12/2017,27.75,"8,737,506",27.75,27.82,27.14
06/09/2017,27.82,"6,084,180",27.99,28.2,27.69
06/08/2017,27.91,"6,634,156",27.8,27.95,27.76
06/07/2017,27.84,"4,455,452",27.61,27.84,27.54
06/06/2017,27.5,"3,772,051",27.38,27.6,27.34
06/05/2017,27.51,"4,636,246",27.58,27.7,27.44
06/02/2017,27.6,"6,431,999",27.62,27.78,27.57
06/01/2017,27.61,"13,257,680",27.1,27.7,27.1
05/31/2017,27.03,"12,841,900",27.46,27.46,26.89
05/30/2017,27.36,"4,097,128",27.24,27.42,27.15
05/26/2017,27.32,"4,828,013",27.26,27.52,27.19
05/25/2017,27.26,"4,694,753",27.13,27.39,27.035
05/24/2017,27.05,"5,641,192",26.75,27.085,26.69
05/23/2017,26.67,"4,190,900",26.78,26.87,26.605
05/22/2017,26.8,"7,684,975",26.41,26.97,26.39
