date,close,volume,open,high,low
05/15/2026,59.61,"2,081,289",60.51,61.05,59.57
05/14/2026,60.38,"2,180,135",59.96,60.915,59.66
05/13/2026,59.47,"2,247,945",59.46,60.32,59.06
05/12/2026,59.95,"2,818,538",59.19,60.355,58.89
05/11/2026,58.98,"1,697,159",60.17,60.415,58.91
05/08/2026,60.0,"2,151,019",61.21,61.47,59.68
05/07/2026,61.11,"2,096,270",61.615,61.81,60.8
05/06/2026,61.12,"3,333,032",61.5,61.71,60.0
05/05/2026,61.25,"2,940,673",61.52,61.93,60.71
05/04/2026,61.52,"1,565,152",61.95,62.87,61.24
05/01/2026,62.36,"1,981,551",62.9,62.9,61.75
04/30/2026,62.9,"3,097,686",61.53,63.395,61.25
04/29/2026,61.34,"2,567,669",62.785,63.435,60.64
04/28/2026,63.09,"2,470,851",64.73,64.899,62.93
04/27/2026,64.34,"2,064,467",64.44,65.29,64.2
04/24/2026,64.42,"2,300,316",64.73,64.795,63.715
04/23/2026,64.95,"2,577,175",66.93,67.16,64.395
04/22/2026,66.92,"2,223,406",67.46,68.02,66.85
04/21/2026,67.3,"1,684,040",69.885,69.885,67.09
04/20/2026,69.46,"1,479,991",69.45,70.3,69.28
04/17/2026,70.06,"2,654,993",70.32,71.3,69.83
04/16/2026,69.38,"2,141,892",70.34,70.97,69.29
04/15/2026,70.29,"1,673,792",71.61,71.79,69.75
04/14/2026,71.61,"1,671,005",71.87,72.63,71.25
04/13/2026,71.7,"1,437,264",70.74,71.795,69.825
04/10/2026,71.21,"1,471,755",71.96,72.13,71.05
04/09/2026,71.46,"1,277,256",71.14,71.85,70.075
04/08/2026,71.73,"2,235,881",72.2,72.23,71.11
04/07/2026,69.66,"2,185,976",70.1,70.3,68.7
04/06/2026,70.29,"2,879,675",69.98,70.77,69.63
04/02/2026,70.17,"2,049,647",70.7,71.865,69.34
04/01/2026,71.43,"1,763,941",71.83,72.39,71.15
03/31/2026,71.5,"1,858,875",70.04,71.735,69.52
03/30/2026,69.31,"1,761,042",70.36,70.36,69.06
03/27/2026,69.77,"1,638,163",71.41,71.41,69.52
03/26/2026,71.54,"1,416,486",71.19,72.55,71.19
03/25/2026,71.45,"2,049,777",71.6,72.0,69.98
03/24/2026,70.49,"1,275,716",70.05,71.33,69.17
03/23/2026,70.24,"1,784,195",71.46,72.0475,69.93
03/20/2026,69.96,"2,498,826",70.8,70.84,69.325
03/19/2026,70.71,"1,925,707",70.7,71.5,70.055
03/18/2026,71.17,"1,764,241",71.07,72.28,71.05
03/17/2026,72.05,"1,723,115",71.71,73.07,71.38
03/16/2026,71.04,"2,154,128",70.42,71.54,69.83
03/13/2026,69.92,"1,918,401",71.78,72.1,69.835
03/12/2026,71.52,"3,095,408",72.88,73.15,70.22
03/11/2026,73.75,"2,686,748",73.99,74.649,72.73
03/10/2026,74.41,"2,249,420",76.0,76.01,74.28
03/09/2026,75.82,"3,723,033",75.27,76.18,72.76
03/06/2026,76.55,"5,306,755",77.0,78.11,75.0
03/05/2026,80.2,"2,484,263",80.77,81.94,79.68
03/04/2026,81.98,"2,661,193",82.61,83.36,81.04
03/03/2026,83.37,"1,323,992",82.41,83.98,81.255
03/02/2026,83.92,"1,689,133",83.59,84.09,82.12
02/27/2026,83.67,"1,758,935",83.11,84.095,82.77
02/26/2026,84.01,"1,363,391",83.425,84.22,83.08
02/25/2026,83.47,"2,322,463",83.56,83.66,82.095
02/24/2026,83.56,"1,634,606",82.84,83.72,82.56
02/23/2026,82.94,"2,338,734",83.15,84.4299,81.97
02/20/2026,84.07,"1,389,589",83.55,84.615,83.12
02/19/2026,83.68,"1,252,164",83.21,83.7,82.55
02/18/2026,83.4,"1,580,179",81.77,83.56,81.185
02/17/2026,81.94,"1,763,078",83.13,83.76,81.22
02/13/2026,82.99,"2,177,049",82.02,84.23,82.02
02/12/2026,81.7,"1,716,138",83.24,83.24,80.99
02/11/2026,83.05,"1,472,903",81.73,83.07,80.51
02/10/2026,81.57,"3,453,415",81.78,83.2,81.47
02/09/2026,81.48,"1,515,220",81.5,81.735,80.34
02/06/2026,82.1,"1,508,278",80.42,82.18,80.22
02/05/2026,80.1,"1,796,183",80.95,81.475,79.76
02/04/2026,80.92,"1,803,136",80.16,82.105,79.53
02/03/2026,79.33,"1,050,844",80.39,81.8338,78.79
02/02/2026,80.65,"1,803,058",81.24,81.37,79.7
01/30/2026,81.38,"1,680,346",80.37,81.545,80.293
01/29/2026,80.37,"2,039,994",80.86,81.005,79.61
01/28/2026,80.48,"1,123,713",80.76,81.19,80.09
01/27/2026,80.7,"1,461,478",80.38,81.31,80.0
01/26/2026,80.9,"1,331,703",81.52,81.605,80.53
01/23/2026,81.29,"1,459,575",82.27,82.515,80.82
01/22/2026,82.8,"2,792,626",82.23,83.79,82.23
01/21/2026,82.54,"1,591,349",81.35,83.1,81.15
01/20/2026,80.61,"2,605,555",81.26,81.6529,80.24
01/16/2026,82.37,"3,501,330",82.31,82.74,81.98
01/15/2026,82.31,"2,427,743",81.88,82.47,80.69
01/14/2026,81.69,"2,695,522",81.43,81.96,80.105
01/13/2026,81.7,"1,623,220",83.5,84.05,81.19
01/12/2026,83.23,"3,274,236",84.0,84.355,82.94
01/09/2026,83.45,"2,514,881",83.13,83.88,82.11
01/08/2026,83.13,"2,472,654",82.87,84.255,82.7
01/07/2026,83.9,"3,377,997",84.32,85.04,83.245
01/06/2026,84.32,"2,396,428",83.14,84.48,82.935
01/05/2026,82.74,"1,664,715",81.095,83.39,80.23
01/02/2026,81.11,"2,229,568",82.09,82.44,80.8
12/31/2025,81.96,"1,059,092",82.13,82.52,81.855
12/30/2025,82.47,"2,330,658",82.09,82.64,81.885
12/29/2025,82.2,"1,989,419",82.58,82.66,81.93
12/26/2025,82.62,"1,237,189",82.7,83.0,81.96
12/24/2025,82.57,"728,545",83.61,83.6399,82.29
12/23/2025,82.88,"1,609,553",83.45,83.61,82.555
12/22/2025,83.84,"1,964,342",83.38,84.18,82.605
12/19/2025,82.75,"3,587,761",82.57,83.08,82.08
12/18/2025,82.46,"3,336,690",82.8,83.31,81.92
12/17/2025,82.48,"3,629,060",82.63,84.245,82.23
12/16/2025,81.04,"2,061,111",81.79,81.885,80.2379
12/15/2025,81.53,"2,414,525",82.16,82.66,80.81
12/12/2025,82.08,"3,308,543",82.28,82.92,81.54
12/11/2025,82.11,"2,550,206",81.28,82.19,80.84
12/10/2025,80.74,"3,500,191",78.45,81.12,78.18
12/09/2025,78.51,"3,878,149",78.18,79.38,77.64
12/08/2025,78.035,"4,170,752",81.7,81.7,77.7
12/05/2025,81.4,"10,745,760",89.66,89.83,80.89
12/04/2025,77.03,"5,125,367",76.05,77.575,75.765
12/03/2025,75.98,"3,974,170",75.37,76.835,75.36
12/02/2025,75.84,"4,079,946",77.44,77.655,75.25
12/01/2025,77.41,"3,558,529",77.58,78.48,77.07
11/28/2025,77.93,"1,398,752",77.84,78.485,77.49
11/26/2025,77.94,"3,789,626",77.92,78.685,77.49
11/25/2025,78.21,"2,403,409",76.36,78.49,76.09
11/24/2025,76.01,"4,963,206",75.48,76.52,74.89
11/21/2025,75.47,"3,811,772",71.72,76.08,71.44
11/20/2025,71.11,"2,343,590",72.28,73.27,71.01
11/19/2025,72.15,"3,505,459",72.2,73.48,71.18
11/18/2025,72.2,"2,788,625",71.68,72.73,71.2
11/17/2025,71.35,"3,205,218",71.52,72.58,70.83
11/14/2025,72.13,"2,598,988",71.17,72.25,70.64
11/13/2025,71.75,"2,754,625",71.43,72.74,70.89
11/12/2025,72.49,"1,960,757",72.25,73.39,71.55
11/11/2025,71.74,"1,122,097",71.27,71.96,71.0801
11/10/2025,70.72,"1,640,697",70.1,70.94,69.69
11/07/2025,70.1,"1,354,068",69.11,70.23,68.13
11/06/2025,69.0,"1,722,754",68.805,69.26,67.2
11/05/2025,68.88,"2,450,087",68.86,69.99,68.34
11/04/2025,69.08,"1,661,734",69.755,70.12,69.03
11/03/2025,69.82,"1,881,455",69.65,69.9,68.48
10/31/2025,69.91,"1,274,126",69.49,70.29,69.21
10/30/2025,70.11,"2,398,802",69.71,70.84,69.38
10/29/2025,69.58,"2,550,038",71.66,72.9141,69.3682
10/28/2025,71.75,"1,512,616",72.55,72.82,71.47
10/27/2025,72.85,"2,696,593",73.51,73.57,72.32
10/24/2025,73.51,"1,772,928",74.96,74.96,73.41
10/23/2025,74.52,"1,906,309",74.4,74.96,73.485
10/22/2025,74.45,"2,002,365",75.0,75.6,74.41
10/21/2025,75.0,"2,595,371",74.665,75.64,74.42
10/20/2025,74.99,"4,088,760",76.02,76.225,73.48
10/17/2025,71.97,"2,372,263",71.2,72.47,70.71
10/16/2025,71.56,"5,394,412",69.25,72.16,68.49
10/15/2025,68.76,"4,759,467",71.71,71.87,68.7
10/14/2025,71.21,"2,452,366",68.72,71.98,68.36
10/13/2025,69.3,"2,971,270",69.4,69.8,68.49
10/10/2025,68.37,"2,466,097",69.82,70.03,67.83
10/09/2025,69.75,"2,399,338",70.12,70.8288,69.59
10/08/2025,70.26,"1,770,642",69.05,70.525,68.55
10/07/2025,69.02,"1,881,618",70.21,70.525,68.96
10/06/2025,70.11,"2,099,032",70.6,70.6,69.665
10/03/2025,70.46,"1,547,247",69.26,71.02,69.18
10/02/2025,69.12,"2,479,892",67.86,69.7,66.84
10/01/2025,68.07,"4,741,914",67.67,68.24,66.82
09/30/2025,68.56,"1,743,424",67.64,68.67,67.38
09/29/2025,67.67,"1,995,234",67.73,68.44,66.98
09/26/2025,67.55,"2,967,120",66.95,67.805,66.59
09/25/2025,66.89,"3,943,395",67.725,67.97,66.56
09/24/2025,68.35,"2,467,668",67.26,68.41,66.855
09/23/2025,67.5,"3,007,193",68.0,68.4565,67.22
09/22/2025,68.0,"2,880,178",67.68,68.4,66.84
09/19/2025,68.17,"5,454,163",67.57,69.195,66.8096
09/18/2025,67.22,"2,625,967",65.85,67.37,64.84
09/17/2025,64.32,"1,955,715",65.16,65.955,64.186
09/16/2025,65.16,"1,865,801",65.79,66.045,64.86
09/15/2025,65.48,"2,923,604",66.88,67.3282,65.36
09/12/2025,66.68,"3,148,126",68.13,68.13,66.345
09/11/2025,68.46,"1,714,812",67.67,68.73,67.67
09/10/2025,67.66,"2,397,878",68.19,68.51,67.3
09/09/2025,68.25,"2,363,067",68.31,68.48,67.46
09/08/2025,68.79,"3,557,155",69.43,69.81,68.34
09/05/2025,68.09,"2,761,043",68.28,69.76,68.07
09/04/2025,68.0,"3,412,130",66.83,68.08,65.9675
09/03/2025,67.14,"3,829,447",66.25,67.28,65.55
09/02/2025,65.33,"3,775,648",66.38,67.215,64.89
08/29/2025,67.395,"4,073,100",65.06,67.55,64.8235
08/28/2025,64.58,"14,909,500",62.265,66.83,61.775
08/27/2025,74.105,"4,098,040",73.79,74.81,73.65
08/26/2025,73.66,"4,309,261",73.48,73.79,72.93
08/25/2025,73.48,"1,619,702",75.22,75.435,73.275
08/22/2025,75.22,"1,992,164",73.84,75.54,73.65
08/21/2025,73.04,"1,712,141",72.93,73.73,72.6426
08/20/2025,73.5,"3,098,267",72.5,73.68,70.64
08/19/2025,74.02,"1,866,270",73.67,74.36,73.27
08/18/2025,73.53,"1,832,685",73.46,74.2,72.72
08/15/2025,73.26,"1,397,178",73.84,74.33,73.14
08/14/2025,73.44,"1,117,490",73.63,73.81,72.7273
08/13/2025,74.27,"1,450,079",73.13,74.4899,72.9601
08/12/2025,72.69,"1,469,397",71.22,72.83,70.79
08/11/2025,70.88,"2,105,057",70.165,71.37,69.48
08/08/2025,70.29,"956,175",69.18,70.37,68.8825
08/07/2025,69.2,"1,197,603",68.85,69.8889,68.17
08/06/2025,68.12,"1,805,107",69.55,69.89,68.09
08/05/2025,69.56,"2,162,717",71.41,71.41,68.95
08/04/2025,71.45,"1,416,982",71.04,71.61,70.985
08/01/2025,70.87,"1,359,138",70.5,71.0,69.585
07/31/2025,70.69,"1,494,762",71.41,72.0,70.47
07/30/2025,72.28,"1,421,870",73.75,73.85,71.89
07/29/2025,73.7,"1,079,968",73.03,73.72,72.74
07/28/2025,72.91,"1,019,253",74.35,74.375,72.85
07/25/2025,74.59,"1,284,877",74.04,74.73,73.52
07/24/2025,73.8,"2,526,697",73.24,73.889,72.745
07/23/2025,73.38,"2,648,312",73.65,73.71,72.32
07/22/2025,73.03,"2,832,456",72.3,73.75,72.2101
07/21/2025,71.32,"2,019,252",72.74,72.87,71.3
07/18/2025,72.63,"1,870,512",73.98,74.195,72.28
07/17/2025,73.26,"2,617,051",72.3,73.34,72.05
07/16/2025,72.7,"4,496,592",73.1,73.83,72.15
07/15/2025,72.2,"2,799,945",73.79,73.985,72.1
07/14/2025,73.61,"2,236,112",74.8,75.18,73.375
07/11/2025,74.77,"2,517,934",75.83,75.93,74.62
07/10/2025,76.7,"2,983,992",74.81,77.06,74.4375
07/09/2025,74.95,"3,549,095",74.26,75.31,73.61
07/08/2025,74.26,"2,786,075",73.37,74.39,72.905
07/07/2025,73.29,"3,553,227",73.125,74.05,72.82
07/03/2025,73.3,"1,492,346",73.41,73.915,72.77
07/02/2025,73.02,"3,396,881",72.66,73.39,72.32
07/01/2025,72.81,"2,583,313",71.0,73.8,70.91
06/30/2025,71.16,"2,153,482",71.22,71.666,70.58
06/27/2025,71.14,"5,274,917",69.66,71.86,69.49
06/26/2025,69.69,"1,518,908",69.7,69.9899,69.01
06/25/2025,69.54,"1,993,495",70.58,70.74,69.45
06/24/2025,70.93,"4,258,363",69.9,71.48,69.1801
06/23/2025,69.52,"4,444,733",69.2,69.725,68.12
06/20/2025,69.47,"4,618,264",70.53,70.82,69.42
06/18/2025,69.81,"3,924,713",68.82,70.29,67.98
06/17/2025,68.76,"3,224,383",70.34,70.45,68.565
06/16/2025,69.74,"2,022,253",69.905,70.58,69.35
06/13/2025,69.7,"1,573,686",69.76,70.75,69.36
06/12/2025,70.88,"1,443,075",71.5,71.73,70.62
06/11/2025,71.42,"2,293,895",72.89,73.29,70.65
06/10/2025,72.69,"1,923,733",72.34,73.47,72.0
06/09/2025,71.97,"2,581,032",72.77,73.12,71.39
06/06/2025,72.33,"4,093,480",71.84,72.97,71.68
06/05/2025,71.18,"5,056,150",67.73,71.63,67.73
06/04/2025,67.42,"3,045,033",67.0,68.19,66.4053
06/03/2025,66.91,"4,138,590",66.85,67.8,65.0
06/02/2025,67.0,"5,332,084",68.37,68.64,65.68
05/30/2025,68.28,"8,292,546",71.98,71.98,65.95
05/29/2025,79.96,"4,049,840",80.74,80.78,79.47
05/28/2025,80.12,"2,434,799",80.01,80.61,79.2225
05/27/2025,80.59,"2,684,416",80.21,80.95,79.62
05/23/2025,78.83,"1,548,959",78.37,79.1,78.155
05/22/2025,79.3,"2,037,369",79.37,80.05,78.8401
05/21/2025,79.37,"1,546,590",80.95,81.26,79.33
05/20/2025,81.5,"2,115,832",81.55,82.035,80.96
05/19/2025,81.91,"1,621,067",81.54,82.165,81.25
05/16/2025,82.92,"1,519,774",81.88,82.97,80.8
05/15/2025,81.45,"2,673,003",81.41,81.62,79.67
05/14/2025,80.47,"2,685,381",81.42,82.15,78.98
05/13/2025,81.76,"1,568,444",84.19,84.5,81.7
05/12/2025,84.44,"1,484,741",84.3,85.23,83.6885
05/09/2025,82.27,"1,265,544",82.98,83.5668,81.945
05/08/2025,82.92,"1,779,317",81.06,84.37,81.06
05/07/2025,81.25,"1,412,840",80.55,81.52,79.86
05/06/2025,80.57,"1,633,110",81.5,82.36,80.54
05/05/2025,81.57,"1,901,475",81.98,82.52,80.91
05/02/2025,82.3,"1,708,557",82.6,83.42,81.59
05/01/2025,81.14,"1,387,209",82.91,82.91,80.2
04/30/2025,81.67,"1,549,388",81.58,81.85,79.86
04/29/2025,82.23,"1,298,667",81.73,82.83,80.82
04/28/2025,81.85,"1,532,355",81.03,83.24,80.66
04/25/2025,80.89,"1,150,372",82.34,82.53,80.68
04/24/2025,82.58,"1,122,975",81.4,82.84,80.71
04/23/2025,80.84,"1,743,079",80.95,82.575,79.95
04/22/2025,79.79,"2,200,142",79.64,80.04,78.59
04/21/2025,78.7,"2,258,442",79.19,79.19,77.59
04/17/2025,79.51,"2,096,454",78.45,79.77,77.98
04/16/2025,78.23,"2,561,322",77.33,78.5,76.825
04/15/2025,77.8,"1,386,329",78.99,78.99,77.31
04/14/2025,78.76,"1,906,163",77.92,79.04,77.18
04/11/2025,77.46,"2,672,239",74.47,77.81,74.47
04/10/2025,75.37,"2,499,797",77.6,77.6,72.88
04/09/2025,77.9,"2,702,043",70.3,78.18,69.81
04/08/2025,71.5,"1,525,358",75.74,76.075,70.51
04/07/2025,73.31,"2,432,502",73.71,75.5,70.8
04/04/2025,73.77,"2,661,527",76.72,76.835,73.335
04/03/2025,78.17,"2,485,039",79.94,80.955,77.91
04/02/2025,81.23,"1,813,561",80.77,82.28,80.525
04/01/2025,81.27,"2,059,094",84.19,84.19,81.165
03/31/2025,84.35,"1,776,507",83.59,84.945,83.1
03/28/2025,83.77,"1,736,366",84.54,85.1,83.4
03/27/2025,84.98,"2,256,924",83.83,85.27,83.21
03/26/2025,83.86,"1,523,408",83.67,84.42,82.76
03/25/2025,83.7,"1,670,342",83.98,84.58,83.065
03/24/2025,84.07,"2,343,447",82.16,84.67,82.16
03/21/2025,81.71,"3,706,371",79.95,82.8,78.6601
03/20/2025,80.39,"1,820,923",80.12,81.83,79.99
03/19/2025,80.12,"2,779,841",80.9,81.59,79.51
03/18/2025,80.04,"1,720,018",79.82,80.195,79.0
03/17/2025,79.91,"2,923,795",81.26,81.605,79.62
03/14/2025,81.22,"2,436,702",78.08,81.35,77.85
03/13/2025,77.73,"2,044,574",78.92,78.92,77.05
03/12/2025,79.07,"2,938,321",81.67,81.76,79.02
03/11/2025,81.03,"3,370,815",80.93,81.795,78.425
03/10/2025,79.89,"4,074,017",85.3,85.34,79.74
03/07/2025,85.0,"5,336,869",86.18,86.44,82.61
03/06/2025,90.98,"2,924,582",90.53,91.59,90.08
03/05/2025,91.33,"2,078,454",90.39,91.6,89.64
03/04/2025,90.67,"2,636,080",91.57,91.765,89.55
03/03/2025,91.65,"1,660,376",90.97,92.84,90.52
02/28/2025,90.38,"1,899,096",90.06,90.65,88.8
02/27/2025,89.87,"1,545,895",89.965,90.79,89.69
02/26/2025,90.99,"1,076,428",89.95,92.48,89.94
02/25/2025,90.26,"1,353,636",90.17,90.5,88.97
02/24/2025,90.06,"1,736,487",88.54,90.88,88.44
02/21/2025,88.48,"1,565,009",88.37,88.87,87.605
02/20/2025,88.69,"1,741,172",86.73,88.905,86.345
02/19/2025,86.46,"5,215,625",87.15,87.4,85.947
02/18/2025,87.29,"1,754,853",87.99,88.145,86.08
02/14/2025,88.1,"3,052,869",92.85,92.9983,86.885
02/13/2025,93.68,"1,037,848",92.75,94.17,92.255
02/12/2025,92.0,"880,878",92.1,92.395,91.01
02/11/2025,93.45,"681,671",92.91,93.745,92.78
02/10/2025,93.63,"1,130,160",93.7,94.33,93.1094
02/07/2025,93.57,"986,790",95.02,95.4325,93.42
02/06/2025,95.29,"853,031",96.57,96.78,94.74
02/05/2025,96.67,"640,277",96.29,97.2119,95.52
02/04/2025,95.3,"867,761",94.83,95.8255,94.025
02/03/2025,95.34,"1,126,691",95.26,96.0787,93.81
01/31/2025,96.55,"1,156,023",97.88,97.95,96.4
01/30/2025,98.1,"951,384",98.11,99.5375,97.98
01/29/2025,98.0,"819,083",97.79,98.72,97.48
01/28/2025,98.5,"858,098",98.82,99.79,97.71
01/27/2025,99.45,"2,079,063",97.74,100.24,97.74
01/24/2025,97.7,"2,269,972",94.95,98.57,94.95
01/23/2025,95.68,"983,082",95.09,95.855,94.015
01/22/2025,95.18,"1,377,712",95.35,96.33,94.615
01/21/2025,95.35,"1,674,826",93.53,95.81,93.51
01/17/2025,93.27,"1,950,969",92.68,93.82,92.29
01/16/2025,92.04,"1,384,212",90.27,92.56,90.2201
01/15/2025,90.68,"1,897,199",90.62,91.27,89.77
01/14/2025,89.11,"1,854,966",91.1,91.46,88.63
01/13/2025,91.28,"1,729,293",90.12,92.04,89.0671
01/10/2025,90.31,"1,945,207",90.77,91.71,89.43
01/08/2025,91.88,"1,107,737",92.36,92.605,91.41
01/07/2025,92.69,"1,127,777",92.86,94.85,92.34
01/06/2025,93.01,"1,231,678",91.79,93.38,91.74
01/03/2025,91.79,"764,905",90.69,91.905,90.43
01/02/2025,90.66,"976,177",92.57,92.62,90.36
12/31/2024,91.93,"817,504",91.54,92.57,91.23
12/30/2024,91.43,"835,641",92.08,92.96,91.06
12/27/2024,92.34,"671,750",91.85,92.81,91.695
12/26/2024,92.61,"775,164",92.26,92.69,91.935
12/24/2024,92.81,"451,163",92.2,92.81,91.39
12/23/2024,92.52,"990,571",92.72,93.44,91.91
12/20/2024,93.44,"2,784,859",92.42,94.71,92.28
12/19/2024,91.93,"1,639,443",92.35,92.72,91.22
12/18/2024,92.39,"1,550,873",94.43,94.92,92.27
12/17/2024,94.49,"1,955,994",93.79,96.085,93.42
12/16/2024,93.98,"1,963,229",94.76,96.14,93.85
12/13/2024,94.85,"1,779,827",96.41,96.73,94.78
12/12/2024,96.72,"1,731,922",99.41,99.41,96.63
12/11/2024,99.28,"1,186,705",99.35,100.47,98.58
12/10/2024,99.08,"1,574,474",99.6,100.08,97.87
12/09/2024,99.26,"1,724,737",98.6,100.37,98.6
12/06/2024,98.7,"3,694,044",99.39,101.525,97.24
12/05/2024,103.23,"1,850,052",103.57,104.47,103.02
12/04/2024,104.98,"2,071,297",103.45,106.63,102.8
12/03/2024,103.29,"1,308,082",102.74,104.0,101.395
12/02/2024,103.0,"1,777,160",104.13,104.855,102.75
11/29/2024,104.46,"740,330",103.48,104.71,103.34
11/27/2024,103.43,"1,536,010",102.02,103.55,101.78
11/26/2024,102.64,"1,312,112",102.75,103.49,101.09
11/25/2024,102.4,"3,223,616",101.76,103.32,101.465
11/22/2024,100.8,"1,140,361",99.95,101.19,99.5
11/21/2024,99.91,"992,419",99.08,100.035,98.13
11/20/2024,99.08,"899,067",98.7,99.185,97.98
11/19/2024,99.05,"887,826",98.94,99.9,98.0
11/18/2024,99.48,"895,871",99.28,99.96,98.91
11/15/2024,99.63,"1,415,083",100.4,100.96,98.93
11/14/2024,99.86,"1,322,986",101.375,101.72,99.66
11/13/2024,101.88,"1,732,093",102.38,103.89,101.62
11/12/2024,102.0,"1,798,381",103.5,103.5944,99.77
11/11/2024,103.55,"877,673",103.8,104.805,102.87
11/08/2024,103.75,"679,183",103.45,104.57,102.99
11/07/2024,103.33,"1,148,586",104.37,104.37,102.25
11/06/2024,103.78,"1,245,006",107.84,107.84,101.36
11/05/2024,105.21,"638,643",103.97,105.54,103.25
11/04/2024,104.86,"692,427",106.06,106.375,104.565
11/01/2024,105.85,"715,874",104.92,106.26,104.92
10/31/2024,104.68,"1,131,611",105.03,105.38,104.445
10/30/2024,105.2,"1,414,508",103.96,105.83,103.96
10/29/2024,104.53,"837,051",105.12,105.435,104.41
10/28/2024,105.51,"950,918",108.01,108.01,105.42
10/25/2024,107.82,"3,270,373",107.44,108.32,107.05
10/24/2024,107.3,"3,239,608",105.8,109.035,105.445
10/23/2024,105.32,"912,377",105.61,106.21,104.7
10/22/2024,105.83,"1,999,677",106.4,106.48,105.21
10/21/2024,106.72,"765,008",107.95,108.3825,106.6
10/18/2024,108.26,"733,653",106.78,108.545,106.54
10/17/2024,106.78,"1,193,332",108.46,108.73,106.6
10/16/2024,108.56,"695,801",108.53,109.03,107.945
10/15/2024,108.55,"829,395",107.46,109.37,107.46
10/14/2024,107.68,"521,202",106.93,107.7475,106.73
10/11/2024,106.74,"892,665",106.53,107.2156,106.15
10/10/2024,106.3,"674,449",105.49,106.51,105.49
10/09/2024,106.8,"444,492",105.6,106.91,105.08
10/08/2024,105.61,"698,693",105.18,105.94,105.06
10/07/2024,105.49,"1,151,189",106.48,106.83,104.91
10/04/2024,105.92,"1,047,380",107.37,108.06,105.01
10/03/2024,106.97,"2,004,079",107.23,107.555,106.45
10/02/2024,107.8,"1,083,007",107.54,108.88,106.765
10/01/2024,108.36,"1,193,637",109.84,110.13,108.25
09/30/2024,110.34,"776,714",109.98,110.675,109.63
09/27/2024,109.78,"648,075",110.08,111.44,109.48
09/26/2024,109.54,"811,711",108.77,109.8,108.04
09/25/2024,108.41,"1,468,858",110.21,110.21,108.29
09/24/2024,109.85,"961,031",110.25,110.5,109.07
09/23/2024,109.81,"705,907",110.51,111.0,109.35
09/20/2024,110.49,"1,914,533",110.38,111.01,109.44
09/19/2024,111.1,"987,902",111.79,112.29,109.91
09/18/2024,110.53,"903,710",110.08,111.96,109.48
09/17/2024,109.83,"881,124",111.19,112.18,109.38
09/16/2024,111.23,"885,863",111.0,112.375,110.66
09/13/2024,110.53,"1,287,703",108.89,110.69,108.43
09/12/2024,108.86,"1,030,834",108.35,109.595,107.69
09/11/2024,108.51,"897,120",108.05,108.65,106.03
09/10/2024,108.34,"857,609",108.11,108.53,107.26
09/09/2024,108.03,"1,137,000",106.61,108.68,106.07
09/06/2024,106.59,"1,235,653",106.59,107.82,105.97
09/05/2024,106.5,"1,228,741",105.65,107.36,104.59
09/04/2024,105.54,"1,585,329",106.32,107.455,104.48
09/03/2024,106.06,"1,732,021",105.0,106.8,104.71
08/30/2024,105.73,"1,677,051",106.38,106.95,104.495
08/29/2024,105.73,"2,657,980",104.1,106.58,100.74
08/28/2024,94.54,"1,231,948",94.55,95.435,94.25
08/27/2024,94.35,"1,397,835",94.82,95.61,94.1
08/26/2024,94.45,"1,166,392",94.78,95.38,93.965
08/23/2024,94.62,"1,614,938",94.39,94.98,93.69
08/22/2024,94.11,"886,865",93.97,94.45,93.29
08/21/2024,93.66,"1,230,776",95.88,95.94,92.44
08/20/2024,95.89,"947,130",95.15,96.61,94.94
08/19/2024,95.22,"845,530",94.4,95.36,93.93
08/16/2024,94.14,"785,196",92.08,94.25,91.91
08/15/2024,92.0,"685,273",91.97,92.4901,91.435
08/14/2024,91.42,"786,612",91.37,91.55,90.23
08/13/2024,91.99,"1,034,695",90.94,92.48,90.745
08/12/2024,90.97,"1,429,931",92.7,93.14,90.645
08/09/2024,93.13,"544,900",93.17,93.585,92.2
08/08/2024,93.09,"979,514",92.01,93.17,91.6
08/07/2024,91.8,"717,397",92.41,93.89,91.46
08/06/2024,92.49,"677,024",91.57,93.7707,90.88
08/05/2024,91.41,"1,000,241",93.13,93.17,89.8
08/02/2024,93.27,"880,304",96.0,96.0,92.315
08/01/2024,94.2,"774,513",93.31,94.79,93.09
07/31/2024,93.33,"1,246,342",92.69,94.71,92.39
07/30/2024,92.69,"776,707",92.46,93.42,92.4
07/29/2024,92.61,"666,960",93.31,94.0,92.2
07/26/2024,93.21,"1,063,395",92.6,94.17,92.405
07/25/2024,92.68,"1,231,080",92.35,94.63,91.89
07/24/2024,91.99,"1,071,528",90.99,93.27,90.39
07/23/2024,90.67,"1,629,957",91.45,91.99,90.32
07/22/2024,91.47,"590,695",91.54,91.81,90.05
07/19/2024,90.75,"744,890",91.8,92.01,89.65
07/18/2024,91.32,"1,463,832",90.16,92.805,90.16
07/17/2024,90.96,"1,665,156",88.0,94.03,87.77
07/16/2024,90.14,"1,936,339",91.99,91.99,88.11
07/15/2024,88.67,"1,296,527",90.17,90.765,88.37
07/12/2024,90.81,"1,609,499",88.82,91.596,88.65
07/11/2024,88.58,"2,861,257",86.55,89.55,86.48
07/10/2024,85.55,"1,067,164",85.97,86.53,84.79
07/09/2024,85.68,"1,295,506",85.98,86.25,85.0
07/08/2024,85.65,"1,117,334",86.11,87.05,85.41
07/05/2024,85.9,"968,425",85.86,85.96,84.76
07/03/2024,85.51,"612,098",86.32,86.685,85.02
07/02/2024,86.51,"686,299",85.75,87.05,85.64
07/01/2024,86.39,"1,013,117",87.3,88.105,85.81
06/28/2024,87.3,"1,966,387",87.68,88.67,86.7
06/27/2024,87.62,"1,529,943",88.0,88.22,86.86
06/26/2024,87.96,"1,250,381",88.53,89.14,87.78
06/25/2024,89.21,"1,690,466",89.95,90.265,88.27
06/24/2024,89.81,"1,725,125",92.14,92.14,89.65
06/21/2024,91.51,"1,345,417",91.78,92.55,91.08
06/20/2024,91.73,"1,358,773",91.36,92.34,90.49
06/18/2024,91.66,"899,972",92.19,93.17,91.45
06/17/2024,92.46,"789,353",92.72,93.03,91.76
06/14/2024,93.47,"668,916",93.6,93.74,92.765
06/13/2024,94.2,"680,053",94.73,95.0,93.0069
06/12/2024,94.81,"1,061,360",94.61,96.09,93.795
06/11/2024,93.77,"921,342",94.53,94.62,93.24
06/10/2024,95.08,"2,409,366",93.61,95.1,92.64
06/07/2024,94.38,"759,106",94.77,95.49,94.29
06/06/2024,95.25,"1,003,735",93.8,95.95,93.25
06/05/2024,94.23,"1,060,188",94.95,94.95,93.27
06/04/2024,94.56,"1,269,256",94.61,95.56,92.9
06/03/2024,94.72,"1,675,308",94.33,95.23,92.3
05/31/2024,94.31,"3,403,030",96.0,96.13,90.79
05/30/2024,90.23,"1,696,367",91.11,91.52,89.67
05/29/2024,91.11,"1,241,535",90.62,91.73,90.45
05/28/2024,91.68,"1,682,035",94.08,94.62,91.17
05/24/2024,94.89,"691,431",93.79,95.109,93.79
05/23/2024,94.44,"643,198",96.35,96.55,94.26
05/22/2024,96.6,"635,200",96.37,97.33,95.515
05/21/2024,96.76,"847,867",96.77,97.13,95.3
05/20/2024,97.21,"572,776",97.29,97.86,96.88
05/17/2024,97.31,"547,018",98.07,98.07,96.55
05/16/2024,97.9,"781,875",98.15,98.58,97.83
05/15/2024,97.9,"776,586",96.55,98.04,96.52
05/14/2024,95.96,"1,081,446",94.25,96.71,94.165
05/13/2024,92.83,"846,111",94.72,95.59,92.57
05/10/2024,94.76,"783,053",94.61,95.2389,94.31
05/09/2024,94.69,"984,298",92.14,95.14,92.14
05/08/2024,91.99,"649,900",92.85,93.08,91.88
05/07/2024,93.42,"965,595",93.11,94.34,93.0601
05/06/2024,92.4,"847,257",91.19,92.455,90.39
05/03/2024,90.64,"801,800",90.85,91.96,90.58
05/02/2024,89.75,"1,259,418",89.81,90.05,87.955
05/01/2024,89.66,"742,416",89.03,91.03,88.81
04/30/2024,89.06,"951,362",89.06,89.65,88.44
04/29/2024,89.89,"1,718,220",89.36,89.98,88.87
04/26/2024,88.84,"1,143,255",89.67,90.13,88.77
04/25/2024,89.93,"842,092",90.09,90.8606,88.13
04/24/2024,90.2,"1,004,335",91.14,92.115,90.15
04/23/2024,91.68,"874,962",89.98,92.04,89.98
04/22/2024,90.04,"912,061",90.73,90.98,89.75
04/19/2024,90.42,"1,212,269",90.92,90.99,90.28
04/18/2024,90.41,"1,575,895",89.75,90.81,89.41
04/17/2024,89.86,"955,663",90.82,90.855,89.69
04/16/2024,90.53,"1,183,113",91.74,92.19,90.13
04/15/2024,92.04,"965,674",94.14,94.45,91.87
04/12/2024,93.52,"977,998",95.97,96.17,92.88
04/11/2024,96.12,"823,897",96.58,97.2799,96.02
04/10/2024,96.5,"1,140,022",97.75,98.38,96.27
04/09/2024,98.92,"906,234",98.89,99.31,98.4
04/08/2024,98.63,"916,610",98.91,98.91,97.96
04/05/2024,98.6,"905,975",99.23,99.28,97.86
04/04/2024,99.16,"1,377,432",99.98,100.85,98.869
04/03/2024,98.96,"773,560",98.08,99.175,97.7801
04/02/2024,98.06,"900,612",98.79,99.01,97.49
04/01/2024,99.24,"877,679",101.04,101.09,98.89
03/28/2024,101.46,"887,890",102.17,102.17,101.3
03/27/2024,101.84,"986,336",101.8,102.035,101.29
03/26/2024,100.73,"1,056,164",100.95,101.31,99.915
03/25/2024,100.87,"862,408",100.93,101.21,100.47
03/22/2024,100.42,"1,114,207",101.0,101.07,99.3701
03/21/2024,101.37,"878,501",101.48,103.47,101.33
03/20/2024,101.66,"884,373",102.5,102.5799,100.5724
03/19/2024,102.25,"1,999,369",102.11,102.82,101.17
03/18/2024,100.82,"770,226",101.3,101.4525,100.71
03/15/2024,100.71,"1,283,323",99.94,101.24,99.9
03/14/2024,101.5,"1,224,090",101.71,101.94,100.815
03/13/2024,102.36,"1,000,594",103.5,103.91,101.89
03/12/2024,101.54,"751,313",101.06,102.1,100.93
03/11/2024,101.44,"952,889",101.51,102.71,100.78
03/08/2024,101.51,"997,660",102.0,102.56,101.25
03/07/2024,102.08,"1,754,087",102.48,103.27,101.89
03/06/2024,101.87,"1,440,869",102.82,102.82,101.57
03/05/2024,101.42,"1,219,764",102.47,103.64,100.81
03/04/2024,102.77,"1,758,024",102.02,104.07,101.58
03/01/2024,102.19,"2,804,322",102.04,102.55,97.72
02/29/2024,93.6,"2,355,572",94.51,95.05,93.43
02/28/2024,94.51,"1,598,066",93.74,95.035,93.29
02/27/2024,93.74,"1,879,458",94.0,94.425,93.45
02/26/2024,94.5,"1,215,324",96.29,96.48,94.31
02/23/2024,96.75,"1,427,662",97.53,97.92,96.005
02/22/2024,97.78,"2,149,394",98.08,98.92,97.08
02/21/2024,98.08,"1,868,532",95.76,98.32,95.2
02/20/2024,95.7,"1,300,021",94.41,95.86,93.36
02/16/2024,93.0025,"675,620",93.24,94.3575,92.9675
02/15/2024,93.6425,"651,804",93.77,94.9022,93.46
02/14/2024,93.1225,"853,412",91.9725,93.28,90.6725
02/13/2024,91.9225,"700,984",93.3475,93.745,91.2262
02/12/2024,94.7525,"480,716",93.8025,95.13,93.8025
02/09/2024,94.15,"654,460",93.33,94.2375,92.6225
02/08/2024,93.4125,"632,668",93.1625,93.6098,92.115
02/07/2024,93.66,"1,001,220",94.1925,94.7075,93.3125
02/06/2024,93.675,"794,272",93.3375,93.86,93.0187
02/05/2024,92.84,"772,136",93.4025,94.07,92.7025
02/02/2024,94.0725,"998,236",94.5125,94.6225,92.995
02/01/2024,95.38,"1,128,904",93.6725,95.38,93.185
01/31/2024,93.2575,"964,820",94.13,95.0181,93.1
01/30/2024,93.8,"899,284",94.44,95.5675,93.75
01/29/2024,94.53,"941,900",92.725,94.83,92.1488
01/26/2024,93.16,"1,462,060",94.75,94.75,92.8187
01/25/2024,94.8225,"923,904",96.055,96.205,94.4325
01/24/2024,94.9825,"940,656",96.915,97.7025,94.7913
01/23/2024,96.64,"736,180",97.15,97.15,95.865
01/22/2024,97.005,"989,796",97.8,98.35,96.9875
01/19/2024,96.875,"1,308,776",96.53,96.9725,95.6525
01/18/2024,96.4375,"1,108,324",94.7025,96.7825,94.7025
01/17/2024,94.7025,"749,056",94.575,95.9688,93.5425
01/16/2024,95.705,"1,174,068",95.305,95.75,94.03
01/12/2024,95.9425,"740,804",96.0775,96.8825,95.5475
01/11/2024,95.1325,"710,304",96.0925,96.1125,94.755
01/10/2024,96.2175,"1,353,468",92.5,96.2425,92.2963
01/09/2024,92.8325,"1,525,640",92.8825,94.3438,92.1963
01/08/2024,93.3925,"747,792",91.3775,93.4175,91.3775
01/05/2024,91.4825,"676,804",91.435,92.0875,91.1175
01/04/2024,91.495,"641,516",90.8125,91.94,90.7225
01/03/2024,90.97,"1,133,832",92.885,92.885,90.6125
01/02/2024,93.27,"726,520",93.5175,95.2375,92.98
12/29/2023,94.61,"597,520",94.4175,95.1312,94.0325
12/28/2023,94.885,"599,840",94.8975,95.6275,94.7278
12/27/2023,95.0,"738,444",94.24,95.2793,93.8487
12/26/2023,94.2425,"630,620",93.55,94.6137,92.645
12/22/2023,93.35,"824,820",92.7925,93.8075,92.185
12/21/2023,92.115,"499,428",90.99,92.355,90.99
12/20/2023,90.085,"788,556",91.4225,91.8375,90.05
12/19/2023,91.35,"1,513,636",91.445,92.9862,90.8175
12/18/2023,91.42,"1,183,212",90.8625,92.2925,90.31
12/15/2023,90.8,"2,451,620",91.285,91.5125,90.485
12/14/2023,91.8125,"2,863,508",89.5925,94.5675,89.07
12/13/2023,88.9025,"1,492,336",85.215,89.26,84.79
12/12/2023,85.065,"1,039,008",85.2575,85.7763,84.2638
12/11/2023,84.84,"1,359,240",83.7375,84.8525,83.453
12/08/2023,83.75,"2,311,204",86.0,86.5012,82.6925
12/07/2023,86.2375,"1,072,288",85.7025,86.4875,85.3588
12/06/2023,85.6425,"1,428,700",84.5275,86.2275,84.245
12/05/2023,83.8225,"892,228",84.2875,84.385,82.5525
12/04/2023,84.58,"1,087,388",84.61,85.085,84.1375
12/01/2023,85.27,"871,020",84.1525,85.3725,83.4825
11/30/2023,84.23,"1,850,820",82.97,84.38,82.215
11/29/2023,82.8975,"1,398,900",83.74,84.375,82.5475
11/28/2023,83.585,"975,320",83.7025,84.305,83.195
11/27/2023,83.765,"1,438,420",84.15,84.6875,83.66
11/24/2023,84.835,"288,520",84.545,84.9875,84.13
11/22/2023,84.76,"709,128",84.9775,85.725,84.5425
11/21/2023,84.3475,"1,015,164",84.715,86.2425,84.125
11/20/2023,84.5025,"1,433,920",83.75,84.6661,83.6
11/17/2023,84.28,"1,393,472",86.0175,86.0175,83.71
11/16/2023,85.1425,"870,572",86.165,86.78,85.0275
11/15/2023,85.3775,"1,195,188",85.3825,86.5,84.77
11/14/2023,85.7375,"878,172",84.0425,86.0825,84.0425
11/13/2023,82.6425,"650,760",82.485,83.155,81.9925
11/10/2023,82.32,"715,812",81.7025,84.7548,80.4793
11/09/2023,81.42,"1,022,532",83.39,83.39,80.99
11/08/2023,83.1675,"693,256",83.8425,84.9175,82.65
11/07/2023,83.4375,"810,124",83.4425,83.5825,82.815
11/06/2023,83.6275,"1,180,260",83.5275,84.1175,82.9135
11/03/2023,83.66,"1,120,028",82.7525,84.3787,82.34
11/02/2023,81.84,"1,211,920",79.2575,82.1663,78.6275
11/01/2023,79.23,"837,820",78.0075,79.445,77.5925
10/31/2023,77.9375,"1,283,368",77.8025,78.1462,77.01
10/30/2023,77.385,"1,139,948",77.6,77.6575,75.935
10/27/2023,76.72,"703,428",77.34,78.1425,76.3637
10/26/2023,76.965,"1,004,048",78.575,78.69,76.89
10/25/2023,78.805,"767,640",79.9975,79.9975,78.415
10/24/2023,80.3775,"875,156",80.2575,81.2225,80.2525
10/23/2023,80.6,"866,156",81.115,81.7525,80.545
10/20/2023,81.1175,"760,536",81.3325,81.99,81.095
10/19/2023,80.95,"947,896",81.63,82.9125,80.78
10/18/2023,81.7125,"1,090,292",82.58,83.18,81.625
10/17/2023,82.5075,"1,249,076",82.1525,83.2975,81.275
10/16/2023,82.9,"1,686,212",82.17,83.075,80.6625
10/13/2023,81.385,"2,200,800",77.99,81.5075,77.6025
10/12/2023,77.6875,"2,189,340",77.6875,78.9925,77.13
10/11/2023,77.6875,"1,151,464",78.87,78.87,76.83
10/10/2023,79.03,"1,206,796",77.995,79.2525,77.5375
10/09/2023,77.7025,"1,934,912",77.9,78.695,77.1425
10/06/2023,78.365,"1,875,464",77.355,78.9675,76.3375
10/05/2023,77.8775,"919,752",78.4425,78.4425,77.1025
10/04/2023,78.7175,"1,077,240",78.445,79.135,77.8075
10/03/2023,78.2275,"1,178,732",77.5,78.525,77.2975
10/02/2023,77.975,"1,311,080",78.79,79.4,77.426
09/29/2023,79.5025,"1,246,104",80.2425,81.1338,79.3325
09/28/2023,79.8425,"1,927,924",79.1,80.0775,79.03
09/27/2023,78.98,"3,007,744",80.545,81.82,78.4488
09/26/2023,80.5175,"1,131,172",82.655,82.655,80.4175
09/25/2023,82.8375,"1,168,380",81.9975,83.4688,81.9175
09/22/2023,82.2175,"626,256",82.3175,82.9525,81.545
09/21/2023,82.0975,"665,512",83.7275,83.8225,82.0088
09/20/2023,84.155,"625,504",84.73,85.205,83.9725
09/19/2023,84.18,"764,652",84.2175,84.58,83.6225
09/18/2023,84.365,"738,324",85.3975,85.6625,84.3225
09/15/2023,85.59,"1,683,156",85.0575,86.1563,84.905
09/14/2023,85.03,"2,629,524",86.725,86.805,84.7825
09/13/2023,86.1575,"1,109,728",86.605,86.8425,85.5738
09/12/2023,86.96,"949,116",87.63,87.63,86.7963
09/11/2023,87.8975,"1,068,616",87.9,88.0987,87.2975
09/08/2023,87.5025,"824,352",88.27,89.78,86.9675
09/07/2023,88.435,"1,043,088",89.2175,89.4075,88.1675
09/06/2023,89.1625,"1,775,724",87.965,90.1,87.65
09/05/2023,88.0525,"1,307,076",90.875,90.875,88.01
09/01/2023,91.1725,"1,750,228",93.18,93.18,89.9163
08/31/2023,92.4975,"2,200,188",94.5725,94.5725,92.1675
08/30/2023,95.215,"824,636",94.53,95.7859,94.53
08/29/2023,94.5275,"1,036,324",93.535,94.6575,93.4077
08/28/2023,93.34,"1,057,108",93.5575,94.22,92.7425
08/25/2023,92.845,"749,964",92.5225,93.5175,91.7672
08/24/2023,92.455,"983,752",93.1925,94.055,92.28
08/23/2023,93.39,"749,976",92.9925,94.135,92.7275
08/22/2023,92.545,"620,756",93.255,93.4975,92.4
08/21/2023,93.02,"609,900",92.4525,93.2225,92.0225
08/18/2023,92.24,"1,039,660",91.66,92.6075,91.1038
08/17/2023,92.02,"671,028",93.5825,94.855,92.01
08/16/2023,93.195,"1,196,412",93.9225,94.8388,93.1925
08/15/2023,94.2475,"1,165,828",94.1925,94.9025,93.9
08/14/2023,94.48,"1,353,800",93.55,94.81,93.55
08/11/2023,93.6225,"1,444,240",94.1,94.2075,93.0525
08/10/2023,94.4425,"1,134,020",96.2325,97.355,94.4425
08/09/2023,95.7675,"845,884",96.2275,97.19,95.475
08/08/2023,96.265,"921,532",96.6825,96.95,94.62
08/07/2023,97.4575,"459,936",97.7125,97.7125,96.9525
08/04/2023,97.1975,"1,378,220",97.4475,97.9013,97.0025
08/03/2023,97.455,"1,414,420",95.8475,97.6425,95.8475
08/02/2023,96.965,"1,851,064",96.975,97.54,96.275
08/01/2023,97.5025,"1,189,952",96.94,97.7262,96.7475
07/31/2023,97.815,"862,860",98.64,98.64,97.225
07/28/2023,98.3625,"928,008",98.235,98.8912,97.16
07/27/2023,97.1625,"1,046,828",97.94,97.94,96.9844
07/26/2023,97.3675,"644,412",96.405,97.3775,95.7275
07/25/2023,96.58,"1,016,456",96.6875,97.3113,96.0925
07/24/2023,96.74,"790,612",96.9825,97.03,95.9087
07/21/2023,96.9025,"1,140,932",97.965,98.1513,96.875
07/20/2023,97.9625,"792,476",98.8475,99.46,97.8125
07/19/2023,98.71,"1,227,968",98.105,99.2575,97.235
07/18/2023,98.3125,"906,980",98.04,98.7925,97.255
07/17/2023,98.4925,"999,684",99.265,99.905,98.4375
07/14/2023,99.34,"1,159,812",97.5825,99.445,97.5825
07/13/2023,97.5225,"728,724",96.975,97.695,96.5025
07/12/2023,96.84,"795,552",96.3175,97.1825,95.8525
07/11/2023,95.6225,"675,568",96.0775,96.55,95.1513
07/10/2023,95.86,"632,716",94.825,96.02,94.78
07/07/2023,94.595,"802,048",93.6425,94.955,93.5875
07/06/2023,93.9475,"1,385,592",93.54,94.76,93.2525
07/05/2023,94.325,"1,227,848",94.5325,94.655,93.3
07/03/2023,94.355,"544,548",95.1625,95.1625,93.82
06/30/2023,95.8575,"839,776",95.995,96.4056,94.995
06/29/2023,94.995,"999,216",94.795,95.7588,94.795
06/28/2023,95.125,"873,248",94.6675,95.362,94.2862
06/27/2023,94.6525,"916,792",93.565,94.7275,92.7837
06/26/2023,93.42,"908,240",93.25,93.9375,92.345
06/23/2023,93.195,"1,246,916",92.955,93.9575,92.5225
06/22/2023,93.265,"1,120,480",92.9075,93.7425,92.585
06/21/2023,92.6775,"790,800",91.955,92.7788,91.3962
06/20/2023,92.2825,"985,400",90.8075,92.445,90.795
06/16/2023,91.8525,"2,514,044",92.99,93.9525,91.67
06/15/2023,91.8925,"1,209,832",90.9325,92.5025,90.505
06/14/2023,90.685,"1,535,512",91.005,92.13,90.1912
06/13/2023,89.795,"1,038,352",89.0025,90.1,89.0025
06/12/2023,88.995,"1,372,412",87.075,89.1637,87.0288
06/09/2023,86.5375,"1,182,612",87.4275,87.43,86.095
06/08/2023,87.4475,"1,118,344",87.595,87.65,86.3525
06/07/2023,87.6975,"986,324",87.6625,87.8775,86.6382
06/06/2023,88.1575,"1,014,412",88.3375,89.2288,87.5575
06/05/2023,88.3875,"1,185,824",89.8475,89.96,88.2525
06/02/2023,89.1175,"2,806,660",90.0325,91.125,89.0125
06/01/2023,93.5475,"1,451,072",92.75,93.89,91.81
05/31/2023,92.8825,"5,393,920",91.72,92.9725,91.1462
05/30/2023,92.05,"1,699,904",91.92,92.4625,91.4625
05/26/2023,92.3475,"1,703,800",92.7525,93.0975,91.6925
05/25/2023,92.86,"1,692,248",94.4625,94.805,92.165
05/24/2023,94.4925,"1,386,004",94.6625,94.8175,93.6675
05/23/2023,95.01,"1,743,948",96.7225,96.93,94.4675
05/22/2023,97.535,"1,267,660",96.555,98.7163,96.555
05/19/2023,96.525,"2,300,752",97.1575,97.335,96.455
05/18/2023,96.975,"1,055,804",96.5275,97.5162,96.46
05/17/2023,96.43,"1,499,524",97.015,97.015,94.4
05/16/2023,96.9275,"1,121,308",97.1,97.1,96.305
05/15/2023,97.3375,"992,108",97.6675,97.7438,96.7925
05/12/2023,97.54,"1,736,952",97.8325,98.4188,96.765
05/11/2023,98.0225,"1,050,196",97.5,98.4225,97.3175
05/10/2023,97.725,"1,043,376",96.6875,98.8,96.6875
05/09/2023,96.3225,"486,148",96.39,96.855,96.1262
05/08/2023,96.5275,"733,656",96.1025,97.0025,95.5275
05/05/2023,96.485,"525,928",95.2875,96.65,95.1975
05/04/2023,94.8175,"528,580",94.745,95.605,94.2025
05/03/2023,95.2325,"901,576",96.525,96.7025,94.685
05/02/2023,95.5625,"713,984",95.5175,96.465,94.635
05/01/2023,95.9425,"421,144",95.0675,96.3625,95.0675
04/28/2023,95.3625,"697,488",94.55,95.6663,94.1725
04/27/2023,94.54,"767,560",93.83,94.79,93.1575
04/26/2023,93.9875,"987,420",94.27,95.0575,93.2875
04/25/2023,94.7525,"667,944",96.0,96.255,94.5075
04/24/2023,96.3725,"717,368",96.8,97.0725,95.845
04/21/2023,96.35,"849,216",97.05,97.05,95.7412
04/20/2023,96.32,"1,248,616",95.88,96.615,95.4525
04/19/2023,96.385,"803,100",94.335,96.48,94.335
04/18/2023,94.5125,"897,736",93.69,94.6775,92.8814
04/17/2023,92.87,"702,632",93.2775,93.7475,92.3838
04/14/2023,93.4275,"762,100",93.9275,94.695,92.96
04/13/2023,94.385,"625,024",93.625,94.6513,93.2
04/12/2023,93.22,"962,592",93.755,94.7313,92.8713
04/11/2023,92.985,"614,688",92.855,93.7813,92.7625
04/10/2023,92.53,"593,756",92.4475,92.5325,91.5325
04/06/2023,93.075,"1,145,424",93.3175,93.4912,91.5025
04/05/2023,93.4,"871,484",92.18,93.5475,91.36
04/04/2023,92.515,"1,045,124",92.21,92.875,91.815
04/03/2023,92.095,"1,415,692",92.9,93.07,91.57
03/31/2023,93.34,"1,498,396",92.3975,93.4775,92.1887
03/30/2023,91.8675,"1,468,476",91.25,92.3175,90.906
03/29/2023,90.455,"1,245,180",89.395,90.86,89.1575
03/28/2023,88.7,"1,035,096",88.75,89.8825,88.455
03/27/2023,89.1475,"1,484,160",89.355,90.42,88.8125
03/24/2023,88.755,"1,492,752",86.26,89.5225,85.9663
03/23/2023,86.24,"994,656",86.49,88.195,86.0878
03/22/2023,86.1325,"1,154,960",87.4975,88.565,86.0325
03/21/2023,87.7075,"1,030,156",86.645,87.795,86.255
03/20/2023,86.1275,"734,200",85.2975,86.66,85.2975
03/17/2023,85.375,"2,188,792",86.2825,87.235,84.26
03/16/2023,86.3225,"1,287,968",83.8375,86.7225,82.8225
03/15/2023,84.6575,"1,373,272",83.185,84.7225,82.785
03/14/2023,84.785,"1,078,700",84.955,85.38,83.51
03/13/2023,83.49,"1,109,400",80.945,83.855,80.4825
03/10/2023,81.195,"1,200,024",83.71,83.71,80.655
03/09/2023,83.71,"875,776",84.3925,85.7588,83.525
03/08/2023,83.825,"881,488",83.45,84.4325,82.67
03/07/2023,84.085,"1,442,032",86.4825,86.5787,83.77
03/06/2023,86.4975,"1,442,080",87.75,88.01,86.4975
03/03/2023,87.9525,"2,466,392",86.25,88.92,85.5387
03/02/2023,81.965,"1,564,068",80.2525,82.16,80.01
03/01/2023,80.89,"1,752,868",81.3225,82.26,80.4125
02/28/2023,81.7425,"5,298,060",82.9475,82.9475,80.6475
02/27/2023,83.075,"893,452",83.25,84.0475,82.6075
02/24/2023,82.6275,"1,157,076",83.9,84.3875,82.0525
02/23/2023,85.015,"1,080,492",85.0075,85.67,83.7
02/22/2023,84.6125,"1,210,472",84.1975,84.8888,83.1975
02/21/2023,84.31,"778,704",85.5375,85.5375,83.825
02/17/2023,86.28,"684,392",85.565,86.6275,84.9025
02/16/2023,85.9325,"821,980",85.2,86.9125,84.49
02/15/2023,86.52,"1,464,812",83.985,86.6525,83.915
02/14/2023,84.395,"726,664",84.4175,85.9525,83.9725
02/13/2023,84.5975,"962,260",84.1,84.9525,83.78
02/10/2023,83.785,"1,118,948",83.6825,84.2825,82.84
02/09/2023,83.905,"937,884",86.62,86.62,83.555
02/08/2023,86.115,"755,992",86.445,87.5961,86.06
02/07/2023,87.235,"861,612",86.1425,87.71,85.08
02/06/2023,86.61,"1,001,648",87.495,88.4,86.2625
02/03/2023,88.6225,"1,045,752",89.235,90.545,88.5362
02/02/2023,90.6325,"2,079,316",90.025,92.94,89.5575
02/01/2023,89.145,"1,209,132",87.46,89.3675,86.855
01/31/2023,87.2325,"1,084,328",85.6525,87.34,84.7925
01/30/2023,85.2125,"953,848",85.11,85.7875,84.6538
01/27/2023,86.12,"620,180",86.6975,87.29,86.0125
01/26/2023,87.2775,"775,800",86.42,87.365,85.67
01/25/2023,85.895,"709,296",84.785,86.0025,84.4475
01/24/2023,85.7875,"875,644",87.005,87.315,85.0525
01/23/2023,86.535,"1,257,644",85.9275,86.54,85.415
01/20/2023,85.9325,"1,019,364",85.6775,86.4425,84.9775
01/19/2023,85.5975,"772,332",84.0875,86.215,84.0875
01/18/2023,84.855,"1,780,364",86.485,87.68,84.3812
01/17/2023,86.3325,"1,599,740",87.3075,87.8625,85.7775
01/13/2023,87.5975,"824,248",87.0375,88.0263,86.9075
01/12/2023,87.3625,"908,824",88.25,88.4825,86.595
01/11/2023,87.5775,"1,436,624",86.9275,88.14,86.5238
01/10/2023,85.9625,"1,272,872",86.0475,86.9925,85.9025
01/09/2023,86.0625,"1,486,992",86.885,87.01,85.2438
01/06/2023,86.2925,"1,086,376",85.745,86.975,83.47
01/05/2023,84.84,"1,044,688",84.575,85.2525,84.155
01/04/2023,85.3925,"1,176,352",84.56,85.4975,83.92
01/03/2023,83.17,"1,078,480",83.4775,84.6925,82.1125
12/30/2022,82.6675,"1,027,780",83.0,83.5825,81.785
12/29/2022,83.595,"560,444",82.8275,84.4825,82.4762
12/28/2022,82.0975,"612,524",83.37,84.0225,82.07
12/27/2022,83.36,"896,844",83.41,84.05,82.5725
12/23/2022,83.1825,"936,744",82.395,83.2725,82.0075
12/22/2022,82.7075,"1,154,060",82.055,82.8075,80.6575
12/21/2022,82.1725,"1,266,820",80.7025,82.87,80.655
12/20/2022,79.9725,"987,560",78.86,80.08,78.2225
12/19/2022,79.065,"851,564",79.18,79.525,78.71
12/16/2022,79.465,"1,983,088",79.965,80.4275,78.8762
12/15/2022,81.025,"2,007,788",80.51,81.8375,79.975
12/14/2022,81.215,"2,658,336",81.17,83.6975,80.4325
12/13/2022,82.4575,"2,009,080",81.1125,82.97,80.0725
12/12/2022,78.53,"1,991,872",77.755,79.2175,77.1775
12/09/2022,77.3675,"3,266,328",78.14,81.9075,76.2512
12/08/2022,79.8575,"1,373,680",78.635,80.3612,77.9466
12/07/2022,78.645,"1,074,496",78.5025,79.9325,78.1225
12/06/2022,78.275,"1,335,708",80.185,80.8125,77.5225
12/05/2022,80.39,"1,237,592",79.55,80.5088,78.6175
12/02/2022,80.58,"1,153,896",80.2963,81.525,80.2963
12/01/2022,81.655,"1,270,540",80.2325,82.215,79.9375
11/30/2022,79.0875,"4,775,912",79.4625,79.4625,76.4712
11/29/2022,76.86,"1,218,980",76.965,77.95,76.6675
11/28/2022,77.0825,"935,836",78.2425,79.2662,76.8625
11/25/2022,78.595,"477,464",78.7525,78.925,77.3137
11/23/2022,78.275,"678,320",77.5025,78.52,77.33
11/22/2022,77.3075,"831,332",76.8225,77.59,75.7188
11/21/2022,76.79,"1,042,928",76.1825,77.5575,75.93
11/18/2022,76.85,"886,804",77.2675,77.27,75.8137
11/17/2022,75.75,"1,116,344",75.94,76.7175,75.3625
11/16/2022,77.5875,"1,254,096",79.16,79.6775,77.4325
11/15/2022,78.945,"1,265,496",78.77,79.865,78.1552
11/14/2022,78.625,"1,642,412",80.475,81.0125,78.5825
11/11/2022,81.08,"4,078,176",76.105,81.9663,75.6963
11/10/2022,75.5075,"1,849,232",71.5425,75.63,71.1425
11/09/2022,68.3925,"1,366,680",68.1575,68.69,67.6556
11/08/2022,68.3775,"919,396",67.8675,69.1125,66.87
11/07/2022,67.6425,"854,508",68.2275,68.2275,66.7925
11/04/2022,67.655,"1,183,788",67.5475,68.03,66.4556
11/03/2022,66.39,"1,059,512",66.845,66.845,64.32
11/02/2022,67.6075,"2,009,304",69.51,70.5775,67.6075
11/01/2022,69.75,"1,176,312",69.0875,70.01,68.9175
10/31/2022,68.3475,"856,632",67.98,69.11,67.98
10/28/2022,68.855,"926,072",67.235,68.9825,67.03
10/27/2022,67.3075,"876,336",68.715,68.715,67.175
10/26/2022,68.5675,"1,606,096",66.815,68.8738,66.545
10/25/2022,66.315,"1,082,332",64.6775,66.6125,64.6775
10/24/2022,64.645,"1,003,208",65.595,65.6559,64.255
10/21/2022,64.9975,"957,740",64.005,65.13,62.645
10/20/2022,63.925,"1,201,556",64.23,64.85,63.5625
10/19/2022,64.12,"1,263,420",64.485,64.9275,63.6675
10/18/2022,64.6175,"1,185,600",66.91,67.4575,64.4412
10/17/2022,65.0275,"1,434,316",63.215,65.775,62.5825
10/14/2022,62.1675,"1,572,356",64.605,65.1325,62.025
10/13/2022,63.81,"1,937,116",61.5725,64.7588,61.0538
10/12/2022,63.2,"1,750,860",62.48,63.4675,61.8075
10/11/2022,64.08,"1,411,856",64.385,65.475,63.57
10/10/2022,64.4125,"944,024",65.9125,65.9125,64.3096
10/07/2022,65.5975,"1,114,656",66.5825,66.655,65.0125
10/06/2022,67.3825,"1,134,408",69.245,69.73,67.1363
10/05/2022,69.365,"956,564",69.155,69.81,68.6137
10/04/2022,69.8925,"1,606,588",68.8875,69.8925,68.705
10/03/2022,68.315,"1,353,972",67.0775,68.815,66.4188
09/30/2022,65.975,"1,601,616",67.54,68.635,65.92
09/29/2022,67.35,"1,025,532",66.605,67.8075,65.9125
09/28/2022,67.2775,"1,689,640",66.335,67.7425,65.7275
09/27/2022,65.9525,"1,418,004",67.9075,67.9975,65.7725
09/26/2022,67.25,"1,576,356",68.5075,68.955,66.3375
09/23/2022,68.92,"1,591,376",67.9625,69.12,67.51
09/22/2022,68.5475,"1,353,548",68.4575,68.8375,67.885
09/21/2022,69.0925,"811,600",70.975,71.5025,69.0875
09/20/2022,70.8825,"1,180,664",71.7825,72.4025,70.4675
09/19/2022,72.5875,"1,378,592",72.3375,72.815,71.0425
09/16/2022,72.8625,"1,311,292",74.355,74.355,72.7139
09/15/2022,74.99,"1,001,940",75.7825,77.2075,74.6863
09/14/2022,75.725,"1,052,860",76.23,76.5913,75.2625
09/13/2022,76.3925,"1,096,052",77.5775,78.0,76.2875
09/12/2022,79.695,"767,516",78.8125,79.7275,78.8125
09/09/2022,78.675,"923,692",77.1625,78.745,76.645
09/08/2022,76.975,"1,270,196",75.7375,77.6375,75.0525
09/07/2022,76.5275,"1,600,616",74.36,77.0275,74.3462
09/06/2022,74.045,"1,060,432",74.215,74.9825,73.59
09/02/2022,73.8825,"1,748,788",75.555,75.85,73.5913
09/01/2022,75.03,"3,458,472",71.5075,75.2725,70.7575
08/31/2022,71.86,"2,184,784",72.8275,73.3275,71.4013
08/30/2022,72.065,"1,733,704",72.83,73.385,71.925
08/29/2022,72.825,"1,510,556",73.055,73.5288,72.1338
08/26/2022,74.1425,"1,249,164",78.5,78.7087,74.1375
08/25/2022,78.5075,"1,320,824",78.1625,78.5913,77.215
08/24/2022,77.4525,"1,830,736",77.4825,78.0637,76.6225
08/23/2022,77.83,"729,512",78.25,78.25,77.21
08/22/2022,78.605,"949,812",79.7525,80.1325,78.295
08/19/2022,80.6725,"1,153,332",81.3425,81.5675,80.15
08/18/2022,81.7425,"789,344",82.2675,82.7675,81.0563
08/17/2022,82.2675,"1,087,016",83.69,84.3125,82.1825
08/16/2022,84.3175,"888,484",82.765,84.36,82.28
08/15/2022,83.335,"581,268",83.095,84.3925,82.8675
08/12/2022,83.5175,"589,616",82.755,83.545,82.135
08/11/2022,82.185,"1,080,344",83.7575,84.29,82.0475
08/10/2022,83.06,"1,202,144",82.8125,83.1162,81.935
08/09/2022,81.4075,"789,480",83.3525,83.495,81.255
08/08/2022,83.4175,"645,288",83.4425,83.665,82.88
08/05/2022,82.7275,"590,760",81.3075,82.755,81.3075
08/04/2022,81.8675,"722,788",82.24,82.5925,81.32
08/03/2022,82.285,"815,820",81.655,83.0975,81.25
08/02/2022,81.2025,"774,328",80.9925,82.4325,80.4025
08/01/2022,81.3475,"1,165,204",81.22,82.2982,80.945
07/29/2022,81.75,"1,170,880",81.5725,82.3525,80.945
07/28/2022,81.6075,"928,384",80.38,82.2775,79.0325
07/27/2022,79.64,"1,010,148",78.1725,79.84,78.1725
07/26/2022,77.7125,"974,428",78.575,78.575,77.52
07/25/2022,78.4275,"692,284",78.6025,78.8225,77.95
07/22/2022,78.36,"774,996",78.9975,79.7575,77.8775
07/21/2022,78.97,"879,636",77.155,79.06,76.87
07/20/2022,76.7775,"1,048,524",75.7475,77.175,75.7475
07/19/2022,75.775,"1,158,952",74.7625,76.01,74.265
07/18/2022,73.535,"1,577,164",73.7375,74.305,72.8824
07/15/2022,73.3775,"1,257,888",72.5,73.5525,71.925
07/14/2022,72.125,"1,051,004",72.3425,72.45,71.0025
07/13/2022,73.0425,"1,277,136",73.0425,73.395,71.7475
07/12/2022,74.295,"1,546,492",75.855,76.6075,74.23
07/11/2022,76.14,"1,150,884",77.4825,77.7225,75.7175
07/08/2022,77.8925,"1,392,104",78.17,78.9715,77.52
07/07/2022,79.2625,"1,684,976",78.2325,79.3225,77.6038
07/06/2022,78.15,"1,096,492",78.8575,79.445,77.7475
07/05/2022,78.9725,"1,137,224",78.815,79.255,77.0125
07/01/2022,79.6275,"1,120,980",78.3575,80.1725,78.115
06/30/2022,78.28,"1,628,676",78.3575,79.2475,77.67
06/29/2022,79.4275,"943,804",78.75,79.5225,77.86
06/28/2022,78.52,"1,338,752",80.8575,81.39,78.355
06/27/2022,80.5175,"1,439,796",80.9075,81.215,79.7662
06/24/2022,80.8725,"2,157,368",77.83,80.9525,77.1775
06/23/2022,76.9275,"1,833,792",75.43,77.0675,75.43
06/22/2022,75.35,"2,067,772",74.825,76.3375,74.605
06/21/2022,75.9925,"1,157,484",77.255,77.255,75.5037
06/17/2022,76.235,"1,963,700",76.725,78.2463,76.235
06/16/2022,76.29,"2,272,040",76.0775,76.675,74.335
06/15/2022,78.835,"1,138,464",79.5625,80.43,77.895
06/14/2022,78.73,"1,454,356",79.7075,80.035,78.4363
06/13/2022,80.0375,"1,094,088",81.445,81.4625,79.7275
06/10/2022,83.0875,"1,163,144",82.845,83.835,82.03
06/09/2022,84.2675,"1,022,896",85.055,85.7858,84.2
06/08/2022,86.015,"766,812",86.4,87.0238,85.9675
06/07/2022,86.8775,"1,013,816",85.4525,87.1425,85.3425
06/06/2022,86.1525,"938,716",86.625,87.025,85.88
06/03/2022,85.5675,"1,926,204",86.82,88.505,85.3375
06/02/2022,88.2025,"1,516,400",85.9075,88.2228,84.735
06/01/2022,85.8025,"1,546,576",88.085,88.5125,84.96
05/31/2022,87.685,"4,379,560",87.5725,87.9975,86.4525
05/27/2022,88.0425,"1,806,516",88.165,88.3431,86.0225
05/26/2022,85.9275,"1,880,472",85.3075,86.855,84.8526
05/25/2022,84.96,"1,397,292",84.7175,85.7275,84.2425
05/24/2022,85.2625,"1,410,408",84.3425,85.6388,83.24
05/23/2022,84.68,"1,506,988",85.9125,86.335,83.59
05/20/2022,85.3025,"1,455,736",85.0775,85.67,83.6262
05/19/2022,84.67,"1,702,468",82.8925,84.9225,82.8925
05/18/2022,83.44,"2,027,016",83.9125,84.6988,83.23
05/17/2022,85.0625,"1,801,392",83.5675,85.1675,83.47
05/16/2022,81.9775,"1,182,348",81.5,82.2925,81.165
05/13/2022,81.9475,"1,349,160",79.94,82.2163,79.94
05/12/2022,79.415,"1,385,592",78.7925,80.205,77.7438
05/11/2022,79.02,"1,850,036",78.9075,81.975,78.89
05/10/2022,79.2575,"1,854,260",78.715,80.1713,77.3575
05/09/2022,77.9025,"2,072,292",83.3275,83.3675,77.6325
05/06/2022,84.3875,"1,497,648",86.25,86.485,83.7325
05/05/2022,86.9725,"1,037,500",90.1975,90.1975,86.0062
05/04/2022,90.62,"1,156,488",88.295,90.92,87.105
05/03/2022,88.5225,"949,756",89.685,89.9425,88.405
05/02/2022,89.26,"1,337,604",90.545,90.9363,87.235
04/29/2022,90.26,"1,364,708",92.92,93.2525,90.0438
04/28/2022,93.29,"1,025,676",94.815,94.815,91.905
04/27/2022,94.345,"807,308",95.925,96.6975,94.1725
04/26/2022,95.67,"862,496",97.6325,98.1775,95.6325
04/25/2022,98.515,"1,233,868",97.4875,98.9625,96.24
04/22/2022,97.7275,"1,501,204",101.6675,101.6675,97.5475
04/21/2022,102.3625,"688,916",105.3175,105.3175,102.17
04/20/2022,104.645,"923,320",103.405,105.0625,103.1637
04/19/2022,102.6925,"866,836",99.015,103.055,99.015
04/18/2022,98.805,"622,616",99.535,99.7947,98.0675
04/14/2022,99.905,"870,788",101.425,101.7825,99.525
04/13/2022,101.1525,"805,244",100.4675,101.345,100.105
04/12/2022,100.7125,"879,608",101.545,102.9375,100.44
04/11/2022,101.74,"937,408",102.3925,103.265,101.575
04/08/2022,102.8625,"1,483,000",103.435,104.2463,100.9363
04/07/2022,103.995,"1,875,664",104.5675,106.09,103.55
04/06/2022,104.905,"836,428",104.8675,105.4375,103.3425
04/05/2022,105.13,"1,122,508",104.015,105.645,104.015
04/04/2022,104.33,"801,500",107.2475,107.4713,104.06
04/01/2022,107.105,"1,650,388",104.61,107.1075,104.2525
03/31/2022,104.3975,"1,089,964",105.0,106.405,104.3975
03/30/2022,105.35,"639,704",104.0125,105.5575,104.0125
03/29/2022,104.4025,"1,307,476",104.355,105.315,103.2575
03/28/2022,103.1875,"742,340",102.235,103.255,101.165
03/25/2022,102.1025,"721,312",103.1325,103.225,101.3975
03/24/2022,102.985,"1,308,836",102.1075,103.1225,101.3375
03/23/2022,101.78,"1,138,648",104.0975,104.0975,101.5375
03/22/2022,104.6525,"951,040",104.5375,105.0,104.0275
03/21/2022,104.5175,"1,299,664",104.7,105.3675,103.85
03/18/2022,105.3275,"1,888,232",104.675,105.6375,103.8575
03/17/2022,104.455,"1,307,108",101.19,105.3938,101.19
03/16/2022,101.78,"1,250,616",98.4375,101.99,98.4375
03/15/2022,97.6175,"952,340",96.8875,97.6675,95.6175
03/14/2022,95.4525,"1,099,644",96.09,96.265,94.2175
03/11/2022,94.99,"1,440,160",97.355,97.54,94.9125
03/10/2022,96.325,"1,014,292",95.085,96.89,95.0458
03/09/2022,96.6825,"1,633,976",96.53,97.3425,95.42
03/08/2022,95.0975,"1,970,576",99.89,100.3525,95.0777
03/07/2022,100.3025,"2,291,072",104.945,105.11,99.4188
03/04/2022,106.135,"2,552,988",103.1975,107.6675,102.505
03/03/2022,104.285,"1,272,180",103.9325,104.8125,103.125
03/02/2022,103.9325,"1,640,756",103.465,104.675,102.4038
03/01/2022,102.825,"1,586,684",102.005,103.4463,101.055
02/28/2022,102.255,"1,299,236",101.77,102.8475,100.985
02/25/2022,102.7225,"1,047,328",100.17,102.8275,99.2475
02/24/2022,99.915,"1,550,764",96.725,100.2775,95.155
02/23/2022,98.8625,"1,341,684",99.25,100.7375,98.5738
02/22/2022,98.665,"1,303,072",97.1125,99.255,96.6905
02/18/2022,97.245,"1,039,896",96.9575,98.7037,96.7775
02/17/2022,97.2375,"938,676",99.81,99.81,97.0175
02/16/2022,100.3225,"1,087,404",98.8375,100.755,98.3975
02/15/2022,99.4875,"916,664",99.935,100.5975,98.6688
02/14/2022,97.8375,"661,184",98.3625,99.0725,97.3175
02/11/2022,98.5,"807,896",100.055,101.1775,98.425
02/10/2022,100.6725,"624,120",100.615,101.9813,100.1625
02/09/2022,101.7075,"1,298,240",101.79,102.7125,101.3725
02/08/2022,101.2675,"1,660,740",98.33,101.4725,97.3088
02/07/2022,96.725,"706,876",97.06,97.8125,96.615
02/04/2022,97.165,"894,924",97.16,97.9926,95.83
02/03/2022,97.7075,"971,120",98.195,99.1225,97.2525
02/02/2022,99.3975,"993,092",98.955,99.72,98.0725
02/01/2022,99.1675,"997,832",99.2325,99.825,98.1625
01/31/2022,99.575,"1,618,428",95.9075,99.7212,95.9075
01/28/2022,96.3,"1,260,156",94.9,96.355,93.5938
01/27/2022,94.865,"1,091,652",96.2475,97.0175,94.115
01/26/2022,95.59,"1,408,548",98.06,99.4425,94.62
01/25/2022,97.3975,"1,504,036",97.1375,98.8775,96.155
01/24/2022,98.3275,"2,440,336",95.25,98.645,92.8625
01/21/2022,97.075,"965,720",98.2375,98.9123,96.9775
01/20/2022,98.385,"1,192,072",99.9025,101.0,98.125
01/19/2022,99.5375,"2,390,132",100.0175,100.7543,99.285
01/18/2022,99.9675,"1,834,128",101.425,101.6825,99.125
01/14/2022,102.63,"3,040,692",103.7125,104.1,101.1575
01/13/2022,104.0325,"2,314,820",105.3525,106.2875,103.905
01/12/2022,105.175,"1,387,616",105.6875,105.9675,103.6475
01/11/2022,105.5725,"1,591,364",103.7325,105.61,102.96
01/10/2022,104.0225,"2,408,164",101.84,104.1225,100.805
01/07/2022,102.16,"1,232,428",102.2575,103.6525,101.6113
01/06/2022,102.6825,"1,206,472",102.07,103.695,101.07
01/05/2022,102.62,"727,900",104.38,105.6575,102.51
01/04/2022,104.25,"794,604",105.6375,106.235,104.205
01/03/2022,105.4,"1,389,836",107.04,107.4075,104.6125
12/31/2021,104.735,"608,716",105.5425,106.125,104.655
12/30/2021,106.005,"649,984",105.3125,106.9475,105.1025
12/29/2021,105.17,"637,616",105.29,105.8738,104.715
12/28/2021,105.1025,"599,068",105.095,105.61,104.765
12/27/2021,105.0075,"783,020",103.0775,105.1,103.0775
12/23/2021,102.8025,"845,752",101.875,103.355,101.04
12/22/2021,101.155,"1,037,264",99.045,101.1925,99.045
12/21/2021,98.9475,"2,317,132",97.5575,99.3575,97.515
12/20/2021,97.4325,"1,620,420",97.48,97.7875,96.14
12/17/2021,98.3675,"2,197,464",98.35,100.005,97.1388
12/16/2021,98.7175,"2,020,080",100.51,102.115,98.1125
12/15/2021,100.1375,"1,304,360",98.15,100.6675,97.0575
12/14/2021,98.0825,"1,714,000",98.2425,100.89,97.805
12/13/2021,98.5875,"2,432,304",99.68,100.035,98.3625
12/10/2021,99.895,"1,517,408",102.7425,102.7425,99.23
12/09/2021,102.1075,"772,900",103.105,104.089,102.1075
12/08/2021,103.7325,"1,588,848",101.5375,103.9573,101.5375
12/07/2021,101.5425,"1,183,852",100.55,102.3063,100.3474
12/06/2021,99.9925,"1,355,492",98.165,100.565,97.34
12/03/2021,97.89,"3,725,848",94.5875,98.725,93.5075
12/02/2021,94.4875,"2,011,180",93.3025,94.8612,92.195
12/01/2021,93.3825,"1,120,888",95.425,96.325,93.3575
11/30/2021,94.1175,"2,278,324",94.7175,95.7675,93.2475
11/29/2021,95.2975,"1,817,424",96.04,97.4175,95.245
11/26/2021,94.985,"1,112,792",96.7575,97.0075,94.715
11/24/2021,97.71,"1,308,468",98.9725,99.4075,97.355
11/23/2021,99.61,"992,584",100.52,101.1325,98.905
11/22/2021,100.7175,"850,992",100.975,101.4075,100.27
11/19/2021,101.2675,"2,348,436",101.59,101.9125,100.7375
11/18/2021,101.2225,"1,582,444",102.1275,102.1275,99.33
11/17/2021,102.145,"932,312",104.1525,104.59,101.955
11/16/2021,103.9275,"830,168",104.6225,105.1225,103.7925
11/15/2021,104.11,"771,324",105.105,105.7188,103.8363
11/12/2021,104.43,"910,428",102.71,104.71,102.17
11/11/2021,102.71,"1,414,908",107.3125,107.3125,102.2712
11/10/2021,108.53,"776,468",108.275,108.9475,107.77
11/09/2021,108.4075,"431,748",107.9725,108.725,107.45
11/08/2021,107.9025,"619,764",106.8175,108.04,106.0263
11/05/2021,106.055,"661,396",104.8725,106.5,104.8725
11/04/2021,105.165,"611,944",105.4125,105.9,104.6225
11/03/2021,105.63,"612,384",105.1975,105.8975,104.065
11/02/2021,105.16,"727,736",105.4975,105.8375,104.695
11/01/2021,105.485,"1,052,292",104.2975,106.125,104.0525
10/29/2021,104.23,"871,320",104.1075,104.9675,103.305
10/28/2021,104.185,"648,240",103.385,104.71,102.96
10/27/2021,102.9875,"707,272",103.985,103.985,102.3675
10/26/2021,104.135,"655,556",104.8975,104.8975,102.7325
10/25/2021,103.7375,"1,053,812",104.63,104.63,103.135
10/22/2021,104.255,"769,028",102.75,104.3575,102.5
10/21/2021,102.89,"541,484",102.875,104.055,102.53
10/20/2021,102.65,"1,073,356",101.0675,103.15,100.705
10/19/2021,100.55,"780,312",99.7675,101.7525,99.75
10/18/2021,99.175,"1,198,428",99.1,99.3462,98.025
10/15/2021,99.5775,"853,204",100.7375,101.1891,99.39
10/14/2021,100.325,"880,908",100.8125,101.6275,99.875
10/13/2021,100.275,"974,388",100.545,101.3975,99.6137
10/12/2021,100.46,"763,984",101.57,102.0463,100.2125
10/11/2021,101.0,"856,268",102.3375,103.0775,100.9475
10/08/2021,102.6475,"623,504",103.6475,104.235,102.5
10/07/2021,103.72,"917,324",104.86,106.1462,103.5925
10/06/2021,103.66,"932,080",103.075,103.665,101.485
10/05/2021,103.74,"1,472,916",102.8875,104.9975,102.8175
10/04/2021,102.145,"779,856",103.715,103.715,101.2125
10/01/2021,104.22,"731,060",103.4675,104.6088,102.17
09/30/2021,103.3275,"939,392",105.675,107.0375,103.295
09/29/2021,105.575,"804,744",106.235,106.3313,104.82
09/28/2021,106.0,"1,232,952",107.4625,107.815,104.77
09/27/2021,107.87,"1,449,440",109.3625,109.5813,107.245
09/24/2021,109.845,"1,220,316",109.7925,110.455,109.12
09/23/2021,109.835,"2,155,612",108.695,111.055,108.46
09/22/2021,108.44,"1,575,076",107.1012,109.0575,106.2525
09/21/2021,106.6875,"877,808",108.43,108.965,106.6775
09/20/2021,107.475,"1,374,648",108.06,108.6,106.565
09/17/2021,109.15,"1,925,968",110.39,110.43,108.8475
09/16/2021,110.6875,"672,112",111.385,111.385,109.91
09/15/2021,111.2575,"749,100",110.1375,111.6525,109.8275
09/14/2021,110.3675,"840,276",110.97,111.1425,109.5625
09/13/2021,110.1425,"1,039,624",113.4425,113.4425,109.0163
09/10/2021,112.84,"1,123,880",112.4075,112.98,111.1338
09/09/2021,112.035,"645,508",113.7475,113.9788,111.9975
09/08/2021,113.505,"1,253,796",111.8875,114.0,111.13
09/07/2021,111.9575,"1,583,128",113.67,113.94,111.8
09/03/2021,113.98,"1,376,100",113.8,115.8975,112.75
09/02/2021,112.5925,"1,034,912",113.215,113.9513,111.93
09/01/2021,112.7425,"1,026,852",112.14,112.965,111.5425
08/31/2021,112.6775,"1,404,780",112.115,112.8775,111.1525
08/30/2021,112.345,"777,056",112.0175,113.7575,111.7775
08/27/2021,111.645,"644,052",111.995,112.4413,111.23
08/26/2021,111.5175,"772,240",111.35,111.675,110.855
08/25/2021,111.685,"604,012",111.6275,112.4963,110.9525
08/24/2021,111.9475,"789,000",111.05,112.5,111.05
08/23/2021,111.21,"900,180",111.5,111.64,110.5875
08/20/2021,111.045,"2,160,712",110.2225,111.4525,109.9675
08/19/2021,110.51,"1,119,724",107.625,111.34,107.625
08/18/2021,108.1525,"1,240,280",109.795,110.655,108.0687
08/17/2021,109.6475,"1,185,036",109.84,111.065,109.2525
08/16/2021,109.885,"1,011,484",109.3,109.8925,108.145
08/13/2021,109.2475,"987,328",109.7525,110.6675,108.7375
08/12/2021,110.03,"2,878,224",102.975,110.0925,102.975
08/11/2021,102.05,"667,576",101.9025,102.655,101.4725
08/10/2021,101.6375,"584,276",101.6425,101.94,100.4975
08/09/2021,101.82,"1,033,812",103.5675,103.5675,101.565
08/06/2021,103.25,"889,240",103.5175,103.565,102.4125
08/05/2021,102.925,"821,484",103.7825,103.9463,102.0263
08/04/2021,103.5325,"1,004,196",105.7225,105.7725,103.3575
08/03/2021,105.995,"674,096",106.255,106.26,105.175
08/02/2021,105.9025,"846,560",105.705,106.2613,104.995
07/30/2021,105.4425,"713,184",104.6525,106.1325,104.29
07/29/2021,104.225,"984,924",103.9275,104.7125,103.7388
07/28/2021,103.41,"708,356",102.775,103.9425,102.775
07/27/2021,102.5,"934,540",100.9675,102.5325,100.3113
07/26/2021,101.4025,"579,168",102.045,102.215,101.3
07/23/2021,102.5175,"510,532",101.3575,102.5875,101.18
07/22/2021,101.02,"639,020",100.61,101.02,100.1025
07/21/2021,100.375,"879,856",100.94,100.94,99.27
07/20/2021,100.58,"767,628",99.4675,101.78,99.365
07/19/2021,99.19,"1,089,024",100.16,100.6425,98.2625
07/16/2021,100.9725,"638,176",101.0425,101.75,100.6588
07/15/2021,100.69,"664,968",100.8475,101.37,99.975
07/14/2021,101.3775,"734,176",102.165,102.2975,101.0375
07/13/2021,102.27,"1,031,088",102.37,102.6925,101.615
07/12/2021,102.7125,"1,566,244",103.2225,103.3925,102.7
07/09/2021,102.8075,"738,704",102.68,103.21,102.2525
07/08/2021,102.6625,"855,772",102.52,102.9475,101.525
07/07/2021,103.455,"999,052",102.555,103.75,102.0575
07/06/2021,102.3875,"675,960",101.7075,102.485,100.8925
07/02/2021,101.9375,"837,996",100.805,102.0275,100.7625
07/01/2021,100.75,"1,054,632",99.18,101.2,99.18
06/30/2021,99.0675,"931,708",99.09,99.415,98.415
06/29/2021,99.28,"754,600",98.935,99.4925,98.545
06/28/2021,98.875,"803,552",99.345,99.3612,98.015
06/25/2021,99.1075,"2,012,184",97.775,99.25,97.7188
06/24/2021,97.6525,"885,160",97.4575,98.275,97.3
06/23/2021,96.9225,"756,968",97.095,97.5,96.505
06/22/2021,97.685,"1,724,248",97.645,98.675,97.3425
06/21/2021,97.36,"1,042,812",96.4825,98.4925,96.14
06/18/2021,95.99,"2,942,388",95.4775,96.375,94.665
06/17/2021,95.47,"1,081,296",94.82,96.575,94.82
06/16/2021,95.3825,"1,469,416",94.7325,95.9975,94.25
06/15/2021,94.2175,"866,628",94.345,94.8975,94.0175
06/14/2021,94.135,"764,764",94.29,94.29,93.6575
06/11/2021,93.7975,"1,122,824",93.445,94.2375,92.8775
06/10/2021,93.53,"1,103,400",93.3625,94.3075,92.875
06/09/2021,93.1025,"949,012",93.21,93.815,92.6038
06/08/2021,93.09,"1,236,064",93.995,93.995,92.31
06/07/2021,93.6,"1,396,824",95.5775,96.1625,93.4525
06/04/2021,95.49,"1,654,968",96.2825,97.6725,95.1581
06/03/2021,96.0225,"1,242,620",95.385,96.345,94.5463
06/02/2021,96.1725,"1,325,288",97.66,98.315,95.98
06/01/2021,97.5975,"846,540",98.885,99.2675,97.385
05/28/2021,98.3625,"722,276",99.47,99.7375,98.28
05/27/2021,98.7675,"2,052,268",98.615,99.055,97.75
05/26/2021,98.0275,"1,208,456",98.47,98.6175,97.45
05/25/2021,98.6225,"1,182,456",98.5875,99.3425,98.2125
05/24/2021,98.625,"1,063,560",98.0925,99.02,97.325
05/21/2021,97.1075,"2,464,580",97.6725,99.14,96.6825
05/20/2021,97.2775,"721,036",95.45,97.5425,95.0675
05/19/2021,95.4925,"1,065,240",95.575,95.6775,94.7338
05/18/2021,96.2675,"1,118,392",97.125,97.9825,96.235
05/17/2021,97.055,"542,724",97.2325,97.48,96.4075
05/14/2021,97.2975,"968,628",97.52,97.8675,96.965
05/13/2021,96.97,"999,684",96.24,97.8487,96.11
05/12/2021,96.18,"1,015,024",97.15,97.5275,96.13
05/11/2021,97.0775,"1,237,764",99.415,99.9775,96.9475
05/10/2021,100.455,"674,828",101.085,101.9475,100.455
05/07/2021,101.085,"804,604",101.225,102.94,101.075
05/06/2021,101.375,"876,640",99.8,101.455,99.2706
05/05/2021,100.22,"1,137,736",102.955,103.0925,99.4988
05/04/2021,102.9,"1,071,176",102.87,103.425,102.0925
05/03/2021,103.0175,"904,420",103.195,103.99,102.055
04/30/2021,102.7225,"909,080",101.9025,103.4525,101.7775
04/29/2021,101.8975,"589,376",102.2975,102.5325,101.2525
04/28/2021,101.765,"824,540",101.9975,102.6825,100.8775
04/27/2021,101.855,"729,416",102.0,103.11,101.19
04/26/2021,102.4125,"830,052",102.7975,103.5225,102.0638
04/23/2021,102.8275,"882,736",101.9225,103.5925,101.5238
04/22/2021,101.32,"1,313,088",101.3975,102.6888,100.905
04/21/2021,101.005,"1,281,616",100.5475,101.3625,99.8075
04/20/2021,100.12,"1,267,076",99.76,100.8625,99.2313
04/19/2021,99.8325,"1,149,776",99.625,100.37,99.3
04/16/2021,99.88,"1,285,072",100.1825,100.7975,99.1863
04/15/2021,100.0,"1,383,308",97.975,100.1625,97.8475
04/14/2021,97.7625,"754,744",97.6375,98.4725,96.9375
04/13/2021,97.7225,"708,672",96.7775,98.0,96.4109
04/12/2021,97.005,"912,204",96.515,97.1975,96.4175
04/09/2021,96.5125,"1,109,352",95.72,96.5125,95.0275
04/08/2021,95.255,"1,299,400",96.0225,96.975,95.115
04/07/2021,95.6725,"1,418,916",96.61,97.24,95.2675
04/06/2021,97.3225,"1,473,768",97.23,97.7113,96.8025
04/05/2021,96.935,"965,528",97.1825,97.33,96.5482
04/01/2021,96.3725,"1,007,348",95.895,96.8525,95.2488
03/31/2021,96.0225,"1,097,164",96.5225,97.535,95.255
03/30/2021,96.2225,"728,284",95.6225,96.5125,95.5575
03/29/2021,96.155,"932,596",95.32,96.6115,94.875
03/26/2021,95.9625,"989,672",95.745,95.9725,94.87
03/25/2021,95.605,"830,972",94.6575,95.7625,93.92
03/24/2021,95.0775,"1,180,660",95.835,96.3563,94.5175
03/23/2021,95.835,"1,213,468",96.815,97.46,95.5325
03/22/2021,96.5925,"1,420,908",96.005,97.0575,95.0275
03/19/2021,96.005,"1,904,204",94.42,96.5725,94.42
03/18/2021,94.695,"1,472,304",93.8975,96.36,93.8975
03/17/2021,93.93,"1,233,368",94.785,95.385,93.6225
03/16/2021,95.5475,"977,876",96.64,98.3325,95.2225
03/15/2021,96.7575,"1,237,344",94.075,96.885,94.075
03/12/2021,94.0975,"1,045,096",94.8875,95.29,93.5225
03/11/2021,94.905,"930,004",95.875,97.7463,94.7
03/10/2021,95.7375,"943,984",95.9275,96.6875,95.36
03/09/2021,95.595,"1,259,412",96.5,97.9225,95.53
03/08/2021,96.37,"2,276,568",96.5,98.6225,95.95
03/05/2021,97.0425,"2,798,252",98.465,100.48,94.1375
03/04/2021,92.89,"1,846,676",96.2025,96.2025,92.0125
03/03/2021,95.2775,"1,023,032",96.5325,96.88,95.0537
03/02/2021,96.98,"755,648",97.4475,97.4475,96.1325
03/01/2021,97.7125,"1,245,916",96.94,99.0125,96.625
02/26/2021,96.5325,"1,188,852",98.4725,98.4725,96.4275
02/25/2021,98.0325,"1,277,316",98.2275,98.715,96.9275
02/24/2021,98.1425,"921,844",97.8975,99.215,97.8275
02/23/2021,97.86,"1,228,496",97.9175,98.6025,97.1863
02/22/2021,97.6675,"865,824",96.9125,97.915,96.405
02/19/2021,97.1275,"1,348,044",97.465,98.3575,95.76
02/18/2021,97.1875,"1,038,576",95.955,97.4013,95.2763
02/17/2021,96.1625,"614,832",96.1325,96.8325,95.0625
02/16/2021,96.615,"1,033,800",97.0825,97.965,96.3525
02/12/2021,96.35,"568,404",95.5275,96.625,95.1625
02/11/2021,96.25,"770,100",95.4875,96.37,95.28
02/10/2021,94.7475,"792,804",95.5575,96.3725,94.49
02/09/2021,95.1825,"903,828",95.9725,96.3238,94.77
02/08/2021,96.23,"561,564",96.54,97.1425,95.8875
02/05/2021,96.7425,"1,174,172",96.725,97.99,96.145
02/04/2021,96.0275,"1,218,308",94.6075,96.5475,94.17
02/03/2021,93.86,"643,108",94.0575,94.44,93.305
02/02/2021,93.78,"1,420,316",91.5425,94.9325,91.5425
02/01/2021,91.2775,"842,860",91.8625,92.035,90.22
01/29/2021,91.01,"1,031,964",90.7725,92.0225,90.3325
01/28/2021,91.175,"944,236",90.56,92.3025,90.105
01/27/2021,90.1775,"1,581,884",92.125,93.08,89.96
01/26/2021,94.355,"958,388",96.25,96.415,94.245
01/25/2021,95.9125,"770,876",95.17,95.99,94.3825
01/22/2021,95.0,"1,129,908",94.3525,96.77,94.3525
01/21/2021,94.2225,"903,616",95.7675,95.85,93.1175
01/20/2021,96.19,"1,020,464",96.75,97.3588,95.2638
01/19/2021,96.855,"1,908,988",95.3625,97.3175,94.64
01/15/2021,94.2225,"995,160",93.87,94.6525,92.8325
01/14/2021,93.7875,"887,868",95.3825,95.425,93.5375
01/13/2021,95.44,"1,942,820",90.1825,95.635,90.0025
01/12/2021,89.5025,"1,468,784",89.59,90.175,88.5175
01/11/2021,89.9125,"1,286,952",90.4325,90.67,89.6325
01/08/2021,90.8075,"1,397,404",91.22,92.3012,89.8525
01/07/2021,91.265,"872,436",91.7075,92.823,90.7325
01/06/2021,91.5775,"831,540",90.3875,91.8475,90.3
01/05/2021,90.3675,"681,780",89.4325,90.9125,89.1412
01/04/2021,89.315,"1,132,464",91.25,91.7575,88.2537
12/31/2020,90.83,"633,864",89.3175,90.875,88.6175
12/30/2020,89.1125,"452,268",89.3025,90.16,88.8525
12/29/2020,89.3175,"420,388",90.315,90.3625,88.9
12/28/2020,89.99,"488,124",90.2,90.85,89.585
12/24/2020,89.5925,"308,396",89.6525,90.1063,89.0525
12/23/2020,89.0,"637,012",88.7375,89.4287,88.3637
12/22/2020,88.1725,"993,716",87.55,89.085,86.69
12/21/2020,87.14,"742,064",86.4,87.31,84.35
12/18/2020,87.4075,"1,984,540",88.21,88.5225,86.6525
12/17/2020,87.88,"1,222,248",86.19,88.1325,85.8588
12/16/2020,85.985,"710,080",85.3525,86.2175,84.865
12/15/2020,85.6125,"894,764",85.87,86.5775,85.4375
12/14/2020,85.7125,"982,496",85.57,87.2963,85.2638
12/11/2020,84.79,"857,288",86.8025,86.8025,84.63
12/10/2020,86.95,"1,156,780",85.5775,87.1533,85.3748
12/09/2020,85.645,"1,027,060",86.215,87.0275,85.4
12/08/2020,86.435,"913,084",85.455,86.5275,85.19
12/07/2020,85.515,"859,988",86.4275,87.0,85.2425
12/04/2020,86.4275,"1,818,688",83.75,86.67,81.86
12/03/2020,84.495,"1,232,744",84.095,86.1,83.0563
12/02/2020,83.6525,"826,416",83.185,83.9475,82.78
12/01/2020,83.51,"894,888",84.5925,84.83,83.4475
11/30/2020,83.805,"2,266,440",84.905,84.9287,82.3275
11/27/2020,85.1775,"729,940",82.8675,85.18,82.565
11/25/2020,82.2525,"1,011,568",81.4075,83.2725,81.085
11/24/2020,81.365,"1,221,972",82.83,83.4175,81.1787
11/23/2020,82.4725,"1,099,756",83.515,84.4437,81.9175
11/20/2020,82.8425,"1,803,132",83.2325,84.855,82.7925
11/19/2020,83.0575,"1,701,788",82.2575,83.26,82.2075
11/18/2020,82.3975,"1,379,612",83.1775,83.5975,81.9575
11/17/2020,83.1125,"907,556",84.5625,84.5625,82.93
11/16/2020,85.175,"745,696",86.4075,86.8725,84.67
11/13/2020,85.3375,"827,180",84.66,85.605,84.66
11/12/2020,84.2475,"1,009,028",85.57,85.8238,83.1538
11/11/2020,85.825,"986,796",87.09,87.3675,85.16
11/10/2020,86.5975,"1,045,808",87.795,88.14,85.3575
11/09/2020,87.935,"1,640,416",86.1775,92.8975,86.1775
11/06/2020,83.4775,"455,084",83.3675,84.2188,83.3475
11/05/2020,83.0,"720,768",83.76,84.415,82.92
11/04/2020,82.855,"818,252",82.1775,84.01,81.3225
11/03/2020,80.99,"633,488",81.35,83.015,80.9575
11/02/2020,80.13,"1,051,800",80.9575,82.2662,79.8775
10/30/2020,79.7625,"1,412,088",80.9925,81.84,78.5725
10/29/2020,81.035,"1,112,432",83.0975,83.0975,81.0025
10/28/2020,83.3925,"814,544",85.24,85.24,83.2025
10/27/2020,86.5875,"618,328",87.27,87.975,86.2975
10/26/2020,87.0425,"771,880",88.03,88.055,86.32
10/23/2020,89.1125,"576,292",88.5075,89.22,87.855
10/22/2020,88.295,"450,076",87.32,88.69,87.2125
10/21/2020,87.1975,"596,020",87.1125,88.0713,86.58
10/20/2020,86.865,"642,636",87.82,88.4275,86.6175
10/19/2020,87.105,"616,888",88.395,89.33,86.875
10/16/2020,88.425,"580,424",88.94,89.5751,87.9575
10/15/2020,88.355,"653,992",87.5,88.7332,87.1887
10/14/2020,88.4675,"694,020",89.0,89.715,87.915
10/13/2020,89.06,"628,448",90.0175,90.4925,88.5575
10/12/2020,90.1575,"696,264",89.7825,91.0125,89.2425
10/09/2020,89.4625,"545,100",89.2125,89.85,88.6937
10/08/2020,88.6875,"570,640",87.5,89.1525,87.2892
10/07/2020,87.7175,"757,404",85.775,87.935,85.775
10/06/2020,85.505,"884,332",85.4375,87.4575,85.2025
10/05/2020,85.705,"825,072",84.5,85.93,84.5
10/02/2020,83.8575,"721,296",83.8175,84.4975,82.325
10/01/2020,84.6925,"847,508",84.9925,85.4025,84.1675
09/30/2020,84.28,"1,062,896",83.7175,85.1338,83.625
09/29/2020,83.3975,"743,120",83.8725,84.9813,83.315
09/28/2020,83.53,"731,220",84.4025,85.17,83.4262
09/25/2020,83.31,"794,660",81.805,83.606,81.6875
09/24/2020,82.2575,"729,896",82.76,83.1238,81.6975
09/23/2020,83.4075,"854,068",84.6725,85.08,83.2125
09/22/2020,84.8125,"1,001,584",85.915,85.915,83.6225
09/21/2020,85.465,"1,237,284",85.3925,85.8924,83.995
09/18/2020,86.6075,"2,033,556",86.4175,88.1,85.9875
09/17/2020,86.945,"1,505,048",85.02,87.2175,83.925
09/16/2020,85.5775,"1,374,624",84.14,86.1275,84.14
09/15/2020,84.015,"935,436",83.93,85.0425,83.6875
09/14/2020,83.6375,"1,262,880",82.09,84.4625,81.975
09/11/2020,81.7075,"1,601,592",81.3375,83.095,80.915
09/10/2020,81.13,"1,229,116",80.3675,81.5025,79.7712
09/09/2020,79.8,"1,077,700",80.0225,80.93,79.2675
09/08/2020,79.55,"1,706,256",80.1675,80.7675,77.985
09/04/2020,80.8725,"3,672,512",80.0,84.0,78.37
09/03/2020,76.7025,"1,451,476",79.0575,79.1225,76.23
09/02/2020,79.3025,"1,250,396",77.505,79.42,77.345
09/01/2020,77.35,"1,421,868",78.745,78.7537,76.99
08/31/2020,78.595,"1,655,092",78.8175,79.4275,78.3563
08/28/2020,78.9725,"1,015,444",78.1875,79.1275,77.3413
08/27/2020,78.1075,"1,169,088",76.25,78.625,75.625
08/26/2020,76.3625,"785,900",75.875,76.975,75.4625
08/25/2020,76.2575,"995,416",75.8575,76.275,75.4112
08/24/2020,75.4775,"929,332",75.855,75.855,74.945
08/21/2020,75.4,"1,479,992",74.8975,75.455,73.7338
08/20/2020,74.815,"1,100,564",75.36,76.045,74.5975
08/19/2020,76.375,"1,087,608",76.75,77.1513,75.6625
08/18/2020,76.81,"1,285,928",76.4675,77.11,75.3525
08/17/2020,76.25,"1,525,496",76.1325,76.615,75.6475
08/14/2020,75.955,"827,520",76.0625,76.56,75.4
08/13/2020,76.225,"938,060",76.2575,76.5625,75.85
08/12/2020,76.33,"973,236",75.5575,77.3825,75.5575
08/11/2020,75.0775,"1,282,140",77.0825,77.1425,74.795
08/10/2020,76.7075,"1,387,196",76.17,77.0125,75.63
08/07/2020,75.98,"1,077,048",75.165,76.0,75.03
08/06/2020,75.095,"984,028",74.6125,75.1325,73.2225
08/05/2020,74.7875,"1,087,068",74.6425,75.4363,74.1994
08/04/2020,74.2275,"1,634,156",73.4475,74.845,72.8
08/03/2020,73.84,"1,602,388",71.085,74.0,70.6775
07/31/2020,70.7325,"1,145,380",70.6725,71.0325,69.6425
07/30/2020,70.675,"988,068",70.735,71.0775,69.4562
07/29/2020,71.73,"1,040,008",70.3975,72.2613,70.3975
07/28/2020,70.3775,"778,788",71.4225,71.45,70.3475
07/27/2020,71.595,"700,836",70.955,72.215,70.955
07/24/2020,70.895,"1,168,984",71.025,71.4275,70.0301
07/23/2020,71.17,"1,158,892",72.5175,73.0375,70.8625
07/22/2020,72.44,"929,828",73.2275,73.6975,71.8075
07/21/2020,72.8925,"941,956",72.58,73.3425,72.285
07/20/2020,72.3275,"1,094,624",72.9925,73.005,71.2412
07/17/2020,72.8425,"1,208,760",72.5725,73.2675,71.7725
07/16/2020,72.2325,"1,686,720",73.7825,73.8975,71.9938
07/15/2020,74.21,"1,866,304",72.85,74.75,72.68
07/14/2020,71.975,"1,514,156",71.465,72.08,70.47
07/13/2020,71.41,"1,280,788",72.8025,72.8025,71.3025
07/10/2020,72.35,"1,283,488",72.195,73.2475,71.3075
07/09/2020,72.4325,"2,164,864",70.2325,73.2475,69.5238
07/08/2020,70.02,"1,849,268",70.7275,70.9525,69.4
07/07/2020,70.565,"1,877,196",70.895,71.71,70.4475
07/06/2020,71.3,"3,001,216",72.39,73.325,70.815
07/02/2020,72.5175,"1,569,584",72.8825,73.425,71.425
07/01/2020,71.8775,"1,528,104",70.73,72.28,70.705
06/30/2020,70.91,"3,366,116",68.0475,71.58,67.4202
06/29/2020,67.7325,"1,656,940",68.465,69.0162,67.23
06/26/2020,68.245,"2,132,532",69.0425,69.4975,67.4077
06/25/2020,69.1525,"2,258,044",70.255,70.255,67.8925
06/24/2020,70.3475,"2,606,272",74.44,74.6813,69.875
06/23/2020,74.995,"1,073,684",74.25,76.16,74.125
06/22/2020,74.1175,"1,351,624",74.6425,74.76,73.185
06/19/2020,74.78,"2,493,800",76.66,77.2512,74.485
06/18/2020,75.475,"1,283,688",75.2375,76.1025,75.075
06/17/2020,75.6325,"1,174,160",75.495,76.24,74.515
06/16/2020,75.025,"1,812,728",74.8725,76.715,74.235
06/15/2020,72.5875,"2,302,248",70.8975,73.005,68.9325
06/12/2020,72.1,"1,904,104",71.095,72.3,69.22
06/11/2020,69.6375,"1,679,656",73.56,73.6,69.605
06/10/2020,74.6575,"1,675,252",75.8075,77.12,74.4262
06/09/2020,75.8075,"1,323,136",79.5825,80.125,75.6275
06/08/2020,80.075,"1,780,708",79.61,81.06,79.3444
06/05/2020,79.635,"3,243,872",78.4125,81.1025,75.8625
06/04/2020,78.465,"1,410,260",79.535,80.1038,77.93
06/03/2020,79.805,"1,138,224",79.9975,80.5175,79.4275
06/02/2020,79.0875,"1,026,692",78.53,79.41,77.71
06/01/2020,78.795,"968,360",79.32,79.8925,78.2387
05/29/2020,79.245,"2,007,152",79.315,80.1125,77.615
05/28/2020,79.1575,"1,637,752",77.9375,80.5975,77.7775
05/27/2020,77.135,"1,357,164",75.6475,77.24,75.0875
05/26/2020,74.475,"1,317,904",73.1475,75.115,73.0325
05/22/2020,71.855,"1,193,424",71.91,72.085,71.31
05/21/2020,71.95,"1,664,640",73.75,73.75,70.925
05/20/2020,74.0775,"1,446,360",75.3425,75.3425,73.43
05/19/2020,74.59,"813,368",75.43,76.3725,74.4775
05/18/2020,75.5425,"1,216,888",75.5175,76.755,75.3525
05/15/2020,74.13,"2,716,864",73.695,75.8137,73.5625
05/14/2020,74.135,"1,023,044",73.3625,74.3325,72.705
05/13/2020,74.105,"1,199,968",75.7125,75.9325,73.22
05/12/2020,75.88,"943,236",77.1525,78.46,75.8725
05/11/2020,76.955,"1,001,296",75.4525,77.45,75.4525
05/08/2020,76.13,"1,013,124",76.91,77.2313,75.5782
05/07/2020,75.975,"1,117,080",74.65,76.23,74.2488
05/06/2020,73.74,"1,044,980",73.31,74.9525,72.5075
05/05/2020,72.72,"885,704",72.6525,73.705,72.005
05/04/2020,71.7725,"1,043,816",70.24,72.065,69.6525
05/01/2020,70.0775,"752,260",70.9475,71.285,69.855
04/30/2020,71.675,"1,275,488",72.4975,72.94,71.4325
04/29/2020,72.955,"1,222,036",73.5925,74.875,72.685
04/28/2020,72.775,"1,322,232",74.2625,74.2625,72.155
04/27/2020,73.4125,"1,188,692",73.75,74.52,72.3287
04/24/2020,73.3025,"1,404,792",72.765,73.5625,71.315
04/23/2020,72.5675,"1,200,316",74.0025,74.385,72.275
04/22/2020,73.525,"741,244",73.2825,73.9225,71.5425
04/21/2020,72.1325,"992,976",74.96,75.21,71.885
04/20/2020,76.175,"655,548",75.9,76.8075,75.14
04/17/2020,76.57,"1,153,360",75.6175,76.9275,74.8136
04/16/2020,74.2375,"968,540",75.065,75.065,73.1975
04/15/2020,74.675,"1,747,724",73.3175,75.3113,73.165
04/14/2020,75.1225,"1,368,976",76.025,78.0575,74.6325
04/13/2020,74.7575,"1,902,044",74.155,74.875,73.035
04/09/2020,74.1425,"1,719,564",73.8,75.0625,72.3225
04/08/2020,74.3575,"1,389,528",73.39,74.825,71.465
04/07/2020,73.16,"1,209,880",76.305,76.6863,73.0125
04/06/2020,74.17,"960,716",72.2575,74.65,71.96
04/03/2020,69.92,"1,256,808",70.565,72.0,69.625
04/02/2020,70.9575,"1,235,908",67.6525,71.085,67.45
04/01/2020,68.2625,"1,700,064",67.2,69.9075,66.0025
03/31/2020,68.9175,"1,424,140",70.24,71.5162,68.765
03/30/2020,70.0375,"1,089,524",68.74,70.665,68.7075
03/27/2020,68.3075,"1,302,108",68.26,70.0763,65.2119
03/26/2020,70.5125,"2,054,844",65.335,70.5125,64.0225
03/25/2020,64.2225,"1,772,592",63.4825,66.4225,61.7388
03/24/2020,63.9725,"1,292,440",63.76,65.6673,60.805
03/23/2020,60.86,"1,702,544",63.165,64.815,59.4275
03/20/2020,62.6625,"2,066,528",69.545,69.9775,61.6775
03/19/2020,68.2875,"1,653,040",62.4375,71.7325,59.805
03/18/2020,62.7775,"1,954,212",64.8575,66.365,59.1688
03/17/2020,68.7925,"1,912,700",65.7775,68.9675,62.7675
03/16/2020,64.8575,"1,985,184",64.15,70.1775,62.875
03/13/2020,72.76,"2,407,580",72.9575,73.1205,68.1943
03/12/2020,70.0125,"3,310,436",75.9575,77.4975,69.9925
03/11/2020,80.9725,"2,698,848",81.66,83.9725,79.9338
03/10/2020,83.7375,"1,784,496",80.95,83.775,78.3525
03/09/2020,79.375,"1,888,692",82.5,82.5,78.12
03/06/2020,83.4525,"2,207,616",82.18,84.605,78.385
03/05/2020,81.3175,"1,867,424",82.4625,83.805,80.3675
03/04/2020,84.535,"1,231,860",83.7725,84.86,82.8225
03/03/2020,82.495,"1,690,944",83.8025,86.265,81.2625
03/02/2020,83.8625,"1,128,276",82.0075,83.88,81.0375
02/28/2020,81.1425,"2,271,440",80.265,81.4,77.75
02/27/2020,82.0675,"1,286,688",82.8875,84.7237,82.0
02/26/2020,83.83,"1,153,060",84.665,86.1325,83.8175
02/25/2020,84.1125,"1,266,316",87.085,87.4875,83.6725
02/24/2020,86.78,"1,393,728",87.2975,87.8075,85.805
02/21/2020,88.9175,"639,580",88.495,89.3937,88.475
02/20/2020,88.7075,"537,376",88.8825,89.265,87.885
02/19/2020,89.14,"551,504",89.3725,90.0,88.83
02/18/2020,89.0875,"675,364",88.065,89.2325,87.675
02/14/2020,88.3275,"797,320",88.33,89.06,88.1
02/13/2020,88.2425,"685,408",87.7275,88.6875,87.49
02/12/2020,88.2725,"760,224",87.9375,88.93,87.7525
02/11/2020,87.8475,"1,002,232",87.76,88.7275,87.4225
02/10/2020,87.3475,"602,276",86.6225,87.5275,86.4289
02/07/2020,87.05,"680,992",87.9475,88.4575,86.93
02/06/2020,88.255,"832,284",88.5175,88.715,87.9775
02/05/2020,88.3925,"1,004,756",88.2775,89.2725,88.1975
02/04/2020,87.5375,"1,252,008",87.575,88.2875,87.17
02/03/2020,86.56,"1,197,740",87.2175,87.4925,86.3162
01/31/2020,86.7225,"1,602,032",87.9975,88.3512,86.2588
01/30/2020,88.35,"1,075,584",87.91,88.435,87.2625
01/29/2020,88.58,"977,664",88.75,89.5763,88.53
01/28/2020,88.76,"1,354,196",88.7325,89.465,88.23
01/27/2020,88.5525,"930,436",86.8625,89.25,86.7965
01/24/2020,88.09,"1,371,340",89.175,89.23,87.7575
01/23/2020,89.25,"1,217,600",89.665,89.705,88.2875
01/22/2020,89.995,"1,729,084",90.47,91.42,89.76
01/21/2020,89.64,"2,389,928",88.6025,89.9425,88.1675
01/17/2020,88.8275,"1,591,536",87.5,88.8525,87.065
01/16/2020,87.265,"1,402,540",86.47,87.4475,85.9425
01/15/2020,85.9625,"1,460,160",84.115,86.0725,84.115
01/14/2020,84.0175,"1,157,464",83.1675,84.0975,82.7975
01/13/2020,83.3875,"943,612",83.41,83.7475,83.23
01/10/2020,83.4125,"875,760",83.475,83.5825,82.5925
01/09/2020,83.3125,"1,488,744",82.215,83.38,81.935
01/08/2020,81.9125,"1,343,008",81.2475,82.06,81.085
01/07/2020,81.0125,"849,508",80.74,81.17,80.0775
01/06/2020,80.7925,"740,604",80.3675,80.94,79.9562
01/03/2020,80.575,"789,204",79.62,80.74,79.565
01/02/2020,80.83,"1,238,504",80.805,80.9625,79.6937
12/31/2019,80.3225,"968,484",79.62,80.39,79.505
12/30/2019,79.8625,"549,768",80.1,80.4175,79.565
12/27/2019,80.2775,"732,280",80.125,80.555,79.6852
12/26/2019,80.0025,"686,040",80.4325,80.4325,79.4537
12/24/2019,80.5125,"250,572",80.195,80.5875,79.6875
12/23/2019,80.1675,"1,144,848",79.8875,80.615,79.02
12/20/2019,79.7725,"1,552,084",80.2775,80.675,79.225
12/19/2019,79.9175,"833,180",80.0,80.1525,79.24
12/18/2019,79.96,"1,254,744",79.6875,80.1,79.475
12/17/2019,79.5675,"1,184,540",79.7875,79.7875,79.1275
12/16/2019,79.7425,"1,307,876",80.245,80.395,79.3287
12/13/2019,79.23,"1,114,688",78.4725,79.6175,78.41
12/12/2019,78.6375,"1,831,012",76.715,78.8725,76.435
12/11/2019,76.67,"1,259,808",76.145,76.76,75.8563
12/10/2019,76.135,"1,054,912",75.9375,76.5975,75.775
12/09/2019,75.565,"1,820,916",76.5425,76.715,75.5
12/06/2019,76.7975,"2,964,600",77.025,78.1525,75.29
12/05/2019,78.215,"1,315,988",78.2075,78.735,77.7775
12/04/2019,78.0225,"1,448,408",77.795,78.72,77.6825
12/03/2019,77.855,"1,226,148",77.255,78.1175,77.2075
12/02/2019,77.945,"1,271,680",78.3825,78.55,77.3825
11/29/2019,78.2725,"644,648",78.62,78.9313,78.1225
11/27/2019,79.2425,"973,208",78.6775,79.5625,78.315
11/26/2019,78.295,"1,521,508",78.0475,78.6012,78.0475
11/25/2019,78.105,"1,298,456",77.19,78.365,76.5613
11/22/2019,76.9525,"605,528",76.7025,77.17,76.14
11/21/2019,76.6225,"943,052",75.9575,76.715,75.3019
11/20/2019,76.1175,"1,324,432",76.6475,77.3438,75.0275
11/19/2019,77.2675,"1,539,556",76.565,77.6813,76.25
11/18/2019,76.4225,"1,630,860",75.765,76.755,75.6575
11/15/2019,75.495,"922,896",74.915,75.5525,74.375
11/14/2019,74.9,"786,132",74.1925,74.9075,73.905
11/13/2019,74.1925,"1,211,320",73.4725,74.4313,73.1425
11/12/2019,73.6325,"956,908",73.2475,74.22,73.2475
11/11/2019,73.2325,"1,019,396",72.625,73.2575,72.1753
11/08/2019,72.85,"897,396",73.7075,73.7075,72.4375
11/07/2019,73.6875,"664,920",73.2325,73.9213,73.2325
11/06/2019,72.8725,"820,260",72.83,73.4175,72.4025
11/05/2019,72.735,"790,688",72.2225,73.0575,72.2225
11/04/2019,72.535,"844,940",73.2525,73.6325,72.415
11/01/2019,72.9575,"757,348",73.095,73.8612,72.865
10/31/2019,72.75,"756,560",73.02,73.72,71.905
10/30/2019,73.025,"805,544",72.71,73.115,72.375
10/29/2019,72.675,"1,269,128",71.05,72.8525,70.8775
10/28/2019,71.005,"1,029,420",70.7775,71.54,70.715
10/25/2019,70.4375,"987,772",70.565,71.605,70.2525
10/24/2019,70.68,"960,168",70.885,70.89,70.0588
10/23/2019,70.55,"911,512",70.2775,71.08,70.1936
10/22/2019,70.295,"1,345,032",72.24,72.625,70.065
10/21/2019,71.835,"1,258,380",72.32,72.435,71.62
10/18/2019,71.9525,"1,241,044",73.0475,73.3475,71.9
10/17/2019,73.0625,"856,216",73.155,73.75,72.8287
10/16/2019,72.8825,"1,296,176",73.61,73.7537,72.6875
10/15/2019,73.7875,"1,059,360",73.81,74.3025,72.945
10/14/2019,73.1275,"564,924",73.515,73.5775,72.86
10/11/2019,73.4725,"1,308,308",73.3675,74.5675,72.43
10/10/2019,72.7025,"1,397,552",71.955,73.2475,71.95
10/09/2019,72.245,"1,572,972",71.83,72.5775,71.63
10/08/2019,71.5175,"1,768,816",73.0075,73.0075,71.4925
10/07/2019,73.485,"1,694,672",73.72,74.18,73.345
10/04/2019,74.2175,"1,715,548",73.7175,74.47,73.5
10/03/2019,73.4375,"2,098,692",72.3475,73.5375,71.2625
10/02/2019,72.2325,"1,278,148",72.805,73.2025,71.74
10/01/2019,73.21,"1,151,856",74.385,74.7475,73.14
09/30/2019,74.25,"1,096,832",73.58,74.7925,73.5625
09/27/2019,73.5625,"1,017,868",75.205,75.4313,73.17
09/26/2019,74.72,"1,130,224",74.6475,75.48,74.3175
09/25/2019,74.32,"1,425,900",74.995,74.995,73.6825
09/24/2019,74.735,"1,595,476",75.745,76.47,74.39
09/23/2019,75.5475,"1,020,844",75.3475,75.9225,74.825
09/20/2019,75.58,"1,506,868",75.4275,76.5925,75.3375
09/19/2019,75.3125,"774,316",75.73,76.175,75.26
09/18/2019,75.775,"1,649,504",76.595,76.8475,75.15
09/17/2019,76.3875,"1,357,212",75.6625,76.75,75.55
09/16/2019,75.7725,"1,065,144",75.0025,76.275,74.63
09/13/2019,75.3775,"1,633,932",76.0075,76.68,74.9625
09/12/2019,76.25,"2,050,064",75.505,76.33,75.185
09/11/2019,74.7925,"1,252,656",74.25,75.0375,74.25
09/10/2019,74.2225,"1,619,012",74.185,74.88,72.715
09/09/2019,74.42,"1,604,368",75.5875,75.5875,74.15
09/06/2019,75.71,"1,202,128",76.95,77.4675,75.6363
09/05/2019,76.9325,"1,851,284",76.1925,76.995,75.8025
09/04/2019,75.3075,"1,549,224",75.18,75.6,74.62
09/03/2019,74.885,"2,103,060",77.195,77.4225,74.0025
08/30/2019,77.4375,"3,097,120",75.9525,77.475,73.8125
08/29/2019,82.1475,"1,727,788",80.725,83.175,80.725
08/28/2019,80.2425,"1,410,376",81.0,81.4225,79.55
08/27/2019,81.5975,"764,088",81.3,81.99,80.81
08/26/2019,81.06,"833,956",80.85,81.25,80.545
08/23/2019,80.4175,"1,231,636",82.5075,83.03,80.0775
08/22/2019,82.455,"1,080,760",83.28,83.64,82.365
08/21/2019,83.1525,"1,556,860",83.25,83.7875,81.805
08/20/2019,83.0825,"996,864",83.9375,84.67,83.0225
08/19/2019,83.845,"912,924",84.48,84.7925,83.6475
08/16/2019,83.845,"886,140",84.5075,85.4625,83.0413
08/15/2019,83.99,"696,872",83.53,84.3975,83.1125
08/14/2019,83.185,"706,240",84.555,85.9,83.15
08/13/2019,85.045,"930,484",83.72,86.0796,83.72
08/12/2019,83.2625,"623,152",83.855,84.3175,83.0675
08/09/2019,84.2175,"1,042,688",83.395,84.645,83.395
08/08/2019,83.535,"1,022,808",82.61,83.7225,82.3538
08/07/2019,82.655,"1,329,288",81.5175,82.7788,80.735
08/06/2019,82.1875,"2,475,012",81.6925,82.4075,80.555
08/05/2019,81.42,"1,113,032",82.89,83.5088,81.0125
08/02/2019,83.715,"792,812",84.6075,84.6075,82.9053
08/01/2019,84.4975,"939,980",84.2025,85.6975,83.9425
07/31/2019,84.35,"843,432",85.145,85.4613,84.2275
07/30/2019,85.2725,"716,468",85.09,85.5512,84.395
07/29/2019,85.3725,"809,240",84.615,85.3875,84.1275
07/26/2019,84.495,"663,524",84.7325,84.7325,83.9625
07/25/2019,84.425,"727,260",84.09,84.7325,83.9775
07/24/2019,84.155,"679,004",83.6325,84.18,83.0138
07/23/2019,83.75,"565,844",83.345,83.7825,82.38
07/22/2019,83.24,"830,192",82.84,83.6225,82.5525
07/19/2019,82.88,"705,144",83.31,83.32,82.52
07/18/2019,82.9775,"773,096",82.84,83.525,82.6525
07/17/2019,82.84,"1,099,892",81.725,83.4838,81.725
07/16/2019,82.0475,"998,084",82.995,83.435,81.9725
07/15/2019,82.985,"1,287,188",82.6125,83.1475,82.2225
07/12/2019,82.735,"791,480",83.575,83.575,81.9075
07/11/2019,83.5125,"1,406,768",82.9825,83.7,82.4625
07/10/2019,82.7425,"663,552",83.65,83.95,82.6162
07/09/2019,83.23,"910,800",82.12,83.32,82.12
07/08/2019,82.6225,"1,957,108",82.715,83.2425,82.02
07/05/2019,83.1825,"1,114,388",83.4675,83.7475,82.325
07/03/2019,83.815,"941,216",83.5675,84.65,82.8
07/02/2019,83.1975,"2,139,408",85.8325,85.8325,83.0725
07/01/2019,85.0,"1,372,288",84.845,85.215,84.325
06/28/2019,84.2225,"2,353,828",82.8825,84.2225,82.565
06/27/2019,82.8925,"765,904",82.41,82.9375,81.8
06/26/2019,82.1075,"1,065,812",82.445,82.76,81.5425
06/25/2019,82.495,"1,032,200",82.4475,83.5,82.2775
06/24/2019,82.235,"919,560",82.245,82.3375,81.1975
06/21/2019,82.2175,"1,718,080",82.0525,82.4025,80.7675
06/20/2019,81.86,"1,323,972",82.79,83.5825,81.2638
06/19/2019,82.8775,"852,708",81.1175,83.085,81.0775
06/18/2019,81.0475,"838,272",81.9675,82.3,80.9375
06/17/2019,81.1225,"684,956",81.0,81.3588,80.5662
06/14/2019,80.775,"1,044,104",81.2025,81.3475,80.4375
06/13/2019,81.14,"1,577,148",82.47,82.47,80.72
06/12/2019,82.03,"1,021,400",81.145,82.2763,80.9575
06/11/2019,81.0225,"1,155,312",80.7425,81.3113,80.22
06/10/2019,80.6525,"1,497,240",81.3075,81.47,80.4825
06/07/2019,80.4875,"1,428,244",80.18,81.0288,80.0625
06/06/2019,79.985,"1,604,252",78.34,80.145,78.125
06/05/2019,78.0675,"1,446,040",78.355,78.9193,77.9425
06/04/2019,77.6525,"1,525,372",76.195,77.795,75.7225
06/03/2019,75.44,"1,435,212",74.6525,75.9725,74.205
05/31/2019,74.4475,"1,911,268",71.76,74.49,69.7575
05/30/2019,71.61,"1,313,400",71.3025,72.4925,71.3025
05/29/2019,71.24,"1,383,588",71.65,71.65,70.2575
05/28/2019,71.645,"1,711,572",73.0275,74.1437,71.6
05/24/2019,72.805,"940,292",73.2,73.5675,72.565
05/23/2019,72.9825,"1,126,756",73.0125,73.2662,72.7075
05/22/2019,73.385,"799,928",73.22,73.5938,73.0687
05/21/2019,73.1275,"853,004",72.79,73.39,72.7387
05/20/2019,72.37,"803,952",72.8625,73.295,72.2375
05/17/2019,73.1825,"840,860",72.34,73.6675,72.3375
05/16/2019,72.915,"1,248,148",72.76,73.865,72.68
05/15/2019,72.69,"735,352",71.8825,72.9125,71.375
05/14/2019,71.95,"630,840",71.7025,72.545,71.7025
05/13/2019,71.6975,"722,224",71.78,72.2725,71.15
05/10/2019,72.9475,"596,144",72.6325,73.2,71.03
05/09/2019,72.855,"808,048",72.2775,73.095,71.4225
05/08/2019,72.7325,"691,648",72.26,73.11,71.89
05/07/2019,72.3075,"931,212",73.105,73.4425,71.6975
05/06/2019,73.69,"1,254,468",72.725,74.0775,72.08
05/03/2019,73.4775,"1,066,068",72.7025,73.645,72.635
05/02/2019,72.7025,"1,109,820",71.9775,72.75,71.12
05/01/2019,71.85,"825,772",72.44,72.73,71.6125
04/30/2019,72.48,"1,251,512",71.735,72.6775,71.28
04/29/2019,71.4725,"1,039,892",72.0375,72.4975,71.3325
04/26/2019,72.075,"1,354,724",70.8625,72.1,70.1075
04/25/2019,70.375,"2,189,732",70.26,70.6637,69.855
04/24/2019,70.615,"1,455,176",71.9575,72.0925,70.4375
04/23/2019,71.685,"1,167,100",71.39,72.1475,71.01
04/22/2019,71.0775,"1,273,356",69.9875,71.71,69.9875
04/18/2019,70.305,"1,891,372",70.11,71.1575,69.69
04/17/2019,69.8225,"1,646,708",72.5675,72.5675,69.625
04/16/2019,72.245,"1,122,192",74.1525,74.3612,71.8125
04/15/2019,73.905,"889,904",73.595,73.985,73.2177
04/12/2019,73.235,"1,067,148",73.0,74.305,72.8962
04/11/2019,72.97,"1,199,768",73.2775,73.2775,72.2675
04/10/2019,72.92,"768,732",72.525,73.295,72.0812
04/09/2019,72.365,"1,574,536",72.2375,73.1863,72.1025
04/08/2019,72.5075,"1,183,384",72.2825,72.51,71.145
04/05/2019,72.36,"2,884,300",72.3975,72.8787,72.0588
04/04/2019,72.6825,"1,649,084",74.27,74.27,72.3662
04/03/2019,74.2675,"1,463,372",74.5925,74.8475,73.8875
04/02/2019,74.3975,"1,122,868",74.1125,74.625,73.045
04/01/2019,73.955,"1,416,772",74.5,75.59,73.6175
03/29/2019,74.0425,"1,425,968",73.83,74.485,73.2175
03/28/2019,73.7425,"1,017,244",73.555,73.9225,72.8762
03/27/2019,73.2125,"944,692",73.5275,73.7025,72.735
03/26/2019,73.5275,"1,430,616",73.5775,74.2725,73.4475
03/25/2019,73.0775,"960,600",73.1,73.46,72.4925
03/22/2019,72.94,"1,065,120",74.1575,74.405,72.9
03/21/2019,74.3125,"975,164",72.685,74.47,72.685
03/20/2019,72.8025,"1,269,604",73.625,73.625,72.69
03/19/2019,73.645,"1,489,348",73.195,73.7338,72.4525
03/18/2019,73.295,"1,526,308",73.6875,74.08,72.3075
03/15/2019,73.8075,"1,760,940",73.68,74.19,73.4425
03/14/2019,73.7025,"1,716,852",72.8675,73.84,72.49
03/13/2019,73.0275,"919,384",73.4175,73.5975,72.5662
03/12/2019,73.2475,"1,325,368",72.4775,73.4225,72.0025
03/11/2019,72.2025,"1,499,628",72.1075,72.6287,71.92
03/08/2019,72.025,"1,570,184",71.6225,72.725,70.7325
03/07/2019,72.0975,"1,961,300",70.9975,73.115,70.7725
03/06/2019,70.69,"4,107,864",74.75,74.75,69.7125
03/05/2019,72.555,"2,040,436",72.255,72.785,71.3425
03/04/2019,71.9625,"1,897,200",72.8375,72.9175,70.9762
03/01/2019,72.6675,"3,536,628",71.795,73.0487,71.385
02/28/2019,71.4975,"3,253,936",71.8175,72.1125,71.4075
02/27/2019,71.755,"2,353,148",71.935,72.295,71.5837
02/26/2019,72.1875,"1,298,384",73.6,73.8388,72.07
02/25/2019,73.65,"1,062,060",73.3575,73.7747,73.1375
02/22/2019,73.1475,"1,357,200",71.6675,73.25,71.1725
02/21/2019,71.5825,"1,158,816",71.03,71.995,70.885
02/20/2019,71.155,"917,768",70.7,71.2725,70.6125
02/19/2019,70.855,"1,235,228",69.7825,70.9175,69.72
02/15/2019,69.7675,"2,898,396",69.5875,70.0475,68.6925
02/14/2019,69.0025,"1,062,356",69.395,69.4925,68.88
02/13/2019,69.5,"1,009,320",69.7525,69.8469,68.6675
02/12/2019,69.5225,"901,384",69.245,69.6675,68.625
02/11/2019,68.8075,"889,384",69.375,69.8725,68.67
02/08/2019,69.0175,"837,824",67.9425,69.04,67.8088
02/07/2019,68.205,"1,242,320",68.61,68.97,67.635
02/06/2019,69.115,"979,344",69.4175,69.6625,68.9275
02/05/2019,69.4625,"901,164",69.555,70.325,69.1825
02/04/2019,69.31,"1,342,728",69.435,69.675,68.4
02/01/2019,69.43,"1,479,332",70.48,72.1275,69.2525
01/31/2019,69.69,"1,873,100",68.91,69.945,68.4587
01/30/2019,69.1875,"1,171,600",68.45,69.7875,68.1388
01/29/2019,68.44,"810,440",68.4175,68.8888,67.77
01/28/2019,68.41,"723,088",68.5175,68.8125,67.985
01/25/2019,68.9025,"1,070,664",68.235,68.9525,68.02
01/24/2019,67.9925,"957,116",67.27,68.1325,67.245
01/23/2019,67.2025,"970,392",67.11,68.1475,66.21
01/22/2019,66.8775,"1,243,232",67.09,67.3275,66.0975
01/18/2019,67.4075,"2,208,856",67.2775,67.52,65.94
01/17/2019,66.875,"2,167,096",68.0575,68.6125,66.8025
01/16/2019,68.0375,"1,740,712",67.25,68.2475,66.7125
01/15/2019,67.17,"1,272,652",64.9325,67.425,64.8025
01/14/2019,65.145,"1,379,748",65.005,65.895,64.8275
01/11/2019,65.3725,"742,176",64.665,65.41,63.9575
01/10/2019,64.91,"1,091,592",64.295,65.075,64.0175
01/09/2019,64.565,"1,809,092",63.75,65.7875,63.75
01/08/2019,63.4575,"1,661,860",61.9575,63.575,61.9575
01/07/2019,61.6925,"1,934,188",61.8,62.6313,61.5
01/04/2019,61.5475,"3,480,388",60.5,62.3225,60.4304
01/03/2019,61.545,"1,873,092",62.305,62.5925,60.6112
01/02/2019,62.6575,"1,173,984",62.885,63.22,61.76
12/31/2018,63.625,"1,163,416",62.9475,63.905,62.34
12/28/2018,62.4125,"1,810,572",63.2375,63.2375,61.5825
12/27/2018,63.045,"3,474,152",60.46,63.185,59.995
12/26/2018,61.1475,"1,816,816",58.49,61.17,57.965
12/24/2018,58.175,"1,428,116",58.9825,58.9825,57.1625
12/21/2018,59.145,"2,832,476",58.6075,59.8425,58.6075
12/20/2018,59.195,"2,174,712",60.6725,61.0375,58.6163
12/19/2018,60.8975,"1,743,420",61.99,62.4175,60.4875
12/18/2018,61.805,"2,178,472",61.61,62.2625,61.4
12/17/2018,61.115,"1,618,612",61.8675,62.4625,60.4525
12/14/2018,62.4925,"1,146,708",63.77,63.77,62.1625
12/13/2018,64.22,"1,314,408",64.43,64.895,63.6125
12/12/2018,63.6825,"1,313,336",64.4875,65.225,63.605
12/11/2018,63.6925,"1,707,872",64.0225,65.1925,62.3
12/10/2018,63.27,"3,138,336",60.6625,63.675,60.2875
12/07/2018,60.7525,"5,014,712",65.8725,68.0,60.6625
12/06/2018,69.2575,"2,532,772",68.2775,69.4725,66.195
12/04/2018,68.725,"2,121,776",70.595,70.715,68.485
12/03/2018,70.415,"2,321,520",69.9825,70.795,69.9475
11/30/2018,69.7075,"2,044,092",69.805,70.4375,68.98
11/29/2018,69.355,"1,412,604",68.065,69.6525,68.065
11/28/2018,68.345,"2,349,436",68.3325,68.48,67.275
11/27/2018,68.41,"1,167,072",68.0175,68.575,67.375
11/26/2018,68.13,"1,478,740",68.25,68.7475,67.74
11/23/2018,67.52,"618,320",66.1525,67.5875,66.1525
11/21/2018,66.48,"1,201,572",65.31,66.9525,65.31
11/20/2018,65.225,"1,245,392",63.4375,65.3075,63.09
11/19/2018,64.2,"1,160,212",66.3925,66.3925,63.7738
11/16/2018,66.2575,"1,080,136",64.0825,66.4275,63.3425
11/15/2018,64.3025,"1,139,788",63.12,64.515,62.615
11/14/2018,63.515,"1,004,864",64.2625,65.525,62.9375
11/13/2018,63.75,"1,352,660",65.4,65.865,63.54
11/12/2018,65.4375,"1,426,980",66.9575,66.9575,65.1375
11/09/2018,66.95,"818,312",66.875,67.585,66.305
11/08/2018,66.9075,"901,640",66.495,67.0675,66.2125
11/07/2018,66.4625,"977,868",65.25,67.1,65.25
11/06/2018,64.91,"979,540",64.225,65.11,64.225
11/05/2018,64.5625,"1,260,560",66.0,66.39,63.685
11/02/2018,65.8575,"761,872",66.115,66.4975,65.45
11/01/2018,65.77,"940,516",64.92,65.885,64.5775
10/31/2018,64.5775,"1,423,080",63.88,65.6425,63.5725
10/30/2018,63.5725,"924,488",62.285,63.6488,62.1763
10/29/2018,61.925,"1,008,044",62.4475,63.1075,61.205
10/26/2018,61.9625,"869,840",61.9575,62.6925,60.9625
10/25/2018,62.6375,"725,464",62.355,63.1625,61.4425
10/24/2018,62.1425,"781,796",63.4725,64.1075,62.025
10/23/2018,63.445,"884,488",62.78,63.96,62.025
10/22/2018,63.57,"632,496",63.7625,63.84,63.2163
10/19/2018,63.5525,"836,344",64.6,64.775,63.4975
10/18/2018,64.53,"802,640",66.09,66.1675,64.125
10/17/2018,66.07,"647,668",65.235,66.1875,64.9013
10/16/2018,65.5175,"994,544",63.5075,65.7,63.5075
10/15/2018,63.25,"871,176",63.9425,64.175,63.0775
10/12/2018,64.055,"1,209,168",63.5225,64.215,63.05
10/11/2018,62.6475,"1,263,076",63.1825,63.92,62.2975
10/10/2018,63.1425,"1,055,696",64.705,65.1975,63.0875
10/09/2018,64.9225,"1,500,572",65.5875,65.87,64.5275
10/08/2018,65.5675,"1,187,176",66.665,66.665,65.02
10/05/2018,66.7225,"1,345,812",67.095,67.65,65.885
10/04/2018,66.9575,"1,585,812",68.7775,68.7775,66.5575
10/03/2018,69.0075,"1,576,392",69.995,70.025,68.6925
10/02/2018,69.8075,"839,692",69.6775,69.855,69.31
10/01/2018,69.685,"875,468",69.3275,70.025,69.2125
09/28/2018,69.2875,"1,106,604",68.8375,69.48,68.53
09/27/2018,68.8325,"837,196",68.6825,69.1575,68.4925
09/26/2018,68.625,"975,260",68.4575,69.0775,68.0525
09/25/2018,68.21,"1,027,668",67.5,68.36,67.2675
09/24/2018,67.36,"881,860",67.29,67.5925,66.9225
09/21/2018,67.2325,"1,593,084",67.0325,67.66,66.6425
09/20/2018,66.89,"2,046,336",66.625,67.3275,66.1825
09/19/2018,66.335,"1,501,776",66.25,66.8325,66.0239
09/18/2018,66.19,"1,069,576",64.9825,66.2625,64.68
09/17/2018,64.915,"1,180,448",65.775,65.83,64.595
09/14/2018,65.73,"938,852",66.2825,66.2825,65.4725
09/13/2018,66.33,"1,158,036",66.3425,66.81,65.7
09/12/2018,66.2975,"1,020,100",65.75,66.45,65.75
09/11/2018,65.93,"1,415,420",64.87,66.1625,64.87
09/10/2018,64.995,"1,555,992",65.1275,66.995,64.5675
09/07/2018,64.8575,"1,176,496",64.95,65.2613,64.395
09/06/2018,64.9525,"1,420,056",63.81,65.405,63.6725
09/05/2018,63.835,"1,562,292",63.935,64.39,62.9875
09/04/2018,64.17,"2,053,340",63.945,64.7638,63.755
08/31/2018,63.945,"4,602,776",63.625,65.0825,61.575
08/30/2018,65.9225,"1,107,028",66.1025,66.48,65.6984
08/29/2018,66.4025,"1,173,636",65.9,66.7475,65.6875
08/28/2018,65.8925,"1,094,040",65.6925,66.3325,65.2575
08/27/2018,65.4575,"1,055,568",65.2525,65.4975,64.785
08/24/2018,64.995,"771,304",64.6975,65.0662,64.5975
08/23/2018,64.8025,"706,224",64.8825,65.295,64.625
08/22/2018,64.8825,"997,100",63.84,65.075,63.685
08/21/2018,64.19,"1,086,412",64.275,64.4575,63.7825
08/20/2018,64.015,"1,261,036",64.435,64.57,63.92
08/17/2018,64.4075,"896,356",64.0525,64.6875,63.7025
08/16/2018,63.905,"837,816",63.4925,64.2375,63.12
08/15/2018,63.2875,"1,204,524",63.705,63.705,62.725
08/14/2018,63.7425,"1,007,260",63.18,64.135,62.5
08/13/2018,63.2975,"881,264",63.29,64.2325,62.9045
08/10/2018,63.315,"1,468,412",64.0375,64.0375,63.0875
08/09/2018,64.21,"894,136",64.6675,65.2075,64.17
08/08/2018,64.4875,"1,061,944",64.475,64.7575,63.8625
08/07/2018,64.3725,"1,314,488",64.47,64.52,63.8325
08/06/2018,64.61,"1,112,636",64.8825,65.105,64.5
08/03/2018,65.0775,"1,051,440",65.2475,65.2475,64.6925
08/02/2018,65.09,"927,292",64.835,65.3925,64.5125
08/01/2018,64.7575,"1,100,336",64.785,64.9825,64.3225
07/31/2018,65.125,"1,579,248",64.385,65.4275,64.2025
07/30/2018,63.99,"1,404,424",64.31,64.61,63.4375
07/27/2018,63.4975,"938,836",64.025,64.25,63.3375
07/26/2018,63.88,"949,916",63.975,64.4125,63.3525
07/25/2018,63.7475,"1,128,580",62.62,63.81,62.5374
07/24/2018,62.73,"1,516,328",62.5875,63.535,62.485
07/23/2018,62.565,"1,411,368",61.925,62.76,61.5925
07/20/2018,62.145,"1,934,648",61.6775,62.9175,61.6775
07/19/2018,61.9975,"1,389,864",61.77,62.07,61.145
07/18/2018,61.6975,"1,341,152",61.6475,61.9975,60.965
07/17/2018,61.5175,"1,621,308",60.65,61.5825,60.65
07/16/2018,60.675,"1,611,328",61.75,61.805,60.5575
07/13/2018,61.78,"1,105,508",61.61,62.0525,61.1825
07/12/2018,61.46,"1,808,252",61.775,61.9412,60.9275
07/11/2018,61.765,"1,536,804",61.1925,62.1725,61.0412
07/10/2018,61.3225,"1,502,528",61.385,61.4925,60.8975
07/09/2018,61.245,"1,773,888",60.7375,61.375,60.6763
07/06/2018,60.675,"1,516,928",60.0225,60.8931,59.8787
07/05/2018,59.78,"1,113,684",59.77,59.8375,59.05
07/03/2018,59.54,"1,126,408",58.995,60.1775,58.63
07/02/2018,59.075,"1,780,076",58.3925,59.0825,58.035
06/29/2018,58.8625,"1,838,140",58.6375,59.3725,58.5875
06/28/2018,58.6975,"2,486,172",58.125,58.8225,57.705
06/27/2018,58.125,"1,665,548",58.6275,59.12,57.925
06/26/2018,58.7025,"1,122,944",58.5,58.9425,58.2325
06/25/2018,58.5,"2,096,892",59.395,59.395,58.015
06/22/2018,59.3075,"3,934,660",58.6575,59.5913,58.3525
06/21/2018,58.495,"1,829,704",58.02,58.6938,57.805
06/20/2018,57.96,"1,264,040",58.3425,58.56,57.7863
06/19/2018,58.385,"2,106,664",58.385,58.405,57.6175
06/18/2018,58.65,"2,113,552",58.815,58.82,57.8338
06/15/2018,59.2575,"4,106,832",58.7825,59.3975,58.365
06/14/2018,58.7875,"3,700,632",56.875,59.415,56.7675
06/13/2018,56.7075,"1,757,256",57.0625,57.265,56.405
06/12/2018,57.0,"2,009,072",55.4325,57.005,55.4125
06/11/2018,55.4925,"3,024,148",57.7975,58.0712,55.375
06/08/2018,58.0525,"4,837,328",59.2625,61.25,55.6075
06/07/2018,56.625,"2,102,828",57.215,57.6488,56.2175
06/06/2018,57.2325,"1,195,812",56.365,57.4225,56.1
06/05/2018,56.2225,"1,951,256",56.5475,56.7775,55.7788
06/04/2018,56.575,"1,991,332",56.9975,57.435,56.5225
06/01/2018,57.0275,"1,486,392",56.905,57.5075,56.7825
05/31/2018,56.5775,"1,931,728",57.215,57.76,56.5
05/30/2018,57.4325,"1,587,240",56.3575,57.8113,56.3575
05/29/2018,56.125,"2,149,904",56.35,56.545,55.685
05/25/2018,56.9375,"1,577,304",57.385,58.0275,56.735
05/24/2018,57.3975,"1,236,916",58.1625,58.3475,57.3375
05/23/2018,57.98,"993,164",57.875,58.325,57.6225
05/22/2018,58.01,"1,096,960",59.035,59.2275,57.9338
05/21/2018,59.1225,"1,071,648",58.5225,59.2062,58.3762
05/18/2018,58.3275,"1,082,080",57.66,58.555,57.625
05/17/2018,57.7025,"1,790,272",57.9925,57.9925,57.4525
05/16/2018,57.885,"1,196,432",58.1575,58.2325,57.6375
05/15/2018,58.06,"948,252",58.4075,58.5662,57.8075
05/14/2018,58.7925,"1,898,548",58.57,59.15,58.5688
05/11/2018,58.58,"1,172,860",57.775,58.61,57.775
05/10/2018,57.855,"888,940",56.88,57.8925,56.6175
05/09/2018,56.6225,"1,298,376",56.6575,56.9275,56.0175
05/08/2018,56.7,"1,139,220",56.51,57.2125,56.255
05/07/2018,56.3925,"1,179,152",56.865,57.1425,56.26
05/04/2018,56.64,"865,768",56.105,56.9575,55.535
05/03/2018,56.32,"1,519,388",56.1825,56.7125,55.665
05/02/2018,56.7125,"1,033,120",57.3525,57.5325,56.6138
05/01/2018,57.5225,"1,140,400",57.205,57.7025,56.9675
04/30/2018,57.1775,"1,326,092",57.9875,58.1075,57.135
04/27/2018,57.685,"1,002,508",57.3375,57.94,57.1
04/26/2018,57.4,"1,208,944",56.9325,57.73,56.82
04/25/2018,56.8975,"1,708,056",55.5875,56.9325,55.225
04/24/2018,55.8075,"1,614,848",56.6825,56.95,55.43
04/23/2018,56.39,"1,188,888",56.6375,56.67,56.08
04/20/2018,56.28,"1,874,528",56.3125,56.6425,55.68
04/19/2018,56.305,"1,048,168",56.645,57.0175,56.03
04/18/2018,56.7475,"1,432,716",56.8975,57.2525,56.2625
04/17/2018,56.835,"1,662,288",57.2775,57.4688,56.55
04/16/2018,57.0,"1,941,428",56.0325,57.1175,55.415
04/13/2018,55.3425,"2,276,584",55.38,55.655,54.885
04/12/2018,55.255,"1,646,920",55.105,55.745,55.0
04/11/2018,55.1525,"1,389,032",55.415,55.765,54.975
04/10/2018,55.835,"1,608,612",55.535,56.1325,55.155
04/09/2018,54.9575,"1,179,080",54.665,55.79,54.2875
04/06/2018,54.495,"1,192,240",55.6875,55.9875,54.235
04/05/2018,55.8875,"1,611,412",55.5625,56.2375,55.34
04/04/2018,55.3025,"1,527,744",55.2525,55.49,54.1175
04/03/2018,55.3275,"1,627,664",55.4825,55.515,54.7425
04/02/2018,55.4175,"2,533,600",57.0025,57.1731,55.125
03/29/2018,57.2025,"1,534,156",56.53,57.875,56.3425
03/28/2018,56.2875,"2,297,644",56.3875,56.655,55.3525
03/27/2018,56.2725,"2,172,792",56.7325,57.2275,55.875
03/26/2018,56.71,"3,450,248",55.025,56.75,54.9325
03/23/2018,54.685,"2,111,856",56.4325,56.7675,54.53
03/22/2018,56.195,"1,676,016",56.765,57.1112,56.12
03/21/2018,57.085,"2,103,920",58.145,58.23,57.05
03/20/2018,58.005,"1,498,332",58.4275,58.76,57.5962
03/19/2018,58.2125,"2,137,288",58.8775,59.16,57.37
03/16/2018,58.9225,"2,261,088",58.47,59.2125,57.895
03/15/2018,58.5025,"1,819,996",58.59,58.59,57.4113
03/14/2018,58.4725,"2,299,568",59.2125,59.6675,58.225
03/13/2018,59.215,"2,765,096",60.3375,60.6475,58.6525
03/12/2018,60.2375,"3,762,268",63.0,63.14,60.115
03/09/2018,62.8575,"4,786,680",62.8825,65.065,61.795
03/08/2018,62.145,"2,612,488",61.9275,62.6375,61.3175
03/07/2018,61.5575,"2,760,568",59.605,61.625,59.4825
03/06/2018,60.1,"2,112,348",59.145,60.3975,58.6478
03/05/2018,59.125,"1,626,388",58.235,59.335,57.56
03/02/2018,58.595,"1,713,748",56.675,58.695,56.675
03/01/2018,56.7175,"1,768,760",57.5725,57.64,56.175
02/28/2018,57.63,"1,275,340",58.25,58.7244,57.6225
02/27/2018,58.045,"968,016",58.265,58.55,57.945
02/26/2018,58.21,"1,223,172",57.6275,58.335,57.015
02/23/2018,57.635,"970,948",57.3475,57.6975,56.875
02/22/2018,56.9925,"1,398,084",57.665,58.105,56.8875
02/21/2018,57.285,"1,558,904",57.735,58.205,57.26
02/20/2018,57.5925,"1,223,756",57.8775,58.3575,57.39
02/16/2018,58.1175,"1,643,352",58.225,58.805,57.87
02/15/2018,58.1325,"1,054,268",57.6375,58.14,57.2625
02/14/2018,57.4475,"1,295,900",56.2,57.495,56.0
02/13/2018,56.455,"1,120,748",56.6575,56.755,56.1437
02/12/2018,56.69,"1,621,288",56.945,57.4575,56.17
02/09/2018,56.69,"2,136,504",55.5675,57.1825,54.77
02/08/2018,55.7925,"2,473,512",57.51,57.8125,55.705
02/07/2018,57.6175,"1,572,264",57.0875,58.315,56.7625
02/06/2018,57.32,"1,850,024",56.87,57.85,55.955
02/05/2018,57.7475,"2,345,772",60.29,60.625,57.7475
02/02/2018,60.33,"4,318,884",60.295,60.9825,60.015
02/01/2018,60.9025,"1,767,396",60.8375,61.3425,60.2425
01/31/2018,61.1675,"2,096,864",60.68,61.275,60.3025
01/30/2018,60.715,"1,521,764",60.1975,61.2512,60.04
01/29/2018,60.9,"1,243,972",61.515,61.9275,60.805
01/26/2018,61.395,"874,728",61.0475,61.43,60.54
01/25/2018,60.9475,"1,230,472",60.0525,60.9675,60.0525
01/24/2018,59.8325,"1,402,416",59.75,60.65,59.565
01/23/2018,59.675,"1,693,664",60.425,60.5475,59.4425
01/22/2018,60.3275,"1,963,920",60.1825,60.995,60.16
01/19/2018,60.1625,"1,790,916",58.955,60.385,58.955
01/18/2018,58.88,"2,270,128",58.91,59.055,58.5025
01/17/2018,58.7975,"2,942,500",58.0875,58.8625,57.78
01/16/2018,57.74,"1,953,872",57.9375,58.5175,57.2875
01/12/2018,57.71,"1,410,420",57.22,57.8275,56.48
01/11/2018,57.16,"2,641,052",57.57,57.8075,56.92
01/10/2018,57.7475,"2,258,080",58.2725,58.715,57.07
01/09/2018,58.5625,"1,925,960",58.005,58.94,57.8125
01/08/2018,57.9125,"1,562,884",57.575,58.0175,57.345
01/05/2018,57.625,"3,196,012",56.5625,57.7025,56.5475
01/04/2018,55.8875,"2,245,280",56.91,57.1563,55.7925
01/03/2018,56.685,"2,357,996",55.2075,56.7525,55.2075
01/02/2018,55.155,"1,473,472",54.48,55.7425,54.28
12/29/2017,54.47,"1,145,260",55.1025,55.3525,54.4675
12/28/2017,55.045,"912,672",55.385,55.5025,54.7163
12/27/2017,55.2975,"795,372",55.24,55.5525,55.085
12/26/2017,55.11,"860,600",54.84,55.29,54.575
12/22/2017,54.95,"878,584",55.3125,55.645,54.7375
12/21/2017,55.4425,"1,373,012",56.11,56.4175,55.425
12/20/2017,56.1525,"1,681,896",55.9825,56.42,55.7575
12/19/2017,55.97,"2,155,908",56.12,57.1,55.845
12/18/2017,56.015,"2,516,972",57.4375,57.6825,55.91
12/15/2017,57.325,"2,785,036",56.6725,57.4575,56.4363
12/14/2017,56.215,"2,607,644",55.9725,56.535,55.4775
12/13/2017,56.0475,"2,548,236",57.22,57.595,55.98
12/12/2017,57.415,"2,940,696",57.2025,57.5428,56.95
12/11/2017,57.1125,"3,097,144",56.735,57.2425,56.515
12/08/2017,56.64,"5,492,800",56.8725,57.72,55.3
12/07/2017,59.7,"2,632,852",58.7375,60.2725,58.7375
12/06/2017,58.5175,"1,988,696",57.855,58.5825,57.7425
12/05/2017,57.9725,"2,296,120",57.775,58.8088,57.46
12/04/2017,57.435,"1,975,992",59.66,59.7863,57.4
12/01/2017,59.525,"1,654,052",60.4,60.4875,59.0
11/30/2017,60.295,"1,858,568",60.8575,60.93,59.9875
11/29/2017,60.6475,"1,718,236",60.7425,61.13,59.7025
11/28/2017,60.8125,"1,143,452",61.07,61.645,60.76
11/27/2017,60.8225,"824,724",60.8525,61.0175,60.5025
11/24/2017,60.5725,"384,940",59.79,60.655,59.79
11/22/2017,59.725,"1,226,204",60.2125,60.2713,59.41
11/21/2017,60.0275,"962,500",60.305,60.5662,59.8225
11/20/2017,59.985,"738,492",59.86,60.095,59.4325
11/17/2017,59.6625,"865,060",59.58,60.0425,59.1013
11/16/2017,59.8625,"759,496",58.97,59.935,58.97
11/15/2017,58.665,"1,375,100",59.2,59.4525,58.6175
11/14/2017,59.195,"1,004,780",59.055,59.5425,58.645
11/13/2017,59.2675,"1,490,328",57.2875,59.42,56.915
11/10/2017,57.265,"1,367,580",57.7425,57.8525,56.7775
11/09/2017,57.9875,"1,146,896",57.645,58.1225,57.415
11/08/2017,57.62,"1,274,328",57.4175,57.8225,57.1138
11/07/2017,57.3325,"1,397,272",56.925,57.4025,56.565
11/06/2017,56.91,"1,169,280",57.1075,57.645,56.8075
11/03/2017,57.3175,"1,707,004",56.555,57.3775,56.4275
11/02/2017,56.725,"2,552,172",58.265,58.5075,56.495
11/01/2017,58.4925,"2,027,820",60.135,60.1425,58.3625
10/31/2017,60.065,"1,385,552",60.6275,60.7625,59.93
10/30/2017,60.6875,"1,128,544",61.0675,61.115,60.1875
10/27/2017,61.1075,"1,314,948",60.1775,61.3475,59.945
10/26/2017,60.1025,"1,819,116",59.4075,60.76,59.4075
10/25/2017,59.475,"1,373,384",59.4625,59.8175,58.8443
10/24/2017,59.8875,"931,028",59.535,59.8875,59.015
10/23/2017,59.3275,"1,985,724",59.03,59.7125,58.725
10/20/2017,58.8375,"2,889,512",59.2425,59.5825,58.62
10/19/2017,59.02,"3,446,612",59.1375,59.175,58.655
10/18/2017,58.945,"2,894,188",59.1375,59.33,58.7725
10/17/2017,58.995,"2,137,784",59.45,59.5475,58.88
10/16/2017,59.2375,"1,598,276",58.97,59.4375,58.97
10/13/2017,59.0,"1,243,172",59.2125,59.2125,58.775
10/12/2017,59.4175,"1,732,004",59.345,59.7163,59.195
10/11/2017,59.38,"1,425,816",58.3425,59.3975,58.3425
10/10/2017,58.4925,"1,378,788",59.145,59.145,58.375
10/09/2017,59.155,"1,599,776",60.155,60.25,58.8775
10/06/2017,60.3325,"1,221,176",60.3275,60.655,60.0125
10/05/2017,60.4175,"967,560",60.3375,60.525,59.81
10/04/2017,60.2575,"1,722,200",59.9525,60.5625,59.9525
10/03/2017,60.03,"1,692,660",60.005,60.5025,59.5825
10/02/2017,60.14,"1,738,452",59.475,60.16,59.06
09/29/2017,59.2775,"1,934,140",57.79,59.325,57.6928
09/28/2017,57.9,"1,538,144",58.9125,58.965,57.8225
09/27/2017,58.855,"1,656,832",58.9625,59.1538,58.415
09/26/2017,58.9625,"1,520,976",59.7975,60.1575,58.8375
09/25/2017,59.9625,"2,078,344",59.745,60.2888,59.335
09/22/2017,59.9425,"4,787,352",58.24,60.17,57.6725
09/21/2017,58.1025,"2,487,172",59.0,59.0,57.8775
09/20/2017,59.0275,"2,920,164",59.125,59.85,58.2
09/19/2017,58.9975,"4,659,728",62.2075,62.2075,58.9188
09/18/2017,62.2775,"2,004,764",61.42,62.4375,60.9225
09/15/2017,61.3025,"3,422,236",61.9425,62.0025,61.19
09/14/2017,61.76,"1,695,632",61.565,61.7623,61.0637
09/13/2017,61.65,"1,279,832",62.4125,62.4125,61.5925
09/12/2017,62.5075,"3,969,460",63.3475,63.62,61.64
09/11/2017,63.3475,"1,675,032",63.2025,63.4975,62.8525
09/08/2017,62.87,"2,309,540",61.205,63.0125,61.085
09/07/2017,61.2025,"1,950,868",60.375,61.2625,60.095
09/06/2017,60.285,"2,178,600",60.1175,60.455,59.405
09/05/2017,59.9775,"2,600,976",59.0625,60.0075,58.925
09/01/2017,59.045,"4,106,912",61.25,61.25,58.655
08/31/2017,62.7075,"2,376,404",61.4775,62.8675,61.4775
08/30/2017,61.5275,"1,774,440",61.6375,62.0775,61.3675
08/29/2017,61.5375,"2,269,568",61.7875,61.9725,61.0438
08/28/2017,61.9075,"1,153,960",61.8125,62.055,61.5025
08/25/2017,61.5825,"1,039,272",61.6525,62.1975,61.5325
08/24/2017,61.415,"633,396",61.7575,61.8937,61.355
08/23/2017,61.59,"933,048",62.04,62.5375,61.5238
08/22/2017,62.28,"2,055,304",61.8375,62.5925,61.745
08/21/2017,61.925,"1,148,580",61.2975,61.975,61.215
08/18/2017,61.2625,"3,546,468",61.4375,61.73,61.125
08/17/2017,61.295,"1,429,504",61.0775,61.6625,60.8175
08/16/2017,61.1425,"1,214,380",60.77,61.3,60.6275
08/15/2017,60.73,"1,651,980",60.93,61.045,60.3725
08/14/2017,60.82,"1,722,908",60.9675,61.0025,60.5675
08/11/2017,60.23,"1,144,868",60.3225,60.5425,59.875
08/10/2017,59.9975,"1,336,364",60.3225,60.7775,59.795
08/09/2017,60.6775,"951,980",60.745,61.1275,60.595
08/08/2017,60.8975,"595,268",61.1575,61.3425,60.76
08/07/2017,61.1575,"1,051,420",60.9875,61.26,60.685
08/04/2017,60.93,"562,384",61.225,61.405,60.705
08/03/2017,61.195,"1,042,708",61.0175,61.2975,60.7925
08/02/2017,61.0675,"1,185,176",61.36,61.5875,60.29
08/01/2017,61.3225,"1,329,092",61.2825,61.5538,60.7612
07/31/2017,60.9675,"1,820,592",61.75,61.795,60.75
07/28/2017,61.65,"865,100",61.51,61.7475,61.1075
07/27/2017,61.66,"1,180,296",61.845,61.905,60.9125
07/26/2017,61.7525,"1,150,716",62.6225,62.64,61.54
07/25/2017,62.7075,"1,455,488",62.69,62.89,61.9975
07/24/2017,62.655,"1,010,196",62.0825,62.69,61.8732
07/21/2017,62.1025,"1,482,140",62.725,62.935,61.55
07/20/2017,63.5,"908,196",63.7225,63.9675,63.45
07/19/2017,63.725,"1,422,612",63.6775,64.0975,63.5725
07/18/2017,63.3,"1,799,140",62.96,63.33,62.2625
07/17/2017,62.995,"2,073,136",62.86,63.2125,62.68
07/14/2017,62.59,"2,196,612",61.74,63.0125,61.3625
07/13/2017,61.6125,"1,976,372",62.1125,62.2375,60.9775
07/12/2017,61.9775,"2,046,872",61.3525,62.2075,61.1625
07/11/2017,61.1325,"1,755,820",61.085,61.2525,60.645
07/10/2017,61.035,"2,842,020",60.5775,61.1662,60.225
07/07/2017,60.6825,"2,328,904",59.295,60.8175,59.1875
07/06/2017,59.0475,"1,176,028",59.3625,59.8113,58.8212
07/05/2017,59.5075,"1,861,708",59.12,59.6375,58.6375
07/03/2017,59.095,"757,396",59.855,59.98,59.005
06/30/2017,59.855,"1,960,568",59.5675,60.3125,59.2544
06/29/2017,59.28,"3,796,488",60.2575,60.6713,58.9363
06/28/2017,60.5875,"1,983,628",61.2375,61.325,60.39
06/27/2017,60.8125,"1,584,392",61.42,61.6725,60.8075
06/26/2017,61.69,"1,059,368",61.6375,62.125,61.3825
06/23/2017,61.5475,"1,621,876",61.415,61.7,61.205
06/22/2017,61.265,"1,996,432",61.01,61.95,60.8387
06/21/2017,60.965,"1,075,572",60.81,61.3025,60.5925
06/20/2017,60.6975,"1,027,960",60.7025,61.4725,60.625
06/19/2017,60.5275,"1,763,096",59.88,60.8725,59.485
06/16/2017,59.7375,"2,345,560",60.02,60.375,59.715
06/15/2017,59.96,"1,510,892",59.4825,60.1,59.13
06/14/2017,59.7475,"1,252,720",60.47,60.59,59.4275
06/13/2017,60.22,"1,284,220",59.3425,60.525,59.2775
06/12/2017,59.1875,"2,149,472",59.2825,59.37,57.8175
06/09/2017,59.3575,"3,274,100",60.375,60.62,58.76
06/08/2017,60.44,"2,327,992",60.495,60.7475,59.98
06/07/2017,60.775,"1,816,224",60.7,60.9723,60.2575
06/06/2017,60.405,"1,334,120",60.1325,60.56,59.725
06/05/2017,60.2225,"3,381,348",59.8375,60.8425,59.6688
06/02/2017,59.58,"4,614,220",56.9113,60.105,56.68
06/01/2017,54.9475,"2,346,548",54.8,54.9525,53.81
05/31/2017,54.6875,"1,536,200",54.63,54.95,54.2325
05/30/2017,54.55,"1,174,100",54.13,54.665,54.0075
05/26/2017,54.365,"628,868",54.5825,54.7225,54.2788
05/25/2017,54.58,"1,523,376",54.44,54.67,54.0575
05/24/2017,54.4175,"963,128",54.4475,54.545,53.8875
05/23/2017,54.27,"1,333,908",54.2275,54.5412,54.015
05/22/2017,54.335,"2,082,756",53.0225,54.36,52.9175
