date,close,volume,open,high,low
05/15/2026,561.83,"971,317",572.04,572.62,555.56
05/14/2026,574.64,"1,056,670",580.18,587.145,574.0
05/13/2026,580.65,"961,527",588.34,591.01,580.16
05/12/2026,589.19,"1,264,772",591.37,593.9808,580.16
05/11/2026,588.74,"907,529",575.71,589.17,573.73
05/08/2026,574.84,"897,013",579.78,582.98,572.3
05/07/2026,580.54,"828,920",592.13,593.805,578.08
05/06/2026,591.64,"983,612",579.95,593.55,579.95
05/05/2026,575.79,"906,367",582.38,590.765,575.79
05/04/2026,578.39,"799,299",576.7,581.97,573.0
05/01/2026,577.26,"802,920",588.3,590.065,575.7
04/30/2026,589.87,"1,562,256",562.46,594.4099,562.46
04/29/2026,560.02,"872,355",558.27,563.86,557.76
04/28/2026,563.86,"894,884",574.45,574.46,559.76
04/27/2026,567.69,"1,035,331",566.63,577.99,564.16
04/24/2026,562.64,"1,102,594",585.37,588.175,561.615
04/23/2026,591.95,"919,494",584.37,594.97,580.0
04/22/2026,579.99,"796,720",589.49,593.1,579.81
04/21/2026,587.3,"631,987",592.56,598.66,586.61
04/20/2026,594.52,"920,146",589.98,595.64,587.55
04/17/2026,590.46,"1,238,842",586.0,593.6999,582.03
04/16/2026,584.19,"1,444,050",572.84,585.525,564.82
04/15/2026,576.64,"1,554,193",590.78,593.86,572.1
04/14/2026,596.04,"868,072",599.46,602.44,593.68
04/13/2026,603.04,"1,178,363",604.46,607.9282,598.85
04/10/2026,605.0,"1,263,939",618.45,619.24,601.06
04/09/2026,618.0,"1,205,984",607.69,618.9499,607.445
04/08/2026,609.32,"1,450,142",592.24,609.68,590.0
04/07/2026,576.0,"876,096",573.31,576.13,569.31
04/06/2026,575.09,"1,055,712",572.39,575.21,566.66
04/02/2026,575.71,"1,248,799",560.695,580.69,556.45
04/01/2026,570.7,"1,573,509",565.44,579.37,564.15
03/31/2026,563.3,"1,445,717",560.0,566.5199,549.68
03/30/2026,555.5,"1,263,246",572.3,573.29,555.04
03/27/2026,566.64,"1,455,931",580.72,581.92,564.0501
03/26/2026,581.19,"1,516,599",573.96,587.845,573.96
03/25/2026,577.99,"930,183",588.58,590.69,577.11
03/24/2026,583.02,"1,144,924",560.55,584.5,560.0001
03/23/2026,569.03,"1,244,289",570.25,571.94,564.03
03/20/2026,559.73,"2,727,249",568.57,573.71,551.275
03/19/2026,567.58,"1,449,083",563.19,570.005,557.94
03/18/2026,571.02,"1,226,470",573.75,578.41,569.13
03/17/2026,574.26,"1,462,378",576.37,576.85,562.1901
03/16/2026,572.48,"1,151,135",581.97,582.94,570.73
03/13/2026,577.5,"1,381,773",585.0,589.668,571.6
03/12/2026,585.83,"1,622,667",591.46,593.665,582.31
03/11/2026,594.04,"1,000,691",590.76,598.0,585.3
03/10/2026,592.72,"1,093,141",597.08,603.03,591.43
03/09/2026,599.48,"1,499,829",586.47,600.82,578.32
03/06/2026,589.77,"1,413,080",585.24,589.85,577.63
03/05/2026,590.69,"1,643,591",607.61,610.36,586.3
03/04/2026,614.04,"1,073,247",619.23,622.72,612.95
03/03/2026,619.22,"1,071,646",620.0,623.551,609.21
03/02/2026,630.88,"997,011",625.76,636.45,619.79
02/27/2026,629.71,"2,015,446",615.0,631.505,613.49
02/26/2026,619.46,"1,422,137",624.96,626.9999,614.6
02/25/2026,623.61,"2,100,928",645.27,646.93,623.49
02/24/2026,644.54,"1,399,328",643.3,647.81,634.76
02/23/2026,646.84,"2,074,972",652.18,669.8,644.44
02/20/2026,662.49,"2,989,876",664.25,666.92,646.4
02/19/2026,662.0,"6,653,328",633.61,674.1899,628.716
02/18/2026,593.27,"2,558,237",603.81,603.81,590.92
02/17/2026,600.84,"1,863,304",593.05,607.04,593.05
02/13/2026,602.92,"1,565,162",598.86,610.958,597.2
02/12/2026,598.11,"2,767,801",612.87,626.25,596.78
02/11/2026,612.69,"1,826,726",592.5,614.34,590.5001
02/10/2026,593.41,"1,609,054",586.11,593.76,583.59
02/09/2026,585.67,"1,101,858",580.0,587.7399,574.3
02/06/2026,583.11,"1,440,540",568.0,584.06,567.55
02/05/2026,565.73,"1,913,079",563.83,574.94,561.2
02/04/2026,567.26,"3,209,306",548.0,571.5588,548.0
02/03/2026,545.0,"1,605,563",533.26,545.32,533.0
02/02/2026,532.25,"1,558,043",527.25,534.7,522.39
01/30/2026,528.0,"1,517,798",524.93,529.99,518.695
01/29/2026,530.07,"1,493,549",530.0,537.26,521.54
01/28/2026,525.01,"1,106,772",519.94,528.77,519.09
01/27/2026,519.19,"1,043,621",517.33,521.49,513.85
01/26/2026,516.54,"750,609",515.72,518.66,512.57
01/23/2026,514.43,"1,590,604",518.26,521.63,506.4201
01/22/2026,522.38,"1,159,303",529.26,532.61,521.16
01/21/2026,529.51,"1,620,594",512.69,530.2,511.13
01/20/2026,508.68,"1,377,144",514.56,515.255,507.09
01/16/2026,514.4,"1,323,338",516.26,516.81,510.0
01/15/2026,515.04,"1,203,732",513.8,519.18,508.15
01/14/2026,512.1,"1,891,120",503.23,516.09,501.22
01/13/2026,499.52,"849,339",492.33,499.59,490.0
01/12/2026,490.74,"1,547,484",486.32,497.02,484.33
01/09/2026,488.08,"1,725,629",500.7,503.55,484.86
01/08/2026,500.8,"1,797,304",473.92,503.88,472.72
01/07/2026,475.2,"1,286,897",487.14,489.1,473.69
01/06/2026,485.98,"1,621,122",465.1,487.455,464.31
01/05/2026,466.1,"1,320,248",462.31,467.885,458.955
01/02/2026,466.8,"1,175,565",466.0,470.475,458.92
12/31/2025,465.57,"812,080",466.99,470.23,465.57
12/30/2025,469.94,"826,707",469.88,473.2,468.3729
12/29/2025,470.24,"981,691",469.49,471.75,465.785
12/26/2025,468.93,"503,204",467.73,469.41,466.13
12/24/2025,467.44,"343,266",466.03,468.395,464.4
12/23/2025,466.21,"1,083,689",470.39,471.18,465.41
12/22/2025,468.77,"1,173,160",471.5,472.74,467.65
12/19/2025,470.57,"2,990,692",475.1,476.5,468.92
12/18/2025,475.05,"1,927,554",483.04,487.13,469.775
12/17/2025,481.0,"1,641,933",484.95,490.42,479.685
12/16/2025,485.44,"1,632,204",487.0,489.15,484.205
12/15/2025,488.01,"1,473,240",484.8,488.99,484.8
12/12/2025,484.8,"1,852,128",478.22,487.165,477.6
12/11/2025,475.94,"1,186,663",471.88,480.7439,470.13
12/10/2025,468.9,"1,677,783",462.65,469.97,455.905
12/09/2025,462.86,"1,173,740",464.89,469.32,461.8
12/08/2025,466.35,"1,896,614",479.02,488.99,464.915
12/05/2025,475.11,"1,224,918",481.39,485.44,473.69
12/04/2025,483.03,"1,379,844",480.99,483.5,475.21
12/03/2025,481.82,"1,157,986",471.0,482.45,468.56
12/02/2025,469.15,"1,303,721",471.72,473.77,466.43
12/01/2025,468.11,"1,824,398",463.72,474.5,461.41
11/28/2025,464.49,"1,682,593",466.91,473.67,463.01
11/26/2025,469.87,"5,473,576",477.13,487.82,469.41
11/25/2025,498.13,"2,188,492",490.06,500.52,488.215
11/24/2025,487.23,"2,182,873",488.62,494.31,484.1
11/21/2025,487.24,"1,836,012",477.64,491.04,476.51
11/20/2025,476.33,"1,543,397",478.0,484.21,473.71
11/19/2025,474.77,"1,202,227",474.36,476.395,468.16
11/18/2025,473.85,"1,117,591",471.47,477.12,470.0
11/17/2025,475.98,"1,318,436",475.27,479.76,473.1078
11/14/2025,476.23,"1,180,189",473.29,479.65,471.0
11/13/2025,473.41,"1,005,462",481.32,482.785,472.89
11/12/2025,480.78,"1,068,247",479.0,484.93,477.77
11/11/2025,477.95,"1,179,366",474.56,480.22,472.0101
11/10/2025,474.39,"922,965",468.9,476.55,463.68
11/07/2025,467.79,"1,912,530",463.92,471.25,457.65
11/06/2025,475.38,"1,258,700",475.14,481.28,469.52
11/05/2025,473.69,"891,800",468.0,476.29,466.4
11/04/2025,468.3,"1,577,242",457.29,469.67,456.0
11/03/2025,461.94,"957,484",459.8,463.8,454.5
10/31/2025,461.63,"1,116,489",463.57,464.54,458.72
10/30/2025,465.41,"1,035,002",472.14,479.8099,465.22
10/29/2025,473.49,"1,134,932",471.84,477.892,469.03
10/28/2025,468.19,"1,064,808",475.45,476.5,467.88
10/27/2025,478.1,"1,273,310",480.56,483.0,474.1601
10/24/2025,472.76,"1,187,258",473.45,477.6,470.5463
10/23/2025,469.42,"1,162,024",465.56,469.99,460.71
10/22/2025,462.36,"1,293,402",460.13,472.22,460.13
10/21/2025,459.82,"953,986",461.11,466.78,458.75
10/20/2025,462.44,"814,027",457.61,463.89,455.8934
10/17/2025,458.5,"1,136,456",462.52,465.705,454.61
10/16/2025,457.16,"1,574,670",450.35,457.74,445.546
10/15/2025,448.46,"1,020,074",449.44,452.355,446.31
10/14/2025,447.95,"1,258,550",436.08,449.825,433.0
10/13/2025,439.11,"1,758,622",449.37,450.0,437.455
10/10/2025,446.35,"1,581,103",456.87,460.62,441.89
10/09/2025,456.22,"992,748",461.89,462.6,455.01
10/08/2025,460.75,"915,561",462.38,466.63,455.59
10/07/2025,461.51,"1,237,616",459.76,465.98,458.5
10/06/2025,457.31,"1,150,337",464.71,465.47,456.13
10/03/2025,462.88,"989,765",461.0,464.7611,459.5
10/02/2025,461.82,"1,512,068",454.52,462.335,453.345
10/01/2025,451.73,"2,141,944",455.0,456.8325,447.44
09/30/2025,457.26,"1,954,768",463.0,463.65,453.68
09/29/2025,465.49,"1,055,942",465.83,469.235,463.25
09/26/2025,463.99,"1,106,286",467.06,471.02,463.32
09/25/2025,466.7,"1,343,723",469.32,470.74,464.01
09/24/2025,468.94,"976,912",471.25,477.22,468.3
09/23/2025,471.67,"997,226",471.35,474.9,468.225
09/22/2025,469.03,"1,678,902",467.94,472.199,464.75
09/19/2025,469.63,"2,754,928",476.0,477.73,468.855
09/18/2025,476.12,"1,785,075",467.25,478.13,466.0
09/17/2025,469.12,"1,522,561",471.58,475.25,464.33
09/16/2025,468.7,"1,659,217",471.98,475.5,466.88
09/15/2025,469.11,"1,787,672",472.255,473.05,462.83
09/12/2025,470.51,"1,764,686",473.96,474.37,469.3
09/11/2025,476.46,"1,368,721",471.5,478.615,471.085
09/10/2025,471.35,"1,347,449",473.66,479.49,471.22
09/09/2025,475.6,"1,204,470",479.92,483.38,469.8
09/08/2025,481.51,"1,271,522",473.87,481.74,471.0505
09/05/2025,473.26,"1,262,439",475.34,478.39,470.24
09/04/2025,474.9,"1,487,091",470.08,474.9,466.96
09/03/2025,469.52,"1,515,353",475.21,477.8439,466.76
09/02/2025,476.78,"1,601,072",472.92,481.8899,470.85
08/29/2025,478.64,"1,535,073",484.82,487.79,474.62
08/28/2025,491.44,"1,120,391",495.0,495.0,489.61
08/27/2025,493.08,"912,641",486.1,493.66,485.46
08/26/2025,487.76,"1,502,914",488.01,490.3813,480.01
08/25/2025,487.9,"729,616",496.25,496.36,487.66
08/22/2025,495.99,"1,133,572",490.36,499.1,489.3
08/21/2025,486.76,"844,948",491.2,493.255,484.62
08/20/2025,492.72,"1,438,939",489.39,496.29,487.405
08/19/2025,489.44,"1,493,802",491.34,499.2,487.05
08/18/2025,491.13,"1,391,676",486.35,492.25,480.0
08/15/2025,488.8,"2,674,658",476.15,492.389,473.98
08/14/2025,478.84,"5,100,701",485.0,485.36,470.495
08/13/2025,513.54,"1,853,646",507.055,514.525,500.55
08/12/2025,505.85,"1,286,286",509.19,513.48,501.77
08/11/2025,506.98,"1,098,185",512.47,515.29,502.37
08/08/2025,510.37,"883,909",508.76,516.28,507.325
08/07/2025,506.64,"958,605",513.21,514.05,501.63
08/06/2025,509.64,"966,739",509.84,514.03,507.375
08/05/2025,508.58,"1,027,932",511.02,512.105,504.0
08/04/2025,510.56,"1,087,633",501.5,512.17,493.29
08/01/2025,500.98,"1,623,338",519.0,520.17,500.0
07/31/2025,524.37,"1,549,335",512.0,526.5556,512.0
07/30/2025,507.87,"1,121,302",510.44,512.72,504.735
07/29/2025,512.5,"1,139,276",511.68,514.8,505.9601
07/28/2025,510.55,"824,665",516.42,516.51,509.0482
07/25/2025,517.38,"858,451",514.67,519.0,508.7695
07/24/2025,514.66,"850,056",512.73,517.495,511.41
07/23/2025,515.17,"995,312",509.87,515.8,505.9
07/22/2025,505.69,"976,048",497.1,508.19,496.175
07/21/2025,496.24,"1,111,220",504.77,506.249,496.03
07/18/2025,499.82,"1,064,558",502.37,503.197,496.9
07/17/2025,499.14,"1,778,885",505.8,512.94,492.06
07/16/2025,507.73,"1,150,688",503.0,508.67,499.11
07/15/2025,503.47,"1,173,076",507.65,511.62,503.11
07/14/2025,507.61,"1,087,056",512.5,512.7785,502.13
07/11/2025,512.41,"1,047,165",514.2,515.88,509.66
07/10/2025,519.2,"1,268,934",511.71,528.98,510.5
07/09/2025,509.33,"1,152,545",510.98,512.065,499.51
07/08/2025,508.91,"1,285,072",507.37,514.73,507.34
07/07/2025,510.29,"1,017,279",519.0,519.46,506.96
07/03/2025,520.97,"470,313",520.0,523.58,519.435
07/02/2025,520.31,"1,096,876",508.88,520.58,507.39
07/01/2025,508.36,"1,375,269",504.68,514.8155,494.93
06/30/2025,508.49,"1,408,642",512.0,512.37,504.46
06/27/2025,513.34,"1,835,475",508.55,514.37,507.09
06/26/2025,508.53,"1,199,411",509.2,509.43,503.35
06/25/2025,506.74,"1,189,224",513.11,514.0,502.93
06/24/2025,514.1,"1,215,674",518.6,518.6,507.88
06/23/2025,514.08,"1,261,442",518.46,522.9199,505.66
06/20/2025,521.38,"1,389,711",528.45,530.0,518.94
06/18/2025,524.98,"959,731",522.0,531.38,521.34
06/17/2025,523.12,"862,537",522.885,524.99,519.9
06/16/2025,524.44,"1,278,803",515.28,526.44,512.851
06/13/2025,509.59,"824,507",513.0,516.4,507.73
06/12/2025,516.86,"797,140",518.5,520.11,515.0
06/11/2025,520.84,"1,037,093",518.21,521.61,512.63
06/10/2025,515.82,"1,294,210",519.93,520.605,508.96
06/09/2025,521.68,"1,100,962",520.0,525.6004,517.6
06/06/2025,519.99,"1,474,160",519.63,526.0,518.02
06/05/2025,510.75,"1,126,141",510.1,514.9035,507.05
06/04/2025,507.78,"992,748",514.44,516.73,507.45
06/03/2025,513.15,"1,107,674",506.6,514.675,506.02
06/02/2025,507.84,"994,059",506.16,509.2775,501.02
05/30/2025,506.26,"1,686,545",505.18,513.85,503.11
05/29/2025,503.45,"994,227",510.5,510.5,502.08
05/28/2025,507.99,"740,160",510.37,511.72,505.845
05/27/2025,509.63,"1,103,534",512.79,514.9412,505.8
05/23/2025,510.06,"850,766",510.95,516.77,508.6925
05/22/2025,515.65,"949,194",512.82,519.16,511.35
05/21/2025,514.66,"1,060,330",519.57,523.005,514.085
05/20/2025,526.33,"1,250,532",527.69,529.745,523.81
05/19/2025,529.83,"1,273,371",526.01,532.47,521.55
05/16/2025,531.48,"2,322,406",515.8,533.78,515.8
05/15/2025,516.32,"3,211,792",517.35,531.54,508.2
05/14/2025,497.5,"1,601,205",498.77,501.02,496.06
05/13/2025,498.57,"1,500,145",496.02,501.655,492.97
05/12/2025,495.62,"1,597,239",507.74,514.0,493.96
05/09/2025,492.6,"653,569",490.72,493.93,489.1219
05/08/2025,489.99,"1,568,789",477.91,494.189,476.51
05/07/2025,472.4,"1,011,256",475.09,477.405,469.26
05/06/2025,475.3,"887,768",478.05,481.77,475.01
05/05/2025,481.34,"805,233",480.57,485.2,477.25
05/02/2025,481.67,"1,108,818",487.13,492.31,480.68
05/01/2025,480.02,"1,855,489",465.0,485.47,464.245
04/30/2025,463.56,"1,326,139",460.45,465.29,452.0
04/29/2025,460.64,"799,645",457.42,462.895,452.41
04/28/2025,460.2,"755,088",459.3,465.175,457.08
04/25/2025,459.3,"983,363",464.15,465.9618,457.34
04/24/2025,464.51,"828,436",458.52,466.51,456.97
04/23/2025,456.44,"1,025,538",462.95,471.96,454.37
04/22/2025,454.66,"751,642",446.25,458.25,446.25
04/21/2025,441.56,"969,275",450.42,451.86,435.95
04/17/2025,452.07,"1,044,874",455.31,458.87,451.525
04/16/2025,452.42,"1,015,573",458.03,461.585,448.68
04/15/2025,461.26,"1,143,636",464.68,467.13,460.65
04/14/2025,467.67,"1,283,610",464.33,472.78,461.465
04/11/2025,459.13,"1,245,120",444.25,463.38,441.5
04/10/2025,444.19,"1,956,613",444.36,449.23,428.53
04/09/2025,452.59,"2,914,695",407.72,455.67,404.42
04/08/2025,412.99,"1,816,635",433.46,435.59,406.08
04/07/2025,423.35,"3,007,808",417.13,441.04,412.3
04/04/2025,429.86,"3,609,711",426.46,438.79,420.04
04/03/2025,447.45,"2,287,976",456.55,463.69,446.6
04/02/2025,470.9,"1,394,743",473.44,474.49,464.78
04/01/2025,478.45,"1,253,572",469.36,479.5523,466.01
03/31/2025,469.35,"1,496,676",460.76,472.9043,458.38
03/28/2025,465.31,"1,183,591",477.59,479.545,462.75
03/27/2025,479.72,"1,193,256",481.91,490.58,478.81
03/26/2025,483.62,"811,268",481.47,484.89,477.18
03/25/2025,478.93,"808,229",481.71,482.16,477.15
03/24/2025,479.96,"903,919",476.64,483.23,474.16
03/21/2025,472.43,"1,685,211",473.6,475.7,468.3025
03/20/2025,477.02,"1,153,437",476.0,480.54,468.09
03/19/2025,479.41,"841,944",478.76,482.82,477.18
03/18/2025,481.17,"931,744",482.13,486.04,478.94
03/17/2025,482.35,"893,001",477.33,486.08,475.51
03/14/2025,477.5,"1,018,178",471.87,481.32,470.45
03/13/2025,467.09,"1,314,662",473.54,480.0,465.5
03/12/2025,471.37,"1,679,979",474.99,476.624,463.21
03/11/2025,475.5,"1,492,326",483.95,488.54,472.71
03/10/2025,488.78,"2,174,137",497.62,504.98,480.55
03/07/2025,499.62,"2,615,890",478.27,500.27,478.27
03/06/2025,482.84,"1,695,852",468.0,484.89,465.3
03/05/2025,467.5,"1,291,545",460.39,468.84,458.65
03/04/2025,458.38,"2,325,973",453.8,463.29,447.65
03/03/2025,465.83,"1,487,749",484.07,484.665,463.545
02/28/2025,480.79,"1,995,901",479.93,485.21,472.56
02/27/2025,480.55,"1,328,590",482.32,487.4555,479.16
02/26/2025,478.52,"1,557,775",490.0,490.73,477.42
02/25/2025,487.59,"1,214,842",486.68,490.75,482.85
02/24/2025,484.55,"1,245,878",489.98,492.35,482.15
02/21/2025,489.98,"1,104,505",497.27,498.7699,487.26
02/20/2025,495.79,"1,514,546",508.14,509.26,493.11
02/19/2025,509.27,"2,095,585",496.16,515.05,496.0
02/18/2025,501.56,"2,367,988",481.0,502.1,480.0
02/14/2025,480.22,"1,919,441",469.9,481.14,467.095
02/13/2025,466.22,"3,058,590",454.5,474.38,451.22
02/12/2025,476.56,"2,038,906",468.81,477.78,463.97
02/11/2025,474.3,"1,489,074",469.52,476.7,468.875
02/10/2025,469.98,"1,349,051",467.59,471.88,464.0
02/07/2025,465.6,"898,075",468.42,469.47,463.0
02/06/2025,464.98,"809,354",471.35,471.36,463.4627
02/05/2025,467.68,"1,084,659",472.51,473.99,464.71
02/04/2025,472.27,"1,045,683",468.67,474.63,465.0
02/03/2025,467.05,"1,397,663",464.15,469.67,459.14
01/31/2025,476.56,"1,400,758",479.0,479.59,474.0625
01/30/2025,479.99,"1,122,301",475.75,483.58,474.42
01/29/2025,478.16,"977,036",481.0,482.84,477.325
01/28/2025,479.99,"1,642,409",482.41,485.84,476.32
01/27/2025,484.15,"1,418,544",480.0,484.39,474.11
01/24/2025,478.77,"1,400,811",474.46,479.48,472.36
01/23/2025,474.72,"1,934,695",461.16,475.92,460.645
01/22/2025,459.75,"1,132,229",462.84,464.32,458.57
01/21/2025,463.15,"1,733,913",458.47,465.59,453.55
01/17/2025,455.44,"2,315,715",447.81,457.2246,443.64
01/16/2025,439.11,"1,181,427",431.89,439.87,428.51
01/15/2025,428.88,"1,432,095",437.98,438.0,426.45
01/14/2025,432.31,"1,224,705",430.7,433.44,427.3601
01/13/2025,429.91,"1,988,831",408.01,432.27,406.08
01/10/2025,408.57,"1,699,154",405.89,411.39,403.01
01/08/2025,410.0,"878,065",411.08,411.97,408.21
01/07/2025,413.27,"1,223,518",417.85,420.0995,412.345
01/06/2025,418.0,"1,077,951",424.0,429.1,417.88
01/03/2025,422.22,"875,122",419.83,422.94,416.68
01/02/2025,418.18,"1,005,316",426.08,428.84,417.88
12/31/2024,423.7,"772,818",425.5,427.8,421.46
12/30/2024,424.64,"792,568",427.24,427.895,421.73
12/27/2024,430.06,"735,346",432.33,435.17,427.0901
12/26/2024,433.84,"444,867",431.79,435.45,430.4425
12/24/2024,432.84,"383,167",430.61,433.59,428.71
12/23/2024,432.38,"1,094,273",432.63,432.63,427.0
12/20/2024,432.49,"2,446,431",426.01,436.4975,425.74
12/19/2024,426.63,"1,757,472",428.07,431.06,421.97
12/18/2024,426.0,"1,423,826",443.2,445.31,424.51
12/17/2024,443.59,"1,357,363",436.57,444.94,435.0
12/16/2024,438.42,"956,866",440.33,441.4,436.0
12/13/2024,440.44,"900,756",440.0,442.12,437.0201
12/12/2024,439.48,"867,306",447.63,447.63,438.46
12/11/2024,448.03,"1,677,747",447.96,449.76,446.0822
12/10/2024,443.96,"1,215,691",447.13,448.69,441.0
12/09/2024,449.41,"1,209,323",445.0,453.2534,444.12
12/06/2024,444.0,"1,130,085",446.5,448.96,442.97
12/05/2024,448.12,"1,159,719",457.98,458.365,447.93
12/04/2024,456.26,"1,056,418",459.0,462.23,453.3
12/03/2024,459.25,"1,166,248",464.01,465.54,458.95
12/02/2024,462.95,"1,318,644",463.7,464.3,458.85
11/29/2024,465.9,"732,229",466.0,469.09,464.17
11/27/2024,466.0,"1,258,787",461.91,467.06,461.095
11/26/2024,461.04,"1,747,268",456.64,463.3445,454.39
11/25/2024,462.69,"3,266,857",448.0,469.39,446.7
11/22/2024,446.65,"2,202,297",435.93,447.5,432.21
11/21/2024,437.54,"4,148,994",412.75,442.05,410.9593
11/20/2024,404.96,"1,487,015",404.16,408.94,400.64
11/19/2024,400.09,"1,076,748",399.51,402.62,397.75
11/18/2024,404.53,"1,457,301",396.21,406.98,396.14
11/15/2024,398.95,"1,168,176",392.67,399.57,390.0
11/14/2024,394.64,"1,225,339",390.42,395.52,387.79
11/13/2024,389.45,"1,474,846",391.05,392.13,387.03
11/12/2024,393.75,"1,144,922",402.19,402.19,393.12
11/11/2024,402.65,"1,143,472",397.18,402.88,393.17
11/08/2024,394.06,"1,623,152",402.1,406.49,393.72
11/07/2024,411.16,"1,073,506",407.61,411.97,406.3101
11/06/2024,405.71,"1,664,267",412.62,415.5,402.105
11/05/2024,400.37,"902,554",398.31,404.01,396.79
11/04/2024,401.68,"801,931",400.42,406.86,399.5141
11/01/2024,400.42,"1,522,533",405.8,407.0764,398.31
10/31/2024,404.69,"746,280",404.26,407.305,402.0
10/30/2024,404.69,"785,077",402.66,408.14,401.3285
10/29/2024,406.04,"758,578",410.2,411.0,405.21
10/28/2024,412.35,"828,317",409.0,413.33,408.245
10/25/2024,407.93,"591,048",413.0,414.75,407.42
10/24/2024,411.07,"718,315",408.99,411.7643,407.1685
10/23/2024,408.64,"1,112,959",407.25,411.732,406.26
10/22/2024,406.65,"610,159",407.05,407.9,401.81
10/21/2024,406.96,"838,747",408.0,410.725,405.92
10/18/2024,408.73,"749,969",406.99,409.58,404.2
10/17/2024,405.14,"1,398,486",408.12,409.25,396.53
10/16/2024,409.37,"867,752",403.23,410.445,403.115
10/15/2024,401.99,"834,560",405.02,409.04,401.48
10/14/2024,407.72,"996,423",408.03,408.78,399.46
10/11/2024,411.08,"653,446",405.05,412.37,404.465
10/10/2024,405.76,"578,148",404.77,406.55,401.86
10/09/2024,405.48,"760,351",401.5,406.37,401.5
10/08/2024,400.28,"981,526",403.54,405.91,398.78
10/07/2024,406.04,"942,080",407.87,409.09,404.385
10/04/2024,407.99,"877,896",412.0,412.14,405.07
10/03/2024,408.74,"1,103,915",412.69,413.83,407.7214
10/02/2024,416.49,"863,795",416.12,417.58,414.14
10/01/2024,416.44,"1,089,177",415.175,420.47,411.12
09/30/2024,417.33,"1,176,773",416.0,417.94,412.5401
09/27/2024,418.0,"1,410,903",414.1,419.63,412.57
09/26/2024,411.47,"1,062,180",409.96,413.145,408.37
09/25/2024,406.93,"923,692",412.84,413.87,406.07
09/24/2024,410.89,"1,253,685",411.74,415.75,407.365
09/23/2024,408.95,"1,184,549",405.02,410.26,404.07
09/20/2024,405.89,"2,709,595",406.62,409.91,402.48
09/19/2024,409.73,"1,751,158",406.52,412.45,403.335
09/18/2024,401.07,"1,163,461",398.0,405.99,396.89
09/17/2024,397.88,"983,252",396.5,400.12,395.45
09/16/2024,394.66,"940,225",396.0,399.6,393.12
09/13/2024,394.68,"1,126,196",389.99,395.2,386.42
09/12/2024,387.0,"1,068,685",386.64,389.055,383.095
09/11/2024,388.59,"1,160,011",386.67,388.86,378.66
09/10/2024,387.3,"1,041,587",388.52,389.46,381.68
09/09/2024,387.23,"1,215,266",384.14,392.0,383.48
09/06/2024,381.56,"1,670,319",384.84,389.0,381.315
09/05/2024,383.69,"1,397,289",392.0,395.0,382.83
09/04/2024,391.95,"2,370,341",386.54,398.58,386.1
09/03/2024,385.69,"1,929,731",384.86,388.38,379.96
08/30/2024,385.74,"1,413,160",382.2,385.8898,378.453
08/29/2024,381.82,"1,075,066",379.79,384.5,376.95
08/28/2024,377.95,"1,096,819",374.99,379.37,374.46
08/27/2024,375.98,"1,107,170",381.5,382.03,374.94
08/26/2024,383.09,"1,108,515",381.48,385.3,380.68
08/23/2024,381.18,"1,197,519",378.8,382.85,376.59
08/22/2024,376.59,"1,072,734",377.08,378.105,373.55
08/21/2024,377.05,"1,249,228",373.84,377.83,372.12
08/20/2024,372.59,"932,335",374.94,376.6,371.76
08/19/2024,372.91,"1,676,485",378.99,381.01,371.81
08/16/2024,377.92,"2,103,088",372.14,378.525,371.16
08/15/2024,373.26,"3,184,486",359.2,378.4699,357.9006
08/14/2024,351.28,"2,040,505",350.0,355.8,348.35
08/13/2024,350.59,"1,696,675",347.82,352.43,346.0046
08/12/2024,345.01,"1,581,260",346.75,348.1623,343.9
08/09/2024,346.03,"1,335,203",348.63,348.91,343.38
08/08/2024,349.14,"1,557,651",346.88,350.85,346.4
08/07/2024,345.98,"1,384,675",350.0,354.04,345.86
08/06/2024,346.06,"1,570,942",347.49,349.5512,342.7
08/05/2024,344.84,"2,509,169",345.77,351.41,340.2001
08/02/2024,353.75,"2,820,703",356.16,360.385,351.09
08/01/2024,357.91,"2,991,282",366.37,371.21,356.02
07/31/2024,371.98,"1,659,500",373.22,376.78,370.99
07/30/2024,371.77,"2,267,031",365.97,375.0,364.18
07/29/2024,376.77,"1,491,025",385.17,386.54,371.0
07/26/2024,386.55,"1,380,906",385.27,389.99,384.07
07/25/2024,381.69,"1,241,550",368.17,386.26,368.17
07/24/2024,369.39,"1,256,382",370.41,375.675,367.93
07/23/2024,371.52,"1,336,087",376.34,378.29,370.76
07/22/2024,379.25,"1,071,328",379.13,380.65,372.28
07/19/2024,378.06,"1,152,144",383.24,384.14,377.18
07/18/2024,380.64,"1,736,152",382.8,390.34,380.53
07/17/2024,385.13,"1,528,188",378.03,387.53,377.6805
07/16/2024,377.51,"1,733,075",372.0,380.63,365.93
07/15/2024,371.67,"1,158,559",365.06,372.18,363.13
07/12/2024,365.33,"1,035,110",364.5,368.15,363.4701
07/11/2024,361.6,"1,765,797",352.9,362.77,352.5
07/10/2024,351.53,"1,475,988",349.3,352.5504,347.8
07/09/2024,348.84,"2,113,342",354.76,355.32,345.935
07/08/2024,355.0,"1,671,607",360.1,361.64,354.75
07/05/2024,360.03,"1,273,682",363.16,363.16,356.8
07/03/2024,362.79,"668,937",365.44,367.615,361.11
07/02/2024,364.95,"1,290,228",359.53,365.46,359.2519
07/01/2024,360.99,"1,458,106",375.07,375.305,360.56
06/28/2024,373.63,"6,689,701",378.19,381.39,369.5
06/27/2024,376.79,"1,709,352",375.0,378.14,374.69
06/26/2024,376.25,"2,442,533",370.74,376.37,367.36
06/25/2024,369.47,"1,648,594",375.52,375.958,367.1428
06/24/2024,378.17,"1,323,116",376.76,382.9299,376.01
06/21/2024,375.04,"2,450,701",377.96,380.0,374.01
06/20/2024,381.53,"1,352,587",381.75,384.5,380.01
06/18/2024,382.76,"1,211,963",380.21,383.25,379.41
06/17/2024,379.22,"1,227,920",375.95,381.27,374.67
06/14/2024,378.0,"1,485,224",375.01,379.06,372.95
06/13/2024,377.95,"1,583,920",368.18,378.27,368.18
06/12/2024,370.09,"1,055,547",369.19,372.94,367.5766
06/11/2024,365.13,"948,533",366.68,367.44,363.78
06/10/2024,368.3,"1,033,868",367.82,372.68,367.05
06/07/2024,368.58,"1,080,006",369.0,373.01,366.66
06/06/2024,371.27,"1,305,412",371.5,373.89,369.35
06/05/2024,370.99,"1,394,990",369.95,371.54,365.465
06/04/2024,369.37,"1,328,880",367.9,369.59,364.05
06/03/2024,368.12,"1,284,438",375.36,375.49,364.55
05/31/2024,374.76,"2,332,147",369.6,375.08,366.315
05/30/2024,368.35,"1,340,879",365.34,368.58,364.95
05/29/2024,364.98,"1,673,457",364.99,367.85,362.68
05/28/2024,369.27,"1,448,430",375.0,375.0,366.98
05/24/2024,374.96,"1,511,751",379.88,381.36,373.73
05/23/2024,379.24,"1,736,784",387.13,387.57,378.72
05/22/2024,386.01,"1,318,814",386.0,388.56,384.25
05/21/2024,386.74,"1,370,850",390.93,391.18,385.22
05/20/2024,391.48,"1,158,468",395.75,396.825,390.94
05/17/2024,397.02,"1,612,076",394.47,397.59,391.54
05/16/2024,394.43,"3,623,785",406.89,410.0,394.18
05/15/2024,414.02,"1,861,222",414.68,416.53,412.255
05/14/2024,412.78,"1,765,968",410.0,417.465,410.0
05/13/2024,407.99,"1,402,804",409.0,416.565,407.56
05/10/2024,407.89,"1,426,791",410.5,411.69,405.67
05/09/2024,409.0,"995,123",405.42,410.49,405.42
05/08/2024,405.42,"640,330",404.22,406.9599,401.46
05/07/2024,405.57,"942,025",403.66,406.57,402.74
05/06/2024,401.84,"1,042,754",405.0,407.0,399.1944
05/03/2024,400.96,"1,626,960",399.64,401.34,394.85
05/02/2024,395.96,"1,790,112",388.62,398.37,385.71
05/01/2024,387.5,"2,018,089",388.955,391.23,383.77
04/30/2024,391.41,"1,016,677",397.78,398.38,390.1301
04/29/2024,400.96,"847,191",395.34,402.59,395.34
04/26/2024,393.33,"998,338",392.62,395.95,391.1
04/25/2024,394.06,"1,316,947",385.77,394.91,384.135
04/24/2024,394.62,"986,781",397.55,397.76,392.37
04/23/2024,397.21,"1,278,290",400.87,405.62,396.72
04/22/2024,399.61,"1,005,524",398.85,402.89,392.18
04/19/2024,400.32,"1,125,406",400.97,402.9799,398.755
04/18/2024,400.6,"1,562,949",398.48,402.279,396.72
04/17/2024,396.88,"1,442,287",396.0,397.62,392.39
04/16/2024,393.01,"1,865,373",392.26,395.705,386.64
04/15/2024,393.8,"1,353,286",402.29,404.22,392.57
04/12/2024,397.27,"1,886,049",411.25,412.49,396.81
04/11/2024,412.84,"1,472,958",412.74,414.06,406.915
04/10/2024,411.97,"1,407,738",406.89,412.715,404.4001
04/09/2024,411.48,"1,114,502",413.48,413.9,409.46
04/08/2024,410.75,"1,269,842",413.0,414.8,409.65
04/05/2024,412.54,"994,476",408.65,413.15,406.01
04/04/2024,407.11,"1,218,568",410.67,413.92,405.32
04/03/2024,406.03,"1,077,389",404.23,408.65,403.285
04/02/2024,404.0,"1,164,615",405.0,409.7,402.24
04/01/2024,404.14,"1,319,513",410.17,411.92,403.68
03/28/2024,410.74,"1,426,777",408.58,413.32,408.58
03/27/2024,409.14,"1,544,016",398.0,409.42,397.27
03/26/2024,398.52,"1,053,208",398.32,399.99,396.2488
03/25/2024,398.03,"1,106,511",398.8,401.625,397.035
03/22/2024,398.86,"1,514,764",398.47,400.715,397.835
03/21/2024,397.64,"1,412,009",393.88,399.35,392.0
03/20/2024,394.05,"1,763,392",390.77,395.285,390.59
03/19/2024,391.51,"1,490,596",385.53,392.33,385.51
03/18/2024,385.31,"1,145,226",383.0,387.39,381.49
03/15/2024,383.39,"3,448,456",378.0,383.9799,378.0
03/14/2024,380.23,"1,436,371",380.5,382.45,376.95
03/13/2024,378.85,"1,250,718",373.34,380.52,372.77
03/12/2024,372.65,"1,140,931",376.15,377.84,372.6
03/11/2024,375.05,"855,848",373.4,375.42,370.615
03/08/2024,374.1,"1,064,814",376.14,376.67,372.2
03/07/2024,375.32,"1,844,639",367.42,376.19,367.255
03/06/2024,366.63,"1,068,836",366.04,367.83,364.36
03/05/2024,366.73,"1,710,194",363.94,369.6899,363.57
03/04/2024,364.42,"1,334,967",368.6,369.98,362.93
03/01/2024,367.85,"1,967,262",365.01,368.82,361.33
02/29/2024,365.05,"2,491,371",366.37,367.85,362.85
02/28/2024,364.81,"1,673,139",361.41,365.33,361.13
02/27/2024,360.66,"1,559,821",363.13,364.105,358.24
02/26/2024,363.21,"1,592,507",364.02,366.35,361.62
02/23/2024,364.66,"1,704,312",357.98,365.46,357.4
02/22/2024,356.78,"2,198,080",354.13,358.14,353.15
02/21/2024,357.29,"1,364,519",356.59,358.6,354.46
02/20/2024,357.38,"1,973,770",359.5,360.69,355.075
02/16/2024,360.68,"2,274,348",360.99,364.0,358.26
02/15/2024,364.66,"4,933,780",367.1,372.0,360.7701
02/14/2024,384.78,"2,409,036",383.0,385.56,377.13
02/13/2024,379.27,"1,765,241",384.63,385.4,375.51
02/12/2024,389.39,"1,698,168",384.33,391.51,384.33
02/09/2024,381.29,"1,426,496",384.17,385.67,380.45
02/08/2024,385.83,"1,141,987",385.88,387.5667,384.27
02/07/2024,385.95,"1,671,472",390.43,391.83,385.62
02/06/2024,388.9,"1,740,712",389.21,394.165,388.14
02/05/2024,386.03,"2,164,068",392.0,393.64,383.155
02/02/2024,392.6,"1,666,920",390.24,395.08,386.625
02/01/2024,393.68,"1,485,631",395.08,397.2,389.52
01/31/2024,393.58,"1,342,451",397.32,398.0,392.7456
01/30/2024,396.93,"1,098,288",395.14,398.77,394.41
01/29/2024,397.68,"969,505",393.95,398.19,392.73
01/26/2024,393.62,"884,867",393.78,396.72,393.0722
01/25/2024,393.01,"1,103,528",393.14,395.0,388.6001
01/24/2024,388.41,"1,447,765",389.94,393.17,386.4
01/23/2024,387.46,"954,977",387.18,389.88,384.6229
01/22/2024,384.59,"1,113,633",381.96,387.13,381.59
01/19/2024,382.72,"1,223,122",382.61,384.38,377.33
01/18/2024,381.39,"1,125,947",379.1,381.76,376.22
01/17/2024,378.61,"1,466,344",381.2,382.015,377.49
01/16/2024,385.35,"1,292,917",385.75,389.35,384.0
01/12/2024,386.51,"1,221,788",392.03,395.25,385.745
01/11/2024,390.22,"1,190,633",394.84,395.885,389.94
01/10/2024,393.71,"1,003,895",393.14,394.17,390.65
01/09/2024,393.22,"1,012,452",395.71,396.85,390.01
01/08/2024,397.98,"1,233,377",393.53,398.34,390.53
01/05/2024,395.96,"1,100,346",390.43,397.23,388.06
01/04/2024,392.39,"1,332,129",394.51,398.55,392.1
01/03/2024,393.35,"1,397,639",396.62,397.595,393.26
01/02/2024,400.91,"1,414,830",399.12,406.58,398.0
12/29/2023,399.87,"1,104,338",399.48,400.75,397.76
12/28/2023,399.26,"1,125,212",400.85,401.06,398.36
12/27/2023,401.64,"823,667",400.12,402.55,399.3001
12/26/2023,401.27,"966,177",396.85,403.335,396.71
12/22/2023,396.82,"1,077,338",393.3,397.76,393.1
12/21/2023,393.34,"923,319",390.94,393.45,389.1
12/20/2023,387.26,"1,592,340",394.16,395.44,386.915
12/19/2023,393.94,"2,078,511",384.91,394.18,383.3
12/18/2023,382.76,"1,404,594",386.83,389.635,382.69
12/15/2023,386.07,"3,891,407",385.93,387.82,382.45
12/14/2023,388.42,"3,575,951",381.24,395.33,380.14
12/13/2023,377.01,"3,406,894",359.35,377.81,358.52
12/12/2023,359.39,"1,832,114",360.95,361.37,355.6
12/11/2023,361.03,"2,057,864",364.49,365.93,360.94
12/08/2023,363.67,"2,060,489",361.8,364.17,360.87
12/07/2023,361.22,"2,753,831",365.01,365.35,360.18
12/06/2023,365.54,"3,218,320",363.02,369.88,362.5
12/05/2023,361.14,"1,572,659",367.78,367.94,360.77
12/04/2023,368.93,"1,406,019",365.48,370.3722,364.03
12/01/2023,368.81,"1,764,888",364.91,370.91,363.57
11/30/2023,364.41,"1,950,212",364.63,367.14,361.39
11/29/2023,363.94,"2,263,455",362.74,368.36,359.65
11/28/2023,360.02,"1,904,781",362.0,363.85,358.76
11/27/2023,362.21,"2,322,197",368.36,369.01,361.79
11/24/2023,370.19,"1,275,270",370.52,371.39,366.84
11/22/2023,370.76,"6,305,481",360.98,373.34,355.6606
11/21/2023,382.65,"2,163,097",380.0,383.5,379.088
11/20/2023,380.33,"2,198,785",382.51,384.83,379.44
11/17/2023,384.15,"1,342,869",382.4,385.31,379.42
11/16/2023,378.56,"1,736,210",381.38,382.9,375.4
11/15/2023,380.87,"1,515,546",376.96,382.01,373.445
11/14/2023,374.96,"2,115,848",373.69,378.43,370.6039
11/13/2023,369.76,"1,418,119",372.86,373.63,367.13
11/10/2023,373.99,"1,311,894",372.35,374.53,369.02
11/09/2023,369.62,"1,094,908",373.63,374.17,367.77
11/08/2023,369.37,"1,178,232",370.8,373.06,369.15
11/07/2023,369.24,"1,711,526",366.9,372.51,363.01
11/06/2023,378.25,"925,877",383.28,384.55,375.17
11/03/2023,382.2,"1,173,200",379.5,384.625,377.48
11/02/2023,373.56,"1,259,251",375.5,378.41,371.9
11/01/2023,370.47,"1,073,059",364.88,372.37,361.36
10/31/2023,365.36,"1,233,423",362.0,365.9,359.39
10/30/2023,367.8,"1,277,508",365.23,369.34,361.665
10/27/2023,361.15,"1,436,436",369.0,369.89,358.8
10/26/2023,369.54,"1,124,933",371.0,374.8003,369.47
10/25/2023,371.91,"773,913",372.24,375.99,371.05
10/24/2023,373.57,"899,080",375.68,377.8421,371.585
10/23/2023,373.27,"1,308,132",373.21,380.22,371.48
10/20/2023,375.15,"1,468,239",380.39,382.41,374.82
10/19/2023,381.37,"1,348,063",381.64,386.37,380.25
10/18/2023,382.23,"1,495,038",388.36,390.39,378.025
10/17/2023,391.12,"899,864",388.9,395.31,388.02
10/16/2023,390.54,"1,202,806",384.95,392.58,384.055
10/13/2023,380.66,"1,074,244",383.0,385.82,378.76
10/12/2023,382.28,"1,375,426",389.8,391.0,377.86
10/11/2023,389.36,"942,613",391.38,392.49,387.38
10/10/2023,390.84,"1,317,365",386.3,391.95,386.13
10/09/2023,382.94,"831,227",378.43,383.9,377.53
10/06/2023,378.54,"1,203,467",373.44,381.88,372.32
10/05/2023,375.69,"997,211",375.71,378.85,373.2
10/04/2023,377.0,"1,219,051",372.38,378.58,370.16
10/03/2023,372.78,"1,212,337",372.41,373.85,370.5
10/02/2023,373.84,"1,989,775",379.19,380.63,370.55
09/29/2023,377.38,"2,124,313",383.73,386.98,375.72
09/28/2023,384.73,"1,309,308",384.0,389.12,383.0
09/27/2023,384.36,"1,403,883",381.77,386.36,380.265
09/26/2023,379.63,"1,270,471",378.0,381.865,377.24
09/25/2023,384.39,"1,383,569",379.04,385.21,378.36
09/22/2023,380.87,"2,412,180",381.73,383.555,377.57
09/21/2023,387.64,"2,209,999",399.03,399.71,386.04
09/20/2023,402.33,"1,289,769",401.73,409.15,399.55
09/19/2023,398.69,"1,957,836",402.59,403.95,398.41
09/18/2023,410.84,"969,344",410.94,413.6,407.51
09/15/2023,412.11,"1,986,245",411.79,414.87,408.98
09/14/2023,411.68,"1,272,434",406.29,412.15,405.13
09/13/2023,402.23,"1,104,362",401.84,406.9018,399.68
09/12/2023,402.26,"1,127,762",399.41,405.71,399.3
09/11/2023,400.37,"1,428,265",403.3,404.0,397.7
09/08/2023,399.66,"1,838,748",411.5,413.18,399.055
09/07/2023,411.73,"1,028,834",411.16,415.43,405.395
09/06/2023,414.29,"1,002,557",412.12,416.43,410.64
09/05/2023,414.43,"1,474,085",420.9,423.3499,413.86
09/01/2023,418.9,"1,249,731",414.67,419.4,414.58
08/31/2023,410.94,"1,515,564",414.05,417.285,410.68
08/30/2023,413.27,"1,815,610",403.87,415.59,403.455
08/29/2023,404.1,"1,875,662",394.2,405.62,393.27
08/28/2023,394.69,"1,247,178",392.91,395.9999,391.4801
08/25/2023,390.21,"1,099,939",388.2,392.035,386.22
08/24/2023,386.64,"1,380,013",390.39,392.1,385.84
08/23/2023,394.28,"1,582,187",385.17,395.66,385.17
08/22/2023,385.21,"1,664,375",392.74,393.09,384.245
08/21/2023,390.79,"2,549,068",396.02,398.0,385.49
08/18/2023,397.02,"4,233,748",407.71,412.95,395.38
08/17/2023,419.16,"2,149,243",421.78,425.4172,415.77
08/16/2023,423.94,"1,870,346",428.0,435.735,423.2
08/15/2023,431.68,"1,576,804",433.53,435.195,429.59
08/14/2023,437.64,"1,058,651",435.51,438.387,434.1869
08/11/2023,435.07,"1,217,230",435.28,437.4,432.57
08/10/2023,434.57,"1,284,022",436.68,441.465,434.16
08/09/2023,436.09,"1,361,284",433.0,439.38,432.4782
08/08/2023,430.46,"1,354,516",427.0,431.075,424.4
08/07/2023,431.31,"1,009,610",424.77,432.82,424.14
08/04/2023,424.04,"961,226",428.47,430.0,423.34
08/03/2023,423.94,"1,083,904",427.22,429.31,421.24
08/02/2023,430.53,"1,078,063",430.64,434.96,427.0437
08/01/2023,433.44,"1,116,353",431.35,438.8,430.01
07/31/2023,429.6,"1,169,864",429.5,432.8899,426.93
07/28/2023,427.11,"1,194,822",428.76,430.125,425.028
07/27/2023,428.62,"1,977,058",433.49,434.0,424.46
07/26/2023,432.95,"1,759,451",443.53,446.7099,431.51
07/25/2023,446.33,"1,160,650",441.04,450.0,440.48
07/24/2023,442.59,"1,301,819",436.95,447.0,436.25
07/21/2023,436.93,"1,195,560",439.01,440.235,435.31
07/20/2023,439.63,"1,285,142",438.78,440.005,435.05
07/19/2023,436.17,"1,664,826",432.25,437.81,431.63
07/18/2023,431.56,"1,575,876",421.32,431.96,420.74
07/17/2023,420.6,"1,509,540",414.97,423.42,414.905
07/14/2023,414.61,"984,373",413.18,414.95,409.08
07/13/2023,409.55,"999,604",408.21,411.2086,405.0997
07/12/2023,407.67,"1,375,960",417.0,418.02,407.5
07/11/2023,413.8,"1,131,255",410.41,414.5,410.41
07/10/2023,407.09,"1,005,476",403.14,408.735,401.93
07/07/2023,405.28,"1,013,910",399.43,408.4299,399.43
07/06/2023,401.17,"1,391,430",402.95,404.73,399.75
07/05/2023,404.66,"1,399,248",406.0,408.84,403.77
07/03/2023,406.48,"652,570",402.23,407.31,399.72
06/30/2023,405.19,"1,848,796",405.47,408.6,403.315
06/29/2023,401.63,"1,871,721",401.69,405.8091,395.0
06/28/2023,405.2,"1,676,148",410.11,412.8,404.84
06/27/2023,409.51,"1,405,068",410.74,411.5,400.63
06/26/2023,410.19,"1,360,477",404.945,415.85,404.945
06/23/2023,404.45,"2,033,407",411.08,411.33,404.07
06/22/2023,415.69,"1,518,031",414.83,418.38,411.98
06/21/2023,416.59,"1,868,179",406.92,418.0,405.025
06/20/2023,407.98,"1,701,027",401.84,408.96,400.0
06/16/2023,407.63,"2,120,086",407.77,409.945,405.49
06/15/2023,406.52,"1,471,197",400.21,408.0,399.51
06/14/2023,399.05,"1,900,315",400.0,405.12,398.31
06/13/2023,398.24,"2,141,687",389.82,400.79,389.2
06/12/2023,387.13,"1,527,815",378.67,388.07,377.98
06/09/2023,378.87,"1,254,953",381.73,383.365,377.07
06/08/2023,380.77,"1,317,332",381.77,384.0,378.55
06/07/2023,381.82,"1,928,790",373.98,383.935,370.08
06/06/2023,373.69,"1,927,597",362.22,374.46,361.8
06/05/2023,363.65,"1,476,761",371.2,369.17,363.15
06/02/2023,371.07,"2,855,589",360.07,372.14,357.67
06/01/2023,352.57,"2,116,838",349.23,355.66,346.83
05/31/2023,345.98,"3,384,676",348.2,350.215,345.55
05/30/2023,350.63,"2,094,898",355.0,357.0673,346.44
05/26/2023,357.21,"1,413,105",356.69,359.58,355.29
05/25/2023,354.88,"1,540,218",353.66,357.39,350.81
05/24/2023,354.08,"1,716,976",358.33,358.69,353.0
05/23/2023,360.48,"2,111,424",357.28,363.04,354.45
05/22/2023,360.5,"2,936,244",359.69,365.85,355.87
05/19/2023,363.55,"7,522,054",390.82,393.0,361.47
05/18/2023,370.52,"2,034,280",367.34,371.16,365.7
05/17/2023,368.07,"1,843,948",365.0,372.73,364.1
05/16/2023,362.68,"2,181,388",368.0,368.84,362.26
05/15/2023,370.21,"1,466,486",374.4,374.79,369.86
05/12/2023,373.98,"1,331,985",376.12,377.5,371.3001
05/11/2023,372.79,"1,825,102",375.9,377.0,370.17
05/10/2023,380.39,"1,014,781",385.7,386.26,376.16
05/09/2023,381.44,"1,478,795",377.74,382.68,376.37
05/08/2023,380.25,"1,106,586",385.99,389.28,378.85
05/05/2023,381.09,"1,862,923",378.1,382.73,376.04
05/04/2023,373.59,"1,383,068",382.1,384.02,373.325
05/03/2023,382.22,"1,235,387",385.26,390.01,382.14
05/02/2023,383.8,"1,547,826",384.01,386.8761,374.24
05/01/2023,382.12,"1,184,131",379.95,384.6212,379.43
04/28/2023,378.02,"1,987,689",371.82,378.42,371.0
04/27/2023,371.85,"2,741,555",372.42,373.9999,365.89
04/26/2023,374.61,"1,416,536",375.0,378.19,372.39
04/25/2023,379.47,"1,688,394",385.02,385.72,378.65
04/24/2023,388.04,"1,132,839",387.32,392.6601,386.255
04/21/2023,386.7,"2,556,939",389.91,390.53,385.3
04/20/2023,390.36,"1,336,266",390.72,392.38,386.01
04/19/2023,392.77,"860,049",395.24,396.39,390.1253
04/18/2023,396.69,"1,402,026",393.22,399.61,392.0
04/17/2023,391.42,"1,116,645",389.32,393.26,389.0
04/14/2023,387.77,"1,113,204",386.67,389.85,385.2
04/13/2023,384.74,"1,626,988",385.72,387.37,379.0601
04/12/2023,384.39,"2,166,169",383.49,388.75,382.8
04/11/2023,380.83,"1,543,991",377.84,386.17,377.84
04/10/2023,377.33,"1,486,501",369.29,378.61,368.51
04/06/2023,369.65,"1,848,473",372.19,373.2,366.1
04/05/2023,373.82,"3,265,696",393.37,394.2,370.09
04/04/2023,397.66,"1,801,589",413.48,414.88,395.73
04/03/2023,414.99,"1,632,336",413.05,419.4,413.05
03/31/2023,412.88,"1,779,199",406.0,413.56,406.0
03/30/2023,403.7,"1,267,986",402.3,406.5,401.98
03/29/2023,400.79,"1,455,126",399.65,401.7235,396.61
03/28/2023,395.35,"982,190",394.42,396.93,392.39
03/27/2023,393.01,"1,392,727",390.79,395.025,386.58
03/24/2023,386.5,"1,361,806",387.38,388.59,381.5
03/23/2023,391.85,"1,566,984",395.0,400.7099,389.05
03/22/2023,394.97,"1,202,562",403.64,404.21,394.81
03/21/2023,402.59,"1,341,878",400.79,404.54,399.74
03/20/2023,394.5,"1,325,118",389.16,396.68,387.49
03/17/2023,385.5,"3,124,604",387.2,389.97,381.39
03/16/2023,391.11,"1,623,085",387.6,393.34,384.68
03/15/2023,390.48,"1,964,131",394.69,396.5,382.395
03/14/2023,402.45,"1,636,606",404.36,406.341,397.25
03/13/2023,398.22,"2,000,717",388.87,402.71,386.24
03/10/2023,395.93,"2,354,256",418.35,419.77,395.08
03/09/2023,421.42,"2,082,002",426.02,432.89,420.88
03/08/2023,424.29,"1,366,021",418.78,426.12,418.26
03/07/2023,418.15,"1,181,523",425.55,426.93,417.9
03/06/2023,425.71,"1,007,736",430.3,432.0005,425.61
03/03/2023,430.28,"1,097,638",422.77,431.67,422.01
03/02/2023,421.34,"959,851",417.76,423.26,417.76
03/01/2023,419.75,"1,354,162",418.34,423.85,416.805
02/28/2023,419.24,"1,465,265",421.79,422.19,417.18
02/27/2023,421.63,"920,270",418.59,422.98,416.73
02/24/2023,417.42,"1,031,191",423.6,423.71,415.21
02/23/2023,425.05,"1,086,909",429.98,431.3699,420.3
02/22/2023,426.41,"1,356,315",429.38,430.99,421.735
02/21/2023,427.17,"1,936,287",431.92,437.88,425.665
02/17/2023,433.31,"4,888,741",419.0,436.38,415.5
02/16/2023,402.96,"2,122,517",404.97,409.27,402.83
02/15/2023,410.04,"1,427,213",406.67,414.0,405.52
02/14/2023,409.31,"1,503,012",415.38,415.38,404.14
02/13/2023,415.33,"1,428,415",419.38,423.39,414.14
02/10/2023,417.79,"1,357,031",408.66,418.44,408.16
02/09/2023,408.01,"1,262,724",411.08,412.53,407.13
02/08/2023,407.69,"1,061,635",406.06,411.5,406.02
02/07/2023,409.52,"1,313,101",408.2,413.41,404.78
02/06/2023,410.23,"1,378,222",405.5,412.91,405.02
02/03/2023,406.06,"2,295,555",406.5,413.71,404.92
02/02/2023,406.55,"2,551,299",426.62,426.74,401.8693
02/01/2023,426.99,"1,112,216",422.04,429.825,418.5
01/31/2023,422.84,"1,269,810",421.81,423.04,416.06
01/30/2023,420.6,"1,376,197",418.73,425.75,418.0
01/27/2023,418.18,"1,324,532",421.2,422.87,417.62
01/26/2023,421.2,"1,191,128",417.74,421.31,411.66
01/25/2023,413.64,"1,002,076",413.17,415.41,409.24
01/24/2023,416.67,"1,319,744",408.5,419.17,405.01
01/23/2023,409.34,"1,390,547",411.45,413.5749,407.335
01/20/2023,410.6,"2,781,474",410.34,411.415,406.0671
01/19/2023,408.6,"2,241,235",422.22,423.27,407.88
01/18/2023,425.99,"1,390,780",439.09,443.12,425.63
01/17/2023,438.2,"1,767,716",440.08,445.1416,437.6801
01/13/2023,439.63,"985,887",433.89,440.26,433.21
01/12/2023,436.09,"1,205,526",435.0,439.98,431.3
01/11/2023,433.48,"1,130,067",439.74,439.88,430.09
01/10/2023,437.43,"1,079,285",426.89,437.95,426.89
01/09/2023,428.2,"1,200,367",427.91,434.28,426.47
01/06/2023,426.47,"1,042,172",416.2,428.54,416.01
01/05/2023,414.73,"1,484,990",422.57,423.49,412.61
01/04/2023,423.48,"1,050,968",423.93,426.36,420.21
01/03/2023,424.29,"1,166,520",428.0,428.16,420.2
12/30/2022,428.76,"760,168",426.88,429.74,424.82
12/29/2022,428.64,"835,369",429.73,431.76,426.405
12/28/2022,430.18,"821,690",437.0,437.9,429.82
12/27/2022,436.15,"713,799",438.05,442.2541,435.75
12/23/2022,436.93,"735,690",435.89,437.88,433.22
12/22/2022,435.86,"1,223,831",440.34,440.53,430.36
12/21/2022,441.64,"1,220,725",437.85,444.51,436.05
12/20/2022,435.36,"985,226",432.07,437.044,429.73
12/19/2022,432.67,"1,327,693",432.04,434.6398,429.7
12/16/2022,431.09,"3,097,308",424.76,433.0,421.655
12/15/2022,429.79,"1,562,312",435.0,436.82,426.07
12/14/2022,438.44,"1,767,498",439.66,442.25,434.37
12/13/2022,437.19,"1,675,714",438.84,439.66,432.76
12/12/2022,437.05,"1,591,670",436.12,437.42,431.64
12/09/2022,434.81,"1,340,607",443.38,444.54,434.38
12/08/2022,442.93,"1,200,395",443.31,443.49,437.6
12/07/2022,440.65,"1,433,932",436.23,441.84,435.7201
12/06/2022,438.25,"1,015,905",439.13,439.26,433.66
12/05/2022,436.89,"1,467,632",441.07,442.16,435.0
12/02/2022,445.61,"1,471,215",442.23,447.7,438.65
12/01/2022,441.81,"1,747,434",440.33,444.5137,436.37
11/30/2022,441.0,"2,397,248",441.21,441.69,432.92
11/29/2022,440.97,"1,643,098",443.79,444.53,436.22
11/28/2022,441.21,"1,978,992",437.38,443.64,436.92
11/25/2022,441.47,"1,135,508",435.77,442.41,432.55
11/23/2022,437.52,"5,080,334",429.52,448.3999,428.88
11/22/2022,416.56,"2,195,190",414.0,416.83,411.45
11/21/2022,411.7,"1,326,097",413.25,415.28,406.51
11/18/2022,414.26,"1,590,787",415.1,416.0175,411.28
11/17/2022,412.99,"1,284,968",402.65,413.63,401.57
11/16/2022,406.4,"1,101,751",407.25,408.58,402.05
11/15/2022,406.97,"1,701,117",411.76,412.97,401.8
11/14/2022,406.94,"2,035,739",404.58,410.48,402.33
11/11/2022,406.03,"1,519,266",406.61,413.5,405.1501
11/10/2022,407.61,"2,370,890",406.31,408.02,395.265
11/09/2022,397.09,"2,182,767",400.35,404.91,396.42
11/08/2022,404.57,"1,360,751",399.81,408.77,398.55
11/07/2022,398.77,"1,186,329",398.58,398.805,393.9
11/04/2022,395.09,"1,548,572",400.62,403.99,393.5
11/03/2022,393.63,"1,627,470",381.18,397.98,380.26
11/02/2022,385.95,"1,719,635",388.71,397.33,385.65
11/01/2022,388.71,"2,269,091",398.0,398.0,385.73
10/31/2022,395.82,"1,638,382",395.92,406.02,395.01
10/28/2022,396.85,"1,712,291",393.8,397.7325,390.17
10/27/2022,394.59,"2,043,070",398.0,405.41,393.68
10/26/2022,391.18,"1,158,047",394.77,395.77,388.22
10/25/2022,391.63,"1,402,494",384.0,392.5,383.14
10/24/2022,385.89,"1,059,699",381.67,387.44,380.11
10/21/2022,383.06,"1,387,489",364.56,383.63,363.07
10/20/2022,365.52,"788,389",371.83,374.08,363.715
10/19/2022,371.32,"817,800",370.0,374.55,367.5
10/18/2022,371.31,"1,214,751",371.86,373.94,365.75
10/17/2022,362.59,"1,077,329",361.39,367.175,360.97
10/14/2022,357.14,"1,231,985",368.38,372.4,356.43
10/13/2022,367.17,"1,596,796",354.11,368.392,349.07
10/12/2022,361.21,"1,179,544",362.92,364.26,358.45
10/11/2022,363.33,"1,457,431",356.82,370.26,356.1
10/10/2022,359.68,"1,366,976",358.26,365.2799,355.75
10/07/2022,356.15,"1,351,900",352.05,356.4,349.7
10/06/2022,355.47,"915,152",354.24,359.34,353.04
10/05/2022,355.77,"1,073,756",355.29,359.6587,355.29
10/04/2022,360.29,"1,638,955",350.07,360.7,350.0038
10/03/2022,344.05,"1,537,048",339.61,347.78,339.18
09/30/2022,333.89,"1,697,221",338.76,341.06,333.6601
09/29/2022,341.0,"1,589,462",341.0,344.6,338.44
09/28/2022,345.9,"1,292,599",338.2,348.0727,337.07
09/27/2022,335.68,"1,180,278",335.9,341.685,332.34
09/26/2022,332.24,"1,331,833",331.05,338.825,330.76
09/23/2022,334.22,"1,717,830",341.49,343.1,328.62
09/22/2022,346.13,"1,006,560",352.51,354.05,345.93
09/21/2022,349.81,"1,007,057",360.3,361.09,349.81
09/20/2022,355.59,"1,433,964",359.88,360.4514,352.5375
09/19/2022,362.69,"1,008,698",350.28,363.2,349.5443
09/16/2022,354.5,"2,422,611",355.3,356.09,349.13
09/15/2022,358.77,"970,031",360.9,364.6,358.31
09/14/2022,360.9,"1,121,853",364.35,365.25,357.58
09/13/2022,363.3,"1,085,688",365.55,371.425,361.95
09/12/2022,374.03,"1,129,234",375.29,376.0,369.83
09/09/2022,372.25,"1,240,417",373.02,375.26,372.1
09/08/2022,368.48,"1,227,232",363.76,370.44,362.9
09/07/2022,365.94,"913,170",357.88,366.97,357.22
09/06/2022,361.06,"1,092,722",363.19,364.96,355.48
09/02/2022,362.22,"1,141,681",369.95,370.375,360.82
09/01/2022,363.77,"1,350,088",358.98,364.76,357.25
08/31/2022,365.25,"1,500,238",370.03,370.03,364.53
08/30/2022,368.74,"1,622,890",379.24,379.765,365.52
08/29/2022,380.61,"1,323,572",376.16,385.43,374.56
08/26/2022,379.38,"1,452,789",391.18,392.93,378.68
08/25/2022,388.15,"1,325,382",382.0,388.43,381.6
08/24/2022,381.38,"1,566,340",378.76,382.35,374.12
08/23/2022,374.88,"2,389,772",368.5,385.99,368.49
08/22/2022,369.64,"2,353,617",363.35,373.115,361.221
08/19/2022,369.66,"4,242,210",358.63,369.92,353.05
08/18/2022,367.99,"1,983,462",364.45,369.9399,362.75
08/17/2022,364.69,"1,722,546",364.47,367.445,362.28
08/16/2022,369.98,"1,431,516",364.31,373.365,363.01
08/15/2022,366.05,"1,196,093",362.46,366.29,359.1001
08/12/2022,368.16,"1,256,761",362.45,368.58,361.71
08/11/2022,361.92,"1,718,933",360.5,363.5,357.21
08/10/2022,352.36,"1,136,153",348.89,357.25,348.5917
08/09/2022,343.68,"1,146,273",346.25,347.44,343.1
08/08/2022,343.71,"953,202",346.88,349.24,342.8
08/05/2022,343.31,"917,138",337.49,344.58,337.32
08/04/2022,342.38,"1,333,933",339.1,344.76,336.718
08/03/2022,336.51,"1,142,773",337.22,338.62,333.53
08/02/2022,333.21,"1,271,458",335.0,339.065,330.835
08/01/2022,338.19,"1,238,998",338.87,341.95,335.985
07/29/2022,343.18,"1,880,277",336.05,344.71,333.0
07/28/2022,331.63,"1,295,630",329.65,334.49,323.87
07/27/2022,325.71,"1,148,281",321.0,327.065,318.65
07/26/2022,319.45,"1,122,771",323.77,325.76,318.25
07/25/2022,322.96,"1,433,120",314.89,323.39,311.91
07/22/2022,312.26,"1,110,725",317.84,320.47,310.46
07/21/2022,316.54,"1,223,317",314.82,316.76,308.605
07/20/2022,315.36,"1,152,450",311.46,315.99,310.21
07/19/2022,311.59,"1,282,216",301.56,312.2,300.82
07/18/2022,297.95,"1,056,251",301.14,306.4799,296.95
07/15/2022,297.7,"1,184,458",298.07,299.645,293.185
07/14/2022,294.33,"1,366,893",290.05,294.86,288.34
07/13/2022,296.78,"1,200,110",292.03,299.17,291.29
07/12/2022,295.96,"1,210,306",294.0,301.27,293.14
07/11/2022,298.41,"994,187",300.56,303.98,297.86
07/08/2022,304.64,"1,516,174",304.7,308.02,301.26
07/07/2022,303.97,"2,051,984",297.82,304.59,295.54
07/06/2022,289.14,"2,083,233",289.84,291.95,283.81
07/05/2022,292.13,"2,148,353",293.87,294.8,287.71
07/01/2022,301.63,"1,373,593",300.59,304.87,294.32
06/30/2022,299.47,"2,082,060",297.79,304.59,294.29
06/29/2022,300.65,"1,800,770",307.21,307.74,297.69
06/28/2022,309.16,"1,818,289",318.39,320.18,308.48
06/27/2022,315.33,"1,708,324",317.63,320.69,311.21
06/24/2022,310.87,"2,297,021",300.87,313.86,299.35
06/23/2022,297.51,"4,232,850",314.79,317.1,295.59
06/22/2022,317.93,"1,636,951",321.0,323.8559,317.63
06/21/2022,329.27,"1,425,481",330.9,334.87,327.85
06/17/2022,322.72,"2,329,130",314.73,326.48,314.73
06/16/2022,317.57,"1,799,615",322.54,323.8899,314.64
06/15/2022,330.58,"1,442,602",328.38,335.27,325.4712
06/14/2022,326.58,"1,630,617",326.17,330.41,322.575
06/13/2022,324.9,"1,816,892",325.0,333.68,322.3
06/10/2022,335.23,"1,329,078",336.88,341.0,333.38
06/09/2022,345.33,"1,415,717",351.1,353.68,345.3
06/08/2022,355.02,"1,772,674",360.95,364.76,354.03
06/07/2022,367.84,"987,066",360.75,368.51,358.0
06/06/2022,362.91,"1,011,087",363.17,363.81,358.58
06/03/2022,361.0,"1,082,196",357.42,363.64,357.02
06/02/2022,361.08,"1,161,603",353.87,361.41,351.013
06/01/2022,352.15,"1,714,911",363.08,363.08,348.56
05/31/2022,357.78,"2,705,027",358.3,362.15,354.78
05/27/2022,360.73,"1,967,954",353.89,360.88,352.33
05/26/2022,347.51,"1,349,975",343.46,348.92,340.4
05/25/2022,342.97,"2,005,767",337.58,345.73,336.22
05/24/2022,337.03,"1,900,563",332.32,337.93,327.2
05/23/2022,335.36,"4,286,439",316.95,337.27,316.18
05/20/2022,313.31,"8,814,282",339.63,344.3699,307.64
05/19/2022,364.62,"2,253,562",364.4,370.45,356.3
05/18/2022,368.67,"1,543,399",384.0,385.09,367.35
05/17/2022,384.26,"1,229,306",381.51,386.01,377.34
05/16/2022,374.45,"1,896,365",368.92,382.43,366.03
05/13/2022,366.69,"1,750,265",364.55,370.0,363.225
05/12/2022,362.98,"1,889,445",362.84,367.5699,354.3
05/11/2022,364.03,"1,381,148",365.89,374.49,362.19
05/10/2022,364.75,"1,344,373",367.99,371.49,360.5001
05/09/2022,364.53,"1,818,242",372.0,374.545,362.39
05/06/2022,377.46,"1,516,137",383.57,383.57,371.635
05/05/2022,383.04,"1,465,798",393.89,396.16,379.11
05/04/2022,396.35,"1,750,067",391.24,398.405,384.75
05/03/2022,389.44,"1,468,182",385.83,390.72,383.49
05/02/2022,381.23,"1,563,384",374.96,382.4881,371.6
04/29/2022,377.55,"1,526,979",386.15,389.97,376.268
04/28/2022,384.82,"1,515,758",387.84,390.06,375.0
04/27/2022,385.53,"1,599,184",381.91,390.0688,375.5001
04/26/2022,381.77,"1,559,201",385.03,390.64,380.09
04/25/2022,385.51,"4,496,293",391.93,391.93,372.187
04/22/2022,403.57,"2,148,752",419.73,420.81,401.61
04/21/2022,424.36,"1,641,295",440.85,441.04,423.53
04/20/2022,437.39,"1,718,154",444.69,446.76,436.53
04/19/2022,437.82,"1,207,841",439.8,441.52,434.74
04/18/2022,438.45,"1,525,824",432.5,445.5299,432.24
04/14/2022,436.75,"1,522,854",427.93,439.4099,427.93
04/13/2022,427.29,"1,153,299",422.33,427.96,421.21
04/12/2022,419.73,"1,119,706",422.82,427.5,417.5078
04/11/2022,418.51,"1,437,702",416.49,425.56,416.49
04/08/2022,418.3,"1,342,090",413.14,419.93,407.66
04/07/2022,409.46,"1,637,540",409.77,412.53,401.82
04/06/2022,411.25,"1,236,956",410.58,414.75,406.04
04/05/2022,413.71,"1,398,963",418.7,422.47,411.22
04/04/2022,417.45,"1,072,509",418.56,418.72,407.84
04/01/2022,416.8,"1,480,945",417.05,421.9237,413.82
03/31/2022,415.46,"1,953,856",414.2,420.68,413.3
03/30/2022,415.55,"1,693,825",413.8,424.65,413.52
03/29/2022,412.92,"3,572,931",424.49,424.49,409.34
03/28/2022,432.61,"1,656,181",437.98,437.98,427.36
03/25/2022,436.45,"1,458,985",432.34,436.945,428.12
03/24/2022,432.22,"1,878,464",430.44,435.48,425.83
03/23/2022,431.52,"2,633,453",423.15,435.0,420.5536
03/22/2022,427.55,"2,234,410",425.0,436.28,423.21
03/21/2022,422.29,"2,750,186",415.0,426.8,414.41
03/18/2022,413.15,"2,941,714",407.66,414.9299,404.0801
03/17/2022,406.15,"2,783,769",384.54,407.23,384.02
03/16/2022,388.2,"2,271,469",390.0,400.88,382.01
03/15/2022,388.47,"2,197,686",392.49,395.0,381.74
03/14/2022,393.86,"2,466,492",393.0,399.55,386.4487
03/11/2022,389.48,"2,144,281",382.97,392.34,382.435
03/10/2022,378.15,"1,768,770",364.5,379.61,362.2965
03/09/2022,368.86,"1,744,631",369.25,373.96,364.24
03/08/2022,364.93,"3,511,962",373.86,389.0,364.12
03/07/2022,369.0,"5,456,731",394.32,405.49,368.04
03/04/2022,390.07,"2,424,099",378.87,390.78,374.51
03/03/2022,381.93,"2,961,371",378.24,386.09,375.64
03/02/2022,375.98,"2,564,196",360.78,381.22,360.39
03/01/2022,358.65,"2,863,369",361.12,361.87,350.61
02/28/2022,360.02,"3,265,421",348.0,362.3864,346.0
02/25/2022,346.98,"3,424,641",342.7,348.31,338.0
02/24/2022,342.76,"3,600,097",329.07,343.79,326.75
02/23/2022,337.52,"3,068,280",355.0,355.99,337.26
02/22/2022,353.78,"2,359,048",365.23,370.47,352.21
02/18/2022,369.1,"3,729,419",379.77,392.96,366.0
02/17/2022,380.53,"2,570,266",386.53,390.68,379.1
02/16/2022,390.56,"2,174,872",391.46,394.035,385.41
02/15/2022,393.4,"1,591,449",390.75,396.0,389.05
02/14/2022,387.26,"1,799,973",394.11,397.69,383.95
02/11/2022,392.67,"2,390,189",394.27,399.73,387.32
02/10/2022,393.15,"1,402,281",392.8,399.21,390.09
02/09/2022,395.4,"1,630,382",392.5,399.63,392.5
02/08/2022,389.88,"2,647,487",376.4,391.96,374.23
02/07/2022,372.2,"1,087,506",370.32,374.505,368.7
02/04/2022,369.49,"1,102,373",368.14,372.79,363.54
02/03/2022,370.89,"893,693",371.35,376.91,369.825
02/02/2022,374.48,"1,642,891",378.57,379.69,366.87
02/01/2022,377.88,"1,622,552",375.0,379.5541,371.03
01/31/2022,376.4,"2,191,800",374.0,376.79,367.02
01/28/2022,373.79,"2,100,263",372.12,377.14,364.54
01/27/2022,375.96,"2,030,121",375.69,382.88,370.445
01/26/2022,372.24,"2,296,129",369.38,380.79,366.535
01/25/2022,368.22,"2,511,914",358.18,370.26,350.8
01/24/2022,364.03,"2,252,069",356.57,365.545,347.01
01/21/2022,364.28,"1,493,314",367.59,371.105,359.86
01/20/2022,366.98,"2,014,348",375.6,380.1,365.88
01/19/2022,375.9,"1,919,128",387.24,388.1,374.61
01/18/2022,383.91,"2,685,665",380.64,388.0,379.5
01/14/2022,379.56,"1,309,552",376.66,380.08,373.49
01/13/2022,380.39,"1,325,097",378.68,384.2,378.575
01/12/2022,376.25,"1,458,912",382.3,383.86,372.52
01/11/2022,380.55,"1,249,862",382.88,383.53,375.74
01/10/2022,379.86,"2,120,038",381.27,385.89,373.9926
01/07/2022,378.65,"1,791,741",376.87,382.0,376.683
01/06/2022,376.36,"1,600,657",374.51,378.4312,368.24
01/05/2022,372.05,"3,310,112",373.04,386.55,371.7792
01/04/2022,371.29,"3,034,092",354.11,373.75,352.71
01/03/2022,350.11,"1,571,100",344.0,350.2954,343.99
12/31/2021,342.89,"1,004,812",342.33,343.94,341.0574
12/30/2021,342.03,"1,539,028",345.81,348.05,341.84
12/29/2021,345.71,"1,417,325",348.36,349.31,345.5
12/28/2021,349.77,"718,675",349.28,353.135,348.89
12/27/2021,350.75,"953,124",350.0,351.76,348.45
12/23/2021,349.22,"997,846",348.0,351.49,346.3
12/22/2021,347.0,"1,582,392",349.08,351.595,343.54
12/21/2021,349.81,"1,518,543",342.77,352.515,342.16
12/20/2021,338.66,"1,784,856",342.94,343.5,336.32
12/17/2021,347.03,"2,977,734",349.3,350.38,341.56
12/16/2021,348.29,"1,945,377",349.77,351.77,347.0
12/15/2021,343.94,"1,982,811",349.49,350.18,338.02
12/14/2021,348.55,"1,799,769",349.88,354.353,346.01
12/13/2021,351.42,"1,375,006",359.12,361.465,349.38
12/10/2021,358.36,"1,200,716",362.86,364.0,357.34
12/09/2021,361.92,"897,874",359.85,364.31,358.0
12/08/2021,361.06,"1,183,098",362.275,364.0,357.76
12/07/2021,361.34,"1,478,862",359.69,366.97,359.15
12/06/2021,354.51,"1,543,517",352.75,357.9,350.51
12/03/2021,349.24,"1,379,704",352.62,353.035,345.0
12/02/2021,350.62,"1,969,769",344.88,354.12,343.46
12/01/2021,341.55,"1,755,562",353.62,353.73,341.4
11/30/2021,345.54,"3,681,523",346.2,352.2252,341.845
11/29/2021,348.09,"2,901,951",366.0,367.0,346.36
11/26/2021,359.3,"2,308,742",355.0,361.2999,348.79
11/24/2021,367.86,"4,482,948",359.27,374.64,358.83
11/23/2021,349.28,"1,682,294",348.98,353.08,344.9
11/22/2021,349.16,"1,708,260",347.77,354.6974,343.1101
11/19/2021,346.15,"1,743,761",353.73,354.85,345.53
11/18/2021,357.11,"2,228,732",364.48,365.72,356.9
11/17/2021,353.52,"1,647,647",360.0,360.405,349.2
11/16/2021,362.01,"1,162,169",359.88,366.2,358.2
11/15/2021,361.15,"975,421",362.11,363.75,359.64
11/12/2021,358.86,"1,011,302",357.22,359.15,353.53
11/11/2021,356.01,"782,685",353.07,358.6,352.26
11/10/2021,352.61,"1,068,036",353.9,355.59,350.14
11/09/2021,355.81,"1,394,494",362.0,363.17,352.0001
11/08/2021,360.86,"1,540,514",359.0,365.45,358.0
11/05/2021,355.2,"1,422,879",352.8,358.6799,351.01
11/04/2021,350.85,"1,334,283",344.83,350.86,344.32
11/03/2021,343.05,"2,948,420",346.15,347.03,335.45
11/02/2021,355.3,"1,371,502",360.06,360.06,350.49
11/01/2021,358.75,"2,391,173",347.12,365.63,345.78
10/29/2021,342.31,"1,562,450",348.5,349.36,340.55
10/28/2021,349.7,"1,897,964",339.28,349.79,338.23
10/27/2021,338.23,"2,003,076",342.74,346.08,338.02
10/26/2021,341.15,"1,386,285",353.36,353.85,341.0
10/25/2021,352.72,"1,564,845",340.29,353.75,339.12
10/22/2021,340.71,"825,953",345.04,346.12,339.68
10/21/2021,342.93,"876,412",343.93,345.07,340.755
10/20/2021,344.05,"1,001,860",343.65,346.06,341.95
10/19/2021,343.09,"1,433,562",334.91,343.84,334.1
10/18/2021,331.84,"1,154,070",330.69,333.285,328.64
10/15/2021,332.76,"1,435,119",332.95,336.0,331.67
10/14/2021,329.77,"2,403,986",321.53,332.88,320.5
10/13/2021,329.0,"1,771,945",332.05,332.88,327.0
10/12/2021,330.6,"1,409,965",333.32,334.46,329.86
10/11/2021,332.59,"1,052,083",343.02,344.04,332.47
10/08/2021,343.17,"1,168,232",344.06,345.3372,341.425
10/07/2021,344.09,"1,139,225",341.23,347.76,340.43
10/06/2021,338.4,"1,534,662",333.5,338.6,329.67
10/05/2021,338.29,"1,401,705",336.8,341.14,332.76
10/04/2021,338.44,"1,464,683",340.74,342.56,336.82
10/01/2021,342.2,"1,740,758",338.1,344.66,333.65
09/30/2021,335.07,"2,080,024",352.45,352.45,334.94
09/29/2021,350.87,"1,320,778",354.81,355.65,350.8
09/28/2021,353.94,"2,018,719",350.73,356.56,350.47
09/27/2021,352.42,"1,291,491",348.78,355.8,348.78
09/24/2021,349.25,"1,193,306",349.86,353.37,348.52
09/23/2021,351.5,"1,497,552",345.0,352.31,344.96
09/22/2021,340.84,"1,336,846",341.65,345.53,339.91
09/21/2021,336.95,"1,503,816",342.75,344.9221,333.73
09/20/2021,339.73,"2,409,983",340.64,342.5,334.67
09/17/2021,349.09,"7,678,762",351.51,354.33,347.97
09/16/2021,355.33,"1,681,828",360.58,361.31,353.193
09/15/2021,359.77,"1,403,611",355.08,360.83,354.02
09/14/2021,355.98,"1,410,993",362.52,362.53,355.02
09/13/2021,361.52,"1,832,867",366.0,366.71,356.99
09/10/2021,363.07,"1,235,453",367.525,368.46,362.8
09/09/2021,364.84,"1,725,328",368.82,371.2363,363.03
09/08/2021,370.23,"2,427,115",371.49,372.41,362.1
09/07/2021,371.74,"3,628,639",385.46,387.19,370.26
09/03/2021,389.34,"1,904,906",384.73,393.0,384.0
09/02/2021,384.95,"1,334,298",379.09,384.99,377.8
09/01/2021,376.71,"1,895,532",378.2,379.67,369.19
08/31/2021,378.03,"1,589,813",381.0,381.5,373.8
08/30/2021,381.0,"1,378,473",381.0,383.64,376.75
08/27/2021,379.49,"1,115,823",380.08,382.8899,378.1101
08/26/2021,379.81,"1,490,486",375.29,382.965,375.065
08/25/2021,376.37,"1,657,530",369.0,379.31,367.77
08/24/2021,367.98,"1,638,669",365.0,373.0,364.985
08/23/2021,362.8,"1,946,766",354.15,363.24,352.25
08/20/2021,351.43,"3,498,338",363.0,367.17,344.76
08/19/2021,358.98,"2,281,004",368.56,368.56,354.88
08/18/2021,371.61,"1,374,601",374.25,376.01,371.42
08/17/2021,376.33,"1,206,549",381.5,382.6112,374.11
08/16/2021,383.03,"913,515",381.0,383.35,378.61
08/13/2021,384.0,"814,615",386.15,387.24,382.64
08/12/2021,385.62,"1,314,260",386.07,388.52,383.675
08/11/2021,386.08,"1,651,787",377.4,386.31,375.46
08/10/2021,376.62,"1,183,977",371.0,377.4155,369.52
08/09/2021,369.32,"923,456",364.91,370.92,363.27
08/06/2021,366.88,"665,436",367.0,368.69,365.57
08/05/2021,364.32,"794,662",363.85,365.0,361.33
08/04/2021,360.67,"825,670",364.33,366.6,360.55
08/03/2021,365.86,"991,718",357.58,366.85,354.36
08/02/2021,355.95,"1,148,281",363.9,367.41,355.25
07/30/2021,361.59,"1,054,019",359.71,361.81,357.125
07/29/2021,359.8,"1,392,583",358.53,362.11,356.14
07/28/2021,353.56,"1,250,539",354.31,356.8799,351.11
07/27/2021,353.52,"986,861",352.4,357.65,350.54
07/26/2021,355.46,"865,658",355.64,356.89,351.06
07/23/2021,354.7,"797,039",352.3,355.6682,351.55
07/22/2021,351.33,"810,680",352.59,354.25,351.09
07/21/2021,353.0,"1,479,066",352.0,354.595,350.905
07/20/2021,348.03,"2,054,029",337.44,349.29,335.0
07/19/2021,334.95,"1,848,656",335.0,337.34,328.93
07/16/2021,342.49,"1,154,041",347.62,348.4647,342.0
07/15/2021,346.1,"1,516,232",342.9,347.715,342.31
07/14/2021,345.57,"1,409,534",353.39,353.45,344.53
07/13/2021,350.77,"950,071",356.0,356.0,350.58
07/12/2021,354.28,"1,608,248",347.73,354.745,345.8101
07/09/2021,349.48,"1,325,388",349.2,350.72,347.55
07/08/2021,343.58,"1,621,250",345.0,347.35,339.5001
07/07/2021,351.88,"1,309,134",348.38,352.56,348.22
07/06/2021,349.45,"1,924,037",352.5,353.0,344.26
07/02/2021,352.5,"1,132,353",354.57,355.91,351.21
07/01/2021,354.29,"1,467,982",355.66,356.1875,351.92
06/30/2021,352.71,"1,643,594",348.17,353.39,348.17
06/29/2021,348.93,"1,213,477",350.8,352.7,348.09
06/28/2021,349.89,"1,304,201",350.38,350.95,345.1
06/25/2021,349.99,"6,605,003",354.09,355.89,347.14
06/24/2021,350.62,"2,140,218",349.56,354.74,346.53
06/23/2021,347.75,"3,352,807",342.68,349.17,341.49
06/22/2021,342.1,"1,677,352",338.79,342.65,335.66
06/21/2021,337.88,"2,010,732",332.97,338.76,332.54
06/18/2021,328.97,"2,930,562",324.11,331.85,323.45
06/17/2021,328.38,"3,387,788",335.74,336.91,321.9018
06/16/2021,336.56,"2,264,610",338.1,340.0,335.1273
06/15/2021,338.1,"1,722,393",336.89,339.029,335.76
06/14/2021,335.54,"2,775,028",341.04,342.43,331.825
06/11/2021,341.57,"2,028,395",345.38,346.5,338.62
06/10/2021,341.44,"2,231,999",351.88,354.4,340.77
06/09/2021,349.53,"2,000,815",355.77,355.91,349.21
06/08/2021,356.58,"1,521,982",356.92,359.47,352.425
06/07/2021,355.43,"1,537,081",357.07,359.7,352.95
06/04/2021,356.64,"1,279,252",360.27,361.4437,355.31
06/03/2021,358.91,"1,336,941",355.23,363.43,354.56
06/02/2021,356.71,"1,882,870",364.51,365.31,355.76
06/01/2021,364.61,"1,483,494",364.41,369.25,362.0
05/28/2021,361.1,"1,348,392",362.6,363.54,357.58
05/27/2021,362.21,"3,337,111",363.38,363.5,358.71
05/26/2021,357.74,"1,949,761",359.68,361.25,354.69
05/25/2021,360.69,"1,682,300",361.78,367.799,360.37
05/24/2021,359.36,"1,914,745",361.54,362.4933,356.31
05/21/2021,359.75,"3,614,386",357.8,368.39,352.17
05/20/2021,355.22,"2,947,047",357.94,359.0,350.53
05/19/2021,358.42,"2,800,918",361.82,362.18,351.02
05/18/2021,369.69,"1,664,803",385.23,386.32,369.69
05/17/2021,383.55,"1,169,762",381.99,385.645,378.78
05/14/2021,384.0,"1,143,647",381.81,386.71,380.63
05/13/2021,378.11,"1,485,221",368.47,379.84,366.47
05/12/2021,373.63,"1,631,602",384.78,388.53,372.4168
05/11/2021,383.2,"1,588,538",386.22,389.1799,377.51
05/10/2021,391.4,"1,601,312",398.0,400.3399,391.28
05/07/2021,394.22,"1,597,441",387.81,396.896,384.33
05/06/2021,389.91,"2,010,921",379.84,391.0,378.62
05/05/2021,378.86,"1,129,550",382.66,383.335,375.85
05/04/2021,379.58,"1,692,319",371.85,381.0,367.875
05/03/2021,373.77,"924,732",376.5,377.745,371.88
04/30/2021,370.85,"1,196,754",372.55,373.53,368.605
04/29/2021,376.39,"1,104,533",382.84,382.84,372.07
04/28/2021,379.8,"891,013",381.18,384.51,379.55
04/27/2021,382.36,"925,733",381.5,383.5,378.53
04/26/2021,380.45,"1,235,664",377.02,383.8,377.02
04/23/2021,376.27,"1,301,434",368.89,377.69,368.89
04/22/2021,368.36,"1,880,394",375.87,377.24,365.6
04/21/2021,375.6,"1,819,877",370.71,375.83,367.35
04/20/2021,370.27,"1,807,557",378.35,380.74,366.63
04/19/2021,380.72,"1,145,428",382.82,383.68,378.535
04/16/2021,383.07,"1,092,271",386.06,386.06,380.82
04/15/2021,382.14,"1,127,087",384.28,385.95,378.6773
04/14/2021,381.5,"1,077,136",377.85,382.9799,377.85
04/13/2021,378.67,"985,343",383.54,384.4,376.63
04/12/2021,378.26,"1,165,106",377.83,379.15,375.8
04/09/2021,377.0,"1,224,717",375.64,378.08,372.52
04/08/2021,374.07,"1,250,769",372.29,374.5275,368.63
04/07/2021,374.79,"1,299,366",375.75,378.88,372.41
04/06/2021,375.61,"1,309,726",375.79,381.84,375.02
04/05/2021,374.81,"1,419,540",375.6,377.94,373.91
04/01/2021,372.12,"1,562,136",375.63,376.0,369.29
03/31/2021,374.14,"2,053,541",374.97,379.5,368.32
03/30/2021,373.92,"1,278,209",367.0,375.31,366.45
03/29/2021,367.97,"1,413,689",370.49,372.49,367.5
03/26/2021,372.29,"1,586,119",371.03,372.9,367.73
03/25/2021,366.8,"1,970,634",357.27,367.79,353.462
03/24/2021,360.91,"1,860,580",361.51,368.0,360.81
03/23/2021,357.49,"2,911,237",367.27,371.53,355.9
03/22/2021,371.59,"1,398,482",373.72,373.72,368.66
03/19/2021,372.48,"3,042,145",377.5,379.84,371.91
03/18/2021,380.41,"2,753,097",381.0,392.42,379.1334
03/17/2021,379.26,"1,752,964",376.08,380.79,372.23
03/16/2021,373.52,"2,047,047",376.57,376.57,371.0
03/15/2021,374.37,"2,005,446",369.09,374.73,366.0603
03/12/2021,369.49,"1,941,525",363.55,370.76,363.34
03/11/2021,364.46,"1,675,846",365.0,366.82,360.78
03/10/2021,361.22,"1,403,209",351.22,361.6939,351.01
03/09/2021,352.69,"1,457,115",354.72,357.39,351.87
03/08/2021,353.7,"1,764,150",354.43,359.91,349.2207
03/05/2021,349.83,"1,979,822",343.3,351.84,334.14
03/04/2021,337.95,"2,499,448",340.67,343.52,330.78
03/03/2021,343.06,"1,929,130",349.94,351.3746,342.81
03/02/2021,351.44,"1,881,971",359.87,359.87,349.97
03/01/2021,359.51,"2,100,253",355.06,363.31,354.34
02/26/2021,349.12,"2,537,825",346.2,354.408,344.06
02/25/2021,348.03,"2,883,003",345.71,353.02,342.31
02/24/2021,345.66,"1,941,252",339.43,346.59,338.21
02/23/2021,337.41,"2,222,978",331.52,338.7699,328.0
02/22/2021,337.51,"2,312,527",329.5,338.55,328.52
02/19/2021,330.0,"4,870,062",320.0,335.21,315.87
02/18/2021,300.25,"3,115,098",310.84,311.46,298.54
02/17/2021,312.08,"2,009,265",314.16,317.5,311.39
02/16/2021,317.09,"3,099,562",316.81,321.67,316.07
02/12/2021,313.0,"1,721,668",314.05,315.79,312.28
02/11/2021,314.46,"995,385",314.69,315.82,309.05
02/10/2021,313.64,"1,070,098",317.55,317.8,311.37
02/09/2021,315.33,"1,066,615",316.02,318.27,313.17
02/08/2021,317.04,"962,423",312.0,317.19,312.0
02/05/2021,309.24,"1,228,075",312.02,313.02,307.01
02/04/2021,309.27,"1,459,155",302.85,309.56,301.95
02/03/2021,301.14,"1,185,427",302.26,302.33,299.4616
02/02/2021,302.54,"1,637,198",296.23,304.22,295.72
02/01/2021,292.21,"1,163,541",292.12,294.02,289.65
01/29/2021,288.8,"1,734,289",292.1,292.95,285.5
01/28/2021,292.96,"1,504,279",287.28,297.28,282.735
01/27/2021,280.73,"1,769,882",289.79,290.64,278.95
01/26/2021,296.01,"1,364,350",300.94,302.16,295.4
01/25/2021,298.2,"1,539,717",303.14,305.5,296.38
01/22/2021,305.17,"1,429,871",302.89,306.9614,301.31
01/21/2021,305.5,"1,931,138",302.0,306.1499,300.0
01/20/2021,300.94,"1,327,782",296.87,302.19,296.01
01/19/2021,294.99,"1,509,915",298.25,299.765,294.4
01/15/2021,295.4,"1,766,313",300.16,301.13,293.01
01/14/2021,302.85,"1,370,805",302.9,306.35,301.95
01/13/2021,301.22,"1,203,758",301.63,304.0,300.61
01/12/2021,302.09,"1,952,318",296.12,303.56,293.905
01/11/2021,294.92,"1,304,027",289.48,295.18,289.0014
01/08/2021,293.91,"1,780,991",297.55,300.48,290.385
01/07/2021,299.73,"2,227,343",293.76,300.555,293.49
01/06/2021,290.36,"2,778,280",275.0,292.84,274.65
01/05/2021,274.28,"1,829,442",267.65,274.76,267.45
01/04/2021,267.64,"2,800,057",271.81,273.75,263.85
12/31/2020,269.05,"805,278",266.76,269.19,265.4529
12/30/2020,266.15,"792,784",266.0,268.36,265.495
12/29/2020,265.34,"892,936",269.17,269.54,262.848
12/28/2020,267.5,"691,970",273.43,273.56,267.4
12/24/2020,269.21,"289,945",267.93,269.58,267.315
12/23/2020,267.94,"938,783",270.68,271.38,267.83
12/22/2020,269.26,"1,535,405",267.58,270.58,265.23
12/21/2020,267.75,"2,147,346",265.92,272.0,265.58
12/18/2020,270.7,"3,274,395",265.0,271.45,264.56
12/17/2020,264.53,"1,525,282",263.03,264.64,261.5424
12/16/2020,261.12,"1,210,787",261.84,262.38,259.635
12/15/2020,261.99,"2,083,375",256.33,264.11,255.98
12/14/2020,252.72,"972,882",258.0,258.75,252.51
12/11/2020,255.77,"1,403,717",251.44,256.0,250.82
12/10/2020,253.45,"1,158,927",253.59,254.24,250.615
12/09/2020,254.83,"1,373,929",252.5,255.5,251.6
12/08/2020,252.6,"1,303,641",253.12,254.84,251.27
12/07/2020,252.01,"1,598,433",253.13,253.5,250.5425
12/04/2020,253.39,"1,655,180",253.86,255.75,252.79
12/03/2020,252.68,"2,080,076",258.49,259.81,251.93
12/02/2020,259.0,"2,773,408",255.13,260.435,254.39
12/01/2020,255.13,"2,087,627",263.22,265.35,255.12
11/30/2020,261.62,"2,342,210",262.94,264.2292,258.1083
11/27/2020,261.95,"1,072,234",258.62,262.2,258.15
11/25/2020,256.43,"3,037,881",263.01,265.8673,254.51
11/24/2020,261.51,"2,345,332",263.65,264.17,260.01
11/23/2020,261.11,"2,099,979",260.7,262.76,260.16
11/20/2020,258.56,"1,615,146",256.64,259.66,255.5
11/19/2020,255.59,"1,700,393",257.29,259.53,255.0
11/18/2020,257.33,"1,618,516",258.44,260.6,257.25
11/17/2020,258.21,"1,411,215",256.5,259.72,253.5
11/16/2020,259.1,"1,927,580",255.0,260.34,253.61
11/13/2020,251.79,"977,668",250.82,252.5904,249.08
11/12/2020,248.01,"1,275,729",250.85,252.203,246.87
11/11/2020,249.35,"1,658,970",253.96,254.27,245.955
11/10/2020,253.97,"1,852,805",249.49,256.9,249.49
11/09/2020,248.87,"2,219,604",260.59,265.87,248.35
11/06/2020,247.64,"1,481,737",246.58,250.365,246.11
11/05/2020,246.02,"2,032,178",237.82,247.09,237.33
11/04/2020,233.3,"1,992,678",237.4,240.0,233.2
11/03/2020,239.96,"1,571,789",235.61,241.62,234.42
11/02/2020,231.7,"1,435,930",228.49,232.24,227.5
10/30/2020,225.91,"1,306,183",227.63,228.59,222.61
10/29/2020,228.02,"1,190,731",222.07,229.81,221.73
10/28/2020,223.37,"1,375,301",225.0,227.5,222.51
10/27/2020,228.51,"1,395,734",234.2,234.59,228.0
10/26/2020,234.25,"1,010,501",237.1,237.49,231.745
10/23/2020,239.53,"820,498",237.12,240.0,237.12
10/22/2020,236.88,"1,246,389",236.06,238.0,234.88
10/21/2020,236.4,"1,506,494",239.52,241.92,236.06
10/20/2020,238.87,"969,001",239.8,242.035,237.76
10/19/2020,238.17,"905,592",240.25,242.9,237.11
10/16/2020,240.06,"1,652,689",240.0,243.4,239.71
10/15/2020,238.24,"1,225,180",234.66,239.35,234.365
10/14/2020,238.47,"1,062,545",237.39,240.66,237.09
10/13/2020,237.22,"1,311,422",236.14,237.58,234.49
10/12/2020,236.52,"1,234,788",237.14,237.61,235.0725
10/09/2020,234.81,"1,091,540",235.02,237.01,233.58
10/08/2020,234.24,"1,148,436",230.99,234.81,230.71
10/07/2020,230.57,"1,029,194",229.27,232.53,228.105
10/06/2020,226.12,"1,385,895",227.27,230.64,226.0101
10/05/2020,226.96,"2,071,483",227.26,231.12,224.85
10/02/2020,224.79,"1,403,675",215.25,226.52,215.02
10/01/2020,219.04,"1,383,845",223.5,223.78,218.57
09/30/2020,221.63,"1,883,964",221.38,226.06,220.235
09/29/2020,220.18,"903,349",221.65,222.39,218.07
09/28/2020,221.9,"1,191,484",222.06,224.3565,221.5
09/25/2020,219.25,"1,225,484",214.95,220.93,214.83
09/24/2020,216.52,"1,025,931",213.7,219.38,211.38
09/23/2020,214.55,"1,683,466",217.58,220.67,214.38
09/22/2020,217.58,"1,622,567",215.09,219.06,214.53
09/21/2020,214.21,"2,134,052",216.25,217.45,210.175
09/18/2020,221.97,"3,063,663",219.47,225.38,219.45
09/17/2020,219.94,"2,094,331",213.8,221.6,212.0105
09/16/2020,215.4,"1,573,006",217.16,218.92,214.86
09/15/2020,215.77,"1,740,236",219.81,220.96,215.19
09/14/2020,218.33,"1,249,318",217.9,219.12,216.7
09/11/2020,215.96,"1,902,364",214.13,218.507,213.0
09/10/2020,215.11,"1,840,588",215.92,218.23,213.61
09/09/2020,215.52,"1,569,294",210.86,217.3,210.86
09/08/2020,210.24,"1,918,482",209.86,213.24,207.97
09/04/2020,211.34,"1,662,351",213.19,214.0,208.18
09/03/2020,210.81,"1,975,367",217.27,218.73,209.07
09/02/2020,217.11,"1,983,120",218.24,219.71,215.67
09/01/2020,217.69,"1,873,548",208.52,217.72,208.27
08/31/2020,210.06,"1,944,497",210.0,211.43,207.77
08/28/2020,209.9,"1,261,483",210.33,210.8,208.745
08/27/2020,209.83,"1,875,503",211.16,212.4522,208.82
08/26/2020,211.01,"2,040,293",206.59,212.29,204.76
08/25/2020,205.6,"2,707,075",206.0,209.4,205.35
08/24/2020,205.4,"3,177,982",204.37,206.48,202.66
08/21/2020,199.5,"6,446,260",196.76,202.95,196.0
08/20/2020,191.1,"1,558,667",190.21,192.05,189.38
08/19/2020,191.99,"1,512,676",193.0,194.6,191.94
08/18/2020,192.13,"1,120,968",193.81,194.82,191.895
08/17/2020,192.99,"1,026,228",193.25,194.24,191.2
08/14/2020,191.13,"900,649",189.22,193.21,188.43
08/13/2020,189.5,"1,324,832",188.55,191.17,188.45
08/12/2020,192.31,"1,628,997",191.29,192.82,189.59
08/11/2020,193.22,"1,909,915",192.3,195.85,192.205
08/10/2020,189.91,"2,631,056",185.0,191.35,184.4
08/07/2020,183.5,"1,254,634",181.41,183.71,179.8605
08/06/2020,181.26,"968,080",182.0,183.24,180.25
08/05/2020,182.82,"1,366,456",180.0,183.59,179.95
08/04/2020,178.11,"672,802",176.92,178.88,176.625
08/03/2020,177.62,"841,234",177.38,178.87,175.83
07/31/2020,176.31,"1,409,720",176.81,176.92,173.36
07/30/2020,178.04,"1,235,913",178.21,179.25,176.2752
07/29/2020,180.25,"1,886,888",176.71,180.76,176.01
07/28/2020,175.79,"850,025",174.9,177.14,174.65
07/27/2020,176.0,"887,263",174.69,176.685,172.91
07/24/2020,175.35,"910,844",177.11,177.77,174.81
07/23/2020,176.73,"943,971",175.7,178.4,175.41
07/22/2020,175.49,"1,246,300",174.19,176.025,174.11
07/21/2020,175.65,"1,079,317",174.95,176.81,173.37
07/20/2020,173.81,"1,314,631",175.87,176.13,172.7
07/17/2020,176.51,"1,140,439",175.0,176.93,173.36
07/16/2020,173.42,"1,142,447",171.96,175.28,170.9
07/15/2020,172.39,"1,992,280",170.69,174.0,169.83
07/14/2020,169.56,"1,651,631",163.49,169.82,162.3
07/13/2020,163.83,"1,829,704",162.66,167.32,161.66
07/10/2020,159.09,"982,788",158.27,159.44,157.04
07/09/2020,157.65,"1,283,418",157.82,159.71,156.1
07/08/2020,158.38,"1,042,622",159.27,159.81,156.85
07/07/2020,158.7,"1,118,589",158.38,160.58,157.65
07/06/2020,160.22,"947,540",161.12,161.59,158.41
07/02/2020,157.9,"1,044,932",158.87,161.92,157.52
07/01/2020,156.85,"1,111,354",159.65,160.18,155.34
06/30/2020,157.15,"1,836,595",152.84,158.25,152.12
06/29/2020,153.71,"1,094,212",150.85,153.96,150.3218
06/26/2020,149.04,"2,302,929",153.18,153.87,148.19
06/25/2020,154.45,"1,671,215",149.22,154.85,148.29
06/24/2020,150.49,"1,985,729",151.89,152.67,149.12
06/23/2020,153.96,"940,556",156.54,156.62,153.69
06/22/2020,154.56,"1,188,508",153.0,154.73,151.75
06/19/2020,154.87,"2,046,399",158.75,158.86,153.54
06/18/2020,154.87,"883,784",154.54,156.88,153.61
06/17/2020,155.51,"1,131,662",158.93,158.93,154.86
06/16/2020,158.3,"2,105,580",161.71,163.82,155.5577
06/15/2020,155.47,"1,321,354",148.38,155.61,148.12
06/12/2020,154.97,"1,597,956",156.45,157.27,150.52
06/11/2020,151.09,"1,576,385",155.23,156.88,150.69
06/10/2020,161.0,"1,311,660",164.42,165.09,160.96
06/09/2020,164.81,"1,977,374",163.54,165.87,163.13
06/08/2020,168.81,"1,373,011",167.0,170.41,166.81
06/05/2020,166.72,"2,061,279",167.9,170.11,165.65
06/04/2020,161.14,"1,469,890",156.79,161.37,156.08
06/03/2020,158.35,"1,678,812",155.13,158.84,155.06
06/02/2020,152.95,"1,335,446",150.64,154.095,150.12
06/01/2020,149.14,"1,465,267",149.34,150.95,147.4
05/29/2020,152.12,"2,249,110",151.27,152.93,147.87
05/28/2020,153.16,"1,915,445",156.19,156.34,152.13
05/27/2020,153.36,"1,936,365",152.0,154.27,150.531
05/26/2020,148.03,"2,500,261",144.46,151.0,144.46
05/22/2020,140.71,"3,427,643",148.0,148.41,138.76
05/21/2020,142.81,"2,100,162",141.07,144.5,141.07
05/20/2020,142.31,"2,399,492",138.48,143.08,138.1101
05/19/2020,136.15,"1,859,542",139.09,139.44,135.44
05/18/2020,137.9,"2,450,908",131.98,138.87,130.51
05/15/2020,126.01,"1,650,013",125.99,127.7,124.69
05/14/2020,126.8,"2,721,044",123.0,126.96,117.85
05/13/2020,125.82,"2,027,607",130.95,131.13,124.5
05/12/2020,130.05,"1,392,644",135.8,136.82,129.941
05/11/2020,134.89,"1,356,117",135.16,136.77,132.56
05/08/2020,137.0,"1,729,777",138.0,138.95,136.72
05/07/2020,136.0,"1,059,137",134.66,136.97,134.06
05/06/2020,132.13,"1,151,004",135.61,136.03,131.39
05/05/2020,135.15,"1,125,484",135.12,138.45,134.72
05/04/2020,132.94,"2,277,549",136.36,136.5,130.2001
05/01/2020,138.19,"1,603,096",142.9,143.05,137.14
04/30/2020,145.06,"2,054,556",144.56,145.8,142.725
04/29/2020,147.1,"1,563,157",145.0,148.425,143.54
04/28/2020,141.56,"1,752,059",143.06,144.6171,140.86
04/27/2020,139.7,"1,528,936",138.63,140.78,138.11
04/24/2020,138.63,"1,498,485",138.94,139.42,135.43
04/23/2020,137.11,"1,377,020",137.68,140.085,136.92
04/22/2020,136.21,"1,280,461",137.37,137.88,134.12
04/21/2020,134.06,"1,958,507",133.99,135.19,132.5019
04/20/2020,137.3,"1,974,925",135.84,140.2634,133.76
04/17/2020,138.46,"2,468,321",133.54,138.55,133.015
04/16/2020,129.95,"3,642,658",134.25,135.49,128.51
04/15/2020,135.31,"2,938,234",133.12,135.33,127.545
04/14/2020,138.13,"2,479,842",140.31,142.23,135.16
04/13/2020,139.8,"1,655,871",141.78,142.75,136.87
04/09/2020,145.75,"1,596,109",147.28,150.2099,144.13
04/08/2020,146.77,"1,210,081",145.08,147.815,142.61
04/07/2020,142.82,"2,067,510",148.0,151.65,142.54
04/06/2020,143.49,"2,079,448",141.58,144.87,139.72
04/03/2020,135.52,"2,053,140",138.48,139.35,132.13
04/02/2020,139.38,"2,863,751",133.31,139.91,132.86
04/01/2020,133.67,"2,040,639",132.18,134.73,129.6825
03/31/2020,138.16,"2,240,205",141.99,145.0,137.25
03/30/2020,141.23,"2,251,141",136.72,141.7,134.56
03/27/2020,135.11,"2,302,699",135.0,139.17,132.16
03/26/2020,139.09,"2,227,539",129.35,140.15,127.14
03/25/2020,128.49,"3,962,382",125.88,136.73,121.84
03/24/2020,126.0,"3,488,413",117.37,126.66,112.7
03/23/2020,111.15,"3,130,922",110.27,115.57,106.52
03/20/2020,111.63,"4,155,245",119.66,120.605,110.34
03/19/2020,119.66,"2,455,694",112.9,120.74,106.25
03/18/2020,114.21,"2,635,027",117.82,120.55,106.14
03/17/2020,126.71,"2,909,655",122.8,129.46,119.07
03/16/2020,120.05,"2,617,693",123.9,132.87,119.84
03/13/2020,138.96,"2,525,544",137.93,139.29,130.53
03/12/2020,130.39,"3,288,737",135.0,136.54,128.0852
03/11/2020,145.88,"2,397,338",150.85,151.16,143.85
03/10/2020,154.99,"2,798,034",155.62,156.33,148.01
03/09/2020,150.0,"2,886,392",152.01,158.25,147.125
03/06/2020,164.04,"2,973,408",154.2,164.94,153.6695
03/05/2020,159.07,"1,878,394",158.83,162.19,157.92
03/04/2020,163.07,"2,513,828",161.24,163.295,160.5154
03/03/2020,157.78,"2,443,077",164.34,167.87,157.0
03/02/2020,163.92,"2,532,128",157.92,164.0,156.55
02/28/2020,156.48,"3,053,876",155.29,158.92,152.66
02/27/2020,159.99,"2,957,507",164.4,166.55,159.96
02/26/2020,166.92,"2,545,782",168.28,169.38,165.61
02/25/2020,166.65,"2,358,560",172.18,172.945,165.8
02/24/2020,171.86,"2,292,877",172.51,176.36,171.5
02/21/2020,177.43,"5,917,095",177.91,181.99,176.0
02/20/2020,165.83,"2,048,513",164.76,166.75,164.5
02/19/2020,164.93,"1,244,916",166.5,167.24,164.85
02/18/2020,166.3,"1,177,464",167.4,167.44,164.21
02/14/2020,168.07,"1,152,603",170.83,172.31,167.18
02/13/2020,170.76,"831,113",170.86,171.905,169.86
02/12/2020,171.83,"1,008,231",172.0,173.2,170.21
02/11/2020,170.26,"1,315,709",169.1,171.06,168.6
02/10/2020,168.24,"807,667",166.46,168.29,166.13
02/07/2020,167.45,"1,711,059",167.42,168.9,166.66
02/06/2020,168.86,"1,805,066",168.75,169.15,166.05
02/05/2020,168.35,"1,476,920",167.43,168.77,166.51
02/04/2020,164.43,"1,412,631",161.33,165.12,160.65
02/03/2020,158.29,"1,813,590",159.44,161.43,157.28
01/31/2020,158.58,"1,693,403",159.72,161.22,157.328
01/30/2020,161.11,"2,496,365",159.0,161.84,158.535
01/29/2020,160.16,"1,959,814",163.91,163.91,160.0
01/28/2020,162.98,"1,750,799",164.8,165.67,162.4
01/27/2020,163.28,"1,586,842",166.18,167.99,162.93
01/24/2020,170.12,"1,103,310",172.05,172.05,169.04
01/23/2020,172.06,"1,245,087",170.28,172.18,168.66
01/22/2020,171.16,"1,285,791",173.07,173.66,170.62
01/21/2020,172.56,"1,655,116",175.1,175.43,172.39
01/17/2020,176.2,"1,653,410",175.71,177.01,175.53
01/16/2020,175.47,"1,410,386",174.0,175.56,173.05
01/15/2020,172.92,"1,139,201",173.12,175.15,172.15
01/14/2020,173.67,"1,039,875",174.88,175.05,173.43
01/13/2020,174.74,"1,301,182",174.08,175.04,173.57
01/10/2020,173.43,"2,560,929",178.1,178.4,173.41
01/09/2020,177.6,"1,459,108",176.53,178.39,176.11
01/08/2020,175.9,"1,713,892",174.5,176.78,173.99
01/07/2020,173.74,"1,234,414",176.01,176.44,173.4901
01/06/2020,176.81,"1,235,688",174.48,176.88,173.735
01/03/2020,175.55,"1,301,141",174.21,175.76,173.55
01/02/2020,176.86,"1,457,269",174.24,176.88,173.73
12/31/2019,173.26,"748,231",174.12,174.67,172.5
12/30/2019,174.16,"953,007",174.89,175.115,173.51
12/27/2019,175.81,"719,572",175.01,175.86,174.3
12/26/2019,174.8,"518,055",174.8,175.13,173.57
12/24/2019,174.5,"332,329",174.95,175.5,174.02
12/23/2019,175.05,"1,005,712",175.65,175.65,173.45
12/20/2019,174.65,"2,593,597",175.38,176.58,173.3193
12/19/2019,172.76,"1,249,068",173.3,173.625,171.92
12/18/2019,172.61,"2,209,242",172.72,173.593,171.22
12/17/2019,173.84,"1,246,980",172.46,174.26,171.65
12/16/2019,172.85,"1,408,771",174.23,174.99,172.67
12/13/2019,172.5,"1,775,551",173.74,176.4,171.1448
12/12/2019,173.82,"2,169,000",169.5,174.16,168.62
12/11/2019,169.7,"1,245,887",170.62,170.68,168.36
12/10/2019,169.9,"1,643,118",167.54,170.0,166.67
12/09/2019,167.9,"1,740,671",165.4,168.16,165.11
12/06/2019,165.21,"1,547,600",167.07,167.48,164.45
12/05/2019,164.58,"1,233,976",165.55,165.88,163.85
12/04/2019,165.27,"1,756,395",164.07,166.86,163.7
12/03/2019,163.5,"2,016,165",163.33,164.3,162.04
12/02/2019,165.29,"2,743,126",165.3,167.24,164.77
11/29/2019,168.05,"1,394,372",168.3,169.32,167.7
11/27/2019,169.06,"7,626,685",168.5,172.37,167.05
11/26/2019,176.65,"2,828,034",176.96,178.34,176.6
11/25/2019,176.61,"1,678,004",176.08,176.93,175.2
11/22/2019,175.38,"1,295,398",176.17,176.98,174.61
11/21/2019,176.03,"1,683,232",172.73,176.3,172.23
11/20/2019,172.07,"2,060,885",172.91,173.41,169.74
11/19/2019,173.65,"1,236,084",176.33,176.33,173.385
11/18/2019,174.91,"1,441,745",174.0,174.915,172.38
11/15/2019,174.48,"1,645,798",175.53,175.83,174.06
11/14/2019,174.38,"1,311,502",173.22,176.71,173.0
11/13/2019,175.67,"1,840,744",175.03,175.79,172.7
11/12/2019,176.39,"1,436,219",179.8,179.8,176.05
11/11/2019,179.8,"1,413,855",177.28,180.48,176.58
11/08/2019,178.36,"1,715,709",178.49,178.91,177.27
11/07/2019,177.89,"1,657,366",177.82,179.16,177.5254
11/06/2019,175.97,"1,939,926",178.58,178.6446,175.24
11/05/2019,178.92,"1,321,917",179.22,179.695,178.19
11/04/2019,179.1,"1,999,133",177.75,179.32,177.75
11/01/2019,176.11,"3,120,858",175.9,176.26,174.79
10/31/2019,174.14,"2,245,570",173.44,174.38,170.345
10/30/2019,173.82,"1,646,669",174.62,174.62,172.61
10/29/2019,174.11,"1,622,648",172.3,174.64,171.745
10/28/2019,173.35,"1,455,287",174.44,175.39,172.99
10/25/2019,173.11,"2,135,408",172.2,174.1,172.14
10/24/2019,172.11,"2,561,219",175.0,175.0,170.91
10/23/2019,175.0,"1,299,770",173.68,175.82,173.5
10/22/2019,175.15,"1,580,270",174.75,176.3908,173.59
10/21/2019,174.03,"1,509,216",174.66,175.72,174.0
10/18/2019,173.92,"1,783,323",172.03,174.2514,171.5
10/17/2019,172.14,"1,219,828",172.03,173.0,171.31
10/16/2019,171.06,"1,834,100",172.06,174.1,171.0
10/15/2019,172.64,"1,927,242",169.56,173.03,168.15
10/14/2019,168.93,"1,776,378",170.8,170.95,168.57
10/11/2019,170.95,"5,041,681",170.0,173.26,169.48
10/10/2019,167.8,"2,014,842",166.51,169.95,166.03
10/09/2019,166.43,"2,095,641",166.4,167.61,164.645
10/08/2019,164.97,"1,853,118",164.29,166.19,162.86
10/07/2019,166.55,"1,241,679",167.94,168.68,166.41
10/04/2019,167.69,"1,255,108",164.8,167.78,164.15
10/03/2019,164.83,"1,386,641",163.21,165.19,160.61
10/02/2019,163.25,"2,659,203",164.0,164.98,161.08
10/01/2019,165.5,"2,312,631",169.6,170.21,164.65
09/30/2019,168.68,"1,841,582",166.78,169.03,166.66
09/27/2019,166.26,"1,613,090",166.5,167.31,165.0
09/26/2019,166.41,"1,820,076",165.17,166.92,164.75
09/25/2019,165.19,"2,816,157",165.68,166.24,164.43
09/24/2019,165.96,"3,183,471",165.61,166.31,163.9457
09/23/2019,165.21,"1,450,327",162.89,166.08,162.76
09/20/2019,164.07,"2,954,268",164.83,166.7,162.88
09/19/2019,164.44,"986,245",165.15,166.0,163.7
09/18/2019,165.38,"1,219,777",163.47,165.63,162.82
09/17/2019,163.99,"1,349,934",162.99,164.25,162.2975
09/16/2019,164.59,"1,164,676",164.14,165.48,162.9
09/13/2019,165.42,"1,789,258",164.93,166.59,163.152
09/12/2019,163.26,"2,732,780",162.11,163.69,159.635
09/11/2019,165.15,"2,213,323",164.1,165.19,162.78
09/10/2019,164.04,"2,702,943",158.89,164.04,158.3201
09/09/2019,158.36,"1,725,666",156.7,159.18,156.68
09/06/2019,156.52,"1,083,179",157.03,157.82,156.115
09/05/2019,156.3,"1,675,709",152.78,157.2,152.33
09/04/2019,151.72,"1,563,577",151.42,152.0,151.05
09/03/2019,150.82,"2,060,529",153.76,153.76,150.06
08/30/2019,154.91,"1,636,557",158.22,158.49,154.76
08/29/2019,156.48,"1,620,732",155.25,157.77,155.0
08/28/2019,152.72,"1,484,829",149.49,153.47,148.97
08/27/2019,150.1,"1,249,088",151.59,152.68,149.65
08/26/2019,150.81,"1,864,103",150.34,151.9,148.28
08/23/2019,147.02,"2,994,795",151.0,153.82,146.3
08/22/2019,155.37,"1,717,095",155.51,156.215,153.05
08/21/2019,154.86,"1,855,215",154.35,155.25,153.61
08/20/2019,152.1,"1,583,702",152.05,152.59,151.1184
08/19/2019,152.39,"1,993,623",150.19,153.25,149.36
08/16/2019,149.23,"3,492,991",143.78,150.99,143.49
08/15/2019,143.71,"2,402,727",143.82,145.33,141.245
08/14/2019,143.17,"3,001,003",144.11,144.78,141.85
08/13/2019,147.17,"2,906,229",146.0,150.06,145.49
08/12/2019,147.05,"3,738,303",153.95,154.34,146.82
08/09/2019,154.84,"1,742,882",153.92,156.01,153.45
08/08/2019,155.06,"1,661,318",152.1,155.2,151.45
08/07/2019,151.24,"1,747,082",150.44,151.58,148.6
08/06/2019,152.78,"1,824,753",152.42,154.35,150.41
08/05/2019,151.06,"3,243,281",154.6,155.42,147.71
08/02/2019,158.7,"2,270,178",159.84,159.84,157.1
08/01/2019,161.21,"2,193,781",165.89,167.16,160.66
07/31/2019,165.65,"2,000,280",170.1,170.34,164.625
07/30/2019,170.03,"1,400,678",169.16,170.7312,167.67
07/29/2019,170.26,"1,459,581",170.29,171.22,169.13
07/26/2019,170.39,"1,950,015",167.02,170.995,166.84
07/25/2019,166.91,"1,180,640",167.0,167.34,165.35
07/24/2019,167.18,"1,775,551",165.8,168.4783,165.07
07/23/2019,168.35,"2,176,805",166.08,168.9355,165.46
07/22/2019,165.14,"970,306",165.6,166.58,164.56
07/19/2019,165.61,"2,690,404",164.05,166.57,163.53
07/18/2019,163.24,"1,410,275",162.75,163.86,162.0275
07/17/2019,163.08,"1,368,192",166.07,166.58,163.08
07/16/2019,166.15,"1,345,224",165.21,166.6,164.75
07/15/2019,166.0,"1,983,824",166.9,167.81,165.29
07/12/2019,165.37,"2,268,640",162.12,165.41,162.11
07/11/2019,161.26,"2,012,757",160.72,161.3,159.37
07/10/2019,160.81,"1,753,247",162.21,163.125,160.6227
07/09/2019,163.35,"1,486,156",162.0,163.61,161.11
07/08/2019,163.89,"1,384,106",163.04,164.67,162.01
07/05/2019,163.42,"1,291,707",163.6,164.0,161.5572
07/03/2019,165.29,"918,563",165.82,165.8298,162.79
07/02/2019,165.13,"1,370,969",165.43,165.67,164.09
07/01/2019,165.14,"2,427,599",168.3,168.87,162.95
06/28/2019,165.71,"6,514,867",164.83,167.06,164.83
06/27/2019,164.82,"2,072,103",165.23,165.47,163.7
06/26/2019,166.12,"2,025,659",166.11,166.58,165.63
06/25/2019,166.31,"2,084,801",167.39,167.39,165.91
06/24/2019,166.88,"2,582,432",165.13,168.38,164.8952
06/21/2019,164.28,"2,380,789",163.46,164.7,162.11
06/20/2019,162.76,"1,945,060",162.25,163.13,160.85
06/19/2019,159.94,"1,671,408",159.37,161.46,159.07
06/18/2019,159.38,"2,616,958",155.89,159.97,155.51
06/17/2019,154.37,"1,742,204",153.3,155.2,152.26
06/14/2019,151.51,"1,013,456",151.66,152.095,149.52
06/13/2019,151.53,"1,192,482",149.61,152.24,149.0
06/12/2019,148.79,"1,344,071",149.25,149.85,147.71
06/11/2019,150.0,"2,019,792",151.45,152.559,148.85
06/10/2019,149.81,"1,708,546",149.67,151.23,149.65
06/07/2019,148.71,"1,555,844",147.29,149.2,146.56
06/06/2019,146.49,"1,391,287",145.94,147.17,144.8416
06/05/2019,146.22,"1,634,160",146.29,146.95,144.16
06/04/2019,145.62,"1,872,086",145.0,146.58,143.89
06/03/2019,143.29,"2,213,614",139.54,143.8,139.54
05/31/2019,140.17,"2,206,626",139.5,140.76,137.8001
05/30/2019,141.68,"3,110,615",141.31,143.695,141.31
05/29/2019,141.13,"3,013,158",137.18,141.37,136.54
05/28/2019,137.57,"2,054,430",140.47,140.47,137.55
05/24/2019,138.95,"2,597,214",138.18,139.4,137.43
05/23/2019,136.47,"2,584,459",136.67,137.81,135.45
05/22/2019,138.78,"2,626,832",137.92,140.08,137.72
05/21/2019,138.89,"3,567,339",137.06,139.5,136.56
05/20/2019,135.37,"3,715,321",133.97,136.0,132.68
05/17/2019,134.82,"7,817,465",140.0,141.37,133.17
05/16/2019,145.99,"2,893,384",146.19,148.06,145.0
05/15/2019,144.84,"2,330,525",145.8,146.61,144.02
05/14/2019,147.11,"2,325,422",146.22,148.93,145.45
05/13/2019,146.28,"3,172,762",150.0,150.5428,145.18
05/10/2019,156.05,"1,753,990",154.82,156.34,151.97
05/09/2019,155.48,"2,025,996",153.75,156.3,151.7921
05/08/2019,155.59,"1,806,538",157.15,157.79,155.35
05/07/2019,157.76,"2,182,222",158.34,158.88,155.3019
05/06/2019,160.18,"2,913,176",161.25,161.5,158.13
05/03/2019,166.91,"1,050,842",165.12,167.23,164.445
05/02/2019,164.12,"1,702,396",164.99,166.65,162.15
05/01/2019,164.54,"1,327,463",165.61,167.32,164.54
04/30/2019,165.63,"1,573,710",166.67,166.67,163.34
04/29/2019,166.29,"889,618",165.41,166.63,165.06
04/26/2019,165.01,"988,508",162.83,165.03,161.61
04/25/2019,161.81,"1,256,558",164.0,164.525,161.24
04/24/2019,165.31,"1,462,895",167.3,167.72,165.26
04/23/2019,167.76,"1,891,186",168.73,169.3,167.48
04/22/2019,169.15,"1,376,646",168.24,169.96,167.9
04/18/2019,169.05,"2,215,536",165.99,169.99,165.72
04/17/2019,165.45,"1,350,008",164.86,165.79,163.85
04/16/2019,164.56,"1,310,197",162.49,165.24,162.37
04/15/2019,162.49,"1,062,472",161.83,162.59,161.38
04/12/2019,161.46,"1,220,178",161.69,162.325,159.9
04/11/2019,160.16,"1,162,243",158.64,160.3,157.9
04/10/2019,158.63,"2,740,414",159.0,159.64,155.76
04/09/2019,158.83,"2,450,957",162.18,162.41,158.46
04/08/2019,165.0,"1,133,284",163.98,165.04,163.19
04/05/2019,165.03,"1,294,567",164.84,165.445,164.21
04/04/2019,164.24,"1,197,141",163.47,164.78,163.34
04/03/2019,163.39,"1,356,107",163.04,164.06,162.17
04/02/2019,162.12,"1,181,649",161.9,162.71,160.83
04/01/2019,161.91,"1,338,380",161.64,163.08,160.68
03/29/2019,159.84,"1,862,630",158.91,161.2,158.48
03/28/2019,158.08,"1,123,330",158.0,158.499,156.73
03/27/2019,158.27,"1,066,356",158.13,158.56,156.08
03/26/2019,157.6,"1,036,681",158.44,158.87,156.51
03/25/2019,157.33,"1,137,175",156.36,158.25,155.99
03/22/2019,155.94,"2,176,900",158.32,158.9479,155.26
03/21/2019,159.73,"1,081,993",158.52,160.68,158.5
03/20/2019,159.66,"2,017,123",160.52,161.5,158.02
03/19/2019,160.97,"1,671,139",161.43,163.16,160.07
03/18/2019,160.3,"1,962,444",157.98,160.49,157.5739
03/15/2019,158.15,"2,386,275",157.62,159.34,157.4
03/14/2019,157.76,"1,596,832",159.06,159.24,156.96
03/13/2019,159.68,"1,660,626",159.76,160.98,158.8106
03/12/2019,159.14,"1,553,058",160.56,161.0,158.72
03/11/2019,160.42,"1,340,260",159.12,160.66,158.63
03/08/2019,159.01,"1,757,323",155.88,159.975,155.88
03/07/2019,158.02,"2,051,260",157.88,158.33,155.5401
03/06/2019,158.24,"2,229,664",161.25,161.3079,157.82
03/05/2019,161.45,"1,919,081",165.38,165.76,161.4
03/04/2019,165.82,"2,663,061",164.6,167.02,164.15
03/01/2019,163.31,"1,668,929",164.85,165.96,162.74
02/28/2019,164.04,"1,778,024",163.23,165.03,162.5
02/27/2019,163.59,"1,850,481",163.51,163.76,162.345
02/26/2019,163.8,"1,623,659",163.46,165.05,162.81
02/25/2019,164.86,"2,502,690",166.98,167.82,164.78
02/22/2019,165.97,"1,967,197",163.0,166.0,163.0
02/21/2019,162.85,"2,834,745",159.97,164.3,159.97
02/20/2019,159.88,"2,447,413",157.89,160.62,157.55
02/19/2019,157.26,"2,971,522",156.88,158.8,156.06
02/15/2019,158.99,"7,576,887",159.47,163.395,157.31
02/14/2019,162.42,"2,025,101",161.36,163.41,160.56
02/13/2019,162.7,"2,776,707",163.89,164.5,162.07
02/12/2019,165.19,"1,892,841",163.44,165.91,162.91
02/11/2019,161.94,"1,843,912",163.63,164.24,161.93
02/08/2019,162.75,"1,626,855",160.25,162.79,160.25
02/07/2019,161.8,"2,488,117",162.69,163.8,160.11
02/06/2019,163.68,"1,660,457",164.12,164.91,163.0
02/05/2019,164.21,"1,574,629",164.63,164.99,163.01
02/04/2019,164.51,"1,904,530",164.06,164.88,162.34
02/01/2019,163.88,"1,704,320",164.08,164.36,162.96
01/31/2019,164.0,"3,117,037",162.43,164.88,160.18
01/30/2019,162.91,"1,988,764",161.91,163.68,160.07
01/29/2019,160.48,"2,199,663",157.48,160.94,156.81
01/28/2019,156.49,"2,198,887",157.09,158.42,155.2
01/25/2019,161.5,"1,825,920",160.63,162.82,159.87
01/24/2019,158.43,"1,602,041",157.75,159.09,157.07
01/23/2019,157.61,"1,779,657",159.54,160.7,156.25
01/22/2019,158.84,"2,075,732",162.89,163.0,157.38
01/18/2019,164.61,"3,879,772",162.0,166.19,161.84
01/17/2019,160.07,"2,152,202",156.74,161.64,156.2451
01/16/2019,157.41,"1,453,233",157.25,158.69,156.9201
01/15/2019,157.05,"1,366,469",157.26,158.75,155.765
01/14/2019,157.41,"1,364,913",156.21,158.34,155.84
01/11/2019,158.28,"2,039,033",157.77,159.785,156.61
01/10/2019,159.12,"2,692,726",153.65,159.43,151.49
01/09/2019,154.33,"3,134,269",157.86,157.9,153.5
01/08/2019,156.92,"3,120,057",155.03,157.89,154.02
01/07/2019,154.16,"2,890,145",151.92,155.94,150.89
01/04/2019,151.68,"2,542,609",147.01,151.76,146.85
01/03/2019,144.05,"2,062,635",147.42,147.66,142.7
01/02/2019,148.1,"1,986,787",146.23,149.66,146.23
12/31/2018,149.17,"1,952,456",146.22,149.24,146.22
12/28/2018,145.28,"1,597,083",146.39,147.96,144.49
12/27/2018,146.72,"2,456,373",141.2,146.72,140.165
12/26/2018,143.27,"2,252,133",138.42,143.32,136.13
12/24/2018,137.38,"1,444,661",141.75,142.34,137.38
12/21/2018,142.99,"3,931,390",144.54,147.08,142.47
12/20/2018,144.64,"2,822,282",145.12,148.3549,142.6
12/19/2018,146.08,"3,173,205",149.27,152.0,144.3143
12/18/2018,149.23,"2,824,621",148.34,150.855,147.83
12/17/2018,146.08,"2,494,775",148.3,150.05,145.0
12/14/2018,149.01,"1,967,870",146.31,149.51,146.31
12/13/2018,148.31,"1,733,941",149.35,150.47,147.77
12/12/2018,148.14,"1,863,525",150.14,151.59,148.0
12/11/2018,147.0,"1,818,774",150.29,151.87,145.94
12/10/2018,147.03,"1,787,098",145.78,148.145,143.85
12/07/2018,147.26,"3,005,646",153.6,154.72,146.31
12/06/2018,154.39,"4,586,594",147.7,154.49,146.5678
12/04/2018,151.59,"3,548,646",160.94,161.0,151.31
12/03/2018,162.21,"5,108,652",161.99,164.37,161.13
11/30/2018,154.88,"2,534,864",149.89,155.32,149.785
11/29/2018,149.97,"2,234,855",151.85,152.49,149.09
11/28/2018,152.01,"2,421,680",148.27,152.02,147.04
11/27/2018,147.81,"1,753,816",147.98,148.94,146.65
11/26/2018,148.92,"4,356,502",144.98,149.1454,144.36
11/23/2018,142.84,"1,192,503",139.76,143.44,139.74
11/21/2018,141.88,"4,987,582",136.56,146.48,136.56
11/20/2018,138.52,"3,696,892",140.47,140.47,135.87
11/19/2018,142.57,"2,904,917",147.28,148.17,142.1
11/16/2018,147.87,"2,327,256",145.72,148.23,145.21
11/15/2018,146.7,"3,015,413",142.61,147.75,142.5
11/14/2018,147.22,"1,824,064",148.39,150.2391,145.16
11/13/2018,147.23,"3,539,860",145.2,150.07,145.04
11/12/2018,144.57,"1,562,774",145.0,145.94,143.55
11/09/2018,144.81,"2,581,584",145.54,145.68,143.04
11/08/2018,146.67,"1,899,377",147.78,148.18,145.04
11/07/2018,148.43,"2,161,688",146.56,149.78,145.76
11/06/2018,145.47,"1,729,461",142.43,145.51,142.089
11/05/2018,142.65,"1,576,779",142.12,143.52,141.87
11/02/2018,141.72,"2,892,182",142.53,143.97,141.17
11/01/2018,140.65,"2,953,945",136.21,141.14,135.6
10/31/2018,135.44,"2,017,556",134.62,137.04,134.62
10/30/2018,132.76,"2,347,645",130.5,132.96,129.2901
10/29/2018,130.56,"3,260,462",135.4,135.79,128.32
10/26/2018,133.0,"4,771,135",134.5,135.31,131.6
10/25/2018,136.78,"1,854,399",135.63,138.31,134.33
10/24/2018,133.89,"3,729,976",139.65,140.36,133.56
10/23/2018,139.63,"5,166,776",139.62,141.3062,136.665
10/22/2018,145.44,"1,702,259",146.85,146.95,144.3308
10/19/2018,145.91,"1,901,323",147.52,149.0,145.37
10/18/2018,147.2,"2,489,044",150.48,151.06,145.705
10/17/2018,151.64,"1,516,048",151.12,152.475,149.43
10/16/2018,151.96,"2,124,297",149.98,152.32,148.21
10/15/2018,148.45,"1,678,310",148.05,150.11,147.56
10/12/2018,148.42,"1,879,522",149.09,149.9999,145.85
10/11/2018,146.47,"3,306,008",146.78,151.0,145.5
10/10/2018,147.46,"2,858,680",150.0,150.71,146.56
10/09/2018,150.45,"2,107,388",152.96,153.73,150.11
10/08/2018,153.82,"2,863,636",153.81,155.41,152.07
10/05/2018,156.4,"1,948,323",158.5,158.7,154.73
10/04/2018,158.31,"3,882,591",157.95,159.3,155.69
10/03/2018,158.21,"2,973,664",155.65,158.9,155.12
10/02/2018,154.82,"2,149,100",151.13,154.96,150.4031
10/01/2018,150.86,"2,671,014",151.72,152.47,150.18
09/28/2018,150.33,"1,736,994",150.55,152.16,150.04
09/27/2018,151.22,"1,493,506",152.4,153.9999,151.0
09/26/2018,152.32,"1,784,643",151.03,153.44,150.74
09/25/2018,151.29,"1,391,392",151.7,152.3602,150.16
09/24/2018,151.55,"1,710,306",152.09,152.35,149.7
09/21/2018,152.81,"2,511,117",154.37,155.07,152.66
09/20/2018,154.07,"2,761,902",154.24,156.77,153.22
09/19/2018,152.39,"2,364,755",149.34,153.75,149.3
09/18/2018,149.04,"1,529,994",149.49,150.87,147.89
09/17/2018,149.04,"2,131,048",148.28,150.44,148.05
09/14/2018,147.76,"1,987,446",148.9,150.05,146.85
09/13/2018,148.87,"1,496,940",148.84,150.16,148.35
09/12/2018,147.78,"1,948,170",148.46,149.9,146.57
09/11/2018,148.6,"1,152,054",147.5,149.67,146.88
09/10/2018,148.61,"1,872,100",148.5,150.65,148.0
09/07/2018,147.63,"3,059,695",145.1,148.35,144.0235
09/06/2018,145.1,"1,432,373",144.99,146.15,144.16
09/05/2018,144.88,"2,232,045",141.03,145.09,141.03
09/04/2018,141.7,"1,698,777",143.37,143.68,140.99
08/31/2018,143.8,"1,181,338",142.63,144.16,142.19
08/30/2018,143.32,"1,427,620",145.63,146.16,142.915
08/29/2018,145.99,"1,661,836",146.86,146.99,145.67
08/28/2018,146.5,"1,535,019",147.14,148.5,145.77
08/27/2018,146.2,"1,902,475",145.26,147.28,145.26
08/24/2018,144.76,"1,945,344",141.82,144.85,141.28
08/23/2018,141.18,"1,414,695",142.21,142.31,139.9
08/22/2018,142.61,"1,277,925",143.75,144.209,142.57
08/21/2018,143.83,"1,905,911",140.73,144.39,140.7
08/20/2018,140.53,"3,509,375",141.61,142.17,139.7434
08/17/2018,140.59,"8,809,597",134.18,142.3892,132.32
08/16/2018,137.35,"2,983,271",137.44,138.12,136.36
08/15/2018,135.7,"2,562,907",137.26,137.42,132.83
08/14/2018,138.65,"2,806,529",137.59,139.63,137.48
08/13/2018,136.91,"2,155,159",137.0,137.33,135.61
08/10/2018,137.05,"2,412,896",139.0,139.32,135.87
08/09/2018,139.83,"3,781,638",143.55,143.96,138.65
08/08/2018,144.81,"2,329,038",145.93,146.32,144.1675
08/07/2018,146.12,"1,549,923",144.51,147.38,144.51
08/06/2018,143.93,"1,472,894",142.94,144.86,142.78
08/03/2018,143.36,"1,873,746",142.15,144.0,142.0054
08/02/2018,142.09,"1,343,240",140.9,143.98,140.35
08/01/2018,141.91,"2,198,324",143.6,144.96,141.1
07/31/2018,144.79,"4,853,172",140.14,145.75,140.0
07/30/2018,138.2,"2,968,255",141.69,142.615,137.85
07/27/2018,140.8,"2,368,398",143.85,143.85,139.64
07/26/2018,142.73,"3,585,062",141.95,144.21,141.32
07/25/2018,141.32,"4,377,849",139.58,142.47,136.15
07/24/2018,139.84,"5,146,076",136.87,141.99,135.3295
07/23/2018,135.53,"2,789,404",136.5,136.82,135.29
07/20/2018,137.17,"2,832,137",138.16,139.19,136.6
07/19/2018,140.3,"2,303,325",138.37,141.3,138.15
07/18/2018,139.21,"2,398,023",137.8,139.49,137.38
07/17/2018,138.0,"2,704,262",134.73,138.11,134.37
07/16/2018,136.27,"3,722,785",137.63,137.94,135.42
07/13/2018,137.58,"5,113,265",140.7,140.83,137.48
07/12/2018,140.8,"1,681,114",141.81,142.79,140.58
07/11/2018,141.42,"2,395,930",142.17,142.56,140.68
07/10/2018,144.55,"1,530,093",145.34,146.29,143.79
07/09/2018,144.42,"2,149,117",140.87,145.77,140.365
07/06/2018,139.98,"2,101,381",139.93,140.3,137.9
07/05/2018,139.7,"3,004,531",140.56,140.99,138.08
07/03/2018,140.24,"1,582,103",141.8,142.0,139.86
07/02/2018,141.16,"1,867,590",138.06,141.33,137.88
06/29/2018,139.8,"1,917,636",140.11,142.72,139.58
06/28/2018,139.42,"1,619,852",138.59,140.48,137.32
06/27/2018,139.38,"2,433,354",140.93,143.34,139.13
06/26/2018,139.65,"1,832,452",140.03,141.13,138.72
06/25/2018,139.65,"3,705,173",141.73,141.9226,138.65
06/22/2018,143.17,"2,357,550",143.68,145.36,142.87
06/21/2018,142.01,"2,770,094",143.47,143.81,140.7
06/20/2018,144.35,"2,609,613",142.65,144.85,140.88
06/19/2018,142.28,"3,752,415",145.0,145.0,141.54
06/18/2018,147.79,"2,521,035",147.39,148.14,146.648
06/15/2018,148.75,"5,990,738",148.57,150.2,145.6892
06/14/2018,150.18,"3,064,340",153.01,153.9,150.01
06/13/2018,153.34,"2,383,579",157.91,157.91,152.93
06/12/2018,157.59,"2,548,888",156.55,158.6,156.55
06/11/2018,156.68,"1,925,120",156.87,157.745,155.39
06/08/2018,157.12,"1,390,267",158.13,158.61,156.048
06/07/2018,158.65,"2,186,922",158.44,160.31,157.665
06/06/2018,158.55,"2,468,039",155.14,158.56,154.78
06/05/2018,154.45,"1,872,005",152.33,154.57,151.91
06/04/2018,151.54,"1,641,466",153.73,154.12,151.18
06/01/2018,153.39,"2,655,914",150.7,154.04,150.53
05/31/2018,149.51,"4,754,531",154.92,155.0695,149.46
05/30/2018,155.08,"2,870,613",155.78,156.15,154.21
05/29/2018,155.01,"3,350,156",157.04,158.885,153.51
05/25/2018,159.0,"2,096,691",157.7,159.39,157.57
05/24/2018,158.18,"2,426,271",158.54,158.65,155.94
05/23/2018,156.58,"1,989,525",153.73,156.69,153.05
05/22/2018,155.09,"2,461,024",158.34,159.41,154.9
05/21/2018,158.33,"4,921,493",159.5,161.3907,156.1
05/18/2018,155.25,"7,788,296",146.5,157.1,146.11
05/17/2018,146.81,"3,950,304",147.3,148.1,145.405
05/16/2018,147.35,"1,886,929",145.62,147.6,145.62
05/15/2018,145.53,"3,134,751",145.33,146.45,143.31
05/14/2018,146.75,"3,330,466",148.35,148.62,145.7935
05/11/2018,147.32,"2,486,391",146.81,149.0,146.15
05/10/2018,146.61,"2,413,791",145.47,147.5,144.5452
05/09/2018,145.16,"2,329,400",143.21,145.53,142.09
05/08/2018,142.07,"2,189,255",140.65,142.7,140.22
05/07/2018,140.22,"1,842,183",140.0,141.7728,139.27
05/04/2018,137.3,"1,934,233",136.12,138.25,135.145
05/03/2018,136.87,"3,700,544",136.0,137.42,131.26
05/02/2018,134.75,"2,511,956",135.41,137.875,134.59
05/01/2018,135.37,"2,378,762",134.76,136.22,132.18
04/30/2018,135.33,"2,533,382",137.74,138.44,135.22
04/27/2018,137.56,"2,601,951",136.7,139.93,136.33
04/26/2018,136.33,"4,056,090",138.05,138.24,133.7
04/25/2018,138.0,"2,992,527",138.07,139.9,136.1
04/24/2018,138.11,"5,167,377",148.31,149.15,137.41
04/23/2018,146.04,"1,245,027",147.25,147.82,145.32
04/20/2018,146.96,"1,896,708",148.33,149.87,146.3
04/19/2018,148.1,"2,284,591",149.83,150.52,146.5
04/18/2018,149.77,"2,021,883",150.59,151.71,149.41
04/17/2018,149.15,"1,957,824",150.69,152.15,149.15
04/16/2018,148.98,"2,607,433",151.17,151.28,148.29
04/13/2018,149.98,"2,362,658",151.71,151.995,148.98
04/12/2018,150.26,"3,255,409",145.65,151.18,145.65
04/11/2018,144.41,"2,308,517",145.27,146.18,144.25
04/10/2018,148.01,"2,610,209",146.05,149.49,145.435
04/09/2018,142.96,"3,629,428",146.67,147.44,142.73
04/06/2018,145.39,"3,294,011",149.33,149.8,143.03
04/05/2018,151.34,"2,942,356",149.92,153.23,149.31
04/04/2018,148.57,"4,477,679",145.32,149.16,143.57
04/03/2018,153.04,"1,957,380",152.69,153.21,149.76
04/02/2018,151.82,"2,145,453",154.38,154.88,149.29
03/29/2018,155.32,"3,526,670",152.4,155.83,151.52
03/28/2018,151.48,"2,654,959",151.48,153.63,148.79
03/27/2018,152.16,"2,687,234",154.24,156.99,150.9
03/26/2018,153.34,"2,463,566",151.39,153.68,148.9
03/23/2018,148.0,"2,939,837",151.76,153.73,147.6
03/22/2018,151.58,"3,763,260",153.74,156.37,151.21
03/21/2018,158.05,"2,901,305",158.89,160.44,155.73
03/20/2018,159.99,"1,499,040",160.2,162.05,159.18
03/19/2018,159.53,"2,365,687",162.65,162.93,157.83
03/16/2018,163.88,"3,817,953",159.72,163.98,159.37
03/15/2018,159.6,"1,316,958",160.92,161.675,159.15
03/14/2018,160.21,"2,243,023",162.42,162.499,158.9
03/13/2018,161.32,"2,732,164",164.96,166.31,160.67
03/12/2018,164.03,"2,255,654",167.96,168.05,162.8
03/09/2018,167.93,"3,827,840",162.0,168.01,161.73
03/08/2018,161.06,"3,463,843",157.69,161.35,155.72
03/07/2018,157.9,"2,589,067",156.04,158.32,154.98
03/06/2018,158.51,"2,393,427",158.6,159.57,157.46
03/05/2018,157.54,"3,093,405",152.54,158.24,151.04
03/02/2018,153.31,"4,168,466",155.55,156.26,151.775
03/01/2018,156.81,"3,696,997",160.75,162.85,155.74
02/28/2018,160.87,"2,763,239",163.92,164.92,160.87
02/27/2018,163.58,"2,276,095",167.53,167.53,163.58
02/26/2018,167.46,"1,769,876",167.05,168.31,165.63
02/23/2018,166.24,"2,038,804",165.02,166.26,162.87
02/22/2018,164.16,"1,904,839",163.0,165.8,162.76
02/21/2018,162.09,"2,737,930",164.8,166.78,161.97
02/20/2018,164.77,"3,748,687",169.04,169.96,163.645
02/16/2018,169.44,"6,623,235",165.755,175.26,162.01
02/15/2018,166.81,"3,005,603",165.0,167.419,162.991
02/14/2018,163.28,"2,851,451",159.96,164.88,159.76
02/13/2018,161.3,"1,794,757",158.02,161.61,157.56
02/12/2018,159.21,"2,342,375",156.74,160.36,155.91
02/09/2018,154.93,"3,872,855",155.41,157.15,148.6
02/08/2018,153.66,"2,983,273",161.2,161.22,153.61
02/07/2018,161.44,"2,374,704",161.17,164.16,160.91
02/06/2018,161.88,"3,320,926",153.95,162.26,151.45
02/05/2018,157.02,"3,516,393",163.1,166.06,156.97
02/02/2018,164.96,"2,563,254",166.66,167.93,164.72
02/01/2018,167.85,"1,717,343",165.99,168.39,164.26
01/31/2018,166.42,"1,892,161",169.42,170.575,166.16
01/30/2018,168.51,"1,696,330",167.75,169.4,166.82
01/29/2018,169.18,"1,487,545",171.49,171.95,168.76
01/26/2018,171.49,"1,550,522",169.5,171.96,169.14
01/25/2018,169.13,"1,649,694",171.0,171.4,166.9128
01/24/2018,169.6,"1,369,773",169.71,170.43,168.06
01/23/2018,168.66,"1,354,021",169.9,170.09,168.43
01/22/2018,170.38,"1,400,634",170.0,170.4,168.715
01/19/2018,170.32,"1,612,861",168.53,170.32,168.09
01/18/2018,167.9,"2,184,297",166.96,168.45,166.26
01/17/2018,167.43,"1,958,748",168.6,168.64,166.39
01/16/2018,167.54,"2,010,481",170.15,170.61,166.36
01/12/2018,169.3,"2,316,982",168.45,170.73,167.96
01/11/2018,167.46,"1,957,130",165.13,167.55,163.77
01/10/2018,164.94,"5,473,193",166.74,168.44,164.1
01/09/2018,165.6,"4,298,214",162.01,165.98,161.52
01/08/2018,161.11,"2,711,314",160.05,161.18,158.9
01/05/2018,160.32,"1,574,438",159.8,160.47,156.59
01/04/2018,159.64,"1,746,732",159.2,160.105,157.35
01/03/2018,158.73,"1,384,163",157.89,159.1,157.64
01/02/2018,158.01,"1,897,582",156.67,158.06,156.55
12/29/2017,156.51,"1,257,329",157.95,157.99,156.47
12/28/2017,157.7,"1,237,573",158.48,158.66,157.3
12/27/2017,158.58,"1,781,452",158.62,159.1,158.22
12/26/2017,158.75,"2,398,530",157.95,158.76,156.81
12/22/2017,157.53,"1,713,806",156.06,158.1,155.11
12/21/2017,155.86,"2,315,635",154.98,156.3,154.25
12/20/2017,154.37,"1,430,549",154.94,155.24,154.0
12/19/2017,154.48,"1,798,512",154.34,154.98,152.02
12/18/2017,154.04,"1,982,369",152.5,154.67,152.42
12/15/2017,150.87,"2,553,809",150.6,152.0,150.55
12/14/2017,149.44,"1,420,299",152.37,152.58,149.31
12/13/2017,151.95,"1,608,167",151.68,153.34,151.26
12/12/2017,151.07,"1,654,070",151.24,151.71,150.39
12/11/2017,151.33,"1,436,313",150.8,151.58,150.56
12/08/2017,151.58,"1,050,257",151.81,152.46,151.05
12/07/2017,151.11,"1,434,287",149.16,151.48,149.0
12/06/2017,149.45,"1,410,975",150.53,151.38,149.42
12/05/2017,150.67,"1,802,161",151.64,152.54,150.26
12/04/2017,150.97,"1,893,303",151.99,152.68,150.92
12/01/2017,149.94,"2,020,324",150.25,150.49,146.93
11/30/2017,149.86,"3,642,322",148.95,150.75,148.0
11/29/2017,148.44,"2,421,741",148.92,149.199,147.17
11/28/2017,149.38,"3,992,748",148.05,149.81,147.22
11/27/2017,148.77,"3,880,587",145.75,148.83,145.32
11/24/2017,145.5,"1,964,901",146.13,147.91,145.49
11/22/2017,145.25,"8,089,584",145.53,146.0,142.36
11/21/2017,139.23,"5,894,395",138.56,140.359,137.95
11/20/2017,136.92,"2,563,987",136.18,137.82,136.14
11/17/2017,135.77,"1,962,567",134.01,136.51,133.76
11/16/2017,134.61,"2,065,832",132.77,135.27,132.63
11/15/2017,132.27,"1,764,781",132.29,133.0178,131.36
11/14/2017,132.88,"1,591,059",132.05,133.0,131.57
11/13/2017,131.91,"1,820,334",131.5,133.18,131.125
11/10/2017,132.23,"2,990,768",131.61,132.54,131.22
11/09/2017,131.28,"2,879,100",134.0,134.2,130.77
11/08/2017,134.64,"1,271,210",135.75,135.88,134.52
11/07/2017,135.71,"1,234,168",135.54,136.69,135.54
11/06/2017,135.31,"2,432,005",135.01,135.83,134.66
11/03/2017,135.03,"1,056,353",134.59,135.03,134.19
11/02/2017,134.44,"1,640,974",134.07,135.04,133.178
11/01/2017,134.27,"1,555,184",133.87,134.73,133.25
10/31/2017,132.88,"1,319,766",133.29,133.49,132.19
10/30/2017,132.3,"2,707,565",132.87,133.76,132.3
10/27/2017,133.25,"1,645,427",131.9,133.31,131.33
10/26/2017,132.14,"1,533,047",130.91,132.78,130.54
10/25/2017,130.56,"1,498,341",131.4,131.64,129.34
10/24/2017,131.02,"3,123,477",131.5,132.36,130.28
10/23/2017,129.59,"1,330,727",129.28,130.21,128.65
10/20/2017,129.15,"1,370,915",129.0,129.17,128.13
10/19/2017,128.52,"1,585,088",128.24,128.59,127.53
10/18/2017,128.72,"1,697,351",128.53,129.32,128.26
10/17/2017,128.69,"1,771,847",127.78,129.22,127.78
10/16/2017,127.72,"1,241,156",128.3,128.62,127.71
10/13/2017,127.91,"2,015,741",129.02,129.02,127.3801
10/12/2017,128.5,"2,755,763",127.6,129.28,127.34
10/11/2017,127.77,"1,865,061",128.01,128.23,126.93
10/10/2017,128.25,"1,123,237",128.98,128.98,127.96
10/09/2017,128.64,"988,102",128.22,128.72,127.741
10/06/2017,128.13,"1,496,643",127.62,128.31,127.27
10/05/2017,128.01,"1,415,717",128.23,128.43,127.62
10/04/2017,128.33,"1,400,341",127.91,128.555,127.02
10/03/2017,128.1,"1,585,102",127.2,128.29,126.98
10/02/2017,127.29,"2,622,680",125.7,127.31,125.08
09/29/2017,125.59,"3,089,697",124.0,125.64,123.8
09/28/2017,123.66,"2,836,399",122.9,124.23,122.39
09/27/2017,123.32,"2,478,304",123.5,123.9,122.7
09/26/2017,123.28,"1,057,917",124.0,124.43,123.18
09/25/2017,123.77,"1,605,232",123.68,123.91,123.11
09/22/2017,123.75,"1,864,332",124.58,124.8183,123.28
09/21/2017,124.78,"1,735,034",123.81,124.84,123.51
09/20/2017,123.95,"2,163,692",123.1,124.11,122.91
09/19/2017,123.08,"3,938,356",120.0,123.367,119.9
09/18/2017,119.89,"2,002,236",119.0,120.055,118.88
09/15/2017,119.01,"6,611,895",119.06,119.45,118.37
09/14/2017,118.37,"1,797,775",117.37,118.73,117.15
09/13/2017,117.37,"2,559,694",117.16,117.955,116.72
09/12/2017,117.26,"3,722,656",118.51,119.25,116.75
09/11/2017,117.93,"2,745,586",118.47,118.59,116.97
09/08/2017,117.3,"3,000,624",116.16,117.92,115.9
09/07/2017,116.33,"2,881,297",116.19,116.76,114.76
09/06/2017,116.22,"3,142,369",115.85,116.79,115.13
09/05/2017,115.53,"3,236,047",116.02,117.15,115.3
09/01/2017,116.14,"1,811,746",115.98,116.66,115.41
08/31/2017,115.93,"2,059,959",115.95,116.44,115.03
08/30/2017,115.49,"1,808,882",115.42,115.64,114.96
08/29/2017,115.89,"2,571,199",115.0,115.94,114.53
08/28/2017,115.96,"1,468,248",116.44,116.53,115.11
08/25/2017,115.84,"1,861,059",116.08,116.26,115.06
08/24/2017,115.44,"2,735,425",116.64,116.64,115.24
08/23/2017,116.45,"2,773,822",117.05,117.13,115.95
08/22/2017,117.48,"3,047,976",116.97,117.52,116.39
08/21/2017,116.52,"4,783,720",117.47,118.39,116.03
08/18/2017,117.31,"11,362,060",115.43,118.41,112.87
08/17/2017,123.98,"4,098,948",126.49,127.04,123.6
08/16/2017,126.63,"1,918,857",127.81,127.98,126.48
08/15/2017,127.18,"2,158,258",126.79,128.08,126.13
08/14/2017,128.57,"2,139,505",128.11,129.1689,127.88
08/11/2017,126.7,"2,303,319",127.93,128.51,126.49
08/10/2017,127.78,"2,991,380",132.26,132.26,127.74
08/09/2017,132.41,"1,393,965",131.3,132.5,131.18
08/08/2017,132.02,"3,952,445",129.75,132.22,129.75
08/07/2017,129.96,"1,535,249",130.18,130.5,129.66
08/04/2017,129.75,"1,212,492",129.61,129.95,129.105
08/03/2017,129.51,"1,657,369",128.94,129.66,128.84
08/02/2017,128.98,"1,512,888",129.05,129.41,128.3
08/01/2017,129.02,"1,590,594",128.51,129.46,128.18
07/31/2017,128.28,"1,276,509",128.92,129.54,128.15
07/28/2017,128.91,"1,261,212",128.44,129.02,128.06
07/27/2017,128.44,"1,472,935",128.14,128.53,127.32
07/26/2017,127.82,"1,959,293",128.05,128.18,127.0
07/25/2017,127.9,"2,124,492",127.93,128.75,126.81
07/24/2017,126.55,"1,287,978",125.92,126.65,125.7
07/21/2017,125.75,"1,455,785",124.74,126.1,124.61
07/20/2017,125.6,"1,997,988",126.25,126.72,125.35
07/19/2017,126.31,"1,473,978",126.35,126.74,125.85
07/18/2017,126.09,"1,869,390",125.89,126.44,125.34
07/17/2017,125.88,"1,570,322",125.46,126.02,125.01
07/14/2017,125.47,"1,776,971",124.52,125.78,124.27
07/13/2017,124.42,"2,894,812",123.59,125.05,123.25
07/12/2017,123.48,"4,848,141",128.8,129.0,123.46
07/11/2017,128.06,"1,832,768",128.01,128.8,127.32
07/10/2017,128.14,"3,103,879",126.71,128.5,126.67
07/07/2017,126.64,"1,558,390",125.13,126.82,125.05
07/06/2017,125.09,"1,851,876",125.29,125.47,124.69
07/05/2017,125.6,"2,290,251",124.75,125.87,124.11
07/03/2017,124.95,"1,681,918",124.19,125.5,123.79
06/30/2017,123.59,"2,305,472",122.59,124.34,122.26
06/29/2017,121.91,"1,817,622",123.38,123.4148,120.92
06/28/2017,123.47,"2,375,125",122.26,123.67,121.51
06/27/2017,122.0,"1,466,251",123.94,124.265,121.94
06/26/2017,123.35,"1,714,428",124.17,124.52,122.24
06/23/2017,123.6,"7,209,631",123.81,124.47,123.35
06/22/2017,123.86,"1,979,902",124.98,125.27,123.51
06/21/2017,124.78,"1,850,630",126.3,126.4,124.13
06/20/2017,126.04,"2,204,298",126.63,127.08,126.04
06/19/2017,126.99,"2,086,307",128.37,128.37,126.5
06/16/2017,127.9,"4,200,585",126.58,128.21,126.5268
06/15/2017,126.37,"3,500,225",125.7,126.55,125.4052
06/14/2017,126.43,"1,836,723",126.42,126.55,125.94
06/13/2017,126.42,"1,171,571",126.0,126.65,126.0
06/12/2017,126.0,"1,997,577",125.89,126.4,124.39
06/09/2017,125.95,"2,395,422",126.27,127.04,125.32
06/08/2017,126.0,"2,262,460",125.5,126.29,125.16
06/07/2017,125.29,"2,144,636",125.05,125.669,124.79
06/06/2017,125.05,"2,048,473",124.8,125.75,124.64
06/05/2017,125.33,"2,098,204",124.63,126.435,124.63
06/02/2017,124.91,"2,429,042",125.89,126.0,124.44
06/01/2017,124.7,"4,194,959",125.25,125.98,124.12
05/31/2017,122.46,"2,337,154",123.05,123.21,122.11
05/30/2017,122.26,"3,261,639",122.0,122.645,121.85
05/26/2017,122.79,"2,132,381",122.8,123.59,122.3589
05/25/2017,122.43,"2,792,232",123.0,123.43,122.06
05/24/2017,122.78,"1,990,894",121.96,122.82,121.79
05/23/2017,122.13,"3,719,432",121.86,122.65,121.03
05/22/2017,121.71,"4,421,966",122.08,122.5,120.1193
