date,close,volume,open,high,low
05/15/2026,49.49,"16,485,720",47.88,49.56,47.74
05/14/2026,47.24,"10,112,860",46.44,47.405,46.3807
05/13/2026,46.9,"14,414,370",46.6,47.03,45.99
05/12/2026,46.77,"14,734,160",46.79,47.245,46.38
05/11/2026,46.73,"16,317,270",46.41,46.99,46.2
05/08/2026,45.61,"15,147,820",46.0,46.3686,45.175
05/07/2026,45.31,"26,624,590",45.67,45.855,44.2
05/06/2026,46.6,"41,051,280",47.5,48.74,46.45
05/05/2026,50.99,"14,916,610",51.24,51.95,50.67
05/04/2026,51.26,"11,095,720",50.93,51.69,50.37
05/01/2026,50.56,"9,504,621",51.18,51.18,49.59
04/30/2026,51.37,"9,691,692",50.11,51.445,49.68
04/29/2026,51.08,"17,092,760",50.075,51.3,49.891
04/28/2026,49.48,"13,961,870",49.14,49.765,48.77
04/27/2026,48.2,"8,762,550",48.3,48.985,47.815
04/24/2026,47.94,"10,876,980",47.93,48.15,47.455
04/23/2026,48.15,"11,194,710",47.57,48.5,47.36
04/22/2026,47.12,"12,758,090",46.0,47.315,45.965
04/21/2026,45.6,"11,074,090",44.94,45.725,44.51
04/20/2026,44.94,"10,121,260",44.81,45.275,44.38
04/17/2026,44.23,"22,821,020",43.34,44.265,41.92
04/16/2026,45.78,"7,603,960",45.25,46.31,45.19
04/15/2026,45.23,"7,743,728",45.05,45.69,44.73
04/14/2026,45.25,"12,501,440",46.63,46.8499,44.92
04/13/2026,47.27,"10,285,730",48.33,48.64,46.82
04/10/2026,47.79,"10,332,150",47.63,48.075,46.98
04/09/2026,47.88,"13,745,460",48.15,49.105,47.6
04/08/2026,47.91,"18,024,960",46.27,48.1,45.1
04/07/2026,49.95,"12,451,040",49.955,50.79,49.6
04/06/2026,49.65,"9,362,227",49.6,49.88,49.155
04/02/2026,49.49,"13,939,690",50.3,50.675,48.59
04/01/2026,48.59,"18,746,140",49.1,49.82,47.64
03/31/2026,50.32,"21,718,090",51.69,52.31,48.94
03/30/2026,51.52,"12,248,080",52.09,52.71,51.335
03/27/2026,52.07,"14,984,180",51.63,52.455,51.34
03/26/2026,51.35,"13,772,420",50.87,51.845,50.68
03/25/2026,50.41,"10,384,450",49.92,50.58,49.63
03/24/2026,50.27,"20,009,810",48.97,50.705,48.955
03/23/2026,48.49,"17,112,640",47.5,49.005,46.8
03/20/2026,48.66,"56,064,560",48.72,49.67,48.42
03/19/2026,48.79,"28,297,070",48.375,49.83,48.28
03/18/2026,48.16,"21,007,900",47.41,48.17,47.08
03/17/2026,47.42,"18,441,740",47.15,47.5,46.76
03/16/2026,46.65,"19,839,740",46.0,46.905,45.57
03/13/2026,46.25,"11,978,040",45.52,46.405,45.41
03/12/2026,46.19,"24,014,090",45.7,46.405,45.26
03/11/2026,45.36,"14,039,820",44.03,45.42,43.72
03/10/2026,43.7,"16,009,230",44.48,44.9303,43.43
03/09/2026,44.82,"25,647,010",45.2,46.0,44.18
03/06/2026,44.48,"13,017,270",44.93,45.47,44.185
03/05/2026,44.52,"18,760,130",44.16,44.88,44.02
03/04/2026,43.49,"10,755,840",43.53,43.98,42.7
03/03/2026,44.0,"16,514,660",45.25,45.47,43.615
03/02/2026,44.95,"16,801,940",45.555,45.555,43.815
02/27/2026,43.53,"9,521,430",43.31,43.79,42.7
02/26/2026,42.66,"8,897,189",42.15,43.315,41.74
02/25/2026,42.62,"6,757,720",43.45,43.495,42.225
02/24/2026,43.28,"9,065,320",43.83,43.84,42.715
02/23/2026,43.67,"8,751,069",44.4,44.9625,43.54
02/20/2026,44.39,"14,057,630",44.34,44.71,43.85
02/19/2026,44.66,"12,672,470",44.88,46.15,44.325
02/18/2026,44.44,"14,979,160",44.5,45.32,43.55
02/17/2026,44.04,"9,194,997",44.98,45.29,43.45
02/13/2026,44.66,"7,046,224",43.57,44.9,43.57
02/12/2026,43.96,"12,134,430",44.52,44.84,43.0003
02/11/2026,44.96,"9,523,985",44.0,45.02,43.94
02/10/2026,43.48,"5,965,007",43.45,43.55,42.89
02/09/2026,43.48,"7,810,760",43.66,44.015,43.37
02/06/2026,43.81,"11,221,910",43.31,44.0,43.09
02/05/2026,43.17,"12,912,700",42.82,43.4,41.955
02/04/2026,43.39,"21,828,910",41.93,43.68,41.84
02/03/2026,41.11,"24,035,010",40.24,41.5374,39.5
02/02/2026,40.14,"21,885,330",39.46,40.77,39.16
01/30/2026,40.21,"11,349,020",39.61,40.38,39.13
01/29/2026,39.94,"14,530,480",40.59,41.31,39.83
01/28/2026,39.83,"8,880,584",39.57,39.985,39.17
01/27/2026,39.45,"6,940,183",39.1,39.5701,38.87
01/26/2026,38.63,"6,015,961",39.27,39.38,38.11
01/23/2026,38.64,"7,445,827",38.74,39.19,38.42
01/22/2026,37.98,"8,722,288",37.71,37.99,36.95
01/21/2026,37.75,"8,628,131",37.17,38.4,37.095
01/20/2026,36.29,"9,111,680",36.42,37.075,36.1401
01/16/2026,36.2,"9,210,288",36.2,36.885,35.975
01/15/2026,36.32,"22,437,040",37.26,38.24,35.965
01/14/2026,37.92,"16,721,840",37.1,38.72,37.03
01/13/2026,36.84,"9,571,335",36.18,37.265,36.175
01/12/2026,35.72,"6,689,610",35.81,36.015,35.425
01/09/2026,35.76,"5,678,249",36.19,36.4,35.66
01/08/2026,36.09,"9,846,396",34.83,36.545,34.65
01/07/2026,34.47,"13,022,040",35.84,35.9,34.23
01/06/2026,35.89,"8,595,556",36.48,36.93,35.76
01/05/2026,36.55,"11,876,600",37.79,38.08,35.45
01/02/2026,37.87,"8,717,274",36.68,38.1877,36.49
12/31/2025,36.63,"3,917,608",36.86,36.94,36.46
12/30/2025,36.82,"4,940,320",36.49,36.9175,36.41
12/29/2025,36.18,"5,923,564",36.03,36.45,35.95
12/26/2025,35.67,"5,248,230",36.17,36.25,35.41
12/24/2025,36.2,"2,202,885",36.21,36.36,36.02
12/23/2025,36.34,"4,609,915",36.575,36.63,36.12
12/22/2025,36.43,"5,965,676",36.36,36.875,36.235
12/19/2025,35.84,"17,503,630",35.78,36.4,35.78
12/18/2025,35.72,"8,142,387",36.99,37.0,35.71
12/17/2025,36.95,"10,536,870",35.7,37.04,35.61
12/16/2025,35.09,"10,308,250",35.72,35.845,34.91
12/15/2025,36.17,"10,818,950",37.21,37.26,36.04
12/12/2025,37.52,"7,109,069",38.14,38.285,37.4501
12/11/2025,37.54,"6,406,984",37.95,38.16,37.32
12/10/2025,38.41,"8,178,748",37.4,38.475,37.07
12/09/2025,37.4,"7,091,715",37.32,37.81,37.14
12/08/2025,37.57,"8,556,183",37.66,38.1751,37.125
12/05/2025,37.47,"7,670,786",37.58,38.2701,37.435
12/04/2025,37.71,"5,638,450",37.74,38.0,37.56
12/03/2025,37.69,"9,200,464",37.58,38.005,37.52
12/02/2025,37.26,"6,963,666",37.9,37.9,37.03
12/01/2025,37.86,"9,103,157",36.99,38.1224,36.97
11/28/2025,37.06,"4,439,049",36.48,37.37,36.37
11/26/2025,36.4,"7,695,319",35.85,36.715,35.78
11/25/2025,35.82,"6,312,573",35.63,35.89,35.35
11/24/2025,35.93,"9,493,963",35.52,36.125,35.16
11/21/2025,35.65,"11,410,150",35.07,35.99,34.785
11/20/2025,35.16,"10,806,140",35.65,36.875,34.975
11/19/2025,35.28,"7,934,531",35.0,35.39,34.71
11/18/2025,35.87,"9,686,516",34.75,36.19,34.59
11/17/2025,35.07,"6,735,714",35.85,35.89,34.85
11/14/2025,35.84,"8,369,713",35.19,35.89,34.48
11/13/2025,35.04,"8,334,593",35.37,35.68,34.665
11/12/2025,35.22,"10,711,340",35.1,35.525,34.78
11/11/2025,35.16,"9,901,725",34.11,35.58,34.11
11/10/2025,33.92,"6,808,247",34.02,34.2,33.34
11/07/2025,33.7,"9,921,090",32.81,33.73,32.485
11/06/2025,32.43,"13,993,850",33.32,33.59,32.06
11/05/2025,32.34,"9,305,509",32.5,33.115,32.29
11/04/2025,32.55,"7,989,599",32.35,32.65,31.91
11/03/2025,32.82,"7,413,889",32.45,32.825,31.9345
10/31/2025,32.49,"5,408,421",32.12,32.585,31.94
10/30/2025,32.01,"6,257,119",31.91,32.49,31.65
10/29/2025,32.05,"7,060,352",32.18,32.52,31.945
10/28/2025,32.01,"6,428,920",32.73,32.78,32.0
10/27/2025,32.93,"5,762,748",33.03,33.39,32.7924
10/24/2025,32.97,"4,557,462",33.6,33.65,32.89
10/23/2025,33.44,"8,202,054",33.43,33.83,33.2
10/22/2025,32.41,"8,167,385",32.46,32.77,31.995
10/21/2025,32.06,"7,512,988",31.9,32.25,31.4735
10/20/2025,31.93,"5,770,178",31.77,32.28,31.6035
10/17/2025,31.74,"7,610,670",32.05,32.24,31.555
10/16/2025,32.03,"6,797,933",32.65,32.84,31.64
10/15/2025,32.61,"5,688,447",33.06,33.25,32.275
10/14/2025,32.71,"8,404,982",32.42,33.115,32.2555
10/13/2025,33.21,"4,928,062",32.95,33.25,32.55
10/10/2025,32.5,"11,041,520",33.9,34.03,32.49
10/09/2025,34.35,"6,872,711",35.25,35.75,34.29
10/08/2025,34.97,"11,524,920",34.985,35.0,34.25
10/07/2025,34.99,"6,927,609",34.76,35.0,33.99
10/06/2025,34.91,"4,807,198",34.82,35.36,34.57
10/03/2025,34.56,"6,409,368",34.49,34.905,34.3707
10/02/2025,34.32,"7,237,390",35.0,35.485,34.1819
10/01/2025,35.32,"6,187,728",34.88,35.54,34.75
09/30/2025,35.06,"9,104,919",35.19,35.36,34.515
09/29/2025,35.52,"9,375,344",36.81,36.82,35.34
09/26/2025,36.99,"9,215,497",35.87,37.26,35.79
09/25/2025,35.76,"6,065,416",35.07,35.8499,35.03
09/24/2025,35.21,"5,455,327",34.99,35.695,34.87
09/23/2025,34.48,"8,409,111",34.09,35.49,33.995
09/22/2025,33.72,"6,826,370",33.82,33.995,33.58
09/19/2025,33.96,"13,572,290",34.79,34.81,33.92
09/18/2025,35.01,"6,103,006",35.6,35.6,34.73
09/17/2025,35.41,"7,499,506",34.72,35.885,34.335
09/16/2025,34.97,"8,053,671",33.935,35.1299,33.89
09/15/2025,33.77,"9,102,243",34.59,34.603,33.725
09/12/2025,34.77,"7,123,771",35.56,35.79,34.77
09/11/2025,35.29,"6,243,185",35.0,35.35,34.77
09/10/2025,35.52,"8,043,207",34.36,35.52,34.2
09/09/2025,34.31,"5,073,642",34.72,35.28,34.31
09/08/2025,34.51,"8,061,030",35.05,35.05,34.125
09/05/2025,34.76,"8,729,180",35.04,35.535,34.34
09/04/2025,35.58,"4,615,710",34.93,35.625,34.67
09/03/2025,35.08,"6,913,495",35.83,36.2,34.92
09/02/2025,36.42,"6,044,842",36.0,36.57,35.665
08/29/2025,36.1,"6,146,301",35.81,36.28,35.8
08/28/2025,35.88,"5,125,658",35.73,35.97,35.25
08/27/2025,35.56,"7,925,288",35.1,35.99,35.1
08/26/2025,35.23,"7,114,813",35.41,35.58,34.91
08/25/2025,35.77,"6,681,280",35.14,35.805,34.9
08/22/2025,35.16,"8,412,638",34.08,35.285,34.03
08/21/2025,33.89,"5,312,535",33.62,34.06,33.305
08/20/2025,33.78,"8,273,857",33.61,34.0,33.34
08/19/2025,33.58,"6,284,558",33.38,34.1075,33.355
08/18/2025,33.55,"5,380,168",33.535,33.815,33.15
08/15/2025,33.69,"5,365,614",33.8,34.09,33.585
08/14/2025,33.85,"4,720,456",33.43,33.8953,33.035
08/13/2025,33.62,"5,817,555",33.24,33.62,32.945
08/12/2025,33.32,"5,763,044",32.98,33.745,32.74
08/11/2025,32.87,"8,541,793",33.27,33.57,32.55
08/08/2025,33.28,"9,269,121",32.65,33.54,32.36
08/07/2025,32.39,"10,939,140",33.09,33.665,32.285
08/06/2025,32.45,"15,777,810",33.0,33.86,32.14
08/05/2025,32.31,"9,814,237",32.04,32.44,31.65
08/04/2025,31.94,"7,853,620",31.9,32.275,31.675
08/01/2025,32.14,"8,893,047",32.81,33.03,31.73
07/31/2025,33.22,"5,467,853",33.415,34.04,33.07
07/30/2025,33.76,"6,439,942",33.94,34.1636,33.505
07/29/2025,34.22,"6,184,110",34.18,34.33,33.71
07/28/2025,34.09,"7,174,635",33.34,34.12,33.3
07/25/2025,32.94,"5,664,247",33.33,33.4592,32.855
07/24/2025,33.3,"9,729,052",33.02,33.625,32.73
07/23/2025,33.24,"6,605,681",32.99,33.535,32.745
07/22/2025,32.81,"6,161,522",32.47,33.04,32.445
07/21/2025,32.35,"4,939,707",32.9,33.0175,32.3
07/18/2025,32.85,"7,130,153",33.16,33.63,32.73
07/17/2025,32.78,"6,668,819",31.72,32.82,31.63
07/16/2025,31.75,"11,508,910",32.18,32.33,31.45
07/15/2025,32.17,"6,964,042",33.32,33.35,32.15
07/14/2025,33.2,"6,961,294",33.77,33.81,33.07
07/11/2025,33.97,"5,724,419",33.76,34.315,33.62
07/10/2025,33.95,"7,753,106",34.2,34.59,33.7
07/09/2025,34.59,"6,306,162",34.75,35.03,34.23
07/08/2025,34.92,"16,160,850",32.91,35.19,32.715
07/07/2025,32.68,"7,526,092",32.98,33.38,32.1347
07/03/2025,33.23,"2,849,156",33.39,33.525,33.1
07/02/2025,33.41,"6,849,429",33.21,33.465,32.535
07/01/2025,32.65,"7,286,908",31.82,32.99,31.49
06/30/2025,31.81,"5,835,043",32.115,32.15,31.72
06/27/2025,32.25,"6,351,854",32.4,32.51,32.0
06/26/2025,32.48,"6,190,186",32.2,32.795,32.185
06/25/2025,32.13,"6,371,562",32.25,32.5101,32.05
06/24/2025,32.35,"8,636,290",32.13,32.85,32.1
06/23/2025,32.83,"15,657,430",34.87,35.0,32.715
06/20/2025,34.29,"15,001,560",34.12,34.385,33.755
06/18/2025,34.04,"11,401,810",35.0,35.4154,33.89
06/17/2025,34.71,"10,043,270",35.08,35.4799,34.575
06/16/2025,34.62,"9,279,027",34.4,35.19,34.27
06/13/2025,35.11,"12,706,150",35.26,35.6,34.6501
06/12/2025,34.33,"6,149,477",34.32,34.36,33.67
06/11/2025,34.47,"8,716,442",33.77,34.71,33.435
06/10/2025,33.47,"6,319,513",32.99,33.91,32.985
06/09/2025,32.65,"5,322,303",32.51,33.0,32.29
06/06/2025,32.29,"5,820,696",31.86,32.43,31.82
06/05/2025,31.42,"4,918,934",31.89,31.9,31.321
06/04/2025,31.56,"8,118,074",32.01,32.485,31.48
06/03/2025,32.01,"6,774,367",31.14,32.2962,30.8
06/02/2025,31.14,"10,156,890",31.18,31.25,30.75
05/30/2025,30.26,"18,145,620",30.75,30.84,30.24
05/29/2025,31.11,"8,893,343",31.0,31.161,30.57
05/28/2025,30.86,"6,989,201",31.66,31.79,30.83
05/27/2025,31.35,"7,347,652",31.5,31.5,30.905
05/23/2025,31.16,"7,037,757",30.66,31.235,30.61
05/22/2025,31.14,"6,814,284",31.17,31.37,30.62
05/21/2025,31.5,"8,370,385",32.0,32.24,31.5
05/20/2025,32.17,"6,277,269",32.71,32.74,32.125
05/19/2025,32.69,"5,264,583",32.75,32.88,32.39
05/16/2025,33.26,"6,046,016",33.62,33.71,32.87
05/15/2025,33.4,"7,155,431",33.2,33.505,32.94
05/14/2025,33.96,"6,172,211",34.05,34.2,33.74
05/13/2025,34.29,"7,415,712",33.75,34.605,33.6
05/12/2025,33.55,"8,035,649",34.2,34.65,33.3516
05/09/2025,32.53,"6,843,367",32.54,32.79,32.04
05/08/2025,31.93,"10,247,460",30.87,32.29,30.75
05/07/2025,30.29,"13,901,200",30.41,30.815,29.7
05/06/2025,30.59,"9,491,053",30.93,31.24,30.52
05/05/2025,30.62,"9,983,443",30.8,31.215,30.45
05/02/2025,31.44,"6,604,307",31.66,31.86,30.98
05/01/2025,31.16,"8,236,050",30.32,31.77,30.27
04/30/2025,30.41,"7,573,400",30.76,30.99,29.945
04/29/2025,31.3,"4,949,478",31.0,31.44,30.79
04/28/2025,31.55,"5,045,792",31.36,31.8,31.255
04/25/2025,31.35,"5,181,495",31.09,31.52,31.015
04/24/2025,31.47,"6,477,039",31.49,31.655,30.95
04/23/2025,31.08,"9,337,967",31.74,32.32,30.7
04/22/2025,31.2,"14,185,980",30.67,31.545,30.44
04/21/2025,29.48,"6,515,423",29.61,29.75,29.06
04/17/2025,30.31,"10,351,240",29.685,30.81,29.685
04/16/2025,29.3,"10,498,290",28.62,29.86,28.61
04/15/2025,28.53,"12,112,630",28.55,29.48,28.355
04/14/2025,28.73,"10,647,580",29.24,29.24,28.09
04/11/2025,28.23,"12,107,680",27.8,28.43,26.76
04/10/2025,27.75,"16,787,240",29.81,30.055,27.1301
04/09/2025,31.07,"21,581,330",26.05,31.54,25.89
04/08/2025,26.8,"17,712,970",29.42,29.68,26.41
04/07/2025,28.61,"19,139,780",28.04,30.16,27.14
04/04/2025,29.31,"23,073,650",32.0,32.29,29.06
04/03/2025,33.16,"16,227,440",35.41,35.91,33.04
04/02/2025,37.92,"5,355,517",37.04,37.96,37.04
04/01/2025,37.57,"5,573,538",37.5,37.6,36.82
03/31/2025,37.4,"7,085,019",36.56,37.65,36.54
03/28/2025,36.76,"4,324,352",36.79,36.99,36.46
03/27/2025,36.88,"5,118,726",37.29,37.49,36.69
03/26/2025,37.47,"7,510,443",37.42,37.85,37.2
03/25/2025,36.97,"5,934,061",37.26,37.77,36.83
03/24/2025,36.96,"5,722,202",36.25,37.2,36.12
03/21/2025,36.15,"12,728,240",35.97,36.28,35.7709
03/20/2025,36.13,"6,915,751",35.75,36.335,35.55
03/19/2025,36.05,"10,658,220",35.28,36.451,35.25
03/18/2025,35.37,"7,292,660",35.66,35.91,34.82
03/17/2025,35.11,"7,566,962",34.63,35.38,34.63
03/14/2025,34.55,"8,375,810",33.61,34.58,33.44
03/13/2025,33.79,"9,821,128",34.39,34.5828,33.42
03/12/2025,34.75,"7,621,612",34.54,35.28,34.285
03/11/2025,34.41,"8,721,885",34.6,35.18,34.015
03/10/2025,34.21,"10,579,000",34.7,34.98,33.53
03/07/2025,34.71,"10,540,910",34.19,35.21,34.09
03/06/2025,33.87,"8,651,614",33.5,34.175,33.11
03/05/2025,33.66,"14,135,330",33.6,33.86,32.705
03/04/2025,34.25,"14,139,150",33.8,34.97,33.1
03/03/2025,34.41,"13,946,030",36.49,36.6398,33.835
02/28/2025,36.22,"9,073,133",35.52,36.2754,35.2101
02/27/2025,35.88,"7,400,643",35.7,36.69,35.39
02/26/2025,35.46,"8,136,314",35.83,36.205,35.28
02/25/2025,35.88,"10,935,570",37.24,37.24,35.785
02/24/2025,37.31,"7,804,344",37.59,37.66,36.9001
02/21/2025,37.49,"11,546,140",38.25,38.65,37.35
02/20/2025,38.55,"11,384,110",38.05,38.88,37.71
02/19/2025,37.57,"21,954,150",36.2,38.64,36.2
02/18/2025,34.88,"10,239,850",34.99,35.5,34.37
02/14/2025,34.64,"9,066,767",34.46,35.2,34.43
02/13/2025,34.22,"7,229,436",33.95,34.22,33.54
02/12/2025,33.97,"8,740,960",34.85,35.23,33.82
02/11/2025,35.12,"9,504,084",34.43,35.41,34.34
02/10/2025,34.26,"8,701,711",33.54,34.47,33.48
02/07/2025,33.15,"5,509,819",33.54,33.73,33.12
02/06/2025,33.42,"8,907,062",34.49,34.61,33.02
02/05/2025,34.14,"7,592,821",34.25,34.365,33.77
02/04/2025,34.42,"7,057,173",33.33,34.6,33.21
02/03/2025,33.75,"9,706,600",34.18,34.19,33.385
01/31/2025,34.1,"8,392,628",35.0,35.035,33.79
01/30/2025,35.05,"6,101,941",35.36,35.4,34.755
01/29/2025,35.07,"7,126,622",34.85,35.225,34.47
01/28/2025,34.88,"6,961,194",35.68,35.68,34.5507
01/27/2025,35.33,"9,972,027",36.0,36.465,35.13
01/24/2025,35.96,"7,202,254",36.73,36.75,35.755
01/23/2025,36.45,"6,550,341",36.7,37.22,36.31
01/22/2025,36.46,"7,971,638",36.71,37.1951,36.43
01/21/2025,36.73,"13,092,070",37.5,37.65,36.425
01/17/2025,37.95,"9,359,835",38.19,38.63,37.715
01/16/2025,38.42,"8,471,239",38.03,38.6378,37.924
01/15/2025,38.43,"15,331,690",37.69,38.73,37.37
01/14/2025,37.18,"9,395,647",36.62,37.39,36.53
01/13/2025,36.77,"12,201,130",36.39,37.52,36.35
01/10/2025,35.99,"14,356,720",36.25,36.88,35.645
01/08/2025,35.15,"10,936,930",34.46,35.2,34.36
01/07/2025,34.69,"11,021,730",34.04,35.1,34.0
01/06/2025,33.75,"12,626,870",34.17,34.87,33.68
01/03/2025,33.93,"8,817,888",33.69,34.03,33.35
01/02/2025,33.4,"10,072,150",33.37,33.93,33.15
12/31/2024,32.73,"10,409,840",31.95,32.78,31.89
12/30/2024,31.97,"12,334,280",31.26,32.23,31.11
12/27/2024,31.2,"9,097,644",31.09,31.59,30.99
12/26/2024,31.11,"9,003,279",31.24,31.3,30.9049
12/24/2024,31.24,"5,806,566",30.99,31.28,30.56
12/23/2024,30.98,"11,098,850",30.71,31.0887,30.52
12/20/2024,30.77,"34,647,850",30.45,31.13,30.3898
12/19/2024,30.52,"15,241,450",31.45,31.66,30.49
12/18/2024,31.1,"13,828,360",32.1,32.3599,31.065
12/17/2024,32.17,"14,450,820",32.18,32.37,31.85
12/16/2024,32.59,"15,130,660",33.75,33.75,32.56
12/13/2024,33.88,"10,477,200",34.0,34.25,33.39
12/12/2024,34.13,"11,943,730",34.7,34.75,33.88
12/11/2024,34.76,"10,382,720",34.925,34.93,34.53
12/10/2024,34.73,"8,887,360",35.69,35.76,34.69
12/09/2024,35.51,"11,704,120",35.4,35.91,34.85
12/06/2024,34.99,"13,002,510",35.89,35.9,34.76
12/05/2024,35.96,"10,313,150",36.29,36.645,35.92
12/04/2024,36.29,"13,021,740",37.6,37.61,36.04
12/03/2024,37.58,"7,316,775",37.92,37.99,37.26
12/02/2024,37.61,"7,837,872",37.96,38.145,37.145
11/29/2024,37.95,"3,241,041",38.0,38.2,37.86
11/27/2024,37.84,"6,298,289",37.78,38.3736,37.78
11/26/2024,37.71,"10,083,200",38.12,38.2808,37.28
11/25/2024,38.27,"11,970,160",39.46,39.58,38.21
11/22/2024,39.45,"7,465,197",38.65,39.65,38.61
11/21/2024,38.7,"7,169,039",38.55,38.995,38.4
11/20/2024,38.3,"5,777,482",37.95,38.787,37.93
11/19/2024,37.91,"8,134,087",38.2,38.5601,37.89
11/18/2024,38.77,"6,576,903",38.8,39.17,38.5
11/15/2024,38.47,"6,725,321",39.21,39.74,38.34
11/14/2024,39.38,"5,235,710",39.47,39.63,38.895
11/13/2024,39.11,"8,317,589",38.43,39.35,37.94
11/12/2024,38.34,"8,057,415",39.09,39.3566,38.3
11/11/2024,38.96,"8,426,671",38.71,39.1,38.36
11/08/2024,38.87,"8,623,251",38.82,39.189,38.64
11/07/2024,38.89,"12,981,480",39.8,39.8,38.79
11/06/2024,40.02,"17,787,030",39.7,40.54,38.29
11/05/2024,39.34,"12,281,820",39.13,39.59,38.79
11/04/2024,39.15,"7,877,006",38.68,39.42,38.51
11/01/2024,38.32,"6,921,517",38.84,39.12,38.16
10/31/2024,38.68,"7,033,790",38.68,39.0798,38.435
10/30/2024,38.35,"6,318,619",38.42,38.85,38.16
10/29/2024,38.14,"6,111,141",38.5,38.69,38.07
10/28/2024,38.59,"8,475,479",38.18,38.88,37.97
10/25/2024,39.19,"9,322,139",39.835,40.015,38.86
10/24/2024,39.51,"4,223,093",39.71,39.86,39.264
10/23/2024,39.51,"7,346,494",39.89,40.02,39.2
10/22/2024,40.17,"5,918,653",40.28,40.44,39.95
10/21/2024,40.08,"6,248,165",40.92,41.06,39.94
10/18/2024,40.66,"6,942,909",40.46,40.69,40.08
10/17/2024,40.58,"21,526,030",40.71,40.91,39.7
10/16/2024,40.69,"7,566,357",41.47,41.61,40.63
10/15/2024,41.2,"8,384,918",41.43,41.84,41.01
10/14/2024,42.87,"5,866,085",42.57,42.915,42.4
10/11/2024,42.96,"5,979,133",42.65,43.295,42.55
10/10/2024,42.86,"7,454,861",42.15,42.99,41.92
10/09/2024,41.96,"6,264,560",41.275,42.13,41.115
10/08/2024,41.68,"7,402,632",41.84,41.96,41.03
10/07/2024,42.61,"8,362,686",42.42,43.0288,42.31
10/04/2024,42.42,"10,292,830",42.4,42.54,41.86
10/03/2024,41.79,"11,722,780",40.52,41.91,40.395
10/02/2024,40.5,"8,133,175",40.5,40.73,39.9
10/01/2024,39.76,"12,618,690",38.76,40.15,38.65
09/30/2024,39.12,"10,935,410",38.91,39.51,38.665
09/27/2024,38.96,"8,631,655",38.29,39.0575,38.21
09/26/2024,37.87,"16,997,560",39.2,39.4,37.765
09/25/2024,39.8,"8,386,565",40.73,40.89,39.765
09/24/2024,41.01,"6,904,972",41.85,41.8801,40.915
09/23/2024,41.12,"7,209,770",40.79,41.49,40.53
09/20/2024,40.79,"12,847,520",40.79,40.8887,40.2
09/19/2024,40.97,"6,471,463",41.13,41.43,40.78
09/18/2024,40.37,"5,996,618",40.18,41.1,40.06
09/17/2024,40.46,"7,490,746",39.55,40.56,39.41
09/16/2024,39.64,"7,139,014",39.75,40.18,39.385
09/13/2024,39.45,"8,673,476",39.78,40.09,39.36
09/12/2024,40.01,"8,038,092",39.95,40.445,39.38
09/11/2024,39.93,"10,260,750",40.25,40.26,39.02
09/10/2024,40.23,"7,926,379",41.4,41.43,40.1
09/09/2024,41.4,"7,694,679",41.5,41.85,41.275
09/06/2024,41.34,"6,226,394",42.1,42.38,41.08
09/05/2024,42.08,"5,320,855",42.65,42.74,41.93
09/04/2024,42.24,"6,316,431",43.2,43.47,42.1
09/03/2024,43.02,"6,389,031",43.96,44.08,42.81
08/30/2024,44.78,"5,832,476",44.54,44.84,44.375
08/29/2024,45.0,"4,365,549",44.94,45.34,44.51
08/28/2024,44.59,"3,651,223",44.29,44.87,44.25
08/27/2024,44.65,"3,767,348",45.06,45.26,44.59
08/26/2024,45.14,"5,334,138",45.5,46.04,45.01
08/23/2024,44.7,"4,314,258",44.0,44.7703,43.95
08/22/2024,43.67,"4,173,601",43.95,44.08,43.54
08/21/2024,43.84,"5,366,609",44.51,44.64,43.61
08/20/2024,44.04,"6,267,686",44.99,45.0,43.8
08/19/2024,45.19,"5,064,518",45.26,45.54,45.05
08/16/2024,45.09,"4,917,934",44.97,45.42,44.82
08/15/2024,45.44,"5,403,680",44.74,45.55,44.74
08/14/2024,44.49,"5,709,618",44.8,44.84,44.17
08/13/2024,44.64,"6,873,010",44.76,45.04,44.34
08/12/2024,45.33,"4,920,626",45.12,45.48,44.98
08/09/2024,44.92,"6,233,393",45.01,45.19,44.3
08/08/2024,45.11,"8,819,749",43.77,45.21,43.6
08/07/2024,43.17,"11,873,910",43.52,44.45,43.14
08/06/2024,41.98,"8,326,710",41.54,42.4299,41.325
08/05/2024,41.48,"12,221,550",41.44,42.16,40.87
08/02/2024,42.79,"12,250,310",44.64,44.7208,42.065
08/01/2024,45.06,"11,131,130",47.12,47.435,44.515
07/31/2024,47.03,"6,693,347",46.89,47.33,46.81
07/30/2024,46.17,"5,228,343",45.63,46.31,45.515
07/29/2024,45.69,"5,309,228",46.5,46.555,45.1522
07/26/2024,46.34,"4,327,154",46.14,46.56,45.7826
07/25/2024,46.28,"4,900,430",45.63,46.645,45.49
07/24/2024,45.58,"5,278,954",46.31,46.63,45.56
07/23/2024,45.96,"6,678,350",46.54,46.655,45.77
07/22/2024,46.8,"5,634,948",47.5,47.51,46.46
07/19/2024,47.74,"4,995,468",48.4,48.4,47.53
07/18/2024,48.46,"4,782,607",48.38,49.08,48.2699
07/17/2024,48.65,"7,723,893",48.43,49.345,48.43
07/16/2024,48.24,"6,136,817",47.69,48.55,47.47
07/15/2024,48.05,"8,391,683",46.95,48.6699,46.68
07/12/2024,46.48,"4,954,277",46.785,46.88,46.22
07/11/2024,46.42,"6,879,842",45.95,46.54,45.49
07/10/2024,45.91,"5,700,674",46.1,46.16,45.645
07/09/2024,46.06,"6,202,797",46.095,46.91,45.88
07/08/2024,46.52,"11,872,580",46.59,46.79,45.515
07/05/2024,47.03,"6,394,651",47.97,48.095,46.805
07/03/2024,48.11,"3,338,420",47.98,48.44,47.815
07/02/2024,47.77,"4,783,027",48.15,48.41,47.545
07/01/2024,47.73,"4,481,223",47.7,48.025,47.13
06/28/2024,47.4,"7,931,385",47.5,47.62,46.935
06/27/2024,47.01,"3,620,068",47.13,47.21,46.735
06/26/2024,46.72,"5,120,920",47.36,47.41,46.3802
06/25/2024,47.37,"6,857,549",47.56,47.57,47.005
06/24/2024,47.64,"8,375,891",46.06,47.985,46.01
06/21/2024,45.82,"12,610,900",46.27,46.29,45.6
06/20/2024,45.99,"5,368,217",45.64,46.285,45.4101
06/18/2024,45.65,"5,011,678",45.84,46.47,45.59
06/17/2024,45.76,"5,577,920",45.5,45.8099,45.15
06/14/2024,45.56,"6,809,776",45.75,45.75,45.0038
06/13/2024,45.76,"7,572,715",46.62,46.7,45.67
06/12/2024,46.85,"5,105,167",47.79,47.85,46.56
06/11/2024,47.29,"4,211,114",46.84,47.325,46.47
06/10/2024,47.12,"6,608,288",46.85,47.4599,46.53
06/07/2024,46.79,"6,467,602",46.45,47.17,46.2492
06/06/2024,46.76,"4,095,059",46.54,46.89,46.32
06/05/2024,46.62,"5,293,737",46.76,46.878,46.325
06/04/2024,46.65,"7,669,669",46.55,46.71,45.9
06/03/2024,47.08,"8,211,748",48.79,48.84,46.925
05/31/2024,49.08,"15,249,160",47.74,49.08,47.65
05/30/2024,47.59,"6,068,959",47.19,47.69,47.19
05/29/2024,47.19,"10,321,610",48.66,48.72,46.555
05/28/2024,48.91,"5,336,373",48.37,48.97,48.35
05/24/2024,48.15,"4,039,375",48.48,48.68,48.015
05/23/2024,48.23,"4,533,394",49.17,49.34,48.13
05/22/2024,48.8,"5,115,265",49.31,49.39,48.45
05/21/2024,49.77,"3,800,437",49.8,50.2392,49.66
05/20/2024,50.02,"4,826,028",49.64,50.0682,49.57
05/17/2024,49.62,"4,691,708",49.42,49.785,49.09
05/16/2024,49.24,"5,312,452",49.93,50.0699,49.21
05/15/2024,49.71,"5,742,155",49.62,49.81,48.69
05/14/2024,49.83,"4,435,514",50.0,50.13,49.54
05/13/2024,49.9,"6,733,623",50.24,50.44,49.62
05/10/2024,50.12,"5,061,378",51.06,51.2,50.01
05/09/2024,50.85,"4,437,861",50.69,51.2,50.58
05/08/2024,50.56,"5,146,682",50.41,51.0678,50.295
05/07/2024,50.98,"5,103,009",50.9,51.28,50.82
05/06/2024,50.86,"5,858,822",50.86,51.46,50.6643
05/03/2024,50.54,"8,953,763",51.11,51.3,50.16
05/02/2024,50.34,"13,274,080",51.12,52.25,50.035
05/01/2024,50.4,"8,504,946",50.96,51.15,49.775
04/30/2024,51.18,"7,539,297",52.75,52.86,51.14
04/29/2024,53.08,"4,810,643",52.5,53.2,52.5
04/26/2024,52.71,"4,618,432",52.43,52.89,52.105
04/25/2024,52.61,"6,392,006",52.04,52.65,51.43
04/24/2024,52.1,"6,470,184",52.2,52.41,51.76
04/23/2024,52.57,"4,173,151",51.97,52.71,51.622
04/22/2024,52.13,"6,363,266",51.56,52.55,51.11
04/19/2024,51.83,"5,075,407",51.53,52.44,51.42
04/18/2024,51.43,"5,168,222",51.94,52.15,51.23
04/17/2024,51.67,"6,183,098",52.04,52.65,51.44
04/16/2024,52.18,"6,991,359",52.37,52.6996,51.55
04/15/2024,52.68,"7,850,674",53.66,54.04,52.49
04/12/2024,53.42,"9,808,666",54.47,55.09,53.26
04/11/2024,53.9,"7,527,429",54.49,54.93,53.27
04/10/2024,54.51,"7,984,189",54.01,54.55,53.54
04/09/2024,54.14,"7,886,944",53.57,54.21,53.25
04/08/2024,53.43,"7,183,080",53.49,53.805,52.96
04/05/2024,53.27,"7,669,291",52.78,53.58,52.325
04/04/2024,52.54,"7,702,315",52.95,53.12,52.305
04/03/2024,52.77,"8,999,348",51.85,52.8295,51.85
04/02/2024,51.62,"7,093,817",51.26,51.65,50.8675
04/01/2024,50.95,"8,016,578",50.92,51.2,50.3201
03/28/2024,50.18,"9,259,379",49.97,50.29,49.715
03/27/2024,49.46,"5,580,408",48.54,49.47,48.48
03/26/2024,48.79,"5,831,953",49.17,49.33,48.77
03/25/2024,49.05,"6,090,966",48.68,49.24,48.56
03/22/2024,48.37,"4,640,155",48.59,48.8301,48.2997
03/21/2024,48.53,"6,671,480",48.63,48.65,48.2
03/20/2024,48.61,"6,248,508",48.08,48.85,48.0
03/19/2024,48.43,"8,230,911",47.45,48.53,47.3401
03/18/2024,47.47,"6,690,993",47.67,48.02,47.26
03/15/2024,47.62,"16,340,750",47.51,48.29,47.47
03/14/2024,47.86,"9,075,173",47.31,47.87,47.24
03/13/2024,47.41,"8,846,324",47.02,47.795,47.02
03/12/2024,46.58,"6,939,421",46.7,46.99,46.5023
03/11/2024,46.67,"7,571,714",46.13,46.745,45.705
03/08/2024,46.16,"6,790,849",46.035,46.3654,45.8
03/07/2024,45.89,"7,767,879",45.45,46.28,45.405
03/06/2024,45.45,"8,359,220",45.57,45.62,44.9
03/05/2024,45.08,"9,578,308",44.6,45.41,44.33
03/04/2024,44.37,"7,332,663",44.53,44.715,44.24
03/01/2024,44.39,"12,033,200",44.45,44.79,44.075
02/29/2024,44.06,"7,975,063",44.19,44.4399,43.84
02/28/2024,44.03,"11,356,040",44.1,44.92,43.73
02/27/2024,44.32,"7,475,142",44.13,44.63,43.95
02/26/2024,43.83,"8,164,003",43.73,44.35,43.48
02/23/2024,43.88,"7,029,657",43.51,44.12,43.1333
02/22/2024,43.97,"10,886,650",43.69,44.265,43.32
02/21/2024,44.11,"7,522,709",43.72,44.63,43.65
02/20/2024,43.41,"6,377,779",43.38,43.83,43.13
02/16/2024,43.46,"6,176,281",43.19,43.73,42.96
02/15/2024,43.19,"8,847,480",41.86,43.315,41.86
02/14/2024,41.84,"6,715,317",42.05,42.495,41.6501
02/13/2024,41.9,"6,512,474",42.08,42.27,41.41
02/12/2024,42.24,"7,972,803",41.79,42.59,41.76
02/09/2024,41.59,"7,462,171",42.39,42.58,41.35
02/08/2024,42.41,"11,090,600",41.33,42.485,41.31
02/07/2024,41.31,"6,761,835",41.17,41.4701,40.685
02/06/2024,41.08,"6,865,354",40.93,41.5,40.735
02/05/2024,40.69,"7,451,121",41.07,41.14,40.47
02/02/2024,41.3,"6,951,301",41.73,41.82,41.21
02/01/2024,41.8,"7,886,659",42.29,42.62,41.48
01/31/2024,42.02,"6,996,911",43.18,43.22,42.01
01/30/2024,43.32,"6,014,793",42.47,43.355,42.41
01/29/2024,42.77,"5,362,524",42.58,42.81,42.0348
01/26/2024,42.62,"5,768,568",42.39,42.77,42.115
01/25/2024,42.49,"8,101,469",41.8,42.5,41.47
01/24/2024,41.62,"8,160,663",41.7,41.88,41.265
01/23/2024,41.3,"5,843,056",41.22,41.835,41.06
01/22/2024,41.18,"9,522,554",40.8,41.62,40.5602
01/19/2024,40.97,"9,173,503",41.05,41.11,40.62
01/18/2024,41.08,"10,038,450",40.98,41.21,40.51
01/17/2024,41.09,"11,802,670",41.29,41.485,40.81
01/16/2024,41.68,"13,084,550",42.53,42.75,41.52
01/12/2024,42.77,"12,749,750",44.44,44.53,42.67
01/11/2024,43.59,"10,739,000",44.08,44.25,43.425
01/10/2024,43.94,"10,531,290",44.77,44.815,43.84
01/09/2024,44.77,"7,532,761",45.59,45.65,44.55
01/08/2024,45.53,"8,222,271",45.15,45.53,44.33
01/05/2024,45.94,"7,073,480",45.98,46.08,45.515
01/04/2024,45.63,"8,311,414",47.04,47.35,45.56
01/03/2024,46.81,"7,374,598",45.69,46.835,45.52
01/02/2024,45.84,"7,489,500",45.62,46.49,45.55
12/29/2023,45.3,"9,450,429",45.88,45.98,45.04
12/28/2023,45.76,"7,843,036",46.11,46.35,45.75
12/27/2023,46.4,"7,982,564",46.55,46.77,46.24
12/26/2023,46.66,"8,224,798",46.26,46.94,46.19
12/22/2023,45.81,"6,324,030",46.2,46.4512,45.715
12/21/2023,45.85,"8,104,096",45.39,45.86,45.155
12/20/2023,45.24,"8,494,538",45.85,46.23,45.17
12/19/2023,45.68,"9,074,601",45.34,45.725,45.02
12/18/2023,45.24,"12,127,160",45.57,46.155,45.21
12/15/2023,44.87,"24,624,240",44.51,44.905,44.14
12/14/2023,44.99,"13,683,650",44.25,45.49,44.1601
12/13/2023,44.22,"13,256,410",43.33,44.25,42.95
12/12/2023,43.34,"11,439,000",43.9,43.9,43.04
12/11/2023,44.41,"8,093,579",44.25,44.61,44.055
12/08/2023,44.09,"7,454,733",43.83,44.26,43.67
12/07/2023,43.46,"10,954,940",43.55,43.795,43.135
12/06/2023,43.25,"10,636,540",43.53,44.17,43.0601
12/05/2023,43.78,"8,282,143",44.68,44.85,43.72
12/04/2023,44.68,"6,670,337",44.63,45.305,44.47
12/01/2023,45.17,"6,386,249",44.88,45.86,44.64
11/30/2023,44.97,"12,904,400",45.5,45.99,44.53
11/29/2023,44.88,"6,470,344",45.05,45.21,44.64
11/28/2023,44.82,"5,942,185",45.12,45.42,44.72
11/27/2023,44.93,"8,319,941",44.98,45.03,44.35
11/24/2023,45.35,"4,050,566",45.06,45.62,44.8987
11/22/2023,45.16,"6,977,235",44.05,45.23,43.69
11/21/2023,45.25,"5,039,961",45.29,45.57,44.96
11/20/2023,45.65,"7,588,343",45.83,46.2,45.53
11/17/2023,45.36,"9,350,216",44.8,45.735,44.44
11/16/2023,44.29,"12,410,930",44.67,44.88,43.455
11/15/2023,45.52,"7,318,637",45.67,46.4063,45.455
11/14/2023,45.74,"6,846,961",45.78,46.195,45.45
11/13/2023,45.42,"8,175,909",45.81,46.03,45.34
11/10/2023,45.62,"11,182,140",44.62,45.96,44.53
11/09/2023,44.14,"9,925,719",44.57,45.125,44.115
11/08/2023,44.18,"14,232,150",44.7,45.1,43.7
11/07/2023,45.29,"11,263,480",45.89,46.09,45.02
11/06/2023,46.72,"7,873,953",47.72,47.75,46.33
11/03/2023,47.34,"7,016,486",47.42,47.93,47.21
11/02/2023,47.27,"6,014,926",46.33,47.31,45.84
11/01/2023,46.21,"7,565,006",47.0,47.0,46.115
10/31/2023,46.57,"5,896,171",46.08,46.6,45.645
10/30/2023,46.17,"6,815,178",46.69,47.2,45.67
10/27/2023,46.77,"8,089,462",47.18,47.28,45.95
10/26/2023,47.17,"5,500,621",47.05,47.565,46.67
10/25/2023,47.85,"6,337,442",47.24,47.905,46.93
10/24/2023,47.47,"5,672,642",47.85,48.02,47.255
10/23/2023,47.71,"8,084,353",47.67,47.99,46.95
10/20/2023,48.32,"7,909,770",49.06,49.35,48.06
10/19/2023,49.25,"12,615,890",49.22,49.82,48.4226
10/18/2023,50.08,"10,883,400",50.27,50.835,49.87
10/17/2023,49.93,"9,484,492",49.07,49.94,48.98
10/16/2023,49.4,"9,632,886",48.73,49.52,48.33
10/13/2023,48.39,"10,191,090",47.65,48.62,47.39
10/12/2023,46.69,"8,040,666",47.25,47.38,46.26
10/11/2023,46.75,"8,053,304",45.87,46.8,45.58
10/10/2023,46.07,"7,999,862",46.1,46.41,45.751
10/09/2023,46.1,"10,939,240",45.14,46.4,44.87
10/06/2023,43.7,"11,578,450",43.0,44.215,42.59
10/05/2023,42.85,"10,595,060",43.0,43.445,42.73
10/04/2023,43.35,"14,901,400",44.94,45.04,42.815
10/03/2023,45.75,"8,624,316",45.52,45.79,45.085
10/02/2023,45.65,"10,400,290",47.82,47.82,45.35
09/29/2023,47.7,"8,856,843",49.0,49.04,47.6
09/28/2023,48.81,"6,520,617",48.75,49.13,48.31
09/27/2023,48.84,"12,027,890",47.78,49.21,47.65
09/26/2023,46.95,"8,722,344",46.86,47.57,46.805
09/25/2023,47.51,"10,594,940",46.57,47.63,46.4995
09/22/2023,46.59,"8,360,347",46.82,47.02,46.25
09/21/2023,46.41,"13,751,310",47.75,47.93,46.11
09/20/2023,47.88,"10,362,300",48.61,49.06,47.86
09/19/2023,48.99,"9,549,358",50.1,50.25,48.87
09/18/2023,49.5,"9,265,494",50.0,50.176,49.08
09/15/2023,49.68,"26,184,990",50.5,50.52,49.47
09/14/2023,50.93,"9,638,965",50.96,51.3582,50.27
09/13/2023,50.65,"7,766,915",51.6,51.61,50.35
09/12/2023,51.39,"8,137,240",51.35,52.01,51.2
09/11/2023,50.78,"12,427,610",53.16,53.16,50.36
09/08/2023,52.66,"5,129,154",52.83,53.33,52.57
09/07/2023,52.5,"7,234,404",53.3,53.77,52.355
09/06/2023,53.49,"5,102,705",53.41,54.14,53.15
09/05/2023,53.5,"8,350,709",53.4,54.47,53.1901
09/01/2023,52.92,"9,339,773",51.92,53.34,51.76
08/31/2023,51.09,"6,783,918",51.01,51.29,50.51
08/30/2023,50.66,"4,350,308",51.0,51.15,50.61
08/29/2023,50.73,"4,677,775",50.69,51.01,50.16
08/28/2023,50.57,"4,757,708",50.72,51.57,50.365
08/25/2023,50.43,"10,108,450",49.42,50.83,49.135
08/24/2023,48.84,"5,261,835",48.96,49.415,48.66
08/23/2023,49.34,"5,748,509",49.15,49.385,48.49
08/22/2023,49.74,"4,688,021",50.32,50.56,49.715
08/21/2023,50.17,"6,526,716",50.59,50.88,49.61
08/18/2023,49.99,"6,305,580",48.5,50.02,48.451
08/17/2023,49.06,"5,942,984",49.25,49.82,48.945
08/16/2023,48.52,"6,439,913",49.2,49.48,48.5
08/15/2023,49.19,"7,083,540",49.93,50.0,48.95
08/14/2023,50.29,"6,192,204",50.16,50.3,49.605
08/11/2023,50.41,"9,473,108",50.48,51.1801,50.21
08/10/2023,50.76,"6,296,851",51.32,51.74,50.238
08/09/2023,51.19,"7,379,739",51.39,51.99,50.83
08/08/2023,50.77,"6,899,389",49.67,50.79,48.85
08/07/2023,50.81,"6,614,011",50.8,51.345,50.5
08/04/2023,50.8,"11,888,770",51.13,51.9775,50.69
08/03/2023,50.83,"12,958,610",50.05,51.75,49.89
08/02/2023,49.74,"21,330,900",52.02,52.02,49.39
08/01/2023,53.68,"7,391,694",53.66,53.94,53.06
07/31/2023,54.0,"6,933,533",53.5,54.2175,53.43
07/28/2023,53.0,"5,559,352",52.55,53.02,52.08
07/27/2023,52.22,"7,478,552",53.6,53.65,52.01
07/26/2023,53.15,"5,078,825",52.81,53.48,52.72
07/25/2023,53.4,"5,546,957",53.0,53.8,52.86
07/24/2023,53.09,"9,023,986",52.5,53.575,52.38
07/21/2023,52.26,"9,921,947",51.635,52.47,51.27
07/20/2023,51.4,"8,133,559",51.18,51.79,50.905
07/19/2023,50.62,"8,251,241",50.47,51.15,50.36
07/18/2023,50.51,"9,096,968",49.0,50.94,48.93
07/17/2023,48.92,"6,490,990",48.7,49.1,48.35
07/14/2023,48.9,"9,704,500",50.69,50.69,48.73
07/13/2023,51.11,"7,168,505",51.05,51.81,50.6
07/12/2023,51.09,"7,640,915",51.2,51.57,50.77
07/11/2023,50.56,"8,670,825",49.75,50.79,49.525
07/10/2023,49.19,"5,793,477",48.56,49.44,48.4
07/07/2023,48.85,"9,701,802",47.19,49.375,47.1001
07/06/2023,47.55,"9,507,120",48.0,48.47,46.7
07/05/2023,48.5,"7,530,596",49.28,49.3999,48.25
07/03/2023,48.83,"4,385,712",48.35,49.09,48.28
06/30/2023,48.34,"8,876,820",49.1,49.1,48.32
06/29/2023,48.4,"6,745,828",47.935,48.43,47.74
06/28/2023,47.69,"8,819,708",47.54,47.9,46.8855
06/27/2023,47.32,"7,871,695",47.67,47.99,47.31
06/26/2023,47.74,"6,833,748",47.29,48.19,47.21
06/23/2023,47.15,"13,663,570",47.0,47.4,46.895
06/22/2023,47.69,"7,248,967",48.14,48.2,47.48
06/21/2023,48.94,"6,950,786",48.2,49.33,48.13
06/20/2023,48.27,"10,546,490",49.23,49.415,47.39
06/16/2023,49.8,"16,259,050",49.95,50.22,49.58
06/15/2023,49.6,"8,670,030",49.12,50.2682,48.95
06/14/2023,48.95,"10,790,680",50.08,50.67,48.62
06/13/2023,50.39,"13,214,220",50.76,51.41,50.32
06/12/2023,49.4,"8,625,330",49.09,50.04,48.9
06/09/2023,49.87,"6,109,208",49.93,50.48,49.515
06/08/2023,50.02,"7,169,588",49.86,50.4888,48.96
06/07/2023,50.05,"7,190,013",49.29,50.51,49.09
06/06/2023,48.95,"5,952,518",47.5,49.035,47.41
06/05/2023,48.37,"7,367,558",49.6,49.58,48.235
06/02/2023,48.53,"8,829,438",47.88,49.015,47.5
06/01/2023,46.78,"7,568,042",46.31,47.73,45.98
05/31/2023,46.1,"11,537,800",46.31,46.79,45.885
05/30/2023,46.96,"11,242,780",47.31,47.71,46.32
05/26/2023,48.07,"6,377,076",48.45,48.4914,47.58
05/25/2023,47.87,"11,289,770",48.68,48.92,47.665
05/24/2023,49.67,"6,902,974",49.27,50.05,48.68
05/23/2023,49.11,"7,381,040",49.75,50.17,49.06
05/22/2023,49.32,"5,510,670",49.19,49.98,48.905
05/19/2023,49.2,"8,291,107",49.03,49.59,48.82
05/18/2023,48.28,"6,115,882",47.37,48.37,47.06
05/17/2023,47.71,"7,930,878",46.59,48.2801,46.45
05/16/2023,46.13,"8,037,375",47.36,47.66,46.05
05/15/2023,47.71,"7,186,988",47.93,48.1871,47.43
05/12/2023,47.52,"5,950,692",47.64,47.79,46.84
05/11/2023,47.26,"7,922,497",47.33,47.85,46.89
05/10/2023,48.11,"12,036,130",49.17,49.21,47.2
05/09/2023,49.17,"13,774,430",50.23,51.24,48.8
05/08/2023,51.0,"8,842,450",51.76,52.03,50.9499
05/05/2023,50.36,"8,325,285",49.9,50.86,49.7
05/04/2023,48.24,"7,220,125",49.13,49.75,48.045
05/03/2023,49.01,"9,470,833",49.5,50.15,48.865
05/02/2023,50.71,"9,588,113",52.14,52.39,49.955
05/01/2023,53.24,"5,921,734",52.69,53.74,52.53
04/28/2023,53.43,"7,666,415",52.12,54.025,51.94
04/27/2023,52.25,"6,360,449",52.51,52.68,51.4
04/26/2023,52.2,"6,955,878",52.72,53.33,51.535
04/25/2023,53.21,"6,242,652",53.6,53.76,52.65
04/24/2023,54.47,"5,473,355",53.53,54.8414,53.39
04/21/2023,53.63,"5,510,398",54.17,54.17,53.24
04/20/2023,54.02,"6,705,658",53.79,54.15,53.47
04/19/2023,54.85,"5,112,343",54.18,54.96,53.9515
04/18/2023,55.22,"5,329,726",54.9,55.4587,54.485
04/17/2023,55.3,"6,132,122",55.59,56.19,55.08
04/14/2023,55.7,"5,969,343",55.26,56.06,55.1
04/13/2023,55.22,"6,567,524",54.4,55.49,54.39
04/12/2023,54.54,"7,277,163",54.53,55.25,54.26
04/11/2023,54.3,"6,427,267",53.76,54.8085,53.48
04/10/2023,53.39,"6,996,916",53.1,54.53,53.1
04/06/2023,52.91,"6,239,534",53.23,53.53,52.72
04/05/2023,53.53,"8,297,227",52.8,53.59,52.1
04/04/2023,52.74,"10,252,660",53.3,53.52,51.5
04/03/2023,53.31,"18,907,020",53.41,54.66,52.9
03/31/2023,50.61,"7,652,511",50.33,50.85,50.12
03/30/2023,49.85,"6,603,029",50.55,50.66,49.63
03/29/2023,49.79,"8,150,408",49.47,49.92,49.25
03/28/2023,48.57,"7,671,145",47.72,49.2225,47.68
03/27/2023,48.08,"7,759,554",47.4,48.405,46.575
03/24/2023,46.57,"8,731,451",45.45,46.985,45.44
03/23/2023,46.72,"8,905,813",48.13,48.605,46.231
03/22/2023,47.76,"8,633,194",49.19,49.54,47.685
03/21/2023,49.06,"11,184,700",48.04,49.51,47.88
03/20/2023,47.0,"8,906,614",46.0,47.315,45.98
03/17/2023,46.15,"28,300,460",46.31,46.45,45.041
03/16/2023,46.27,"14,265,570",44.41,46.35,44.03
03/15/2023,45.12,"23,274,160",47.09,47.27,44.37
03/14/2023,49.22,"12,442,470",49.01,50.84,48.3101
03/13/2023,49.98,"15,449,730",50.0,51.07,49.0201
03/10/2023,51.76,"12,351,120",52.85,53.67,51.335
03/09/2023,52.98,"9,275,201",54.82,55.37,52.85
03/08/2023,54.5,"8,379,129",54.69,55.58,54.01
03/07/2023,55.03,"9,492,546",56.11,56.34,54.76
03/06/2023,56.49,"8,926,267",56.16,56.7999,55.87
03/03/2023,56.67,"10,997,780",54.91,57.13,54.7765
03/02/2023,55.7,"8,666,721",54.25,56.0,54.2
03/01/2023,54.74,"9,308,078",53.82,55.045,53.56
02/28/2023,53.92,"10,887,290",54.97,55.13,53.88
02/27/2023,54.52,"9,624,194",55.12,55.27,54.26
02/24/2023,55.0,"10,030,080",54.42,55.19,53.9012
02/23/2023,55.0,"11,919,440",54.4,55.2662,53.8
02/22/2023,53.59,"13,144,360",53.71,54.35,52.56
02/21/2023,53.73,"11,378,830",53.68,54.09,53.19
02/17/2023,53.33,"25,514,590",54.8,54.8,52.45
02/16/2023,55.72,"17,678,660",57.01,57.4174,55.68
02/15/2023,57.23,"52,451,720",58.85,59.17,55.4
02/14/2023,63.94,"8,775,617",62.92,64.4042,62.54
02/13/2023,63.56,"7,606,834",62.96,64.11,62.4
02/10/2023,63.54,"8,727,505",61.37,63.69,61.22
02/09/2023,60.3,"5,685,323",61.27,61.51,60.16
02/08/2023,61.33,"7,848,736",62.3,62.8,60.9
02/07/2023,62.21,"8,170,789",60.72,62.33,59.855
02/06/2023,60.14,"7,394,882",60.61,61.3209,59.305
02/03/2023,60.85,"6,564,084",61.0,62.535,60.765
02/02/2023,60.95,"8,770,255",62.06,62.06,60.0
02/01/2023,61.89,"9,653,361",62.56,62.8,60.74
01/31/2023,63.24,"7,472,273",62.4,63.735,61.96
01/30/2023,62.34,"8,003,892",64.6,64.94,62.29
01/27/2023,65.27,"7,210,246",65.72,66.955,65.25
01/26/2023,65.72,"6,346,714",65.13,65.73,63.69
01/25/2023,64.17,"5,834,717",63.4,64.18,62.41
01/24/2023,63.97,"7,043,504",65.75,66.12,63.81
01/23/2023,65.76,"6,246,101",65.33,66.26,65.0435
01/20/2023,64.75,"7,093,792",64.31,64.95,63.3921
01/19/2023,64.08,"7,312,935",62.18,64.2,62.04
01/18/2023,62.62,"8,349,637",64.04,65.41,62.59
01/17/2023,63.49,"5,383,876",63.77,64.39,63.19
01/13/2023,63.59,"5,474,122",63.91,64.15,62.88
01/12/2023,64.03,"7,232,049",63.44,64.78,63.2702
01/11/2023,62.85,"7,557,065",63.94,64.11,62.255
01/10/2023,63.13,"5,909,275",62.8,63.16,61.47
01/09/2023,62.2,"7,567,909",62.69,63.49,61.94
01/06/2023,61.23,"7,332,509",61.17,62.26,60.8
01/05/2023,60.17,"8,812,137",58.86,60.5,58.57
01/04/2023,58.9,"9,690,884",56.88,59.26,56.41
01/03/2023,58.12,"10,613,240",60.73,61.26,57.22
12/30/2022,61.51,"6,690,935",60.95,61.57,60.52
12/29/2022,61.04,"6,355,936",60.35,61.53,60.14
12/28/2022,60.89,"6,524,419",62.85,62.87,60.641
12/27/2022,63.24,"6,771,927",63.02,63.625,62.63
12/23/2022,62.51,"6,099,589",60.93,62.52,60.44
12/22/2022,60.11,"8,071,990",61.56,61.76,58.59
12/21/2022,61.76,"7,992,842",60.88,61.895,60.22
12/20/2022,59.36,"7,606,352",58.95,59.9,58.56
12/19/2022,59.26,"7,011,733",60.45,60.92,58.715
12/16/2022,60.08,"14,377,250",60.0,60.76,59.06
12/15/2022,61.58,"7,981,148",61.13,61.77,60.26
12/14/2022,61.92,"9,062,700",62.63,63.09,60.83
12/13/2022,61.98,"10,915,120",62.64,63.09,61.0
12/12/2022,61.08,"10,636,050",59.99,61.485,59.57
12/09/2022,59.62,"13,152,810",61.95,62.375,59.54
12/08/2022,63.5,"13,385,440",65.9,66.38,63.05
12/07/2022,64.25,"10,523,240",64.57,65.46,63.4
12/06/2022,64.13,"10,278,480",66.0,67.26,63.64
12/05/2022,66.55,"11,218,090",69.75,70.42,65.85
12/02/2022,68.46,"8,250,505",68.0,69.48,68.0
12/01/2022,68.28,"7,640,276",69.55,70.13,68.14
11/30/2022,68.52,"13,844,820",68.7,68.88,66.91
11/29/2022,67.5,"10,032,120",67.7,68.16,66.53
11/28/2022,66.53,"9,720,541",66.04,67.85,65.18
11/25/2022,68.35,"3,520,469",68.45,69.1,67.96
11/23/2022,67.8,"9,888,760",67.5,68.33,66.71
11/22/2022,68.57,"14,037,140",68.13,70.43,67.58
11/21/2022,67.19,"15,267,250",67.6,68.05,65.02
11/18/2022,69.62,"10,216,630",69.02,69.84,67.6
11/17/2022,70.99,"8,337,754",70.0,71.02,68.56
11/16/2022,71.34,"8,881,375",72.19,73.04,70.93
11/15/2022,73.62,"8,500,591",72.25,73.98,71.42
11/14/2022,71.5,"6,600,634",71.35,72.93,71.13
11/11/2022,71.8,"9,500,397",70.45,72.99,70.27
11/10/2022,68.98,"8,089,841",68.55,69.72,66.8447
11/09/2022,66.76,"9,463,380",70.48,70.74,66.72
11/08/2022,71.99,"8,450,293",72.19,72.49,70.39
11/07/2022,72.04,"9,347,048",71.74,72.89,70.47
11/04/2022,71.48,"14,218,450",72.91,74.2589,70.18
11/03/2022,70.73,"18,048,620",67.58,71.29,66.55
11/02/2022,67.44,"36,589,410",75.45,75.46,66.6
11/01/2022,77.3,"10,730,330",78.69,78.77,76.84
10/31/2022,77.35,"8,429,591",75.04,78.27,74.76
10/28/2022,76.01,"7,861,234",77.58,78.02,73.86
10/27/2022,76.56,"7,410,869",78.5,78.82,76.34
10/26/2022,76.92,"7,815,217",75.87,78.08,75.87
10/25/2022,75.51,"6,541,039",74.84,75.78,73.97
10/24/2022,75.24,"8,530,879",74.55,75.87,73.95
10/21/2022,74.29,"11,214,810",72.48,74.38,71.93
10/20/2022,71.68,"7,703,954",72.93,73.35,71.18
10/19/2022,71.94,"8,977,728",70.11,72.42,69.69
10/18/2022,69.77,"7,943,293",70.75,71.175,68.42
10/17/2022,69.8,"7,969,404",69.41,70.2874,68.6238
10/14/2022,68.02,"9,102,897",71.21,72.72,67.96
10/13/2022,72.25,"10,697,100",68.08,73.07,68.02
10/12/2022,69.4,"7,419,819",68.05,70.13,67.137
10/11/2022,68.57,"11,718,890",68.67,70.59,67.89
10/10/2022,70.35,"9,829,717",71.89,73.46,69.91
10/07/2022,72.04,"12,020,900",72.5,73.87,71.18
10/06/2022,72.24,"11,199,520",70.13,72.57,70.112
10/05/2022,70.88,"15,689,540",69.0,71.505,67.91
10/04/2022,69.07,"14,620,670",67.07,69.09,66.62
10/03/2022,65.33,"13,020,190",63.3,65.89,62.92
09/30/2022,60.13,"9,686,646",60.96,61.65,59.41
09/29/2022,60.97,"12,286,890",59.15,61.45,58.22
09/28/2022,60.05,"11,734,480",56.75,60.19,56.28
09/27/2022,56.17,"10,695,510",56.37,57.23,55.33
09/26/2022,55.18,"13,363,810",57.345,58.16,55.16
09/23/2022,57.69,"17,563,220",60.24,60.25,56.8
09/22/2022,63.12,"8,909,820",65.86,66.1,63.05
09/21/2022,64.48,"9,389,337",66.85,66.94,64.44
09/20/2022,65.12,"7,976,772",65.35,65.61,63.84
09/19/2022,65.9,"10,530,230",64.32,66.765,64.22
09/16/2022,66.82,"30,970,290",68.75,68.97,65.42
09/15/2022,69.48,"11,230,280",70.19,70.92,69.25
09/14/2022,72.17,"12,215,590",70.41,73.29,70.34
09/13/2022,69.07,"11,480,390",70.4,71.44,68.57
09/12/2022,71.19,"11,044,590",69.66,71.57,69.251
09/09/2022,68.51,"9,030,004",68.53,68.95,67.55
09/08/2022,68.91,"11,289,110",68.88,69.6327,67.97
09/07/2022,68.36,"10,785,180",67.41,69.17,66.19
09/06/2022,69.54,"12,544,950",71.215,71.58,68.94
09/02/2022,70.34,"10,099,960",70.62,71.24,69.26
09/01/2022,68.16,"13,493,930",68.52,68.9299,66.52
08/31/2022,70.62,"11,430,550",69.34,72.48,68.53
08/30/2022,71.08,"11,606,430",72.57,72.82,70.26
08/29/2022,74.14,"11,901,960",72.41,75.27,72.0419
08/26/2022,72.77,"10,589,330",74.0,74.87,72.58
08/25/2022,73.72,"11,149,690",73.51,73.84,72.285
08/24/2022,72.45,"12,851,700",71.42,72.76,70.95
08/23/2022,70.88,"15,997,350",70.0,72.46,69.87
08/22/2022,68.42,"12,662,220",67.38,68.6902,65.51
08/19/2022,68.51,"13,972,790",67.78,69.9,67.36
08/18/2022,67.92,"12,516,350",65.04,67.98,65.0
08/17/2022,64.14,"8,144,506",63.71,65.23,63.16
08/16/2022,63.58,"9,355,764",64.47,65.46,62.52
08/15/2022,63.57,"11,134,230",62.99,64.395,61.4
08/12/2022,65.55,"8,712,036",64.12,65.8,63.68
08/11/2022,64.46,"14,134,950",61.8,64.88,61.76
08/10/2022,60.05,"8,669,179",59.5,60.53,57.93
08/09/2022,59.04,"10,416,810",58.8,60.54,58.4419
08/08/2022,57.52,"8,482,918",56.54,57.8968,56.2373
08/05/2022,56.65,"11,507,470",53.5,57.105,53.13
08/04/2022,54.49,"15,371,430",56.5,56.6,54.34
08/03/2022,56.7,"19,943,220",61.04,61.16,56.65
08/02/2022,60.63,"15,073,720",61.32,62.2,58.92
08/01/2022,61.57,"16,319,230",61.78,62.82,60.15
07/29/2022,62.85,"11,209,360",61.69,63.13,61.08
07/28/2022,60.37,"7,631,335",60.28,61.1,59.02
07/27/2022,59.58,"9,145,942",57.4,59.95,57.0
07/26/2022,56.76,"9,777,696",59.0,59.1899,55.76
07/25/2022,57.97,"8,473,165",56.02,58.0598,55.27
07/22/2022,55.19,"6,315,832",56.38,57.28,54.905
07/21/2022,56.2,"8,150,354",55.8,56.26,54.19
07/20/2022,57.68,"8,032,040",56.31,57.92,55.5359
07/19/2022,57.21,"10,525,580",54.26,57.4,54.09
07/18/2022,54.62,"11,090,450",54.25,55.69,53.9
07/15/2022,52.71,"8,048,541",52.8,52.96,51.37
07/14/2022,51.42,"10,458,530",50.6,51.48,49.51
07/13/2022,52.59,"8,522,683",51.3,54.14,51.245
07/12/2022,51.93,"9,733,040",51.21,52.6,50.66
07/11/2022,53.32,"8,952,603",54.22,55.02,52.26
07/08/2022,54.48,"10,976,730",54.48,54.95,52.82
07/07/2022,53.67,"12,692,930",52.8,54.25,52.37
07/06/2022,51.0,"16,175,280",51.13,52.64,48.86
07/05/2022,51.89,"14,855,220",53.42,53.71,50.49
07/01/2022,55.11,"9,604,331",55.43,55.99,53.36
06/30/2022,55.11,"11,854,980",54.7,56.72,54.04
06/29/2022,55.82,"12,722,040",60.49,60.99,55.62
06/28/2022,59.46,"18,570,180",59.18,60.49,58.05
06/27/2022,57.79,"17,746,090",54.45,58.45,54.45
06/24/2022,53.77,"34,714,070",55.91,56.51,53.49
06/23/2022,54.74,"18,060,840",58.26,58.43,53.48
06/22/2022,57.55,"13,933,490",56.32,58.53,55.66
06/21/2022,60.56,"14,929,450",59.65,61.21,59.14
06/17/2022,58.02,"32,304,370",62.69,62.98,56.55
06/16/2022,63.27,"17,448,420",66.17,66.92,62.6
06/15/2022,68.46,"11,457,160",70.59,71.21,67.53
06/14/2022,70.59,"11,041,510",71.51,72.44,69.13
06/13/2022,69.24,"15,218,680",70.27,71.48,67.21
06/10/2022,74.06,"14,768,710",75.79,76.23,72.48
06/09/2022,77.85,"13,728,040",78.05,79.4,77.28
06/08/2022,77.93,"9,974,113",78.6,78.7,77.12
06/07/2022,78.04,"10,469,460",76.735,78.21,76.26
06/06/2022,77.05,"7,709,844",77.9,78.17,76.0645
06/03/2022,77.02,"7,106,799",76.5,77.35,76.08
06/02/2022,76.31,"7,514,297",75.41,77.2,74.84
06/01/2022,76.48,"9,911,799",76.36,77.6,75.02
05/31/2022,74.9,"22,040,700",78.48,79.19,74.47
05/27/2022,75.8,"9,335,511",73.59,75.83,73.11
05/26/2022,73.81,"12,960,200",72.5,75.44,72.31
05/25/2022,71.94,"8,740,538",70.215,72.19,70.0
05/24/2022,70.39,"7,960,599",70.33,71.32,69.05
05/23/2022,71.06,"9,610,286",70.85,71.56,69.84
05/20/2022,69.92,"12,971,570",70.51,72.27,68.13
05/19/2022,69.51,"10,460,690",67.82,71.37,67.5041
05/18/2022,69.92,"13,801,820",73.0,73.18,68.8
05/17/2022,72.58,"10,782,320",72.5,72.83,71.515
05/16/2022,70.99,"12,633,200",68.9,71.62,68.8
05/13/2022,68.7,"13,287,740",66.0,69.331,65.96
05/12/2022,64.61,"10,767,100",64.35,65.43,62.52
05/11/2022,64.68,"12,610,030",65.415,68.27,64.42
05/10/2022,63.76,"12,783,540",63.51,65.58,61.52
05/09/2022,62.02,"18,682,420",67.34,67.6,61.9
05/06/2022,69.69,"14,629,750",68.61,69.75,66.0412
05/05/2022,67.15,"13,010,390",68.74,68.87,65.1
05/04/2022,67.74,"15,072,010",65.48,67.91,63.96
05/03/2022,64.28,"22,056,320",60.9,64.47,59.37
05/02/2022,58.35,"11,320,270",57.45,58.63,56.44
04/29/2022,58.17,"7,834,580",60.11,60.79,57.82
04/28/2022,59.89,"7,939,950",58.29,60.52,56.49
04/27/2022,58.07,"8,167,964",56.83,58.88,55.64
04/26/2022,56.4,"9,636,517",56.95,58.49,56.14
04/25/2022,56.18,"13,608,370",55.99,56.45,53.12
04/22/2022,58.07,"9,734,634",60.87,61.68,57.69
04/21/2022,61.15,"10,699,210",65.0,65.45,60.86
04/20/2022,64.61,"7,121,187",63.73,64.98,63.5327
04/19/2022,63.0,"8,155,951",63.24,64.43,62.6008
04/18/2022,63.54,"9,422,320",63.24,64.24,62.65
04/14/2022,62.56,"8,616,796",63.26,64.0511,62.53
04/13/2022,63.75,"9,955,663",63.5,64.29,62.28
04/12/2022,62.26,"9,418,949",61.45,63.42,61.44
04/11/2022,60.03,"9,011,263",61.55,61.6,59.85
04/08/2022,62.37,"10,115,120",60.34,62.5401,60.21
04/07/2022,60.23,"7,952,647",58.99,60.405,58.24
04/06/2022,58.34,"9,135,994",59.3,59.57,57.41
04/05/2022,58.47,"8,667,420",61.05,61.62,58.13
04/04/2022,60.85,"8,393,077",61.33,62.11,59.72
04/01/2022,60.35,"6,292,535",59.37,60.8242,59.37
03/31/2022,59.13,"11,344,390",60.08,61.5296,59.12
03/30/2022,60.56,"7,610,588",61.2,61.72,60.14
03/29/2022,60.51,"10,398,530",58.55,60.56,57.66
03/28/2022,60.45,"8,959,562",60.81,61.0399,59.4
03/25/2022,62.5,"8,553,748",61.0,62.88,60.89
03/24/2022,61.54,"7,501,498",61.5,61.9297,60.8
03/23/2022,61.67,"11,290,700",62.43,63.26,60.95
03/22/2022,60.63,"9,708,341",61.0,61.74,59.72
03/21/2022,61.44,"17,038,060",59.975,62.22,59.51
03/18/2022,58.27,"19,656,030",57.6,58.6264,57.395
03/17/2022,57.52,"14,621,250",54.26,57.9,53.87
03/16/2022,52.46,"13,099,660",53.06,54.48,51.56
03/15/2022,53.01,"17,372,890",50.48,53.88,50.2
03/14/2022,52.69,"21,911,620",56.505,56.93,52.1
03/11/2022,58.64,"10,834,410",58.28,59.81,58.2002
03/10/2022,60.57,"18,048,610",59.64,60.88,58.68
03/09/2022,58.94,"17,694,680",57.8,59.64,56.01
03/08/2022,59.48,"24,167,790",61.3,63.1,56.04
03/07/2022,59.89,"21,979,570",60.5,62.79,58.2791
03/04/2022,59.57,"18,228,860",59.06,59.94,56.8
03/03/2022,58.85,"11,719,040",57.95,59.33,57.13
03/02/2022,58.65,"17,556,050",60.06,60.42,58.11
03/01/2022,59.25,"19,146,460",60.0,60.7396,57.73
02/28/2022,59.55,"22,585,050",55.25,59.66,54.85
02/25/2022,55.2,"12,605,620",53.34,55.22,52.7773
02/24/2022,52.75,"21,102,490",53.7,54.1,51.21
02/23/2022,53.55,"12,372,080",53.36,54.7768,52.89
02/22/2022,52.67,"23,309,380",58.03,58.03,51.25
02/18/2022,54.78,"11,707,630",54.25,55.21,53.67
02/17/2022,55.25,"17,642,680",54.31,56.42,54.05
02/16/2022,53.85,"20,745,200",52.22,55.7,52.07
02/15/2022,51.42,"11,284,070",50.89,51.7864,50.05
02/14/2022,52.26,"11,934,440",53.83,53.86,51.52
02/11/2022,54.11,"11,954,910",52.64,54.15,52.14
02/10/2022,52.22,"9,753,239",51.73,53.95,51.73
02/09/2022,52.12,"7,304,601",51.51,52.85,51.23
02/08/2022,51.19,"9,751,884",52.4,52.59,50.55
02/07/2022,52.59,"10,298,230",52.74,53.81,51.47
02/04/2022,52.87,"12,759,310",53.85,55.44,52.68
02/03/2022,53.01,"9,253,212",52.92,53.4899,51.58
02/02/2022,53.24,"9,387,486",52.12,53.43,51.42
02/01/2022,52.56,"11,710,150",50.28,53.25,49.53
01/31/2022,50.57,"11,896,450",51.43,51.51,49.64
01/28/2022,51.55,"9,723,671",52.54,52.74,50.3
01/27/2022,51.74,"13,647,550",53.15,54.26,50.6
01/26/2022,51.79,"16,714,550",52.0,53.22,50.7
01/25/2022,51.26,"18,435,580",48.02,51.84,46.92
01/24/2022,48.33,"25,447,180",44.45,48.545,42.87
01/21/2022,46.12,"17,268,120",47.15,47.31,45.04
01/20/2022,48.63,"13,374,450",48.21,50.95,47.68
01/19/2022,48.93,"12,232,000",50.77,51.0,48.92
01/18/2022,50.36,"11,589,280",51.08,51.99,49.21
01/14/2022,50.39,"12,865,160",49.75,51.45,49.7401
01/13/2022,49.64,"10,745,850",50.0,50.84,49.29
01/12/2022,49.9,"13,828,010",50.64,51.16,49.565
01/11/2022,49.8,"13,170,300",49.18,50.11,47.845
01/10/2022,48.5,"9,846,154",48.27,48.76,46.78
01/07/2022,48.89,"15,611,860",48.44,49.75,47.82
01/06/2022,48.37,"14,529,450",48.44,48.985,47.0
01/05/2022,46.61,"13,786,770",48.15,48.675,46.515
01/04/2022,47.66,"15,536,400",46.27,47.97,46.12
01/03/2022,45.57,"10,256,740",44.14,45.765,43.97
12/31/2021,44.05,"4,895,663",43.5,44.305,43.31
12/30/2021,43.67,"4,919,215",44.34,44.799,43.605
12/29/2021,44.2,"7,497,772",44.26,45.0899,43.93
12/28/2021,44.5,"6,375,649",44.9,45.35,44.095
12/27/2021,44.61,"8,188,050",41.93,44.75,41.3112
12/23/2021,42.05,"5,399,872",42.52,42.78,41.97
12/22/2021,42.29,"7,569,792",41.31,42.9,40.7
12/21/2021,41.31,"15,177,940",38.96,41.555,38.94
12/20/2021,38.26,"20,487,430",36.38,38.38,35.55
12/17/2021,39.2,"20,555,920",39.88,40.1,38.3
12/16/2021,40.36,"10,233,970",40.35,41.55,40.04
12/15/2021,39.98,"14,637,150",40.33,40.34,38.17
12/14/2021,40.34,"11,249,700",40.4,41.08,39.89
12/13/2021,41.06,"9,522,815",42.57,43.0,40.98
12/10/2021,43.42,"8,017,455",42.98,43.52,41.51
12/09/2021,42.32,"10,979,610",43.48,43.5565,42.02
12/08/2021,44.91,"8,233,282",45.33,45.55,44.52
12/07/2021,45.12,"13,003,800",43.12,45.39,43.12
12/06/2021,42.36,"8,408,001",42.35,43.175,41.35
12/03/2021,41.77,"9,960,229",42.37,43.23,40.95
12/02/2021,41.59,"13,679,350",40.28,41.855,39.07
12/01/2021,40.84,"12,628,030",43.94,43.94,40.75
11/30/2021,42.06,"18,070,040",42.79,43.86,41.52
11/29/2021,43.92,"10,617,090",44.03,45.04,43.15
11/26/2021,42.7,"15,887,510",42.01,42.86,39.91
11/24/2021,45.09,"12,219,090",43.16,45.56,43.1
11/23/2021,43.44,"11,163,990",42.22,43.69,42.22
11/22/2021,41.14,"10,700,530",40.49,42.05,40.2021
11/19/2021,40.6,"14,553,030",41.86,42.1784,40.41
11/18/2021,43.32,"8,315,432",42.44,43.945,41.82
11/17/2021,42.29,"7,821,659",42.98,43.99,42.05
11/16/2021,43.43,"5,649,065",43.2,43.87,42.75
11/15/2021,43.18,"8,705,803",42.55,43.755,41.67
11/12/2021,42.58,"5,994,783",42.33,42.87,42.03
11/11/2021,42.72,"6,521,094",42.59,43.32,42.575
11/10/2021,42.33,"9,206,535",43.45,43.88,41.605
11/09/2021,43.99,"7,071,022",44.12,44.4,42.615
11/08/2021,44.12,"8,016,444",44.15,44.789,43.81
11/05/2021,43.58,"8,681,719",43.09,43.67,42.32
11/04/2021,42.36,"11,428,020",42.96,43.76,41.87
11/03/2021,41.97,"15,035,580",42.59,44.03,41.48
11/02/2021,41.98,"9,657,229",41.76,42.53,41.7
11/01/2021,41.99,"13,381,660",41.03,42.4,40.825
10/29/2021,40.08,"7,957,489",40.29,40.39,39.355
10/28/2021,40.5,"5,849,198",39.52,40.5446,39.49
10/27/2021,39.61,"9,047,139",40.7,41.06,39.41
10/26/2021,41.51,"6,662,953",40.92,41.74,40.75
10/25/2021,40.66,"8,639,460",41.0,41.3,40.09
10/22/2021,40.44,"7,334,534",39.95,40.46,39.36
10/21/2021,39.7,"9,937,790",40.6,40.79,39.155
10/20/2021,40.91,"10,565,070",39.83,41.025,39.52
10/19/2021,40.3,"16,074,350",40.64,41.805,40.11
10/18/2021,40.52,"11,777,260",40.67,41.98,39.88
10/15/2021,40.1,"7,737,475",40.25,40.98,40.03
10/14/2021,39.78,"7,630,875",39.77,39.94,39.015
10/13/2021,38.99,"7,696,779",38.58,39.37,38.05
10/12/2021,39.25,"9,319,268",39.46,40.23,38.7607
10/11/2021,39.45,"10,102,070",40.66,40.8628,39.25
10/08/2021,39.86,"10,952,780",39.0,39.97,38.82
10/07/2021,38.4,"14,063,240",38.81,38.98,37.515
10/06/2021,38.68,"16,983,630",39.02,39.78,38.04
10/05/2021,40.08,"19,210,480",39.32,40.245,38.825
10/04/2021,38.76,"19,176,260",37.5,39.4,37.44
10/01/2021,36.81,"14,253,510",35.86,37.17,35.81
09/30/2021,35.51,"15,489,450",35.5,35.91,34.905
09/29/2021,35.75,"13,299,070",34.99,36.04,34.54
09/28/2021,35.13,"15,516,930",35.53,35.97,34.86
09/27/2021,35.0,"17,222,080",34.0,35.09,33.92
09/24/2021,33.09,"10,329,370",32.4,33.34,32.26
09/23/2021,32.8,"15,590,380",30.58,32.925,30.49
09/22/2021,30.44,"15,922,240",29.23,30.84,29.21
09/21/2021,28.49,"11,105,200",28.82,28.91,27.812
09/20/2021,28.18,"14,190,300",28.43,28.83,27.4
09/17/2021,29.79,"24,722,900",30.205,30.69,29.72
09/16/2021,30.31,"10,065,440",30.2,30.5799,29.7098
09/15/2021,30.33,"20,487,860",28.91,30.43,28.88
09/14/2021,28.27,"9,044,128",29.13,29.287,27.87
09/13/2021,28.92,"9,789,221",28.69,29.475,28.57
09/10/2021,28.07,"6,582,658",28.7,29.03,28.02
09/09/2021,28.45,"9,205,681",28.01,29.075,27.73
09/08/2021,28.23,"8,874,027",29.25,29.615,28.03
09/07/2021,29.06,"5,940,408",28.9,29.33,28.73
09/03/2021,29.17,"7,306,165",29.21,29.8,28.995
09/02/2021,29.32,"11,714,660",28.6,29.97,28.6
09/01/2021,28.24,"20,558,960",29.4,29.59,27.67
08/31/2021,29.55,"11,534,770",29.66,30.315,29.415
08/30/2021,29.78,"7,964,381",30.39,30.55,29.57
08/27/2021,30.36,"13,653,800",29.46,30.41,29.46
08/26/2021,29.09,"11,960,300",29.0,29.59,28.69
08/25/2021,29.24,"10,566,960",28.65,29.505,28.2
08/24/2021,28.53,"10,505,500",27.73,28.61,27.55
08/23/2021,27.26,"7,807,098",26.72,27.37,26.64
08/20/2021,25.7,"8,944,399",24.96,25.78,24.79
08/19/2021,25.34,"15,530,430",25.43,25.83,24.46
08/18/2021,26.14,"7,773,713",27.02,27.41,26.09
08/17/2021,26.91,"8,292,499",26.9,27.58,26.7
08/16/2021,27.17,"8,977,455",27.49,27.55,26.87
08/13/2021,28.01,"5,643,515",28.38,28.72,27.94
08/12/2021,28.47,"7,315,477",28.045,28.53,27.655
08/11/2021,28.0,"6,996,196",27.35,28.0991,27.05
08/10/2021,27.65,"8,156,392",26.86,27.73,26.81
08/09/2021,26.64,"7,787,349",26.33,26.8,25.97
08/06/2021,27.01,"7,952,535",27.04,27.46,26.67
08/05/2021,26.63,"10,407,650",25.65,27.045,25.65
08/04/2021,25.29,"12,758,760",25.35,26.005,24.82
08/03/2021,26.21,"10,435,600",25.26,26.26,24.85
08/02/2021,25.49,"8,739,178",25.91,26.76,25.28
07/30/2021,25.84,"9,261,991",26.55,26.55,25.54
07/29/2021,26.63,"6,009,792",26.95,27.04,26.41
07/28/2021,26.46,"6,879,269",26.28,26.79,25.8
07/27/2021,25.94,"8,499,652",26.27,26.52,25.7199
07/26/2021,26.65,"8,333,013",25.79,26.76,25.68
07/23/2021,25.62,"7,984,507",26.05,26.0745,25.18
07/22/2021,25.99,"6,993,189",26.43,26.58,25.89
07/21/2021,26.34,"9,063,805",25.84,26.71,25.705
07/20/2021,25.33,"13,312,350",24.95,25.83,24.54
07/19/2021,24.93,"16,836,920",24.59,25.23,24.05
07/16/2021,25.78,"13,530,960",27.03,27.1,25.63
07/15/2021,26.65,"13,428,850",26.9,27.59,26.52
07/14/2021,27.3,"16,498,200",29.09,29.705,26.97
07/13/2021,28.97,"9,897,442",28.49,29.18,28.32
07/12/2021,28.7,"8,413,402",28.09,28.9,27.86
07/09/2021,28.65,"8,812,193",28.1,28.74,27.6
07/08/2021,27.76,"10,291,030",26.75,28.18,26.55
07/07/2021,27.53,"13,731,970",28.19,28.61,27.0233
07/06/2021,27.84,"15,099,750",29.295,29.295,27.66
07/02/2021,29.23,"9,168,764",29.86,29.97,29.19
07/01/2021,29.96,"11,461,050",30.3,30.55,29.4
06/30/2021,29.19,"10,819,440",28.43,29.28,28.39
06/29/2021,28.02,"8,817,825",28.57,28.88,27.85
06/28/2021,28.41,"12,320,630",29.6,29.68,28.07
06/25/2021,29.76,"10,966,760",29.74,29.99,29.28
06/24/2021,29.74,"9,092,922",29.11,29.76,28.64
06/23/2021,29.1,"9,484,607",28.87,29.91,28.845
06/22/2021,28.54,"7,999,336",28.4,28.7,27.86
06/21/2021,28.6,"10,531,190",27.2,28.6275,27.18
06/18/2021,26.75,"16,743,640",26.85,27.44,26.67
06/17/2021,27.59,"14,957,230",28.97,29.33,27.15
06/16/2021,29.06,"9,412,515",29.27,29.56,28.525
06/15/2021,29.6,"7,208,944",29.07,29.74,29.01
06/14/2021,28.98,"7,983,167",29.62,29.945,28.76
06/11/2021,29.29,"6,377,142",29.27,29.56,29.11
06/10/2021,29.39,"11,263,720",30.56,30.63,29.05
06/09/2021,29.93,"9,713,081",30.93,31.18,29.79
06/08/2021,30.85,"9,744,860",30.49,31.115,30.11
06/07/2021,30.92,"9,893,697",31.51,31.99,30.66
06/04/2021,31.66,"9,923,301",31.47,31.81,30.7
06/03/2021,31.17,"10,345,030",30.43,31.3,30.23
06/02/2021,30.8,"16,381,900",30.34,31.3851,29.72
06/01/2021,30.2,"37,271,810",28.84,30.34,28.58
05/28/2021,26.56,"6,135,409",26.83,26.91,26.28
05/27/2021,26.65,"14,805,100",26.59,26.93,26.25
05/26/2021,26.41,"8,220,125",25.84,26.485,25.64
05/25/2021,25.8,"13,301,400",25.93,26.39,25.69
05/24/2021,25.95,"9,454,722",25.87,26.08,25.25
05/21/2021,25.35,"8,636,067",25.48,25.99,25.32
05/20/2021,25.26,"7,717,509",25.17,25.3998,24.56
05/19/2021,25.28,"13,867,320",25.45,25.62,24.58
05/18/2021,26.24,"13,291,290",27.36,27.435,26.21
05/17/2021,27.19,"12,036,330",26.1,27.35,26.06
05/14/2021,26.38,"10,102,370",25.24,26.4,25.24
05/13/2021,24.75,"10,783,510",25.07,25.69,24.27
05/12/2021,25.58,"14,191,000",25.85,27.015,25.285
05/11/2021,25.74,"10,516,830",25.22,25.89,24.72
05/10/2021,26.01,"13,095,310",26.45,27.32,25.99
05/07/2021,26.22,"13,226,770",24.86,26.58,24.7098
05/06/2021,25.27,"11,220,890",25.14,25.3,24.43
05/05/2021,25.23,"12,041,320",24.04,25.645,23.67
05/04/2021,23.45,"10,921,310",23.74,24.09,23.02
05/03/2021,23.62,"10,247,470",23.69,23.81,23.16
04/30/2021,23.38,"8,597,715",23.61,24.208,23.33
04/29/2021,24.07,"11,527,990",24.4,24.85,23.7
04/28/2021,24.03,"15,830,710",22.64,24.2,22.47
04/27/2021,22.14,"7,321,456",21.95,22.29,21.6
04/26/2021,21.87,"7,863,367",21.38,22.04,21.295
04/23/2021,21.44,"5,023,260",21.17,21.56,20.88
04/22/2021,21.0,"6,503,717",21.26,21.34,20.79
04/21/2021,21.17,"7,001,206",20.14,21.38,20.14
04/20/2021,20.97,"13,799,120",21.84,21.9,20.44
04/19/2021,22.03,"8,624,901",21.94,22.485,21.63
04/16/2021,21.88,"6,568,509",22.51,22.56,21.68
04/15/2021,22.37,"6,988,419",22.62,22.62,22.015
04/14/2021,22.49,"11,993,180",21.94,23.15,21.91
04/13/2021,21.69,"7,356,633",21.84,21.97,21.455
04/12/2021,21.88,"7,475,509",22.35,22.5996,21.77
04/09/2021,22.04,"6,826,615",22.31,22.655,21.9
04/08/2021,22.34,"7,749,200",22.22,22.39,21.77
04/07/2021,22.52,"7,821,358",22.82,22.95,22.41
04/06/2021,22.78,"12,527,810",22.76,23.52,22.57
04/05/2021,22.46,"11,309,050",23.41,23.44,22.35
04/01/2021,23.5,"14,127,470",22.18,23.55,22.08
03/31/2021,21.85,"9,276,051",22.0,22.03,21.45
03/30/2021,22.0,"8,036,157",21.51,22.105,21.18
03/29/2021,21.85,"10,882,130",22.56,22.845,21.55
03/26/2021,22.74,"11,916,270",22.97,23.18,22.11
03/25/2021,22.35,"9,282,934",21.68,22.44,21.19
03/24/2021,22.34,"11,052,330",22.32,23.12,22.3
03/23/2021,21.74,"13,197,930",21.7,22.44,21.45
03/22/2021,22.33,"11,954,240",22.58,22.635,22.1
03/19/2021,22.7,"18,103,690",22.4,22.965,22.12
03/18/2021,22.36,"17,018,560",23.55,23.66,21.975
03/17/2021,23.68,"11,863,690",23.4,23.905,23.005
03/16/2021,23.51,"9,902,649",24.03,24.27,23.3627
03/15/2021,24.61,"10,402,730",24.23,24.76,23.66
03/12/2021,24.25,"9,798,672",24.58,24.75,24.085
03/11/2021,24.64,"13,936,640",24.2,24.94,24.11
03/10/2021,23.9,"16,969,660",23.79,24.19,23.235
03/09/2021,23.83,"11,746,010",24.61,24.855,23.69
03/08/2021,24.57,"22,490,320",25.75,25.97,24.21
03/05/2021,25.61,"25,108,240",24.52,26.13,24.025
03/04/2021,23.62,"19,432,590",22.93,24.14,22.4
03/03/2021,22.69,"13,706,140",22.74,23.5,22.67
03/02/2021,22.48,"10,516,980",22.49,23.18,22.3
03/01/2021,22.4,"11,830,960",22.05,22.62,21.85
02/26/2021,21.54,"16,250,070",21.02,21.77,20.36
02/25/2021,21.35,"17,195,290",22.39,22.655,21.23
02/24/2021,22.27,"15,609,180",21.7,22.45,21.32
02/23/2021,21.59,"17,987,020",21.39,21.75,19.61
02/22/2021,21.25,"19,651,010",21.07,22.5001,20.88
02/19/2021,20.83,"9,343,799",20.63,20.91,20.38
02/18/2021,20.54,"10,719,850",21.52,21.68,20.495
02/17/2021,21.73,"13,267,030",20.65,21.9757,20.4002
02/16/2021,20.87,"14,500,260",20.59,21.12,20.36
02/12/2021,19.98,"9,125,651",19.1,20.0,18.97
02/11/2021,19.3,"7,221,140",19.52,19.53,18.69
02/10/2021,19.73,"11,604,810",18.97,19.84,18.845
02/09/2021,18.87,"8,260,972",18.95,19.14,18.4
02/08/2021,18.75,"10,309,210",18.12,18.9,18.03
02/05/2021,17.9,"9,425,314",18.63,18.81,17.86
02/04/2021,18.15,"7,402,602",18.35,18.38,17.665
02/03/2021,18.2,"10,508,840",17.18,18.25,17.14
02/02/2021,16.96,"10,544,520",17.27,17.525,16.85
02/01/2021,16.76,"9,160,487",16.8,16.97,16.17
01/29/2021,16.46,"11,201,200",17.01,17.61,16.31
01/28/2021,17.2,"12,285,760",17.42,17.555,16.66
01/27/2021,17.21,"15,504,060",16.46,17.57,16.105
01/26/2021,16.85,"11,023,130",17.68,17.9327,16.83
01/25/2021,17.37,"15,034,540",17.53,17.63,16.69
01/22/2021,17.8,"16,633,710",17.8,18.075,17.3
01/21/2021,18.39,"21,217,990",19.91,19.99,17.48
01/20/2021,19.97,"10,245,740",20.24,20.3,19.5
01/19/2021,20.0,"10,915,450",19.99,20.135,19.52
01/15/2021,19.57,"12,581,060",19.9,19.9379,18.99
01/14/2021,20.28,"12,994,710",19.27,20.77,19.25
01/13/2021,19.13,"10,870,300",19.66,19.72,19.01
01/12/2021,19.71,"17,082,410",18.72,19.88,18.36
01/11/2021,18.33,"10,891,060",17.57,18.385,17.3
01/08/2021,18.11,"13,952,040",18.79,18.85,17.915
01/07/2021,18.57,"21,497,580",18.13,19.27,17.97
01/06/2021,18.32,"89,656,110",17.7,18.65,17.505
01/05/2021,17.36,"17,603,640",16.38,17.94,16.352
01/04/2021,16.13,"10,303,760",16.0,16.43,15.71
12/31/2020,15.81,"8,597,447",15.99,16.21,15.65
12/30/2020,16.14,"8,885,654",15.31,16.23,15.25
12/29/2020,15.31,"5,649,791",15.5,15.55,15.1
12/28/2020,15.35,"5,395,615",15.5,15.65,15.24
12/24/2020,15.33,"2,793,211",15.68,15.7,15.13
12/23/2020,15.66,"6,573,905",15.2,15.925,14.93
12/22/2020,14.83,"5,472,657",15.32,15.345,14.814
12/21/2020,15.3,"10,013,570",14.66,15.49,14.34
12/18/2020,15.63,"18,161,880",16.05,16.245,15.435
12/17/2020,16.1,"10,290,030",16.11,16.28,15.72
12/16/2020,15.91,"11,101,610",15.93,16.08,15.46
12/15/2020,15.79,"6,705,566",15.56,15.83,15.22
12/14/2020,15.37,"8,244,669",16.54,16.6,15.36
12/11/2020,16.16,"6,840,744",16.47,16.49,15.935
12/10/2020,16.57,"9,436,689",15.58,16.72,15.48
12/09/2020,15.71,"11,767,550",16.21,16.35,15.35
12/08/2020,15.97,"10,695,900",15.75,16.5,15.665
12/07/2020,15.95,"10,100,850",16.41,16.52,15.9
12/04/2020,16.72,"13,820,330",15.75,16.74,15.66
12/03/2020,15.31,"10,305,580",14.91,15.65,14.585
12/02/2020,14.8,"11,248,510",13.9,15.2775,13.78
12/01/2020,14.0,"6,990,261",14.42,14.59,13.9
11/30/2020,13.99,"11,358,960",14.57,14.625,13.96
11/27/2020,14.78,"4,805,764",14.98,15.23,14.66
11/25/2020,15.12,"8,835,462",15.08,15.325,14.85
11/24/2020,15.3,"15,286,510",15.04,15.435,14.8
11/23/2020,14.48,"13,055,840",13.49,14.53,13.43
11/20/2020,13.16,"9,144,347",13.5,13.57,13.035
11/19/2020,13.56,"13,796,560",12.76,13.585,12.66
11/18/2020,12.76,"13,030,710",13.22,13.635,12.75
11/17/2020,13.11,"10,544,270",12.4,13.11,12.27
11/16/2020,12.53,"9,010,514",12.53,12.58,12.21
11/13/2020,11.78,"6,256,369",11.34,11.83,11.29
11/12/2020,11.22,"7,157,197",11.4,11.819,11.06
11/11/2020,11.66,"9,467,041",11.94,11.95,11.57
11/10/2020,11.76,"12,157,080",11.55,11.78,11.2
11/09/2020,11.33,"17,784,170",10.83,11.88,10.83
11/06/2020,9.77,"13,372,660",9.95,10.28,9.73
11/05/2020,10.05,"14,737,750",9.75,10.345,9.665
11/04/2020,9.81,"16,189,970",9.71,10.02,9.3
11/03/2020,9.64,"9,359,954",9.69,9.9,9.44
11/02/2020,9.43,"9,494,794",9.07,9.58,8.67
10/30/2020,8.93,"15,696,180",8.44,8.93,8.34
10/29/2020,8.45,"12,843,600",7.89,8.46,7.73
10/28/2020,8.1,"10,995,640",8.39,8.45,8.01
10/27/2020,8.69,"8,523,717",8.72,8.85,8.6
10/26/2020,8.81,"9,174,089",9.12,9.18,8.675
10/23/2020,9.36,"8,760,413",9.41,9.56,9.21
10/22/2020,9.34,"10,618,310",8.64,9.38,8.64
10/21/2020,8.63,"13,997,330",8.88,9.0,8.62
10/20/2020,8.97,"10,046,680",8.92,9.12,8.732
10/19/2020,8.86,"8,942,918",9.05,9.09,8.77
10/16/2020,8.95,"9,139,273",9.38,9.47,8.94
10/15/2020,9.42,"10,028,960",9.12,9.4375,8.93
10/14/2020,9.32,"11,721,170",9.57,9.865,9.3
10/13/2020,9.5,"8,267,614",9.8,9.97,9.48
10/12/2020,9.86,"6,470,931",10.0,10.03,9.76
10/09/2020,10.07,"8,986,308",10.41,10.46,10.0
10/08/2020,10.32,"8,721,951",9.97,10.33,9.84
10/07/2020,9.87,"9,363,485",9.8,9.95,9.59
10/06/2020,9.73,"11,454,030",10.45,10.59,9.69
10/05/2020,10.15,"12,036,780",9.87,10.16,9.62
10/02/2020,9.6,"14,637,610",8.7,9.86,8.65
10/01/2020,9.1,"12,066,540",9.41,9.54,9.02
09/30/2020,9.46,"12,237,470",9.61,9.76,9.4
09/29/2020,9.57,"25,320,680",9.76,9.77,8.97
09/28/2020,9.8,"39,400,850",9.56,10.02,8.985
09/25/2020,8.82,"6,859,718",8.77,8.97,8.68
09/24/2020,8.96,"9,167,459",8.64,9.14,8.43
09/23/2020,8.68,"6,896,849",9.26,9.34,8.68
09/22/2020,9.2,"5,359,403",9.34,9.49,9.11
09/21/2020,9.27,"5,664,180",9.38,9.46,9.125
09/18/2020,9.78,"12,580,980",9.91,10.065,9.67
09/17/2020,9.95,"6,791,052",9.51,9.97,9.4595
09/16/2020,9.76,"7,847,853",9.4,9.93,9.22
09/15/2020,9.23,"8,890,372",9.17,9.39,9.13
09/14/2020,9.12,"6,228,140",9.04,9.22,8.9
09/11/2020,8.97,"10,429,340",8.79,9.015,8.66
09/10/2020,8.87,"12,149,750",9.58,9.69,8.86
09/09/2020,9.58,"7,062,138",9.77,9.79,9.365
09/08/2020,9.62,"11,081,020",10.21,10.25,9.49
09/04/2020,10.55,"5,498,361",10.61,10.7745,10.35
09/03/2020,10.47,"8,122,473",10.48,10.77,10.39
09/02/2020,10.66,"8,443,800",10.91,10.94,10.585
09/01/2020,10.91,"5,748,459",10.76,11.07,10.62
08/31/2020,10.87,"5,002,643",11.1,11.1403,10.75
08/28/2020,11.1,"5,612,540",10.84,11.23,10.79
08/27/2020,10.76,"5,458,367",10.76,10.87,10.52
08/26/2020,10.7,"5,244,404",11.0,11.1,10.68
08/25/2020,10.98,"5,796,308",10.9,11.065,10.71
08/24/2020,10.78,"5,947,059",10.54,10.915,10.47
08/21/2020,10.44,"4,932,329",10.67,10.705,10.38
08/20/2020,10.69,"5,064,611",10.86,11.015,10.68
08/19/2020,11.09,"6,724,876",11.34,11.4,11.06
08/18/2020,11.34,"6,895,150",11.64,11.72,11.285
08/17/2020,11.74,"6,813,187",12.01,12.04,11.5422
08/14/2020,12.12,"4,218,075",11.77,12.12,11.58
08/13/2020,11.84,"7,692,518",12.21,12.3583,11.83
08/12/2020,12.51,"6,984,044",12.67,12.75,12.31
08/11/2020,12.36,"8,952,613",13.04,13.25,12.3
08/10/2020,12.64,"10,311,320",12.25,12.7,12.12
08/07/2020,12.11,"9,433,928",11.57,12.17,11.43
08/06/2020,11.77,"9,407,312",11.9,12.0463,11.635
08/05/2020,12.04,"14,173,270",11.86,12.14,11.55
08/04/2020,11.09,"11,389,170",10.57,11.32,10.55
08/03/2020,10.6,"6,596,775",10.51,10.765,10.28
07/31/2020,10.49,"7,554,313",10.23,10.52,10.13
07/30/2020,10.34,"7,693,253",10.52,10.59,10.16
07/29/2020,10.84,"7,501,132",10.41,10.85,10.2718
07/28/2020,10.34,"5,853,441",10.36,10.675,10.31
07/27/2020,10.43,"7,119,603",10.67,10.7,10.26
07/24/2020,10.7,"5,428,010",10.85,11.09,10.67
07/23/2020,10.88,"9,172,957",10.87,11.215,10.755
07/22/2020,11.07,"9,684,398",11.14,11.25,10.88
07/21/2020,11.35,"14,806,930",10.69,11.63,10.69
07/20/2020,10.27,"7,695,065",10.26,10.58,10.18
07/17/2020,10.29,"6,261,769",10.72,10.93,10.195
07/16/2020,10.67,"6,045,705",10.61,10.97,10.33
07/15/2020,10.74,"7,685,489",10.73,10.83,10.47
07/14/2020,10.43,"8,370,748",9.91,10.43,9.74
07/13/2020,9.96,"8,218,629",10.2,10.455,9.83
07/10/2020,10.19,"8,822,343",9.69,10.24,9.61
07/09/2020,9.8,"8,992,407",10.32,10.43,9.78
07/08/2020,10.36,"9,995,387",10.31,10.5,10.085
07/07/2020,10.35,"10,357,080",10.97,10.9983,10.33
07/06/2020,11.16,"8,733,491",11.5,11.73,10.98
07/02/2020,11.24,"8,120,855",11.47,11.66,11.135
07/01/2020,11.1,"9,292,622",11.36,11.795,10.98
06/30/2020,11.34,"8,480,676",10.95,11.43,10.78
06/29/2020,11.12,"8,125,954",10.92,11.1997,10.755
06/26/2020,10.94,"9,114,517",11.56,11.57,10.85
06/25/2020,11.7,"8,708,348",11.11,11.79,11.06
06/24/2020,11.25,"11,073,140",12.11,12.17,11.25
06/23/2020,12.38,"9,560,764",12.91,13.0,12.28
06/22/2020,12.7,"6,084,872",12.91,12.98,12.555
06/19/2020,12.94,"15,559,680",13.42,13.66,12.725
06/18/2020,12.95,"6,610,960",12.44,13.14,12.37
06/17/2020,12.63,"7,580,321",13.2,13.31,12.6
06/16/2020,13.3,"10,075,500",13.87,13.88,12.8
06/15/2020,12.89,"7,488,220",12.01,13.09,11.821
06/12/2020,12.8,"8,107,056",13.03,13.09,12.11
06/11/2020,12.2,"9,180,422",12.2,13.22,11.9203
06/10/2020,13.67,"12,575,590",14.15,14.5,13.35
06/09/2020,14.55,"10,895,950",15.0,15.03,14.22
06/08/2020,15.76,"13,064,250",15.65,15.76,14.54
06/05/2020,14.6,"15,550,340",13.51,14.9,13.5
06/04/2020,12.72,"10,409,230",12.35,12.82,12.081
06/03/2020,12.52,"8,261,420",12.4,12.59,12.08
06/02/2020,12.16,"8,460,765",11.88,12.22,11.855
06/01/2020,11.7,"12,175,340",10.8,11.875,10.62
05/29/2020,10.81,"43,105,620",11.5,11.56,10.77
05/28/2020,11.66,"11,209,820",12.39,12.4,11.57
05/27/2020,12.43,"9,418,862",12.5,12.5,11.78
05/26/2020,12.31,"9,076,912",12.74,12.79,12.11
05/22/2020,12.14,"8,327,756",12.15,12.25,11.795
05/21/2020,12.29,"8,138,896",12.49,12.61,12.045
05/20/2020,12.42,"10,717,340",12.62,12.87,12.36
05/19/2020,12.31,"9,861,117",13.14,13.16,12.3
05/18/2020,13.12,"10,694,600",12.86,13.36,12.63
05/15/2020,11.95,"8,335,831",11.61,12.3404,11.51
05/14/2020,11.66,"7,713,914",11.21,12.055,10.79
05/13/2020,11.53,"9,738,795",12.25,12.27,11.29
05/12/2020,12.4,"8,833,999",12.64,13.08,12.4
05/11/2020,12.46,"8,113,498",12.5,12.78,12.245
05/08/2020,12.7,"7,419,138",12.32,12.72,12.25
05/07/2020,12.01,"8,928,829",11.95,12.426,11.9135
05/06/2020,11.49,"10,874,270",11.9,12.05,11.25
05/05/2020,11.18,"8,942,299",12.16,12.25,11.11
05/04/2020,11.42,"6,554,265",10.86,11.43,10.64
05/01/2020,11.15,"7,152,088",11.92,12.195,11.04
04/30/2020,12.47,"10,380,980",12.81,12.85,11.9
04/29/2020,12.63,"11,865,380",11.51,12.9,11.345
04/28/2020,10.97,"8,856,029",11.03,11.25,10.66
04/27/2020,10.76,"7,466,844",10.3,10.89,9.88
04/24/2020,10.52,"16,018,610",10.9,11.225,10.19
04/23/2020,10.57,"12,396,430",10.13,11.0,10.05
04/22/2020,9.74,"7,396,721",9.58,9.82,9.33
04/21/2020,9.05,"14,497,630",8.69,9.265,8.58
04/20/2020,9.16,"12,798,880",8.39,9.58,8.3
04/17/2020,9.22,"12,742,930",8.18,9.25,8.13
04/16/2020,8.09,"6,949,219",8.6,8.63,8.08
04/15/2020,8.67,"10,246,920",8.35,8.73,8.05
04/14/2020,9.11,"11,435,580",9.42,9.72,8.865
04/13/2020,9.71,"11,422,380",10.26,10.34,9.43
04/09/2020,9.67,"24,421,250",10.1,10.56,8.855
04/08/2020,9.41,"11,611,270",9.03,9.44,8.62
04/07/2020,8.71,"14,770,890",9.59,10.08,8.635
04/06/2020,8.8,"13,542,080",8.46,8.89,8.2
04/03/2020,8.38,"17,941,900",8.3,8.568,7.562
04/02/2020,7.79,"24,076,440",7.29,9.04,7.07
04/01/2020,6.79,"16,931,550",6.57,6.94,6.2246
03/31/2020,6.91,"14,607,580",6.68,7.4482,6.68
03/30/2020,6.35,"19,194,780",6.16,6.52,5.46
03/27/2020,6.29,"13,563,140",6.94,6.96,6.21
03/26/2020,7.36,"13,401,280",7.31,7.595,6.75
03/25/2020,7.16,"12,033,100",7.38,7.79,6.64
03/24/2020,7.41,"14,859,810",6.8,7.63,6.37
03/23/2020,6.18,"13,426,510",6.02,6.59,5.7
03/20/2020,6.08,"18,814,850",6.74,7.34,5.94
03/19/2020,6.55,"14,057,910",5.51,6.55,5.26
03/18/2020,5.41,"14,374,570",5.88,5.96,4.7
03/17/2020,6.46,"13,441,320",7.6,7.865,6.36
03/16/2020,7.57,"14,135,810",7.1,8.36,6.5
03/13/2020,8.7,"18,626,640",8.13,8.71,7.19
03/12/2020,7.27,"14,551,030",7.76,8.095,7.01
03/11/2020,8.41,"15,483,940",8.42,8.94,8.09
03/10/2020,9.01,"20,127,670",9.38,9.4,7.8201
03/09/2020,8.37,"24,783,080",9.15,9.77,8.03
03/06/2020,13.37,"13,648,390",15.16,15.22,13.01
03/05/2020,15.95,"9,800,306",15.63,16.1,15.46
03/04/2020,16.26,"8,787,214",16.15,16.55,15.69
03/03/2020,15.79,"11,433,170",16.22,16.81,15.48
03/02/2020,16.31,"11,011,960",16.53,16.67,15.41
02/28/2020,16.24,"13,850,500",14.93,16.315,14.79
02/27/2020,15.67,"13,203,420",15.83,16.73,15.4
02/26/2020,16.72,"10,340,360",17.87,17.93,16.69
02/25/2020,17.78,"10,388,930",19.21,19.355,17.605
02/24/2020,19.18,"10,968,810",19.93,19.93,19.1
02/21/2020,20.97,"9,273,967",21.7,21.73,20.85
02/20/2020,22.15,"7,706,528",22.33,22.62,22.06
02/19/2020,22.72,"10,966,690",22.52,23.03,22.16
02/18/2020,22.16,"9,685,350",22.5,22.56,22.01
02/14/2020,22.82,"7,211,001",23.44,23.59,22.56
02/13/2020,23.3,"5,176,490",22.97,23.365,22.79
02/12/2020,23.26,"4,484,131",23.35,23.79,23.115
02/11/2020,22.7,"3,700,773",23.0,23.15,22.665
02/10/2020,22.54,"3,741,446",22.7,22.84,22.33
02/07/2020,22.97,"3,338,514",22.73,23.09,22.5
02/06/2020,23.13,"5,152,786",23.48,23.55,22.94
02/05/2020,23.41,"6,787,524",22.48,23.61,22.4
02/04/2020,21.86,"6,171,026",21.75,22.33,21.67
02/03/2020,21.18,"5,867,440",21.7,21.79,21.145
01/31/2020,21.72,"7,340,524",21.95,22.05,21.27
01/30/2020,22.49,"5,609,178",21.82,22.54,21.66
01/29/2020,22.19,"5,954,024",22.95,23.0767,22.12
01/28/2020,22.72,"5,050,190",22.9,22.975,22.54
01/27/2020,22.62,"6,349,022",23.2,23.42,22.44
01/24/2020,23.95,"5,564,879",24.34,24.35,23.56
01/23/2020,24.4,"5,921,408",24.04,24.59,23.6
01/22/2020,24.3,"8,146,489",24.74,24.85,24.18
01/21/2020,24.99,"5,810,070",25.65,25.77,24.98
01/17/2020,25.85,"5,842,579",26.56,26.56,25.72
01/16/2020,26.44,"6,293,543",26.49,26.98,26.385
01/15/2020,26.24,"5,669,161",26.0,26.26,25.86
01/14/2020,26.23,"6,388,516",25.51,26.36,25.37
01/13/2020,25.36,"4,745,173",25.01,25.43,24.64
01/10/2020,25.1,"5,205,875",25.7,25.7,25.015
01/09/2020,25.85,"7,500,190",25.89,25.935,25.2
01/08/2020,25.55,"8,227,487",26.45,26.49,25.21
01/07/2020,26.49,"6,462,429",26.25,26.57,26.1
01/06/2020,26.41,"4,389,707",26.33,26.55,26.085
01/03/2020,26.1,"6,984,169",26.5,26.535,25.92
01/02/2020,25.79,"5,047,066",26.21,26.28,25.6337
12/31/2019,25.97,"3,392,020",25.28,26.08,25.15
12/30/2019,25.53,"3,549,698",25.76,25.9701,25.495
12/27/2019,25.73,"3,950,917",26.5,26.565,25.71
12/26/2019,26.36,"3,175,581",26.7,26.91,26.32
12/24/2019,26.54,"2,779,996",26.35,26.685,26.28
12/23/2019,26.23,"6,294,122",25.54,26.31,25.44
12/20/2019,25.47,"14,639,340",25.3,25.55,25.06
12/19/2019,25.11,"7,107,424",24.74,25.23,24.709
12/18/2019,24.7,"9,021,709",24.65,25.02,24.31
12/17/2019,24.17,"5,364,017",23.9,24.34,23.86
12/16/2019,23.85,"11,448,520",23.78,24.205,23.63
12/13/2019,23.48,"4,573,657",24.05,24.21,23.43
12/12/2019,23.99,"5,832,992",23.39,24.115,23.32
12/11/2019,23.42,"3,583,927",23.33,23.58,23.12
12/10/2019,23.42,"5,089,099",23.49,23.89,23.165
12/09/2019,23.15,"4,561,286",22.91,23.3,22.87
12/06/2019,23.14,"5,310,234",22.17,23.25,22.17
12/05/2019,22.07,"5,175,046",22.67,22.74,21.87
12/04/2019,22.39,"6,375,537",21.76,22.59,21.74
12/03/2019,21.41,"4,501,014",21.5,21.77,21.09
12/02/2019,21.83,"4,867,539",22.15,22.37,21.79
11/29/2019,21.89,"2,392,052",22.25,22.25,21.71
11/27/2019,22.51,"3,221,593",22.35,22.59,22.1
11/26/2019,22.26,"6,717,619",22.7,22.81,22.15
11/25/2019,22.74,"7,193,243",22.73,22.89,22.49
11/22/2019,22.77,"4,324,347",22.87,23.035,22.5125
11/21/2019,22.77,"7,108,016",22.11,22.89,21.9099
11/20/2019,21.95,"6,380,899",21.4,22.535,21.29
11/19/2019,21.49,"6,166,551",21.84,21.89,21.21
11/18/2019,21.96,"7,661,971",22.25,22.32,21.6
11/15/2019,22.56,"6,862,238",22.04,22.85,22.01
11/14/2019,21.84,"5,818,338",21.7,22.11,21.64
11/13/2019,21.62,"6,365,415",22.21,22.34,21.535
11/12/2019,22.37,"7,759,888",22.74,23.07,22.16
11/11/2019,22.53,"5,730,277",22.45,22.76,22.29
11/08/2019,22.91,"5,696,837",22.31,23.0,22.06
11/07/2019,22.68,"8,545,871",22.43,22.87,22.38
11/06/2019,22.08,"10,316,390",24.0,24.0,22.03
11/05/2019,22.98,"11,001,180",22.8,23.57,22.72
11/04/2019,22.57,"12,374,340",21.61,22.65,21.51
11/01/2019,21.17,"6,601,306",20.57,21.205,20.36
10/31/2019,20.28,"5,711,190",20.16,20.43,19.72
10/30/2019,20.25,"6,303,313",21.51,21.59,20.185
10/29/2019,21.4,"8,305,083",20.81,21.54,20.71
10/28/2019,21.05,"8,878,477",21.66,21.87,21.045
10/25/2019,21.47,"9,456,280",21.43,21.63,21.06
10/24/2019,21.46,"8,339,751",21.48,21.53,21.03
10/23/2019,21.3,"10,329,140",20.64,21.527,20.32
10/22/2019,20.67,"6,522,043",20.34,21.18,20.0943
10/21/2019,20.24,"5,064,434",19.78,20.39,19.77
10/18/2019,19.8,"5,892,979",20.33,20.61,19.8
10/17/2019,20.38,"5,717,983",20.69,20.725,20.165
10/16/2019,20.65,"6,559,655",20.94,21.38,20.59
10/15/2019,20.97,"6,541,791",20.84,21.25,20.45
10/14/2019,20.95,"9,676,149",20.82,21.0,20.09
10/11/2019,21.26,"8,732,061",21.18,21.72,21.045
10/10/2019,20.83,"6,086,827",21.05,21.35,20.57
10/09/2019,21.07,"7,685,438",21.32,21.4,20.585
10/08/2019,20.91,"8,544,082",21.54,21.72,20.91
10/07/2019,21.89,"7,246,554",22.46,22.6,21.55
10/04/2019,22.6,"3,653,917",22.39,22.82,22.14
10/03/2019,22.67,"7,272,543",21.82,22.695,21.42
10/02/2019,22.03,"7,617,252",22.94,23.09,22.0
10/01/2019,23.14,"4,563,482",24.2,24.54,23.1
09/30/2019,24.06,"3,950,859",24.07,24.21,23.85
09/27/2019,24.25,"4,461,986",24.0,24.72,23.87
09/26/2019,24.41,"3,679,779",24.36,24.53,24.1
09/25/2019,24.71,"4,364,322",24.27,24.83,24.19
09/24/2019,24.72,"5,790,380",25.64,25.7384,24.58
09/23/2019,25.83,"4,133,208",25.71,26.15,25.63
09/20/2019,26.11,"7,962,277",26.07,26.24,25.81
09/19/2019,25.96,"6,858,305",26.83,27.02,25.82
09/18/2019,26.5,"8,546,658",26.3,26.97,26.15
09/17/2019,26.68,"9,998,600",28.01,28.04,26.23
09/16/2019,28.12,"13,742,400",27.24,28.415,26.73
09/13/2019,25.07,"5,773,758",24.95,25.31,24.62
09/12/2019,24.56,"7,706,134",24.13,24.86,23.765
09/11/2019,24.97,"7,092,452",24.72,25.29,24.3
09/10/2019,24.56,"9,206,755",24.81,25.395,24.32
09/09/2019,24.63,"7,254,707",23.69,24.68,23.65
09/06/2019,23.35,"5,874,129",23.18,23.57,22.55
09/05/2019,23.5,"7,530,968",23.13,24.1,23.13
09/04/2019,22.84,"5,609,681",22.55,23.03,22.38
09/03/2019,22.09,"6,614,721",21.44,22.15,21.295
08/30/2019,21.99,"6,616,209",22.64,22.91,21.89
08/29/2019,22.54,"6,215,084",22.09,22.6928,22.09
08/28/2019,21.92,"5,824,837",21.53,22.21,21.48
08/27/2019,21.34,"6,668,355",21.76,21.97,21.12
08/26/2019,21.57,"9,276,267",22.02,22.21,21.44
08/23/2019,21.68,"9,247,499",22.53,22.9,21.58
08/22/2019,23.03,"5,894,800",23.53,23.66,23.0
08/21/2019,23.38,"5,745,444",23.68,23.9731,23.32
08/20/2019,23.36,"6,936,692",23.2,23.62,22.96
08/19/2019,23.27,"5,236,329",22.98,23.39,22.81
08/16/2019,22.54,"7,791,899",21.79,22.6,21.68
08/15/2019,21.62,"7,225,485",22.04,22.16,21.385
08/14/2019,22.03,"6,910,303",22.9,23.02,22.02
08/13/2019,23.62,"8,937,549",23.32,24.49,23.14
08/12/2019,23.51,"6,449,285",23.6,24.04,23.345
08/09/2019,24.05,"7,074,497",24.62,24.98,24.03
08/08/2019,24.44,"10,249,050",24.51,24.77,23.99
08/07/2019,24.16,"13,310,160",23.13,24.46,22.67
08/06/2019,24.22,"12,237,640",24.31,24.5,23.48
08/05/2019,24.06,"8,057,749",24.25,24.54,23.93
08/02/2019,25.03,"7,951,165",25.26,25.76,24.17
08/01/2019,25.16,"9,688,639",26.5,26.5,24.83
07/31/2019,27.0,"5,991,318",26.81,27.595,26.62
07/30/2019,26.88,"6,911,309",25.51,27.13,25.43
07/29/2019,25.52,"5,301,736",25.35,25.63,24.921
07/26/2019,25.54,"4,823,590",25.53,25.92,25.34
07/25/2019,25.57,"5,530,223",26.61,26.67,25.48
07/24/2019,26.51,"6,577,192",26.23,26.89,26.21
07/23/2019,26.21,"7,234,646",25.92,26.31,25.575
07/22/2019,26.41,"4,518,060",26.39,26.81,26.14
07/19/2019,26.34,"6,905,352",25.76,26.415,25.48
07/18/2019,25.7,"6,052,447",25.78,25.96,25.44
07/17/2019,25.93,"5,634,578",26.77,26.96,25.92
07/16/2019,26.8,"7,598,194",27.63,27.73,26.5919
07/15/2019,27.65,"5,786,094",28.75,28.85,27.575
07/12/2019,28.65,"4,853,535",28.72,29.05,28.62
07/11/2019,28.66,"4,207,288",28.86,28.97,28.41
07/10/2019,28.84,"5,116,847",28.41,29.13,28.29
07/09/2019,28.08,"4,639,859",27.84,28.12,27.42
07/08/2019,27.94,"7,030,321",27.71,28.715,27.65
07/05/2019,27.9,"4,754,246",27.44,27.94,27.35
07/03/2019,27.52,"4,011,043",27.75,27.75,27.205
07/02/2019,27.54,"9,228,062",28.73,28.73,27.44
07/01/2019,28.9,"4,991,368",29.12,29.36,28.65
06/28/2019,28.52,"8,134,836",28.37,28.77,28.115
06/27/2019,28.3,"4,934,168",28.73,28.96,28.18
06/26/2019,28.73,"6,219,422",28.47,29.2,28.42
06/25/2019,27.92,"4,782,320",27.81,28.22,27.65
06/24/2019,27.92,"5,202,147",28.22,28.52,27.71
06/21/2019,28.24,"6,676,736",28.24,28.57,27.96
06/20/2019,28.07,"7,345,939",27.65,28.3,27.56
06/19/2019,26.91,"7,121,957",26.85,27.235,26.5
06/18/2019,26.9,"5,800,938",26.57,27.335,26.47
06/17/2019,26.4,"5,624,022",25.52,26.46,25.34
06/14/2019,25.77,"5,075,608",26.05,26.2,25.67
06/13/2019,26.12,"5,809,600",25.74,26.14,25.39
06/12/2019,25.48,"5,327,482",25.74,25.7497,25.16
06/11/2019,26.1,"5,756,654",26.41,26.745,26.07
06/10/2019,26.12,"5,234,844",25.81,26.86,25.75
06/07/2019,25.69,"5,364,271",25.73,25.9775,25.39
06/06/2019,25.63,"5,634,997",25.64,25.89,25.335
06/05/2019,25.48,"6,671,839",25.91,25.92,24.8
06/04/2019,25.99,"7,348,756",25.83,26.19,25.24
06/03/2019,25.51,"5,506,889",25.33,25.72,25.13
05/31/2019,25.16,"6,536,179",25.41,25.645,25.12
05/30/2019,25.78,"8,207,500",26.76,26.93,25.75
05/29/2019,26.85,"11,386,450",26.12,26.86,25.95
05/28/2019,26.6,"6,361,773",27.14,27.1717,26.56
05/24/2019,26.99,"5,184,948",27.48,27.84,26.67
05/23/2019,27.17,"6,956,636",28.71,28.71,26.97
05/22/2019,29.31,"4,706,773",30.67,30.87,29.28
05/21/2019,31.12,"5,308,226",30.29,31.28,30.23
05/20/2019,30.03,"5,404,780",30.59,30.85,29.98
05/17/2019,30.61,"3,156,269",30.86,31.2,30.53
05/16/2019,31.3,"4,146,557",31.34,31.81,31.15
05/15/2019,30.93,"4,552,361",30.37,31.06,30.2
05/14/2019,30.76,"4,346,201",30.16,30.96,30.03
05/13/2019,29.92,"5,947,571",31.0,31.11,29.76
05/10/2019,31.31,"4,950,537",31.11,31.44,30.69
05/09/2019,31.25,"5,201,423",31.13,31.3478,30.63
05/08/2019,31.53,"5,218,308",30.9,31.89,30.81
05/07/2019,31.05,"6,314,664",31.05,31.18,30.485
05/06/2019,31.49,"5,712,610",30.87,31.55,30.66
05/03/2019,31.26,"9,279,039",31.14,31.45,30.6
05/02/2019,30.92,"9,268,813",31.17,32.0,30.625
05/01/2019,31.84,"13,692,460",33.0,33.19,31.3
04/30/2019,32.14,"7,088,888",33.12,33.22,31.72
04/29/2019,32.72,"4,900,063",32.53,33.16,32.47
04/26/2019,32.69,"4,966,864",33.16,33.33,32.26
04/25/2019,33.54,"6,210,029",34.32,34.49,33.51
04/24/2019,34.49,"7,324,671",34.89,35.17,34.33
04/23/2019,34.6,"6,276,965",35.27,35.39,34.435
04/22/2019,35.16,"10,319,290",34.1,35.22,33.5
04/18/2019,33.55,"7,864,627",33.27,33.815,33.14
04/17/2019,33.21,"5,011,027",33.1,33.385,32.93
04/16/2019,32.83,"5,129,233",32.75,32.93,32.165
04/15/2019,32.57,"6,383,509",33.23,33.5,32.54
04/12/2019,33.48,"13,559,360",32.99,33.81,32.6
04/11/2019,31.18,"3,416,468",31.19,31.75,30.835
04/10/2019,31.4,"4,927,945",31.26,31.6,31.11
04/09/2019,31.06,"4,981,554",31.84,31.93,30.97
04/08/2019,32.03,"5,413,736",32.39,32.49,31.64
04/05/2019,32.2,"7,169,430",31.16,32.21,31.14
04/04/2019,31.01,"5,131,526",30.8,31.12,30.41
04/03/2019,30.71,"4,312,567",31.38,31.45,30.49
04/02/2019,31.21,"4,239,918",31.6,31.83,31.16
04/01/2019,31.54,"5,187,406",31.92,32.08,31.275
03/29/2019,31.56,"6,528,634",32.35,32.43,31.42
03/28/2019,31.88,"5,796,416",30.97,31.925,30.96
03/27/2019,31.33,"5,379,241",31.48,31.81,31.0
03/26/2019,31.6,"5,790,819",31.49,31.96,31.38
03/25/2019,30.82,"5,354,142",30.34,30.94,29.98
03/22/2019,30.34,"6,949,335",31.43,31.6,30.22
03/21/2019,31.65,"6,863,929",31.26,31.75,30.99
03/20/2019,31.25,"10,054,050",30.13,31.61,30.1112
03/19/2019,30.24,"6,095,339",30.76,30.92,30.09
03/18/2019,30.51,"6,543,892",29.85,30.57,29.8
03/15/2019,29.64,"8,012,651",29.3,29.71,29.265
03/14/2019,29.5,"6,567,797",29.24,29.65,29.215
03/13/2019,29.33,"9,212,113",29.16,29.495,28.95
03/12/2019,28.76,"7,048,839",28.03,28.77,27.88
03/11/2019,27.8,"8,110,555",27.02,27.9825,26.89
03/08/2019,26.71,"10,808,560",27.46,27.52,26.59
03/07/2019,28.06,"8,760,893",28.76,28.795,27.985
03/06/2019,28.72,"6,347,209",29.0,29.33,28.6
03/05/2019,29.27,"7,421,521",29.48,29.565,28.9
03/04/2019,29.44,"11,404,870",30.3,30.44,29.025
03/01/2019,30.15,"13,398,960",29.45,30.3,29.45
02/28/2019,29.51,"8,958,306",29.9,29.95,29.345
02/27/2019,29.88,"6,652,399",29.88,30.34,29.49
02/26/2019,29.59,"7,921,063",29.49,30.15,29.49
02/25/2019,29.49,"9,952,095",29.51,29.95,29.39
02/22/2019,29.65,"11,957,160",30.1,30.22,28.86
02/21/2019,29.85,"19,277,320",30.46,30.99,29.44
02/20/2019,30.27,"34,745,270",30.88,32.53,30.11
02/19/2019,28.31,"8,155,585",28.09,28.57,28.09
02/15/2019,28.42,"7,113,949",27.72,28.455,27.67
02/14/2019,27.33,"5,740,419",26.8,27.635,26.77
02/13/2019,26.91,"8,142,960",26.12,27.17,26.095
02/12/2019,25.96,"7,033,387",25.88,26.43,25.82
02/11/2019,25.44,"5,106,002",24.7,25.5,24.51
02/08/2019,24.92,"7,077,661",25.3,25.44,24.3
02/07/2019,25.3,"6,540,370",26.51,26.58,25.23
02/06/2019,26.78,"4,790,035",26.71,26.919,26.425
02/05/2019,26.86,"8,934,209",27.07,27.38,26.845
02/04/2019,27.16,"5,640,754",26.71,27.37,26.68
02/01/2019,27.01,"6,224,045",26.82,27.52,26.76
01/31/2019,26.65,"6,889,487",27.82,27.92,26.535
01/30/2019,27.67,"5,219,042",27.02,27.68,26.99
01/29/2019,26.85,"4,337,168",26.84,27.0,26.61
01/28/2019,26.5,"5,501,937",26.84,26.89,26.285
01/25/2019,27.25,"7,222,808",26.9,27.42,26.8
01/24/2019,26.6,"6,735,549",26.23,26.85,26.1
01/23/2019,26.32,"8,826,277",26.82,26.85,25.92
01/22/2019,26.63,"9,349,593",26.74,26.97,26.19
01/18/2019,27.14,"10,147,680",26.71,27.14,26.53
01/17/2019,26.39,"8,676,710",25.59,26.51,25.52
01/16/2019,25.89,"10,793,040",26.17,26.39,25.69
01/15/2019,26.4,"6,300,778",26.4,26.59,26.24
01/14/2019,26.17,"5,811,556",25.87,26.57,25.86
01/11/2019,26.36,"7,810,974",25.8,26.5,25.69
01/10/2019,26.29,"8,845,239",25.57,26.435,25.33
01/09/2019,25.83,"12,577,430",25.94,26.14,25.33
01/08/2019,25.55,"7,175,094",25.68,25.91,25.105
01/07/2019,25.35,"7,200,546",24.74,25.75,24.34
01/04/2019,24.57,"9,714,495",24.14,24.73,24.03
01/03/2019,23.52,"7,743,668",23.25,23.9765,22.88
01/02/2019,23.21,"6,788,926",21.94,23.41,21.76
12/31/2018,22.54,"9,114,056",22.66,22.95,22.03
12/28/2018,22.46,"7,700,884",22.98,23.16,22.22
12/27/2018,22.9,"8,310,414",22.23,22.9,21.76
12/26/2018,22.71,"9,940,686",21.12,22.72,20.37
12/24/2018,20.98,"5,332,157",21.61,21.95,20.97
12/21/2018,21.91,"15,879,900",22.45,22.8,21.88
12/20/2018,22.51,"13,603,800",23.32,23.84,22.395
12/19/2018,23.85,"10,649,290",24.62,25.1,23.67
12/18/2018,24.41,"9,837,316",25.46,25.71,24.39
12/17/2018,25.51,"8,931,525",25.68,26.56,25.35
12/14/2018,25.84,"6,420,686",26.51,26.54,25.77
12/13/2018,26.87,"7,975,973",27.1,27.23,26.405
12/12/2018,27.28,"8,237,040",27.21,28.1,27.2
12/11/2018,26.75,"9,517,372",26.71,27.17,26.27
12/10/2018,26.27,"7,802,891",26.56,27.12,25.84
12/07/2018,27.2,"8,438,622",28.27,28.74,27.13
12/06/2018,27.75,"9,751,024",27.26,27.84,26.64
12/04/2018,28.17,"9,716,588",28.77,29.04,28.09
12/03/2018,28.77,"11,739,460",28.36,29.18,28.08
11/30/2018,27.03,"10,152,070",26.51,27.15,25.98
11/29/2018,26.91,"8,024,636",26.96,27.35,26.61
11/28/2018,26.87,"6,149,077",26.56,26.87,25.87
11/27/2018,26.61,"6,088,539",27.09,27.365,26.48
11/26/2018,27.13,"7,490,520",27.29,27.63,26.79
11/23/2018,26.91,"5,545,639",27.37,27.78,26.8
11/21/2018,28.53,"6,299,105",27.74,28.95,27.72
11/20/2018,27.44,"11,634,180",28.84,28.99,27.06
11/19/2018,29.62,"7,771,059",29.4,30.06,29.15
11/16/2018,29.56,"17,935,830",30.61,30.94,28.9399
11/15/2018,30.62,"10,118,830",30.39,30.82,29.905
11/14/2018,30.54,"7,765,107",31.73,31.96,30.275
11/13/2018,30.9,"7,976,269",31.37,32.19,30.83
11/12/2018,31.55,"6,717,210",33.49,33.49,31.5
11/09/2018,33.01,"7,897,231",32.06,33.24,31.71
11/08/2018,32.72,"6,706,321",33.65,34.24,32.545
11/07/2018,33.86,"11,392,350",33.45,34.65,32.8853
11/06/2018,32.93,"7,905,421",33.26,33.6,32.455
11/05/2018,33.1,"6,018,938",32.84,33.28,32.695
11/02/2018,32.28,"6,294,376",32.99,33.49,32.19
11/01/2018,32.86,"9,448,569",32.53,33.715,32.37
10/31/2018,32.4,"7,692,313",32.77,33.26,32.35
10/30/2018,32.32,"7,372,011",30.76,32.39,30.66
10/29/2018,30.98,"6,862,468",32.59,32.66,30.36
10/26/2018,32.38,"7,365,850",32.18,32.91,31.685
10/25/2018,32.85,"6,423,099",32.58,33.29,32.31
10/24/2018,32.13,"7,418,554",34.22,34.28,32.07
10/23/2018,33.73,"7,186,002",33.99,34.175,33.26
10/22/2018,34.87,"4,680,522",34.86,35.09,34.34
10/19/2018,34.94,"4,493,931",35.24,35.74,34.89
10/18/2018,35.1,"7,778,642",35.33,35.76,34.67
10/17/2018,36.0,"8,327,873",36.76,36.98,35.6
10/16/2018,37.08,"7,495,443",36.96,37.73,36.67
10/15/2018,36.11,"6,318,836",36.91,37.15,36.045
10/12/2018,36.63,"7,621,101",36.85,36.98,35.82
10/11/2018,36.04,"9,614,962",36.97,37.4,35.87
10/10/2018,37.3,"8,273,698",39.4,39.5,37.25
10/09/2018,39.51,"7,421,148",38.81,40.02,38.47
10/08/2018,38.78,"8,174,847",39.7,39.86,38.6563
10/05/2018,40.04,"5,085,523",40.19,40.74,39.64
10/04/2018,40.14,"4,255,434",40.39,40.875,39.84
10/03/2018,40.65,"6,084,065",39.88,40.78,39.47
10/02/2018,39.86,"6,587,900",40.55,40.55,39.72
10/01/2018,40.2,"5,902,476",40.02,40.47,39.72
09/28/2018,39.94,"7,131,722",39.37,40.26,39.31
09/27/2018,39.38,"5,682,246",40.18,40.18,39.33
09/26/2018,39.68,"8,151,872",40.9,41.02,39.62
09/25/2018,41.41,"5,722,757",41.87,41.94,41.36
09/24/2018,41.55,"6,365,479",41.19,41.8,41.08
09/21/2018,40.55,"9,806,878",40.11,40.9199,40.02
09/20/2018,40.11,"5,157,835",40.22,40.33,39.88
09/19/2018,39.87,"5,806,134",39.35,40.09,39.15
09/18/2018,39.33,"6,920,352",39.25,39.65,39.03
09/17/2018,38.81,"10,601,550",39.88,40.19,38.69
09/14/2018,39.67,"11,374,620",40.86,41.08,39.57
09/13/2018,40.88,"7,539,333",41.58,41.835,40.68
09/12/2018,41.95,"8,552,281",42.05,42.27,41.51
09/11/2018,41.49,"7,605,928",40.31,41.6,40.27
09/10/2018,40.51,"5,679,907",40.79,41.07,40.155
09/07/2018,40.47,"7,669,190",40.22,40.56,39.65
09/06/2018,40.63,"9,189,471",41.46,41.46,40.5
09/05/2018,41.71,"7,087,662",42.06,42.0667,41.215
09/04/2018,42.35,"4,972,832",43.06,43.27,42.12
08/31/2018,42.93,"3,774,614",42.88,43.03,42.42
08/30/2018,43.13,"4,176,111",43.08,43.6,42.855
08/29/2018,42.96,"4,551,077",42.9,43.37,42.69
08/28/2018,42.51,"4,761,779",42.7,43.26,42.235
08/27/2018,42.88,"3,872,012",42.66,42.99,42.43
08/24/2018,42.66,"3,543,773",43.0,43.31,42.52
08/23/2018,42.52,"4,245,040",42.45,42.625,42.18
08/22/2018,42.71,"5,292,769",42.37,43.0,42.31
08/21/2018,41.85,"4,872,233",41.5,42.19,41.46
08/20/2018,41.04,"4,127,782",40.53,41.33,40.39
08/17/2018,40.6,"4,513,033",40.9,41.03,40.415
08/16/2018,40.68,"5,371,367",40.62,41.15,40.22
08/15/2018,40.48,"8,209,344",42.07,42.07,40.07
08/14/2018,42.41,"4,485,600",42.65,42.76,42.22
08/13/2018,42.07,"5,495,124",42.52,43.03,42.025
08/10/2018,42.84,"5,552,522",41.89,42.905,41.63
08/09/2018,42.07,"5,647,047",42.83,42.96,42.04
08/08/2018,42.67,"7,014,059",43.12,43.2779,41.96
08/07/2018,43.45,"5,731,650",44.24,44.34,43.375
08/06/2018,43.65,"6,769,572",43.76,44.325,43.44
08/03/2018,43.05,"6,217,812",43.9,44.06,42.765
08/02/2018,43.94,"6,355,907",43.1,44.36,43.05
08/01/2018,43.47,"16,518,990",42.5,43.98,41.25
07/31/2018,45.01,"5,561,163",45.0,45.29,44.38
07/30/2018,45.06,"5,579,869",45.19,45.44,44.86
07/27/2018,44.55,"4,340,475",44.94,45.53,44.45
07/26/2018,45.15,"4,958,227",45.44,45.61,44.84
07/25/2018,45.27,"4,532,950",44.59,45.385,44.47
07/24/2018,44.56,"4,229,440",44.45,45.31,44.25
07/23/2018,44.21,"3,822,904",44.44,44.74,44.125
07/20/2018,44.14,"5,088,273",44.41,44.41,43.69
07/19/2018,44.14,"5,095,070",43.67,44.53,43.47
07/18/2018,43.75,"8,151,721",43.58,43.84,42.79
07/17/2018,44.08,"4,823,365",43.92,44.57,43.62
07/16/2018,44.21,"5,571,272",43.94,44.57,43.18
07/13/2018,44.72,"6,548,655",44.06,45.33,43.93
07/12/2018,43.93,"4,959,433",44.63,44.63,43.63
07/11/2018,44.12,"5,112,738",44.95,45.43,43.92
07/10/2018,45.61,"7,516,422",46.0,46.5425,45.45
07/09/2018,45.3,"4,717,840",44.88,45.31,44.7
07/06/2018,44.51,"4,270,212",43.65,44.85,43.46
07/05/2018,43.99,"5,292,858",44.28,44.39,43.6791
07/03/2018,44.0,"4,132,928",44.2,45.1999,43.74
07/02/2018,43.53,"4,360,380",43.41,43.85,42.96
06/29/2018,43.96,"6,191,638",43.73,44.89,43.69
06/28/2018,43.58,"6,250,019",43.6,44.0,42.92
06/27/2018,43.47,"8,072,080",43.14,44.54,43.14
06/26/2018,42.59,"5,053,863",42.16,42.815,41.62
06/25/2018,41.89,"5,697,478",42.61,43.22,41.62
06/22/2018,43.28,"8,104,610",42.61,43.85,42.61
06/21/2018,41.15,"6,101,062",42.28,42.28,40.97
06/20/2018,42.61,"7,270,798",42.22,42.825,41.67
06/19/2018,41.61,"5,951,856",40.35,42.02,40.25
06/18/2018,41.1,"5,911,376",40.32,41.825,40.25
06/15/2018,40.25,"9,282,710",41.36,41.5,40.0399
06/14/2018,41.71,"5,515,694",42.76,43.11,41.62
06/13/2018,42.59,"6,242,659",41.66,42.985,41.58
06/12/2018,41.93,"7,041,475",42.13,42.9,41.86
06/11/2018,42.27,"6,878,671",42.22,42.63,41.86
06/08/2018,42.16,"5,371,819",41.74,42.245,41.475
06/07/2018,41.95,"5,949,231",41.64,42.53,41.64
06/06/2018,41.51,"11,927,740",42.0,42.46,41.35
06/05/2018,39.32,"10,997,490",39.64,39.96,38.47
06/04/2018,40.09,"7,568,568",41.9,42.2,39.95
06/01/2018,41.4,"4,966,879",41.62,41.97,40.97
05/31/2018,41.57,"5,364,686",41.57,42.31,41.3324
05/30/2018,41.93,"6,165,305",41.18,42.3,41.18
05/29/2018,40.89,"5,294,271",39.97,40.93,39.76
05/25/2018,40.58,"6,948,699",40.47,40.72,39.585
05/24/2018,41.69,"6,046,265",41.24,41.84,40.76
05/23/2018,42.19,"6,359,929",41.63,42.23,41.0364
05/22/2018,41.8,"6,311,616",42.54,42.89,41.56
05/21/2018,42.33,"4,461,639",42.45,42.64,41.815
05/18/2018,41.96,"4,231,249",42.17,42.39,41.74
05/17/2018,42.36,"6,620,144",41.74,42.7,41.67
05/16/2018,41.4,"4,742,341",41.03,41.585,40.86
05/15/2018,41.28,"7,386,058",41.38,41.64,40.865
05/14/2018,41.32,"6,328,507",41.24,41.56,40.85
05/11/2018,40.95,"10,409,170",40.93,41.4,40.6854
05/10/2018,40.89,"8,152,689",40.56,40.92,40.04
05/09/2018,40.22,"13,496,260",39.61,40.98,39.59
05/08/2018,39.02,"12,151,480",37.89,39.32,36.55
05/07/2018,37.89,"10,409,880",38.44,39.405,37.84
05/04/2018,37.87,"6,466,406",37.26,38.08,36.96
05/03/2018,37.2,"8,728,989",37.96,38.18,37.07
05/02/2018,38.23,"17,267,600",37.57,39.62,37.24
05/01/2018,36.2,"5,653,203",36.18,36.61,35.7425
04/30/2018,36.33,"6,284,521",35.53,36.64,35.48
04/27/2018,35.75,"6,937,346",35.41,36.055,35.15
04/26/2018,35.78,"6,399,771",35.21,35.84,35.19
04/25/2018,35.2,"7,851,930",34.5,35.305,34.12
04/24/2018,34.48,"9,014,469",35.55,35.775,34.27
04/23/2018,35.43,"5,009,747",35.19,35.59,34.73
04/20/2018,35.4,"8,330,467",35.46,35.6,34.79
04/19/2018,35.69,"12,063,790",36.54,36.639,35.415
04/18/2018,36.1,"14,951,190",34.1,36.71,34.1
04/17/2018,33.69,"5,516,442",33.58,33.88,33.22
04/16/2018,33.62,"4,698,530",33.62,33.72,33.125
04/13/2018,33.6,"7,749,165",33.25,33.89,33.13
04/12/2018,32.83,"9,884,735",33.55,33.56,32.83
04/11/2018,33.74,"6,237,988",33.53,34.0576,33.37
04/10/2018,33.6,"8,653,653",32.22,33.82,32.1567
04/09/2018,31.47,"6,724,532",31.8,32.28,31.43
04/06/2018,31.45,"6,501,924",32.05,32.2167,30.965
04/05/2018,32.29,"5,642,130",31.42,32.485,31.38
04/04/2018,31.32,"6,405,453",30.69,31.42,30.46
04/03/2018,31.37,"7,195,043",30.46,31.39,30.01
04/02/2018,30.35,"8,064,689",31.65,31.71,29.825
03/29/2018,31.79,"6,290,353",31.42,31.96,31.185
03/28/2018,31.2,"7,075,534",31.87,32.04,30.975
03/27/2018,31.71,"6,045,092",32.5,32.585,31.58
03/26/2018,32.47,"6,323,400",32.57,32.57,31.55
03/23/2018,32.23,"8,514,905",32.48,33.0767,32.1
03/22/2018,32.29,"8,551,965",32.43,32.75,32.09
03/21/2018,32.92,"10,172,350",31.78,33.3,31.65
03/20/2018,31.55,"8,607,801",31.46,31.96,31.4
03/19/2018,31.16,"9,514,290",31.75,31.9,30.9
03/16/2018,31.96,"10,675,460",31.72,32.575,31.645
03/15/2018,31.71,"9,677,929",32.69,33.0528,31.51
03/14/2018,32.62,"9,723,409",32.81,33.02,32.5402
03/13/2018,32.79,"9,880,171",32.97,33.14,32.305
03/12/2018,32.82,"7,303,005",32.73,33.35,32.6
03/09/2018,32.72,"9,139,491",32.56,32.85,32.15
03/08/2018,32.39,"12,142,030",31.79,32.51,31.715
03/07/2018,30.95,"6,485,276",30.97,31.5,30.74
03/06/2018,31.33,"6,883,345",32.16,32.22,31.26
03/05/2018,32.0,"9,204,218",31.12,32.33,31.11
03/02/2018,31.36,"9,107,419",30.4,31.42,29.97
03/01/2018,30.54,"8,932,285",30.66,31.48,30.41
02/28/2018,30.67,"12,818,820",31.92,32.19,30.66
02/27/2018,31.86,"10,580,370",31.42,32.48,31.39
02/26/2018,31.61,"11,021,170",31.54,31.98,30.73
02/23/2018,31.43,"11,873,380",30.77,31.46,30.24
02/22/2018,30.41,"18,516,290",30.71,31.56,30.19
02/21/2018,30.57,"31,039,150",31.13,33.21,30.25
02/20/2018,34.65,"6,343,084",34.3,34.9,34.18
02/16/2018,34.11,"6,752,839",34.63,34.91,34.0
02/15/2018,34.74,"6,821,434",35.65,35.685,33.56
02/14/2018,35.56,"6,463,497",34.03,35.8,33.79
02/13/2018,34.57,"4,872,764",35.37,35.39,34.4
02/12/2018,35.78,"6,541,987",35.3,36.11,35.0456
02/09/2018,34.68,"11,522,570",35.28,35.28,32.69
02/08/2018,34.94,"7,538,998",36.88,37.39,34.89
02/07/2018,36.76,"8,465,778",38.37,38.92,36.74
02/06/2018,38.38,"8,517,002",37.73,39.23,37.23
02/05/2018,38.65,"8,405,742",39.37,40.18,38.3
02/02/2018,40.03,"5,905,937",41.62,41.75,39.95
02/01/2018,42.22,"7,324,000",41.68,42.345,41.46
01/31/2018,41.37,"4,523,427",41.52,41.97,41.07
01/30/2018,41.52,"6,399,662",42.92,43.04,41.4099
01/29/2018,43.33,"3,401,046",43.59,44.41,43.31
01/26/2018,43.86,"2,714,864",44.03,44.31,43.755
01/25/2018,43.91,"3,634,109",44.97,45.16,43.89
01/24/2018,44.52,"4,640,595",44.7,45.03,44.06
01/23/2018,44.52,"4,055,230",44.89,45.14,44.24
01/22/2018,44.81,"4,736,953",43.06,44.82,42.99
01/19/2018,42.85,"5,589,206",42.94,43.03,42.39
01/18/2018,43.2,"2,714,666",43.23,43.784,42.8999
01/17/2018,43.44,"4,341,487",43.45,43.84,42.66
01/16/2018,43.26,"5,548,983",44.17,44.419,43.24
01/12/2018,44.04,"7,671,384",43.08,44.205,43.02
01/11/2018,43.07,"6,856,908",42.62,43.5599,42.25
01/10/2018,42.18,"3,456,692",42.55,42.68,41.96
01/09/2018,42.54,"5,825,436",43.36,43.36,42.44
01/08/2018,43.25,"3,595,838",43.13,43.41,42.5678
01/05/2018,43.11,"3,722,010",43.07,43.265,42.57
01/04/2018,43.23,"4,243,407",42.88,43.29,42.291
01/03/2018,42.72,"3,908,733",42.44,43.2767,42.34
01/02/2018,42.23,"4,782,523",41.79,42.25,41.635
12/29/2017,41.4,"2,763,949",42.04,42.04,41.31
12/28/2017,41.76,"2,224,648",41.91,41.98,41.39
12/27/2017,41.84,"2,826,128",42.55,42.55,41.66
12/26/2017,42.58,"3,776,527",41.71,42.6,41.52
12/22/2017,41.57,"4,245,160",41.08,41.71,40.81
12/21/2017,40.92,"5,680,677",39.85,41.32,39.54
12/20/2017,39.84,"5,830,394",39.07,39.89,38.21
12/19/2017,38.7,"5,486,603",38.31,39.07,37.97
12/18/2017,38.06,"5,318,412",37.87,38.23,37.4501
12/15/2017,37.68,"8,029,783",38.37,38.37,37.43
12/14/2017,38.0,"3,799,536",37.96,38.44,37.91
12/13/2017,38.12,"3,056,662",38.41,38.52,37.98
12/12/2017,38.41,"3,686,541",38.72,38.88,37.95
12/11/2017,38.49,"2,960,524",38.17,38.67,38.01
12/08/2017,38.05,"7,560,956",37.69,38.43,37.42
12/07/2017,37.15,"2,854,565",36.84,37.3,36.68
12/06/2017,36.88,"3,670,190",38.18,38.19,36.81
12/05/2017,38.38,"3,968,891",38.63,39.0,38.33
12/04/2017,38.64,"5,415,698",38.71,39.67,38.37
12/01/2017,38.84,"5,809,296",38.94,39.93,38.65
11/30/2017,38.53,"7,912,706",37.38,38.62,37.38
11/29/2017,37.1,"5,561,786",37.08,37.58,36.715
11/28/2017,37.17,"2,845,575",36.73,37.34,36.5702
11/27/2017,36.79,"4,591,204",37.83,37.83,36.775
11/24/2017,38.03,"1,526,067",38.18,38.5,38.0
11/22/2017,37.99,"2,562,778",37.94,38.18,37.68
11/21/2017,37.55,"3,584,976",37.77,37.92,37.16
11/20/2017,37.41,"5,144,512",38.34,38.37,37.35
11/17/2017,38.68,"3,249,406",38.42,38.96,38.31
11/16/2017,38.16,"4,537,120",37.93,38.34,37.7101
11/15/2017,37.91,"4,693,325",37.85,38.07,37.38
11/14/2017,38.23,"4,204,418",39.39,39.66,38.17
11/13/2017,39.65,"4,681,297",39.68,40.5686,39.55
11/10/2017,40.41,"4,437,430",41.0,41.02,40.01
11/09/2017,40.81,"6,213,362",40.12,41.03,40.07
11/08/2017,40.26,"6,517,099",40.92,41.13,40.11
11/07/2017,41.26,"10,660,560",40.86,41.47,40.85
11/06/2017,40.86,"9,214,555",39.67,40.94,39.535
11/03/2017,39.27,"6,359,114",38.94,39.55,38.46
11/02/2017,38.83,"9,585,619",39.07,39.68,38.49
11/01/2017,39.08,"9,302,987",37.75,39.34,37.59
10/31/2017,36.9,"5,584,168",35.93,37.04,35.49
10/30/2017,36.0,"8,142,741",36.04,36.55,35.77
10/27/2017,35.88,"4,530,057",34.56,35.89,34.47
10/26/2017,34.91,"5,216,556",34.4,34.995,33.97
10/25/2017,34.35,"3,647,611",34.61,34.96,34.18
10/24/2017,34.84,"4,237,728",34.87,35.25,34.69
10/23/2017,34.65,"3,352,947",35.0,35.34,34.63
10/20/2017,34.93,"2,912,074",35.05,35.12,34.63
10/19/2017,34.95,"2,892,551",35.03,35.46,34.75
10/18/2017,35.22,"3,553,663",35.72,36.14,35.09
10/17/2017,35.73,"3,159,239",35.86,35.93,35.185
10/16/2017,35.85,"3,566,357",36.07,36.41,35.76
10/13/2017,35.87,"2,461,688",36.1,36.35,35.85
10/12/2017,35.61,"3,261,137",35.59,35.79,35.4
10/11/2017,36.08,"3,322,733",36.14,36.2368,35.66
10/10/2017,36.0,"4,089,013",36.54,36.84,35.92
10/09/2017,35.89,"3,067,179",35.9,36.0,35.55
10/06/2017,35.78,"3,174,065",35.92,36.16,35.65
10/05/2017,36.35,"3,353,968",36.19,36.5677,36.11
10/04/2017,35.86,"4,375,524",36.57,36.73,35.76
10/03/2017,36.53,"3,003,098",36.45,36.7,36.22
10/02/2017,36.6,"4,673,237",36.02,36.63,35.3
09/29/2017,36.71,"5,502,053",36.51,36.73,36.1258
09/28/2017,36.59,"5,216,252",37.21,37.45,36.48
09/27/2017,37.17,"4,566,704",36.98,37.19,36.625
09/26/2017,36.93,"4,577,537",36.48,37.04,36.22
09/25/2017,36.67,"4,336,215",36.08,36.87,36.03
09/22/2017,35.78,"4,729,095",35.23,35.81,35.15
09/21/2017,35.35,"4,755,548",34.78,35.66,34.63
09/20/2017,34.89,"4,999,490",34.0,34.94,34.0
09/19/2017,33.77,"3,604,989",33.95,34.02,33.6
09/18/2017,33.97,"4,305,798",33.49,33.99,33.12
09/15/2017,33.65,"4,708,305",33.94,34.225,33.25
09/14/2017,33.9,"5,576,919",33.65,34.6,33.65
09/13/2017,33.51,"6,000,432",32.34,33.52,32.33
09/12/2017,32.17,"3,620,038",31.89,32.54,31.81
09/11/2017,31.81,"3,862,738",31.63,31.9993,31.465
09/08/2017,31.47,"4,439,919",32.28,32.28,31.01
09/07/2017,32.39,"2,903,299",32.47,32.73,32.09
09/06/2017,32.68,"3,793,898",32.41,33.09,32.33
09/05/2017,32.13,"3,839,910",32.35,32.7,31.74
09/01/2017,32.11,"3,819,913",31.51,32.35,31.14
08/31/2017,31.4,"5,333,134",31.26,31.8,31.04
08/30/2017,30.96,"3,214,404",30.75,31.2,30.51
08/29/2017,30.99,"3,435,210",30.59,31.12,30.2375
08/28/2017,30.93,"2,966,873",31.27,31.27,30.47
08/25/2017,31.16,"3,246,841",31.25,31.655,31.1
08/24/2017,31.12,"3,820,809",30.76,31.29,30.67
08/23/2017,30.98,"3,319,922",30.33,31.365,30.16
08/22/2017,30.4,"3,930,958",30.44,30.6199,30.12
08/21/2017,30.34,"2,906,797",30.33,30.46,30.0842
08/18/2017,30.4,"4,204,081",30.16,30.75,29.785
08/17/2017,30.18,"3,765,248",30.5,31.22,30.165
08/16/2017,30.66,"3,842,882",31.11,31.525,30.5
08/15/2017,30.92,"4,004,816",30.97,30.99,30.5834
08/14/2017,31.07,"3,092,466",31.71,31.84,31.05
08/11/2017,31.61,"3,587,892",31.54,31.99,31.41
08/10/2017,31.76,"4,009,766",32.33,32.64,31.71
08/09/2017,32.08,"4,297,889",32.38,32.769,31.775
08/08/2017,32.14,"6,159,901",32.28,32.89,32.01
08/07/2017,32.4,"4,378,761",33.49,33.53,32.31
08/04/2017,33.66,"7,148,380",32.34,33.77,32.28
08/03/2017,32.27,"6,413,860",33.56,34.28,32.24
08/02/2017,33.4,"5,605,136",32.72,33.72,32.05
08/01/2017,32.98,"4,607,318",33.25,33.6,32.62
07/31/2017,33.31,"3,790,637",33.02,33.71,32.92
07/28/2017,33.21,"4,305,359",33.37,34.14,33.085
07/27/2017,33.47,"3,591,205",32.94,33.47,32.85
07/26/2017,32.99,"6,257,780",33.35,33.83,32.78
07/25/2017,32.98,"5,463,748",32.35,33.41,32.24
07/24/2017,31.74,"4,171,214",31.88,32.25,31.535
07/21/2017,31.96,"3,772,855",31.94,32.09,31.4899
07/20/2017,31.99,"4,940,562",32.71,32.805,31.96
07/19/2017,32.5,"5,497,980",31.29,32.6513,31.22
07/18/2017,31.36,"4,573,909",31.63,31.68,31.09
07/17/2017,31.35,"5,803,459",31.62,32.01,31.26
07/14/2017,31.65,"4,845,376",31.31,31.87,31.16
07/13/2017,31.2,"4,550,262",30.8,31.28,30.7
07/12/2017,30.81,"5,667,720",31.02,31.6,30.63
07/11/2017,30.53,"7,450,460",30.25,30.92,29.85
07/10/2017,29.73,"7,655,018",29.38,30.0504,29.34
07/07/2017,29.54,"7,301,692",29.81,29.95,28.7947
07/06/2017,30.18,"7,081,444",31.16,31.41,30.07
07/05/2017,31.1,"7,234,684",32.45,32.48,31.01
07/03/2017,32.78,"2,652,058",32.13,33.08,32.07
06/30/2017,31.97,"6,659,746",32.27,32.36,31.4507
06/29/2017,31.81,"7,408,624",30.9,32.24,30.79
06/28/2017,30.55,"7,398,080",30.38,30.97,30.1611
06/27/2017,30.35,"9,617,865",30.72,31.0,30.23
06/26/2017,30.72,"5,088,505",30.7,31.18,30.2774
06/23/2017,30.48,"4,161,284",30.09,30.63,30.03
06/22/2017,30.01,"5,805,395",30.31,30.68,29.89
06/21/2017,30.15,"6,774,446",31.12,31.4472,29.92
06/20/2017,31.16,"5,584,961",30.71,31.39,30.39
06/19/2017,31.32,"4,684,338",31.82,31.91,31.22
06/16/2017,31.76,"6,384,448",31.74,31.77,31.255
06/15/2017,31.49,"5,193,432",31.97,32.41,31.28
06/14/2017,32.19,"7,083,002",33.3,33.3,31.75
06/13/2017,33.49,"4,477,391",32.71,33.5,32.58
06/12/2017,32.72,"5,624,858",33.06,33.59,32.6
06/09/2017,32.58,"6,912,224",31.57,32.78,31.38
06/08/2017,31.49,"5,996,454",31.58,32.2443,31.46
06/07/2017,31.92,"8,373,679",33.65,33.9,31.82
06/06/2017,33.9,"7,248,710",32.99,33.91,32.77
06/05/2017,33.05,"5,085,441",32.96,33.305,32.69
06/02/2017,33.13,"6,471,200",33.91,33.97,32.87
06/01/2017,34.27,"4,212,991",34.11,34.82,33.86
05/31/2017,33.98,"9,032,023",33.83,34.47,33.38
05/30/2017,34.49,"5,530,149",35.38,35.474,34.3
05/26/2017,35.82,"3,719,634",35.61,35.89,35.22
05/25/2017,35.73,"5,322,103",37.0,37.76,35.575
05/24/2017,37.13,"5,058,629",37.63,37.88,36.75
05/23/2017,37.82,"3,212,429",38.01,38.19,37.605
05/22/2017,38.08,"3,904,797",38.64,38.79,37.87
