date,close,volume,open,high,low
05/15/2026,69.16,"2,681,324",70.34,70.34,68.57
05/14/2026,70.73,"1,956,933",70.93,70.9799,70.01
05/13/2026,70.62,"1,996,481",71.21,71.21,70.14
05/12/2026,71.27,"2,694,761",70.79,71.815,70.26
05/11/2026,70.58,"2,570,409",69.62,70.9125,69.38
05/08/2026,68.95,"1,872,014",69.35,69.58,68.685
05/07/2026,68.57,"3,172,087",68.33,69.15,67.595
05/06/2026,68.8,"2,052,243",69.34,69.56,68.29
05/05/2026,68.87,"1,794,313",69.09,69.86,68.59
05/04/2026,69.0,"2,673,321",69.33,70.34,68.27
05/01/2026,69.88,"4,180,156",69.51,70.22,69.04
04/30/2026,69.49,"4,123,881",68.14,70.02,67.9
04/29/2026,67.94,"3,358,666",66.57,68.63,66.301
04/28/2026,67.94,"2,574,756",69.25,69.37,67.83
04/27/2026,68.57,"2,862,881",69.2,69.795,68.145
04/24/2026,68.86,"3,171,894",69.79,70.14,68.81
04/23/2026,70.34,"2,400,472",70.33,71.005,69.9526
04/22/2026,69.38,"1,906,257",70.72,71.21,69.27
04/21/2026,69.73,"2,265,618",70.78,71.215,69.55
04/20/2026,70.58,"1,969,076",69.97,71.485,69.9268
04/17/2026,70.75,"3,105,846",71.04,71.5,69.91
04/16/2026,71.6,"2,238,393",71.465,72.07,70.78
04/15/2026,71.35,"2,432,913",72.405,72.405,70.8801
04/14/2026,72.37,"2,314,941",72.06,72.64,71.23
04/13/2026,72.39,"3,882,159",75.45,75.52,71.545
04/10/2026,75.72,"1,833,018",75.81,76.16,75.5
04/09/2026,75.82,"2,922,340",74.19,76.215,73.8644
04/08/2026,74.35,"3,529,698",72.965,74.395,72.45
04/07/2026,72.61,"2,498,974",72.2,72.8,71.7
04/06/2026,73.59,"2,400,212",72.77,73.62,72.71
04/02/2026,73.46,"2,532,798",73.48,74.2,73.0
04/01/2026,73.58,"3,711,608",73.2,73.9,72.6726
03/31/2026,73.18,"4,839,329",72.64,73.29,71.63
03/30/2026,71.84,"3,392,092",71.5,72.695,70.82
03/27/2026,70.3,"3,166,464",70.83,71.45,69.95
03/26/2026,70.77,"2,636,327",70.53,71.74,70.49
03/25/2026,71.19,"1,703,452",71.91,72.1223,71.16
03/24/2026,71.28,"2,272,687",70.23,71.86,70.04
03/23/2026,70.67,"2,526,148",71.63,71.63,69.965
03/20/2026,69.75,"8,379,729",72.2,72.38,68.88
03/19/2026,71.89,"3,800,788",72.38,72.775,71.295
03/18/2026,72.66,"2,897,808",72.28,72.98,72.09
03/17/2026,72.92,"3,373,347",73.9,73.91,72.525
03/16/2026,72.97,"3,059,475",72.5,73.04,71.53
03/13/2026,71.73,"2,687,649",72.05,72.43,71.38
03/12/2026,70.96,"3,103,003",70.99,71.975,70.61
03/11/2026,71.53,"4,776,180",71.07,72.21,70.965
03/10/2026,71.08,"3,110,675",70.53,72.135,70.055
03/09/2026,70.73,"5,732,262",71.38,71.49,68.765
03/06/2026,71.76,"4,037,443",70.82,72.6,70.39
03/05/2026,71.22,"4,866,067",72.625,72.65,70.36
03/04/2026,73.89,"3,702,307",74.23,74.64,73.61
03/03/2026,73.86,"3,387,255",73.03,74.32,71.9
03/02/2026,74.42,"3,297,366",74.54,74.74,73.69
02/27/2026,74.74,"4,914,263",74.61,75.33,74.21
02/26/2026,74.37,"2,866,951",74.92,75.45,73.97
02/25/2026,75.2,"2,714,096",75.07,75.49,73.55
02/24/2026,75.24,"3,602,009",74.7,75.5,74.05
02/23/2026,74.65,"2,506,043",73.685,74.81,73.21
02/20/2026,73.74,"3,323,080",73.03,73.9,72.1725
02/19/2026,72.66,"5,178,997",71.0,73.2099,70.21
02/18/2026,69.7,"4,722,751",71.63,71.85,69.56
02/17/2026,71.42,"4,140,247",72.34,72.68,71.26
02/13/2026,71.46,"4,738,195",68.29,71.6097,68.1
02/12/2026,69.08,"6,170,971",67.26,69.63,67.26
02/11/2026,67.06,"2,479,583",65.73,67.21,65.385
02/10/2026,65.46,"2,450,014",64.0,65.815,63.9
02/09/2026,63.79,"2,185,086",63.71,64.1339,63.125
02/06/2026,64.01,"2,367,743",64.22,64.675,63.18
02/05/2026,63.71,"2,850,693",63.63,63.98,62.875
02/04/2026,63.46,"3,228,719",62.01,63.995,61.81
02/03/2026,61.48,"3,091,886",60.76,61.91,60.75
02/02/2026,60.75,"4,680,983",62.13,62.26,60.52
01/30/2026,62.28,"4,506,950",62.16,62.42,61.09
01/29/2026,62.17,"2,426,030",62.82,63.0,61.65
01/28/2026,62.25,"1,986,314",62.49,63.19,62.06
01/27/2026,62.63,"2,010,662",61.65,62.685,61.64
01/26/2026,61.64,"2,418,759",61.32,62.18,61.27
01/23/2026,60.77,"2,869,213",61.0,61.25,60.16
01/22/2026,60.74,"2,844,168",60.95,61.54,60.15
01/21/2026,60.42,"3,446,097",60.74,60.9,59.55
01/20/2026,59.91,"4,614,892",61.17,61.79,59.815
01/16/2026,62.39,"2,833,276",61.25,62.62,61.09
01/15/2026,61.52,"3,473,631",61.6,62.055,61.34
01/14/2026,61.62,"2,970,729",60.71,62.155,60.71
01/13/2026,60.68,"1,899,507",60.0,60.78,59.68
01/12/2026,59.99,"2,547,938",60.73,61.274,59.795
01/09/2026,60.99,"2,581,028",59.97,61.31,59.92
01/08/2026,59.61,"3,305,148",58.22,59.735,58.21
01/07/2026,58.46,"2,993,279",59.74,60.12,58.435
01/06/2026,60.51,"4,495,539",60.42,60.72,59.66
01/05/2026,60.62,"4,281,441",60.83,60.85,59.02
01/02/2026,60.93,"2,681,078",60.37,61.39,59.56
12/31/2025,60.02,"3,306,487",60.36,60.655,60.0
12/30/2025,60.35,"2,555,984",60.26,60.515,60.125
12/29/2025,60.1,"3,454,031",59.6,60.47,59.53
12/26/2025,59.51,"1,136,137",60.18,60.2,59.185
12/24/2025,60.1,"1,380,432",60.32,60.4,59.8803
12/23/2025,60.06,"2,305,245",60.32,60.7,59.965
12/22/2025,60.63,"2,866,717",60.1,60.65,59.5
12/19/2025,60.1,"8,651,069",60.04,60.51,59.91
12/18/2025,60.17,"3,127,581",59.64,60.21,59.57
12/17/2025,59.54,"3,618,368",58.4,59.99,58.38
12/16/2025,58.32,"2,914,433",59.255,59.39,57.92
12/15/2025,59.09,"2,965,250",58.86,59.41,58.39
12/12/2025,58.31,"2,976,370",58.62,59.2,58.01
12/11/2025,57.93,"3,375,348",57.71,58.7069,57.5
12/10/2025,57.49,"3,577,113",56.59,57.75,56.56
12/09/2025,56.63,"2,216,592",56.25,56.93,56.25
12/08/2025,56.03,"4,162,451",58.31,58.31,55.84
12/05/2025,58.09,"2,855,539",57.59,58.29,57.5
12/04/2025,57.55,"2,451,951",57.35,58.33,56.94
12/03/2025,57.3,"2,661,395",57.35,57.96,56.73
12/02/2025,57.14,"3,498,488",58.47,58.54,57.12
12/01/2025,58.13,"2,805,458",58.85,59.14,57.9501
11/28/2025,58.89,"1,203,100",59.29,59.47,58.77
11/26/2025,59.11,"2,506,842",59.09,59.81,58.8
11/25/2025,58.5,"2,580,952",59.45,59.794,58.43
11/24/2025,59.18,"6,443,380",59.0,59.36,57.99
11/21/2025,58.58,"5,169,914",58.72,59.77,58.3
11/20/2025,58.08,"4,550,508",58.03,59.73,57.83
11/19/2025,57.5,"3,040,617",58.6,59.125,57.13
11/18/2025,58.42,"2,230,833",57.94,58.975,57.645
11/17/2025,57.76,"3,328,636",58.06,58.69,56.86
11/14/2025,58.71,"1,930,238",59.03,59.25,58.5425
11/13/2025,59.08,"2,283,709",58.39,59.34,58.39
11/12/2025,58.76,"2,179,370",57.87,59.07,57.76
11/11/2025,57.87,"2,617,583",57.76,58.27,57.68
11/10/2025,57.34,"2,247,304",57.15,57.66,56.73
11/07/2025,57.04,"2,242,816",56.37,57.11,56.21
11/06/2025,56.56,"2,194,818",56.78,57.3,56.34
11/05/2025,56.78,"4,493,335",56.2,57.185,56.0031
11/04/2025,55.7,"2,748,803",54.61,55.765,54.32
11/03/2025,54.39,"4,115,087",55.16,55.16,53.5601
10/31/2025,55.38,"4,322,527",55.45,55.605,54.6
10/30/2025,55.64,"2,974,315",55.07,55.815,54.77
10/29/2025,55.39,"3,814,078",55.0,56.05,54.202
10/28/2025,56.05,"3,445,625",56.63,56.64,55.72
10/27/2025,56.91,"3,375,823",57.04,57.7865,56.535
10/24/2025,57.81,"1,722,244",57.49,57.925,57.29
10/23/2025,57.27,"2,636,412",58.72,58.73,57.04
10/22/2025,58.08,"2,043,233",58.3,58.56,57.78
10/21/2025,58.36,"2,193,628",58.01,58.81,57.62
10/20/2025,57.65,"2,705,446",57.18,57.76,56.72
10/17/2025,56.66,"2,061,157",56.69,57.08,56.2255
10/16/2025,56.72,"2,359,035",57.32,58.07,56.495
10/15/2025,56.74,"2,604,115",56.5,57.2711,56.1601
10/14/2025,56.07,"3,669,873",53.69,56.215,53.59
10/13/2025,53.65,"2,696,236",52.16,53.895,52.0
10/10/2025,52.12,"3,055,159",53.57,53.63,52.12
10/09/2025,53.07,"3,068,825",53.86,53.9187,52.355
10/08/2025,53.47,"5,802,905",53.75,54.13,52.58
10/07/2025,53.69,"3,937,687",54.46,54.47,52.55
10/06/2025,54.8,"3,895,272",55.3,55.3,54.04
10/03/2025,55.29,"2,735,623",54.79,55.75,54.58
10/02/2025,54.49,"5,766,708",55.06,55.8,53.49
10/01/2025,56.28,"3,234,302",55.47,56.515,55.315
09/30/2025,55.28,"2,660,269",55.16,55.78,54.75
09/29/2025,55.23,"3,351,983",55.18,55.52,54.64
09/26/2025,55.01,"2,428,657",54.37,55.02,54.16
09/25/2025,54.05,"3,071,038",54.82,55.045,53.89
09/24/2025,55.04,"2,522,925",55.36,55.4399,54.68
09/23/2025,55.34,"2,675,028",54.38,56.1,54.35
09/22/2025,54.26,"4,017,430",55.47,55.47,53.75
09/19/2025,55.64,"5,572,351",55.86,56.5,55.37
09/18/2025,55.58,"2,097,505",55.61,55.82,54.845
09/17/2025,55.56,"2,417,619",55.6,56.62,55.495
09/16/2025,55.18,"3,241,156",56.0,56.22,54.88
09/15/2025,55.86,"2,946,408",56.7,57.0,55.75
09/12/2025,56.2,"2,204,452",56.08,56.78,55.92
09/11/2025,56.22,"5,188,339",55.26,57.36,55.24
09/10/2025,55.57,"8,179,474",54.57,56.42,53.74
09/09/2025,54.77,"3,772,383",53.34,55.04,52.955
09/08/2025,53.3,"3,615,138",54.45,55.15,53.0
09/05/2025,54.45,"2,054,332",54.7,54.95,54.13
09/04/2025,54.67,"3,641,773",55.71,55.93,53.419
09/03/2025,55.35,"3,353,542",56.06,56.43,55.03
09/02/2025,55.79,"2,950,812",55.51,56.5,54.9
08/29/2025,56.13,"3,528,201",54.81,57.62,54.81
08/28/2025,54.72,"1,836,355",55.31,55.51,54.555
08/27/2025,55.38,"2,150,608",54.92,55.71,54.88
08/26/2025,54.92,"3,221,270",54.57,55.09,54.375
08/25/2025,54.5,"2,043,699",55.19,55.45,54.385
08/22/2025,55.6,"2,686,057",54.34,55.73,54.2
08/21/2025,53.81,"3,356,897",56.13,56.15,53.39
08/20/2025,55.96,"2,100,329",56.51,57.26,55.85
08/19/2025,56.35,"2,076,431",55.83,57.02,55.68
08/18/2025,55.63,"1,856,910",55.72,56.15,55.355
08/15/2025,55.5,"2,147,076",56.24,56.39,55.48
08/14/2025,56.02,"1,879,767",55.84,56.31,55.25
08/13/2025,56.28,"2,248,201",56.04,56.33,55.6202
08/12/2025,55.96,"3,450,532",55.56,56.09,55.32
08/11/2025,55.25,"3,622,587",54.0,55.47,54.0
08/08/2025,53.77,"4,797,656",55.0,55.1,52.62
08/07/2025,54.94,"4,312,979",55.0,55.4,53.53
08/06/2025,54.91,"4,279,519",55.51,55.825,54.81
08/05/2025,55.28,"5,054,743",55.48,56.03,54.7101
08/04/2025,55.22,"5,145,063",52.66,55.31,52.66
08/01/2025,53.13,"5,102,656",52.2,53.47,51.4
07/31/2025,52.12,"7,373,093",51.54,52.28,51.01
07/30/2025,51.69,"4,453,730",52.48,53.07,51.385
07/29/2025,52.45,"2,861,706",52.44,52.615,51.96
07/28/2025,52.27,"3,801,858",52.78,53.17,52.15
07/25/2025,52.95,"4,216,070",51.39,53.08,51.22
07/24/2025,51.42,"2,986,928",52.32,52.44,51.155
07/23/2025,52.3,"2,928,869",52.36,52.55,51.88
07/22/2025,52.03,"2,372,329",51.3,52.03,51.145
07/21/2025,50.92,"2,129,223",51.37,51.5,50.855
07/18/2025,51.14,"2,995,908",51.5,51.8,50.91
07/17/2025,51.33,"3,603,489",50.58,51.48,50.58
07/16/2025,50.94,"4,141,806",50.47,51.27,50.45
07/15/2025,50.42,"2,784,261",51.2,51.33,50.19
07/14/2025,50.96,"2,555,869",50.93,51.2324,50.375
07/11/2025,51.06,"2,948,066",51.09,51.395,50.16
07/10/2025,51.29,"3,849,752",50.58,51.66,50.235
07/09/2025,50.63,"7,340,610",50.74,50.81,49.88
07/08/2025,50.74,"4,476,649",50.08,50.795,49.14
07/07/2025,50.51,"3,998,508",51.34,51.5,50.06
07/03/2025,52.55,"2,920,079",53.1,53.24,52.06
07/02/2025,52.56,"4,431,436",52.92,52.975,52.37
07/01/2025,52.88,"5,557,084",51.83,53.35,51.83
06/30/2025,51.6,"4,750,672",50.95,51.62,50.62
06/27/2025,50.97,"5,877,252",50.96,51.05,50.4
06/26/2025,50.81,"2,880,997",50.82,51.18,50.36
06/25/2025,50.41,"2,552,077",50.96,51.3071,50.41
06/24/2025,51.39,"3,135,640",50.45,51.545,50.28
06/23/2025,50.16,"3,501,355",49.65,50.6877,49.28
06/20/2025,49.65,"5,842,068",50.63,51.13,49.56
06/18/2025,50.46,"4,644,114",49.1,50.59,48.92
06/17/2025,49.2,"4,216,129",48.05,49.34,47.73
06/16/2025,48.35,"5,192,329",48.765,49.36,48.01
06/13/2025,48.32,"6,044,990",49.8,50.09,47.86
06/12/2025,50.37,"5,217,097",49.6,50.465,49.42
06/11/2025,49.61,"6,758,413",50.67,50.8596,49.37
06/10/2025,50.44,"5,469,582",49.84,50.65,48.92
06/09/2025,49.42,"10,212,990",53.1,53.29,48.38
06/06/2025,53.76,"2,778,621",53.99,54.37,53.355
06/05/2025,53.64,"3,289,347",54.5,54.64,53.52
06/04/2025,54.36,"4,311,560",55.99,56.05,53.85
06/03/2025,56.0,"3,217,998",55.65,56.33,54.9
06/02/2025,55.43,"3,051,389",55.42,55.495,54.54
05/30/2025,55.65,"6,137,670",55.6,55.815,55.08
05/29/2025,55.88,"2,274,793",55.21,55.885,54.8885
05/28/2025,55.11,"2,378,374",57.13,57.47,54.885
05/27/2025,57.1,"2,237,881",57.34,57.49,56.14
05/23/2025,56.64,"1,568,282",56.37,56.81,55.56
05/22/2025,56.22,"2,227,768",56.35,56.571,55.32
05/21/2025,56.94,"2,807,107",58.175,58.175,56.86
05/20/2025,58.31,"1,698,373",58.0,58.5,58.0
05/19/2025,58.0,"1,915,637",57.91,58.31,57.84
05/16/2025,58.63,"2,320,746",57.87,58.63,57.68
05/15/2025,57.6,"2,069,082",56.72,57.79,56.44
05/14/2025,56.38,"2,330,166",56.06,56.62,54.91
05/13/2025,56.18,"2,722,220",56.55,57.04,55.73
05/12/2025,56.56,"2,615,593",57.11,57.26,56.01
05/09/2025,56.19,"2,318,669",56.32,56.85,56.07
05/08/2025,56.13,"2,359,841",56.01,56.94,55.76
05/07/2025,55.75,"2,761,487",54.65,56.29,54.64
05/06/2025,54.83,"2,085,058",54.56,55.45,54.51
05/05/2025,54.93,"2,561,666",54.85,55.365,54.55
05/02/2025,54.88,"3,165,270",54.79,55.75,54.21
05/01/2025,54.56,"3,783,250",53.75,55.22,53.655
04/30/2025,53.51,"11,267,530",58.0,58.445,52.82
04/29/2025,58.73,"2,726,351",58.0,58.96,57.96
04/28/2025,58.35,"2,154,799",57.89,58.41,57.06
04/25/2025,57.96,"2,966,232",58.36,58.36,57.46
04/24/2025,58.2,"2,184,489",58.36,58.63,57.88
04/23/2025,58.16,"3,144,531",57.94,58.776,57.54
04/22/2025,57.82,"3,591,506",57.01,58.05,56.52
04/21/2025,55.81,"1,946,576",56.88,57.125,55.27
04/17/2025,57.39,"2,010,304",56.68,58.175,56.56
04/16/2025,56.33,"1,757,310",57.0,57.4,56.0
04/15/2025,56.9,"2,077,583",57.45,57.9,56.84
04/14/2025,57.22,"1,821,885",56.7,57.46,56.0
04/11/2025,56.1,"2,085,601",55.42,56.475,54.2
04/10/2025,55.4,"2,895,706",55.3,56.005,53.81
04/09/2025,56.06,"4,720,201",51.88,56.21,51.0
04/08/2025,52.5,"4,271,672",54.29,54.9,51.83
04/07/2025,53.62,"4,915,727",53.0,54.62,51.26
04/04/2025,54.75,"4,531,875",58.51,58.55,54.08
04/03/2025,58.38,"3,829,179",60.49,60.49,58.19
04/02/2025,59.92,"3,610,953",58.66,60.27,58.43
04/01/2025,58.75,"3,512,744",59.04,59.13,58.215
03/31/2025,58.92,"5,783,480",58.32,59.34,58.2906
03/28/2025,58.18,"4,992,048",58.16,58.61,57.14
03/27/2025,57.29,"3,746,041",57.81,57.85,57.16
03/26/2025,57.78,"3,243,728",57.3,58.05,56.97
03/25/2025,57.25,"3,200,110",58.46,58.495,56.78
03/24/2025,58.59,"2,732,071",58.07,59.09,57.8519
03/21/2025,58.17,"11,828,740",58.58,59.14,58.09
03/20/2025,58.92,"3,042,616",58.36,59.0,58.0
03/19/2025,58.5,"2,738,923",58.55,58.95,57.84
03/18/2025,58.7,"3,911,191",58.3,59.605,58.1375
03/17/2025,58.96,"5,365,521",57.23,59.84,56.975
03/14/2025,57.0,"3,615,631",56.01,57.14,55.6
03/13/2025,55.83,"3,505,393",55.48,56.38,55.26
03/12/2025,55.48,"2,862,160",56.38,56.6,54.74
03/11/2025,56.06,"4,606,826",56.99,57.21,55.16
03/10/2025,56.99,"5,143,641",56.575,58.17,56.1
03/07/2025,56.4,"3,749,891",55.07,56.86,54.94
03/06/2025,55.08,"2,958,890",54.7,55.31,53.81
03/05/2025,55.19,"5,457,930",55.03,55.5,53.87
03/04/2025,54.82,"3,917,856",55.43,56.1,54.58
03/03/2025,55.27,"5,295,545",54.65,56.34,54.452
02/28/2025,54.44,"12,161,950",51.7,55.39,51.5
02/27/2025,51.34,"4,440,450",52.19,52.38,50.72
02/26/2025,52.61,"5,605,908",52.32,52.81,51.78
02/25/2025,52.16,"6,782,997",52.35,52.59,51.16
02/24/2025,52.23,"5,246,419",52.75,52.75,51.37
02/21/2025,52.17,"6,204,204",52.0,52.21,51.24
02/20/2025,51.9,"3,676,589",52.38,52.675,51.475
02/19/2025,52.42,"4,284,716",51.2,52.82,51.15
02/18/2025,51.3,"5,189,900",50.41,51.4086,49.89
02/14/2025,50.06,"4,675,755",50.7,52.14,50.04
02/13/2025,51.52,"3,783,822",52.8,52.92,51.05
02/12/2025,52.68,"5,683,874",50.25,52.835,50.08
02/11/2025,50.81,"4,593,305",49.76,50.86,49.39
02/10/2025,50.17,"6,735,939",49.94,50.48,49.06
02/07/2025,50.09,"5,562,519",51.0,51.5,49.92
02/06/2025,51.15,"5,684,862",52.75,52.93,50.98
02/05/2025,52.44,"4,372,284",52.29,53.0653,51.63
02/04/2025,51.72,"4,422,269",52.5,52.8899,51.58
02/03/2025,52.44,"6,874,482",53.24,53.485,51.64
01/31/2025,54.0,"12,046,990",54.48,55.67,53.26
01/30/2025,54.06,"7,986,863",56.34,56.34,53.52
01/29/2025,55.8,"4,849,856",56.21,56.34,55.58
01/28/2025,56.11,"4,838,617",57.84,58.475,55.6
01/27/2025,57.74,"8,062,243",57.13,58.85,56.34
01/24/2025,58.87,"4,892,428",57.38,59.03,57.3
01/23/2025,57.28,"6,590,579",58.37,59.29,56.975
01/22/2025,58.29,"7,132,842",61.86,61.865,58.04
01/21/2025,62.23,"5,987,442",62.34,62.81,61.2295
01/17/2025,62.7,"5,677,248",60.97,63.97,60.69
01/16/2025,61.16,"7,409,759",61.83,62.415,59.7
01/15/2025,61.3,"10,967,450",61.75,63.9,60.68
01/14/2025,58.43,"10,563,620",57.39,59.59,56.44
01/13/2025,57.27,"17,350,680",64.2,64.34,55.27
01/10/2025,65.0,"13,048,640",69.15,70.5,64.12
01/08/2025,69.5,"12,055,000",75.76,75.76,66.7
01/07/2025,77.38,"2,143,464",77.61,78.36,77.25
01/06/2025,78.44,"2,250,502",79.8,79.9,78.31
01/03/2025,79.8,"2,118,254",80.28,80.905,79.42
01/02/2025,80.01,"1,375,958",80.76,81.02,79.65
12/31/2024,79.84,"1,553,884",79.59,80.22,79.185
12/30/2024,79.68,"2,780,687",79.59,79.89,78.68
12/27/2024,79.79,"985,536",79.45,80.325,79.4
12/26/2024,80.01,"1,000,175",79.85,80.23,79.55
12/24/2024,80.26,"997,099",79.9,80.3,79.42
12/23/2024,79.72,"1,959,187",79.52,79.73,78.455
12/20/2024,79.52,"5,974,350",77.87,79.66,77.79
12/19/2024,77.93,"2,636,654",77.95,78.81,77.4173
12/18/2024,78.26,"1,919,630",80.3,80.45,78.19
12/17/2024,80.5,"2,004,899",80.8,81.204,80.06
12/16/2024,81.17,"1,301,660",82.34,82.48,81.13
12/13/2024,81.89,"1,197,261",82.02,82.47,81.55
12/12/2024,81.62,"1,443,428",82.01,82.025,81.09
12/11/2024,81.58,"1,798,480",82.75,83.05,81.45
12/10/2024,82.78,"2,430,043",83.0,83.07,81.16
12/09/2024,83.02,"1,718,747",83.76,84.205,83.005
12/06/2024,83.95,"2,041,160",84.94,85.15,83.23
12/05/2024,84.92,"2,527,360",84.63,85.92,84.375
12/04/2024,84.34,"2,256,645",84.6,85.4,83.99
12/03/2024,84.74,"1,390,112",86.25,86.48,84.65
12/02/2024,85.78,"2,492,252",87.96,88.0,85.34
11/29/2024,87.75,"1,243,975",88.38,88.61,87.65
11/27/2024,88.36,"1,589,281",88.0,88.645,87.765
11/26/2024,87.74,"2,052,208",87.83,88.07,87.23
11/25/2024,87.61,"3,434,097",86.9,87.62,86.35
11/22/2024,86.48,"2,774,521",87.54,87.975,86.39
11/21/2024,87.09,"2,094,668",86.23,87.09,85.83
11/20/2024,86.12,"1,757,090",85.73,86.17,85.51
11/19/2024,85.64,"2,619,747",83.56,85.74,83.56
11/18/2024,84.08,"2,438,608",83.16,84.25,83.01
11/15/2024,83.68,"4,902,595",82.03,83.75,82.03
11/14/2024,82.13,"1,867,176",82.25,82.875,81.995
11/13/2024,82.18,"1,892,558",83.17,83.24,81.75
11/12/2024,82.75,"1,969,928",83.59,83.83,82.625
11/11/2024,83.58,"2,211,184",82.99,84.06,82.93
11/08/2024,83.1,"2,050,741",81.8,83.43,81.37
11/07/2024,81.45,"2,593,766",81.15,82.12,80.67
11/06/2024,81.17,"3,571,107",81.9,82.5,81.05
11/05/2024,81.97,"1,892,199",81.0,81.97,80.52
11/04/2024,81.0,"2,914,568",80.93,81.34,80.2
11/01/2024,81.13,"2,142,564",82.62,82.82,81.035
10/31/2024,82.4,"3,176,352",83.14,83.8,82.11
10/30/2024,83.24,"2,473,333",82.19,84.4,81.8
10/29/2024,83.14,"2,405,577",83.61,84.07,82.59
10/28/2024,84.48,"1,588,999",84.12,84.83,84.025
10/25/2024,83.91,"1,720,619",86.27,86.4,83.79
10/24/2024,85.62,"1,066,578",86.25,86.31,85.39
10/23/2024,86.0,"2,332,413",85.71,86.38,85.56
10/22/2024,85.83,"1,906,622",84.38,86.03,84.15
10/21/2024,84.61,"1,915,207",85.66,85.79,84.31
10/18/2024,85.43,"1,641,262",84.76,85.5,84.115
10/17/2024,84.64,"2,310,325",86.02,86.23,84.33
10/16/2024,85.96,"1,762,201",85.37,86.28,84.94
10/15/2024,85.07,"2,384,250",84.79,85.64,84.58
10/14/2024,84.54,"1,167,897",83.75,84.7,83.64
10/11/2024,83.61,"1,645,487",83.39,83.84,83.2
10/10/2024,83.01,"1,826,796",84.33,84.955,82.96
10/09/2024,84.45,"2,227,907",84.69,85.22,84.0
10/08/2024,84.89,"1,233,136",84.86,85.44,84.5
10/07/2024,84.66,"1,669,246",85.37,85.47,84.36
10/04/2024,86.18,"1,464,785",86.05,86.3,85.53
10/03/2024,86.65,"1,472,909",87.84,87.84,86.24
10/02/2024,87.48,"1,945,201",87.13,88.07,87.1175
10/01/2024,87.73,"1,704,147",87.1,87.96,86.61
09/30/2024,87.09,"1,994,519",87.09,87.19,86.0
09/27/2024,86.81,"1,092,616",86.57,87.1,86.3
09/26/2024,86.24,"3,126,881",85.44,86.66,85.37
09/25/2024,85.5,"1,907,586",86.43,86.58,85.3
09/24/2024,85.94,"1,736,795",85.74,86.86,85.39
09/23/2024,86.1,"1,028,672",85.8,86.3,85.48
09/20/2024,85.43,"4,678,900",84.13,85.61,83.57
09/19/2024,84.19,"1,863,284",85.01,85.44,84.12
09/18/2024,85.29,"1,404,937",85.83,86.13,84.91
09/17/2024,86.06,"1,281,125",86.22,86.36,85.87
09/16/2024,86.25,"2,668,741",85.98,86.64,85.88
09/13/2024,85.42,"1,349,917",84.93,85.49,84.555
09/12/2024,84.63,"1,920,529",84.27,84.84,84.08
09/11/2024,84.24,"3,121,380",84.53,84.53,83.05
09/10/2024,84.62,"4,348,249",86.19,86.96,83.3
09/09/2024,86.09,"3,105,624",86.74,86.74,84.96
09/06/2024,86.65,"1,564,540",87.86,88.11,86.625
09/05/2024,87.64,"1,579,815",88.39,88.68,87.295
09/04/2024,87.72,"1,888,955",87.67,88.77,87.28
09/03/2024,87.33,"1,769,798",86.99,87.89,86.43
08/30/2024,87.03,"3,559,951",86.72,87.49,85.69
08/29/2024,86.5,"2,018,499",86.05,87.14,85.5
08/28/2024,85.0,"1,530,746",85.01,85.34,84.575
08/27/2024,84.78,"881,568",85.19,85.46,84.65
08/26/2024,85.41,"785,463",85.0,85.96,84.82
08/23/2024,84.76,"785,248",84.74,85.0,84.38
08/22/2024,84.37,"1,347,335",84.16,84.5,83.99
08/21/2024,84.18,"1,090,988",83.74,84.42,83.7
08/20/2024,83.71,"1,603,612",84.0,84.13,83.37
08/19/2024,83.89,"1,145,244",83.54,83.98,83.21
08/16/2024,83.41,"1,325,900",83.56,83.65,82.95
08/15/2024,83.16,"1,858,527",82.75,83.59,82.1
08/14/2024,83.14,"2,120,479",82.99,83.8,82.35
08/13/2024,82.91,"2,365,841",82.5,82.98,82.25
08/12/2024,82.41,"1,495,474",82.01,82.44,81.48
08/09/2024,81.98,"2,467,900",81.95,82.08,80.455
08/08/2024,81.73,"2,280,229",81.3,82.405,80.78
08/07/2024,81.64,"1,484,953",82.12,82.61,81.21
08/06/2024,81.53,"2,139,006",80.67,82.585,80.31
08/05/2024,80.55,"2,419,393",82.34,82.63,79.67
08/02/2024,82.27,"2,263,934",82.58,83.05,80.74
08/01/2024,81.61,"1,834,128",80.5,81.88,80.18
07/31/2024,80.01,"4,308,250",79.75,80.52,79.06
07/30/2024,79.38,"1,922,362",78.1,79.5,78.05
07/29/2024,78.2,"2,030,789",78.63,79.01,77.62
07/26/2024,78.51,"2,775,708",76.95,79.505,76.3
07/25/2024,76.43,"1,997,984",76.48,77.59,76.21
07/24/2024,76.04,"1,378,864",75.89,76.5,75.31
07/23/2024,75.11,"1,131,406",75.12,75.44,74.93
07/22/2024,75.2,"1,165,012",74.82,75.37,74.55
07/19/2024,74.94,"1,325,241",75.35,75.42,74.56
07/18/2024,75.09,"2,459,815",75.03,76.42,74.96
07/17/2024,75.35,"2,916,871",74.22,76.06,74.215
07/16/2024,73.92,"1,861,497",73.72,74.22,73.2125
07/15/2024,73.05,"1,541,234",74.18,74.18,72.92
07/12/2024,74.84,"1,478,314",74.56,75.45,74.5
07/11/2024,74.28,"1,182,650",72.84,74.35,72.73
07/10/2024,72.39,"1,038,717",71.91,72.47,71.54
07/09/2024,71.53,"1,498,765",71.55,72.0,71.31
07/08/2024,71.57,"2,380,434",71.59,72.06,71.335
07/05/2024,72.4,"2,022,324",71.97,72.74,71.73
07/03/2024,71.82,"875,262",71.75,72.66,71.64
07/02/2024,71.63,"2,484,161",71.34,72.34,71.17
07/01/2024,71.19,"1,554,758",72.4,72.4,70.905
06/28/2024,71.81,"2,647,118",72.28,72.45,71.235
06/27/2024,72.04,"1,039,859",71.87,72.07,71.53
06/26/2024,71.85,"1,202,860",71.45,71.97,70.98
06/25/2024,71.86,"1,184,456",72.7,72.7,71.6
06/24/2024,72.76,"1,515,195",71.67,72.95,71.425
06/21/2024,71.64,"3,311,123",72.01,72.8,71.5
06/20/2024,71.88,"1,751,594",71.39,72.19,71.27
06/18/2024,71.48,"1,365,730",71.29,71.79,71.17
06/17/2024,71.53,"1,982,539",72.62,72.62,71.49
06/14/2024,73.21,"1,336,071",73.03,73.33,72.48
06/13/2024,73.45,"1,150,146",73.62,74.549,72.72
06/12/2024,73.55,"2,007,488",74.51,74.7,73.32
06/11/2024,73.61,"2,303,154",73.24,73.96,72.85
06/10/2024,73.85,"1,649,559",74.05,74.7,73.72
06/07/2024,73.98,"1,386,903",73.97,74.61,73.55
06/06/2024,74.5,"1,278,418",75.13,75.97,74.33
06/05/2024,75.43,"1,307,213",76.41,76.48,75.16
06/04/2024,76.52,"1,619,298",75.98,76.811,75.6
06/03/2024,76.28,"2,351,663",76.58,77.04,75.96
05/31/2024,76.85,"5,116,585",74.97,77.02,74.74
05/30/2024,74.67,"1,598,283",73.61,74.7,73.575
05/29/2024,73.35,"2,244,802",73.52,73.88,73.14
05/28/2024,74.14,"2,086,309",74.5,75.14,74.08
05/24/2024,74.57,"1,496,297",74.49,74.9,74.28
05/23/2024,74.25,"1,884,471",75.2,75.2,74.17
05/22/2024,75.55,"1,202,577",76.44,76.5915,75.38
05/21/2024,76.77,"1,321,792",76.13,76.83,75.88
05/20/2024,76.1,"1,128,524",76.4,76.48,75.83
05/17/2024,76.3,"1,294,343",76.16,76.39,75.7001
05/16/2024,75.86,"1,334,078",75.81,76.35,75.76
05/15/2024,75.72,"1,896,718",75.88,75.99,75.15
05/14/2024,74.92,"1,339,763",75.5,75.66,74.6
05/13/2024,74.44,"1,262,547",74.95,75.34,74.32
05/10/2024,74.89,"2,189,216",75.0,75.09,74.08
05/09/2024,74.76,"2,206,987",73.81,74.88,73.62
05/08/2024,73.85,"1,580,040",73.73,73.97,73.35
05/07/2024,73.89,"1,687,340",73.5,73.985,73.0
05/06/2024,73.02,"1,289,890",72.6,73.04,72.14
05/03/2024,72.34,"1,476,177",72.5,72.68,71.77
05/02/2024,71.97,"2,007,241",71.37,72.08,71.13
05/01/2024,71.28,"2,646,513",70.56,71.9,69.31
04/30/2024,71.06,"3,091,438",71.0,71.83,70.13
04/29/2024,71.33,"2,480,502",70.48,71.34,70.44
04/26/2024,70.14,"2,624,971",71.16,71.53,70.0
04/25/2024,71.13,"2,164,368",70.7,71.27,69.76
04/24/2024,70.82,"3,702,536",70.19,71.15,69.83
04/23/2024,70.85,"1,713,546",70.7,71.49,70.48
04/22/2024,70.66,"1,438,511",69.95,71.2,69.62
04/19/2024,69.93,"1,342,609",68.28,70.1,68.28
04/18/2024,68.13,"1,359,813",68.37,68.52,67.73
04/17/2024,68.04,"1,719,144",67.37,68.12,67.0
04/16/2024,66.81,"1,425,907",67.76,67.8,66.56
04/15/2024,67.88,"1,158,202",69.16,69.215,67.53
04/12/2024,68.63,"1,311,356",68.85,69.36,68.14
04/11/2024,68.84,"1,517,668",69.26,69.429,68.44
04/10/2024,68.92,"1,642,244",69.39,69.39,68.43
04/09/2024,70.89,"1,552,116",70.98,71.21,70.54
04/08/2024,70.68,"1,898,606",70.85,71.33,70.29
04/05/2024,70.82,"2,881,448",69.43,71.26,69.22
04/04/2024,69.85,"1,375,672",70.67,70.705,69.18
04/03/2024,69.9,"1,302,839",70.22,70.49,69.86
04/02/2024,70.13,"1,326,972",70.22,70.81,69.96
04/01/2024,70.44,"1,306,647",70.58,70.58,69.475
03/28/2024,70.73,"1,898,511",69.48,70.84,69.39
03/27/2024,69.4,"1,639,008",67.99,69.455,67.945
03/26/2024,68.23,"1,813,408",69.24,69.325,68.185
03/25/2024,69.23,"1,161,237",69.82,69.92,69.04
03/22/2024,69.56,"1,401,408",70.59,70.59,69.37
03/21/2024,70.17,"1,823,417",69.57,71.09,69.515
03/20/2024,69.5,"1,637,670",69.38,69.94,68.7944
03/19/2024,69.5,"1,225,518",69.09,69.64,68.75
03/18/2024,68.96,"1,282,752",68.86,69.32,68.46
03/15/2024,68.8,"4,035,561",68.14,69.19,68.14
03/14/2024,68.45,"1,784,573",69.3,69.68,67.99
03/13/2024,69.65,"1,607,581",69.73,70.3,69.38
03/12/2024,69.46,"1,387,637",68.97,69.52,68.705
03/11/2024,69.39,"1,273,492",69.11,69.8597,69.0
03/08/2024,69.27,"920,295",69.02,69.48,68.6701
03/07/2024,68.96,"1,193,455",68.91,69.2,68.54
03/06/2024,68.25,"1,292,898",67.75,68.56,67.445
03/05/2024,67.11,"1,361,765",67.72,68.66,66.82
03/04/2024,67.46,"1,353,300",66.32,67.57,66.26
03/01/2024,66.55,"2,057,343",67.78,67.83,66.37
02/29/2024,68.02,"4,415,957",68.045,68.92,67.66
02/28/2024,67.85,"2,113,681",67.61,67.97,67.1
02/27/2024,67.71,"1,774,650",66.76,67.8,66.67
02/26/2024,66.55,"2,287,962",68.05,68.11,66.53
02/23/2024,68.26,"3,213,647",68.17,69.33,67.58
02/22/2024,67.42,"4,509,678",67.5,68.2,67.05
02/21/2024,67.95,"2,136,146",66.95,68.01,66.68
02/20/2024,66.54,"1,922,875",66.2,67.15,66.02
02/16/2024,66.31,"2,538,038",66.14,66.6,65.53
02/15/2024,66.46,"1,813,043",65.39,66.49,65.3
02/14/2024,65.03,"2,308,830",64.54,65.12,64.2275
02/13/2024,64.41,"1,679,012",65.06,65.43,63.15
02/12/2024,65.38,"1,658,984",64.79,65.44,64.56
02/09/2024,64.7,"1,761,071",64.46,64.96,64.34
02/08/2024,64.72,"2,574,184",65.07,65.38,63.63
02/07/2024,65.44,"2,106,603",65.26,65.63,64.62
02/06/2024,65.13,"2,394,981",65.45,65.56,65.06
02/05/2024,65.56,"2,401,418",66.15,66.26,65.48
02/02/2024,66.87,"2,000,621",67.75,67.8,66.16
02/01/2024,68.29,"2,821,277",67.22,68.38,66.06
01/31/2024,67.48,"15,490,270",67.91,68.0,66.58
01/30/2024,67.31,"2,186,690",67.54,67.93,66.97
01/29/2024,67.7,"2,155,782",67.44,67.995,67.27
01/26/2024,67.5,"2,284,696",67.32,67.79,66.99
01/25/2024,67.04,"5,967,240",66.14,67.495,65.85
01/24/2024,65.18,"4,461,074",67.34,67.34,64.96
01/23/2024,67.01,"2,694,898",67.57,67.875,66.25
01/22/2024,67.65,"2,985,622",68.28,68.49,67.25
01/19/2024,68.29,"1,807,793",69.08,69.08,67.88
01/18/2024,68.6,"1,774,662",69.05,69.26,68.32
01/17/2024,69.3,"1,620,424",69.84,70.73,68.86
01/16/2024,70.17,"2,748,885",71.42,71.43,70.11
01/12/2024,71.36,"1,584,561",71.68,71.82,71.17
01/11/2024,71.17,"1,678,153",72.06,72.085,70.75
01/10/2024,72.33,"1,371,764",72.93,72.965,72.27
01/09/2024,73.02,"1,090,423",72.59,73.165,72.295
01/08/2024,73.17,"1,212,981",72.52,73.25,72.22
01/05/2024,72.57,"1,900,942",72.27,72.865,71.86
01/04/2024,72.29,"2,264,496",71.82,72.51,71.36
01/03/2024,71.58,"2,702,509",72.13,72.5,70.94
01/02/2024,72.34,"1,626,816",71.25,72.46,70.955
12/29/2023,71.49,"1,413,982",71.51,71.58,71.01
12/28/2023,71.6,"1,114,097",70.42,71.62,70.42
12/27/2023,71.91,"1,608,900",71.48,72.0,71.07
12/26/2023,71.64,"2,816,527",69.48,71.78,69.35
12/22/2023,69.48,"1,448,038",69.34,70.08,69.19
12/21/2023,68.87,"1,204,148",68.87,69.51,68.365
12/20/2023,68.77,"2,321,358",70.1,70.22,68.725
12/19/2023,70.01,"2,166,174",70.02,70.34,69.77
12/18/2023,69.76,"2,122,383",70.09,70.53,69.55
12/15/2023,70.05,"5,245,549",69.42,70.36,69.18
12/14/2023,70.32,"2,902,817",71.34,71.785,69.86
12/13/2023,70.79,"2,310,830",67.55,70.84,67.18
12/12/2023,67.62,"2,433,498",67.94,67.94,67.23
12/11/2023,68.03,"2,652,774",67.2,68.13,66.88
12/08/2023,67.45,"2,275,797",67.25,67.575,66.61
12/07/2023,67.31,"1,799,031",67.38,67.78,66.77
12/06/2023,67.16,"2,427,171",66.98,67.26,66.66
12/05/2023,66.72,"1,851,367",67.28,67.49,66.31
12/04/2023,67.37,"1,752,406",67.06,67.75,66.65
12/01/2023,67.48,"2,615,004",67.0,67.49,66.75
11/30/2023,66.99,"3,981,460",66.04,67.08,65.72
11/29/2023,65.78,"1,915,879",66.66,66.87,65.56
11/28/2023,66.49,"2,463,832",66.27,66.95,65.88
11/27/2023,66.27,"4,282,154",66.09,66.385,65.5
11/24/2023,65.85,"419,238",65.8,65.88,65.42
11/22/2023,65.9,"1,247,891",65.63,65.98,64.95
11/21/2023,65.53,"935,090",65.74,65.82,64.87
11/20/2023,65.69,"1,525,854",65.56,66.09,64.65
11/17/2023,65.93,"1,463,694",66.41,66.41,65.655
11/16/2023,65.99,"1,716,991",65.8,66.31,65.52
11/15/2023,65.27,"2,893,365",65.45,66.1298,65.015
11/14/2023,65.71,"2,602,081",63.84,65.84,63.84
11/13/2023,62.25,"1,902,044",63.5,63.89,62.21
11/10/2023,63.72,"1,886,220",63.53,63.8,62.88
11/09/2023,63.17,"2,433,824",63.08,63.99,63.03
11/08/2023,62.92,"1,915,494",63.14,63.16,62.22
11/07/2023,63.52,"1,347,125",64.07,64.07,63.2
11/06/2023,63.88,"2,686,693",63.9,64.205,63.46
11/03/2023,64.05,"2,642,106",64.32,65.0,63.635
11/02/2023,63.63,"4,449,550",64.03,65.25,62.98
11/01/2023,63.97,"2,084,749",63.47,64.43,62.65
10/31/2023,63.06,"2,168,207",62.86,63.42,62.4
10/30/2023,62.7,"1,513,162",62.5,63.01,62.09
10/27/2023,61.94,"2,139,782",63.39,63.81,61.64
10/26/2023,63.69,"1,738,449",63.44,64.59,63.44
10/25/2023,63.3,"1,560,309",63.45,64.0,63.21
10/24/2023,64.06,"2,087,564",62.76,64.35,62.4825
10/23/2023,61.84,"2,574,143",62.4,63.08,61.695
10/20/2023,62.71,"3,260,520",64.09,64.64,62.66
10/19/2023,64.0,"2,490,178",65.52,65.86,63.775
10/18/2023,65.6,"2,416,011",66.27,66.56,65.47
10/17/2023,66.37,"1,895,634",65.66,66.49,65.49
10/16/2023,66.15,"1,534,791",66.19,66.24,65.05
10/13/2023,65.69,"1,710,200",65.42,66.15,65.07
10/12/2023,64.89,"2,237,271",64.8,65.46,63.93
10/11/2023,64.93,"1,957,992",63.81,65.035,63.52
10/10/2023,63.27,"2,058,453",62.79,63.54,62.56
10/09/2023,62.53,"1,666,711",61.88,62.55,61.48
10/06/2023,62.06,"2,281,973",59.88,62.4,58.82
10/05/2023,60.69,"2,423,128",61.18,61.68,60.26
10/04/2023,61.23,"2,271,893",61.38,61.66,60.2
10/03/2023,61.23,"2,692,804",60.48,61.55,59.59
10/02/2023,61.04,"3,059,702",63.08,63.23,60.64
09/29/2023,63.29,"2,901,541",64.06,64.32,62.23
09/28/2023,63.59,"2,044,890",65.0,65.27,63.49
09/27/2023,65.3,"2,922,841",65.68,66.01,65.03
09/26/2023,65.8,"2,599,567",67.25,67.43,65.41
09/25/2023,67.64,"1,767,840",67.68,68.04,67.33
09/22/2023,68.07,"2,006,883",68.71,68.71,67.98
09/21/2023,68.9,"2,550,625",69.43,70.0,68.85
09/20/2023,69.75,"2,850,106",70.3,70.54,69.37
09/19/2023,70.19,"1,724,994",71.29,71.49,70.14
09/18/2023,71.22,"1,521,610",71.79,71.94,70.845
09/15/2023,71.56,"2,876,658",71.21,72.12,71.16
09/14/2023,71.52,"1,542,855",71.48,71.815,71.15
09/13/2023,70.74,"2,195,487",70.42,71.08,70.18
09/12/2023,70.29,"1,725,911",70.01,70.5,69.72
09/11/2023,69.87,"1,170,202",70.0,70.59,69.75
09/08/2023,69.8,"1,108,164",68.88,69.965,68.71
09/07/2023,68.68,"1,689,990",68.25,69.31,67.74
09/06/2023,67.73,"1,760,523",67.34,67.935,67.04
09/05/2023,67.23,"1,454,899",68.18,68.44,66.78
09/01/2023,68.41,"1,349,162",69.31,69.5,67.84
08/31/2023,68.85,"2,533,010",70.11,70.42,68.83
08/30/2023,69.93,"764,621",70.03,70.54,69.525
08/29/2023,70.16,"815,959",69.73,70.29,69.53
08/28/2023,69.72,"940,903",70.11,70.57,69.72
08/25/2023,69.93,"970,910",69.86,70.29,69.395
08/24/2023,69.56,"1,277,814",69.96,70.84,69.56
08/23/2023,69.92,"1,479,067",69.84,70.0,69.215
08/22/2023,69.54,"1,296,804",69.13,69.83,68.985
08/21/2023,69.01,"1,380,033",68.85,69.31,67.92
08/18/2023,69.04,"1,612,870",68.4,69.2,68.18
08/17/2023,68.6,"1,897,031",69.3,70.1,68.59
08/16/2023,69.16,"1,052,671",69.1,69.43,68.82
08/15/2023,68.82,"1,430,621",69.44,69.54,68.8
08/14/2023,69.76,"1,574,122",70.2,70.215,69.195
08/11/2023,70.53,"814,507",70.18,70.65,69.83
08/10/2023,69.95,"1,472,330",70.48,71.02,69.66
08/09/2023,70.28,"1,332,669",70.24,70.91,69.79
08/08/2023,70.5,"1,096,954",69.64,70.54,69.02
08/07/2023,69.79,"980,439",70.0,70.16,69.55
08/04/2023,69.24,"1,633,430",70.58,70.85,69.0
08/03/2023,70.34,"1,103,555",71.29,71.29,70.05
08/02/2023,71.54,"1,283,404",70.88,72.06,70.37
08/01/2023,71.04,"1,391,589",71.94,72.53,70.96
07/31/2023,71.96,"2,855,220",72.81,72.81,71.385
07/28/2023,72.96,"2,498,706",72.85,74.23,71.905
07/27/2023,70.86,"1,463,028",71.77,72.52,70.71
07/26/2023,72.1,"1,679,787",72.39,73.36,71.735
07/25/2023,72.39,"1,581,031",72.54,72.79,72.025
07/24/2023,72.54,"1,037,662",72.4,72.83,72.01
07/21/2023,72.4,"1,360,890",72.44,72.93,71.97
07/20/2023,72.15,"1,543,207",70.76,72.36,70.29
07/19/2023,70.64,"1,143,291",69.53,71.0,69.53
07/18/2023,69.37,"1,027,876",69.85,70.5,68.48
07/17/2023,69.89,"895,158",70.07,70.54,69.645
07/14/2023,70.47,"876,710",70.78,71.0,70.11
07/13/2023,70.95,"1,037,690",70.24,70.96,70.05
07/12/2023,70.46,"897,821",69.67,70.58,69.49
07/11/2023,69.38,"729,651",68.45,69.4,68.32
07/10/2023,68.31,"990,680",68.6,68.91,67.65
07/07/2023,68.86,"1,139,624",68.5,69.54,68.19
07/06/2023,69.43,"1,526,468",69.54,69.745,69.0
07/05/2023,70.23,"1,988,994",68.84,70.8,68.62
07/03/2023,69.09,"736,247",68.48,69.43,68.315
06/30/2023,69.45,"1,766,141",68.91,69.61,68.83
06/29/2023,68.57,"1,539,526",67.68,69.07,67.54
06/28/2023,68.37,"1,426,732",69.29,69.29,68.13
06/27/2023,69.4,"1,330,282",69.03,69.46,68.82
06/26/2023,68.8,"1,205,361",68.14,69.05,67.91
06/23/2023,67.76,"1,590,170",68.96,69.15,67.67
06/22/2023,69.09,"1,056,345",70.0,70.21,68.95
06/21/2023,69.73,"1,245,379",68.69,69.97,68.37
06/20/2023,68.77,"1,393,236",70.23,70.25,68.65
06/16/2023,70.18,"3,758,001",69.19,70.67,69.05
06/15/2023,68.8,"1,113,952",68.53,69.1,67.98
06/14/2023,68.17,"1,997,629",68.12,68.68,67.89
06/13/2023,67.88,"1,185,240",67.21,68.15,67.13
06/12/2023,67.65,"1,132,340",67.9,68.16,67.25
06/09/2023,67.72,"2,002,703",68.57,68.74,67.15
06/08/2023,68.57,"1,409,625",68.6,68.89,67.74
06/07/2023,68.7,"1,555,321",67.06,68.79,66.36
06/06/2023,66.71,"1,055,296",67.37,67.635,66.7
06/05/2023,66.8,"879,551",66.79,68.0,66.52
06/02/2023,66.68,"1,877,278",66.46,67.475,66.01
06/01/2023,66.68,"2,042,912",67.31,67.54,66.07
05/31/2023,67.52,"4,153,905",65.73,67.66,65.73
05/30/2023,65.72,"1,456,525",65.69,66.9199,65.5
05/26/2023,65.63,"1,644,578",65.6,66.19,64.66
05/25/2023,65.66,"1,471,409",66.43,66.46,65.12
05/24/2023,66.58,"1,031,602",67.0,67.39,66.315
05/23/2023,67.37,"1,007,070",67.49,68.34,67.27
05/22/2023,67.68,"1,371,600",68.52,68.7,67.39
05/19/2023,68.24,"1,788,656",69.28,69.6099,68.12
05/18/2023,68.85,"1,503,250",69.3,69.43,68.21
05/17/2023,69.74,"1,607,638",70.61,70.62,69.575
05/16/2023,70.3,"1,232,603",72.23,72.245,70.25
05/15/2023,72.24,"1,255,996",74.01,74.24,71.97
05/12/2023,73.68,"1,508,266",73.73,74.325,73.0
05/11/2023,73.21,"2,011,077",74.29,74.39,72.99
05/10/2023,74.19,"958,689",74.03,74.4,73.46
05/09/2023,73.63,"1,110,614",73.17,73.71,72.93
05/08/2023,73.39,"783,343",73.32,73.97,72.96
05/05/2023,73.56,"1,569,751",71.89,73.73,71.06
05/04/2023,72.49,"2,365,153",72.31,73.285,70.915
05/03/2023,71.67,"2,628,943",74.41,74.41,71.43
05/02/2023,73.28,"2,214,482",73.95,74.12,72.7
05/01/2023,73.95,"1,353,522",73.73,74.92,73.515
04/28/2023,73.6,"1,646,714",73.3,73.87,73.21
04/27/2023,73.57,"1,182,175",73.26,73.71,72.5
04/26/2023,73.0,"1,553,522",73.33,73.94,72.48
04/25/2023,73.77,"880,986",73.5,74.1,73.39
04/24/2023,73.67,"885,693",73.06,73.68,72.76
04/21/2023,72.93,"922,879",73.5,73.61,72.75
04/20/2023,73.0,"1,107,090",72.82,73.35,72.44
04/19/2023,72.74,"1,280,132",72.08,73.19,72.08
04/18/2023,72.11,"1,395,829",72.1,72.84,71.95
04/17/2023,72.08,"1,398,941",71.77,72.18,71.45
04/14/2023,71.61,"1,285,374",72.32,72.35,71.44
04/13/2023,72.95,"1,731,723",72.5,73.25,71.63
04/12/2023,73.07,"1,550,637",73.15,73.32,72.632
04/11/2023,72.81,"1,206,263",72.82,73.3132,72.68
04/10/2023,72.84,"1,129,413",72.19,72.92,71.945
04/06/2023,72.56,"1,349,799",72.5,72.75,71.76
04/05/2023,72.26,"1,921,233",70.59,72.45,70.31
04/04/2023,70.29,"1,527,523",70.34,70.69,69.7901
04/03/2023,70.54,"2,468,355",70.13,71.2,69.67
03/31/2023,70.59,"1,937,167",70.17,70.66,69.73
03/30/2023,70.0,"2,386,103",69.27,70.04,69.27
03/29/2023,69.8,"1,872,724",69.19,69.99,69.14
03/28/2023,68.7,"1,500,091",68.35,69.4324,68.27
03/27/2023,68.53,"1,976,885",68.8,69.06,68.311
03/24/2023,68.38,"2,041,433",66.1,68.42,65.8101
03/23/2023,66.04,"2,614,208",66.16,67.59,65.36
03/22/2023,66.31,"1,872,743",67.7,68.24,66.29
03/21/2023,67.81,"2,427,051",69.2,69.45,67.22
03/20/2023,69.0,"2,204,109",68.2,69.32,68.11
03/17/2023,67.76,"4,978,041",68.95,69.01,67.39
03/16/2023,68.98,"2,203,125",67.53,69.06,67.14
03/15/2023,68.12,"2,115,567",67.74,68.91,67.22
03/14/2023,68.3,"1,512,175",68.07,69.06,67.4
03/13/2023,67.39,"1,580,107",65.87,68.62,65.73
03/10/2023,66.23,"1,856,667",67.19,67.35,65.77
03/09/2023,67.0,"1,699,749",68.54,68.775,66.82
03/08/2023,68.29,"1,574,714",67.35,68.42,67.15
03/07/2023,67.39,"1,917,488",68.58,68.71,67.05
03/06/2023,68.42,"2,370,212",67.36,68.5,67.3301
03/03/2023,67.3,"1,807,434",65.67,67.34,65.36
03/02/2023,65.56,"2,450,546",64.4,65.7,63.93
03/01/2023,64.59,"2,738,916",66.0,66.0,64.4
02/28/2023,66.21,"3,012,368",67.94,68.15,66.17
02/27/2023,68.13,"1,833,011",69.1,69.79,68.035
02/24/2023,68.63,"3,337,130",66.55,68.89,66.51
02/23/2023,65.86,"2,142,347",66.65,67.045,65.51
02/22/2023,66.2,"1,702,786",66.45,67.18,66.03
02/21/2023,66.71,"1,700,489",67.35,67.54,66.48
02/17/2023,67.59,"6,172,465",67.32,67.865,66.71
02/16/2023,67.22,"918,898",66.84,67.6,66.265
02/15/2023,67.7,"1,293,097",67.26,67.73,66.78
02/14/2023,67.54,"1,039,178",67.84,68.42,67.25
02/13/2023,68.02,"1,111,113",67.01,68.175,66.99
02/10/2023,67.01,"1,031,375",66.04,67.147,65.84
02/09/2023,65.81,"992,683",66.91,67.3,65.7
02/08/2023,66.81,"1,025,574",66.96,67.31,66.62
02/07/2023,67.31,"1,414,433",67.55,67.86,66.72
02/06/2023,67.81,"2,373,038",66.61,67.84,66.34
02/03/2023,66.87,"2,281,222",68.13,68.32,66.23
02/02/2023,68.74,"2,491,496",68.03,70.06,67.64
02/01/2023,67.87,"2,265,029",68.03,68.61,66.91
01/31/2023,68.9,"2,172,114",68.63,68.92,67.69
01/30/2023,68.14,"1,333,018",68.37,68.97,68.1
01/27/2023,68.74,"1,229,965",68.29,68.89,68.1
01/26/2023,68.37,"1,609,253",67.4,68.5,67.37
01/25/2023,67.53,"1,635,317",67.17,67.74,66.93
01/24/2023,67.82,"1,417,690",66.85,68.08,66.22
01/23/2023,67.03,"1,856,311",66.71,68.175,66.64
01/20/2023,66.73,"1,895,337",65.67,66.8,64.93
01/19/2023,65.67,"2,273,957",66.46,66.66,65.24
01/18/2023,66.79,"1,893,763",68.94,68.99,66.76
01/17/2023,68.7,"3,081,955",68.74,69.66,68.55
01/13/2023,68.2,"1,485,606",67.93,68.395,67.195
01/12/2023,68.45,"3,764,671",69.5,69.8,68.43
01/11/2023,69.42,"4,205,728",68.36,69.48,68.04
01/10/2023,68.2,"2,735,053",67.41,68.42,66.4
01/09/2023,67.79,"1,990,719",66.85,68.28,66.55
01/06/2023,66.87,"1,591,422",65.67,67.19,65.64
01/05/2023,64.89,"1,738,146",65.91,66.12,64.33
01/04/2023,66.39,"3,094,465",64.8,66.99,64.58
01/03/2023,64.28,"1,769,801",64.01,64.37,62.87
12/30/2022,63.62,"1,532,084",64.45,64.52,62.72
12/29/2022,64.4,"1,418,188",64.43,64.91,64.24
12/28/2022,65.02,"1,192,818",65.96,66.17,64.88
12/27/2022,65.82,"1,058,378",65.4,66.09,64.94
12/23/2022,65.18,"1,000,094",64.43,65.25,64.23
12/22/2022,64.5,"1,595,726",64.77,64.885,63.37
12/21/2022,65.22,"1,361,779",65.23,65.56,64.77
12/20/2022,64.88,"1,261,149",65.04,65.095,64.19
12/19/2022,64.95,"1,396,215",65.0,65.78,64.34
12/16/2022,65.1,"4,609,155",66.06,66.25,64.35
12/15/2022,66.73,"1,854,227",67.16,67.27,66.0
12/14/2022,67.65,"1,670,400",68.03,68.96,67.39
12/13/2022,67.87,"1,685,766",68.49,69.05,66.83
12/12/2022,67.42,"1,911,256",66.29,67.645,65.74
12/09/2022,65.79,"1,493,500",65.39,66.67,65.29
12/08/2022,65.4,"1,807,249",65.4,65.64,65.19
12/07/2022,65.37,"1,758,771",65.94,66.44,65.23
12/06/2022,66.02,"1,816,126",65.04,66.06,65.0
12/05/2022,65.12,"1,251,318",64.76,65.43,64.695
12/02/2022,65.37,"1,658,808",64.72,65.5,64.53
12/01/2022,65.52,"2,779,956",67.01,67.1,65.45
11/30/2022,66.66,"5,860,653",63.39,66.72,63.14
11/29/2022,63.51,"2,217,951",63.14,63.71,62.58
11/28/2022,63.39,"2,610,520",63.64,63.995,63.18
11/25/2022,64.23,"625,948",64.03,64.43,63.81
11/23/2022,63.73,"1,717,582",62.32,63.75,62.32
11/22/2022,62.43,"1,079,013",62.56,63.6,62.0
11/21/2022,61.96,"1,180,285",61.61,62.39,61.52
11/18/2022,61.72,"1,722,295",60.58,62.06,60.58
11/17/2022,59.84,"1,278,257",60.3,60.46,59.3
11/16/2022,61.03,"1,387,699",60.59,61.37,60.5601
11/15/2022,60.67,"2,218,462",60.64,61.44,59.88
11/14/2022,59.92,"1,871,158",59.97,60.54,59.73
11/11/2022,59.87,"1,324,168",60.38,60.47,59.22
11/10/2022,60.29,"1,953,432",59.31,60.44,58.5
11/09/2022,57.31,"1,206,711",57.8,58.18,57.26
11/08/2022,58.01,"1,511,438",58.07,58.544,57.382
11/07/2022,57.75,"1,849,242",58.78,58.92,56.67
11/04/2022,59.03,"1,368,312",58.8,59.76,58.16
11/03/2022,58.45,"1,732,207",58.31,59.09,57.79
11/02/2022,58.76,"3,324,532",59.47,60.52,58.19
11/01/2022,60.51,"1,678,627",60.8,60.8,59.73
10/31/2022,60.04,"2,289,883",59.82,60.43,59.24
10/28/2022,60.23,"1,961,395",58.66,60.285,58.66
10/27/2022,58.38,"2,317,876",57.61,58.68,57.47
10/26/2022,56.88,"1,590,129",57.26,57.55,56.52
10/25/2022,56.85,"3,788,663",55.62,57.2036,55.55
10/24/2022,55.77,"1,618,129",56.0,56.5,55.3
10/21/2022,55.64,"1,365,519",55.07,56.0,54.725
10/20/2022,54.94,"1,336,446",56.75,56.75,54.68
10/19/2022,56.74,"1,392,886",56.56,57.21,56.18
10/18/2022,57.42,"1,762,206",57.83,58.18,56.86
10/17/2022,57.12,"1,954,673",55.94,57.28,55.94
10/14/2022,55.03,"2,787,026",57.45,57.705,54.94
10/13/2022,56.9,"1,860,809",55.0,57.21,54.45
10/12/2022,55.56,"1,813,460",57.15,57.43,55.51
10/11/2022,57.46,"1,309,263",57.62,58.37,57.1
10/10/2022,57.85,"1,612,601",58.87,59.53,57.83
10/07/2022,58.63,"2,779,006",58.63,58.94,57.94
10/06/2022,58.65,"2,906,076",59.95,60.0,58.25
10/05/2022,60.09,"2,161,780",59.93,60.684,59.17
10/04/2022,60.83,"2,860,733",59.34,60.94,59.22
10/03/2022,59.4,"3,059,917",57.81,59.66,57.33
09/30/2022,56.58,"6,264,674",57.82,58.005,56.555
09/29/2022,57.46,"2,551,551",60.44,60.49,57.4
09/28/2022,61.31,"4,032,030",62.15,62.32,61.07
09/27/2022,61.37,"2,249,353",63.49,64.07,61.2949
09/26/2022,63.17,"1,742,097",64.76,64.92,62.52
09/23/2022,64.86,"1,341,486",65.0,65.14,63.46
09/22/2022,65.8,"1,509,805",66.2,66.575,65.51
09/21/2022,66.21,"1,365,923",68.13,68.38,66.2
09/20/2022,67.71,"1,219,113",67.9,68.1,66.949
09/19/2022,68.37,"1,211,333",67.3,68.49,67.01
09/16/2022,67.52,"2,949,825",68.42,68.45,66.98
09/15/2022,68.3,"2,059,234",69.24,69.33,68.125
09/14/2022,69.49,"1,881,862",69.17,69.81,68.95
09/13/2022,68.9,"1,642,452",70.35,70.64,68.43
09/12/2022,71.12,"1,821,843",69.18,71.2,69.18
09/09/2022,69.1,"1,332,376",69.08,69.54,68.13
09/08/2022,68.53,"1,449,546",67.9,68.6784,67.55
09/07/2022,68.03,"2,223,800",66.02,68.16,66.02
09/06/2022,65.87,"3,232,166",67.16,67.5,65.235
09/02/2022,67.96,"1,301,111",68.56,69.26,67.78
09/01/2022,68.27,"1,695,142",67.76,68.55,67.0414
08/31/2022,67.77,"2,023,038",68.74,69.37,67.74
08/30/2022,68.82,"1,090,267",69.59,69.79,68.4
08/29/2022,69.65,"904,605",68.84,70.07,68.195
08/26/2022,69.27,"1,046,378",70.2,70.505,69.18
08/25/2022,70.09,"1,191,678",69.42,70.11,68.79
08/24/2022,69.16,"1,054,438",69.07,69.264,68.36
08/23/2022,69.36,"1,188,686",70.28,70.28,69.14
08/22/2022,70.23,"889,730",71.03,71.1,70.07
08/19/2022,71.54,"1,231,095",71.71,71.86,71.15
08/18/2022,71.79,"1,411,109",72.16,72.57,71.55
08/17/2022,72.06,"1,735,832",71.44,72.1395,71.14
08/16/2022,71.81,"1,144,711",71.4,71.94,71.23
08/15/2022,71.4,"993,868",70.52,71.53,70.373
08/12/2022,70.75,"1,675,089",69.56,70.84,69.35
08/11/2022,69.0,"1,768,612",68.22,69.265,67.67
08/10/2022,68.11,"1,400,388",68.56,68.64,67.58
08/09/2022,68.11,"1,591,554",68.01,68.24,67.615
08/08/2022,67.7,"1,474,812",68.7,69.25,67.28
08/05/2022,68.26,"2,393,429",68.85,69.16,68.1
08/04/2022,68.95,"1,466,791",69.27,69.41,68.76
08/03/2022,69.3,"1,866,900",68.68,69.61,67.72
08/02/2022,68.62,"2,951,920",67.21,69.38,67.01
08/01/2022,66.99,"1,606,023",67.49,67.76,66.45
07/29/2022,67.77,"3,148,203",66.89,67.87,66.07
07/28/2022,65.49,"1,648,542",64.1,65.83,63.645
07/27/2022,63.39,"2,118,095",63.16,63.56,62.69
07/26/2022,63.22,"1,952,196",62.82,63.4,62.785
07/25/2022,62.75,"1,070,552",61.2,62.76,61.17
07/22/2022,61.33,"764,820",61.27,61.68,60.92
07/21/2022,60.76,"1,037,062",60.79,60.92,60.15
07/20/2022,60.86,"1,765,111",61.66,61.93,60.61
07/19/2022,61.64,"1,362,923",61.42,62.15,61.11
07/18/2022,60.98,"1,068,367",61.4,61.74,60.79
07/15/2022,61.56,"1,128,002",61.83,61.83,60.75
07/14/2022,61.29,"1,907,448",59.87,61.41,59.73
07/13/2022,62.2,"1,272,434",61.6,62.94,61.42
07/12/2022,62.28,"706,445",62.06,63.1,61.95
07/11/2022,62.5,"831,725",62.22,62.87,61.755
07/08/2022,62.47,"942,564",62.85,62.875,62.07
07/07/2022,62.72,"1,718,812",62.61,63.28,62.43
07/06/2022,62.25,"1,247,861",62.1,62.95,61.5
07/05/2022,61.69,"1,842,276",63.39,63.49,60.33
07/01/2022,63.75,"1,764,906",62.74,63.84,62.53
06/30/2022,63.24,"2,233,729",62.48,63.75,62.09
06/29/2022,62.86,"1,009,910",62.67,62.9,61.98
06/28/2022,62.39,"1,669,367",63.66,64.02,62.3
06/27/2022,63.27,"1,498,338",62.7,63.51,62.44
06/24/2022,62.79,"1,672,000",60.98,62.955,60.85
06/23/2022,60.72,"1,384,903",60.29,60.95,60.275
06/22/2022,60.12,"1,381,318",59.77,60.7382,59.56
06/21/2022,60.28,"1,834,893",59.18,60.65,59.06
06/17/2022,58.92,"3,924,168",60.61,60.86,58.6
06/16/2022,60.33,"2,175,455",60.19,60.47,59.11
06/15/2022,61.13,"1,897,958",61.45,62.13,60.24
06/14/2022,60.98,"1,988,245",62.78,62.8,60.22
06/13/2022,62.38,"2,579,265",65.73,66.215,62.045
06/10/2022,66.98,"1,624,758",65.84,67.52,65.61
06/09/2022,66.74,"1,410,456",69.54,70.22,66.65
06/08/2022,69.13,"1,202,119",69.76,70.177,68.92
06/07/2022,70.23,"1,632,349",69.31,70.26,69.01
06/06/2022,69.4,"1,232,893",69.71,69.975,69.19
06/03/2022,69.78,"1,423,299",70.0,70.46,69.655
06/02/2022,70.36,"1,492,581",70.07,70.485,68.39
06/01/2022,69.73,"2,054,244",70.23,70.28,68.58
05/31/2022,69.91,"3,662,551",69.44,70.15,68.81
05/27/2022,70.06,"2,300,633",68.81,70.62,68.801
05/26/2022,69.03,"2,069,170",68.78,69.72,68.6085
05/25/2022,68.42,"1,404,281",68.04,68.48,67.56
05/24/2022,68.08,"1,251,605",66.55,68.11,66.05
05/23/2022,66.45,"1,336,228",66.59,67.12,65.92
05/20/2022,65.85,"1,886,743",65.71,66.12,64.81
05/19/2022,65.85,"2,047,703",65.77,66.02,64.56
05/18/2022,65.83,"1,475,975",66.76,67.04,65.68
05/17/2022,66.66,"2,077,526",67.02,67.02,65.76
05/16/2022,66.59,"2,520,680",65.93,67.03,65.54
05/13/2022,65.46,"3,002,716",65.67,65.85,64.765
05/12/2022,64.86,"4,459,745",66.05,67.32,64.33
05/11/2022,68.42,"1,696,285",67.64,69.39,67.5
05/10/2022,67.49,"2,717,347",69.36,70.67,66.82
05/09/2022,70.06,"2,633,054",70.06,70.8,69.14
05/06/2022,70.3,"1,588,087",68.63,70.47,68.63
05/05/2022,68.82,"1,335,028",70.24,70.675,68.22
05/04/2022,70.36,"1,998,706",68.26,70.59,68.26
05/03/2022,68.42,"2,083,092",68.53,69.71,68.07
05/02/2022,67.91,"2,122,066",69.25,69.62,67.26
04/29/2022,68.79,"2,571,997",70.61,70.65,68.69
04/28/2022,70.8,"1,427,904",70.79,71.4,70.13
04/27/2022,70.41,"1,626,333",70.46,71.06,69.82
04/26/2022,70.23,"1,462,639",70.89,71.66,70.15
04/25/2022,71.27,"1,663,810",71.87,72.0,69.98
04/22/2022,71.62,"1,275,412",72.61,72.69,71.54
04/21/2022,72.71,"1,112,108",72.56,73.32,72.27
04/20/2022,72.75,"1,179,181",72.52,73.065,72.37
04/19/2022,71.81,"1,173,065",71.89,72.33,71.7
04/18/2022,71.75,"900,177",72.09,72.45,71.425
04/14/2022,71.84,"1,017,534",72.49,72.64,71.81
04/13/2022,72.46,"2,114,313",71.89,72.62,71.43
04/12/2022,71.88,"1,645,234",70.85,72.02,70.57
04/11/2022,70.8,"2,246,617",72.03,72.03,70.65
04/08/2022,71.95,"2,260,338",71.26,72.03,70.74
04/07/2022,70.69,"1,744,670",71.45,71.45,70.17
04/06/2022,71.54,"1,812,880",70.39,71.56,70.04
04/05/2022,70.29,"1,626,118",70.97,71.94,70.05
04/04/2022,70.8,"1,441,770",70.66,70.86,69.78
04/01/2022,71.04,"1,945,072",70.25,71.07,69.38
03/31/2022,70.1,"3,184,962",69.15,70.39,68.945
03/30/2022,69.46,"1,265,284",69.3,69.47,68.87
03/29/2022,69.73,"1,229,806",69.38,69.75,68.6612
03/28/2022,69.21,"1,305,335",68.81,69.2199,68.37
03/25/2022,68.79,"2,226,580",67.24,68.91,66.98
03/24/2022,66.96,"2,875,777",66.69,67.47,66.53
03/23/2022,66.6,"2,657,017",65.95,66.73,65.74
03/22/2022,65.94,"2,187,866",65.85,66.275,65.35
03/21/2022,65.44,"1,405,985",64.91,65.53,64.67
03/18/2022,64.65,"5,133,216",65.95,66.29,64.54
03/17/2022,66.19,"1,409,770",66.3,66.84,65.92
03/16/2022,66.31,"1,864,194",66.25,66.79,65.41
03/15/2022,66.13,"1,375,001",65.27,66.19,64.94
03/14/2022,64.62,"1,301,519",65.53,65.807,64.34
03/11/2022,64.79,"1,085,223",65.77,66.18,64.71
03/10/2022,65.76,"903,693",65.14,65.94,65.1301
03/09/2022,65.47,"1,601,017",65.8,66.27,65.42
03/08/2022,65.17,"1,358,892",66.36,66.56,65.15
03/07/2022,66.19,"1,676,438",65.75,66.46,65.12
03/04/2022,65.59,"2,034,315",65.0,65.66,64.44
03/03/2022,65.25,"2,603,744",64.72,65.47,64.63
03/02/2022,64.49,"2,393,999",63.95,65.19,63.71
03/01/2022,63.65,"2,216,198",63.4,64.32,62.88
02/28/2022,63.42,"2,901,053",62.25,63.71,61.97
02/25/2022,62.35,"2,452,637",59.75,62.554,59.5
02/24/2022,59.16,"1,859,398",58.78,59.22,57.86
02/23/2022,59.02,"1,222,477",60.05,60.39,58.98
02/22/2022,60.08,"1,874,140",60.14,60.675,59.67
02/18/2022,59.94,"4,279,017",60.08,60.48,59.75
02/17/2022,60.25,"1,872,451",59.93,60.58,59.56
02/16/2022,59.92,"1,756,031",59.92,60.37,59.39
02/15/2022,59.84,"1,916,480",60.36,60.62,59.42
02/14/2022,60.06,"1,546,898",60.35,60.46,59.37
02/11/2022,60.25,"1,473,236",60.72,61.445,60.06
02/10/2022,60.57,"2,658,260",61.22,61.72,60.34
02/09/2022,61.77,"1,187,431",61.89,62.14,61.54
02/08/2022,61.54,"1,795,415",61.91,62.07,61.305
02/07/2022,61.56,"1,649,153",61.06,61.71,60.945
02/04/2022,61.16,"1,646,441",60.88,61.65,60.36
02/03/2022,61.39,"1,504,953",61.82,62.14,61.39
02/02/2022,61.91,"2,195,823",61.6,62.12,61.53
02/01/2022,61.67,"3,126,588",62.91,63.48,61.32
01/31/2022,62.79,"5,688,558",61.73,63.02,61.5
01/28/2022,62.02,"2,728,016",61.24,62.4104,61.18
01/27/2022,61.5,"1,790,302",62.63,62.99,61.235
01/26/2022,62.11,"1,943,434",62.03,62.935,61.53
01/25/2022,61.77,"2,154,098",61.48,62.22,61.15
01/24/2022,62.27,"2,924,298",62.55,62.9,60.68
01/21/2022,62.98,"1,822,435",63.69,63.69,62.82
01/20/2022,63.38,"1,791,554",63.63,64.44,63.2
01/19/2022,63.5,"1,856,993",63.7,64.44,63.49
01/18/2022,63.75,"2,898,575",63.45,64.26,62.67
01/14/2022,63.75,"2,617,721",63.83,64.25,62.949
01/13/2022,64.07,"2,874,759",64.3,64.715,63.92
01/12/2022,64.43,"2,093,569",64.0,64.83,63.77
01/11/2022,64.36,"1,767,980",65.62,65.8299,64.24
01/10/2022,65.64,"2,701,423",65.0,65.69,64.61
01/07/2022,65.0,"3,703,218",64.43,65.67,63.88
01/06/2022,64.62,"2,482,747",65.13,65.64,64.45
01/05/2022,65.2,"3,346,216",66.47,66.55,65.1
01/04/2022,66.67,"2,403,929",67.52,68.01,66.6
01/03/2022,67.51,"1,579,428",68.34,68.34,66.55
12/31/2021,68.25,"1,048,403",67.76,68.62,67.61
12/30/2021,67.63,"1,764,097",67.53,67.74,66.59
12/29/2021,68.44,"1,050,724",68.24,68.58,67.93
12/28/2021,68.2,"693,768",67.52,68.27,67.51
12/27/2021,67.62,"596,130",67.67,67.875,67.13
12/23/2021,67.67,"879,436",67.42,68.015,67.42
12/22/2021,67.62,"1,223,940",67.21,67.78,67.12
12/21/2021,67.24,"1,731,924",67.52,68.07,66.86
12/20/2021,67.14,"3,001,297",66.31,67.17,65.64
12/17/2021,66.7,"4,836,739",67.69,68.07,66.53
12/16/2021,67.96,"1,672,200",67.33,68.3,67.24
12/15/2021,67.3,"2,030,563",66.53,67.345,66.41
12/14/2021,66.35,"1,737,541",66.96,67.38,66.21
12/13/2021,66.88,"1,911,483",66.78,67.22,66.4038
12/10/2021,67.06,"1,484,539",67.03,67.55,66.65
12/09/2021,66.51,"2,022,553",66.65,67.185,66.12
12/08/2021,66.87,"1,958,053",67.28,67.56,66.83
12/07/2021,67.26,"2,382,289",68.04,68.37,67.18
12/06/2021,68.18,"2,467,805",67.56,68.36,67.43
12/03/2021,66.61,"2,423,104",66.0,66.67,65.44
12/02/2021,65.49,"2,975,207",65.68,66.44,65.36
12/01/2021,65.62,"2,952,394",65.87,66.42,65.25
11/30/2021,65.28,"4,362,203",65.67,65.77,64.96
11/29/2021,66.07,"2,051,032",65.33,66.24,64.94
11/26/2021,64.94,"965,440",65.31,65.65,64.61
11/24/2021,66.15,"1,746,916",65.75,66.21,65.27
11/23/2021,65.52,"2,179,253",64.99,65.72,64.91
11/22/2021,64.89,"1,858,564",64.66,65.54,64.59
11/19/2021,64.9,"1,923,308",64.66,65.41,64.16
11/18/2021,64.6,"2,190,448",64.49,64.7,63.86
11/17/2021,64.46,"1,964,324",63.52,64.56,63.19
11/16/2021,63.77,"1,607,959",64.6,64.6,63.725
11/15/2021,64.58,"1,928,274",64.7,65.29,64.4
11/12/2021,64.24,"1,114,108",65.13,65.32,64.14
11/11/2021,65.22,"2,435,894",65.21,65.54,64.6
11/10/2021,65.46,"2,860,322",64.7,65.61,64.44
11/09/2021,64.6,"4,093,381",64.26,65.14,63.81
11/08/2021,64.07,"3,263,083",64.03,64.17,63.15
11/05/2021,64.05,"3,085,509",63.46,64.2,63.15
11/04/2021,63.04,"3,716,299",62.44,63.12,62.03
11/03/2021,62.8,"4,351,033",61.81,62.81,61.1518
11/02/2021,63.54,"3,139,892",63.42,63.65,62.59
11/01/2021,63.3,"1,748,710",62.96,63.38,62.73
10/29/2021,62.93,"3,686,313",62.6,63.05,62.475
10/28/2021,62.8,"1,743,385",62.24,62.84,62.096
10/27/2021,62.21,"1,706,428",61.7,62.28,61.58
10/26/2021,61.47,"1,574,871",61.18,61.887,60.93
10/25/2021,61.1,"1,851,412",60.48,61.37,60.24
10/22/2021,60.45,"1,428,241",59.4,60.49,59.3
10/21/2021,59.3,"1,328,636",58.77,59.34,58.65
10/20/2021,58.95,"1,494,124",57.76,58.99,57.71
10/19/2021,57.52,"1,587,583",57.59,57.94,57.17
10/18/2021,57.16,"1,612,478",56.88,57.5459,56.6
10/15/2021,57.35,"2,347,656",56.75,57.59,56.75
10/14/2021,56.6,"1,606,961",56.61,56.72,56.31
10/13/2021,56.42,"1,389,795",55.68,56.6,55.39
10/12/2021,55.53,"1,860,073",55.96,56.21,55.355
10/11/2021,56.09,"1,732,919",57.12,57.25,55.95
10/08/2021,57.14,"1,320,589",57.14,57.5,56.96
10/07/2021,57.12,"2,179,962",56.6,58.0,56.43
10/06/2021,56.61,"1,197,479",55.34,56.64,55.1
10/05/2021,55.68,"1,194,284",56.26,56.59,55.58
10/04/2021,56.23,"1,645,287",55.04,56.38,55.04
10/01/2021,55.04,"1,721,539",55.95,55.95,54.98
09/30/2021,55.47,"2,145,653",56.37,56.54,55.43
09/29/2021,56.43,"1,808,599",56.46,57.01,56.23
09/28/2021,57.12,"2,042,173",57.83,58.04,56.85
09/27/2021,57.7,"2,018,109",57.76,58.655,57.55
09/24/2021,57.57,"1,267,556",57.66,57.9008,57.39
09/23/2021,57.61,"1,534,091",58.57,58.89,57.6
09/22/2021,58.35,"1,570,150",58.18,58.805,57.82
09/21/2021,57.72,"1,217,764",57.67,58.23,57.62
09/20/2021,57.59,"2,009,223",57.07,58.19,57.02
09/17/2021,57.75,"3,476,264",57.4,58.52,57.4
09/16/2021,57.54,"1,623,290",58.91,59.01,57.5
09/15/2021,59.04,"1,265,947",58.4,59.32,58.2
09/14/2021,58.48,"1,434,806",59.2,59.26,58.25
09/13/2021,59.06,"1,336,775",58.66,59.58,58.55
09/10/2021,58.13,"2,069,569",58.6,58.73,58.04
09/09/2021,58.66,"1,570,847",58.55,58.85,58.4925
09/08/2021,59.09,"1,420,285",58.67,59.69,58.39
09/07/2021,58.63,"1,443,017",58.57,58.96,57.97
09/03/2021,58.65,"924,513",59.01,59.12,58.4601
09/02/2021,59.13,"1,040,173",58.49,59.14,58.27
09/01/2021,58.24,"1,324,884",58.13,58.6391,57.715
08/31/2021,57.84,"2,297,673",57.51,57.975,57.28
08/30/2021,57.53,"1,577,134",57.53,57.7398,57.2
08/27/2021,57.53,"1,616,944",57.66,57.955,57.27
08/26/2021,57.66,"2,131,770",58.37,58.37,57.435
08/25/2021,58.38,"1,358,957",58.86,59.03,58.23
08/24/2021,58.95,"1,403,566",59.35,59.35,58.59
08/23/2021,59.16,"1,815,399",59.67,59.7787,58.94
08/20/2021,59.53,"1,490,369",58.08,59.63,57.72
08/19/2021,58.2,"2,674,884",58.58,59.33,57.94
08/18/2021,58.57,"2,052,481",57.7,58.66,57.39
08/17/2021,57.59,"1,330,840",57.01,57.6,56.86
08/16/2021,57.28,"1,270,440",57.14,57.98,56.83
08/13/2021,57.0,"1,531,895",57.3,57.3,56.82
08/12/2021,57.03,"1,181,606",57.1,57.34,56.735
08/11/2021,57.14,"1,736,370",55.99,57.2,55.83
08/10/2021,55.88,"1,366,047",55.43,56.27,55.18
08/09/2021,55.44,"1,291,700",55.15,55.59,55.07
08/06/2021,55.07,"1,450,965",55.46,55.46,55.0
08/05/2021,55.23,"1,475,636",54.83,55.54,54.67
08/04/2021,54.86,"1,565,286",55.0,55.13,54.27
08/03/2021,55.39,"1,922,287",55.15,55.52,54.58
08/02/2021,55.1,"1,737,251",54.69,56.0,54.69
07/30/2021,54.5,"4,615,639",56.94,57.25,54.14
07/29/2021,57.22,"1,581,932",57.15,57.54,56.62
07/28/2021,56.82,"1,384,920",57.01,57.55,56.35
07/27/2021,57.15,"2,864,820",55.26,57.2,55.0
07/26/2021,55.49,"3,255,110",56.17,56.54,54.85
07/23/2021,56.23,"1,925,289",55.9,56.35,55.59
07/22/2021,55.9,"1,353,324",56.08,56.275,55.68
07/21/2021,56.2,"1,523,342",57.06,57.55,56.17
07/20/2021,56.85,"2,024,331",56.16,57.225,56.14
07/19/2021,56.19,"2,757,798",57.68,57.75,55.36
07/16/2021,57.99,"1,970,358",57.89,58.655,57.76
07/15/2021,57.66,"1,873,434",57.01,57.71,56.77
07/14/2021,57.24,"2,515,198",57.19,57.48,56.53
07/13/2021,57.31,"2,824,092",57.81,57.87,56.92
07/12/2021,58.2,"1,441,219",58.13,58.3,57.77
07/09/2021,58.28,"1,487,921",57.92,58.355,57.64
07/08/2021,57.52,"2,035,797",57.5,57.71,57.201
07/07/2021,57.65,"1,456,830",57.36,57.68,56.94
07/06/2021,57.37,"1,929,720",57.05,57.41,56.62
07/02/2021,57.05,"1,560,225",57.34,57.37,56.69
07/01/2021,57.91,"2,702,383",57.43,58.03,57.066
06/30/2021,57.82,"1,985,502",57.5,58.08,57.445
06/29/2021,57.42,"2,510,179",57.65,58.33,57.28
06/28/2021,57.63,"2,358,985",57.02,57.71,56.53
06/25/2021,57.0,"3,778,228",55.21,57.01,55.17
06/24/2021,55.28,"1,629,460",55.0,55.415,54.79
06/23/2021,55.01,"1,453,874",55.47,55.685,54.68
06/22/2021,55.66,"1,983,211",55.93,56.31,55.62
06/21/2021,56.1,"2,345,478",56.03,56.29,55.42
06/18/2021,55.58,"3,978,359",56.45,57.23,55.57
06/17/2021,56.98,"1,666,067",57.73,58.0,56.96
06/16/2021,57.78,"1,766,150",58.94,59.21,57.78
06/15/2021,58.59,"2,678,548",58.74,59.11,58.38
06/14/2021,58.68,"2,670,271",58.43,58.95,58.18
06/11/2021,57.97,"1,757,501",57.54,58.09,57.36
06/10/2021,57.49,"2,112,251",56.98,57.64,56.82
06/09/2021,56.89,"1,766,106",56.9,57.14,56.79
06/08/2021,56.79,"1,928,292",56.22,56.95,55.8
06/07/2021,56.21,"1,601,483",56.71,56.82,56.2
06/04/2021,56.47,"1,366,876",56.34,56.57,56.2699
06/03/2021,56.23,"1,554,208",56.0,56.5,55.7505
06/02/2021,56.09,"1,963,598",55.64,56.28,55.34
06/01/2021,55.62,"2,157,987",56.05,56.35,55.22
05/28/2021,55.87,"1,344,246",55.86,56.03,55.5
05/27/2021,55.42,"3,934,485",56.35,56.43,55.34
05/26/2021,56.12,"2,567,619",55.93,56.62,55.61
05/25/2021,55.75,"2,901,177",58.29,58.44,55.69
05/24/2021,58.37,"1,156,118",58.47,58.62,57.89
05/21/2021,58.17,"1,540,767",57.79,58.29,57.57
05/20/2021,57.68,"1,221,007",57.6,58.07,57.54
05/19/2021,57.64,"1,521,119",57.36,57.71,56.89
05/18/2021,57.56,"2,548,585",57.41,57.78,56.965
05/17/2021,57.77,"1,088,664",58.35,58.525,57.71
05/14/2021,58.39,"1,401,812",58.42,58.98,58.23
05/13/2021,58.32,"1,527,403",56.8,58.6095,56.66
05/12/2021,56.81,"1,889,808",58.87,58.9,56.81
05/11/2021,58.63,"1,662,886",58.93,59.12,58.03
05/10/2021,58.99,"1,889,292",59.0,59.73,58.83
05/07/2021,58.58,"1,839,160",58.67,59.64,58.54
05/06/2021,58.91,"1,978,229",58.44,58.985,57.96
05/05/2021,58.24,"1,189,597",59.37,59.445,57.64
05/04/2021,59.61,"1,710,633",59.62,59.775,58.68
05/03/2021,59.38,"2,380,625",59.61,60.3201,59.34
04/30/2021,59.45,"2,061,733",59.04,59.45,58.6901
04/29/2021,58.86,"1,338,703",58.54,59.38,58.365
04/28/2021,58.4,"2,250,022",58.6,58.8,57.62
04/27/2021,58.5,"1,440,556",58.72,58.8899,58.48
04/26/2021,58.87,"1,504,427",59.16,59.19,58.64
04/23/2021,59.19,"1,557,789",59.64,59.76,58.93
04/22/2021,59.48,"1,611,949",61.15,61.245,59.47
04/21/2021,61.15,"1,872,510",61.42,61.75,60.86
04/20/2021,61.52,"1,522,711",60.97,61.73,60.97
04/19/2021,61.12,"961,679",61.53,61.67,60.81
04/16/2021,61.36,"1,425,080",61.73,61.75,61.18
04/15/2021,61.44,"1,329,228",60.89,61.44,60.6
04/14/2021,61.05,"1,446,344",60.17,61.06,60.17
04/13/2021,60.37,"1,244,946",59.34,60.64,59.29
04/12/2021,59.84,"1,580,496",59.71,60.145,59.54
04/09/2021,59.71,"1,591,346",60.33,60.46,59.52
04/08/2021,60.33,"1,617,006",60.01,60.4,59.82
04/07/2021,59.96,"1,340,495",60.25,60.64,59.545
04/06/2021,60.22,"1,604,788",59.53,60.23,59.27
04/05/2021,59.81,"1,592,408",58.83,60.71,58.66
04/01/2021,58.29,"3,226,003",58.5,58.77,57.955
03/31/2021,58.6,"3,008,877",59.58,59.68,58.52
03/30/2021,59.44,"1,664,486",59.59,59.61,59.02
03/29/2021,60.42,"1,663,742",60.36,60.98,60.03
03/26/2021,60.68,"961,303",60.49,60.73,59.86
03/25/2021,60.32,"2,529,252",60.14,60.42,59.57
03/24/2021,59.93,"1,917,989",58.7,60.35,58.7
03/23/2021,59.05,"2,426,368",59.1,59.78,58.74
03/22/2021,59.18,"2,134,891",58.91,59.27,58.49
03/19/2021,59.47,"6,412,509",58.67,60.28,58.52
03/18/2021,58.56,"1,928,270",59.54,59.74,58.55
03/17/2021,59.54,"1,494,805",59.74,60.23,59.46
03/16/2021,59.56,"1,159,481",59.1,59.62,59.07
03/15/2021,59.57,"1,305,838",58.47,59.92,58.47
03/12/2021,58.22,"1,586,907",57.87,58.38,57.695
03/11/2021,57.51,"1,442,732",57.74,58.88,57.37
03/10/2021,58.22,"2,590,051",57.7,58.26,57.11
03/09/2021,57.46,"6,318,971",57.41,57.81,56.84
03/08/2021,57.39,"2,926,581",57.91,58.32,57.36
03/05/2021,57.7,"2,615,212",57.37,58.39,57.04
03/04/2021,57.02,"3,795,361",56.25,57.52,55.71
03/03/2021,55.8,"3,506,925",54.73,56.2,54.38
03/02/2021,54.9,"1,672,711",54.86,55.44,54.26
03/01/2021,54.91,"1,650,867",54.6,56.05,54.53
02/26/2021,53.99,"2,913,851",55.47,56.13,53.92
02/25/2021,55.66,"2,221,824",56.31,56.76,55.39
02/24/2021,56.47,"1,883,994",55.69,56.79,55.29
02/23/2021,55.92,"2,760,012",55.98,56.64,55.38
02/22/2021,55.35,"2,583,615",55.16,55.59,54.61
02/19/2021,55.22,"3,288,760",55.75,56.16,55.2
02/18/2021,55.69,"3,642,935",56.15,56.2825,55.63
02/17/2021,56.49,"2,621,011",57.11,57.11,56.1
02/16/2021,56.98,"2,538,255",57.97,58.43,56.96
02/12/2021,57.91,"1,207,519",58.15,58.47,57.3449
02/11/2021,58.34,"886,881",58.53,58.71,58.26
02/10/2021,58.53,"2,089,557",58.13,58.98,57.92
02/09/2021,57.78,"2,186,733",57.76,57.94,56.73
02/08/2021,57.73,"1,495,259",58.55,58.56,57.38
02/05/2021,58.65,"2,124,822",59.36,59.36,58.47
02/04/2021,58.89,"2,327,162",59.03,59.375,58.565
02/03/2021,58.93,"2,442,944",58.88,59.46,58.81
02/02/2021,59.17,"1,548,759",58.05,59.66,57.83
02/01/2021,58.01,"1,077,934",58.11,58.49,57.55
01/29/2021,58.16,"1,707,888",58.46,58.89,57.68
01/28/2021,58.89,"1,857,856",57.34,59.96,57.25
01/27/2021,57.0,"2,810,731",58.57,59.04,56.93
01/26/2021,59.1,"2,076,429",59.5,59.83,58.81
01/25/2021,59.4,"1,672,008",59.07,60.03,58.97
01/22/2021,59.3,"1,911,352",59.0,59.53,58.53
01/21/2021,59.33,"1,378,153",59.87,60.41,59.28
01/20/2021,60.22,"1,801,633",60.21,60.52,59.75
01/19/2021,60.87,"1,877,551",62.05,62.3,60.78
01/15/2021,61.87,"1,580,936",61.32,62.0,60.2
01/14/2021,61.63,"1,373,996",63.3,63.39,61.57
01/13/2021,63.2,"997,692",62.47,63.59,62.25
01/12/2021,62.51,"2,531,863",61.58,63.5,61.58
01/11/2021,61.67,"971,291",62.18,62.3587,61.16
01/08/2021,62.3,"1,430,502",62.19,62.43,61.71
01/07/2021,62.05,"1,556,587",62.81,62.88,61.51
01/06/2021,62.62,"1,745,225",61.83,63.065,61.1
01/05/2021,60.81,"1,215,959",60.67,60.94,59.91
01/04/2021,60.49,"1,628,204",62.76,62.94,60.05
12/31/2020,62.82,"943,907",61.8,62.89,61.46
12/30/2020,61.63,"911,329",61.56,62.135,61.46
12/29/2020,62.18,"847,585",62.68,63.02,61.96
12/28/2020,62.45,"805,020",62.3,63.17,62.16
12/24/2020,62.19,"382,290",61.73,62.23,61.015
12/23/2020,61.3,"1,526,443",61.67,62.12,61.29
12/22/2020,61.32,"1,043,376",61.82,61.82,60.97
12/21/2020,61.88,"2,180,650",61.73,62.25,60.45
12/18/2020,62.54,"3,717,912",62.91,63.47,62.01
12/17/2020,62.9,"1,424,685",62.86,63.33,62.725
12/16/2020,62.7,"1,512,696",63.66,63.83,62.56
12/15/2020,63.76,"1,860,843",62.49,63.78,62.37
12/14/2020,62.26,"1,413,594",63.0,63.3,62.18
12/11/2020,62.8,"1,640,572",62.89,63.4213,62.62
12/10/2020,62.88,"1,400,128",63.0,63.01,62.22
12/09/2020,62.91,"1,434,868",62.09,63.005,62.08
12/08/2020,61.89,"1,467,132",61.43,62.2,61.34
12/07/2020,61.94,"1,449,003",61.3,62.19,61.13
12/04/2020,61.83,"1,173,031",61.76,62.15,61.15
12/03/2020,61.54,"1,917,487",62.05,62.76,61.4
12/02/2020,62.19,"1,739,992",62.04,62.21,61.07
12/01/2020,62.09,"1,514,522",61.88,63.1,61.84
11/30/2020,61.36,"2,684,389",62.38,62.43,60.89
11/27/2020,62.79,"968,285",63.67,63.89,62.51
11/25/2020,63.71,"2,866,741",64.92,65.05,63.14
11/24/2020,65.45,"1,737,328",64.99,65.74,64.61
11/23/2020,64.15,"2,692,809",63.56,64.38,63.15
11/20/2020,63.38,"2,986,994",63.71,64.155,63.0
11/19/2020,63.62,"2,676,396",64.15,64.5,63.0901
11/18/2020,64.54,"1,623,989",66.01,66.68,64.46
11/17/2020,65.6,"1,468,659",64.77,66.545,64.6385
11/16/2020,65.17,"1,862,597",64.99,65.3973,64.02
11/13/2020,64.06,"1,457,576",63.0,64.7525,62.905
11/12/2020,62.79,"1,977,846",62.48,63.37,61.77
11/11/2020,62.9,"1,304,345",63.12,63.705,62.74
11/10/2020,62.72,"3,126,736",61.14,63.2275,60.86
11/09/2020,60.76,"2,624,926",61.93,63.23,58.92
11/06/2020,58.32,"1,476,147",59.21,59.7,58.01
11/05/2020,59.38,"1,610,445",58.11,59.71,57.99
11/04/2020,57.43,"1,399,150",57.93,59.42,57.39
11/03/2020,58.41,"1,440,494",58.14,59.25,58.09
11/02/2020,57.55,"1,271,168",56.4,57.59,56.0
10/30/2020,56.04,"1,654,696",55.85,56.55,54.83
10/29/2020,56.07,"2,426,318",56.12,56.78,55.06
10/28/2020,56.56,"2,402,909",58.0,59.09,56.54
10/27/2020,57.81,"2,066,129",57.99,58.5486,57.32
10/26/2020,58.19,"3,642,082",59.98,60.11,56.18
10/23/2020,60.49,"1,849,403",60.42,60.86,60.0301
10/22/2020,59.89,"1,473,157",59.03,60.08,58.59
10/21/2020,59.05,"2,203,170",59.5,59.79,58.94
10/20/2020,59.75,"2,137,750",58.86,59.99,58.51
10/19/2020,58.26,"1,503,659",57.96,58.35,57.45
10/16/2020,58.11,"2,308,546",56.82,58.55,56.62
10/15/2020,56.81,"1,283,508",55.61,57.445,55.53
10/14/2020,56.24,"1,093,745",56.34,56.84,55.65
10/13/2020,56.28,"1,372,377",55.7,56.43,55.53
10/12/2020,56.27,"1,426,223",56.16,56.59,55.655
10/09/2020,56.09,"1,666,430",56.6,56.73,55.78
10/08/2020,56.1,"2,571,738",54.98,56.13,54.95
10/07/2020,54.94,"1,899,381",54.11,55.17,54.07
10/06/2020,53.86,"2,596,963",52.7,55.12,52.305
10/05/2020,52.61,"2,888,808",51.76,52.86,51.59
10/02/2020,51.5,"2,784,321",50.14,51.55,50.0
10/01/2020,50.44,"2,262,987",50.8,51.14,50.26
09/30/2020,50.84,"2,425,962",51.44,51.63,50.515
09/29/2020,51.02,"1,335,075",51.42,51.7,50.93
09/28/2020,51.89,"2,674,894",52.01,52.64,51.4699
09/25/2020,51.65,"2,489,434",50.31,51.73,50.2
09/24/2020,50.84,"3,134,905",49.4,51.09,48.94
09/23/2020,49.3,"2,637,746",50.47,50.61,48.47
09/22/2020,50.42,"3,085,832",49.59,50.78,49.44
09/21/2020,49.7,"3,093,589",50.74,50.85,49.15
09/18/2020,51.42,"4,879,984",52.39,52.93,51.19
09/17/2020,52.63,"2,977,817",52.08,52.68,51.59
09/16/2020,52.54,"3,959,338",51.42,52.89,51.37
09/15/2020,51.51,"1,882,404",51.87,52.86,51.22
09/14/2020,51.65,"1,798,297",50.82,51.77,50.51
09/11/2020,50.63,"2,650,092",50.62,50.64,49.9
09/10/2020,50.5,"2,892,004",51.42,51.57,50.5
09/09/2020,51.54,"2,527,754",51.7,52.29,51.04
09/08/2020,51.37,"2,585,348",52.43,52.53,51.13
09/04/2020,52.26,"1,867,453",53.06,53.27,51.44
09/03/2020,52.96,"2,127,135",52.9,53.58,52.38
09/02/2020,52.57,"2,443,607",51.94,52.89,51.72
09/01/2020,51.81,"1,682,177",52.15,52.27,51.525
08/31/2020,52.48,"2,415,620",51.88,52.64,51.82
08/28/2020,52.17,"1,776,407",52.12,52.28,51.59
08/27/2020,51.75,"1,691,738",51.25,51.98,51.16
08/26/2020,51.09,"1,630,456",51.68,51.77,50.68
08/25/2020,52.0,"1,297,477",52.39,52.48,51.6
08/24/2020,52.34,"1,416,311",51.36,52.37,50.93
08/21/2020,51.26,"2,423,510",51.43,51.46,50.39
08/20/2020,51.24,"2,059,664",51.89,52.135,50.97
08/19/2020,52.25,"2,367,202",51.63,52.67,51.22
08/18/2020,51.49,"2,447,316",51.83,52.03,51.1
08/17/2020,51.78,"2,376,699",52.62,52.74,51.45
08/14/2020,52.69,"2,432,955",53.27,53.51,52.28
08/13/2020,53.61,"2,763,671",54.42,54.42,52.62
08/12/2020,54.53,"2,054,316",54.0,54.68,53.2
08/11/2020,53.58,"1,558,512",53.97,54.87,53.4
08/10/2020,54.25,"1,470,777",54.69,55.17,54.2
08/07/2020,54.61,"1,663,709",53.68,55.105,53.67
08/06/2020,53.87,"1,735,298",53.58,53.955,53.15
08/05/2020,53.61,"1,622,420",54.8,54.8,53.36
08/04/2020,54.7,"1,672,687",53.62,55.34,53.62
08/03/2020,53.93,"2,735,356",55.33,55.37,53.5
07/31/2020,55.67,"3,482,189",54.47,55.73,54.47
07/30/2020,54.87,"2,131,519",53.37,55.065,53.02
07/29/2020,53.78,"2,335,338",54.72,55.18,53.16
07/28/2020,55.11,"1,887,029",53.2,55.73,53.2
07/27/2020,53.16,"3,744,301",55.76,55.93,52.9
07/24/2020,56.02,"1,654,196",56.72,57.25,55.57
07/23/2020,56.66,"1,333,101",56.69,57.13,56.05
07/22/2020,56.71,"1,780,659",55.73,56.99,55.44
07/21/2020,55.95,"2,140,676",55.16,56.345,54.925
07/20/2020,54.89,"2,044,797",55.98,56.0,54.765
07/17/2020,56.36,"1,784,825",56.5,56.64,55.93
07/16/2020,56.09,"1,598,320",55.36,56.63,55.14
07/15/2020,55.28,"2,507,143",57.33,57.59,55.06
07/14/2020,56.67,"2,884,405",56.22,57.32,55.98
07/13/2020,55.98,"2,366,871",56.0,56.37,55.11
07/10/2020,55.33,"1,213,436",53.8,55.49,53.76
07/09/2020,53.93,"2,405,885",54.13,54.325,52.56
07/08/2020,54.46,"2,004,390",54.11,54.65,53.86
07/07/2020,54.48,"2,975,361",55.52,55.645,54.3
07/06/2020,56.05,"2,647,034",56.37,56.92,55.48
07/02/2020,55.54,"1,758,128",55.5,56.29,55.2831
07/01/2020,55.33,"2,391,192",54.3,55.65,53.9
06/30/2020,54.31,"4,974,442",55.43,56.71,54.07
06/29/2020,55.34,"3,852,635",55.41,55.41,54.26
06/26/2020,54.82,"5,428,776",55.2,56.22,54.28
06/25/2020,54.89,"4,458,306",54.19,54.98,52.91
06/24/2020,54.37,"3,650,569",55.29,55.745,54.17
06/23/2020,55.77,"4,980,192",56.49,56.5,55.01
06/22/2020,55.79,"4,036,507",55.74,56.76,55.41
06/19/2020,55.66,"9,386,850",59.82,60.05,55.66
06/18/2020,58.84,"4,389,734",59.22,60.05,57.77
06/17/2020,59.89,"4,053,581",60.82,61.23,59.55
06/16/2020,60.52,"3,631,726",61.09,62.1,59.87
06/15/2020,59.45,"3,667,379",56.37,59.61,55.65
06/12/2020,57.57,"3,089,604",58.03,58.55,56.75
06/11/2020,56.81,"3,849,983",59.15,59.435,56.13
06/10/2020,60.34,"2,376,888",61.59,61.97,60.24
06/09/2020,61.63,"3,871,905",64.06,64.19,61.26
06/08/2020,64.76,"4,205,003",61.37,64.92,61.18
06/05/2020,60.88,"4,574,807",59.7,61.87,59.26
06/04/2020,59.06,"2,505,488",60.81,61.07,58.72
06/03/2020,60.97,"2,583,401",60.38,61.5,60.29
06/02/2020,59.86,"1,766,440",59.59,60.4,59.27
06/01/2020,59.25,"2,600,711",58.28,59.71,58.28
05/29/2020,58.11,"3,121,408",57.75,58.54,57.16
05/28/2020,57.99,"3,512,027",58.25,58.3,57.33
05/27/2020,57.05,"3,067,384",57.02,57.8399,56.33
05/26/2020,56.01,"3,070,744",57.49,57.59,55.72
05/22/2020,56.43,"1,558,305",56.27,56.64,55.83
05/21/2020,56.27,"1,564,134",56.14,56.59,55.42
05/20/2020,56.26,"3,702,261",57.68,58.05,55.9
05/19/2020,57.42,"1,585,187",56.93,58.04,56.66
05/18/2020,57.18,"3,100,846",57.58,58.0,57.03
05/15/2020,55.95,"3,172,243",57.17,57.93,55.63
05/14/2020,57.52,"2,744,173",56.41,57.66,55.35
05/13/2020,57.41,"3,159,107",56.75,58.22,56.625
05/12/2020,56.41,"1,949,642",57.12,58.14,56.18
05/11/2020,56.82,"1,711,080",56.61,57.15,55.56
05/08/2020,57.05,"1,507,300",55.42,57.305,55.35
05/07/2020,54.53,"3,175,128",54.18,55.015,53.44
05/06/2020,54.04,"1,564,738",56.6,56.6,53.79
05/05/2020,56.39,"1,685,279",56.64,58.04,56.37
05/04/2020,56.33,"2,864,999",56.16,56.42,55.15
05/01/2020,55.69,"2,563,824",57.5,57.875,54.57
04/30/2020,58.71,"2,009,575",59.81,59.82,57.67
04/29/2020,60.37,"2,683,031",62.99,63.375,60.27
04/28/2020,62.19,"2,149,950",61.93,63.134,61.4
04/27/2020,60.75,"1,564,130",59.95,61.1,59.94
04/24/2020,59.25,"2,117,864",58.65,59.39,57.37
04/23/2020,58.23,"2,220,324",58.99,60.37,58.06
04/22/2020,58.99,"2,028,658",59.35,59.56,58.26
04/21/2020,58.19,"1,963,490",59.07,59.95,57.37
04/20/2020,60.01,"2,435,343",61.3,61.75,60.0
04/17/2020,62.06,"2,434,566",61.01,62.41,59.83
04/16/2020,59.82,"3,193,906",58.0,60.67,58.0
04/15/2020,57.88,"2,208,557",58.48,59.49,57.52
04/14/2020,59.86,"2,695,689",60.64,60.92,58.395
04/13/2020,59.39,"2,521,653",59.68,59.99,58.01
04/09/2020,60.27,"3,753,173",58.32,61.9,58.16
04/08/2020,57.57,"3,118,820",54.28,58.32,53.77
04/07/2020,54.03,"2,094,890",55.01,55.58,53.3
04/06/2020,53.17,"4,539,923",51.6,55.0,51.4914
04/03/2020,49.36,"3,612,749",50.96,51.93,48.325
04/02/2020,51.53,"2,032,439",50.01,53.2,50.01
04/01/2020,51.27,"2,219,793",52.27,54.22,49.8
03/31/2020,54.79,"2,192,430",56.44,56.44,54.1001
03/30/2020,56.31,"2,756,487",55.71,57.17,54.43
03/27/2020,55.36,"2,840,131",55.1,57.57,54.18
03/26/2020,57.73,"3,211,470",54.13,59.55,53.85
03/25/2020,53.82,"3,338,325",50.03,56.79,50.03
03/24/2020,50.38,"2,995,137",46.33,51.2,45.97
03/23/2020,44.47,"3,527,886",46.46,48.42,44.14
03/20/2020,46.86,"4,052,682",48.87,51.57,46.56
03/19/2020,48.76,"3,083,514",48.51,49.28,45.0
03/18/2020,49.04,"5,257,155",48.41,50.82,45.78
03/17/2020,51.36,"4,838,486",47.04,53.96,45.55
03/16/2020,46.15,"4,654,018",48.47,51.11,43.63
03/13/2020,53.25,"4,280,683",54.94,55.35,49.78
03/12/2020,52.43,"4,432,223",56.04,56.55,51.28
03/11/2020,59.74,"3,380,093",62.08,62.08,58.63
03/10/2020,63.89,"5,080,192",62.56,64.05,60.2
03/09/2020,61.76,"3,728,347",65.24,66.44,61.76
03/06/2020,67.59,"3,461,314",67.45,68.205,66.17
03/05/2020,69.01,"2,115,214",69.53,71.07,68.505
03/04/2020,70.16,"4,519,546",68.81,70.17,68.14
03/03/2020,68.3,"4,350,730",69.81,71.82,67.91
03/02/2020,70.44,"3,847,754",67.53,70.47,67.11
02/28/2020,67.19,"5,410,625",68.58,68.94,65.26
02/27/2020,70.25,"2,110,180",74.01,74.21,69.85
02/26/2020,74.31,"1,679,399",75.06,75.85,74.26
02/25/2020,75.08,"1,652,108",76.41,76.81,74.76
02/24/2020,76.32,"1,403,965",77.75,77.81,76.31
02/21/2020,77.57,"1,441,484",77.2,78.53,77.04
02/20/2020,77.32,"1,498,916",76.57,77.42,76.505
02/19/2020,76.64,"1,671,308",77.16,78.07,76.405
02/18/2020,77.12,"1,707,564",77.38,77.57,76.895
02/14/2020,77.14,"1,323,641",77.45,77.52,76.905
02/13/2020,77.37,"1,534,798",77.67,77.95,76.6
02/12/2020,77.5,"1,462,226",77.89,78.09,77.28
02/11/2020,78.0,"1,630,663",78.49,78.93,77.94
02/10/2020,78.2,"1,047,628",77.21,78.31,76.73
02/07/2020,77.0,"1,195,265",76.37,77.32,76.21
02/06/2020,76.29,"1,329,535",77.42,77.61,76.22
02/05/2020,77.33,"1,695,388",75.76,77.67,75.58
02/04/2020,75.47,"2,916,515",77.94,77.94,75.08
02/03/2020,77.66,"1,315,403",76.76,77.85,76.59
01/31/2020,76.55,"2,950,530",76.55,77.39,76.31
01/30/2020,76.67,"1,318,147",76.8,77.01,76.5
01/29/2020,76.98,"1,239,609",76.78,77.215,76.54
01/28/2020,76.8,"1,587,507",76.37,77.25,76.37
01/27/2020,76.21,"1,475,679",76.97,77.38,76.02
01/24/2020,76.92,"1,535,097",77.48,77.99,76.74
01/23/2020,77.69,"1,388,004",76.94,77.84,76.84
01/22/2020,77.07,"1,503,866",78.35,78.49,76.86
01/21/2020,78.2,"1,675,013",77.1,78.26,77.04
01/17/2020,76.96,"1,626,301",76.69,77.47,76.63
01/16/2020,76.56,"1,681,232",76.89,76.9999,76.295
01/15/2020,76.93,"1,983,206",75.79,77.27,75.79
01/14/2020,75.03,"2,325,834",75.29,75.66,74.62
01/13/2020,75.37,"1,243,736",75.34,75.885,75.26
01/10/2020,75.5,"1,676,924",76.14,76.495,75.11
01/09/2020,76.14,"1,414,175",75.73,76.21,75.41
01/08/2020,75.74,"1,886,209",76.15,76.825,75.68
01/07/2020,75.86,"1,615,836",75.13,76.2,74.84
01/06/2020,75.13,"1,360,126",74.76,75.19,74.2525
01/03/2020,74.78,"1,459,386",74.32,74.87,74.13
01/02/2020,74.38,"2,521,946",74.71,75.58,74.31
12/31/2019,75.41,"1,556,551",74.69,75.47,74.61
12/30/2019,74.71,"2,004,670",74.57,74.95,73.9
12/27/2019,75.22,"1,406,260",75.44,75.49,74.71
12/26/2019,75.35,"1,044,244",75.07,75.42,74.71
12/24/2019,74.82,"572,349",74.83,75.07,74.66
12/23/2019,74.81,"1,407,947",75.0,75.84,74.62
12/20/2019,75.19,"5,259,286",73.53,75.46,73.3
12/19/2019,73.42,"2,120,533",74.52,74.6,73.32
12/18/2019,74.27,"3,719,028",73.86,74.48,72.09
12/17/2019,73.55,"2,018,949",73.78,74.17,73.17
12/16/2019,74.0,"1,944,768",72.77,74.0,72.3
12/13/2019,72.69,"2,192,410",72.0,72.97,71.26
12/12/2019,71.45,"1,535,457",71.38,71.94,71.14
12/11/2019,71.53,"2,392,346",71.57,71.93,70.875
12/10/2019,71.28,"1,525,128",71.04,71.53,70.94
12/09/2019,71.01,"1,256,991",71.66,71.66,70.875
12/06/2019,71.37,"1,811,059",71.0,71.92,71.0
12/05/2019,71.34,"2,069,757",70.99,71.945,70.83
12/04/2019,71.0,"3,479,421",71.47,72.09,70.775
12/03/2019,71.74,"2,807,621",71.78,72.53,71.39
12/02/2019,71.56,"4,371,803",68.91,71.735,68.15
11/29/2019,69.1,"2,520,106",70.15,70.41,68.67
11/27/2019,69.83,"4,465,646",69.29,70.6,68.8901
11/26/2019,69.0,"4,825,842",70.02,70.53,68.46
11/25/2019,70.28,"2,230,247",71.48,71.69,70.06
11/22/2019,71.25,"2,051,149",71.27,71.71,70.805
11/21/2019,71.01,"2,385,966",70.84,71.25,70.01
11/20/2019,70.92,"2,127,486",68.87,71.07,68.55
11/19/2019,68.86,"2,260,662",69.17,69.2408,68.41
11/18/2019,69.5,"2,505,907",70.05,70.41,69.3
11/15/2019,70.1,"2,123,721",69.66,70.35,69.07
11/14/2019,69.68,"2,398,866",68.71,70.18,68.71
11/13/2019,68.11,"1,932,368",67.12,68.57,66.66
11/12/2019,66.84,"2,235,589",66.41,67.16,66.18
11/11/2019,66.31,"1,625,761",66.4,66.535,65.75
11/08/2019,66.3,"1,675,677",65.25,66.39,64.9353
11/07/2019,65.69,"3,214,597",65.33,66.07,65.04
11/06/2019,65.67,"2,797,000",66.37,66.99,65.66
11/05/2019,66.14,"3,358,705",65.95,67.26,65.9
11/04/2019,66.18,"3,654,325",65.16,66.405,64.27
11/01/2019,65.58,"3,818,739",62.74,65.67,62.2
10/31/2019,62.9,"4,212,079",62.48,63.58,61.98
10/30/2019,62.16,"6,694,906",63.88,65.49,60.31
10/29/2019,65.4,"3,407,066",64.55,65.94,64.03
10/28/2019,64.56,"4,551,921",63.33,66.69,63.085
10/25/2019,66.05,"12,586,500",70.94,71.0,62.69
10/24/2019,72.19,"1,307,105",72.41,72.41,71.53
10/23/2019,72.42,"1,958,613",71.61,72.5,71.41
10/22/2019,71.54,"1,398,890",70.61,71.64,70.61
10/21/2019,70.49,"1,284,502",70.63,70.87,70.3
10/18/2019,70.52,"1,334,409",70.47,70.69,69.94
10/17/2019,70.56,"1,308,491",69.78,70.68,69.61
10/16/2019,69.84,"1,766,856",69.9,69.965,69.37
10/15/2019,69.89,"2,479,230",69.95,70.65,69.59
10/14/2019,70.06,"2,931,844",71.38,71.6,68.7884
10/11/2019,71.33,"3,658,717",74.09,74.47,71.13
10/10/2019,74.19,"1,665,381",74.07,74.44,73.28
10/09/2019,74.4,"1,402,080",75.08,75.23,73.975
10/08/2019,74.73,"2,148,684",74.89,75.305,74.36
10/07/2019,74.89,"1,491,465",75.47,75.71,74.51
10/04/2019,75.59,"1,867,594",74.22,75.72,73.82
10/03/2019,73.95,"2,017,242",74.54,74.59,73.48
10/02/2019,74.48,"2,147,986",73.81,74.54,72.82
10/01/2019,73.9,"1,441,705",75.25,75.75,73.84
09/30/2019,75.42,"2,812,937",75.89,75.97,74.89
09/27/2019,75.88,"2,261,113",75.79,76.01,74.94
09/26/2019,76.36,"1,591,695",75.3,76.45,75.02
09/25/2019,75.15,"1,253,271",75.32,75.54,74.73
09/24/2019,75.34,"2,863,112",74.49,75.7475,74.35
09/23/2019,74.16,"1,241,234",72.89,74.27,72.4
09/20/2019,72.74,"4,042,254",72.55,72.93,71.68
09/19/2019,72.63,"1,325,905",72.52,72.97,72.14
09/18/2019,72.07,"1,570,110",72.17,72.38,71.52
09/17/2019,71.81,"1,609,604",71.56,72.44,70.94
09/16/2019,71.48,"975,879",72.15,72.25,70.99
09/13/2019,71.93,"1,158,662",72.29,72.86,71.615
09/12/2019,72.54,"1,686,389",73.53,73.75,72.01
09/11/2019,72.8,"2,067,750",72.52,73.34,71.72
09/10/2019,72.79,"3,193,996",70.99,72.79,70.77
09/09/2019,71.12,"2,115,165",70.69,71.32,70.3
09/06/2019,70.98,"2,314,566",71.4,71.7,70.76
09/05/2019,71.31,"2,948,407",72.74,73.0,71.15
09/04/2019,73.18,"1,113,399",73.49,73.58,72.64
09/03/2019,73.4,"3,008,500",72.27,73.68,72.11
08/30/2019,72.27,"1,939,268",72.49,72.595,71.79
08/29/2019,72.23,"1,637,030",72.31,72.36,71.86
08/28/2019,71.78,"2,269,755",73.19,73.27,71.74
08/27/2019,73.33,"2,519,963",73.75,74.0,72.68
08/26/2019,73.39,"1,051,566",72.47,73.4,72.34
08/23/2019,72.11,"1,905,730",72.8,73.36,71.71
08/22/2019,72.83,"1,063,370",72.83,73.17,72.1
08/21/2019,72.98,"1,331,341",72.32,72.99,72.05
08/20/2019,72.0,"2,062,628",72.63,72.63,71.94
08/19/2019,72.65,"2,125,555",72.46,73.01,71.8
08/16/2019,72.5,"1,576,724",72.11,72.77,72.11
08/15/2019,72.07,"2,419,202",72.18,72.71,71.62
08/14/2019,71.82,"3,680,133",73.35,73.41,71.43
08/13/2019,73.21,"3,375,111",73.18,73.57,72.755
08/12/2019,73.07,"3,477,464",74.09,74.09,72.62
08/09/2019,74.38,"1,683,531",75.16,75.39,74.29
08/08/2019,75.12,"2,265,131",74.19,75.29,73.67
08/07/2019,74.19,"2,637,400",73.24,74.33,72.45
08/06/2019,73.37,"2,900,434",72.36,73.49,72.15
08/05/2019,72.51,"4,402,545",73.6,74.22,72.25
08/02/2019,73.75,"5,112,713",73.85,74.9,72.33
08/01/2019,73.88,"5,443,685",74.4,74.96,73.665
07/31/2019,74.54,"26,119,240",70.55,75.24,70.4
07/30/2019,70.27,"3,778,552",69.95,70.48,68.99
07/29/2019,70.6,"2,485,871",70.84,71.32,69.7
07/26/2019,70.95,"4,546,088",70.16,72.59,69.65
07/25/2019,70.03,"1,862,762",70.85,70.85,69.7
07/24/2019,71.02,"1,634,549",70.34,71.09,69.88
07/23/2019,70.27,"1,514,270",69.82,70.62,69.45
07/22/2019,69.68,"1,628,497",70.2,70.34,69.11
07/19/2019,70.17,"1,844,272",70.34,70.7,69.915
07/18/2019,70.78,"1,706,095",69.3,70.83,69.26
07/17/2019,69.68,"1,740,685",70.35,70.38,69.5
07/16/2019,70.1,"2,827,148",70.48,71.18,69.97
07/15/2019,70.56,"2,744,328",70.51,71.04,70.13
07/12/2019,70.64,"2,619,209",69.84,70.79,69.26
07/11/2019,69.95,"4,499,458",69.6,71.54,69.25
07/10/2019,69.62,"1,919,968",69.87,70.26,69.22
07/09/2019,69.72,"3,384,755",69.04,69.85,68.71
07/08/2019,69.29,"2,982,761",67.01,69.67,67.01
07/05/2019,67.18,"2,016,778",66.81,67.26,65.575
07/03/2019,67.69,"1,493,994",67.5,67.71,66.99
07/02/2019,67.16,"2,351,053",67.01,67.285,66.49
07/01/2019,67.06,"2,011,582",67.56,67.56,66.3
06/28/2019,67.41,"4,579,999",65.33,67.43,65.33
06/27/2019,65.12,"1,722,727",64.04,65.33,63.94
06/26/2019,63.84,"1,429,165",64.9,65.29,63.66
06/25/2019,65.06,"1,514,414",65.63,65.63,64.57
06/24/2019,65.55,"2,419,814",65.3,65.92,64.97
06/21/2019,65.41,"6,108,884",63.47,65.84,63.47
06/20/2019,63.78,"3,905,843",62.71,64.0,61.2
06/19/2019,62.36,"3,100,988",60.91,63.45,60.7839
06/18/2019,60.68,"1,905,445",60.71,61.86,60.42
06/17/2019,60.13,"1,460,482",59.46,60.67,59.235
06/14/2019,59.44,"2,019,448",59.97,60.13,58.615
06/13/2019,59.88,"1,895,628",59.61,59.98,59.06
06/12/2019,59.52,"2,318,353",60.52,60.88,59.26
06/11/2019,60.2,"1,668,797",60.84,61.26,59.75
06/10/2019,60.87,"2,190,395",62.65,62.81,60.72
06/07/2019,62.64,"1,692,205",64.02,64.36,62.5
06/06/2019,63.48,"2,294,872",64.82,64.88,63.0
06/05/2019,64.56,"3,102,853",62.22,64.58,61.74
06/04/2019,62.32,"2,017,069",61.38,62.43,60.91
06/03/2019,60.58,"1,447,681",59.89,60.66,59.51
05/31/2019,59.37,"1,864,230",59.76,59.78,58.79
05/30/2019,59.7,"2,693,178",58.97,60.76,58.67
05/29/2019,58.67,"3,144,415",58.72,59.71,58.49
05/28/2019,58.28,"3,453,556",60.9,60.945,58.28
05/24/2019,60.89,"924,707",61.95,62.03,60.8
05/23/2019,61.7,"1,616,582",60.97,61.75,60.47
05/22/2019,61.15,"1,219,279",60.65,61.315,60.4
05/21/2019,60.61,"1,144,808",60.1,61.39,59.87
05/20/2019,60.04,"1,690,985",60.09,60.5,59.9
05/17/2019,59.96,"2,101,805",59.62,60.27,59.37
05/16/2019,59.95,"1,300,606",59.95,60.49,59.7
05/15/2019,60.01,"1,155,159",60.06,60.3,59.42
05/14/2019,59.85,"1,591,714",59.97,60.7,59.66
05/13/2019,60.15,"1,924,871",59.01,60.18,58.97
05/10/2019,59.19,"2,488,034",59.69,59.98,58.64
05/09/2019,59.84,"1,462,225",60.04,60.08,59.28
05/08/2019,60.13,"1,132,778",61.3,61.31,60.1
05/07/2019,61.22,"1,258,362",60.9,61.39,60.86
05/06/2019,61.18,"1,401,533",60.67,62.26,60.5
05/03/2019,60.59,"1,385,780",60.13,61.76,60.08
05/02/2019,59.7,"2,365,724",60.0,60.93,58.22
05/01/2019,60.29,"3,976,437",62.05,62.45,60.07
04/30/2019,63.77,"2,703,830",63.33,64.1104,63.18
04/29/2019,63.3,"1,878,420",63.51,63.74,63.03
04/26/2019,63.56,"1,262,756",64.12,64.44,63.41
04/25/2019,63.58,"1,813,787",64.12,64.26,63.47
04/24/2019,64.2,"1,416,793",64.03,64.59,63.6
04/23/2019,63.62,"1,643,641",63.27,63.83,62.645
04/22/2019,63.02,"1,519,193",62.96,63.16,62.42
04/18/2019,63.09,"1,287,204",63.41,63.76,63.07
04/17/2019,63.41,"1,285,366",64.37,64.68,63.38
04/16/2019,64.44,"1,631,195",65.05,65.13,64.2997
04/15/2019,65.2,"4,503,931",67.13,67.13,64.89
04/12/2019,67.13,"8,949,434",62.41,67.43,61.86
04/11/2019,62.6,"1,726,933",62.64,62.86,62.31
04/10/2019,62.66,"1,315,768",62.73,62.94,62.057
04/09/2019,62.47,"2,109,285",63.75,63.95,62.33
04/08/2019,63.76,"1,706,019",63.97,64.22,63.55
04/05/2019,63.83,"2,191,753",63.9,64.13,63.55
04/04/2019,63.69,"1,560,823",63.67,64.0681,63.43
04/03/2019,63.45,"1,832,537",62.5,63.82,62.5
04/02/2019,62.51,"1,545,585",62.86,63.35,62.47
04/01/2019,62.7,"1,468,650",62.01,62.875,61.16
03/29/2019,61.92,"3,439,308",62.2,62.4,61.675
03/28/2019,62.16,"2,297,464",63.11,63.87,62.08
03/27/2019,63.81,"2,054,263",65.03,65.1,63.62
03/26/2019,65.07,"1,287,716",64.37,65.44,64.37
03/25/2019,64.29,"1,949,339",64.71,64.95,63.4659
03/22/2019,64.69,"3,309,453",65.35,66.295,64.64
03/21/2019,64.98,"2,010,630",63.29,65.22,63.28
03/20/2019,63.29,"1,961,213",63.03,63.84,62.755
03/19/2019,63.01,"1,972,662",63.57,63.98,62.47
03/18/2019,63.52,"2,249,694",63.94,64.13,62.57
03/15/2019,63.92,"4,798,255",64.11,64.65,63.82
03/14/2019,64.05,"2,542,882",64.37,65.18,63.94
03/13/2019,64.1,"3,925,777",63.85,65.07,57.63
03/12/2019,64.16,"2,697,490",63.41,64.239,63.2
03/11/2019,63.13,"2,421,515",62.23,63.13,61.91
03/08/2019,62.05,"1,599,162",62.18,62.18,61.28
03/07/2019,62.2,"2,950,586",61.95,62.23,61.67
03/06/2019,61.73,"2,887,348",62.5,62.5,61.46
03/05/2019,62.5,"1,908,690",61.75,62.59,61.69
03/04/2019,62.09,"2,517,671",61.74,62.09,60.92
03/01/2019,61.31,"2,907,075",60.02,61.34,59.25
02/28/2019,59.89,"4,363,576",60.88,60.88,59.74
02/27/2019,60.61,"2,063,551",61.29,61.7,60.52
02/26/2019,61.34,"3,428,610",60.89,61.76,60.355
02/25/2019,60.67,"2,664,724",61.61,61.61,60.6401
02/22/2019,61.41,"3,909,806",61.45,61.63,60.73
02/21/2019,61.26,"5,358,537",62.28,62.46,61.05
02/20/2019,62.68,"2,286,320",61.54,62.94,61.42
02/19/2019,61.65,"2,141,628",60.67,61.7,60.3633
02/15/2019,60.5,"2,012,234",60.87,60.98,60.235
02/14/2019,60.52,"1,757,824",60.55,60.61,59.59
02/13/2019,60.41,"2,129,996",59.89,60.53,59.71
02/12/2019,60.07,"2,986,777",58.92,61.19,58.62
02/11/2019,58.42,"2,876,790",57.6,58.55,57.53
02/08/2019,58.08,"1,461,987",57.48,58.15,57.2
02/07/2019,57.69,"2,847,109",55.63,57.71,55.5026
02/06/2019,55.61,"2,361,992",56.13,56.43,55.54
02/05/2019,56.14,"2,636,283",56.09,56.84,55.73
02/04/2019,56.14,"3,873,493",56.38,56.4,54.99
02/01/2019,56.59,"2,494,752",56.91,57.27,56.33
01/31/2019,56.97,"3,646,336",55.75,57.05,55.46
01/30/2019,55.83,"1,847,153",55.27,56.23,54.97
01/29/2019,55.18,"4,251,004",54.79,55.76,54.55
01/28/2019,54.51,"2,725,390",55.42,55.7,54.25
01/25/2019,55.43,"2,971,264",54.96,56.8,54.52
01/24/2019,55.14,"4,729,377",54.84,56.33,54.21
01/23/2019,54.93,"1,492,921",54.45,55.01,53.9
01/22/2019,54.21,"3,097,881",54.79,55.42,53.95
01/18/2019,54.88,"3,069,141",53.58,55.04,53.4
01/17/2019,53.51,"3,010,980",54.34,54.57,53.41
01/16/2019,54.18,"4,774,022",54.76,55.74,53.66
01/15/2019,55.05,"5,247,471",56.16,56.58,54.6
01/14/2019,58.15,"3,417,776",57.68,59.01,57.07
01/11/2019,59.32,"1,927,804",59.09,59.4,58.63
01/10/2019,59.34,"1,522,109",58.55,59.43,58.21
01/09/2019,58.4,"1,563,463",57.57,59.15,57.57
01/08/2019,57.66,"2,209,371",57.04,57.72,56.355
01/07/2019,57.34,"2,777,876",56.51,57.9,55.73
01/04/2019,58.42,"2,462,458",56.8,58.43,56.8
01/03/2019,56.84,"1,692,802",56.58,57.12,55.77
01/02/2019,56.75,"1,801,769",56.18,57.08,55.3402
12/31/2018,56.77,"2,085,306",57.19,57.19,55.9
12/28/2018,57.23,"1,639,090",56.5,57.82,56.29
12/27/2018,57.0,"2,803,144",55.96,58.14,54.0
12/26/2018,56.2,"2,309,254",54.33,56.26,53.43
12/24/2018,54.33,"1,140,473",55.99,56.46,54.32
12/21/2018,56.18,"4,980,094",58.26,59.62,56.16
12/20/2018,58.26,"2,457,204",58.33,59.16,57.5
12/19/2018,58.42,"2,526,882",57.4,59.16,57.24
12/18/2018,57.49,"2,327,273",58.36,59.11,57.12
12/17/2018,58.19,"3,840,031",59.38,59.46,58.1701
12/14/2018,59.64,"2,375,714",59.49,60.02,59.1
12/13/2018,59.53,"2,053,130",59.44,60.15,59.05
12/12/2018,59.54,"1,811,516",59.19,60.095,59.05
12/11/2018,58.89,"1,292,648",58.97,59.44,58.27
12/10/2018,58.84,"1,769,697",58.15,59.06,56.94
12/07/2018,58.51,"1,824,324",57.7,59.13,57.7
12/06/2018,57.54,"2,729,867",58.07,58.18,56.12
12/04/2018,57.73,"2,625,130",57.4,58.18,57.16
12/03/2018,57.0,"3,307,669",55.25,57.56,55.0
11/30/2018,55.32,"4,336,656",54.64,55.65,54.61
11/29/2018,54.72,"1,896,537",54.68,55.39,54.43
11/28/2018,54.76,"2,571,017",55.58,56.04,54.39
11/27/2018,55.31,"3,242,573",54.05,55.59,53.63
11/26/2018,53.99,"2,224,580",53.1,54.11,52.74
11/23/2018,53.25,"1,209,143",53.39,53.53,52.3
11/21/2018,53.59,"2,592,761",53.1,54.22,53.07
11/20/2018,52.78,"3,437,846",54.04,54.68,52.53
11/19/2018,53.91,"7,497,972",53.77,54.78,52.67
11/16/2018,54.45,"8,828,208",52.86,55.01,52.51
11/15/2018,47.19,"10,214,920",53.31,53.31,46.6502
11/14/2018,53.87,"11,276,430",52.45,56.0581,52.45
11/13/2018,55.54,"5,180,623",53.02,55.98,53.02
11/12/2018,53.56,"14,318,830",54.83,55.99,45.5
11/09/2018,61.0,"8,044,091",67.75,67.89,60.13
11/08/2018,69.41,"1,499,561",69.9,70.13,69.1
11/07/2018,69.7,"1,628,057",69.26,69.84,68.74
11/06/2018,68.94,"1,687,534",68.82,69.0,68.2
11/05/2018,68.76,"1,899,488",68.22,69.02,67.96
11/02/2018,67.88,"2,232,041",68.49,68.59,67.37
11/01/2018,68.19,"2,598,694",69.35,69.46,67.93
10/31/2018,69.39,"3,314,463",68.25,69.915,66.96
10/30/2018,69.53,"1,527,655",69.55,69.9,68.41
10/29/2018,69.11,"1,965,304",68.36,69.74,68.34
10/26/2018,68.17,"1,871,010",69.71,70.17,67.54
10/25/2018,69.46,"1,569,489",70.13,70.235,69.24
10/24/2018,70.54,"2,566,943",69.82,70.96,69.46
10/23/2018,69.55,"1,138,724",69.94,70.44,69.2
10/22/2018,69.86,"1,010,920",70.27,70.5,69.53
10/19/2018,70.31,"1,967,705",69.56,70.54,69.56
10/18/2018,69.54,"1,162,574",69.6,69.97,69.11
10/17/2018,69.58,"1,364,403",69.25,69.856,69.08
10/16/2018,69.53,"2,222,108",68.79,69.81,68.63
10/15/2018,68.88,"2,295,773",68.78,69.2,68.5
10/12/2018,68.65,"2,868,776",68.57,68.66,67.69
10/11/2018,68.41,"4,203,118",69.51,69.53,67.6
10/10/2018,70.08,"2,847,587",70.32,70.8113,69.9
10/09/2018,70.45,"2,125,143",70.0,71.0,69.78
10/08/2018,69.93,"1,685,653",69.59,70.33,69.11
10/05/2018,69.3,"1,594,515",68.81,69.7,68.72
10/04/2018,68.69,"1,766,595",68.09,69.01,67.73
10/03/2018,68.44,"1,651,860",68.65,69.11,68.0
10/02/2018,68.72,"1,796,466",67.52,68.94,67.52
10/01/2018,67.55,"1,603,376",67.76,67.91,67.17
09/28/2018,67.68,"1,840,841",66.83,67.745,66.69
09/27/2018,66.66,"1,153,905",66.35,66.99,66.05
09/26/2018,66.81,"2,033,319",67.09,67.29,66.68
09/25/2018,66.97,"1,672,895",67.59,67.59,66.68
09/24/2018,67.66,"2,091,803",68.05,68.18,67.47
09/21/2018,68.36,"4,222,590",67.55,69.9,67.53
09/20/2018,67.82,"1,840,635",67.31,67.97,66.84
09/19/2018,67.33,"2,067,939",68.39,68.43,66.95
09/18/2018,68.31,"1,864,843",68.23,68.635,67.9375
09/17/2018,68.43,"1,550,886",68.39,68.54,68.02
09/14/2018,68.33,"1,961,235",68.34,68.4,67.78
09/13/2018,68.41,"1,528,276",67.83,68.44,67.26
09/12/2018,67.78,"2,568,332",67.56,68.01,67.26
09/11/2018,67.56,"1,636,388",67.23,67.72,67.13
09/10/2018,67.1,"1,255,394",66.98,67.33,66.64
09/07/2018,66.66,"1,388,210",66.92,67.23,66.45
09/06/2018,67.47,"1,547,982",67.4,67.7,67.14
09/05/2018,67.3,"1,684,951",66.79,67.38,66.62
09/04/2018,66.75,"2,670,512",65.85,67.4,65.76
08/31/2018,65.73,"2,531,910",66.48,67.0,65.17
08/30/2018,66.43,"3,129,240",67.37,67.5,66.13
08/29/2018,67.2,"3,164,609",67.83,67.98,66.811
08/28/2018,67.55,"1,819,162",67.42,68.0,67.37
08/27/2018,67.58,"1,402,835",67.97,68.1199,67.15
08/24/2018,67.44,"3,034,153",67.55,67.67,66.35
08/23/2018,67.56,"2,321,912",68.07,68.3379,67.375
08/22/2018,67.96,"1,999,254",68.98,68.98,67.58
08/21/2018,68.93,"1,622,776",69.0,69.18,68.48
08/20/2018,69.21,"1,811,790",69.92,69.98,68.35
08/17/2018,69.88,"3,226,476",69.34,70.62,69.13
08/16/2018,69.32,"3,389,162",67.94,69.385,67.41
08/15/2018,68.15,"2,019,856",67.23,68.35,66.86
08/14/2018,66.98,"842,328",66.59,67.34,66.59
08/13/2018,66.84,"1,305,568",66.63,66.96,66.38
08/10/2018,66.63,"1,278,826",67.39,67.74,66.58
08/09/2018,67.42,"2,007,054",67.24,67.58,66.93
08/08/2018,67.29,"1,445,021",67.14,67.59,66.8
08/07/2018,67.53,"1,830,934",67.54,67.75,66.58
08/06/2018,67.47,"1,729,666",67.12,67.53,67.02
08/03/2018,67.02,"1,096,006",66.37,67.19,66.17
08/02/2018,66.21,"1,690,106",66.05,66.59,65.71
08/01/2018,66.08,"2,456,802",66.12,66.42,64.9
07/31/2018,66.63,"2,755,166",66.01,66.7,65.67
07/30/2018,65.68,"1,346,279",66.55,66.55,65.22
07/27/2018,66.51,"2,351,011",67.57,68.24,66.3
07/26/2018,68.04,"1,949,466",67.4,68.425,66.98
07/25/2018,66.83,"2,486,099",66.09,67.39,65.96
07/24/2018,66.06,"4,306,483",64.95,66.69,64.04
07/23/2018,65.05,"1,168,572",65.15,65.38,64.5
07/20/2018,65.06,"1,907,751",65.54,65.63,64.65
07/19/2018,65.83,"1,721,659",65.26,66.32,65.26
07/18/2018,65.19,"1,329,799",65.49,65.68,64.8597
07/17/2018,65.55,"811,927",65.41,65.81,65.41
07/16/2018,65.66,"1,158,753",65.42,65.83,65.07
07/13/2018,65.64,"1,226,924",65.72,65.86,65.27
07/12/2018,65.67,"1,679,686",65.64,65.78,65.03
07/11/2018,65.68,"1,705,747",65.28,65.81,65.04
07/10/2018,64.99,"2,331,504",63.86,65.25,63.67
07/09/2018,64.47,"2,241,011",66.26,66.26,64.3
07/06/2018,66.26,"2,328,143",65.33,66.54,65.29
07/05/2018,65.28,"1,835,428",64.5,65.3,64.11
07/03/2018,64.38,"2,406,997",63.83,64.82,63.47
07/02/2018,63.85,"1,706,142",63.24,63.895,62.86
06/29/2018,63.27,"1,989,966",62.87,63.6,62.51
06/28/2018,63.48,"2,298,432",63.07,63.72,62.91
06/27/2018,62.91,"1,714,370",62.49,63.07,62.34
06/26/2018,62.62,"2,514,004",62.11,62.85,62.04
06/25/2018,62.31,"2,263,389",61.69,62.46,61.6
06/22/2018,61.7,"3,996,598",60.82,61.78,60.5
06/21/2018,60.67,"1,670,646",60.35,60.99,60.12
06/20/2018,60.45,"999,870",60.8,60.8,60.28
06/19/2018,60.57,"1,947,915",60.49,61.15,60.09
06/18/2018,60.49,"1,497,400",60.19,60.74,60.04
06/15/2018,60.44,"2,789,808",60.27,60.54,59.64
06/14/2018,60.2,"1,417,216",59.7,60.33,59.46
06/13/2018,59.49,"2,059,426",59.54,60.08,59.25
06/12/2018,59.53,"2,021,598",58.95,59.81,58.9
06/11/2018,58.94,"1,923,071",58.89,59.53,58.6
06/08/2018,59.61,"1,118,834",59.82,59.94,59.37
06/07/2018,59.72,"1,895,182",58.95,60.57,58.91
06/06/2018,58.9,"1,828,858",60.63,60.63,58.7975
06/05/2018,60.6,"1,745,569",60.93,61.23,60.38
06/04/2018,60.99,"2,044,630",61.09,61.61,60.85
06/01/2018,60.84,"2,244,779",62.04,62.04,60.53
05/31/2018,62.16,"2,303,358",62.3,62.67,61.83
05/30/2018,62.27,"2,706,974",61.94,62.37,61.14
05/29/2018,62.29,"1,621,094",62.61,62.95,61.98
05/25/2018,62.98,"1,450,462",62.73,63.37,62.48
05/24/2018,62.62,"1,270,214",62.18,62.78,61.92
05/23/2018,62.35,"1,163,657",61.97,62.51,61.81
05/22/2018,61.88,"1,118,026",61.62,62.21,61.51
05/21/2018,61.57,"1,299,216",61.42,61.65,60.87
05/18/2018,61.25,"1,868,037",61.23,61.54,60.49
05/17/2018,61.22,"2,092,003",61.47,61.82,61.07
05/16/2018,61.42,"1,601,625",61.68,61.83,61.3
05/15/2018,61.55,"1,936,236",61.96,62.24,61.32
05/14/2018,62.33,"1,864,921",62.18,62.51,61.965
05/11/2018,62.29,"1,878,885",61.94,62.49,61.7
05/10/2018,61.71,"1,821,448",60.99,61.73,60.76
05/09/2018,60.42,"1,461,714",61.04,61.17,60.23
05/08/2018,61.11,"2,361,192",62.77,62.89,60.9
05/07/2018,63.09,"1,023,415",63.55,63.74,62.98
05/04/2018,63.69,"973,500",63.43,64.06,63.29
05/03/2018,63.22,"2,168,705",63.46,63.46,62.54
05/02/2018,63.63,"2,411,221",63.55,65.16,63.25
05/01/2018,65.52,"1,389,817",65.61,65.81,65.21
04/30/2018,65.52,"1,149,708",66.0,66.1,65.43
04/27/2018,65.79,"1,428,629",65.02,65.9,64.89
04/26/2018,65.22,"1,151,279",64.89,65.28,64.25
04/25/2018,64.84,"1,269,518",64.72,65.09,64.2
04/24/2018,64.77,"2,426,817",64.27,66.6,63.92
04/23/2018,64.0,"1,433,731",64.17,64.491,63.73
04/20/2018,64.12,"1,387,485",64.82,64.88,63.89
04/19/2018,64.62,"1,682,799",64.65,64.71,63.85
04/18/2018,64.79,"1,765,848",65.29,65.82,64.78
04/17/2018,65.22,"3,242,345",64.63,65.34,63.99
04/16/2018,64.45,"1,819,820",63.63,64.72,63.3
04/13/2018,63.44,"3,985,743",63.0,63.8,63.0
04/12/2018,62.84,"2,727,990",63.13,63.58,62.6
04/11/2018,63.11,"1,228,583",62.79,63.29,62.74
04/10/2018,62.87,"1,827,655",63.38,63.71,62.67
04/09/2018,63.46,"1,411,258",63.23,63.86,63.01
04/06/2018,63.38,"2,365,604",63.7,63.99,63.24
04/05/2018,63.66,"1,574,951",63.16,63.88,62.58
04/04/2018,63.09,"1,983,652",62.98,63.25,62.14
04/03/2018,63.11,"1,403,257",63.03,63.46,62.09
04/02/2018,63.1,"2,237,088",63.79,64.11,62.63
03/29/2018,63.66,"2,719,191",63.04,63.77,62.87
03/28/2018,63.07,"2,537,595",63.0,63.4,62.44
03/27/2018,63.15,"2,216,569",62.01,63.7832,61.72
03/26/2018,62.01,"2,683,974",62.41,62.54,61.47
03/23/2018,62.16,"2,949,321",63.06,63.62,62.06
03/22/2018,62.92,"3,191,278",61.89,64.03,61.89
03/21/2018,61.93,"1,911,519",62.78,62.99,61.77
03/20/2018,62.74,"4,264,903",64.1,64.43,62.32
03/19/2018,64.03,"3,392,328",65.08,65.269,63.75
03/16/2018,65.15,"9,180,847",64.17,65.15,63.75
03/15/2018,64.0,"5,947,944",63.82,64.7,63.54
03/14/2018,63.81,"7,544,483",62.42,64.68,62.42
03/13/2018,62.06,"5,550,283",59.9,62.94,59.12
03/12/2018,60.2,"2,155,800",59.28,60.4,59.26
03/09/2018,59.38,"2,594,540",59.51,59.61,58.94
03/08/2018,59.56,"1,765,112",59.02,59.85,58.89
03/07/2018,59.11,"2,400,438",60.21,60.63,58.8
03/06/2018,60.07,"2,234,981",60.49,60.61,59.46
03/05/2018,60.67,"2,786,389",59.41,60.84,59.12
03/02/2018,59.59,"3,112,932",60.71,61.3,59.04
03/01/2018,60.78,"3,417,127",60.65,61.64,60.25
02/28/2018,60.59,"3,906,195",61.12,61.35,60.35
02/27/2018,60.85,"3,497,726",61.59,62.62,60.84
02/26/2018,61.62,"2,902,955",62.07,62.16,61.295
02/23/2018,62.17,"3,884,370",62.0,62.56,60.901
02/22/2018,59.74,"2,881,404",59.33,60.19,58.87
02/21/2018,59.09,"3,382,425",60.35,60.65,59.05
02/20/2018,60.31,"2,458,179",60.81,60.92,59.86
02/16/2018,61.05,"4,002,234",60.04,61.37,60.04
02/15/2018,60.09,"2,878,674",59.73,60.12,59.19
02/14/2018,59.24,"2,033,381",59.82,60.02,59.17
02/13/2018,60.17,"2,338,888",59.66,60.42,59.38
02/12/2018,60.06,"2,853,644",59.05,60.38,58.69
02/09/2018,58.94,"4,457,682",58.48,59.28,57.63
02/08/2018,58.07,"3,733,026",59.5,59.62,58.03
02/07/2018,59.69,"3,062,373",60.14,60.97,59.55
02/06/2018,60.36,"4,026,136",59.91,60.81,58.76
02/05/2018,60.51,"5,491,088",61.44,61.96,60.33
02/02/2018,61.6,"4,414,936",61.46,61.95,61.16
02/01/2018,61.74,"8,268,461",62.45,67.56,61.5301
01/31/2018,62.53,"8,248,425",62.52,62.86,61.28
01/30/2018,62.5,"2,668,036",62.4,62.98,62.2
01/29/2018,62.41,"3,376,355",62.17,63.49,61.9
01/26/2018,62.46,"2,606,940",62.74,62.84,61.58
01/25/2018,62.41,"2,682,837",61.7,62.48,61.63
01/24/2018,61.7,"3,290,875",62.12,62.13,61.52
01/23/2018,62.04,"2,928,622",62.17,62.75,61.84
01/22/2018,62.14,"2,595,175",62.35,62.58,61.8
01/19/2018,62.12,"3,222,289",61.87,62.59,61.44
01/18/2018,61.92,"3,358,988",61.67,62.64,61.59
01/17/2018,61.71,"3,037,100",61.6,61.96,61.17
01/16/2018,61.33,"5,037,478",61.51,61.8,60.64
01/12/2018,61.42,"3,170,664",62.14,62.88,61.25
01/11/2018,62.32,"2,945,323",63.17,63.42,62.0
01/10/2018,62.84,"3,587,148",63.61,63.71,62.51
01/09/2018,63.52,"5,086,104",64.21,64.34,63.21
01/08/2018,64.2,"3,473,942",62.91,64.28,62.75
01/05/2018,62.98,"3,719,570",62.63,63.125,62.03
01/04/2018,62.29,"3,970,715",62.84,63.295,62.19
01/03/2018,62.75,"3,595,456",63.21,63.73,62.35
01/02/2018,63.25,"2,387,937",63.63,63.63,62.59
12/29/2017,63.24,"2,125,597",64.1,64.25,63.19
12/28/2017,63.94,"1,964,374",64.11,64.25,63.32
12/27/2017,64.4,"2,085,424",64.04,64.85,63.94
12/26/2017,64.04,"2,666,547",65.25,65.3,63.99
12/22/2017,65.23,"4,807,626",63.91,65.38,63.77
12/21/2017,63.31,"9,494,157",66.19,66.5,62.67
12/20/2017,68.3,"6,022,658",69.8,70.08,67.91
12/19/2017,69.85,"4,501,130",70.91,71.115,69.59
12/18/2017,70.95,"3,686,919",70.02,70.98,70.02
12/15/2017,69.71,"4,531,667",69.49,70.4,69.46
12/14/2017,69.29,"4,087,561",68.84,69.66,68.66
12/13/2017,69.8,"4,328,972",69.43,70.5,68.66
12/12/2017,68.58,"10,707,350",69.68,70.17,67.28
12/11/2017,72.98,"3,794,917",71.69,73.23,71.65
12/08/2017,71.8,"5,823,806",71.91,73.308,71.24
12/07/2017,71.77,"7,682,644",68.93,72.28,68.26
12/06/2017,68.72,"10,026,550",68.46,70.0,67.8
12/05/2017,70.0,"17,105,460",79.77,79.77,69.14
12/04/2017,80.26,"1,608,162",80.74,81.19,80.14
12/01/2017,80.76,"1,596,837",81.72,81.96,80.48
11/30/2017,81.27,"2,391,785",81.36,81.84,81.0
11/29/2017,81.41,"1,354,763",80.97,81.62,80.69
11/28/2017,81.14,"1,356,629",81.05,81.355,80.86
11/27/2017,80.82,"918,158",80.62,81.02,80.34
11/24/2017,80.55,"567,613",80.45,81.14,80.35
11/22/2017,80.15,"1,157,993",80.22,80.44,79.72
11/21/2017,80.22,"1,447,417",80.52,80.65,80.19
11/20/2017,80.43,"1,342,924",80.84,81.02,80.39
11/17/2017,80.89,"1,437,561",81.47,81.78,80.76
11/16/2017,81.75,"1,380,433",81.85,82.01,81.49
11/15/2017,81.84,"1,513,349",82.88,83.38,81.68
11/14/2017,82.64,"2,575,468",80.97,82.8,80.72
11/13/2017,81.1,"1,096,078",80.18,81.15,80.155
11/10/2017,80.06,"1,232,134",79.92,80.24,79.51
11/09/2017,80.34,"1,377,410",79.98,80.36,79.33
11/08/2017,80.2,"2,393,112",79.29,80.43,79.29
11/07/2017,79.4,"1,647,068",78.97,79.69,78.68
11/06/2017,78.85,"927,103",79.57,79.73,78.83
11/03/2017,79.52,"1,185,900",78.83,80.05,78.83
11/02/2017,79.07,"1,851,542",79.23,79.41,78.63
11/01/2017,79.08,"1,378,566",80.12,80.12,78.995
10/31/2017,79.95,"2,026,032",80.59,80.64,79.28
10/30/2017,79.59,"1,751,084",79.34,79.785,79.13
10/27/2017,79.47,"966,804",78.6,79.63,78.59
10/26/2017,78.73,"1,359,617",79.58,79.9067,78.71
10/25/2017,79.01,"1,734,420",79.41,79.62,78.55
10/24/2017,79.87,"1,378,447",79.57,79.94,79.31
10/23/2017,80.01,"1,217,724",79.84,80.2,79.275
10/20/2017,79.6,"1,795,688",79.33,79.825,79.155
10/19/2017,79.47,"1,321,038",77.98,79.47,77.72
10/18/2017,77.85,"1,975,036",77.65,78.36,77.575
10/17/2017,77.6,"3,760,758",77.58,77.86,76.93
10/16/2017,77.64,"1,698,111",77.9,78.2,77.39
10/13/2017,77.99,"2,998,282",79.61,79.88,77.75
10/12/2017,79.66,"2,852,535",78.52,79.68,78.43
10/11/2017,78.42,"1,934,070",78.42,79.16,78.25
10/10/2017,78.54,"1,545,037",77.56,78.56,77.39
10/09/2017,77.55,"655,568",77.79,77.88,77.4
10/06/2017,77.62,"1,340,026",77.35,77.69,77.01
10/05/2017,77.68,"975,670",77.88,77.88,77.38
10/04/2017,77.85,"1,428,527",77.15,77.88,76.96
10/03/2017,77.01,"1,758,749",76.99,77.12,76.55
10/02/2017,77.0,"2,148,413",77.44,77.73,76.82
09/29/2017,77.17,"2,026,337",77.45,77.57,76.96
09/28/2017,77.57,"1,967,687",77.5,77.77,76.93
09/27/2017,78.08,"1,755,958",78.66,79.05,77.67
09/26/2017,79.15,"1,204,127",79.26,79.45,78.8801
09/25/2017,79.27,"2,080,513",78.33,79.28,78.13
09/22/2017,78.28,"1,275,912",78.92,78.954,78.22
09/21/2017,78.66,"1,686,717",79.05,79.25,78.595
09/20/2017,79.09,"1,643,727",79.9,80.0,78.78
09/19/2017,79.71,"2,506,899",80.51,80.65,79.53
09/18/2017,80.55,"2,453,405",81.15,81.41,79.64
09/15/2017,81.2,"3,039,441",81.15,81.53,80.95
09/14/2017,81.03,"1,931,017",80.78,81.19,80.61
09/13/2017,80.98,"2,941,935",80.68,81.3225,80.43
09/12/2017,80.74,"2,867,154",81.3,81.58,80.34
09/11/2017,81.49,"1,804,962",80.75,81.57,80.44
09/08/2017,80.74,"1,387,061",80.11,80.78,79.8
09/07/2017,80.17,"1,814,120",79.77,80.34,79.56
09/06/2017,79.55,"2,490,508",80.3,80.45,79.4
09/05/2017,80.26,"1,675,050",80.06,80.31,79.55
09/01/2017,79.96,"1,051,623",80.39,80.39,79.54
08/31/2017,80.18,"1,547,440",80.51,80.64,80.13
08/30/2017,80.3,"1,047,290",80.3,80.55,80.19
08/29/2017,80.45,"1,333,625",81.0,81.32,80.385
08/28/2017,80.86,"1,014,252",81.0,81.07,80.59
08/25/2017,80.75,"1,605,736",80.58,81.26,80.58
08/24/2017,80.2,"1,189,995",80.28,80.55,80.11
08/23/2017,80.33,"1,817,733",80.15,80.56,80.04
08/22/2017,80.1,"1,209,804",79.74,80.13,79.705
08/21/2017,79.78,"1,996,930",78.97,79.95,78.91
08/18/2017,78.94,"3,203,846",79.09,79.33,78.83
08/17/2017,79.01,"2,541,321",79.81,80.07,78.7
08/16/2017,79.77,"2,082,350",79.85,80.12,79.6
08/15/2017,79.92,"3,616,736",80.26,81.33,79.34
08/14/2017,80.52,"2,111,805",79.42,80.61,79.26
08/11/2017,79.53,"1,239,638",80.07,80.26,79.25
08/10/2017,79.67,"1,118,322",79.43,79.83,79.15
08/09/2017,79.45,"1,154,442",79.99,79.99,79.34
08/08/2017,79.79,"587,224",79.18,79.8,79.18
08/07/2017,79.44,"733,894",79.24,79.46,78.94
08/04/2017,79.29,"717,106",79.18,79.36,78.67
08/03/2017,79.44,"1,426,548",78.58,79.44,78.38
08/02/2017,78.74,"1,293,225",78.52,78.92,78.135
08/01/2017,78.88,"1,874,124",78.88,79.33,78.62
07/31/2017,78.68,"1,401,576",77.75,78.94,77.75
07/28/2017,78.25,"2,742,884",78.88,79.3471,78.13
07/27/2017,79.22,"1,312,466",78.76,79.25,78.41
07/26/2017,78.91,"1,276,167",78.46,78.98,78.14
07/25/2017,78.39,"1,722,738",78.32,78.615,78.08
07/24/2017,78.48,"1,724,694",78.93,78.96,78.415
07/21/2017,78.98,"1,467,792",78.36,79.01,78.23
07/20/2017,78.45,"1,078,887",78.23,78.49,78.06
07/19/2017,78.07,"966,418",78.04,78.09,77.65
07/18/2017,77.86,"1,576,440",77.92,78.14,77.63
07/17/2017,77.84,"1,733,772",77.39,77.93,77.315
07/14/2017,77.45,"1,902,990",78.03,78.32,77.38
07/13/2017,77.53,"2,913,307",77.03,78.47,76.88
07/12/2017,76.59,"1,709,315",77.24,77.4,76.53
07/11/2017,76.55,"1,610,595",76.69,77.0,76.38
07/10/2017,76.44,"1,201,541",76.97,77.11,76.41
07/07/2017,76.83,"924,633",76.67,77.22,76.57
07/06/2017,76.67,"1,053,753",76.67,76.84,76.44
07/05/2017,76.89,"1,577,287",77.23,77.58,76.64
07/03/2017,77.18,"963,322",78.4,78.46,77.18
06/30/2017,78.19,"2,024,650",78.32,78.98,78.19
06/29/2017,78.16,"2,909,087",77.81,78.48,77.26
06/28/2017,78.09,"1,829,376",78.85,79.01,78.03
06/27/2017,79.06,"2,260,534",80.12,80.38,79.05
06/26/2017,80.47,"1,576,069",80.05,80.97,79.93
06/23/2017,80.03,"2,122,748",80.86,81.08,79.82
06/22/2017,80.89,"1,013,630",81.28,81.75,80.84
06/21/2017,81.45,"1,260,735",81.89,82.06,81.2
06/20/2017,81.78,"1,048,826",81.93,82.28,81.76
06/19/2017,81.9,"1,159,111",82.33,82.34,81.61
06/16/2017,82.18,"2,479,144",82.26,82.59,81.9
06/15/2017,81.98,"1,940,729",80.83,82.05,80.71
06/14/2017,80.88,"1,703,729",80.96,81.48,80.3951
06/13/2017,80.3,"1,381,586",80.21,80.35,79.76
06/12/2017,80.43,"2,125,129",81.26,81.32,79.72
06/09/2017,81.29,"1,829,072",81.2,81.44,80.48
06/08/2017,81.42,"1,407,997",81.73,81.74,80.59
06/07/2017,81.83,"1,376,855",81.53,82.02,81.46
06/06/2017,81.51,"1,394,491",81.98,82.27,81.43
06/05/2017,81.84,"1,509,036",81.82,82.19,81.68
06/02/2017,82.01,"1,810,359",82.69,82.82,81.57
06/01/2017,82.15,"1,934,301",81.31,82.15,81.04
05/31/2017,81.57,"2,596,223",80.62,81.715,80.62
05/30/2017,80.67,"1,357,800",79.89,80.805,79.84
05/26/2017,79.96,"775,774",79.86,80.24,79.75
05/25/2017,79.95,"789,522",79.17,80.1,78.98
05/24/2017,79.22,"1,106,292",79.02,79.34,78.89
05/23/2017,78.82,"1,358,075",78.85,79.56,78.71
05/22/2017,78.91,"1,702,270",77.92,79.075,77.92
