date,close,volume,open,high,low
05/15/2026,56.22,"6,356,528",57.14,57.22,56.11
05/14/2026,56.57,"4,717,393",55.69,57.0,55.55
05/13/2026,55.93,"4,418,757",55.79,55.97,55.111
05/12/2026,55.78,"4,616,144",56.54,56.725,55.45
05/11/2026,56.45,"7,976,918",56.5,57.0,56.15
05/08/2026,55.96,"6,206,927",56.38,56.7177,55.915
05/07/2026,56.22,"9,948,950",56.58,56.705,55.31
05/06/2026,57.36,"7,686,942",57.48,58.27,57.03
05/05/2026,58.72,"7,037,507",58.625,59.41,57.91
05/04/2026,59.08,"5,537,047",58.8,59.825,58.69
05/01/2026,58.66,"7,408,481",60.0,60.03,58.13
04/30/2026,60.08,"6,907,933",58.72,60.66,58.65
04/29/2026,59.11,"8,724,629",59.56,60.3,58.8
04/28/2026,59.42,"6,598,562",59.44,60.06,59.29
04/27/2026,58.64,"9,473,775",59.56,60.795,58.4
04/24/2026,58.91,"8,010,338",58.56,59.05,57.92
04/23/2026,58.93,"9,733,600",58.86,59.5,57.88
04/22/2026,58.72,"10,616,260",58.31,59.26,56.78
04/21/2026,56.98,"8,789,386",56.68,57.42,56.26
04/20/2026,57.0,"9,355,882",57.6,58.51,56.755
04/17/2026,58.48,"10,518,800",56.755,58.61,56.38
04/16/2026,58.39,"8,829,798",56.985,58.495,56.76
04/15/2026,56.76,"6,716,235",56.5,57.1693,56.39
04/14/2026,56.71,"5,625,997",57.47,57.86,56.495
04/13/2026,57.7,"5,650,347",58.78,58.97,57.205
04/10/2026,58.68,"5,061,008",58.91,59.49,58.14
04/09/2026,59.47,"6,067,668",60.22,60.855,59.095
04/08/2026,60.18,"10,656,820",58.92,60.39,58.09
04/07/2026,60.69,"5,720,979",60.7,61.55,60.205
04/06/2026,60.4,"4,603,746",59.55,60.91,59.4696
04/02/2026,59.7,"8,807,071",62.085,62.17,59.4
04/01/2026,61.09,"11,694,360",62.495,63.235,60.955
03/31/2026,63.64,"10,817,890",65.01,65.57,62.67
03/30/2026,64.44,"9,880,198",67.46,67.74,63.86
03/27/2026,67.55,"5,862,456",67.45,68.24,67.28
03/26/2026,66.86,"7,531,296",67.875,67.875,66.72
03/25/2026,67.93,"7,112,330",65.51,67.99,65.4
03/24/2026,65.33,"9,451,745",65.7,67.26,65.2
03/23/2026,65.23,"11,294,690",63.33,66.49,63.01
03/20/2026,64.67,"15,139,290",65.0,66.27,64.43
03/19/2026,64.68,"13,260,230",64.32,67.15,63.845
03/18/2026,63.52,"7,273,471",64.43,64.6,62.11
03/17/2026,64.43,"5,881,765",64.81,65.68,59.5
03/16/2026,64.31,"6,547,129",64.24,64.99,63.95
03/13/2026,64.37,"8,545,511",64.44,65.34,64.06
03/12/2026,64.64,"9,253,960",64.26,65.32,63.57
03/11/2026,63.83,"10,464,540",62.05,63.84,61.85
03/10/2026,61.83,"8,120,727",61.9,62.36,61.33
03/09/2026,62.23,"12,013,100",62.34,62.928,61.51
03/06/2026,61.96,"7,818,202",62.27,63.0,61.71
03/05/2026,61.67,"7,692,205",61.31,62.39,61.01
03/04/2026,61.31,"8,344,048",60.9,61.46,60.115
03/03/2026,61.61,"9,201,048",62.05,63.06,60.5761
03/02/2026,61.64,"8,856,374",62.29,62.4925,60.61
02/27/2026,61.42,"12,160,120",60.42,61.77,60.25
02/26/2026,59.74,"9,819,813",58.6,59.99,58.52
02/25/2026,59.38,"8,613,014",58.5,59.6,58.5
02/24/2026,58.41,"8,558,072",58.95,59.11,57.63
02/23/2026,59.03,"7,552,845",60.51,61.25,58.63
02/20/2026,60.5,"12,245,690",60.0,60.89,59.61
02/19/2026,59.77,"14,132,700",59.77,61.24,59.01
02/18/2026,58.63,"12,993,640",56.28,59.55,55.8124
02/17/2026,57.75,"10,209,420",58.74,58.89,56.465
02/13/2026,58.7,"8,800,857",56.67,59.01,56.4242
02/12/2026,57.18,"12,153,210",57.0,57.86,56.16
02/11/2026,56.93,"6,922,811",56.02,57.34,55.78
02/10/2026,55.39,"6,836,753",56.16,56.25,55.24
02/09/2026,56.13,"9,427,394",55.56,56.735,55.12
02/06/2026,56.79,"5,698,786",55.6,56.99,55.565
02/05/2026,55.33,"7,899,181",54.9,55.68,54.01
02/04/2026,55.4,"8,148,793",56.21,56.56,54.87
02/03/2026,55.6,"6,862,507",54.58,55.62,54.1601
02/02/2026,54.75,"8,287,389",55.5,55.98,54.4851
01/30/2026,57.73,"13,670,460",56.48,58.275,55.99
01/29/2026,56.33,"9,028,730",57.19,57.2,55.69
01/28/2026,55.96,"8,530,339",54.68,56.01,53.701
01/27/2026,54.41,"10,539,640",56.01,56.17,53.92
01/26/2026,56.41,"10,568,670",56.31,56.9,54.875
01/23/2026,55.52,"14,642,400",55.7,56.43,55.25
01/22/2026,54.73,"16,383,580",55.5,55.7,54.04
01/21/2026,54.83,"19,122,630",53.05,55.1391,52.8
01/20/2026,51.48,"25,605,760",52.83,53.4,50.92
01/16/2026,50.54,"10,116,760",49.9,51.01,49.52
01/15/2026,49.92,"9,943,977",49.69,50.93,49.255
01/14/2026,50.26,"14,541,050",50.84,51.0,49.93
01/13/2026,51.59,"6,635,320",52.69,53.141,51.13
01/12/2026,52.15,"19,161,340",51.5,52.45,50.94
01/09/2026,51.09,"11,206,820",52.11,52.66,50.45
01/08/2026,52.2,"13,227,300",54.31,54.58,51.74
01/07/2026,54.49,"9,055,213",53.34,54.69,53.01
01/06/2026,53.41,"12,789,510",52.76,53.421,52.22
01/05/2026,53.35,"12,428,830",52.9,53.52,51.03
01/02/2026,53.46,"4,214,366",53.35,53.65,52.53
12/31/2025,53.6,"5,411,402",54.04,54.34,53.15
12/30/2025,54.63,"4,387,681",55.0,55.2,54.475
12/29/2025,54.54,"7,115,204",54.0,54.725,53.83
12/26/2025,53.93,"4,706,064",54.28,54.41,53.565
12/24/2025,53.89,"3,448,235",54.03,54.54,53.64
12/23/2025,54.52,"6,385,146",54.28,54.74,53.675
12/22/2025,53.5,"7,705,354",53.84,54.3699,53.13
12/19/2025,53.87,"11,653,010",53.81,54.585,53.755
12/18/2025,53.76,"8,107,493",54.22,55.41,53.44
12/17/2025,54.36,"8,145,782",53.69,54.5,53.27
12/16/2025,53.32,"9,445,494",54.66,54.66,52.735
12/15/2025,55.17,"10,307,440",55.57,55.58,53.955
12/12/2025,55.57,"8,652,014",56.29,56.38,55.02
12/11/2025,56.07,"10,417,520",56.87,56.87,55.27
12/10/2025,57.25,"7,558,591",58.74,58.79,56.99
12/09/2025,58.52,"6,050,836",58.73,59.18,58.3
12/08/2025,58.66,"9,770,215",60.42,60.49,58.4103
12/05/2025,60.68,"9,006,782",60.75,62.23,60.28
12/04/2025,60.07,"11,361,780",61.08,62.0,59.22
12/03/2025,61.17,"9,413,909",59.09,61.5173,58.7
12/02/2025,58.6,"7,324,638",60.47,60.47,58.49
12/01/2025,60.52,"8,318,694",60.66,61.21,59.89
11/28/2025,60.86,"4,653,296",59.43,61.165,58.945
11/26/2025,59.0,"5,671,259",57.37,59.34,57.25
11/25/2025,56.76,"8,376,947",56.9,57.875,56.11
11/24/2025,57.54,"11,711,130",56.76,57.71,55.26
11/21/2025,57.03,"10,655,860",56.11,57.3725,55.13
11/20/2025,56.35,"8,745,700",59.29,60.51,56.28
11/19/2025,58.89,"7,889,878",58.78,59.19,57.56
11/18/2025,58.75,"6,400,932",58.475,59.005,57.68
11/17/2025,59.04,"7,681,886",59.59,60.66,58.69
11/14/2025,59.9,"10,974,910",59.05,60.5,57.9
11/13/2025,60.25,"8,005,210",60.85,61.26,60.15
11/12/2025,60.84,"9,286,734",60.03,61.17,60.03
11/11/2025,60.69,"9,165,460",59.4,61.06,59.24
11/10/2025,58.94,"7,437,493",58.49,59.285,57.97
11/07/2025,57.97,"5,783,726",56.17,57.99,55.755
11/06/2025,56.28,"7,328,178",56.79,57.94,55.545
11/05/2025,55.99,"5,957,319",55.66,57.1,55.11
11/04/2025,55.85,"6,999,455",55.03,56.72,54.28
11/03/2025,55.86,"6,800,749",53.74,55.91,53.4325
10/31/2025,53.58,"5,219,893",53.01,53.89,52.94
10/30/2025,52.45,"7,456,624",52.01,53.28,51.5061
10/29/2025,51.8,"6,876,624",52.47,53.3989,50.91
10/28/2025,52.18,"4,096,017",53.51,53.51,52.05
10/27/2025,53.75,"6,532,542",53.84,54.35,53.0
10/24/2025,53.7,"6,192,892",53.75,54.005,52.91
10/23/2025,53.56,"8,870,576",54.35,54.74,52.075
10/22/2025,53.49,"11,441,230",55.3,56.98,53.0
10/21/2025,55.71,"6,655,897",55.86,56.88,55.58
10/20/2025,56.45,"5,639,901",55.35,57.05,55.12
10/17/2025,54.08,"5,227,868",53.49,54.53,52.55
10/16/2025,53.24,"7,800,794",55.63,56.23,52.79
10/15/2025,55.44,"5,544,546",53.94,55.53,53.75
10/14/2025,53.29,"5,442,546",52.74,53.83,51.66
10/13/2025,53.66,"3,574,862",53.22,53.835,52.76
10/10/2025,53.12,"5,368,791",54.7,55.36,53.11
10/09/2025,54.92,"6,125,879",57.1,57.1,54.55
10/08/2025,56.41,"8,202,354",57.16,57.16,55.55
10/07/2025,57.16,"8,432,846",57.09,57.545,56.31
10/06/2025,57.19,"7,929,417",56.59,57.3,55.515
10/03/2025,56.03,"7,589,273",55.6,56.4775,55.0356
10/02/2025,55.76,"11,823,310",55.96,57.35,55.04
10/01/2025,56.16,"12,094,090",54.25,57.08,54.01
09/30/2025,54.43,"12,118,280",53.99,55.31,53.96
09/29/2025,54.46,"10,445,750",53.96,54.97,53.61
09/26/2025,54.06,"11,639,770",53.74,54.945,53.46
09/25/2025,53.93,"11,605,300",52.91,54.955,52.75
09/24/2025,53.08,"11,991,350",51.2,53.56,51.185
09/23/2025,50.95,"8,825,315",50.12,51.37,49.83
09/22/2025,49.97,"8,402,271",49.02,50.28,48.6
09/19/2025,49.19,"26,614,750",49.3,49.515,48.51
09/18/2025,49.39,"8,327,444",50.14,50.21,48.97
09/17/2025,49.99,"8,570,438",50.01,50.99,49.76
09/16/2025,49.95,"12,419,370",50.2,50.5,48.47
09/15/2025,49.98,"5,337,719",50.81,51.06,49.92
09/12/2025,50.94,"4,746,818",51.41,52.01,50.75
09/11/2025,50.96,"4,500,103",50.75,51.22,50.46
09/10/2025,51.17,"5,281,660",50.42,52.0,50.12
09/09/2025,50.25,"5,589,577",50.8,51.4,50.04
09/08/2025,50.76,"6,974,320",52.39,52.56,50.65
09/05/2025,51.6,"4,959,682",51.57,51.98,50.51
09/04/2025,51.8,"4,997,896",51.75,52.03,50.66
09/03/2025,51.55,"5,245,726",52.42,53.0,51.11
09/02/2025,52.38,"8,339,806",51.2,52.81,51.0121
08/29/2025,51.84,"6,319,087",52.21,52.47,51.67
08/28/2025,52.36,"7,432,468",51.35,52.54,50.85
08/27/2025,51.35,"7,541,276",52.75,53.165,51.14
08/26/2025,52.71,"9,503,811",51.86,52.89,50.8
08/25/2025,51.81,"5,110,117",51.76,52.54,51.52
08/22/2025,51.97,"4,768,318",52.05,52.84,51.66
08/21/2025,52.05,"4,557,668",51.4,52.19,51.06
08/20/2025,51.34,"5,348,459",50.72,51.375,50.42
08/19/2025,50.54,"6,083,866",49.9,50.73,49.57
08/18/2025,50.5,"10,794,130",51.07,51.1,49.4
08/15/2025,52.85,"10,069,020",52.24,53.38,52.18
08/14/2025,52.05,"5,292,014",51.53,52.79,51.19
08/13/2025,51.48,"7,803,843",51.83,52.11,51.03
08/12/2025,51.27,"7,430,755",51.44,51.55,50.42
08/11/2025,51.82,"5,264,417",51.51,51.91,51.125
08/08/2025,51.29,"4,540,308",51.45,51.93,50.63
08/07/2025,51.24,"4,552,067",51.47,52.42,51.165
08/06/2025,51.46,"5,117,274",52.0,52.11,51.12
08/05/2025,51.69,"6,134,892",52.0,52.125,51.12
08/04/2025,51.87,"6,784,231",52.47,52.8,51.47
08/01/2025,52.34,"7,274,935",53.08,53.31,52.1
07/31/2025,53.75,"7,027,695",53.28,54.48,53.11
07/30/2025,53.36,"10,705,040",52.72,53.72,52.22
07/29/2025,53.1,"9,167,324",52.47,53.7,52.21
07/28/2025,51.91,"15,091,210",52.55,52.7538,51.07
07/25/2025,52.19,"8,472,457",53.91,54.0,51.705
07/24/2025,54.03,"12,622,170",52.38,54.53,52.37
07/23/2025,51.96,"24,393,130",53.3,53.97,51.26
07/22/2025,54.34,"13,814,480",53.29,54.66,53.06
07/21/2025,53.54,"14,668,920",57.8,57.985,53.465
07/18/2025,59.19,"6,067,207",59.36,59.615,58.15
07/17/2025,58.75,"6,118,647",59.07,59.35,58.43
07/16/2025,59.18,"10,269,270",59.2,60.31,58.86
07/15/2025,58.24,"9,774,690",58.3,58.6,56.71
07/14/2025,58.28,"9,983,226",55.45,58.36,55.39
07/11/2025,55.33,"5,152,765",54.43,55.42,54.14
07/10/2025,54.52,"8,487,009",54.84,55.05,53.42
07/09/2025,54.88,"8,462,947",54.85,55.255,53.75
07/08/2025,54.86,"9,849,866",56.81,56.9,54.375
07/07/2025,56.16,"6,809,378",55.16,56.255,54.76
07/03/2025,55.31,"4,295,628",56.07,56.39,54.705
07/02/2025,56.14,"9,724,314",55.85,56.38,54.97
07/01/2025,55.72,"11,290,950",58.03,58.09,55.2
06/30/2025,58.32,"11,140,930",57.98,58.88,57.72
06/27/2025,58.31,"10,530,900",58.21,58.55,57.61
06/26/2025,58.15,"7,422,386",58.18,58.5525,57.57
06/25/2025,58.23,"7,702,743",60.16,60.315,58.16
06/24/2025,60.34,"6,717,091",59.18,60.78,58.9
06/23/2025,59.37,"8,520,722",60.8,61.02,59.13
06/20/2025,60.44,"11,714,650",59.44,60.8,58.78
06/18/2025,59.37,"7,527,236",59.43,60.2,58.2
06/17/2025,58.87,"6,883,005",58.5,59.11,57.89
06/16/2025,58.17,"9,217,059",56.93,58.75,56.89
06/13/2025,56.84,"7,732,932",55.88,56.96,54.32
06/12/2025,55.52,"4,919,746",54.22,55.56,53.94
06/11/2025,53.97,"5,060,619",54.02,54.68,53.74
06/10/2025,53.73,"8,012,320",55.24,55.545,53.4
06/09/2025,54.9,"7,188,157",56.08,56.08,54.61
06/06/2025,56.39,"3,826,206",55.61,56.72,55.33
06/05/2025,55.33,"4,424,374",55.79,55.795,54.94
06/04/2025,55.49,"4,438,804",56.54,56.74,55.3
06/03/2025,56.65,"8,247,071",56.77,56.89,55.97
06/02/2025,56.66,"7,686,084",56.45,57.19,55.75
05/30/2025,55.13,"7,853,812",55.0,55.61,54.48
05/29/2025,55.37,"3,493,443",55.61,56.02,55.12
05/28/2025,55.5,"5,046,508",56.73,57.0278,55.12
05/27/2025,56.56,"5,229,234",56.08,56.61,55.3
05/23/2025,55.61,"6,813,696",55.25,56.02,55.15
05/22/2025,55.69,"7,733,177",55.99,56.32,55.23
05/21/2025,55.71,"5,669,335",55.84,56.28,55.04
05/20/2025,56.14,"5,806,342",55.88,57.37,55.525
05/19/2025,55.56,"6,377,598",55.55,56.085,54.921
05/16/2025,55.86,"4,375,030",55.84,56.04,55.43
05/15/2025,56.0,"9,102,916",55.55,57.0399,55.55
05/14/2025,56.36,"6,017,673",55.66,56.66,55.35
05/13/2025,56.2,"8,429,879",55.07,56.67,54.8
05/12/2025,54.49,"12,305,930",56.05,56.11,54.01
05/09/2025,55.62,"7,707,873",53.9,55.65,53.56
05/08/2025,53.4,"9,416,743",54.41,54.59,53.22
05/07/2025,53.96,"7,086,852",53.685,54.57,53.07
05/06/2025,53.45,"6,405,842",53.53,53.89,52.67
05/05/2025,53.52,"9,242,505",51.95,53.89,51.86
05/02/2025,51.85,"6,651,956",51.62,51.91,50.82
05/01/2025,50.36,"7,661,680",49.31,51.6,48.93
04/30/2025,49.44,"11,852,330",50.15,50.25,48.94
04/29/2025,51.22,"6,302,293",50.48,51.63,49.7
04/28/2025,51.12,"9,331,206",49.98,51.38,49.7578
04/25/2025,50.24,"9,360,339",48.66,50.35,48.31
04/24/2025,48.82,"10,317,770",49.6,49.76,48.3
04/23/2025,48.75,"16,265,020",50.03,50.41,47.14
04/22/2025,48.57,"6,595,534",48.14,49.14,47.95
04/21/2025,47.68,"8,263,778",50.25,50.4,47.29
04/17/2025,50.98,"5,000,505",51.23,51.765,50.82
04/16/2025,50.85,"6,418,892",50.52,51.94,50.49
04/15/2025,50.74,"5,226,361",49.62,51.0,49.57
04/14/2025,49.97,"4,377,336",50.49,50.769,49.64
04/11/2025,49.65,"8,898,856",48.19,50.494,47.76
04/10/2025,48.49,"9,685,226",48.81,49.23,46.84
04/09/2025,50.17,"17,700,380",46.4,50.86,44.85
04/08/2025,47.49,"17,665,730",49.82,50.44,46.84
04/07/2025,47.31,"13,411,820",44.63,49.94,44.55
04/04/2025,46.11,"21,964,300",49.18,49.7,43.57
04/03/2025,52.09,"10,916,350",51.53,53.6549,51.415
04/02/2025,54.62,"7,609,959",53.11,55.25,52.92
04/01/2025,53.88,"5,996,651",53.67,54.55,53.16
03/31/2025,53.43,"5,614,093",52.69,53.94,52.15
03/28/2025,53.01,"4,971,425",52.16,53.15,52.15
03/27/2025,52.32,"8,091,032",53.15,53.25,51.42
03/26/2025,52.92,"7,311,824",54.83,55.3369,52.8
03/25/2025,54.25,"4,418,145",54.15,54.6493,54.02
03/24/2025,54.0,"5,899,973",53.43,54.555,53.1517
03/21/2025,52.88,"12,816,130",53.18,53.5,52.66
03/20/2025,53.73,"9,073,662",53.3,54.5,53.0401
03/19/2025,53.6,"4,574,722",52.84,53.88,52.34
03/18/2025,52.56,"5,469,550",52.78,53.3175,52.2
03/17/2025,51.66,"6,562,576",50.49,51.845,50.49
03/14/2025,50.72,"5,463,174",49.47,50.88,48.64
03/13/2025,48.86,"4,969,026",48.63,49.48,48.14
03/12/2025,48.95,"4,518,774",49.66,50.0,48.26
03/11/2025,49.11,"8,335,236",48.16,50.17,47.88
03/10/2025,47.49,"10,368,770",47.43,47.69,46.43
03/07/2025,47.0,"9,484,892",45.585,47.28,45.18
03/06/2025,46.16,"12,033,210",49.1,49.43,45.97
03/05/2025,50.13,"9,444,313",49.79,50.34,48.76
03/04/2025,50.0,"11,402,000",48.645,51.21,47.48
03/03/2025,48.71,"9,834,371",48.85,49.42,48.03
02/28/2025,48.17,"9,469,493",46.33,48.26,46.2
02/27/2025,46.63,"12,620,650",49.06,49.35,46.39
02/26/2025,48.79,"7,373,761",49.54,49.86,48.64
02/25/2025,48.84,"8,150,349",50.0,50.07,47.98
02/24/2025,50.08,"12,209,000",50.07,50.65,49.0
02/21/2025,50.24,"13,804,190",52.5,52.54,49.79
02/20/2025,52.56,"11,249,200",53.5,54.01,51.73
02/19/2025,54.24,"12,170,240",54.97,56.66,54.04
02/18/2025,53.78,"10,206,960",53.62,54.55,52.7
02/14/2025,53.43,"5,553,013",52.94,53.82,52.77
02/13/2025,52.87,"6,130,135",52.6,53.23,51.92
02/12/2025,52.37,"7,830,390",53.61,54.11,51.63
02/11/2025,53.76,"9,272,927",53.58,54.53,53.17
02/10/2025,53.5,"5,074,221",51.58,53.68,51.51
02/07/2025,51.11,"10,669,480",51.2,51.98,50.735
02/06/2025,51.43,"7,719,903",53.12,53.56,51.125
02/05/2025,52.95,"4,083,118",52.13,53.1,51.92
02/04/2025,52.15,"5,127,431",51.42,52.339,51.27
02/03/2025,52.18,"7,163,247",51.81,52.93,50.96
01/31/2025,51.12,"5,758,566",52.02,52.07,50.86
01/30/2025,51.65,"5,434,988",50.93,52.0695,50.875
01/29/2025,50.62,"6,216,077",50.0,51.1,49.83
01/28/2025,49.9,"9,917,210",49.08,50.0,48.24
01/27/2025,48.46,"21,581,840",51.26,51.3,47.59
01/24/2025,53.68,"6,025,593",53.52,53.885,53.225
01/23/2025,53.58,"6,778,701",53.67,53.77,52.8943
01/22/2025,53.4,"7,782,406",54.1,54.85,53.37
01/21/2025,53.43,"9,929,480",52.57,53.46,52.23
01/17/2025,52.96,"7,702,765",52.8,53.79,52.3652
01/16/2025,53.78,"7,555,754",52.19,53.98,52.1
01/15/2025,52.44,"10,475,730",52.0,52.995,51.62
01/14/2025,50.69,"7,396,734",50.05,51.21,49.935
01/13/2025,50.08,"9,289,975",49.1,50.115,48.79
01/10/2025,49.0,"10,527,480",49.58,50.0274,48.86
01/08/2025,49.0,"7,887,191",48.26,49.2,48.19
01/07/2025,48.15,"4,851,932",47.65,48.52,47.3
01/06/2025,47.64,"6,793,326",48.0,48.29,47.38
01/03/2025,47.02,"8,235,989",47.8,48.33,46.39
01/02/2025,47.35,"10,169,210",47.0,47.59,45.92
12/31/2024,46.11,"4,902,773",46.23,46.6,45.91
12/30/2024,46.59,"9,723,837",46.35,46.76,45.06
12/27/2024,44.32,"4,508,290",44.17,44.9797,43.96
12/26/2024,44.18,"2,712,338",44.16,44.64,43.71
12/24/2024,44.58,"2,013,642",44.09,44.76,43.63
12/23/2024,43.86,"4,813,955",43.0,43.995,42.85
12/20/2024,42.99,"12,909,010",42.59,43.641,42.42
12/19/2024,42.65,"6,921,876",43.59,43.73,42.59
12/18/2024,42.54,"7,449,316",44.15,44.365,42.2675
12/17/2024,44.2,"7,058,896",44.36,44.59,43.86
12/16/2024,44.82,"5,326,706",45.59,45.816,44.64
12/13/2024,45.59,"8,514,983",45.82,46.12,45.12
12/12/2024,45.86,"4,701,197",45.5,46.31,45.275
12/11/2024,45.58,"9,615,068",43.55,45.9,43.39
12/10/2024,43.05,"6,095,841",43.23,43.82,42.73
12/09/2024,43.27,"5,774,320",43.99,44.2,43.07
12/06/2024,43.33,"7,158,107",44.19,44.51,43.21
12/05/2024,44.45,"7,874,338",45.35,45.54,44.36
12/04/2024,44.69,"7,524,044",44.7,44.81,43.84
12/03/2024,44.81,"4,868,321",44.58,45.1,44.35
12/02/2024,44.53,"6,497,879",45.0,45.33,43.93
11/29/2024,45.44,"2,469,060",45.7,45.93,45.355
11/27/2024,45.28,"4,702,248",45.18,45.87,44.8
11/26/2024,45.56,"7,663,481",45.96,46.19,44.83
11/25/2024,45.99,"20,758,510",47.58,47.92,45.9
11/22/2024,45.92,"10,015,310",46.44,47.025,45.71
11/21/2024,46.89,"11,367,850",47.64,48.02,46.805
11/20/2024,46.54,"18,788,490",44.97,46.86,44.47
11/19/2024,44.08,"5,675,065",43.51,44.33,43.32
11/18/2024,44.28,"7,274,811",42.99,44.615,42.64
11/15/2024,42.71,"4,711,865",42.88,43.44,42.45
11/14/2024,42.86,"7,217,987",43.38,43.61,42.38
11/13/2024,43.31,"7,714,025",43.76,43.94,43.225
11/12/2024,43.78,"8,423,014",43.73,44.28,43.48
11/11/2024,43.98,"9,569,058",42.48,44.06,41.93
11/08/2024,41.22,"6,873,711",40.58,41.58,40.52
11/07/2024,40.69,"6,239,714",40.21,40.75,39.46
11/06/2024,40.21,"12,582,220",38.76,40.81,38.73
11/05/2024,37.54,"6,392,706",36.84,38.0,36.77
11/04/2024,36.8,"6,788,731",35.7,37.28,35.6
11/01/2024,35.62,"7,274,280",36.87,36.95,35.445
10/31/2024,36.54,"6,555,823",38.52,38.7,36.5
10/30/2024,38.57,"9,989,297",37.28,38.83,37.1
10/29/2024,37.31,"7,254,026",37.33,37.61,36.975
10/28/2024,37.31,"5,027,130",36.9,37.49,36.61
10/25/2024,37.48,"6,633,652",37.14,37.77,36.635
10/24/2024,36.96,"4,559,263",36.42,37.19,36.04
10/23/2024,36.19,"7,354,824",36.05,36.3,35.7
10/22/2024,35.97,"4,663,930",36.57,36.57,35.96
10/21/2024,36.36,"4,495,769",36.7,36.78,36.1
10/18/2024,36.49,"5,360,451",37.06,37.08,36.01
10/17/2024,37.06,"4,594,730",36.96,37.08,36.51
10/16/2024,36.68,"4,304,196",36.49,36.86,36.39
10/15/2024,36.28,"5,318,859",36.1,37.0,35.99
10/14/2024,36.6,"4,483,791",37.13,37.195,36.485
10/11/2024,37.41,"5,047,030",36.36,37.56,36.36
10/10/2024,36.62,"3,970,290",36.51,36.7294,36.19
10/09/2024,36.55,"5,347,433",36.75,37.065,36.43
10/08/2024,37.07,"10,857,800",36.98,37.24,36.3
10/07/2024,37.3,"6,957,678",36.88,37.36,36.545
10/04/2024,36.94,"10,143,020",37.94,38.16,36.94
10/03/2024,37.67,"12,309,670",37.12,37.785,36.64
10/02/2024,36.77,"9,145,339",36.99,37.05,36.365
10/01/2024,36.25,"6,610,937",36.25,36.73,35.89
09/30/2024,36.64,"8,664,975",36.43,37.135,36.29
09/27/2024,36.53,"6,441,684",36.15,37.11,35.9624
09/26/2024,35.51,"7,221,791",35.0,35.69,35.0
09/25/2024,35.16,"5,574,611",35.66,35.82,34.89
09/24/2024,35.64,"5,984,882",36.08,36.375,35.63
09/23/2024,35.96,"8,604,943",35.0,36.36,34.955
09/20/2024,34.83,"10,596,250",34.57,35.15,34.01
09/19/2024,34.73,"7,468,200",34.25,34.98,33.82
09/18/2024,33.53,"4,495,969",33.33,33.76,32.885
09/17/2024,33.27,"6,247,280",33.69,33.905,33.21
09/16/2024,33.55,"5,492,099",33.25,33.8,33.085
09/13/2024,33.19,"7,092,365",33.6,33.9,32.83
09/12/2024,32.86,"8,351,494",32.69,33.08,31.665
09/11/2024,32.88,"7,822,167",32.2,33.15,31.89
09/10/2024,32.12,"5,504,838",32.16,32.38,31.455
09/09/2024,31.91,"5,876,800",32.25,32.645,31.88
09/06/2024,32.36,"7,131,879",32.81,33.2,32.15
09/05/2024,32.82,"5,155,531",33.01,33.1,32.21
09/04/2024,32.66,"5,387,054",32.99,33.75,32.535
09/03/2024,32.92,"6,376,819",33.04,33.21,32.18
08/30/2024,33.51,"4,609,171",33.31,33.665,33.15
08/29/2024,33.51,"5,088,811",32.71,33.66,32.59
08/28/2024,32.6,"3,454,664",32.61,32.6399,32.05
08/27/2024,32.75,"4,042,485",33.0,33.13,32.53
08/26/2024,33.19,"6,432,825",33.88,34.15,33.13
08/23/2024,33.64,"4,549,119",33.0,33.66,32.85
08/22/2024,32.9,"5,904,700",33.08,33.48,32.71
08/21/2024,33.1,"6,830,847",33.49,33.59,32.62
08/20/2024,33.24,"6,502,356",33.5,33.615,32.72
08/19/2024,33.72,"9,237,750",32.44,33.9,32.3
08/16/2024,32.15,"5,089,311",31.44,32.38,31.42
08/15/2024,31.78,"7,319,121",30.95,31.86,30.8825
08/14/2024,31.48,"8,678,157",31.55,31.755,31.01
08/13/2024,31.15,"10,566,600",32.08,32.1,30.98
08/12/2024,32.26,"8,768,025",31.46,32.33,31.36
08/09/2024,31.1,"5,845,419",30.93,31.415,30.59
08/08/2024,30.96,"7,107,582",30.28,31.18,30.25
08/07/2024,30.22,"10,023,330",31.22,31.665,30.17
08/06/2024,30.81,"7,245,824",30.49,31.195,30.21
08/05/2024,30.21,"8,526,547",30.85,30.89,30.02
08/02/2024,31.57,"9,078,198",33.22,33.23,31.405
08/01/2024,33.59,"8,194,668",34.43,34.52,33.46
07/31/2024,34.51,"8,432,044",35.0,35.35,34.34
07/30/2024,34.81,"8,323,766",33.9,34.86,33.75
07/29/2024,34.07,"7,386,144",34.49,34.6,33.81
07/26/2024,34.31,"7,690,909",34.29,34.6,33.665
07/25/2024,34.38,"11,098,280",34.88,35.47,34.145
07/24/2024,35.1,"15,384,820",35.6,36.28,35.04
07/23/2024,35.05,"13,451,850",35.85,35.87,35.01
07/22/2024,35.67,"13,474,270",36.29,36.67,35.52
07/19/2024,35.88,"66,340,090",35.04,35.92,34.95
07/18/2024,35.35,"9,161,269",36.08,36.24,35.255
07/17/2024,35.6,"10,959,000",35.87,36.785,35.345
07/16/2024,35.88,"8,664,125",37.03,37.03,35.77
07/15/2024,36.83,"6,411,389",37.25,37.39,36.52
07/12/2024,37.21,"3,692,407",37.55,37.565,36.91
07/11/2024,37.19,"3,456,428",36.83,37.26,36.645
07/10/2024,36.64,"3,776,878",36.55,36.71,36.03
07/09/2024,36.54,"5,905,893",36.11,36.66,35.67
07/08/2024,36.38,"3,571,247",36.7,36.905,36.265
07/05/2024,36.32,"7,089,330",36.78,37.025,36.03
07/03/2024,37.04,"2,643,384",36.91,37.635,36.855
07/02/2024,36.96,"6,241,921",36.97,37.43,36.59
07/01/2024,36.69,"4,633,135",36.9,37.09,36.24
06/28/2024,36.98,"9,817,030",37.5,37.62,36.8
06/27/2024,37.28,"4,984,897",38.15,38.42,36.865
06/26/2024,37.76,"6,202,575",38.63,38.67,37.275
06/25/2024,38.55,"5,830,056",38.16,38.6,38.03
06/24/2024,38.52,"7,641,653",37.25,38.56,37.245
06/21/2024,36.97,"17,253,660",37.76,37.84,36.91
06/20/2024,37.76,"6,158,305",38.11,38.64,37.725
06/18/2024,38.2,"6,687,641",38.71,38.88,38.14
06/17/2024,38.57,"7,236,597",39.15,39.48,38.01
06/14/2024,39.34,"5,897,956",40.22,40.28,39.295
06/13/2024,40.3,"5,369,427",40.49,40.83,39.875
06/12/2024,40.77,"9,574,057",41.66,41.775,40.53
06/11/2024,41.17,"8,933,228",41.0,41.418,40.6
06/10/2024,41.13,"7,348,731",40.84,41.58,40.61
06/07/2024,40.54,"2,879,055",40.3,40.815,40.04
06/06/2024,40.66,"3,578,971",40.87,41.12,40.255
06/05/2024,40.94,"6,537,088",40.64,41.205,40.44
06/04/2024,40.62,"5,297,796",40.71,40.84,40.11
06/03/2024,40.98,"6,901,646",41.9,42.08,40.52
05/31/2024,41.09,"9,975,478",41.32,41.7,40.965
05/30/2024,41.2,"5,073,567",40.69,41.555,40.66
05/29/2024,40.69,"4,903,960",40.97,41.07,40.465
05/28/2024,41.24,"6,194,747",40.52,41.7,40.34
05/24/2024,40.15,"6,920,313",40.05,40.84,39.95
05/23/2024,39.91,"16,515,710",41.53,42.12,39.73
05/22/2024,41.21,"5,188,030",40.84,41.33,40.21
05/21/2024,41.19,"4,063,943",41.62,42.08,41.18
05/20/2024,41.92,"5,553,783",41.43,42.445,41.39
05/17/2024,41.17,"5,199,633",40.97,41.485,40.58
05/16/2024,40.51,"6,355,211",40.98,42.13,40.49
05/15/2024,40.93,"3,742,937",40.92,40.96,40.16
05/14/2024,40.71,"4,554,079",40.0,40.74,39.805
05/13/2024,39.79,"6,086,552",39.17,39.8175,38.785
05/10/2024,38.93,"5,645,034",40.13,40.215,38.74
05/09/2024,40.02,"3,978,545",40.18,40.325,39.76
05/08/2024,39.91,"4,432,029",40.15,40.41,39.78
05/07/2024,40.51,"5,961,244",40.82,41.37,40.49
05/06/2024,41.04,"6,081,006",40.83,41.47,40.56
05/03/2024,40.27,"5,993,122",39.93,40.405,39.66
05/02/2024,39.48,"5,026,287",39.04,39.67,38.81
05/01/2024,38.66,"8,342,501",39.8,39.81,38.295
04/30/2024,40.09,"7,630,648",41.4,41.47,40.06
04/29/2024,41.05,"5,849,486",40.52,41.25,40.52
04/26/2024,40.61,"7,059,896",40.2,40.73,39.55
04/25/2024,40.41,"9,380,080",39.4,41.04,39.21
04/24/2024,39.43,"11,735,100",38.58,39.8505,37.88
04/23/2024,37.98,"7,640,337",37.8,38.525,37.55
04/22/2024,37.97,"10,531,570",36.49,38.15,36.45
04/19/2024,36.65,"4,957,492",36.0,36.695,35.91
04/18/2024,36.22,"6,788,452",36.2,36.785,36.12
04/17/2024,36.04,"5,246,753",35.95,36.77,35.91
04/16/2024,36.2,"4,914,894",36.28,36.52,35.24
04/15/2024,36.52,"5,710,990",37.3,37.635,36.43
04/12/2024,37.25,"5,580,607",37.73,38.41,37.13
04/11/2024,37.49,"6,009,203",37.95,37.98,36.94
04/10/2024,37.71,"6,232,579",37.97,38.245,37.545
04/09/2024,37.95,"6,560,867",36.94,37.95,36.94
04/08/2024,36.84,"4,993,821",36.64,37.025,36.45
04/05/2024,36.48,"3,684,323",36.54,36.72,36.09
04/04/2024,36.76,"5,666,994",37.76,37.84,36.66
04/03/2024,37.19,"5,626,853",36.98,37.255,36.68
04/02/2024,36.87,"4,541,346",37.0,37.08,36.53
04/01/2024,37.11,"6,531,933",37.33,37.5,36.605
03/28/2024,37.07,"9,857,438",36.3,37.4,36.12
03/27/2024,36.07,"7,136,418",34.69,36.07,34.62
03/26/2024,34.95,"6,988,749",35.04,35.29,34.75
03/25/2024,34.82,"6,541,877",34.48,34.975,34.43
03/22/2024,34.36,"4,897,494",34.3,34.4,34.135
03/21/2024,34.36,"5,584,975",33.95,34.41,33.78
03/20/2024,33.82,"7,017,321",33.23,34.0,33.17
03/19/2024,33.56,"7,376,470",33.28,33.805,33.2
03/18/2024,33.4,"5,769,870",33.68,33.87,33.31
03/15/2024,33.43,"23,927,090",33.89,34.06,32.99
03/14/2024,33.78,"11,838,380",34.3,34.3,33.205
03/13/2024,34.01,"11,279,980",34.38,34.525,33.995
03/12/2024,34.52,"12,828,560",34.78,34.89,33.82
03/11/2024,34.61,"28,488,730",34.9,35.47,33.63
03/08/2024,37.52,"2,788,376",37.4,37.73,37.095
03/07/2024,37.26,"3,106,450",37.71,37.84,37.17
03/06/2024,37.59,"4,344,389",38.22,38.23,37.265
03/05/2024,37.99,"2,898,954",37.48,38.31,37.32
03/04/2024,37.54,"4,843,454",37.85,38.19,37.4
03/01/2024,37.01,"9,281,710",37.17,37.41,36.82
02/29/2024,37.15,"5,415,198",36.68,37.31,36.6
02/28/2024,36.58,"3,375,615",36.67,36.995,36.39
02/27/2024,36.52,"3,174,319",37.15,37.28,36.39
02/26/2024,36.74,"4,569,679",37.43,37.7,36.47
02/23/2024,37.01,"5,777,625",36.76,37.315,36.325
02/22/2024,37.32,"6,677,741",36.48,37.555,36.13
02/21/2024,37.3,"12,919,200",35.32,38.24,35.3
02/20/2024,33.73,"6,013,601",34.6,34.6,33.545
02/16/2024,34.7,"4,934,614",34.5,35.06,34.04
02/15/2024,34.49,"7,970,939",33.44,34.745,33.19
02/14/2024,32.96,"13,748,760",32.73,33.6,32.07
02/13/2024,34.1,"6,480,697",34.42,34.66,33.72
02/12/2024,34.93,"5,205,470",34.66,35.36,34.385
02/09/2024,34.33,"3,616,765",34.5,34.82,34.21
02/08/2024,34.75,"4,380,419",34.0,34.85,33.87
02/07/2024,34.23,"4,576,687",34.37,34.51,33.842
02/06/2024,34.23,"3,247,537",34.12,34.62,33.91
02/05/2024,34.18,"4,790,032",34.78,34.88,34.14
02/02/2024,35.04,"3,834,266",35.01,35.39,34.58
02/01/2024,35.06,"3,652,986",35.58,35.76,34.87
01/31/2024,35.4,"4,259,783",36.22,36.25,35.37
01/30/2024,36.15,"3,431,102",35.44,36.5,35.37
01/29/2024,35.82,"3,882,346",35.77,35.85,35.155
01/26/2024,35.88,"4,477,758",35.97,36.05,35.195
01/25/2024,36.06,"3,800,104",35.99,36.07,35.27
01/24/2024,35.66,"4,359,369",35.56,36.245,35.47
01/23/2024,35.26,"3,559,800",35.44,35.68,35.005
01/22/2024,35.38,"7,055,568",34.89,35.67,34.77
01/19/2024,35.33,"6,086,337",35.05,35.35,34.64
01/18/2024,35.21,"6,872,628",35.9,36.02,34.84
01/17/2024,35.96,"5,684,878",35.74,36.34,35.71
01/16/2024,36.3,"5,563,949",36.91,37.37,36.2525
01/12/2024,37.82,"4,357,238",37.96,38.39,37.395
01/11/2024,37.05,"6,627,528",37.54,38.11,37.02
01/10/2024,37.71,"4,098,201",37.71,37.88,37.23
01/09/2024,38.07,"6,252,494",38.53,38.59,37.65
01/08/2024,38.21,"6,001,833",38.015,38.28,37.12
01/05/2024,38.71,"8,312,331",38.1,38.71,37.55
01/04/2024,38.2,"5,823,471",39.4,39.4,38.17
01/03/2024,38.73,"8,412,430",38.77,38.99,38.18
01/02/2024,38.92,"4,707,210",39.11,39.32,38.5827
12/29/2023,38.66,"2,090,992",38.95,39.3,38.655
12/28/2023,39.02,"4,005,609",39.2,39.8801,38.99
12/27/2023,39.18,"3,209,018",39.53,39.66,38.94
12/26/2023,39.21,"2,657,062",39.0,39.56,39.0
12/22/2023,38.99,"3,310,982",39.08,39.33,38.8
12/21/2023,39.02,"5,239,594",38.52,39.05,38.2
12/20/2023,38.0,"7,190,931",38.85,39.1,37.88
12/19/2023,38.84,"7,433,584",38.57,38.875,37.68
12/18/2023,38.91,"6,630,774",39.23,39.56,38.71
12/15/2023,38.44,"19,031,860",38.84,38.86,37.99
12/14/2023,38.82,"9,302,462",37.63,38.83,37.38
12/13/2023,37.26,"6,643,341",36.15,37.29,35.96
12/12/2023,36.01,"6,437,763",36.32,36.65,35.845
12/11/2023,36.89,"5,518,773",36.26,37.23,36.12
12/08/2023,37.13,"4,769,202",37.25,37.34,36.52
12/07/2023,36.99,"6,629,514",36.96,37.1891,36.09
12/06/2023,36.87,"6,001,766",38.2,38.67,36.825
12/05/2023,38.36,"2,946,760",39.28,39.538,38.33
12/04/2023,38.97,"6,762,535",39.65,39.91,38.81
12/01/2023,40.24,"3,301,567",39.81,40.505,39.65
11/30/2023,39.96,"11,829,010",40.25,40.79,39.25
11/29/2023,39.75,"4,361,687",40.1,40.11,39.31
11/28/2023,39.85,"4,504,033",40.36,40.48,39.735
11/27/2023,40.23,"3,773,165",40.51,40.51,39.7
11/24/2023,40.85,"1,873,406",39.95,41.1,39.95
11/22/2023,40.32,"3,271,292",39.38,40.56,39.18
11/21/2023,40.02,"3,956,452",39.97,40.355,39.42
11/20/2023,40.09,"3,285,274",40.27,40.48,39.69
11/17/2023,40.37,"4,711,554",39.85,40.85,39.78
11/16/2023,40.05,"6,232,563",40.73,41.14,39.28
11/15/2023,41.33,"5,968,354",39.98,41.72,39.84
11/14/2023,39.9,"3,782,636",39.83,40.5,39.545
11/13/2023,39.8,"3,706,125",39.53,40.06,39.21
11/10/2023,39.13,"4,538,545",39.79,39.9,38.62
11/09/2023,39.41,"3,042,631",40.09,40.295,39.33
11/08/2023,39.89,"4,498,756",40.53,41.0,39.6
11/07/2023,40.76,"5,791,547",41.72,41.76,40.28
11/06/2023,42.51,"5,785,425",44.19,44.47,42.11
11/03/2023,44.72,"5,232,847",44.07,45.23,44.05
11/02/2023,44.35,"3,782,956",42.7,44.5,42.53
11/01/2023,42.72,"4,276,260",42.23,43.06,41.56
10/31/2023,42.38,"4,464,768",41.35,42.5,41.06
10/30/2023,41.18,"8,406,714",41.48,42.25,40.39
10/27/2023,41.95,"4,425,326",43.16,43.21,41.4
10/26/2023,42.81,"7,130,183",40.5,43.14,39.58
10/25/2023,42.02,"4,324,440",42.78,42.78,41.815
10/24/2023,42.53,"3,859,891",42.55,42.72,42.07
10/23/2023,42.27,"5,288,664",41.83,42.48,41.32
10/20/2023,42.35,"4,358,211",42.97,43.025,41.81
10/19/2023,43.09,"4,183,925",43.75,44.15,42.97
10/18/2023,43.68,"5,559,612",44.66,44.66,43.05
10/17/2023,44.26,"6,792,518",43.64,44.655,43.36
10/16/2023,43.5,"4,329,318",43.5,43.6,42.415
10/13/2023,43.37,"4,254,844",43.85,44.2,43.32
10/12/2023,43.41,"3,933,125",43.55,43.945,43.16
10/11/2023,43.55,"4,939,146",43.31,43.73,42.63
10/10/2023,44.09,"4,067,611",44.29,44.55,43.605
10/09/2023,44.35,"4,894,264",43.09,44.43,43.09
10/06/2023,42.79,"7,244,604",41.305,43.175,41.235
10/05/2023,41.09,"6,080,023",39.7,41.4,39.59
10/04/2023,39.65,"5,614,927",39.42,40.04,38.98
10/03/2023,39.62,"5,685,819",39.05,39.645,38.68
10/02/2023,39.09,"5,434,409",40.32,40.32,38.645
09/29/2023,40.58,"4,413,426",40.36,40.7575,40.21
09/28/2023,40.44,"4,248,035",39.63,40.63,39.59
09/27/2023,39.61,"6,979,472",39.47,40.22,39.3
09/26/2023,38.96,"4,629,962",38.55,39.43,38.4
09/25/2023,38.92,"3,444,478",38.45,39.18,38.17
09/22/2023,38.45,"4,931,352",39.02,39.5,38.315
09/21/2023,38.74,"6,346,431",40.16,40.16,38.57
09/20/2023,40.0,"5,928,723",40.37,40.975,39.99
09/19/2023,40.99,"8,309,253",41.65,41.9,40.73
09/18/2023,41.19,"5,821,839",41.44,41.715,41.035
09/15/2023,41.53,"7,924,220",42.129,42.54,41.355
09/14/2023,42.59,"4,590,164",43.54,43.74,42.33
09/13/2023,42.95,"3,865,326",43.74,43.985,42.92
09/12/2023,43.77,"4,218,034",42.83,43.77,42.69
09/11/2023,42.21,"4,219,936",42.73,43.13,41.73
09/08/2023,42.48,"6,495,239",42.09,42.495,41.78
09/07/2023,41.76,"4,977,959",42.48,42.545,41.575
09/06/2023,42.33,"5,157,802",42.97,43.48,42.0
09/05/2023,43.21,"3,681,285",43.94,44.01,43.18
09/01/2023,44.22,"3,947,863",43.67,44.24,43.17
08/31/2023,43.22,"4,111,371",42.95,43.35,42.56
08/30/2023,42.99,"4,573,975",42.76,43.24,42.7
08/29/2023,42.74,"3,446,105",42.08,42.77,41.77
08/28/2023,42.35,"3,021,391",42.5,42.64,41.99
08/25/2023,42.04,"2,931,046",41.88,42.48,41.79
08/24/2023,41.7,"4,174,487",41.49,42.42,41.38
08/23/2023,41.75,"6,881,590",42.27,42.49,41.61
08/22/2023,43.4,"3,408,095",44.44,44.57,43.36
08/21/2023,44.57,"7,609,715",44.0,44.88,43.78
08/18/2023,43.47,"5,191,535",42.52,43.48,42.45
08/17/2023,42.91,"6,028,266",42.95,43.585,42.26
08/16/2023,41.98,"2,991,732",41.94,42.57,41.825
08/15/2023,42.2,"3,292,225",42.33,42.53,41.8
08/14/2023,42.9,"4,426,557",43.07,43.11,42.565
08/11/2023,43.05,"2,615,758",42.7,43.27,42.6
08/10/2023,42.79,"4,668,194",43.52,43.98,42.56
08/09/2023,44.05,"17,814,350",43.99,44.36,43.29
08/08/2023,42.91,"3,436,422",41.17,42.93,41.0
08/07/2023,42.15,"3,285,795",42.16,42.91,41.99
08/04/2023,41.8,"3,330,086",42.0,42.565,41.38
08/03/2023,41.73,"2,855,741",41.31,42.32,40.86
08/02/2023,40.86,"4,832,071",41.13,41.2,39.93
08/01/2023,41.67,"6,217,591",41.59,42.14,41.2
07/31/2023,42.18,"6,317,477",41.86,42.42,41.83
07/28/2023,42.28,"7,959,930",42.17,42.645,41.71
07/27/2023,41.42,"5,563,882",42.02,42.36,40.89
07/26/2023,41.52,"11,333,320",39.08,42.39,38.68
07/25/2023,39.64,"6,480,512",39.8,39.865,39.11
07/24/2023,39.7,"8,656,203",39.75,39.915,39.01
07/21/2023,39.9,"4,802,329",41.03,41.11,39.8825
07/20/2023,40.82,"6,619,042",40.31,40.9,39.94
07/19/2023,39.87,"5,704,989",39.75,39.98,39.2
07/18/2023,39.64,"5,411,308",38.72,39.98,38.48
07/17/2023,38.46,"4,345,141",38.06,38.68,37.94
07/14/2023,38.21,"6,568,628",39.35,39.39,38.1
07/13/2023,39.41,"7,509,172",39.82,40.28,39.245
07/12/2023,39.78,"6,444,346",40.51,40.93,39.745
07/11/2023,40.56,"5,176,750",40.49,41.0,40.15
07/10/2023,40.29,"5,699,173",39.53,40.61,39.47
07/07/2023,39.71,"6,409,716",39.39,40.54,39.295
07/06/2023,39.28,"4,714,281",40.19,40.31,38.635
07/05/2023,40.4,"6,226,836",40.84,40.94,40.12
07/03/2023,40.68,"2,483,409",40.9,41.33,40.68
06/30/2023,41.13,"6,114,657",41.2,41.41,40.48
06/29/2023,41.04,"6,786,750",39.7,41.07,39.7
06/28/2023,39.75,"6,273,495",40.46,40.47,39.7
06/27/2023,40.34,"7,890,677",39.82,40.6,39.4395
06/26/2023,40.21,"4,491,623",39.405,40.555,39.34
06/23/2023,39.18,"5,336,936",38.65,39.4,38.64
06/22/2023,39.46,"5,371,436",39.63,39.8,39.15
06/21/2023,39.78,"6,017,273",39.54,40.0,39.19
06/20/2023,39.3,"6,407,434",39.7,39.94,38.82
06/16/2023,39.64,"11,570,090",39.27,39.8799,39.19
06/15/2023,38.95,"6,870,514",38.73,40.11,38.73
06/14/2023,38.45,"5,691,261",39.2,39.2,38.12
06/13/2023,38.94,"5,180,720",38.66,39.3,38.53
06/12/2023,38.31,"5,690,565",38.18,38.52,37.785
06/09/2023,38.55,"4,287,161",38.72,39.21,38.36
06/08/2023,38.97,"4,525,898",38.76,39.005,38.13
06/07/2023,38.81,"6,574,386",37.5,39.03,37.5
06/06/2023,37.36,"5,376,340",35.58,37.38,35.55
06/05/2023,36.04,"5,351,610",37.3,37.4,35.775
06/02/2023,36.55,"7,768,843",35.75,36.95,35.28
06/01/2023,35.1,"7,046,645",34.8,35.41,34.44
05/31/2023,34.77,"8,888,545",35.21,35.32,34.455
05/30/2023,35.07,"9,168,864",35.35,35.5,34.16
05/26/2023,36.09,"9,711,123",36.45,36.68,35.46
05/25/2023,36.49,"10,365,050",36.01,36.58,35.59
05/24/2023,36.54,"7,896,735",36.15,36.56,35.685
05/23/2023,35.85,"4,725,732",36.6,36.6775,35.77
05/22/2023,36.31,"6,103,107",35.46,36.79,35.37
05/19/2023,36.23,"7,847,558",37.48,37.5,35.77
05/18/2023,36.84,"9,080,478",34.78,37.0,34.69
05/17/2023,34.81,"6,324,275",35.01,35.055,34.24
05/16/2023,34.81,"9,003,970",35.25,35.775,34.615
05/15/2023,35.14,"11,037,540",33.89,35.63,33.7
05/12/2023,33.45,"8,723,576",32.35,33.59,31.665
05/11/2023,31.9,"4,082,830",31.73,32.295,31.58
05/10/2023,32.2,"4,374,926",32.49,32.545,31.855
05/09/2023,32.32,"4,711,686",31.91,33.1,31.76
05/08/2023,32.29,"3,551,639",33.27,33.32,32.205
05/05/2023,32.35,"5,570,431",31.9,32.815,31.84
05/04/2023,31.04,"6,690,951",31.31,31.9,30.84
05/03/2023,31.5,"6,197,548",32.3,32.69,31.39
05/02/2023,32.83,"6,745,647",33.67,33.89,32.125
05/01/2023,34.27,"5,711,156",34.4,34.86,33.895
04/28/2023,34.84,"9,171,822",34.17,35.195,33.71
04/27/2023,33.54,"11,116,480",32.75,34.04,32.55
04/26/2023,31.36,"4,249,513",31.34,31.73,31.03
04/25/2023,31.71,"4,604,747",32.36,32.43,31.31
04/24/2023,32.74,"3,831,874",32.52,32.98,32.255
04/21/2023,32.59,"5,345,282",32.72,32.965,32.16
04/20/2023,32.73,"7,028,672",32.91,33.27,32.495
04/19/2023,33.22,"4,631,351",32.69,33.23,32.4
04/18/2023,33.31,"4,487,817",32.805,33.56,32.74
04/17/2023,32.79,"5,177,302",33.89,34.22,32.75
04/14/2023,33.14,"4,718,129",33.0,33.28,32.65
04/13/2023,32.87,"5,959,807",32.64,33.21,32.53
04/12/2023,32.65,"5,668,775",33.5,33.63,32.52
04/11/2023,33.42,"7,340,507",32.615,33.52,32.26
04/10/2023,33.39,"5,931,198",32.82,33.89,32.77
04/06/2023,32.12,"5,491,103",32.28,32.515,31.69
04/05/2023,32.6,"4,878,091",32.695,32.83,31.675
04/04/2023,32.48,"6,649,973",32.06,32.568,31.3725
04/03/2023,31.8,"7,089,164",32.84,32.9,31.31
03/31/2023,31.91,"5,194,012",31.81,32.43,31.57
03/30/2023,31.29,"3,931,604",31.64,31.66,30.88
03/29/2023,31.45,"4,215,956",31.17,31.605,30.79
03/28/2023,30.9,"5,624,688",30.44,31.415,29.945
03/27/2023,30.44,"7,115,249",30.75,30.83,29.61
03/24/2023,30.56,"6,922,060",29.19,30.735,29.09
03/23/2023,29.53,"6,478,698",29.83,30.545,29.05
03/22/2023,29.51,"7,467,860",30.93,31.04,29.5
03/21/2023,31.0,"5,584,652",30.755,31.17,30.07
03/20/2023,30.16,"7,154,524",29.5,30.575,29.4
03/17/2023,29.37,"11,748,430",29.83,30.16,29.07
03/16/2023,30.12,"6,226,171",28.45,30.14,28.37
03/15/2023,28.83,"10,060,470",29.33,29.78,28.105
03/14/2023,30.69,"5,927,261",30.41,31.39,29.91
03/13/2023,30.28,"7,437,588",29.72,31.31,29.25
03/10/2023,30.41,"5,943,916",31.155,31.5,30.145
03/09/2023,31.34,"7,839,825",32.27,32.57,31.1949
03/08/2023,32.16,"4,420,833",32.92,33.015,31.735
03/07/2023,32.95,"4,618,376",32.95,33.44,32.71
03/06/2023,32.95,"6,854,227",33.22,33.5318,32.5
03/03/2023,34.35,"5,488,524",33.09,34.555,33.04
03/02/2023,33.36,"4,276,795",33.23,33.675,32.78
03/01/2023,33.3,"6,691,783",32.91,33.67,32.455
02/28/2023,33.18,"6,443,471",33.7,34.06,32.835
02/27/2023,33.53,"8,911,630",34.75,34.8,33.25
02/24/2023,34.73,"14,461,430",32.53,34.765,32.09
02/23/2023,32.49,"8,605,290",32.73,33.04,31.835
02/22/2023,31.98,"8,786,338",30.84,32.61,30.5546
02/21/2023,30.44,"7,779,903",31.29,31.68,30.0114
02/17/2023,31.25,"9,391,337",31.16,31.465,30.55
02/16/2023,31.83,"13,292,040",31.27,33.17,31.16
02/15/2023,30.62,"7,068,681",30.51,30.64,29.955
02/14/2023,31.08,"6,477,589",30.8,31.51,30.547
02/13/2023,30.86,"7,716,900",31.31,31.37,30.465
02/10/2023,31.67,"8,807,165",30.73,31.7599,30.64
02/09/2023,30.5,"8,840,648",30.03,31.47,29.945
02/08/2023,29.81,"7,082,464",30.38,30.41,29.01
02/07/2023,30.66,"7,569,387",30.27,30.69,29.64
02/06/2023,29.98,"9,594,241",31.3,31.46,29.655
02/03/2023,31.26,"4,354,929",31.74,32.26,31.07
02/02/2023,31.84,"6,949,137",31.67,32.71,31.265
02/01/2023,31.63,"7,411,196",32.07,32.34,30.88
01/31/2023,32.67,"5,435,521",32.26,32.69,32.01
01/30/2023,32.15,"4,530,815",32.2,32.855,32.07
01/27/2023,32.93,"4,212,857",33.3,33.6,32.78
01/26/2023,33.1,"8,649,609",33.19,33.3,31.94
01/25/2023,33.22,"6,709,159",33.73,33.73,32.6
01/24/2023,34.21,"5,973,508",34.87,35.45,33.32
01/23/2023,35.24,"5,546,768",34.48,35.45,34.1
01/20/2023,33.95,"5,079,013",34.1,34.57,33.514
01/19/2023,33.93,"5,313,522",33.56,34.405,33.28
01/18/2023,33.65,"6,420,219",34.86,35.125,33.59
01/17/2023,35.19,"6,394,975",35.36,35.9799,34.9
01/13/2023,34.81,"5,677,768",34.49,34.875,33.93
01/12/2023,34.96,"8,560,554",33.85,35.165,33.74
01/11/2023,33.4,"7,014,611",34.6,34.61,33.13
01/10/2023,34.04,"7,295,307",34.5,34.77,33.755
01/09/2023,34.67,"7,163,721",34.13,35.33,34.13
01/06/2023,33.34,"6,557,927",32.08,33.85,32.08
01/05/2023,32.08,"9,156,509",32.6,33.22,31.95
01/04/2023,33.21,"7,902,110",31.66,34.06,31.5
01/03/2023,31.82,"8,233,814",32.67,33.68,31.585
12/30/2022,33.83,"3,655,806",33.5,33.99,33.37
12/29/2022,33.87,"4,116,874",33.2,34.09,33.03
12/28/2022,33.5,"5,874,111",35.89,35.89,33.41
12/27/2022,36.34,"4,243,388",36.5,37.02,36.06
12/23/2022,36.21,"4,191,535",35.23,36.23,34.64
12/22/2022,35.0,"5,613,919",36.29,36.43,34.445
12/21/2022,36.64,"4,150,996",36.94,37.11,36.2
12/20/2022,36.14,"3,985,723",35.8,36.25,35.38
12/19/2022,36.11,"4,458,869",36.58,36.94,35.77
12/16/2022,37.24,"17,388,890",37.24,37.58,36.28
12/15/2022,38.23,"7,604,581",37.5,39.17,37.4
12/14/2022,37.81,"6,502,980",37.49,38.47,37.08
12/13/2022,37.11,"6,138,367",38.1,38.21,36.93
12/12/2022,36.91,"8,646,148",36.84,37.88,36.33
12/09/2022,35.67,"5,462,394",36.0,36.6199,35.59
12/08/2022,35.69,"8,102,453",37.13,37.58,35.35
12/07/2022,36.73,"6,071,536",36.85,36.92,36.03
12/06/2022,36.91,"5,139,835",36.8,37.46,36.55
12/05/2022,37.07,"8,568,755",39.42,39.83,36.79
12/02/2022,39.93,"6,529,683",40.78,41.34,39.515
12/01/2022,41.52,"4,306,695",42.91,43.39,41.19
11/30/2022,42.41,"6,100,957",42.9,43.17,41.63
11/29/2022,42.66,"3,167,725",41.88,42.7085,41.77
11/28/2022,41.52,"6,179,812",41.45,42.45,41.025
11/25/2022,43.03,"1,711,769",43.41,43.76,42.91
11/23/2022,43.56,"6,000,243",44.39,44.98,43.29
11/22/2022,43.78,"7,160,413",41.95,44.59,41.95
11/21/2022,41.33,"5,433,951",40.5,41.34,39.33
11/18/2022,41.03,"4,387,424",40.48,41.25,39.88
11/17/2022,41.69,"3,606,224",41.13,41.78,40.53
11/16/2022,41.49,"4,288,846",42.78,42.96,40.78
11/15/2022,43.76,"4,500,031",42.72,43.77,42.16
11/14/2022,42.37,"6,739,915",43.41,44.53,42.33
11/11/2022,42.62,"7,255,975",43.65,44.0154,41.34
11/10/2022,42.9,"4,008,240",41.9,42.98,41.05
11/09/2022,40.84,"7,213,054",42.83,43.23,40.79
11/08/2022,43.94,"6,350,043",43.35,44.005,42.2
11/07/2022,44.18,"8,365,029",42.57,44.75,42.547
11/04/2022,41.08,"6,079,781",40.37,41.145,39.43
11/03/2022,39.35,"5,142,385",39.865,40.8499,39.3
11/02/2022,40.47,"6,945,963",40.96,42.07,39.98
11/01/2022,40.75,"6,965,057",42.37,42.52,40.21
10/31/2022,41.84,"10,788,100",39.93,42.38,39.78
10/28/2022,38.68,"8,361,379",39.45,40.12,36.79
10/27/2022,39.1,"11,762,320",37.2,41.1,36.78
10/26/2022,39.01,"12,472,660",39.22,40.08,38.56
10/25/2022,39.6,"13,084,080",38.16,39.62,37.65
10/24/2022,38.33,"8,140,341",38.16,38.94,37.64
10/21/2022,37.88,"14,156,450",40.29,40.47,37.48
10/20/2022,40.74,"6,118,465",42.4,42.41,40.66
10/19/2022,42.21,"7,130,021",41.59,42.29,40.66
10/18/2022,41.81,"6,233,902",42.61,43.73,41.7
10/17/2022,41.81,"5,733,015",41.09,41.98,40.32
10/14/2022,41.13,"5,623,473",43.78,44.45,41.06
10/13/2022,44.37,"5,678,106",42.74,44.6,42.21
10/12/2022,43.55,"3,962,539",43.83,44.19,42.5701
10/11/2022,43.55,"4,628,249",41.77,44.185,41.77
10/10/2022,42.77,"4,904,985",43.85,44.84,42.735
10/07/2022,43.17,"6,203,709",43.88,44.92,43.07
10/06/2022,43.94,"5,541,529",45.05,45.91,43.75
10/05/2022,45.34,"6,524,400",45.15,45.53,43.23
10/04/2022,44.91,"8,962,437",42.87,44.975,42.39
10/03/2022,41.75,"9,169,848",40.8,42.31,40.75
09/30/2022,40.75,"102,622,300",39.1,40.77,38.89
09/29/2022,39.53,"8,045,867",40.19,40.29,38.15
09/28/2022,40.81,"9,025,088",39.52,40.957,38.73
09/27/2022,39.29,"8,878,040",40.0,40.88,39.03
09/26/2022,39.38,"8,878,338",40.82,41.379,39.15
09/23/2022,41.26,"10,573,420",42.56,42.68,39.72
09/22/2022,44.63,"6,841,413",45.84,47.33,44.37
09/21/2022,45.39,"4,188,884",47.75,48.07,45.37
09/20/2022,46.56,"6,055,231",47.16,47.68,46.43
09/19/2022,47.34,"6,636,551",44.97,47.68,44.605
09/16/2022,46.06,"21,973,900",47.68,47.68,44.635
09/15/2022,48.09,"8,878,670",48.97,49.96,48.05
09/14/2022,50.6,"10,330,120",49.81,51.97,49.42
09/13/2022,47.91,"6,277,650",49.47,50.57,47.75
09/12/2022,50.3,"6,114,760",48.71,50.33,48.11
09/09/2022,48.35,"5,647,616",47.78,49.045,47.06
09/08/2022,47.1,"5,642,581",46.43,47.727,45.46
09/07/2022,46.0,"8,643,063",44.51,46.79,44.34
09/06/2022,45.43,"10,190,820",46.44,47.0,45.29
09/02/2022,47.28,"5,294,702",46.95,47.53,45.82
09/01/2022,46.31,"5,305,787",47.15,48.11,46.18
08/31/2022,47.8,"6,520,156",45.55,48.6185,45.39
08/30/2022,46.87,"7,905,213",48.87,48.95,45.81
08/29/2022,50.01,"6,012,651",48.95,51.4,48.87
08/26/2022,49.67,"5,789,372",49.69,50.96,49.34
08/25/2022,49.48,"6,555,362",49.92,49.92,48.1
08/24/2022,49.69,"6,913,227",48.03,50.22,47.575
08/23/2022,47.84,"12,887,400",50.04,51.73,47.1424
08/22/2022,49.12,"6,516,365",48.29,50.01,47.76
08/19/2022,47.7,"4,117,909",47.53,48.75,47.27
08/18/2022,48.24,"5,304,106",47.83,48.54,46.8654
08/17/2022,47.11,"4,899,014",47.45,48.22,45.5801
08/16/2022,47.19,"7,738,881",48.09,49.05,46.84
08/15/2022,45.25,"4,957,004",44.0,45.34,42.64
08/12/2022,46.19,"3,631,010",45.75,46.22,44.86
08/11/2022,45.8,"6,495,225",44.84,46.3,43.71
08/10/2022,43.51,"4,462,014",42.86,43.57,41.46
08/09/2022,42.91,"5,163,775",42.45,44.03,42.13
08/08/2022,41.34,"3,865,769",41.88,42.44,41.28
08/05/2022,42.28,"4,815,333",40.34,43.38,40.19
08/04/2022,41.25,"5,936,192",42.44,43.06,41.035
08/03/2022,42.79,"8,098,303",42.04,43.34,40.65
08/02/2022,41.88,"4,760,197",42.21,42.46,41.01
08/01/2022,42.31,"6,573,016",43.04,43.33,41.36
07/29/2022,44.03,"6,524,422",43.56,44.64,43.36
07/28/2022,42.75,"10,544,260",44.77,46.6,42.06
07/27/2022,45.44,"6,593,864",45.45,45.89,44.31
07/26/2022,45.57,"7,732,999",46.23,46.71,45.0
07/25/2022,44.98,"7,656,215",43.02,45.18,42.19
07/22/2022,42.23,"6,981,344",43.32,43.94,42.16
07/21/2022,42.44,"7,828,833",40.43,42.58,40.06
07/20/2022,41.21,"6,241,078",38.86,41.41,38.58
07/19/2022,39.14,"4,494,954",37.54,39.265,37.35
07/18/2022,37.86,"5,414,644",37.3,38.93,37.3
07/15/2022,36.62,"5,779,562",36.45,36.745,35.27
07/14/2022,36.12,"9,928,405",35.36,36.555,34.65
07/13/2022,36.66,"6,925,288",34.22,37.63,34.2
07/12/2022,34.39,"5,250,712",33.36,34.87,33.135
07/11/2022,34.56,"4,644,726",35.31,35.94,34.0466
07/08/2022,34.2,"4,742,185",34.8,34.86,33.57
07/07/2022,34.54,"6,952,231",32.89,35.06,32.63
07/06/2022,31.65,"9,023,139",32.58,33.45,31.025
07/05/2022,32.22,"11,865,830",33.65,33.73,31.8
07/01/2022,34.27,"9,259,061",34.9,35.12,33.76
06/30/2022,34.4,"17,164,430",36.48,37.5,33.645
06/29/2022,37.52,"10,386,230",38.86,39.23,37.3
06/28/2022,38.24,"7,147,487",37.58,38.37,36.78
06/27/2022,36.65,"6,713,383",35.62,37.0,34.61
06/24/2022,35.09,"11,336,380",33.47,35.45,33.09
06/23/2022,33.14,"9,555,972",35.27,35.565,32.6
06/22/2022,35.08,"6,414,480",34.425,36.1,34.25
06/21/2022,36.8,"7,103,667",36.68,37.33,35.92
06/17/2022,35.94,"13,505,050",38.66,38.82,35.12
06/16/2022,38.59,"8,783,184",40.96,40.96,37.89
06/15/2022,41.24,"8,215,643",41.56,42.48,39.7
06/14/2022,40.83,"11,843,280",45.6,45.6,39.97
06/13/2022,45.07,"7,244,769",46.49,46.74,44.1
06/10/2022,47.96,"4,565,334",47.6,48.67,46.92
06/09/2022,48.07,"5,156,582",48.15,48.89,46.8
06/08/2022,48.97,"4,771,341",50.0,50.3,48.14
06/07/2022,49.78,"5,378,285",48.775,50.23,48.21
06/06/2022,49.02,"5,923,229",49.03,49.94,48.38
06/03/2022,47.99,"6,404,328",48.975,49.15,47.17
06/02/2022,48.87,"5,859,766",49.61,49.9,48.52
06/01/2022,49.8,"9,976,540",48.42,50.41,47.78
05/31/2022,47.72,"28,938,490",49.21,49.3,46.69
05/27/2022,48.43,"6,169,580",46.32,48.72,46.15
05/26/2022,47.4,"8,879,440",46.99,49.16,46.82
05/25/2022,46.85,"8,100,353",45.6,47.825,45.42
05/24/2022,45.12,"6,543,019",43.94,45.13,42.97
05/23/2022,44.48,"9,274,740",41.205,44.68,41.0
05/20/2022,40.85,"5,341,882",40.89,41.7899,39.99
05/19/2022,40.52,"7,184,149",39.25,41.54,39.16
05/18/2022,40.44,"8,617,026",42.5,42.6906,39.57
05/17/2022,42.47,"9,465,639",40.64,43.25,39.93
05/16/2022,39.76,"5,856,835",38.72,40.44,38.55
05/13/2022,38.2,"5,219,742",38.94,39.49,37.79
05/12/2022,37.71,"9,734,786",37.27,38.765,36.72
05/11/2022,37.81,"8,245,310",37.22,39.49,37.07
05/10/2022,36.6,"11,027,990",36.43,37.03,34.62
05/09/2022,36.55,"12,035,630",39.95,39.99,36.13
05/06/2022,41.05,"6,063,108",42.6,42.78,40.37
05/05/2022,41.92,"8,041,785",42.98,43.36,39.79
05/04/2022,42.95,"7,607,993",43.02,43.15,41.21
05/03/2022,42.06,"9,845,784",40.04,43.06,40.04
05/02/2022,39.45,"7,927,513",39.42,40.4,38.2
04/29/2022,39.75,"8,022,915",40.85,41.89,39.585
04/28/2022,40.59,"11,399,530",39.98,41.55,37.8
04/27/2022,39.57,"8,489,898",39.44,40.395,38.38
04/26/2022,38.94,"7,922,042",40.145,40.81,38.885
04/25/2022,39.7,"10,997,110",38.49,39.87,37.86
04/22/2022,39.74,"10,515,670",41.7,42.53,39.59
04/21/2022,42.04,"12,234,870",45.34,45.4,41.57
04/20/2022,44.65,"8,174,797",44.36,45.19,42.76
04/19/2022,43.97,"17,241,590",44.22,45.36,42.105
04/18/2022,45.5,"16,673,640",43.46,45.5,43.025
04/14/2022,42.36,"7,999,084",41.75,42.58,41.58
04/13/2022,41.82,"8,801,668",40.64,41.845,40.01
04/12/2022,40.1,"9,504,589",39.51,40.69,39.38
04/11/2022,39.17,"9,782,086",38.24,39.275,37.52
04/08/2022,38.31,"10,674,940",36.96,38.73,36.87
04/07/2022,36.34,"9,153,974",37.5,37.61,35.45
04/06/2022,37.32,"8,192,532",36.76,37.765,36.03
04/05/2022,36.23,"7,859,510",36.97,37.98,36.18
04/04/2022,36.36,"8,147,737",36.69,36.87,35.51
04/01/2022,36.03,"7,881,965",34.34,36.075,34.34
03/31/2022,34.41,"9,612,899",34.15,35.39,34.07
03/30/2022,34.17,"8,101,077",35.02,35.52,33.75
03/29/2022,34.01,"9,851,935",33.24,34.3,32.55
03/28/2022,34.9,"10,336,440",33.47,34.93,33.32
03/25/2022,34.33,"21,308,610",30.84,34.47,30.81
03/24/2022,30.74,"13,977,270",28.99,31.32,28.9
03/23/2022,28.7,"7,144,772",28.62,29.05,28.16
03/22/2022,28.2,"7,836,715",28.61,28.79,27.6
03/21/2022,28.42,"14,900,710",27.57,28.42,27.57
03/18/2022,27.12,"6,140,109",27.05,27.24,26.67
03/17/2022,27.05,"7,563,960",26.78,27.13,26.215
03/16/2022,26.07,"8,709,802",25.64,26.28,25.44
03/15/2022,25.64,"7,514,206",24.47,25.74,24.3
03/14/2022,25.42,"9,403,951",26.5,26.65,25.175
03/11/2022,27.0,"11,624,230",26.65,27.56,26.36
03/10/2022,26.98,"9,186,909",26.46,27.195,25.75
03/09/2022,26.13,"9,272,602",25.29,26.32,24.52
03/08/2022,25.61,"10,982,280",26.97,27.11,25.475
03/07/2022,26.52,"12,773,380",26.86,27.07,25.59
03/04/2022,26.36,"16,635,910",25.17,26.89,25.14
03/03/2022,24.85,"10,922,430",24.99,25.01,24.345
03/02/2022,24.88,"12,553,330",24.86,25.615,24.5
03/01/2022,24.42,"13,165,680",23.52,25.215,23.5
02/28/2022,23.14,"13,898,190",22.41,23.22,22.39
02/25/2022,22.76,"5,798,311",22.12,22.77,21.87
02/24/2022,22.23,"10,730,700",22.22,22.35,21.32
02/23/2022,21.82,"7,676,178",21.88,22.345,21.66
02/22/2022,21.62,"10,546,040",22.9,23.0,21.455
02/18/2022,22.32,"10,371,120",23.05,23.06,22.245
02/17/2022,23.21,"10,709,470",23.43,23.98,23.0
02/16/2022,23.42,"12,436,710",23.39,24.005,23.155
02/15/2022,23.1,"12,170,090",22.72,23.19,22.37
02/14/2022,22.77,"9,777,364",23.02,23.11,22.445
02/11/2022,22.93,"14,352,660",21.72,23.02,21.72
02/10/2022,21.67,"12,760,360",20.9,22.2,20.6301
02/09/2022,21.5,"7,082,316",21.11,21.63,21.08
02/08/2022,21.18,"6,084,825",21.22,21.415,20.865
02/07/2022,21.17,"7,961,457",21.18,21.475,20.72
02/04/2022,21.56,"6,953,982",21.48,22.04,21.225
02/03/2022,21.35,"7,482,667",21.62,22.16,21.33
02/02/2022,22.15,"8,967,982",22.3,22.38,21.58
02/01/2022,21.79,"8,735,101",21.04,22.06,20.91
01/31/2022,21.25,"7,465,215",21.29,21.41,20.37
01/28/2022,21.14,"11,020,940",20.59,21.445,20.44
01/27/2022,20.28,"12,123,340",20.18,20.34,19.2
01/26/2022,19.74,"9,838,649",20.72,21.04,19.53
01/25/2022,20.1,"8,526,797",20.42,20.47,19.71
01/24/2022,20.65,"8,623,491",20.0,20.72,19.62
01/21/2022,20.56,"8,110,571",21.0,21.0695,20.37
01/20/2022,21.12,"8,034,854",21.96,22.4,21.11
01/19/2022,22.2,"7,758,975",22.71,22.905,21.835
01/18/2022,22.67,"17,304,630",23.9,23.92,22.51
01/14/2022,23.79,"3,808,974",23.33,23.86,23.32
01/13/2022,23.51,"7,082,821",24.0,24.73,23.415
01/12/2022,24.66,"7,433,498",23.75,24.835,23.4917
01/11/2022,23.53,"9,279,667",23.13,23.66,22.84
01/10/2022,23.0,"7,701,744",23.01,23.28,22.42
01/07/2022,22.81,"6,050,918",22.06,22.82,22.045
01/06/2022,21.78,"4,040,625",22.19,22.32,21.47
01/05/2022,21.69,"4,995,055",22.91,23.2971,21.68
01/04/2022,22.41,"6,574,064",22.0,22.78,21.84
01/03/2022,21.82,"6,321,179",21.81,22.275,21.61
12/31/2021,21.81,"3,976,333",22.135,22.135,21.6
12/30/2021,22.04,"3,290,537",22.75,22.975,22.025
12/29/2021,22.8,"2,592,788",22.81,23.05,22.52
12/28/2021,22.87,"3,665,614",22.81,23.37,22.675
12/27/2021,22.82,"3,271,656",22.53,22.82,21.98
12/23/2021,22.13,"3,208,882",22.22,22.4627,21.86
12/22/2021,22.18,"5,146,373",21.33,22.21,21.09
12/21/2021,21.19,"6,161,755",21.4,21.93,21.105
12/20/2021,21.25,"6,876,063",20.8,21.475,20.5
12/17/2021,21.26,"9,781,677",21.34,21.62,20.99
12/16/2021,21.4,"6,540,055",21.25,22.175,21.17
12/15/2021,20.97,"7,484,014",21.35,21.37,20.325
12/14/2021,21.27,"10,546,090",20.81,21.54,20.4842
12/13/2021,20.12,"5,706,749",20.69,20.96,19.975
12/10/2021,20.86,"3,983,369",21.02,21.11,20.44
12/09/2021,20.71,"3,996,290",20.7,21.19,20.58
12/08/2021,20.97,"4,304,175",20.93,21.17,20.59
12/07/2021,20.55,"6,551,288",19.73,20.89,19.72
12/06/2021,19.73,"11,223,580",19.38,19.92,18.59
12/03/2021,19.57,"15,380,350",18.89,19.74,18.59
12/02/2021,18.55,"6,896,133",18.2,18.81,17.95
12/01/2021,18.36,"8,779,939",19.62,19.7,18.32
11/30/2021,19.43,"8,392,317",20.32,20.55,19.25
11/29/2021,20.71,"4,506,322",20.98,21.24,20.43
11/26/2021,20.99,"4,115,579",20.2,21.1,20.07
11/24/2021,21.3,"3,758,570",21.02,21.475,20.92
11/23/2021,21.13,"4,890,215",21.43,21.67,20.95
11/22/2021,20.89,"5,487,009",20.73,21.53,20.71
11/19/2021,20.82,"11,795,980",20.54,21.05,20.39
11/18/2021,21.1,"4,111,680",21.53,21.73,20.79
11/17/2021,21.39,"4,432,731",21.6,22.095,21.2299
11/16/2021,22.0,"5,668,147",22.11,22.315,21.465
11/15/2021,21.86,"7,354,959",21.53,22.08,20.97
11/12/2021,21.36,"4,889,097",21.07,21.7,20.9
11/11/2021,21.2,"7,398,266",19.75,21.25,19.73
11/10/2021,19.64,"7,424,238",20.06,20.16,19.17
11/09/2021,20.32,"6,401,152",20.59,20.68,19.7
11/08/2021,20.7,"4,867,893",20.85,21.1409,20.46
11/05/2021,20.58,"4,428,651",20.51,20.77,20.25
11/04/2021,20.37,"3,587,378",20.86,21.135,20.24
11/03/2021,20.43,"8,070,475",20.13,21.115,19.85
11/02/2021,20.38,"7,667,089",20.69,20.98,20.33
11/01/2021,20.62,"6,663,393",20.08,20.86,20.01
10/29/2021,19.91,"10,708,350",20.86,20.97,19.84
10/28/2021,20.66,"10,204,860",21.61,22.18,20.52
10/27/2021,22.09,"6,517,444",22.35,22.72,21.88
10/26/2021,22.53,"6,745,260",22.3,22.89,22.24
10/25/2021,22.51,"6,843,777",21.89,22.635,21.8
10/22/2021,21.4,"4,959,998",21.01,21.45,20.89
10/21/2021,20.72,"7,129,094",21.2,21.375,20.36
10/20/2021,21.37,"8,608,045",20.06,21.46,19.915
10/19/2021,20.25,"7,105,038",19.9,20.415,19.57
10/18/2021,20.06,"8,059,526",19.95,20.89,19.83
10/15/2021,19.81,"8,642,186",20.6,20.75,19.8
10/14/2021,20.43,"5,211,262",20.31,20.89,20.15
10/13/2021,19.85,"6,089,319",19.6,20.24,19.54
10/12/2021,19.83,"8,873,503",19.72,20.03,19.355
10/11/2021,19.9,"7,879,338",21.13,21.26,19.87
10/08/2021,20.88,"6,651,551",21.43,21.77,20.805
10/07/2021,21.3,"6,579,852",21.085,21.63,20.88
10/06/2021,20.99,"14,186,760",21.245,21.48,20.39
10/05/2021,21.62,"20,177,190",22.02,22.43,21.32
10/04/2021,21.48,"17,018,710",20.91,21.62,20.8
10/01/2021,20.62,"20,734,350",20.48,21.15,20.26
09/30/2021,20.46,"26,320,160",20.78,21.0,20.21
09/29/2021,20.74,"35,417,970",20.8,21.24,20.42
09/28/2021,22.08,"8,244,466",22.89,22.9,21.895
09/27/2021,22.34,"17,306,520",20.85,22.3927,20.71
09/24/2021,19.99,"7,175,206",19.41,20.43,19.3
09/23/2021,19.47,"6,784,631",19.08,19.63,18.87
09/22/2021,18.91,"6,763,907",18.74,19.23,18.65
09/21/2021,18.39,"6,920,244",18.92,18.99,18.03
09/20/2021,18.76,"8,672,893",18.51,19.11,18.4
09/17/2021,18.83,"14,395,570",19.23,19.4184,18.765
09/16/2021,19.36,"8,358,955",20.2,20.2799,19.36
09/15/2021,20.58,"10,348,740",19.84,20.84,19.74
09/14/2021,19.53,"9,187,847",20.19,20.25,19.36
09/13/2021,19.97,"14,294,490",19.85,20.54,19.77
09/10/2021,19.4,"10,191,010",20.19,20.475,19.33
09/09/2021,19.87,"9,614,095",19.91,20.35,19.585
09/08/2021,20.47,"10,385,780",20.75,21.305,20.185
09/07/2021,20.32,"7,873,207",20.62,20.88,19.96
09/03/2021,20.53,"7,236,659",19.77,20.75,19.64
09/02/2021,19.83,"7,102,338",18.89,19.95,18.82
09/01/2021,18.75,"4,179,985",18.37,18.96,18.24
08/31/2021,18.33,"6,152,246",17.97,18.71,17.85
08/30/2021,18.11,"4,579,247",18.62,18.74,18.02
08/27/2021,18.62,"7,383,319",17.69,18.93,17.69
08/26/2021,17.35,"8,644,715",17.42,18.08,17.29
08/25/2021,17.46,"5,202,641",16.52,17.49,16.355
08/24/2021,16.59,"5,640,933",16.75,16.88,16.41
08/23/2021,16.56,"7,390,803",16.56,16.875,16.285
08/20/2021,16.19,"4,487,003",16.14,16.605,16.02
08/19/2021,16.25,"7,729,467",16.18,16.36,15.71
08/18/2021,16.42,"7,070,443",17.02,17.18,16.385
08/17/2021,17.03,"6,735,334",17.13,17.55,16.74
08/16/2021,17.36,"5,563,204",17.67,17.83,17.26
08/13/2021,17.94,"3,073,631",18.76,18.84,17.9
08/12/2021,18.74,"4,265,763",19.0,19.19,18.375
08/11/2021,19.17,"4,100,224",19.02,19.255,18.72
08/10/2021,19.37,"3,986,831",19.22,19.47,19.03
08/09/2021,19.14,"8,372,331",18.26,19.17,18.13
08/06/2021,18.55,"6,543,306",18.29,18.59,17.91
08/05/2021,18.11,"5,606,220",18.145,18.63,18.0
08/04/2021,18.2,"6,584,861",17.88,18.36,17.59
08/03/2021,17.89,"5,632,850",17.57,18.22,17.33
08/02/2021,17.52,"10,886,330",18.19,18.36,17.5
07/30/2021,18.39,"8,770,465",18.35,18.49,17.77
07/29/2021,18.69,"17,248,840",19.07,19.72,18.18
07/28/2021,20.75,"3,654,132",20.52,21.05,20.23
07/27/2021,20.32,"3,654,900",20.59,20.8399,19.85
07/26/2021,20.87,"3,187,637",20.25,21.53,20.24
07/23/2021,20.22,"3,292,507",20.25,20.4199,19.51
07/22/2021,20.44,"2,702,868",20.61,20.7,20.0
07/21/2021,20.47,"4,783,247",19.8,20.63,19.64
07/20/2021,19.49,"5,379,479",18.9,19.59,18.61
07/19/2021,18.8,"5,205,923",18.58,18.99,18.25
07/16/2021,18.95,"3,387,600",20.18,20.25,18.805
07/15/2021,19.96,"2,374,975",20.29,20.6861,19.85
07/14/2021,20.51,"2,010,838",21.5,21.59,20.45
07/13/2021,21.39,"1,663,609",21.61,22.09,21.38
07/12/2021,21.4,"1,682,287",21.47,21.73,21.15
07/09/2021,21.71,"2,422,368",21.57,21.86,21.02
07/08/2021,21.34,"5,977,063",20.19,21.595,20.19
07/07/2021,20.55,"2,538,016",20.61,20.92,19.76
07/06/2021,20.68,"3,886,288",21.49,21.49,20.425
07/02/2021,21.61,"2,887,632",21.77,22.01,21.27
07/01/2021,22.14,"4,513,407",22.79,22.93,21.74
06/30/2021,22.26,"5,875,499",21.52,22.395,21.37
06/29/2021,21.16,"3,819,009",21.66,21.91,21.1
06/28/2021,21.37,"5,473,991",22.14,22.2,20.67
06/25/2021,22.03,"3,785,671",21.54,22.04,21.45
06/24/2021,21.4,"3,408,397",20.67,21.6,20.46
06/23/2021,20.67,"3,294,467",20.72,21.0,20.47
06/22/2021,20.35,"3,775,213",20.4,20.425,19.965
06/21/2021,20.41,"4,111,531",19.39,20.43,19.39
06/18/2021,19.34,"8,247,362",19.72,20.0365,19.27
06/17/2021,20.49,"7,332,438",21.255,21.27,20.29
06/16/2021,21.28,"3,774,223",21.77,21.86,20.96
06/15/2021,21.85,"4,094,182",22.52,22.75,21.55
06/14/2021,22.4,"4,670,223",23.01,23.24,22.235
06/11/2021,23.02,"3,192,011",22.87,23.18,22.74
06/10/2021,22.53,"3,311,358",22.69,23.0,22.35
06/09/2021,22.4,"2,986,408",22.7,22.84,22.39
06/08/2021,22.5,"3,795,839",21.76,22.5,21.46
06/07/2021,21.84,"3,536,540",21.41,22.05,21.29
06/04/2021,21.45,"3,162,460",21.59,21.67,20.965
06/03/2021,21.41,"3,121,922",21.69,21.69,21.13
06/02/2021,21.73,"3,908,647",21.75,21.99,21.37
06/01/2021,21.77,"5,271,354",21.41,22.19,21.3
05/28/2021,20.88,"3,484,623",20.96,20.96,20.375
05/27/2021,20.76,"3,598,437",21.0,21.445,20.75
05/26/2021,21.23,"2,891,633",20.8,21.26,20.56
05/25/2021,20.62,"3,707,921",21.29,21.48,20.6
05/24/2021,21.4,"4,278,147",22.37,22.58,21.34
05/21/2021,22.38,"4,143,733",22.26,22.61,21.94
05/20/2021,22.01,"3,313,516",22.49,22.62,21.92
05/19/2021,22.36,"4,269,423",21.98,22.74,21.931
05/18/2021,22.72,"3,226,283",23.0,23.16,22.51
05/17/2021,23.13,"5,438,534",21.65,23.16,21.6
05/14/2021,21.39,"3,552,491",20.47,21.42,20.35
05/13/2021,20.14,"3,955,155",20.56,20.83,19.82
05/12/2021,20.87,"4,351,844",21.22,21.79,20.79
05/11/2021,20.93,"3,905,223",20.58,21.24,20.32
05/10/2021,20.95,"4,979,452",20.96,21.53,20.66
05/07/2021,20.69,"9,881,662",18.67,20.7,18.65
05/06/2021,18.41,"19,303,890",19.79,19.96,17.7801
05/05/2021,20.18,"3,640,450",20.06,20.25,19.6
05/04/2021,19.91,"3,057,903",19.75,19.94,19.155
05/03/2021,19.75,"2,810,162",19.3,19.91,19.11
04/30/2021,19.1,"3,591,378",19.15,19.78,18.96
04/29/2021,19.33,"3,040,225",19.6,19.87,18.79
04/28/2021,19.54,"4,150,984",18.76,19.74,18.6809
04/27/2021,18.64,"3,214,878",18.53,18.96,18.265
04/26/2021,18.32,"4,403,575",17.55,18.63,17.47
04/23/2021,17.72,"3,421,153",17.78,17.98,17.67
04/22/2021,17.73,"3,115,010",17.35,17.91,17.08
04/21/2021,17.38,"3,113,096",17.1,17.74,17.03
04/20/2021,17.38,"4,994,241",17.52,17.7,17.26
04/19/2021,17.52,"2,833,132",17.53,17.74,17.155
04/16/2021,17.55,"2,470,918",17.86,17.86,17.31
04/15/2021,17.67,"3,377,403",17.62,17.835,17.09
04/14/2021,17.62,"4,301,007",17.0,18.1,17.0
04/13/2021,16.87,"3,454,430",16.82,16.99,16.55
04/12/2021,16.8,"4,218,735",17.48,17.84,16.76
04/09/2021,17.19,"3,746,666",17.53,17.6792,17.045
04/08/2021,17.72,"4,810,388",17.8,17.96,17.12
04/07/2021,18.06,"3,954,016",18.51,18.5825,17.84
04/06/2021,18.45,"3,359,935",18.16,18.71,18.14
04/05/2021,18.1,"4,589,007",18.78,18.79,17.95
04/01/2021,18.96,"4,335,746",18.7,19.03,18.36
03/31/2021,18.58,"6,655,304",18.15,18.795,17.895
03/30/2021,18.23,"5,325,243",19.11,19.37,18.13
03/29/2021,19.27,"5,855,198",19.55,20.36,19.23
03/26/2021,19.71,"6,604,207",18.99,19.85,18.61
03/25/2021,18.59,"7,592,664",17.36,18.66,17.11
03/24/2021,17.54,"4,377,512",18.19,18.45,17.53
03/23/2021,17.94,"5,109,255",18.36,18.74,17.82
03/22/2021,18.47,"3,139,777",18.31,18.73,18.07
03/19/2021,18.47,"8,042,261",17.6,18.62,17.11
03/18/2021,17.6,"5,571,136",18.68,18.84,17.46
03/17/2021,18.85,"3,120,990",18.39,18.99,18.35
03/16/2021,18.64,"2,741,178",18.49,18.87,18.33
03/15/2021,18.68,"2,891,808",18.68,19.03,18.48
03/12/2021,18.75,"3,716,149",19.49,19.67,18.575
03/11/2021,19.44,"4,892,866",18.77,19.628,18.36
03/10/2021,18.77,"7,761,542",17.86,19.15,17.76
03/09/2021,17.72,"6,442,378",17.12,17.87,16.89
03/08/2021,17.37,"6,401,586",18.05,18.25,17.27
03/05/2021,17.98,"7,308,159",18.62,18.75,16.99
03/04/2021,18.31,"7,885,912",18.4,19.119,17.81
03/03/2021,18.42,"4,901,317",18.69,19.05,18.21
03/02/2021,18.44,"4,190,310",18.52,19.42,18.34
03/01/2021,18.44,"6,782,798",18.09,18.53,17.585
02/26/2021,17.79,"4,949,945",18.09,18.319,17.1
02/25/2021,18.15,"4,940,103",18.6,19.09,17.77
02/24/2021,18.61,"5,112,811",17.85,18.955,17.62
02/23/2021,17.65,"6,878,343",17.8,17.905,16.34
02/22/2021,17.69,"6,256,820",18.51,18.625,17.685
02/19/2021,18.38,"5,376,072",18.56,18.97,18.03
02/18/2021,18.3,"7,551,634",19.06,19.35,18.0154
02/17/2021,19.17,"9,346,935",18.06,19.69,17.18
02/16/2021,17.86,"7,559,093",18.25,18.575,17.68
02/12/2021,17.66,"6,451,304",16.85,17.76,16.715
02/11/2021,16.83,"6,318,961",16.77,17.01,16.5052
02/10/2021,16.77,"5,162,872",16.53,16.905,15.97
02/09/2021,16.45,"4,806,841",16.95,17.11,16.34
02/08/2021,17.08,"4,480,535",16.96,17.1,16.63
02/05/2021,16.75,"4,090,539",17.31,17.34,16.53
02/04/2021,16.99,"3,121,026",17.39,17.395,16.9
02/03/2021,17.26,"4,788,912",16.56,17.46,16.56
02/02/2021,16.57,"5,561,902",17.6,17.66,16.5018
02/01/2021,17.01,"5,397,094",16.98,17.56,16.88
01/29/2021,16.31,"6,138,800",16.47,17.21,16.23
01/28/2021,16.44,"5,974,467",16.85,16.89,15.82
01/27/2021,16.56,"9,222,408",15.73,17.23,15.4
01/26/2021,15.97,"4,638,621",16.68,16.88,15.95
01/25/2021,16.47,"4,480,636",16.69,17.11,16.26
01/22/2021,16.39,"3,356,325",15.61,16.44,15.35
01/21/2021,15.99,"4,876,229",16.03,16.54,15.48
01/20/2021,16.18,"6,356,378",17.15,17.23,15.88
01/19/2021,17.03,"7,818,836",18.3,18.62,16.45
01/15/2021,18.5,"7,712,825",18.11,18.66,17.81
01/14/2021,17.9,"8,873,907",17.45,18.18,17.36
01/13/2021,17.19,"9,650,053",16.56,17.585,16.22
01/12/2021,16.48,"8,700,482",15.66,16.51,15.52
01/11/2021,15.22,"4,200,484",14.24,15.27,14.12
01/08/2021,14.52,"4,830,727",15.09,15.13,14.35
01/07/2021,14.94,"4,896,138",14.96,15.45,14.695
01/06/2021,14.96,"6,488,266",14.17,14.97,13.89
01/05/2021,14.04,"10,400,650",13.75,14.675,13.645
01/04/2021,13.41,"5,338,818",12.97,13.5428,12.93
12/31/2020,12.71,"4,550,691",12.92,12.96,12.53
12/30/2020,12.98,"3,853,592",12.46,13.09,12.35
12/29/2020,12.46,"4,846,826",12.7,12.81,12.27
12/28/2020,12.61,"10,303,450",13.52,13.59,12.57
12/24/2020,13.91,"1,469,497",14.23,14.27,13.85
12/23/2020,14.19,"5,817,655",13.18,14.235,13.18
12/22/2020,13.28,"3,724,705",13.6,13.74,13.21
12/21/2020,13.45,"5,752,101",13.22,13.58,12.92
12/18/2020,13.52,"10,448,900",13.58,13.8,13.255
12/17/2020,13.51,"6,621,919",13.72,14.0101,13.27
12/16/2020,13.61,"5,840,887",14.27,14.275,13.535
12/15/2020,14.27,"4,922,026",14.23,14.4,13.85
12/14/2020,13.88,"4,008,457",14.18,14.4601,13.845
12/11/2020,13.95,"7,432,809",14.71,14.71,13.41
12/10/2020,14.66,"8,051,072",14.02,14.825,13.86
12/09/2020,13.95,"6,901,979",13.59,14.195,13.33
12/08/2020,13.39,"8,810,122",13.59,13.93,13.23
12/07/2020,13.88,"6,318,996",13.89,14.33,13.5
12/04/2020,14.24,"5,450,191",13.72,14.34,13.64
12/03/2020,13.49,"7,718,197",14.4,14.42,13.45
12/02/2020,14.49,"4,139,439",14.53,15.11,14.18
12/01/2020,14.48,"4,264,138",15.07,15.38,14.33
11/30/2020,14.88,"5,346,929",15.55,15.87,14.845
11/27/2020,15.25,"1,440,625",15.2,15.64,15.09
11/25/2020,15.4,"3,932,286",15.93,15.93,15.1238
11/24/2020,15.97,"5,676,435",15.75,16.0,15.14
11/23/2020,15.41,"5,038,488",14.94,15.52,14.74
11/20/2020,14.72,"5,896,926",15.03,15.58,14.4
11/19/2020,14.99,"6,067,105",14.06,15.0025,13.71
11/18/2020,14.4,"5,141,751",14.61,14.89,14.3
11/17/2020,14.43,"3,879,216",14.47,14.67,14.22
11/16/2020,14.65,"5,999,765",14.97,15.0,13.965
11/13/2020,15.23,"4,165,903",14.73,15.33,14.53
11/12/2020,14.52,"4,425,612",14.51,14.97,14.275
11/11/2020,14.69,"4,465,571",14.3,14.73,14.17
11/10/2020,14.11,"6,111,972",13.7,14.12,13.24
11/09/2020,13.49,"11,310,640",14.7,14.8,13.02
11/06/2020,14.15,"5,954,154",14.31,14.51,13.77
11/05/2020,14.26,"4,875,657",14.3,14.95,14.09
11/04/2020,14.2,"6,681,646",14.69,14.8299,13.79
11/03/2020,14.86,"5,863,710",15.56,15.89,14.65
11/02/2020,15.47,"5,651,972",15.13,15.75,14.62
10/30/2020,15.14,"6,577,461",15.51,15.62,14.75
10/29/2020,15.57,"13,423,840",15.76,16.02,15.175
10/28/2020,15.78,"22,007,480",15.36,16.5271,15.36
10/27/2020,16.16,"5,483,651",15.6,16.32,15.18
10/26/2020,15.63,"3,390,628",16.08,16.08,15.455
10/23/2020,16.15,"6,562,151",15.77,16.23,15.42
10/22/2020,15.8,"11,511,430",14.84,16.87,14.7475
10/21/2020,14.83,"4,933,877",15.48,15.9,14.63
10/20/2020,15.03,"4,106,147",14.78,15.32,14.68
10/19/2020,14.66,"2,380,187",14.84,14.855,14.34
10/16/2020,14.71,"3,543,115",15.17,15.305,14.68
10/15/2020,15.1,"3,121,843",14.98,15.365,14.7
10/14/2020,14.85,"3,165,545",15.08,15.335,14.83
10/13/2020,15.25,"2,807,152",15.6,15.64,15.17
10/12/2020,15.4,"3,954,658",14.76,15.53,14.59
10/09/2020,14.69,"4,188,425",14.91,15.24,14.385
10/08/2020,14.5,"3,052,569",14.27,14.505,13.885
10/07/2020,14.13,"3,542,026",13.67,14.21,13.505
10/06/2020,13.46,"3,119,203",13.88,14.24,13.4
10/05/2020,13.69,"4,438,717",13.04,13.73,12.99
10/02/2020,12.73,"2,583,378",12.29,13.075,12.27
10/01/2020,12.68,"2,916,065",12.81,13.08,12.46
09/30/2020,12.93,"4,474,939",12.73,13.17,12.575
09/29/2020,12.84,"6,710,542",13.73,13.78,12.75
09/28/2020,13.99,"3,602,904",13.97,14.135,13.235
09/25/2020,13.87,"3,570,773",14.25,14.45,13.74
09/24/2020,14.48,"3,779,889",14.33,14.9,14.24
09/23/2020,14.39,"3,425,426",14.9,15.22,14.38
09/22/2020,14.71,"4,037,769",15.39,15.62,14.71
09/21/2020,15.45,"4,443,035",14.85,15.62,14.68
09/18/2020,15.14,"6,956,257",14.66,15.405,14.52
09/17/2020,14.58,"6,260,407",14.5,14.65,13.65
09/16/2020,14.76,"4,591,730",14.3,14.97,14.17
09/15/2020,14.25,"4,506,061",14.37,14.91,14.1815
09/14/2020,14.23,"4,493,072",14.15,14.39,13.68
09/11/2020,14.03,"4,217,679",14.16,14.23,13.645
09/10/2020,14.07,"4,114,154",14.86,14.86,13.93
09/09/2020,14.77,"3,882,472",14.7,14.855,14.37
09/08/2020,14.5,"5,222,908",15.07,15.07,14.33
09/04/2020,15.36,"3,275,693",15.44,15.63,14.8
09/03/2020,15.29,"3,188,487",15.03,15.835,15.02
09/02/2020,15.06,"3,702,908",15.49,15.58,15.02
09/01/2020,15.6,"2,380,550",15.62,15.73,15.31
08/31/2020,15.87,"4,945,732",15.95,16.09,15.07
08/28/2020,16.02,"2,515,978",16.17,16.33,15.925
08/27/2020,16.15,"3,504,146",15.86,16.26,15.57
08/26/2020,15.68,"3,306,237",16.25,16.38,15.5375
08/25/2020,16.37,"1,817,685",16.41,16.59,16.125
08/24/2020,16.38,"3,014,306",16.27,16.6835,15.77
08/21/2020,16.04,"3,187,587",15.95,16.185,15.7
08/20/2020,15.86,"3,038,132",16.58,16.62,15.83
08/19/2020,16.63,"2,554,283",16.57,17.13,16.4308
08/18/2020,16.53,"4,270,780",17.38,17.64,16.465
08/17/2020,17.11,"4,398,673",17.0,17.22,16.243
08/14/2020,16.96,"5,616,870",16.2,17.54,16.1663
08/13/2020,15.99,"3,194,802",16.38,16.59,15.77
08/12/2020,16.37,"2,700,109",16.37,16.69,16.025
08/11/2020,16.23,"3,920,884",17.23,17.41,16.21
08/10/2020,17.16,"7,098,309",17.17,17.965,17.0301
08/07/2020,17.17,"4,392,937",16.31,17.24,16.27
08/06/2020,16.34,"4,653,617",16.52,17.145,16.245
08/05/2020,16.36,"6,163,515",16.23,16.86,15.9095
08/04/2020,15.98,"6,202,538",15.59,16.12,15.31
08/03/2020,15.69,"6,736,530",15.0,16.2,14.95
07/31/2020,14.52,"5,056,222",14.12,14.52,13.75
07/30/2020,14.24,"3,597,150",14.2,14.535,14.0107
07/29/2020,14.49,"4,477,881",13.95,14.49,13.485
07/28/2020,13.82,"3,950,265",13.54,14.28,13.53
07/27/2020,13.41,"5,230,517",13.26,14.43,13.11
07/24/2020,14.17,"5,308,207",14.04,14.74,14.0
07/23/2020,14.23,"6,980,435",13.27,14.545,13.13
07/22/2020,13.03,"4,530,048",13.07,13.13,12.51
07/21/2020,13.36,"4,493,248",12.61,13.5,12.39
07/20/2020,12.37,"4,287,156",12.44,12.71,12.27
07/17/2020,12.48,"3,763,400",12.8,12.925,12.44
07/16/2020,12.66,"2,697,754",12.73,13.125,12.595
07/15/2020,12.75,"3,987,461",12.85,12.9,12.355
07/14/2020,12.61,"4,077,185",12.39,12.765,12.19
07/13/2020,12.49,"4,129,372",13.14,13.34,12.48
07/10/2020,13.02,"4,693,875",13.17,13.33,12.675
07/09/2020,13.17,"5,416,330",13.49,13.94,13.16
07/08/2020,13.31,"4,130,059",14.1,14.19,13.165
07/07/2020,14.07,"6,666,744",13.36,14.76,13.36
07/06/2020,13.6,"7,133,911",13.14,13.745,13.12
07/02/2020,12.67,"5,177,750",11.96,12.82,11.9005
07/01/2020,11.44,"4,940,808",11.75,11.93,11.295
06/30/2020,11.9,"8,873,287",11.19,11.99,11.07
06/29/2020,11.06,"5,757,036",10.8,11.21,10.55
06/26/2020,10.65,"7,140,023",11.37,11.37,10.515
06/25/2020,11.38,"7,015,465",11.81,12.1799,11.07
06/24/2020,11.99,"5,340,892",12.16,12.61,11.96
06/23/2020,12.25,"5,455,688",12.42,12.74,12.09
06/22/2020,12.35,"5,756,948",12.93,13.035,12.065
06/19/2020,12.92,"14,577,260",13.81,13.91,12.91
06/18/2020,13.68,"4,681,091",13.95,14.215,13.62
06/17/2020,14.02,"4,560,948",14.15,14.36,13.805
06/16/2020,14.08,"5,288,385",14.8,14.8,13.93
06/15/2020,14.39,"6,698,701",14.17,14.555,13.64
06/12/2020,14.81,"5,339,310",15.19,15.19,14.3
06/11/2020,14.67,"7,067,904",14.54,15.395,14.42
06/10/2020,15.17,"5,833,408",16.09,16.2,15.15
06/09/2020,16.23,"7,274,198",16.7,16.7,16.01
06/08/2020,16.89,"9,865,856",15.14,16.9,14.9101
06/05/2020,15.03,"6,680,313",14.36,15.11,14.04
06/04/2020,14.3,"5,266,362",13.86,14.325,13.67
06/03/2020,13.87,"7,115,676",13.61,13.98,13.2
06/02/2020,13.39,"4,393,636",12.91,13.49,12.805
06/01/2020,12.87,"7,220,451",12.82,13.22,12.55
05/29/2020,13.34,"5,988,439",13.38,13.71,12.975
05/28/2020,13.37,"6,074,946",14.06,14.9148,13.235
05/27/2020,14.17,"6,925,587",14.82,14.95,13.64
05/26/2020,14.75,"12,750,240",13.34,15.045,13.1
05/22/2020,13.74,"6,788,277",13.11,13.85,12.86
05/21/2020,13.17,"3,992,335",13.53,13.7,12.91
05/20/2020,13.33,"7,183,786",13.03,13.71,12.92
05/19/2020,12.8,"4,684,106",13.07,13.36,12.73
05/18/2020,12.88,"7,375,206",13.09,13.32,12.57
05/15/2020,12.74,"5,532,882",12.53,13.37,12.3201
05/14/2020,12.54,"6,650,877",12.27,13.13,11.94
05/13/2020,12.44,"9,142,813",12.69,12.73,11.89
05/12/2020,12.66,"7,111,086",13.24,13.46,12.635
05/11/2020,13.17,"6,436,412",13.89,14.36,13.15
05/08/2020,13.99,"4,597,767",13.6,14.065,13.46
05/07/2020,13.62,"6,888,381",13.64,14.47,13.33
05/06/2020,13.63,"6,300,652",14.41,14.53,13.57
05/05/2020,14.33,"6,853,208",15.3,15.42,14.1
05/04/2020,14.8,"6,613,588",14.23,14.91,13.87
05/01/2020,14.37,"6,444,030",14.28,14.53,13.9
04/30/2020,14.59,"10,297,210",14.51,15.14,13.71
04/29/2020,14.09,"6,911,058",13.63,14.35,13.5
04/28/2020,13.39,"9,159,842",13.9,14.16,13.17
04/27/2020,13.79,"8,616,626",13.39,13.99,12.82
04/24/2020,13.39,"25,836,370",12.64,13.64,12.39
04/23/2020,12.5,"17,449,740",13.87,14.19,12.35
04/22/2020,14.25,"7,500,856",15.88,16.18,14.13
04/21/2020,15.57,"11,685,450",15.74,17.16,15.485
04/20/2020,15.56,"13,228,420",13.03,15.735,13.02
04/17/2020,13.37,"7,702,895",13.04,13.48,12.52
04/16/2020,12.81,"9,171,864",13.06,13.55,12.635
04/15/2020,13.05,"9,017,275",12.67,13.23,12.04
04/14/2020,12.86,"9,092,060",12.5,13.09,12.15
04/13/2020,12.43,"10,942,820",11.39,12.51,11.22
04/09/2020,10.82,"11,886,910",10.82,11.75,10.55
04/08/2020,10.84,"6,554,765",10.83,11.1089,10.19
04/07/2020,10.75,"10,694,370",9.85,11.18,9.555
04/06/2020,9.76,"9,123,670",8.85,9.975,8.465
04/03/2020,8.77,"9,024,189",8.01,8.94,7.67
04/02/2020,7.89,"14,678,750",7.52,7.93,6.44
04/01/2020,7.3,"8,688,854",6.88,7.685,6.84
03/31/2020,7.07,"9,753,717",6.99,7.335,6.635
03/30/2020,6.98,"9,191,213",6.73,7.48,6.5
03/27/2020,6.9,"6,588,280",6.78,7.38,6.65
03/26/2020,6.96,"6,897,027",7.74,8.2564,6.68
03/25/2020,7.73,"11,077,610",7.25,8.11,6.85
03/24/2020,7.25,"11,355,890",6.45,7.3,5.63
03/23/2020,6.06,"8,974,697",7.45,7.52,6.01
03/20/2020,7.45,"9,511,996",8.07,8.23,7.24
03/19/2020,8.08,"11,988,130",8.93,9.12,7.03
03/18/2020,8.69,"12,141,150",9.05,9.635,8.205
03/17/2020,9.41,"14,730,880",8.79,9.58,8.51
03/16/2020,8.69,"18,020,330",8.47,10.31,7.88
03/13/2020,9.53,"21,564,120",7.11,9.53,6.89
03/12/2020,6.94,"15,101,070",6.3,7.32,6.05
03/11/2020,6.88,"16,600,410",6.7,7.46,6.68
03/10/2020,7.06,"20,699,710",7.22,7.72,6.01
03/09/2020,7.06,"26,465,440",4.92,7.92,4.9
03/06/2020,6.39,"18,486,850",6.08,6.93,6.02
03/05/2020,6.35,"11,215,000",5.86,6.4,5.86
03/04/2020,6.11,"10,516,770",6.15,6.34,5.842
03/03/2020,6.15,"11,179,800",6.07,6.2084,5.745
03/02/2020,6.08,"17,256,270",6.06,6.1,5.74
02/28/2020,5.87,"19,794,070",5.15,5.95,5.13
02/27/2020,5.38,"21,824,970",4.92,5.54,4.21
02/26/2020,4.96,"9,345,520",5.22,5.38,4.95
02/25/2020,5.16,"8,393,639",5.52,5.52,4.935
02/24/2020,5.51,"7,711,171",5.42,5.71,5.41
02/21/2020,5.81,"8,703,392",5.88,5.88,5.53
02/20/2020,6.01,"8,791,637",5.9,6.15,5.9
02/19/2020,5.91,"9,990,359",5.76,5.94,5.59
02/18/2020,5.68,"6,849,077",5.35,5.72,5.32
02/14/2020,5.29,"6,198,597",5.43,5.5315,5.265
02/13/2020,5.41,"6,544,784",5.27,5.51,5.18
02/12/2020,5.28,"8,390,107",5.29,5.42,5.15
02/11/2020,5.13,"7,467,523",5.21,5.365,5.11
02/10/2020,5.11,"8,002,194",5.19,5.36,5.01
02/07/2020,5.3,"8,670,681",5.39,5.5201,5.27
02/06/2020,5.44,"12,069,950",5.95,5.9699,5.43
02/05/2020,6.0,"13,261,110",5.84,6.155,5.82
02/04/2020,5.72,"8,939,973",6.03,6.05,5.68
02/03/2020,5.9,"9,139,562",6.0,6.13,5.74
01/31/2020,6.05,"12,281,600",6.07,6.27,5.77
01/30/2020,6.19,"6,957,906",6.03,6.24,6.01
01/29/2020,6.09,"9,945,965",6.7,6.75,6.0
01/28/2020,6.68,"7,322,370",6.65,6.805,6.52
01/27/2020,6.59,"8,453,842",6.44,6.79,6.4
01/24/2020,6.65,"11,762,090",7.05,7.08,6.47
01/23/2020,7.12,"8,763,825",7.36,7.47,7.08
01/22/2020,7.4,"7,259,279",7.72,7.83,7.38
01/21/2020,7.68,"8,751,847",8.225,8.23,7.68
01/17/2020,8.24,"6,354,864",8.53,8.59,8.23
01/16/2020,8.55,"5,984,613",8.5,9.01,8.47
01/15/2020,8.46,"9,308,391",8.49,8.595,8.17
01/14/2020,8.61,"9,032,301",8.32,8.74,8.195
01/13/2020,8.37,"13,158,060",8.84,9.1,8.0
01/10/2020,8.84,"6,560,622",9.05,9.245,8.78
01/09/2020,9.01,"7,885,336",9.08,9.17,8.645
01/08/2020,9.13,"9,538,116",10.21,10.26,9.1
01/07/2020,10.29,"4,618,474",10.32,10.475,10.16
01/06/2020,10.46,"8,293,685",10.45,10.495,10.16
01/03/2020,10.34,"7,208,724",10.5,10.64,10.16
01/02/2020,10.36,"9,285,377",10.97,11.05,10.265
12/31/2019,10.9,"4,477,966",10.55,11.12,10.5
12/30/2019,10.64,"5,387,423",10.49,10.8,10.42
12/27/2019,10.45,"3,631,936",10.69,10.73,10.42
12/26/2019,10.69,"3,769,830",10.97,11.045,10.62
12/24/2019,10.81,"2,439,063",10.91,11.05,10.78
12/23/2019,10.88,"7,562,975",10.55,10.92,10.51
12/20/2019,10.54,"12,179,480",10.71,10.74,10.34
12/19/2019,10.67,"5,589,191",10.14,10.72,10.12
12/18/2019,10.14,"5,860,527",9.65,10.25,9.65
12/17/2019,9.82,"5,876,975",9.74,9.9,9.61
12/16/2019,9.73,"7,439,616",9.39,9.855,9.36
12/13/2019,9.3,"5,225,278",9.54,9.6804,9.2
12/12/2019,9.46,"5,697,615",8.9,9.535,8.87
12/11/2019,8.85,"4,685,682",9.12,9.18,8.74
12/10/2019,9.09,"4,683,127",8.86,9.15,8.86
12/09/2019,8.87,"5,545,717",8.66,9.085,8.61
12/06/2019,8.78,"6,415,592",8.61,8.89,8.52
12/05/2019,8.61,"5,870,997",8.84,8.995,8.585
12/04/2019,8.75,"6,709,386",8.55,8.925,8.46
12/03/2019,8.48,"6,140,336",8.35,8.69,8.34
12/02/2019,8.44,"8,333,277",8.8,8.81,8.38
11/29/2019,8.73,"3,420,825",8.88,8.94,8.67
11/27/2019,9.06,"7,089,169",8.82,9.09,8.697
11/26/2019,8.81,"7,674,160",9.0,9.0,8.655
11/25/2019,9.09,"6,701,112",8.81,9.13,8.635
11/22/2019,9.06,"4,706,635",8.69,9.16,8.64
11/21/2019,8.67,"4,482,595",8.87,8.96,8.63
11/20/2019,8.83,"7,313,347",8.94,9.05,8.61
11/19/2019,8.95,"6,845,112",9.59,9.63,8.94
11/18/2019,9.66,"7,037,172",10.19,10.19,9.6
11/15/2019,10.35,"3,895,236",10.32,10.45,10.19
11/14/2019,10.31,"3,647,118",10.46,10.715,10.245
11/13/2019,10.39,"3,414,131",10.31,10.52,10.19
11/12/2019,10.45,"3,570,966",10.63,10.705,10.34
11/11/2019,10.54,"6,036,482",11.3,11.31,10.51
11/08/2019,11.59,"6,364,099",11.11,11.645,10.88
11/07/2019,11.06,"5,643,664",10.93,11.26,10.85
11/06/2019,10.77,"5,492,512",10.78,11.175,10.63
11/05/2019,10.87,"6,940,181",11.23,11.53,10.84
11/04/2019,11.11,"8,419,269",10.84,11.29,10.84
11/01/2019,10.56,"7,763,696",10.61,10.98,10.33
10/31/2019,10.74,"14,378,930",10.34,11.17,9.69
10/30/2019,9.9,"9,410,300",10.5,10.61,9.9
10/29/2019,10.31,"9,191,357",9.43,10.49,9.27
10/28/2019,9.42,"4,005,162",9.59,10.04,9.395
10/25/2019,9.49,"6,141,620",9.25,9.66,9.11
10/24/2019,9.26,"4,956,881",9.74,9.76,9.03
10/23/2019,9.62,"5,994,807",9.42,9.805,9.135
10/22/2019,9.46,"6,191,159",9.67,9.795,9.255
10/21/2019,9.55,"4,312,404",9.6,9.84,9.4
10/18/2019,9.71,"4,144,534",9.93,10.02,9.66
10/17/2019,9.95,"5,417,935",9.64,10.03,9.4675
10/16/2019,9.56,"4,498,275",9.75,9.97,9.52
10/15/2019,9.64,"7,522,728",9.41,10.06,9.385
10/14/2019,9.49,"3,429,579",9.57,9.65,9.235
10/11/2019,9.66,"5,372,142",9.6,9.91,9.41
10/10/2019,9.42,"4,299,911",9.33,9.535,9.14
10/09/2019,9.33,"6,250,112",9.23,9.54,9.14
10/08/2019,9.26,"4,915,740",9.62,9.8,9.23
10/07/2019,9.77,"6,596,639",9.8,10.115,9.57
10/04/2019,9.9,"5,905,293",9.79,9.9,9.11
10/03/2019,9.68,"7,447,000",9.98,10.0,9.06
10/02/2019,10.07,"5,019,347",10.22,10.58,9.973
10/01/2019,10.2,"4,718,721",10.71,10.88,10.01
09/30/2019,10.64,"6,344,344",11.13,11.13,10.28
09/27/2019,11.23,"4,207,791",10.72,11.26,10.59
09/26/2019,10.9,"3,849,788",10.98,11.09,10.64
09/25/2019,11.17,"3,298,264",11.19,11.45,11.025
09/24/2019,11.28,"3,284,757",11.35,11.56,11.12
09/23/2019,11.49,"4,632,241",11.25,11.67,11.16
09/20/2019,11.46,"9,735,966",11.61,11.8,11.32
09/19/2019,11.51,"4,494,789",12.25,12.32,11.475
09/18/2019,12.25,"3,564,254",12.28,12.6,12.075
09/17/2019,12.44,"8,381,715",11.96,12.92,11.73
09/16/2019,12.16,"11,983,890",12.92,13.12,11.6
09/13/2019,12.16,"4,925,515",12.42,12.67,11.66
09/12/2019,12.29,"6,081,809",12.12,12.49,11.72
09/11/2019,12.33,"5,910,747",11.93,12.6399,11.63
09/10/2019,11.81,"6,572,402",11.92,12.605,11.72
09/09/2019,11.75,"7,299,775",10.83,11.82,10.79
09/06/2019,10.68,"6,151,007",10.64,10.77,10.105
09/05/2019,10.9,"5,321,931",10.68,11.24,10.6
09/04/2019,10.58,"5,589,686",10.18,10.655,10.12
09/03/2019,10.02,"6,864,912",10.01,10.08,9.71
08/30/2019,10.17,"6,709,796",10.6,10.745,9.9
08/29/2019,10.75,"6,737,706",10.28,11.065,10.28
08/28/2019,10.19,"7,392,313",9.92,10.35,9.82
08/27/2019,9.82,"4,971,662",10.36,10.39,9.795
08/26/2019,10.26,"8,330,576",10.5,10.53,10.135
08/23/2019,10.35,"12,308,340",11.19,11.3,10.315
08/22/2019,11.35,"4,994,859",11.91,12.08,11.28
08/21/2019,11.86,"4,424,856",12.17,12.56,11.7515
08/20/2019,12.29,"3,280,825",12.48,12.81,12.22
08/19/2019,12.6,"5,528,020",12.45,12.825,12.32
08/16/2019,12.36,"4,156,671",11.74,12.495,11.6
08/15/2019,11.77,"4,540,473",11.83,11.9,11.47
08/14/2019,11.81,"4,786,122",12.03,12.1,11.695
08/13/2019,12.3,"6,309,399",12.24,12.835,11.92
08/12/2019,12.17,"7,154,362",12.08,12.25,11.55
08/09/2019,12.09,"5,167,212",12.59,12.65,12.03
08/08/2019,12.61,"6,022,063",12.58,12.65,12.105
08/07/2019,12.41,"9,484,081",12.3,12.48,11.79
08/06/2019,12.54,"5,837,102",13.1,13.21,12.11
08/05/2019,13.07,"6,318,594",13.0,13.16,12.7
08/02/2019,13.35,"5,388,101",13.78,13.95,13.215
08/01/2019,13.72,"10,046,850",14.9,14.9,13.5
07/31/2019,15.11,"7,999,630",14.86,15.575,14.77
07/30/2019,14.75,"7,492,435",13.58,14.93,13.41
07/29/2019,13.65,"8,119,612",14.32,14.32,13.21
07/26/2019,14.31,"6,567,152",14.65,15.11,14.18
07/25/2019,14.82,"8,902,583",16.3,16.34,14.29
07/24/2019,15.92,"4,655,491",15.64,16.09,15.54
07/23/2019,15.67,"3,677,460",15.5,15.715,15.35
07/22/2019,15.53,"3,472,040",15.56,15.77,15.23
07/19/2019,15.45,"3,160,894",15.19,15.545,15.11
07/18/2019,15.25,"3,759,259",14.84,15.335,14.77
07/17/2019,14.96,"2,986,122",15.12,15.23,14.745
07/16/2019,15.12,"4,737,761",15.55,15.55,14.92
07/15/2019,15.62,"4,413,598",15.87,15.92,15.45
07/12/2019,15.82,"5,075,444",15.63,16.075,15.37
07/11/2019,15.37,"4,408,582",15.99,16.14,15.26
07/10/2019,15.94,"7,007,769",16.43,16.44,15.8
07/09/2019,15.66,"5,567,678",15.06,15.805,14.97
07/08/2019,15.08,"3,044,123",15.31,15.49,15.07
07/05/2019,15.47,"4,892,688",15.25,15.745,15.08
07/03/2019,15.06,"2,179,369",15.09,15.27,14.99
07/02/2019,15.08,"6,446,698",16.02,16.07,14.905
07/01/2019,16.07,"5,939,851",15.94,16.2,15.82
06/28/2019,15.81,"9,014,793",14.56,16.09,14.56
06/27/2019,14.43,"3,699,682",14.75,14.94,14.355
06/26/2019,14.79,"4,841,981",14.49,14.92,14.47
06/25/2019,14.39,"7,329,875",15.38,15.38,14.28
06/24/2019,15.38,"3,854,240",15.19,15.62,15.12
06/21/2019,15.23,"4,365,504",15.56,15.7,15.01
06/20/2019,15.55,"4,817,200",15.4,15.92,15.32
06/19/2019,15.16,"4,028,377",15.99,15.99,15.12
06/18/2019,15.96,"3,433,090",15.9,16.36,15.87
06/17/2019,15.85,"3,924,161",15.66,16.24,15.4
06/14/2019,15.81,"3,441,130",16.07,16.22,15.74
06/13/2019,16.13,"6,151,690",16.0,16.16,15.66
06/12/2019,15.77,"5,492,505",16.47,16.64,15.69
06/11/2019,16.66,"4,916,739",17.53,17.53,16.63
06/10/2019,17.31,"3,686,028",17.62,17.905,17.29
06/07/2019,17.69,"3,274,342",18.04,18.17,17.67
06/06/2019,18.06,"3,643,259",17.8,18.06,17.6802
06/05/2019,17.83,"3,944,006",18.57,18.67,17.68
06/04/2019,18.56,"3,364,372",18.55,18.71,18.17
06/03/2019,18.42,"2,921,978",18.29,18.48,18.125
05/31/2019,18.3,"3,485,217",18.19,18.65,18.09
05/30/2019,18.26,"2,817,113",18.48,18.7199,18.16
05/29/2019,18.67,"3,541,344",18.65,18.71,18.15
05/28/2019,18.88,"2,457,448",19.28,19.44,18.78
05/24/2019,19.43,"3,790,477",19.76,19.85,19.29
05/23/2019,19.57,"5,705,378",19.63,19.675,19.21
05/22/2019,19.95,"3,336,187",21.16,21.375,19.92
05/21/2019,21.45,"2,823,739",21.07,21.465,20.96
05/20/2019,20.89,"2,549,998",20.96,21.2,20.79
05/17/2019,20.81,"2,961,993",20.85,21.31,20.785
05/16/2019,21.02,"5,179,973",21.62,21.67,20.95
05/15/2019,21.54,"2,315,121",20.82,21.64,20.64
05/14/2019,21.06,"3,940,320",20.9,21.215,20.74
05/13/2019,20.86,"5,816,904",20.82,20.95,20.42
05/10/2019,21.05,"3,987,511",20.4,21.07,20.235
05/09/2019,20.45,"1,720,915",20.17,20.625,19.9
05/08/2019,20.44,"2,525,562",20.78,21.1325,20.43
05/07/2019,20.69,"2,755,116",20.14,20.69,19.93
05/06/2019,20.36,"2,517,187",20.17,20.5332,20.01
05/03/2019,20.38,"2,754,659",19.99,20.435,19.71
05/02/2019,19.72,"3,928,448",19.82,20.16,19.585
05/01/2019,20.08,"3,082,824",20.46,20.78,20.06
04/30/2019,20.45,"3,836,058",21.21,21.275,20.38
04/29/2019,21.07,"3,900,407",21.0,21.205,20.71
04/26/2019,20.99,"6,193,809",20.4,21.38,20.14
04/25/2019,20.16,"5,075,874",20.57,20.66,20.03
04/24/2019,20.75,"4,583,701",21.1,21.19,20.69
04/23/2019,21.01,"3,534,730",21.15,21.41,20.86
04/22/2019,21.05,"3,880,413",20.59,21.08,20.32
04/18/2019,20.44,"3,926,436",21.32,21.37,20.37
04/17/2019,21.26,"3,370,097",21.8,21.82,20.89
04/16/2019,21.73,"2,779,078",21.56,21.775,21.33
04/15/2019,21.58,"2,089,503",21.17,21.75,20.93
04/12/2019,21.33,"3,125,275",21.655,21.72,21.24
04/11/2019,20.96,"2,309,188",21.01,21.165,20.74
04/10/2019,21.06,"2,428,840",21.06,21.21,20.81
04/09/2019,20.93,"4,289,172",21.45,21.595,20.83
04/08/2019,21.51,"3,530,489",21.43,21.86,21.37
04/05/2019,21.61,"2,570,111",20.86,21.625,20.74
04/04/2019,20.89,"4,265,280",20.21,21.1985,20.0
04/03/2019,20.1,"3,224,014",20.62,20.79,19.93
04/02/2019,20.62,"3,963,851",20.99,21.12,20.58
04/01/2019,20.55,"4,084,670",20.86,21.05,20.42
03/29/2019,20.74,"3,980,779",20.82,20.9899,20.46
03/28/2019,20.65,"3,491,427",20.48,20.68,20.15
03/27/2019,20.33,"3,285,347",19.88,20.47,19.88
03/26/2019,20.13,"4,198,883",20.09,20.49,19.91
03/25/2019,20.0,"3,909,578",19.46,20.42,19.45
03/22/2019,19.51,"4,130,240",20.04,20.1,19.24
03/21/2019,20.26,"5,781,954",20.72,20.9,20.03
03/20/2019,20.83,"4,171,005",19.96,21.11,19.87
03/19/2019,20.05,"3,229,144",20.28,20.495,19.82
03/18/2019,20.04,"5,406,425",19.51,20.26,19.37
03/15/2019,19.41,"6,557,264",19.65,19.75,19.04
03/14/2019,19.86,"3,756,310",19.68,20.08,19.63
03/13/2019,19.64,"4,527,426",19.67,20.15,19.575
03/12/2019,19.65,"4,166,073",18.76,19.7,18.71
03/11/2019,18.7,"3,855,005",18.36,18.71,18.15
03/08/2019,18.36,"4,255,048",18.66,18.68,17.985
03/07/2019,18.87,"4,691,341",18.84,19.085,18.62
03/06/2019,18.85,"3,229,169",19.24,19.44,18.78
03/05/2019,19.4,"3,682,308",19.76,19.89,19.19
03/04/2019,19.83,"3,775,322",19.53,20.0,19.2
03/01/2019,19.49,"4,657,387",18.33,19.5,18.33
02/28/2019,18.12,"5,181,316",18.37,18.46,17.78
02/27/2019,18.31,"5,474,233",19.23,19.25,18.28
02/26/2019,19.04,"3,956,066",19.78,19.97,19.01
02/25/2019,19.81,"4,236,610",19.33,20.03,19.33
02/22/2019,19.31,"5,516,184",19.57,19.75,19.19
02/21/2019,19.03,"3,089,135",19.29,19.52,18.88
02/20/2019,19.35,"5,114,591",19.08,19.75,19.02
02/19/2019,18.97,"5,633,792",18.83,19.54,18.8
02/15/2019,18.93,"5,833,560",18.32,19.32,18.32
02/14/2019,18.2,"6,704,327",18.98,19.28,17.92
02/13/2019,19.21,"4,407,526",18.96,19.235,18.8
02/12/2019,18.88,"3,391,949",18.61,19.12,18.54
02/11/2019,18.38,"2,715,520",17.86,18.545,17.66
02/08/2019,17.79,"3,992,885",17.79,18.01,17.56
02/07/2019,17.84,"4,224,832",18.55,18.685,17.785
02/06/2019,18.68,"3,186,620",19.01,19.09,18.51
02/05/2019,19.09,"4,778,606",19.72,20.0,19.02
02/04/2019,19.78,"2,413,595",19.53,19.8,19.2
02/01/2019,19.66,"3,335,986",19.48,20.08,19.24
01/31/2019,19.47,"5,711,819",19.92,19.93,19.09
01/30/2019,19.85,"3,484,822",19.87,20.04,19.72
01/29/2019,19.77,"3,924,611",19.3,19.865,18.72
01/28/2019,19.35,"3,664,159",19.88,19.88,19.0
01/25/2019,19.97,"4,363,199",18.95,20.08,18.88
01/24/2019,18.89,"7,062,727",19.02,19.12,18.22
01/23/2019,19.05,"5,623,544",20.15,20.51,19.0
01/22/2019,19.99,"4,902,385",20.93,20.93,19.95
01/18/2019,21.18,"4,792,898",21.13,21.42,20.71
01/17/2019,20.96,"3,904,559",20.42,21.06,20.22
01/16/2019,20.5,"3,390,939",20.95,21.13,20.47
01/15/2019,20.95,"3,755,210",20.9,21.27,20.55
01/14/2019,20.79,"4,568,261",20.15,21.03,20.0
01/11/2019,20.37,"3,783,508",19.56,20.41,19.39
01/10/2019,19.79,"4,247,048",19.86,20.28,19.45
01/09/2019,19.96,"5,085,601",20.47,20.53,19.71
01/08/2019,20.35,"6,967,112",19.86,20.405,19.65
01/07/2019,19.74,"8,177,638",19.15,20.62,19.03
01/04/2019,19.52,"11,672,130",19.68,20.18,19.08
01/03/2019,19.32,"4,953,378",19.91,19.91,19.03
01/02/2019,19.9,"7,754,231",18.52,19.95,18.19
12/31/2018,18.89,"4,776,477",19.39,19.39,18.48
12/28/2018,19.19,"3,500,058",19.93,20.0,18.92
12/27/2018,19.83,"5,501,233",19.1,19.83,18.81
12/26/2018,19.37,"5,662,236",17.73,19.45,17.3
12/24/2018,17.59,"2,774,503",18.46,18.51,17.505
12/21/2018,18.67,"10,136,800",18.44,19.0732,18.26
12/20/2018,18.55,"9,243,528",18.7,19.71,18.14
12/19/2018,18.89,"8,051,065",18.89,19.78,18.69
12/18/2018,18.87,"5,869,801",19.09,19.18,18.64
12/17/2018,18.89,"6,387,161",19.22,19.93,18.785
12/14/2018,19.4,"7,052,951",20.17,20.19,19.22
12/13/2018,20.19,"7,191,818",20.09,20.8,19.8
12/12/2018,19.99,"9,079,135",20.49,20.73,19.97
12/11/2018,20.28,"12,622,450",19.86,20.87,19.83
12/10/2018,19.63,"12,089,090",18.21,19.75,18.11
12/07/2018,18.41,"8,203,584",18.38,19.55,18.13
12/06/2018,17.99,"5,852,104",17.87,18.05,17.31
12/04/2018,18.25,"4,766,649",18.96,19.34,18.18
12/03/2018,18.91,"7,427,077",19.16,19.27,18.14
11/30/2018,18.71,"4,814,306",18.69,19.0,18.42
11/29/2018,18.8,"6,765,888",19.08,19.27,18.465
11/28/2018,19.07,"5,772,076",18.59,19.2,18.25
11/27/2018,18.67,"6,644,138",18.56,18.8,18.15
11/26/2018,18.68,"7,676,980",18.15,18.72,18.03
11/23/2018,18.11,"3,538,800",17.29,18.3176,17.27
11/21/2018,17.79,"7,334,273",16.83,17.9,16.81
11/20/2018,16.71,"9,112,504",17.15,17.2,16.5
11/19/2018,17.1,"9,652,864",16.52,17.415,16.38
11/16/2018,16.63,"11,981,750",17.08,17.2295,16.29
11/15/2018,17.2,"12,247,450",17.09,17.84,16.91
11/14/2018,17.48,"20,937,170",18.73,19.11,16.63
11/13/2018,18.56,"35,291,040",18.89,21.15,18.365
11/12/2018,18.89,"69,010,220",19.7134,19.8443,18.8082
11/09/2018,19.5771,"11,832,330",18.9173,20.4278,18.8027
11/08/2018,18.9773,"8,448,326",18.4537,19.2772,18.1811
11/07/2018,18.6337,"5,632,112",19.299,19.4353,17.9629
11/06/2018,19.0972,"3,252,135",19.0372,19.419,19.0318
11/05/2018,19.2772,"4,344,177",18.3447,19.3508,18.3447
11/02/2018,17.7939,"4,166,451",18.8573,18.9718,17.6194
11/01/2018,19.0209,"3,571,521",18.8845,19.1627,18.6501
10/31/2018,18.5246,"7,447,863",18.2901,19.0045,18.0938
10/30/2018,17.9248,"7,205,716",16.8614,17.9684,16.8287
10/29/2018,16.905,"10,305,920",17.7503,17.9193,16.6487
10/26/2018,17.7503,"11,730,540",18.9609,19.269,17.663
10/25/2018,19.2717,"13,621,610",20.8804,21.3276,18.2738
10/24/2018,22.0638,"4,282,581",23.2526,23.4925,22.0092
10/23/2018,23.1544,"3,367,680",23.7052,23.8743,22.7727
10/22/2018,24.2287,"2,882,136",25.2648,25.2648,24.0706
10/19/2018,25.2921,"1,911,927",25.4448,25.892,25.2539
10/18/2018,25.4557,"1,809,771",25.5702,25.832,25.243
10/17/2018,25.8265,"2,154,873",25.9029,26.061,25.3832
10/16/2018,25.9356,"1,787,670",25.6466,26.0065,25.5429
10/15/2018,25.6029,"2,473,338",25.0903,25.8538,24.9213
10/12/2018,24.7577,"2,007,226",25.1721,25.4393,24.2778
10/11/2018,24.7304,"4,176,774",24.7086,25.2539,24.3978
10/10/2018,24.894,"2,699,031",25.3848,25.592,24.7686
10/09/2018,25.2975,"2,389,698",24.9267,25.592,24.9104
10/08/2018,24.9213,"2,197,875",24.365,24.9922,24.2396
10/05/2018,24.4523,"1,949,274",24.2178,24.6213,24.1687
10/04/2018,24.1196,"2,981,169",24.0978,24.7931,23.9724
10/03/2018,24.0978,"4,853,836",24.2614,24.4959,23.7379
10/02/2018,24.0924,"3,649,657",24.0051,24.2669,23.9124
10/01/2018,24.0215,"1,994,818",24.2942,24.3323,23.9315
09/28/2018,24.1196,"3,306,052",24.2178,24.6486,24.0733
09/27/2018,24.3814,"2,949,947",24.376,24.725,24.1251
09/26/2018,24.2342,"3,459,811",25.3139,25.4066,24.2151
09/25/2018,25.592,"2,592,591",25.6029,25.7447,25.1503
09/24/2018,25.5102,"2,684,638",26.6227,26.7863,25.4366
09/21/2018,26.3064,"5,186,998",26.41,26.5409,26.1973
09/20/2018,26.4427,"1,982,707",26.0937,26.5027,26.001
09/19/2018,25.9465,"2,307,020",25.303,26.2355,25.303
09/18/2018,25.3739,"3,269,214",25.652,25.9847,25.0958
09/17/2018,25.652,"2,047,676",26.0065,26.1046,25.5811
09/14/2018,25.9301,"1,423,912",26.0065,26.1919,25.8756
09/13/2018,26.061,"2,456,652",25.6847,26.1155,25.3903
09/12/2018,25.7229,"2,041,309",25.8102,26.001,25.6247
09/11/2018,25.5538,"3,396,852",24.9376,25.5757,24.8395
09/10/2018,25.0685,"2,551,902",25.4721,25.5429,25.014
09/07/2018,25.3903,"2,307,593",25.3412,25.5207,24.9818
09/06/2018,25.5811,"4,048,506",26.53,26.53,25.4448
09/05/2018,26.5954,"2,509,432",26.7427,26.7917,26.2955
09/04/2018,26.8844,"2,408,727",27.7679,27.9315,26.7863
08/31/2018,27.8224,"1,765,577",27.9315,28.1496,27.6533
08/30/2018,27.9751,"2,275,008",27.6533,28.0869,27.6015
08/29/2018,27.6424,"1,990,011",27.4243,27.8442,27.1244
08/28/2018,27.2825,"2,831,911",27.2934,27.4352,26.9499
08/27/2018,27.2662,"3,268,755",27.9151,28.1278,27.2553
08/24/2018,27.8933,"1,237,966",28.1605,28.3514,27.8524
08/23/2018,28.0678,"2,142,188",28.0296,28.2777,27.8606
08/22/2018,28.1769,"1,977,093",28.0569,28.3568,28.0078
08/21/2018,27.9315,"3,834,396",27.5225,28.1659,27.4952
08/20/2018,27.2662,"4,791,430",26.9281,27.4625,26.8899
08/17/2018,27.0099,"3,406,736",27.1135,27.5825,26.9881
08/16/2018,27.1844,"2,596,277",26.9771,27.397,26.8408
08/15/2018,26.8517,"2,965,475",27.2171,27.228,26.5572
08/14/2018,27.4625,"3,515,374",27.3861,27.6643,27.2498
08/13/2018,26.9117,"3,520,726",27.1298,27.3589,26.7263
08/10/2018,27.1626,"5,260,241",27.0589,27.3861,26.7754
08/09/2018,27.2389,"3,872,152",27.517,27.8115,27.2007
08/08/2018,27.5715,"3,483,354",27.6806,27.9206,27.4734
08/07/2018,27.8388,"2,216,464",27.806,28.1441,27.5825
08/06/2018,27.5388,"2,165,601",27.4788,27.7079,27.3534
08/03/2018,27.4625,"4,040,626",26.9117,27.986,26.9117
08/02/2018,26.9881,"2,386,856",26.5845,27.0208,26.4973
08/01/2018,26.8299,"2,623,922",26.7208,27.171,26.5682
07/31/2018,27.0917,"3,113,110",27.0971,27.6315,26.7208
07/30/2018,27.0971,"4,331,793",27.0044,27.4625,26.7699
07/27/2018,27.1844,"6,554,367",29.4747,29.7747,27.1353
07/26/2018,29.6329,"5,346,726",30.7181,30.8708,29.3657
07/25/2018,30.2273,"2,599,338",30.1509,30.4727,29.6929
07/24/2018,29.9928,"1,934,768",30.14,30.3309,29.8237
07/23/2018,29.9437,"1,914,073",30.4018,30.5327,29.8892
07/20/2018,30.3636,"3,249,669",30.4236,30.5163,30.0637
07/19/2018,30.3691,"2,573,149",29.4965,30.5217,29.4965
07/18/2018,29.9219,"1,686,574",29.8892,30.0473,29.5783
07/17/2018,29.9601,"1,375,279",29.8128,30.1346,29.4965
07/16/2018,29.9219,"2,644,538",29.9546,30.2436,29.6601
07/13/2018,30.2763,"2,369,022",30.0255,30.7671,29.6765
07/12/2018,30.1182,"2,081,377",30.4836,30.4836,29.8292
07/11/2018,30.4345,"2,416,872",30.5272,31.2688,30.3309
07/10/2018,30.7562,"1,997,376",31.1707,31.2279,30.5817
07/09/2018,31.0234,"2,090,986",30.7344,31.0562,30.3963
07/06/2018,30.4945,"1,285,011",29.9601,30.6254,29.9219
07/05/2018,29.9764,"1,967,640",29.8565,30.1673,29.6874
07/03/2018,29.7201,"1,094,198",30.0909,30.1891,29.5293
07/02/2018,29.6929,"1,708,139",29.7201,29.8074,29.3111
06/29/2018,30.0909,"2,635,107",30.729,31.2961,29.9928
06/28/2018,30.669,"3,389,320",30.2327,30.8217,29.9601
06/27/2018,29.9764,"2,615,150",30.2763,30.6962,29.8946
06/26/2018,30.02,"2,772,298",29.3166,30.0419,29.0385
06/25/2018,29.3438,"3,964,053",29.2293,29.6547,29.033
06/22/2018,29.273,"6,729,106",30.8817,31.0943,29.1366
06/21/2018,30.5108,"2,061,446",30.778,31.1161,30.3691
06/20/2018,30.9635,"2,888,026",31.1161,31.2797,30.5763
06/19/2018,30.7835,"2,678,406",29.9764,30.8162,29.8565
06/18/2018,30.4836,"3,231,420",30.14,30.8871,30.0855
06/15/2018,30.2436,"5,333,345",30.4345,30.6799,30.2
06/14/2018,30.6254,"3,346,739",31.1652,31.2416,30.5872
06/13/2018,30.9689,"3,957,654",30.4072,31.2794,30.3691
06/12/2018,30.2654,"3,480,802",29.6056,30.3472,29.5565
06/11/2018,29.5674,"1,806,293",29.1039,29.7092,28.913
06/08/2018,28.9676,"1,876,343",28.9894,29.3275,28.5586
06/07/2018,28.9839,"2,303,324",28.3568,29.0712,28.3186
06/06/2018,28.1878,"2,067,241",27.8224,28.2968,27.6861
06/05/2018,27.6643,"2,139,245",27.2771,27.806,27.0044
06/04/2018,27.5552,"1,977,288",28.3786,28.4386,27.3807
06/01/2018,28.3077,"2,696,034",28.1714,28.684,27.9478
05/31/2018,28.106,"3,128,832",27.757,28.5586,27.5497
05/30/2018,27.9369,"1,996,509",27.168,27.964,26.9335
05/29/2018,26.9771,"1,962,572",26.9717,27.4461,26.6936
05/25/2018,27.3916,"2,804,859",27.1735,27.4407,26.8953
05/24/2018,27.7188,"2,236,139",28.1823,28.4659,27.6097
05/23/2018,28.4604,"2,427,336",28.455,28.8258,28.046
05/22/2018,28.6567,"3,048,113",29.5293,29.7801,28.5422
05/21/2018,29.273,"2,285,328",28.9894,29.2948,28.7876
05/18/2018,28.7058,"2,742,509",29.3329,29.3329,28.6131
05/17/2018,29.4147,"2,431,396",29.2839,29.5402,28.8258
05/16/2018,29.2021,"3,867,462",28.4713,29.3329,28.275
05/15/2018,28.4931,"2,976,391",28.2259,28.4931,27.7624
05/14/2018,28.1878,"2,300,440",27.9096,28.3623,27.7951
05/11/2018,27.7024,"2,292,904",28.1659,28.1659,27.5279
05/10/2018,28.1659,"2,526,679",28.1278,28.2259,27.4679
05/09/2018,27.9424,"4,170,394",27.9206,28.7222,27.7133
05/08/2018,27.5606,"2,919,608",26.9172,27.5661,26.3173
05/07/2018,26.939,"3,177,693",26.9771,27.7351,26.6991
05/04/2018,26.5191,"2,110,623",25.6793,26.6663,25.6499
05/03/2018,25.6793,"3,637,544",26.699,27.0535,25.5975
05/02/2018,27.1516,"3,131,673",27.1353,27.6997,26.9172
05/01/2018,27.3861,"3,731,739",27.2989,27.926,27.1053
04/30/2018,27.3698,"3,255,901",27.0535,27.667,26.8771
04/27/2018,27.2444,"3,927,253",27.8769,28.1878,27.1626
04/26/2018,27.7788,"10,516,170",26.0555,28.2041,25.5593
04/25/2018,25.6029,"2,389,096",25.2757,25.7284,25.0849
04/24/2018,25.4393,"2,544,361",26.1701,26.2464,25.2485
04/23/2018,26.1428,"2,057,023",25.6684,26.1701,25.3684
04/20/2018,25.8265,"3,408,975",26.1646,26.1646,25.429
04/19/2018,26.2955,"1,654,836",26.7154,26.9281,26.2737
04/18/2018,26.7972,"1,780,466",27.0971,27.3752,26.7754
04/17/2018,26.9281,"1,297,277",26.759,27.0426,26.4373
04/16/2018,26.7263,"1,625,187",26.8135,27.0589,26.4918
04/13/2018,26.639,"1,892,223",26.4973,26.8517,26.2737
04/12/2018,26.3555,"1,662,458",26.6499,26.7481,26.2028
04/11/2018,26.5627,"1,655,747",26.4645,26.8299,26.1864
04/10/2018,26.4918,"2,252,169",25.7883,26.8135,25.7883
04/09/2018,25.4393,"1,667,667",25.483,26.0119,25.3828
04/06/2018,25.5757,"2,812,942",26.4536,26.5136,25.0467
04/05/2018,26.5791,"2,455,536",25.7502,26.7536,25.6684
04/04/2018,25.532,"1,985,412",25.3466,25.5757,25.1813
04/03/2018,25.7065,"2,043,852",25.2757,25.7883,25.0031
04/02/2018,25.1067,"2,136,637",25.7174,25.7803,24.6432
03/29/2018,25.9083,"3,145,934",25.5538,26.0828,25.4557
03/28/2018,25.4066,"2,588,849",25.9847,26.1101,25.3957
03/27/2018,25.8756,"3,080,671",26.7481,26.7481,25.7174
03/26/2018,26.6554,"1,766,818",26.5791,26.7754,26.1264
03/23/2018,26.2955,"2,227,440",26.7481,27.1516,26.2191
03/22/2018,26.5954,"1,863,458",26.7099,26.9935,26.5736
03/21/2018,27.0153,"1,732,600",26.5354,27.1735,26.35
03/20/2018,26.4536,"1,891,796",26.7263,26.8572,26.3882
03/19/2018,26.5245,"2,035,329",26.9662,27.3425,26.3364
03/16/2018,27.5116,"3,789,731",27.1789,27.6806,26.9553
03/15/2018,27.1189,"7,587,905",28.0841,28.4495,26.5
03/14/2018,28.6022,"2,769,620",28.8476,28.8967,28.455
03/13/2018,28.7167,"2,268,277",28.5804,28.8359,28.3514
03/12/2018,28.4659,"2,000,377",28.6895,28.7058,28.2041
03/09/2018,28.5968,"2,253,434",27.9315,28.8149,27.9315
03/08/2018,27.8497,"1,838,321",28.0787,28.1387,27.6097
03/07/2018,28.0024,"2,166,267",27.9587,28.4495,27.6942
03/06/2018,28.2587,"3,772,530",28.5204,28.6895,28.1278
03/05/2018,28.2968,"3,534,025",27.4189,28.4441,27.4189
03/02/2018,27.4407,"4,071,183",27.1189,27.5225,26.6118
03/01/2018,27.3371,"3,718,031",27.5825,27.7679,27.2225
02/28/2018,27.4352,"3,291,987",28.1659,28.3568,27.4352
02/27/2018,28.0133,"4,602,103",28.5095,28.8531,28.0024
02/26/2018,28.6295,"3,786,298",28.7004,28.7658,28.3405
02/23/2018,28.4004,"3,887,685",27.9042,28.5531,27.8115
02/22/2018,27.7133,"6,831,636",27.3043,28.106,27.0535
02/21/2018,27.1626,"7,223,890",29.2021,29.2021,27.1407
02/20/2018,28.0296,"6,081,677",28.7767,28.9021,27.9424
02/16/2018,28.6567,"6,182,130",28.8858,29.3711,28.504
02/15/2018,29.0875,"11,076,660",26.7808,29.2021,26.3173
02/14/2018,26.4536,"4,854,837",25.5593,26.6936,25.4666
02/13/2018,25.832,"4,599,394",25.8429,25.941,25.5593
02/12/2018,26.0501,"4,466,704",25.3575,26.2519,25.3575
02/09/2018,24.9376,"4,453,575",25.3357,25.5102,23.8306
02/08/2018,25.2212,"5,506,287",25.9792,26.4264,25.2212
02/07/2018,25.9847,"4,853,511",26.9717,27.2389,25.7011
02/06/2018,27.0698,"4,340,207",26.3282,27.5825,26.001
02/05/2018,26.8681,"5,608,473",27.9424,28.215,26.6936
02/02/2018,28.3077,"4,048,034",28.7222,28.9512,28.1987
02/01/2018,29.0766,"5,508,000",29.5402,29.8128,28.6595
01/31/2018,29.6056,"4,198,930",29.8019,30.0091,29.5129
01/30/2018,29.8019,"4,127,269",30.7126,30.7617,29.6329
01/29/2018,31.0016,"2,070,830",31.7978,31.8469,30.8762
01/26/2018,32.0323,"2,926,506",32.1141,32.2341,31.8469
01/25/2018,31.8905,"2,155,645",32.1686,32.3977,31.6724
01/24/2018,32.0432,"3,005,785",32.0268,32.5176,31.945
01/23/2018,31.8687,"6,166,277",31.4815,32.0214,31.3016
01/22/2018,31.1707,"2,895,332",30.9635,31.2634,30.5708
01/19/2018,30.5545,"2,320,145",31.0125,31.0343,30.5217
01/18/2018,31.1652,"2,266,007",31.547,31.6124,31.1216
01/17/2018,31.716,"4,679,856",31.8851,32.1795,31.6288
01/16/2018,31.6942,"4,989,834",31.836,32.0323,31.4433
01/12/2018,31.8796,"3,119,905",32.0323,32.2831,31.6833
01/11/2018,32.0105,"5,637,409",31.9178,32.2613,31.7215
01/10/2018,31.6233,"2,225,748",31.945,32.1659,31.5906
01/09/2018,32.0105,"2,119,766",32.0268,32.2831,31.8305
01/08/2018,32.0268,"2,867,435",31.6015,32.0814,31.2361
01/05/2018,31.5251,"3,093,739",31.9559,31.9559,31.1652
01/04/2018,32.1577,"1,924,089",32.2559,32.305,31.8305
01/03/2018,32.1359,"4,424,325",32.1468,32.534,31.716
01/02/2018,31.9669,"3,434,063",31.3615,32.0377,31.1543
12/29/2017,31.0398,"3,118,700",31.3343,31.4106,30.9471
12/28/2017,31.2252,"3,445,689",30.26,31.3506,30.1618
12/27/2017,30.1727,"3,041,154",30.2545,30.3581,29.9055
12/26/2017,30.2382,"1,625,648",30.0364,30.3527,29.9546
12/22/2017,29.8674,"2,204,060",30.2873,30.3785,29.8292
12/21/2017,30.2218,"2,828,904",29.3548,30.3309,29.1366
12/20/2017,29.5674,"3,189,691",29.731,29.8019,29.2526
12/19/2017,29.6765,"4,123,310",30.3745,30.429,29.6165
12/18/2017,30.1727,"3,655,332",29.9928,30.5981,29.971
12/15/2017,29.8346,"5,709,160",30.7835,30.8053,29.791
12/14/2017,30.5436,"2,806,947",30.8653,31.0234,30.4727
12/13/2017,30.9798,"3,630,348",30.3472,31.3943,30.3472
12/12/2017,30.5327,"2,652,620",31.4488,31.5251,30.5054
12/11/2017,31.1543,"2,796,644",30.8653,31.547,30.8489
12/08/2017,30.7453,"5,696,500",30.6908,30.8708,30.2491
12/07/2017,30.429,"2,868,511",31.0834,31.2443,30.3936
12/06/2017,31.1816,"2,893,076",32.2013,32.2013,31.1216
12/05/2017,32.185,"2,838,481",32.0923,32.5449,31.9614
12/04/2017,32.5285,"4,966,021",32.4849,32.8775,32.3047
12/01/2017,32.4849,"3,670,946",32.7139,32.9103,31.9614
11/30/2017,32.5013,"4,464,842",31.6015,32.5722,31.6015
11/29/2017,31.6887,"2,846,614",31.0289,31.7814,30.9089
11/28/2017,31.0125,"2,834,065",31.018,31.2143,30.7235
11/27/2017,31.018,"3,714,423",31.5197,31.5797,30.7944
11/24/2017,31.4379,"1,167,237",31.6942,31.8142,31.2034
11/22/2017,31.7269,"1,721,472",31.8033,32.0541,31.6288
11/21/2017,31.8033,"2,277,890",32.3595,32.5067,31.5851
11/20/2017,32.354,"3,718,864",32.0377,32.3922,31.6124
11/17/2017,32.1904,"2,701,753",32.3649,32.5558,32.0432
11/16/2017,32.3377,"2,679,689",32.8339,32.8339,32.0323
11/15/2017,32.4522,"6,607,791",32.6758,32.7194,31.9341
11/14/2017,33.0466,"5,643,176",35.1352,35.1952,32.8994
11/13/2017,35.217,"8,241,372",35.5496,35.8932,35.0261
11/10/2017,35.5442,"22,746,700",35.8932,36.0077,35.1352
11/09/2017,35.9423,"9,547,107",35.1952,35.9641,35.1952
11/08/2017,35.1461,"5,371,413",34.5571,35.3424,34.2518
11/07/2017,34.4862,"2,663,753",34.808,34.9661,34.2245
11/06/2017,34.808,"3,666,817",34.5081,34.9225,34.1318
11/03/2017,34.2354,"2,822,249",33.8864,34.4862,33.1611
11/02/2017,33.8264,"2,166,406",33.7555,34.3499,33.5592
11/01/2017,33.8428,"3,375,101",34.399,34.5634,33.7664
10/31/2017,34.1045,"2,963,345",33.9246,34.399,33.6137
10/30/2017,33.7828,"5,409,650",34.519,34.7044,33.6028
10/27/2017,34.5244,"11,653,170",32.474,35.4624,32.305
10/26/2017,32.7576,"6,740,423",33.1884,33.1884,31.7378
10/25/2017,33.1884,"6,972,306",34.6826,34.8516,33.0684
10/24/2017,34.928,"2,844,871",34.6607,35.0861,34.4317
10/23/2017,34.339,"3,305,941",34.7316,35.2552,34.3226
10/20/2017,34.5462,"1,971,413",34.399,34.7807,34.2681
10/19/2017,34.3881,"2,979,347",34.1645,34.4481,34.0118
10/18/2017,34.3226,"1,621,071",34.4753,34.7535,34.1536
10/17/2017,34.5299,"2,440,829",34.0936,34.6253,34.0282
10/16/2017,34.1154,"1,992,510",34.4099,34.6826,33.9627
10/13/2017,34.3608,"2,093,709",34.9061,34.9334,34.3226
10/12/2017,34.6226,"2,327,998",34.2136,34.8243,33.9791
10/11/2017,34.4099,"1,811,873",34.339,34.4917,34.0882
10/10/2017,34.2899,"2,936,949",34.5462,34.6826,34.1318
10/09/2017,34.3008,"3,490,691",34.7098,34.8843,34.1481
10/06/2017,34.688,"4,988,922",35.097,35.3588,34.5026
10/05/2017,35.4733,"3,254,977",35.2333,35.7296,35.0343
10/04/2017,35.0152,"4,276,026",35.217,35.326,34.4808
10/03/2017,35.0152,"1,969,696",35.6151,35.8277,35.0098
10/02/2017,35.6423,"2,608,806",35.1788,35.7514,35.0806
09/29/2017,35.5769,"2,627,051",35.2824,35.7459,35.2006
09/28/2017,35.4787,"3,078,715",35.5987,35.7296,35.0752
09/27/2017,35.5987,"2,428,689",35.6805,35.7678,35.0152
09/26/2017,35.4187,"3,062,496",35.5005,35.9204,35.3097
09/25/2017,35.1461,"2,065,690",35.2115,35.506,35.0152
09/22/2017,35.0425,"2,202,770",34.7644,35.2061,34.6607
09/21/2017,34.8134,"3,931,032",34.9443,35.2497,34.5571
09/20/2017,35.1734,"4,171,434",35.1952,35.5496,34.9389
09/19/2017,34.9661,"2,254,865",35.097,35.1952,34.7098
09/18/2017,35.0752,"2,325,857",35.5115,35.6914,34.977
09/15/2017,35.3697,"3,173,441",35.2442,35.5387,34.9988
09/14/2017,35.3751,"6,869,640",34.6771,35.9586,34.6335
09/13/2017,34.4154,"4,418,815",34.0718,34.5408,34.0718
09/12/2017,33.9355,"2,434,310",33.4011,34.1208,33.1829
09/11/2017,33.2538,"2,992,234",33.1884,33.3956,32.823
09/08/2017,33.0848,"3,677,877",33.521,33.5592,32.5394
09/07/2017,33.87,"1,940,994",34.2681,34.3117,33.5211
09/06/2017,34.3117,"1,966,426",34.5244,34.5244,34.0663
09/05/2017,34.1863,"3,499,192",34.3336,34.5599,33.9137
09/01/2017,34.1427,"1,776,219",34.0554,34.2463,33.461
08/31/2017,33.9955,"1,650,688",33.8155,34.3445,33.6301
08/30/2017,33.6901,"1,399,550",33.1284,33.7828,32.9266
08/29/2017,33.3629,"1,029,774",32.9593,33.4829,32.8012
08/28/2017,33.172,"1,324,847",33.1993,33.3138,32.8285
08/25/2017,33.2974,"1,860,430",33.4938,33.5319,33.0848
08/24/2017,33.4174,"1,100,892",33.2865,33.6792,32.8939
08/23/2017,33.2865,"2,739,708",33.3247,33.7773,33.2647
08/22/2017,33.4065,"2,384,910",32.9375,33.6083,32.9321
08/21/2017,32.8176,"2,633,944",32.8066,32.9866,32.4876
08/18/2017,32.8557,"3,440,617",33.2375,33.2538,32.8176
08/17/2017,33.292,"2,873,675",32.8394,33.581,32.7957
08/16/2017,33.1338,"1,990,053",33.1829,33.5537,32.9812
08/15/2017,33.292,"2,978,737",33.5537,33.6301,32.6103
08/14/2017,33.7119,"2,330,825",34.4535,34.6826,33.641
08/11/2017,34.3172,"1,313,096",33.7173,34.3554,33.6383
08/10/2017,33.8482,"1,663,753",34.3499,34.6826,33.821
08/09/2017,34.1972,"2,652,466",34.4426,34.7044,33.6846
08/08/2017,34.2354,"4,378,691",33.4174,34.4699,33.4174
08/07/2017,33.6246,"2,879,588",34.0064,34.0282,33.1393
08/04/2017,34.0609,"2,727,328",33.8864,34.4808,33.7773
08/03/2017,33.8755,"3,499,279",34.4208,34.6171,33.6192
08/02/2017,34.3608,"2,155,345",34.5517,35.0479,34.1918
08/01/2017,34.8625,"2,568,551",34.7098,34.9525,34.4862
07/31/2017,34.7371,"4,460,941",35.8823,36.0786,34.5735
07/28/2017,36.0459,"4,482,366",36.5966,36.9947,35.975
07/27/2017,36.5476,"6,355,146",34.8407,36.8366,34.2572
07/26/2017,34.8843,"2,690,375",35.0098,35.2115,34.4753
07/25/2017,34.9334,"3,292,890",34.9171,35.386,34.7316
07/24/2017,34.399,"2,866,224",34.3499,34.628,34.0009
07/21/2017,34.3226,"4,642,549",33.8046,34.7916,33.7282
07/20/2017,33.7882,"4,196,140",34.2627,34.5299,33.7119
07/19/2017,34.0936,"3,870,685",33.4665,34.1236,33.2538
07/18/2017,33.3465,"2,153,248",34.0991,34.219,32.9539
07/17/2017,33.9027,"2,222,295",33.7773,34.339,33.6792
07/14/2017,33.7446,"1,931,712",33.9246,34.0882,33.5156
07/13/2017,33.6464,"2,867,599",33.2702,33.6955,33.1666
07/12/2017,33.3901,"4,958,435",33.5374,33.6519,33.0193
07/11/2017,33.2865,"3,994,876",32.7467,33.4065,32.5285
07/10/2017,32.6649,"4,065,189",32.1086,32.7576,31.896
07/07/2017,32.0323,"5,479,053",32.005,32.1468,31.3512
07/06/2017,32.1741,"5,480,347",32.7521,33.0357,32.0759
07/05/2017,32.6049,"6,736,003",32.2013,32.823,31.7215
07/03/2017,32.5831,"6,730,337",32.8448,33.1502,31.9778
06/30/2017,31.9505,"3,887,325",32.3431,32.5299,31.8796
06/29/2017,32.1795,"4,875,608",32.2177,32.474,31.8251
06/28/2017,32.0377,"3,992,848",31.9832,32.5285,31.8305
06/27/2017,31.776,"6,763,546",31.8796,32.0683,31.3179
06/26/2017,31.8196,"5,608,600",30.898,31.9778,30.4345
06/23/2017,30.6417,"7,677,737",28.684,30.6799,28.5204
06/22/2017,28.3732,"10,100,630",27.8987,28.6622,27.4079
06/21/2017,27.7188,"10,582,240",28.5913,28.5913,27.0644
06/20/2017,28.5858,"10,587,070",29.2075,29.2089,28.1005
06/19/2017,29.1802,"22,187,850",30.2709,30.6199,28.8421
06/16/2017,32.0487,"3,467,539",31.6124,32.2286,31.5224
06/15/2017,31.4652,"2,009,483",31.1543,31.6506,31.1434
06/14/2017,31.367,"2,193,452",31.4161,31.5797,30.9226
06/13/2017,31.5797,"2,960,627",31.0398,31.5851,30.8053
06/12/2017,30.9744,"1,656,586",31.2579,31.3888,30.5654
06/09/2017,30.8053,"4,323,731",30.08,30.9635,30.0419
06/08/2017,29.9328,"2,820,694",29.2184,30.0637,28.9839
06/07/2017,29.2021,"3,948,256",29.4147,29.4747,28.8531
06/06/2017,29.4311,"3,077,714",29.273,29.6001,28.7222
06/05/2017,29.322,"1,635,679",29.6492,29.851,29.2948
06/02/2017,29.8783,"3,872,528",30.3581,30.5054,29.5129
06/01/2017,30.6308,"2,375,369",30.2545,30.7044,30.0637
05/31/2017,30.14,"2,615,870",30.1509,30.3909,29.8455
05/30/2017,30.5381,"2,446,596",30.6635,30.838,30.3963
05/26/2017,30.9144,"1,509,125",30.7017,31.0834,30.4672
05/25/2017,30.7072,"3,435,258",30.6799,31.2688,30.2927
05/24/2017,30.8598,"1,403,940",31.1598,31.2416,30.6526
05/23/2017,31.1979,"1,841,698",30.7235,31.2688,30.6417
05/22/2017,30.8162,"1,259,670",30.9416,31.0725,30.7562
