date,close,volume,open,high,low
05/15/2026,13.4,"108,272,300",13.98,14.05,13.285
05/14/2026,14.48,"187,021,600",13.75,14.94,13.63
05/13/2026,13.57,"216,261,200",11.97,13.94,11.97
05/12/2026,11.99,"42,165,340",11.92,12.025,11.8
05/11/2026,12.05,"48,850,840",12.34,12.39,12.01
05/08/2026,12.32,"38,453,550",12.29,12.37,12.18
05/07/2026,12.18,"38,986,730",12.222,12.3,12.06
05/06/2026,12.17,"52,111,220",11.94,12.2499,11.94
05/05/2026,11.69,"42,262,080",11.56,11.79,11.555
05/04/2026,11.5,"51,014,810",11.85,11.88,11.455
05/01/2026,11.88,"52,880,470",12.06,12.07,11.78
04/30/2026,12.08,"80,557,940",11.551,12.09,11.47
04/29/2026,12.24,"48,672,830",12.37,12.38,12.135
04/28/2026,12.4,"44,278,000",12.52,12.52,12.2431
04/27/2026,12.49,"35,098,180",12.38,12.65,12.38
04/24/2026,12.38,"35,043,470",12.45,12.46,12.29
04/23/2026,12.48,"30,844,540",12.61,12.695,12.37
04/22/2026,12.63,"23,958,290",12.84,12.8797,12.575
04/21/2026,12.78,"32,209,970",12.87,13.03,12.775
04/20/2026,12.87,"26,028,970",12.81,12.915,12.75
04/17/2026,12.87,"45,735,000",12.64,13.04,12.62
04/16/2026,12.44,"37,407,680",12.67,12.75,12.42
04/15/2026,12.71,"39,926,530",12.7,12.755,12.49
04/14/2026,12.71,"50,232,180",12.51,12.75,12.45
04/13/2026,12.16,"32,688,630",12.03,12.165,11.92
04/10/2026,12.13,"28,362,740",12.34,12.42,12.07
04/09/2026,12.24,"32,576,250",12.065,12.27,11.96
04/08/2026,12.18,"58,139,980",11.96,12.24,11.96
04/07/2026,11.52,"41,991,580",11.54,11.605,11.35
04/06/2026,11.61,"24,374,590",11.6,11.63,11.5
04/02/2026,11.6,"31,109,070",11.47,11.62,11.36
04/01/2026,11.68,"33,991,680",11.62,11.69,11.575
03/31/2026,11.54,"38,287,890",11.36,11.59,11.27
03/30/2026,11.21,"41,459,900",11.41,11.45,11.11
03/27/2026,11.37,"33,064,550",11.54,11.55,11.29
03/26/2026,11.6,"28,517,570",11.56,11.72,11.49
03/25/2026,11.67,"37,746,080",11.945,12.01,11.66
03/24/2026,11.84,"31,903,850",11.68,11.88,11.67
03/23/2026,11.76,"44,442,150",11.93,12.01,11.72
03/20/2026,11.52,"147,725,100",11.635,11.68,11.37
03/19/2026,11.64,"47,423,420",11.68,11.75,11.48
03/18/2026,11.79,"55,564,770",11.87,12.01,11.7
03/17/2026,11.94,"59,520,140",11.86,12.03,11.84
03/16/2026,11.71,"49,441,380",11.815,11.875,11.64
03/13/2026,11.67,"48,546,480",12.11,12.13,11.65
03/12/2026,12.04,"51,733,910",11.93,12.19,11.85
03/11/2026,12.11,"50,074,540",12.27,12.49,12.031
03/10/2026,12.24,"56,746,280",12.19,12.51,12.19
03/09/2026,12.19,"69,611,160",11.94,12.2,11.8
03/06/2026,12.15,"59,877,680",12.17,12.32,12.03
03/05/2026,12.34,"71,944,260",12.7,12.745,12.24
03/04/2026,12.81,"73,976,740",12.945,13.15,12.81
03/03/2026,12.7,"102,354,700",13.07,13.18,12.68
03/02/2026,13.39,"110,305,500",13.93,13.93,13.22
02/27/2026,14.09,"73,156,950",14.32,14.57,14.03
02/26/2026,14.41,"61,456,280",14.45,14.795,14.3044
02/25/2026,14.43,"58,968,680",14.25,14.49,14.15
02/24/2026,14.2,"73,560,770",13.77,14.325,13.73
02/23/2026,13.64,"59,134,370",13.98,14.04,13.57
02/20/2026,14.01,"67,701,100",13.775,14.035,13.72
02/19/2026,13.78,"58,268,470",13.77,13.945,13.69
02/18/2026,13.85,"64,199,310",14.11,14.14,13.805
02/17/2026,14.13,"57,684,790",14.09,14.17,13.933
02/13/2026,14.12,"87,400,200",13.88,14.335,13.85
02/12/2026,14.0,"133,257,200",13.9,14.36,13.85
02/11/2026,13.85,"129,595,000",13.62,13.88,13.515
02/10/2026,13.57,"80,827,670",13.635,13.74,13.57
02/09/2026,13.59,"59,777,960",13.75,13.775,13.53
02/06/2026,13.8,"55,588,190",13.78,13.88,13.665
02/05/2026,13.72,"79,719,940",13.75,13.82,13.53
02/04/2026,13.82,"70,488,670",13.72,14.0,13.69
02/03/2026,13.73,"76,637,980",13.82,14.0351,13.61
02/02/2026,13.81,"54,218,120",13.86,13.895,13.745
01/30/2026,13.88,"66,996,340",13.91,13.98,13.79
01/29/2026,14.0,"84,803,900",13.89,14.09,13.795
01/28/2026,13.82,"48,751,760",13.88,13.89,13.76
01/27/2026,13.93,"100,003,700",13.64,13.945,13.51
01/26/2026,13.44,"59,170,960",13.56,13.655,13.3448
01/23/2026,13.56,"39,702,050",13.7,13.7,13.55
01/22/2026,13.71,"38,170,250",13.78,13.84,13.7
01/21/2026,13.77,"58,160,150",13.405,13.77,13.405
01/20/2026,13.28,"67,018,100",13.47,13.61,13.23
01/16/2026,13.6,"60,750,840",13.76,13.795,13.59
01/15/2026,13.81,"44,241,480",13.915,14.13,13.79
01/14/2026,13.84,"65,318,550",14.0,14.12,13.79
01/13/2026,13.98,"58,867,540",14.055,14.13,13.96
01/12/2026,14.03,"53,443,960",14.15,14.185,13.955
01/09/2026,14.2,"68,436,180",14.35,14.41,14.085
01/08/2026,14.4,"154,276,800",13.89,14.5,13.89
01/07/2026,13.74,"50,608,950",13.8,13.82,13.59
01/06/2026,13.8,"84,534,700",13.51,13.86,13.32
01/05/2026,13.47,"50,135,250",13.25,13.48,13.2001
01/02/2026,13.34,"46,366,860",13.18,13.39,13.06
12/31/2025,13.12,"26,302,260",13.21,13.22,13.12
12/30/2025,13.23,"23,002,810",13.28,13.29,13.2
12/29/2025,13.28,"24,398,310",13.27,13.31,13.24
12/26/2025,13.31,"22,471,420",13.335,13.375,13.26
12/24/2025,13.36,"14,227,580",13.3,13.38,13.25
12/23/2025,13.29,"25,440,830",13.43,13.45,13.28
12/22/2025,13.46,"31,106,110",13.51,13.6095,13.42
12/19/2025,13.47,"61,640,570",13.31,13.475,13.28
12/18/2025,13.32,"52,604,830",13.38,13.4656,13.25
12/17/2025,13.31,"58,320,640",13.63,13.66,13.29
12/16/2025,13.67,"69,408,880",13.72,13.99,13.5701
12/15/2025,13.65,"53,577,260",13.8,13.81,13.49
12/12/2025,13.76,"48,337,280",13.67,13.84,13.67
12/11/2025,13.63,"59,012,300",13.385,13.68,13.3
12/10/2025,13.41,"72,210,700",13.08,13.42,13.07
12/09/2025,13.08,"33,349,990",13.13,13.2202,13.06
12/08/2025,13.14,"45,580,830",13.07,13.16,12.945
12/05/2025,13.03,"54,099,360",13.15,13.28,13.0
12/04/2025,13.14,"47,554,800",13.19,13.24,13.06
12/03/2025,13.09,"45,364,670",12.99,13.14,12.96
12/02/2025,12.96,"57,641,700",13.19,13.19,12.87
12/01/2025,13.16,"51,593,960",13.195,13.385,13.13
11/28/2025,13.28,"29,536,180",13.205,13.34,13.18
11/26/2025,13.19,"44,942,200",13.17,13.26,13.12
11/25/2025,13.17,"52,884,970",12.99,13.26,12.975
11/24/2025,12.96,"52,936,240",12.84,12.98,12.825
11/21/2025,12.83,"74,048,860",12.51,12.94,12.49
11/20/2025,12.41,"95,861,860",12.91,13.01,12.38
11/19/2025,12.9,"49,619,260",13.03,13.15,12.8649
11/18/2025,13.02,"70,215,400",12.87,13.09,12.76
11/17/2025,12.88,"73,404,380",13.1751,13.1751,12.78
11/14/2025,13.19,"67,932,420",13.18,13.31,13.1
11/13/2025,13.28,"71,481,610",13.4,13.5,13.25
11/12/2025,13.45,"61,840,460",13.3,13.5,13.3
11/11/2025,13.3,"79,742,410",13.19,13.44,13.19
11/10/2025,13.16,"62,051,160",13.23,13.235,13.0
11/07/2025,13.21,"80,011,320",12.96,13.24,12.95
11/06/2025,13.12,"82,291,050",13.14,13.26,12.98
11/05/2025,13.11,"79,134,310",12.92,13.305,12.88
11/04/2025,12.79,"70,360,610",12.91,12.93,12.75
11/03/2025,13.01,"80,419,400",13.1,13.1,12.9
10/31/2025,13.13,"68,861,990",13.04,13.17,12.99
10/30/2025,13.06,"80,766,300",13.14,13.29,13.06
10/29/2025,13.24,"127,512,200",13.1,13.39,13.07
10/28/2025,13.13,"96,738,450",13.24,13.28,13.04
10/27/2025,13.26,"140,859,000",13.8,13.8,13.21
10/24/2025,13.84,"298,366,900",12.73,13.97,12.71
10/23/2025,12.34,"479,840,300",12.47,12.49,12.19
10/22/2025,12.43,"415,062,200",12.53,12.595,12.28
10/21/2025,12.56,"297,153,200",12.255,12.63,12.07
10/20/2025,11.99,"77,878,940",11.93,12.08,11.91
10/17/2025,11.92,"107,633,500",11.74,12.01,11.72
10/16/2025,11.74,"108,701,200",11.74,11.79,11.64
10/15/2025,11.76,"88,960,730",11.675,11.78,11.64
10/14/2025,11.65,"89,117,950",11.38,11.76,11.34
10/13/2025,11.54,"73,939,380",11.49,11.63,11.46
10/10/2025,11.41,"84,595,400",11.55,11.59,11.35
10/09/2025,11.5,"70,320,480",11.745,11.77,11.48
10/08/2025,11.74,"78,469,650",11.98,12.014,11.68
10/07/2025,11.92,"154,390,200",12.5,12.53,11.74
10/06/2025,12.7,"90,544,940",12.63,12.8,12.48
10/03/2025,12.67,"100,778,600",12.245,12.67,12.2
10/02/2025,12.22,"74,530,530",12.28,12.43,12.12
10/01/2025,12.27,"73,578,430",12.12,12.28,12.04
09/30/2025,11.96,"70,765,050",12.11,12.2,11.91
09/29/2025,12.09,"83,325,010",12.1,12.12,11.89
09/26/2025,12.01,"117,681,800",11.65,12.315,11.65
09/25/2025,11.62,"67,656,340",11.54,11.65,11.37
09/24/2025,11.63,"60,193,780",11.73,11.83,11.59
09/23/2025,11.73,"55,667,550",11.7,11.93,11.695
09/22/2025,11.66,"58,432,710",11.6,11.7,11.565
09/19/2025,11.62,"71,676,340",11.77,11.8,11.585
09/18/2025,11.74,"55,040,060",11.69,11.78,11.62
09/17/2025,11.66,"68,585,950",11.63,11.88,11.55
09/16/2025,11.61,"58,064,970",11.685,11.78,11.51
09/15/2025,11.68,"47,942,430",11.74,11.755,11.61
09/12/2025,11.68,"50,100,810",11.754,11.81,11.66
09/11/2025,11.76,"64,196,120",11.46,11.79,11.43
09/10/2025,11.42,"47,021,330",11.49,11.52,11.31
09/09/2025,11.49,"41,262,740",11.67,11.68,11.45
09/08/2025,11.69,"39,734,520",11.75,11.75,11.58
09/05/2025,11.74,"47,547,830",11.71,11.91,11.66
09/04/2025,11.68,"33,136,650",11.65,11.7,11.57
09/03/2025,11.62,"47,728,660",11.67,11.725,11.57
09/02/2025,11.72,"57,704,180",11.755,11.89,11.64
08/29/2025,11.77,"44,069,730",11.74,11.83,11.72
08/28/2025,11.71,"47,723,670",11.985,11.99,11.63
08/27/2025,11.91,"40,381,480",11.82,11.98,11.81
08/26/2025,11.84,"48,613,270",11.81,11.87,11.77
08/25/2025,11.82,"45,038,750",11.72,11.85,11.68
08/22/2025,11.74,"58,538,700",11.39,11.77,11.39
08/21/2025,11.33,"51,779,300",11.42,11.43,11.195
08/20/2025,11.49,"46,469,850",11.52,11.6,11.47
08/19/2025,11.58,"58,020,180",11.52,11.73,11.49
08/18/2025,11.46,"37,113,810",11.4,11.48,11.37
08/15/2025,11.44,"46,141,360",11.43,11.52,11.41
08/14/2025,11.44,"52,469,240",11.3,11.45,11.215
08/13/2025,11.44,"63,823,350",11.27,11.49,11.19
08/12/2025,11.25,"64,021,040",11.2,11.32,11.13
08/11/2025,11.14,"84,332,970",11.3,11.57,11.06
08/08/2025,11.32,"48,465,320",11.305,11.37,11.21
08/07/2025,11.28,"71,774,970",11.3,11.385,11.1
08/06/2025,11.21,"59,519,840",11.11,11.26,11.08
08/05/2025,11.06,"58,864,250",10.98,11.1,10.9
08/04/2025,10.95,"56,696,830",10.89,11.02,10.86
08/01/2025,10.82,"73,541,490",10.92,10.92,10.68
07/31/2025,11.07,"101,090,900",10.773,11.15,10.6801
07/30/2025,10.87,"79,866,860",11.125,11.125,10.82
07/29/2025,11.08,"58,371,480",11.29,11.29,11.06
07/28/2025,11.28,"54,173,650",11.48,11.49,11.25
07/25/2025,11.47,"52,312,260",11.335,11.49,11.2401
07/24/2025,11.26,"63,557,800",11.31,11.429,11.23
07/23/2025,11.38,"76,163,210",11.28,11.46,11.28
07/22/2025,11.19,"79,403,760",11.24,11.29,11.08
07/21/2025,11.31,"65,515,630",11.26,11.45,11.21
07/18/2025,11.16,"68,812,550",11.17,11.24,11.05
07/17/2025,11.15,"70,345,260",11.19,11.3465,11.11
07/16/2025,11.24,"107,978,100",11.35,11.45,11.15
07/15/2025,11.57,"65,101,900",11.9,11.93,11.5247
07/14/2025,11.88,"62,098,070",11.76,11.895,11.67
07/11/2025,11.78,"65,340,740",11.85,11.86,11.71
07/10/2025,11.91,"67,263,020",11.86,11.97,11.78
07/09/2025,11.83,"63,886,880",11.78,11.9,11.76
07/08/2025,11.68,"74,190,220",11.65,11.85,11.64
07/07/2025,11.59,"73,842,100",11.6,11.79,11.48
07/03/2025,11.81,"60,311,460",11.75,11.96,11.75
07/02/2025,11.77,"122,331,600",11.38,11.78,11.37
07/01/2025,11.35,"140,150,700",10.81,11.38,10.7901
06/30/2025,10.85,"88,472,230",10.72,10.86,10.685
06/27/2025,10.8,"182,008,200",10.7,10.92,10.68
06/26/2025,10.63,"88,416,360",10.5,10.65,10.47
06/25/2025,10.48,"91,927,330",10.76,10.765,10.42
06/24/2025,10.73,"77,244,410",10.79,10.87,10.72
06/23/2025,10.75,"77,576,510",10.55,10.75,10.535
06/20/2025,10.59,"116,743,400",10.49,10.6,10.46
06/18/2025,10.43,"82,770,170",10.43,10.53,10.395
06/17/2025,10.42,"100,969,400",10.59,10.63,10.38
06/16/2025,10.62,"75,195,180",10.5,10.67,10.5
06/13/2025,10.43,"90,106,170",10.47,10.51,10.38
06/12/2025,10.53,"76,393,290",10.58,10.59,10.43
06/11/2025,10.66,"93,094,880",10.64,10.77,10.6101
06/10/2025,10.6,"87,955,500",10.38,10.65,10.36
06/09/2025,10.34,"63,638,930",10.29,10.45,10.29
06/06/2025,10.26,"105,916,700",10.16,10.35,10.1501
06/05/2025,10.1,"133,269,400",10.2,10.25,10.03
06/04/2025,10.24,"123,191,200",10.19,10.365,10.18
06/03/2025,10.19,"121,584,300",9.97,10.225,9.89
06/02/2025,9.98,"170,340,800",10.27,10.28,9.88
05/30/2025,10.38,"152,191,600",10.18,10.46,10.12
05/29/2025,10.22,"101,688,900",10.21,10.28,10.11
05/28/2025,10.17,"102,335,600",10.32,10.335,10.15
05/27/2025,10.31,"89,066,850",10.45,10.4897,10.21
05/23/2025,10.36,"80,519,020",10.3,10.41,10.29
05/22/2025,10.44,"94,081,140",10.48,10.5,10.34
05/21/2025,10.48,"89,090,500",10.66,10.69,10.45
05/20/2025,10.72,"61,063,830",10.79,10.84,10.66
05/19/2025,10.75,"60,195,730",10.69,10.785,10.63
05/16/2025,10.8,"64,913,010",10.77,10.81,10.64
05/15/2025,10.75,"71,096,530",10.59,10.78,10.55
05/14/2025,10.65,"84,453,090",10.57,10.7,10.48
05/13/2025,10.6,"83,671,010",10.595,10.63,10.42
05/12/2025,10.55,"102,035,800",10.56,10.73,10.48
05/09/2025,10.43,"76,350,700",10.355,10.49,10.35
05/08/2025,10.28,"107,173,400",10.34,10.464,10.26
05/07/2025,10.28,"116,936,600",10.46,10.505,10.12
05/06/2025,10.44,"131,814,000",10.09,10.62,10.055
05/05/2025,10.17,"105,766,300",10.23,10.24,10.095
05/02/2025,10.28,"82,228,660",10.3,10.39,10.215
05/01/2025,10.18,"126,532,500",10.14,10.32,10.02
04/30/2025,10.01,"136,406,200",10.11,10.13,9.86
04/29/2025,10.15,"141,980,300",10.07,10.19,9.925
04/28/2025,10.02,"77,051,520",10.06,10.18,9.9701
04/25/2025,10.04,"88,682,430",10.045,10.1,9.97
04/24/2025,10.06,"87,031,040",9.87,10.09,9.815
04/23/2025,9.78,"158,691,500",9.835,10.0054,9.71
04/22/2025,9.65,"121,387,100",9.55,9.72,9.53
04/21/2025,9.47,"94,138,880",9.58,9.63,9.35
04/17/2025,9.63,"129,204,600",9.41,9.69,9.405
04/16/2025,9.4,"133,804,900",9.47,9.62,9.29
04/15/2025,9.45,"125,469,000",9.615,9.63,9.38
04/14/2025,9.71,"189,955,000",9.38,9.81,9.2
04/11/2025,9.33,"146,073,700",9.11,9.35,9.04
04/10/2025,9.14,"163,535,400",9.1,9.28,8.88
04/09/2025,9.5,"199,663,000",8.5,9.54,8.4406
04/08/2025,8.69,"199,286,800",9.52,9.52,8.55
04/07/2025,9.24,"274,938,500",9.27,9.64,9.0
04/04/2025,9.58,"177,466,200",9.315,9.73,9.2
04/03/2025,9.54,"220,271,000",9.995,10.2,9.53
04/02/2025,10.15,"136,908,500",9.835,10.27,9.82
04/01/2025,9.94,"135,388,700",10.1,10.17,9.81
03/31/2025,10.03,"139,951,900",9.575,10.11,9.545
03/28/2025,9.72,"136,868,300",9.84,9.89,9.62
03/27/2025,9.9,"229,032,500",10.26,10.4,9.82
03/26/2025,10.3,"140,975,600",10.27,10.35,10.09
03/25/2025,10.29,"83,674,860",10.3,10.35,10.17
03/24/2025,10.25,"102,847,200",10.04,10.25,10.01
03/21/2025,10.0,"240,638,600",9.915,10.12,9.83
03/20/2025,10.01,"109,103,700",10.07,10.15,9.99
03/19/2025,10.17,"124,697,400",9.96,10.28,9.945
03/18/2025,9.95,"102,730,900",9.95,10.04,9.88
03/17/2025,9.92,"98,583,070",9.74,9.98,9.74
03/14/2025,9.73,"91,313,760",9.66,9.79,9.64
03/13/2025,9.53,"137,747,600",9.57,9.95,9.5
03/12/2025,9.59,"129,994,600",9.7,9.71,9.46
03/11/2025,9.69,"210,127,000",9.92,9.96,9.49
03/10/2025,9.96,"167,183,800",9.77,10.14,9.77
03/07/2025,9.9,"150,644,900",9.54,9.96,9.51
03/06/2025,9.61,"136,680,700",9.515,9.72,9.42
03/05/2025,9.65,"157,774,900",9.26,9.67,9.2
03/04/2025,9.12,"167,500,000",9.23,9.27,9.06
03/03/2025,9.39,"154,435,900",9.71,9.82,9.32
02/28/2025,9.55,"137,992,600",9.315,9.69,9.31
02/27/2025,9.29,"70,518,760",9.44,9.53,9.29
02/26/2025,9.47,"87,948,080",9.46,9.62,9.44
02/25/2025,9.42,"88,876,830",9.365,9.49,9.31
02/24/2025,9.35,"72,562,640",9.305,9.4,9.21
02/21/2025,9.28,"58,437,660",9.38,9.41,9.23
02/20/2025,9.39,"39,787,790",9.33,9.395,9.28
02/19/2025,9.34,"50,191,730",9.27,9.39,9.21
02/18/2025,9.29,"62,175,760",9.32,9.35,9.23
02/14/2025,9.48,"53,778,340",9.43,9.51,9.39
02/13/2025,9.35,"72,059,820",9.29,9.41,9.24
02/12/2025,9.23,"67,339,560",9.17,9.29,9.1
02/11/2025,9.21,"54,844,580",9.21,9.26,9.17
02/10/2025,9.24,"72,168,010",9.25,9.3,9.12
02/07/2025,9.24,"140,852,700",9.33,9.35,9.18
02/06/2025,9.26,"222,758,300",9.49,9.64,9.26
02/05/2025,10.01,"124,187,800",10.16,10.315,9.96
02/04/2025,10.16,"68,716,480",9.94,10.16,9.905
02/03/2025,9.89,"131,430,300",9.72,10.06,9.6
01/31/2025,10.08,"103,726,200",10.17,10.35,9.99
01/30/2025,10.16,"69,663,120",10.26,10.39,10.06
01/29/2025,10.21,"69,986,890",10.1,10.29,10.03
01/28/2025,10.08,"92,177,600",10.23,10.23,9.92
01/27/2025,10.38,"73,082,580",10.11,10.42,10.1
01/24/2025,10.12,"42,909,110",10.16,10.31,10.09
01/23/2025,10.16,"56,241,100",10.05,10.17,9.97
01/22/2025,10.03,"64,949,160",10.25,10.25,10.02
01/21/2025,10.43,"65,670,780",10.3,10.45,10.24
01/17/2025,10.18,"60,802,750",10.08,10.21,10.04
01/16/2025,10.01,"45,770,030",9.91,10.06,9.89
01/15/2025,9.95,"68,674,380",9.97,10.06,9.89
01/14/2025,9.78,"45,419,940",9.775,9.82,9.68
01/13/2025,9.71,"66,023,040",9.66,9.72,9.57
01/10/2025,9.65,"73,373,450",9.67,9.84,9.59
01/08/2025,9.74,"61,678,840",9.74,9.75,9.58
01/07/2025,9.76,"62,404,020",9.95,10.01,9.72
01/06/2025,9.92,"63,840,830",10.06,10.19,9.9
01/03/2025,9.88,"77,245,880",9.69,9.95,9.53
01/02/2025,9.65,"67,156,220",9.91,9.955,9.635
12/31/2024,9.9,"54,104,150",9.91,10.01,9.84
12/30/2024,9.88,"47,116,740",9.95,9.975,9.82
12/27/2024,10.03,"52,899,920",10.025,10.2,9.98
12/26/2024,10.07,"35,956,110",10.0,10.12,9.98
12/24/2024,10.02,"29,083,140",9.9,10.06,9.89
12/23/2024,9.9,"50,646,630",9.87,9.92,9.75
12/20/2024,9.88,"87,705,540",9.7,9.96,9.68
12/19/2024,9.74,"81,659,030",9.79,9.945,9.7
12/18/2024,9.69,"84,199,510",9.94,10.09,9.66
12/17/2024,9.97,"76,208,550",9.96,10.04,9.88
12/16/2024,9.99,"96,264,420",10.07,10.12,9.88
12/13/2024,10.39,"40,560,680",10.4,10.44,10.32
12/12/2024,10.39,"38,432,620",10.38,10.505,10.35
12/11/2024,10.41,"60,487,100",10.61,10.61,10.28
12/10/2024,10.56,"45,084,300",10.72,10.74,10.55
12/09/2024,10.6,"53,230,050",10.555,10.8,10.53
12/06/2024,10.51,"56,227,010",10.505,10.6,10.42
12/05/2024,10.44,"68,162,050",10.64,10.69,10.39
12/04/2024,10.74,"66,780,710",10.85,10.87,10.59
12/03/2024,10.82,"43,904,250",10.99,11.01,10.82
12/02/2024,10.98,"50,034,380",11.22,11.245,10.96
11/29/2024,11.13,"28,935,160",11.16,11.27,11.12
11/27/2024,11.1,"28,474,190",11.13,11.255,11.06
11/26/2024,11.1,"47,458,770",11.16,11.23,11.04
11/25/2024,11.4,"63,469,310",11.3,11.52,11.2799
11/22/2024,11.18,"82,556,660",10.81,11.38,10.8
11/21/2024,10.8,"53,409,530",10.78,10.85,10.61
11/20/2024,10.73,"68,633,300",11.01,11.049,10.61
11/19/2024,11.05,"53,227,720",11.06,11.32,11.01
11/18/2024,11.21,"47,807,640",11.05,11.27,11.03
11/15/2024,11.01,"58,895,440",11.05,11.15,10.98
11/14/2024,11.07,"56,780,890",11.13,11.23,11.02
11/13/2024,11.1,"55,150,860",11.12,11.17,11.02
11/12/2024,11.1,"44,921,390",11.14,11.3,10.95
11/11/2024,11.23,"56,630,460",11.07,11.32,11.02
11/08/2024,10.97,"45,463,440",10.93,10.97,10.86
11/07/2024,10.96,"55,407,940",11.005,11.11,10.83
11/06/2024,11.19,"100,781,800",10.95,11.23,10.835
11/05/2024,10.6,"49,308,970",10.33,10.64,10.3
11/04/2024,10.36,"55,323,850",10.23,10.57,10.23
11/01/2024,10.22,"43,472,280",10.33,10.41,10.2
10/31/2024,10.29,"72,098,710",10.43,10.48,10.24
10/30/2024,10.47,"48,853,740",10.395,10.53,10.33
10/29/2024,10.41,"156,228,000",10.53,10.55,10.18
10/28/2024,11.37,"97,967,010",11.165,11.39,11.1212
10/25/2024,11.07,"39,120,740",11.28,11.33,11.015
10/24/2024,11.24,"44,736,440",11.24,11.25,11.07
10/23/2024,11.06,"37,335,430",11.11,11.24,11.02
10/22/2024,11.11,"51,597,600",10.92,11.15,10.92
10/21/2024,10.88,"41,008,550",11.08,11.16,10.86
10/18/2024,11.1,"26,074,880",11.16,11.17,11.04
10/17/2024,11.07,"37,617,190",11.04,11.13,10.935
10/16/2024,11.03,"46,996,410",10.89,11.18,10.89
10/15/2024,10.84,"53,097,070",10.91,11.02,10.82
10/14/2024,10.92,"41,940,150",10.71,10.96,10.655
10/11/2024,10.72,"31,915,720",10.64,10.8,10.63
10/10/2024,10.68,"39,458,340",10.58,10.7,10.54
10/09/2024,10.62,"40,406,990",10.49,10.68,10.44
10/08/2024,10.49,"46,355,730",10.5,10.58,10.38
10/07/2024,10.49,"38,009,120",10.55,10.61,10.45
10/04/2024,10.57,"45,967,800",10.59,10.61,10.44
10/03/2024,10.45,"44,458,310",10.41,10.47,10.33
10/02/2024,10.48,"51,457,450",10.73,10.73,10.43
10/01/2024,10.75,"63,962,970",10.72,10.815,10.58
09/30/2024,10.56,"59,709,710",10.48,10.61,10.43
09/27/2024,10.78,"45,469,610",10.84,10.99,10.76
09/26/2024,10.68,"51,408,480",10.56,10.75,10.56
09/25/2024,10.42,"74,109,620",10.59,10.59,10.32
09/24/2024,10.87,"37,746,280",10.97,11.0,10.81
09/23/2024,10.91,"40,421,270",10.84,10.92,10.71
09/20/2024,10.88,"68,809,150",10.86,10.88,10.69
09/19/2024,10.92,"52,436,430",11.22,11.31,10.865
09/18/2024,10.98,"55,017,320",10.93,11.255,10.915
09/17/2024,10.9,"52,068,610",10.89,11.135,10.82
09/16/2024,10.8,"34,802,360",10.74,10.92,10.71
09/13/2024,10.69,"35,184,820",10.68,10.79,10.625
09/12/2024,10.62,"43,807,350",10.4,10.6497,10.31
09/11/2024,10.45,"55,840,230",10.31,10.46,10.13
09/10/2024,10.32,"63,019,220",10.49,10.49,10.17
09/09/2024,10.66,"39,223,340",10.61,10.76,10.535
09/06/2024,10.58,"47,508,880",10.78,10.87,10.53
09/05/2024,10.77,"50,551,940",11.08,11.135,10.72
09/04/2024,10.95,"47,900,650",10.99,11.155,10.85
09/03/2024,10.98,"49,613,550",11.08,11.14,10.94
08/30/2024,11.19,"44,977,060",11.15,11.23,11.055
08/29/2024,11.11,"44,989,170",11.02,11.2,10.99
08/28/2024,11.04,"35,442,160",11.1,11.185,10.98
08/27/2024,11.14,"44,841,000",11.12,11.22,10.99
08/26/2024,11.11,"53,070,330",11.32,11.37,11.07
08/23/2024,11.27,"64,612,670",10.98,11.28,10.94
08/22/2024,10.92,"50,885,400",10.85,11.01,10.84
08/21/2024,10.85,"48,943,890",10.835,10.97,10.75
08/20/2024,10.68,"32,468,000",10.7,10.79,10.61
08/19/2024,10.72,"41,066,310",10.56,10.75,10.54
08/16/2024,10.51,"34,142,630",10.4,10.515,10.37
08/15/2024,10.46,"41,597,910",10.37,10.5,10.37
08/14/2024,10.18,"37,026,430",10.16,10.24,10.05
08/13/2024,10.14,"44,766,090",9.92,10.15,9.77
08/12/2024,9.86,"56,118,720",10.1,10.104,9.84
08/09/2024,10.1,"48,860,850",10.08,10.17,9.97
08/08/2024,10.13,"73,007,620",9.8,10.25,9.8
08/07/2024,9.77,"69,482,430",9.85,9.98,9.75
08/06/2024,9.78,"111,817,600",9.79,9.86,9.675
08/05/2024,9.71,"115,594,200",9.56,9.9,9.49
08/02/2024,10.03,"110,703,000",10.55,10.55,10.0
08/01/2024,10.69,"60,516,460",10.86,10.92,10.605
07/31/2024,10.82,"75,477,980",10.86,11.01,10.72
07/30/2024,10.84,"69,337,030",11.03,11.11,10.78
07/29/2024,11.01,"91,667,540",11.18,11.18,10.8
07/26/2024,11.19,"79,599,880",11.205,11.36,11.05
07/25/2024,11.16,"259,484,000",11.8,11.98,11.15
07/24/2024,13.67,"81,768,690",13.73,13.875,13.59
07/23/2024,13.83,"85,897,670",14.06,14.07,13.57
07/22/2024,14.12,"59,116,800",14.02,14.18,13.79
07/19/2024,13.98,"75,908,550",14.49,14.5,13.96
07/18/2024,14.55,"58,077,000",14.51,14.85,14.45
07/17/2024,14.48,"58,087,100",14.29,14.63,14.28
07/16/2024,14.39,"52,040,140",14.27,14.47,14.19
07/15/2024,14.23,"65,643,290",14.21,14.43,14.12
07/12/2024,14.03,"85,609,700",13.53,14.21,13.53
07/11/2024,13.47,"51,443,440",13.25,13.54,13.25
07/10/2024,13.17,"36,305,530",12.95,13.21,12.91
07/09/2024,12.9,"40,734,880",12.96,13.07,12.88
07/08/2024,12.98,"44,346,150",12.97,13.2,12.915
07/05/2024,12.84,"31,589,290",12.87,12.96,12.75
07/03/2024,12.87,"26,894,320",12.89,12.96,12.8
07/02/2024,12.87,"46,990,380",12.83,12.95,12.72
07/01/2024,12.76,"56,152,650",12.56,12.87,12.53
06/28/2024,12.54,"65,914,690",12.26,12.62,12.26
06/27/2024,12.23,"48,080,240",12.08,12.38,12.045
06/26/2024,12.11,"41,426,610",12.01,12.13,11.945
06/25/2024,12.09,"39,323,930",12.17,12.21,12.03
06/24/2024,12.23,"58,436,910",11.93,12.25,11.92
06/21/2024,11.84,"50,201,920",11.9,11.91,11.76
06/20/2024,11.94,"53,467,970",11.71,11.97,11.65
06/18/2024,11.78,"29,023,360",11.81,11.935,11.77
06/17/2024,11.85,"31,970,140",11.66,11.89,11.66
06/14/2024,11.71,"49,382,090",11.8,11.83,11.55
06/13/2024,11.94,"41,422,300",12.08,12.085,11.85
06/12/2024,12.08,"57,116,230",12.28,12.37,12.03
06/11/2024,12.11,"48,201,770",12.32,12.355,12.05
06/10/2024,12.38,"68,347,160",12.13,12.52,12.1
06/07/2024,12.15,"31,934,000",12.0,12.16,11.95
06/06/2024,12.07,"28,289,870",11.98,12.1,11.96
06/05/2024,12.07,"45,509,800",12.05,12.12,11.82
06/04/2024,12.03,"41,533,090",12.08,12.13,11.96
06/03/2024,12.19,"53,784,070",12.25,12.32,12.02
05/31/2024,12.13,"57,205,750",11.77,12.15,11.66
05/30/2024,11.77,"42,249,510",11.58,11.78,11.48
05/29/2024,11.56,"45,759,470",11.57,11.65,11.5
05/28/2024,11.68,"57,460,060",12.11,12.13,11.66
05/24/2024,12.16,"40,840,450",12.16,12.27,12.04
05/23/2024,12.11,"43,590,060",12.1,12.22,12.01
05/22/2024,12.03,"35,403,000",12.06,12.08,11.97
05/21/2024,12.15,"32,850,980",12.16,12.203,12.03
05/20/2024,12.15,"27,019,080",12.27,12.33,12.14
05/17/2024,12.28,"24,011,290",12.37,12.38,12.25
05/16/2024,12.38,"41,502,230",12.27,12.48,12.26
05/15/2024,12.31,"50,739,870",12.49,12.56,12.18
05/14/2024,12.44,"39,980,410",12.44,12.64,12.36
05/13/2024,12.33,"60,962,280",12.05,12.45,12.05
05/10/2024,11.99,"51,447,810",12.145,12.17,11.9122
05/09/2024,12.13,"29,103,840",12.14,12.22,12.06
05/08/2024,12.15,"38,177,150",12.08,12.25,12.02
05/07/2024,12.17,"48,102,920",12.4,12.45,12.085
05/06/2024,12.5,"29,780,310",12.54,12.62,12.4575
05/03/2024,12.43,"47,463,320",12.64,12.76,12.39
05/02/2024,12.49,"46,868,640",12.4,12.55,12.36
05/01/2024,12.2,"48,784,970",12.16,12.43,12.15
04/30/2024,12.15,"75,890,500",12.6,12.6,12.13
04/29/2024,12.75,"50,385,480",12.81,12.84,12.55
04/26/2024,12.79,"57,257,800",12.76,13.02,12.61
04/25/2024,13.04,"86,944,120",12.85,13.18,12.63
04/24/2024,12.95,"74,510,420",12.94,13.0499,12.78
04/23/2024,12.94,"62,807,060",13.05,13.05,12.82
04/22/2024,12.88,"86,462,690",12.31,12.9,12.25
04/19/2024,12.14,"39,623,840",12.02,12.23,12.02
04/18/2024,12.06,"39,902,100",12.08,12.17,11.98
04/17/2024,12.04,"43,646,580",12.135,12.249,12.02
04/16/2024,12.09,"56,392,160",12.14,12.25,11.9412
04/15/2024,12.23,"59,484,400",12.74,12.815,12.18
04/12/2024,12.61,"52,356,330",12.92,12.92,12.5
04/11/2024,13.04,"38,383,120",13.11,13.14,12.91
04/10/2024,13.06,"51,394,980",13.26,13.29,12.95
04/09/2024,13.54,"35,542,700",13.47,13.59,13.34
04/08/2024,13.41,"29,900,550",13.345,13.54,13.345
04/05/2024,13.28,"46,937,360",13.27,13.395,13.09
04/04/2024,13.21,"67,812,380",13.9,13.95,13.17
04/03/2024,13.65,"57,498,870",13.25,13.68,13.23
04/02/2024,13.28,"42,653,400",13.16,13.37,13.09
04/01/2024,13.29,"35,898,330",13.33,13.38,13.14
03/28/2024,13.28,"61,846,370",13.07,13.3,13.05
03/27/2024,13.06,"53,555,790",12.53,13.07,12.52
03/26/2024,12.44,"67,140,230",12.96,12.96,12.43
03/25/2024,12.9,"39,063,510",12.92,13.06,12.74
03/22/2024,12.91,"33,137,470",12.87,12.96,12.85
03/21/2024,12.92,"55,822,520",12.92,13.06,12.79
03/20/2024,12.9,"67,721,510",12.26,12.92,12.255
03/19/2024,12.3,"32,668,660",12.11,12.35,12.11
03/18/2024,12.18,"36,599,220",12.14,12.19,11.98
03/15/2024,12.06,"88,254,040",12.05,12.27,12.02
03/14/2024,12.08,"52,619,860",12.34,12.37,12.01
03/13/2024,12.37,"50,595,280",12.12,12.48,12.11
03/12/2024,12.11,"31,245,240",12.14,12.16,12.03
03/11/2024,12.11,"35,135,360",12.13,12.24,12.075
03/08/2024,12.18,"54,723,780",12.43,12.515,12.14
03/07/2024,12.41,"38,971,020",12.41,12.47,12.26
03/06/2024,12.38,"48,834,460",12.52,12.57,12.33
03/05/2024,12.58,"47,896,210",12.65,12.7377,12.5
03/04/2024,12.74,"81,871,730",12.57,13.03,12.57
03/01/2024,12.45,"48,761,440",12.53,12.64,12.32
02/29/2024,12.44,"43,098,490",12.37,12.47,12.32
02/28/2024,12.3,"51,447,900",11.97,12.4,11.955
02/27/2024,12.0,"36,508,810",12.02,12.17,11.96
02/26/2024,11.95,"40,241,300",12.13,12.27,11.95
02/23/2024,12.14,"32,152,060",12.1,12.26,12.09
02/22/2024,12.12,"36,980,470",12.13,12.24,12.05
02/21/2024,12.14,"41,910,260",12.21,12.32,12.05
02/20/2024,12.25,"44,591,050",12.185,12.33,12.1
02/16/2024,12.3,"43,228,570",12.42,12.51,12.26
02/15/2024,12.52,"57,811,770",12.35,12.55,12.31
02/14/2024,12.56,"52,978,760",12.72,12.7898,12.52
02/13/2024,12.68,"67,907,700",12.77,12.9,12.48
02/12/2024,12.98,"54,036,500",12.68,13.07,12.64
02/09/2024,12.68,"47,649,650",12.81,12.92,12.64
02/08/2024,12.83,"68,653,950",12.87,12.9,12.54
02/07/2024,12.8,"137,224,000",12.73,12.98,12.2
02/06/2024,12.07,"99,263,930",11.64,12.1,11.62
02/05/2024,11.59,"81,026,750",12.01,12.08,11.54
02/02/2024,12.14,"73,130,930",12.03,12.19,11.94
02/01/2024,12.1,"81,065,810",11.82,12.14,11.62
01/31/2024,11.72,"74,558,850",11.76,11.9864,11.72
01/30/2024,11.78,"70,213,340",11.77,11.87,11.62
01/29/2024,11.55,"58,249,570",11.38,11.56,11.3
01/26/2024,11.39,"35,837,040",11.4,11.5,11.3
01/25/2024,11.34,"49,356,730",11.09,11.36,11.025
01/24/2024,11.03,"59,064,620",11.435,11.45,11.0
01/23/2024,11.37,"45,465,170",11.36,11.46,11.24
01/22/2024,11.2,"45,479,610",11.23,11.4,11.14
01/19/2024,11.2,"61,143,350",10.94,11.22,10.825
01/18/2024,10.99,"71,667,170",11.25,11.31,10.96
01/17/2024,11.27,"52,671,320",11.17,11.31,11.11
01/16/2024,11.46,"45,207,710",11.3,11.5,11.18
01/12/2024,11.46,"55,030,080",11.65,11.77,11.41
01/11/2024,11.71,"48,691,960",11.75,11.77,11.57
01/10/2024,11.83,"37,539,240",11.83,11.86,11.71
01/09/2024,11.84,"49,536,670",11.81,11.9,11.77
01/08/2024,11.97,"41,514,370",11.85,12.05,11.79
01/05/2024,11.85,"44,443,780",11.645,12.04,11.63
01/04/2024,11.68,"54,920,320",11.76,11.82,11.63
01/03/2024,11.71,"70,120,140",12.02,12.03,11.64
01/02/2024,12.16,"47,494,840",12.04,12.38,11.94
12/29/2023,12.19,"40,964,740",12.35,12.39,12.16
12/28/2023,12.34,"26,688,510",12.38,12.43,12.28
12/27/2023,12.39,"39,891,280",12.43,12.45,12.23
12/26/2023,12.45,"26,293,670",12.39,12.5,12.37
12/22/2023,12.35,"43,764,610",12.32,12.46,12.28
12/21/2023,12.34,"66,424,640",11.93,12.355,11.9
12/20/2023,11.8,"54,981,070",11.97,12.14,11.79
12/19/2023,12.02,"35,722,950",11.97,12.07,11.89
12/18/2023,11.93,"43,424,400",11.99,12.08,11.91
12/15/2023,12.02,"85,298,220",12.07,12.18,11.93
12/14/2023,12.08,"110,777,600",11.47,12.125,11.47
12/13/2023,11.24,"68,066,740",11.03,11.29,10.8
12/12/2023,11.16,"40,206,240",11.09,11.2,11.05
12/11/2023,11.07,"39,700,860",11.02,11.15,10.9801
12/08/2023,11.01,"48,961,190",10.81,11.07,10.79
12/07/2023,10.82,"40,523,180",10.71,10.88,10.68
12/06/2023,10.69,"47,223,510",10.75,10.88,10.6725
12/05/2023,10.6,"41,551,110",10.64,10.68,10.54
12/04/2023,10.7,"54,196,100",10.52,10.79,10.5
12/01/2023,10.58,"61,619,840",10.29,10.6,10.22
11/30/2023,10.26,"80,525,750",10.68,10.7,10.18
11/29/2023,10.59,"77,246,760",10.875,10.96,10.56
11/28/2023,10.37,"38,510,650",10.33,10.4,10.24
11/27/2023,10.34,"32,247,600",10.37,10.42,10.3
11/24/2023,10.4,"22,028,060",10.28,10.53,10.28
11/22/2023,10.26,"41,151,670",10.24,10.38,10.17
11/21/2023,10.19,"47,284,270",10.28,10.32,10.1
11/20/2023,10.34,"46,996,990",10.29,10.43,10.2601
11/17/2023,10.27,"36,611,420",10.26,10.3199,10.19
11/16/2023,10.16,"45,408,080",10.4,10.43,10.1
11/15/2023,10.47,"45,193,670",10.41,10.57,10.39
11/14/2023,10.4,"67,683,990",9.99,10.46,9.98
11/13/2023,9.82,"34,458,280",9.83,9.865,9.74
11/10/2023,9.86,"45,122,030",9.81,9.87,9.67
11/09/2023,9.7,"59,356,870",10.04,10.07,9.69
11/08/2023,10.05,"38,700,610",10.19,10.21,10.03
11/07/2023,10.17,"50,430,830",10.25,10.29,10.05
11/06/2023,10.31,"48,435,470",10.56,10.6,10.24
11/03/2023,10.56,"60,912,420",10.26,10.64,10.25
11/02/2023,10.14,"66,913,970",10.02,10.15,9.97
11/01/2023,9.91,"75,469,740",9.835,9.93,9.76
10/31/2023,9.75,"82,238,820",9.72,9.91,9.63
10/30/2023,9.77,"106,474,700",10.08,10.14,9.68
10/27/2023,9.96,"187,029,600",10.93,10.97,9.9
10/26/2023,11.35,"84,725,890",11.91,11.93,11.33
10/25/2023,11.54,"74,213,780",11.35,11.64,11.21
10/24/2023,11.39,"47,775,580",11.5,11.5703,11.38
10/23/2023,11.48,"49,073,770",11.55,11.69,11.42
10/20/2023,11.64,"53,307,520",11.58,11.76,11.54
10/19/2023,11.53,"49,057,510",11.59,11.76,11.51
10/18/2023,11.75,"44,840,140",11.93,11.93,11.75
10/17/2023,12.04,"40,516,470",11.85,12.17,11.85
10/16/2023,11.93,"29,183,010",11.91,11.96,11.82
10/13/2023,11.81,"47,289,170",11.97,12.0,11.8
10/12/2023,12.0,"51,644,020",11.88,12.07,11.84
10/11/2023,12.25,"31,321,510",12.29,12.39,12.15
10/10/2023,12.2,"40,404,620",12.1,12.3,12.09
10/09/2023,12.07,"33,327,960",11.8,12.15,11.78
10/06/2023,12.0,"57,558,510",11.82,12.15,11.685
10/05/2023,11.9,"47,424,950",11.94,11.9999,11.69
10/04/2023,11.99,"45,217,850",12.02,12.08,11.88
10/03/2023,12.07,"55,074,670",12.16,12.23,12.02
10/02/2023,12.31,"51,204,000",12.38,12.44,12.23
09/29/2023,12.42,"62,364,860",12.61,12.66,12.35
09/28/2023,12.56,"49,109,810",12.32,12.66,12.17
09/27/2023,12.39,"41,616,550",12.52,12.52,12.25
09/26/2023,12.43,"41,261,040",12.49,12.655,12.37
09/25/2023,12.58,"41,219,440",12.35,12.7,12.34
09/22/2023,12.43,"65,205,500",12.5,12.765,12.41
09/21/2023,12.2,"40,140,540",12.2,12.35,12.16
09/20/2023,12.36,"37,449,590",12.65,12.67,12.35
09/19/2023,12.56,"40,899,970",12.34,12.65,12.31
09/18/2023,12.34,"47,444,110",12.5,12.52,12.25
09/15/2023,12.61,"63,982,370",12.4,12.79,12.4
09/14/2023,12.62,"43,461,650",12.61,12.7,12.41
09/13/2023,12.64,"62,579,700",12.69,12.91,12.63
09/12/2023,12.45,"49,507,700",12.23,12.59,12.22
09/11/2023,12.22,"34,673,650",12.36,12.4,12.17
09/08/2023,12.3,"49,538,880",11.97,12.36,11.97
09/07/2023,11.96,"38,559,570",11.95,12.05,11.9
09/06/2023,12.07,"41,881,460",12.0,12.11,11.825
09/05/2023,12.09,"35,202,040",12.12,12.18,12.035
09/01/2023,12.14,"34,716,860",12.16,12.27,12.04
08/31/2023,12.13,"39,025,750",12.13,12.27,12.09
08/30/2023,12.03,"30,617,910",12.07,12.15,12.01
08/29/2023,12.05,"32,009,030",11.95,12.06,11.89
08/28/2023,11.9,"29,693,470",11.95,12.06,11.85
08/25/2023,11.91,"47,610,010",11.83,11.99,11.58
08/24/2023,11.75,"33,338,170",11.89,11.93,11.75
08/23/2023,11.96,"30,437,700",11.82,11.97,11.8
08/22/2023,11.87,"32,045,260",12.01,12.03,11.84
08/21/2023,11.97,"33,456,670",12.04,12.06,11.87
08/18/2023,11.96,"44,519,910",11.73,12.02,11.72
08/17/2023,11.83,"36,104,890",11.88,11.97,11.78
08/16/2023,11.81,"44,838,860",11.9,12.03,11.8
08/15/2023,11.98,"42,616,410",12.06,12.145,11.97
08/14/2023,12.2,"48,099,570",12.03,12.23,12.02
08/11/2023,12.14,"64,371,740",12.12,12.2,12.0
08/10/2023,12.16,"104,063,900",12.78,12.78,12.08
08/09/2023,12.73,"42,932,650",12.77,12.83,12.66
08/08/2023,12.88,"45,103,820",12.77,12.9,12.7
08/07/2023,12.94,"43,929,200",12.93,12.96,12.78
08/04/2023,12.89,"48,412,900",13.1,13.1,12.8
08/03/2023,13.1,"52,073,110",12.99,13.14,12.86
08/02/2023,13.04,"57,997,360",13.2,13.23,12.98
08/01/2023,13.42,"59,221,810",13.15,13.44,13.11
07/31/2023,13.21,"64,507,650",13.01,13.22,12.91
07/28/2023,13.26,"116,696,500",13.58,13.65,13.015
07/27/2023,13.73,"67,313,470",13.83,13.98,13.7
07/26/2023,13.67,"42,019,690",13.55,13.75,13.52
07/25/2023,13.58,"58,772,710",13.86,13.86,13.56
07/24/2023,13.96,"46,686,970",13.89,14.02,13.85
07/21/2023,13.93,"55,800,460",14.13,14.16,13.75
07/20/2023,14.03,"45,952,610",14.03,14.08,13.9
07/19/2023,14.1,"58,280,810",14.14,14.26,14.06
07/18/2023,14.17,"71,775,090",13.95,14.17,13.92
07/17/2023,14.09,"99,402,100",14.58,14.63,14.09
07/14/2023,14.98,"48,747,870",15.23,15.27,14.91
07/13/2023,15.19,"49,664,260",15.27,15.28,15.0801
07/12/2023,15.22,"47,636,770",15.37,15.42,15.2
07/11/2023,15.23,"45,849,720",15.07,15.25,14.97
07/10/2023,15.07,"51,881,980",14.96,15.09,14.83
07/07/2023,14.98,"53,375,490",14.99,15.24,14.94
07/06/2023,14.98,"64,914,440",15.17,15.25,14.88
07/05/2023,15.35,"52,003,890",15.21,15.42,15.12
07/03/2023,15.24,"29,412,750",15.15,15.4,15.15
06/30/2023,15.13,"54,036,920",15.05,15.23,14.96
06/29/2023,14.95,"58,488,580",14.87,15.13,14.79
06/28/2023,14.79,"58,380,780",14.39,14.79,14.37
06/27/2023,14.41,"49,813,100",14.19,14.455,14.06
06/26/2023,14.11,"44,956,270",14.01,14.23,13.99
06/23/2023,14.02,"48,260,250",13.93,14.15,13.92
06/22/2023,14.19,"46,862,480",13.91,14.3,13.89
06/21/2023,14.02,"49,984,280",14.24,14.28,13.94
06/20/2023,14.22,"56,645,780",14.3,14.42,13.98
06/16/2023,14.42,"75,398,060",14.52,14.61,14.32
06/15/2023,14.45,"61,463,420",14.12,14.5,14.12
06/14/2023,14.2,"69,748,540",14.25,14.45,13.97
06/13/2023,14.13,"61,781,140",13.9,14.17,13.89
06/12/2023,13.78,"44,628,270",13.8,13.8847,13.65
06/09/2023,13.74,"70,329,520",13.83,14.03,13.7
06/08/2023,13.58,"64,254,710",13.53,13.74,13.46
06/07/2023,13.59,"99,341,980",13.02,13.6,12.98
06/06/2023,12.93,"57,258,450",12.55,12.93,12.51
06/05/2023,12.59,"49,890,210",12.66,12.68,12.5
06/02/2023,12.39,"65,261,190",12.26,12.51,12.14
06/01/2023,12.11,"64,407,820",12.065,12.18,11.84
05/31/2023,12.0,"86,275,280",12.48,12.49,11.96
05/30/2023,12.59,"86,226,890",12.65,12.78,12.5129
05/26/2023,12.09,"123,257,500",11.59,12.29,11.54
05/25/2023,11.38,"51,328,850",11.33,11.52,11.33
05/24/2023,11.33,"71,391,020",11.64,11.65,11.25
05/23/2023,11.73,"56,843,820",11.53,11.91,11.53
05/22/2023,11.63,"57,417,160",11.71,11.73,11.37
05/19/2023,11.65,"43,474,190",11.66,11.77,11.54
05/18/2023,11.64,"38,181,420",11.46,11.66,11.45
05/17/2023,11.5,"50,077,490",11.35,11.64,11.32
05/16/2023,11.25,"60,514,940",11.55,11.58,11.24
05/15/2023,11.64,"53,196,970",11.7,11.72,11.59
05/12/2023,11.67,"45,155,450",11.93,11.94,11.65
05/11/2023,11.87,"43,030,790",11.83,11.88,11.755
05/10/2023,11.89,"49,193,080",12.02,12.04,11.73
05/09/2023,11.86,"42,878,330",11.89,11.93,11.78
05/08/2023,12.02,"49,943,810",12.02,12.055,11.85
05/05/2023,11.99,"64,173,270",11.79,12.04,11.72
05/04/2023,11.56,"79,792,930",11.8,11.83,11.47
05/03/2023,11.79,"94,050,680",11.74,12.09,11.73
05/02/2023,11.8,"91,090,360",12.05,12.09,11.66
05/01/2023,12.06,"59,834,200",12.005,12.29,11.99
04/28/2023,11.88,"55,045,020",11.59,11.94,11.57
04/27/2023,11.61,"53,280,320",11.61,11.71,11.44
04/26/2023,11.54,"58,105,310",11.8,11.86,11.51
04/25/2023,11.77,"63,114,710",11.97,11.98,11.7
04/24/2023,12.16,"57,794,700",11.89,12.18,11.88
04/21/2023,11.81,"46,926,460",11.9,11.917,11.66
04/20/2023,11.87,"79,563,050",11.81,11.93,11.55
04/19/2023,12.22,"69,451,850",12.6,12.6,12.17
04/18/2023,12.73,"38,865,870",12.7,12.76,12.62
04/17/2023,12.68,"40,191,110",12.5,12.68,12.455
04/14/2023,12.52,"43,541,960",12.45,12.66,12.42
04/13/2023,12.46,"75,485,670",12.64,12.64,12.22
04/12/2023,12.67,"53,845,480",13.06,13.08,12.65
04/11/2023,12.87,"63,633,650",12.79,13.07,12.785
04/10/2023,12.72,"61,326,170",12.2,12.72,12.16
04/06/2023,12.33,"36,355,780",12.415,12.48,12.29
04/05/2023,12.43,"53,332,900",12.58,12.65,12.22
04/04/2023,12.72,"54,655,660",12.77,12.85,12.51
04/03/2023,12.68,"55,956,290",12.525,12.73,12.48
03/31/2023,12.6,"66,868,200",12.41,12.63,12.39
03/30/2023,12.29,"57,751,290",12.28,12.39,12.2
03/29/2023,12.05,"48,655,410",11.78,12.06,11.71
03/28/2023,11.6,"41,385,910",11.55,11.65,11.46
03/27/2023,11.52,"55,941,140",11.63,11.7,11.41
03/24/2023,11.51,"72,584,550",11.32,11.51,11.18
03/23/2023,11.42,"74,225,340",11.65,11.78,11.27
03/22/2023,11.48,"69,729,140",11.76,11.94,11.47
03/21/2023,11.72,"74,794,900",11.4,11.78,11.38
03/20/2023,11.18,"74,975,050",11.33,11.48,11.15
03/17/2023,11.3,"249,885,100",11.7,11.725,11.12
03/16/2023,11.82,"74,066,940",11.53,11.89,11.42
03/15/2023,11.71,"108,909,300",11.495,11.73,11.32
03/14/2023,11.93,"93,844,170",12.21,12.31,11.77
03/13/2023,12.03,"119,167,600",11.93,12.305,11.32
03/10/2023,12.1,"73,897,400",12.43,12.51,12.0
03/09/2023,12.45,"65,423,520",13.02,13.08,12.44
03/08/2023,12.98,"46,421,010",12.78,13.01,12.71
03/07/2023,12.83,"46,540,450",12.94,12.98,12.78
03/06/2023,12.98,"50,571,190",13.08,13.18,12.93
03/03/2023,13.08,"80,080,210",12.72,13.105,12.65
03/02/2023,12.55,"78,392,020",12.38,12.55,12.23
03/01/2023,12.32,"85,328,790",12.35,12.54,12.17
02/28/2023,12.07,"59,796,830",12.07,12.18,12.01
02/27/2023,12.06,"60,378,080",11.975,12.42,11.96
02/24/2023,11.88,"50,631,580",11.82,11.976,11.75
02/23/2023,12.07,"57,952,830",12.32,12.36,11.88
02/22/2023,12.21,"52,844,730",12.24,12.31,12.14
02/21/2023,12.2,"77,724,250",12.72,12.81,12.17
02/17/2023,12.89,"54,401,000",12.82,12.94,12.65
02/16/2023,12.91,"64,145,480",12.73,13.14,12.51
02/15/2023,12.93,"66,050,080",12.75,12.94,12.6
02/14/2023,12.97,"75,352,910",12.99,13.19,12.815
02/13/2023,13.09,"64,201,900",12.71,13.1,12.7
02/10/2023,12.73,"68,205,170",12.84,12.9,12.51
02/09/2023,13.49,"78,667,120",13.655,13.93,13.4
02/08/2023,13.42,"62,028,360",13.3,13.69,13.3
02/07/2023,13.45,"70,671,100",13.08,13.51,12.98
02/06/2023,13.14,"77,262,800",13.16,13.21,12.78
02/03/2023,13.23,"165,500,200",13.05,13.6099,12.78
02/02/2023,14.32,"102,579,800",14.17,14.6,14.03
02/01/2023,13.79,"70,640,970",13.52,13.99,13.49
01/31/2023,13.51,"83,093,270",13.39,13.57,13.25
01/30/2023,12.89,"64,512,600",13.01,13.2,12.86
01/27/2023,13.27,"62,114,600",12.88,13.365,12.87
01/26/2023,12.92,"48,970,870",12.99,13.065,12.71
01/25/2023,12.79,"37,739,030",12.6,12.85,12.485
01/24/2023,12.74,"41,537,450",12.68,12.9,12.62
01/23/2023,12.8,"49,688,040",12.48,12.91,12.43
01/20/2023,12.4,"44,349,210",12.21,12.42,12.08
01/19/2023,12.18,"52,918,480",12.29,12.36,12.04
01/18/2023,12.41,"48,774,390",12.79,12.85,12.4
01/17/2023,12.67,"60,774,870",12.71,12.85,12.43
01/13/2023,12.72,"96,444,000",12.63,12.82,12.47
01/12/2023,13.43,"58,113,720",13.27,13.53,13.11
01/11/2023,13.22,"51,911,560",12.93,13.26,12.89
01/10/2023,12.84,"47,065,520",12.68,12.87,12.5
01/09/2023,12.69,"50,865,460",12.74,12.93,12.55
01/06/2023,12.58,"53,089,150",12.12,12.59,12.1
01/05/2023,12.25,"50,785,600",12.11,12.38,11.88
01/04/2023,12.01,"53,429,710",11.88,12.08,11.735
01/03/2023,11.68,"45,809,010",11.82,11.92,11.57
12/30/2022,11.63,"39,232,220",11.4,11.64,11.39
12/29/2022,11.54,"53,550,260",11.08,11.55,11.05
12/28/2022,10.95,"49,375,400",11.18,11.25,10.9
12/27/2022,11.2,"44,837,430",11.28,11.39,11.13
12/23/2022,11.36,"38,200,650",11.27,11.4,11.22
12/22/2022,11.31,"75,158,740",11.535,11.54,11.1
12/21/2022,11.78,"49,256,030",11.61,11.79,11.55
12/20/2022,11.47,"82,057,930",11.65,11.68,11.12
12/19/2022,11.69,"88,062,510",12.12,12.17,11.54
12/16/2022,12.12,"118,345,700",12.77,12.82,12.08
12/15/2022,13.03,"55,725,330",13.23,13.26,12.95
12/14/2022,13.48,"51,199,900",13.57,13.775,13.36
12/13/2022,13.57,"57,872,140",13.78,13.92,13.37
12/12/2022,13.46,"35,473,850",13.2,13.47,13.1
12/09/2022,13.18,"41,553,560",13.04,13.36,13.04
12/08/2022,13.12,"32,376,250",13.2,13.26,13.07
12/07/2022,13.1,"36,609,790",13.2,13.42,13.09
12/06/2022,13.28,"39,995,960",13.42,13.565,13.06
12/05/2022,13.38,"39,714,530",13.75,13.7699,13.37
12/02/2022,13.86,"42,417,380",13.84,13.9672,13.75
12/01/2022,14.08,"45,335,140",14.09,14.36,14.0
11/30/2022,13.9,"61,537,330",13.78,13.95,13.45
11/29/2022,13.75,"28,380,810",13.85,13.9,13.71
11/28/2022,13.73,"35,299,130",13.94,13.96,13.7
11/25/2022,14.08,"12,980,860",13.96,14.11,13.9
11/23/2022,14.03,"25,974,210",14.0,14.06,13.85
11/22/2022,14.07,"28,738,810",14.045,14.15,13.9836
11/21/2022,13.95,"34,087,070",13.86,14.0399,13.66
11/18/2022,13.99,"37,101,870",14.08,14.13,13.8201
11/17/2022,13.91,"54,317,920",13.66,13.91,13.55
11/16/2022,13.9,"47,484,180",14.1,14.165,13.84
11/15/2022,14.3,"61,835,730",14.29,14.58,14.2
11/14/2022,14.06,"57,691,630",14.23,14.35,14.06
11/11/2022,14.5,"60,187,620",14.26,14.666,14.2
11/10/2022,14.18,"75,638,490",13.69,14.36,13.67
11/09/2022,13.31,"74,199,230",13.57,13.7,13.28
11/08/2022,13.72,"52,731,900",13.78,13.8,13.51
11/07/2022,13.7,"48,176,910",13.61,13.76,13.37
11/04/2022,13.51,"61,489,100",13.57,13.77,13.27
11/03/2022,13.26,"58,782,590",12.81,13.46,12.77
11/02/2022,13.06,"73,673,500",13.215,13.67,13.06
11/01/2022,13.4,"47,454,700",13.57,13.645,13.155
10/31/2022,13.37,"54,676,670",13.15,13.51,13.14
10/28/2022,13.26,"55,777,910",13.0,13.31,12.97
10/27/2022,13.0,"88,421,540",12.77,13.22,12.42
10/26/2022,12.82,"86,986,070",12.8,13.06,12.52
10/25/2022,12.83,"66,391,640",12.58,13.03,12.46
10/24/2022,12.48,"64,717,740",12.3,12.65,12.18
10/21/2022,12.19,"55,132,740",11.74,12.25,11.675
10/20/2022,11.77,"55,568,060",12.13,12.195,11.73
10/19/2022,12.13,"54,130,040",11.91,12.14,11.86
10/18/2022,12.03,"53,603,360",12.22,12.25,11.91
10/17/2022,11.83,"59,561,710",11.98,11.99,11.66
10/14/2022,11.67,"55,154,050",11.8,11.85,11.56
10/13/2022,11.77,"70,487,430",11.24,11.89,11.2
10/12/2022,11.54,"59,628,550",11.48,11.7,11.35
10/11/2022,11.56,"75,173,180",11.3,11.87,11.18
10/10/2022,11.36,"115,548,900",11.47,11.55,11.2
10/07/2022,12.2,"56,494,460",12.18,12.3,12.0
10/06/2022,12.36,"64,531,940",12.36,12.6299,12.19
10/05/2022,12.51,"87,919,090",12.38,12.56,12.13
10/04/2022,12.36,"87,629,240",11.96,12.37,11.94
10/03/2022,11.47,"66,198,350",11.38,11.59,11.13
09/30/2022,11.2,"71,688,190",11.39,11.53,11.19
09/29/2022,11.47,"84,534,890",11.85,11.88,11.36
09/28/2022,12.18,"72,701,570",11.91,12.24,11.76
09/27/2022,11.91,"87,044,440",12.21,12.22,11.66
09/26/2022,11.99,"89,300,370",12.21,12.38,11.93
09/23/2022,12.31,"104,043,700",12.33,12.44,11.95
09/22/2022,12.77,"82,004,430",13.12,13.24,12.75
09/21/2022,13.05,"94,271,640",13.24,13.59,13.05
09/20/2022,13.09,"196,340,000",14.09,14.23,13.01
09/19/2022,14.93,"48,696,200",14.5,14.96,14.49
09/16/2022,14.72,"68,454,780",14.62,14.74,14.47
09/15/2022,14.89,"61,377,050",14.69,15.21,14.68
09/14/2022,14.66,"59,571,800",14.76,14.85,14.445
09/13/2022,14.74,"80,842,450",15.0,15.13,14.7
09/12/2022,15.54,"52,656,460",15.55,15.74,15.45
09/09/2022,15.42,"63,420,470",15.6,15.7,15.32
09/08/2022,15.47,"60,075,900",15.16,15.48,15.02
09/07/2022,15.43,"55,087,210",14.91,15.49,14.79
09/06/2022,15.03,"58,676,730",15.22,15.24,14.84
09/02/2022,15.16,"64,565,410",15.53,15.57,15.06
09/01/2022,15.19,"65,299,770",15.1,15.215,14.78
08/31/2022,15.24,"52,058,160",15.52,15.52,15.24
08/30/2022,15.45,"66,034,360",15.7,15.8,15.17
08/29/2022,15.57,"50,416,540",15.2,15.71,15.19
08/26/2022,15.41,"54,517,260",16.01,16.09,15.41
08/25/2022,15.93,"56,401,270",15.6,16.04,15.58
08/24/2022,15.52,"39,508,690",15.32,15.66,15.2401
08/23/2022,15.32,"51,288,980",15.09,15.42,15.09
08/22/2022,15.08,"71,321,800",15.08,15.21,14.91
08/19/2022,15.88,"48,597,180",15.95,16.14,15.77
08/18/2022,16.15,"39,414,240",15.99,16.21,15.86
08/17/2022,16.03,"57,118,350",16.16,16.27,15.9
08/16/2022,16.43,"54,028,890",16.3,16.68,16.26
08/15/2022,16.32,"51,779,620",16.0,16.45,15.94
08/12/2022,16.18,"53,182,530",15.95,16.22,15.84
08/11/2022,15.83,"61,567,000",15.8,15.92,15.61
08/10/2022,15.5,"71,607,000",15.47,15.58,15.23
08/09/2022,15.19,"67,676,780",15.66,15.7,15.15
08/08/2022,15.78,"76,118,740",15.57,16.04,15.55
08/05/2022,15.3,"68,093,520",15.23,15.47,15.13
08/04/2022,15.37,"85,039,840",15.65,15.67,15.31
08/03/2022,15.69,"95,846,010",15.48,16.15,15.46
08/02/2022,15.16,"74,626,780",15.2,15.45,15.12
08/01/2022,15.34,"109,521,700",14.66,15.43,14.55
07/29/2022,14.69,"94,551,570",14.11,14.785,14.005
07/28/2022,14.0,"144,096,500",13.94,14.09,13.38
07/27/2022,13.19,"64,572,330",12.75,13.19,12.63
07/26/2022,12.54,"49,272,320",12.68,12.76,12.46
07/25/2022,12.84,"36,830,490",12.85,12.99,12.6
07/22/2022,12.82,"46,724,710",13.1,13.14,12.72
07/21/2022,13.0,"66,949,190",12.88,13.0,12.63
07/20/2022,12.73,"51,932,200",12.6,12.82,12.51
07/19/2022,12.59,"62,650,810",12.22,12.69,12.21
07/18/2022,11.96,"45,873,440",12.15,12.25,11.9
07/15/2022,11.88,"49,306,950",11.58,11.9,11.49
07/14/2022,11.39,"48,176,330",11.22,11.4,11.14
07/13/2022,11.51,"48,274,270",11.31,11.58,11.17
07/12/2022,11.56,"58,414,500",11.29,11.72,11.27
07/11/2022,11.29,"48,889,100",11.54,11.66,11.27
07/08/2022,11.62,"55,235,550",11.65,11.78,11.48
07/07/2022,11.65,"63,000,440",11.33,11.72,11.33
07/06/2022,11.06,"71,282,910",11.15,11.27,10.84
07/05/2022,11.2,"87,459,040",11.05,11.21,10.61
07/01/2022,11.32,"54,355,970",11.1,11.5,10.99
06/30/2022,11.13,"59,238,170",11.24,11.36,10.93
06/29/2022,11.52,"39,474,170",11.74,11.76,11.38
06/28/2022,11.81,"45,920,630",12.14,12.435,11.8
06/27/2022,12.04,"44,009,930",12.12,12.18,11.9
06/24/2022,12.01,"55,457,630",11.65,12.12,11.57
06/23/2022,11.56,"53,654,980",11.5,11.58,11.25
06/22/2022,11.48,"46,171,770",11.26,11.68,11.21
06/21/2022,11.46,"66,283,390",11.55,11.655,11.35
06/17/2022,11.23,"80,248,810",11.24,11.44,10.9
06/16/2022,11.25,"80,380,100",11.8,11.91,11.12
06/15/2022,12.27,"70,393,220",12.22,12.42,12.0
06/14/2022,12.2,"82,369,320",11.99,12.42,11.91
06/13/2022,11.81,"80,676,250",12.3,12.38,11.74
06/10/2022,12.75,"55,684,140",13.0,13.21,12.63
06/09/2022,13.28,"30,516,280",13.51,13.59,13.28
06/08/2022,13.53,"39,441,860",13.63,13.85,13.44
06/07/2022,13.74,"38,940,310",13.26,13.77,13.185
06/06/2022,13.46,"37,711,080",13.74,13.74,13.38
06/03/2022,13.5,"43,625,250",13.63,13.775,13.36
06/02/2022,13.89,"42,979,740",13.64,13.96,13.6
06/01/2022,13.55,"50,726,210",13.88,13.97,13.4
05/31/2022,13.68,"79,689,890",13.68,13.82,13.35
05/27/2022,13.63,"54,195,690",13.26,13.63,13.24
05/26/2022,13.12,"45,709,230",12.8,13.2,12.79
05/25/2022,12.71,"41,193,120",12.33,12.81,12.32
05/24/2022,12.42,"51,082,800",12.6,12.68,12.27
05/23/2022,12.83,"51,929,580",12.64,12.95,12.495
05/20/2022,12.5,"78,183,400",13.05,13.12,12.07
05/19/2022,12.85,"58,459,580",12.64,13.12,12.63
05/18/2022,12.78,"68,362,520",13.25,13.36,12.71
05/17/2022,13.53,"50,891,370",13.34,13.53,13.16
05/16/2022,13.05,"65,055,360",13.49,13.52,12.98
05/13/2022,13.5,"78,944,170",12.88,13.63,12.87
05/12/2022,12.44,"113,203,900",12.21,12.8,12.15
05/11/2022,12.83,"71,644,860",13.2,13.62,12.79
05/10/2022,13.35,"75,506,700",13.8,13.84,13.02
05/09/2022,13.37,"71,241,970",13.85,14.17,13.31
05/06/2022,14.21,"66,622,190",14.46,14.6,14.0
05/05/2022,14.53,"57,889,180",14.82,14.82,14.335
05/04/2022,14.98,"59,774,930",14.505,15.0,14.26
05/03/2022,14.56,"55,734,190",14.31,14.75,14.2
05/02/2022,14.27,"64,733,990",14.02,14.29,13.82
04/29/2022,14.16,"83,184,880",14.59,14.97,14.095
04/28/2022,14.62,"131,556,500",14.91,14.99,13.9
04/27/2022,14.85,"65,847,950",14.79,15.0981,14.6
04/26/2022,14.71,"60,345,350",15.1,15.14,14.67
04/25/2022,15.19,"58,361,440",14.91,15.2,14.615
04/22/2022,15.13,"56,193,730",15.55,15.64,15.0
04/21/2022,15.7,"49,898,530",16.48,16.57,15.61
04/20/2022,16.05,"47,351,530",16.23,16.55,16.005
04/19/2022,16.15,"55,398,340",15.74,16.23,15.74
04/18/2022,15.67,"40,205,830",15.37,15.79,15.37
04/14/2022,15.48,"39,312,910",15.5,15.76,15.46
04/13/2022,15.51,"51,871,790",15.31,15.545,15.22
04/12/2022,15.36,"49,138,730",15.5,15.72,15.28
04/11/2022,15.28,"66,117,100",14.89,15.77,14.89
04/08/2022,15.05,"75,085,830",14.94,15.44,14.81
04/07/2022,14.96,"101,229,100",15.07,15.205,14.56
04/06/2022,15.39,"102,881,600",15.6,15.7971,15.18
04/05/2022,15.82,"91,708,010",16.46,16.62,15.81
04/04/2022,16.66,"51,272,020",16.66,16.73,16.36
04/01/2022,16.65,"64,695,720",17.01,17.15,16.34
03/31/2022,16.91,"52,529,390",17.2,17.35,16.5
03/30/2022,17.27,"57,853,380",17.52,17.66,17.2
03/29/2022,17.75,"90,676,870",17.01,17.8,17.01
03/28/2022,16.67,"54,634,370",16.55,16.68,16.28
03/25/2022,16.47,"62,023,080",16.74,16.78,16.34
03/24/2022,16.83,"56,314,210",16.74,16.98,16.64
03/23/2022,16.68,"63,296,760",16.82,17.05,16.565
03/22/2022,17.09,"77,647,140",16.72,17.305,16.7001
03/21/2022,16.48,"72,583,600",16.87,17.1055,16.33
03/18/2022,16.86,"89,144,040",16.42,16.895,16.28
03/17/2022,16.58,"58,500,240",16.23,16.58,16.16
03/16/2022,16.58,"82,677,640",16.47,16.6298,16.06
03/15/2022,16.06,"65,263,720",15.77,16.14,15.53
03/14/2022,15.74,"66,341,700",16.085,16.23,15.51
03/11/2022,16.04,"54,985,890",16.4,16.48,16.01
03/10/2022,16.33,"72,992,640",16.11,16.405,15.76
03/09/2022,16.37,"62,846,720",16.65,16.83,16.28
03/08/2022,16.03,"101,020,300",16.06,16.72,15.77
03/07/2022,15.97,"87,999,220",16.84,16.9,15.97
03/04/2022,16.85,"91,440,120",17.35,17.39,16.64
03/03/2022,17.6,"95,395,520",18.25,18.25,17.44
03/02/2022,18.1,"138,638,200",17.5,18.249,17.295
03/01/2022,16.7,"94,819,510",17.41,17.41,16.45
02/28/2022,17.56,"82,367,840",17.34,17.675,17.2101
02/25/2022,17.83,"78,887,950",17.25,17.9,17.12
02/24/2022,17.15,"110,443,900",15.99,17.19,15.955
02/23/2022,16.95,"79,855,390",17.5,17.73,16.88
02/22/2022,17.29,"98,550,680",17.67,17.76,17.07
02/18/2022,18.04,"106,404,200",17.6,18.48,17.57
02/17/2022,17.54,"55,368,610",17.86,17.94,17.5
02/16/2022,18.01,"57,442,110",17.885,18.21,17.74
02/15/2022,18.08,"66,043,640",17.8,18.13,17.72
02/14/2022,17.46,"78,625,020",17.51,17.7299,17.29
02/11/2022,17.55,"94,534,090",18.1,18.36,17.42
02/10/2022,18.08,"76,195,320",17.965,18.63,17.92
02/09/2022,18.35,"87,118,590",18.27,18.43,18.03
02/08/2022,17.72,"142,694,300",17.575,17.91,17.02
02/07/2022,17.89,"84,609,970",17.73,18.12,17.7
02/04/2022,17.96,"211,100,500",18.525,18.59,17.52
02/03/2022,19.89,"103,016,000",20.17,20.62,19.87
02/02/2022,20.63,"95,377,620",20.81,21.05,20.18
02/01/2022,20.66,"117,651,800",20.61,20.85,19.92
01/31/2022,20.3,"91,361,950",19.58,20.33,19.3701
01/28/2022,19.54,"87,677,100",19.32,19.55,18.9245
01/27/2022,19.55,"105,674,400",20.31,20.65,19.41
01/26/2022,19.91,"135,786,400",21.01,21.04,19.57
01/25/2022,19.98,"116,775,800",20.0,20.31,19.56
01/24/2022,20.39,"186,937,300",19.93,20.47,18.8
01/21/2022,20.65,"145,532,900",21.21,21.5,20.54
01/20/2022,21.65,"152,014,100",21.88,22.88,21.57
01/19/2022,22.45,"153,198,200",24.65,24.92,22.41
01/18/2022,24.38,"110,820,100",24.87,25.13,24.3
01/14/2022,25.19,"146,012,200",24.47,25.28,24.3
01/13/2022,25.02,"185,780,500",24.64,25.87,24.37
01/12/2022,24.47,"104,050,000",24.61,24.84,24.01
01/11/2022,24.35,"106,011,600",23.78,24.35,23.28
01/10/2022,23.85,"122,800,700",24.1,24.44,23.35
01/07/2022,24.44,"127,017,500",24.67,24.91,24.04
01/06/2022,24.46,"155,058,800",24.09,24.62,23.36
01/05/2022,23.66,"253,540,000",24.06,24.95,23.47
01/04/2022,24.31,"311,645,200",22.52,24.5576,22.42
01/03/2022,21.77,"110,964,700",21.27,21.88,21.06
12/31/2021,20.77,"51,899,610",20.46,21.01,20.46
12/30/2021,20.47,"51,470,110",20.59,20.96,20.47
12/29/2021,20.56,"37,882,980",20.71,20.77,20.45
12/28/2021,20.76,"53,020,540",20.66,21.06,20.59
12/27/2021,20.8,"59,651,800",20.26,20.89,20.1
12/23/2021,20.25,"50,610,460",20.08,20.41,20.0
12/22/2021,20.14,"75,806,410",19.64,20.34,19.64
12/21/2021,19.61,"58,930,940",19.75,19.79,19.33
12/20/2021,19.42,"74,565,600",19.46,19.6199,19.05
12/17/2021,19.77,"98,962,930",20.03,20.24,19.6
12/16/2021,20.35,"107,020,900",20.57,21.1,20.26
12/15/2021,20.19,"79,679,720",19.99,20.33,19.55
12/14/2021,20.05,"124,559,700",19.8,20.18,19.38
12/13/2021,20.43,"126,632,300",21.24,21.3,20.13
12/10/2021,21.45,"169,657,200",19.77,21.49,19.7567
12/09/2021,19.57,"63,357,580",19.76,19.93,19.54
12/08/2021,19.81,"63,246,830",20.18,20.19,19.75
12/07/2021,19.96,"75,885,620",19.65,20.06,19.52
12/06/2021,19.22,"88,147,410",19.23,19.49,18.6148
12/03/2021,19.14,"120,275,200",20.37,20.4,18.93
12/02/2021,19.87,"94,142,270",19.5,20.11,19.28
12/01/2021,19.58,"125,478,300",19.63,20.47,19.53
11/30/2021,19.19,"103,238,400",19.62,19.95,19.03
11/29/2021,19.67,"68,778,690",20.07,20.19,19.49
11/26/2021,19.75,"49,434,030",19.66,19.84,19.47
11/24/2021,20.25,"77,324,310",19.97,20.34,19.78
11/23/2021,20.2,"90,984,520",20.43,20.53,19.97
11/22/2021,20.48,"137,861,700",19.39,20.79,19.305
11/19/2021,19.39,"64,610,380",19.64,19.6669,19.24
11/18/2021,19.56,"111,368,800",20.16,20.26,19.36
11/17/2021,19.96,"80,855,160",19.74,20.01,19.44
11/16/2021,19.79,"66,557,180",19.9,20.06,19.53
11/15/2021,19.86,"84,838,610",19.46,19.95,19.14
11/12/2021,19.5,"77,837,880",19.38,19.62,19.2101
11/11/2021,19.55,"96,436,460",19.64,19.84,19.2636
11/10/2021,19.36,"229,109,600",19.88,20.47,19.06
11/09/2021,20.12,"164,928,500",20.505,20.51,19.41
11/08/2021,20.15,"153,490,400",19.4,20.42,19.24
11/05/2021,19.29,"122,232,200",19.71,19.72,18.99
11/04/2021,19.42,"157,505,500",18.92,19.5,18.72
11/03/2021,18.63,"104,755,500",17.92,18.83,17.88
11/02/2021,18.01,"115,146,200",18.15,18.19,17.73
11/01/2021,17.95,"125,246,500",17.5,17.97,17.07
10/29/2021,17.08,"100,560,700",16.86,17.355,16.55
10/28/2021,16.86,"215,237,600",16.86,17.58,16.71
10/27/2021,15.51,"96,094,260",15.79,15.92,15.5
10/26/2021,15.94,"64,882,300",16.09,16.22,15.7
10/25/2021,16.0,"67,808,040",16.4,16.5,15.81
10/22/2021,16.28,"60,646,750",16.42,16.54,16.23
10/21/2021,16.55,"95,854,950",16.16,16.7,16.13
10/20/2021,16.04,"105,213,700",15.43,16.16,15.37
10/19/2021,15.42,"44,668,310",15.6,15.69,15.37
10/18/2021,15.56,"48,643,810",15.57,15.65,15.485
10/15/2021,15.7,"77,211,820",15.54,16.03,15.535
10/14/2021,15.45,"50,875,110",15.62,15.62,15.37
10/13/2021,15.51,"63,363,490",15.59,15.69,15.27
10/12/2021,15.64,"89,134,010",15.11,15.68,15.01
10/11/2021,15.09,"45,302,310",15.2,15.36,14.97
10/08/2021,15.12,"99,468,890",14.92,15.49,14.85
10/07/2021,14.89,"96,557,550",14.34,14.95,14.305
10/06/2021,14.12,"61,020,280",14.14,14.34,13.89
10/05/2021,14.29,"55,915,800",14.44,14.44,14.11
10/04/2021,14.35,"78,332,500",14.27,14.79,14.22
10/01/2021,14.16,"51,880,920",14.26,14.37,14.01
09/30/2021,14.16,"78,820,540",14.26,14.32,14.09
09/29/2021,14.3,"56,805,500",14.46,14.5,14.17
09/28/2021,14.31,"107,090,900",14.63,14.73,14.23
09/27/2021,14.16,"68,769,650",13.89,14.29,13.88
09/24/2021,13.78,"57,440,220",13.66,13.94,13.64
09/23/2021,13.71,"68,708,100",13.35,13.74,13.32
09/22/2021,13.23,"75,784,040",12.92,13.39,12.905
09/21/2021,12.77,"60,473,080",12.885,12.97,12.66
09/20/2021,12.82,"126,152,200",13.07,13.19,12.63
09/17/2021,13.55,"76,337,380",13.41,13.7,13.39
09/16/2021,13.4,"76,426,060",13.18,13.53,13.1
09/15/2021,13.22,"60,282,090",12.89,13.25,12.81
09/14/2021,12.86,"47,640,810",12.93,13.06,12.79
09/13/2021,12.99,"62,270,770",12.76,12.99,12.62
09/10/2021,12.68,"48,792,470",12.84,12.93,12.66
09/09/2021,12.76,"68,806,410",12.95,12.95,12.72
09/08/2021,13.03,"57,980,880",12.97,13.22,12.91
09/07/2021,12.95,"64,008,880",12.83,13.04,12.81
09/03/2021,12.89,"41,746,600",12.99,13.05,12.87
09/02/2021,13.01,"49,322,940",13.09,13.21,12.97
09/01/2021,13.11,"58,875,690",13.03,13.22,12.9
08/31/2021,13.03,"42,212,700",13.02,13.135,12.93
08/30/2021,13.05,"42,720,090",13.35,13.37,13.03
08/27/2021,13.31,"57,587,270",12.89,13.37,12.87
08/26/2021,12.9,"57,559,820",13.11,13.13,12.81
08/25/2021,13.17,"51,195,460",13.12,13.28,13.02
08/24/2021,13.08,"53,672,500",12.81,13.14,12.76
08/23/2021,12.73,"64,573,550",12.71,12.85,12.47
08/20/2021,12.57,"53,615,580",12.61,12.67,12.38
08/19/2021,12.67,"69,038,770",12.8,12.92,12.57
08/18/2021,13.0,"50,966,740",12.95,13.21,12.9
08/17/2021,12.99,"74,625,320",13.32,13.33,12.81
08/16/2021,13.46,"38,757,780",13.5,13.56,13.32
08/13/2021,13.59,"45,118,470",13.88,13.95,13.54
08/12/2021,13.9,"38,608,650",13.92,14.05,13.79
08/11/2021,13.93,"42,795,590",13.86,13.95,13.67
08/10/2021,13.82,"32,120,830",13.77,13.91,13.66
08/09/2021,13.75,"38,760,380",13.72,13.82,13.55
08/06/2021,13.8,"44,450,640",13.82,13.91,13.73
08/05/2021,13.71,"60,524,400",13.54,13.82,13.45
08/04/2021,13.32,"81,502,700",13.85,13.93,13.3
08/03/2021,14.02,"53,257,700",13.97,14.08,13.64
08/02/2021,13.91,"64,673,720",14.02,14.33,13.88
07/30/2021,13.95,"74,955,710",14.23,14.3,13.87
07/29/2021,14.39,"111,154,800",14.51,14.79,14.3
07/28/2021,13.86,"70,653,460",13.86,13.99,13.565
07/27/2021,13.79,"41,963,240",13.93,13.955,13.65
07/26/2021,14.03,"43,838,040",13.9,14.0815,13.87
07/23/2021,13.82,"37,927,870",13.97,14.04,13.73
07/22/2021,13.91,"40,440,120",14.08,14.14,13.78
07/21/2021,14.19,"53,817,490",14.05,14.34,14.03
07/20/2021,13.91,"70,731,780",13.37,13.96,13.28
07/19/2021,13.28,"99,949,230",13.25,13.32,12.7901
07/16/2021,13.61,"48,065,200",14.12,14.14,13.58
07/15/2021,14.01,"44,952,310",14.15,14.3,13.94
07/14/2021,14.25,"39,056,160",14.43,14.63,14.2
07/13/2021,14.42,"45,360,600",14.5,14.625,14.295
07/12/2021,14.61,"49,205,150",14.36,14.74,14.24
07/09/2021,14.48,"65,981,220",14.445,14.575,14.27
07/08/2021,14.06,"62,706,840",13.96,14.23,13.735
07/07/2021,14.23,"72,992,470",14.41,14.46,14.02
07/06/2021,14.5,"73,990,630",14.87,14.88,14.39
07/02/2021,14.93,"43,824,910",14.96,15.04,14.83
07/01/2021,14.91,"51,112,230",14.91,14.97,14.84
06/30/2021,14.86,"72,213,530",14.95,15.11,14.81
06/29/2021,15.01,"68,208,170",15.05,15.2,14.875
06/28/2021,14.96,"79,477,430",15.2,15.21,14.83
06/25/2021,15.19,"111,760,500",15.24,15.52,15.18
06/24/2021,15.26,"79,859,800",15.54,15.55,15.15
06/23/2021,15.42,"94,985,670",15.14,15.53,15.03
06/22/2021,14.91,"65,545,910",15.02,15.11,14.815
06/21/2021,14.78,"63,384,990",14.63,14.9,14.55
06/18/2021,14.52,"76,319,720",14.54,14.765,14.44
06/17/2021,14.77,"126,653,100",15.3,15.4,14.58
06/16/2021,15.02,"69,112,880",15.1,15.29,14.88
06/15/2021,15.0,"62,612,750",14.91,15.16,14.76
06/14/2021,14.87,"82,666,040",15.23,15.3,14.815
06/11/2021,15.28,"50,613,470",15.3,15.43,15.17
06/10/2021,15.11,"78,147,470",15.59,15.78,15.08
06/09/2021,15.48,"60,079,050",15.6,15.62,15.39
06/08/2021,15.63,"93,891,090",15.76,15.8,15.33
06/07/2021,15.88,"90,915,340",16.01,16.2,15.65
06/04/2021,15.97,"151,788,000",16.33,16.455,15.795
06/03/2021,15.99,"179,671,400",15.15,16.06,14.985
06/02/2021,14.91,"77,517,190",14.9,15.02,14.68
06/01/2021,14.81,"89,070,990",14.72,14.835,14.46
05/28/2021,14.53,"152,105,300",15.01,15.05,14.41
05/27/2021,14.88,"278,939,100",14.38,15.05,14.12
05/26/2021,13.9,"227,538,700",13.16,13.95,13.1
05/25/2021,12.81,"113,383,400",13.13,13.43,12.8
05/24/2021,13.06,"111,374,300",13.38,13.38,12.92
05/21/2021,13.33,"200,958,600",12.7,13.47,12.57
05/20/2021,12.49,"106,243,900",12.52,12.69,12.3
05/19/2021,12.11,"70,220,760",12.03,12.21,11.85
05/18/2021,12.14,"72,472,890",12.29,12.53,12.13
05/17/2021,12.15,"52,068,640",11.82,12.18,11.79
05/14/2021,11.84,"48,619,220",11.65,11.87,11.62
05/13/2021,11.55,"56,598,470",11.36,11.68,11.35
05/12/2021,11.33,"55,663,090",11.54,11.68,11.28
05/11/2021,11.58,"56,882,620",11.45,11.76,11.42
05/10/2021,11.71,"51,703,510",11.78,11.93,11.7
05/07/2021,11.82,"41,525,840",11.65,11.83,11.52
05/06/2021,11.74,"50,032,820",11.55,11.76,11.48
05/05/2021,11.61,"41,381,320",11.5,11.64,11.4
05/04/2021,11.41,"71,007,690",11.53,11.55,11.23
05/03/2021,11.63,"61,987,300",11.56,11.68,11.43
04/30/2021,11.54,"90,786,460",11.36,11.54,11.33
04/29/2021,11.26,"230,430,600",11.91,11.91,11.14
04/28/2021,12.43,"68,023,420",12.6,12.6,12.385
04/27/2021,12.49,"42,037,750",12.29,12.5,12.27
04/26/2021,12.27,"40,863,760",12.28,12.4414,12.23
04/23/2021,12.22,"51,898,950",11.97,12.24,11.87
04/22/2021,11.94,"73,064,380",12.06,12.15,11.83
04/21/2021,11.73,"49,641,130",11.36,11.74,11.18
04/20/2021,11.45,"83,170,800",12.06,12.06,11.35
04/19/2021,12.11,"39,063,480",12.22,12.25,12.02
04/16/2021,12.23,"33,132,870",12.32,12.36,12.19
04/15/2021,12.24,"38,209,310",12.3,12.32,12.125
04/14/2021,12.24,"49,877,490",12.2,12.49,12.2
04/13/2021,12.2,"51,555,970",12.39,12.445,12.1
04/12/2021,12.38,"40,422,760",12.5,12.55,12.32
04/09/2021,12.51,"40,555,410",12.49,12.62,12.39
04/08/2021,12.51,"52,621,970",12.67,12.76,12.43
04/07/2021,12.73,"42,264,040",12.87,12.93,12.66
04/06/2021,12.92,"67,499,430",12.7,12.99,12.64
04/05/2021,12.7,"82,332,730",12.39,12.78,12.33
04/01/2021,12.17,"61,907,460",12.28,12.29,12.02
03/31/2021,12.25,"60,456,890",12.46,12.54,12.21
03/30/2021,12.46,"49,762,310",12.16,12.48,12.11
03/29/2021,12.15,"44,747,930",12.2,12.36,12.065
03/26/2021,12.3,"49,239,810",12.43,12.49,12.06
03/25/2021,12.32,"54,201,830",11.94,12.35,11.72
03/24/2021,12.14,"54,534,410",12.36,12.53,12.12
03/23/2021,12.21,"73,020,160",12.57,12.68,12.12
03/22/2021,12.85,"81,362,150",12.85,12.93,12.51
03/19/2021,12.83,"90,885,160",12.85,12.95,12.55
03/18/2021,12.49,"76,733,250",12.7,13.01,12.44
03/17/2021,12.69,"109,324,400",12.34,12.7,12.22
03/16/2021,12.49,"125,425,300",13.06,13.15,12.43
03/15/2021,13.2,"65,229,000",13.39,13.62,13.0501
03/12/2021,13.37,"87,160,080",12.78,13.43,12.77
03/11/2021,12.81,"56,536,460",12.94,13.0594,12.75
03/10/2021,12.91,"62,111,180",12.72,12.98,12.62
03/09/2021,12.57,"61,568,660",12.76,12.76,12.375
03/08/2021,12.65,"86,129,740",12.39,12.88,12.3
03/05/2021,12.27,"79,345,700",12.06,12.29,11.67
03/04/2021,11.93,"88,339,640",12.235,12.46,11.63
03/03/2021,12.17,"80,169,700",12.61,12.61,12.14
03/02/2021,12.55,"104,789,000",12.04,12.8,11.94
03/01/2021,11.98,"43,172,810",11.87,12.08,11.78
02/26/2021,11.7,"69,614,530",11.89,11.98,11.54
02/25/2021,11.76,"75,249,410",12.22,12.4,11.72
02/24/2021,12.27,"95,152,780",11.67,12.4,11.64
02/23/2021,11.62,"72,904,530",11.59,11.65,11.13
02/22/2021,11.7,"62,183,010",11.52,11.94,11.5
02/19/2021,11.58,"48,615,550",11.52,11.59,11.46
02/18/2021,11.43,"37,777,050",11.37,11.48,11.3
02/17/2021,11.48,"49,681,000",11.61,11.61,11.37
02/16/2021,11.54,"48,392,080",11.5,11.7,11.38
02/12/2021,11.45,"44,401,190",11.42,11.62,11.37
02/11/2021,11.45,"55,762,910",11.66,11.74,11.31
02/10/2021,11.76,"76,282,460",12.0,12.02,11.53
02/09/2021,11.93,"102,250,800",11.54,12.04,11.49
02/08/2021,11.56,"75,756,690",11.52,11.58,11.31
02/05/2021,11.51,"113,402,100",11.8,11.9,11.3
02/04/2021,11.37,"106,845,000",11.4,11.6192,11.17
02/03/2021,11.2,"82,968,550",10.92,11.36,10.84
02/02/2021,10.86,"80,440,700",11.14,11.2,10.71
02/01/2021,10.83,"157,114,400",10.65,11.44,10.36
01/29/2021,10.53,"73,925,820",10.59,10.835,10.45
01/28/2021,10.72,"77,388,660",10.84,11.05,10.71
01/27/2021,10.79,"82,863,030",11.02,11.17,10.7
01/26/2021,11.19,"66,267,460",11.31,11.53,11.12
01/25/2021,11.29,"118,954,500",11.49,11.52,10.88
01/22/2021,11.52,"130,866,600",11.66,11.69,11.34
01/21/2021,11.53,"282,761,600",11.28,12.15,11.12
01/20/2021,10.86,"125,033,200",10.23,10.87,10.19
01/19/2021,10.02,"78,732,760",10.06,10.21,9.97
01/15/2021,9.83,"99,984,950",10.04,10.05,9.82
01/14/2021,10.17,"112,695,300",9.81,10.2,9.79
01/13/2021,9.78,"89,549,250",9.91,9.92,9.64
01/12/2021,9.78,"124,808,500",9.3,9.82,9.2903
01/11/2021,9.3,"96,129,540",8.87,9.32,8.82
01/08/2021,9.0,"59,162,170",9.1,9.14,8.89
01/07/2021,9.06,"77,117,100",8.94,9.08,8.88
01/06/2021,8.84,"72,590,210",8.79,8.94,8.68
01/05/2021,8.65,"70,127,790",8.47,8.72,8.46
01/04/2021,8.52,"85,043,080",8.81,8.84,8.43
12/31/2020,8.79,"40,176,530",8.84,8.86,8.78
12/30/2020,8.86,"38,461,900",8.83,8.92,8.81
12/29/2020,8.82,"37,537,850",8.93,8.93,8.78
12/28/2020,8.89,"38,068,420",8.92,8.98,8.8607
12/24/2020,8.86,"27,927,000",9.01,9.02,8.8
12/23/2020,8.99,"54,086,670",8.82,9.03,8.8
12/22/2020,8.79,"59,157,730",8.98,8.99,8.75
12/21/2020,8.93,"63,908,130",8.87,9.01,8.79
12/18/2020,8.95,"78,764,620",9.09,9.09,8.91
12/17/2020,9.08,"49,301,600",9.09,9.13,9.0
12/16/2020,9.04,"55,274,530",9.17,9.18,8.97
12/15/2020,9.15,"69,665,880",9.03,9.15,8.94
12/14/2020,8.91,"76,826,020",9.13,9.1752,8.88
12/11/2020,9.02,"73,438,230",9.19,9.19,9.01
12/10/2020,9.12,"83,372,760",9.31,9.32,9.1
12/09/2020,9.45,"60,780,320",9.31,9.49,9.29
12/08/2020,9.25,"56,296,670",9.19,9.33,9.17
12/07/2020,9.22,"58,305,190",9.31,9.33,9.15
12/04/2020,9.34,"48,775,550",9.26,9.44,9.24
12/03/2020,9.21,"50,302,060",9.26,9.32,9.15
12/02/2020,9.2,"48,344,950",9.16,9.24,9.08
12/01/2020,9.24,"68,970,330",9.16,9.4,9.16
11/30/2020,9.08,"77,970,080",9.23,9.23,8.98
11/27/2020,9.09,"27,853,850",9.12,9.14,9.03
11/25/2020,9.08,"95,217,810",9.2,9.25,9.0
11/24/2020,9.45,"99,520,480",9.15,9.5,9.14
11/23/2020,8.86,"71,537,110",8.82,8.98,8.78
11/20/2020,8.74,"57,024,270",8.81,8.82,8.68
11/19/2020,8.82,"56,672,690",8.88,8.88,8.74
11/18/2020,8.82,"77,759,270",8.82,9.05,8.78
11/17/2020,8.75,"46,754,510",8.66,8.85,8.63
11/16/2020,8.8,"84,853,860",8.74,8.85,8.61
11/13/2020,8.54,"79,534,150",8.23,8.57,8.23
11/12/2020,8.21,"82,319,820",8.26,8.29,8.1
11/11/2020,8.33,"75,644,430",8.6,8.6,8.29
11/10/2020,8.38,"87,468,360",8.23,8.59,8.18
11/09/2020,8.2,"110,511,300",8.11,8.38,8.08
11/06/2020,7.79,"50,912,120",8.01,8.02,7.75
11/05/2020,7.99,"61,442,610",7.76,7.99,7.71
11/04/2020,7.64,"67,326,840",7.86,7.87,7.63
11/03/2020,7.88,"65,108,840",7.76,7.93,7.73
11/02/2020,7.71,"59,962,910",7.83,7.86,7.68
10/30/2020,7.73,"79,392,480",7.85,7.91,7.61
10/29/2020,7.9,"118,999,900",8.17,8.24,7.85
10/28/2020,7.7,"82,938,280",7.68,7.88,7.63
10/27/2020,7.92,"64,154,480",8.01,8.09,7.9
10/26/2020,8.03,"62,130,950",8.035,8.07,7.94
10/23/2020,8.16,"62,248,980",8.3,8.35,8.09
10/22/2020,8.21,"74,008,470",7.93,8.22,7.89
10/21/2020,7.85,"51,981,070",7.77,7.88,7.73
10/20/2020,7.74,"63,447,010",7.62,7.85,7.58
10/19/2020,7.59,"38,960,740",7.68,7.72,7.57
10/16/2020,7.67,"47,509,410",7.71,7.75,7.61
10/15/2020,7.62,"49,336,160",7.42,7.62,7.37
10/14/2020,7.57,"57,808,900",7.73,7.75,7.55
10/13/2020,7.76,"74,562,570",7.82,7.88,7.63
10/12/2020,7.67,"97,692,930",7.36,7.865,7.33
10/09/2020,7.25,"50,977,880",7.36,7.44,7.23
10/08/2020,7.35,"54,513,310",7.29,7.35,7.2
10/07/2020,7.23,"50,664,140",7.11,7.25,7.06
10/06/2020,6.98,"78,203,810",7.06,7.25,6.96
10/05/2020,7.02,"42,359,410",6.95,7.05,6.945
10/02/2020,6.89,"60,798,410",6.62,6.93,6.6
10/01/2020,6.75,"58,340,610",6.71,6.77,6.63
09/30/2020,6.66,"55,944,610",6.61,6.75,6.59
09/29/2020,6.6,"39,014,260",6.69,6.695,6.54
09/28/2020,6.69,"47,582,630",6.59,6.77,6.58
09/25/2020,6.51,"53,761,840",6.61,6.7064,6.5
09/24/2020,6.66,"59,822,910",6.6,6.76,6.41
09/23/2020,6.64,"52,588,560",6.81,6.93,6.63
09/22/2020,6.78,"55,865,540",6.89,6.99,6.77
09/21/2020,6.87,"72,850,260",7.09,7.09,6.81
09/18/2020,7.23,"71,929,400",7.31,7.4,7.22
09/17/2020,7.28,"84,850,150",7.04,7.34,6.98
09/16/2020,7.02,"46,269,820",7.05,7.12,6.99
09/15/2020,7.04,"65,198,500",7.16,7.18,7.0
09/14/2020,7.12,"58,704,320",7.01,7.18,6.98
09/11/2020,7.0,"55,080,560",6.94,7.0,6.85
09/10/2020,6.91,"69,228,600",6.99,7.035,6.87
09/09/2020,6.97,"56,501,430",7.07,7.1,6.93
09/08/2020,7.03,"84,749,280",6.83,7.17,6.81
09/04/2020,6.9,"70,017,540",6.86,6.95,6.75
09/03/2020,6.82,"78,130,880",6.92,7.09,6.76
09/02/2020,6.95,"59,008,940",6.81,6.97,6.77
09/01/2020,6.83,"48,214,180",6.77,6.87,6.72
08/31/2020,6.82,"50,089,520",6.9,6.93,6.79
08/28/2020,6.94,"39,936,920",6.93,6.95,6.86
08/27/2020,6.91,"45,740,870",6.83,6.98,6.83
08/26/2020,6.82,"48,600,100",6.94,6.97,6.77
08/25/2020,6.94,"49,549,980",7.01,7.1,6.86
08/24/2020,6.98,"64,974,710",6.73,7.0,6.69
08/21/2020,6.66,"39,158,900",6.78,6.85,6.65
08/20/2020,6.84,"41,824,520",6.77,6.89,6.73
08/19/2020,6.87,"44,158,120",6.89,7.02,6.86
08/18/2020,6.89,"40,444,200",6.98,7.01,6.885
08/17/2020,6.98,"64,555,150",7.05,7.06,6.87
08/14/2020,7.04,"43,517,660",6.97,7.11,6.93
08/13/2020,7.03,"50,066,760",7.03,7.18,7.0
08/12/2020,7.11,"59,194,130",7.33,7.37,7.06
08/11/2020,7.23,"74,016,360",7.21,7.375,7.19
08/10/2020,7.09,"57,229,040",6.91,7.13,6.905
08/07/2020,6.86,"47,480,060",6.87,6.92,6.79
08/06/2020,6.93,"48,668,520",6.93,7.0,6.89
08/05/2020,6.96,"82,716,370",6.86,7.0291,6.86
08/04/2020,6.86,"69,377,570",6.91,6.91,6.73
08/03/2020,6.69,"53,845,890",6.65,6.72,6.53
07/31/2020,6.61,"115,394,100",6.89,6.9,6.52
07/30/2020,6.74,"58,990,990",6.74,6.83,6.67
07/29/2020,6.92,"59,437,160",7.05,7.06,6.83
07/28/2020,7.01,"56,312,510",6.9,7.05,6.9
07/27/2020,6.93,"60,370,150",6.92,6.94,6.77
07/24/2020,6.88,"62,292,050",6.9,7.01,6.86
07/23/2020,6.98,"88,652,590",6.87,7.06,6.8
07/22/2020,6.84,"75,629,570",6.64,6.88,6.61
07/21/2020,6.68,"63,343,850",6.71,6.81,6.64
07/20/2020,6.66,"71,361,660",6.8,6.85,6.58
07/17/2020,6.8,"80,836,730",6.9,6.91,6.73
07/16/2020,6.86,"93,498,510",6.66,6.9,6.63
07/15/2020,6.74,"101,648,700",6.54,6.78,6.52
07/14/2020,6.36,"106,131,800",6.18,6.39,6.08
07/13/2020,6.06,"80,190,670",6.15,6.22,6.05
07/10/2020,6.1,"73,710,730",5.8,6.1,5.74
07/09/2020,5.84,"82,693,010",6.09,6.1,5.82
07/08/2020,6.09,"60,928,650",6.13,6.18,6.05
07/07/2020,6.12,"56,651,980",6.14,6.2,6.09
07/06/2020,6.19,"63,921,780",6.14,6.2,6.11
07/02/2020,6.05,"67,270,510",6.1,6.17,6.0
07/01/2020,5.98,"62,454,690",6.1,6.18,5.95
06/30/2020,6.08,"61,909,300",5.98,6.1,5.9
06/29/2020,6.01,"58,208,430",5.91,6.07,5.81
06/26/2020,5.91,"118,435,400",6.04,6.07,5.81
06/25/2020,6.03,"73,612,740",5.86,6.05,5.8
06/24/2020,5.95,"75,536,270",6.06,6.1225,5.86
06/23/2020,6.15,"86,672,820",6.33,6.38,6.14
06/22/2020,6.28,"71,724,250",6.27,6.28,6.13
06/19/2020,6.23,"126,127,800",6.64,6.69,6.23
06/18/2020,6.33,"61,301,780",6.26,6.45,6.19
06/17/2020,6.33,"67,831,360",6.56,6.56,6.31
06/16/2020,6.55,"109,535,200",6.87,6.87,6.44
06/15/2020,6.5,"104,742,600",6.18,6.58,6.11
06/12/2020,6.46,"88,778,030",6.56,6.63,6.3
06/11/2020,6.13,"116,184,700",6.07,6.46,6.04
06/10/2020,6.81,"147,327,100",7.33,7.34,6.77
06/09/2020,7.24,"115,749,600",7.22,7.44,7.05
06/08/2020,7.53,"113,169,300",7.53,7.74,7.37
06/05/2020,7.34,"208,648,200",7.24,7.5,7.02
06/04/2020,6.57,"115,798,600",6.2,6.58,6.12
06/03/2020,6.19,"98,876,580",5.99,6.27,5.92
06/02/2020,5.9,"80,046,000",5.96,6.0,5.83
06/01/2020,5.87,"61,938,820",5.73,5.88,5.67
05/29/2020,5.71,"93,039,230",5.75,5.8,5.57
05/28/2020,5.85,"77,126,190",6.05,6.07,5.81
05/27/2020,6.03,"110,413,900",6.01,6.09,5.84
05/26/2020,5.84,"86,046,300",5.92,5.99,5.82
05/22/2020,5.65,"76,656,470",5.68,5.73,5.5
05/21/2020,5.63,"87,098,220",5.45,5.69,5.44
05/20/2020,5.49,"87,685,370",5.38,5.54,5.37
05/19/2020,5.3,"94,836,280",5.27,5.45,5.15
05/18/2020,5.31,"136,241,400",5.12,5.33,5.12
05/15/2020,4.9,"80,544,650",4.8,4.94,4.75
05/14/2020,4.89,"108,061,100",4.645,4.92,4.52
05/13/2020,4.72,"100,192,300",5.0,5.01,4.66
05/12/2020,4.98,"70,965,190",5.15,5.22,4.97
05/11/2020,5.12,"75,734,000",5.18,5.19,5.05
05/08/2020,5.24,"101,333,800",4.96,5.25,4.95
05/07/2020,4.87,"67,222,940",4.9,4.98,4.85
05/06/2020,4.87,"89,390,420",5.05,5.09,4.82
05/05/2020,4.97,"96,301,280",4.99,5.09,4.94
05/04/2020,4.86,"84,214,750",4.88,4.97,4.77
05/01/2020,4.92,"82,660,060",5.02,5.05,4.9
04/30/2020,5.09,"93,437,940",5.16,5.24,5.06
04/29/2020,5.26,"126,393,000",5.33,5.5,5.2104
04/28/2020,5.38,"106,222,800",5.49,5.54,5.215
04/27/2020,5.17,"91,082,850",4.91,5.19,4.88
04/24/2020,4.87,"54,352,480",4.93,4.96,4.8
04/23/2020,4.89,"61,959,760",4.8,4.98,4.77
04/22/2020,4.77,"62,398,610",4.87,4.89,4.75
04/21/2020,4.77,"82,400,210",4.89,4.92,4.72
04/20/2020,4.98,"71,079,440",5.01,5.09,4.91
04/17/2020,5.12,"91,989,320",5.17,5.28,5.03
04/16/2020,4.94,"58,951,210",5.06,5.0697,4.89
04/15/2020,5.03,"74,727,750",5.06,5.14,4.95
04/14/2020,5.29,"74,877,030",5.27,5.44,5.16
04/13/2020,5.16,"99,320,000",5.43,5.43,5.02
04/09/2020,5.37,"175,833,700",5.51,5.75,5.24
04/08/2020,5.03,"117,022,200",4.86,5.09,4.8
04/07/2020,4.71,"115,150,400",4.85,5.03,4.63
04/06/2020,4.53,"102,205,300",4.54,4.67,4.41
04/03/2020,4.24,"85,659,870",4.4,4.42,4.17
04/02/2020,4.36,"90,891,690",4.39,4.57,4.25
04/01/2020,4.4,"119,174,500",4.63,4.77,4.36
03/31/2020,4.83,"231,800,800",5.03,5.19,4.75
03/30/2020,5.03,"97,879,670",5.11,5.1197,4.93
03/27/2020,5.19,"106,324,000",5.07,5.3,4.91
03/26/2020,5.25,"138,298,000",5.36,5.65,5.16
03/25/2020,5.39,"198,999,400",5.77,5.87,5.12
03/24/2020,4.95,"146,192,100",4.47,4.99,4.26
03/23/2020,4.01,"134,925,000",4.27,4.52,3.96
03/20/2020,4.33,"129,378,600",4.54,4.75,4.25
03/19/2020,4.47,"126,603,800",4.33,4.58,4.1
03/18/2020,4.5,"125,954,700",4.75,4.84,4.1
03/17/2020,5.01,"104,233,500",5.08,5.14,4.7
03/16/2020,5.01,"110,310,900",5.04,5.22,5.0
03/13/2020,5.63,"125,375,300",5.87,5.9,5.12
03/12/2020,5.35,"89,453,100",5.38,5.69,5.2
03/11/2020,5.9,"98,639,100",6.06,6.11,5.88
03/10/2020,6.26,"101,873,600",6.26,6.29,5.8
03/09/2020,5.9,"103,901,700",5.97,6.14,5.87
03/06/2020,6.49,"109,932,200",6.6,6.68,6.4
03/05/2020,6.74,"78,070,890",6.96,6.97,6.71
03/04/2020,7.08,"70,588,070",7.09,7.09,6.92
03/03/2020,6.97,"97,457,780",7.29,7.34,6.89
03/02/2020,7.2,"96,766,030",7.11,7.23,6.88
02/28/2020,6.96,"116,546,700",6.84,6.96,6.67
02/27/2020,6.97,"118,642,400",7.13,7.28,6.92
02/26/2020,7.21,"92,524,840",7.3,7.46,7.21
02/25/2020,7.23,"108,888,300",7.68,7.68,7.22
02/24/2020,7.57,"110,048,200",7.7,7.7197,7.55
02/21/2020,7.89,"58,326,330",8.02,8.03,7.89
02/20/2020,8.03,"52,318,240",8.0,8.07,7.99
02/19/2020,8.0,"69,668,180",8.06,8.1,8.0
02/18/2020,8.06,"65,207,480",8.12,8.1499,8.02
02/14/2020,8.1,"46,359,670",8.27,8.27,8.08
02/13/2020,8.25,"67,648,840",8.21,8.36,8.21
02/12/2020,8.24,"111,536,800",8.14,8.33,8.13
02/11/2020,8.1,"80,164,530",8.1,8.15,8.08
02/10/2020,8.06,"71,834,910",8.15,8.15,8.05
02/07/2020,8.11,"98,256,480",8.21,8.21,8.02
02/06/2020,8.25,"68,823,370",8.37,8.38,8.25
02/05/2020,8.31,"145,792,500",8.41,8.48,8.26
02/04/2020,9.18,"86,196,420",9.08,9.24,9.07
02/03/2020,8.98,"71,432,660",8.85,9.14,8.85
01/31/2020,8.82,"59,813,730",8.78,8.84,8.74
01/30/2020,8.84,"42,827,800",8.81,8.84,8.73
01/29/2020,8.86,"59,070,710",8.85,8.955,8.84
01/28/2020,8.97,"85,163,400",8.94,9.0,8.86
01/27/2020,8.89,"60,769,340",8.88,8.96,8.78
01/24/2020,9.0,"68,100,950",9.11,9.12,8.96
01/23/2020,9.14,"75,848,670",9.14,9.16,8.93
01/22/2020,9.16,"39,914,760",9.22,9.25,9.15
01/21/2020,9.21,"49,556,420",9.15,9.22,9.1
01/17/2020,9.16,"41,644,870",9.19,9.23,9.13
01/16/2020,9.17,"44,310,390",9.23,9.28,9.15
01/15/2020,9.19,"55,923,870",9.27,9.3,9.18
01/14/2020,9.29,"42,936,050",9.22,9.33,9.21
01/13/2020,9.24,"48,562,150",9.25,9.26,9.11
01/10/2020,9.25,"39,819,240",9.27,9.36,9.25
01/09/2020,9.26,"51,905,120",9.3,9.31,9.18
01/08/2020,9.25,"46,003,050",9.23,9.3,9.17
01/07/2020,9.25,"45,334,550",9.2,9.25,9.12
01/06/2020,9.16,"43,380,680",9.1,9.17,9.06
01/03/2020,9.21,"45,059,920",9.31,9.37,9.15
01/02/2020,9.42,"43,432,240",9.29,9.42,9.19
12/31/2019,9.3,"32,345,380",9.25,9.33,9.24
12/30/2019,9.25,"36,085,420",9.34,9.35,9.23
12/27/2019,9.36,"28,273,600",9.45,9.46,9.345
12/26/2019,9.45,"28,982,310",9.47,9.49,9.43
12/24/2019,9.47,"11,881,600",9.44,9.49,9.43
12/23/2019,9.44,"54,795,990",9.5,9.57,9.4
12/20/2019,9.48,"50,199,270",9.5,9.54,9.44
12/19/2019,9.41,"42,237,370",9.55,9.57,9.38
12/18/2019,9.54,"45,929,400",9.39,9.575,9.36
12/17/2019,9.39,"35,516,660",9.38,9.41,9.31
12/16/2019,9.39,"42,339,950",9.24,9.39,9.22
12/13/2019,9.23,"35,334,490",9.32,9.39,9.19
12/12/2019,9.32,"48,398,720",9.11,9.36,9.105
12/11/2019,9.11,"33,205,340",9.06,9.14,9.055
12/10/2019,9.07,"34,233,140",9.02,9.1,8.96
12/09/2019,9.01,"21,898,170",8.97,9.07,8.96
12/06/2019,9.02,"31,111,720",8.96,9.07,8.945
12/05/2019,8.93,"25,770,720",8.97,9.0,8.88
12/04/2019,8.95,"29,994,670",8.95,9.03,8.94
12/03/2019,8.89,"41,121,650",8.95,8.95,8.8
12/02/2019,9.01,"37,270,510",9.08,9.14,9.0
11/29/2019,9.06,"13,096,150",9.04,9.1,9.03
11/27/2019,9.1,"37,424,080",9.03,9.15,9.02
11/26/2019,9.01,"30,106,840",8.98,9.02,8.91
11/25/2019,9.0,"30,617,390",8.9,9.01,8.87
11/22/2019,8.89,"34,966,750",8.8,8.9,8.77
11/21/2019,8.71,"33,161,370",8.77,8.79,8.67
11/20/2019,8.73,"38,291,750",8.88,8.89,8.68
11/19/2019,8.9,"31,192,770",8.99,9.0,8.87
11/18/2019,8.95,"38,296,390",9.05,9.05,8.89
11/15/2019,8.95,"26,430,900",8.85,8.96,8.85
11/14/2019,8.79,"26,542,130",8.85,8.9059,8.78
11/13/2019,8.81,"34,820,790",9.0,9.0,8.8
11/12/2019,9.04,"28,710,940",9.06,9.13,9.04
11/11/2019,9.08,"24,852,640",8.95,9.1,8.94
11/08/2019,9.04,"29,489,850",8.9,9.04,8.82
11/07/2019,8.89,"32,640,400",8.96,9.01,8.88
11/06/2019,8.92,"39,497,700",9.05,9.05,8.89
11/05/2019,9.02,"37,569,670",9.02,9.15,9.0
11/04/2019,9.0,"46,716,530",8.93,9.05,8.93
11/01/2019,8.89,"55,354,930",8.64,8.93,8.64
10/31/2019,8.59,"29,124,080",8.58,8.6,8.5
10/30/2019,8.54,"28,685,310",8.64,8.64,8.52
10/29/2019,8.64,"36,771,760",8.59,8.71,8.59
10/28/2019,8.61,"39,635,290",8.76,8.76,8.58
10/25/2019,8.72,"51,373,620",8.67,8.75,8.62
10/24/2019,8.6,"121,124,000",8.87,8.89,8.55
10/23/2019,9.21,"46,677,590",9.01,9.21,8.97
10/22/2019,9.07,"35,997,410",9.01,9.14,8.96
10/21/2019,9.03,"33,812,870",9.19,9.245,9.01
10/18/2019,9.29,"42,432,620",9.09,9.32,9.09
10/17/2019,9.11,"28,652,390",9.12,9.14,9.03
10/16/2019,9.07,"27,386,350",9.11,9.19,9.06
10/15/2019,9.07,"31,040,710",8.84,9.0999,8.78
10/14/2019,8.82,"25,444,790",8.82,8.84,8.755
10/11/2019,8.78,"34,210,300",8.73,8.87,8.73
10/10/2019,8.62,"28,223,350",8.58,8.65,8.52
10/09/2019,8.56,"16,979,210",8.61,8.64,8.56
10/08/2019,8.54,"31,598,390",8.65,8.66,8.5
10/07/2019,8.68,"29,494,230",8.7,8.79,8.61
10/04/2019,8.74,"28,096,690",8.72,8.76,8.66
10/03/2019,8.71,"41,250,600",8.55,8.71,8.45
10/02/2019,8.61,"68,290,410",8.85,8.86,8.44
10/01/2019,8.9,"39,690,750",9.19,9.24,8.87
09/30/2019,9.16,"22,493,310",9.11,9.21,9.1
09/27/2019,9.08,"32,462,240",9.14,9.6,9.06
09/26/2019,9.14,"26,593,310",9.23,9.23,9.07
09/25/2019,9.2,"20,555,600",9.1,9.23,9.09
09/24/2019,9.11,"33,167,700",9.19,9.225,9.05
09/23/2019,9.16,"23,591,820",9.13,9.23,9.08
09/20/2019,9.17,"38,117,100",9.13,9.3,9.11
09/19/2019,9.1,"29,133,990",9.31,9.3299,9.1
09/18/2019,9.25,"24,473,870",9.26,9.36,9.22
09/17/2019,9.28,"27,510,980",9.27,9.31,9.18
09/16/2019,9.3,"50,052,610",9.36,9.45,9.24
09/13/2019,9.45,"27,161,260",9.47,9.59,9.44
09/12/2019,9.41,"35,687,710",9.36,9.48,9.32
09/11/2019,9.42,"34,190,270",9.29,9.43,9.29
09/10/2019,9.42,"70,567,290",9.08,9.42,9.04
09/09/2019,9.54,"48,059,370",9.39,9.65,9.39
09/06/2019,9.34,"29,210,270",9.37,9.41,9.2
09/05/2019,9.34,"36,640,470",9.25,9.4,9.25
09/04/2019,9.2,"27,410,230",9.17,9.23,9.07
09/03/2019,9.1,"26,331,720",9.18,9.2,9.04
08/30/2019,9.17,"32,060,740",9.16,9.23,9.1
08/29/2019,9.12,"22,016,750",9.1,9.14,9.03
08/28/2019,9.0,"35,147,630",8.72,9.04,8.7
08/27/2019,8.76,"23,032,300",8.89,8.91,8.75
08/26/2019,8.82,"31,890,300",8.88,8.907,8.79
08/23/2019,8.77,"44,987,690",8.9,8.99,8.73
08/22/2019,9.04,"20,977,680",9.05,9.14,9.02
08/21/2019,9.04,"20,443,920",9.02,9.05,8.97
08/20/2019,8.96,"25,119,460",9.0,9.07,8.93
08/19/2019,9.03,"21,844,000",9.05,9.1,9.02
08/16/2019,8.96,"27,369,850",8.92,9.0,8.81
08/15/2019,8.86,"40,682,770",9.06,9.06,8.78
08/14/2019,9.0,"45,967,360",9.13,9.15,8.96
08/13/2019,9.26,"28,314,960",9.29,9.42,9.18
08/12/2019,9.29,"23,050,380",9.39,9.43,9.28
08/09/2019,9.45,"38,739,670",9.54,9.58,9.39
08/08/2019,9.56,"25,468,950",9.56,9.62,9.505
08/07/2019,9.53,"43,042,370",9.43,9.56,9.3201
08/06/2019,9.48,"51,856,100",9.42,9.51,9.36
08/05/2019,9.23,"47,963,450",9.18,9.27,9.06
08/02/2019,9.28,"41,495,160",9.26,9.34,9.21
08/01/2019,9.31,"58,060,750",9.53,9.59,9.28
07/31/2019,9.53,"56,715,510",9.57,9.58,9.4
07/30/2019,9.55,"36,944,660",9.56,9.58,9.48
07/29/2019,9.6,"36,487,760",9.6,9.68,9.52
07/26/2019,9.57,"47,710,170",9.58,9.65,9.51
07/25/2019,9.56,"133,898,600",9.75,9.78,9.4
07/24/2019,10.33,"61,107,450",10.18,10.35,10.14
07/23/2019,10.17,"74,624,840",10.13,10.22,10.06
07/22/2019,10.02,"36,238,650",10.13,10.17,10.0
07/19/2019,10.2,"38,505,640",10.3,10.32,10.2
07/18/2019,10.26,"25,828,860",10.3,10.31,10.18
07/17/2019,10.33,"25,204,390",10.48,10.5,10.31
07/16/2019,10.51,"29,530,490",10.37,10.51,10.285
07/15/2019,10.42,"33,753,510",10.49,10.56,10.34
07/12/2019,10.49,"40,761,560",10.24,10.5,10.24
07/11/2019,10.19,"27,667,550",10.15,10.2,10.11
07/10/2019,10.11,"29,082,150",10.19,10.26,10.11
07/09/2019,10.14,"25,140,620",10.17,10.19,10.1
07/08/2019,10.2,"23,244,150",10.2,10.26,10.18
07/05/2019,10.2,"21,397,920",10.18,10.27,10.09
07/03/2019,10.2,"19,326,620",10.18,10.3,10.13
07/02/2019,10.12,"29,715,480",10.15,10.21,10.04
07/01/2019,10.15,"38,537,010",10.34,10.43,10.07
06/28/2019,10.23,"37,555,290",10.2,10.31,10.2
06/27/2019,10.2,"42,954,590",10.04,10.24,10.0
06/26/2019,9.91,"33,739,050",9.87,9.959,9.82
06/25/2019,9.84,"28,682,020",9.97,9.99,9.83
06/24/2019,9.95,"28,091,230",9.95,10.02,9.93
06/21/2019,9.99,"47,904,040",10.03,10.05,9.91
06/20/2019,10.04,"32,086,470",10.13,10.15,9.95
06/19/2019,10.04,"29,051,260",10.15,10.18,10.03
06/18/2019,10.1,"32,591,680",10.08,10.2,10.0476
06/17/2019,10.05,"19,383,830",9.99,10.09,9.94
06/14/2019,9.98,"21,553,250",10.01,10.04,9.94
06/13/2019,10.06,"25,555,850",9.87,10.06,9.8
06/12/2019,9.85,"21,746,720",9.9,9.93,9.84
06/11/2019,9.92,"26,434,190",9.87,9.98,9.79
06/10/2019,9.82,"33,883,400",9.89,10.03,9.76
06/07/2019,9.76,"18,848,700",9.76,9.82,9.7
06/06/2019,9.75,"28,291,060",9.72,9.82,9.66
06/05/2019,9.78,"42,464,810",9.87,9.92,9.65
06/04/2019,9.92,"37,324,130",9.73,9.95,9.72
06/03/2019,9.61,"39,446,800",9.62,9.65,9.46
05/31/2019,9.52,"48,250,380",9.48,9.54,9.325
05/30/2019,9.74,"24,759,570",9.74,9.84,9.68
05/29/2019,9.71,"32,262,550",9.69,9.75,9.55
05/28/2019,9.78,"27,656,180",9.87,9.9,9.77
05/24/2019,9.83,"22,131,460",9.92,9.95,9.8
05/23/2019,9.85,"43,153,770",9.85,9.85,9.67
05/22/2019,9.97,"51,407,180",10.17,10.21,9.93
05/21/2019,10.24,"30,099,320",10.31,10.31,10.15
05/20/2019,10.28,"29,535,940",10.3,10.3,10.2
05/17/2019,10.29,"34,565,390",10.32,10.44,10.24
05/16/2019,10.4,"32,696,980",10.3,10.44,10.3
05/15/2019,10.36,"44,050,200",10.21,10.4,10.04
05/14/2019,10.24,"31,297,220",10.15,10.29,10.13
05/13/2019,10.08,"51,102,050",10.17,10.26,10.04
05/10/2019,10.38,"37,629,530",10.32,10.41,10.2
05/09/2019,10.2,"43,621,300",10.26,10.3,10.07
05/08/2019,10.34,"33,472,200",10.38,10.45,10.31
05/07/2019,10.38,"41,154,490",10.33,10.41,10.3
05/06/2019,10.37,"28,640,580",10.12,10.42,10.12
05/03/2019,10.41,"36,291,240",10.37,10.45,10.3
05/02/2019,10.34,"34,508,450",10.3,10.35,10.2
05/01/2019,10.3,"41,805,500",10.48,10.5,10.29
04/30/2019,10.45,"46,056,240",10.29,10.5,10.27
04/29/2019,10.32,"60,949,940",10.36,10.39,10.07
04/26/2019,10.41,"156,098,200",10.03,10.45,9.95
04/25/2019,9.4,"51,048,600",9.52,9.53,9.34
04/24/2019,9.57,"39,738,000",9.45,9.61,9.4
04/23/2019,9.5,"39,479,050",9.36,9.51,9.3
04/22/2019,9.5,"38,665,590",9.58,9.58,9.46
04/18/2019,9.55,"29,828,740",9.52,9.62,9.48
04/17/2019,9.5,"30,619,510",9.4,9.58,9.39
04/16/2019,9.36,"40,944,760",9.32,9.4,9.24
04/15/2019,9.33,"41,196,370",9.48,9.5,9.26
04/12/2019,9.45,"38,552,600",9.47,9.6,9.44
04/11/2019,9.39,"26,484,480",9.35,9.41,9.33
04/10/2019,9.33,"28,375,580",9.23,9.35,9.2
04/09/2019,9.21,"29,813,600",9.27,9.36,9.17
04/08/2019,9.3,"26,215,110",9.18,9.32,9.17
04/05/2019,9.25,"37,416,990",9.17,9.27,9.08
04/04/2019,9.24,"39,467,110",9.21,9.3,9.18
04/03/2019,9.13,"56,221,490",9.07,9.27,9.06
04/02/2019,9.01,"30,629,430",8.95,9.03,8.91
04/01/2019,8.98,"45,181,440",8.86,9.0,8.86
03/29/2019,8.78,"33,952,360",8.8,8.89,8.71
03/28/2019,8.77,"38,714,430",8.65,8.83,8.64
03/27/2019,8.62,"39,449,740",8.75,8.86,8.62
03/26/2019,8.76,"47,688,290",8.54,8.76,8.54
03/25/2019,8.51,"45,772,800",8.56,8.65,8.47
03/22/2019,8.54,"41,611,650",8.63,8.67,8.52
03/21/2019,8.69,"44,689,840",8.5,8.69,8.49
03/20/2019,8.51,"54,509,730",8.67,8.67,8.48
03/19/2019,8.7,"57,190,820",8.61,8.87,8.61
03/18/2019,8.57,"35,324,290",8.45,8.57,8.42
03/15/2019,8.43,"66,481,250",8.42,8.47,8.37
03/14/2019,8.41,"36,279,810",8.52,8.55,8.4
03/13/2019,8.53,"48,238,150",8.59,8.65,8.5
03/12/2019,8.57,"37,051,290",8.65,8.7,8.55
03/11/2019,8.61,"36,871,550",8.46,8.63,8.45
03/08/2019,8.42,"43,755,280",8.4,8.47,8.34
03/07/2019,8.48,"53,014,220",8.56,8.57,8.345
03/06/2019,8.58,"50,355,970",8.75,8.78,8.56
03/05/2019,8.77,"39,348,070",8.8,8.81,8.7
03/04/2019,8.81,"46,184,390",8.83,8.97,8.76
03/01/2019,8.79,"37,677,900",8.85,8.89,8.71
02/28/2019,8.77,"43,089,720",8.77,8.79,8.6
02/27/2019,8.78,"34,078,120",8.83,8.91,8.78
02/26/2019,8.88,"38,347,020",8.75,8.94,8.72
02/25/2019,8.76,"56,445,150",8.77,8.85,8.75
02/22/2019,8.71,"40,938,440",8.73,8.75,8.56
02/21/2019,8.71,"44,635,240",8.94,8.955,8.7
02/20/2019,8.94,"40,167,010",8.83,8.98,8.82
02/19/2019,8.83,"37,921,810",8.53,8.845,8.53
02/15/2019,8.54,"57,978,560",8.49,8.56,8.41
02/14/2019,8.42,"23,482,620",8.38,8.47,8.32
02/13/2019,8.41,"27,171,650",8.45,8.66,8.39
02/12/2019,8.46,"26,183,010",8.38,8.47,8.38
02/11/2019,8.33,"27,388,930",8.41,8.44,8.29
02/08/2019,8.39,"38,633,960",8.29,8.41,8.16
02/07/2019,8.31,"55,091,650",8.62,8.62,8.29
02/06/2019,8.72,"32,632,530",8.79,8.9,8.68
02/05/2019,8.75,"26,131,720",8.68,8.76,8.65
02/04/2019,8.7,"28,797,520",8.7,8.7,8.59
02/01/2019,8.72,"34,112,600",8.77,8.81,8.62
01/31/2019,8.8,"39,377,900",8.62,8.82,8.6
01/30/2019,8.71,"29,889,070",8.665,8.72,8.52
01/29/2019,8.76,"30,445,960",8.71,8.79,8.62
01/28/2019,8.66,"41,966,490",8.8,8.8,8.58
01/25/2019,8.86,"53,096,760",8.74,8.96,8.73
01/24/2019,8.6,"79,325,400",8.32,8.68,8.22
01/23/2019,8.34,"44,450,090",8.54,8.54,8.28
01/22/2019,8.5,"47,032,010",8.54,8.605,8.46
01/18/2019,8.58,"49,290,140",8.39,8.6,8.33
01/17/2019,8.36,"56,705,980",8.27,8.44,8.21
01/16/2019,8.29,"73,798,670",8.68,8.77,8.26
01/15/2019,8.84,"65,291,780",9.02,9.03,8.75
01/14/2019,8.99,"44,104,780",8.8,9.06,8.76
01/11/2019,8.82,"41,556,930",8.77,8.93,8.7
01/10/2019,8.67,"39,471,910",8.71,8.77,8.45
01/09/2019,8.72,"48,385,210",8.45,8.77,8.36
01/08/2019,8.37,"45,579,770",8.42,8.54,8.35
01/07/2019,8.29,"40,148,300",8.11,8.365,8.025
01/04/2019,8.08,"43,029,840",7.91,8.12,7.85
01/03/2019,7.78,"38,411,160",7.97,7.99,7.78
01/02/2019,7.9,"47,386,820",7.53,8.02,7.48
12/31/2018,7.65,"57,805,490",7.85,7.86,7.5
12/28/2018,7.81,"47,298,570",7.83,8.04,7.76
12/27/2018,7.85,"49,787,750",7.82,7.85,7.53
12/26/2018,7.85,"58,655,960",7.73,7.86,7.41
12/24/2018,7.63,"38,709,510",8.01,8.01,7.61
12/21/2018,8.05,"57,503,190",8.22,8.4,8.04
12/20/2018,8.26,"58,031,970",8.33,8.417,8.18
12/19/2018,8.32,"75,213,080",8.46,8.65,8.27
12/18/2018,8.47,"38,199,060",8.55,8.68,8.41
12/17/2018,8.5,"44,457,140",8.48,8.72,8.41
12/14/2018,8.52,"35,433,230",8.52,8.68,8.46
12/13/2018,8.5,"31,606,460",8.67,8.7,8.455
12/12/2018,8.64,"40,528,540",8.64,8.73,8.59
12/11/2018,8.54,"39,105,860",8.72,8.8,8.5
12/10/2018,8.52,"56,473,160",8.83,8.85,8.38
12/07/2018,8.82,"42,214,590",9.02,9.13,8.8
12/06/2018,9.02,"53,769,740",9.12,9.12,8.92
12/04/2018,9.18,"57,502,950",9.55,9.6,9.18
12/03/2018,9.6,"64,525,800",9.71,9.85,9.6
11/30/2018,9.41,"36,260,470",9.37,9.48,9.36
11/29/2018,9.37,"27,546,190",9.37,9.44,9.26
11/28/2018,9.41,"32,209,640",9.27,9.44,9.17
11/27/2018,9.28,"34,277,610",9.37,9.43,9.25
11/26/2018,9.4,"46,081,980",9.23,9.53,9.17
11/23/2018,9.13,"13,520,850",9.07,9.22,9.03
11/21/2018,9.11,"25,879,520",9.05,9.2,8.98
11/20/2018,9.06,"35,153,950",9.1,9.22,9.01
11/19/2018,9.25,"56,208,890",9.02,9.36,8.96
11/16/2018,9.05,"54,382,490",9.28,9.31,8.98
11/15/2018,9.31,"57,139,150",9.5,9.53,9.12
11/14/2018,9.54,"39,552,420",9.63,9.6658,9.43
11/13/2018,9.54,"33,088,120",9.53,9.67,9.47
11/12/2018,9.49,"36,310,030",9.38,9.58,9.37
11/09/2018,9.38,"52,199,130",9.38,9.8,9.27
11/08/2018,9.46,"55,793,290",9.58,9.65,9.44
11/07/2018,9.6,"37,344,690",9.6,9.6,9.45
11/06/2018,9.54,"40,924,250",9.46,9.57,9.41
11/05/2018,9.53,"41,263,580",9.38,9.57,9.35
11/02/2018,9.38,"48,418,570",9.36,9.45,9.26
11/01/2018,9.29,"59,763,530",9.54,9.55,9.26
10/31/2018,9.55,"68,442,730",9.62,9.67,9.43
10/30/2018,9.46,"58,036,350",9.31,9.56,9.27
10/29/2018,9.28,"92,135,050",9.36,9.59,9.17
10/26/2018,8.98,"100,632,200",8.96,9.06,8.86
10/25/2018,8.99,"90,358,420",8.52,9.0,8.46
10/24/2018,8.18,"58,314,690",8.5,8.595,8.17
10/23/2018,8.59,"55,372,340",8.3,8.64,8.23
10/22/2018,8.41,"39,788,980",8.38,8.45,8.27
10/19/2018,8.5,"59,799,890",8.32,8.525,8.19
10/18/2018,8.51,"59,619,140",8.74,8.76,8.5
10/17/2018,8.76,"48,727,560",8.8,8.86,8.64
10/16/2018,8.8,"36,753,930",8.87,8.89,8.73
10/15/2018,8.81,"40,134,510",8.67,8.85,8.66
10/12/2018,8.64,"59,269,430",8.95,8.95,8.55
10/11/2018,8.81,"66,113,940",8.82,8.99,8.76
10/10/2018,8.82,"53,887,840",8.95,8.98,8.81
10/09/2018,8.95,"58,254,390",9.23,9.31,8.95
10/08/2018,9.26,"43,558,200",9.1,9.28,9.09
10/05/2018,9.12,"36,922,070",9.15,9.22,9.1
10/04/2018,9.15,"38,883,860",9.13,9.22,9.09
10/03/2018,9.13,"46,980,400",9.27,9.31,9.13
10/02/2018,9.2,"41,796,960",9.27,9.34,9.18
10/01/2018,9.32,"44,819,940",9.43,9.44,9.3
09/28/2018,9.25,"30,982,780",9.22,9.28,9.09
09/27/2018,9.23,"38,385,020",9.3,9.33,9.2
09/26/2018,9.27,"58,539,430",9.38,9.41,9.27
09/25/2018,9.39,"43,011,250",9.53,9.56,9.37
09/24/2018,9.59,"43,118,320",9.78,9.85,9.52
09/21/2018,9.85,"73,993,540",9.84,9.94,9.78
09/20/2018,9.81,"45,487,050",9.83,9.93,9.71
09/19/2018,9.78,"40,086,250",9.61,9.83,9.61
09/18/2018,9.58,"57,052,770",9.54,9.61,9.48
09/17/2018,9.55,"29,520,840",9.435,9.595,9.43
09/14/2018,9.45,"29,892,320",9.38,9.48,9.36
09/13/2018,9.37,"29,223,630",9.38,9.41,9.31
09/12/2018,9.34,"25,426,050",9.31,9.42,9.28
09/11/2018,9.31,"27,138,750",9.35,9.36,9.22
09/10/2018,9.38,"30,411,740",9.31,9.49,9.3
09/07/2018,9.27,"51,215,670",9.41,9.49,9.25
09/06/2018,9.43,"29,509,790",9.48,9.55,9.4
09/05/2018,9.49,"44,524,660",9.47,9.55,9.32
09/04/2018,9.47,"54,092,090",9.53,9.58,9.36
08/31/2018,9.48,"76,368,370",9.64,9.68,9.4
08/30/2018,9.7,"48,494,340",9.87,9.915,9.67
08/29/2018,9.97,"37,237,190",10.01,10.02,9.9
08/28/2018,10.01,"33,836,090",10.08,10.09,9.95
08/27/2018,9.99,"49,507,320",9.75,10.04,9.73
08/24/2018,9.68,"18,367,690",9.65,9.7,9.61
08/23/2018,9.63,"31,502,980",9.67,9.69,9.58
08/22/2018,9.69,"30,774,730",9.79,9.82,9.68
08/21/2018,9.86,"46,308,250",9.77,9.9,9.69
08/20/2018,9.72,"25,064,490",9.56,9.74,9.56
08/17/2018,9.55,"32,711,910",9.53,9.6,9.46
08/16/2018,9.51,"28,834,000",9.5,9.6,9.49
08/15/2018,9.45,"36,277,570",9.46,9.5,9.35
08/14/2018,9.5,"37,616,350",9.51,9.615,9.45
08/13/2018,9.46,"66,541,760",9.74,9.75,9.42
08/10/2018,9.74,"39,158,110",9.91,9.91,9.72
08/09/2018,9.91,"35,538,120",10.06,10.07,9.9
08/08/2018,10.05,"22,598,500",10.05,10.1,10.04
08/07/2018,10.08,"27,958,790",10.04,10.1,10.02
08/06/2018,10.03,"21,770,340",10.0,10.05,9.97
08/03/2018,10.04,"25,920,560",9.93,10.06,9.93
08/02/2018,9.92,"40,311,130",9.9,9.98,9.84
08/01/2018,9.9,"44,112,160",10.06,10.0785,9.82
07/31/2018,10.04,"38,006,800",10.11,10.11,10.0
07/30/2018,10.07,"35,709,860",9.96,10.1,9.93
07/27/2018,9.93,"46,158,880",9.96,10.05,9.91
07/26/2018,9.89,"103,791,900",10.14,10.16,9.84
07/25/2018,10.52,"92,296,350",10.32,10.57,10.12
07/24/2018,10.57,"47,232,250",10.51,10.74,10.5
07/23/2018,10.47,"34,917,470",10.56,10.57,10.42
07/20/2018,10.56,"41,500,610",10.68,10.72,10.51
07/19/2018,10.82,"40,273,190",10.89,10.9,10.77
07/18/2018,10.87,"36,331,850",10.85,10.895,10.81
07/17/2018,10.86,"37,518,590",10.8,10.9,10.8
07/16/2018,10.85,"46,126,270",10.95,10.97,10.76
07/13/2018,10.98,"36,552,840",11.02,11.05,10.91
07/12/2018,11.05,"26,405,170",11.1,11.14,11.0
07/11/2018,11.07,"30,013,200",11.15,11.17,11.05
07/10/2018,11.25,"21,151,770",11.2,11.26,11.17
07/09/2018,11.2,"23,880,680",11.1,11.26,11.03
07/06/2018,11.06,"25,644,930",11.04,11.1,10.92
07/05/2018,11.05,"30,117,040",11.1,11.14,11.02
07/03/2018,10.99,"16,544,780",11.1,11.15,10.94
07/02/2018,11.1,"37,874,690",11.02,11.105,10.91
06/29/2018,11.07,"44,111,360",11.32,11.37,11.03
06/28/2018,11.28,"43,812,030",11.37,11.4,11.15
06/27/2018,11.42,"27,236,390",11.54,11.64,11.4
06/26/2018,11.52,"36,626,980",11.56,11.63,11.49
06/25/2018,11.5,"35,958,450",11.63,11.67,11.38
06/22/2018,11.65,"37,438,910",11.75,11.87,11.62
06/21/2018,11.71,"33,262,610",11.8,11.8299,11.64
06/20/2018,11.87,"31,944,640",11.97,12.05,11.83
06/19/2018,11.89,"40,026,070",11.82,11.89,11.67
06/18/2018,11.99,"32,646,400",11.82,12.04,11.81
06/15/2018,11.88,"56,297,520",11.84,12.03,11.8
06/14/2018,11.89,"34,277,770",12.0,12.01,11.84
06/13/2018,12.02,"27,253,040",12.1,12.1,11.96
06/12/2018,12.11,"51,226,950",12.07,12.15,12.03
06/11/2018,12.03,"30,237,990",12.1,12.15,12.02
06/08/2018,12.1,"27,199,940",12.04,12.12,12.0
06/07/2018,12.03,"46,852,190",11.97,12.15,11.96
06/06/2018,11.97,"30,955,790",11.87,12.0,11.82
06/05/2018,11.83,"31,021,230",11.74,11.8675,11.68
06/04/2018,11.74,"25,138,140",11.74,11.785,11.69
06/01/2018,11.71,"35,397,650",11.67,11.77,11.61
05/31/2018,11.55,"61,464,420",11.65,11.735,11.36
05/30/2018,11.55,"25,526,390",11.53,11.61,11.47
05/29/2018,11.44,"31,315,610",11.6,11.62,11.36
05/25/2018,11.51,"19,292,540",11.56,11.605,11.47
05/24/2018,11.62,"33,556,510",11.45,11.65,11.44
05/23/2018,11.44,"23,512,660",11.5,11.55,11.33
05/22/2018,11.52,"22,359,610",11.58,11.635,11.51
05/21/2018,11.51,"30,790,380",11.42,11.55,11.39
05/18/2018,11.33,"22,580,200",11.44,11.47,11.3
05/17/2018,11.46,"20,685,380",11.4,11.48,11.38
05/16/2018,11.4,"26,451,190",11.21,11.4,11.2
05/15/2018,11.22,"26,945,550",11.1,11.25,11.06
05/14/2018,11.18,"26,749,930",11.23,11.29,11.17
05/11/2018,11.19,"19,780,570",11.22,11.245,11.16
05/10/2018,11.21,"32,004,680",11.04,11.25,11.02
05/09/2018,11.06,"43,552,490",11.21,11.28,11.02
05/08/2018,11.27,"25,455,470",11.32,11.37,11.235
05/07/2018,11.34,"27,497,440",11.36,11.44,11.31
05/04/2018,11.36,"32,041,260",11.16,11.41,11.09
05/03/2018,11.2,"38,861,270",11.17,11.21,10.97
05/02/2018,11.21,"41,033,070",11.26,11.265,11.12
05/01/2018,11.26,"61,420,850",11.25,11.35,11.1
04/30/2018,11.24,"65,995,650",11.53,11.725,11.22
04/27/2018,11.49,"33,312,840",11.4,11.56,11.38
04/26/2018,11.43,"80,586,250",11.42,11.53,11.29
04/25/2018,11.11,"39,022,690",10.96,11.16,10.87
04/24/2018,10.96,"39,568,400",11.05,11.17,10.93
04/23/2018,11.04,"31,619,290",10.84,11.04,10.83
04/20/2018,10.82,"44,900,590",11.01,11.03,10.78
04/19/2018,10.96,"49,102,280",11.18,11.2494,10.85
04/18/2018,11.33,"46,205,110",11.38,11.48,11.3
04/17/2018,11.38,"30,435,640",11.43,11.45,11.3
04/16/2018,11.38,"32,751,620",11.36,11.45,11.27
04/13/2018,11.28,"34,563,260",11.35,11.39,11.23
04/12/2018,11.31,"46,981,710",11.5,11.54,11.25
04/11/2018,11.43,"31,997,050",11.38,11.49,11.3
04/10/2018,11.45,"43,306,240",11.44,11.55,11.41
04/09/2018,11.25,"36,453,530",11.25,11.38,11.2
04/06/2018,11.18,"31,567,950",11.28,11.35,11.07
04/05/2018,11.35,"28,349,340",11.34,11.38,11.23
04/04/2018,11.33,"44,826,830",10.87,11.36,10.8
04/03/2018,11.15,"42,512,830",11.01,11.18,10.9
04/02/2018,10.86,"43,186,360",11.06,11.09,10.7
03/29/2018,11.08,"39,721,230",10.93,11.13,10.915
03/28/2018,10.86,"42,204,470",10.83,10.95,10.73
03/27/2018,10.83,"40,481,150",10.85,10.92,10.72
03/26/2018,10.83,"52,218,030",10.74,10.87,10.68
03/23/2018,10.56,"39,942,800",10.79,10.85,10.51
03/22/2018,10.75,"50,931,740",11.0,11.06,10.73
03/21/2018,11.1,"38,416,920",11.0,11.185,10.93
03/20/2018,10.99,"45,506,190",11.05,11.13,10.97
03/19/2018,11.01,"55,009,360",11.15,11.17,10.87
03/16/2018,11.15,"78,597,300",11.12,11.22,11.06
03/15/2018,11.07,"47,503,990",11.05,11.25,10.95
03/14/2018,11.02,"91,910,270",11.25,11.44,11.01
03/13/2018,10.78,"43,173,900",10.84,10.98,10.73
03/12/2018,10.81,"32,854,260",10.69,10.85,10.68
03/09/2018,10.73,"26,680,690",10.63,10.73,10.57
03/08/2018,10.61,"27,608,640",10.65,10.68,10.48
03/07/2018,10.63,"29,917,430",10.51,10.64,10.43
03/06/2018,10.63,"30,534,420",10.65,10.68,10.47
03/05/2018,10.58,"43,954,310",10.31,10.63,10.3
03/02/2018,10.4,"60,403,350",10.24,10.42,10.14
03/01/2018,10.29,"75,777,350",10.65,10.69,10.2
02/28/2018,10.61,"41,290,790",10.68,10.79,10.57
02/27/2018,10.61,"43,383,440",10.93,10.99,10.6
02/26/2018,10.89,"27,093,580",10.74,10.95,10.7
02/23/2018,10.7,"21,774,180",10.67,10.71,10.62
02/22/2018,10.63,"25,385,420",10.6,10.73,10.56
02/21/2018,10.6,"36,016,440",10.65,10.75,10.59
02/20/2018,10.63,"27,578,700",10.58,10.67,10.55
02/16/2018,10.61,"41,033,820",10.7,10.82,10.52
02/15/2018,10.76,"28,200,780",10.8,10.8,10.64
02/14/2018,10.74,"27,783,860",10.55,10.75,10.5
02/13/2018,10.59,"36,806,510",10.63,10.69,10.53
02/12/2018,10.7,"48,990,120",10.67,10.82,10.5436
02/09/2018,10.53,"71,971,730",10.57,10.64,10.24
02/08/2018,10.43,"73,934,190",10.79,10.86,10.42
02/07/2018,10.76,"68,021,410",10.75,11.04,10.7
02/06/2018,10.76,"139,857,700",10.27,10.79,10.19
02/05/2018,10.24,"96,362,170",10.78,10.8,10.24
02/02/2018,10.71,"72,258,140",10.88,10.88,10.62
02/01/2018,10.92,"41,331,940",10.95,11.0,10.85
01/31/2018,10.97,"57,586,060",11.09,11.115,10.9
01/30/2018,11.06,"52,050,920",11.09,11.23,11.05
01/29/2018,11.12,"55,045,440",11.42,11.47,11.11
01/26/2018,11.65,"52,394,530",11.59,11.7,11.5
01/25/2018,11.57,"114,687,000",11.93,11.93,11.44
01/24/2018,12.05,"64,036,680",12.0,12.09,11.92
01/23/2018,11.96,"51,772,850",12.03,12.03,11.9
01/22/2018,12.02,"52,683,950",12.02,12.08,11.9
01/19/2018,12.0,"51,160,080",12.12,12.12,11.91
01/18/2018,12.07,"66,421,450",12.18,12.2,12.02
01/17/2018,12.18,"132,363,400",12.58,12.58,12.1
01/16/2018,13.1,"53,719,390",13.31,13.48,13.01
01/12/2018,13.23,"56,970,630",13.1,13.29,13.1
01/11/2018,13.16,"28,336,900",13.02,13.2,13.0
01/10/2018,13.03,"56,502,150",13.06,13.139,12.96
01/09/2018,13.08,"27,919,320",13.18,13.22,13.08
01/08/2018,13.15,"33,230,680",13.21,13.22,13.11
01/05/2018,13.2,"46,121,120",13.06,13.22,13.04
01/04/2018,12.98,"37,473,130",12.78,13.04,12.77
01/03/2018,12.76,"29,764,150",12.68,12.8,12.67
01/02/2018,12.66,"20,761,970",12.52,12.66,12.5
12/29/2017,12.49,"18,334,110",12.58,12.61,12.49
12/28/2017,12.58,"14,715,230",12.48,12.58,12.47
12/27/2017,12.5,"16,998,030",12.57,12.58,12.45
12/26/2017,12.6,"11,425,540",12.57,12.65,12.55
12/22/2017,12.58,"17,872,090",12.66,12.66,12.56
12/21/2017,12.63,"20,967,490",12.74,12.77,12.63
12/20/2017,12.72,"18,984,770",12.72,12.75,12.65
12/19/2017,12.69,"22,365,420",12.71,12.78,12.66
12/18/2017,12.66,"25,019,630",12.66,12.75,12.61
12/15/2017,12.58,"48,643,670",12.51,12.66,12.5
12/14/2017,12.46,"36,675,920",12.65,12.69,12.41
12/13/2017,12.63,"31,855,330",12.61,12.725,12.59
12/12/2017,12.6,"53,186,550",12.56,12.635,12.51
12/11/2017,12.58,"42,643,720",12.6,12.63,12.51
12/08/2017,12.61,"21,377,590",12.53,12.61,12.43
12/07/2017,12.53,"25,409,630",12.395,12.59,12.33
12/06/2017,12.38,"26,868,620",12.4,12.43,12.28
12/05/2017,12.43,"45,467,200",12.61,12.62,12.4
12/04/2017,12.63,"39,426,620",12.65,12.81,12.59
12/01/2017,12.58,"52,444,220",12.62,12.7,12.35
11/30/2017,12.52,"47,030,590",12.53,12.65,12.42
11/29/2017,12.56,"64,782,030",12.24,12.57,12.23
11/28/2017,12.21,"33,194,270",12.15,12.24,12.08
11/27/2017,12.11,"28,520,160",12.09,12.19,12.06
11/24/2017,12.1,"9,549,629",12.1,12.15,12.03
11/22/2017,12.07,"36,179,180",12.11,12.15,12.05
11/21/2017,12.12,"28,448,460",12.14,12.225,12.12
11/20/2017,12.13,"32,289,180",12.03,12.15,12.02
11/17/2017,12.01,"31,095,460",12.02,12.06,11.985
11/16/2017,12.04,"28,239,950",12.0,12.05,11.93
11/15/2017,12.0,"28,368,910",11.97,12.03,11.87
11/14/2017,12.02,"25,874,300",12.1,12.16,11.99
11/13/2017,12.16,"30,414,130",12.01,12.22,11.97
11/10/2017,12.01,"35,287,550",12.0,12.09,11.98
11/09/2017,12.04,"26,247,030",12.01,12.05,11.93
11/08/2017,12.06,"34,118,340",12.14,12.16,12.01
11/07/2017,12.16,"41,526,710",12.35,12.38,12.11
11/06/2017,12.33,"20,173,140",12.36,12.43,12.3
11/03/2017,12.36,"33,180,990",12.41,12.46,12.32
11/02/2017,12.42,"40,920,110",12.33,12.43,12.26
11/01/2017,12.35,"43,445,940",12.4,12.47,12.2752
10/31/2017,12.27,"41,975,420",12.15,12.3,12.129
10/30/2017,12.1,"36,399,390",12.01,12.15,11.95
10/27/2017,12.06,"33,904,990",12.23,12.24,12.0101
10/26/2017,12.27,"48,940,260",12.2,12.34,12.06
10/25/2017,12.04,"47,638,020",12.15,12.15,11.97
10/24/2017,12.19,"34,124,010",12.11,12.26,12.0909
10/23/2017,12.04,"21,479,060",12.11,12.19,12.04
10/20/2017,12.1,"28,166,170",12.12,12.14,12.0
10/19/2017,12.23,"29,641,850",12.14,12.25,12.05
10/18/2017,12.19,"30,695,500",12.28,12.35,12.17
10/17/2017,12.27,"55,210,520",12.13,12.31,12.12
10/16/2017,12.12,"32,344,380",11.99,12.15,11.96
10/13/2017,12.05,"44,569,070",12.06,12.17,11.87
10/12/2017,12.12,"46,120,360",12.3,12.32,12.11
10/11/2017,12.38,"34,723,730",12.38,12.43,12.31
10/10/2017,12.39,"40,580,350",12.34,12.42,12.25
10/09/2017,12.34,"28,921,420",12.33,12.41,12.25
10/06/2017,12.31,"35,021,100",12.2,12.33,12.1925
10/05/2017,12.25,"48,135,740",12.34,12.36,12.15
10/04/2017,12.3,"52,849,720",12.33,12.46,12.28
10/03/2017,12.34,"65,603,080",12.32,12.43,12.22
10/02/2017,12.09,"35,996,000",12.0,12.09,11.97
09/29/2017,11.97,"31,175,580",11.97,12.02,11.92
09/28/2017,11.96,"22,665,140",11.95,11.99,11.9
09/27/2017,11.95,"27,811,530",11.98,12.02,11.86
09/26/2017,11.93,"30,627,220",11.95,12.0,11.9
09/25/2017,11.94,"40,762,930",11.88,12.06,11.84
09/22/2017,11.84,"30,193,330",11.74,11.87,11.72
09/21/2017,11.72,"40,262,740",11.71,11.82,11.69
09/20/2017,11.71,"26,234,940",11.68,11.795,11.635
09/19/2017,11.72,"26,315,680",11.63,11.74,11.62
09/18/2017,11.63,"24,903,320",11.63,11.73,11.595
09/15/2017,11.62,"30,400,610",11.54,11.63,11.49
09/14/2017,11.56,"31,616,610",11.6,11.68,11.48
09/13/2017,11.62,"23,185,840",11.6,11.63,11.52
09/12/2017,11.59,"41,324,190",11.43,11.67,11.39
09/11/2017,11.41,"43,312,800",11.4,11.45,11.38
09/08/2017,11.36,"26,561,350",11.34,11.39,11.29
09/07/2017,11.4,"30,260,630",11.52,11.52,11.33
09/06/2017,11.5,"43,267,990",11.39,11.53,11.389
09/05/2017,11.36,"44,137,930",11.36,11.39,11.24
09/01/2017,11.35,"64,383,950",11.18,11.43,11.14
08/31/2017,11.03,"54,073,940",10.97,11.2,10.95
08/30/2017,10.94,"23,527,450",10.82,10.94,10.77
08/29/2017,10.84,"29,769,490",10.75,10.89,10.73
08/28/2017,10.79,"22,233,820",10.86,10.88,10.73
08/25/2017,10.82,"35,784,530",10.77,10.88,10.76
08/24/2017,10.71,"33,553,070",10.75,10.8,10.69
08/23/2017,10.71,"35,397,200",10.61,10.78,10.59
08/22/2017,10.65,"28,614,200",10.61,10.73,10.61
08/21/2017,10.57,"30,110,430",10.53,10.655,10.52
08/18/2017,10.56,"43,987,170",10.62,10.63,10.47
08/17/2017,10.64,"35,244,490",10.79,10.8,10.6
08/16/2017,10.8,"28,284,200",10.86,10.9,10.78
08/15/2017,10.84,"29,219,730",10.92,11.0,10.835
08/14/2017,10.91,"26,393,050",10.82,10.95,10.79
08/11/2017,10.77,"32,297,050",10.79,10.84,10.76
08/10/2017,10.77,"31,861,210",10.88,10.91,10.77
08/09/2017,10.92,"32,137,100",10.88,10.95,10.83
08/08/2017,10.89,"26,086,100",10.95,11.0,10.88
08/07/2017,10.92,"35,010,930",10.94,10.98,10.9
08/04/2017,10.95,"29,258,640",10.9,10.99,10.78
08/03/2017,10.93,"20,298,210",11.01,11.05,10.92
08/02/2017,11.0,"30,864,360",10.98,11.025,10.93
08/01/2017,10.95,"65,067,100",11.11,11.15,10.87
07/31/2017,11.22,"39,537,500",11.16,11.23,11.125
07/28/2017,11.17,"24,531,000",11.15,11.22,11.06
07/27/2017,11.18,"37,982,170",11.08,11.2,11.03
07/26/2017,11.06,"72,186,770",11.14,11.16,10.95
07/25/2017,11.27,"52,793,530",11.3,11.375,11.22
07/24/2017,11.29,"48,097,900",11.51,11.55,11.27
07/21/2017,11.53,"27,623,560",11.59,11.62,11.46
07/20/2017,11.7,"29,913,330",11.69,11.78,11.66
07/19/2017,11.83,"26,207,730",11.76,11.83,11.74
07/18/2017,11.75,"24,622,830",11.72,11.75,11.67
07/17/2017,11.74,"24,381,940",11.71,11.75,11.65
07/14/2017,11.68,"39,790,700",11.645,11.73,11.6
07/13/2017,11.6,"33,635,130",11.46,11.69,11.45
07/12/2017,11.47,"33,084,480",11.41,11.62,11.4
07/11/2017,11.38,"25,909,030",11.31,11.43,11.3
07/10/2017,11.34,"18,869,010",11.24,11.35,11.23
07/07/2017,11.26,"20,521,260",11.21,11.28,11.16
07/06/2017,11.18,"31,932,980",11.29,11.36,11.17
07/05/2017,11.3,"39,399,520",11.51,11.56,11.26
07/03/2017,11.56,"43,949,590",11.36,11.685,11.25
06/30/2017,11.19,"41,068,960",11.18,11.28,11.16
06/29/2017,11.17,"32,913,660",11.13,11.2,11.07
06/28/2017,11.09,"31,813,810",11.11,11.17,11.07
06/27/2017,11.08,"28,475,040",11.17,11.2,11.06
06/26/2017,11.18,"31,312,600",11.06,11.2,11.055
06/23/2017,11.04,"45,188,680",11.1,11.13,11.0
06/22/2017,11.13,"26,966,120",11.02,11.18,11.0
06/21/2017,11.04,"36,991,430",11.15,11.15,11.0
06/20/2017,11.12,"31,860,540",11.21,11.22,11.09
06/19/2017,11.24,"30,510,950",11.2,11.28,11.18
06/16/2017,11.22,"51,459,360",11.24,11.24,11.07
06/15/2017,11.24,"28,426,060",11.15,11.29,11.14
06/14/2017,11.22,"44,359,600",11.28,11.29,11.06
06/13/2017,11.27,"29,887,170",11.315,11.35,11.15
06/12/2017,11.28,"38,471,080",11.13,11.36,11.13
06/09/2017,11.13,"30,273,280",11.09,11.15,11.01
06/08/2017,11.1,"40,688,970",10.94,11.1,10.91
06/07/2017,11.07,"37,341,980",11.16,11.19,11.02
06/06/2017,11.12,"44,538,510",11.19,11.2,11.05
06/05/2017,11.25,"42,495,830",11.36,11.36,11.225
06/02/2017,11.35,"45,919,400",11.42,11.43,11.24
06/01/2017,11.41,"76,684,650",11.25,11.54,11.1
05/31/2017,11.12,"36,448,870",11.12,11.13,11.0
05/30/2017,11.08,"36,035,310",11.0,11.12,10.99
05/26/2017,10.93,"28,163,580",10.85,10.945,10.81
05/25/2017,10.86,"46,214,250",10.96,10.97,10.76
05/24/2017,10.96,"46,686,840",11.06,11.06,10.87
05/23/2017,11.05,"40,802,880",11.16,11.165,10.97
05/22/2017,11.1,"73,197,740",11.11,11.13,10.98
