date,close,volume,open,high,low
05/15/2026,87.18,"1,458,793",86.38,88.43,84.56
05/14/2026,84.97,"1,405,737",85.67,86.44,83.54
05/13/2026,85.38,"2,652,408",84.73,85.58,81.08
05/12/2026,87.03,"1,286,695",88.54,89.38,86.425
05/11/2026,88.08,"2,060,042",91.41,92.59,87.15
05/08/2026,91.02,"2,120,792",88.26,91.22,85.93
05/07/2026,89.75,"2,636,332",86.3,90.87,85.92
05/06/2026,85.2,"1,707,427",86.54,87.75,84.8128
05/05/2026,87.49,"1,892,030",87.28,87.81,84.1701
05/04/2026,88.28,"1,765,483",87.04,90.0,87.04
05/01/2026,86.76,"4,017,835",93.99,93.99,83.26
04/30/2026,86.79,"4,097,971",85.49,87.06,84.0
04/29/2026,85.76,"3,053,125",85.21,86.36,84.19
04/28/2026,85.3,"2,392,493",85.48,87.26,84.835
04/27/2026,84.36,"1,556,649",85.59,86.72,84.34
04/24/2026,86.04,"2,171,648",85.19,86.09,82.7
04/23/2026,84.77,"1,722,233",86.3,86.51,82.58
04/22/2026,88.4,"1,502,545",88.8,89.35,86.53
04/21/2026,88.6,"1,686,056",87.76,89.15,86.605
04/20/2026,87.61,"1,421,001",84.98,87.76,84.98
04/17/2026,85.72,"2,461,537",84.85,86.225,84.0
04/16/2026,84.26,"2,143,499",83.41,85.58,83.0072
04/15/2026,82.33,"1,836,399",79.71,82.81,79.57
04/14/2026,79.32,"2,635,158",82.1,83.65,78.325
04/13/2026,81.95,"2,410,221",79.62,82.09,79.145
04/10/2026,79.29,"1,967,638",80.74,81.17,78.38
04/09/2026,80.94,"1,854,288",81.16,81.58,78.22
04/08/2026,80.82,"1,504,048",84.46,84.7011,80.7
04/07/2026,83.28,"1,561,259",82.47,84.72,82.1
04/06/2026,82.82,"1,252,329",82.61,83.12,81.65
04/02/2026,81.67,"2,075,984",80.91,84.39,79.81
04/01/2026,80.76,"2,061,421",82.12,82.565,79.52
03/31/2026,82.67,"1,385,494",82.96,83.415,81.29
03/30/2026,81.74,"1,871,764",80.62,82.155,80.11
03/27/2026,79.97,"1,562,135",80.89,81.0697,78.57
03/26/2026,81.73,"1,821,649",81.3,84.0,81.09
03/25/2026,81.58,"1,728,267",81.59,82.56,78.57
03/24/2026,80.31,"2,742,878",82.93,83.42,79.54
03/23/2026,84.13,"2,034,504",85.99,86.63,83.68
03/20/2026,84.89,"5,604,851",82.9,84.92,81.68
03/19/2026,83.66,"2,233,619",84.39,86.815,82.8
03/18/2026,84.13,"1,742,951",84.19,85.95,83.28
03/17/2026,85.08,"1,838,728",82.29,85.32,82.07
03/16/2026,82.1,"1,606,346",81.09,82.81,80.42
03/13/2026,81.22,"1,749,222",81.64,82.86,80.7501
03/12/2026,80.75,"2,171,884",87.2,88.4599,80.7
03/11/2026,86.54,"1,866,116",91.4,91.43,85.64
03/10/2026,90.21,"2,785,977",91.31,91.99,88.79
03/09/2026,91.69,"2,142,748",93.32,93.95,89.92
03/06/2026,93.95,"1,856,449",92.66,94.295,90.575
03/05/2026,93.13,"3,057,200",89.26,93.37,89.0
03/04/2026,88.66,"2,246,761",88.65,90.0,88.29
03/03/2026,89.23,"2,723,096",86.92,90.87,85.24
03/02/2026,88.22,"3,113,916",86.86,89.63,85.12
02/27/2026,87.16,"3,330,491",85.26,87.19,82.45
02/26/2026,86.2,"5,453,218",80.97,86.31,80.67
02/25/2026,79.12,"9,337,165",76.885,80.67,73.06
02/24/2026,92.3,"3,520,501",87.64,93.0,87.15
02/23/2026,87.76,"2,217,403",89.01,89.49,86.775
02/20/2026,90.64,"2,119,019",88.24,92.29,88.12
02/19/2026,88.67,"1,850,545",89.66,90.35,87.68
02/18/2026,90.56,"1,840,011",91.11,91.11,89.01
02/17/2026,91.2,"2,948,702",89.66,91.53,87.13
02/13/2026,89.12,"1,634,557",88.45,90.21,88.11
02/12/2026,88.26,"2,697,707",90.6,91.2,88.19
02/11/2026,90.7,"1,779,886",96.09,96.09,90.53
02/10/2026,96.09,"1,780,852",98.6,98.805,95.62
02/09/2026,98.07,"1,663,079",96.55,98.7,95.65
02/06/2026,97.22,"2,176,731",96.74,98.54,95.535
02/05/2026,96.15,"2,323,608",96.1,98.52,95.27
02/04/2026,95.71,"2,957,166",93.48,97.4,92.22
02/03/2026,94.02,"2,297,994",97.7,98.675,93.28
02/02/2026,100.16,"1,718,062",100.055,101.97,99.08
01/30/2026,100.52,"2,007,810",99.59,100.87,98.8
01/29/2026,99.24,"1,895,278",102.06,102.23,98.28
01/28/2026,103.35,"1,350,077",104.25,104.789,102.78
01/27/2026,103.85,"1,252,452",105.88,106.02,102.14
01/26/2026,106.02,"1,336,223",103.85,106.09,103.85
01/23/2026,103.7,"1,507,163",105.74,106.5303,103.16
01/22/2026,105.98,"1,678,252",105.3,106.3,105.11
01/21/2026,104.14,"1,948,062",103.96,106.6299,103.47
01/20/2026,103.49,"2,010,373",103.93,105.505,102.85
01/16/2026,104.46,"2,063,100",106.79,107.4,104.025
01/15/2026,107.35,"1,759,865",108.47,109.5,106.7
01/14/2026,108.14,"1,560,061",108.71,109.91,106.77
01/13/2026,109.28,"1,499,530",111.96,112.57,108.63
01/12/2026,112.24,"1,520,769",112.85,113.945,111.68
01/09/2026,113.54,"1,031,053",115.11,115.64,113.22
01/08/2026,115.6,"1,156,508",116.62,116.7464,114.355
01/07/2026,117.48,"1,060,230",120.3,120.615,117.45
01/06/2026,119.82,"1,253,739",118.41,120.26,118.0
01/05/2026,118.59,"1,937,240",117.7,121.47,117.19
01/02/2026,118.52,"1,469,835",123.61,123.93,118.48
12/31/2025,124.08,"951,384",125.7,126.115,123.901
12/30/2025,126.08,"853,119",126.06,127.61,125.24
12/29/2025,126.51,"887,221",127.1,127.34,126.16
12/26/2025,127.07,"676,353",126.87,127.3,125.81
12/24/2025,127.15,"356,555",126.41,127.165,126.1
12/23/2025,126.75,"1,018,623",126.02,126.79,124.59
12/22/2025,126.08,"1,058,238",127.37,127.73,125.66
12/19/2025,127.22,"4,539,598",127.14,127.62,125.94
12/18/2025,126.67,"1,509,980",125.92,127.945,125.6
12/17/2025,125.6,"1,831,072",124.59,127.24,124.53
12/16/2025,124.68,"1,214,357",124.34,125.35,124.0201
12/15/2025,123.81,"1,335,133",124.87,125.56,123.695
12/12/2025,124.8,"1,373,791",126.28,127.05,124.505
12/11/2025,126.05,"1,527,158",127.74,128.72,125.66
12/10/2025,128.3,"1,539,227",127.14,129.12,125.63
12/09/2025,126.14,"994,600",127.02,128.09,126.06
12/08/2025,127.3,"1,151,553",128.14,128.47,126.62
12/05/2025,128.46,"1,183,926",130.23,131.525,128.29
12/04/2025,130.26,"1,320,349",131.0,131.74,129.28
12/03/2025,130.08,"1,934,048",128.03,131.61,128.03
12/02/2025,128.31,"1,889,284",127.87,129.63,126.94
12/01/2025,127.94,"1,505,006",127.03,129.33,126.01
11/28/2025,127.86,"521,216",127.61,128.7,127.0
11/26/2025,127.05,"1,185,927",126.01,127.65,125.49
11/25/2025,126.4,"1,228,555",125.93,128.045,125.435
11/24/2025,125.28,"2,654,284",127.11,127.9699,124.75
11/21/2025,127.06,"1,411,936",124.49,128.14,123.69
11/20/2025,124.23,"1,327,295",125.84,126.62,123.39
11/19/2025,124.28,"1,822,373",125.32,125.55,121.94
11/18/2025,125.28,"1,648,485",124.77,126.4,123.7076
11/17/2025,125.19,"1,559,532",129.46,129.94,125.09
11/14/2025,129.7,"921,401",130.2,131.51,129.5001
11/13/2025,131.07,"1,208,357",132.53,133.34,130.93
11/12/2025,132.53,"998,919",132.13,132.695,131.3136
11/11/2025,131.67,"811,751",131.31,132.31,130.54
11/10/2025,131.45,"1,768,410",132.11,132.5182,128.7258
11/07/2025,132.03,"960,619",132.81,133.31,131.455
11/06/2025,132.95,"1,144,613",133.4,133.875,132.41
11/05/2025,133.1,"1,282,780",135.23,135.714,131.79
11/04/2025,135.18,"1,764,615",134.18,136.29,132.13
11/03/2025,135.02,"2,238,314",133.11,135.925,130.35
10/31/2025,133.13,"2,790,516",129.66,137.927,127.5
10/30/2025,126.74,"2,499,295",126.25,128.79,125.0
10/29/2025,126.57,"2,213,249",130.39,130.805,125.9
10/28/2025,130.85,"1,003,419",131.59,132.545,130.53
10/27/2025,131.88,"1,105,564",131.56,132.4608,130.4
10/24/2025,130.94,"1,006,266",133.02,133.52,130.64
10/23/2025,132.43,"1,578,246",131.89,133.19,130.77
10/22/2025,132.33,"1,073,928",131.9,134.234,131.37
10/21/2025,132.72,"760,652",132.38,134.1,131.1464
10/20/2025,132.46,"1,233,471",129.5,132.76,129.275
10/17/2025,128.74,"1,322,977",127.83,129.45,127.6822
10/16/2025,128.0,"1,213,823",131.17,132.1,127.65
10/15/2025,130.24,"1,433,012",132.28,132.69,129.32
10/14/2025,132.27,"994,191",131.18,133.99,130.425
10/13/2025,132.41,"1,282,094",131.21,133.305,130.0
10/10/2025,130.68,"1,482,785",134.46,136.1,130.17
10/09/2025,133.8,"1,288,250",134.94,135.425,132.915
10/08/2025,135.3,"1,163,309",135.91,136.71,134.32
10/07/2025,135.27,"1,331,770",137.4,139.44,135.19
10/06/2025,137.19,"1,969,339",135.59,137.51,133.5
10/03/2025,135.0,"1,529,427",133.65,137.5,133.65
10/02/2025,134.0,"1,565,798",133.17,134.3,132.34
10/01/2025,132.18,"2,571,995",136.57,137.86,131.29
09/30/2025,136.83,"2,433,830",140.61,141.325,135.66
09/29/2025,141.67,"1,320,021",141.56,142.49,140.89
09/26/2025,141.4,"1,234,203",140.98,142.04,140.79
09/25/2025,141.19,"1,214,752",142.99,143.335,140.87
09/24/2025,143.27,"813,427",143.79,144.335,142.42
09/23/2025,142.99,"1,562,999",147.8,148.02,141.55
09/22/2025,147.83,"1,739,673",143.65,148.19,143.65
09/19/2025,144.76,"3,507,131",146.74,146.99,144.39
09/18/2025,146.36,"1,312,727",144.52,147.25,144.145
09/17/2025,144.09,"1,231,109",144.59,146.135,143.615
09/16/2025,144.14,"1,461,627",145.52,146.09,143.53
09/15/2025,145.55,"1,332,495",145.71,146.87,145.01
09/12/2025,145.09,"974,425",148.58,148.58,145.04
09/11/2025,148.59,"1,590,426",145.77,149.35,144.76
09/10/2025,144.97,"1,389,302",149.26,150.47,144.54
09/09/2025,148.88,"1,510,138",147.77,148.92,146.46
09/08/2025,148.06,"1,537,141",145.1,148.1,144.24
09/05/2025,145.24,"1,280,245",145.24,147.18,143.91
09/04/2025,144.92,"1,431,990",143.34,145.24,141.01
09/03/2025,143.49,"2,053,768",143.67,144.16,139.92
09/02/2025,144.39,"1,803,422",146.26,147.385,143.24
08/29/2025,148.31,"1,286,519",147.45,148.42,147.1
08/28/2025,147.86,"1,825,682",148.45,148.51,146.52
08/27/2025,147.87,"1,346,099",146.74,148.22,145.675
08/26/2025,146.25,"1,999,036",145.94,147.065,145.18
08/25/2025,145.94,"1,141,851",146.82,147.05,145.125
08/22/2025,147.07,"1,592,998",146.2,148.0599,146.04
08/21/2025,146.03,"1,482,441",145.67,146.25,143.77
08/20/2025,146.33,"1,738,233",145.01,147.08,143.26
08/19/2025,144.62,"1,576,704",143.91,144.78,142.13
08/18/2025,144.07,"1,807,703",145.62,146.0497,142.92
08/15/2025,145.96,"2,456,658",143.53,147.71,143.53
08/14/2025,143.63,"3,028,302",144.665,146.19,141.4
08/13/2025,143.32,"2,916,032",141.14,144.12,140.86
08/12/2025,140.41,"3,411,894",134.67,141.73,134.177
08/11/2025,135.77,"4,310,651",132.79,137.7725,132.51
08/08/2025,133.35,"5,239,489",140.48,147.4,132.73
08/07/2025,150.25,"4,075,022",154.97,155.9,146.81
08/06/2025,154.82,"1,603,067",154.66,157.4,154.3214
08/05/2025,153.43,"3,107,878",158.0,158.0,151.9275
08/04/2025,158.15,"1,644,656",156.93,158.5786,156.4852
08/01/2025,156.47,"1,888,716",160.47,160.855,156.325
07/31/2025,161.58,"1,738,991",165.11,165.11,161.17
07/30/2025,163.88,"1,563,949",165.36,165.935,162.85
07/29/2025,165.04,"1,715,579",166.09,166.09,164.31
07/28/2025,166.04,"1,342,419",166.0,167.0915,164.93
07/25/2025,165.97,"1,231,347",166.87,168.135,165.66
07/24/2025,166.29,"1,964,736",167.6,169.61,165.965
07/23/2025,167.13,"1,435,173",169.24,169.365,167.12
07/22/2025,169.4,"1,524,107",168.75,171.4198,168.38
07/21/2025,168.48,"1,242,978",169.08,170.45,168.2
07/18/2025,168.72,"1,272,088",168.91,169.2199,167.722
07/17/2025,168.29,"1,054,297",168.35,169.7,168.18
07/16/2025,168.24,"1,811,230",168.43,168.715,165.81
07/15/2025,167.93,"1,476,215",169.59,170.07,167.74
07/14/2025,169.79,"1,082,186",167.97,170.39,167.5
07/11/2025,167.86,"1,655,403",171.11,171.11,167.15
07/10/2025,170.77,"1,695,874",174.61,174.88,170.46
07/09/2025,175.13,"1,116,280",177.65,177.835,174.56
07/08/2025,177.04,"1,093,032",179.61,179.61,176.48
07/07/2025,178.59,"1,470,281",177.21,178.94,176.59
07/03/2025,177.32,"1,157,221",175.04,178.53,175.04
07/02/2025,175.43,"1,462,477",177.38,177.955,174.56
07/01/2025,178.4,"1,268,379",179.68,180.8,177.04
06/30/2025,180.06,"1,483,548",180.61,181.49,179.2
06/27/2025,180.07,"1,866,074",177.8,180.35,177.22
06/26/2025,177.19,"938,771",177.92,178.235,175.9
06/25/2025,177.37,"998,827",180.0,180.65,177.23
06/24/2025,179.49,"1,275,571",177.95,180.18,177.405
06/23/2025,177.2,"1,093,026",175.25,177.22,173.2627
06/20/2025,174.87,"2,132,981",175.71,177.37,174.37
06/18/2025,176.42,"1,196,240",178.49,178.745,175.95
06/17/2025,178.04,"1,335,532",175.78,179.32,174.33
06/16/2025,178.09,"1,071,220",175.96,178.425,175.96
06/13/2025,175.74,"1,271,934",176.04,176.95,174.7
06/12/2025,177.77,"1,353,957",176.37,178.27,175.93
06/11/2025,176.91,"1,671,081",178.2,178.99,176.0
06/10/2025,178.43,"1,236,423",179.94,180.47,177.32
06/09/2025,179.67,"1,079,090",182.95,182.95,179.62
06/06/2025,182.95,"1,316,652",182.44,183.34,180.5
06/05/2025,180.39,"2,105,176",182.05,182.15,179.71
06/04/2025,182.29,"1,353,553",181.32,182.86,180.43
06/03/2025,181.73,"1,574,762",181.44,182.16,177.6335
06/02/2025,182.07,"1,025,356",182.03,182.58,178.73
05/30/2025,182.15,"1,989,422",181.11,182.32,179.0384
05/29/2025,180.7,"1,137,119",179.71,180.95,178.48
05/28/2025,179.17,"930,493",180.5,181.44,179.035
05/27/2025,180.86,"1,274,785",184.17,184.71,180.45
05/23/2025,182.84,"880,102",182.77,184.3,181.96
05/22/2025,183.97,"1,321,497",184.16,184.95,182.43
05/21/2025,183.49,"1,539,700",186.74,187.41,182.26
05/20/2025,188.15,"1,127,128",189.76,190.3,187.619
05/19/2025,189.88,"781,980",188.83,190.49,187.19
05/16/2025,190.2,"1,204,187",190.43,190.4956,188.415
05/15/2025,189.95,"1,013,846",188.21,190.23,187.37
05/14/2025,188.09,"1,419,627",187.71,189.43,186.7301
05/13/2025,187.49,"1,046,389",187.4,189.18,186.87
05/12/2025,187.01,"1,178,550",186.38,187.09,182.965
05/09/2025,182.6,"727,902",184.74,185.06,181.98
05/08/2025,182.98,"1,075,018",184.3,184.3,181.565
05/07/2025,183.11,"1,161,521",182.8,183.92,181.22
05/06/2025,182.54,"1,598,695",180.12,185.1,179.18
05/05/2025,182.19,"1,997,683",176.4,182.815,174.46
05/02/2025,176.27,"3,239,809",172.7,182.03,171.0114
05/01/2025,192.36,"1,806,354",190.86,193.55,188.77
04/30/2025,188.33,"1,541,315",184.79,188.8,184.375
04/29/2025,188.46,"1,268,813",184.81,188.68,184.81
04/28/2025,185.07,"1,457,416",184.19,185.35,182.275
04/25/2025,183.4,"1,223,605",181.31,183.91,179.549
04/24/2025,180.42,"1,081,246",177.57,181.95,177.57
04/23/2025,178.01,"1,498,344",175.46,179.38,174.505
04/22/2025,170.19,"1,841,615",167.31,170.76,166.88
04/21/2025,165.21,"1,194,910",170.84,171.74,164.07
04/17/2025,171.78,"1,166,177",172.52,173.95,171.2739
04/16/2025,172.2,"1,314,960",172.09,175.0744,170.226
04/15/2025,175.0,"2,046,181",171.47,175.8,170.5284
04/14/2025,171.65,"1,640,264",175.0,175.4599,171.1
04/11/2025,172.0,"2,360,708",168.96,172.83,167.8778
04/10/2025,169.0,"1,696,059",170.63,173.01,165.86
04/09/2025,174.12,"2,637,781",161.06,175.78,160.04
04/08/2025,162.11,"1,912,184",168.5,168.7,159.69
04/07/2025,162.48,"3,396,619",158.6,169.09,155.5
04/04/2025,164.42,"2,819,216",173.0,174.71,163.75
04/03/2025,177.67,"1,838,559",174.67,180.04,174.39
04/02/2025,180.5,"1,340,578",178.35,182.6272,178.27
04/01/2025,180.72,"1,092,321",179.85,181.39,177.53
03/31/2025,180.14,"1,745,777",177.08,180.55,175.36
03/28/2025,178.88,"1,270,343",182.01,183.46,178.39
03/27/2025,182.78,"887,493",182.61,184.2,180.785
03/26/2025,183.1,"1,345,193",184.52,184.52,181.23
03/25/2025,184.19,"1,787,489",184.13,185.315,183.0
03/24/2025,183.5,"1,166,254",183.68,184.04,180.8801
03/21/2025,180.33,"3,085,729",178.83,181.405,177.03
03/20/2025,180.69,"1,225,504",179.83,182.97,178.9
03/19/2025,181.44,"1,005,304",179.37,182.86,178.755
03/18/2025,178.25,"1,254,173",179.46,180.66,177.66
03/17/2025,180.12,"959,094",176.07,181.51,175.9
03/14/2025,176.15,"1,200,137",174.21,177.6554,173.06
03/13/2025,172.43,"1,606,499",173.33,175.55,171.45
03/12/2025,174.35,"1,592,014",176.13,176.13,170.51
03/11/2025,172.44,"2,284,073",172.72,175.4893,170.775
03/10/2025,172.42,"2,386,663",172.24,175.1,171.78
03/07/2025,175.28,"1,885,578",171.1,177.56,170.2
03/06/2025,172.13,"1,699,171",171.4,174.7893,171.26
03/05/2025,176.3,"2,176,906",174.28,176.39,172.65
03/04/2025,176.42,"2,278,673",175.26,178.4499,172.2264
03/03/2025,177.69,"1,810,950",180.66,180.98,176.05
02/28/2025,179.5,"2,468,349",175.19,179.82,174.985
02/27/2025,174.94,"1,591,934",178.0,178.45,173.73
02/26/2025,176.96,"1,478,669",176.66,179.91,176.29
02/25/2025,176.65,"1,714,481",173.69,177.2,170.29
02/24/2025,174.07,"1,823,506",173.71,174.655,168.87
02/21/2025,173.77,"1,477,426",176.04,176.93,172.93
02/20/2025,176.57,"1,600,906",176.41,178.2599,174.16
02/19/2025,176.55,"2,171,682",178.16,180.59,175.05
02/18/2025,181.08,"2,379,767",182.01,182.42,177.47
02/14/2025,182.19,"4,396,890",194.75,195.7,181.72
02/13/2025,212.54,"1,595,735",208.39,213.11,207.22
02/12/2025,207.53,"1,522,138",204.46,208.4,202.71
02/11/2025,206.26,"1,852,681",210.51,210.51,205.48
02/10/2025,211.57,"1,006,281",212.4,213.8694,210.82
02/07/2025,211.4,"1,003,973",211.6,214.32,210.96
02/06/2025,210.97,"1,082,032",210.46,211.567,208.82
02/05/2025,209.87,"981,155",211.19,212.495,209.0
02/04/2025,210.43,"885,284",214.37,214.37,208.562
02/03/2025,212.73,"1,221,072",207.7,214.76,205.2
01/31/2025,212.65,"1,145,957",214.44,215.8,211.7647
01/30/2025,213.53,"1,493,878",214.99,216.0,212.26
01/29/2025,213.91,"971,097",214.03,214.91,212.04
01/28/2025,214.35,"1,722,374",207.36,215.35,205.88
01/27/2025,204.93,"856,562",203.12,207.395,202.01
01/24/2025,207.3,"793,512",207.4,208.63,205.673
01/23/2025,207.19,"956,399",204.48,207.19,203.28
01/22/2025,204.3,"1,030,919",206.62,207.06,203.96
01/21/2025,205.59,"1,116,357",202.94,206.75,201.03
01/17/2025,200.91,"1,308,366",203.69,204.35,199.96
01/16/2025,200.85,"1,186,056",199.6,203.42,199.6
01/15/2025,199.17,"1,627,045",200.57,202.7134,196.48
01/14/2025,197.48,"1,269,387",195.41,199.38,193.5
01/13/2025,193.49,"1,186,582",190.63,193.71,189.45
01/10/2025,192.86,"1,052,071",194.76,195.465,192.11
01/08/2025,197.14,"768,561",195.64,197.19,193.0
01/07/2025,195.57,"992,304",200.17,200.17,194.43
01/06/2025,199.34,"990,739",200.765,201.29,196.6366
01/03/2025,200.39,"842,547",199.85,201.33,199.0
01/02/2025,198.91,"961,650",199.01,201.035,196.89
12/31/2024,197.37,"958,130",199.62,199.62,195.85
12/30/2024,199.45,"913,885",199.61,200.67,195.59
12/27/2024,203.45,"530,533",205.42,205.495,201.81
12/26/2024,206.2,"698,749",206.0,207.47,205.3412
12/24/2024,206.74,"331,606",205.29,207.795,204.9
12/23/2024,204.84,"824,409",204.49,205.74,202.835
12/20/2024,205.41,"2,417,374",200.77,206.62,200.03
12/19/2024,202.94,"1,263,103",202.24,205.05,200.85
12/18/2024,200.13,"1,292,665",207.55,208.7,200.05
12/17/2024,207.46,"988,544",208.24,209.9611,205.8317
12/16/2024,209.03,"938,052",207.35,211.11,206.27
12/13/2024,206.78,"784,957",209.08,209.87,206.18
12/12/2024,208.91,"855,592",207.22,209.96,205.9
12/11/2024,208.34,"1,255,940",205.89,208.57,205.805
12/10/2024,204.85,"1,461,866",203.3,206.24,201.14
12/09/2024,203.39,"2,118,769",205.59,206.405,200.93
12/06/2024,206.56,"1,044,259",207.95,209.07,206.0394
12/05/2024,208.54,"1,200,938",208.0,210.3,206.0
12/04/2024,208.15,"2,202,031",199.59,208.71,198.36
12/03/2024,198.36,"1,868,224",197.13,198.73,194.83
12/02/2024,197.62,"1,533,823",197.77,199.02,196.55
11/29/2024,197.57,"1,047,069",197.87,199.99,197.05
11/27/2024,197.85,"1,340,813",199.4,199.4,197.07
11/26/2024,199.73,"1,925,843",198.29,202.56,197.34
11/25/2024,197.43,"2,847,983",197.65,200.16,196.62
11/22/2024,196.35,"1,226,977",192.85,196.71,191.59
11/21/2024,193.01,"884,540",191.03,193.26,190.01
11/20/2024,190.12,"1,080,305",188.0,190.54,186.747
11/19/2024,187.4,"1,253,144",183.8,188.03,183.4501
11/18/2024,185.02,"1,203,183",183.45,186.09,181.765
11/15/2024,182.92,"1,354,914",183.8,184.93,181.96
11/14/2024,185.29,"1,444,789",188.68,189.44,184.27
11/13/2024,188.74,"1,467,218",186.17,190.21,184.86
11/12/2024,187.23,"1,810,175",184.0,187.55,183.16
11/11/2024,183.13,"1,271,608",179.0,184.38,178.76
11/08/2024,177.84,"852,949",177.25,178.28,175.37
11/07/2024,177.31,"1,212,964",176.52,177.77,175.04
11/06/2024,175.81,"1,874,768",171.0,175.98,170.0
11/05/2024,167.63,"945,338",165.5,168.05,165.25
11/04/2024,165.51,"1,299,456",163.35,165.71,161.43
11/01/2024,163.36,"1,545,938",167.79,167.98,162.2104
10/31/2024,166.8,"2,680,875",164.3,171.93,163.68
10/30/2024,161.6,"1,423,618",161.82,162.83,160.965
10/29/2024,161.35,"878,214",160.0,161.5,159.71
10/28/2024,159.9,"822,630",161.96,162.17,159.82
10/25/2024,160.53,"682,723",161.9,162.82,160.01
10/24/2024,161.45,"672,798",162.03,163.57,161.28
10/23/2024,161.89,"636,919",163.48,164.64,160.3
10/22/2024,163.65,"668,684",162.78,164.45,162.33
10/21/2024,163.89,"887,785",164.71,166.17,163.3
10/18/2024,164.7,"823,848",165.0,165.65,164.0825
10/17/2024,164.42,"958,079",164.42,165.6,162.675
10/16/2024,163.85,"556,928",162.36,164.7299,161.56
10/15/2024,162.92,"836,138",164.16,164.94,162.5
10/14/2024,164.07,"767,106",163.98,164.64,163.25
10/11/2024,163.13,"768,912",162.57,163.83,162.06
10/10/2024,162.14,"710,346",160.66,162.26,160.5
10/09/2024,161.21,"1,425,689",160.01,161.48,159.18
10/08/2024,160.12,"1,041,145",155.95,160.38,155.26
10/07/2024,155.26,"1,049,723",156.16,157.21,154.95
10/04/2024,156.33,"679,364",155.43,156.43,154.06
10/03/2024,154.41,"582,034",154.58,154.68,152.4201
10/02/2024,154.95,"653,031",152.44,155.26,152.0
10/01/2024,153.16,"806,834",155.6,155.9689,152.86
09/30/2024,156.78,"973,106",155.84,156.96,155.14
09/27/2024,156.0,"924,993",155.58,156.585,154.7995
09/26/2024,155.63,"1,126,752",159.84,160.215,155.56
09/25/2024,158.81,"735,356",157.69,159.5,157.48
09/24/2024,157.77,"808,466",158.82,159.225,156.36
09/23/2024,158.53,"989,621",160.5,161.5,158.3
09/20/2024,160.55,"2,044,414",159.11,161.0,158.48
09/19/2024,160.14,"1,446,952",158.0,160.2,157.54
09/18/2024,154.28,"1,051,738",154.05,156.07,153.62
09/17/2024,153.9,"1,140,615",150.96,153.92,150.57
09/16/2024,150.3,"1,084,105",152.17,152.75,150.16
09/13/2024,152.28,"726,187",152.49,153.62,152.14
09/12/2024,152.61,"987,438",150.83,153.14,150.0
09/11/2024,151.43,"1,772,971",149.26,151.69,148.55
09/10/2024,149.66,"1,449,640",153.43,154.0,149.35
09/09/2024,152.87,"1,683,309",151.61,153.5,151.04
09/06/2024,150.0,"2,002,606",152.59,154.79,149.755
09/05/2024,153.0,"1,920,985",154.32,156.41,152.7004
09/04/2024,157.29,"1,352,385",159.1,159.65,155.91
09/03/2024,159.5,"1,210,968",166.91,166.91,158.59
08/30/2024,167.41,"2,573,537",165.59,167.65,164.47
08/29/2024,164.99,"657,835",164.35,165.61,163.96
08/28/2024,164.05,"670,620",164.75,165.6399,163.23
08/27/2024,164.72,"605,258",163.39,165.72,163.0101
08/26/2024,164.17,"817,331",162.43,165.07,162.33
08/23/2024,162.45,"776,133",163.31,163.52,160.73
08/22/2024,162.42,"919,855",164.75,165.89,162.17
08/21/2024,164.93,"1,244,801",162.99,165.55,162.99
08/20/2024,162.99,"655,209",164.99,165.55,162.4854
08/19/2024,163.94,"1,158,473",163.52,164.02,162.77
08/16/2024,163.6,"1,028,082",162.75,164.2519,161.64
08/15/2024,162.45,"1,004,187",161.21,162.96,160.66
08/14/2024,160.83,"1,179,316",160.32,162.93,159.9701
08/13/2024,159.99,"1,230,550",158.58,160.73,158.42
08/12/2024,158.46,"1,090,029",158.0,159.05,156.64
08/09/2024,157.53,"762,696",156.84,158.09,155.98
08/08/2024,156.84,"1,062,578",153.63,156.98,153.02
08/07/2024,152.76,"1,335,042",153.41,156.12,152.455
08/06/2024,152.02,"2,134,638",147.68,154.7999,147.49
08/05/2024,146.88,"1,434,627",145.64,149.16,144.72
08/02/2024,151.25,"2,407,777",146.91,152.09,145.85
08/01/2024,141.41,"2,009,304",146.07,146.94,140.51
07/31/2024,145.45,"1,415,372",145.18,146.195,144.59
07/30/2024,143.8,"825,543",144.31,145.54,143.09
07/29/2024,143.84,"1,307,186",144.5,145.155,143.74
07/26/2024,143.65,"1,395,497",144.08,145.43,142.91
07/25/2024,143.29,"1,292,734",143.7,144.61,140.11
07/24/2024,143.21,"1,160,373",145.91,147.69,142.98
07/23/2024,147.67,"877,538",148.02,148.7,147.14
07/22/2024,147.18,"905,115",145.92,147.53,145.38
07/19/2024,145.19,"879,757",145.06,146.14,144.54
07/18/2024,144.43,"1,240,801",144.55,145.27,142.97
07/17/2024,144.27,"829,900",146.69,146.86,144.27
07/16/2024,147.64,"1,016,734",147.51,148.71,146.58
07/15/2024,146.79,"980,592",146.2,147.79,146.2
07/12/2024,145.33,"1,307,722",142.7,146.08,142.22
07/11/2024,142.12,"1,043,183",142.5,143.43,141.1
07/10/2024,142.46,"1,334,407",142.3,143.105,140.43
07/09/2024,144.38,"1,190,589",144.13,145.03,143.74
07/08/2024,143.65,"1,087,012",144.24,145.13,143.005
07/05/2024,143.98,"1,091,368",143.83,144.725,142.98
07/03/2024,143.69,"1,439,136",143.1,145.36,143.1
07/02/2024,142.94,"1,737,522",141.18,143.37,141.14
07/01/2024,141.5,"1,512,178",139.79,142.27,138.48
06/28/2024,139.71,"3,401,523",140.33,141.04,138.63
06/27/2024,140.24,"1,074,370",139.4,140.91,139.0
06/26/2024,139.82,"1,782,409",140.8,141.04,138.76
06/25/2024,141.18,"2,344,718",138.98,141.2499,138.22
06/24/2024,138.41,"1,942,939",137.02,139.58,136.745
06/21/2024,137.66,"33,009,860",138.2,138.5,136.0
06/20/2024,137.91,"1,480,124",137.45,138.1,135.725
06/18/2024,137.04,"1,526,139",138.24,139.74,137.01
06/17/2024,138.04,"1,426,332",137.39,139.24,137.045
06/14/2024,137.53,"912,915",137.71,137.71,136.246
06/13/2024,138.18,"1,425,884",137.84,140.185,137.275
06/12/2024,138.07,"1,432,380",141.51,142.0,137.15
06/11/2024,140.1,"1,333,613",141.55,141.65,138.54
06/10/2024,142.04,"2,228,698",141.05,142.95,140.02
06/07/2024,139.36,"1,196,610",138.92,139.9,138.1
06/06/2024,138.66,"1,153,708",139.84,140.7,138.63
06/05/2024,139.63,"1,160,594",139.34,140.57,138.72
06/04/2024,138.8,"1,357,145",139.41,139.55,137.06
06/03/2024,140.29,"1,023,610",138.84,140.63,138.39
05/31/2024,139.63,"3,967,233",138.7,139.8,136.87
05/30/2024,138.21,"1,323,711",138.3,139.3,137.55
05/29/2024,139.36,"1,466,228",138.38,140.82,138.38
05/28/2024,138.49,"1,272,276",139.67,141.05,137.8501
05/24/2024,140.14,"948,030",138.78,141.27,138.52
05/23/2024,138.56,"735,584",140.0,140.0,138.07
05/22/2024,139.28,"1,102,147",139.25,139.67,137.94
05/21/2024,138.87,"630,759",137.5,139.21,137.3
05/20/2024,137.96,"779,116",136.25,137.99,135.03
05/17/2024,135.7,"795,736",135.4,136.0,134.625
05/16/2024,135.01,"811,084",136.46,136.9,134.87
05/15/2024,136.45,"1,026,977",133.66,136.76,133.66
05/14/2024,132.82,"984,312",133.51,133.98,131.84
05/13/2024,133.57,"855,667",134.16,135.43,133.1601
05/10/2024,133.92,"1,077,491",132.29,133.98,132.235
05/09/2024,131.93,"971,801",131.58,132.9,131.27
05/08/2024,131.47,"995,809",130.88,132.0,130.31
05/07/2024,131.35,"1,892,308",128.53,131.895,128.53
05/06/2024,128.34,"1,653,992",124.98,128.6,124.83
05/03/2024,123.64,"2,261,279",126.15,127.9899,122.04
05/02/2024,124.33,"2,028,390",123.16,124.41,120.59
05/01/2024,122.29,"1,733,303",122.56,125.39,121.92
04/30/2024,122.38,"1,294,357",124.62,125.06,122.37
04/29/2024,125.01,"1,242,070",125.0,126.5,123.97
04/26/2024,125.01,"995,756",125.0,126.68,123.7313
04/25/2024,124.14,"1,299,651",122.3,124.4,121.81
04/24/2024,123.83,"993,934",124.0,124.69,122.66
04/23/2024,123.4,"998,402",122.22,123.89,121.78
04/22/2024,121.41,"932,893",121.31,122.44,120.23
04/19/2024,120.12,"1,146,502",121.53,122.6,119.76
04/18/2024,121.35,"1,153,702",122.11,123.8,121.18
04/17/2024,122.36,"1,089,838",123.83,124.58,122.22
04/16/2024,123.25,"1,085,826",121.67,124.25,121.622
04/15/2024,121.42,"1,038,343",124.04,125.03,121.16
04/12/2024,123.3,"1,349,315",125.43,126.195,123.04
04/11/2024,126.61,"844,414",125.78,126.98,125.05
04/10/2024,125.21,"986,017",124.79,126.765,124.12
04/09/2024,125.9,"1,414,715",126.8,126.8,124.21
04/08/2024,126.8,"1,355,664",125.84,127.15,125.21
04/05/2024,125.94,"1,369,898",124.0,126.13,123.71
04/04/2024,123.93,"1,747,866",123.6,125.55,123.25
04/03/2024,123.91,"1,277,263",122.08,123.92,121.66
04/02/2024,122.23,"1,418,223",121.59,122.402,120.0
04/01/2024,121.11,"1,060,400",118.39,121.22,118.39
03/28/2024,118.68,"1,973,701",122.23,122.275,118.64
03/27/2024,122.08,"809,177",122.42,122.83,120.93
03/26/2024,120.94,"707,390",120.88,121.68,120.24
03/25/2024,120.93,"1,014,086",121.46,122.6522,120.61
03/22/2024,121.62,"1,060,012",120.47,121.77,120.4
03/21/2024,120.36,"929,011",119.89,121.57,119.26
03/20/2024,119.15,"911,475",119.33,119.54,118.49
03/19/2024,119.19,"1,186,729",119.07,119.391,118.14
03/18/2024,119.42,"1,392,948",117.33,119.75,117.33
03/15/2024,117.19,"2,206,650",116.44,118.15,115.1915
03/14/2024,117.14,"905,415",117.94,118.14,116.32
03/13/2024,117.71,"1,025,752",117.57,118.39,116.28
03/12/2024,117.54,"1,692,676",115.11,118.3,115.11
03/11/2024,114.58,"1,102,218",113.1,114.893,113.01
03/08/2024,113.47,"1,442,247",113.82,114.78,112.49
03/07/2024,113.82,"2,380,741",110.92,114.5,110.59
03/06/2024,109.57,"2,411,997",110.54,114.66,109.16
03/05/2024,108.96,"2,076,649",109.57,110.62,108.38
03/04/2024,111.26,"2,092,125",113.31,113.5,108.51
03/01/2024,113.72,"1,076,457",114.11,115.19,113.18
02/29/2024,114.15,"2,838,372",113.88,116.31,112.29
02/28/2024,113.01,"980,627",113.35,113.71,112.71
02/27/2024,113.37,"786,208",114.03,114.225,113.225
02/26/2024,114.06,"1,028,814",115.0,115.28,114.05
02/23/2024,114.91,"1,566,133",114.21,115.07,113.8201
02/22/2024,113.0,"2,048,346",111.28,113.4,109.92
02/21/2024,109.65,"1,246,513",108.21,109.65,108.0237
02/20/2024,108.9,"1,591,013",110.08,110.795,108.39
02/16/2024,109.98,"1,016,477",110.95,111.33,109.615
02/15/2024,111.35,"2,958,656",112.09,112.315,109.935
02/14/2024,111.57,"3,124,228",112.21,113.25,108.0
02/13/2024,113.03,"2,915,083",109.29,113.18,107.92
02/12/2024,112.31,"1,980,057",112.53,113.635,111.96
02/09/2024,112.92,"1,405,111",113.25,113.7,112.015
02/08/2024,112.59,"1,104,330",112.56,112.965,111.32
02/07/2024,112.38,"1,471,638",109.94,112.49,109.62
02/06/2024,109.5,"1,480,175",109.32,110.51,108.49
02/05/2024,109.5,"2,313,051",107.5,110.085,107.47
02/02/2024,107.67,"822,439",108.52,108.52,107.08
02/01/2024,108.44,"1,334,417",107.2,108.44,106.77
01/31/2024,106.66,"1,582,869",108.55,108.94,106.42
01/30/2024,109.0,"1,530,746",108.65,109.32,108.36
01/29/2024,108.05,"1,206,694",107.75,108.2,107.07
01/26/2024,107.75,"887,059",107.47,107.99,106.985
01/25/2024,107.45,"1,052,470",108.75,109.18,107.025
01/24/2024,108.35,"1,579,854",108.78,109.3855,108.18
01/23/2024,107.7,"2,139,621",108.53,108.6699,107.65
01/22/2024,108.23,"1,332,582",108.95,109.75,108.12
01/19/2024,108.04,"1,505,512",107.51,108.145,107.05
01/18/2024,107.29,"1,763,130",108.0,108.47,106.32
01/17/2024,106.99,"2,515,794",104.29,107.45,103.645
01/16/2024,104.9,"1,879,692",103.99,105.03,103.89
01/12/2024,104.7,"1,824,489",105.07,106.72,104.41
01/11/2024,104.54,"1,845,662",105.0,105.0,103.1
01/10/2024,104.7,"1,488,157",104.1,104.955,103.51
01/09/2024,103.53,"1,298,375",103.38,103.9,102.595
01/08/2024,101.94,"1,200,158",100.56,101.94,100.43
01/05/2024,100.22,"1,128,413",100.61,101.48,99.9
01/04/2024,100.94,"1,044,311",102.48,102.69,100.85
01/03/2024,102.49,"1,311,699",101.92,103.47,101.14
01/02/2024,103.0,"1,475,638",105.22,105.63,102.4541
12/29/2023,106.16,"769,059",106.2,107.0,106.05
12/28/2023,106.36,"565,185",106.49,106.73,106.15
12/27/2023,106.59,"602,335",106.35,106.7325,106.0661
12/26/2023,106.52,"734,421",106.12,106.83,105.97
12/22/2023,105.91,"792,380",107.15,107.37,105.77
12/21/2023,106.9,"717,519",107.24,107.24,106.04
12/20/2023,106.59,"1,023,027",107.39,107.82,106.02
12/19/2023,107.41,"1,326,432",106.9,107.78,106.12
12/18/2023,106.6,"1,346,959",105.0,106.86,105.0
12/15/2023,105.08,"3,513,263",104.18,105.18,103.8
12/14/2023,104.93,"2,369,605",107.53,107.615,104.07
12/13/2023,106.7,"1,965,168",105.86,107.45,105.71
12/12/2023,106.1,"1,895,535",105.33,106.565,105.175
12/11/2023,105.33,"1,897,865",104.36,105.54,104.09
12/08/2023,104.31,"1,657,202",103.44,105.06,103.27
12/07/2023,103.87,"1,308,152",103.07,104.5,103.07
12/06/2023,102.82,"2,127,021",104.27,105.4725,102.63
12/05/2023,103.66,"2,208,961",101.88,103.7,101.36
12/04/2023,103.2,"1,949,865",101.33,103.44,101.33
12/01/2023,102.01,"1,900,105",99.86,102.39,99.1875
11/30/2023,100.06,"2,207,091",98.15,100.12,98.13
11/29/2023,97.92,"1,635,623",98.14,99.53,97.91
11/28/2023,97.07,"1,470,182",96.42,97.43,96.42
11/27/2023,96.69,"1,863,226",94.62,96.73,94.5001
11/24/2023,94.69,"465,809",94.77,95.425,94.61
11/22/2023,95.14,"1,392,552",95.0,96.24,94.5645
11/21/2023,92.86,"1,063,952",92.75,93.45,92.45
11/20/2023,92.63,"1,097,715",91.91,93.01,91.86
11/17/2023,92.11,"1,645,314",92.3,93.13,91.69
11/16/2023,92.23,"1,638,800",91.845,92.72,91.68
11/15/2023,92.08,"1,591,724",90.63,92.2089,90.42
11/14/2023,90.63,"2,117,395",89.26,91.09,88.925
11/13/2023,88.24,"1,232,500",87.5,88.53,87.16
11/10/2023,87.65,"1,121,739",86.81,87.67,86.11
11/09/2023,86.78,"1,162,345",87.41,87.77,86.16
11/08/2023,87.23,"1,383,084",87.0,87.68,86.5
11/07/2023,86.99,"1,813,403",86.23,87.85,86.02
11/06/2023,86.55,"2,679,621",85.055,86.9,84.78
11/03/2023,85.56,"5,340,969",77.88,85.78,77.88
11/02/2023,75.19,"1,776,107",74.42,75.26,74.12
11/01/2023,73.46,"2,023,158",73.12,73.48,72.67
10/31/2023,73.23,"2,136,137",72.68,73.325,72.145
10/30/2023,72.38,"1,835,352",72.0,72.71,71.69
10/27/2023,71.66,"1,497,142",72.48,72.555,71.15
10/26/2023,72.5,"855,720",73.0,73.45,72.15
10/25/2023,72.88,"989,393",73.52,74.03,72.86
10/24/2023,74.84,"1,418,166",74.12,75.13,74.01
10/23/2023,73.68,"876,908",73.9,74.88,73.46
10/20/2023,74.49,"1,384,748",75.9,76.28,74.37
10/19/2023,75.47,"943,507",76.01,76.585,75.34
10/18/2023,75.99,"888,441",76.09,76.71,75.91
10/17/2023,76.35,"1,059,888",75.33,76.38,75.33
10/16/2023,75.71,"989,118",74.79,75.75,74.65
10/13/2023,74.55,"1,093,850",75.31,75.6812,74.045
10/12/2023,75.47,"617,386",76.61,76.61,74.96
10/11/2023,76.4,"841,405",75.76,76.5,75.6
10/10/2023,75.65,"937,662",74.85,75.75,74.68
10/09/2023,74.5,"915,380",73.7,74.7,73.57
10/06/2023,74.38,"1,324,410",73.13,74.835,73.13
10/05/2023,73.47,"995,787",73.63,73.85,72.88
10/04/2023,73.76,"878,840",73.75,74.0,72.82
10/03/2023,73.7,"1,306,483",73.82,74.425,73.4
10/02/2023,74.09,"1,396,620",74.34,74.64,73.74
09/29/2023,74.48,"1,436,670",74.41,75.57,74.265
09/28/2023,73.88,"1,093,495",72.89,74.15,72.58
09/27/2023,72.88,"1,238,822",72.11,73.21,72.11
09/26/2023,71.65,"1,538,750",72.47,73.04,71.62
09/25/2023,72.88,"1,115,953",72.98,73.46,72.79
09/22/2023,73.23,"1,616,441",73.22,73.86,72.43
09/21/2023,73.17,"1,838,336",74.07,74.29,73.05
09/20/2023,74.49,"1,423,068",74.76,75.47,74.37
09/19/2023,75.0,"2,082,982",75.25,75.81,74.55
09/18/2023,75.25,"2,303,904",75.52,75.87,74.705
09/15/2023,75.78,"23,570,450",75.31,76.02,75.02
09/14/2023,75.27,"3,222,955",75.28,76.045,74.63
09/13/2023,75.07,"3,233,827",74.77,76.125,74.58
09/12/2023,74.64,"3,576,343",74.92,77.21,74.09
09/11/2023,73.7,"1,987,561",74.99,75.47,73.61
09/08/2023,74.58,"2,326,452",75.0,76.13,74.4
09/07/2023,74.74,"2,725,553",73.62,75.01,73.62
09/06/2023,74.27,"2,509,375",72.86,74.31,72.5905
09/05/2023,72.95,"4,447,458",74.68,75.39,72.68
09/01/2023,72.65,"1,608,266",72.88,73.67,72.39
08/31/2023,72.51,"2,130,208",72.63,73.14,72.26
08/30/2023,72.26,"1,512,510",71.2,72.49,71.2
08/29/2023,71.29,"2,097,427",71.51,72.22,70.03
08/28/2023,71.69,"1,124,336",71.84,72.36,71.57
08/25/2023,71.52,"936,082",70.3,71.76,70.2
08/24/2023,70.17,"850,834",71.25,71.36,70.11
08/23/2023,71.0,"1,018,328",70.83,71.36,70.64
08/22/2023,70.52,"925,009",70.97,71.31,70.44
08/21/2023,70.61,"984,830",69.8,70.93,69.8
08/18/2023,69.95,"1,163,406",69.44,70.11,69.18
08/17/2023,69.88,"1,367,376",69.9,70.35,69.82
08/16/2023,69.98,"1,311,829",69.95,70.77,69.89
08/15/2023,70.05,"1,560,305",70.51,71.005,70.005
08/14/2023,70.99,"1,423,220",70.41,71.42,70.31
08/11/2023,70.69,"1,179,393",71.31,71.44,70.56
08/10/2023,71.44,"1,543,425",72.57,72.93,71.37
08/09/2023,72.41,"1,799,915",71.1,73.15,70.93
08/08/2023,70.82,"1,155,500",70.34,71.095,69.88
08/07/2023,70.86,"1,550,952",70.0,71.295,69.79
08/04/2023,69.68,"3,783,219",74.91,74.91,69.41
08/03/2023,75.72,"1,320,429",75.32,75.98,74.98
08/02/2023,75.53,"1,373,833",76.44,76.575,74.67
08/01/2023,77.3,"996,381",76.79,77.55,76.43
07/31/2023,77.09,"1,379,519",74.495,77.11,74.495
07/28/2023,74.59,"1,289,395",74.43,74.91,74.18
07/27/2023,73.88,"1,137,511",75.51,75.7,73.68
07/26/2023,74.74,"1,052,967",75.01,75.55,74.4
07/25/2023,75.01,"1,023,053",74.94,75.475,74.54
07/24/2023,74.92,"827,401",75.89,76.17,74.85
07/21/2023,75.65,"849,480",75.79,76.295,75.16
07/20/2023,75.36,"976,016",75.98,76.705,75.2
07/19/2023,76.93,"1,161,571",78.12,78.65,76.75
07/18/2023,78.15,"1,237,007",77.24,78.16,77.01
07/17/2023,77.46,"969,426",77.0,78.14,76.63
07/14/2023,76.98,"1,012,032",77.34,77.97,76.84
07/13/2023,77.3,"1,359,342",78.0,78.195,77.15
07/12/2023,77.45,"1,456,930",77.79,77.91,76.76
07/11/2023,76.9,"1,118,026",76.95,77.69,76.45
07/10/2023,76.7,"697,607",75.26,76.82,75.26
07/07/2023,75.52,"716,551",75.29,76.33,75.2
07/06/2023,75.4,"724,480",74.68,75.47,74.27
07/05/2023,75.41,"1,010,859",74.86,75.7,74.32
07/03/2023,75.39,"658,443",74.95,75.72,74.63
06/30/2023,75.13,"878,402",74.77,75.65,74.56
06/29/2023,74.15,"848,194",73.55,74.5465,73.18
06/28/2023,73.74,"1,160,523",71.9,73.78,71.31
06/27/2023,71.25,"1,073,046",71.65,72.0,70.97
06/26/2023,71.43,"964,176",72.19,72.76,71.4
06/23/2023,72.35,"2,442,063",71.73,72.71,71.35
06/22/2023,72.57,"1,053,093",71.97,72.585,71.35
06/21/2023,72.53,"1,046,401",73.0,73.135,72.05
06/20/2023,73.34,"1,309,395",74.26,74.68,72.53
06/16/2023,74.91,"3,275,396",76.47,76.66,74.45
06/15/2023,75.98,"1,063,628",73.94,76.04,73.8
06/14/2023,74.43,"1,015,600",74.07,75.05,73.801
06/13/2023,74.49,"1,089,322",73.73,74.5,73.32
06/12/2023,73.12,"1,198,718",72.36,73.12,72.075
06/09/2023,72.01,"1,283,248",72.87,73.39,71.685
06/08/2023,72.77,"1,333,869",72.34,72.94,72.215
06/07/2023,72.62,"1,778,990",72.61,73.06,72.17
06/06/2023,72.5,"1,704,252",71.86,72.965,71.0549
06/05/2023,72.55,"1,592,475",74.44,74.71,72.51
06/02/2023,75.73,"2,166,076",75.75,76.18,74.86
06/01/2023,75.07,"2,270,705",72.8,75.46,72.42
05/31/2023,73.38,"4,891,182",72.03,73.76,72.01
05/30/2023,72.39,"1,597,868",72.75,73.199,72.245
05/26/2023,72.35,"1,727,291",72.11,72.75,72.11
05/25/2023,71.64,"1,165,105",72.36,72.53,71.6
05/24/2023,71.81,"1,057,906",72.1,72.5,71.7
05/23/2023,72.38,"1,389,385",72.88,73.31,72.34
05/22/2023,72.58,"1,615,513",71.53,72.9,71.505
05/19/2023,71.54,"1,706,806",72.38,72.38,71.5
05/18/2023,72.44,"1,352,880",72.35,72.725,71.83
05/17/2023,72.31,"1,135,396",72.18,72.8825,71.64
05/16/2023,71.86,"1,302,819",71.57,72.63,71.42
05/15/2023,71.71,"1,152,122",70.53,71.8,70.53
05/12/2023,70.45,"898,818",70.37,70.6,69.59
05/11/2023,70.43,"1,180,687",69.92,70.9,69.755
05/10/2023,69.83,"1,126,747",69.93,70.44,69.15
05/09/2023,69.24,"1,742,075",70.0,70.245,68.98
05/08/2023,70.05,"1,108,572",69.9,71.18,69.9
05/05/2023,69.65,"2,785,218",67.435,72.05,67.435
05/04/2023,72.29,"2,025,398",71.23,72.88,70.91
05/03/2023,71.4,"2,313,259",75.0,75.37,71.4
05/02/2023,75.0,"1,769,991",76.0,76.3,74.41
05/01/2023,75.75,"1,972,771",75.6,76.72,75.14
04/28/2023,75.68,"1,119,483",76.28,76.84,75.38
04/27/2023,77.03,"732,967",76.02,77.24,75.43
04/26/2023,75.47,"636,337",75.35,76.18,75.21
04/25/2023,74.84,"922,268",76.04,76.26,74.74
04/24/2023,76.21,"549,410",77.3,77.77,76.07
04/21/2023,77.41,"471,759",76.99,77.51,76.8325
04/20/2023,76.79,"962,730",75.61,77.12,75.26
04/19/2023,75.75,"1,138,538",76.83,77.0,75.6
04/18/2023,77.45,"925,709",77.85,78.04,76.93
04/17/2023,77.0,"1,253,308",76.94,77.21,76.1
04/14/2023,76.78,"768,056",76.71,77.655,76.55
04/13/2023,77.28,"813,350",76.29,77.565,76.19
04/12/2023,76.15,"983,271",77.31,77.78,76.06
04/11/2023,76.72,"736,237",76.62,77.275,75.965
04/10/2023,76.37,"670,064",75.73,76.39,75.56
04/06/2023,76.51,"534,697",76.28,76.53,75.61
04/05/2023,76.77,"909,613",77.26,77.81,76.285
04/04/2023,77.23,"790,579",77.67,77.79,76.86
04/03/2023,77.28,"713,408",77.12,77.745,76.71
03/31/2023,77.72,"795,856",76.71,77.75,76.53
03/30/2023,76.3,"965,301",75.47,76.51,75.145
03/29/2023,75.0,"1,409,361",75.37,76.08,74.98
03/28/2023,74.82,"936,865",74.47,75.31,74.2
03/27/2023,74.81,"827,476",74.96,75.32,74.32
03/24/2023,74.4,"740,754",73.79,74.57,73.15
03/23/2023,73.8,"798,886",74.27,74.715,73.18
03/22/2023,73.47,"809,346",74.48,75.14,73.39
03/21/2023,74.29,"1,036,396",73.31,74.5,72.82
03/20/2023,74.4,"814,994",72.88,74.4,72.27
03/17/2023,73.14,"2,487,561",72.71,73.91,72.31
03/16/2023,72.99,"825,645",72.36,73.36,72.0
03/15/2023,72.25,"1,263,215",71.63,72.305,71.07
03/14/2023,72.59,"1,119,687",72.66,73.48,71.98
03/13/2023,71.89,"1,209,302",71.63,73.03,71.36
03/10/2023,72.4,"1,498,747",74.34,74.75,72.145
03/09/2023,74.98,"957,057",76.02,76.39,74.96
03/08/2023,76.13,"575,594",75.79,76.195,75.29
03/07/2023,75.76,"1,036,905",75.88,77.015,74.925
03/06/2023,75.9,"584,616",76.16,76.9,75.74
03/03/2023,75.93,"902,244",75.55,76.63,75.36
03/02/2023,75.62,"1,483,542",75.5,75.72,74.46
03/01/2023,75.76,"706,749",75.68,76.2,75.25
02/28/2023,75.71,"1,120,237",75.74,76.85,75.6
02/27/2023,76.0,"492,179",76.28,76.65,75.78
02/24/2023,75.6,"1,021,146",75.0,77.37,74.9704
02/23/2023,76.3,"678,179",77.7,77.7,76.04
02/22/2023,76.93,"848,578",76.0,77.66,76.0
02/21/2023,76.21,"835,467",76.71,77.145,76.065
02/17/2023,77.81,"1,129,583",78.86,78.91,76.82
02/16/2023,79.42,"992,228",78.67,81.02,78.61
02/15/2023,80.52,"1,464,762",81.86,82.8,79.54
02/14/2023,81.04,"1,740,919",80.61,81.925,80.25
02/13/2023,81.22,"980,191",81.15,82.33,80.18
02/10/2023,80.7,"929,127",81.08,81.25,79.57
02/09/2023,81.5,"1,306,672",82.81,83.43,81.14
02/08/2023,82.15,"535,775",83.22,83.41,82.09
02/07/2023,83.45,"715,314",80.75,83.66,80.06
02/06/2023,81.14,"955,184",82.58,83.045,81.11
02/03/2023,83.3,"752,075",82.31,83.93,82.17
02/02/2023,84.08,"1,370,808",84.15,85.32,83.51
02/01/2023,83.0,"758,041",82.15,83.2025,81.4895
01/31/2023,82.13,"1,024,960",81.73,82.49,81.39
01/30/2023,81.33,"511,232",81.75,82.2,81.08
01/27/2023,82.2,"477,797",81.78,83.0,81.78
01/26/2023,82.29,"670,068",82.19,82.82,81.4759
01/25/2023,81.36,"721,880",80.33,81.48,78.49
01/24/2023,80.96,"463,290",80.9,82.21,80.3808
01/23/2023,81.84,"983,846",80.39,81.91,79.53
01/20/2023,80.04,"1,195,660",78.33,80.24,77.99
01/19/2023,77.95,"1,001,505",77.6,78.47,76.86
01/18/2023,78.15,"1,521,811",79.16,79.485,77.61
01/17/2023,75.83,"1,614,744",75.58,76.28,75.19
01/13/2023,75.92,"501,279",74.85,76.31,74.55
01/12/2023,75.56,"851,535",75.34,75.96,74.31
01/11/2023,74.88,"783,630",72.72,74.89,72.59
01/10/2023,73.04,"610,558",73.57,74.385,73.0
01/09/2023,74.3,"926,485",74.43,75.64,74.205
01/06/2023,74.52,"956,172",74.24,74.53,72.75
01/05/2023,73.72,"891,783",74.5,74.5,73.01
01/04/2023,74.86,"1,395,693",74.8,75.04,73.91
01/03/2023,74.26,"1,192,605",76.0,76.23,74.0
12/30/2022,74.82,"647,461",74.1,75.16,73.84
12/29/2022,75.23,"468,250",73.14,75.44,72.87
12/28/2022,72.87,"560,241",74.27,74.92,72.8
12/27/2022,74.65,"440,947",74.41,74.87,73.8
12/23/2022,74.77,"543,165",73.66,74.79,72.9
12/22/2022,74.25,"599,509",73.4,74.28,72.57
12/21/2022,74.47,"747,693",74.12,75.5,73.56
12/20/2022,73.71,"595,608",72.67,74.07,72.34
12/19/2022,73.13,"730,913",74.24,74.48,73.02
12/16/2022,74.17,"1,032,359",73.62,74.535,72.87
12/15/2022,73.84,"1,301,339",75.77,76.175,73.73
12/14/2022,76.65,"806,396",77.0,77.63,75.96
12/13/2022,77.23,"794,170",78.32,79.53,76.511
12/12/2022,76.42,"942,389",74.85,76.42,74.675
12/09/2022,74.72,"645,115",75.16,75.43,74.6
12/08/2022,75.49,"796,484",74.96,76.29,74.8
12/07/2022,74.38,"1,084,775",73.81,74.98,72.25
12/06/2022,73.88,"735,504",75.51,75.51,73.15
12/05/2022,75.79,"799,882",77.64,77.72,75.5
12/02/2022,78.77,"752,997",78.68,79.315,77.83
12/01/2022,79.73,"1,190,556",79.82,80.5,79.0
11/30/2022,79.13,"1,428,904",75.0,79.13,74.7
11/29/2022,75.07,"595,141",75.5,75.88,74.91
11/28/2022,75.34,"787,607",75.28,76.35,75.03
11/25/2022,75.92,"368,010",74.91,76.36,74.91
11/23/2022,75.35,"608,013",74.08,75.65,74.08
11/22/2022,74.17,"548,646",73.22,74.22,72.1567
11/21/2022,73.05,"567,185",73.59,74.5313,73.05
11/18/2022,74.03,"608,902",74.23,74.63,73.2
11/17/2022,73.13,"511,540",72.59,73.46,71.97
11/16/2022,73.95,"642,336",73.91,75.03,73.81
11/15/2022,74.95,"967,923",75.44,76.42,74.55
11/14/2022,73.89,"833,710",73.09,75.19,72.91
11/11/2022,73.99,"1,250,618",72.79,74.5,72.465
11/10/2022,71.76,"1,047,821",72.45,73.65,71.1
11/09/2022,68.81,"879,032",69.65,70.05,68.51
11/08/2022,70.17,"1,703,012",69.15,70.63,68.0
11/07/2022,68.69,"2,226,210",67.42,69.01,66.475
11/04/2022,67.53,"3,437,587",70.33,70.65,64.65
11/03/2022,72.65,"1,082,610",72.92,74.24,72.52
11/02/2022,73.67,"1,302,643",79.04,79.04,73.62
11/01/2022,79.25,"813,757",81.19,82.0,79.07
10/31/2022,80.4,"822,435",80.54,81.69,80.221
10/28/2022,81.13,"862,521",79.68,81.13,79.01
10/27/2022,79.88,"917,039",79.67,80.64,79.265
10/26/2022,79.22,"645,644",78.79,81.03,78.07
10/25/2022,79.65,"859,233",77.4,79.84,77.4
10/24/2022,77.18,"493,110",77.11,77.76,76.18
10/21/2022,76.76,"588,873",75.3,76.8,74.09
10/20/2022,75.87,"581,693",75.09,76.8,75.09
10/19/2022,75.18,"609,276",75.56,75.96,74.8125
10/18/2022,75.99,"819,488",76.07,76.585,74.99
10/17/2022,74.61,"628,673",73.02,74.8,73.02
10/14/2022,71.77,"611,023",74.35,74.51,71.69
10/13/2022,73.49,"802,420",71.96,74.29,70.91
10/12/2022,73.75,"623,660",73.75,74.44,73.26
10/11/2022,73.51,"849,705",74.66,74.66,73.01
10/10/2022,74.68,"920,640",76.4,76.51,73.87
10/07/2022,75.91,"601,254",76.08,76.42,75.33
10/06/2022,77.27,"706,621",77.23,78.2246,76.96
10/05/2022,77.23,"1,001,982",75.08,77.68,74.67
10/04/2022,75.86,"794,733",73.74,75.87,73.43
10/03/2022,72.31,"1,001,241",71.15,72.34,70.05
09/30/2022,70.88,"945,404",71.84,72.87,70.81
09/29/2022,72.09,"1,270,949",71.29,72.33,70.38
09/28/2022,72.01,"1,170,438",70.65,72.245,70.01
09/27/2022,70.7,"776,004",70.51,71.17,69.7
09/26/2022,69.63,"665,264",69.95,71.425,69.61
09/23/2022,70.5,"829,242",70.49,71.24,69.705
09/22/2022,71.32,"852,311",73.21,73.21,71.16
09/21/2022,73.32,"543,010",75.7,75.82,73.28
09/20/2022,75.43,"1,012,496",75.27,75.89,74.635
09/19/2022,75.94,"939,752",74.26,76.14,74.1
09/16/2022,74.96,"2,396,779",75.27,75.27,73.08
09/15/2022,76.16,"1,043,966",75.53,76.78,74.86
09/14/2022,76.08,"963,887",75.06,77.36,74.85
09/13/2022,75.05,"1,076,178",76.08,76.63,74.91
09/12/2022,78.39,"879,633",78.04,78.74,77.8
09/09/2022,78.05,"817,646",76.74,78.169,76.72
09/08/2022,76.23,"664,686",74.13,76.27,74.13
09/07/2022,74.86,"861,546",73.81,75.08,73.07
09/06/2022,74.18,"865,665",75.01,75.44,74.005
09/02/2022,75.07,"1,224,258",76.64,77.03,74.725
09/01/2022,75.9,"852,244",75.1,75.96,73.91
08/31/2022,75.82,"1,791,910",76.59,77.01,75.6
08/30/2022,75.67,"953,344",76.79,77.18,75.43
08/29/2022,76.51,"880,936",76.94,77.44,76.38
08/26/2022,77.73,"1,041,890",81.09,81.09,77.65
08/25/2022,80.66,"500,008",80.43,81.11,80.31
08/24/2022,79.91,"796,104",79.52,80.82,79.42
08/23/2022,79.39,"862,061",80.22,81.16,79.36
08/22/2022,79.63,"748,312",79.58,80.78,79.21
08/19/2022,81.08,"507,817",82.08,82.25,80.59
08/18/2022,82.72,"971,431",82.74,83.29,82.085
08/17/2022,82.66,"1,087,917",82.71,83.29,81.6849
08/16/2022,83.38,"849,094",81.62,83.56,81.34
08/15/2022,82.02,"518,091",80.91,82.5,80.91
08/12/2022,81.31,"354,344",80.64,81.36,80.18
08/11/2022,79.91,"632,352",81.85,81.85,79.5307
08/10/2022,81.17,"748,278",80.27,81.9,80.04
08/09/2022,79.23,"819,439",79.04,79.55,78.415
08/08/2022,79.33,"728,433",79.25,80.69,79.0
08/05/2022,78.93,"867,298",75.96,79.015,75.96
08/04/2022,77.49,"1,096,052",77.37,80.0,75.75
08/03/2022,75.57,"1,005,109",75.0,75.67,74.01
08/02/2022,74.16,"664,444",72.87,74.99,72.805
08/01/2022,73.7,"505,388",73.49,74.81,72.95
07/29/2022,74.18,"811,065",72.83,74.2,72.015
07/28/2022,72.59,"599,898",72.7,72.82,71.11
07/27/2022,72.59,"643,412",70.93,72.75,70.89
07/26/2022,70.0,"611,359",72.38,72.41,69.97
07/25/2022,72.99,"653,116",73.23,73.5,71.91
07/22/2022,74.02,"621,673",74.98,75.39,73.75
07/21/2022,75.19,"549,700",74.64,75.22,73.655
07/20/2022,74.64,"541,657",73.62,74.76,73.3855
07/19/2022,73.33,"585,022",71.77,73.42,71.275
07/18/2022,70.53,"595,904",71.5,72.54,70.45
07/15/2022,70.81,"671,470",69.48,70.85,68.96
07/14/2022,68.68,"831,045",70.28,70.77,67.86
07/13/2022,71.31,"989,141",68.64,72.41,68.64
07/12/2022,70.2,"732,399",72.19,72.94,70.01
07/11/2022,71.96,"910,098",72.3,72.99,71.27
07/08/2022,73.0,"1,278,261",72.57,73.915,71.81
07/07/2022,73.39,"579,157",72.53,73.46,72.33
07/06/2022,72.09,"1,458,360",71.21,73.11,70.6
07/05/2022,71.33,"953,197",69.77,71.38,68.865
07/01/2022,70.87,"932,021",69.93,71.07,68.95
06/30/2022,69.56,"1,366,747",69.47,70.01,68.26
06/29/2022,70.27,"1,252,408",69.23,70.33,68.7101
06/28/2022,69.11,"947,635",71.0,71.715,69.04
06/27/2022,71.12,"730,942",71.6,71.87,69.86
06/24/2022,70.97,"1,445,081",68.58,71.08,68.485
06/23/2022,67.76,"1,084,465",67.11,68.13,66.44
06/22/2022,66.19,"1,124,712",65.36,67.1,65.1922
06/21/2022,66.55,"1,238,388",66.81,68.42,66.43
06/17/2022,65.97,"1,715,800",65.51,66.47,64.81
06/16/2022,65.31,"1,373,412",67.08,67.34,64.94
06/15/2022,68.39,"1,041,799",67.13,69.1,67.01
06/14/2022,66.36,"1,533,228",67.4,68.675,65.76
06/13/2022,67.91,"1,932,122",68.48,70.06,67.47
06/10/2022,70.76,"986,760",71.73,72.36,70.48
06/09/2022,72.57,"764,523",73.4,74.0,72.53
06/08/2022,73.9,"870,555",74.0,74.75,73.72
06/07/2022,74.09,"931,843",71.84,74.24,71.59
06/06/2022,72.68,"623,208",73.24,73.97,72.64
06/03/2022,72.73,"574,219",72.99,73.855,72.54
06/02/2022,74.18,"852,434",72.64,74.46,72.52
06/01/2022,72.83,"1,291,052",75.43,76.85,72.02
05/31/2022,75.05,"3,439,681",74.74,76.18,74.27
05/27/2022,75.2,"1,292,304",74.49,76.3,74.315
05/26/2022,73.6,"2,019,631",70.74,73.685,70.63
05/25/2022,70.75,"1,840,674",68.86,71.18,68.32
05/24/2022,68.99,"1,730,791",70.72,71.36,68.31
05/23/2022,72.23,"1,462,685",71.92,72.37,70.865
05/20/2022,71.23,"1,337,185",72.0,72.08,69.78
05/19/2022,70.8,"2,457,894",69.86,71.78,69.8
05/18/2022,70.03,"1,324,996",72.03,73.09,69.75
05/17/2022,73.17,"1,355,277",72.95,73.68,71.73
05/16/2022,71.6,"2,017,287",71.73,72.82,71.27
05/13/2022,71.98,"1,807,949",70.43,72.07,69.69
05/12/2022,69.1,"3,576,788",68.83,69.25,66.43
05/11/2022,69.5,"2,423,844",70.23,72.25,69.04
05/10/2022,70.74,"2,824,576",70.97,72.76,68.96
05/09/2022,69.89,"1,942,194",75.59,76.11,69.7
05/06/2022,76.98,"1,918,431",77.38,78.7733,75.53
05/05/2022,78.3,"2,424,743",81.02,81.68,77.01
05/04/2022,82.12,"2,159,438",81.46,82.535,79.45
05/03/2022,81.74,"1,421,381",81.14,82.02,80.44
05/02/2022,81.7,"2,373,042",80.27,81.82,79.76
04/29/2022,80.81,"2,753,702",85.72,86.715,80.56
04/28/2022,87.33,"1,273,360",86.38,87.92,85.1446
04/27/2022,85.18,"2,020,435",85.56,87.03,84.8
04/26/2022,85.42,"1,653,356",86.69,86.77,84.92
04/25/2022,87.41,"1,704,506",85.34,87.68,84.55
04/22/2022,83.67,"1,192,009",85.22,85.42,83.3
04/21/2022,85.51,"1,082,329",87.0,87.895,85.0
04/20/2022,86.79,"862,759",86.92,87.5,85.81
04/19/2022,86.8,"875,172",85.83,87.67,85.07
04/18/2022,85.82,"928,798",86.33,86.9,85.31
04/14/2022,86.44,"1,304,608",87.24,88.32,86.41
04/13/2022,86.47,"1,946,906",82.49,87.29,82.49
04/12/2022,82.49,"1,403,499",83.01,83.69,82.3
04/11/2022,81.9,"1,452,229",81.59,83.11,81.0
04/08/2022,82.38,"1,932,271",82.3,84.186,82.18
04/07/2022,82.91,"1,860,630",83.04,83.87,81.92
04/06/2022,83.56,"1,962,034",84.11,85.15,82.795
04/05/2022,85.72,"2,120,776",87.05,87.89,85.5546
04/04/2022,87.32,"1,490,951",85.41,87.625,84.81
04/01/2022,84.7,"1,114,623",84.11,85.335,83.89
03/31/2022,83.7,"1,239,731",84.84,85.62,83.67
03/30/2022,84.79,"995,956",84.16,86.15,84.16
03/29/2022,85.25,"1,955,053",85.43,86.42,84.75
03/28/2022,84.46,"1,180,041",84.265,85.05,83.04
03/25/2022,84.51,"1,193,248",83.51,84.7,82.67
03/24/2022,83.49,"1,251,944",82.46,83.8399,81.63
03/23/2022,82.13,"1,268,334",82.25,82.75,81.03
03/22/2022,82.77,"1,255,089",81.32,83.94,81.01
03/21/2022,81.52,"1,347,182",81.06,83.005,80.57
03/18/2022,81.9,"2,430,033",78.0,81.92,77.45
03/17/2022,77.42,"2,323,085",77.0,77.54,75.7
03/16/2022,77.29,"2,741,373",77.36,78.12,74.61
03/15/2022,76.56,"3,790,641",78.81,80.2,73.46
03/14/2022,78.31,"1,376,377",77.37,80.15,77.3066
03/11/2022,78.21,"1,106,609",78.89,79.43,77.475
03/10/2022,78.45,"934,949",78.75,80.13,78.03
03/09/2022,79.73,"1,985,564",78.98,80.73,78.69
03/08/2022,77.09,"2,533,000",76.08,80.32,76.08
03/07/2022,76.75,"1,540,560",79.96,80.71,76.59
03/04/2022,80.5,"1,202,576",83.19,83.99,80.12
03/03/2022,83.13,"1,436,201",83.7,84.69,82.7525
03/02/2022,83.03,"1,730,576",82.53,83.35,80.77
03/01/2022,82.52,"1,366,358",82.995,83.9,81.96
02/28/2022,83.41,"2,243,106",83.0,83.92,81.76
02/25/2022,83.3,"1,801,292",82.6,83.43,81.29
02/24/2022,82.92,"2,072,018",78.27,83.65,78.27
02/23/2022,80.5,"1,094,535",80.6,81.94,80.085
02/22/2022,80.26,"2,057,577",81.73,83.23,79.85
02/18/2022,83.62,"2,572,512",83.39,84.3,82.6
02/17/2022,83.05,"2,045,305",83.63,85.36,82.56
02/16/2022,84.26,"3,263,166",84.5,84.9,82.02
02/15/2022,86.33,"3,349,242",81.97,86.33,81.86
02/14/2022,80.37,"2,416,644",80.6,83.35,80.07
02/11/2022,80.6,"5,290,860",80.25,83.43,80.1
02/10/2022,74.21,"1,744,590",73.45,76.13,73.23
02/09/2022,74.93,"1,936,177",75.87,76.8,73.7
02/08/2022,75.43,"1,832,891",75.23,76.09,74.93
02/07/2022,76.25,"921,031",76.51,77.44,75.16
02/04/2022,76.45,"1,022,754",75.34,77.22,74.99
02/03/2022,75.41,"1,429,251",75.61,76.96,74.83
02/02/2022,78.55,"1,477,423",78.15,78.73,76.15
02/01/2022,77.25,"1,545,588",76.71,77.635,75.325
01/31/2022,75.71,"1,777,862",73.35,75.88,73.01
01/28/2022,73.0,"1,180,859",70.19,73.0,68.82
01/27/2022,69.8,"1,590,671",70.52,72.36,69.155
01/26/2022,69.52,"1,898,703",71.53,72.575,69.12
01/25/2022,70.38,"1,018,628",72.04,72.92,69.8
01/24/2022,73.39,"3,074,274",70.29,73.535,67.95
01/21/2022,71.76,"1,562,997",72.99,73.69,71.43
01/20/2022,73.69,"1,017,505",74.44,76.59,73.39
01/19/2022,73.72,"989,547",75.65,76.2,73.6
01/18/2022,75.04,"1,271,475",75.53,76.415,74.67
01/14/2022,76.77,"1,394,715",77.74,78.55,75.2032
01/13/2022,78.12,"873,123",80.09,80.485,77.83
01/12/2022,79.67,"1,244,963",80.77,81.86,79.26
01/11/2022,80.08,"1,920,536",76.55,81.24,75.98
01/10/2022,76.6,"1,962,487",75.53,76.65,74.195
01/07/2022,76.82,"1,135,261",76.72,77.93,76.7
01/06/2022,77.43,"1,778,930",78.85,80.25,77.08
01/05/2022,79.36,"1,624,535",83.23,83.78,79.3
01/04/2022,83.78,"1,821,231",84.47,84.75,82.64
01/03/2022,84.5,"1,896,354",84.56,84.94,83.0
12/31/2021,84.86,"1,174,511",83.97,85.49,83.88
12/30/2021,84.2,"1,340,188",83.39,85.2833,83.39
12/29/2021,83.83,"1,691,503",82.51,83.99,82.35
12/28/2021,82.5,"2,483,897",82.58,84.0799,82.2
12/27/2021,82.35,"4,829,031",79.09,83.32,79.04
12/23/2021,76.0,"2,091,864",75.48,76.265,75.0
12/22/2021,75.7,"1,065,331",75.04,75.935,74.64
12/21/2021,74.91,"1,928,786",72.94,75.05,72.11
12/20/2021,72.65,"1,635,375",70.77,72.68,70.41
12/17/2021,71.74,"2,031,482",69.3,71.93,68.1
12/16/2021,69.85,"2,401,558",70.59,71.26,68.9
12/15/2021,70.56,"2,408,700",70.77,70.97,67.795
12/14/2021,71.11,"2,661,612",71.83,72.61,70.065
12/13/2021,72.55,"2,571,026",71.08,72.56,70.78
12/10/2021,71.4,"672,885",71.12,71.93,70.9
12/09/2021,70.91,"1,411,343",72.15,72.6,70.72
12/08/2021,72.54,"1,194,428",73.26,74.08,72.3
12/07/2021,72.81,"2,037,306",70.715,72.92,70.715
12/06/2021,70.0,"2,637,959",68.74,71.45,67.71
12/03/2021,69.17,"2,465,070",69.74,70.66,68.07
12/02/2021,69.36,"2,663,447",67.43,69.42,66.82
12/01/2021,68.0,"2,869,956",69.7,70.7,67.73
11/30/2021,70.17,"2,711,823",69.34,70.725,68.965
11/29/2021,69.09,"2,134,600",67.0,69.42,65.9
11/26/2021,66.79,"979,244",67.02,67.63,66.41
11/24/2021,67.77,"846,670",66.01,67.95,65.699
11/23/2021,66.71,"1,261,393",66.9,67.42,66.13
11/22/2021,67.56,"2,434,163",70.97,71.42,67.56
11/19/2021,71.31,"1,077,254",73.0,73.2,71.26
11/18/2021,72.93,"1,654,214",73.24,73.24,71.5646
11/17/2021,72.99,"1,571,954",73.37,73.79,72.29
11/16/2021,73.56,"1,419,085",73.14,74.38,73.044
11/15/2021,72.98,"1,488,177",70.96,72.99,70.78
11/12/2021,70.95,"1,063,292",71.37,71.37,70.42
11/11/2021,70.74,"2,163,525",71.52,72.495,70.54
11/10/2021,71.11,"1,969,666",71.46,71.74,70.48
11/09/2021,71.71,"1,920,255",71.99,72.25,71.02
11/08/2021,71.43,"2,165,263",72.92,73.15,70.75
11/05/2021,72.78,"1,445,798",75.06,75.245,72.455
11/04/2021,74.8,"3,248,401",79.87,79.8999,73.66
11/03/2021,67.21,"2,193,752",67.34,67.87,66.46
11/02/2021,67.43,"1,797,571",69.73,69.73,67.19
11/01/2021,69.43,"1,420,991",69.1,69.49,68.53
10/29/2021,69.17,"1,893,797",69.62,70.16,69.01
10/28/2021,70.04,"842,244",69.43,70.21,68.34
10/27/2021,69.25,"953,933",70.45,70.61,69.215
10/26/2021,70.31,"1,112,624",70.65,70.87,70.1
10/25/2021,69.99,"1,269,661",70.3,70.84,69.25
10/22/2021,69.39,"894,451",69.08,70.06,68.77
10/21/2021,69.52,"714,765",69.91,70.53,69.24
10/20/2021,69.83,"853,431",70.0,70.465,69.08
10/19/2021,69.67,"1,098,982",69.63,70.15,68.78
10/18/2021,69.11,"1,134,253",69.56,70.01,68.86
10/15/2021,69.79,"962,920",70.65,70.79,69.19
10/14/2021,70.22,"895,434",69.42,70.87,69.405
10/13/2021,68.9,"443,145",68.68,69.44,68.28
10/12/2021,68.24,"700,410",68.43,69.0,68.14
10/11/2021,68.38,"821,441",69.73,69.895,68.36
10/08/2021,70.01,"515,661",70.71,71.15,70.0
10/07/2021,70.06,"948,978",70.09,71.13,70.03
10/06/2021,69.55,"687,789",68.95,69.97,68.76
10/05/2021,69.6,"1,229,473",70.42,71.04,69.56
10/04/2021,70.18,"845,256",71.55,71.55,69.45
10/01/2021,71.7,"1,298,057",69.87,71.95,69.71
09/30/2021,69.7,"705,173",70.11,70.46,69.68
09/29/2021,69.78,"1,261,843",70.49,71.56,69.76
09/28/2021,70.22,"1,205,620",70.55,70.87,69.01
09/27/2021,71.14,"1,052,083",70.5,71.385,69.95
09/24/2021,71.12,"629,888",71.09,71.75,70.995
09/23/2021,71.61,"551,869",72.03,72.43,71.56
09/22/2021,71.73,"548,761",70.53,71.93,70.5
09/21/2021,70.51,"758,254",71.22,71.35,70.08
09/20/2021,70.82,"1,301,735",71.45,71.68,69.77
09/17/2021,72.41,"2,363,373",73.06,73.44,71.68
09/16/2021,73.28,"1,516,936",73.72,74.16,72.715
09/15/2021,74.28,"1,788,124",74.07,74.59,73.5
09/14/2021,74.21,"1,101,868",75.36,75.75,74.17
09/13/2021,75.23,"773,353",75.58,75.945,74.01
09/10/2021,75.25,"903,353",75.7,76.46,75.22
09/09/2021,75.34,"568,559",75.13,76.26,75.075
09/08/2021,75.2,"767,518",75.01,75.615,74.2
09/07/2021,75.08,"752,330",74.93,75.5,74.39
09/03/2021,74.96,"832,190",75.12,75.51,74.405
09/02/2021,75.12,"1,100,786",74.25,75.24,73.78
09/01/2021,73.99,"962,635",73.94,75.36,73.36
08/31/2021,73.31,"1,273,982",73.7,74.08,73.065
08/30/2021,73.44,"798,686",74.51,74.83,73.36
08/27/2021,74.12,"987,269",72.95,74.84,72.95
08/26/2021,73.45,"699,006",73.08,74.062,72.75
08/25/2021,73.4,"1,145,524",73.3,74.219,73.2
08/24/2021,73.01,"1,258,423",71.87,73.76,71.55
08/23/2021,71.45,"813,529",70.46,71.7,70.25
08/20/2021,70.46,"711,886",70.43,71.06,69.64
08/19/2021,70.21,"1,189,273",69.0,70.5,68.75
08/18/2021,69.38,"1,037,390",70.03,70.65,69.34
08/17/2021,70.26,"1,321,392",69.62,70.62,69.12
08/16/2021,70.27,"1,798,509",71.01,71.01,69.24
08/13/2021,71.3,"1,459,954",71.3,72.23,70.67
08/12/2021,71.04,"1,494,587",70.6,71.49,70.12
08/11/2021,70.6,"1,799,589",72.67,72.83,70.335
08/10/2021,72.97,"1,638,333",73.81,74.13,72.34
08/09/2021,73.69,"2,202,877",71.35,73.9,70.74
08/06/2021,71.59,"1,932,466",72.56,72.845,70.765
08/05/2021,73.12,"5,949,281",75.0,77.14,71.48
08/04/2021,83.5,"1,290,827",83.64,83.87,82.8
08/03/2021,84.05,"684,034",85.02,85.56,83.61
08/02/2021,85.0,"1,328,031",84.49,85.91,83.96
07/30/2021,83.85,"925,371",83.87,84.775,83.77
07/29/2021,84.27,"915,100",85.1,85.34,84.21
07/28/2021,84.99,"759,433",84.31,85.23,84.3
07/27/2021,83.92,"672,380",85.01,85.28,82.95
07/26/2021,85.49,"306,338",85.69,85.7,85.03
07/23/2021,86.13,"414,936",86.16,86.63,85.61
07/22/2021,85.5,"490,627",86.0,86.22,84.97
07/21/2021,85.43,"832,182",84.18,85.76,84.07
07/20/2021,84.39,"1,315,093",83.31,85.09,83.025
07/19/2021,83.3,"1,218,241",83.81,84.5,83.19
07/16/2021,85.01,"828,682",84.82,86.21,84.68
07/15/2021,84.18,"842,518",84.65,84.8772,83.25
07/14/2021,84.72,"916,310",86.53,86.79,84.69
07/13/2021,86.01,"857,924",86.07,86.845,85.18
07/12/2021,86.13,"847,560",87.72,88.33,85.925
07/09/2021,87.43,"821,233",87.2,87.47,86.58
07/08/2021,87.28,"789,316",87.55,88.08,86.52
07/07/2021,89.0,"1,140,987",89.49,90.0,88.8727
07/06/2021,88.64,"939,817",89.63,90.43,88.47
07/02/2021,89.11,"858,329",89.0,89.28,88.47
07/01/2021,88.47,"1,136,013",86.87,88.74,86.58
06/30/2021,86.96,"1,418,463",88.55,88.55,85.99
06/29/2021,88.44,"681,121",87.57,88.575,87.24
06/28/2021,87.51,"786,650",87.75,88.8478,87.02
06/25/2021,86.89,"4,108,060",86.2,87.05,85.44
06/24/2021,86.02,"592,725",86.07,86.486,85.63
06/23/2021,85.48,"624,925",85.38,85.9894,85.2
06/22/2021,85.3,"867,650",84.83,85.54,84.52
06/21/2021,84.84,"1,005,222",85.46,85.64,84.42
06/18/2021,85.61,"1,768,552",85.39,86.4,84.9
06/17/2021,85.77,"1,200,519",84.13,86.89,84.13
06/16/2021,84.21,"1,048,649",85.02,85.88,83.6
06/15/2021,84.83,"840,970",85.32,85.32,84.35
06/14/2021,85.4,"1,317,282",83.25,85.49,82.33
06/11/2021,82.78,"1,363,389",81.89,82.83,81.51
06/10/2021,81.67,"535,905",80.61,81.67,80.5
06/09/2021,81.14,"629,142",81.175,81.93,81.04
06/08/2021,81.17,"851,699",81.59,82.45,80.87
06/07/2021,80.99,"892,950",80.89,81.1,80.0
06/04/2021,80.83,"793,862",79.62,80.89,79.43
06/03/2021,79.22,"646,488",80.04,80.34,79.0301
06/02/2021,80.91,"1,014,294",82.935,82.935,80.5525
06/01/2021,82.66,"1,145,623",81.13,83.11,80.93
05/28/2021,80.96,"745,511",81.51,82.38,80.86
05/27/2021,81.29,"1,995,811",79.19,81.4,78.47
05/26/2021,79.75,"765,837",80.5,80.89,79.6
05/25/2021,80.24,"949,998",80.59,81.17,79.73
05/24/2021,80.0,"913,816",79.45,80.87,78.55
05/21/2021,79.08,"1,346,228",81.3,81.572,78.75
05/20/2021,81.4,"608,263",81.18,82.35,81.0591
05/19/2021,80.57,"760,634",79.75,80.62,78.95
05/18/2021,81.18,"695,248",81.45,83.19,80.96
05/17/2021,81.17,"659,961",81.0,81.4,80.3951
05/14/2021,81.61,"813,166",79.82,81.81,79.2
05/13/2021,79.29,"832,822",80.92,81.05,78.86
05/12/2021,79.87,"1,149,177",80.46,80.4932,79.59
05/11/2021,81.56,"1,100,815",79.43,81.93,78.9
05/10/2021,80.89,"877,881",79.92,81.405,79.52
05/07/2021,81.06,"967,843",81.78,82.182,80.9
05/06/2021,81.19,"1,843,827",80.11,82.85,78.85
05/05/2021,82.24,"622,754",83.24,83.85,81.66
05/04/2021,82.42,"752,254",84.61,84.99,81.7
05/03/2021,85.48,"857,491",86.95,87.44,85.42
04/30/2021,86.82,"686,796",87.37,88.0,86.781
04/29/2021,87.9,"937,168",88.65,88.65,87.17
04/28/2021,87.95,"411,405",87.77,88.4771,87.2
04/27/2021,87.52,"621,276",87.0,87.59,86.29
04/26/2021,86.83,"460,150",85.57,86.87,85.4
04/23/2021,84.89,"1,216,348",85.01,85.42,83.55
04/22/2021,84.38,"1,118,627",84.07,85.44,83.855
04/21/2021,84.6,"432,451",84.7,85.12,84.23
04/20/2021,84.79,"697,171",85.59,86.05,84.35
04/19/2021,85.66,"584,110",86.22,86.9,85.22
04/16/2021,86.6,"980,455",87.58,87.92,86.2
04/15/2021,87.63,"1,027,022",86.87,88.015,86.45
04/14/2021,85.95,"809,828",87.0,87.7525,85.79
04/13/2021,86.58,"616,903",86.41,86.97,85.65
04/12/2021,85.9,"961,638",85.38,86.39,85.04
04/09/2021,85.49,"848,831",84.62,85.69,84.19
04/08/2021,85.12,"1,556,564",83.99,85.31,83.91
04/07/2021,82.99,"1,765,553",83.08,83.86,82.8
04/06/2021,83.01,"1,836,959",81.05,83.04,80.83
04/05/2021,81.86,"1,016,343",80.74,82.14,80.4
04/01/2021,80.21,"1,365,611",78.82,80.58,78.45
03/31/2021,77.62,"1,277,567",76.77,79.23,76.75
03/30/2021,75.95,"1,735,658",76.39,77.335,75.655
03/29/2021,77.1,"1,913,893",77.17,78.2574,75.07
03/26/2021,77.14,"2,542,646",76.8,77.51,75.8
03/25/2021,76.95,"1,918,444",73.54,77.48,73.2366
03/24/2021,74.63,"1,247,561",77.42,77.88,74.62
03/23/2021,76.89,"2,821,770",75.68,77.9,75.68
03/22/2021,75.46,"1,296,701",73.45,75.87,73.45
03/19/2021,73.22,"1,801,199",73.89,74.41,72.79
03/18/2021,73.33,"2,062,609",73.32,75.15,72.75
03/17/2021,74.53,"2,073,284",74.0,75.35,72.84
03/16/2021,75.13,"2,935,915",75.5,76.48,74.45
03/15/2021,74.89,"2,301,996",72.58,75.08,71.83
03/12/2021,72.41,"2,110,301",74.06,74.09,71.87
03/11/2021,75.22,"2,864,052",75.3,76.11,74.39
03/10/2021,73.67,"1,819,050",74.74,75.27,73.06
03/09/2021,74.43,"2,283,209",74.98,75.9511,74.182
03/08/2021,72.21,"2,241,989",75.53,75.965,72.14
03/05/2021,75.7,"2,370,332",76.68,76.68,71.51
03/04/2021,76.24,"1,640,746",77.83,78.78,75.0033
03/03/2021,78.62,"1,599,788",81.0,81.04,78.62
03/02/2021,81.26,"1,563,106",84.61,84.8274,80.99
03/01/2021,84.78,"971,937",82.51,85.0,81.19
02/26/2021,81.12,"1,343,669",80.79,82.76,80.0
02/25/2021,80.0,"1,002,836",81.0,82.5,79.73
02/24/2021,81.52,"1,190,571",81.04,81.81,79.665
02/23/2021,81.66,"1,473,099",81.35,81.97,78.4
02/22/2021,82.19,"1,094,513",83.5,83.78,81.25
02/19/2021,84.61,"1,466,679",82.63,84.8,81.77
02/18/2021,82.28,"1,224,734",82.0,83.49,80.97
02/17/2021,83.06,"1,366,391",84.25,84.89,82.88
02/16/2021,85.01,"2,504,121",85.56,86.02,83.01
02/12/2021,85.75,"4,728,218",91.46,91.94,84.7
02/11/2021,92.85,"1,643,848",92.5,93.745,92.06
02/10/2021,91.72,"1,815,723",91.3,92.71,91.03
02/09/2021,91.2,"2,615,277",88.87,91.57,88.75
02/08/2021,89.32,"1,438,426",87.37,89.44,87.14
02/05/2021,87.04,"999,032",86.91,87.24,85.18
02/04/2021,86.54,"747,752",84.45,86.65,83.6532
02/03/2021,84.14,"563,902",85.59,86.79,84.03
02/02/2021,85.26,"882,251",82.17,85.36,81.93
02/01/2021,80.97,"1,030,962",79.3,81.39,78.58
01/29/2021,78.58,"810,277",78.3,79.84,76.66
01/28/2021,78.7,"1,368,562",78.26,80.89,77.9653
01/27/2021,77.89,"1,433,716",81.14,81.59,77.45
01/26/2021,82.09,"1,129,475",82.48,83.0,80.6705
01/25/2021,82.75,"1,220,303",84.51,84.89,81.45
01/22/2021,83.75,"631,564",82.89,84.37,82.27
01/21/2021,83.18,"631,292",83.37,84.47,82.82
01/20/2021,82.91,"822,277",81.34,83.75,81.0
01/19/2021,80.41,"747,974",81.39,82.17,80.32
01/15/2021,80.91,"720,508",81.86,82.37,80.43
01/14/2021,81.82,"1,140,351",82.48,83.45,81.53
01/13/2021,81.82,"868,015",81.92,82.955,81.52
01/12/2021,81.26,"909,919",81.21,82.15,80.15
01/11/2021,81.22,"727,623",81.5,82.78,80.64
01/08/2021,82.05,"973,926",82.96,84.95,81.58
01/07/2021,81.67,"908,974",80.63,82.31,80.38
01/06/2021,80.23,"1,146,460",81.5,82.615,80.14
01/05/2021,82.37,"633,585",81.52,82.54,80.89
01/04/2021,81.78,"1,856,509",83.28,83.28,80.635
12/31/2020,82.95,"771,120",83.28,83.28,82.04
12/30/2020,83.32,"552,416",84.0,84.43,83.01
12/29/2020,83.29,"834,555",84.52,85.235,82.88
12/28/2020,83.59,"744,318",85.1,85.49,83.13
12/24/2020,84.96,"248,868",84.94,85.3,84.06
12/23/2020,84.66,"565,841",84.7,85.53,84.0
12/22/2020,85.3,"692,008",84.58,85.85,84.34
12/21/2020,84.19,"1,026,462",84.07,84.7089,82.18
12/18/2020,85.03,"1,979,800",86.39,87.1,84.51
12/17/2020,86.82,"1,100,183",88.62,88.9,86.74
12/16/2020,88.0,"2,295,424",87.05,91.81,85.815
12/15/2020,85.84,"1,013,044",85.4,85.97,84.52
12/14/2020,84.6,"1,036,520",85.82,86.7998,84.59
12/11/2020,85.67,"668,463",84.34,85.68,83.68
12/10/2020,84.48,"754,837",83.25,84.91,82.77
12/09/2020,83.82,"1,350,663",87.11,87.25,83.61
12/08/2020,87.31,"1,081,714",85.22,87.42,84.73
12/07/2020,85.02,"1,001,975",84.25,85.76,83.87
12/04/2020,83.87,"1,116,982",81.75,84.315,81.65
12/03/2020,81.67,"943,590",81.27,81.89,80.555
12/02/2020,81.38,"1,099,999",80.85,81.64,80.05
12/01/2020,81.55,"1,336,346",80.54,82.19,79.89
11/30/2020,79.54,"1,669,616",79.5,80.36,78.8301
11/27/2020,79.5,"379,490",78.34,79.5,77.73
11/25/2020,78.05,"717,978",77.12,78.11,76.61
11/24/2020,76.8,"1,086,791",77.61,78.31,76.51
11/23/2020,77.28,"921,437",76.57,77.7,76.33
11/20/2020,75.99,"714,435",76.23,76.98,75.97
11/19/2020,76.34,"642,476",75.47,76.95,75.17
11/18/2020,75.39,"977,412",76.1,77.47,75.22
11/17/2020,76.33,"1,482,189",74.28,77.55,74.01
11/16/2020,74.4,"1,139,196",72.91,74.455,72.19
11/13/2020,73.7,"872,902",72.55,73.74,71.33
11/12/2020,72.51,"1,298,231",74.84,74.84,72.18
11/11/2020,74.62,"1,377,237",71.0,75.0,70.66
11/10/2020,70.18,"1,693,433",70.0,70.875,68.66
11/09/2020,70.63,"3,171,895",75.0,75.5,70.58
11/06/2020,75.0,"2,892,667",75.75,76.32,73.86
11/05/2020,75.76,"3,674,790",81.0,81.0,75.44
11/04/2020,79.78,"2,096,082",76.17,79.87,75.88
11/03/2020,74.14,"1,030,873",72.63,74.42,72.121
11/02/2020,72.09,"1,284,368",71.35,72.59,70.6
10/30/2020,70.74,"1,547,878",72.36,72.61,69.06
10/29/2020,72.78,"1,303,056",71.71,73.48,71.44
10/28/2020,71.16,"1,167,687",71.21,71.3999,69.426
10/27/2020,72.24,"816,669",73.5,74.03,72.05
10/26/2020,72.91,"859,227",74.59,75.47,71.51
10/23/2020,74.87,"1,080,607",75.91,75.91,73.67
10/22/2020,75.16,"934,205",78.86,79.8,75.0401
10/21/2020,78.56,"1,187,205",78.22,80.25,78.04
10/20/2020,77.79,"1,522,896",78.19,79.51,77.53
10/19/2020,77.49,"1,341,897",76.64,78.4,76.2
10/16/2020,75.99,"626,055",76.92,77.66,75.93
10/15/2020,76.41,"824,259",75.53,76.56,75.11
10/14/2020,77.01,"644,772",78.26,78.61,76.6
10/13/2020,77.95,"549,777",77.53,78.53,77.36
10/12/2020,77.08,"373,648",78.1,78.44,76.735
10/09/2020,76.83,"771,472",75.43,77.26,75.21
10/08/2020,75.05,"723,752",76.5,76.5,74.46
10/07/2020,75.4,"779,607",75.36,76.76,74.6
10/06/2020,74.81,"1,844,336",77.5,78.34,73.55
10/05/2020,77.09,"1,065,866",75.62,77.6,74.78
10/02/2020,75.16,"958,925",75.62,76.68,74.93
10/01/2020,77.39,"1,240,620",76.99,77.97,76.03
09/30/2020,75.97,"1,172,886",75.8,76.69,75.38
09/29/2020,76.14,"2,428,556",74.98,77.98,74.7
09/28/2020,74.93,"1,791,668",76.37,76.68,73.96
09/25/2020,75.57,"1,101,497",73.63,75.93,73.02
09/24/2020,73.35,"1,337,764",72.85,73.935,71.45
09/23/2020,73.55,"1,708,716",75.0,75.45,72.85
09/22/2020,74.5,"959,160",74.01,74.7894,73.14
09/21/2020,73.51,"1,058,266",70.94,74.12,70.24
09/18/2020,71.87,"1,866,916",73.09,73.51,70.805
09/17/2020,72.49,"1,055,519",72.01,72.5,71.16
09/16/2020,73.52,"1,674,242",74.5,74.62,73.17
09/15/2020,73.93,"1,490,042",75.38,75.9,73.6701
09/14/2020,74.73,"855,628",76.12,76.64,74.33
09/11/2020,75.26,"720,508",76.43,76.65,74.57
09/10/2020,76.01,"757,116",77.8,78.56,75.81
09/09/2020,77.05,"890,133",77.59,77.7999,76.07
09/08/2020,76.43,"1,171,256",76.98,78.55,75.89
09/04/2020,79.52,"1,821,586",81.0,81.75,77.26
09/03/2020,81.86,"1,259,633",84.27,84.33,81.3312
09/02/2020,85.23,"1,202,890",84.79,85.66,83.22
09/01/2020,84.24,"1,180,982",84.42,85.13,84.02
08/31/2020,83.68,"2,177,502",84.45,89.0,83.28
08/28/2020,83.5,"828,433",83.39,83.97,82.8
08/27/2020,83.32,"1,023,919",83.93,84.1972,82.55
08/26/2020,83.64,"895,874",82.99,83.8548,82.305
08/25/2020,83.02,"2,093,135",82.11,83.49,80.91
08/24/2020,82.29,"1,519,670",83.94,84.24,81.51
08/21/2020,83.65,"3,287,435",82.78,83.7,81.72
08/20/2020,82.63,"860,450",81.14,82.75,80.66
08/19/2020,81.68,"1,143,354",81.62,82.26,81.04
08/18/2020,81.63,"838,917",80.74,81.775,80.37
08/17/2020,80.69,"1,743,832",81.2,81.48,80.02
08/14/2020,80.72,"1,359,901",80.55,81.0,79.88
08/13/2020,80.38,"2,192,487",79.13,80.83,78.54
08/12/2020,78.99,"1,700,447",79.38,79.7799,78.02
08/11/2020,79.04,"2,325,595",77.54,79.99,76.17
08/10/2020,77.66,"1,669,702",77.84,78.05,75.08
08/07/2020,77.88,"2,322,257",76.15,78.25,75.58
08/06/2020,79.0,"4,530,870",83.58,85.46,76.7
08/05/2020,74.45,"2,147,001",73.48,74.4765,72.265
08/04/2020,73.23,"2,865,450",70.21,73.47,69.45
08/03/2020,70.19,"1,779,843",70.72,71.38,69.76
07/31/2020,70.28,"1,390,577",69.5,70.29,68.97
07/30/2020,68.89,"837,715",66.99,69.125,66.5
07/29/2020,67.62,"847,572",67.48,68.02,67.22
07/28/2020,66.97,"746,030",68.53,68.83,66.83
07/27/2020,68.55,"813,229",68.86,68.91,67.88
07/24/2020,68.61,"1,085,006",69.0,69.885,68.16
07/23/2020,69.36,"1,001,625",69.56,71.0,69.01
07/22/2020,69.59,"703,200",69.93,70.33,69.0845
07/21/2020,69.73,"1,091,875",71.79,72.0999,69.6
07/20/2020,71.28,"1,099,548",69.5,71.68,69.5
07/17/2020,69.24,"1,924,504",70.64,70.89,68.97
07/16/2020,70.37,"1,280,884",71.19,71.75,69.87
07/15/2020,72.2,"1,858,433",73.28,73.54,71.88
07/14/2020,72.35,"2,868,337",69.19,72.39,68.16
07/13/2020,69.41,"1,900,183",72.95,73.134,69.25
07/10/2020,72.45,"2,310,000",70.91,72.54,70.44
07/09/2020,70.65,"5,013,510",70.99,71.17,68.93
07/08/2020,70.88,"2,064,020",70.32,71.58,70.0
07/07/2020,69.74,"2,223,649",70.68,71.46,69.71
07/06/2020,70.57,"1,801,746",72.26,72.4,70.25
07/02/2020,71.3,"1,702,739",74.68,74.8134,71.06
07/01/2020,73.85,"1,677,165",73.3,74.16,72.775
06/30/2020,73.33,"1,756,464",72.62,73.83,71.39
06/29/2020,72.59,"1,434,060",71.94,72.63,70.7
06/26/2020,71.56,"3,288,243",74.7,75.12,71.47
06/25/2020,74.79,"2,083,043",75.0,76.35,73.82
06/24/2020,75.59,"3,385,677",82.54,83.01,74.7839
06/23/2020,82.71,"1,735,496",83.15,84.49,82.531
06/22/2020,82.41,"2,126,633",81.66,82.66,81.27
06/19/2020,81.2,"2,943,982",80.94,81.32,79.61
06/18/2020,80.15,"882,472",79.99,80.415,79.38
06/17/2020,79.92,"1,032,115",79.0,80.24,78.2
06/16/2020,78.49,"1,116,606",79.49,80.0,77.35
06/15/2020,77.42,"1,003,519",74.7,77.56,73.81
06/12/2020,76.26,"856,132",77.85,78.6,74.58
06/11/2020,75.27,"1,024,318",77.35,77.71,75.1
06/10/2020,79.44,"608,655",80.0,80.34,78.89
06/09/2020,79.63,"637,149",80.99,81.41,78.91
06/08/2020,80.86,"1,172,447",78.64,81.29,77.53
06/05/2020,78.59,"1,163,320",79.62,81.13,78.32
06/04/2020,79.14,"1,010,102",81.21,81.63,78.52
06/03/2020,81.47,"1,322,793",80.57,82.47,79.9
06/02/2020,80.32,"2,613,557",78.39,80.7,77.8
06/01/2020,77.96,"1,150,302",77.0,78.5,76.76
05/29/2020,77.25,"1,174,177",76.4,77.29,75.55
05/28/2020,76.5,"1,075,007",77.36,77.7599,76.31
05/27/2020,77.48,"1,383,601",74.52,77.49,73.69
05/26/2020,75.24,"1,180,356",77.0,77.85,75.05
05/22/2020,75.66,"787,013",74.75,75.73,73.25
05/21/2020,74.37,"1,166,485",75.31,75.63,73.68
05/20/2020,75.15,"1,929,145",75.89,76.54,74.83
05/19/2020,74.48,"1,238,892",75.69,75.74,74.32
05/18/2020,75.07,"1,835,622",76.51,78.4399,75.02
05/15/2020,76.51,"1,159,306",75.3,76.71,74.87
05/14/2020,76.21,"1,592,188",76.01,76.86,74.685
05/13/2020,76.79,"2,206,337",75.81,76.85,74.55
05/12/2020,75.54,"1,394,190",76.0,76.975,75.01
05/11/2020,75.47,"1,551,424",74.53,76.42,74.18
05/08/2020,75.05,"1,438,726",73.43,75.57,72.65
05/07/2020,73.04,"2,378,688",72.85,74.7,71.88
05/06/2020,70.0,"2,325,198",69.2,70.4299,68.66
05/05/2020,68.62,"1,191,550",67.4,69.54,67.01
05/04/2020,66.81,"1,441,731",65.27,67.19,64.56
05/01/2020,65.82,"1,588,546",67.66,68.69,65.51
04/30/2020,69.43,"2,236,165",68.26,69.55,67.68
04/29/2020,68.12,"1,160,472",67.35,68.72,66.88
04/28/2020,66.05,"831,214",68.04,68.76,65.845
04/27/2020,67.49,"1,593,145",68.44,69.15,67.2
04/24/2020,67.39,"794,508",66.48,67.72,65.7486
04/23/2020,66.26,"1,165,483",65.23,67.28,65.23
04/22/2020,65.23,"1,585,299",65.16,66.21,64.61
04/21/2020,64.41,"995,157",65.85,66.57,62.89
04/20/2020,67.16,"1,115,081",65.81,67.865,65.4
04/17/2020,66.82,"1,260,866",65.0,67.11,64.74
04/16/2020,64.46,"966,534",64.03,64.89,63.28
04/15/2020,63.67,"964,435",62.1,64.33,61.26
04/14/2020,63.84,"1,460,516",63.68,64.935,62.79
04/13/2020,62.31,"1,240,492",62.33,62.81,60.47
04/09/2020,62.54,"1,144,218",61.95,63.83,61.455
04/08/2020,61.16,"1,376,169",58.79,61.76,58.31
04/07/2020,58.01,"2,105,302",60.92,62.22,57.47
04/06/2020,58.82,"2,626,952",55.4,59.35,54.64
04/03/2020,52.07,"4,592,168",55.37,56.43,50.63
04/02/2020,56.24,"4,703,420",53.26,57.54,52.2
04/01/2020,52.86,"4,530,445",54.98,55.54,50.76
03/31/2020,57.11,"3,907,158",58.79,60.63,56.81
03/30/2020,59.16,"3,396,161",56.93,59.65,56.25
03/27/2020,56.67,"5,549,556",55.57,59.0,54.6
03/26/2020,58.56,"3,421,367",57.92,60.78,57.42
03/25/2020,57.47,"2,398,685",57.31,60.35,57.145
03/24/2020,57.31,"3,375,662",51.47,57.54,51.47
03/23/2020,48.77,"2,854,892",48.4,50.49,46.15
03/20/2020,48.71,"3,145,408",48.05,52.23,47.72
03/19/2020,47.88,"3,850,450",41.36,48.74,41.05
03/18/2020,41.92,"3,404,650",41.59,47.74,40.25
03/17/2020,44.77,"3,815,457",44.86,50.25,41.35
03/16/2020,44.42,"3,930,436",48.25,50.545,44.26
03/13/2020,54.95,"2,135,621",54.26,55.04,49.63
03/12/2020,51.79,"3,793,453",53.5,56.31,51.18
03/11/2020,58.18,"1,620,004",61.03,61.69,57.17
03/10/2020,62.19,"1,868,786",61.25,62.66,59.08
03/09/2020,59.72,"2,291,172",61.61,62.14,58.0
03/06/2020,64.92,"2,064,158",65.17,65.8,63.5
03/05/2020,66.74,"1,208,447",67.65,68.1,66.32
03/04/2020,68.53,"1,893,391",68.33,68.69,67.1
03/03/2020,67.5,"1,562,535",70.0,70.56,66.66
03/02/2020,70.01,"1,954,810",70.4,70.58,68.08
02/28/2020,69.98,"1,730,340",68.55,70.22,68.07
02/27/2020,70.17,"1,975,378",70.07,72.64,69.1
02/26/2020,71.57,"1,240,376",72.92,74.34,70.9
02/25/2020,72.51,"1,526,895",75.3,75.78,72.16
02/24/2020,75.07,"1,447,697",74.74,76.18,74.46
02/21/2020,77.35,"1,225,016",77.25,77.73,76.74
02/20/2020,77.2,"1,126,474",75.54,77.39,75.24
02/19/2020,76.29,"1,451,134",78.11,78.91,76.28
02/18/2020,77.63,"1,612,962",76.5,78.27,76.32
02/14/2020,78.39,"4,947,121",75.13,78.99,74.79
02/13/2020,70.87,"1,387,026",70.23,71.37,69.55
02/12/2020,70.9,"729,260",70.63,71.18,69.83
02/11/2020,69.94,"993,009",69.81,70.3101,69.05
02/10/2020,69.48,"1,421,888",69.0,69.71,68.74
02/07/2020,69.15,"1,059,102",68.72,69.83,68.02
02/06/2020,68.86,"970,985",68.71,69.6287,68.4
02/05/2020,68.54,"1,705,560",69.47,69.79,67.5
02/04/2020,68.6,"1,807,717",69.91,70.32,68.23
02/03/2020,69.2,"1,512,012",67.59,69.295,67.29
01/31/2020,67.21,"1,347,627",69.68,69.9,66.79
01/30/2020,69.8,"1,203,220",70.71,71.19,68.93
01/29/2020,71.22,"860,957",70.96,71.5,70.07
01/28/2020,70.36,"845,990",70.45,70.6,69.72
01/27/2020,69.99,"991,628",69.62,70.4,69.24
01/24/2020,71.29,"1,090,448",72.15,72.765,70.66
01/23/2020,71.83,"836,022",71.98,72.37,71.45
01/22/2020,71.96,"742,953",72.36,72.54,71.87
01/21/2020,71.89,"820,720",71.9,72.9,71.61
01/17/2020,72.06,"1,223,872",72.54,72.99,71.6
01/16/2020,72.42,"885,960",72.55,72.9999,71.7
01/15/2020,72.17,"1,388,311",72.79,73.72,71.65
01/14/2020,72.6,"1,349,051",72.8,73.05,72.16
01/13/2020,72.66,"1,545,700",71.09,72.68,70.97
01/10/2020,70.74,"2,301,070",70.75,71.52,69.98
01/09/2020,70.34,"1,432,317",69.96,70.36,69.14
01/08/2020,69.58,"719,834",69.19,69.85,68.9
01/07/2020,69.03,"1,110,577",69.63,69.96,69.01
01/06/2020,69.32,"877,034",68.16,69.32,67.98
01/03/2020,68.76,"922,589",67.49,69.41,67.27
01/02/2020,68.56,"1,630,603",68.79,68.98,67.22
12/31/2019,67.92,"2,044,352",67.23,68.16,67.15
12/30/2019,67.54,"2,018,048",68.67,69.13,66.715
12/27/2019,68.87,"1,010,574",69.03,69.12,68.2201
12/26/2019,68.99,"895,939",68.42,69.38,68.42
12/24/2019,68.4,"351,418",68.18,68.55,68.1
12/23/2019,68.42,"808,769",68.93,68.93,67.89
12/20/2019,68.93,"1,573,555",68.97,69.48,68.31
12/19/2019,68.48,"1,619,869",67.52,68.69,67.22
12/18/2019,67.49,"1,570,122",67.5,68.44,67.415
12/17/2019,67.48,"1,500,762",68.08,68.48,67.0
12/16/2019,67.97,"2,036,746",67.53,69.11,67.05
12/13/2019,67.25,"1,122,746",67.43,68.2,66.91
12/12/2019,67.61,"1,281,733",65.89,68.24,65.89
12/11/2019,66.15,"818,277",66.0,66.23,65.695
12/10/2019,66.02,"1,427,527",66.78,66.78,65.425
12/09/2019,66.8,"1,669,564",67.32,67.68,66.745
12/06/2019,67.32,"826,146",67.96,68.26,67.12
12/05/2019,67.65,"1,518,047",66.87,67.94,66.46
12/04/2019,66.87,"1,344,549",66.18,66.95,65.89
12/03/2019,65.92,"2,009,234",64.24,66.22,64.21
12/02/2019,65.64,"1,584,873",66.25,66.25,65.05
11/29/2019,66.38,"598,890",66.82,67.0,66.26
11/27/2019,66.58,"1,661,768",68.32,68.51,66.34
11/26/2019,68.44,"1,409,149",69.45,69.49,68.23
11/25/2019,69.3,"1,136,308",69.2,69.75,69.04
11/22/2019,69.1,"1,018,753",69.24,69.43,68.42
11/21/2019,68.75,"1,157,088",69.36,69.7,68.265
11/20/2019,69.36,"1,212,473",68.24,70.09,68.12
11/19/2019,68.24,"1,105,628",68.71,69.115,68.18
11/18/2019,68.36,"1,671,427",68.01,68.8,67.6463
11/15/2019,68.1,"2,318,329",68.0,69.46,66.85
11/14/2019,67.71,"932,590",67.97,68.3,67.32
11/13/2019,68.21,"1,361,119",67.66,68.5,67.52
11/12/2019,68.08,"1,311,250",69.0,69.0,67.9
11/11/2019,68.99,"1,826,075",68.79,70.525,68.6137
11/08/2019,69.0,"2,775,798",72.28,72.93,68.38
11/07/2019,73.03,"5,430,369",70.55,73.49,68.89
11/06/2019,62.96,"3,189,697",61.93,63.1,60.58
11/05/2019,62.16,"2,391,518",64.68,64.68,62.11
11/04/2019,64.84,"1,483,653",66.11,66.11,64.68
11/01/2019,65.35,"2,070,075",65.18,66.5,64.84
10/31/2019,65.03,"2,083,898",65.19,65.34,64.31
10/30/2019,65.34,"1,242,803",64.8,65.47,64.75
10/29/2019,64.61,"844,070",65.42,65.51,64.605
10/28/2019,65.62,"940,077",65.55,66.23,64.84
10/25/2019,65.4,"1,199,573",64.74,66.01,64.3
10/24/2019,64.8,"808,591",63.67,64.89,63.32
10/23/2019,63.18,"1,385,907",62.71,63.35,62.28
10/22/2019,62.79,"1,074,984",62.66,63.52,62.46
10/21/2019,62.52,"1,249,146",63.86,64.24,62.34
10/18/2019,63.45,"1,377,505",64.3,64.305,63.16
10/17/2019,64.52,"1,107,644",64.43,64.91,64.11
10/16/2019,64.24,"1,494,419",63.31,64.44,62.96
10/15/2019,63.51,"2,007,889",62.26,63.755,62.0
10/14/2019,62.28,"2,044,684",61.85,62.68,61.39
10/11/2019,61.9,"3,163,941",60.85,62.37,60.17
10/10/2019,60.35,"3,470,780",61.45,61.76,59.93
10/09/2019,61.58,"2,425,469",62.01,62.01,61.2
10/08/2019,61.53,"2,491,757",63.69,63.85,61.36
10/07/2019,64.28,"1,085,122",64.39,64.61,63.83
10/04/2019,64.41,"808,751",63.88,64.76,63.67
10/03/2019,63.49,"1,232,258",62.66,63.81,61.92
10/02/2019,62.62,"2,108,112",62.15,62.95,60.94
10/01/2019,62.95,"2,325,168",66.15,66.7,62.71
09/30/2019,65.98,"942,176",65.61,66.13,65.17
09/27/2019,65.42,"1,039,499",66.29,66.42,64.68
09/26/2019,65.95,"1,158,795",66.37,66.63,64.87
09/25/2019,66.55,"1,394,849",65.74,66.72,65.12
09/24/2019,65.63,"1,535,123",67.07,67.62,65.29
09/23/2019,66.53,"757,820",66.42,67.01,65.925
09/20/2019,66.62,"1,282,739",67.32,67.83,66.405
09/19/2019,67.09,"1,083,249",66.41,67.17,66.34
09/18/2019,66.31,"1,605,546",67.0,67.2,65.41
09/17/2019,67.07,"1,256,725",66.49,67.1,66.12
09/16/2019,66.62,"756,797",65.73,66.74,65.57
09/13/2019,66.18,"2,096,537",65.52,66.38,65.445
09/12/2019,65.7,"976,128",66.5,67.12,65.56
09/11/2019,66.07,"1,209,512",65.45,66.19,65.34
09/10/2019,65.38,"2,086,550",65.57,66.34,65.28
09/09/2019,65.68,"1,803,617",64.66,65.84,63.92
09/06/2019,64.53,"1,683,513",65.3,65.85,64.435
09/05/2019,65.12,"2,142,856",64.25,65.555,64.1
09/04/2019,63.54,"1,189,588",63.55,63.64,62.48
09/03/2019,62.68,"1,443,249",62.85,63.49,62.42
08/30/2019,63.34,"859,394",64.22,64.22,62.64
08/29/2019,63.63,"1,024,571",64.0,64.35,63.3
08/28/2019,63.28,"1,098,793",63.6,63.77,62.88
08/27/2019,64.0,"2,987,983",63.85,64.55,63.53
08/26/2019,63.33,"1,132,837",63.17,63.37,62.45
08/23/2019,62.8,"1,559,532",63.58,64.2,62.62
08/22/2019,63.82,"1,328,243",64.42,64.42,63.52
08/21/2019,64.22,"1,143,390",63.9,64.7,63.79
08/20/2019,63.23,"1,205,941",64.02,64.27,63.17
08/19/2019,64.17,"1,478,297",64.28,64.85,63.83
08/16/2019,63.55,"2,348,184",63.39,64.4,63.27
08/15/2019,62.78,"1,474,912",62.86,63.58,62.29
08/14/2019,62.48,"1,980,921",62.99,63.36,62.34
08/13/2019,64.05,"2,720,317",62.26,64.45,62.26
08/12/2019,62.6,"2,732,792",63.12,63.26,61.78
08/09/2019,63.59,"1,960,831",65.38,66.08,63.47
08/08/2019,65.97,"3,422,326",64.88,66.05,64.43
08/07/2019,64.6,"2,828,153",64.31,65.595,63.75
08/06/2019,65.0,"2,796,521",65.75,66.66,64.95
08/05/2019,65.17,"4,034,126",68.54,68.56,64.39
08/02/2019,70.42,"6,775,206",72.73,72.93,66.59
08/01/2019,74.23,"2,642,683",73.77,76.06,73.43
07/31/2019,73.38,"1,681,273",73.39,74.55,72.77
07/30/2019,73.22,"1,912,859",73.09,73.67,72.86
07/29/2019,73.81,"1,072,545",74.8,74.8,73.02
07/26/2019,74.8,"925,888",74.54,75.0,74.46
07/25/2019,74.24,"889,425",75.46,75.46,74.07
07/24/2019,75.33,"1,063,476",74.9,75.92,74.49
07/23/2019,74.9,"835,304",74.62,74.96,73.89
07/22/2019,74.32,"1,414,346",72.88,74.35,72.5
07/19/2019,72.4,"1,550,804",74.23,74.46,72.31
07/18/2019,74.06,"1,667,124",74.32,74.63,74.01
07/17/2019,74.78,"1,412,018",73.62,74.86,73.51
07/16/2019,73.62,"1,283,329",73.0,73.66,72.915
07/15/2019,73.07,"741,473",73.0,73.23,72.71
07/12/2019,73.0,"1,841,781",71.72,73.06,71.43
07/11/2019,71.36,"2,023,249",70.06,71.45,69.9
07/10/2019,70.07,"1,163,500",71.14,71.51,69.99
07/09/2019,70.57,"1,856,808",70.34,70.8,69.8
07/08/2019,70.33,"872,067",71.46,71.49,70.13
07/05/2019,71.71,"752,693",71.21,71.8,70.7
07/03/2019,71.82,"960,140",70.94,71.99,70.82
07/02/2019,70.79,"1,541,845",70.57,71.15,69.59
07/01/2019,70.8,"1,831,315",71.2,71.75,70.57
06/28/2019,70.15,"2,423,334",70.14,70.41,69.18
06/27/2019,69.73,"1,696,833",68.3,69.99,67.33
06/26/2019,68.18,"2,333,580",70.0,70.23,68.13
06/25/2019,69.71,"1,251,973",72.12,72.12,69.52
06/24/2019,72.03,"1,180,369",72.44,72.66,71.9
06/21/2019,72.14,"2,055,918",72.38,72.56,71.57
06/20/2019,72.59,"1,361,669",73.6,74.38,71.99
06/19/2019,72.34,"1,555,898",71.28,72.41,71.28
06/18/2019,71.4,"1,244,441",72.01,72.63,71.24
06/17/2019,71.25,"1,669,882",70.28,72.17,70.28
06/14/2019,70.04,"1,560,342",70.95,71.07,69.19
06/13/2019,71.05,"1,705,773",71.82,72.185,70.78
06/12/2019,71.8,"1,563,021",72.42,72.59,71.64
06/11/2019,72.34,"881,634",74.26,74.57,71.77
06/10/2019,73.36,"1,336,398",73.63,74.22,73.12
06/07/2019,73.2,"835,162",72.85,73.67,72.63
06/06/2019,72.31,"870,713",72.4,72.73,71.6
06/05/2019,72.41,"1,295,052",72.24,72.6,70.65
06/04/2019,71.49,"1,952,355",70.5,71.58,70.49
06/03/2019,70.29,"3,224,099",73.96,74.425,69.9
05/31/2019,74.4,"1,375,106",73.23,74.46,72.7
05/30/2019,73.82,"1,033,880",74.14,74.89,73.75
05/29/2019,74.04,"607,437",74.53,74.76,73.65
05/28/2019,75.28,"775,860",75.0,76.24,74.85
05/24/2019,74.79,"851,777",75.24,75.48,74.74
05/23/2019,74.53,"1,053,715",74.5,74.57,73.45
05/22/2019,75.43,"756,613",75.31,75.83,74.74
05/21/2019,75.6,"1,391,927",75.08,75.91,74.92
05/20/2019,74.21,"1,356,019",74.1,74.81,72.96
05/17/2019,74.96,"802,539",75.32,76.09,74.56
05/16/2019,76.28,"1,302,125",75.65,76.73,75.58
05/15/2019,75.5,"1,945,583",73.76,76.0,73.46
05/14/2019,74.35,"2,239,334",75.08,75.805,74.25
05/13/2019,74.84,"1,800,872",76.19,76.74,74.68
05/10/2019,77.91,"1,062,768",78.01,78.33,75.7
05/09/2019,78.32,"1,093,795",77.61,78.78,76.4
05/08/2019,78.7,"1,789,213",78.47,79.2,77.61
05/07/2019,78.59,"2,084,340",78.66,79.54,77.9
05/06/2019,79.31,"1,425,542",78.07,79.89,77.41
05/03/2019,79.38,"2,968,799",78.67,80.83,77.3
05/02/2019,81.23,"1,948,740",80.96,81.78,80.28
05/01/2019,81.1,"1,366,556",82.08,82.3,80.93
04/30/2019,81.5,"1,001,057",81.02,81.825,80.69
04/29/2019,81.18,"1,066,866",81.85,82.23,81.03
04/26/2019,81.75,"2,108,550",80.94,81.87,80.65
04/25/2019,80.7,"897,359",80.66,80.96,79.69
04/24/2019,80.39,"1,061,305",80.48,80.84,80.125
04/23/2019,80.35,"1,172,025",79.48,80.58,79.13
04/22/2019,79.16,"1,552,960",77.81,79.215,77.57
04/18/2019,78.27,"1,177,591",77.47,78.31,76.1927
04/17/2019,77.5,"1,602,238",79.56,79.61,77.15
04/16/2019,79.15,"1,524,176",79.72,80.31,78.8
04/15/2019,79.47,"1,200,752",79.17,79.57,78.75
04/12/2019,79.17,"1,436,998",79.69,79.8898,78.1
04/11/2019,79.55,"2,932,720",76.06,79.65,76.06
04/10/2019,75.95,"1,495,354",75.32,76.65,75.03
04/09/2019,74.99,"740,779",74.44,75.35,74.33
04/08/2019,74.98,"1,338,658",74.82,75.19,74.24
04/05/2019,74.55,"1,232,781",74.55,75.31,74.34
04/04/2019,74.56,"978,229",76.38,76.41,74.0
04/03/2019,76.16,"1,495,485",75.88,76.86,75.7455
04/02/2019,75.8,"1,295,016",75.69,75.93,74.75
04/01/2019,75.58,"1,884,115",75.9,76.05,74.06
03/29/2019,75.19,"2,650,307",75.64,75.87,73.63
03/28/2019,75.11,"1,112,405",74.62,75.425,73.92
03/27/2019,74.21,"1,499,332",76.0,76.0,73.51
03/26/2019,75.84,"2,411,724",75.35,76.115,75.18
03/25/2019,74.48,"848,953",73.53,75.26,72.61
03/22/2019,74.99,"1,053,455",77.13,77.64,74.87
03/21/2019,77.48,"1,194,653",75.71,77.58,75.25
03/20/2019,75.85,"1,018,387",75.74,76.44,74.64
03/19/2019,75.93,"1,470,202",75.12,76.145,74.68
03/18/2019,74.7,"1,149,789",75.51,75.915,74.3
03/15/2019,75.39,"1,537,197",75.33,76.11,74.87
03/14/2019,75.17,"873,883",75.35,75.48,74.82
03/13/2019,75.43,"1,091,452",75.42,76.15,75.0379
03/12/2019,75.03,"1,328,708",74.62,75.29,73.7
03/11/2019,74.27,"1,286,211",73.42,74.3,73.3
03/08/2019,73.12,"1,104,670",72.43,73.19,71.9
03/07/2019,73.27,"1,489,900",73.42,73.59,72.55
03/06/2019,73.67,"1,673,173",73.93,74.22,73.37
03/05/2019,74.19,"1,528,877",73.72,74.55,73.3
03/04/2019,73.7,"1,402,177",75.13,75.38,72.57
03/01/2019,74.95,"1,310,649",75.05,75.22,74.61
02/28/2019,74.65,"2,460,383",76.11,76.11,74.54
02/27/2019,76.15,"3,154,099",74.8,76.47,74.57
02/26/2019,75.1,"7,159,968",75.1,75.5,74.75
02/25/2019,75.35,"1,841,263",76.4,77.31,74.99
02/22/2019,76.0,"2,122,708",75.56,76.16,74.29
02/21/2019,75.85,"3,564,059",76.95,77.4,74.76
02/20/2019,72.39,"2,624,732",72.66,73.09,71.29
02/19/2019,72.68,"1,730,787",72.63,73.44,72.54
02/15/2019,72.86,"2,027,124",72.0,73.34,71.625
02/14/2019,71.25,"920,008",70.95,71.7,70.81
02/13/2019,71.5,"893,563",70.98,71.86,70.78
02/12/2019,70.8,"1,645,151",70.1,71.23,69.58
02/11/2019,69.72,"929,354",70.0,70.57,69.38
02/08/2019,69.5,"1,011,260",69.11,69.95,68.93
02/07/2019,69.52,"1,011,361",68.93,70.03,68.81
02/06/2019,69.79,"1,020,723",69.97,70.39,69.21
02/05/2019,69.63,"1,207,902",69.8,70.01,69.24
02/04/2019,69.79,"1,529,789",68.58,70.21,68.3
02/01/2019,68.3,"1,604,249",68.41,68.79,67.25
01/31/2019,68.63,"1,921,819",67.2,69.45,67.01
01/30/2019,67.06,"1,161,512",65.89,67.63,65.53
01/29/2019,65.29,"905,228",65.87,66.07,64.95
01/28/2019,65.87,"1,159,021",65.77,66.15,65.3
01/25/2019,66.4,"919,316",65.57,66.57,65.12
01/24/2019,64.94,"1,324,901",64.44,65.39,63.86
01/23/2019,64.07,"1,386,854",63.16,64.37,62.95
01/22/2019,63.47,"1,695,339",64.89,64.89,63.03
01/18/2019,65.31,"663,241",64.91,65.455,63.97
01/17/2019,64.41,"730,321",63.26,64.84,62.9
01/16/2019,63.42,"769,667",63.43,63.675,62.51
01/15/2019,62.87,"824,603",62.81,63.89,62.44
01/14/2019,62.24,"677,433",62.27,62.7,61.71
01/11/2019,63.06,"771,913",63.56,63.9,62.6
01/10/2019,63.92,"537,563",62.71,64.1,62.0827
01/09/2019,63.5,"1,252,117",63.44,64.0,62.94
01/08/2019,63.09,"1,492,458",64.1,64.41,61.65
01/07/2019,63.65,"2,732,291",62.96,65.48,62.62
01/04/2019,62.6,"1,765,900",61.3,63.125,60.71
01/03/2019,60.23,"1,510,307",62.11,62.8,59.82
01/02/2019,62.82,"2,105,297",64.47,64.47,62.365
12/31/2018,65.62,"1,044,241",64.57,65.69,64.23
12/28/2018,63.93,"889,023",64.12,64.735,62.71
12/27/2018,63.53,"1,184,405",62.67,63.635,61.03
12/26/2018,63.79,"1,808,167",60.14,64.0,59.67
12/24/2018,59.69,"781,665",59.02,60.72,58.19
12/21/2018,59.98,"1,618,464",62.04,62.12,59.095
12/20/2018,61.92,"1,710,987",62.15,62.88,60.0944
12/19/2018,62.15,"1,342,333",62.22,64.63,61.46
12/18/2018,61.99,"1,876,672",61.64,62.35,61.37
12/17/2018,61.09,"1,723,139",62.27,62.66,60.32
12/14/2018,62.6,"1,097,541",62.74,63.62,61.71
12/13/2018,63.62,"1,249,378",65.51,65.84,63.41
12/12/2018,65.22,"1,150,992",64.84,66.2,64.08
12/11/2018,63.47,"1,071,825",65.84,66.19,63.35
12/10/2018,64.72,"864,395",63.5,65.54,63.455
12/07/2018,63.72,"2,071,674",65.76,66.23,63.24
12/06/2018,65.88,"1,682,406",63.07,66.11,62.77
12/04/2018,64.79,"2,220,516",66.24,66.71,63.91
12/03/2018,66.89,"2,137,835",66.23,68.31,66.0
11/30/2018,65.26,"2,019,532",65.73,65.97,64.93
11/29/2018,65.86,"1,523,765",65.62,66.37,64.81
11/28/2018,66.1,"2,386,066",62.62,66.88,62.61
11/27/2018,61.7,"1,292,139",62.32,62.73,61.29
11/26/2018,62.96,"1,727,891",61.16,63.23,60.14
11/23/2018,60.34,"399,344",59.72,61.49,59.71
11/21/2018,60.53,"1,428,750",61.2,61.87,60.39
11/20/2018,60.1,"3,270,637",57.57,61.26,56.665
11/19/2018,59.25,"2,136,048",62.97,63.27,59.1299
11/16/2018,63.53,"1,440,474",63.52,64.98,62.58
11/15/2018,64.56,"1,995,008",62.36,64.67,61.3455
11/14/2018,62.09,"3,212,580",63.77,64.24,61.5
11/13/2018,63.56,"2,043,110",63.11,64.43,62.14
11/12/2018,63.15,"2,135,586",64.0,64.59,61.53
11/09/2018,64.46,"2,033,052",66.29,66.35,63.73
11/08/2018,66.87,"2,884,344",65.87,67.81,65.6
11/07/2018,66.48,"5,047,332",70.45,71.0,65.81
11/06/2018,72.5,"1,601,719",73.36,74.48,71.55
11/05/2018,73.0,"2,142,675",73.47,73.8,72.04
11/02/2018,73.62,"904,156",74.54,75.85,73.12
11/01/2018,74.4,"923,382",73.5,74.44,71.76
10/31/2018,73.17,"1,220,451",71.3,74.055,71.3
10/30/2018,70.39,"1,766,165",67.23,70.56,66.69
10/29/2018,67.75,"2,619,833",73.04,73.5,66.45
10/26/2018,72.08,"1,730,534",70.68,73.63,70.45
10/25/2018,72.8,"1,104,031",70.72,73.29,70.7
10/24/2018,69.89,"1,269,104",74.16,74.75,69.75
10/23/2018,74.25,"1,713,655",74.21,75.01,72.75
10/22/2018,75.92,"2,672,983",75.01,76.5,73.6
10/19/2018,74.8,"804,108",76.94,77.3902,74.53
10/18/2018,76.31,"1,564,181",78.28,78.74,75.66
10/17/2018,78.48,"1,081,396",79.0,79.2,77.53
10/16/2018,79.15,"2,113,433",75.5,79.19,75.43
10/15/2018,74.85,"1,200,054",75.24,75.5,73.32
10/12/2018,75.44,"2,254,056",74.56,75.66,73.91
10/11/2018,72.0,"2,465,674",72.24,74.03,71.28
10/10/2018,70.79,"2,339,703",74.96,75.4,70.74
10/09/2018,75.68,"1,278,283",75.55,77.07,74.71
10/08/2018,75.97,"1,284,857",77.91,78.49,75.07
10/05/2018,78.6,"1,802,271",79.5,80.35,77.1601
10/04/2018,79.47,"994,048",81.94,82.16,78.84
10/03/2018,82.09,"1,101,804",81.75,82.76,81.3075
10/02/2018,81.67,"2,314,701",82.64,82.83,81.215
10/01/2018,83.07,"1,169,218",84.46,84.97,82.58
09/28/2018,83.39,"1,459,149",83.21,84.13,83.0
09/27/2018,83.2,"1,264,979",82.76,83.49,82.16
09/26/2018,82.59,"1,088,409",82.39,83.53,81.87
09/25/2018,81.96,"1,843,873",80.76,82.23,80.18
09/24/2018,80.59,"1,474,672",79.98,80.9,79.05
09/21/2018,80.4,"3,674,797",81.92,82.21,80.365
09/20/2018,81.58,"1,792,097",82.26,82.41,80.85
09/19/2018,81.85,"2,571,556",82.64,82.97,81.31
09/18/2018,82.29,"1,782,516",81.37,83.11,81.35
09/17/2018,81.4,"1,438,753",83.2,83.59,81.33
09/14/2018,83.78,"1,163,822",83.55,84.67,83.27
09/13/2018,84.0,"1,756,862",83.7,84.45,82.79
09/12/2018,82.95,"1,153,016",82.85,83.13,81.33
09/11/2018,82.9,"1,485,858",81.5,83.1,81.22
09/10/2018,81.61,"1,199,103",80.41,81.82,80.21
09/07/2018,80.35,"882,615",79.14,81.14,78.75
09/06/2018,79.45,"1,014,823",79.41,79.76,78.4
09/05/2018,79.34,"2,056,077",81.63,81.75,78.27
09/04/2018,81.75,"1,798,134",80.88,82.05,80.73
08/31/2018,81.46,"2,133,148",80.24,81.51,80.1197
08/30/2018,80.27,"1,096,920",80.76,81.3,79.93
08/29/2018,80.74,"1,398,192",81.28,81.95,80.32
08/28/2018,81.35,"1,585,201",80.57,81.385,80.27
08/27/2018,80.14,"2,574,549",79.93,80.81,79.54
08/24/2018,78.92,"2,587,346",76.81,78.95,76.64
08/23/2018,76.55,"2,781,295",75.25,76.83,75.07
08/22/2018,75.2,"1,935,635",73.82,75.29,73.77
08/21/2018,73.98,"2,204,102",73.73,74.95,73.42
08/20/2018,73.08,"4,226,877",74.08,74.095,72.58
08/17/2018,73.75,"1,929,568",73.86,74.28,73.255
08/16/2018,73.95,"1,827,213",74.51,75.01,73.88
08/15/2018,73.68,"6,263,587",75.13,75.82,73.5
08/14/2018,75.86,"1,620,654",75.04,76.13,73.75
08/13/2018,75.28,"1,253,818",75.9,76.425,75.13
08/10/2018,76.04,"1,728,600",76.62,76.97,75.92
08/09/2018,76.65,"1,848,411",76.04,77.2999,75.89
08/08/2018,76.26,"1,748,272",76.97,77.5,76.19
08/07/2018,76.78,"1,405,272",76.71,77.14,76.03
08/06/2018,76.12,"2,502,830",75.93,76.95,74.93
08/03/2018,75.94,"2,261,488",76.56,77.99,74.88
08/02/2018,76.55,"1,968,401",74.01,76.72,74.0
08/01/2018,75.0,"1,495,622",73.73,75.23,73.45
07/31/2018,73.62,"1,656,982",73.43,74.01,71.75
07/30/2018,73.35,"1,567,037",76.81,77.15,73.21
07/27/2018,76.81,"1,158,839",79.17,79.38,76.47
07/26/2018,78.89,"1,400,539",78.9,79.0,77.62
07/25/2018,79.62,"2,059,773",78.43,79.93,78.24
07/24/2018,78.44,"2,448,684",80.0,80.42,77.99
07/23/2018,79.54,"1,147,129",78.56,79.6,77.701
07/20/2018,78.45,"1,154,214",78.4,79.35,78.39
07/19/2018,78.22,"1,457,281",78.17,78.9,78.04
07/18/2018,78.46,"667,361",78.19,79.0,77.68
07/17/2018,78.2,"1,028,197",76.54,78.38,75.89
07/16/2018,77.16,"1,153,358",76.99,77.81,76.82
07/13/2018,76.78,"770,140",76.96,77.13,76.18
07/12/2018,76.91,"1,026,579",75.89,77.02,75.74
07/11/2018,75.19,"1,060,738",73.84,75.81,73.08
07/10/2018,74.79,"1,605,841",74.81,74.99,74.23
07/09/2018,74.72,"1,384,233",74.41,75.5,73.7
07/06/2018,73.78,"1,036,217",72.66,73.85,71.49
07/05/2018,72.82,"1,782,548",72.0,72.85,71.67
07/03/2018,71.71,"876,993",72.66,72.86,71.63
07/02/2018,72.46,"1,734,411",69.81,72.52,69.28
06/29/2018,70.6,"1,439,505",70.26,70.88,69.96
06/28/2018,69.76,"1,485,498",68.66,70.29,68.28
06/27/2018,68.79,"2,225,912",71.06,71.315,68.74
06/26/2018,70.74,"1,398,768",70.7,71.64,70.32
06/25/2018,70.57,"1,557,638",72.32,72.65,70.18
06/22/2018,73.29,"3,311,983",74.0,74.015,72.42
06/21/2018,73.58,"911,013",74.93,75.18,73.41
06/20/2018,74.69,"1,814,142",74.29,75.08,74.27
06/19/2018,73.8,"2,260,816",73.83,74.83,72.2
06/18/2018,74.74,"2,494,355",73.04,74.97,72.51
06/15/2018,73.35,"3,065,138",73.19,73.65,72.6
06/14/2018,73.55,"2,020,803",72.95,74.13,72.95
06/13/2018,72.97,"1,580,329",73.25,74.0,72.82
06/12/2018,73.13,"1,126,365",72.01,73.15,71.9
06/11/2018,72.14,"1,296,805",72.8,72.8899,71.35
06/08/2018,72.64,"1,099,135",72.16,72.8325,71.53
06/07/2018,72.48,"1,485,156",74.13,74.37,71.75
06/06/2018,74.13,"1,503,419",73.7,74.34,73.45
06/05/2018,73.86,"1,674,745",73.9,74.71,73.5175
06/04/2018,73.83,"1,561,456",73.61,73.91,72.4
06/01/2018,73.61,"6,105,200",72.32,73.64,72.18
05/31/2018,71.59,"8,377,368",72.56,72.87,71.47
05/30/2018,72.13,"1,888,998",71.28,72.54,71.16
05/29/2018,71.09,"1,929,369",70.77,71.34,70.38
05/25/2018,71.01,"2,219,657",70.8,71.45,70.54
05/24/2018,70.76,"2,410,909",71.22,71.68,70.73
05/23/2018,70.89,"2,832,973",70.25,71.01,70.05
05/22/2018,70.65,"1,676,074",71.0,71.34,70.46
05/21/2018,70.79,"3,947,356",70.44,71.2,70.08
05/18/2018,71.34,"1,722,941",70.72,71.81,70.6
05/17/2018,70.65,"1,314,218",69.43,70.75,69.43
05/16/2018,69.81,"1,892,172",69.3,69.82,68.94
05/15/2018,69.15,"1,923,272",68.27,69.33,67.73
05/14/2018,68.68,"1,147,418",69.45,69.83,68.14
05/11/2018,69.43,"1,413,888",68.83,69.43,68.45
05/10/2018,68.85,"2,097,380",68.6,69.74,67.61
05/09/2018,68.99,"2,983,606",68.34,69.71,67.57
05/08/2018,65.96,"1,963,625",66.14,66.7,65.71
05/07/2018,66.23,"2,205,697",66.33,66.8,66.0501
05/04/2018,65.78,"2,105,648",64.68,66.0567,64.45
05/03/2018,65.05,"1,379,108",64.31,65.12,63.47
05/02/2018,64.55,"1,463,322",63.97,65.46,63.79
05/01/2018,64.03,"1,626,365",64.31,64.96,63.56
04/30/2018,64.56,"1,060,441",64.27,65.18,63.905
04/27/2018,64.34,"1,103,884",65.17,65.37,63.68
04/26/2018,64.75,"883,395",63.63,65.03,63.37
04/25/2018,63.35,"1,504,262",62.85,63.42,61.55
04/24/2018,62.55,"996,398",63.89,64.12,61.78
04/23/2018,63.68,"931,155",64.15,64.97,63.54
04/20/2018,63.77,"1,400,038",64.71,65.34,63.64
04/19/2018,64.87,"946,336",64.77,65.095,64.285
04/18/2018,64.82,"1,004,167",64.39,65.0,63.63
04/17/2018,64.24,"1,398,493",62.48,64.39,62.45
04/16/2018,62.13,"694,326",61.74,62.39,61.57
04/13/2018,61.57,"1,111,539",62.41,62.5,61.37
04/12/2018,61.84,"1,436,793",61.51,62.16,61.2
04/11/2018,61.3,"856,341",60.92,62.0,60.92
04/10/2018,61.19,"2,045,811",61.31,61.62,59.85
04/09/2018,60.63,"1,366,360",60.47,62.26,60.47
04/06/2018,59.86,"1,136,804",60.44,61.26,59.45
04/05/2018,60.93,"1,239,577",61.0,61.64,60.33
04/04/2018,60.57,"2,039,653",58.03,60.67,57.49
04/03/2018,59.25,"1,488,157",59.46,59.6,58.34
04/02/2018,59.12,"2,894,015",61.55,61.75,58.94
03/29/2018,61.42,"2,774,140",59.81,61.69,59.36
03/28/2018,58.93,"1,440,863",59.81,60.02,58.12
03/27/2018,60.02,"1,573,671",62.95,63.22,59.72
03/26/2018,62.54,"1,388,182",61.92,62.67,61.17
03/23/2018,61.01,"2,150,301",61.57,62.31,60.58
03/22/2018,61.11,"696,785",61.75,62.19,61.01
03/21/2018,62.29,"881,339",62.39,62.96,61.87
03/20/2018,62.49,"942,232",62.05,62.67,61.62
03/19/2018,61.92,"1,171,030",61.88,62.6,61.225
03/16/2018,62.42,"1,716,674",63.21,63.38,62.36
03/15/2018,63.21,"725,656",63.39,63.64,62.76
03/14/2018,63.34,"963,574",62.98,64.16,62.53
03/13/2018,62.57,"1,176,093",63.76,63.76,62.22
03/12/2018,63.66,"1,124,314",64.04,64.49,63.66
03/09/2018,63.98,"1,333,630",63.66,64.3,63.15
03/08/2018,63.27,"1,165,146",62.57,63.27,62.53
03/07/2018,62.66,"1,956,646",60.51,62.87,60.22
03/06/2018,60.91,"1,946,357",61.3,61.75,60.28
03/05/2018,61.03,"1,855,110",60.35,61.41,59.83
03/02/2018,60.69,"2,264,132",59.0,60.86,58.06
03/01/2018,59.36,"6,998,315",59.25,60.61,58.8
02/28/2018,59.81,"1,780,297",60.16,60.99,59.74
02/27/2018,60.36,"1,360,183",61.0,61.54,60.36
02/26/2018,60.88,"2,053,676",61.76,61.85,60.71
02/23/2018,61.48,"4,101,841",58.5,61.77,58.12
02/22/2018,55.43,"1,379,744",56.08,56.26,54.8
02/21/2018,55.7,"1,304,756",56.44,56.7,55.7
02/20/2018,56.24,"1,327,751",55.48,56.86,55.48
02/16/2018,55.78,"798,918",55.48,56.13,54.92
02/15/2018,55.77,"669,129",55.08,55.79,54.38
02/14/2018,54.77,"1,144,739",53.01,54.93,53.01
02/13/2018,53.22,"664,540",52.41,53.24,52.151
02/12/2018,52.59,"1,056,294",52.49,52.92,51.2
02/09/2018,52.05,"783,475",51.91,52.74,50.29
02/08/2018,51.36,"1,674,739",53.83,54.03,51.33
02/07/2018,53.77,"1,689,490",53.4,54.41,53.36
02/06/2018,53.45,"1,733,686",51.51,53.52,51.35
02/05/2018,52.51,"1,406,340",54.55,55.81,52.5
02/02/2018,55.26,"1,524,105",55.61,55.96,55.21
02/01/2018,56.01,"1,206,032",55.02,56.2,55.0
01/31/2018,55.23,"906,322",54.77,55.35,54.71
01/30/2018,54.61,"675,738",54.26,54.86,53.89
01/29/2018,54.89,"651,246",55.05,55.59,54.8
01/26/2018,55.27,"703,054",54.81,55.47,54.65
01/25/2018,54.55,"1,000,211",54.15,54.83,54.01
01/24/2018,53.74,"1,717,471",53.94,54.27,53.5001
01/23/2018,53.1,"954,529",52.33,53.14,52.33
01/22/2018,52.32,"629,730",51.78,52.35,51.7
01/19/2018,51.67,"664,202",51.39,51.79,51.07
01/18/2018,51.23,"844,173",51.04,51.56,51.0
01/17/2018,51.13,"729,866",50.58,51.3,50.22
01/16/2018,50.13,"962,230",51.5,52.11,49.93
01/12/2018,51.43,"637,859",51.3,51.7,50.99
01/11/2018,51.3,"572,840",51.15,51.49,50.975
01/10/2018,50.92,"945,816",50.82,51.04,50.35
01/09/2018,51.2,"658,051",51.0,51.22,50.42
01/08/2018,51.08,"1,267,771",50.89,51.13,50.66
01/05/2018,51.05,"763,649",50.61,51.31,50.61
01/04/2018,50.55,"1,229,276",50.36,50.7,50.14
01/03/2018,50.01,"1,225,443",49.26,50.38,49.0588
01/02/2018,49.07,"2,397,343",50.38,50.42,48.28
12/29/2017,50.28,"578,785",50.56,50.59,50.25
12/28/2017,50.48,"782,008",50.13,50.58,50.11
12/27/2017,50.02,"528,987",49.71,50.41,49.53
12/26/2017,50.0,"739,562",49.67,50.16,49.2
12/22/2017,49.87,"1,764,290",49.51,49.88,49.19
12/21/2017,49.73,"1,076,825",50.3,50.61,49.66
12/20/2017,50.4,"1,602,736",50.97,51.35,50.19
12/19/2017,50.81,"2,134,675",50.24,50.86,49.9501
12/18/2017,50.36,"1,833,906",49.12,50.545,49.09
12/15/2017,48.97,"2,301,930",48.58,49.04,48.075
12/14/2017,48.21,"1,002,592",48.38,48.97,48.21
12/13/2017,48.42,"1,148,331",48.34,48.65,48.09
12/12/2017,48.21,"1,232,297",48.06,48.5,47.61
12/11/2017,48.95,"1,363,168",48.9,49.48,48.885
12/08/2017,48.88,"2,404,069",48.48,48.91,48.18
12/07/2017,48.15,"2,569,444",46.68,48.53,46.68
12/06/2017,46.78,"2,893,837",46.05,47.14,45.87
12/05/2017,46.09,"5,521,823",47.47,48.19,46.08
12/04/2017,47.32,"2,125,466",48.47,48.47,46.58
12/01/2017,48.0,"2,039,199",48.44,48.5725,47.16
11/30/2017,48.65,"1,090,777",48.92,49.35,48.62
11/29/2017,48.78,"1,288,812",50.22,50.38,48.18
11/28/2017,50.45,"1,257,757",51.06,51.18,50.34
11/27/2017,50.89,"1,033,703",51.06,51.19,50.7
11/24/2017,51.06,"490,645",50.49,51.29,50.49
11/22/2017,50.43,"1,049,229",50.55,50.65,50.23
11/21/2017,50.49,"1,265,450",50.3,50.8,50.2101
11/20/2017,50.18,"1,028,362",49.51,50.3799,49.51
11/17/2017,49.55,"1,048,066",49.14,49.78,49.14
11/16/2017,49.33,"1,207,113",48.94,49.38,48.61
11/15/2017,48.91,"1,193,271",48.47,48.98,48.081
11/14/2017,48.65,"1,454,127",48.48,48.89,48.16
11/13/2017,48.57,"1,846,077",48.11,48.575,47.98
11/10/2017,48.15,"1,617,596",48.04,48.39,47.69
11/09/2017,47.98,"1,155,689",47.91,48.12,47.41
11/08/2017,48.02,"1,869,101",48.57,48.65,46.97
11/07/2017,48.61,"3,513,873",46.92,49.36,46.5
11/06/2017,47.22,"2,046,475",46.85,47.37,46.42
11/03/2017,46.86,"1,625,957",46.68,46.87,46.18
11/02/2017,46.72,"1,659,616",46.83,46.89,46.23
11/01/2017,46.83,"1,983,072",46.95,46.95,46.49
10/31/2017,46.7,"1,328,647",46.44,46.8,46.03
10/30/2017,46.32,"1,528,055",46.49,46.49,45.74
10/27/2017,46.54,"1,718,203",45.85,46.55,45.75
10/26/2017,45.75,"1,282,036",45.57,45.77,45.14
10/25/2017,45.44,"1,912,836",45.6,46.09,44.98
10/24/2017,45.4,"906,414",45.16,45.42,45.0
10/23/2017,44.98,"1,724,497",45.14,45.35,44.73
10/20/2017,45.0,"741,625",44.42,45.01,44.42
10/19/2017,44.2,"890,597",43.96,44.22,43.66
10/18/2017,44.41,"1,176,447",43.88,44.44,43.78
10/17/2017,43.85,"660,162",43.89,43.94,43.4
10/16/2017,43.87,"839,965",44.4,44.45,43.68
10/13/2017,44.23,"1,473,229",44.27,44.41,44.09
10/12/2017,44.13,"808,232",43.84,44.42,43.66
10/11/2017,43.92,"944,881",43.8,43.99,43.46
10/10/2017,43.78,"1,017,505",44.32,44.33,43.4
10/09/2017,44.1,"590,815",44.29,44.4,43.91
10/06/2017,44.22,"816,923",43.64,44.33,43.51
10/05/2017,43.61,"1,732,807",43.6,43.69,43.28
10/04/2017,43.41,"885,898",43.64,43.64,43.12
10/03/2017,43.63,"783,238",43.46,43.87,43.43
10/02/2017,43.44,"1,259,425",43.54,43.975,43.25
09/29/2017,43.51,"770,269",43.33,43.75,43.1574
09/28/2017,43.29,"804,538",42.84,43.32,42.8
09/27/2017,42.93,"1,527,238",42.98,43.39,42.64
09/26/2017,42.55,"1,611,446",43.31,43.57,42.54
09/25/2017,43.15,"2,292,680",45.0,45.19,42.95
09/22/2017,45.3,"4,400,631",44.58,45.37,44.58
09/21/2017,44.72,"961,763",44.78,44.87,44.47
09/20/2017,44.73,"1,198,967",44.82,44.97,44.41
09/19/2017,44.87,"1,334,368",44.6,45.02,44.51
09/18/2017,44.41,"2,176,226",43.91,44.61,43.82
09/15/2017,43.81,"2,269,334",43.73,43.94,43.59
09/14/2017,43.8,"2,765,240",43.8,44.2,43.6
09/13/2017,43.94,"2,320,493",43.75,44.12,43.57
09/12/2017,43.8,"1,340,751",43.94,43.97,43.495
09/11/2017,43.98,"2,550,396",44.11,44.22,43.61
09/08/2017,43.52,"2,119,167",43.95,44.2,43.37
09/07/2017,44.03,"3,217,636",43.7,44.29,43.42
09/06/2017,43.7,"11,978,560",43.81,44.0,43.32
09/05/2017,45.18,"1,131,812",44.69,45.33,44.3601
09/01/2017,44.95,"865,496",44.85,45.13,44.61
08/31/2017,44.82,"871,883",43.94,44.8625,43.8901
08/30/2017,43.88,"734,728",42.82,43.98,42.79
08/29/2017,42.76,"470,948",42.28,42.98,42.19
08/28/2017,42.72,"427,910",42.57,42.81,42.39
08/25/2017,42.48,"695,559",42.7,42.96,42.37
08/24/2017,42.54,"606,596",42.42,42.8,41.97
08/23/2017,42.35,"2,141,557",41.45,42.83,41.4
08/22/2017,41.87,"612,566",41.59,41.96,41.36
08/21/2017,41.45,"656,771",41.7,42.08,41.26
08/18/2017,41.81,"767,241",41.15,42.0,41.01
08/17/2017,41.19,"1,182,952",42.18,42.38,41.17
08/16/2017,42.26,"1,367,928",42.17,42.46,41.85
08/15/2017,41.69,"1,385,818",42.28,42.32,41.66
08/14/2017,42.34,"943,573",41.96,42.48,41.96
08/11/2017,41.56,"1,298,804",40.81,41.8,40.78
08/10/2017,41.29,"3,799,366",43.61,43.78,41.0
08/09/2017,44.0,"3,143,522",43.06,45.26,42.75
08/08/2017,42.45,"1,698,992",42.68,42.77,42.06
08/07/2017,42.68,"807,523",42.7,42.94,42.61
08/04/2017,42.57,"478,616",43.01,43.16,42.44
08/03/2017,42.94,"368,221",42.85,43.04,42.5
08/02/2017,42.8,"515,017",43.33,43.565,42.29
08/01/2017,43.11,"694,384",43.4,43.44,42.45
07/31/2017,42.98,"692,786",43.43,43.445,42.54
07/28/2017,43.23,"433,201",43.14,43.51,42.85
07/27/2017,43.36,"602,567",44.0,44.0,42.525
07/26/2017,43.79,"726,791",43.68,43.81,43.28
07/25/2017,43.55,"578,124",43.64,43.64,43.11
07/24/2017,43.6,"985,362",43.16,43.67,43.115
07/21/2017,43.05,"406,498",43.06,43.22,42.88
07/20/2017,43.18,"786,664",43.87,43.87,43.01
07/19/2017,44.0,"925,284",44.06,44.06,43.3701
07/18/2017,43.7,"1,380,022",42.85,43.97,42.55
07/17/2017,42.81,"1,105,816",42.32,42.91,42.28
07/14/2017,42.22,"1,081,682",42.49,42.71,41.9827
07/13/2017,42.35,"1,303,689",43.04,43.07,42.07
07/12/2017,42.8,"1,076,289",42.5,42.96,42.18
07/11/2017,42.43,"775,660",42.2,42.49,41.88
07/10/2017,42.18,"832,242",42.09,42.55,41.92
07/07/2017,42.08,"949,752",41.95,42.55,41.79
07/06/2017,41.84,"601,986",41.89,42.16,41.73
07/05/2017,42.28,"1,237,250",41.88,42.425,41.6
07/03/2017,41.84,"770,036",42.6,42.75,41.26
06/30/2017,42.42,"624,590",42.37,42.52,42.05
06/29/2017,42.38,"461,522",42.9,42.9,41.89
06/28/2017,42.96,"1,405,146",41.76,43.03,41.51
06/27/2017,41.51,"582,545",42.46,42.58,41.421
06/26/2017,42.57,"636,974",43.39,43.5,42.5
06/23/2017,43.27,"3,263,562",43.15,43.62,42.96
06/22/2017,43.11,"1,875,866",42.56,43.33,42.34
06/21/2017,42.74,"1,561,285",42.1,42.84,41.755
06/20/2017,41.94,"658,769",42.25,42.38,41.8557
06/19/2017,42.41,"741,952",42.36,42.78,42.03
06/16/2017,42.1,"958,087",41.73,42.11,41.37
06/15/2017,41.53,"655,323",41.07,41.71,40.93
06/14/2017,41.81,"875,513",42.13,42.2,41.32
06/13/2017,42.09,"967,004",42.13,42.38,41.56
06/12/2017,41.81,"1,773,657",42.0,42.17,40.59
06/09/2017,42.39,"1,134,127",43.62,44.22,42.0
06/08/2017,43.59,"1,415,122",42.8,43.98,42.65
06/07/2017,42.79,"982,541",42.57,42.9,42.28
06/06/2017,42.28,"855,826",42.15,42.55,41.86
06/05/2017,42.35,"910,009",42.09,42.59,41.89
06/02/2017,41.96,"787,007",41.59,42.18,41.22
06/01/2017,41.56,"894,225",41.4,41.59,41.03
05/31/2017,41.14,"1,516,054",41.72,42.0,40.55
05/30/2017,41.7,"912,552",41.91,42.055,41.64
05/26/2017,42.15,"1,490,033",41.52,42.18,41.25
05/25/2017,41.42,"951,694",41.52,41.81,41.29
05/24/2017,41.45,"1,269,284",40.45,41.57,40.395
05/23/2017,40.53,"664,286",40.63,40.81,40.32
05/22/2017,40.72,"904,126",40.23,41.17,40.22
