date,close,volume,open,high,low
05/15/2026,396.78,"20,309,700",396.315,399.5399,393.18
05/14/2026,401.07,"21,136,720",397.28,402.93,395.84
05/13/2026,402.62,"28,144,560",385.595,403.7,385.0
05/12/2026,387.35,"26,017,490",387.34,388.52,382.77
05/11/2026,388.64,"30,753,740",393.645,397.44,388.47
05/08/2026,400.8,"21,461,850",397.0,402.0,396.36
05/07/2026,397.99,"24,433,490",399.92,400.1,392.68
05/06/2026,398.04,"31,308,480",394.245,399.8499,392.76
05/05/2026,388.43,"23,878,630",386.23,392.8199,384.02
05/04/2026,383.25,"26,298,570",385.63,387.38,379.79
05/01/2026,385.69,"30,105,230",381.63,386.76,379.05
04/30/2026,384.8,"72,039,990",374.07,385.84,365.82
04/29/2026,349.94,"35,376,330",347.565,355.79,344.21
04/28/2026,349.78,"27,824,050",348.55,352.42,346.12
04/27/2026,350.34,"28,576,890",345.98,353.18,342.73
04/24/2026,344.4,"26,426,060",338.725,345.27,335.39
04/23/2026,338.89,"18,650,260",341.18,341.96,336.18
04/22/2026,339.32,"20,293,010",337.02,339.82,335.17
04/21/2026,332.29,"23,123,800",337.685,339.34,331.35
04/20/2026,337.42,"18,784,230",340.755,341.4,336.61
04/17/2026,341.68,"25,581,880",337.65,342.32,336.24
04/16/2026,336.02,"20,541,490",338.75,339.88,334.52
04/15/2026,337.12,"24,918,840",332.89,337.48,330.9
04/14/2026,332.91,"27,721,350",324.785,333.29,323.75
04/13/2026,321.31,"18,866,420",317.135,321.63,315.47
04/10/2026,317.24,"19,152,630",320.015,321.83,316.32
04/09/2026,318.49,"23,739,170",315.905,319.54,311.06
04/08/2026,317.32,"33,547,140",320.445,322.08,315.02
04/07/2026,305.46,"23,205,360",302.725,305.63,297.72
04/06/2026,299.99,"16,945,490",295.87,300.62,295.18
04/02/2026,295.77,"21,666,470",290.69,298.08,289.45
04/01/2026,297.39,"37,684,460",290.835,300.52,290.41
03/31/2026,287.56,"43,875,400",278.04,288.08,277.09
03/30/2026,273.5,"35,141,240",276.42,277.09,272.11
03/27/2026,274.34,"35,890,610",277.275,279.37,273.95
03/26/2026,280.92,"39,080,580",287.91,287.95,278.5
03/25/2026,290.93,"29,460,670",293.44,296.0,289.24
03/24/2026,290.44,"36,864,280",299.2,299.92,290.33
03/23/2026,302.06,"29,326,950",302.11,305.98,300.93
03/20/2026,301.0,"44,364,080",305.46,306.0,298.27
03/19/2026,307.13,"25,075,830",304.005,308.06,302.35
03/18/2026,307.69,"20,009,820",309.27,312.47,306.932
03/17/2026,310.92,"21,955,170",305.86,311.42,305.5
03/16/2026,305.56,"23,519,710",304.35,306.4886,303.0201
03/13/2026,302.28,"23,693,090",307.01,307.69,300.44
03/12/2026,303.55,"24,928,350",306.82,308.94,301.03
03/11/2026,308.7,"24,125,710",306.75,311.42,305.92
03/10/2026,307.04,"23,239,680",306.17,309.51,305.5704
03/09/2026,306.36,"29,312,150",294.36,306.8,294.08
03/06/2026,298.52,"25,576,920",296.09,300.53,295.18
03/05/2026,300.88,"35,752,320",303.035,303.3,297.99
03/04/2026,303.13,"29,536,190",302.89,305.47,300.75
03/03/2026,303.58,"35,496,960",298.59,303.94,296.71
03/02/2026,306.52,"34,790,200",303.225,308.49,301.3
02/27/2026,311.76,"44,640,640",304.135,312.37,303.8
02/26/2026,307.38,"36,431,230",312.64,313.14,302.345
02/25/2026,312.9,"29,963,620",312.06,313.64,309.44
02/24/2026,310.9,"25,615,650",310.515,312.27,305.93
02/23/2026,311.49,"31,422,970",319.045,319.515,309.865
02/20/2026,314.98,"53,210,820",304.32,316.5,303.9
02/19/2026,302.85,"25,834,400",301.82,305.47,300.04
02/18/2026,303.33,"28,482,080",302.09,305.38,301.25
02/17/2026,302.02,"39,247,560",300.04,304.435,296.25
02/13/2026,305.72,"38,499,700",307.725,308.63,303.71
02/12/2026,309.0,"47,761,290",312.09,316.24,307.2
02/11/2026,310.96,"45,406,410",318.97,321.06,309.66
02/10/2026,318.58,"39,170,010",320.97,321.67,314.61
02/09/2026,324.32,"39,640,060",320.93,327.7,317.26
02/06/2026,322.86,"56,380,480",327.18,330.38,319.92
02/05/2026,331.25,"88,205,850",312.22,332.69,306.46
02/04/2026,333.04,"70,618,400",342.96,343.31,328.52
02/03/2026,339.71,"36,506,710",347.34,349.0,337.4745
02/02/2026,343.69,"32,006,050",336.22,344.83,335.63
01/30/2026,338.0,"31,023,950",340.0,340.0,332.285
01/29/2026,338.25,"39,785,610",340.3,342.29,326.54
01/28/2026,336.01,"27,434,430",336.06,337.535,331.94
01/27/2026,334.55,"21,636,160",335.365,337.91,333.48
01/26/2026,333.26,"26,042,120",327.805,335.84,327.0
01/23/2026,327.93,"27,279,970",332.485,333.6889,327.45
01/22/2026,330.54,"26,253,640",334.45,335.15,328.75
01/21/2026,328.38,"35,386,600",320.92,332.4799,319.3518
01/20/2026,322.0,"35,361,050",320.87,327.73,320.43
01/16/2026,330.0,"40,341,640",334.41,334.65,327.7
01/15/2026,332.78,"28,442,410",337.65,337.69,330.74
01/14/2026,335.84,"28,525,570",335.06,336.52,330.48
01/13/2026,335.97,"33,517,610",334.95,340.49,333.62
01/12/2026,331.86,"33,923,930",325.8,334.04,325.0
01/09/2026,328.57,"26,214,170",327.09,330.83,325.8
01/08/2026,325.44,"31,896,100",328.965,330.3196,321.5
01/07/2026,321.98,"35,104,430",314.36,326.15,314.19
01/06/2026,314.34,"31,212,100",316.4,320.94,311.78
01/05/2026,316.54,"30,195,600",317.655,319.015,314.63
01/02/2026,315.15,"32,009,390",316.9,322.5,310.33
12/31/2025,313.0,"16,377,690",312.845,314.58,311.44
12/30/2025,313.85,"17,380,890",312.5,316.95,312.46
12/29/2025,313.56,"19,621,780",311.365,314.02,310.62
12/26/2025,313.51,"10,899,020",314.48,315.085,312.275
12/24/2025,314.09,"10,097,360",314.77,315.08,311.92
12/23/2025,314.35,"25,478,670",309.625,314.94,309.32
12/22/2025,309.78,"26,429,940",309.875,310.13,305.3
12/19/2025,307.16,"59,943,240",301.73,307.25,300.97
12/18/2025,302.46,"33,518,050",301.72,303.96,299.2308
12/17/2025,296.72,"43,930,360",308.01,308.09,296.12
12/16/2025,306.57,"30,585,020",304.945,310.77,302.59
12/15/2025,308.22,"29,151,890",311.315,311.42,304.88
12/12/2025,309.29,"35,940,170",313.7,314.87,305.56
12/11/2025,312.43,"42,353,700",320.08,321.12,308.6
12/10/2025,320.21,"33,428,920",315.83,321.31,314.68
12/09/2025,317.08,"30,194,030",312.37,317.99,311.895
12/08/2025,313.72,"33,909,430",320.05,320.44,311.2219
12/05/2025,321.27,"28,851,710",319.49,323.16,319.165
12/04/2025,317.62,"31,240,920",322.225,322.36,314.7
12/03/2025,319.63,"41,838,320",315.89,321.58,314.1
12/02/2025,315.81,"35,854,740",316.74,318.38,313.91
12/01/2025,314.89,"41,182,960",317.7,319.85,313.89
11/28/2025,320.18,"26,018,570",323.365,326.85,316.79
11/26/2025,319.95,"51,373,360",320.68,324.5,316.79
11/25/2025,323.44,"88,632,070",326.21,328.83,317.65
11/24/2025,318.58,"85,165,120",311.13,319.48,309.595
11/21/2025,299.66,"74,137,700",296.415,303.92,293.845
11/20/2025,289.45,"62,025,220",304.54,306.42,288.67
11/19/2025,292.81,"68,198,940",287.16,303.81,286.63
11/18/2025,284.28,"49,158,740",287.915,288.8,278.2
11/17/2025,285.02,"52,670,190",285.775,293.95,283.57
11/14/2025,276.41,"31,647,230",271.405,278.56,270.7
11/13/2025,278.57,"29,494,040",282.34,282.84,277.24
11/12/2025,286.71,"24,829,920",291.675,292.005,283.69
11/11/2025,291.31,"19,842,140",287.745,291.915,287.32
11/10/2025,290.1,"29,557,310",284.42,290.8,282.855
11/07/2025,278.83,"34,479,590",283.205,283.78,275.19
11/06/2025,284.75,"37,173,650",285.33,288.35,281.14
11/05/2025,284.31,"31,010,300",278.87,286.415,277.34
11/04/2025,277.54,"30,078,370",276.75,281.27,276.26
11/03/2025,283.72,"29,786,000",282.175,285.53,279.8
10/31/2025,281.19,"39,267,950",283.21,286.0,277.03
10/30/2025,281.48,"74,875,990",291.59,291.59,280.06
10/29/2025,274.57,"43,580,280",267.75,275.336,267.67
10/28/2025,267.47,"29,738,560",269.69,270.73,266.5
10/27/2025,269.27,"35,235,230",264.815,270.14,264.28
10/24/2025,259.92,"28,655,130",256.58,261.68,255.315
10/23/2025,253.08,"19,901,430",252.98,255.04,251.85
10/22/2025,251.69,"35,029,370",254.37,256.36,249.29
10/21/2025,250.46,"47,312,100",254.74,254.88,244.15
10/20/2025,256.55,"22,350,160",254.69,257.33,254.23
10/17/2025,253.3,"29,671,630",250.76,254.22,247.81
10/16/2025,251.46,"27,997,160",251.765,256.96,250.101
10/15/2025,251.03,"27,007,690",247.245,252.11,245.99
10/14/2025,245.45,"22,111,570",241.23,247.12,240.51
10/13/2025,244.15,"24,995,030",240.21,244.5,239.71
10/10/2025,236.57,"33,180,320",241.43,244.09,235.84
10/09/2025,241.53,"27,892,090",244.47,244.76,239.15
10/08/2025,244.62,"21,307,100",244.96,246.005,243.82
10/07/2025,245.76,"23,181,290",248.27,250.44,245.52
10/06/2025,250.43,"28,894,650",244.78,251.32,244.58
10/03/2025,245.35,"30,249,560",244.49,246.3,241.655
10/02/2025,245.69,"25,483,300",245.15,246.81,242.3
10/01/2025,244.9,"31,658,230",240.75,246.3,238.61
09/30/2025,243.1,"34,724,350",242.81,243.29,239.245
09/29/2025,244.05,"32,505,780",247.85,251.1486,242.77
09/26/2025,246.54,"18,503,190",247.065,249.42,245.97
09/25/2025,245.79,"31,020,380",244.4,246.49,240.74
09/24/2025,247.14,"28,201,000",251.66,252.3501,246.44
09/23/2025,251.66,"26,628,020",253.04,254.36,250.48
09/22/2025,252.53,"32,290,540",254.43,255.78,250.3
09/19/2025,254.72,"55,571,420",253.25,256.0,251.81
09/18/2025,252.03,"31,239,470",251.68,253.99,249.8
09/17/2025,249.53,"34,107,990",251.22,251.6,246.28
09/16/2025,251.16,"34,109,720",252.08,253.04,249.47
09/15/2025,251.61,"58,383,800",244.66,252.4099,244.66
09/12/2025,240.8,"26,771,610",240.37,242.075,238.0
09/11/2025,240.37,"30,599,330",239.88,242.25,236.25
09/10/2025,239.17,"35,141,070",238.9,241.66,237.85
09/09/2025,239.63,"38,060,960",234.165,240.47,233.229
09/08/2025,234.04,"32,474,740",235.47,238.13,233.67
09/05/2025,235.0,"46,588,930",232.2,235.76,231.9
09/04/2025,232.3,"51,684,170",229.65,232.37,226.11
09/03/2025,230.66,"103,336,100",226.21,231.31,224.79
09/02/2025,211.35,"47,523,040",208.44,211.675,206.195
08/29/2025,212.91,"39,728,360",210.51,214.645,210.2
08/28/2025,211.64,"32,339,310",207.25,212.22,206.9
08/27/2025,207.48,"23,022,850",205.7,208.91,205.65
08/26/2025,207.14,"28,464,130",207.51,207.85,205.7
08/25/2025,208.49,"29,928,880",206.43,210.52,205.28
08/22/2025,206.09,"42,827,040",202.73,208.54,201.3
08/21/2025,199.75,"19,774,630",199.745,202.48,199.43
08/20/2025,199.32,"28,955,500",200.73,201.28,196.595
08/19/2025,201.57,"24,240,230",203.03,203.44,199.96
08/18/2025,203.5,"18,526,590",204.2,205.265,202.49
08/15/2025,203.9,"34,931,420",203.85,206.44,201.28
08/14/2025,202.94,"25,230,430",201.5,204.44,201.225
08/13/2025,201.96,"28,342,920",204.13,204.53,197.5101
08/12/2025,203.34,"30,424,450",201.365,204.5,200.59
08/11/2025,201.0,"25,832,440",200.935,201.475,199.07
08/08/2025,201.42,"39,161,830",197.22,202.61,197.17
08/07/2025,196.52,"26,321,810",197.06,197.54,194.33
08/06/2025,196.09,"21,562,910",194.5,196.63,193.67
08/05/2025,194.67,"31,602,340",194.71,197.8599,193.885
08/04/2025,195.04,"31,547,350",190.29,195.27,190.12
08/01/2025,189.13,"34,832,180",189.025,190.83,187.82
07/31/2025,191.9,"51,329,160",195.71,195.99,191.09
07/30/2025,196.53,"32,445,410",195.6,197.5999,194.685
07/29/2025,195.75,"41,389,150",192.43,195.92,192.08
07/28/2025,192.58,"38,139,500",193.65,194.05,190.84
07/25/2025,193.18,"39,785,860",191.98,194.33,191.26
07/24/2025,192.17,"74,881,690",197.03,197.95,191.0
07/23/2025,190.23,"58,681,950",191.5,192.53,189.18
07/22/2025,191.34,"44,660,220",191.495,191.645,187.46
07/21/2025,190.1,"45,803,130",186.25,190.285,186.15
07/18/2025,185.06,"34,014,510",185.4,186.42,183.71
07/17/2025,183.58,"31,992,570",182.14,184.06,180.48
07/16/2025,182.97,"33,104,190",183.235,184.327,182.03
07/15/2025,182.0,"33,448,250",182.81,184.22,181.6
07/14/2025,181.56,"32,536,630",181.01,183.67,179.68
07/11/2025,180.19,"34,282,920",176.785,181.43,176.48
07/10/2025,177.62,"29,252,390",175.63,178.429,174.38
07/09/2025,176.62,"43,025,590",175.25,179.44,172.77
07/08/2025,174.36,"40,442,540",177.85,177.95,172.81
07/07/2025,176.79,"34,175,650",179.06,179.297,175.68
07/03/2025,179.53,"21,689,730",178.5,179.67,177.05
07/02/2025,178.64,"29,128,950",175.54,178.86,175.07
07/01/2025,175.84,"35,904,530",175.735,176.09,173.53
06/30/2025,176.23,"63,378,860",180.78,181.23,174.58
06/27/2025,178.53,"108,140,200",173.54,178.68,171.73
06/26/2025,173.54,"31,796,690",172.43,173.69,169.94
06/25/2025,170.68,"35,478,990",167.63,172.36,167.55
06/24/2025,166.77,"40,524,310",166.92,168.22,166.13
06/23/2025,165.19,"57,670,990",166.27,167.34,162.0
06/20/2025,166.64,"75,659,920",173.945,174.34,165.46
06/18/2025,173.32,"28,707,520",176.01,176.56,173.2
06/17/2025,175.95,"24,973,040",175.7,177.3648,174.58
06/16/2025,176.77,"27,389,210",174.73,176.94,174.65
06/13/2025,174.67,"27,663,110",172.44,177.13,172.385
06/12/2025,175.7,"20,941,870",176.18,176.72,174.745
06/11/2025,177.35,"31,646,760",179.77,180.37,176.75
06/10/2025,178.6,"61,766,120",176.2,181.105,174.91
06/09/2025,176.09,"28,935,910",174.54,176.47,174.37
06/06/2025,173.68,"35,731,830",170.83,174.5,170.83
06/05/2025,168.21,"36,444,560",170.34,170.93,167.59
06/04/2025,168.05,"26,900,840",166.735,168.215,166.36
06/03/2025,166.18,"45,084,900",167.49,168.475,165.28
06/02/2025,169.03,"38,612,270",167.84,169.87,167.39
05/30/2025,171.74,"52,639,910",171.35,172.205,167.44
05/29/2025,171.86,"29,373,800",174.0,174.4193,170.63
05/28/2025,172.36,"34,784,000",173.16,175.265,171.9107
05/27/2025,172.9,"37,995,670",170.16,173.17,170.0
05/23/2025,168.47,"35,211,440",169.055,169.96,167.89
05/22/2025,170.87,"74,864,420",171.85,176.77,170.71
05/21/2025,168.56,"73,415,960",163.69,173.14,163.56
05/20/2025,163.98,"46,607,660",166.43,168.5,162.9
05/19/2025,166.54,"30,426,100",164.51,166.64,164.22
05/16/2025,166.19,"42,846,930",167.725,169.35,165.62
05/15/2025,163.96,"33,146,670",165.84,166.205,162.3732
05/14/2025,165.37,"48,755,870",159.96,167.0,159.61
05/13/2025,159.53,"42,382,130",158.79,160.57,156.16
05/12/2025,158.46,"44,138,820",157.485,159.1,156.25
05/09/2025,152.75,"32,435,280",154.17,155.05,152.2
05/08/2025,154.28,"57,498,690",155.0,155.93,152.9
05/07/2025,151.38,"127,747,600",164.08,165.0,147.84
05/06/2025,163.23,"21,277,210",162.17,164.8,161.19
05/05/2025,164.21,"21,341,810",163.0,165.39,162.72
05/02/2025,164.03,"25,715,010",163.405,164.97,161.87
05/01/2025,161.3,"30,203,250",160.45,161.95,158.91
04/30/2025,158.8,"34,981,060",157.975,159.27,155.4
04/29/2025,160.16,"26,808,960",160.325,160.74,157.52
04/28/2025,160.61,"29,745,780",162.425,163.15,158.6
04/25/2025,161.96,"56,034,000",165.07,166.1,161.04
04/24/2025,159.28,"45,893,950",156.15,159.59,155.79
04/23/2025,155.35,"31,128,830",155.61,157.525,153.81
04/22/2025,151.47,"26,971,770",148.89,152.19,148.54
04/21/2025,147.67,"26,049,120",148.88,148.945,146.1
04/17/2025,151.16,"33,046,580",154.29,154.68,148.5
04/16/2025,153.33,"28,187,420",153.1,155.89,151.51
04/15/2025,156.31,"27,551,530",159.125,159.65,155.21
04/14/2025,159.07,"30,332,960",159.995,161.72,157.56
04/11/2025,157.14,"33,636,240",152.9,157.67,152.82
04/10/2025,152.82,"48,021,970",156.54,157.72,149.93
04/09/2025,158.71,"70,406,230",144.415,159.55,143.905
04/08/2025,144.7,"52,200,210",151.22,152.24,143.03
04/07/2025,146.75,"76,794,140",141.55,152.85,140.53
04/04/2025,145.6,"62,259,540",148.01,151.07,145.38
04/03/2025,150.72,"46,883,370",151.11,152.7799,150.39
04/02/2025,157.04,"25,041,730",155.15,158.4052,154.7
04/01/2025,157.07,"30,672,900",153.62,158.1,153.62
03/31/2025,154.64,"54,603,460",153.11,155.54,150.662
03/28/2025,154.33,"48,669,340",160.49,161.82,153.63
03/27/2025,162.24,"24,508,270",164.63,165.42,162.0
03/26/2025,165.06,"28,939,330",169.0,169.61,164.84
03/25/2025,170.56,"24,174,370",168.98,170.63,168.315
03/24/2025,167.68,"30,879,130",167.065,168.32,165.14
03/21/2025,163.99,"36,625,760",161.205,164.24,160.8901
03/20/2025,162.8,"28,138,460",161.57,164.89,160.96
03/19/2025,163.89,"34,275,580",161.76,165.87,161.0
03/18/2025,160.67,"42,074,750",163.675,164.25,156.72
03/17/2025,164.29,"31,184,340",165.03,166.3,163.67
03/14/2025,165.49,"31,995,890",163.27,166.49,162.45
03/13/2025,162.76,"31,756,210",166.035,166.13,162.11
03/12/2025,167.11,"28,372,400",166.58,167.6399,163.53
03/11/2025,164.04,"39,587,410",164.91,166.75,161.37
03/10/2025,165.87,"43,604,030",168.26,168.46,163.69
03/07/2025,173.86,"27,385,810",171.26,174.97,170.27
03/06/2025,172.35,"28,301,950",170.53,174.81,170.5
03/05/2025,173.02,"30,954,920",170.52,173.78,169.06
03/04/2025,170.92,"45,388,000",166.24,173.2946,165.8
03/03/2025,167.01,"40,770,450",171.925,173.37,165.93
02/28/2025,170.28,"48,130,570",168.68,170.61,166.77
02/27/2025,168.5,"39,991,020",173.99,174.56,167.94
02/26/2025,172.73,"35,431,270",175.07,176.08,171.5807
02/25/2025,175.42,"41,913,410",178.04,178.74,174.6939
02/24/2025,179.25,"29,854,210",181.99,183.12,178.885
02/21/2025,179.66,"35,199,240",185.15,185.34,179.08
02/20/2025,184.56,"20,441,460",184.8,185.31,182.72
02/19/2025,185.27,"19,549,400",184.07,185.46,183.59
02/18/2025,183.77,"29,916,680",185.6,185.96,181.7401
02/14/2025,185.23,"20,448,440",185.055,186.4,184.32
02/13/2025,186.14,"21,402,520",184.32,186.28,183.14
02/12/2025,183.61,"22,072,560",183.22,185.11,181.83
02/11/2025,185.32,"21,239,520",185.03,186.94,184.28
02/10/2025,186.47,"23,105,650",187.35,188.2,185.86
02/07/2025,185.34,"49,314,960",191.05,191.18,183.24
02/06/2025,191.6,"29,297,440",189.5,192.1,188.72
02/05/2025,191.33,"70,461,770",191.07,192.75,188.03
02/04/2025,206.38,"43,856,430",203.39,207.05,202.81
02/03/2025,201.23,"27,838,350",200.69,203.75,200.1
01/31/2025,204.02,"32,041,950",202.0,205.48,201.8
01/30/2025,200.87,"24,354,680",198.0,201.4,197.67
01/29/2025,195.41,"18,218,260",195.555,196.785,193.43
01/28/2025,195.3,"24,157,930",192.745,195.48,190.68
01/27/2025,191.81,"41,728,890",192.41,196.88,190.73
01/24/2025,200.21,"23,877,520",198.1,200.9,198.0
01/23/2025,197.98,"26,951,360",198.14,200.3,195.2
01/22/2025,198.37,"26,200,620",199.06,200.48,197.53
01/21/2025,198.05,"29,971,290",199.07,202.29,197.87
01/17/2025,196.0,"27,735,090",196.53,197.23,193.75
01/16/2025,192.91,"17,815,430",194.14,195.48,192.81
01/15/2025,195.55,"21,775,970",193.09,196.36,191.86
01/14/2025,189.66,"17,174,850",191.24,191.98,188.3082
01/13/2025,191.01,"21,823,700",190.07,191.18,187.36
01/10/2025,192.04,"26,665,210",194.295,196.52,190.31
01/08/2025,193.95,"24,864,770",192.57,196.29,192.38
01/07/2025,195.49,"26,487,240",197.11,201.0,194.6
01/06/2025,196.87,"29,563,640",193.98,198.2222,193.85
01/03/2025,191.79,"18,596,160",191.37,193.21,189.975
01/02/2025,189.43,"20,370,830",190.65,192.0,187.5
12/31/2024,189.3,"17,466,920",191.075,191.96,188.51
12/30/2024,191.24,"14,264,660",189.8,192.55,189.12
12/27/2024,192.76,"18,891,360",194.95,195.32,190.65
12/26/2024,195.6,"12,057,210",195.15,196.748,194.375
12/24/2024,196.11,"10,403,260",194.84,196.11,193.78
12/23/2024,194.63,"25,675,010",192.62,195.1,190.15
12/20/2024,191.41,"63,462,930",185.78,192.89,185.22
12/19/2024,188.51,"32,265,240",191.625,193.03,188.38
12/18/2024,188.4,"34,166,070",195.22,197.0,187.74
12/17/2024,195.42,"43,504,030",197.25,201.42,194.98
12/16/2024,196.66,"44,934,900",192.87,199.0,192.62
12/13/2024,189.82,"25,143,500",191.01,192.73,189.64
12/12/2024,191.96,"34,817,490",195.0,195.18,191.71
12/11/2024,195.4,"67,894,070",185.31,195.61,184.85
12/10/2024,185.17,"54,813,020",182.845,186.36,181.05
12/09/2024,175.37,"25,389,630",173.96,176.26,173.65
12/06/2024,174.71,"21,462,390",172.03,175.08,171.86
12/05/2024,172.64,"21,356,240",175.36,176.06,172.33
12/04/2024,174.37,"31,615,140",171.145,174.91,171.06
12/03/2024,171.34,"22,248,710",171.49,172.68,170.85
12/02/2024,171.49,"23,789,080",168.765,172.075,168.57
11/29/2024,168.95,"14,257,240",168.5,169.43,167.16
11/27/2024,169.23,"19,266,510",169.0,169.4832,168.02
11/26/2024,169.12,"20,486,720",167.63,169.82,167.58
11/25/2024,167.65,"33,135,260",166.09,168.63,165.6072
11/22/2024,164.76,"38,604,590",165.85,166.46,163.9
11/21/2024,167.63,"59,734,380",173.9,174.13,163.7
11/20/2024,175.98,"18,997,110",177.34,177.675,173.78
11/19/2024,178.12,"23,434,930",173.72,178.87,173.56
11/18/2024,175.3,"20,206,610",173.42,175.438,172.9
11/15/2024,172.49,"32,504,650",173.73,174.14,171.22
11/14/2024,175.58,"31,007,460",178.28,178.82,174.3218
11/13/2024,178.88,"23,184,000",180.46,180.96,178.54
11/12/2024,181.62,"25,134,910",179.82,182.49,179.39
11/11/2024,180.35,"17,450,350",178.58,180.545,178.47
11/08/2024,178.35,"22,006,180",180.645,180.9,178.08
11/07/2024,180.75,"25,352,940",177.41,181.08,177.19
11/06/2024,176.51,"33,695,540",173.8,176.94,173.5
11/05/2024,169.74,"18,242,050",169.43,170.53,168.84
11/04/2024,169.24,"21,492,740",169.93,170.73,168.011
11/01/2024,171.29,"31,796,480",170.07,172.32,168.88
10/31/2024,171.11,"44,768,980",173.13,176.82,171.0
10/30/2024,174.46,"68,890,790",180.68,182.02,174.0599
10/29/2024,169.68,"42,169,030",167.73,170.38,167.0896
10/28/2024,166.72,"32,138,640",168.75,168.75,163.95
10/25/2024,165.27,"19,828,880",163.67,165.59,163.42
10/24/2024,162.72,"22,412,530",162.83,163.33,161.01
10/23/2024,162.78,"18,280,520",164.76,165.82,161.925
10/22/2024,165.14,"16,568,120",162.98,165.77,162.98
10/21/2024,164.07,"20,946,460",162.95,164.5,162.62
10/18/2024,163.42,"19,757,660",163.19,164.71,163.08
10/17/2024,162.93,"21,453,400",165.73,166.37,162.76
10/16/2024,165.16,"16,406,030",164.53,165.8,163.74
10/15/2024,165.46,"20,247,200",165.785,167.68,164.625
10/14/2024,164.96,"19,016,140",163.64,166.226,163.4
10/11/2024,163.24,"15,344,250",162.13,163.9,161.235
10/10/2024,162.08,"14,144,070",160.87,163.07,160.395
10/09/2024,161.86,"31,181,770",163.45,164.84,159.74
10/08/2024,164.38,"23,072,730",163.94,164.725,162.87
10/07/2024,162.98,"22,463,140",167.72,168.48,162.75
10/04/2024,167.06,"19,093,720",168.06,168.23,165.48
10/03/2024,165.86,"15,073,100",164.41,166.64,163.923
10/02/2024,165.86,"17,760,180",166.42,167.52,164.73
10/01/2024,166.99,"28,338,120",167.685,169.16,164.58
09/30/2024,165.85,"20,481,300",163.32,166.15,163.26
09/27/2024,163.95,"21,101,310",162.81,165.7,162.6261
09/26/2024,162.73,"20,319,340",163.64,164.08,162.28
09/25/2024,161.49,"18,869,200",161.47,162.81,161.3
09/24/2024,162.29,"23,332,150",163.03,163.2158,160.69
09/23/2024,161.85,"24,150,850",164.35,165.49,161.67
09/20/2024,163.59,"40,896,440",163.5,163.73,162.06
09/19/2024,162.14,"26,587,730",163.71,163.79,161.34
09/18/2024,159.81,"23,677,320",159.86,160.5,158.595
09/17/2024,159.32,"20,715,610",159.02,160.55,158.375
09/16/2024,158.06,"18,379,780",157.31,158.25,156.6
09/13/2024,157.46,"29,591,150",155.43,158.38,155.21
09/12/2024,154.69,"29,695,050",153.8,154.82,152.65
09/11/2024,151.16,"29,607,690",149.92,151.5,147.52
09/10/2024,148.66,"31,118,770",150.45,151.27,148.34
09/09/2024,148.71,"39,260,450",152.51,153.4,147.215
09/06/2024,150.92,"37,912,130",157.3,157.83,150.55
09/05/2024,157.24,"18,688,750",156.3,159.45,155.9805
09/04/2024,156.45,"19,353,760",156.655,159.0,155.9616
09/03/2024,157.36,"38,945,300",161.72,161.85,156.48
08/30/2024,163.38,"22,123,810",162.615,163.66,161.6925
08/29/2024,161.78,"19,699,770",164.31,165.97,160.25
08/28/2024,162.85,"16,407,440",165.035,165.6,161.5284
08/27/2024,164.68,"11,821,940",165.835,166.4426,164.46
08/26/2024,166.16,"14,190,420",166.38,167.55,164.455
08/23/2024,165.62,"13,955,740",164.72,166.18,163.83
08/22/2024,163.8,"22,493,280",167.26,167.59,163.31
08/21/2024,165.85,"22,902,000",165.15,166.85,164.67
08/20/2024,167.18,"18,341,530",166.9,168.64,166.82
08/19/2024,166.67,"22,416,190",165.28,166.69,164.26
08/16/2024,162.96,"24,208,650",161.47,165.06,161.13
08/15/2024,161.3,"31,524,250",160.5,161.635,159.61
08/14/2024,160.37,"40,591,130",162.4,163.22,157.71
08/13/2024,164.16,"18,551,690",163.41,164.73,162.97
08/12/2024,162.29,"15,895,290",164.35,164.9,161.84
08/09/2024,163.67,"28,602,290",160.01,163.79,159.06
08/08/2024,162.03,"25,578,840",160.51,163.69,160.21
08/07/2024,158.94,"25,138,570",161.25,162.98,158.47
08/06/2024,158.29,"49,004,560",159.33,160.57,156.41
08/05/2024,159.25,"53,630,670",155.5,164.43,154.93
08/02/2024,166.66,"29,130,100",166.44,168.51,164.67
08/01/2024,170.76,"24,531,390",170.25,174.05,168.88
07/31/2024,171.54,"25,729,090",173.24,174.245,170.01
07/30/2024,170.29,"18,959,690",170.24,171.2299,168.44
07/29/2024,169.53,"20,293,820",168.83,170.43,167.99
07/26/2024,167.0,"41,336,890",167.15,168.09,164.06
07/25/2024,167.28,"44,851,970",172.52,173.42,167.19
07/24/2024,172.63,"49,585,200",173.6,176.19,171.82
07/23/2024,181.79,"36,352,710",182.05,183.61,181.54
07/22/2024,181.67,"24,100,350",180.59,182.7,180.23
07/19/2024,177.66,"18,881,890",178.88,180.29,177.13
07/18/2024,177.69,"25,315,730",181.93,182.5,176.47
07/17/2024,181.02,"20,734,070",182.965,183.55,179.9
07/16/2024,183.92,"18,290,720",187.36,188.68,183.3736
07/15/2024,186.53,"16,474,040",184.92,188.24,184.92
07/12/2024,185.07,"22,898,410",185.08,187.11,184.49
07/11/2024,185.57,"25,625,780",189.845,190.86,185.08
07/10/2024,191.18,"15,952,450",189.15,191.75,189.03
07/09/2024,188.98,"15,141,310",190.31,191.36,188.72
07/08/2024,189.03,"21,035,890",189.895,190.17,187.78
07/05/2024,190.6,"20,967,450",185.855,190.86,185.8
07/03/2024,185.82,"10,242,130",184.85,186.09,184.0
07/02/2024,185.24,"17,372,490",182.05,185.57,181.56
07/01/2024,182.99,"16,006,130",183.03,183.88,181.3
06/28/2024,182.15,"29,156,640",184.32,185.13,181.96
06/27/2024,185.41,"18,848,880",184.18,186.05,184.02
06/26/2024,183.88,"19,838,970",182.63,184.51,182.48
06/25/2024,184.03,"23,235,590",179.62,184.29,179.42
06/24/2024,179.22,"18,298,010",180.16,180.89,178.67
06/21/2024,179.63,"58,582,740",177.0,180.85,176.61
06/20/2024,176.3,"20,160,090",175.37,177.29,174.99
06/18/2024,175.09,"21,869,860",177.14,177.385,174.1042
06/17/2024,177.24,"19,618,500",175.46,178.36,174.81
06/14/2024,176.79,"18,063,560",174.22,177.0623,174.15
06/13/2024,175.16,"20,913,300",176.11,176.74,174.88
06/12/2024,177.79,"27,864,740",178.25,180.41,176.11
06/11/2024,176.62,"21,540,580",176.22,176.84,173.7701
06/10/2024,175.01,"23,779,220",174.97,177.06,172.76
06/07/2024,174.46,"19,661,400",177.05,177.87,174.3
06/06/2024,176.73,"23,251,010",175.895,177.15,175.75
06/05/2024,175.41,"22,068,520",175.2,176.645,173.9339
06/04/2024,173.79,"26,879,600",173.28,173.845,171.89
06/03/2024,173.17,"27,459,120",172.54,174.525,171.16
05/31/2024,172.5,"37,638,880",171.86,173.06,169.44
05/30/2024,172.11,"22,958,680",175.2,175.22,171.79
05/29/2024,175.9,"23,388,690",175.43,176.836,174.72
05/28/2024,176.4,"20,572,160",174.45,177.27,174.365
05/24/2024,174.99,"16,579,440",174.98,175.77,173.65
05/23/2024,173.55,"21,024,940",177.07,178.25,172.95
05/22/2024,176.38,"17,880,040",176.644,177.15,175.21
05/21/2024,177.85,"16,989,370",176.9,178.15,175.81
05/20/2024,176.92,"22,554,400",176.192,178.77,176.08
05/17/2024,176.06,"24,479,260",174.18,176.265,173.69
05/16/2024,174.18,"27,867,950",173.29,175.115,172.69
05/15/2024,172.51,"26,948,370",170.63,172.65,170.51
05/14/2024,170.34,"25,127,140",169.77,171.25,168.8
05/13/2024,169.14,"31,327,600",164.26,169.28,164.0
05/10/2024,168.65,"29,799,930",168.025,169.85,166.19
05/09/2024,169.96,"15,346,700",169.39,170.69,168.18
05/08/2024,169.38,"19,569,150",169.0,170.15,168.735
05/07/2024,171.25,"28,039,700",168.5,171.76,168.39
05/06/2024,168.1,"21,871,280",167.46,168.14,166.03
05/03/2024,167.24,"34,662,430",167.56,167.96,163.05
05/02/2024,166.62,"24,294,550",164.785,166.73,163.89
05/01/2024,163.86,"33,493,150",164.3,167.12,163.09
04/30/2024,162.78,"33,562,860",165.612,168.1,162.6
04/29/2024,166.15,"45,610,020",169.058,169.55,165.21
04/26/2024,171.95,"64,665,300",174.37,174.71,169.65
04/25/2024,156.0,"57,109,730",151.33,156.49,150.87
04/24/2024,159.13,"22,779,110",157.49,159.565,157.165
04/23/2024,158.26,"21,151,570",156.96,158.97,156.28
04/22/2024,156.28,"26,446,210",154.31,157.64,154.06
04/19/2024,154.09,"32,615,640",156.2,156.36,152.3
04/18/2024,156.01,"19,883,040",155.34,156.94,154.62
04/17/2024,155.47,"21,763,130",155.62,157.08,154.58
04/16/2024,154.4,"20,779,500",154.19,155.65,153.43
04/15/2024,154.86,"27,136,470",158.86,159.24,154.59
04/12/2024,157.73,"25,353,750",157.96,160.2225,157.14
04/11/2024,159.41,"27,166,430",156.91,159.68,156.46
04/10/2024,156.14,"22,838,630",156.21,156.61,154.68
04/09/2024,156.6,"31,113,010",156.085,158.56,155.19
04/08/2024,154.85,"20,701,970",152.78,155.27,152.61
04/05/2024,152.5,"23,459,250",150.03,153.42,149.6
04/04/2024,150.53,"34,724,740",153.5,154.77,150.45
04/03/2024,154.92,"24,704,990",153.6,155.08,152.73
04/02/2024,154.56,"24,585,990",153.5,154.7,152.15
04/01/2024,155.49,"31,730,850",150.69,155.74,150.61
03/28/2024,150.93,"24,485,390",150.85,151.43,150.17
03/27/2024,150.87,"22,879,180",151.18,151.635,148.9
03/26/2024,150.67,"22,149,140",150.22,152.256,149.98
03/25/2024,150.07,"19,229,290",149.94,150.375,147.82
03/22/2024,150.77,"29,211,770",149.12,151.58,148.98
03/21/2024,147.6,"24,755,600",149.47,150.37,146.9001
03/20/2024,148.74,"21,311,500",148.0,148.86,146.735
03/19/2024,147.03,"24,070,440",148.16,148.7913,146.08
03/18/2024,147.68,"69,273,700",148.61,152.15,147.17
03/15/2024,141.18,"49,475,420",142.5,143.18,140.03
03/14/2024,143.1,"42,753,390",141.19,143.585,140.455
03/13/2024,139.79,"23,347,210",139.0,141.09,138.99
03/12/2024,138.5,"27,563,350",137.03,139.375,137.03
03/11/2024,137.67,"32,437,770",136.13,139.095,136.13
03/08/2024,135.41,"39,370,390",134.21,138.085,134.0
03/07/2024,134.38,"37,738,210",132.795,134.94,131.61
03/06/2024,131.4,"35,318,610",133.12,133.58,130.85
03/05/2024,132.67,"40,194,760",131.88,133.24,130.665
03/04/2024,133.35,"55,999,420",135.66,135.66,131.91
03/01/2024,137.14,"31,151,120",138.43,138.87,136.92
02/29/2024,138.46,"42,132,950",137.28,138.86,136.4
02/28/2024,136.38,"37,328,560",137.9,138.01,135.41
02/27/2024,138.88,"33,099,190",138.02,139.25,137.09
02/26/2024,137.57,"53,641,800",142.14,142.44,137.39
02/23/2024,143.96,"19,493,750",143.67,144.68,143.43
02/22/2024,144.09,"27,191,890",144.93,145.0,142.8
02/21/2024,142.55,"23,315,690",141.45,142.69,140.675
02/20/2024,141.12,"24,935,710",139.655,142.08,139.49
02/16/2024,140.52,"31,468,930",142.99,143.19,140.14
02/15/2024,142.77,"37,590,700",143.14,143.52,140.46
02/14/2024,145.94,"22,704,170",146.08,146.52,144.094
02/13/2024,145.14,"27,837,730",144.92,146.67,143.69
02/12/2024,147.53,"21,564,090",148.42,149.335,147.37
02/09/2024,149.0,"26,829,500",146.68,149.44,146.18
02/08/2024,145.91,"22,563,760",145.83,146.33,145.105
02/07/2024,145.54,"25,208,860",144.76,145.615,143.925
02/06/2024,144.1,"29,128,200",144.65,145.36,143.19
02/05/2024,143.68,"38,505,410",142.82,145.47,142.78
02/02/2024,142.38,"62,499,570",139.26,142.62,136.5
02/01/2024,141.16,"40,466,550",142.12,143.06,140.79
01/31/2024,140.1,"71,910,040",143.62,144.0,139.87
01/30/2024,151.46,"36,331,830",152.8,153.62,151.185
01/29/2024,153.51,"27,784,260",152.06,153.78,151.43
01/26/2024,152.185,"26,115,490",151.1,152.535,151.01
01/25/2024,151.87,"29,149,070",150.065,153.05,149.54
01/24/2024,148.7,"25,233,450",148.54,149.855,148.1
01/23/2024,147.04,"21,636,130",145.89,147.182,145.5
01/22/2024,145.99,"32,200,370",147.1,148.39,145.84
01/19/2024,146.38,"34,271,870",144.74,146.45,144.38
01/18/2024,143.48,"25,746,420",142.05,144.21,141.99
01/17/2024,141.47,"20,968,650",141.345,141.84,138.9
01/16/2024,142.49,"22,670,470",142.0,144.35,141.45
01/12/2024,142.65,"18,785,510",142.67,143.195,141.82
01/11/2024,142.08,"24,008,720",143.49,145.22,140.635
01/10/2024,142.28,"21,320,200",141.0,143.0,140.91
01/09/2024,140.95,"24,759,600",138.5,141.485,138.15
01/08/2024,138.84,"21,403,980",136.29,139.01,136.26
01/05/2024,135.73,"22,513,850",136.745,137.1558,135.15
01/04/2024,136.39,"27,137,740",138.42,139.16,136.35
01/03/2024,138.92,"24,212,150",137.25,139.63,137.08
01/02/2024,138.17,"23,711,220",138.55,139.45,136.48
12/29/2023,139.69,"18,733,020",139.63,140.36,138.78
12/28/2023,140.23,"16,045,710",140.78,141.14,139.75
12/27/2023,140.37,"19,628,620",141.59,142.08,139.886
12/26/2023,141.52,"16,780,330",141.59,142.68,141.19
12/22/2023,141.49,"26,532,200",140.77,141.99,140.71
12/21/2023,140.42,"27,488,280",139.49,140.685,139.18
12/20/2023,138.34,"49,107,180",138.97,141.695,138.065
12/19/2023,136.65,"25,476,750",136.84,137.47,136.08
12/18/2023,135.8,"32,257,970",132.63,137.1478,132.43
12/15/2023,132.6,"50,847,110",131.62,133.51,131.18
12/14/2023,131.94,"38,722,410",133.38,133.72,129.685
12/13/2023,132.57,"30,104,780",133.38,133.5,131.57
12/12/2023,132.52,"29,032,830",131.81,133.0,131.26
12/11/2023,133.29,"31,138,010",132.38,133.335,131.36
12/08/2023,134.99,"32,260,110",134.2,136.4,134.025
12/07/2023,136.93,"56,767,100",135.04,138.56,134.7
12/06/2023,130.02,"23,576,180",131.44,131.84,129.875
12/05/2023,130.99,"27,384,780",128.95,132.14,128.25
12/04/2023,129.27,"36,669,880",129.88,130.03,127.9
12/01/2023,131.86,"31,442,260",131.86,132.11,130.665
11/30/2023,132.53,"38,988,260",135.05,135.55,131.28
11/29/2023,134.99,"23,967,220",137.57,138.288,134.84
11/28/2023,137.2,"18,730,030",136.08,137.25,135.4222
11/27/2023,136.41,"23,436,530",136.03,138.42,136.0
11/24/2023,136.69,"12,514,320",138.03,138.13,135.99
11/22/2023,138.49,"17,820,460",137.47,139.42,137.47
11/21/2023,136.97,"22,635,270",136.29,137.18,135.96
11/20/2023,136.25,"27,850,760",133.69,136.66,133.62
11/17/2023,135.31,"37,287,690",136.0,136.06,133.65
11/16/2023,136.93,"28,013,180",135.19,137.2199,134.32
11/15/2023,134.62,"23,861,520",134.87,135.03,133.57
11/14/2023,133.62,"32,395,180",134.19,135.7,133.32
11/13/2023,132.09,"18,324,750",131.78,132.59,131.25
11/10/2023,132.59,"26,927,830",130.105,132.8,129.41
11/09/2023,130.24,"23,747,770",131.96,132.55,130.065
11/08/2023,131.84,"26,425,850",130.97,132.21,130.78
11/07/2023,130.97,"29,757,280",130.71,131.91,129.88
11/06/2023,130.25,"19,052,740",129.05,130.34,128.67
11/03/2023,129.1,"26,393,110",128.02,129.525,127.86
11/02/2023,127.49,"27,124,650",128.42,128.98,126.93
11/01/2023,126.45,"30,082,440",124.07,126.49,123.715
10/31/2023,124.08,"26,292,340",125.06,125.37,122.685
10/30/2023,124.46,"28,940,080",123.21,125.4,122.75
10/27/2023,122.17,"44,566,510",122.88,123.31,120.2057
10/26/2023,122.28,"57,061,140",123.27,124.3297,121.27
10/25/2023,125.61,"84,366,210",128.16,128.31,125.07
10/24/2023,138.81,"44,814,320",137.83,139.3599,137.42
10/23/2023,136.5,"26,317,930",135.04,137.6599,133.95
10/20/2023,135.6,"26,335,670",137.33,137.87,135.08
10/19/2023,137.75,"26,066,010",138.5,139.66,137.38
10/18/2023,137.96,"23,375,000",139.445,140.72,137.38
10/17/2023,139.72,"23,515,780",138.63,139.9,137.18
10/16/2023,139.095,"28,501,870",138.17,139.63,137.99
10/13/2023,137.36,"23,435,600",139.38,140.0,136.615
10/12/2023,138.97,"24,765,540",141.05,141.22,138.26
10/11/2023,140.55,"25,884,300",138.58,141.11,138.58
10/10/2023,138.06,"27,786,610",138.5,139.72,137.33
10/09/2023,138.42,"19,278,070",136.94,138.94,135.61
10/06/2023,137.58,"27,597,600",134.01,138.155,134.01
10/05/2023,135.07,"19,832,620",135.07,135.49,133.45
10/04/2023,135.24,"26,752,300",132.79,135.57,132.53
10/03/2023,132.43,"22,989,400",133.94,134.26,131.84
10/02/2023,134.17,"22,288,040",131.21,134.42,131.17
09/29/2023,130.86,"30,859,790",133.28,134.05,130.36
09/28/2023,132.31,"22,513,130",129.84,133.3,129.79
09/27/2023,130.54,"22,746,450",128.57,130.895,128.57
09/26/2023,128.565,"25,718,700",129.77,130.3645,127.22
09/25/2023,131.11,"20,094,640",129.83,131.17,128.96
09/22/2023,130.25,"26,397,340",130.76,132.025,129.6
09/21/2023,130.44,"31,503,910",131.44,132.23,130.07
09/20/2023,133.74,"29,927,480",138.08,138.08,133.62
09/19/2023,138.04,"20,353,650",137.42,138.41,136.62
09/18/2023,138.21,"21,861,350",136.61,139.16,136.61
09/15/2023,137.4,"38,919,610",137.98,138.52,136.48
09/14/2023,138.1,"24,750,970",137.6,138.695,136.24
09/13/2023,136.71,"20,749,500",135.09,136.9,134.15
09/12/2023,135.34,"18,405,510",136.26,136.8701,135.19
09/11/2023,136.92,"20,763,350",136.54,137.48,135.785
09/08/2023,136.38,"23,584,190",134.91,136.66,134.85
09/07/2023,135.26,"18,844,340",133.59,135.58,132.95
09/06/2023,134.46,"18,684,530",136.02,136.5299,133.665
09/05/2023,135.77,"19,403,110",135.44,136.42,134.5801
09/01/2023,135.66,"21,543,690",137.455,137.455,134.85
08/31/2023,136.17,"30,053,800",136.01,138.0,135.79
08/30/2023,135.88,"28,315,770",134.78,136.275,134.07
08/29/2023,134.57,"43,075,560",132.24,136.57,132.24
08/28/2023,131.01,"20,543,270",131.31,132.54,130.14
08/25/2023,129.88,"26,762,890",129.54,130.76,127.25
08/24/2023,129.78,"28,500,690",133.95,134.25,129.57
08/23/2023,132.37,"27,819,710",130.18,133.41,129.87
08/22/2023,129.08,"22,067,520",128.51,130.278,128.32
08/21/2023,128.37,"25,248,730",127.175,128.725,126.56
08/18/2023,127.46,"30,504,770",128.51,129.25,126.3824
08/17/2023,129.92,"33,446,280",129.8,131.99,129.29
08/16/2023,128.7,"25,216,070",128.7,130.2809,127.865
08/15/2023,129.78,"19,770,730",131.1,131.42,129.28
08/14/2023,131.33,"24,695,610",129.39,131.37,128.96
08/11/2023,129.56,"19,591,080",128.66,129.93,128.17
08/10/2023,129.69,"20,857,750",131.32,132.05,129.45
08/09/2023,129.66,"24,912,920",131.66,132.04,129.0
08/08/2023,131.4,"23,535,180",130.62,131.51,129.545
08/07/2023,131.53,"22,746,290",129.16,131.61,129.02
08/04/2023,128.11,"26,147,160",129.28,131.51,127.91
08/03/2023,128.45,"20,159,530",127.97,129.385,127.42
08/02/2023,128.38,"26,273,260",129.45,130.09,127.56
08/01/2023,131.55,"23,276,440",130.775,132.63,130.68
07/31/2023,132.72,"28,055,530",132.73,133.525,131.775
07/28/2023,132.58,"36,591,160",130.78,133.74,130.57
07/27/2023,129.4,"44,952,070",131.67,133.24,128.79
07/26/2023,129.27,"61,682,090",130.07,130.98,128.32
07/25/2023,122.21,"52,509,550",121.36,123.145,121.02
07/24/2023,121.53,"29,723,670",121.66,123.0,120.98
07/21/2023,120.02,"71,606,470",120.62,120.99,118.73
07/20/2023,119.2,"37,906,760",121.42,124.09,118.22
07/19/2023,122.03,"37,224,030",124.6,125.18,121.8
07/18/2023,123.76,"26,226,450",124.6,124.68,122.96
07/17/2023,124.65,"25,716,220",125.94,127.0999,124.195
07/14/2023,125.42,"33,283,080",124.8,126.775,123.49
07/13/2023,124.54,"44,297,920",120.93,124.83,120.45
07/12/2023,118.93,"30,404,410",118.8,120.33,118.4145
07/11/2023,117.14,"23,078,780",116.29,117.71,115.35
07/10/2023,116.45,"35,315,240",118.3,118.305,116.135
07/07/2023,119.48,"21,709,550",120.1,121.05,119.4
07/06/2023,120.11,"24,778,800",119.795,120.3,118.4
07/05/2023,121.75,"27,584,810",119.24,122.61,119.23
07/03/2023,119.9,"14,442,850",119.24,120.19,118.8182
06/30/2023,119.7,"29,532,240",120.17,121.08,119.69
06/29/2023,119.1,"24,090,900",119.24,120.06,118.295
06/28/2023,120.18,"27,091,450",117.09,120.39,116.85
06/27/2023,118.33,"39,535,940",117.08,119.08,116.1
06/26/2023,118.34,"33,969,900",120.76,122.0,118.265
06/23/2023,122.34,"34,913,640",121.38,122.7879,121.06
06/22/2023,123.15,"26,952,250",120.0,123.24,118.83
06/21/2023,120.55,"30,306,340",122.4,122.66,120.1
06/20/2023,123.1,"26,097,490",122.93,124.57,122.14
06/16/2023,123.53,"45,535,550",125.93,126.108,123.28
06/15/2023,125.09,"35,246,270",123.14,125.46,122.4
06/14/2023,123.67,"30,592,300",123.1,124.05,121.45
06/13/2023,123.83,"22,278,310",124.98,125.16,123.18
06/12/2023,123.64,"28,338,740",122.785,124.05,121.66
06/09/2023,122.23,"23,778,320",122.25,123.755,121.91
06/08/2023,122.14,"29,389,170",122.225,123.225,121.24
06/07/2023,122.5,"52,538,990",126.97,129.04,122.12
06/06/2023,127.31,"26,638,300",126.01,128.29,125.36
06/05/2023,126.01,"32,305,530",124.01,127.43,123.84
06/02/2023,124.67,"26,980,150",123.99,126.15,123.76
06/01/2023,123.72,"30,772,680",122.815,124.42,122.62
05/31/2023,122.87,"37,325,790",122.75,124.0601,122.5
05/30/2023,123.67,"35,076,660",125.64,125.66,122.0
05/26/2023,124.61,"35,635,940",123.17,125.26,122.45
05/25/2023,123.48,"42,316,990",124.52,125.32,121.96
05/24/2023,120.9,"34,182,640",121.12,121.91,119.86
05/23/2023,122.56,"34,046,250",124.16,124.625,122.2104
05/22/2023,125.05,"35,253,030",122.94,126.43,122.74
05/19/2023,122.76,"41,353,450",123.55,125.97,122.15
05/18/2023,122.83,"35,234,230",120.95,123.31,120.83
05/17/2023,120.84,"33,323,590",119.61,121.67,118.89
05/16/2023,119.51,"45,035,560",116.49,120.75,116.43
05/15/2023,116.51,"36,266,770",116.11,118.48,116.01
05/12/2023,117.51,"41,102,330",116.68,118.03,116.11
05/11/2023,116.57,"78,900,030",115.395,117.92,114.41
05/10/2023,111.75,"63,153,370",107.97,112.94,107.93
05/09/2023,107.35,"36,360,140",108.39,110.15,107.19
05/08/2023,107.77,"26,511,450",105.18,107.96,105.16
05/05/2023,105.57,"26,639,250",104.82,105.88,104.11
05/04/2023,104.69,"23,419,510",105.485,105.6,103.97
05/03/2023,105.41,"21,795,410",105.53,107.49,104.96
05/02/2023,105.32,"30,997,250",107.14,107.2,103.71
05/01/2023,107.2,"26,681,680",106.84,107.99,106.82
04/28/2023,107.34,"36,139,850",107.04,107.35,105.09
04/27/2023,107.59,"50,089,190",104.45,108.37,103.54
04/26/2023,103.71,"53,347,560",104.92,106.35,102.63
04/25/2023,103.85,"46,664,100",105.825,106.69,103.84
04/24/2023,105.97,"23,542,830",105.49,106.63,104.7
04/21/2023,105.41,"25,800,080",105.47,106.0,104.78
04/20/2023,105.29,"27,820,790",103.91,106.25,103.8684
04/19/2023,104.18,"20,905,680",103.58,104.98,103.07
04/18/2023,104.5,"26,596,450",106.49,106.54,104.07
04/17/2023,105.97,"37,571,220",104.658,106.16,104.52
04/14/2023,108.87,"26,578,000",106.89,108.94,106.84
04/13/2023,107.43,"24,843,580",105.84,107.49,105.84
04/12/2023,104.64,"24,370,270",106.58,106.75,104.34
04/11/2023,105.35,"26,311,800",106.55,106.73,104.68
04/10/2023,106.44,"27,067,360",106.98,107.59,105.12
04/06/2023,108.42,"48,711,480",105.26,109.17,104.33
04/05/2023,104.47,"28,290,500",105.78,106.1,103.66
04/04/2023,104.72,"24,420,080",104.33,105.58,104.04
04/03/2023,104.36,"25,035,400",102.39,104.53,101.93
03/31/2023,103.73,"36,863,370",101.3,103.89,101.04
03/30/2023,100.89,"33,086,180",100.91,101.155,99.78
03/29/2023,101.39,"28,779,570",102.28,102.49,100.65
03/28/2023,101.03,"32,057,870",102.44,102.45,99.74
03/27/2023,102.46,"31,120,860",104.615,104.76,101.9273
03/24/2023,105.44,"30,411,040",104.99,105.49,103.84
03/23/2023,105.6,"40,797,770",105.06,106.3,104.46
03/22/2023,103.37,"43,427,420",104.27,106.59,103.33
03/21/2023,104.92,"42,110,280",101.25,105.1,101.22
03/20/2023,101.22,"32,960,440",100.12,101.75,99.87
03/17/2023,101.62,"61,028,550",100.26,102.835,100.1
03/16/2023,100.32,"65,567,660",96.2,101.19,95.5
03/15/2023,96.11,"50,622,050",93.22,96.93,92.64
03/14/2023,93.97,"36,050,210",92.56,94.36,92.44
03/13/2023,91.11,"37,335,570",90.09,92.57,89.42
03/10/2023,90.63,"35,941,050",92.17,92.79,90.395
03/09/2023,92.32,"28,813,530",94.05,95.53,91.9
03/08/2023,94.25,"34,103,270",94.12,95.955,94.0
03/07/2023,93.86,"27,835,480",94.98,95.67,93.53
03/06/2023,95.13,"32,639,310",94.015,95.97,94.0
03/03/2023,93.65,"35,160,110",92.48,93.73,92.45
03/02/2023,92.0,"32,226,230",89.66,92.275,89.59
03/01/2023,90.36,"31,111,230",89.98,91.03,89.67
02/28/2023,90.06,"30,142,040",89.33,91.23,89.32
02/27/2023,89.87,"27,502,300",89.87,90.16,89.335
02/24/2023,89.13,"36,585,090",89.44,89.89,88.575
02/23/2023,90.89,"41,206,380",91.92,91.94,89.76
02/22/2023,91.65,"30,884,020",91.7,92.11,90.61
02/21/2023,91.79,"33,629,260",93.0,93.1,91.72
02/17/2023,94.35,"34,284,120",94.85,95.5599,93.21
02/16/2023,95.51,"42,462,620",95.37,97.68,94.74
02/15/2023,96.94,"50,298,480",94.49,97.12,94.15
02/14/2023,94.68,"54,726,120",94.43,94.845,92.26
02/13/2023,94.61,"50,076,120",94.74,95.2,93.84
02/10/2023,94.57,"54,980,700",95.45,96.75,94.25
02/09/2023,95.01,"119,455,000",100.0,100.03,93.63
02/08/2023,99.37,"94,743,520",102.05,103.14,98.035
02/07/2023,107.64,"49,010,230",103.22,108.18,103.12
02/06/2023,102.9,"31,999,560",102.4,104.36,101.88
02/03/2023,104.78,"65,309,260",102.93,107.81,102.58
02/02/2023,107.74,"69,883,760",105.8,107.85,105.61
02/01/2023,100.43,"35,531,100",98.71,101.19,97.58
01/31/2023,98.84,"29,870,670",96.87,98.88,96.82
01/30/2023,96.94,"27,226,200",97.48,98.29,96.395
01/27/2023,99.37,"33,879,750",97.31,100.32,97.31
01/26/2023,97.52,"30,113,970",96.5,97.57,95.38
01/25/2023,95.22,"42,329,950",95.57,96.162,93.76
01/24/2023,97.7,"33,078,510",98.1,99.61,97.2
01/23/2023,99.79,"40,005,060",97.95,100.04,97.5
01/20/2023,98.02,"63,191,080",95.1,98.3,95.02
01/19/2023,93.05,"37,000,400",90.72,93.605,90.63
01/18/2023,91.12,"29,116,690",92.14,92.7999,90.64
01/17/2023,91.29,"32,602,420",92.06,92.25,90.05
01/13/2023,92.12,"26,329,210",90.85,92.19,90.1299
01/12/2023,91.13,"30,258,140",91.48,91.87,89.75
01/11/2023,91.52,"26,861,970",89.18,91.6,89.01
01/10/2023,88.42,"30,467,760",85.98,88.67,85.83
01/09/2023,88.02,"29,003,900",88.36,90.05,87.86
01/06/2023,87.34,"41,381,500",86.79,87.69,84.86
01/05/2023,86.2,"27,194,380",87.47,87.57,85.9
01/04/2023,88.08,"34,854,780",90.35,90.65,87.271
01/03/2023,89.12,"28,131,220",89.585,91.05,88.52
12/30/2022,88.23,"23,986,300",86.98,88.3,86.57
12/29/2022,88.45,"23,333,540",86.62,88.845,86.61
12/28/2022,86.02,"19,523,180",86.98,88.04,85.94
12/27/2022,87.39,"20,097,350",88.795,88.94,87.01
12/23/2022,89.23,"23,003,040",87.11,89.545,87.07
12/22/2022,87.76,"27,658,290",88.16,88.54,86.32
12/21/2022,89.58,"24,745,640",89.08,90.22,88.32
12/20/2022,89.02,"23,453,840",88.11,89.175,87.4401
12/19/2022,88.44,"29,493,030",90.255,90.56,88.21
12/16/2022,90.26,"58,011,850",90.76,91.33,89.52
12/15/2022,90.86,"40,107,030",93.13,93.64,90.01
12/14/2022,95.07,"28,733,600",95.2,96.87,93.6
12/13/2022,95.63,"40,593,660",97.76,99.53,95.03
12/12/2022,93.31,"29,009,010",92.71,93.56,91.61
12/09/2022,92.83,"28,225,450",93.77,94.26,92.75
12/08/2022,93.71,"32,213,290",95.38,95.58,93.45
12/07/2022,94.94,"31,045,450",96.41,96.8811,94.715
12/06/2022,96.98,"24,910,660",99.3,99.78,96.42
12/05/2022,99.48,"24,405,090",99.4,101.38,99.0
12/02/2022,100.44,"21,480,700",99.05,100.77,98.9
12/01/2022,100.99,"28,687,100",101.02,102.25,100.25
11/30/2022,100.99,"43,647,480",94.82,101.04,94.42
11/29/2022,95.19,"20,061,720",95.73,96.12,94.11
11/28/2022,96.05,"26,252,430",97.036,97.58,95.61
11/25/2022,97.46,"9,701,441",98.24,98.64,97.4
11/23/2022,98.46,"18,868,090",97.09,98.76,97.09
11/22/2022,97.05,"23,438,480",95.95,97.22,94.05
11/21/2022,95.6,"21,647,390",97.29,98.4,95.355
11/18/2022,97.43,"28,342,300",98.77,98.9,96.37
11/17/2022,98.36,"26,052,600",96.97,99.28,96.79
11/16/2022,98.85,"29,105,150",97.9,99.6375,97.64
11/15/2022,98.44,"41,640,820",98.26,100.14,96.71
11/14/2022,95.7,"30,179,540",95.09,96.79,94.51
11/11/2022,96.41,"33,090,480",94.69,96.93,93.92
11/10/2022,93.94,"51,620,140",92.25,94.39,91.61
11/09/2022,87.32,"31,769,100",88.45,89.435,87.28
11/08/2022,88.9,"30,429,030",88.9,90.32,87.5901
11/07/2022,88.49,"34,078,910",87.28,88.9,86.85
11/04/2022,86.58,"51,124,900",85.4,86.64,83.71
11/03/2022,83.43,"61,288,020",86.32,86.52,83.34
11/02/2022,86.97,"57,038,280",90.94,91.18,86.88
11/01/2022,90.47,"47,161,350",95.45,96.03,90.37
10/31/2022,94.51,"31,675,040",95.42,96.03,93.98
10/28/2022,96.29,"43,697,290",92.27,96.55,92.13
10/27/2022,92.22,"60,710,860",94.52,95.43,91.8
10/26/2022,94.93,"88,279,040",96.43,98.31,94.69
10/25/2022,104.48,"40,611,380",102.9,104.82,102.72
10/24/2022,102.52,"27,176,420",101.8,102.75,99.98
10/21/2022,101.13,"32,458,720",97.845,101.31,97.72
10/20/2022,99.97,"25,323,200",100.0,102.32,99.39
10/19/2022,99.63,"23,811,060",100.01,101.0183,98.9201
10/18/2022,100.77,"24,060,670",103.13,103.47,99.97
10/17/2022,99.97,"28,419,190",98.86,100.93,98.83
10/14/2022,96.56,"25,410,670",99.99,100.69,96.37
10/13/2022,99.06,"34,574,550",95.15,99.775,94.3836
10/12/2022,97.56,"21,876,360",97.3,98.75,96.735
10/11/2022,97.18,"26,507,100",97.43,99.245,96.31
10/10/2022,97.86,"18,225,090",99.0,99.095,97.01
10/07/2022,98.68,"27,502,770",99.85,100.53,98.295
10/06/2022,101.42,"22,323,990",100.68,102.9254,100.59
10/05/2022,101.43,"22,176,900",99.825,101.93,98.8
10/04/2022,101.64,"28,850,770",100.44,101.84,100.38
10/03/2022,98.64,"27,982,030",96.76,99.2872,96.521
09/30/2022,95.65,"32,941,490",97.05,98.9,95.56
09/29/2022,97.42,"31,047,220",98.64,98.64,95.96
09/28/2022,100.05,"32,466,320",97.65,100.7,97.11
09/27/2022,97.5,"30,072,780",99.43,100.0,96.872
09/26/2022,98.17,"27,072,660",98.1,99.88,97.8
09/23/2022,98.74,"31,625,440",99.63,99.66,97.47
09/22/2022,100.14,"34,298,620",98.82,101.24,98.79
09/21/2022,99.28,"31,487,270",101.67,102.88,99.27
09/20/2022,101.14,"26,517,120",102.08,102.37,100.52
09/19/2022,103.07,"23,036,810",101.75,103.33,101.55
09/16/2022,102.8,"42,797,170",102.07,103.13,100.94
09/15/2022,102.91,"34,188,280",104.03,105.27,102.35
09/14/2022,105.0,"26,395,130",104.57,105.275,103.66
09/13/2022,104.32,"38,172,870",107.8,108.3,104.09
09/12/2022,110.86,"22,966,750",110.99,111.62,109.93
09/09/2022,110.65,"23,213,590",109.065,110.99,109.02
09/08/2022,108.38,"24,238,290",108.04,109.6,107.16
09/07/2022,109.45,"23,166,970",107.06,109.98,106.9
09/06/2022,106.81,"25,068,280",107.3,108.03,105.78
09/02/2022,107.85,"24,160,710",110.59,110.74,107.26
09/01/2022,109.74,"28,360,930",108.28,110.445,107.36
08/31/2022,108.22,"28,626,970",110.65,110.85,108.13
08/30/2022,108.94,"27,513,260",110.17,110.5,107.8
08/29/2022,109.42,"21,191,160",109.99,110.95,108.8
08/26/2022,110.34,"37,245,700",114.72,115.12,110.19
08/25/2022,116.65,"16,956,790",114.235,116.72,114.11
08/24/2022,113.69,"17,734,620",113.5,114.78,112.8701
08/23/2022,113.86,"15,870,370",113.475,115.01,113.43
08/22/2022,114.24,"21,456,650",115.2,115.63,113.85
08/19/2022,117.21,"21,809,530",119.06,119.15,116.76
08/18/2022,120.17,"17,987,660",119.43,120.82,118.72
08/17/2022,119.55,"22,846,960",120.12,121.29,119.38
08/16/2022,121.7,"19,041,230",121.52,122.43,120.64
08/15/2022,122.08,"19,494,830",121.13,122.3,120.61
08/12/2022,121.68,"19,096,270",120.26,121.68,119.46
08/11/2022,118.84,"24,293,650",121.28,121.49,118.56
08/10/2022,119.7,"30,930,350",118.78,120.92,118.41
08/09/2022,116.63,"19,086,470",117.135,117.32,115.71
08/08/2022,117.3,"19,169,480",118.39,120.15,116.88
08/05/2022,117.47,"19,159,520",116.23,118.1056,116.0
08/04/2022,118.19,"21,602,930",117.48,118.78,116.89
08/03/2022,118.08,"28,499,010",115.71,118.62,115.48
08/02/2022,115.13,"20,236,030",114.0,116.35,113.72
08/01/2022,114.86,"26,034,290",115.3,116.72,114.34
07/29/2022,116.32,"37,223,390",113.08,116.705,113.06
07/28/2022,114.22,"32,816,570",112.37,114.34,111.46
07/27/2022,113.06,"59,858,500",109.26,113.91,108.01
07/26/2022,105.02,"47,990,960",106.6,107.2,104.07
07/25/2022,107.51,"34,690,890",108.41,109.87,106.3
07/22/2022,107.9,"48,901,180",111.0,112.34,106.5
07/21/2022,114.34,"32,676,170",114.28,114.55,111.1132
07/20/2022,113.9,"35,600,430",113.17,115.4,112.48
07/19/2022,113.81,"36,530,950",110.85,114.02,109.56
07/18/2022,109.03,"43,164,590",112.64,113.68,108.37
07/15/2022,111.7775,"46,769,120",112.0005,113.1405,110.9
07/14/2022,110.3675,"37,003,040",110.2105,111.093,108.373
07/13/2022,111.3535,"43,722,020",111.701,114.196,111.2015
07/12/2022,114.0205,"29,959,700",116.215,116.974,113.6902
07/11/2022,115.6765,"31,243,700",117.998,117.998,115.3305
07/08/2022,119.3535,"38,238,160",117.25,119.685,116.9013
07/07/2022,118.783,"40,935,880",115.08,119.1895,114.8335
07/06/2022,114.572,"37,431,380",113.302,115.5895,111.476
07/05/2022,113.263,"39,399,640",107.1005,113.3768,105.7315
07/01/2022,108.7375,"35,475,660",107.933,109.25,106.7305
06/30/2022,108.963,"43,169,060",110.0,110.888,106.75
06/29/2022,111.7015,"24,716,820",111.552,113.1603,110.8725
06/28/2022,112.0075,"35,880,960",115.8025,117.3095,111.848
06/27/2022,115.8335,"36,420,760",118.273,118.5795,115.1797
06/24/2022,117.975,"41,163,680",112.995,118.079,112.9525
06/23/2022,112.242,"28,361,920",112.2315,112.7425,110.5005
06/22/2022,111.4875,"30,774,140",110.5565,113.3465,110.3824
06/21/2022,111.544,"47,415,800",108.9295,112.4893,108.6
06/17/2022,107.1435,"51,376,520",106.0335,108.6995,105.046
06/16/2022,106.0335,"51,684,960",107.221,108.6485,105.138
06/15/2022,109.7645,"39,698,180",108.545,111.4235,107.6695
06/14/2022,106.7155,"33,706,260",106.535,107.9245,105.8
06/13/2022,106.3925,"47,251,920",106.7865,108.7915,106.1192
06/10/2022,111.1615,"41,481,840",112.445,113.279,110.3661
06/09/2022,114.8355,"25,797,960",116.3275,118.299,114.776
06/08/2022,117.194,"26,107,740",116.7615,118.5705,116.6
06/07/2022,117.1495,"31,590,460",115.4805,117.691,115.052
06/06/2022,116.8205,"33,541,540",116.7045,119.347,116.164
06/03/2022,114.541,"26,135,460",116.0625,116.3216,113.5185
06/02/2022,117.6225,"37,992,280",114.0,117.8995,112.9465
06/01/2022,113.892,"36,605,520",114.855,117.1016,113.25
05/31/2022,113.762,"50,012,260",112.7465,115.735,112.0785
05/27/2022,112.3165,"37,914,120",109.483,112.318,109.1383
05/26/2022,107.7925,"37,947,220",105.677,108.6495,105.2249
05/25/2022,105.805,"40,257,340",104.9855,106.5,103.8565
05/24/2022,105.97,"76,779,780",105.772,106.4583,101.8847
05/23/2022,111.488,"37,184,940",109.5875,112.1475,108.741
05/20/2022,108.908,"48,962,960",111.951,112.1835,105.7964
05/19/2022,110.384,"34,144,400",111.4315,113.01,110.0
05/18/2022,111.8995,"35,125,980",115.0,115.4,111.5555
05/17/2022,116.473,"23,053,160",116.8405,116.9,114.8698
05/16/2022,114.445,"25,990,440",114.9555,116.17,113.8895
05/13/2022,116.0505,"35,038,480",114.533,117.875,113.605
05/12/2022,112.844,"53,836,180",111.3775,114.295,109.8245
05/11/2022,113.6025,"37,534,740",113.2365,116.3644,113.2365
05/10/2022,114.395,"39,900,380",115.5075,116.25,112.9005
05/09/2022,112.511,"40,802,860",113.25,115.0771,112.0005
05/06/2022,115.7465,"39,709,580",115.1845,117.5715,114.0155
05/05/2022,116.5055,"45,840,580",120.204,121.039,115.0057
05/04/2022,122.261,"49,915,280",117.0315,122.8545,115.116
05/03/2022,117.334,"24,967,360",116.4305,118.4418,116.0345
05/02/2022,116.583,"35,533,020",113.405,116.7455,112.6
04/29/2022,114.1095,"42,676,000",116.7345,117.9198,113.8145
04/28/2022,118.5225,"48,884,640",116.415,119.6495,114.115
04/27/2022,114.2945,"91,820,580",114.4693,117.242,112.7365
04/26/2022,118.65,"73,054,880",122.2945,122.51,118.511
04/25/2022,123.074,"46,128,260",119.101,123.2775,118.511
04/22/2022,119.6355,"56,883,720",125.0,125.402,118.925
04/21/2022,124.8145,"36,445,160",129.25,130.0985,124.5265
04/20/2022,128.04,"31,695,460",130.892,131.399,127.5
04/19/2022,130.009,"26,489,760",127.6915,130.333,126.9995
04/18/2022,127.6765,"20,808,660",127.0,128.2125,126.182
04/14/2022,126.73,"31,597,980",130.4795,130.4795,126.601
04/13/2022,129.894,"27,927,240",128.0,130.334,127.7412
04/12/2022,127.7145,"32,710,700",131.6,131.6,126.789
04/11/2022,128.8235,"36,883,060",131.8235,132.0925,128.6685
04/08/2022,133.2875,"25,142,800",135.5835,135.67,132.9655
04/07/2022,135.8885,"26,233,600",136.01,137.1645,134.2274
04/06/2022,136.548,"32,468,480",138.75,139.3605,135.517
04/05/2022,140.591,"21,418,120",142.869,142.9905,140.3825
04/04/2022,142.9715,"25,970,840",140.3585,143.712,140.3105
04/01/2022,140.1505,"25,941,440",139.5,140.4708,138.3075
03/31/2022,139.0675,"37,524,720",142.053,142.1078,139.0245
03/30/2022,141.9385,"19,884,760",142.46,142.7203,141.6
03/29/2022,142.5055,"34,317,020",142.6475,143.7935,142.0383
03/28/2022,141.4555,"35,049,260",140.9005,142.0025,139.8113
03/25/2022,141.673,"24,143,080",141.916,142.035,139.7375
03/24/2022,141.572,"26,396,560",139.2,141.6188,137.7505
03/23/2022,138.2755,"25,153,400",138.7025,139.5885,137.835
03/22/2022,139.868,"35,495,540",136.1015,141.05,136.1015
03/21/2022,136.1015,"26,831,680",136.1635,137.05,134.0923
03/18/2022,136.1255,"44,566,900",133.4245,136.244,132.2583
03/17/2022,133.839,"28,263,920",133.149,134.0804,132.185
03/16/2022,133.2805,"35,576,980",130.733,133.333,128.7345
03/15/2022,129.198,"30,919,520",126.976,129.8545,125.7205
03/14/2022,125.951,"38,811,260",130.25,130.409,125.275
03/11/2022,129.8705,"31,526,440",133.4885,133.7955,129.6315
03/10/2022,132.4295,"27,101,400",131.266,133.2718,130.9125
03/09/2022,133.42,"37,025,400",131.25,133.7355,129.9005
03/08/2022,127.1045,"40,427,100",126.25,131.25,125.6747
03/07/2022,126.3785,"45,112,940",131.488,131.735,126.295
03/04/2022,131.9065,"30,450,640",132.9275,133.8515,130.3375
03/03/2022,133.8995,"24,603,240",136.01,136.4395,133.0255
03/02/2022,134.5715,"23,519,800",134.628,135.2625,133.0715
03/01/2022,134.0615,"26,495,360",134.8785,136.2555,133.2185
02/28/2022,135.057,"38,864,420",133.05,135.7515,132.5923
02/25/2022,134.4595,"36,405,980",133.552,135.2715,131.7515
02/24/2022,132.691,"54,455,080",124.9533,133.0,124.9533
02/23/2022,127.588,"32,786,020",131.6485,132.051,127.5275
02/22/2022,129.8135,"44,990,740",129.8381,132.1803,128.2233
02/18/2022,130.403,"45,619,440",133.467,134.07,130.1965
02/17/2022,132.539,"38,949,500",136.243,137.1135,132.4785
02/16/2022,137.738,"25,021,300",136.6465,138.086,134.9238
02/15/2022,136.6085,"26,711,260",137.5705,138.1085,135.8215
02/14/2022,135.526,"34,301,080",133.2565,136.3,133.2565
02/11/2022,134.2825,"39,958,340",138.6,139.1563,133.4
02/10/2022,138.62,"39,330,660",139.7035,141.4845,137.957
02/09/2022,141.592,"40,143,880",140.9635,142.5243,140.187
02/08/2022,139.399,"54,283,600",139.0265,140.0,137.0139
02/07/2022,139.201,"54,973,300",144.25,144.25,138.9
02/04/2022,143.293,"57,998,220",143.4447,144.875,140.515
02/03/2022,143.09,"71,517,220",145.7055,149.675,142.6653
02/02/2022,148.0,"123,199,220",151.25,151.5466,145.5225
02/01/2022,137.644,"68,643,640",137.5945,137.7928,134.3685
01/31/2022,135.3035,"39,986,000",134.162,135.473,132.2095
01/28/2022,133.351,"34,361,480",129.659,133.3565,128.485
01/27/2022,129.005,"32,018,780",131.304,132.6523,128.9323
01/26/2022,129.233,"49,129,500",131.119,133.0,127.142
01/25/2022,126.935,"46,960,560",128.74,129.399,126.5005
01/24/2022,130.804,"76,694,240",125.978,131.203,124.5
01/21/2022,130.3515,"55,651,420",132.5935,134.8655,130.0865
01/20/2022,133.3075,"29,907,140",136.25,137.626,132.9647
01/19/2022,135.1165,"28,647,640",136.5235,137.9595,135.0155
01/18/2022,135.998,"34,888,100",136.175,137.1315,135.4383
01/14/2022,139.4805,"29,661,280",137.079,140.742,136.9985
01/13/2022,138.587,"31,436,600",141.54,142.85,138.409
01/12/2022,141.4305,"26,112,040",141.15,142.6078,140.6945
01/11/2022,139.736,"28,729,700",138.007,140.216,136.6923
01/10/2022,138.6695,"44,408,120",135.078,138.8195,133.1645
01/07/2022,137.017,"29,760,560",138.1455,138.4485,135.7665
01/06/2022,137.7475,"37,347,420",136.9985,139.94,136.5585
01/05/2022,137.775,"54,618,280",144.42,144.4994,137.688
01/04/2022,144.3995,"28,399,440",145.396,146.4849,143.7163
01/03/2022,144.9915,"28,678,940",145.055,145.851,143.7128
12/31/2021,144.852,"18,135,180",146.05,146.6985,144.852
12/30/2021,146.2005,"15,687,720",146.694,147.3,145.9945
12/29/2021,146.655,"17,787,460",146.6443,147.417,145.6475
12/28/2021,146.687,"18,254,300",148.236,148.299,146.0543
12/27/2021,147.9065,"15,984,460",147.256,148.344,147.1693
12/23/2021,146.9165,"26,383,440",146.5,148.2435,146.452
12/22/2021,146.415,"26,322,380",143.0675,146.5,143.0675
12/21/2021,143.4725,"28,755,360",142.0535,143.869,140.5025
12/20/2021,141.607,"27,192,360",140.0,141.7745,139.321
12/17/2021,141.725,"51,017,880",142.5,143.8345,141.3
12/16/2021,144.445,"33,650,380",147.1705,147.6768,143.607
12/15/2021,146.441,"36,370,460",143.409,146.721,141.6779
12/14/2021,143.907,"38,446,240",143.968,144.48,141.2148
12/13/2021,145.8265,"27,069,400",147.7815,147.97,145.5175
12/10/2021,148.0015,"24,462,760",148.7,148.9775,146.7037
12/09/2021,147.6385,"23,269,720",147.591,149.1,147.115
12/08/2021,148.1865,"24,270,320",147.5965,148.393,146.406
12/07/2021,147.2695,"32,240,300",145.5965,147.5312,145.2275
12/06/2021,143.155,"30,618,100",143.0405,143.8525,140.15
12/03/2021,142.0015,"41,230,160",143.681,144.4,140.301
12/02/2021,142.966,"29,194,840",141.25,143.8645,140.2145
12/01/2021,141.0515,"34,055,240",144.0,145.9503,140.912
11/30/2021,141.8975,"42,067,220",145.0085,146.0,141.6015
11/29/2021,145.5305,"32,595,040",144.0,146.2975,143.8935
11/26/2021,142.183,"30,469,240",144.3485,144.5575,141.8425
11/24/2021,146.12,"18,040,140",145.4735,146.2493,144.373
11/23/2021,145.782,"27,231,160",146.153,146.66,144.115
11/22/2021,146.302,"30,629,200",149.3325,149.8295,146.1475
11/19/2021,148.9265,"33,699,380",149.9755,150.9665,148.899
11/18/2021,149.8385,"35,628,220",148.2415,150.5805,147.8845
11/17/2021,148.047,"19,599,500",148.0275,148.5595,147.24
11/16/2021,147.876,"18,904,000",148.1495,148.7625,147.3125
11/15/2021,148.452,"23,507,040",148.9005,149.5495,147.575
11/12/2021,148.678,"22,360,000",146.6155,148.85,145.411
11/11/2021,145.7665,"16,517,480",146.4895,147.5355,145.6005
11/10/2021,145.8935,"29,969,800",147.5,148.07,144.5375
11/09/2021,148.9185,"19,529,740",149.233,149.8345,147.2448
11/08/2021,149.031,"23,052,500",149.825,150.6148,148.4305
11/05/2021,148.852,"38,354,740",149.1695,150.3275,148.197
11/04/2021,148.2675,"38,411,260",147.1245,149.7335,146.308
11/03/2021,146.598,"27,493,240",145.9005,146.669,144.591
11/02/2021,145.4325,"33,482,240",144.5795,146.609,144.3355
11/01/2021,143.497,"46,923,240",148.046,148.046,143.2255
10/29/2021,148.046,"43,320,300",145.078,148.242,144.6495
10/28/2021,145.849,"36,206,380",147.1345,147.158,144.6267
10/27/2021,146.2175,"85,781,400",139.405,148.65,139.405
10/26/2021,139.3085,"49,235,020",139.2635,140.0829,138.3045
10/25/2021,137.447,"34,412,260",137.55,138.0,135.424
10/22/2021,137.5665,"50,588,960",139.15,140.5828,136.056
10/21/2021,141.886,"26,292,260",141.769,142.156,140.5
10/20/2021,141.769,"23,288,060",143.338,143.5461,141.3765
10/19/2021,143.237,"20,163,000",143.3875,143.6625,142.6
10/18/2021,142.778,"20,396,160",141.0765,142.796,141.0695
10/15/2021,141.368,"30,274,440",141.6145,141.718,140.755
10/14/2021,141.151,"31,927,940",139.4738,141.3373,138.825
10/13/2021,137.582,"19,662,320",137.4025,138.0,136.5188
10/12/2021,136.449,"36,332,240",139.48,139.507,135.76
10/11/2021,138.914,"17,953,620",139.292,140.712,138.859
10/08/2021,139.7855,"26,525,840",139.577,140.331,139.2175
10/07/2021,139.225,"25,110,140",138.892,140.042,138.6512
10/06/2021,137.565,"24,364,280",134.75,137.75,134.55
10/05/2021,136.023,"32,403,260",134.041,137.2245,134.041
10/04/2021,133.6595,"51,201,940",135.9605,135.9605,131.05
10/01/2021,136.543,"35,360,180",134.4475,136.9105,134.073
09/30/2021,133.676,"38,028,800",134.2615,135.5425,133.556
09/29/2021,134.3535,"30,848,700",136.98,137.151,133.865
09/28/2021,135.83,"45,772,200",138.655,139.0965,135.36
09/27/2021,141.072,"21,881,960",140.8043,141.9385,140.0675
09/24/2021,142.215,"22,983,900",140.5385,142.3303,140.241
09/23/2021,141.216,"20,951,000",140.9875,141.6965,140.4015
09/22/2021,140.2835,"25,055,560",139.304,140.887,138.5515
09/21/2021,139.033,"25,331,900",139.7495,140.0115,138.278
09/20/2021,138.7195,"46,518,040",138.1615,139.0,136.3218
09/17/2021,140.8,"53,384,460",143.0305,143.45,140.4698
09/16/2021,143.61,"26,195,420",143.9505,144.3,142.4015
09/15/2021,144.4295,"27,407,580",142.7715,144.4505,141.3475
09/14/2021,142.5445,"19,673,860",142.9953,143.363,141.75
09/13/2021,142.3325,"22,093,840",141.9495,142.95,141.25
09/10/2021,140.876,"36,839,340",144.2125,144.7185,140.7378
09/09/2021,143.541,"15,317,100",143.8405,144.3105,143.1775
09/08/2021,143.691,"18,350,220",144.1,144.4,143.0
09/07/2021,144.2805,"20,131,900",143.8345,144.565,143.619
09/03/2021,143.7395,"19,854,360",143.0805,144.155,142.4005
09/02/2021,143.287,"32,358,140",145.216,145.5193,143.1848
09/01/2021,145.2155,"21,936,100",145.0,146.2538,144.8835
08/31/2021,144.6975,"22,448,760",145.147,145.1713,144.281
08/30/2021,144.5905,"24,434,200",144.4,145.9705,144.163
08/27/2021,144.004,"28,780,200",141.6525,144.5125,141.497
08/26/2021,141.4405,"20,609,320",141.75,142.4175,141.357
08/25/2021,142.079,"15,851,480",141.625,142.1895,141.376
08/24/2021,141.2615,"19,267,220",140.6115,142.08,140.3385
08/23/2021,140.0415,"28,453,400",137.9695,140.8745,137.6075
08/20/2021,137.4295,"31,193,160",136.0,137.554,135.25
08/19/2021,135.68,"21,782,540",134.4355,136.3525,134.25
08/18/2021,135.449,"19,258,940",136.5,137.1043,135.3215
08/17/2021,136.6615,"21,715,200",137.75,138.2655,136.082
08/16/2021,138.3095,"22,398,360",137.5249,138.3625,135.2988
08/13/2021,137.7275,"15,947,440",137.25,137.8565,137.033
08/12/2021,137.194,"16,518,860",135.9755,137.3,135.4255
08/11/2021,136.279,"15,352,000",137.1815,137.6823,136.2715
08/10/2021,136.807,"19,414,080",137.342,137.7723,136.3645
08/09/2021,136.913,"17,766,000",135.9425,137.184,135.3392
08/06/2021,135.7385,"20,488,120",136.042,136.4725,135.21
08/05/2021,136.2515,"17,869,000",135.6805,136.35,134.846
08/04/2021,135.1255,"19,676,020",135.3495,135.6495,134.487
08/03/2021,135.63,"20,761,880",135.135,135.732,133.3195
08/02/2021,134.8545,"21,634,200",135.117,135.3365,133.7941
07/30/2021,134.7265,"25,575,780",135.035,135.3045,134.255
07/29/2021,135.7775,"31,715,720",136.15,136.661,135.543
07/28/2021,136.094,"95,130,600",136.312,138.297,135.2775
07/27/2021,131.9,"54,709,480",134.2505,134.399,130.104
07/26/2021,134.035,"30,571,480",133.3283,134.237,132.3015
07/23/2021,133.015,"41,506,420",130.4305,133.399,129.8005
07/22/2021,128.4215,"14,301,880",127.844,128.483,127.4988
07/21/2021,127.549,"20,746,180",126.1335,127.596,126.0235
07/20/2021,126.2095,"26,316,440",125.5275,127.0432,124.3505
07/19/2021,124.578,"27,967,580",126.0895,126.205,123.505
07/16/2021,126.97,"20,424,540",127.663,127.8115,126.1535
07/15/2021,127.005,"24,218,800",128.649,128.7,126.53
07/14/2021,128.237,"23,745,660",127.958,129.3263,127.9145
07/13/2021,127.3415,"19,246,940",127.0385,128.0575,126.6745
07/12/2021,126.9755,"17,667,780",126.178,127.0694,125.6108
07/09/2021,125.5185,"18,631,680",125.025,125.7345,124.5513
07/08/2021,125.044,"23,789,340",124.026,125.5955,124.022
07/07/2021,126.474,"24,059,020",127.162,127.284,126.153
07/06/2021,126.19,"26,403,580",125.6485,126.428,124.5825
07/02/2021,125.2575,"26,002,180",123.15,125.404,123.0595
07/01/2021,122.4445,"18,112,820",121.725,122.587,121.5315
06/30/2021,122.0895,"24,473,980",121.9945,122.257,121.3545
06/29/2021,122.2725,"23,108,720",122.6704,123.0208,121.6908
06/28/2021,122.536,"28,525,420",122.6785,122.7848,121.4055
06/25/2021,122.5085,"34,596,380",122.0,122.633,121.5652
06/24/2021,122.5,"21,365,140",122.7,123.0555,122.3
06/23/2021,122.127,"19,154,160",122.0935,123.0955,121.8345
06/22/2021,122.3305,"22,390,200",121.75,122.4,121.064
06/21/2021,121.8125,"27,413,660",120.5005,122.0,119.8985
06/18/2021,120.111,"46,115,200",121.367,121.603,120.015
06/17/2021,121.7435,"25,848,880",120.6975,122.5225,120.5
06/16/2021,120.7725,"26,471,860",121.572,121.886,119.47
06/15/2021,121.4195,"21,562,140",122.45,122.7755,121.056
06/14/2021,122.4455,"22,097,560",121.613,122.446,120.9
06/11/2021,121.51,"21,958,140",122.0,122.086,120.948
06/10/2021,121.7565,"25,907,500",120.346,121.8,120.189
06/09/2021,120.397,"17,941,040",120.5715,120.644,119.845
06/08/2021,119.922,"24,239,840",120.6005,120.976,119.739
06/07/2021,120.115,"24,119,320",119.4718,120.2255,119.05
06/04/2021,119.6785,"24,458,200",118.4635,119.9515,118.1205
06/03/2021,117.379,"18,695,920",117.2865,117.8508,116.476
06/02/2021,118.5295,"21,162,920",119.4575,119.682,117.6178
06/01/2021,119.059,"23,358,020",118.722,119.2855,117.714
05/28/2021,117.8425,"21,490,800",118.721,118.8035,117.6425
05/27/2021,118.134,"35,224,020",119.4525,119.4525,117.813
05/26/2021,119.0155,"21,571,960",118.326,119.4495,118.3231
05/25/2021,118.1435,"22,439,640",118.6,119.2,117.75
05/24/2021,118.052,"31,832,200",115.7445,118.2775,115.5978
05/21/2021,114.7065,"40,631,800",115.8705,115.9445,114.465
05/20/2021,115.3475,"32,351,000",114.55,115.6,114.176
05/19/2021,113.575,"23,684,100",111.4215,113.7495,111.272
05/18/2021,113.1235,"22,203,700",115.1175,115.3841,113.1095
05/17/2021,114.446,"21,578,600",113.1785,114.489,112.7755
05/14/2021,113.919,"31,996,580",112.927,114.236,112.5
05/13/2021,111.452,"33,220,400",111.306,111.9719,110.336
05/12/2021,110.0125,"46,375,480",111.3095,112.399,109.681
05/11/2021,113.503,"34,185,840",112.1535,114.014,111.696
05/10/2021,114.5875,"30,914,580",116.407,116.55,114.227
05/07/2021,117.5965,"28,897,240",118.1945,118.5625,117.3078
05/06/2021,116.8675,"25,190,460",115.3165,116.8675,114.6521
05/05/2021,115.7385,"26,636,180",116.4315,116.75,115.414
05/04/2021,115.3415,"44,818,640",115.6775,116.2495,112.834
05/03/2021,117.154,"28,242,780",118.2455,119.0775,116.775
04/30/2021,117.675,"44,856,760",118.401,119.0925,117.328
04/29/2021,119.638,"41,233,080",119.4615,120.208,118.6925
04/28/2021,117.952,"81,106,800",119.6248,121.569,117.661
04/27/2021,114.549,"44,385,600",115.8816,115.9225,114.308
04/26/2021,115.4965,"32,037,840",115.226,116.2265,114.8658
04/23/2021,114.9965,"29,111,080",113.35,115.3059,113.0625
04/22/2021,112.626,"24,145,520",113.77,114.4441,112.016
04/21/2021,113.9175,"23,204,180",113.6025,114.0,112.241
04/20/2021,113.9505,"22,288,320",114.8745,114.95,112.856
04/19/2021,114.488,"30,289,400",113.509,115.2045,113.509
04/16/2021,114.1375,"26,282,780",114.462,114.712,113.546
04/15/2021,114.2625,"29,174,980",113.0975,114.8,112.5585
04/14/2021,112.0955,"21,002,860",113.3715,113.3715,111.8007
04/13/2021,112.7215,"25,681,560",112.5495,113.1735,112.1525
04/12/2021,112.231,"25,023,660",112.706,112.8443,111.391
04/09/2021,113.5335,"26,145,300",112.272,113.6985,111.8628
04/08/2021,112.5215,"28,664,280",113.2,113.5895,112.1505
04/07/2021,111.9515,"24,133,920",110.655,112.225,110.655
04/06/2021,110.463,"35,240,780",110.546,111.4,110.0895
04/05/2021,110.948,"48,509,600",107.3575,111.4495,107.2603
04/01/2021,106.489,"39,880,100",104.6125,106.7875,104.5715
03/31/2021,103.126,"42,569,640",102.72,104.313,102.35
03/30/2021,102.3235,"27,317,120",102.649,103.1335,101.8075
03/29/2021,102.2895,"26,492,620",101.108,102.4605,100.2725
03/26/2021,101.2365,"27,977,500",101.5895,101.9693,100.1925
03/25/2021,101.623,"35,615,740",101.4525,102.282,99.8045
03/24/2021,101.6265,"25,217,060",102.588,103.38,101.45
03/23/2021,102.0665,"28,509,120",101.9975,103.2055,101.4
03/22/2021,101.5345,"33,535,420",101.3815,102.417,100.7
03/19/2021,101.348,"46,071,920",101.4865,101.852,100.1465
03/18/2021,101.067,"31,712,960",102.409,103.4373,100.959
03/17/2021,104.111,"26,382,520",103.4235,104.95,102.2061
03/16/2021,104.1945,"31,900,300",103.2995,105.684,102.9645
03/15/2021,102.722,"26,214,820",102.2488,102.7495,101.3895
03/12/2021,102.5,"33,817,980",103.8205,103.8805,101.621
03/11/2021,105.027,"27,702,600",102.911,105.5635,102.8225
03/10/2021,101.8095,"27,100,080",103.07,103.07,100.9665
03/09/2021,102.018,"33,920,620",102.4875,103.1958,101.78
03/08/2021,100.375,"36,867,420",104.203,105.687,100.2595
03/05/2021,104.8535,"53,099,540",103.0575,105.31,101.3889
03/04/2021,101.6965,"49,215,720",100.7435,103.7295,100.2715
03/03/2021,100.5705,"33,892,900",102.5975,103.7995,99.7
03/02/2021,103.224,"25,563,680",103.242,104.737,102.8335
03/01/2021,103.483,"26,061,780",102.4,103.8115,101.721
02/26/2021,101.0955,"40,041,280",101.4975,102.826,100.0505
02/25/2021,100.7975,"41,548,180",102.7965,104.15,100.3245
02/24/2021,104.1905,"22,608,740",101.502,104.416,101.3765
02/23/2021,103.006,"34,657,980",100.6995,103.625,99.5115
02/22/2021,102.713,"29,466,340",102.68,104.0165,102.4
02/19/2021,104.4405,"37,938,780",105.3895,105.929,104.1715
02/18/2021,105.2905,"22,570,980",105.25,106.0995,104.6665
02/17/2021,105.931,"20,303,540",104.699,106.1222,104.4175
02/16/2021,105.535,"31,003,900",104.5875,107.257,104.5875
02/12/2021,104.7515,"18,990,500",103.9885,104.975,103.6785
02/11/2021,104.4375,"20,480,580",104.55,104.7,103.443
02/10/2021,104.324,"25,101,600",104.157,104.944,102.612
02/09/2021,103.7695,"21,891,660",103.74,104.9255,103.5
02/08/2021,104.226,"28,828,860",105.0,105.75,103.1675
02/05/2021,104.4415,"29,865,120",102.978,104.797,102.5
02/04/2021,102.6815,"48,595,600",103.0308,103.465,101.755
02/03/2021,102.944,"97,881,640",103.2805,105.3312,100.6775
02/02/2021,95.956,"66,332,400",95.6565,97.4685,95.3185
02/01/2021,94.6535,"40,252,060",92.2293,95.777,92.2293
01/29/2021,91.368,"44,530,180",91.701,92.3768,90.078
01/28/2021,92.66,"55,278,100",91.55,94.3995,91.55
01/27/2021,90.947,"82,512,620",93.7455,94.0235,89.864
01/26/2021,95.3975,"31,461,560",94.2995,95.7875,93.8065
01/25/2021,94.714,"50,586,920",95.637,96.091,92.958
01/22/2021,94.628,"32,743,900",94.573,95.2195,93.8247
01/21/2021,94.2075,"58,659,460",94.6825,96.604,93.9705
01/20/2021,94.0035,"64,151,400",91.3185,94.9862,90.9755
01/19/2021,89.2235,"41,659,020",87.15,90.192,86.6415
01/15/2021,86.381,"31,444,280",86.451,87.381,85.5855
01/14/2021,86.546,"29,212,340",87.4435,88.3775,86.3035
01/13/2021,87.3625,"23,431,800",86.366,87.8195,86.366
01/12/2021,86.8715,"29,534,300",87.268,88.395,85.8188
01/11/2021,87.8145,"34,812,360",88.851,89.219,87.607
01/08/2021,89.8915,"35,484,520",88.858,89.9678,88.061
01/07/2021,88.717,"41,936,580",86.338,88.891,86.338
01/06/2021,86.144,"46,588,020",85.0128,87.1983,84.8051
01/05/2021,87.0025,"20,359,240",86.2545,87.3415,85.845
01/04/2021,86.3065,"37,323,900",88.0,88.1245,85.357
12/31/2020,87.632,"21,069,580",86.8635,87.875,86.8045
12/30/2020,86.8125,"21,026,160",88.25,88.388,86.4
12/29/2020,87.888,"19,725,740",89.3615,89.4235,87.7555
12/28/2020,88.698,"27,650,740",87.2455,89.35,87.091
12/24/2020,86.708,"9,312,760",86.45,87.1205,86.2175
12/23/2020,86.4115,"22,973,680",86.1965,87.2055,86.06
12/22/2020,86.011,"20,376,580",86.4665,86.6306,85.289
12/21/2020,86.728,"33,974,140",85.4565,86.85,84.7
12/18/2020,86.311,"85,256,740",87.3085,87.418,85.75
12/17/2020,87.0255,"34,880,100",88.1965,88.3355,86.5575
12/16/2020,87.8595,"24,676,720",88.4555,88.4555,87.453
12/15/2020,88.054,"21,365,840",87.993,88.2,87.0835
12/14/2020,87.613,"33,049,420",88.536,89.49,87.4565
12/11/2020,88.74,"18,628,620",88.0,88.8655,87.637
12/10/2020,88.3825,"28,688,320",88.13,88.7495,86.6764
12/09/2020,88.893,"31,728,520",90.518,91.4185,88.1
12/08/2020,90.5665,"19,935,360",90.426,90.7985,89.564
12/07/2020,90.8515,"22,287,820",90.7775,91.4645,90.152
12/04/2020,91.188,"20,544,840",91.011,91.475,90.6795
12/03/2020,91.092,"24,727,320",91.027,92.1915,90.85
12/02/2020,91.2485,"29,424,700",89.768,91.637,89.2585
12/01/2020,89.768,"37,362,680",88.3328,91.086,88.1515
11/30/2020,87.72,"32,417,740",88.7825,89.0168,87.392
11/27/2020,89.351,"14,790,140",88.227,89.8505,88.227
11/25/2020,88.2065,"19,599,140",88.3905,88.519,87.418
11/24/2020,88.195,"28,006,120",86.375,88.3238,86.0365
11/23/2020,86.378,"22,552,360",87.011,87.2995,85.509
11/20/2020,86.819,"27,706,440",88.1,88.4181,86.75
11/19/2020,87.9285,"20,106,800",86.6615,88.1745,86.501
11/18/2020,87.032,"20,107,540",87.832,88.25,86.9283
11/17/2020,88.083,"21,320,680",88.393,88.857,87.9745
11/16/2020,88.7015,"25,467,860",88.207,89.717,88.0665
11/13/2020,88.613,"29,757,540",87.4,88.8565,86.799
11/12/2020,87.141,"26,487,260",87.1,88.249,86.8985
11/11/2020,87.3615,"31,838,120",87.42,88.145,87.153
11/10/2020,86.886,"43,021,160",86.4885,87.969,85.806
11/09/2020,88.071,"53,440,480",89.799,90.8445,87.8773
11/06/2020,87.9865,"28,621,680",87.567,88.4248,86.834
11/05/2020,88.125,"39,758,140",88.5225,89.5909,87.0515
11/04/2020,87.2925,"71,342,980",85.279,88.5015,85.15
11/03/2020,82.283,"31,432,820",81.538,82.95,80.6054
11/02/2020,81.216,"44,228,980",81.177,82.912,80.712
10/30/2020,80.8055,"99,923,940",83.372,84.0658,80.0785
10/29/2020,77.844,"55,406,860",75.851,79.4368,75.8275
10/28/2020,75.54,"45,173,500",77.5005,77.6905,75.424
10/27/2020,79.944,"25,902,760",79.4466,80.1,78.8495
10/26/2020,79.2145,"35,826,340",80.75,81.479,78.389
10/23/2020,81.649,"30,548,040",80.7525,81.706,80.5955
10/22/2020,80.333,"30,515,460",79.25,80.671,78.874
10/21/2020,79.2995,"60,321,060",78.4925,80.757,78.3568
10/20/2020,77.554,"41,718,300",76.1555,78.692,76.025
10/19/2020,76.4975,"29,733,040",78.7965,79.1963,76.146
10/16/2020,78.385,"34,206,500",78.0915,78.8855,77.883
10/15/2020,77.7735,"31,229,700",77.225,78.5697,77.0565
10/14/2020,78.172,"33,184,560",78.73,79.1925,77.2948
10/13/2020,78.3535,"39,072,180",78.8505,79.258,77.9315
10/12/2020,78.2295,"55,343,280",76.9,79.421,76.465
10/09/2020,75.5225,"32,966,800",74.643,75.5925,74.35
10/08/2020,74.1715,"26,076,040",73.2725,74.4014,73.2725
10/07/2020,72.957,"36,108,960",72.9655,73.4485,71.6615
10/06/2020,72.551,"26,095,040",73.775,74.226,72.2505
10/05/2020,74.1415,"21,601,160",73.1325,74.235,73.0045
10/02/2020,72.78,"31,222,640",72.9815,73.9515,72.3675
10/01/2020,74.395,"32,884,420",74.1831,74.7535,73.84
09/30/2020,73.28,"40,923,400",73.0468,74.3099,72.7878
09/29/2020,73.301,"31,822,240",73.1955,73.6,72.7
09/28/2020,72.933,"30,784,720",73.5995,73.6495,72.314
09/25/2020,71.953,"30,333,540",71.2525,72.297,70.384
09/24/2020,71.143,"34,552,220",70.134,71.8995,70.1075
09/23/2020,70.4695,"37,725,980",72.6045,72.654,70.134
09/22/2020,72.991,"33,950,840",72.516,73.1985,71.4748
09/21/2020,71.507,"56,908,100",71.581,72.003,70.134
09/18/2020,72.5545,"63,055,760",74.415,74.76,71.581
09/17/2020,74.352,"40,007,120",74.2905,74.933,73.123
09/16/2020,75.6045,"22,143,380",77.124,77.7185,75.5795
09/15/2020,76.756,"23,041,100",76.3945,77.5495,76.105
09/14/2020,75.4415,"42,660,140",76.5824,77.85,75.2555
09/11/2020,75.788,"30,706,740",76.4075,76.9348,74.651
09/10/2020,76.3025,"33,023,880",77.509,78.683,76.0
09/09/2020,77.3615,"39,241,560",77.445,77.936,76.2585
09/08/2020,76.18,"54,031,720",76.25,77.7775,75.825
09/04/2020,79.0605,"55,850,660",80.45,81.7495,76.8985
09/03/2020,81.4755,"63,725,740",84.976,85.0,80.3855
09/02/2020,85.8695,"49,521,440",83.4005,86.3051,83.0095
09/01/2020,82.754,"22,675,320",81.608,82.961,81.4765
08/31/2020,81.4765,"26,421,940",82.1785,82.225,81.2665
08/28/2020,81.9715,"22,423,900",81.4735,82.0675,81.2803
08/27/2020,81.426,"31,350,060",82.3305,82.3995,80.9407
08/26/2020,82.2065,"52,187,260",80.315,82.6395,80.0488
08/25/2020,80.2925,"25,149,260",79.005,80.444,78.894
08/24/2020,79.2575,"25,637,860",79.6235,80.439,78.752
08/21/2020,78.7785,"34,845,500",78.59,79.594,78.1155
08/20/2020,78.8125,"26,382,620",76.9985,79.0085,76.723
08/19/2020,77.2305,"30,471,840",77.6245,78.443,77.0
08/18/2020,77.789,"28,377,000",76.306,77.8685,76.0833
08/17/2020,75.812,"19,998,680",75.7985,76.189,75.25
08/14/2020,75.2315,"21,941,180",75.6805,75.9893,74.95
08/13/2020,75.8325,"22,394,220",75.4105,76.8487,75.4105
08/12/2020,75.362,"22,531,200",74.3563,75.5835,74.25
08/11/2020,74.027,"31,097,060",74.7,75.522,73.9095
08/10/2020,74.841,"20,546,580",74.54,75.3575,73.8745
08/07/2020,74.9185,"27,725,880",75.452,76.0045,74.3135
08/06/2020,75.2475,"33,305,220",73.8075,75.3135,73.595
08/05/2020,73.9545,"29,150,360",73.841,74.5,73.5607
08/04/2020,73.665,"37,212,180",74.3355,74.6555,73.2015
08/03/2020,74.138,"45,521,700",74.55,74.8865,73.586
07/31/2020,74.3975,"91,527,640",74.8525,75.251,72.7
07/30/2020,76.9185,"36,042,420",74.8985,77.0445,74.7585
07/29/2020,76.1755,"22,675,460",75.25,76.6665,75.1505
07/28/2020,75.1825,"30,910,680",76.25,76.3005,75.026
07/27/2020,76.4715,"27,123,700",75.663,76.878,75.6165
07/24/2020,75.4105,"29,907,620",74.9595,75.7714,74.3795
07/23/2020,75.8375,"33,909,960",78.2965,78.5175,75.4295
07/22/2020,78.2425,"24,482,000",77.7855,78.349,77.1615
07/21/2020,77.796,"27,554,360",79.2515,79.3525,77.631
07/20/2020,78.192,"30,165,540",75.75,78.4505,75.1348
07/17/2020,75.8425,"34,264,620",75.8455,76.1715,74.905
07/16/2020,75.746,"26,484,540",75.075,75.7955,74.4135
07/15/2020,75.844,"31,026,500",76.1615,76.8165,74.8915
07/14/2020,76.043,"38,108,000",74.6395,76.14,74.2963
07/13/2020,75.6115,"42,954,560",77.497,78.818,75.328
07/10/2020,76.9505,"35,921,260",75.6625,77.067,75.036
07/09/2020,75.933,"41,836,660",75.4965,76.4571,74.7795
07/08/2020,75.18,"31,765,840",75.04,75.5585,74.615
07/07/2020,74.496,"42,363,880",74.8065,76.066,74.485
07/06/2020,74.9825,"44,712,600",74.4075,75.5,73.8488
07/02/2020,73.4965,"57,218,300",72.592,74.426,72.5533
07/01/2020,72.1,"42,182,480",70.9585,72.424,70.709
06/30/2020,70.9025,"40,286,400",69.844,71.2,69.3465
06/29/2020,69.8585,"45,073,560",68.017,69.9,67.5825
06/26/2020,68.127,"97,640,280",71.6315,71.851,67.75
06/25/2020,72.055,"23,958,140",71.561,72.116,70.977
06/24/2020,71.635,"31,591,580",73.164,73.7895,71.5
06/23/2020,73.199,"37,751,660",72.6,73.76,72.25
06/22/2020,72.533,"29,441,440",71.2505,72.5475,70.9595
06/19/2020,71.232,"52,783,340",72.0,72.225,70.95
06/18/2020,71.706,"34,861,420",72.4925,72.6485,71.3118
06/17/2020,72.627,"30,610,000",72.647,73.11,71.7563
06/16/2020,72.3235,"30,696,520",72.45,72.8585,71.4495
06/15/2020,71.037,"30,553,040",69.4745,71.25,69.3598
06/12/2020,70.646,"36,675,120",71.293,71.7253,69.29
06/11/2020,70.095,"47,144,860",72.0515,72.5802,69.9205
06/10/2020,73.235,"31,762,320",73.0755,73.6385,72.7178
06/09/2020,72.604,"33,623,100",72.262,73.39,72.118
06/08/2020,72.402,"33,877,620",71.314,72.45,71.224
06/05/2020,72.001,"42,647,000",70.782,72.315,70.3811
06/04/2020,70.715,"26,982,100",71.839,72.066,70.3005
06/03/2020,71.9625,"27,732,800",72.135,72.4505,71.581
06/02/2020,72.1155,"23,441,380",71.75,72.15,71.0805
06/01/2020,71.7435,"25,185,080",71.285,72.079,71.114
05/29/2020,71.676,"37,050,440",71.0215,71.8365,70.799
05/28/2020,70.912,"35,195,740",70.0,72.223,69.9538
05/27/2020,71.014,"31,683,700",71.0,71.2673,69.73
05/26/2020,71.0685,"44,589,760",72.098,72.2555,70.9698
05/22/2020,70.662,"28,544,120",70.195,70.85,69.7975
05/21/2020,70.3375,"30,899,520",70.5495,70.823,69.7195
05/20/2020,70.458,"38,262,660",69.458,70.6013,69.371
05/19/2020,68.72,"31,585,000",69.274,69.6245,68.688
05/18/2020,69.259,"47,128,980",68.079,69.638,67.71
05/15/2020,68.653,"41,543,980",67.413,68.729,66.95
05/14/2020,67.843,"36,660,340",66.676,67.8685,66.165
05/13/2020,67.4165,"40,368,080",68.808,69.2665,66.4005
05/12/2020,68.759,"33,917,480",70.411,70.7165,68.7255
05/11/2020,70.1795,"32,717,120",68.8395,70.7765,68.775
05/08/2020,69.217,"33,329,740",69.091,69.832,68.6005
05/07/2020,68.464,"30,716,380",68.0655,68.8,67.627
05/06/2020,67.2715,"31,732,580",67.9,68.4345,67.2565
05/05/2020,67.451,"39,666,360",66.875,68.5505,66.7515
05/04/2020,66.145,"30,806,940",65.4065,66.2235,64.8005
05/01/2020,65.866,"48,871,080",66.2045,67.5715,65.483
04/30/2020,67.335,"55,842,480",66.568,67.5,66.075
04/29/2020,67.109,"108,357,760",67.25,68.0075,66.3365
04/28/2020,61.6295,"80,700,140",64.16,64.238,61.519
04/27/2020,63.543,"44,186,660",64.6,64.705,63.253
04/24/2020,63.83,"37,440,080",62.75,63.8855,62.2
04/23/2020,63.5585,"34,202,440",63.287,64.4075,63.0265
04/22/2020,62.9205,"46,315,840",62.0555,63.994,61.86
04/21/2020,60.608,"49,648,080",62.1355,62.5,60.25
04/20/2020,63.0575,"35,291,860",63.4945,63.841,62.822
04/17/2020,63.95,"51,056,480",64.085,64.5,63.3
04/16/2020,62.8715,"57,895,140",63.357,63.6679,61.91
04/15/2020,62.865,"42,236,840",62.3255,63.7555,61.7
04/14/2020,63.2615,"63,357,240",61.9987,63.7875,61.4271
04/13/2020,60.5205,"38,702,560",60.075,60.726,59.1166
04/09/2020,60.3285,"54,028,460",60.909,61.0995,59.6208
04/08/2020,60.35,"40,334,260",60.155,60.745,59.1977
04/07/2020,59.128,"61,619,100",60.8505,61.0388,58.8625
04/06/2020,59.1595,"63,319,820",56.65,59.5377,56.25
04/03/2020,54.635,"51,373,880",55.7355,55.9395,53.754
04/02/2020,55.8515,"56,410,680",55.0,56.1385,54.6565
04/01/2020,55.105,"51,970,380",56.2,56.471,54.6745
03/31/2020,58.0975,"65,279,420",57.4365,58.67,56.836
03/30/2020,57.3155,"58,736,540",56.632,57.55,54.9245
03/27/2020,55.513,"62,793,220",56.3735,57.5525,55.2001
03/26/2020,58.146,"76,688,440",55.736,58.574,54.6015
03/25/2020,55.081,"90,323,240",56.229,57.3085,54.1505
03/24/2020,56.5005,"72,468,700",55.199,56.6665,54.3215
03/23/2020,52.7065,"83,672,580",52.8185,53.3455,50.4435
03/20/2020,53.4105,"82,877,940",56.545,56.9239,53.105
03/19/2020,55.5835,"74,064,960",54.411,57.6305,52.7775
03/18/2020,54.5595,"93,044,760",52.997,55.2495,51.85
03/17/2020,55.903,"83,193,720",54.532,56.3,52.455
03/16/2020,53.65,"96,519,620",54.4805,57.2735,53.354
03/13/2020,60.7135,"79,399,460",58.7495,60.72,55.6145
03/12/2020,55.5775,"94,325,860",56.131,59.4375,55.4235
03/11/2020,60.545,"54,833,880",62.4135,62.8465,59.557
03/10/2020,63.7585,"54,871,320",62.7195,63.7925,60.7255
03/09/2020,60.7895,"69,251,560",60.248,62.6365,59.902
03/06/2020,64.787,"64,646,300",63.4975,65.1375,62.8605
03/05/2020,65.738,"54,379,640",67.2775,67.6815,65.082
03/04/2020,69.08,"47,597,120",67.948,69.139,66.85
03/03/2020,66.886,"56,602,240",69.884,70.4095,66.4621
03/02/2020,69.316,"55,429,260",67.5695,69.3735,66.26
02/28/2020,66.9625,"80,218,000",63.7155,67.1225,63.4105
02/27/2020,65.7475,"62,289,520",67.957,68.47,65.712
02/26/2020,69.5235,"49,803,560",69.749,70.6835,68.8275
02/25/2020,69.316,"51,579,320",71.55,71.8423,69.021
02/24/2020,70.993,"49,560,780",71.1525,71.819,70.3395
02/21/2020,74.173,"42,536,860",75.229,75.5473,73.9245
02/20/2020,75.8495,"25,967,720",75.9505,76.3535,75.2128
02/19/2020,76.2435,"22,746,760",76.36,76.537,76.0488
02/18/2020,75.972,"25,680,220",75.717,76.5278,75.5505
02/14/2020,75.9365,"23,197,140",75.7265,76.0025,75.2775
02/13/2020,75.6695,"22,913,160",75.5,76.2973,75.2
02/12/2020,75.9315,"31,042,720",75.793,76.015,75.4335
02/11/2020,75.503,"34,852,940",75.6635,76.494,75.2725
02/10/2020,75.433,"38,301,440",73.8615,75.444,73.76
02/07/2020,73.9555,"28,360,980",73.3693,74.2622,73.2705
02/06/2020,73.7985,"37,821,580",72.599,74.078,72.524
02/05/2020,72.3025,"36,375,860",73.1805,73.229,71.4838
02/04/2020,72.2705,"95,879,340",72.7245,73.3668,71.1015
02/03/2020,74.13,"72,175,200",73.0825,74.315,72.8305
01/31/2020,71.639,"43,821,500",73.393,73.4835,71.353
01/30/2020,72.7125,"27,109,440",71.905,72.7625,71.75
01/29/2020,72.835,"21,639,280",72.923,73.207,72.2693
01/28/2020,72.525,"29,731,720",72.087,72.74,71.518
01/27/2020,71.5865,"34,131,320",71.577,71.829,70.975
01/24/2020,73.3085,"29,785,600",74.641,74.71,73.159
01/23/2020,74.2345,"26,651,240",74.3775,74.675,74.016
01/22/2020,74.2085,"28,458,920",74.4865,75.0291,74.1331
01/21/2020,74.1125,"48,932,020",73.95,74.4942,73.5105
01/17/2020,73.976,"52,423,500",73.127,74.0275,72.8275
01/16/2020,72.508,"26,080,800",72.2725,72.535,72.0
01/15/2020,71.96,"21,550,380",71.651,72.039,71.583
01/14/2020,71.5295,"26,112,720",72.0,72.1315,71.3885
01/13/2020,72.0015,"30,746,340",71.7625,72.074,71.2685
01/10/2020,71.448,"26,263,560",71.4735,71.747,70.9799
01/09/2020,70.9895,"33,228,760",71.0965,71.434,70.5105
01/08/2020,70.252,"35,325,480",69.741,70.5925,69.6315
01/07/2020,69.7555,"34,529,120",70.023,70.175,69.5778
01/06/2020,69.8905,"46,786,860",67.5815,69.916,67.55
01/03/2020,68.076,"23,412,580",67.4,68.6875,67.3662
01/02/2020,68.434,"27,285,300",67.4205,68.434,67.3245
12/31/2019,66.9695,"19,521,220",66.7895,67.033,66.6065
12/30/2019,66.9855,"20,011,840",67.8405,67.85,66.8918
12/27/2019,67.732,"23,217,460",68.2,68.3535,67.65
12/26/2019,68.1235,"23,676,000",67.3275,68.16,67.2755
12/24/2019,67.2215,"13,468,200",67.5105,67.6005,67.2083
12/23/2019,67.5315,"19,939,340",67.9365,68.0927,67.4
12/20/2019,67.561,"50,276,980",68.155,68.2,67.5365
12/19/2019,67.822,"30,421,640",67.5955,67.8763,67.4375
12/18/2019,67.5955,"23,334,660",67.85,67.9715,67.523
12/17/2019,67.7445,"32,970,980",68.1205,68.2165,67.5385
12/16/2019,68.035,"28,129,140",67.75,68.1765,67.5305
12/13/2019,67.3435,"33,173,680",67.395,67.5675,67.083
12/12/2019,67.4245,"29,129,320",67.1605,67.729,66.91
12/11/2019,67.2125,"20,486,160",67.415,67.4945,67.055
12/10/2019,67.1445,"17,608,600",66.997,67.4,66.7
12/09/2019,67.1495,"31,137,780",66.943,67.8777,66.8035
12/06/2019,66.9695,"32,974,580",66.6375,67.1235,66.5615
12/05/2019,66.348,"24,412,620",66.35,66.399,65.716
12/04/2019,65.947,"35,527,840",65.305,66.2135,65.1526
12/03/2019,64.737,"29,600,520",63.933,64.8615,63.8525
12/02/2019,64.443,"26,577,780",65.128,65.272,64.019
11/29/2019,65.2045,"12,801,380",65.33,65.4975,65.1615
11/27/2019,65.6065,"18,810,720",65.771,65.882,65.4737
11/26/2019,65.65,"21,941,780",65.4955,65.7005,65.202
11/25/2019,65.282,"23,593,160",64.813,65.5205,64.7805
11/22/2019,64.6835,"27,778,240",65.15,65.345,64.4681
11/21/2019,65.007,"25,546,760",64.9625,65.556,64.5375
11/20/2019,65.093,"28,917,400",65.568,65.6605,64.4605
11/19/2019,65.6295,"21,872,580",66.3315,66.3315,65.5885
11/18/2019,65.992,"27,987,480",66.617,66.696,65.808
11/15/2019,66.677,"39,299,100",65.7525,66.677,65.5945
11/14/2019,65.4575,"29,000,780",64.75,65.786,64.697
11/13/2019,64.809,"18,721,700",64.659,65.126,64.6073
11/12/2019,64.8605,"28,886,840",64.9285,65.4675,64.712
11/11/2019,64.914,"17,237,200",65.2,65.245,64.7935
11/08/2019,65.45,"30,437,840",65.076,65.8555,65.076
11/07/2019,65.347,"45,140,100",64.714,66.1325,64.6875
11/06/2019,64.5505,"24,625,300",64.5045,64.6495,64.1135
11/05/2019,64.572,"25,148,540",64.56,64.862,64.469
11/04/2019,64.4805,"30,632,440",63.8055,64.625,63.8055
11/01/2019,63.6125,"28,812,140",63.29,63.65,62.9855
10/31/2019,62.94,"31,903,080",63.0,63.3258,62.474
10/30/2019,63.035,"29,203,860",62.7575,63.4008,62.5325
10/29/2019,63.033,"52,654,300",63.8,64.04,62.7805
10/28/2019,64.449,"65,428,220",63.75,64.962,63.6155
10/25/2019,63.215,"27,104,960",62.6,63.4,62.4575
10/24/2019,62.9555,"22,809,560",62.9555,63.145,62.6175
10/23/2019,62.8815,"23,525,620",62.0105,62.902,62.0105
10/22/2019,62.06,"25,636,420",62.224,62.4365,61.9925
10/21/2019,62.214,"20,601,700",62.435,62.6755,61.9995
10/18/2019,62.2205,"31,646,400",62.7345,62.9055,62.007
10/17/2019,62.64,"21,279,620",62.57,63.1875,62.4935
10/16/2019,62.15,"23,020,560",62.0905,62.7095,61.9265
10/15/2019,62.112,"30,544,320",61.075,62.3563,61.046
10/14/2019,60.8885,"13,678,520",60.6945,61.294,60.594
10/11/2019,60.7855,"22,529,040",61.2015,61.4375,60.6819
10/10/2019,60.4735,"13,364,880",59.93,60.781,59.893
10/09/2019,60.12,"16,264,320",60.0665,60.423,59.9058
10/08/2019,59.5065,"20,648,520",59.9385,60.3434,59.474
10/07/2019,60.4125,"17,580,400",60.35,60.9455,60.218
10/04/2019,60.548,"24,573,720",59.7145,60.623,59.5485
10/03/2019,59.4715,"29,388,260",59.167,59.55,58.157
10/02/2019,58.896,"33,495,480",59.825,59.938,58.6315
10/01/2019,60.3,"25,654,700",61.1245,61.6429,60.2775
09/30/2019,61.057,"25,892,180",61.03,61.3702,60.671
09/27/2019,61.2975,"34,449,620",62.1415,62.2495,60.76
09/26/2019,62.1145,"23,431,540",62.107,62.2335,61.591
09/25/2019,62.297,"27,103,240",60.8005,62.401,60.46
09/24/2019,60.9165,"36,714,240",62.0,62.3555,60.5322
09/23/2019,61.7345,"23,941,380",61.3285,61.984,61.1891
09/20/2019,61.492,"38,754,860",61.682,62.14,61.179
09/19/2019,61.9375,"16,940,040",61.616,62.217,61.6155
09/18/2019,61.6325,"17,855,760",61.512,61.812,60.8235
09/17/2019,61.494,"20,944,020",61.5815,61.75,61.1675
09/16/2019,61.5815,"28,217,600",61.522,61.951,61.2595
09/13/2019,62.0015,"23,675,240",61.6055,62.0525,61.354
09/12/2019,61.7485,"31,644,600",61.1735,62.1208,61.128
09/11/2019,61.0,"23,521,320",60.1945,61.1235,60.1138
09/10/2019,60.285,"27,921,540",59.8045,60.5,59.8005
09/09/2019,60.2635,"31,859,160",60.354,61.0275,59.6585
09/06/2019,60.316,"18,971,600",60.457,60.6473,60.163
09/05/2019,60.6095,"26,413,120",59.683,60.7,59.6345
09/04/2019,59.1135,"21,313,320",58.9725,59.244,58.5765
09/03/2019,58.4775,"25,922,320",59.0925,59.454,58.1857
08/30/2019,59.5265,"18,067,500",60.0175,60.0175,59.286
08/29/2019,59.712,"19,641,960",59.321,59.9595,59.264
08/28/2019,58.6875,"16,816,580",58.2435,58.925,58.0125
08/27/2019,58.541,"23,469,780",59.15,59.25,58.2279
08/26/2019,58.559,"21,178,520",57.9725,58.593,57.7423
08/23/2019,57.679,"36,262,820",59.2585,59.7835,57.5
08/22/2019,59.576,"17,358,300",59.69,59.939,58.9455
08/21/2019,59.579,"14,165,440",59.791,60.0278,59.396
08/20/2019,59.1765,"20,211,320",59.7675,59.9,59.1523
08/19/2019,60.022,"24,457,080",59.5915,60.4695,59.52
08/16/2019,58.9605,"25,303,740",59.0395,59.192,58.65
08/15/2019,58.466,"28,614,300",58.4215,58.821,58.15
08/14/2019,58.2125,"35,430,020",58.8035,59.1395,58.0535
08/13/2019,59.8365,"28,604,800",58.7175,60.2715,58.6497
08/12/2019,58.725,"22,064,860",59.0,59.2805,58.436
08/09/2019,59.445,"20,418,900",59.9997,60.223,59.2445
08/08/2019,60.3095,"30,116,960",59.3215,60.314,58.7
08/07/2019,58.7955,"30,686,940",57.89,58.9935,57.542
08/06/2019,58.554,"36,014,140",58.276,59.07,58.0763
08/05/2019,57.7375,"47,839,440",58.6485,58.844,57.1375
08/02/2019,59.816,"34,909,000",60.15,60.475,59.5
08/01/2019,60.589,"35,425,420",60.8815,61.8149,60.35
07/31/2019,60.91,"39,959,980",61.2435,61.7455,60.409
07/30/2019,61.4,"28,615,500",61.35,61.8455,61.266
07/29/2019,62.092,"41,382,540",62.125,62.4497,61.51
07/26/2019,62.261,"121,215,900",61.4,63.4197,61.4
07/25/2019,56.797,"54,762,780",56.9475,57.1795,56.1855
07/24/2019,56.9865,"27,199,120",56.631,57.2728,56.4255
07/23/2019,57.4025,"20,648,760",57.1725,57.443,56.6425
07/22/2019,56.9605,"28,935,140",56.7735,57.001,56.2605
07/19/2019,56.5775,"23,183,060",57.466,57.579,56.5625
07/18/2019,57.362,"25,475,380",57.1,57.4085,56.6428
07/17/2019,57.337,"19,537,880",57.546,57.922,57.331
07/16/2019,57.673,"25,352,820",57.3365,57.929,57.3365
07/15/2019,57.5255,"21,168,620",57.267,57.534,57.0
07/12/2019,57.267,"21,878,660",57.1465,57.375,56.928
07/11/2019,57.204,"26,010,580",57.308,57.662,56.9765
07/10/2019,57.0455,"30,710,920",56.616,57.117,56.533
07/09/2019,56.2145,"29,472,440",55.516,56.393,55.3575
07/08/2019,55.8395,"29,887,420",56.2935,56.3605,55.588
07/05/2019,56.6333,"29,793,560",55.9685,56.7325,55.875
07/03/2019,56.1495,"20,154,360",55.925,56.3994,55.7425
07/02/2019,55.63,"20,638,380",55.2415,55.6445,54.9835
07/01/2019,55.0,"29,288,980",55.052,55.4295,54.7665
06/28/2019,54.14,"33,671,360",53.8615,54.14,53.69
06/27/2019,53.8315,"24,078,280",54.3375,54.4232,53.7925
06/26/2019,54.016,"34,697,460",54.55,54.756,53.6844
06/25/2019,54.379,"31,644,340",55.754,55.785,54.23
06/24/2019,55.835,"24,237,860",56.0,56.1785,55.6655
06/21/2019,56.2685,"50,777,440",55.493,56.3285,55.486
06/20/2019,55.66,"24,018,160",56.085,56.136,55.35
06/19/2019,55.2255,"26,720,300",55.362,55.4715,54.8015
06/18/2019,55.262,"34,526,240",55.575,55.939,55.0395
06/17/2019,54.6945,"19,769,820",54.455,55.064,54.4
06/14/2019,54.315,"24,586,080",54.487,54.738,54.0738
06/13/2019,54.5505,"20,813,220",54.2355,54.8295,54.1285
06/12/2019,53.955,"23,673,000",53.9975,54.126,53.48
06/11/2019,54.052,"33,516,340",54.8495,55.2003,53.9785
06/10/2019,54.138,"28,509,280",53.85,54.742,53.7641
06/07/2019,53.4185,"43,827,140",52.714,53.6715,52.5575
06/06/2019,52.388,"29,020,520",52.3105,52.5,51.7755
06/05/2019,52.232,"46,988,720",52.75,52.8405,51.65
06/04/2019,52.7245,"60,511,280",52.2245,52.9218,51.8015
06/03/2019,51.937,"96,889,600",53.3465,53.35,51.3515
05/31/2019,55.325,"31,589,620",55.282,55.6701,55.1675
05/30/2019,56.0705,"18,088,380",56.0075,56.3398,55.795
05/29/2019,55.997,"36,230,200",56.635,56.75,55.5975
05/28/2019,56.978,"20,951,080",57.074,57.8245,56.9335
05/24/2019,56.9305,"18,553,020",57.6,57.718,56.8355
05/23/2019,57.267,"25,213,140",57.3035,57.5025,56.658
05/22/2019,57.7925,"18,825,580",57.5625,58.189,57.55
05/21/2019,57.722,"20,564,960",57.724,57.9,57.1655
05/20/2019,57.233,"30,602,520",57.65,57.65,56.9068
05/17/2019,58.439,"25,361,000",58.7915,59.3145,58.321
05/16/2019,59.225,"35,307,760",58.592,59.708,58.4225
05/15/2019,58.54,"59,302,340",56.1275,58.915,56.07
05/14/2019,56.243,"40,391,000",57.116,57.2433,56.1765
05/13/2019,56.8295,"45,633,720",57.262,57.5985,56.275
05/10/2019,58.382,"31,649,200",58.442,58.814,57.3185
05/09/2019,58.3985,"29,555,040",58.13,58.7035,57.732
05/08/2019,58.539,"25,520,440",58.8645,59.2135,58.3815
05/07/2019,58.943,"36,604,760",59.2905,59.7385,58.25
05/06/2019,59.673,"31,773,680",58.6,59.7715,58.5577
05/03/2019,59.4775,"41,587,520",58.8705,59.57,58.6773
05/02/2019,58.3255,"45,097,800",58.63,58.969,57.9165
05/01/2019,58.666,"74,340,360",59.875,59.9625,58.5838
04/30/2019,59.948,"132,345,540",59.5315,60.0489,59.15
04/29/2019,64.81,"69,725,860",64.0255,64.8487,63.5855
04/26/2019,63.871,"27,159,100",63.669,63.9455,63.25
04/25/2019,63.367,"31,246,240",63.515,63.64,62.9
04/24/2019,63.0025,"22,741,160",63.5295,63.7,62.9905
04/23/2019,63.5295,"31,595,240",62.832,63.7215,62.5987
04/22/2019,62.688,"19,082,540",61.8335,62.717,61.6685
04/18/2019,62.0735,"24,748,280",62.25,62.297,61.9705
04/17/2019,62.007,"29,424,520",61.85,62.2548,61.645
04/16/2019,61.5955,"22,559,420",61.5,61.799,61.252
04/15/2019,61.3265,"23,795,680",61.2045,61.4648,60.728
04/12/2019,61.1365,"24,271,560",60.781,61.1525,60.6645
04/11/2019,60.4795,"16,984,660",60.445,60.637,60.227
04/10/2019,60.3225,"15,493,280",60.2545,60.4469,60.033
04/09/2019,60.1345,"19,662,900",60.0945,60.3575,59.919
04/08/2019,60.414,"21,748,160",60.5555,60.6975,60.2347
04/05/2019,60.5725,"19,995,520",60.965,61.0195,60.5015
04/04/2019,60.9725,"20,976,260",60.5645,61.0275,60.452
04/03/2019,60.5405,"22,178,100",60.635,61.03,60.2538
04/02/2019,60.277,"18,276,980",60.0025,60.2905,59.562
04/01/2019,59.949,"27,083,300",59.377,60.01,59.318
03/29/2019,58.8445,"30,882,560",59.009,59.1985,58.319
03/28/2019,58.6135,"22,395,040",58.775,58.8625,58.1715
03/27/2019,58.9005,"29,419,740",59.596,59.596,58.2115
03/26/2019,59.492,"30,639,480",60.2595,60.3825,59.088
03/25/2019,59.869,"27,557,280",59.978,60.472,59.5002
03/22/2019,60.3825,"34,402,260",61.4425,61.6815,60.3
03/21/2019,61.8065,"28,098,840",61.0,61.822,60.8288
03/20/2019,61.3215,"40,359,800",60.07,61.4995,59.9795
03/19/2019,60.123,"29,609,880",59.586,60.1703,59.4728
03/18/2019,59.4275,"24,437,020",59.4845,59.7475,59.0738
03/15/2019,59.515,"51,835,420",59.9,60.0863,59.3505
03/14/2019,59.6265,"27,285,120",59.951,60.235,59.5615
03/13/2019,59.953,"25,419,980",60.2965,60.3562,59.8955
03/12/2019,59.8625,"42,191,860",59.115,60.2855,59.115
03/11/2019,58.963,"29,953,540",57.6,58.9955,57.5785
03/08/2019,57.4985,"23,674,020",56.695,57.6725,56.51
03/07/2019,57.5425,"30,069,960",58.025,58.179,57.0857
03/06/2019,58.247,"23,528,440",58.588,58.737,58.1525
03/05/2019,58.4595,"39,657,460",57.8,58.8245,57.651
03/04/2019,57.671,"35,423,960",57.728,58.276,56.9125
03/01/2019,57.426,"32,622,180",56.55,57.5,56.55
02/28/2019,56.3275,"27,353,960",55.95,56.6995,55.9205
02/27/2019,56.1445,"22,085,440",55.7005,56.2865,55.428
02/26/2019,56.1005,"34,969,960",55.7185,56.3218,55.335
02/25/2019,55.8665,"25,842,660",56.0965,56.27,55.7055
02/22/2019,55.828,"29,423,700",55.485,55.8625,55.025
02/21/2019,55.2105,"33,269,120",55.939,55.9575,54.899
02/20/2019,56.0295,"24,074,060",56.444,56.5465,55.5875
02/19/2019,56.3255,"21,973,580",55.832,56.482,55.832
02/15/2019,55.9815,"27,807,940",56.965,56.965,55.836
02/14/2019,56.46,"21,051,100",56.25,56.8065,55.8545
02/13/2019,56.4315,"27,832,220",56.652,57.1425,56.3
02/12/2019,56.379,"35,003,960",55.5505,56.643,55.5505
02/11/2019,55.106,"18,194,680",55.1875,55.6715,55.0
02/08/2019,55.119,"21,746,500",54.744,55.2548,54.712
02/07/2019,55.2955,"38,257,940",55.591,55.5995,54.6795
02/06/2019,56.1445,"48,122,760",57.4635,57.7,55.918
02/05/2019,57.5935,"82,215,960",56.4815,57.6385,56.18
02/04/2019,57.071,"77,185,100",55.9505,57.117,55.8755
02/01/2019,55.931,"32,980,340",56.1145,56.72,55.7125
01/31/2019,56.2945,"40,043,460",55.612,56.3835,55.2625
01/30/2019,54.8995,"29,027,380",53.868,54.976,53.832
01/29/2019,53.503,"19,578,260",54.052,54.2365,53.301
01/28/2019,53.993,"29,301,560",54.5035,54.6683,53.7305
01/25/2019,55.0755,"23,114,500",54.7115,55.168,54.5901
01/24/2019,54.2,"29,113,960",54.1255,54.4,53.501
01/23/2019,54.2205,"25,044,080",54.343,54.6475,53.3785
01/22/2019,53.9315,"39,516,020",54.8,54.9485,53.5445
01/18/2019,55.365,"44,301,000",55.4295,55.9,54.9642
01/17/2019,54.956,"24,719,900",54.3995,55.035,54.1628
01/16/2019,54.4755,"38,183,880",54.5,55.118,54.4005
01/15/2019,54.3255,"36,913,320",52.9005,54.4135,52.722
01/14/2019,52.5755,"28,323,980",52.667,52.9225,52.4275
01/11/2019,53.2235,"30,769,200",53.495,53.6685,52.8215
01/10/2019,53.9415,"26,569,620",53.747,53.9905,53.234
01/09/2019,54.0825,"26,960,800",54.3995,54.582,53.7185
01/08/2019,54.2685,"35,192,800",54.3,54.6675,53.4174
01/07/2019,53.796,"47,430,760",54.0485,54.135,53.132
01/04/2019,53.9035,"46,020,840",52.128,54.0,51.843
01/03/2019,51.2735,"41,898,580",52.5335,53.313,51.1185
01/02/2019,52.734,"31,650,480",51.36,53.0395,51.2638
12/31/2018,52.248,"33,084,180",52.8915,53.1495,51.6519
12/28/2018,52.334,"34,360,360",52.975,53.2115,52.1
12/27/2018,52.645,"45,319,680",51.31,52.667,50.35
12/26/2018,52.3925,"46,134,200",49.8995,52.4225,49.6322
12/24/2018,49.2335,"36,359,100",49.216,50.606,48.883
12/21/2018,49.5625,"104,513,620",51.602,51.8835,49.0595
12/20/2018,51.179,"53,085,360",51.3,52.372,50.3932
12/19/2018,51.773,"58,170,120",52.3645,53.7855,50.9715
12/18/2018,52.1705,"43,580,880",51.7,52.9845,51.524
12/17/2018,51.2825,"49,540,320",52.3505,53.119,50.8315
12/14/2018,52.5855,"36,341,720",53.001,53.586,52.4685
12/13/2018,53.677,"24,984,700",53.7835,54.421,53.2497
12/12/2018,53.6865,"28,947,860",53.854,54.5866,53.5985
12/11/2018,53.0825,"33,837,280",53.347,53.52,52.505
12/10/2018,52.659,"33,637,440",52.147,52.98,51.65
12/07/2018,52.329,"42,550,620",53.6115,54.2515,51.9685
12/06/2018,53.904,"47,291,620",52.25,53.971,52.124
12/04/2018,53.1235,"45,429,040",55.6495,55.712,53.0388
12/03/2018,55.818,"57,429,440",56.608,56.75,55.5865
11/30/2018,55.4825,"59,560,340",54.7815,55.4825,54.159
11/29/2018,54.729,"30,975,080",54.1765,55.0075,54.1
11/28/2018,54.5895,"45,953,400",52.873,54.6429,52.1475
11/27/2018,52.614,"32,842,320",52.567,53.338,52.275
11/26/2018,52.797,"31,497,400",52.2,52.85,51.9885
11/23/2018,51.505,"14,177,180",51.675,52.15,51.426
11/21/2018,52.1715,"29,675,440",52.2655,52.7353,51.9727
11/20/2018,51.5225,"54,440,800",50.3645,51.8675,50.1105
11/19/2018,51.371,"45,576,780",53.1695,53.4,51.1435
11/16/2018,53.4135,"35,255,300",53.2615,53.622,52.745
11/15/2018,53.5525,"41,512,120",52.573,53.9435,52.0646
11/14/2018,52.729,"34,609,460",53.0,53.2895,52.0555
11/13/2018,52.3985,"25,716,900",52.7405,53.3333,52.02
11/12/2018,52.468,"33,809,660",53.6565,53.705,52.0175
11/09/2018,53.851,"34,856,140",54.201,54.4175,53.213
11/08/2018,54.7315,"33,690,720",55.365,55.411,54.218
11/07/2018,55.412,"43,351,060",54.1745,55.4965,54.0295
11/06/2018,53.4785,"27,939,180",52.751,53.991,52.6805
11/05/2018,52.7865,"45,339,600",53.6265,53.6675,51.7
11/02/2018,53.5745,"43,334,380",54.45,54.9,53.383
11/01/2018,54.299,"39,954,120",54.57,54.995,53.891
10/31/2018,54.529,"70,873,120",53.41,55.4,53.41
10/30/2018,52.4755,"59,536,420",51.0005,52.545,50.6985
10/29/2018,51.7365,"81,175,880",54.827,55.4415,50.36
10/26/2018,54.1875,"106,396,020",52.4165,55.85,52.1115
10/25/2018,55.1795,"72,190,920",54.015,55.891,53.7773
10/24/2018,52.856,"48,906,120",55.75,55.831,52.753
10/23/2018,55.7455,"37,666,000",54.5645,55.9,53.9505
10/22/2018,55.5685,"27,082,520",55.6255,56.0845,55.0
10/19/2018,55.259,"41,245,620",55.1855,56.0475,54.8515
10/18/2018,54.8955,"46,098,600",56.5,56.6175,54.317
10/17/2018,56.3795,"35,618,120",57.0,57.35,55.7
10/16/2018,56.654,"38,328,020",55.674,56.8185,55.5875
10/15/2018,55.122,"29,936,720",55.9,56.0898,54.911
10/12/2018,56.027,"49,304,540",55.982,56.2915,54.7513
10/11/2018,54.537,"67,602,580",53.952,55.8028,53.7945
10/10/2018,54.608,"58,446,900",56.82,56.851,54.5755
10/09/2018,57.2585,"33,685,940",57.5655,58.0775,57.2085
10/08/2018,57.796,"46,053,980",58.0,58.793,56.77
10/05/2018,58.3915,"31,847,980",58.8,59.1,57.716
10/04/2018,58.8535,"46,541,120",60.2515,60.295,58.1923
10/03/2018,60.5765,"26,229,140",60.6,60.709,60.1075
10/02/2018,60.382,"39,866,160",60.3335,61.226,59.983
10/01/2018,60.4265,"32,786,940",60.65,61.21,60.1595
09/28/2018,60.354,"35,113,620",60.2045,60.4225,59.8915
09/27/2018,60.368,"36,256,800",60.0,60.843,59.9025
09/26/2018,59.703,"37,481,240",59.6845,60.362,59.2698
09/25/2018,59.6945,"33,148,820",59.2125,59.843,58.7045
09/24/2018,58.978,"31,107,980",57.9705,59.2595,57.575
09/21/2018,58.606,"88,940,900",59.746,59.829,58.603
09/20/2018,59.5785,"29,187,940",59.0335,59.7,58.8125
09/19/2018,58.7135,"25,933,280",58.448,58.8135,57.9308
09/18/2018,58.3555,"31,658,340",58.133,59.0665,58.0712
09/17/2018,57.9915,"34,054,040",58.8885,59.091,57.9228
09/14/2018,58.899,"23,982,920",59.4,59.4,58.676
09/13/2018,59.107,"39,946,300",58.985,59.393,58.461
09/12/2018,58.58,"35,339,020",59.1,59.5347,58.308
09/11/2018,59.4995,"29,228,940",58.555,59.547,58.2975
09/10/2018,58.753,"27,007,120",59.21,59.333,58.5305
09/07/2018,58.8795,"32,647,180",58.6,59.4273,58.4635
09/06/2018,59.1995,"46,546,340",59.9285,59.9493,58.1805
09/05/2018,59.955,"53,881,280",60.461,60.7435,58.767
09/04/2018,60.5655,"40,711,360",61.126,61.3935,60.328
08/31/2018,61.59,"42,265,520",62.6105,62.6273,61.2877
08/30/2018,62.722,"30,053,020",63.17,63.4745,62.3605
08/29/2018,63.2325,"36,865,540",62.75,63.3585,62.64
08/28/2018,62.293,"27,287,740",62.795,62.828,62.1485
08/27/2018,62.8135,"28,555,360",62.207,62.8935,62.034
08/24/2018,61.8375,"24,429,780",61.3,61.87,61.071
08/23/2018,61.058,"24,562,960",60.994,61.7585,60.9674
08/22/2018,61.0875,"22,259,240",60.711,61.3265,60.661
08/21/2018,60.8705,"22,507,760",61.151,61.638,60.7515
08/20/2018,61.0975,"22,089,360",61.033,61.2955,60.435
08/17/2018,60.7925,"33,039,380",61.102,61.3477,60.2
08/16/2018,61.203,"32,139,200",62.0995,62.1849,60.9815
08/15/2018,61.611,"37,018,880",62.214,62.599,61.3122
08/14/2018,62.907,"28,049,240",62.625,63.0295,61.977
08/13/2018,62.432,"27,496,200",62.56,63.2985,62.3515
08/10/2018,62.6255,"26,578,800",62.959,63.06,62.3582
08/09/2018,63.223,"27,279,280",63.1365,63.5982,63.0051
08/08/2018,63.0665,"34,327,840",62.836,63.586,62.606
08/07/2018,62.792,"42,442,180",62.6005,63.304,62.59
08/06/2018,61.8835,"22,094,800",62.0805,62.1231,61.5265
08/03/2018,61.908,"21,229,900",62.259,62.326,61.471
08/02/2018,62.0565,"34,658,520",60.925,62.2205,60.903
08/01/2018,61.6495,"36,972,760",61.9555,62.295,61.247
07/31/2018,61.361,"39,187,820",61.5855,62.0605,60.8095
07/30/2018,61.502,"43,802,620",62.2525,62.6445,61.2085
07/27/2018,62.6445,"48,316,580",64.456,64.572,62.2248
07/26/2018,64.275,"54,574,420",63.359,64.37,63.15
07/25/2018,63.797,"50,294,780",62.631,63.912,62.4525
07/24/2018,62.9075,"107,556,540",63.55,63.75,62.207
07/23/2018,60.55,"64,596,640",59.783,60.755,59.6005
07/20/2018,59.894,"37,901,040",59.962,60.5383,59.8295
07/19/2018,59.955,"37,970,660",60.3325,60.824,59.8867
07/18/2018,60.6455,"38,877,620",60.4265,61.0795,60.228
07/17/2018,60.654,"40,075,860",59.137,60.938,59.1
07/16/2018,59.8255,"26,623,740",60.1905,60.4355,59.6701
07/13/2018,60.221,"32,606,900",60.14,60.522,59.7645
07/12/2018,60.063,"44,079,520",58.743,60.0993,58.655
07/11/2018,58.573,"33,215,140",57.781,59.022,57.7687
07/10/2018,58.357,"21,170,620",58.4995,58.675,58.128
07/09/2018,58.364,"21,534,180",58.0,58.3965,57.8617
07/06/2018,57.754,"21,807,420",57.0885,57.81,56.862
07/05/2018,57.0645,"28,528,920",56.23,57.207,56.156
07/03/2018,55.814,"16,447,880",57.471,57.4955,55.7215
07/02/2018,57.1055,"23,202,040",55.7675,57.1495,55.33
06/29/2018,56.4595,"31,530,360",56.6155,57.0679,56.351
06/28/2018,56.339,"29,723,320",55.6195,56.7,55.3036
06/27/2018,55.847,"34,204,200",56.8,57.3105,55.835
06/26/2018,56.631,"34,631,740",57.207,57.3435,56.45
06/25/2018,56.964,"57,665,300",57.75,57.7995,55.995
06/22/2018,58.4645,"34,207,100",58.5747,58.75,57.9825
06/21/2018,58.472,"44,884,600",59.2755,59.5167,58.174
06/20/2018,59.2035,"51,626,980",59.165,60.0745,59.1015
06/19/2018,58.9345,"47,222,340",58.5055,59.1405,58.0805
06/18/2018,59.179,"32,932,060",57.6345,59.2065,57.55
06/15/2018,57.9635,"44,246,320",57.996,58.1954,57.6845
06/14/2018,58.0055,"35,386,420",57.6105,58.2995,57.53
06/13/2018,57.2115,"34,160,380",57.614,57.782,57.169
06/12/2018,57.4095,"25,887,640",57.051,57.4375,57.051
06/11/2018,57.045,"24,632,580",56.647,57.387,56.5699
06/08/2018,56.6355,"27,269,580",56.5605,56.939,56.1615
06/07/2018,56.721,"36,096,500",57.229,57.2933,56.306
06/06/2018,57.3475,"34,922,580",57.6385,57.7357,56.816
06/05/2018,57.551,"32,876,560",57.733,58.0548,57.373
06/04/2018,57.652,"44,723,460",56.925,57.8929,56.85
06/01/2018,56.75,"63,135,260",55.6435,56.908,55.6005
05/31/2018,55.0,"79,299,520",54.1,55.5,53.9
05/30/2018,53.8735,"28,470,860",53.674,53.9495,53.3275
05/29/2018,53.4035,"35,913,700",53.8,54.067,53.154
05/25/2018,54.204,"22,023,580",54.3275,54.4785,54.13
05/24/2018,54.2725,"20,537,200",54.345,54.356,53.615
05/23/2018,54.298,"23,719,860",53.5,54.4,53.348
05/22/2018,53.7655,"22,217,700",54.49,54.59,53.613
05/21/2018,54.2005,"25,135,620",53.95,54.665,53.9
05/18/2018,53.482,"35,423,020",53.3,53.6865,53.234
05/17/2018,54.063,"25,708,360",54.073,54.55,53.821
05/16/2018,54.2045,"25,613,480",54.2545,54.7191,54.0815
05/15/2018,54.2435,"35,706,120",54.845,54.956,53.939
05/14/2018,55.33,"39,307,620",55.2785,55.9075,55.24
05/11/2018,55.169,"30,493,480",55.0205,55.4505,54.861
05/10/2018,55.2735,"36,395,900",54.75,55.4705,54.694
05/09/2018,54.4475,"47,045,420",53.205,54.7,53.1055
05/08/2018,52.9295,"25,479,680",53.231,53.2615,52.5821
05/07/2018,52.973,"34,483,440",52.6945,53.25,52.5135
05/04/2018,52.55,"36,857,760",50.9805,52.594,50.9025
05/03/2018,51.315,"39,059,040",51.2685,51.5345,50.3945
05/02/2018,51.3025,"33,354,400",51.7,52.199,51.158
05/01/2018,52.0375,"35,252,160",50.815,52.0865,50.5305
04/30/2018,50.929,"34,386,580",51.721,51.9185,50.915
04/27/2018,51.5725,"40,700,540",52.277,52.5848,51.3795
04/26/2018,52.1655,"50,352,260",51.661,52.601,51.0225
04/25/2018,51.1495,"56,356,460",51.4875,51.8035,50.8505
04/24/2018,51.132,"127,700,900",52.96,53.2245,50.6428
04/23/2018,53.6905,"68,317,460",54.149,54.4,53.334
04/20/2018,53.866,"42,049,560",54.2135,54.7375,53.605
04/19/2018,54.4725,"39,707,920",53.451,54.8755,53.451
04/18/2018,53.7695,"30,902,740",53.9505,54.1,53.5258
04/17/2018,53.968,"54,517,600",53.06,54.25,52.8545
04/16/2018,52.305,"29,760,120",52.2775,52.5715,51.696
04/13/2018,51.802,"24,551,700",52.3445,52.649,51.5075
04/12/2018,51.8645,"32,855,920",51.5735,52.2325,51.3025
04/11/2018,51.253,"32,998,560",51.6,51.7935,50.96
04/10/2018,51.825,"36,656,440",51.513,52.0605,50.7705
04/09/2018,51.0045,"33,175,940",51.002,52.2295,50.96
04/06/2018,50.4975,"40,093,180",51.155,51.8,50.3125
04/05/2018,51.632,"34,909,820",52.3195,52.3355,51.2
04/04/2018,51.4855,"50,660,640",49.9115,51.637,49.8255
04/03/2018,50.934,"51,307,980",50.8075,51.25,49.8623
04/02/2018,50.6315,"64,888,880",51.381,51.9765,49.7125
03/29/2018,51.857,"69,306,320",50.5605,52.4025,50.202
03/28/2018,50.259,"77,605,300",50.0955,51.2495,49.2
03/27/2018,50.347,"60,418,640",53.195,53.227,49.881
03/26/2018,52.7045,"65,911,200",52.53,52.9635,50.529
03/23/2018,51.3275,"49,777,680",52.5685,53.339,51.2435
03/22/2018,52.6575,"68,480,020",54.0005,54.196,52.482
03/21/2018,54.7,"44,261,020",54.6285,55.435,54.3605
03/20/2018,54.79,"54,586,840",54.92,55.2775,54.121
03/19/2018,55.0035,"61,844,900",55.888,55.9685,54.446
03/16/2018,56.721,"54,229,580",57.7675,57.8405,56.568
03/15/2018,57.5305,"33,311,960",57.4785,58.125,56.783
03/14/2018,57.4445,"41,858,920",57.29,57.988,57.1175
03/13/2018,56.9955,"43,077,940",58.5915,58.9,56.7285
03/12/2018,58.2965,"43,963,640",58.2525,58.908,57.96
03/09/2018,58.042,"42,617,780",56.975,58.05,56.7145
03/08/2018,56.469,"34,528,240",55.86,56.572,55.86
03/07/2018,55.752,"29,789,760",54.641,55.81,54.4955
03/06/2018,55.045,"23,207,180",55.1052,55.2815,54.725
03/05/2018,54.738,"27,327,820",53.9065,55.059,53.6135
03/02/2018,54.207,"49,249,180",52.899,54.3445,52.5055
03/01/2018,53.5705,"55,268,860",55.477,55.5637,53.3643
02/28/2018,55.196,"49,120,800",56.1,56.3825,55.15
02/27/2018,55.8755,"42,706,120",57.185,57.2125,55.8395
02/26/2018,57.185,"30,063,320",56.593,57.21,56.467
02/23/2018,56.4045,"25,256,740",55.933,56.45,55.4219
02/22/2018,55.495,"27,973,460",55.9585,56.273,55.2575
02/21/2018,55.6875,"41,427,680",55.455,56.81,55.3755
02/20/2018,55.1795,"33,674,480",54.638,55.8145,54.5
02/16/2018,54.775,"39,862,940",54.669,55.4155,54.5775
02/15/2018,54.568,"37,177,320",54.1725,54.705,53.3615
02/14/2018,53.635,"41,150,640",52.716,53.7735,52.49
02/13/2018,52.707,"31,519,340",52.5,53.061,52.346
02/12/2018,52.728,"56,097,760",52.8335,53.2785,52.2745
02/09/2018,52.3135,"98,247,300",51.294,52.586,49.85
02/08/2018,50.3855,"66,604,680",52.9935,53.1965,50.235
02/07/2018,52.7705,"51,689,020",54.2485,54.3265,52.731
02/06/2018,54.2215,"76,109,340",51.699,54.3688,51.5005
02/05/2018,53.1195,"83,030,080",55.0305,55.7495,52.837
02/02/2018,55.96,"116,636,360",56.371,56.565,55.5585
02/01/2018,59.0795,"72,357,000",58.7995,59.3725,58.468
01/31/2018,59.111,"35,776,260",59.1905,59.316,58.605
01/30/2018,58.8685,"36,271,060",58.886,59.3965,58.7255
01/29/2018,59.324,"31,406,400",59.4,59.9,59.203
01/26/2018,59.378,"41,957,480",59.3765,59.378,58.4015
01/25/2018,59.107,"29,733,160",59.0355,59.25,58.592
01/24/2018,58.5645,"36,916,180",59.249,59.3525,58.3701
01/23/2018,58.8085,"38,801,700",58.531,58.9255,58.3625
01/22/2018,58.208,"29,513,400",57.191,58.344,57.091
01/19/2018,57.175,"28,981,940",56.9015,57.189,56.625
01/18/2018,56.7985,"27,440,300",56.9675,57.0293,56.2233
01/17/2018,56.955,"27,784,240",56.818,56.966,56.1745
01/16/2018,56.535,"36,060,160",57.0155,57.444,56.333
01/12/2018,56.5325,"38,536,300",55.505,56.5651,55.4005
01/11/2018,55.6025,"22,194,020",55.6155,55.7425,55.324
01/10/2018,55.507,"20,727,240",55.35,55.639,55.1992
01/09/2018,55.6395,"26,776,560",55.922,55.922,55.4101
01/08/2018,55.7105,"24,626,880",55.55,55.958,55.5
01/05/2018,55.5145,"30,249,860",55.1725,55.679,55.0898
01/04/2018,54.788,"26,049,400",54.8545,55.2038,54.713
01/03/2018,54.576,"31,288,200",53.6965,54.805,53.6715
01/02/2018,53.6605,"31,747,160",52.651,53.799,52.651
12/29/2017,52.67,"23,568,660",52.7745,52.9025,52.635
12/28/2017,52.7975,"19,878,900",53.1125,53.242,52.669
12/27/2017,53.01,"22,317,860",53.33,53.4135,52.919
12/26/2017,53.2925,"18,365,020",53.432,53.443,52.932
12/22/2017,53.443,"17,705,860",53.5,53.586,53.382
12/21/2017,53.5425,"24,952,160",53.7695,53.876,53.45
12/20/2017,53.678,"28,714,420",54.046,54.0617,53.43
12/19/2017,53.989,"25,832,160",54.151,54.2488,53.6135
12/18/2017,54.2545,"30,244,820",53.8225,54.3245,53.5185
12/15/2017,53.6,"63,691,100",53.189,53.7625,53.0045
12/14/2017,52.8735,"30,911,360",52.7745,53.354,52.6798
12/13/2017,52.5695,"27,678,700",52.604,52.774,52.329
12/12/2017,52.4385,"33,855,980",52.5,53.125,52.2435
12/11/2017,52.5985,"23,239,620",52.5555,52.8,52.206
12/08/2017,52.469,"29,839,880",52.5905,52.821,52.293
12/07/2017,52.2285,"30,841,480",51.8035,52.446,51.768
12/06/2017,51.636,"27,613,300",50.826,51.979,50.7655
12/05/2017,50.98,"38,979,400",50.5495,51.834,50.1158
12/04/2017,50.5935,"38,764,660",51.39,51.567,50.461
12/01/2017,51.2535,"37,341,760",51.5205,51.8622,50.845
11/30/2017,51.8085,"44,649,640",51.997,52.207,51.5035
11/29/2017,51.869,"55,790,660",52.809,52.9385,51.4827
11/28/2017,53.1645,"36,386,720",53.6995,54.0,52.727
11/27/2017,53.6005,"35,423,660",52.9285,53.6518,52.7386
11/24/2017,52.826,"16,507,380",52.7195,53.0035,52.596
11/22/2017,52.596,"14,528,560",52.558,52.7715,52.3625
11/21/2017,52.515,"21,617,340",52.002,52.5195,51.957
11/20/2017,51.733,"17,153,840",51.8,51.9348,51.6337
11/17/2017,51.7945,"26,683,420",52.49,52.55,51.6865
11/16/2017,52.4235,"22,751,380",51.9375,52.588,51.9
11/15/2017,51.8205,"18,076,460",51.75,51.9815,51.538
11/14/2017,52.082,"20,991,580",51.886,52.115,51.4665
11/13/2017,52.06,"18,801,660",52.04,52.437,51.963
11/10/2017,52.2075,"19,408,760",52.1935,52.3315,52.061
11/09/2017,52.386,"35,877,640",52.4,52.544,51.7925
11/08/2017,52.9145,"24,289,160",52.5025,53.1346,52.3525
11/07/2017,52.6195,"26,070,460",52.4825,52.6705,52.15
11/06/2017,52.134,"18,277,800",52.455,52.6295,52.1
11/03/2017,52.4995,"27,702,580",52.1375,52.533,51.8825
11/02/2017,52.1485,"26,681,080",51.9995,52.276,51.433
11/01/2017,52.1298,"42,653,100",51.8158,52.393,51.7
10/31/2017,51.652,"30,041,820",51.65,52.05,51.3148
10/30/2017,51.6565,"46,784,360",51.458,51.9915,51.1165
10/27/2017,51.6835,"103,653,380",51.5495,53.181,51.3425
10/26/2017,49.571,"46,835,040",49.9235,50.3255,49.5235
10/25/2017,49.573,"27,963,060",49.3135,49.7215,48.8861
10/24/2017,49.4245,"28,747,240",49.325,49.463,48.854
10/23/2017,49.277,"32,752,480",50.259,50.2897,49.155
10/20/2017,50.2535,"32,103,540",50.3525,50.4325,50.1135
10/19/2017,50.092,"33,627,400",50.2375,50.3661,49.865
10/18/2017,50.637,"25,574,580",50.5525,50.8155,50.266
10/17/2017,50.55,"20,138,620",50.372,50.728,50.3025
10/16/2017,50.4675,"21,386,980",50.4815,50.6,50.076
10/13/2017,50.3935,"26,541,520",50.4555,50.738,50.353
10/12/2017,50.2825,"30,806,960",50.192,50.5769,50.055
10/11/2017,50.2825,"36,263,640",49.452,50.3783,49.397
10/10/2017,49.39,"23,266,380",49.765,49.8735,49.0555
10/09/2017,49.6155,"25,889,900",49.75,50.023,49.575
10/06/2017,49.682,"31,038,100",49.0,49.713,48.9255
10/05/2017,49.2595,"35,575,340",48.6395,49.3254,48.5135
10/04/2017,48.339,"21,124,080",48.588,48.72,48.2805
10/03/2017,48.604,"21,676,220",48.378,48.622,48.1353
10/02/2017,48.3735,"30,733,040",48.7825,48.887,48.0975
09/29/2017,48.686,"40,526,740",48.3,48.7905,48.3
09/28/2017,48.2405,"28,007,940",47.8125,48.309,47.7775
09/27/2017,47.995,"46,645,640",47.137,48.2715,47.0975
09/26/2017,46.8715,"32,571,300",46.8345,47.204,46.756
09/25/2017,46.714,"37,399,840",46.9725,46.9875,46.2255
09/22/2017,47.163,"21,485,320",47.1385,47.5,47.0418
09/21/2017,47.3775,"26,148,360",47.4065,47.64,46.969
09/20/2017,47.377,"38,457,240",46.8865,47.5,46.875
09/19/2017,46.843,"24,644,480",46.6705,46.897,46.333
09/18/2017,46.4875,"29,124,120",46.7505,46.843,46.27
09/15/2017,46.7645,"39,130,760",47.0045,47.0875,46.5625
09/14/2017,47.0065,"28,491,340",47.3,47.4015,46.9178
09/13/2017,47.522,"21,894,700",47.275,47.6425,47.237
09/12/2017,47.3325,"25,671,600",47.346,47.4043,46.875
09/11/2017,47.1645,"26,723,620",47.36,47.634,47.05
09/08/2017,47.0705,"19,985,080",47.485,47.535,47.0005
09/07/2017,47.4945,"22,308,840",47.2125,47.5248,46.8765
09/06/2017,47.101,"27,806,020",47.1935,47.225,46.634
09/05/2017,47.074,"29,162,940",47.343,47.5693,46.78
09/01/2017,47.5995,"20,810,900",47.8735,47.9165,47.514
08/31/2017,47.762,"33,842,760",47.315,47.8598,47.3125
08/30/2017,47.1815,"22,371,260",46.7835,47.293,46.7025
08/29/2017,46.7875,"23,167,080",45.9975,46.9095,45.9655
08/28/2017,46.4065,"20,882,460",46.594,46.7425,46.3055
08/25/2017,46.525,"23,690,820",46.9605,47.0365,46.505
08/24/2017,46.8445,"25,881,640",47.1855,47.3155,46.537
08/23/2017,47.129,"22,663,400",46.85,47.2713,46.762
08/22/2017,47.02,"35,193,420",46.348,47.0981,46.3085
08/21/2017,46.0435,"25,982,320",46.2885,46.4125,45.93
08/18/2017,46.309,"26,694,180",46.349,46.551,46.1725
08/17/2017,46.383,"33,475,840",47.1475,47.1905,46.382
08/16/2017,47.2135,"26,863,900",47.0625,47.495,47.002
08/15/2017,46.904,"22,073,060",47.0515,47.1535,46.832
08/14/2017,46.9465,"22,990,320",46.9535,47.052,46.7243
08/11/2017,46.5045,"32,310,180",46.1855,46.668,46.061
08/10/2017,46.1795,"54,080,800",46.75,46.815,46.0888
08/09/2017,47.004,"27,924,080",46.9225,47.188,46.696
08/08/2017,47.2095,"29,993,300",47.2145,47.6245,47.124
08/07/2017,47.2875,"28,883,080",47.376,47.448,47.175
08/04/2017,47.2895,"24,049,560",47.1975,47.377,46.9898
08/03/2017,47.015,"21,025,020",47.455,47.5,46.972
08/02/2017,47.382,"40,752,140",47.4185,47.455,46.626
08/01/2017,47.328,"26,499,040",47.3905,47.7245,47.248
07/31/2017,47.275,"45,799,440",48.0,48.0596,47.0863
07/28/2017,47.9165,"36,273,960",47.3995,48.0895,47.2655
07/27/2017,47.6255,"74,218,160",48.459,48.476,46.853
07/26/2017,48.2655,"43,808,600",48.639,48.6975,48.0115
07/25/2017,48.4515,"118,587,720",48.535,48.8365,48.19
07/24/2017,49.9155,"77,885,960",49.705,50.3095,49.5136
07/21/2017,49.692,"29,225,780",49.45,49.7555,49.2085
07/20/2017,49.6095,"28,314,300",49.85,49.934,49.231
07/19/2017,49.6385,"27,952,240",49.5005,49.78,49.3505
07/18/2017,49.3475,"28,136,500",48.668,49.5425,48.602
07/17/2017,48.798,"33,117,620",48.816,49.1675,48.54
07/14/2017,48.8455,"21,431,300",48.7,48.877,48.5075
07/13/2017,48.4425,"30,467,340",48.54,48.935,48.24
07/12/2017,48.383,"31,987,900",48.043,48.4815,47.852
07/11/2017,47.6765,"29,211,640",47.526,47.7445,47.256
07/10/2017,47.55,"28,228,940",47.0975,47.6565,47.0975
07/07/2017,47.0405,"32,364,800",46.5493,47.233,46.4895
07/06/2017,46.3845,"40,278,800",46.25,46.807,45.9925
07/05/2017,46.613,"41,833,760",46.21,46.8145,45.9315
07/03/2017,45.973,"33,896,220",46.661,46.712,45.7655
06/30/2017,46.484,"45,699,360",47.1995,47.25,46.4805
06/29/2017,46.891,"64,063,440",47.5675,47.583,46.48
06/28/2017,48.0505,"54,771,880",47.533,48.162,46.808
06/27/2017,47.4045,"48,834,180",48.08,48.361,47.3545
06/26/2017,48.6045,"30,331,380",49.5,49.6995,48.5165
06/23/2017,49.3045,"30,945,640",48.775,49.331,48.723
06/22/2017,48.831,"20,016,460",48.8435,49.025,48.6657
06/21/2017,48.9295,"22,923,480",48.5395,48.9835,48.458
06/20/2017,48.4495,"25,914,980",48.7655,49.0395,48.41
06/19/2017,48.761,"29,153,580",48.4825,48.965,48.41
06/16/2017,47.931,"50,915,480",47.8955,47.9975,47.435
06/15/2017,48.009,"47,190,740",47.401,48.0339,47.0185
06/14/2017,48.3965,"29,994,800",48.775,48.985,47.9755
06/13/2017,48.525,"40,077,400",48.602,48.8955,48.1005
06/12/2017,48.0905,"83,948,800",47.936,48.4,46.8398
06/09/2017,48.506,"72,833,320",50.2745,50.275,47.6685
06/08/2017,50.214,"33,627,680",50.2115,50.28,49.831
06/07/2017,50.0795,"27,443,420",49.941,50.1955,49.7905
06/06/2017,49.834,"31,014,140",50.1655,50.4305,49.74
06/05/2017,50.194,"27,557,620",49.8945,50.3701,49.7725
06/02/2017,49.806,"34,698,740",49.4295,49.824,49.3535
06/01/2017,49.4145,"26,080,540",49.548,49.657,49.0645
05/31/2017,49.3545,"34,512,820",49.8105,49.98,49.084
05/30/2017,49.8085,"30,331,060",49.625,49.881,49.568
05/26/2017,49.6635,"32,647,800",49.6,49.8195,49.368
05/25/2017,49.593,"39,056,040",48.95,49.789,48.891
05/24/2017,48.8805,"22,752,760",48.763,48.9058,48.5815
05/23/2017,48.5275,"30,898,000",48.498,48.7255,48.225
05/22/2017,48.2035,"27,698,080",47.85,48.241,47.828
