date,close,volume,open,high,low
05/15/2026,15.41,"20,201,710",15.5,15.555,15.17
05/14/2026,15.51,"17,919,620",15.43,15.6,15.425
05/13/2026,15.35,"24,787,670",15.75,15.78,15.335
05/12/2026,15.84,"33,254,250",15.96,15.985,15.6
05/11/2026,15.96,"17,660,330",16.14,16.21,15.83
05/08/2026,16.12,"26,015,740",16.24,16.31,16.03
05/07/2026,16.19,"37,697,330",16.6,16.65,16.105
05/06/2026,16.64,"15,026,540",16.61,16.785,16.56
05/05/2026,16.41,"14,250,930",16.21,16.44,16.12
05/04/2026,16.16,"16,623,390",16.46,16.54,16.115
05/01/2026,16.63,"14,163,470",16.76,16.796,16.58
04/30/2026,16.76,"20,760,820",16.28,16.795,16.17
04/29/2026,16.31,"19,422,150",16.47,16.62,16.19
04/28/2026,16.55,"17,326,000",16.69,16.78,16.48
04/27/2026,16.53,"22,405,720",16.41,16.63,16.4
04/24/2026,16.4,"16,039,130",16.63,16.81,16.335
04/23/2026,16.83,"37,245,370",16.78,16.92,16.22
04/22/2026,16.82,"16,519,300",16.98,17.135,16.78
04/21/2026,16.97,"15,147,580",17.11,17.345,16.93
04/20/2026,17.06,"16,241,480",16.74,17.115,16.735
04/17/2026,16.85,"23,736,430",16.74,17.07,16.68
04/16/2026,16.57,"25,204,660",16.58,16.785,16.565
04/15/2026,16.67,"25,588,090",16.62,16.82,16.48
04/14/2026,16.59,"27,886,250",16.55,16.725,16.43
04/13/2026,16.62,"22,689,200",16.27,16.65,16.14
04/10/2026,16.38,"14,057,480",16.56,16.59,16.34
04/09/2026,16.59,"19,947,680",16.25,16.66,16.25
04/08/2026,16.35,"26,755,690",16.35,16.545,16.265
04/07/2026,15.88,"25,508,010",15.79,15.935,15.74
04/06/2026,15.94,"16,537,910",15.73,15.96,15.7
04/02/2026,15.79,"18,815,940",15.57,15.895,15.43
04/01/2026,15.88,"30,128,320",15.81,16.035,15.745
03/31/2026,15.65,"31,158,480",15.34,15.69,15.22
03/30/2026,15.02,"20,879,770",15.15,15.22,14.95
03/27/2026,15.08,"23,796,640",15.42,15.435,15.01
03/26/2026,15.43,"19,176,790",15.47,15.57,15.345
03/25/2026,15.54,"22,050,770",15.61,15.73,15.3001
03/24/2026,15.48,"24,161,700",15.14,15.625,15.1
03/23/2026,15.29,"32,655,570",15.54,15.6,15.26
03/20/2026,15.09,"40,814,580",15.17,15.24,14.97
03/19/2026,15.17,"19,819,800",15.05,15.3,14.89
03/18/2026,15.11,"22,076,700",15.17,15.4,15.09
03/17/2026,15.39,"25,115,100",15.47,15.5799,15.27
03/16/2026,15.28,"38,594,880",15.405,15.545,15.26
03/13/2026,15.21,"37,139,080",15.66,15.75,15.21
03/12/2026,15.48,"53,768,890",15.33,15.615,15.24
03/11/2026,15.64,"44,750,090",15.93,16.04,15.57
03/10/2026,15.99,"21,203,220",16.19,16.34,15.85
03/09/2026,16.12,"39,514,060",16.08,16.26,15.58
03/06/2026,16.31,"27,481,350",16.235,16.35,15.855
03/05/2026,16.68,"19,617,620",16.71,16.84,16.49
03/04/2026,16.83,"27,684,970",16.88,16.9,16.64
03/03/2026,16.75,"24,787,000",16.65,16.98,16.495
03/02/2026,16.97,"18,965,550",16.585,17.095,16.415
02/27/2026,16.8,"39,296,110",17.27,17.35,16.495
02/26/2026,17.54,"19,498,620",17.37,17.73,17.32
02/25/2026,17.28,"23,954,280",17.2,17.42,17.05
02/24/2026,17.02,"27,065,690",17.1,17.21,16.84
02/23/2026,17.08,"24,767,750",17.97,18.13,17.01
02/20/2026,18.01,"25,391,300",17.85,18.03,17.585
02/19/2026,17.85,"23,422,630",17.71,17.855,17.555
02/18/2026,17.89,"27,278,240",17.51,17.93,17.48
02/17/2026,17.47,"30,405,850",17.29,17.505,17.15
02/13/2026,17.26,"21,208,060",17.21,17.39,17.065
02/12/2026,17.33,"37,721,220",18.09,18.215,17.175
02/11/2026,17.93,"35,687,600",18.6,18.735,17.765
02/10/2026,18.57,"45,280,160",18.52,19.006,18.245
02/09/2026,19.0,"17,333,410",19.15,19.26,19.0
02/06/2026,19.27,"30,188,900",19.24,19.455,19.18
02/05/2026,19.02,"38,614,270",18.92,19.13,18.72
02/04/2026,19.02,"69,191,670",18.58,19.19,18.55
02/03/2026,18.39,"53,854,280",17.88,18.485,17.84
02/02/2026,17.88,"47,527,200",17.36,17.94,17.265
01/30/2026,17.48,"211,994,500",17.31,17.64,17.12
01/29/2026,17.29,"35,403,540",17.195,17.325,16.945
01/28/2026,17.06,"42,270,470",17.46,17.47,16.815
01/27/2026,17.43,"23,037,810",17.41,17.55,17.27
01/26/2026,17.34,"34,643,560",17.34,17.53,17.16
01/23/2026,17.35,"46,836,600",17.5,17.84,17.335
01/22/2026,17.64,"87,086,490",18.3,18.43,17.615
01/21/2026,18.77,"42,494,150",18.06,18.91,18.06
01/20/2026,17.99,"34,619,070",17.735,18.15,17.72
01/16/2026,18.02,"23,386,760",17.915,18.11,17.82
01/15/2026,17.95,"29,481,770",17.72,18.12,17.69
01/14/2026,17.68,"26,110,460",17.43,17.71,17.31
01/13/2026,17.5,"28,747,820",17.94,18.0,17.48
01/12/2026,17.9,"28,621,650",18.14,18.15,17.74
01/09/2026,18.24,"29,643,600",18.45,18.57,18.21
01/08/2026,18.47,"29,565,360",18.05,18.62,18.01
01/07/2026,18.14,"26,985,050",18.3,18.33,17.985
01/06/2026,18.3,"27,274,920",17.88,18.35,17.85
01/05/2026,17.88,"19,140,410",17.41,18.1,17.41
01/02/2026,17.48,"17,730,390",17.38,17.595,17.135
12/31/2025,17.35,"9,261,101",17.51,17.55,17.32
12/30/2025,17.47,"9,632,444",17.57,17.595,17.445
12/29/2025,17.58,"12,656,440",17.74,17.77,17.55
12/26/2025,17.74,"7,733,473",17.74,17.7899,17.67
12/24/2025,17.74,"6,904,619",17.75,17.82,17.675
12/23/2025,17.73,"16,424,580",17.92,17.9375,17.71
12/22/2025,17.92,"15,278,830",17.69,17.9499,17.66
12/19/2025,17.69,"29,942,450",17.55,17.74,17.53
12/18/2025,17.59,"23,821,020",17.69,17.84,17.51
12/17/2025,17.75,"23,967,890",17.675,17.905,17.66
12/16/2025,17.63,"24,112,010",17.775,17.775,17.47
12/15/2025,17.74,"24,793,820",17.97,18.035,17.65
12/12/2025,17.82,"21,631,280",18.0,18.0,17.69
12/11/2025,17.91,"24,359,840",17.5,18.01,17.5
12/10/2025,17.56,"37,663,710",17.07,17.58,16.9
12/09/2025,16.99,"31,683,710",16.94,17.22,16.92
12/08/2025,16.94,"22,433,200",16.945,17.01,16.805
12/05/2025,16.9,"25,173,250",16.985,17.05,16.86
12/04/2025,17.1,"22,713,490",17.04,17.1684,16.975
12/03/2025,17.04,"27,795,870",16.57,17.06,16.55
12/02/2025,16.56,"29,186,020",16.605,16.67,16.425
12/01/2025,16.54,"27,810,130",16.19,16.58,16.16
11/28/2025,16.3,"14,181,420",16.32,16.35,16.19
11/26/2025,16.27,"33,297,880",16.13,16.37,16.13
11/25/2025,16.18,"47,994,390",16.01,16.21,15.97
11/24/2025,15.91,"25,969,760",15.89,16.025,15.78
11/21/2025,15.88,"33,189,690",15.37,16.045,15.37
11/20/2025,15.32,"29,636,910",15.435,15.685,15.2701
11/19/2025,15.38,"31,578,540",15.35,15.48,15.24
11/18/2025,15.35,"26,499,930",15.21,15.49,15.14
11/17/2025,15.3,"30,170,260",15.69,15.7301,15.22
11/14/2025,15.73,"23,315,320",15.65,15.7899,15.52
11/13/2025,15.71,"25,657,730",15.85,15.99,15.67
11/12/2025,15.95,"22,198,920",15.87,16.13,15.84
11/11/2025,15.82,"23,926,040",15.84,15.95,15.715
11/10/2025,15.81,"20,031,220",15.74,15.89,15.65
11/07/2025,15.69,"27,999,050",15.385,15.69,15.3099
11/06/2025,15.42,"23,875,870",15.28,15.5,15.22
11/05/2025,15.29,"26,636,790",15.31,15.45,15.175
11/04/2025,15.27,"22,667,910",15.29,15.37,15.09
11/03/2025,15.37,"21,827,140",15.38,15.4,15.1701
10/31/2025,15.44,"23,143,190",15.25,15.47,15.135
10/30/2025,15.32,"33,092,320",15.14,15.5,15.11
10/29/2025,15.16,"49,576,630",15.47,15.53,15.05
10/28/2025,15.54,"61,710,350",15.6,15.73,15.37
10/27/2025,15.64,"123,965,700",15.52,15.81,15.4
10/24/2025,16.07,"15,350,910",16.07,16.165,15.97
10/23/2025,15.86,"19,553,790",15.92,15.975,15.78
10/22/2025,15.87,"25,895,600",15.9,16.01,15.8
10/21/2025,15.94,"29,783,650",15.9,16.05,15.78
10/20/2025,15.84,"28,011,130",15.8,15.87,15.6
10/17/2025,15.5,"76,956,280",15.63,15.725,15.24
10/16/2025,15.37,"50,243,650",16.16,16.17,15.29
10/15/2025,16.21,"29,714,380",16.445,16.445,16.12
10/14/2025,16.34,"26,377,750",15.845,16.46,15.77
10/13/2025,15.9,"25,619,680",15.86,15.97,15.6403
10/10/2025,15.6,"32,618,370",16.37,16.39,15.58
10/09/2025,16.34,"34,151,110",16.43,16.51,16.3
10/08/2025,16.34,"35,560,810",16.79,16.82,16.32
10/07/2025,16.76,"34,678,930",16.82,17.04,16.74
10/06/2025,16.71,"42,630,150",17.29,17.54,16.68
10/03/2025,17.21,"26,767,810",17.12,17.32,17.08
10/02/2025,17.04,"26,172,780",17.04,17.13,16.8901
10/01/2025,17.04,"30,339,130",17.27,17.3,17.03
09/30/2025,17.27,"33,471,860",17.36,17.515,16.96
09/29/2025,17.35,"33,740,340",17.5,17.52,17.17
09/26/2025,17.42,"25,778,510",17.44,17.565,17.3
09/25/2025,17.32,"25,231,560",17.28,17.43,17.1638
09/24/2025,17.37,"26,007,170",17.37,17.5,17.23
09/23/2025,17.35,"25,576,460",17.36,17.65,17.3
09/22/2025,17.33,"21,664,700",17.64,17.71,17.3
09/19/2025,17.72,"36,152,300",17.9,17.93,17.71
09/18/2025,17.87,"32,520,410",17.62,17.9,17.47
09/17/2025,17.54,"27,999,620",17.31,17.8,17.27
09/16/2025,17.43,"26,061,090",17.62,17.62,17.2
09/15/2025,17.63,"27,325,180",17.79,17.86,17.6
09/12/2025,17.77,"21,711,230",17.69,17.85,17.64
09/11/2025,17.74,"27,603,270",17.7,17.77,17.539
09/10/2025,17.66,"27,277,580",17.66,17.77,17.55
09/09/2025,17.64,"24,654,480",17.69,17.865,17.54
09/08/2025,17.73,"33,323,590",17.68,17.75,17.39
09/05/2025,17.63,"34,893,510",17.91,18.03,17.43
09/04/2025,17.88,"36,002,600",17.76,17.905,17.6245
09/03/2025,17.61,"24,904,670",17.68,17.89,17.415
09/02/2025,17.68,"30,110,060",17.62,17.73,17.45
08/29/2025,17.81,"22,951,870",17.79,17.92,17.71
08/28/2025,17.8,"20,291,760",17.89,17.9,17.69
08/27/2025,17.8,"26,237,650",17.48,17.865,17.44
08/26/2025,17.49,"24,211,400",17.21,17.51,17.21
08/25/2025,17.29,"23,336,910",17.3,17.38,17.2
08/22/2025,17.36,"30,878,780",16.76,17.42,16.73
08/21/2025,16.66,"18,912,630",16.78,16.79,16.6
08/20/2025,16.8,"28,478,050",16.64,16.845,16.505
08/19/2025,16.62,"20,767,620",16.64,16.825,16.57
08/18/2025,16.68,"20,797,570",16.52,16.69,16.4503
08/15/2025,16.57,"21,072,960",16.81,16.85,16.57
08/14/2025,16.81,"21,390,780",16.6,16.82,16.4701
08/13/2025,16.72,"23,074,960",16.53,16.74,16.4735
08/12/2025,16.47,"32,252,540",16.18,16.49,16.1
08/11/2025,16.01,"24,015,380",16.15,16.23,15.98
08/08/2025,16.09,"18,516,360",16.05,16.14,15.87
08/07/2025,15.87,"23,780,860",16.24,16.24,15.82
08/06/2025,16.04,"28,253,870",16.215,16.24,16.02
08/05/2025,16.2,"29,461,710",16.28,16.33,15.925
08/04/2025,16.27,"32,869,910",16.12,16.32,16.06
08/01/2025,16.04,"41,446,880",16.14,16.16,15.7215
07/31/2025,16.43,"44,658,230",16.515,16.62,16.395
07/30/2025,16.58,"36,710,650",16.77,17.02,16.4942
07/29/2025,16.75,"36,365,610",16.715,16.85,16.69
07/28/2025,16.64,"29,412,230",16.84,16.8698,16.58
07/25/2025,16.84,"47,061,000",16.66,16.9,16.48
07/24/2025,16.64,"42,543,300",16.81,16.95,16.61
07/23/2025,16.82,"38,911,780",16.74,16.87,16.63
07/22/2025,16.655,"45,456,690",16.78,16.88,16.62
07/21/2025,16.81,"38,442,130",16.74,17.14,16.74
07/18/2025,16.71,"50,169,300",16.92,17.03,16.36
07/17/2025,16.98,"54,834,510",16.56,17.03,16.5
07/16/2025,16.64,"39,867,020",16.65,16.7,16.38
07/15/2025,16.56,"64,082,170",17.11,17.115,16.525
07/14/2025,17.07,"69,030,610",16.97,17.39,16.76
07/11/2025,17.39,"19,466,730",17.38,17.51,17.26
07/10/2025,17.56,"18,219,430",17.43,17.65,17.39
07/09/2025,17.42,"20,821,360",17.595,17.635,17.35
07/08/2025,17.48,"25,220,970",17.59,17.61,17.4542
07/07/2025,17.54,"33,536,720",17.5,17.73,17.38
07/03/2025,17.54,"21,797,660",17.7,17.75,17.51
07/02/2025,17.4,"31,339,880",17.235,17.425,17.11
07/01/2025,17.18,"48,629,300",16.75,17.2699,16.69
06/30/2025,16.76,"31,096,760",16.71,16.84,16.66
06/27/2025,16.6,"36,525,380",16.65,16.75,16.53
06/26/2025,16.64,"32,823,390",16.36,16.67,16.34
06/25/2025,16.28,"20,382,980",16.3,16.3,16.12
06/24/2025,16.26,"26,672,480",16.2,16.44,16.16
06/23/2025,16.07,"22,795,420",15.81,16.09,15.68
06/20/2025,15.84,"27,454,190",15.9,15.91,15.76
06/18/2025,15.73,"23,511,420",15.49,15.82,15.45
06/17/2025,15.48,"26,823,840",15.41,15.62,15.38
06/16/2025,15.7,"22,833,370",15.74,15.8,15.565
06/13/2025,15.51,"36,224,950",15.755,15.7999,15.47
06/12/2025,15.96,"31,621,240",16.0,16.03,15.83
06/11/2025,16.09,"51,741,670",16.52,16.56,16.03
06/10/2025,16.31,"32,376,880",16.2,16.405,16.165
06/09/2025,16.23,"28,886,570",16.265,16.41,16.185
06/06/2025,16.22,"30,776,010",15.99,16.24,15.91
06/05/2025,15.74,"26,121,810",15.74,15.84,15.59
06/04/2025,15.74,"19,170,740",15.86,15.99,15.72
06/03/2025,15.91,"21,317,850",15.56,15.94,15.49
06/02/2025,15.58,"19,174,500",15.56,15.6,15.26
05/30/2025,15.63,"25,570,600",15.64,15.69,15.5
05/29/2025,15.72,"27,628,310",15.63,15.72,15.52
05/28/2025,15.56,"21,952,590",15.73,15.77,15.54
05/27/2025,15.76,"23,907,440",15.51,15.76,15.395
05/23/2025,15.32,"25,782,910",15.09,15.42,15.06
05/22/2025,15.43,"28,810,850",15.28,15.57,15.24
05/21/2025,15.32,"24,551,630",15.84,15.87,15.29
05/20/2025,15.94,"15,163,650",16.11,16.11,15.89
05/19/2025,16.12,"20,177,820",16.0,16.18,15.96
05/16/2025,16.18,"15,203,010",16.06,16.23,16.002
05/15/2025,16.1,"22,728,650",16.13,16.15,15.9418
05/14/2025,16.09,"21,160,050",16.07,16.149,15.9801
05/13/2025,16.09,"21,061,130",15.97,16.17,15.88
05/12/2025,15.93,"25,726,850",15.9,16.17,15.87
05/09/2025,15.22,"18,130,470",15.25,15.31,15.1401
05/08/2025,15.22,"20,118,430",15.17,15.35,15.09
05/07/2025,14.96,"15,068,890",14.95,15.11,14.865
05/06/2025,14.88,"19,384,100",14.83,15.02,14.785
05/05/2025,15.02,"12,857,090",14.94,15.25,14.895
05/02/2025,15.08,"18,090,810",14.845,15.13,14.8
05/01/2025,14.62,"14,989,940",14.48,14.76,14.42
04/30/2025,14.53,"18,423,460",14.32,14.58,14.19
04/29/2025,14.64,"13,693,920",14.51,14.68,14.39
04/28/2025,14.58,"15,511,350",14.5,14.63,14.4001
04/25/2025,14.4,"17,839,820",14.44,14.56,14.34
04/24/2025,14.55,"16,491,570",14.15,14.58,14.09
04/23/2025,14.18,"20,643,270",14.26,14.68,14.0701
04/22/2025,13.93,"21,022,740",13.67,13.96,13.6
04/21/2025,13.47,"22,120,120",13.58,13.64,13.36
04/17/2025,13.67,"31,069,240",13.72,13.96,13.54
04/16/2025,13.27,"26,341,450",13.28,13.49,13.1
04/15/2025,13.4,"14,988,340",13.255,13.63,13.22
04/14/2025,13.15,"16,374,690",13.12,13.26,12.96
04/11/2025,12.89,"23,058,930",12.75,13.02,12.48
04/10/2025,12.89,"28,774,860",13.33,13.4051,12.42
04/09/2025,13.71,"31,308,820",12.3,13.96,12.08
04/08/2025,12.49,"25,512,940",13.2,13.375,12.28
04/07/2025,12.71,"37,023,120",12.12,13.145,11.915
04/04/2025,12.6,"28,688,600",12.81,12.945,12.13
04/03/2025,13.46,"31,270,170",14.46,14.5,13.445
04/02/2025,15.21,"16,516,290",14.77,15.23,14.72
04/01/2025,14.95,"20,382,640",15.03,15.05,14.66
03/31/2025,15.01,"18,673,370",14.64,15.07,14.49
03/28/2025,14.79,"12,853,840",15.06,15.2,14.72
03/27/2025,15.12,"15,863,150",15.27,15.3499,15.05
03/26/2025,15.26,"14,669,140",15.385,15.55,15.16
03/25/2025,15.32,"17,941,480",15.35,15.46,15.24
03/24/2025,15.35,"15,981,940",15.24,15.4,15.11
03/21/2025,15.02,"99,686,600",14.8,15.0699,14.74
03/20/2025,14.95,"21,910,120",14.8,15.115,14.7801
03/19/2025,14.97,"20,505,480",14.79,15.1,14.725
03/18/2025,14.76,"23,168,340",14.69,14.8,14.55
03/17/2025,14.9,"23,104,070",14.67,14.9799,14.64
03/14/2025,14.75,"27,473,480",14.36,14.77,14.36
03/13/2025,14.28,"18,992,740",14.61,14.67,14.26
03/12/2025,14.55,"24,303,420",14.64,14.71,14.37
03/11/2025,14.4,"36,965,780",14.62,14.72,14.24
03/10/2025,14.64,"28,774,450",14.87,14.91,14.41
03/07/2025,15.14,"25,519,160",15.19,15.19,14.69
03/06/2025,15.13,"24,456,210",15.26,15.26,14.955
03/05/2025,15.38,"29,043,890",15.43,15.615,15.175
03/04/2025,15.51,"28,823,260",15.94,15.9977,15.23
03/03/2025,16.19,"18,883,370",16.55,16.71,16.04
02/28/2025,16.47,"31,047,950",16.3,16.51,16.22
02/27/2025,16.21,"24,769,660",16.12,16.37,16.05
02/26/2025,16.06,"25,799,090",15.92,16.22,15.87
02/25/2025,15.81,"28,245,290",16.14,16.25,15.6706
02/24/2025,16.02,"21,010,820",16.32,16.32,15.895
02/21/2025,16.15,"32,919,110",16.5,16.535,16.105
02/20/2025,16.42,"19,214,520",16.82,16.89,16.335
02/19/2025,16.83,"16,145,910",16.715,16.925,16.64
02/18/2025,16.89,"21,197,150",16.74,16.93,16.66
02/14/2025,16.73,"15,881,880",16.69,16.885,16.67
02/13/2025,16.61,"18,831,400",16.615,16.66,16.3701
02/12/2025,16.59,"14,263,460",16.67,16.715,16.55
02/11/2025,16.86,"18,785,250",16.65,16.865,16.52
02/10/2025,16.73,"17,997,600",16.95,16.98,16.655
02/07/2025,16.92,"15,234,240",17.18,17.23,16.8348
02/06/2025,17.16,"26,516,050",17.0,17.18,16.71
02/05/2025,16.92,"21,298,720",16.97,17.0,16.72
02/04/2025,16.87,"20,783,550",16.86,17.1,16.83
02/03/2025,16.84,"21,739,050",16.75,16.985,16.48
01/31/2025,17.2,"17,460,340",17.31,17.41,17.12
01/30/2025,17.39,"18,943,960",17.34,17.54,17.24
01/29/2025,17.17,"25,421,750",17.23,17.44,17.04
01/28/2025,17.23,"22,737,230",17.13,17.33,17.05
01/27/2025,17.17,"21,200,210",17.2,17.345,17.09
01/24/2025,17.2,"20,478,660",16.87,17.4,16.84
01/23/2025,16.9,"14,379,940",16.83,17.04,16.83
01/22/2025,16.86,"16,915,120",17.0,17.1,16.73
01/21/2025,17.1,"22,133,740",17.055,17.23,16.9
01/17/2025,17.01,"31,298,750",17.0,17.0599,16.625
01/16/2025,16.84,"23,142,550",16.86,17.04,16.66
01/15/2025,17.04,"21,982,990",17.09,17.14,16.89
01/14/2025,16.59,"18,637,150",16.4,16.7,16.295
01/13/2025,16.22,"16,176,910",15.98,16.23,15.93
01/10/2025,16.02,"16,406,470",16.41,16.41,15.87
01/08/2025,16.43,"15,744,340",16.47,16.53,16.28
01/07/2025,16.55,"12,545,470",16.66,16.765,16.39
01/06/2025,16.53,"14,773,110",16.54,16.905,16.47
01/03/2025,16.45,"14,845,870",16.27,16.475,16.01
01/02/2025,16.24,"20,048,580",16.4,16.525,16.1601
12/31/2024,16.27,"12,261,660",16.36,16.4899,16.24
12/30/2024,16.33,"14,343,490",16.26,16.41,16.11
12/27/2024,16.38,"14,480,370",16.44,16.59,16.3
12/26/2024,16.52,"5,177,867",16.39,16.555,16.27
12/24/2024,16.46,"5,068,128",16.29,16.48,16.235
12/23/2024,16.28,"13,192,530",16.32,16.38,16.135
12/20/2024,16.32,"42,161,070",15.865,16.46,15.83
12/19/2024,15.91,"18,751,150",16.18,16.355,15.88
12/18/2024,15.91,"21,514,750",16.89,16.91,15.875
12/17/2024,16.94,"12,484,650",17.185,17.205,16.84
12/16/2024,17.26,"14,531,690",17.22,17.3,17.1
12/13/2024,17.17,"12,838,140",17.17,17.235,16.985
12/12/2024,17.17,"10,671,900",17.46,17.47,17.17
12/11/2024,17.39,"16,226,750",17.41,17.52,17.29
12/10/2024,17.24,"12,640,590",17.35,17.48,17.18
12/09/2024,17.28,"13,151,640",17.61,17.67,17.255
12/06/2024,17.61,"11,142,680",17.72,17.85,17.54
12/05/2024,17.7,"12,806,630",17.68,17.96,17.615
12/04/2024,17.6,"13,718,210",17.69,17.775,17.42
12/03/2024,17.63,"8,979,073",17.78,17.82,17.49
12/02/2024,17.78,"8,984,287",18.05,18.085,17.74
11/29/2024,18.01,"6,349,220",18.01,18.125,17.88
11/27/2024,18.0,"9,001,501",18.24,18.33,18.0
11/26/2024,18.14,"9,103,325",18.21,18.27,18.07
11/25/2024,18.2,"16,560,000",18.03,18.445,18.02
11/22/2024,17.89,"15,157,590",17.63,17.98,17.57
11/21/2024,17.62,"21,905,790",17.51,17.825,17.4
11/20/2024,17.47,"11,108,440",17.52,17.63,17.3601
11/19/2024,17.54,"11,448,920",17.5,17.74,17.45
11/18/2024,17.8,"11,043,280",17.69,17.86,17.65
11/15/2024,17.69,"16,154,710",17.63,17.8461,17.44
11/14/2024,17.53,"15,466,400",17.58,17.625,17.3927
11/13/2024,17.54,"13,395,620",17.7,17.97,17.52
11/12/2024,17.64,"12,821,920",17.71,17.81,17.48
11/11/2024,17.75,"15,684,920",17.56,17.85,17.49
11/08/2024,17.29,"15,612,770",17.49,17.5,17.15
11/07/2024,17.38,"31,831,880",17.25,17.54,17.16
11/06/2024,17.52,"39,308,150",16.74,17.53,16.65
11/05/2024,15.54,"11,029,600",15.46,15.665,15.37
11/04/2024,15.4,"11,634,120",15.45,15.48,15.25
11/01/2024,15.48,"11,727,270",15.63,15.81,15.465
10/31/2024,15.59,"11,764,520",15.75,15.835,15.58
10/30/2024,15.74,"8,539,140",15.55,15.99,15.55
10/29/2024,15.62,"9,288,535",15.63,15.765,15.58
10/28/2024,15.77,"9,512,474",15.52,15.81,15.461
10/25/2024,15.38,"8,416,378",15.71,15.73,15.33
10/24/2024,15.56,"10,002,040",15.65,15.65,15.445
10/23/2024,15.54,"10,153,180",15.51,15.615,15.39
10/22/2024,15.54,"16,926,250",15.25,15.56,15.22
10/21/2024,15.27,"15,114,370",15.36,15.595,15.2
10/18/2024,15.36,"19,315,790",15.58,15.62,15.25
10/17/2024,15.43,"23,922,680",15.56,15.72,15.28
10/16/2024,15.84,"16,845,910",15.72,15.94,15.665
10/15/2024,15.59,"19,917,340",15.69,16.035,15.495
10/14/2024,15.52,"10,818,860",15.4,15.58,15.26
10/11/2024,15.39,"16,242,150",15.05,15.43,15.04
10/10/2024,14.96,"11,656,580",14.91,15.02,14.84
10/09/2024,14.94,"8,819,952",14.76,14.99,14.7
10/08/2024,14.73,"13,091,550",14.7,14.835,14.65
10/07/2024,14.64,"12,114,380",14.55,14.725,14.52
10/04/2024,14.62,"12,711,630",14.44,14.655,14.375
10/03/2024,14.17,"9,318,819",14.12,14.1885,14.01
10/02/2024,14.21,"12,499,800",14.305,14.48,14.16
10/01/2024,14.32,"11,465,040",14.61,14.61,14.16
09/30/2024,14.7,"8,470,069",14.66,14.775,14.54
09/27/2024,14.64,"8,275,332",14.6,14.77,14.51
09/26/2024,14.56,"9,869,034",14.56,14.62,14.385
09/25/2024,14.37,"10,524,000",14.51,14.54,14.35
09/24/2024,14.51,"9,361,836",14.6,14.69,14.42
09/23/2024,14.6,"11,437,610",14.9,14.935,14.6
09/20/2024,14.86,"25,316,590",14.9,14.95,14.7501
09/19/2024,14.96,"22,086,430",14.85,15.0,14.725
09/18/2024,14.56,"15,076,820",14.57,14.9,14.485
09/17/2024,14.57,"9,570,676",14.59,14.78,14.485
09/16/2024,14.64,"11,588,360",14.43,14.67,14.43
09/13/2024,14.38,"10,897,380",14.24,14.43,14.22
09/12/2024,14.2,"8,603,597",14.28,14.335,14.08
09/11/2024,14.22,"12,968,460",14.12,14.24,13.81
09/10/2024,14.29,"13,674,350",14.68,14.71,14.05
09/09/2024,14.66,"19,941,440",14.405,14.845,14.4
09/06/2024,14.31,"17,387,060",14.68,14.79,14.205
09/05/2024,14.65,"14,882,850",14.84,14.92,14.55
09/04/2024,14.73,"12,095,270",14.75,14.86,14.65
09/03/2024,14.78,"9,446,748",14.94,14.995,14.69
08/30/2024,14.97,"10,088,400",14.87,14.98,14.7801
08/29/2024,14.79,"7,670,861",14.7,14.9,14.48
08/28/2024,14.64,"9,565,528",14.55,14.76,14.5201
08/27/2024,14.59,"8,851,578",14.56,14.655,14.4838
08/26/2024,14.61,"9,251,777",14.7,14.77,14.525
08/23/2024,14.63,"16,863,820",14.33,14.74,14.275
08/22/2024,14.22,"13,898,110",13.95,14.24,13.88
08/21/2024,13.94,"9,364,708",13.94,13.98,13.81
08/20/2024,13.9,"9,429,514",13.95,13.99,13.88
08/19/2024,14.03,"11,596,890",13.85,14.05,13.85
08/16/2024,13.9,"10,559,550",13.75,13.94,13.73
08/15/2024,13.77,"9,898,545",13.72,13.93,13.69
08/14/2024,13.48,"11,700,060",13.5,13.55,13.41
08/13/2024,13.48,"9,301,294",13.44,13.5,13.29
08/12/2024,13.38,"12,159,060",13.72,13.889,13.335
08/09/2024,13.61,"11,691,010",13.47,13.695,13.42
08/08/2024,13.49,"10,704,160",13.4,13.54,13.37
08/07/2024,13.25,"13,326,200",13.54,13.77,13.24
08/06/2024,13.41,"15,353,250",13.29,13.58,13.18
08/05/2024,13.28,"24,220,220",13.43,13.43,12.98
08/02/2024,13.75,"19,146,480",14.12,14.13,13.54
08/01/2024,14.37,"14,076,100",14.94,14.98,14.32
07/31/2024,14.95,"17,677,760",15.17,15.21,14.94
07/30/2024,15.15,"14,489,490",15.055,15.21,15.04
07/29/2024,15.02,"14,338,760",15.17,15.19,14.974
07/26/2024,15.13,"17,412,330",14.96,15.18,14.96
07/25/2024,15.06,"17,741,710",14.98,15.245,14.87
07/24/2024,14.92,"22,373,210",15.07,15.18,14.89
07/23/2024,15.07,"14,437,850",15.0,15.21,14.96
07/22/2024,15.01,"23,466,490",14.87,15.08,14.73
07/19/2024,14.86,"29,332,490",14.79,14.985,14.495
07/18/2024,14.3,"21,235,590",14.26,14.65,14.25
07/17/2024,14.44,"19,483,360",14.1,14.5,14.1
07/16/2024,14.27,"22,748,770",13.74,14.3,13.69
07/15/2024,13.73,"15,561,050",13.76,13.84,13.62
07/12/2024,13.54,"15,681,990",13.45,13.64,13.35
07/11/2024,13.46,"28,661,030",13.135,13.56,13.06
07/10/2024,13.07,"26,142,570",12.93,13.09,12.89
07/09/2024,12.97,"39,860,480",12.87,13.13,12.84
07/08/2024,12.99,"20,457,790",12.95,13.06,12.815
07/05/2024,12.84,"14,547,710",13.06,13.06,12.7914
07/03/2024,13.04,"8,233,085",13.24,13.27,13.04
07/02/2024,13.21,"14,769,500",13.06,13.22,13.02
07/01/2024,13.16,"23,794,970",13.15,13.37,13.12
06/28/2024,13.18,"30,708,850",12.9,13.255,12.88
06/27/2024,12.78,"15,930,900",12.65,12.83,12.61
06/26/2024,12.71,"15,380,540",12.67,12.745,12.57
06/25/2024,12.75,"20,259,750",12.95,13.03,12.73
06/24/2024,12.98,"23,586,800",12.67,13.07,12.58
06/21/2024,12.63,"27,287,140",12.56,12.655,12.41
06/20/2024,12.52,"19,254,780",12.43,12.55,12.37
06/18/2024,12.46,"20,529,820",12.39,12.56,12.3417
06/17/2024,12.39,"20,062,250",12.21,12.41,12.135
06/14/2024,12.37,"27,766,960",12.05,12.4,12.05
06/13/2024,12.34,"17,172,320",12.31,12.38,12.19
06/12/2024,12.44,"30,518,690",12.63,12.7599,12.365
06/11/2024,12.35,"24,371,810",12.49,12.53,12.29
06/10/2024,12.58,"51,959,760",13.06,13.085,12.48
06/07/2024,13.4,"10,301,900",13.25,13.5,13.25
06/06/2024,13.38,"9,471,005",13.41,13.54,13.35
06/05/2024,13.43,"8,730,728",13.57,13.57,13.3801
06/04/2024,13.48,"12,477,920",13.47,13.715,13.43
06/03/2024,13.67,"18,831,750",13.99,14.0001,13.5014
05/31/2024,13.92,"18,857,240",13.75,13.97,13.65
05/30/2024,13.66,"14,967,590",13.61,13.71,13.46
05/29/2024,13.47,"10,421,440",13.465,13.5,13.28
05/28/2024,13.66,"10,961,110",14.1,14.1,13.59
05/24/2024,13.74,"8,929,129",13.64,13.74,13.6013
05/23/2024,13.58,"12,008,690",13.965,13.98,13.545
05/22/2024,13.92,"7,932,811",14.06,14.12,13.9
05/21/2024,14.15,"9,381,764",14.015,14.17,13.96
05/20/2024,14.01,"8,486,918",14.25,14.26,14.0
05/17/2024,14.21,"10,345,860",14.22,14.27,14.14
05/16/2024,14.17,"8,668,389",14.24,14.295,14.15
05/15/2024,14.26,"12,860,700",14.19,14.29,14.15
05/14/2024,14.08,"10,094,130",14.035,14.135,13.97
05/13/2024,13.96,"7,901,178",14.06,14.165,13.96
05/10/2024,14.06,"11,707,540",14.05,14.1,13.96
05/09/2024,14.02,"9,441,524",14.02,14.1,13.965
05/08/2024,14.05,"15,169,280",13.76,14.08,13.75
05/07/2024,13.85,"10,018,000",13.98,14.03,13.84
05/06/2024,13.92,"8,719,744",13.93,13.96,13.8
05/03/2024,13.8,"9,181,550",13.8,13.96,13.785
05/02/2024,13.67,"12,260,680",13.775,13.79,13.5401
05/01/2024,13.65,"17,799,030",13.5,13.88,13.48
04/30/2024,13.47,"15,679,440",13.45,13.61,13.42
04/29/2024,13.57,"9,977,618",13.51,13.685,13.51
04/26/2024,13.55,"12,209,160",13.5,13.71,13.5
04/25/2024,13.58,"14,602,750",13.69,13.78,13.47
04/24/2024,13.76,"12,659,510",13.59,13.785,13.46
04/23/2024,13.63,"17,517,220",13.54,13.715,13.435
04/22/2024,13.53,"22,916,250",13.3,13.555,13.29
04/19/2024,13.28,"39,981,450",13.0,13.44,12.8
04/18/2024,13.18,"20,297,180",13.18,13.33,13.1
04/17/2024,13.15,"16,753,260",13.18,13.265,12.99
04/16/2024,13.04,"18,832,870",13.19,13.24,12.925
04/15/2024,13.26,"14,881,490",13.41,13.615,13.145
04/12/2024,13.31,"12,959,870",13.4,13.44,13.27
04/11/2024,13.49,"18,114,080",13.57,13.58,13.25
04/10/2024,13.58,"25,115,590",13.79,13.81,13.46
04/09/2024,14.04,"11,352,850",14.05,14.07,13.86
04/08/2024,14.01,"18,810,620",13.96,14.06,13.83
04/05/2024,13.6,"14,381,920",13.45,13.63,13.4
04/04/2024,13.52,"13,552,000",13.8,13.94,13.485
04/03/2024,13.61,"13,336,240",13.6,13.855,13.55
04/02/2024,13.6,"16,840,980",13.68,13.72,13.545
04/01/2024,13.73,"14,086,060",13.95,13.97,13.7
03/28/2024,13.95,"15,288,090",13.79,13.97,13.78
03/27/2024,13.79,"13,108,150",13.35,13.8,13.35
03/26/2024,13.34,"9,172,161",13.38,13.46,13.33
03/25/2024,13.37,"10,506,970",13.31,13.515,13.29
03/22/2024,13.31,"11,865,870",13.65,13.74,13.3
03/21/2024,13.61,"15,040,240",13.375,13.61,13.335
03/20/2024,13.32,"14,183,750",12.95,13.38,12.89
03/19/2024,13.0,"12,492,920",12.99,13.07,12.96
03/18/2024,13.02,"12,120,410",12.99,13.075,12.87
03/15/2024,13.05,"55,706,010",12.78,13.13,12.78
03/14/2024,13.06,"16,601,350",13.3,13.42,12.97
03/13/2024,13.44,"18,189,810",13.41,13.55,13.3642
03/12/2024,13.44,"11,758,620",13.49,13.5,13.35
03/11/2024,13.46,"12,576,950",13.45,13.535,13.36
03/08/2024,13.5,"17,524,700",13.64,13.675,13.485
03/07/2024,13.53,"24,055,310",13.7,13.74,13.46
03/06/2024,13.55,"31,375,780",13.61,13.66,13.34
03/05/2024,13.66,"20,047,520",13.34,13.7697,13.33
03/04/2024,13.36,"24,610,570",13.05,13.5,13.05
03/01/2024,12.95,"20,580,870",12.91,12.975,12.685
02/29/2024,13.04,"18,259,490",13.1,13.14,12.9
02/28/2024,12.9,"13,304,850",12.88,13.03,12.87
02/27/2024,13.02,"16,196,600",12.86,13.02,12.83
02/26/2024,12.78,"12,264,180",12.86,12.92,12.664
02/23/2024,12.86,"10,812,700",12.87,12.95,12.78
02/22/2024,12.86,"15,841,900",12.94,13.065,12.82
02/21/2024,12.87,"15,789,090",12.74,12.93,12.62
02/20/2024,12.76,"16,990,920",12.68,12.92,12.68
02/16/2024,12.87,"15,977,260",12.77,13.0,12.67
02/15/2024,12.84,"18,364,100",12.78,13.06,12.75
02/14/2024,12.72,"23,336,530",12.61,12.74,12.53
02/13/2024,12.34,"26,226,920",12.43,12.45,12.175
02/12/2024,12.66,"14,163,190",12.47,12.81,12.435
02/09/2024,12.41,"14,115,660",12.35,12.475,12.19
02/08/2024,12.32,"11,406,670",12.24,12.37,12.15
02/07/2024,12.35,"16,753,340",12.49,12.515,12.13
02/06/2024,12.37,"17,535,350",12.4,12.51,12.245
02/05/2024,12.4,"16,493,140",12.43,12.495,12.3
02/02/2024,12.59,"24,041,500",12.31,12.67,12.21
02/01/2024,12.46,"34,530,950",12.74,12.81,12.07
01/31/2024,12.73,"21,259,060",12.73,13.07,12.66
01/30/2024,13.12,"11,897,100",13.12,13.19,13.07
01/29/2024,13.13,"10,520,170",13.01,13.13,12.93
01/26/2024,13.05,"15,555,360",12.94,13.08,12.92
01/25/2024,12.94,"13,956,430",13.24,13.24,12.81
01/24/2024,13.08,"22,341,570",12.84,13.15,12.8
01/23/2024,12.76,"15,234,380",13.0,13.04,12.73
01/22/2024,12.93,"26,669,960",12.83,12.94,12.72
01/19/2024,12.72,"26,535,060",12.25,12.74,12.24
01/18/2024,12.24,"20,212,860",12.28,12.345,12.02
01/17/2024,12.24,"16,654,310",12.11,12.34,12.05
01/16/2024,12.25,"17,497,200",12.41,12.43,12.2
01/12/2024,12.52,"16,912,020",12.74,12.81,12.41
01/11/2024,12.72,"17,967,990",12.81,12.855,12.47
01/10/2024,12.93,"13,202,800",12.86,12.94,12.77
01/09/2024,12.9,"11,741,060",12.94,13.0,12.89
01/08/2024,13.09,"12,198,510",12.95,13.09,12.835
01/05/2024,13.0,"24,066,570",12.68,13.16,12.67
01/04/2024,12.73,"16,532,410",12.5,12.78,12.48
01/03/2024,12.52,"19,125,490",12.8,12.81,12.48
01/02/2024,12.86,"16,621,950",12.7,12.97,12.64
12/29/2023,12.72,"18,676,960",12.77,12.81,12.695
12/28/2023,12.81,"8,090,667",12.79,12.85,12.765
12/27/2023,12.8,"13,942,350",12.75,12.855,12.645
12/26/2023,12.83,"12,775,930",12.67,12.865,12.6
12/22/2023,12.66,"11,808,100",12.74,12.81,12.575
12/21/2023,12.64,"19,480,820",12.59,12.69,12.4923
12/20/2023,12.47,"18,022,700",12.76,12.88,12.47
12/19/2023,12.78,"19,502,330",12.7,12.835,12.615
12/18/2023,12.69,"16,982,350",12.99,13.0,12.68
12/15/2023,12.86,"33,169,400",12.98,13.215,12.78
12/14/2023,13.18,"41,934,190",12.67,13.24,12.67
12/13/2023,12.33,"20,124,730",11.83,12.35,11.775
12/12/2023,11.85,"12,797,860",11.96,11.9791,11.82
12/11/2023,11.95,"10,608,500",11.97,12.07,11.92
12/08/2023,11.99,"15,732,340",11.87,12.045,11.81
12/07/2023,11.86,"19,977,720",11.75,11.92,11.68
12/06/2023,11.7,"13,314,290",11.73,11.925,11.69
12/05/2023,11.64,"11,801,730",11.74,11.785,11.575
12/04/2023,11.78,"17,012,790",11.65,11.86,11.62
12/01/2023,11.74,"21,443,050",11.25,11.74,11.205
11/30/2023,11.26,"20,167,990",11.18,11.36,11.1
11/29/2023,11.13,"22,493,350",11.0,11.28,10.97
11/28/2023,10.91,"13,339,680",10.8,10.92,10.73
11/27/2023,10.8,"9,539,308",10.8,10.85,10.73
11/24/2023,10.88,"4,313,859",10.91,10.95,10.82
11/22/2023,10.87,"6,418,881",10.98,11.01,10.79
11/21/2023,10.9,"9,713,057",11.0,11.02,10.83
11/20/2023,11.07,"11,756,720",11.05,11.11,10.91
11/17/2023,11.08,"9,397,044",11.09,11.11,10.92
11/16/2023,10.91,"11,669,750",11.0,11.045,10.82
11/15/2023,11.0,"13,393,260",10.83,11.04,10.83
11/14/2023,10.82,"17,548,340",10.6,10.965,10.55
11/13/2023,10.23,"8,712,847",10.19,10.29,10.1
11/10/2023,10.27,"9,981,990",10.24,10.29,10.115
11/09/2023,10.19,"12,306,090",10.38,10.44,10.14
11/08/2023,10.36,"9,085,636",10.46,10.47,10.33
11/07/2023,10.44,"9,800,059",10.46,10.52,10.38
11/06/2023,10.5,"10,244,890",10.64,10.69,10.4
11/03/2023,10.62,"21,301,020",10.53,10.8,10.53
11/02/2023,10.34,"27,559,460",9.75,10.37,9.75
11/01/2023,9.63,"15,943,290",9.61,9.68,9.515
10/31/2023,9.65,"12,410,110",9.56,9.66,9.49
10/30/2023,9.56,"15,344,980",9.59,9.65,9.425
10/27/2023,9.44,"14,504,420",9.69,9.7,9.3519
10/26/2023,9.71,"14,788,120",9.5,9.77,9.445
10/25/2023,9.47,"25,825,380",9.45,9.52,9.25
10/24/2023,9.53,"18,227,040",9.62,9.695,9.44
10/23/2023,9.57,"20,505,570",9.68,9.83,9.57
10/20/2023,9.64,"29,537,380",9.62,9.9699,9.41
10/19/2023,10.03,"16,990,800",10.1,10.3,10.01
10/18/2023,10.11,"19,147,470",10.28,10.3301,10.05
10/17/2023,10.38,"12,099,670",10.13,10.47,10.05
10/16/2023,10.18,"11,311,690",10.07,10.19,10.005
10/13/2023,9.95,"17,412,230",10.12,10.17,9.92
10/12/2023,10.03,"16,563,090",10.17,10.175,9.935
10/11/2023,10.16,"19,482,340",10.25,10.415,10.08
10/10/2023,10.24,"14,069,770",10.19,10.39,10.135
10/09/2023,10.07,"11,724,930",9.96,10.15,9.935
10/06/2023,10.12,"17,153,290",9.94,10.18,9.84
10/05/2023,10.03,"21,903,200",9.83,10.06,9.78
10/04/2023,9.89,"9,576,982",9.85,9.91,9.72
10/03/2023,9.85,"10,998,580",9.98,10.0,9.79
10/02/2023,10.03,"13,651,760",10.4,10.47,9.98
09/29/2023,10.4,"12,991,210",10.29,10.52,10.275
09/28/2023,10.21,"16,940,020",10.17,10.32,10.13
09/27/2023,10.12,"10,595,610",10.21,10.26,10.04
09/26/2023,10.22,"12,385,780",10.29,10.42,10.185
09/25/2023,10.41,"8,930,919",10.3,10.43,10.2793
09/22/2023,10.31,"10,812,310",10.41,10.42,10.25
09/21/2023,10.39,"12,166,820",10.42,10.585,10.31
09/20/2023,10.5,"10,811,880",10.69,10.75,10.485
09/19/2023,10.57,"10,483,490",10.61,10.65,10.5
09/18/2023,10.59,"9,506,368",10.66,10.68,10.54
09/15/2023,10.7,"23,889,620",10.61,10.75,10.505
09/14/2023,10.86,"17,098,020",10.8,10.96,10.78
09/13/2023,10.66,"16,084,510",11.04,11.095,10.61
09/12/2023,10.95,"17,197,920",10.78,10.98,10.66
09/11/2023,10.75,"16,199,970",10.99,11.07,10.72
09/08/2023,10.87,"17,559,700",10.71,10.9375,10.585
09/07/2023,10.69,"21,316,690",10.86,10.995,10.63
09/06/2023,10.92,"12,687,110",11.08,11.09,10.84
09/05/2023,11.16,"11,247,350",11.17,11.35,11.15
09/01/2023,11.22,"9,462,527",11.2,11.325,11.18
08/31/2023,11.09,"10,468,480",11.06,11.18,11.005
08/30/2023,11.0,"11,357,020",11.12,11.14,10.99
08/29/2023,11.14,"7,232,422",11.0,11.18,10.93
08/28/2023,11.02,"6,119,527",10.94,11.09,10.89
08/25/2023,10.85,"8,754,918",10.95,11.05,10.78
08/24/2023,10.95,"7,921,931",10.82,11.07,10.82
08/23/2023,10.89,"8,981,437",10.64,10.9,10.59
08/22/2023,10.65,"12,406,810",11.1,11.17,10.65
08/21/2023,11.14,"8,330,234",11.16,11.22,11.0
08/18/2023,11.14,"8,409,656",11.1,11.26,11.03
08/17/2023,11.24,"9,389,610",11.34,11.42,11.22
08/16/2023,11.33,"19,119,880",11.27,11.39,11.21
08/15/2023,11.3,"10,999,450",11.5,11.54,11.2615
08/14/2023,11.7,"8,796,715",11.87,11.9,11.67
08/11/2023,12.0,"8,735,590",11.9,12.05,11.88
08/10/2023,11.96,"9,731,440",11.92,12.035,11.88
08/09/2023,11.9,"10,629,580",11.86,12.02,11.78
08/08/2023,12.0,"15,697,310",12.05,12.05,11.67
08/07/2023,12.27,"6,957,122",12.19,12.355,12.18
08/04/2023,12.19,"9,197,237",12.18,12.3283,12.09
08/03/2023,12.21,"10,419,140",12.03,12.2399,11.93
08/02/2023,12.06,"12,918,160",12.12,12.15,11.88
08/01/2023,12.24,"13,153,540",12.21,12.28,12.08
07/31/2023,12.24,"21,869,360",12.19,12.29,12.11
07/28/2023,12.17,"10,304,240",12.1,12.26,12.041
07/27/2023,12.0,"12,330,710",12.23,12.29,11.97
07/26/2023,12.17,"10,866,470",12.19,12.32,12.09
07/25/2023,11.97,"15,519,420",12.28,12.3,11.93
07/24/2023,12.11,"14,733,640",11.85,12.22,11.83
07/21/2023,11.78,"18,557,940",11.95,12.01,11.6
07/20/2023,11.86,"19,897,710",11.87,11.9,11.64
07/19/2023,11.88,"17,346,270",11.65,11.92,11.59
07/18/2023,11.65,"10,156,460",11.34,11.69,11.28
07/17/2023,11.4,"8,884,054",11.2,11.42,11.1796
07/14/2023,11.25,"16,241,900",11.48,11.48,11.1523
07/13/2023,11.34,"9,524,318",11.16,11.39,11.125
07/12/2023,11.15,"14,471,760",11.2,11.34,11.075
07/11/2023,11.03,"9,507,119",10.9,11.055,10.83
07/10/2023,10.84,"13,061,490",10.82,10.97,10.79
07/07/2023,10.89,"14,061,630",10.65,11.0,10.65
07/06/2023,10.67,"13,314,320",10.67,10.68,10.45
07/05/2023,10.79,"10,132,310",10.79,10.9,10.73
07/03/2023,10.94,"6,413,363",10.85,11.06,10.8
06/30/2023,10.78,"11,015,650",10.86,10.9,10.71
06/29/2023,10.79,"11,253,060",10.71,10.875,10.66
06/28/2023,10.55,"11,647,860",10.49,10.575,10.36
06/27/2023,10.54,"8,574,103",10.35,10.6,10.26
06/26/2023,10.35,"9,015,556",10.29,10.475,10.25
06/23/2023,10.21,"13,095,310",10.16,10.28,10.12
06/22/2023,10.31,"14,779,390",10.63,10.63,10.265
06/21/2023,10.64,"9,865,938",10.68,10.76,10.61
06/20/2023,10.72,"12,446,620",10.85,10.87,10.62
06/16/2023,10.92,"25,616,440",10.91,10.97,10.7292
06/15/2023,10.89,"15,633,170",10.635,10.93,10.56
06/14/2023,10.83,"26,056,640",11.24,11.35,10.73
06/13/2023,11.24,"24,021,270",10.9,11.34,10.85
06/12/2023,10.96,"18,713,730",10.95,11.33,10.8
06/09/2023,10.95,"11,070,460",11.18,11.21,10.9
06/08/2023,11.2,"13,123,740",11.375,11.4099,11.07
06/07/2023,11.42,"15,133,960",11.33,11.49,11.145
06/06/2023,11.27,"14,275,560",10.71,11.3,10.67
06/05/2023,10.77,"13,727,930",10.955,10.98,10.555
06/02/2023,10.89,"13,302,970",10.755,10.95,10.63
06/01/2023,10.46,"10,527,080",10.39,10.64,10.22
05/31/2023,10.31,"19,825,470",10.52,10.55,10.24
05/30/2023,10.63,"10,769,670",10.55,10.66,10.36
05/26/2023,10.52,"8,904,289",10.42,10.53,10.28
05/25/2023,10.42,"10,914,460",10.22,10.44,10.2
05/24/2023,10.36,"9,415,128",10.39,10.5,10.29
05/23/2023,10.53,"13,371,020",10.57,10.85,10.53
05/22/2023,10.53,"12,161,170",10.26,10.56,10.14
05/19/2023,10.17,"14,660,440",10.31,10.36,10.005
05/18/2023,10.23,"17,851,340",10.02,10.24,9.9
05/17/2023,10.04,"14,795,160",9.69,10.08,9.665
05/16/2023,9.48,"12,307,780",9.71,9.72,9.48
05/15/2023,9.56,"14,622,380",9.29,9.58,9.26
05/12/2023,9.28,"14,216,600",9.35,9.37,9.1301
05/11/2023,9.28,"18,104,100",9.34,9.52,9.225
05/10/2023,9.58,"17,353,920",9.94,9.99,9.46
05/09/2023,9.8,"13,079,900",9.65,9.83,9.53
05/08/2023,9.75,"13,031,610",10.08,10.16,9.7
05/05/2023,9.85,"28,418,270",9.86,9.96,9.52
05/04/2023,9.44,"45,813,330",9.78,9.79,9.21
05/03/2023,10.07,"17,779,690",10.4,10.52,10.04
05/02/2023,10.3,"26,016,450",10.93,10.9301,10.08
05/01/2023,10.99,"14,412,630",11.21,11.245,10.95
04/28/2023,11.2,"17,237,710",11.1,11.365,11.05
04/27/2023,11.15,"10,426,320",10.92,11.21,10.88
04/26/2023,10.83,"16,139,330",10.9,11.06,10.72
04/25/2023,10.94,"18,822,180",11.0,11.16,10.805
04/24/2023,11.2,"14,696,930",11.45,11.465,11.17
04/21/2023,11.44,"13,493,210",11.59,11.59,11.375
04/20/2023,11.63,"15,658,820",11.9,12.04,11.5
04/19/2023,11.84,"15,951,880",11.65,11.89,11.47
04/18/2023,11.6,"18,141,030",11.73,11.7399,11.49
04/17/2023,11.71,"16,107,220",11.49,11.745,11.14
04/14/2023,11.41,"13,932,830",11.56,11.58,11.28
04/13/2023,11.33,"14,317,410",11.3,11.45,11.12
04/12/2023,11.32,"14,995,220",11.44,11.5572,11.27
04/11/2023,11.4,"10,479,430",11.3,11.5,11.27
04/10/2023,11.3,"16,774,180",11.1,11.48,11.0304
04/06/2023,11.19,"14,406,060",11.15,11.3366,11.02
04/05/2023,11.04,"16,483,140",10.76,11.09,10.71
04/04/2023,10.98,"17,010,630",11.23,11.25,10.73
04/03/2023,11.17,"17,960,930",11.27,11.385,11.0
03/31/2023,11.2,"15,360,470",11.26,11.3,11.03
03/30/2023,11.14,"15,931,150",11.51,11.525,11.07
03/29/2023,11.34,"14,239,520",11.25,11.36,11.18
03/28/2023,11.12,"14,751,740",11.11,11.235,10.94
03/27/2023,11.115,"24,809,580",11.19,11.42,10.96
03/24/2023,10.78,"21,347,550",10.51,10.82,10.408
03/23/2023,10.68,"38,668,640",10.75,11.07,10.62
03/22/2023,10.66,"25,851,990",11.22,11.22,10.62
03/21/2023,11.24,"34,061,940",11.11,11.32,10.9
03/20/2023,10.64,"30,271,010",10.575,10.89,10.45
03/17/2023,10.34,"80,446,720",10.62,10.7,10.25
03/16/2023,11.13,"47,795,410",10.75,11.26,10.1
03/15/2023,10.85,"71,165,730",10.68,10.86,9.94
03/14/2023,11.05,"67,471,570",13.02,13.28,10.7
03/13/2023,11.12,"79,742,790",11.96,11.96,10.56
03/10/2023,13.37,"43,247,690",13.24,13.68,12.66
03/09/2023,13.74,"20,986,230",14.27,14.36,13.72
03/08/2023,14.44,"17,392,840",14.46,14.57,14.37
03/07/2023,14.45,"18,582,470",15.13,15.13,14.41
03/06/2023,15.18,"11,530,850",15.24,15.36,15.12
03/03/2023,15.22,"14,027,360",15.03,15.25,14.9
03/02/2023,14.97,"11,210,110",15.18,15.205,14.785
03/01/2023,15.3,"11,757,660",15.31,15.3599,15.13
02/28/2023,15.32,"14,643,160",15.34,15.41,15.27
02/27/2023,15.31,"10,134,930",15.44,15.54,15.27
02/24/2023,15.29,"10,727,690",14.97,15.31,14.905
02/23/2023,15.09,"9,539,601",15.01,15.13,14.9
02/22/2023,14.93,"15,023,130",15.01,15.065,14.86
02/21/2023,15.03,"10,887,670",15.34,15.36,14.95
02/17/2023,15.4,"12,383,950",15.37,15.43,15.13
02/16/2023,15.34,"8,596,468",15.27,15.42,15.185
02/15/2023,15.41,"8,182,623",15.22,15.44,15.18
02/14/2023,15.35,"9,903,875",15.36,15.4145,15.16
02/13/2023,15.38,"8,589,133",15.17,15.42,15.15
02/10/2023,15.23,"7,695,809",15.21,15.28,15.1
02/09/2023,15.26,"10,169,070",15.5,15.5291,15.19
02/08/2023,15.44,"9,641,142",15.45,15.59,15.39
02/07/2023,15.57,"12,364,880",15.34,15.62,15.29
02/06/2023,15.36,"9,787,971",15.36,15.4,15.25
02/03/2023,15.45,"12,975,890",15.395,15.57,15.345
02/02/2023,15.5,"16,912,910",15.3,15.6,15.15
02/01/2023,15.22,"16,821,280",15.0,15.37,14.93
01/31/2023,15.17,"29,536,640",14.83,15.195,14.75
01/30/2023,14.84,"9,498,986",14.94,15.02,14.83
01/27/2023,15.01,"11,921,760",14.915,15.06,14.9
01/26/2023,14.92,"11,508,670",14.89,14.95,14.78
01/25/2023,14.75,"13,122,520",14.61,14.75,14.4601
01/24/2023,14.68,"11,088,560",14.76,14.8176,14.585
01/23/2023,14.74,"20,103,770",14.18,14.755,14.115
01/20/2023,14.11,"24,914,210",14.17,14.445,13.75
01/19/2023,14.02,"24,312,540",13.95,14.13,13.781
01/18/2023,14.07,"16,754,180",14.41,14.49,14.05
01/17/2023,14.5,"17,971,680",14.54,14.58,14.41
01/13/2023,14.58,"18,410,900",14.49,14.6,14.13
01/12/2023,14.65,"10,520,620",14.6,14.74,14.55
01/11/2023,14.57,"11,205,880",14.48,14.575,14.38
01/10/2023,14.47,"9,339,181",14.41,14.52,14.35
01/09/2023,14.41,"12,233,840",14.63,14.63,14.38
01/06/2023,14.6,"12,433,600",14.34,14.63,14.27
01/05/2023,14.26,"11,069,760",14.27,14.325,14.1
01/04/2023,14.36,"12,374,250",14.25,14.45,14.2
01/03/2023,14.1,"13,366,820",14.29,14.32,13.99
12/30/2022,14.1,"9,323,505",14.06,14.19,13.985
12/29/2022,14.14,"8,330,159",14.02,14.16,13.965
12/28/2022,13.98,"6,880,005",14.04,14.1,13.95
12/27/2022,14.04,"6,714,789",14.1,14.11,13.9601
12/23/2022,14.05,"9,062,814",13.95,14.06,13.88
12/22/2022,13.91,"10,250,230",13.945,13.96,13.65
12/21/2022,14.0,"10,552,180",13.935,14.045,13.9
12/20/2022,13.78,"12,853,660",13.76,13.87,13.69
12/19/2022,13.69,"12,309,100",13.66,13.83,13.58
12/16/2022,13.65,"34,659,340",13.51,13.68,13.43
12/15/2022,13.74,"17,831,350",13.78,13.815,13.61
12/14/2022,13.93,"28,774,200",14.24,14.29,13.86
12/13/2022,14.21,"36,456,030",14.62,14.76,14.08
12/12/2022,14.61,"16,965,870",14.57,14.63,14.38
12/09/2022,14.55,"13,963,310",14.6,14.705,14.54
12/08/2022,14.62,"16,459,020",14.73,14.79,14.54
12/07/2022,14.67,"23,331,490",14.6,15.01,14.56
12/06/2022,14.68,"16,716,210",14.84,14.97,14.505
12/05/2022,14.89,"14,730,490",15.53,15.54,14.8
12/02/2022,15.46,"14,368,070",15.4,15.5,15.3099
12/01/2022,15.59,"17,218,140",15.46,15.74,15.295
11/30/2022,15.48,"22,373,890",15.32,15.52,14.87
11/29/2022,15.3,"11,858,440",15.13,15.34,15.07
11/28/2022,15.05,"10,432,020",15.13,15.205,14.99
11/25/2022,15.24,"4,746,441",15.16,15.39,15.155
11/23/2022,15.17,"6,720,644",15.09,15.23,15.07
11/22/2022,15.15,"7,873,996",15.04,15.185,14.99
11/21/2022,14.94,"7,490,562",14.86,15.01,14.85
11/18/2022,14.89,"9,665,158",15.02,15.08,14.79
11/17/2022,14.78,"11,747,230",14.74,14.86,14.64
11/16/2022,14.9,"12,180,250",15.09,15.14,14.89
11/15/2022,15.1,"19,620,020",15.12,15.24,14.92
11/14/2022,14.96,"16,890,240",14.95,15.14,14.89
11/11/2022,14.97,"22,359,800",15.26,15.38,14.84
11/10/2022,15.18,"29,785,600",15.46,15.55,15.045
11/09/2022,14.98,"18,651,600",15.35,15.37,14.95
11/08/2022,15.48,"14,151,300",15.44,15.59,15.345
11/07/2022,15.5,"13,719,300",15.46,15.56,15.3537
11/04/2022,15.38,"16,228,670",15.11,15.395,15.04
11/03/2022,14.92,"13,878,430",14.86,15.08,14.64
11/02/2022,14.98,"16,340,540",15.2,15.45,14.97
11/01/2022,15.28,"10,520,950",15.3,15.37,15.205
10/31/2022,15.18,"17,297,080",15.01,15.32,14.99
10/28/2022,15.11,"14,443,300",15.04,15.125,14.925
10/27/2022,14.9,"15,781,310",15.04,15.17,14.87
10/26/2022,14.91,"14,198,740",14.91,15.05,14.85
10/25/2022,14.84,"19,309,770",14.735,14.92,14.605
10/24/2022,14.85,"33,352,990",14.6,15.005,14.54
10/21/2022,14.45,"41,221,460",13.51,14.51,13.51
10/20/2022,13.2,"23,522,350",13.63,13.75,13.095
10/19/2022,13.62,"19,879,790",14.0,14.12,13.57
10/18/2022,14.11,"22,121,900",14.09,14.32,13.91
10/17/2022,13.85,"17,564,030",13.81,14.1,13.6701
10/14/2022,13.67,"27,258,170",14.01,14.25,13.6204
10/13/2022,13.89,"30,246,010",12.87,13.92,12.77
10/12/2022,13.03,"14,409,000",13.07,13.17,12.95
10/11/2022,13.08,"16,984,610",13.13,13.28,13.0
10/10/2022,13.23,"17,346,450",13.3,13.375,13.08
10/07/2022,13.21,"21,667,290",13.49,13.505,13.14
10/06/2022,13.6,"22,501,150",13.65,13.775,13.515
10/05/2022,13.72,"24,549,190",13.74,13.88,13.585
10/04/2022,13.95,"30,663,420",13.71,14.05,13.64
10/03/2022,13.47,"20,244,580",13.33,13.545,13.12
09/30/2022,13.18,"16,952,700",13.17,13.465,13.1
09/29/2022,13.17,"18,323,230",13.07,13.245,12.9
09/28/2022,13.27,"18,674,590",12.87,13.345,12.825
09/27/2022,12.86,"21,535,300",13.015,13.185,12.7
09/26/2022,13.01,"21,225,180",13.07,13.25,12.89
09/23/2022,13.19,"23,118,900",13.25,13.285,12.9
09/22/2022,13.41,"21,893,110",13.75,13.82,13.35
09/21/2022,13.72,"18,911,310",13.98,14.16,13.72
09/20/2022,13.9,"18,028,550",13.885,14.01,13.81
09/19/2022,14.03,"20,260,070",13.56,14.085,13.51
09/16/2022,13.71,"37,161,030",13.93,13.96,13.605
09/15/2022,14.26,"28,496,560",13.96,14.4172,13.92
09/14/2022,13.87,"17,437,120",14.07,14.12,13.72
09/13/2022,14.02,"22,500,950",14.14,14.355,13.98
09/12/2022,14.46,"19,089,480",14.22,14.58,14.2
09/09/2022,14.14,"15,002,200",14.19,14.28,14.09
09/08/2022,14.14,"21,315,130",13.47,14.16,13.42
09/07/2022,13.55,"12,405,110",13.12,13.6,13.08
09/06/2022,13.17,"20,313,590",13.41,13.44,12.96
09/02/2022,13.32,"13,879,420",13.55,13.685,13.23
09/01/2022,13.37,"13,193,930",13.36,13.4,13.05
08/31/2022,13.4,"19,214,090",13.41,13.55,13.345
08/30/2022,13.39,"10,047,780",13.49,13.55,13.32
08/29/2022,13.47,"8,928,242",13.56,13.58,13.35
08/26/2022,13.64,"9,266,676",14.13,14.15,13.64
08/25/2022,14.01,"9,672,023",13.78,14.0299,13.74
08/24/2022,13.74,"9,006,220",13.64,13.8278,13.62
08/23/2022,13.72,"10,715,410",13.75,13.87,13.7
08/22/2022,13.71,"11,709,770",13.835,13.86,13.67
08/19/2022,14.08,"10,961,970",14.23,14.26,13.98
08/18/2022,14.33,"7,477,709",14.37,14.379,14.21
08/17/2022,14.33,"9,275,512",14.31,14.38,14.2
08/16/2022,14.47,"7,031,212",14.35,14.55,14.31
08/15/2022,14.36,"6,076,041",14.21,14.4,14.13
08/12/2022,14.35,"7,707,306",14.31,14.365,14.145
08/11/2022,14.19,"12,779,390",14.06,14.35,14.06
08/10/2022,13.96,"12,067,610",13.78,14.06,13.75
08/09/2022,13.58,"8,350,570",13.5,13.58,13.39
08/08/2022,13.46,"8,352,532",13.48,13.63,13.41
08/05/2022,13.45,"9,234,603",13.33,13.58,13.26
08/04/2022,13.32,"9,957,339",13.42,13.43,13.29
08/03/2022,13.39,"9,362,565",13.29,13.45,13.19
08/02/2022,13.21,"9,812,927",13.36,13.36,13.095
08/01/2022,13.35,"10,542,000",13.2,13.37,13.0802
07/29/2022,13.29,"15,653,140",13.08,13.33,13.05
07/28/2022,13.04,"13,837,350",13.09,13.1961,12.88
07/27/2022,13.09,"7,928,725",12.9,13.17,12.845
07/26/2022,12.88,"8,288,875",13.18,13.23,12.83
07/25/2022,13.27,"9,184,644",13.155,13.31,13.01
07/22/2022,13.02,"12,271,840",13.39,13.45,12.94
07/21/2022,13.34,"20,004,710",13.05,13.485,12.82
07/20/2022,12.96,"15,176,120",12.93,13.015,12.77
07/19/2022,13.04,"12,855,100",12.77,13.09,12.75
07/18/2022,12.58,"11,293,090",12.69,12.845,12.51
07/15/2022,12.51,"12,764,110",12.09,12.58,12.035
07/14/2022,11.89,"12,813,990",11.88,11.93,11.74
07/13/2022,12.13,"15,210,570",12.3,12.3,11.92
07/12/2022,12.34,"11,522,710",12.2,12.59,12.15
07/11/2022,12.29,"8,468,311",12.16,12.37,12.09
07/08/2022,12.27,"9,446,147",12.46,12.46,12.18
07/07/2022,12.38,"9,425,199",12.27,12.42,12.255
07/06/2022,12.13,"12,583,760",12.04,12.2,11.92
07/05/2022,12.13,"13,911,090",11.87,12.13,11.685
07/01/2022,12.1,"20,518,540",11.87,12.15,11.67
06/30/2022,12.03,"16,300,770",11.935,12.22,11.77
06/29/2022,12.24,"11,418,800",12.32,12.39,12.13
06/28/2022,12.28,"10,036,550",12.56,12.65,12.27
06/27/2022,12.37,"7,184,671",12.62,12.62,12.3
06/24/2022,12.51,"14,079,050",11.99,12.52,11.96
06/23/2022,11.94,"10,933,600",12.15,12.16,11.725
06/22/2022,12.17,"10,025,240",12.02,12.23,11.94
06/21/2022,12.12,"10,190,450",12.18,12.31,12.04
06/17/2022,11.94,"26,544,480",11.88,12.15,11.85
06/16/2022,11.84,"15,281,650",12.222,12.26,11.8
06/15/2022,12.54,"19,258,700",12.5,12.77,12.35
06/14/2022,12.24,"15,460,470",12.32,12.5,12.095
06/13/2022,12.26,"19,305,510",12.13,12.4075,12.035
06/10/2022,12.45,"17,105,840",12.81,12.86,12.42
06/09/2022,13.08,"8,415,137",13.51,13.5295,13.08
06/08/2022,13.52,"7,312,226",13.65,13.65,13.46
06/07/2022,13.75,"10,826,000",13.6,13.76,13.44
06/06/2022,13.7,"9,936,062",13.71,13.9606,13.64
06/03/2022,13.59,"9,761,608",13.61,13.68,13.53
06/02/2022,13.8,"11,480,710",13.67,13.825,13.5
06/01/2022,13.59,"10,562,760",13.87,13.8999,13.37
05/31/2022,13.88,"17,286,830",13.85,14.0,13.63
05/27/2022,13.93,"6,586,836",13.82,13.93,13.765
05/26/2022,13.81,"11,114,550",13.57,13.865,13.565
05/25/2022,13.64,"8,335,442",13.43,13.72,13.38
05/24/2022,13.42,"9,667,226",13.535,13.535,13.12
05/23/2022,13.51,"12,716,820",13.33,13.665,13.19
05/20/2022,13.02,"14,067,500",13.2,13.31,12.75
05/19/2022,13.11,"16,014,870",12.97,13.27,12.97
05/18/2022,13.19,"11,413,990",13.42,13.43,13.09
05/17/2022,13.47,"11,209,190",13.16,13.48,13.16
05/16/2022,12.91,"9,985,890",13.02,13.15,12.795
05/13/2022,13.05,"11,637,230",13.01,13.17,12.905
05/12/2022,12.88,"15,671,540",12.71,12.95,12.555
05/11/2022,12.78,"12,081,650",13.12,13.36,12.77
05/10/2022,13.1,"17,119,850",13.25,13.385,12.71
05/09/2022,13.16,"10,334,010",13.21,13.33,13.03
05/06/2022,13.35,"11,571,910",13.59,13.62,13.2
05/05/2022,13.61,"12,933,980",13.8,13.81,13.36
05/04/2022,13.9,"13,541,150",13.51,13.91,13.4
05/03/2022,13.49,"14,721,870",13.39,13.61,13.245
05/02/2022,13.26,"20,108,040",13.22,13.37,12.98
04/29/2022,13.15,"19,427,460",13.58,13.705,13.12
04/28/2022,13.58,"13,683,000",13.64,13.7,13.38
04/27/2022,13.5,"14,194,600",13.58,13.66,13.39
04/26/2022,13.57,"14,514,290",13.71,14.045,13.57
04/25/2022,13.9,"18,895,890",13.84,13.93,13.49
04/22/2022,13.76,"17,257,030",14.345,14.345,13.735
04/21/2022,14.1,"24,289,970",14.5,14.905,14.06
04/20/2022,14.24,"19,033,910",14.185,14.5,14.135
04/19/2022,14.07,"16,990,250",13.7,14.08,13.57
04/18/2022,13.52,"9,989,020",13.29,13.57,13.27
04/14/2022,13.36,"10,599,110",13.42,13.58,13.301
04/13/2022,13.44,"12,387,420",13.35,13.48,13.26
04/12/2022,13.47,"12,205,750",13.84,13.95,13.38
04/11/2022,13.8,"13,312,720",13.8,14.16,13.73
04/08/2022,13.8,"11,862,790",13.81,13.99,13.71
04/07/2022,13.85,"16,652,630",14.09,14.2,13.615
04/06/2022,14.11,"13,351,090",14.25,14.3423,14.0737
04/05/2022,14.37,"8,254,270",14.35,14.6259,14.34
04/04/2022,14.44,"9,498,081",14.42,14.56,14.14
04/01/2022,14.44,"12,519,320",14.83,14.9,14.35
03/31/2022,14.62,"10,430,860",14.87,14.98,14.61
03/30/2022,14.89,"7,932,213",15.31,15.36,14.79
03/29/2022,15.33,"7,172,264",15.37,15.44,15.125
03/28/2022,15.09,"6,239,233",15.26,15.26,14.8391
03/25/2022,15.35,"5,816,952",15.14,15.41,15.11
03/24/2022,15.14,"8,385,536",15.05,15.21,14.915
03/23/2022,14.99,"6,619,456",15.29,15.39,14.955
03/22/2022,15.42,"9,284,772",15.32,15.58,15.24
03/21/2022,15.08,"7,589,223",15.28,15.44,14.945
03/18/2022,15.12,"21,424,660",15.09,15.24,14.825
03/17/2022,15.19,"10,356,090",15.14,15.24,14.81
03/16/2022,15.43,"16,581,430",15.17,15.43,15.14
03/15/2022,14.97,"9,501,587",15.13,15.25,14.745
03/14/2022,15.04,"12,256,730",14.98,15.3,14.87
03/11/2022,14.72,"13,213,830",14.74,15.03,14.68
03/10/2022,14.61,"10,312,190",14.48,14.7,14.39
03/09/2022,14.71,"10,998,070",14.61,14.87,14.545
03/08/2022,14.19,"14,249,470",14.39,14.65,13.98
03/07/2022,14.09,"17,039,680",14.61,14.73,14.08
03/04/2022,14.76,"14,149,280",14.71,14.83,14.51
03/03/2022,15.08,"8,297,392",15.09,15.21,14.82
03/02/2022,15.09,"11,989,330",14.56,15.19,14.55
03/01/2022,14.39,"26,745,040",15.3,15.38,14.13
02/28/2022,15.52,"17,393,430",15.12,15.55,15.1
02/25/2022,15.57,"16,817,930",15.11,15.69,14.98
02/24/2022,14.96,"18,710,760",14.745,15.01,14.38
02/23/2022,15.3,"10,860,330",15.92,16.035,15.26
02/22/2022,15.83,"10,043,720",15.76,15.97,15.66
02/18/2022,15.85,"10,190,580",15.8,16.01,15.75
02/17/2022,15.87,"13,662,180",16.0,16.13,15.8142
02/16/2022,16.19,"6,522,339",16.05,16.4,16.05
02/15/2022,16.21,"6,002,184",15.95,16.26,15.8899
02/14/2022,15.7,"11,140,580",15.93,16.07,15.555
02/11/2022,15.92,"11,462,430",15.89,16.29,15.8
02/10/2022,16.05,"13,317,190",16.205,16.51,15.98
02/09/2022,16.14,"7,063,276",16.31,16.38,16.13
02/08/2022,16.3,"9,847,226",16.02,16.33,15.92
02/07/2022,15.83,"6,914,249",15.85,15.99,15.695
02/04/2022,15.83,"8,448,773",15.47,15.97,15.47
02/03/2022,15.57,"9,105,705",15.82,16.0,15.555
02/02/2022,15.81,"11,443,680",15.5,15.85,15.39
02/01/2022,15.56,"19,833,160",15.07,15.61,14.99
01/31/2022,15.06,"20,704,790",14.93,15.21,14.71
01/28/2022,15.18,"12,132,220",15.01,15.19,14.76
01/27/2022,15.06,"14,740,420",15.7,15.775,14.98
01/26/2022,15.43,"17,027,250",15.73,15.76,15.165
01/25/2022,15.52,"17,131,180",15.495,15.71,15.01
01/24/2022,15.64,"24,478,430",15.09,15.68,14.75
01/21/2022,15.18,"33,069,640",15.86,15.93,14.91
01/20/2022,16.68,"18,531,630",17.03,17.315,16.63
01/19/2022,17.11,"16,133,040",17.47,17.56,17.09
01/18/2022,17.45,"14,130,470",17.71,17.79,17.31
01/14/2022,17.63,"17,087,790",17.08,17.64,16.995
01/13/2022,17.33,"12,630,970",17.24,17.44,17.14
01/12/2022,17.09,"10,962,010",17.01,17.15,16.91
01/11/2022,17.01,"14,773,590",16.99,17.0899,16.76
01/10/2022,17.03,"15,487,040",17.35,17.47,16.84
01/07/2022,17.22,"11,697,790",17.0,17.34,16.95
01/06/2022,17.03,"12,749,030",16.7,17.06,16.595
01/05/2022,16.42,"11,826,400",16.5,16.7,16.41
01/04/2022,16.4,"10,338,170",15.94,16.5,15.94
01/03/2022,15.8,"10,812,480",15.5,15.98,15.49
12/31/2021,15.42,"5,027,952",15.39,15.5,15.36
12/30/2021,15.43,"4,614,800",15.44,15.645,15.41
12/29/2021,15.43,"5,322,217",15.43,15.535,15.335
12/28/2021,15.42,"4,542,947",15.34,15.5,15.305
12/27/2021,15.4,"4,493,442",15.26,15.41,15.12
12/23/2021,15.26,"6,460,021",15.25,15.44,15.21
12/22/2021,15.12,"5,892,278",15.06,15.185,14.93
12/21/2021,15.07,"8,914,769",14.75,15.12,14.72
12/20/2021,14.54,"11,741,020",14.71,14.83,14.245
12/17/2021,14.88,"25,775,530",15.28,15.37,14.75
12/16/2021,15.38,"12,740,540",15.39,15.68,15.27
12/15/2021,15.38,"15,788,390",15.33,15.535,15.065
12/14/2021,15.21,"15,309,580",14.96,15.31,14.92
12/13/2021,14.92,"8,402,404",15.19,15.24,14.84
12/10/2021,15.27,"8,025,472",15.55,15.55,15.165
12/09/2021,15.43,"6,977,629",15.26,15.59,15.23
12/08/2021,15.42,"7,201,013",15.53,15.565,15.34
12/07/2021,15.49,"9,584,671",15.31,15.565,15.268
12/06/2021,15.25,"10,027,960",15.2,15.48,15.02
12/03/2021,14.94,"14,143,920",15.19,15.26,14.77
12/02/2021,15.23,"13,781,420",14.85,15.295,14.67
12/01/2021,14.66,"13,513,030",15.28,15.425,14.66
11/30/2021,14.84,"18,227,470",15.145,15.21,14.81
11/29/2021,15.37,"9,690,470",15.63,15.74,15.225
11/26/2021,15.37,"10,727,220",15.8172,15.8378,15.23
11/24/2021,16.35,"5,322,771",16.4,16.525,16.25
11/23/2021,16.4,"8,232,826",16.33,16.43,16.21
11/22/2021,16.2,"6,681,736",16.29,16.395,16.06
11/19/2021,16.02,"11,805,940",15.845,16.135,15.72
11/18/2021,16.17,"10,159,000",16.31,16.38,16.09
11/17/2021,16.31,"8,120,953",16.33,16.41,16.12
11/16/2021,16.49,"6,366,366",16.46,16.625,16.36
11/15/2021,16.46,"8,762,073",16.3,16.53,16.205
11/12/2021,16.25,"7,615,793",16.21,16.33,16.09
11/11/2021,16.28,"11,471,490",15.91,16.38,15.875
11/10/2021,15.89,"8,201,729",16.0,16.07,15.85
11/09/2021,15.87,"6,961,112",15.8094,15.96,15.7501
11/08/2021,15.93,"8,295,749",15.91,16.02,15.82
11/05/2021,15.85,"8,030,831",16.0,16.105,15.7
11/04/2021,15.75,"8,013,522",16.16,16.18,15.61
11/03/2021,16.21,"9,743,688",15.7,16.3,15.66
11/02/2021,15.81,"8,937,833",15.88,15.92,15.715
11/01/2021,15.95,"9,311,060",15.86,16.005,15.8
10/29/2021,15.74,"9,579,493",15.87,15.98,15.59
10/28/2021,15.92,"11,280,450",16.0,16.1,15.8
10/27/2021,15.97,"10,238,030",16.3,16.4258,15.97
10/26/2021,16.47,"7,370,063",16.67,16.69,16.45
10/25/2021,16.64,"7,088,416",16.75,16.751,16.565
10/22/2021,16.68,"7,150,385",16.58,16.8,16.555
10/21/2021,16.49,"6,319,920",16.7,16.75,16.37
10/20/2021,16.7,"10,738,430",16.25,16.73,16.21
10/19/2021,16.34,"10,502,650",16.25,16.35,16.095
10/18/2021,16.19,"9,061,404",16.09,16.375,16.02
10/15/2021,16.13,"13,847,830",16.23,16.27,15.97
10/14/2021,16.06,"10,547,250",15.96,16.09,15.76
10/13/2021,15.76,"9,193,288",15.65,15.82,15.385
10/12/2021,15.78,"9,009,734",15.76,15.83,15.585
10/11/2021,15.81,"11,090,940",16.12,16.23,15.8
10/08/2021,16.0,"14,182,800",15.975,16.16,15.8901
10/07/2021,15.97,"9,746,876",16.09,16.2,15.895
10/06/2021,15.9,"11,904,440",15.86,15.985,15.555
10/05/2021,16.04,"14,962,810",15.97,16.17,15.85
10/04/2021,15.87,"17,726,840",15.9,16.16,15.83
10/01/2021,15.86,"14,539,950",15.58,15.99,15.485
09/30/2021,15.46,"14,238,760",15.74,15.74,15.425
09/29/2021,15.67,"13,420,980",15.625,15.73,15.545
09/28/2021,15.67,"12,240,440",15.88,15.96,15.6
09/27/2021,15.8,"11,333,060",15.38,15.89,15.35
09/24/2021,15.19,"9,366,157",15.005,15.37,15.005
09/23/2021,15.11,"12,648,070",14.71,15.25,14.67
09/22/2021,14.5,"10,647,310",14.48,14.675,14.41
09/21/2021,14.25,"12,160,610",14.49,14.53,14.19
09/20/2021,14.42,"18,437,380",14.55,14.625,14.165
09/17/2021,14.95,"31,972,940",15.105,15.12,14.84
09/16/2021,15.05,"13,056,290",15.11,15.2,14.92
09/15/2021,15.18,"14,242,470",15.085,15.36,15.03
09/14/2021,15.04,"16,218,170",15.39,15.49,14.935
09/13/2021,15.43,"17,929,390",15.56,15.68,15.285
09/10/2021,15.35,"11,791,610",15.41,15.46,15.23
09/09/2021,15.34,"10,372,750",15.2,15.54,15.16
09/08/2021,15.24,"9,260,271",15.31,15.39,15.145
09/07/2021,15.3,"10,503,800",15.31,15.56,15.27
09/03/2021,15.25,"10,258,380",15.41,15.45,15.15
09/02/2021,15.36,"10,416,710",15.3,15.5,15.25
09/01/2021,15.32,"11,382,570",15.57,15.62,15.24
08/31/2021,15.53,"13,777,560",15.39,15.61,15.32
08/30/2021,15.37,"12,846,860",15.69,15.6901,15.36
08/27/2021,15.65,"10,415,240",15.4,15.6961,15.4
08/26/2021,15.4,"16,236,230",15.687,15.73,15.33
08/25/2021,15.65,"21,642,380",15.35,15.785,15.31
08/24/2021,15.3,"19,782,550",15.03,15.345,15.0
08/23/2021,15.03,"10,379,680",14.948,15.085,14.86
08/20/2021,14.76,"12,761,930",14.6,14.79,14.53
08/19/2021,14.62,"14,247,330",14.56,14.725,14.44
08/18/2021,14.71,"12,787,850",14.78,15.009,14.645
08/17/2021,14.81,"11,309,920",14.83,14.955,14.56
08/16/2021,14.96,"12,017,190",14.91,15.09,14.84
08/13/2021,15.15,"9,778,144",15.38,15.41,15.115
08/12/2021,15.32,"16,194,890",15.23,15.36,15.08
08/11/2021,15.24,"17,597,290",14.87,15.27,14.785
08/10/2021,14.87,"12,459,280",14.61,14.9,14.53
08/09/2021,14.64,"13,269,660",14.65,14.835,14.48
08/06/2021,14.72,"12,332,110",14.4359,14.9,14.4359
08/05/2021,14.41,"14,605,700",14.36,14.55,14.29
08/04/2021,14.26,"12,851,440",14.24,14.48,14.14
08/03/2021,14.45,"17,478,120",14.08,14.51,13.8
08/02/2021,14.0,"12,912,280",14.15,14.475,14.0
07/30/2021,14.08,"13,944,250",14.34,14.37,13.935
07/29/2021,14.36,"14,698,900",14.0,14.485,14.0
07/28/2021,13.99,"11,276,080",13.98,14.135,13.78
07/27/2021,13.91,"8,021,796",13.76,13.99,13.6017
07/26/2021,13.92,"7,873,448",13.93,14.08,13.815
07/23/2021,13.82,"6,192,898",13.92,14.07,13.76
07/22/2021,13.75,"9,036,083",13.95,14.05,13.68
07/21/2021,14.05,"8,135,144",13.87,14.18,13.85
07/20/2021,13.73,"13,478,770",13.19,13.89,13.07
07/19/2021,13.23,"14,894,180",13.52,13.595,13.14
07/16/2021,13.85,"10,641,200",14.32,14.34,13.8
07/15/2021,14.26,"9,070,422",13.94,14.32,13.83
07/14/2021,14.09,"17,936,740",14.15,14.34,13.85
07/13/2021,14.15,"10,957,430",14.42,14.43,14.06
07/12/2021,14.45,"11,637,850",14.07,14.495,13.91
07/09/2021,14.27,"12,219,640",14.0,14.295,13.91
07/08/2021,13.69,"14,893,520",13.73,13.9,13.475
07/07/2021,13.93,"12,002,240",13.8,14.065,13.785
07/06/2021,13.97,"14,771,340",14.34,14.38,13.87
07/02/2021,14.35,"7,801,585",14.38,14.45,14.26
07/01/2021,14.43,"10,314,350",14.33,14.5,14.255
06/30/2021,14.27,"13,812,860",14.25,14.35,14.11
06/29/2021,14.28,"12,271,800",14.46,14.55,14.17
06/28/2021,14.33,"19,084,570",14.51,14.54,14.17
06/25/2021,14.61,"26,081,750",14.29,14.64,14.225
06/24/2021,14.22,"17,950,180",13.935,14.27,13.84
06/23/2021,13.88,"16,804,650",13.84,14.035,13.835
06/22/2021,13.68,"14,986,610",13.68,13.73,13.425
06/21/2021,13.68,"22,054,450",13.37,13.72,13.305
06/18/2021,13.27,"45,662,460",13.39,13.39,13.01
06/17/2021,13.52,"27,363,410",14.47,14.5,13.51
06/16/2021,14.37,"19,252,410",14.24,14.49,14.0
06/15/2021,14.46,"18,634,430",14.42,14.57,14.255
06/14/2021,14.37,"27,862,950",14.51,14.585,14.27
06/11/2021,14.47,"23,928,190",14.57,14.67,14.45
06/10/2021,14.5,"26,453,440",15.16,15.19,14.44
06/09/2021,14.99,"22,044,190",15.1,15.19,14.94
06/08/2021,15.21,"157,402,000",15.46,15.47,15.04
06/07/2021,15.58,"15,515,540",15.73,15.75,15.49
06/04/2021,15.63,"14,762,590",15.83,15.86,15.37
06/03/2021,15.82,"17,579,010",15.88,15.955,15.75
06/02/2021,15.88,"13,406,980",16.1,16.12,15.84
06/01/2021,16.08,"19,691,940",15.97,16.19,15.955
05/28/2021,15.86,"13,175,730",15.76,15.91,15.58
05/27/2021,15.81,"37,404,800",15.69,15.86,15.64
05/26/2021,15.49,"12,188,720",15.435,15.54,15.32
05/25/2021,15.36,"9,214,662",15.62,15.86,15.34
05/24/2021,15.64,"8,890,086",15.72,15.785,15.59
05/21/2021,15.74,"13,543,760",15.56,15.81,15.54
05/20/2021,15.52,"9,475,463",15.55,15.61,15.32
05/19/2021,15.63,"13,904,660",15.66,15.66,15.275
05/18/2021,15.72,"11,193,510",15.97,16.08,15.7
05/17/2021,15.93,"9,482,374",15.78,15.97,15.72
05/14/2021,15.85,"12,707,660",15.67,15.88,15.6
05/13/2021,15.54,"17,889,390",15.11,15.64,15.07
05/12/2021,15.22,"11,253,940",15.85,15.945,15.17
05/11/2021,15.66,"12,410,060",15.68,16.0,15.6
05/10/2021,15.76,"10,389,240",15.97,16.04,15.755
05/07/2021,15.8,"7,776,837",15.38,15.82,15.3199
05/06/2021,15.72,"7,024,523",15.69,15.73,15.41
05/05/2021,15.55,"7,237,483",15.48,15.7,15.295
05/04/2021,15.48,"12,298,670",15.29,15.48,15.09
05/03/2021,15.34,"10,049,530",15.52,15.55,15.245
04/30/2021,15.32,"14,283,180",15.44,15.62,15.29
04/29/2021,15.5,"10,817,780",15.5,15.645,15.4
04/28/2021,15.3,"18,406,480",15.26,15.4,15.195
04/27/2021,15.2,"14,412,600",15.21,15.33,15.025
04/26/2021,15.2,"17,812,010",15.04,15.26,14.98
04/23/2021,14.9,"27,385,380",14.476,14.985,14.3
04/22/2021,14.46,"34,380,290",15.41,15.445,14.43
04/21/2021,15.5,"16,214,490",15.11,15.58,14.88
04/20/2021,15.17,"17,862,340",15.65,15.68,15.14
04/19/2021,15.87,"14,185,970",16.22,16.26,15.78
04/16/2021,16.18,"14,800,590",16.29,16.46,16.09
04/15/2021,16.1,"10,011,750",16.32,16.32,15.8239
04/14/2021,16.36,"8,893,903",16.134,16.535,16.07
04/13/2021,16.14,"9,654,574",16.15,16.28,15.925
04/12/2021,16.48,"7,937,264",16.309,16.5,16.29
04/09/2021,16.27,"7,019,756",16.24,16.285,16.11
04/08/2021,16.05,"8,131,453",16.0,16.135,15.76
04/07/2021,16.14,"5,795,117",16.15,16.29,16.04
04/06/2021,16.1,"9,345,440",16.02,16.13,15.88
04/05/2021,16.11,"11,603,690",16.31,16.4,15.99
04/01/2021,15.98,"8,578,948",15.76,16.025,15.64
03/31/2021,15.72,"12,258,470",15.87,16.09,15.69
03/30/2021,16.01,"8,912,622",15.8,16.115,15.8
03/29/2021,15.61,"12,719,220",15.81,15.885,15.36
03/26/2021,16.08,"10,684,860",16.02,16.165,15.77
03/25/2021,15.83,"10,758,510",15.26,15.895,15.085
03/24/2021,15.32,"12,347,690",15.65,15.85,15.305
03/23/2021,15.3,"9,590,896",15.6,15.72,15.19
03/22/2021,15.74,"11,065,870",15.97,16.178,15.55
03/19/2021,15.98,"34,951,040",16.06,16.28,15.77
03/18/2021,16.35,"12,408,560",16.33,16.91,16.265
03/17/2021,16.1,"9,454,312",16.09,16.29,15.88
03/16/2021,16.095,"10,590,790",16.34,16.35,15.91
03/15/2021,16.5,"11,314,490",16.66,16.75,16.305
03/12/2021,16.7,"13,358,810",16.62,16.76,16.48
03/11/2021,16.32,"9,002,366",16.1,16.41,16.06
03/10/2021,16.35,"9,295,833",16.06,16.41,16.01
03/09/2021,16.06,"11,249,530",16.28,16.39,15.88
03/08/2021,16.61,"10,834,650",16.39,16.83,16.27
03/05/2021,16.23,"11,112,900",16.14,16.34,15.565
03/04/2021,15.78,"15,837,310",16.21,16.38,15.485
03/03/2021,15.93,"10,601,920",15.9,16.41,15.85
03/02/2021,15.74,"9,216,002",15.77,15.98,15.72
03/01/2021,15.83,"9,398,837",15.71,15.93,15.625
02/26/2021,15.34,"16,143,500",15.53,15.643,15.1107
02/25/2021,15.7,"11,290,270",16.38,16.49,15.65
02/24/2021,16.22,"11,288,690",15.77,16.28,15.73
02/23/2021,15.72,"12,933,410",15.65,15.75,15.43
02/22/2021,15.57,"7,252,457",15.29,15.68,15.23
02/19/2021,15.3,"10,712,660",14.92,15.349,14.89
02/18/2021,14.8,"9,446,761",14.77,14.94,14.64
02/17/2021,14.97,"7,339,862",15.1,15.18,14.87
02/16/2021,15.05,"13,026,500",14.621,15.1,14.62
02/12/2021,14.45,"6,170,043",14.32,14.575,14.25
02/11/2021,14.31,"8,155,152",14.33,14.4255,14.04
02/10/2021,14.32,"7,023,979",14.31,14.525,14.2
02/09/2021,14.28,"6,489,670",14.22,14.355,14.071
02/08/2021,14.22,"8,766,025",14.24,14.2573,14.04
02/05/2021,14.07,"8,031,797",14.27,14.3057,14.03
02/04/2021,14.12,"9,082,019",13.66,14.22,13.61
02/03/2021,13.62,"10,449,990",13.55,13.7,13.44
02/02/2021,13.53,"10,087,670",13.45,13.575,13.305
02/01/2021,13.22,"12,868,230",13.27,13.31,13.02
01/29/2021,13.225,"27,765,500",13.54,13.72,13.04
01/28/2021,13.57,"13,237,320",13.41,13.7,13.32
01/27/2021,13.28,"18,681,550",13.25,13.49,13.19
01/26/2021,13.52,"12,318,070",13.6,13.72,13.3925
01/25/2021,13.48,"24,510,740",13.63,13.7,13.08
01/22/2021,13.84,"31,658,090",14.08,14.37,13.74
01/21/2021,14.51,"12,170,910",14.76,14.76,14.4733
01/20/2021,14.68,"13,577,100",14.84,14.84,14.61
01/19/2021,14.88,"10,487,930",14.82,14.94,14.625
01/15/2021,14.76,"13,518,640",14.72,14.91,14.57
01/14/2021,15.0,"11,520,750",14.99,15.12,14.85
01/13/2021,14.87,"12,601,630",14.84,14.98,14.7
01/12/2021,14.9,"10,115,750",14.81,15.06,14.69
01/11/2021,14.73,"12,087,950",14.32,14.74,14.08
01/08/2021,14.43,"12,000,080",14.4,14.5,14.185
01/07/2021,14.44,"17,605,420",14.32,14.7079,14.2
01/06/2021,14.1,"23,567,180",13.23,14.2,13.17
01/05/2021,12.84,"11,452,880",12.71,12.9371,12.6
01/04/2021,12.56,"13,977,780",12.75,12.82,12.415
12/31/2020,12.63,"8,675,353",12.52,12.68,12.43
12/30/2020,12.56,"9,731,426",12.36,12.59,12.33
12/29/2020,12.32,"11,770,930",12.46,12.465,12.26
12/28/2020,12.46,"10,554,390",12.39,12.525,12.21
12/24/2020,12.35,"4,545,227",12.51,12.51,12.16
12/23/2020,12.45,"15,787,910",12.24,12.47,12.19
12/22/2020,12.13,"11,863,130",12.317,12.435,12.11
12/21/2020,12.26,"21,485,930",12.38,12.62,12.205
12/18/2020,12.39,"28,982,520",12.34,12.43,12.115
12/17/2020,12.34,"16,954,310",12.31,12.44,12.0
12/16/2020,12.52,"13,832,950",12.6,12.65,12.385
12/15/2020,12.59,"15,842,960",12.7,12.71,12.365
12/14/2020,12.51,"36,739,560",12.9,12.95,12.15
12/11/2020,12.93,"8,445,762",12.84,13.0,12.78
12/10/2020,13.03,"8,178,218",12.75,13.05,12.63
12/09/2020,12.91,"9,150,500",12.999,13.225,12.83
12/08/2020,12.9,"8,084,324",12.83,13.045,12.81
12/07/2020,13.01,"5,532,456",13.016,13.04,12.805
12/04/2020,13.11,"8,011,254",13.08,13.2,13.02
12/03/2020,12.98,"7,935,157",12.89,13.09,12.75
12/02/2020,12.83,"9,595,406",12.38,12.88,12.31
12/01/2020,12.5,"7,614,523",12.51,12.6,12.34
11/30/2020,12.08,"12,364,220",12.4,12.515,12.045
11/27/2020,12.46,"3,931,235",12.76,12.76,12.37
11/25/2020,12.69,"7,493,397",12.7,12.8017,12.49
11/24/2020,12.93,"10,933,720",12.47,12.96,12.4
11/23/2020,12.18,"6,964,323",11.982,12.21,11.92
11/20/2020,11.75,"4,464,762",11.87,11.915,11.7
11/19/2020,11.95,"5,199,005",11.76,11.96,11.58
11/18/2020,11.87,"6,340,651",12.16,12.25,11.87
11/17/2020,12.02,"5,404,011",11.73,12.04,11.64
11/16/2020,12.03,"6,532,322",12.11,12.32,11.92
11/13/2020,11.59,"6,282,695",11.45,11.72,11.39
11/12/2020,11.29,"7,497,175",11.45,11.515,11.11
11/11/2020,11.64,"8,137,570",12.13,12.13,11.51
11/10/2020,12.13,"17,185,190",12.0,12.335,11.79
11/09/2020,11.95,"21,582,980",11.02,12.23,11.02
11/06/2020,10.15,"8,503,267",10.68,10.68,10.07
11/05/2020,10.57,"7,109,727",10.13,10.64,10.11
11/04/2020,10.08,"15,944,300",10.66,10.66,10.06
11/03/2020,11.09,"9,123,170",11.02,11.155,10.93
11/02/2020,10.81,"10,387,830",10.6,10.91,10.37
10/30/2020,10.44,"8,822,412",10.07,10.45,10.03
10/29/2020,10.135,"7,523,658",9.8,10.21,9.66
10/28/2020,9.83,"10,299,380",9.75,9.995,9.6822
10/27/2020,9.94,"6,038,757",10.22,10.25,9.93
10/26/2020,10.28,"7,800,253",10.36,10.405,10.155
10/23/2020,10.47,"7,551,177",10.5,10.56,10.18
10/22/2020,10.38,"10,730,060",9.89,10.485,9.79
10/21/2020,9.69,"9,932,108",9.82,9.88,9.62
10/20/2020,9.88,"7,865,739",9.71,10.02,9.6301
10/19/2020,9.52,"4,826,805",9.67,9.78,9.51
10/16/2020,9.67,"5,901,774",9.62,9.75,9.434
10/15/2020,9.66,"6,063,678",9.385,9.685,9.3
10/14/2020,9.46,"6,016,975",9.58,9.67,9.44
10/13/2020,9.56,"6,099,905",9.92,9.92,9.55
10/12/2020,9.95,"5,581,254",9.83,9.98,9.83
10/09/2020,9.85,"7,694,572",10.06,10.16,9.81
10/08/2020,10.03,"5,630,554",9.95,10.055,9.855
10/07/2020,9.88,"8,277,821",9.68,9.99,9.68
10/06/2020,9.54,"8,767,899",9.77,9.99,9.5
10/05/2020,9.67,"7,164,896",9.45,9.675,9.38
10/02/2020,9.33,"9,099,548",8.96,9.38,8.91
10/01/2020,9.15,"7,566,666",9.29,9.29,9.06
09/30/2020,9.17,"8,545,110",9.08,9.31,9.0698
09/29/2020,9.05,"5,997,309",9.08,9.18,8.88
09/28/2020,9.12,"6,975,847",9.06,9.21,8.945
09/25/2020,8.82,"6,537,407",8.55,8.84,8.52
09/24/2020,8.67,"6,346,399",8.72,8.8699,8.55
09/23/2020,8.69,"7,296,280",8.94,9.105,8.68
09/22/2020,8.89,"10,759,570",9.18,9.28,8.83
09/21/2020,9.16,"12,605,990",9.48,9.54,9.09
09/18/2020,9.69,"19,014,110",9.72,9.845,9.64
09/17/2020,9.79,"8,716,343",9.73,9.9152,9.66
09/16/2020,9.89,"9,862,945",9.86,10.13,9.7936
09/15/2020,10.0,"12,666,940",10.07,10.11,9.89
09/14/2020,10.12,"12,025,940",9.74,10.16,9.73
09/11/2020,9.68,"8,156,664",9.61,9.757,9.5
09/10/2020,9.58,"7,392,660",9.89,9.99,9.575
09/09/2020,9.79,"9,755,785",9.85,9.9,9.67
09/08/2020,9.715,"13,322,360",9.74,9.875,9.613
09/04/2020,9.935,"9,644,130",9.89,10.08,9.72
09/03/2020,9.65,"7,450,268",9.76,10.09,9.6
09/02/2020,9.69,"10,151,930",9.41,9.74,9.35
09/01/2020,9.44,"6,876,987",9.31,9.6,9.2526
08/31/2020,9.41,"8,529,806",9.55,9.55,9.32
08/28/2020,9.57,"10,208,490",9.71,9.74,9.52
08/27/2020,9.64,"5,371,465",9.39,9.71,9.37
08/26/2020,9.41,"5,336,454",9.58,9.58,9.39
08/25/2020,9.58,"10,667,130",9.69,9.78,9.495
08/24/2020,9.55,"10,128,330",9.2,9.58,9.16
08/21/2020,9.11,"7,932,468",9.22,9.335,9.08
08/20/2020,9.2,"7,664,812",9.45,9.455,9.19
08/19/2020,9.52,"7,293,773",9.54,9.707,9.46
08/18/2020,9.53,"4,551,132",9.78,9.78,9.52
08/17/2020,9.78,"5,472,313",9.86,9.879,9.725
08/14/2020,9.9,"5,322,330",9.73,10.04,9.66
08/13/2020,9.77,"4,153,630",9.81,9.95,9.74
08/12/2020,9.97,"6,369,924",10.29,10.385,9.8
08/11/2020,10.09,"7,255,725",10.09,10.42,10.035
08/10/2020,9.87,"6,664,670",9.72,9.95,9.6699
08/07/2020,9.66,"7,202,565",9.23,9.68,9.17
08/06/2020,9.3,"4,408,926",9.304,9.46,9.23
08/05/2020,9.39,"6,292,892",9.25,9.43,9.18
08/04/2020,9.17,"6,545,111",9.3,9.3,9.12
08/03/2020,9.265,"7,791,171",9.37,9.375,9.165
07/31/2020,9.27,"14,092,180",9.18,9.29,9.09
07/30/2020,9.31,"6,761,096",9.22,9.33,9.02
07/29/2020,9.45,"10,358,010",9.09,9.475,9.02
07/28/2020,9.13,"12,542,260",9.22,9.4,9.12
07/27/2020,9.27,"11,633,800",9.6,9.62,9.24
07/24/2020,9.6,"10,270,790",9.76,9.825,9.545
07/23/2020,9.7,"9,209,306",9.46,9.8,9.34
07/22/2020,9.23,"6,094,233",9.14,9.2699,9.04
07/21/2020,9.22,"10,251,480",8.83,9.25,8.77
07/20/2020,8.73,"5,836,527",8.79,8.915,8.72
07/17/2020,8.92,"9,157,314",8.995,9.165,8.89
07/16/2020,9.07,"6,343,545",8.97,9.27,8.89
07/15/2020,9.11,"8,891,121",8.87,9.14,8.78
07/14/2020,8.63,"19,011,240",8.67,8.78,8.4
07/13/2020,8.67,"9,467,428",8.71,8.805,8.345
07/10/2020,8.51,"8,519,230",8.08,8.51,8.06
07/09/2020,8.06,"10,145,130",8.35,8.37,8.01
07/08/2020,8.44,"8,159,335",8.36,8.535,8.23
07/07/2020,8.39,"10,348,860",8.65,8.69,8.36
07/06/2020,8.77,"12,276,010",8.8,9.01,8.65
07/02/2020,8.6,"13,712,530",8.94,9.01,8.55
07/01/2020,8.635,"18,734,140",9.02,9.13,8.565
06/30/2020,9.035,"22,709,890",8.75,9.12,8.66
06/29/2020,8.87,"21,560,750",9.04,9.105,8.75
06/26/2020,8.8,"23,500,190",9.61,9.61,8.78
06/25/2020,9.89,"8,499,145",9.5,9.93,9.44
06/24/2020,9.54,"13,394,730",10.04,10.05,9.505
06/23/2020,10.2,"9,562,857",10.3,10.4501,10.16
06/22/2020,10.12,"8,338,533",10.18,10.28,10.0142
06/19/2020,10.29,"30,329,850",10.32,10.39,9.87
06/18/2020,10.165,"9,694,220",9.98,10.325,9.88
06/17/2020,10.12,"8,631,143",10.37,10.375,10.08
06/16/2020,10.28,"10,490,610",10.42,10.53,9.97
06/15/2020,10.12,"12,984,060",9.47,10.21,9.39
06/12/2020,9.885,"11,398,960",10.03,10.1,9.5265
06/11/2020,9.48,"12,517,000",9.82,9.97,9.43
06/10/2020,10.4,"21,210,510",10.87,11.01,10.375
06/09/2020,11.0,"9,279,578",10.94,11.17,10.7701
06/08/2020,11.345,"10,438,740",11.36,11.46,11.01
06/05/2020,10.99,"14,563,050",11.37,11.675,10.85
06/04/2020,10.47,"12,353,730",9.83,10.47,9.7
06/03/2020,9.9,"11,556,860",9.5,10.0,9.43
06/02/2020,9.2,"10,106,150",9.27,9.42,9.12
06/01/2020,9.1,"7,419,501",8.92,9.208,8.81
05/29/2020,8.89,"15,744,770",8.91,9.115,8.78
05/28/2020,9.105,"16,327,390",9.61,9.7,9.05
05/27/2020,9.52,"11,190,930",9.48,9.72,9.16
05/26/2020,8.99,"9,932,951",8.49,9.12,8.48
05/22/2020,8.095,"4,908,574",8.23,8.27,7.96
05/21/2020,8.17,"7,594,264",8.13,8.38,8.12
05/20/2020,8.21,"8,735,237",8.06,8.25,8.055
05/19/2020,7.88,"8,270,710",8.15,8.22,7.855
05/18/2020,8.26,"9,643,141",7.94,8.32,7.88
05/15/2020,7.505,"8,471,174",7.62,7.725,7.455
05/14/2020,7.71,"13,099,650",7.19,7.78,6.985
05/13/2020,7.39,"12,022,160",7.81,7.81,7.29
05/12/2020,7.855,"9,928,258",8.29,8.38,7.83
05/11/2020,8.225,"7,664,973",8.51,8.6,8.18
05/08/2020,8.65,"6,504,707",8.51,8.695,8.43
05/07/2020,8.25,"12,373,500",8.33,8.645,8.18
05/06/2020,8.23,"10,997,100",8.35,8.45,8.0
05/05/2020,8.28,"7,528,221",8.57,8.815,8.275
05/04/2020,8.43,"9,257,168",8.34,8.48,8.23
05/01/2020,8.57,"12,221,150",8.97,9.05,8.44
04/30/2020,9.24,"14,807,340",9.37,9.53,9.11
04/29/2020,9.64,"12,653,440",9.49,9.78,9.3
04/28/2020,9.14,"11,891,370",9.3,9.54,9.0
04/27/2020,8.91,"14,702,830",8.23,8.97,8.19
04/24/2020,8.16,"15,456,080",8.1,8.355,7.91
04/23/2020,7.92,"11,192,420",7.87,8.33,7.75
04/22/2020,8.04,"16,717,120",8.05,8.12,7.85
04/21/2020,7.8,"10,177,720",7.79,8.035,7.68
04/20/2020,8.14,"14,228,170",7.78,8.315,7.5769
04/17/2020,8.06,"16,009,640",7.6325,8.155,7.5278
04/16/2020,7.175,"15,604,400",7.7,7.71,7.12
04/15/2020,7.73,"9,741,792",8.01,8.01,7.69
04/14/2020,8.4,"12,515,800",8.903,8.93,8.15
04/13/2020,8.72,"10,161,350",9.09,9.15,8.545
04/09/2020,9.025,"20,653,360",9.12,9.57,8.84
04/08/2020,8.81,"15,218,330",8.24,8.88,8.24
04/07/2020,8.13,"21,014,990",8.01,8.39,7.745
04/06/2020,7.49,"17,535,350",7.35,7.57,7.21
04/03/2020,6.83,"13,744,470",7.29,7.45,6.82
04/02/2020,7.37,"10,177,280",7.33,7.78,7.1514
04/01/2020,7.45,"10,230,620",7.8,7.81,7.34
03/31/2020,8.21,"15,634,560",8.29,8.52,7.98
03/30/2020,8.375,"10,411,830",8.23,8.45,7.93
03/27/2020,8.3,"15,901,950",8.06,8.62,7.98
03/26/2020,8.5,"15,544,670",7.51,8.595,7.44
03/25/2020,7.64,"18,525,740",7.58,7.94,7.18
03/24/2020,7.43,"19,287,970",7.42,7.67,7.23
03/23/2020,7.0,"12,937,080",7.58,7.78,6.85
03/20/2020,7.62,"20,332,370",7.8,8.065,7.25
03/19/2020,7.68,"22,654,250",7.47,7.76,6.86
03/18/2020,7.72,"16,587,910",7.82,7.99,7.35
03/17/2020,8.37,"24,100,620",8.61,8.79,7.68
03/16/2020,8.43,"15,691,350",7.94,8.55,7.75
03/13/2020,9.5,"15,997,550",9.2,9.5,8.52
03/12/2020,8.38,"17,195,680",8.39,9.05,7.96
03/11/2020,9.13,"29,314,300",9.62,9.66,9.01
03/10/2020,9.97,"20,124,550",9.93,10.19,9.25
03/09/2020,9.45,"20,120,790",10.55,10.99,9.24
03/06/2020,11.12,"20,856,390",11.12,11.61,10.87
03/05/2020,11.78,"16,861,920",12.24,12.3125,11.58
03/04/2020,12.65,"21,492,590",12.7,12.82,12.385
03/03/2020,12.58,"25,218,460",12.78,13.36,12.435
03/02/2020,12.94,"19,653,110",12.23,13.13,11.97
02/28/2020,12.27,"33,656,490",12.15,12.315,11.91
02/27/2020,12.35,"21,359,230",12.45,12.83,12.2
02/26/2020,12.7,"12,170,920",13.11,13.19,12.681
02/25/2020,12.83,"12,024,990",13.52,13.545,12.79
02/24/2020,13.5,"7,364,312",13.56,13.59,13.381
02/21/2020,13.91,"8,930,518",14.01,14.08,13.8
02/20/2020,14.14,"5,123,290",14.02,14.22,13.99
02/19/2020,14.03,"6,607,138",13.95,14.06,13.925
02/18/2020,13.91,"6,393,806",14.03,14.12,13.73
02/14/2020,14.08,"5,274,724",14.15,14.16,14.0
02/13/2020,14.15,"7,647,176",14.01,14.15,13.94
02/12/2020,14.05,"5,206,807",14.1,14.22,14.015
02/11/2020,14.03,"5,115,005",13.99,14.14,13.96
02/10/2020,13.93,"5,460,341",13.89,13.98,13.85
02/07/2020,13.96,"6,278,045",13.91,14.04,13.78
02/06/2020,13.97,"7,625,784",14.18,14.24,13.96
02/05/2020,14.09,"12,139,530",14.08,14.195,14.0
02/04/2020,13.87,"9,276,417",13.93,14.085,13.85
02/03/2020,13.72,"12,078,570",13.7,13.93,13.69
01/31/2020,13.57,"11,535,320",13.77,13.77,13.51
01/30/2020,13.75,"9,733,823",13.41,13.76,13.36
01/29/2020,13.48,"5,979,174",13.61,13.69,13.45
01/28/2020,13.6,"10,854,040",13.56,13.695,13.47
01/27/2020,13.49,"14,859,100",13.45,13.61,13.41
01/24/2020,13.72,"18,484,800",14.27,14.305,13.68
01/23/2020,14.265,"23,476,920",14.72,14.72,13.925
01/22/2020,14.73,"16,634,210",14.58,14.86,14.56
01/21/2020,14.61,"9,144,024",14.62,14.715,14.475
01/17/2020,14.71,"9,582,930",14.74,14.765,14.61
01/16/2020,14.66,"8,456,164",14.55,14.7501,14.53
01/15/2020,14.46,"12,287,380",14.5,14.56,14.3445
01/14/2020,14.6,"11,634,110",14.49,14.64,14.4
01/13/2020,14.46,"9,214,086",14.43,14.4974,14.35
01/10/2020,14.38,"5,809,858",14.58,14.58,14.33
01/09/2020,14.56,"5,915,932",14.57,14.62,14.46
01/08/2020,14.53,"9,332,757",14.42,14.59,14.4
01/07/2020,14.41,"7,102,842",14.47,14.57,14.31
01/06/2020,14.57,"7,198,697",14.6,14.64,14.48
01/03/2020,14.81,"7,858,600",14.79,14.855,14.595
01/02/2020,14.99,"9,975,074",15.12,15.16,14.85
12/31/2019,15.08,"6,654,432",15.06,15.095,14.98
12/30/2019,15.04,"5,750,937",15.19,15.2,15.02
12/27/2019,15.12,"5,085,632",15.16,15.21,15.05
12/26/2019,15.18,"6,087,653",15.2,15.2,15.09
12/24/2019,15.15,"7,036,569",15.14,15.17,15.03
12/23/2019,15.12,"5,301,187",15.19,15.22,15.03
12/20/2019,15.15,"18,442,490",15.35,15.35,15.09
12/19/2019,15.16,"7,491,799",15.35,15.35,15.14
12/18/2019,15.295,"17,565,090",15.35,15.41,15.25
12/17/2019,15.33,"12,084,550",15.22,15.35,15.16
12/16/2019,15.34,"15,339,440",15.52,15.6,15.34
12/13/2019,15.35,"11,648,880",15.47,15.62,15.28
12/12/2019,15.6,"13,294,070",15.27,15.63,15.26
12/11/2019,15.21,"10,854,400",15.46,15.57,15.175
12/10/2019,15.37,"5,813,784",15.24,15.425,15.21
12/09/2019,15.28,"7,359,455",15.15,15.33,15.14
12/06/2019,15.21,"6,946,198",15.1,15.25,15.01
12/05/2019,14.89,"5,641,102",14.94,15.0,14.84
12/04/2019,14.85,"5,801,259",14.7,14.93,14.655
12/03/2019,14.65,"7,962,597",14.65,14.71,14.45
12/02/2019,14.83,"5,660,452",14.97,15.07,14.8
11/29/2019,14.89,"3,267,650",14.87,14.98,14.84
11/27/2019,14.92,"5,372,977",14.85,14.95,14.79
11/26/2019,14.77,"7,988,854",14.91,14.91,14.75
11/25/2019,14.91,"6,741,435",14.93,14.96,14.835
11/22/2019,14.86,"5,532,909",14.74,14.895,14.71
11/21/2019,14.69,"7,202,880",14.76,14.78,14.56
11/20/2019,14.66,"7,644,520",14.69,14.78,14.56
11/19/2019,14.79,"6,612,822",14.79,14.87,14.7
11/18/2019,14.73,"7,276,459",14.77,14.8,14.68
11/15/2019,14.79,"5,978,038",14.68,14.82,14.68
11/14/2019,14.69,"6,387,022",14.63,14.77,14.58
11/13/2019,14.665,"5,880,991",14.78,14.83,14.62
11/12/2019,14.91,"4,663,805",14.96,15.0,14.83
11/11/2019,14.93,"5,536,229",14.85,15.01,14.81
11/08/2019,14.98,"7,450,709",14.94,14.985,14.79
11/07/2019,14.98,"9,075,304",15.0,15.16,14.94
11/06/2019,14.91,"9,596,910",14.83,14.98,14.78
11/05/2019,14.87,"8,422,305",14.75,15.0,14.68
11/04/2019,14.695,"6,886,155",14.47,14.72,14.41
11/01/2019,14.34,"9,100,662",14.29,14.36,14.2
10/31/2019,14.13,"13,289,810",14.12,14.3,13.83
10/30/2019,14.205,"9,602,231",14.4,14.41,14.15
10/29/2019,14.46,"8,147,775",14.5,14.635,14.39
10/28/2019,14.58,"8,242,041",14.57,14.64,14.47
10/25/2019,14.48,"7,339,505",14.24,14.51,14.24
10/24/2019,14.325,"9,814,302",14.39,14.5,14.135
10/23/2019,14.47,"9,364,178",14.4,14.53,14.32
10/22/2019,14.43,"7,270,293",14.37,14.53,14.14
10/21/2019,14.36,"5,753,989",14.35,14.43,14.27
10/18/2019,14.19,"10,829,760",14.11,14.275,14.1
10/17/2019,14.18,"5,305,577",14.27,14.28,14.08
10/16/2019,14.2,"5,819,154",14.3,14.375,14.13
10/15/2019,14.245,"5,631,756",14.07,14.315,13.98
10/14/2019,14.03,"3,502,825",13.86,14.06,13.69
10/11/2019,13.99,"7,444,501",14.05,14.165,13.97
10/10/2019,13.73,"7,462,078",13.66,13.885,13.645
10/09/2019,13.57,"4,905,221",13.59,13.7,13.465
10/08/2019,13.495,"8,391,005",13.65,13.72,13.48
10/07/2019,13.84,"5,693,599",13.91,14.01,13.82
10/04/2019,13.92,"5,768,542",13.8,13.93,13.66
10/03/2019,13.78,"6,570,282",13.64,13.79,13.4
10/02/2019,13.67,"8,297,814",13.85,13.89,13.56
10/01/2019,13.92,"6,720,010",14.35,14.48,13.9
09/30/2019,14.27,"5,242,131",14.41,14.45,14.24
09/27/2019,14.35,"7,758,042",14.42,14.56,14.21
09/26/2019,14.25,"5,361,438",14.29,14.38,14.23
09/25/2019,14.365,"6,014,104",14.21,14.45,14.1483
09/24/2019,14.21,"8,181,578",14.52,14.535,14.125
09/23/2019,14.45,"5,386,596",14.28,14.54,14.23
09/20/2019,14.4,"13,062,110",14.5,14.53,14.33
09/19/2019,14.47,"4,353,618",14.54,14.685,14.44
09/18/2019,14.59,"7,187,966",14.45,14.71,14.37
09/17/2019,14.55,"5,875,235",14.52,14.585,14.39
09/16/2019,14.62,"10,028,030",14.45,14.67,14.35
09/13/2019,14.75,"13,025,740",14.78,14.97,14.7
09/12/2019,14.65,"11,299,090",14.43,14.81,14.24
09/11/2019,14.61,"12,800,780",14.37,14.62,14.08
09/10/2019,14.37,"10,631,670",14.23,14.45,14.2
09/09/2019,14.17,"11,258,790",13.67,14.29,13.65
09/06/2019,13.54,"5,964,218",13.55,13.61,13.45
09/05/2019,13.54,"8,269,861",13.27,13.63,13.245
09/04/2019,13.05,"7,329,568",13.02,13.07,12.875
09/03/2019,12.88,"9,304,143",13.14,13.16,12.77
08/30/2019,13.25,"7,066,453",13.33,13.42,13.23
08/29/2019,13.22,"7,798,547",13.0,13.23,12.99
08/28/2019,12.87,"8,775,378",12.5,12.91,12.47
08/27/2019,12.56,"8,397,776",12.69,12.71,12.365
08/26/2019,12.62,"4,583,181",12.58,12.63,12.445
08/23/2019,12.45,"7,562,182",12.84,12.97,12.39
08/22/2019,12.91,"8,290,748",12.99,13.09,12.825
08/21/2019,12.93,"6,829,440",13.01,13.08,12.86
08/20/2019,12.9,"8,868,110",12.98,13.0,12.8244
08/19/2019,13.1,"8,416,620",13.18,13.22,13.03
08/16/2019,12.93,"10,122,120",12.57,12.94,12.54
08/15/2019,12.42,"10,792,590",12.52,12.579,12.36
08/14/2019,12.44,"8,756,725",12.57,12.69,12.33
08/13/2019,12.9,"7,400,304",12.7,13.11,12.64
08/12/2019,12.75,"6,349,770",12.84,12.89,12.71
08/09/2019,13.0,"4,737,286",12.96,13.095,12.83
08/08/2019,13.0,"6,692,849",12.91,13.14,12.895
08/07/2019,12.8,"12,029,860",12.81,12.885,12.55
08/06/2019,13.06,"6,741,899",13.08,13.13,12.81
08/05/2019,12.93,"9,904,354",13.22,13.25,12.795
08/02/2019,13.48,"9,772,181",13.57,13.62,13.275
08/01/2019,13.57,"13,769,000",14.22,14.33,13.49
07/31/2019,14.25,"12,041,400",14.39,14.49,14.21
07/30/2019,14.44,"8,031,346",14.27,14.45,14.18
07/29/2019,14.33,"9,226,461",14.57,14.66,14.315
07/26/2019,14.61,"9,807,267",14.43,14.67,14.345
07/25/2019,14.41,"14,371,380",14.15,14.6,14.02
07/24/2019,14.34,"12,123,880",14.08,14.4,14.03
07/23/2019,14.08,"8,196,458",13.86,14.09,13.78
07/22/2019,13.79,"7,102,696",13.88,13.9,13.75
07/19/2019,13.88,"7,307,455",13.78,14.0465,13.72
07/18/2019,13.76,"8,705,149",13.53,13.865,13.5
07/17/2019,13.59,"9,401,879",13.6,13.64,13.44
07/16/2019,13.7,"6,524,657",13.69,13.735,13.56
07/15/2019,13.68,"6,942,752",13.87,13.87,13.61
07/12/2019,13.87,"10,259,650",13.92,13.92,13.69
07/11/2019,13.86,"6,054,213",13.75,13.89,13.665
07/10/2019,13.72,"5,578,009",13.86,13.87,13.64
07/09/2019,13.85,"6,480,633",13.64,13.89,13.6
07/08/2019,13.73,"10,361,140",13.8,13.9,13.66
07/05/2019,13.92,"7,398,341",13.95,14.16,13.84
07/03/2019,13.83,"4,493,252",13.69,13.84,13.62
07/02/2019,13.62,"6,952,891",13.8,13.85,13.52
07/01/2019,13.82,"10,917,470",14.0,14.06,13.74
06/28/2019,13.82,"14,348,580",13.82,14.0,13.56
06/27/2019,13.65,"10,397,800",13.52,13.76,13.4811
06/26/2019,13.45,"14,239,990",13.51,13.69,13.4073
06/25/2019,13.41,"12,249,400",13.38,13.47,13.12
06/24/2019,13.39,"9,434,325",13.3,13.525,13.19
06/21/2019,13.33,"12,814,430",13.22,13.47,13.21
06/20/2019,13.26,"10,208,040",13.29,13.35,12.91
06/19/2019,13.22,"10,491,090",13.44,13.68,13.19
06/18/2019,13.37,"9,425,455",13.14,13.43,13.08
06/17/2019,13.13,"7,905,398",13.39,13.47,13.1
06/14/2019,13.36,"6,982,868",13.31,13.41,13.095
06/13/2019,13.43,"6,424,370",13.47,13.59,13.36
06/12/2019,13.41,"5,527,163",13.55,13.64,13.38
06/11/2019,13.54,"7,662,304",13.57,13.775,13.47
06/10/2019,13.43,"8,007,376",13.41,13.6299,13.37
06/07/2019,13.26,"8,156,646",13.36,13.42,13.24
06/06/2019,13.37,"7,441,290",13.4,13.47,13.245
06/05/2019,13.41,"8,449,528",13.37,13.465,13.1646
06/04/2019,13.37,"8,095,166",13.01,13.41,12.99
06/03/2019,12.83,"8,563,898",12.6,12.915,12.58
05/31/2019,12.65,"8,581,327",12.81,12.82,12.63
05/30/2019,12.94,"13,694,490",13.11,13.28,12.85
05/29/2019,13.11,"15,448,870",12.94,13.15,12.86
05/28/2019,13.08,"14,139,410",13.16,13.28,13.06
05/24/2019,13.21,"7,099,152",13.13,13.25,13.1
05/23/2019,13.06,"9,244,500",13.2,13.22,12.96
05/22/2019,13.33,"8,565,209",13.37,13.41,13.26
05/21/2019,13.45,"9,028,495",13.41,13.52,13.36
05/20/2019,13.32,"10,814,120",13.15,13.4075,13.15
05/17/2019,13.22,"14,109,470",13.04,13.41,13.03
05/16/2019,13.17,"8,697,984",13.07,13.225,13.02
05/15/2019,12.97,"13,571,910",13.08,13.12,12.855
05/14/2019,13.26,"8,338,098",13.08,13.345,13.06
05/13/2019,13.06,"11,687,710",13.41,13.47,13.02
05/10/2019,13.66,"7,429,905",13.53,13.685,13.4
05/09/2019,13.58,"8,824,080",13.4,13.65,13.28
05/08/2019,13.54,"8,576,185",13.63,13.715,13.51
05/07/2019,13.65,"11,266,610",13.78,13.845,13.56
05/06/2019,13.96,"5,941,864",13.87,14.06,13.8
05/03/2019,14.09,"8,329,884",13.96,14.105,13.94
05/02/2019,13.94,"8,125,677",13.79,13.985,13.7659
05/01/2019,13.77,"12,682,610",13.88,14.03,13.59
04/30/2019,13.92,"11,065,250",13.99,14.025,13.8
04/29/2019,13.93,"12,186,050",13.77,14.06,13.72
04/26/2019,13.74,"11,405,860",13.68,13.87,13.59
04/25/2019,13.68,"17,189,060",13.54,13.96,13.21
04/24/2019,13.74,"8,942,311",13.75,13.78,13.53
04/23/2019,13.79,"9,995,656",13.67,13.81,13.49
04/22/2019,13.64,"7,472,352",13.62,13.71,13.515
04/18/2019,13.61,"13,804,400",13.82,13.82,13.6
04/17/2019,13.83,"9,471,684",13.7,13.83,13.575
04/16/2019,13.66,"15,827,500",13.49,13.72,13.29
04/15/2019,13.46,"8,561,095",13.7,13.715,13.44
04/12/2019,13.69,"14,201,700",13.54,13.81,13.46
04/11/2019,13.35,"8,415,996",13.4,13.5,13.265
04/10/2019,13.3,"11,517,620",13.23,13.31,13.0
04/09/2019,13.17,"12,603,710",13.33,13.365,13.12
04/08/2019,13.4,"11,993,490",13.3,13.4,13.27
04/05/2019,13.31,"12,583,920",13.34,13.39,13.22
04/04/2019,13.32,"13,264,570",13.16,13.39,13.12
04/03/2019,13.21,"11,723,300",13.33,13.475,13.1601
04/02/2019,13.18,"9,446,165",13.1,13.33,13.05
04/01/2019,13.14,"15,032,170",12.77,13.18,12.77
03/29/2019,12.68,"12,531,860",12.89,12.9,12.67
03/28/2019,12.77,"11,874,240",12.62,12.79,12.541
03/27/2019,12.61,"16,554,910",12.54,12.68,12.48
03/26/2019,12.57,"13,635,520",12.38,12.59,12.35
03/25/2019,12.32,"16,680,480",12.25,12.45,12.19
03/22/2019,12.25,"31,984,800",12.53,12.54,12.145
03/21/2019,12.62,"43,577,310",12.91,13.01,12.59
03/20/2019,12.96,"17,572,530",13.56,13.67,12.92
03/19/2019,13.58,"12,829,270",13.99,14.0,13.55
03/18/2019,13.92,"36,484,760",13.85,14.0,13.815
03/15/2019,13.75,"50,635,400",13.95,14.02,13.75
03/14/2019,14.07,"11,861,120",13.94,14.115,13.905
03/13/2019,13.92,"12,355,530",13.78,14.0,13.74
03/12/2019,13.72,"14,741,320",13.76,13.85,13.67
03/11/2019,13.7,"21,600,980",13.78,13.94,13.69
03/08/2019,13.76,"14,976,910",13.59,13.79,13.55
03/07/2019,13.69,"18,112,900",13.95,13.95,13.65
03/06/2019,14.03,"9,064,831",14.27,14.325,14.0
03/05/2019,14.27,"10,297,660",14.35,14.38,14.05
03/04/2019,14.37,"10,634,760",14.41,14.55,14.2
03/01/2019,14.4,"12,398,530",14.45,14.61,14.32
02/28/2019,14.41,"8,793,746",14.39,14.45,14.34
02/27/2019,14.37,"8,495,716",14.29,14.4,14.225
02/26/2019,14.3,"11,966,340",14.34,14.49,14.18
02/25/2019,14.4,"14,108,880",14.43,14.61,14.385
02/22/2019,14.33,"12,013,290",14.23,14.39,14.15
02/21/2019,14.2,"10,406,560",14.28,14.32,14.14
02/20/2019,14.27,"18,885,220",14.15,14.335,14.06
02/19/2019,14.12,"7,375,778",13.92,14.17,13.845
02/15/2019,14.01,"8,384,977",13.83,14.03,13.76
02/14/2019,13.69,"8,517,795",13.73,13.8,13.57
02/13/2019,13.89,"8,574,052",13.92,14.01,13.86
02/12/2019,13.86,"12,926,420",13.86,14.05,13.81
02/11/2019,13.73,"13,567,040",13.67,13.815,13.635
02/08/2019,13.62,"10,708,720",13.87,13.92,13.53
02/07/2019,13.96,"30,562,290",13.61,14.06,13.595
02/06/2019,13.38,"9,233,452",13.25,13.39,13.21
02/05/2019,13.3,"7,732,872",13.41,13.44,13.205
02/04/2019,13.41,"8,197,882",13.31,13.43,13.19
02/01/2019,13.32,"10,621,350",13.33,13.41,13.235
01/31/2019,13.24,"17,469,160",13.41,13.46,13.08
01/30/2019,13.49,"7,524,193",13.58,13.615,13.47
01/29/2019,13.56,"8,231,319",13.56,13.715,13.4804
01/28/2019,13.57,"12,521,360",13.41,13.615,13.36
01/25/2019,13.55,"12,721,110",13.56,13.72,13.45
01/24/2019,13.45,"17,623,370",13.42,13.625,13.2301
01/23/2019,13.56,"17,047,180",13.64,13.69,13.4
01/22/2019,13.52,"14,830,250",13.51,13.63,13.45
01/18/2019,13.59,"14,025,770",13.44,13.625,13.235
01/17/2019,13.36,"9,049,543",13.21,13.435,13.09
01/16/2019,13.27,"8,583,667",13.06,13.32,12.91
01/15/2019,12.88,"9,538,056",12.8,12.89,12.61
01/14/2019,12.83,"11,400,600",12.55,12.86,12.51
01/11/2019,12.63,"8,150,165",12.53,12.73,12.42
01/10/2019,12.56,"8,604,881",12.61,12.665,12.43
01/09/2019,12.65,"7,867,297",12.56,12.7,12.46
01/08/2019,12.55,"10,073,070",12.56,12.59,12.29
01/07/2019,12.43,"9,493,165",12.31,12.595,12.21
01/04/2019,12.38,"11,008,870",12.27,12.4,12.2
01/03/2019,12.04,"8,966,996",12.06,12.27,12.0
01/02/2019,12.14,"10,353,710",11.78,12.16,11.72
12/31/2018,11.92,"12,483,010",11.91,12.08,11.72
12/28/2018,11.89,"12,018,210",11.89,12.035,11.75
12/27/2018,11.81,"13,501,060",11.6,11.81,11.41
12/26/2018,11.79,"12,567,340",11.33,11.8,11.12
12/24/2018,11.29,"10,457,050",11.47,11.6,11.2
12/21/2018,11.59,"43,621,980",11.53,11.77,11.481
12/20/2018,11.59,"18,953,960",11.43,11.74,11.41
12/19/2018,11.5,"19,857,230",11.77,11.98,11.44
12/18/2018,11.76,"14,063,910",11.97,12.07,11.6927
12/17/2018,11.9,"15,165,050",11.99,12.15,11.87
12/14/2018,12.17,"13,371,080",12.33,12.52,12.15
12/13/2018,12.41,"13,859,670",12.77,12.81,12.34
12/12/2018,12.72,"16,674,310",12.94,13.04,12.66
12/11/2018,12.76,"12,056,840",13.18,13.25,12.69
12/10/2018,13.02,"10,941,710",13.37,13.39,12.84
12/07/2018,13.42,"18,070,170",13.59,13.78,13.37
12/06/2018,13.63,"24,013,100",13.47,13.68,13.16
12/04/2018,13.68,"17,266,340",14.41,14.45,13.6
12/03/2018,14.48,"14,551,520",14.81,14.85,14.38
11/30/2018,14.59,"12,610,080",14.44,14.65,14.44
11/29/2018,14.5,"8,343,199",14.48,14.65,14.38
11/28/2018,14.68,"9,987,785",14.68,14.77,14.45
11/27/2018,14.63,"9,883,632",14.73,14.83,14.555
11/26/2018,14.75,"7,694,763",14.63,14.865,14.63
11/23/2018,14.47,"4,301,886",14.35,14.58,14.2701
11/21/2018,14.42,"11,393,660",14.61,14.735,14.38
11/20/2018,14.57,"12,022,330",14.73,14.7862,14.48
11/19/2018,14.84,"11,983,670",14.82,14.97,14.63
11/16/2018,14.79,"17,269,300",14.68,14.94,14.6
11/15/2018,14.78,"17,991,170",14.36,14.79,14.16
11/14/2018,14.46,"14,041,060",14.74,14.75,14.14
11/13/2018,14.63,"11,095,210",14.54,14.78,14.52
11/12/2018,14.57,"7,758,187",14.63,14.745,14.55
11/09/2018,14.67,"11,361,150",14.7,14.84,14.55
11/08/2018,14.73,"9,804,173",14.6,14.86,14.56
11/07/2018,14.66,"11,174,920",14.64,14.78,14.38
11/06/2018,14.59,"11,256,780",14.37,14.7885,14.32
11/05/2018,14.37,"10,862,680",14.3,14.459,14.23
11/02/2018,14.29,"16,853,600",14.33,14.54,14.07
11/01/2018,14.38,"10,615,700",14.41,14.49,14.27
10/31/2018,14.33,"12,339,080",14.23,14.575,14.17
10/30/2018,14.08,"19,465,520",13.95,14.1,13.68
10/29/2018,13.88,"12,044,820",13.82,14.1,13.735
10/26/2018,13.61,"20,689,440",13.41,13.79,13.37
10/25/2018,13.59,"17,823,260",13.28,13.72,13.19
10/24/2018,13.16,"12,298,420",13.79,13.79,13.13
10/23/2018,13.83,"19,862,010",13.3,13.985,13.21
10/22/2018,13.66,"18,800,240",14.29,14.37,13.63
10/19/2018,14.2,"12,320,170",14.16,14.44,14.06
10/18/2018,14.21,"13,879,880",14.38,14.51,14.15
10/17/2018,14.39,"7,782,017",14.24,14.535,14.1237
10/16/2018,14.28,"11,199,320",14.3,14.31,13.99
10/15/2018,14.23,"10,663,770",14.37,14.46,14.23
10/12/2018,14.37,"16,824,130",14.94,14.95,14.06
10/11/2018,14.7,"18,647,830",15.11,15.245,14.7
10/10/2018,15.15,"15,092,430",15.5,15.665,15.14
10/09/2018,15.44,"9,983,407",15.49,15.615,15.4
10/08/2018,15.56,"8,520,903",15.3,15.6,15.26
10/05/2018,15.35,"13,938,720",15.48,15.56,15.25
10/04/2018,15.41,"17,688,830",15.27,15.5967,15.27
10/03/2018,15.27,"16,285,120",14.93,15.33,14.905
10/02/2018,14.86,"11,464,520",14.94,15.035,14.75
10/01/2018,14.93,"14,586,790",15.06,15.0899,14.865
09/28/2018,14.92,"14,197,700",15.01,15.075,14.85
09/27/2018,15.07,"23,659,690",15.32,15.36,15.0
09/26/2018,15.32,"8,454,820",15.69,15.71,15.28
09/25/2018,15.67,"7,614,778",15.84,15.85,15.65
09/24/2018,15.77,"8,140,726",15.95,15.99,15.74
09/21/2018,15.95,"11,435,880",16.04,16.055,15.92
09/20/2018,15.98,"9,069,913",15.78,16.03,15.78
09/19/2018,15.72,"10,230,310",15.53,15.827,15.51
09/18/2018,15.49,"10,616,920",15.65,15.69,15.48
09/17/2018,15.65,"14,861,950",15.72,15.73,15.53
09/14/2018,15.66,"15,510,270",15.61,15.745,15.6
09/13/2018,15.77,"14,776,190",15.93,16.0,15.62
09/12/2018,15.87,"12,361,850",16.26,16.29,15.84
09/11/2018,16.25,"6,741,194",16.13,16.38,16.09
09/10/2018,16.14,"8,170,263",16.3,16.33,16.11
09/07/2018,16.25,"9,636,282",16.43,16.445,16.19
09/06/2018,16.34,"10,321,370",16.42,16.525,16.34
09/05/2018,16.4,"8,820,829",16.39,16.5,16.33
09/04/2018,16.4,"9,519,937",16.18,16.43,16.15
08/31/2018,16.21,"7,635,430",16.2,16.29,16.16
08/30/2018,16.26,"11,933,330",16.33,16.345,16.22
08/29/2018,16.31,"7,227,092",16.26,16.375,16.13
08/28/2018,16.27,"8,260,785",16.32,16.32,16.165
08/27/2018,16.27,"4,708,807",16.27,16.39,16.22
08/24/2018,16.21,"9,928,369",16.25,16.25,16.11
08/23/2018,16.18,"9,927,880",16.21,16.24,16.065
08/22/2018,16.21,"6,035,793",16.06,16.31,16.06
08/21/2018,16.21,"7,005,625",16.13,16.33,16.12
08/20/2018,16.11,"5,710,230",16.1,16.18,16.01
08/17/2018,16.1,"6,365,650",16.0,16.14,15.985
08/16/2018,16.0,"9,380,164",15.96,16.115,15.93
08/15/2018,15.91,"9,721,982",15.85,16.025,15.78
08/14/2018,15.93,"9,850,504",15.74,16.025,15.74
08/13/2018,15.71,"7,755,442",15.85,15.9552,15.7
08/10/2018,15.84,"8,237,054",15.72,15.895,15.66
08/09/2018,15.93,"7,916,982",16.07,16.21,15.9
08/08/2018,16.08,"9,731,695",15.9,16.1299,15.85
08/07/2018,15.87,"7,747,758",15.79,15.965,15.78
08/06/2018,15.79,"6,802,881",15.73,15.815,15.63
08/03/2018,15.73,"7,523,431",15.73,15.81,15.645
08/02/2018,15.72,"7,707,150",15.44,15.72,15.36
08/01/2018,15.49,"8,153,548",15.55,15.61,15.39
07/31/2018,15.44,"7,667,679",15.58,15.65,15.35
07/30/2018,15.49,"8,038,453",15.54,15.72,15.48
07/27/2018,15.51,"8,267,428",15.36,15.55,15.33
07/26/2018,15.31,"11,046,600",15.17,15.4,15.14
07/25/2018,15.1,"12,155,500",15.03,15.31,14.955
07/24/2018,15.29,"9,887,741",15.38,15.42,15.15
07/23/2018,15.37,"9,952,387",15.12,15.4,15.1
07/20/2018,15.1,"10,098,040",14.98,15.14,14.9
07/19/2018,15.0,"11,357,910",15.02,15.0499,14.85
07/18/2018,15.05,"8,219,871",15.02,15.11,14.92
07/17/2018,14.92,"5,888,984",14.93,15.035,14.85
07/16/2018,14.9,"6,779,631",14.7,14.94,14.68
07/13/2018,14.65,"9,413,413",14.74,14.76,14.5
07/12/2018,14.75,"7,513,548",14.91,14.9366,14.61
07/11/2018,14.83,"8,557,479",14.94,15.036,14.81
07/10/2018,14.98,"7,900,349",15.21,15.28,14.88
07/09/2018,15.21,"8,026,174",14.95,15.21,14.875
07/06/2018,14.87,"5,338,660",14.72,14.91,14.625
07/05/2018,14.75,"6,477,622",14.85,14.88,14.68
07/03/2018,14.72,"4,920,668",14.85,14.965,14.7
07/02/2018,14.83,"10,078,040",14.85,14.875,14.69
06/29/2018,14.76,"17,854,630",15.0,15.18,14.73
06/28/2018,14.89,"8,872,033",14.91,15.04,14.805
06/27/2018,14.88,"7,885,268",15.08,15.14,14.8
06/26/2018,15.05,"6,192,932",15.22,15.22,14.95
06/25/2018,15.2,"7,399,564",15.31,15.32,15.01
06/22/2018,15.35,"10,115,430",15.72,15.8,15.33
06/21/2018,15.61,"11,547,740",15.45,15.745,15.24
06/20/2018,15.45,"6,080,276",15.42,15.51,15.405
06/19/2018,15.37,"6,669,803",15.23,15.4,15.13
06/18/2018,15.33,"7,629,323",15.23,15.4,15.13
06/15/2018,15.33,"15,489,010",15.26,15.42,15.04
06/14/2018,15.42,"8,168,149",15.59,15.64,15.285
06/13/2018,15.55,"8,927,610",15.65,15.84,15.4721
06/12/2018,15.59,"9,973,959",15.67,15.74,15.525
06/11/2018,15.56,"5,147,603",15.71,15.85,15.52
06/08/2018,15.69,"8,093,863",15.55,15.73,15.445
06/07/2018,15.56,"8,090,369",15.6,15.76,15.46
06/06/2018,15.59,"7,902,151",15.32,15.62,15.31
06/05/2018,15.28,"5,293,131",15.22,15.28,15.12
06/04/2018,15.27,"7,395,335",15.22,15.37,15.22
06/01/2018,15.19,"11,723,510",15.155,15.36,15.05
05/31/2018,14.87,"12,484,770",14.81,14.98,14.71
05/30/2018,14.86,"9,663,546",14.58,14.895,14.58
05/29/2018,14.44,"11,539,380",14.93,14.95,14.39
05/25/2018,15.1,"5,851,638",15.06,15.17,15.015
05/24/2018,15.15,"6,442,940",15.18,15.185,14.87
05/23/2018,15.18,"5,825,505",15.32,15.38,15.08
05/22/2018,15.36,"7,766,620",15.22,15.51,15.22
05/21/2018,15.22,"8,424,545",15.08,15.36,15.08
05/18/2018,15.12,"6,899,145",15.28,15.34,15.12
05/17/2018,15.35,"8,287,794",15.1,15.36,15.02
05/16/2018,15.1,"9,023,196",15.12,15.23,15.06
05/15/2018,15.15,"8,096,383",15.09,15.3,15.05
05/14/2018,15.11,"5,167,273",15.17,15.2,15.035
05/11/2018,15.13,"5,570,003",15.16,15.23,15.08
05/10/2018,15.14,"6,562,204",15.07,15.225,14.97
05/09/2018,15.09,"7,660,956",14.94,15.18,14.88
05/08/2018,14.86,"8,784,571",14.72,15.02,14.69
05/07/2018,14.73,"4,947,970",14.74,14.84,14.6
05/04/2018,14.7,"5,924,426",14.52,14.8,14.26
05/03/2018,14.46,"7,555,216",14.59,14.61,14.26
05/02/2018,14.66,"8,601,197",14.76,14.85,14.63
05/01/2018,14.81,"6,804,587",14.83,14.9,14.675
04/30/2018,14.91,"6,160,682",15.16,15.25,14.91
04/27/2018,15.14,"5,594,078",15.02,15.15,14.975
04/26/2018,15.03,"7,885,586",15.07,15.15,14.98
04/25/2018,15.06,"8,582,541",14.88,15.15,14.76
04/24/2018,14.85,"11,278,270",15.04,15.1,14.65
04/23/2018,15.01,"12,391,850",14.82,15.02,14.74
04/20/2018,14.75,"7,533,704",14.71,14.87,14.635
04/19/2018,14.68,"6,991,565",14.49,14.71,14.49
04/18/2018,14.49,"8,121,316",14.49,14.63,14.38
04/17/2018,14.48,"8,358,054",14.76,14.76,14.39
04/16/2018,14.67,"8,273,060",14.77,14.8,14.54
04/13/2018,14.66,"8,693,270",15.15,15.17,14.63
04/12/2018,14.99,"8,667,447",14.79,15.08,14.75
04/11/2018,14.65,"6,811,437",14.78,14.84,14.63
04/10/2018,14.87,"8,878,102",14.85,14.95,14.72
04/09/2018,14.62,"7,858,164",14.66,14.98,14.6
04/06/2018,14.56,"8,954,936",14.9,14.92,14.39
04/05/2018,15.07,"7,517,911",15.09,15.145,14.925
04/04/2018,15.02,"6,571,202",14.61,15.065,14.55
04/03/2018,14.83,"10,743,300",14.77,14.865,14.5539
04/02/2018,14.67,"8,458,795",15.07,15.135,14.51
03/29/2018,15.1,"7,864,827",15.08,15.175,14.905
03/28/2018,15.02,"9,831,721",15.05,15.125,14.81
03/27/2018,14.93,"8,880,049",15.31,15.37,14.81
03/26/2018,15.28,"7,283,455",14.97,15.3,14.9
03/23/2018,14.7,"9,350,107",15.37,15.41,14.68
03/22/2018,15.31,"9,774,050",15.75,15.83,15.3
03/21/2018,15.88,"5,759,239",15.88,16.07,15.73
03/20/2018,15.83,"5,775,575",15.98,16.06,15.8
03/19/2018,15.92,"8,473,678",16.07,16.12,15.73
03/16/2018,16.07,"17,423,910",15.95,16.17,15.95
03/15/2018,16.04,"8,269,922",16.12,16.15,15.92
03/14/2018,16.05,"6,970,351",16.33,16.36,16.0
03/13/2018,16.29,"7,645,570",16.54,16.58,16.205
03/12/2018,16.48,"8,384,172",16.51,16.6,16.445
03/09/2018,16.5,"7,147,292",16.28,16.5,16.145
03/08/2018,16.16,"5,297,623",16.29,16.35,15.995
03/07/2018,16.28,"7,061,887",16.0,16.31,16.0
03/06/2018,16.2,"8,095,868",16.1,16.26,15.89
03/05/2018,16.01,"6,314,967",15.63,16.06,15.57
03/02/2018,15.8,"6,811,917",15.53,15.82,15.3
03/01/2018,15.61,"8,211,993",15.72,15.81,15.525
02/28/2018,15.7,"7,282,079",15.88,16.055,15.7
02/27/2018,15.82,"9,892,147",15.97,16.235,15.82
02/26/2018,16.03,"9,520,074",16.01,16.15,15.93
02/23/2018,15.99,"5,484,477",15.8,15.99,15.765
02/22/2018,15.73,"7,822,448",16.14,16.2,15.7
02/21/2018,16.05,"10,175,460",15.93,16.29,15.85
02/20/2018,15.9,"7,609,559",15.83,15.97,15.76
02/16/2018,15.83,"13,752,950",15.79,15.91,15.73
02/15/2018,15.86,"10,541,580",15.95,15.98,15.77
02/14/2018,15.89,"13,726,760",15.49,15.9,15.41
02/13/2018,15.52,"9,465,308",15.41,15.61,15.38
02/12/2018,15.48,"10,513,910",15.52,15.66,15.32
02/09/2018,15.41,"12,596,240",15.36,15.53,14.97
02/08/2018,15.1,"18,204,680",15.72,15.72,15.1
02/07/2018,15.64,"14,293,850",15.47,15.77,15.45
02/06/2018,15.53,"29,678,840",15.16,15.66,15.09
02/05/2018,15.43,"20,108,450",15.91,16.17,15.42
02/02/2018,16.08,"12,410,660",16.31,16.53,16.03
02/01/2018,16.34,"12,788,320",16.14,16.35,16.14
01/31/2018,16.18,"9,946,196",16.13,16.25,16.1
01/30/2018,16.1,"8,250,135",16.1,16.26,16.06
01/29/2018,16.23,"7,107,308",16.22,16.3,16.1732
01/26/2018,16.21,"8,365,622",16.14,16.21,16.08
01/25/2018,16.05,"12,034,810",16.18,16.23,16.02
01/24/2018,16.11,"12,995,190",16.13,16.23,15.925
01/23/2018,16.04,"24,556,310",16.05,16.325,15.88
01/22/2018,16.03,"10,978,710",15.83,16.05,15.75
01/19/2018,15.81,"8,686,946",15.54,15.81,15.52
01/18/2018,15.51,"9,834,973",15.81,15.855,15.5
01/17/2018,15.76,"9,984,619",15.75,15.8,15.54
01/16/2018,15.68,"10,503,990",16.0,16.0,15.585
01/12/2018,15.85,"7,951,779",15.7,15.85,15.65
01/11/2018,15.63,"6,843,742",15.55,15.66,15.47
01/10/2018,15.48,"8,935,423",15.38,15.69,15.3
01/09/2018,15.23,"6,983,775",15.02,15.39,14.97
01/08/2018,14.95,"11,481,420",14.91,15.01,14.85
01/05/2018,14.98,"9,987,971",14.91,15.01,14.86
01/04/2018,14.85,"15,114,250",14.88,14.91,14.75
01/03/2018,14.72,"15,133,740",14.64,14.79,14.5588
01/02/2018,14.6,"13,251,760",14.71,14.75,14.49
12/29/2017,14.56,"6,500,545",14.73,14.76,14.54
12/28/2017,14.74,"6,012,618",14.63,14.74,14.55
12/27/2017,14.59,"5,264,392",14.65,14.71,14.51
12/26/2017,14.63,"4,436,854",14.74,14.88,14.57
12/22/2017,14.78,"4,921,753",14.88,14.88,14.65
12/21/2017,14.84,"5,803,833",14.7,14.92,14.65
12/20/2017,14.64,"9,899,698",14.76,14.83,14.57
12/19/2017,14.61,"10,891,900",14.78,14.78,14.61
12/18/2017,14.68,"10,669,660",14.73,14.83,14.54
12/15/2017,14.58,"18,245,190",14.36,14.8,14.28
12/14/2017,14.44,"10,346,400",14.67,14.67,14.35
12/13/2017,14.58,"7,884,213",14.84,14.91,14.56
12/12/2017,14.81,"9,383,315",14.7,14.93,14.61
12/11/2017,14.62,"7,732,576",14.83,14.865,14.575
12/08/2017,14.85,"6,531,504",14.82,14.85,14.62
12/07/2017,14.71,"7,786,014",14.5,14.77,14.43
12/06/2017,14.52,"11,095,660",14.49,14.73,14.415
12/05/2017,14.46,"8,689,087",14.73,14.79,14.43
12/04/2017,14.7,"9,743,982",14.71,14.93,14.64
12/01/2017,14.44,"14,848,780",14.45,14.53,13.92
11/30/2017,14.4,"13,864,880",14.58,14.77,14.37
11/29/2017,14.48,"14,558,860",14.1,14.58,14.09
11/28/2017,13.97,"11,483,500",13.54,13.99,13.51
11/27/2017,13.5,"5,934,586",13.45,13.58,13.43
11/24/2017,13.46,"2,257,258",13.6,13.635,13.46
11/22/2017,13.54,"5,127,960",13.59,13.66,13.5
11/21/2017,13.55,"5,713,958",13.61,13.65,13.5
11/20/2017,13.57,"4,565,510",13.56,13.64,13.515
11/17/2017,13.54,"6,074,660",13.32,13.55,13.32
11/16/2017,13.4,"8,295,206",13.58,13.64,13.4
11/15/2017,13.51,"8,393,963",13.47,13.64,13.36
11/14/2017,13.61,"11,459,220",13.28,13.64,13.2734
11/13/2017,13.36,"8,477,144",13.09,13.38,13.04
11/10/2017,13.14,"8,767,553",13.25,13.31,13.14
11/09/2017,13.21,"10,764,820",13.2,13.37,13.09
11/08/2017,13.29,"8,270,395",13.41,13.43,13.24
11/07/2017,13.4,"9,368,866",13.76,13.82,13.39
11/06/2017,13.78,"5,686,020",13.78,13.86,13.74
11/03/2017,13.78,"7,819,886",13.78,13.84,13.69
11/02/2017,13.87,"9,130,713",13.8,13.9,13.6699
11/01/2017,13.81,"7,642,754",13.94,13.995,13.77
10/31/2017,13.8,"7,376,224",13.78,13.98,13.74
10/30/2017,13.77,"6,403,344",13.87,13.94,13.75
10/27/2017,13.94,"8,316,092",13.85,14.02,13.84
10/26/2017,13.91,"12,749,490",13.8,13.97,13.72
10/25/2017,13.88,"12,205,440",14.17,14.17,13.7639
10/24/2017,14.21,"9,714,475",14.21,14.265,14.08
10/23/2017,14.11,"5,684,316",14.2,14.21,14.0615
10/20/2017,14.19,"8,030,500",14.17,14.25,14.095
10/19/2017,13.98,"7,517,870",13.82,14.04,13.75
10/18/2017,13.95,"6,675,780",13.86,13.98,13.81
10/17/2017,13.81,"5,243,775",13.99,13.99,13.78
10/16/2017,13.92,"8,487,684",13.73,13.92,13.73
10/13/2017,13.7,"7,185,561",13.74,13.91,13.6
10/12/2017,13.79,"6,040,010",13.87,13.92,13.75
10/11/2017,13.85,"8,996,261",13.9,13.93,13.77
10/10/2017,13.98,"6,637,404",13.85,14.015,13.85
10/09/2017,13.85,"5,385,371",13.93,13.97,13.83
10/06/2017,13.9,"6,774,686",14.0,14.1,13.83
10/05/2017,13.96,"4,557,105",13.79,14.0,13.72
10/04/2017,13.76,"4,382,813",13.9,13.925,13.75
10/03/2017,13.9,"9,062,995",14.03,14.03,13.75
10/02/2017,14.04,"9,671,126",14.01,14.04,13.825
09/29/2017,13.96,"8,806,337",13.88,14.05,13.79
09/28/2017,13.87,"15,272,890",13.78,13.905,13.67
09/27/2017,13.75,"11,233,000",13.62,13.91,13.56
09/26/2017,13.45,"6,287,544",13.45,13.48,13.35
09/25/2017,13.38,"5,371,557",13.34,13.5,13.26
09/22/2017,13.39,"6,182,969",13.33,13.39,13.27
09/21/2017,13.4,"5,855,817",13.33,13.4666,13.32
09/20/2017,13.36,"9,330,781",13.23,13.38,13.07
09/19/2017,13.25,"7,599,177",13.08,13.3,13.03
09/18/2017,13.09,"10,664,430",12.82,13.16,12.77
09/15/2017,12.76,"16,062,640",12.7,12.77,12.57
09/14/2017,12.8,"12,739,940",13.0,13.01,12.75
09/13/2017,12.9,"9,568,735",12.78,12.9,12.71
09/12/2017,12.79,"8,987,728",12.54,12.88,12.5249
09/11/2017,12.54,"9,023,787",12.48,12.6,12.47
09/08/2017,12.32,"8,736,458",12.17,12.42,12.15
09/07/2017,12.18,"11,027,240",12.51,12.52,12.14
09/06/2017,12.51,"8,174,787",12.45,12.55,12.405
09/05/2017,12.38,"12,242,930",12.63,12.65,12.38
09/01/2017,12.7,"6,547,090",12.63,12.82,12.61
08/31/2017,12.59,"6,058,882",12.76,12.76,12.58
08/30/2017,12.67,"4,608,005",12.56,12.71,12.54
08/29/2017,12.59,"6,435,206",12.55,12.655,12.47
08/28/2017,12.72,"5,827,509",12.79,12.84,12.66
08/25/2017,12.76,"7,727,753",12.74,12.835,12.71
08/24/2017,12.7,"4,900,230",12.72,12.76,12.635
08/23/2017,12.67,"6,006,012",12.59,12.75,12.56
08/22/2017,12.7,"4,258,174",12.65,12.73,12.63
08/21/2017,12.6,"4,910,843",12.63,12.68,12.54
08/18/2017,12.66,"7,073,309",12.6,12.775,12.54
08/17/2017,12.64,"10,376,910",12.94,12.985,12.63
08/16/2017,13.0,"8,857,871",13.02,13.08,12.89
08/15/2017,13.0,"5,180,434",12.97,13.14,12.97
08/14/2017,12.96,"5,664,764",12.86,13.0,12.81
08/11/2017,12.72,"7,865,786",12.99,12.99,12.665
08/10/2017,12.81,"8,248,788",13.06,13.11,12.805
08/09/2017,13.17,"8,095,206",13.24,13.28,13.105
08/08/2017,13.35,"8,658,154",13.24,13.56,13.23
08/07/2017,13.28,"5,433,966",13.3,13.35,13.24
08/04/2017,13.3,"9,115,948",13.3,13.49,13.23
08/03/2017,13.16,"13,027,650",13.27,13.37,13.11
08/02/2017,13.32,"7,145,347",13.3,13.38,13.19
08/01/2017,13.32,"8,544,534",13.34,13.37,13.24
07/31/2017,13.25,"7,563,482",13.2,13.37,13.19
07/28/2017,13.17,"7,231,729",13.09,13.22,13.02
07/27/2017,13.12,"13,071,010",13.17,13.23,13.06
07/26/2017,13.18,"9,282,884",13.43,13.44,13.13
07/25/2017,13.4,"18,997,470",13.45,13.51,13.19
07/24/2017,13.19,"11,629,860",12.99,13.28,12.99
07/21/2017,12.97,"22,572,720",13.49,13.67,12.9
07/20/2017,13.56,"11,128,760",13.7,13.82,13.56
07/19/2017,13.7,"6,141,230",13.76,13.83,13.63
07/18/2017,13.71,"7,532,716",13.7,13.77,13.61
07/17/2017,13.81,"5,953,903",13.79,13.83,13.66
07/14/2017,13.79,"8,334,984",13.73,13.88,13.56
07/13/2017,13.87,"7,108,678",13.75,13.88,13.69
07/12/2017,13.73,"11,150,130",13.66,13.76,13.59
07/11/2017,13.71,"9,747,076",13.68,13.82,13.635
07/10/2017,13.69,"8,233,577",13.62,13.76,13.58
07/07/2017,13.69,"10,554,970",13.7,13.77,13.59
07/06/2017,13.66,"10,690,870",13.8,13.9,13.64
07/05/2017,13.8,"11,308,740",13.77,13.92,13.69
07/03/2017,13.75,"4,809,892",13.64,13.81,13.565
06/30/2017,13.52,"17,302,120",13.47,13.62,13.32
06/29/2017,13.38,"15,035,300",13.59,13.785,13.23
06/28/2017,13.14,"8,813,862",13.02,13.22,13.0
06/27/2017,12.91,"10,695,640",12.9,13.05,12.82
06/26/2017,12.79,"10,510,540",12.72,12.98,12.71
06/23/2017,12.71,"15,526,070",12.99,13.06,12.68
06/22/2017,12.94,"7,962,618",13.03,13.07,12.79
06/21/2017,13.06,"7,800,595",13.27,13.27,13.05
06/20/2017,13.23,"5,549,077",13.29,13.33,13.22
06/19/2017,13.32,"4,826,959",13.29,13.39,13.24
06/16/2017,13.22,"8,585,219",13.07,13.31,13.07
06/15/2017,13.29,"5,900,453",13.22,13.45,13.2
06/14/2017,13.41,"8,674,448",13.22,13.44,13.08
06/13/2017,13.35,"9,280,700",13.45,13.5,13.27
06/12/2017,13.37,"9,132,215",13.28,13.47,13.2
06/09/2017,13.29,"9,971,081",13.01,13.35,12.96
06/08/2017,12.92,"8,688,119",12.66,13.08,12.6
06/07/2017,12.69,"10,827,600",12.51,12.7,12.455
06/06/2017,12.45,"9,071,317",12.47,12.52,12.32
06/05/2017,12.57,"5,619,143",12.57,12.73,12.56
06/02/2017,12.58,"5,932,266",12.56,12.68,12.48
06/01/2017,12.72,"8,907,066",12.6,12.73,12.385
05/31/2017,12.54,"15,344,310",12.74,12.81,12.36
05/30/2017,12.74,"8,308,559",12.86,12.86,12.65
05/26/2017,12.86,"7,298,101",12.87,12.96,12.8
05/25/2017,12.87,"4,817,314",12.83,12.95,12.75
05/24/2017,12.82,"4,360,094",12.92,12.92,12.74
05/23/2017,12.89,"5,565,098",12.67,12.94,12.6
05/22/2017,12.64,"5,352,528",12.62,12.67,12.49
