date,close,volume,open,high,low
05/15/2026,207.69,"701,134",209.88,210.245,207.64
05/14/2026,211.4,"691,266",213.27,213.28,209.2275
05/13/2026,212.22,"390,158",213.95,214.54,211.55
05/12/2026,213.85,"711,884",213.26,215.14,211.51
05/11/2026,214.01,"646,497",217.63,217.63,213.755
05/08/2026,216.92,"592,567",216.36,218.38,214.08
05/07/2026,214.87,"1,051,154",218.62,219.405,213.73
05/06/2026,218.19,"731,049",218.22,219.93,216.99
05/05/2026,215.76,"508,652",215.76,217.6,214.6
05/04/2026,214.33,"544,284",213.77,216.15,212.22
05/01/2026,214.93,"629,972",218.12,219.82,214.12
04/30/2026,217.85,"1,214,845",219.19,222.58,216.01
04/29/2026,217.34,"1,505,731",220.0,223.845,215.485
04/28/2026,205.36,"811,591",207.73,207.815,203.4525
04/27/2026,207.39,"632,215",205.63,208.785,205.105
04/24/2026,204.74,"505,346",206.66,207.54,204.5
04/23/2026,206.64,"612,771",204.96,208.535,203.81
04/22/2026,203.63,"356,074",206.43,209.08,202.785
04/21/2026,204.79,"594,457",206.82,209.23,204.73
04/20/2026,206.36,"630,255",205.18,207.54,204.68
04/17/2026,205.92,"635,971",202.07,207.69,202.07
04/16/2026,200.71,"794,399",199.58,202.76,199.21
04/15/2026,199.52,"786,262",204.03,204.95,197.02
04/14/2026,204.9,"719,174",204.61,206.46,203.205
04/13/2026,205.12,"797,437",200.96,205.46,199.84
04/10/2026,201.09,"640,651",200.64,201.98,198.465
04/09/2026,199.73,"773,010",197.11,201.57,196.96
04/08/2026,197.85,"790,500",195.42,200.76,195.42
04/07/2026,191.83,"595,673",190.24,192.66,189.39
04/06/2026,190.76,"530,645",189.28,190.79,187.38
04/02/2026,190.47,"460,808",189.06,192.82,187.77
04/01/2026,191.98,"724,722",190.52,192.87,189.155
03/31/2026,189.55,"851,934",186.98,190.74,185.995
03/30/2026,183.49,"1,015,851",188.33,188.365,182.995
03/27/2026,186.55,"726,774",189.42,189.42,186.32
03/26/2026,189.73,"780,614",190.69,193.69,188.915
03/25/2026,191.63,"915,950",195.06,195.43,189.22
03/24/2026,192.88,"1,260,460",186.77,193.22,185.16
03/23/2026,188.61,"1,571,032",189.1,190.85,187.43
03/20/2026,184.11,"3,105,749",187.71,188.84,183.125
03/19/2026,187.38,"1,140,210",186.48,190.18,186.48
03/18/2026,190.16,"698,716",188.95,192.1,188.95
03/17/2026,190.39,"612,415",191.23,192.34,187.14
03/16/2026,189.57,"840,937",189.56,191.63,188.905
03/13/2026,188.18,"628,766",189.63,189.63,185.59
03/12/2026,188.11,"896,118",192.78,193.1499,187.44
03/11/2026,194.48,"597,897",195.04,195.26,191.63
03/10/2026,195.79,"501,903",197.32,199.55,195.77
03/09/2026,197.6,"780,882",194.24,198.05,190.765
03/06/2026,197.9,"637,304",200.28,200.28,196.72
03/05/2026,203.33,"608,140",207.36,207.79,202.11
03/04/2026,208.7,"390,863",209.57,210.77,206.29
03/03/2026,208.96,"672,505",207.27,210.93,204.4135
03/02/2026,211.54,"658,398",207.01,212.0,205.52
02/27/2026,209.47,"742,543",205.13,209.49,204.47
02/26/2026,209.59,"493,042",207.02,209.76,205.85
02/25/2026,206.18,"461,682",209.23,209.85,204.24
02/24/2026,208.45,"448,759",206.91,209.86,206.91
02/23/2026,206.65,"591,369",206.45,208.66,205.13
02/20/2026,207.48,"606,173",207.48,209.77,205.62
02/19/2026,207.86,"519,103",208.78,209.82,206.96
02/18/2026,208.98,"747,619",209.09,211.64,207.985
02/17/2026,209.21,"960,675",210.55,212.68,206.765
02/13/2026,210.41,"1,164,455",205.08,211.15,204.39
02/12/2026,205.14,"1,236,723",213.09,214.43,204.68
02/11/2026,211.48,"1,336,406",214.36,215.66,210.05
02/10/2026,214.58,"921,425",211.56,215.88,211.03
02/09/2026,210.75,"1,237,185",211.96,214.17,209.7
02/06/2026,211.37,"1,378,218",215.2,217.155,211.21
02/05/2026,212.94,"1,381,588",212.23,213.83,209.03
02/04/2026,212.25,"2,355,346",199.91,213.83,198.71
02/03/2026,201.61,"2,003,912",197.1,203.25,197.1
02/02/2026,198.22,"954,438",197.66,199.45,196.8
01/30/2026,198.55,"1,045,280",198.35,200.18,196.53
01/29/2026,199.72,"835,894",198.14,199.72,194.95
01/28/2026,196.4,"1,153,333",194.36,198.79,193.69
01/27/2026,194.85,"488,844",194.88,196.0,193.88
01/26/2026,195.24,"619,216",194.95,195.99,194.135
01/23/2026,195.27,"581,971",198.12,198.12,193.79
01/22/2026,197.84,"591,730",199.79,200.32,197.12
01/21/2026,199.06,"693,568",195.22,200.0,193.46
01/20/2026,193.3,"963,608",193.75,195.2,191.8
01/16/2026,196.93,"1,049,718",193.85,197.73,193.85
01/15/2026,195.3,"1,055,444",192.08,196.18,191.06
01/14/2026,190.54,"609,316",187.61,190.89,186.46
01/13/2026,187.33,"435,414",187.04,187.975,185.67
01/12/2026,186.33,"522,350",184.18,186.98,183.7
01/09/2026,184.71,"399,570",185.62,186.97,183.15
01/08/2026,184.74,"417,711",179.87,185.285,179.61
01/07/2026,180.49,"544,886",184.01,184.8325,179.91
01/06/2026,183.87,"671,652",182.83,184.12,179.89
01/05/2026,180.8,"407,952",177.64,182.7355,177.635
01/02/2026,179.06,"493,260",178.03,179.85,177.2879
12/31/2025,177.94,"466,341",179.15,179.425,177.385
12/30/2025,179.28,"380,770",179.55,180.22,178.65
12/29/2025,180.01,"344,948",180.34,181.23,179.2
12/26/2025,180.32,"225,116",179.415,180.5291,178.87
12/24/2025,180.2,"159,722",180.25,181.214,179.84
12/23/2025,180.34,"464,219",179.73,181.73,178.22
12/22/2025,179.52,"515,234",178.64,180.34,177.44
12/19/2025,177.78,"1,571,747",177.13,179.03,176.47
12/18/2025,177.5,"574,590",177.62,178.78,176.57
12/17/2025,176.33,"977,463",176.38,179.72,175.82
12/16/2025,177.19,"664,609",178.7,179.11,176.5075
12/15/2025,178.69,"562,213",179.2,179.595,177.445
12/12/2025,178.93,"742,241",182.45,183.045,177.55
12/11/2025,181.24,"632,184",176.74,181.62,176.685
12/10/2025,176.51,"807,621",174.34,177.845,174.08
12/09/2025,173.5,"541,875",175.76,176.4295,173.0325
12/08/2025,175.95,"583,708",177.4,177.5,175.42
12/05/2025,177.54,"597,292",177.15,179.5,176.76
12/04/2025,179.03,"904,066",178.21,179.59,176.94
12/03/2025,178.21,"466,528",176.0,178.31,176.0
12/02/2025,175.1,"446,931",174.64,176.35,173.39
12/01/2025,174.64,"762,409",172.38,176.5,172.38
11/28/2025,173.93,"243,251",174.365,174.61,173.43
11/26/2025,173.76,"406,231",173.02,175.63,172.565
11/25/2025,173.65,"533,007",171.3,174.67,171.1
11/24/2025,169.91,"982,431",169.85,171.21,168.92
11/21/2025,170.65,"973,974",163.51,171.59,162.9
11/20/2025,163.0,"596,735",163.46,164.28,161.7401
11/19/2025,161.68,"384,365",161.16,162.9,160.6
11/18/2025,161.68,"627,480",162.0,163.0,160.72
11/17/2025,162.76,"513,342",164.62,165.45,162.27
11/14/2025,164.49,"891,884",166.0,167.18,164.2
11/13/2025,167.06,"548,895",169.7,171.7407,166.68
11/12/2025,169.57,"546,128",169.36,171.9259,169.23
11/11/2025,169.51,"333,359",169.57,170.86,169.025
11/10/2025,168.8,"612,912",170.2,170.2,166.5
11/07/2025,167.96,"872,764",165.88,169.05,165.43
11/06/2025,166.82,"544,014",168.65,170.22,166.0
11/05/2025,168.27,"549,723",168.11,169.63,166.5
11/04/2025,167.86,"912,462",167.39,169.245,167.0
11/03/2025,168.25,"772,257",170.52,170.52,167.39
10/31/2025,171.46,"633,071",170.0,172.41,169.5
10/30/2025,170.3,"855,948",173.31,177.0,170.3
10/29/2025,173.4,"1,690,706",173.0,181.27,171.34
10/28/2025,166.95,"897,582",167.48,167.48,165.4
10/27/2025,167.6,"569,976",169.3,169.81,167.51
10/24/2025,167.95,"427,017",169.26,169.28,167.47
10/23/2025,168.37,"408,132",166.46,168.86,165.79
10/22/2025,166.35,"496,400",169.48,169.755,165.64
10/21/2025,169.33,"411,954",166.5,170.99,166.235
10/20/2025,166.61,"361,831",166.66,168.9499,165.29
10/17/2025,166.31,"819,903",163.97,167.05,163.97
10/16/2025,165.03,"558,478",164.56,166.68,163.46
10/15/2025,163.19,"1,050,565",164.0,165.0,162.76
10/14/2025,163.65,"364,359",159.27,164.31,159.27
10/13/2025,160.84,"515,354",162.38,163.86,160.755
10/10/2025,161.16,"741,628",165.85,165.955,160.1101
10/09/2025,165.85,"606,155",167.05,167.21,164.3905
10/08/2025,166.89,"573,804",166.0,167.31,164.25
10/07/2025,165.8,"484,037",167.31,167.56,164.33
10/06/2025,167.05,"334,803",167.06,167.84,165.38
10/03/2025,167.0,"471,330",166.73,168.285,165.69
10/02/2025,165.18,"603,309",164.54,166.29,163.72
10/01/2025,164.1,"630,314",161.58,164.23,161.0
09/30/2025,162.76,"690,394",162.07,162.81,160.345
09/29/2025,162.19,"691,883",162.4,162.93,160.58
09/26/2025,161.35,"489,291",159.8,161.65,159.2927
09/25/2025,159.28,"835,617",159.0,159.74,158.19
09/24/2025,159.76,"630,836",159.15,160.68,159.055
09/23/2025,159.4,"478,494",161.36,162.38,159.15
09/22/2025,160.6,"661,308",160.86,161.26,159.0
09/19/2025,161.03,"1,828,327",164.0,164.75,160.59
09/18/2025,162.06,"608,231",160.83,163.07,160.08
09/17/2025,159.59,"1,033,300",164.19,165.91,159.18
09/16/2025,163.84,"747,650",161.23,163.98,160.8
09/15/2025,161.16,"677,282",161.47,162.145,159.97
09/12/2025,160.55,"394,466",164.22,164.445,160.55
09/11/2025,164.49,"743,108",160.58,164.77,160.58
09/10/2025,160.17,"786,132",161.61,162.65,159.395
09/09/2025,162.01,"557,850",163.8,163.8154,161.0
09/08/2025,164.17,"738,361",164.83,164.8728,162.22
09/05/2025,164.93,"647,510",165.61,167.0,163.99
09/04/2025,164.86,"515,691",161.39,164.91,160.3861
09/03/2025,161.32,"960,092",161.6,162.59,160.3
09/02/2025,162.15,"839,315",162.46,162.985,160.6
08/29/2025,164.5,"445,723",165.63,165.98,163.83
08/28/2025,165.22,"584,188",167.0,167.0,163.71
08/27/2025,166.08,"612,288",165.08,167.09,164.972
08/26/2025,166.0,"755,121",165.7,166.26,164.685
08/25/2025,165.98,"463,570",168.73,168.825,165.96
08/22/2025,168.56,"1,228,877",163.53,168.82,163.29
08/21/2025,162.38,"676,797",163.69,164.6,162.25
08/20/2025,164.47,"705,102",165.27,165.86,163.64
08/19/2025,165.9,"822,030",164.58,167.735,163.78
08/18/2025,163.78,"486,806",164.49,165.5225,163.78
08/15/2025,164.77,"579,229",167.6,167.71,164.16
08/14/2025,167.19,"850,787",167.19,168.42,165.57
08/13/2025,169.5,"1,048,047",164.11,169.8,163.73
08/12/2025,163.32,"657,262",159.67,163.64,158.875
08/11/2025,157.53,"765,066",158.61,159.8013,157.25
08/08/2025,158.26,"639,114",158.25,160.0,157.94
08/07/2025,158.53,"747,653",161.65,162.01,158.31
08/06/2025,159.72,"1,006,935",161.85,163.015,158.9
08/05/2025,161.84,"695,480",159.59,162.5099,159.19
08/04/2025,158.25,"1,008,866",159.03,160.315,157.46
08/01/2025,159.12,"1,320,376",162.18,163.35,158.34
07/31/2025,163.51,"1,484,848",162.5,165.42,161.28
07/30/2025,164.28,"2,650,956",175.0,178.225,163.16
07/29/2025,185.18,"701,892",185.26,186.29,183.415
07/28/2025,184.43,"534,869",186.0,186.62,184.185
07/25/2025,185.69,"369,257",184.91,185.73,182.585
07/24/2025,183.66,"352,308",184.03,184.9,183.0
07/23/2025,184.4,"728,997",186.26,186.697,183.04
07/22/2025,184.54,"468,405",180.26,184.86,180.26
07/21/2025,180.9,"652,523",184.34,184.57,180.31
07/18/2025,183.38,"651,955",184.94,184.94,182.275
07/17/2025,183.96,"498,614",180.33,184.25,180.33
07/16/2025,179.77,"685,680",179.83,180.96,177.09
07/15/2025,179.47,"766,765",181.93,182.84,179.41
07/14/2025,180.87,"793,534",180.7,181.92,179.25
07/11/2025,181.47,"674,892",183.14,183.925,181.23
07/10/2025,185.42,"686,179",184.27,187.71,183.855
07/09/2025,184.38,"1,036,169",183.52,184.89,181.72
07/08/2025,182.47,"911,539",179.46,184.03,178.44
07/07/2025,179.33,"802,533",180.12,181.3799,178.27
07/03/2025,181.25,"224,051",182.75,183.525,180.69
07/02/2025,182.16,"487,975",180.47,182.31,179.65
07/01/2025,180.19,"644,030",174.87,183.06,174.51
06/30/2025,175.57,"902,706",175.94,177.02,173.7576
06/27/2025,176.32,"788,116",177.17,178.18,175.42
06/26/2025,176.35,"608,111",175.38,177.11,174.98
06/25/2025,174.5,"551,944",175.36,175.36,172.76
06/24/2025,174.88,"501,271",174.14,175.91,172.54
06/23/2025,172.72,"965,446",173.19,173.92,170.26
06/20/2025,173.15,"2,463,836",175.78,176.86,172.29
06/18/2025,175.03,"888,840",175.63,177.19,174.06
06/17/2025,175.99,"652,104",178.75,179.95,175.7
06/16/2025,179.92,"600,527",179.63,180.72,178.09
06/13/2025,177.82,"650,936",180.22,181.64,177.198
06/12/2025,182.51,"622,239",181.64,184.03,181.64
06/11/2025,183.17,"531,985",184.37,185.845,183.14
06/10/2025,184.26,"345,085",183.32,184.88,182.465
06/09/2025,183.23,"626,567",183.95,184.79,182.035
06/06/2025,183.31,"479,634",182.68,183.6175,180.93
06/05/2025,180.28,"683,323",181.1,181.61,179.53
06/04/2025,180.89,"389,498",182.7,182.8,180.87
06/03/2025,182.04,"464,922",179.2,182.205,178.56
06/02/2025,179.17,"557,160",179.77,179.77,176.77
05/30/2025,180.91,"834,199",182.14,183.3,179.42
05/29/2025,182.14,"551,602",182.56,182.56,179.66
05/28/2025,180.7,"419,834",183.89,184.46,180.35
05/27/2025,183.45,"500,399",181.95,183.47,180.3
05/23/2025,179.6,"421,433",178.28,180.2484,178.205
05/22/2025,181.13,"468,920",180.5,182.01,179.029
05/21/2025,181.16,"986,316",185.39,185.405,179.72
05/20/2025,188.26,"524,538",189.05,189.43,187.68
05/19/2025,189.93,"490,691",187.5,191.14,187.5
05/16/2025,190.85,"421,473",189.48,190.9,187.97
05/15/2025,189.56,"528,980",188.06,190.19,187.47
05/14/2025,188.47,"517,542",189.28,189.99,188.32
05/13/2025,190.31,"471,418",191.57,192.48,190.21
05/12/2025,191.29,"889,006",189.38,193.58,189.38
05/09/2025,183.47,"383,459",184.87,185.41,183.015
05/08/2025,184.65,"630,905",182.31,186.66,181.58
05/07/2025,180.09,"677,403",179.68,181.8,179.59
05/06/2025,179.54,"583,139",179.86,181.55,179.3
05/05/2025,181.73,"660,831",180.0,183.28,179.965
05/02/2025,181.45,"780,131",179.36,182.605,176.6501
05/01/2025,175.25,"914,967",184.0,184.0,172.565
04/30/2025,173.97,"1,082,105",171.82,173.97,169.31
04/29/2025,172.2,"742,619",173.57,174.21,172.0
04/28/2025,174.1,"676,662",173.65,175.24,172.74
04/25/2025,173.0,"603,239",173.4,175.0,171.54
04/24/2025,173.79,"995,409",166.88,174.095,166.47
04/23/2025,167.15,"1,068,910",171.03,175.085,166.64
04/22/2025,166.4,"631,243",162.44,166.94,161.86
04/21/2025,160.66,"604,143",162.13,162.335,158.28
04/17/2025,163.95,"863,921",164.33,165.47,163.63
04/16/2025,164.08,"724,514",165.96,167.96,162.76
04/15/2025,167.34,"440,370",169.68,171.4751,166.79
04/14/2025,169.86,"445,827",170.16,171.49,167.97
04/11/2025,168.51,"793,074",166.71,170.719,161.96
04/10/2025,166.97,"807,815",169.41,170.335,162.065
04/09/2025,173.8,"1,198,083",159.38,175.53,159.38
04/08/2025,161.94,"1,656,032",167.63,168.43,158.8766
04/07/2025,162.93,"1,613,751",159.6,166.22,153.36
04/04/2025,162.49,"1,053,501",165.31,165.825,160.13
04/03/2025,168.68,"779,100",178.37,178.37,168.435
04/02/2025,183.3,"477,101",179.19,183.68,179.155
04/01/2025,181.15,"632,265",180.3,182.18,178.81
03/31/2025,180.97,"760,334",179.52,181.49,176.39
03/28/2025,180.91,"370,464",185.02,186.16,179.89
03/27/2025,183.93,"319,724",184.74,186.46,182.31
03/26/2025,184.74,"491,960",184.23,187.66,183.49
03/25/2025,184.37,"425,300",185.6,186.05,182.6
03/24/2025,185.1,"561,806",183.71,185.81,183.08
03/21/2025,181.91,"1,170,552",182.36,182.36,179.02
03/20/2025,183.73,"653,197",183.11,186.19,182.65
03/19/2025,184.58,"519,861",185.03,185.8,182.995
03/18/2025,184.62,"511,248",184.31,184.76,182.55
03/17/2025,184.59,"377,963",182.05,185.57,182.05
03/14/2025,182.39,"554,632",180.9,182.71,178.35
03/13/2025,178.23,"558,973",181.52,184.19,177.7133
03/12/2025,181.9,"494,291",185.15,185.63,181.42
03/11/2025,184.76,"878,773",186.37,187.42,181.09
03/10/2025,186.23,"697,822",186.13,188.88,184.85
03/07/2025,187.66,"825,804",186.31,188.5145,183.95
03/06/2025,187.48,"651,177",187.35,188.45,186.2569
03/05/2025,188.43,"1,013,889",186.69,189.1,185.3127
03/04/2025,185.88,"779,008",186.23,188.68,183.2375
03/03/2025,188.53,"617,369",196.01,198.04,188.11
02/28/2025,194.33,"687,529",194.79,195.595,191.62
02/27/2025,193.74,"371,413",195.84,199.4499,193.14
02/26/2025,195.8,"332,619",196.96,196.96,195.17
02/25/2025,196.44,"478,270",196.67,198.48,194.94
02/24/2025,196.62,"597,046",193.82,197.145,192.24
02/21/2025,192.98,"377,276",196.17,196.17,190.381
02/20/2025,196.07,"388,747",198.61,199.97,195.161
02/19/2025,198.65,"418,037",195.58,198.995,194.44
02/18/2025,196.37,"512,638",195.75,197.15,194.82
02/14/2025,195.21,"644,036",194.05,197.99,193.69
02/13/2025,193.03,"673,878",194.37,195.63,192.17
02/12/2025,193.54,"738,150",192.01,194.2099,190.725
02/11/2025,194.89,"675,619",195.17,196.88,193.92
02/10/2025,196.45,"658,603",197.2,197.2,194.8
02/07/2025,195.94,"856,053",200.32,200.32,193.48
02/06/2025,199.32,"1,012,421",198.04,202.13,197.4201
02/05/2025,197.58,"1,477,120",208.16,208.16,195.8101
02/04/2025,218.65,"602,942",218.41,220.55,218.07
02/03/2025,218.86,"565,376",220.49,221.1,217.185
01/31/2025,224.31,"384,901",224.11,226.045,223.5
01/30/2025,224.11,"364,999",220.59,225.62,219.5
01/29/2025,218.88,"322,781",220.73,222.0,218.75
01/28/2025,221.17,"334,795",220.98,222.3,219.79
01/27/2025,221.42,"346,607",219.71,222.02,219.71
01/24/2025,219.97,"278,600",221.59,222.15,218.363
01/23/2025,222.05,"375,814",220.18,223.2,218.8
01/22/2025,219.99,"342,361",218.39,220.92,217.74
01/21/2025,219.66,"350,139",217.6,220.055,217.02
01/17/2025,215.69,"476,264",220.0,221.67,215.47
01/16/2025,217.27,"400,280",215.43,217.76,214.268
01/15/2025,214.53,"465,707",218.55,219.69,214.39
01/14/2025,214.54,"654,671",210.89,215.37,210.21
01/13/2025,210.03,"381,585",205.09,210.59,204.315
01/10/2025,206.02,"511,083",206.04,207.57,205.0
01/08/2025,208.79,"608,947",206.69,209.045,206.48
01/07/2025,208.0,"652,670",209.41,212.06,207.12
01/06/2025,209.32,"609,746",207.54,209.99,207.2
01/03/2025,207.02,"304,051",206.25,207.83,204.41
01/02/2025,206.06,"379,791",210.67,211.4,205.67
12/31/2024,209.29,"255,290",209.24,210.7544,208.41
12/30/2024,208.83,"246,597",209.72,209.9896,206.75
12/27/2024,211.11,"166,152",211.27,213.425,210.195
12/26/2024,212.98,"401,775",211.88,214.36,211.2925
12/24/2024,212.28,"156,266",210.17,212.7,210.17
12/23/2024,210.76,"424,200",211.08,212.53,210.41
12/20/2024,212.38,"1,243,751",209.5,213.55,206.97
12/19/2024,210.26,"766,891",212.78,215.41,210.11
12/18/2024,211.65,"549,298",222.6,223.0,211.62
12/17/2024,222.19,"898,712",223.46,224.8982,221.66
12/16/2024,224.08,"1,236,141",223.02,224.56,221.3325
12/13/2024,223.0,"455,777",224.11,225.61,221.29
12/12/2024,224.98,"420,018",227.82,228.88,224.435
12/11/2024,228.17,"431,583",229.21,230.285,227.53
12/10/2024,227.95,"286,516",230.18,230.18,226.33
12/09/2024,229.65,"378,020",230.2,231.745,228.89
12/06/2024,229.71,"477,412",230.12,231.76,229.44
12/05/2024,228.45,"799,040",229.53,230.33,226.06
12/04/2024,227.87,"571,003",229.89,230.06,226.8
12/03/2024,230.5,"376,722",231.93,231.93,228.71
12/02/2024,231.81,"361,356",230.94,231.9,229.155
11/29/2024,230.63,"268,772",230.63,232.31,229.91
11/27/2024,231.1,"728,299",232.81,233.145,229.47
11/26/2024,232.02,"482,298",235.27,235.65,231.05
11/25/2024,236.06,"726,612",234.23,237.38,233.685
11/22/2024,232.5,"409,966",228.44,233.08,228.315
11/21/2024,227.45,"507,138",223.35,228.3,223.15
11/20/2024,223.11,"465,205",224.18,224.18,219.95
11/19/2024,223.61,"685,046",224.33,225.98,222.785
11/18/2024,226.66,"659,599",226.2,228.78,226.2
11/15/2024,227.83,"1,896,161",229.43,231.32,227.66
11/14/2024,229.39,"596,344",230.64,232.62,229.19
11/13/2024,231.0,"780,643",227.14,231.52,226.86
11/12/2024,227.97,"377,474",228.26,228.98,226.6
11/11/2024,229.34,"369,265",229.68,231.52,227.84
11/08/2024,228.51,"488,681",228.68,230.98,227.505
11/07/2024,228.9,"608,671",235.22,235.31,228.56
11/06/2024,234.9,"917,470",234.39,238.22,233.2
11/05/2024,224.71,"839,881",218.37,225.96,218.26
11/04/2024,219.0,"638,557",217.6,223.18,216.68
11/01/2024,216.05,"725,543",215.67,218.82,213.795
10/31/2024,214.64,"984,611",219.37,221.24,214.18
10/30/2024,218.64,"1,365,067",209.57,219.09,206.035
10/29/2024,203.88,"452,922",203.27,205.43,203.01
10/28/2024,204.84,"398,841",204.47,207.41,204.47
10/25/2024,202.82,"268,778",204.72,205.2,202.36
10/24/2024,203.48,"462,128",204.08,205.1299,202.08
10/23/2024,204.86,"275,376",207.57,208.49,204.695
10/22/2024,207.89,"336,162",208.79,209.4199,206.65
10/21/2024,209.29,"221,259",210.48,210.54,207.7701
10/18/2024,210.53,"283,789",210.96,210.96,208.95
10/17/2024,209.88,"409,172",211.46,211.46,209.0
10/16/2024,210.6,"306,421",211.81,212.98,210.0512
10/15/2024,211.72,"479,686",213.43,214.675,211.37
10/14/2024,213.31,"279,952",211.45,213.46,210.2
10/11/2024,211.49,"342,021",207.98,212.62,207.98
10/10/2024,208.45,"360,470",206.49,208.81,206.49
10/09/2024,207.74,"394,138",208.16,210.605,207.67
10/08/2024,208.41,"269,595",208.25,209.62,207.61
10/07/2024,208.58,"436,074",209.41,210.575,207.95
10/04/2024,211.1,"400,903",212.75,213.03,209.02
10/03/2024,210.85,"471,961",211.51,214.22,209.23
10/02/2024,211.32,"508,731",212.51,214.57,211.24
10/01/2024,212.53,"358,369",214.07,214.07,210.45
09/30/2024,214.5,"619,320",214.97,215.37,212.14
09/27/2024,214.98,"403,885",214.82,217.395,213.63
09/26/2024,213.41,"675,623",211.08,214.0,210.92
09/25/2024,209.04,"814,637",213.19,213.64,208.91
09/24/2024,212.48,"456,631",210.78,212.62,210.29
09/23/2024,210.0,"526,751",209.0,210.48,208.64
09/20/2024,208.73,"3,999,176",209.92,210.865,207.2
09/19/2024,210.5,"509,283",208.93,210.84,206.855
09/18/2024,205.6,"449,422",205.67,208.8,204.15
09/17/2024,204.69,"495,607",203.19,206.3,202.68
09/16/2024,202.68,"790,238",201.8,204.26,201.68
09/13/2024,199.78,"420,491",198.77,200.91,198.6
09/12/2024,198.11,"437,038",197.61,198.425,194.6
09/11/2024,197.13,"466,187",197.18,197.425,192.59
09/10/2024,197.55,"270,538",197.74,198.41,196.1
09/09/2024,197.17,"578,758",196.78,198.22,195.08
09/06/2024,195.14,"374,645",197.04,199.47,194.78
09/05/2024,196.77,"557,920",200.36,200.69,195.8
09/04/2024,200.39,"681,902",203.01,203.12,199.69
09/03/2024,202.89,"822,783",205.53,206.2225,202.07
08/30/2024,206.48,"501,627",205.97,206.74,203.86
08/29/2024,205.18,"362,120",205.09,205.72,203.4
08/28/2024,203.18,"459,840",203.5,204.795,202.27
08/27/2024,203.59,"561,827",203.69,204.44,202.72
08/26/2024,203.96,"293,102",205.01,205.5,202.83
08/23/2024,203.9,"332,670",200.71,204.02,199.83
08/22/2024,199.47,"608,716",202.41,202.5577,198.26
08/21/2024,201.43,"438,344",199.87,201.765,199.425
08/20/2024,199.02,"383,195",198.89,199.99,197.22
08/19/2024,199.18,"544,444",197.31,200.05,196.94
08/16/2024,196.58,"796,502",194.69,197.385,194.69
08/15/2024,195.24,"374,936",195.64,196.655,194.69
08/14/2024,193.31,"525,846",193.79,194.29,192.21
08/13/2024,194.57,"396,349",192.02,194.78,190.855
08/12/2024,191.3,"299,941",194.0,194.39,191.02
08/09/2024,194.34,"338,170",194.21,194.76,192.64
08/08/2024,194.86,"514,460",191.92,195.18,191.31
08/07/2024,190.56,"566,720",193.61,196.21,190.46
08/06/2024,192.12,"638,496",192.94,198.26,191.46
08/05/2024,192.21,"1,027,983",192.04,193.79,189.51
08/02/2024,194.12,"786,349",194.09,196.628,192.12
08/01/2024,196.29,"988,660",205.49,206.12,193.33
07/31/2024,208.48,"464,919",208.61,210.705,207.55
07/30/2024,208.07,"352,274",207.61,208.9,205.11
07/29/2024,206.22,"446,922",206.63,208.46,205.22
07/26/2024,206.46,"278,603",204.42,208.39,203.22
07/25/2024,203.08,"614,354",199.76,205.79,198.3
07/24/2024,198.71,"665,686",202.81,203.33,198.36
07/23/2024,203.9,"426,901",206.36,206.36,203.46
07/22/2024,205.22,"566,634",204.84,205.57,201.48
07/19/2024,202.97,"388,780",206.68,206.68,202.08
07/18/2024,206.2,"409,645",208.78,211.365,206.18
07/17/2024,210.5,"561,989",210.37,213.23,209.56
07/16/2024,210.81,"555,989",207.71,211.73,207.71
07/15/2024,206.69,"497,161",204.42,207.99,204.4
07/12/2024,204.46,"377,110",204.72,206.155,204.11
07/11/2024,203.48,"608,696",199.83,204.265,199.83
07/10/2024,198.44,"386,818",195.25,198.7,194.72
07/09/2024,195.24,"262,488",195.01,195.6,194.2
07/08/2024,195.64,"395,532",196.01,196.28,193.7705
07/05/2024,194.69,"632,774",195.07,195.07,192.56
07/03/2024,195.14,"276,098",197.0,197.19,195.1
07/02/2024,196.41,"570,424",195.66,196.715,195.06
07/01/2024,195.89,"648,186",202.28,202.28,195.35
06/28/2024,201.2,"721,160",200.8,203.34,199.21
06/27/2024,200.15,"742,548",199.02,200.22,197.26
06/26/2024,199.12,"646,160",199.0,200.66,197.79
06/25/2024,199.99,"369,708",202.72,203.17,199.22
06/24/2024,204.5,"475,161",203.7,206.49,202.69
06/21/2024,202.7,"939,466",203.38,204.54,200.54
06/20/2024,203.17,"461,740",201.64,204.8,201.315
06/18/2024,202.35,"321,865",200.38,202.4,199.6
06/17/2024,200.29,"333,793",197.75,200.41,196.745
06/14/2024,198.23,"371,860",201.1,202.1,194.4
06/13/2024,202.92,"479,739",204.95,205.635,201.0
06/12/2024,205.79,"496,178",205.03,207.25,205.03
06/11/2024,203.87,"399,921",201.95,203.88,201.2301
06/10/2024,202.91,"362,687",201.25,203.81,201.24
06/07/2024,201.79,"323,591",202.84,205.159,201.12
06/06/2024,203.4,"386,564",206.77,206.85,203.27
06/05/2024,207.54,"460,111",206.8,208.05,204.94
06/04/2024,206.1,"550,038",205.71,207.73,205.2
06/03/2024,206.11,"581,942",208.67,210.315,203.82
05/31/2024,208.64,"1,374,730",205.64,208.93,204.86
05/30/2024,205.2,"1,136,323",207.91,209.015,204.84
05/29/2024,207.31,"378,800",209.46,209.995,207.1
05/28/2024,211.24,"442,307",215.09,215.44,210.81
05/24/2024,215.15,"493,996",216.08,216.08,213.73
05/23/2024,215.54,"419,727",217.45,217.45,215.065
05/22/2024,217.99,"678,940",217.5,219.405,217.1
05/21/2024,217.12,"308,247",219.17,220.49,216.53
05/20/2024,219.79,"380,747",222.52,223.49,219.33
05/17/2024,222.33,"215,777",223.07,223.23,221.4
05/16/2024,222.24,"202,244",223.34,223.795,221.53
05/15/2024,224.2,"284,157",226.02,226.02,223.47
05/14/2024,224.66,"310,288",226.59,226.59,223.85
05/13/2024,225.42,"464,360",226.81,227.88,224.88
05/10/2024,226.16,"763,133",223.56,227.22,222.2
05/09/2024,222.74,"680,008",222.61,223.63,220.86
05/08/2024,222.07,"339,105",221.34,222.85,221.095
05/07/2024,221.75,"454,052",223.81,223.81,221.21
05/06/2024,222.15,"343,022",222.25,223.32,220.575
05/03/2024,220.42,"405,389",222.41,222.41,219.23
05/02/2024,220.63,"417,685",221.99,223.695,219.61
05/01/2024,221.38,"285,149",220.58,224.5,219.97
04/30/2024,220.46,"423,466",223.57,225.045,220.46
04/29/2024,223.88,"456,856",221.64,224.37,219.39
04/26/2024,220.66,"348,958",222.56,224.375,220.54
04/25/2024,223.28,"486,624",223.23,225.385,220.7
04/24/2024,224.64,"589,469",231.19,232.25,221.9
04/23/2024,232.27,"381,827",231.45,233.46,231.0864
04/22/2024,229.89,"348,338",227.66,231.55,227.605
04/19/2024,227.04,"244,270",227.05,228.3488,226.0
04/18/2024,226.1,"248,282",227.4,229.05,225.72
04/17/2024,226.83,"405,820",229.57,229.66,226.07
04/16/2024,229.25,"355,764",230.44,231.11,228.57
04/15/2024,230.49,"349,817",235.93,236.29,230.19
04/12/2024,232.67,"377,421",233.96,235.68,231.13
04/11/2024,236.25,"253,563",236.19,237.8269,235.14
04/10/2024,236.39,"340,499",239.15,240.08,236.19
04/09/2024,241.58,"254,190",240.1,241.9699,238.15
04/08/2024,238.89,"235,932",239.67,240.9099,238.49
04/05/2024,239.38,"280,684",237.29,240.74,236.15
04/04/2024,236.79,"334,679",241.09,242.09,235.62
04/03/2024,239.29,"271,974",238.85,240.8404,238.41
04/02/2024,239.58,"281,633",240.59,240.935,238.38
04/01/2024,240.87,"230,194",243.76,244.11,240.86
03/28/2024,244.02,"243,218",245.14,245.7,243.8
03/27/2024,245.09,"320,342",243.73,245.22,242.165
03/26/2024,242.09,"276,339",241.74,243.61,241.25
03/25/2024,241.97,"227,927",244.01,244.085,241.86
03/22/2024,243.87,"170,025",246.05,246.36,243.05
03/21/2024,245.87,"497,489",241.12,246.05,240.48
03/20/2024,240.89,"251,284",239.63,241.6,239.615
03/19/2024,240.03,"335,449",240.9,241.895,239.84
03/18/2024,240.56,"308,046",240.91,242.49,240.52
03/15/2024,239.97,"916,679",238.59,242.177,238.59
03/14/2024,241.35,"361,728",241.28,241.73,239.065
03/13/2024,240.81,"236,008",240.9,241.18,239.45
03/12/2024,240.76,"216,518",239.13,240.98,238.05
03/11/2024,239.06,"235,486",237.91,239.31,236.245
03/08/2024,238.59,"181,417",239.98,240.15,237.84
03/07/2024,238.73,"175,376",238.8,239.85,237.7
03/06/2024,237.09,"319,465",236.04,238.155,235.0309
03/05/2024,235.34,"304,497",237.67,238.835,234.67
03/04/2024,237.62,"290,693",238.97,240.06,237.39
03/01/2024,239.47,"369,293",236.14,239.93,235.79
02/29/2024,235.9,"651,387",237.09,237.68,235.38
02/28/2024,236.68,"331,235",236.32,237.65,235.9625
02/27/2024,236.05,"228,796",236.78,236.99,234.73
02/26/2024,236.06,"422,093",236.55,237.27,235.44
02/23/2024,237.05,"223,319",236.0,237.14,235.12
02/22/2024,235.13,"346,890",234.3,235.77,232.97
02/21/2024,233.43,"525,139",232.54,234.585,229.77
02/20/2024,230.35,"537,749",228.27,230.45,226.3
02/16/2024,227.47,"785,443",227.94,229.5,226.19
02/15/2024,227.68,"457,244",227.76,228.77,225.46
02/14/2024,227.02,"359,563",224.99,227.18,223.52
02/13/2024,224.27,"424,384",225.09,225.44,222.7
02/12/2024,226.97,"490,742",228.1,229.39,226.82
02/09/2024,228.2,"460,037",225.83,228.28,225.22
02/08/2024,225.83,"657,150",225.7,226.455,222.03
02/07/2024,222.42,"1,360,581",222.54,227.54,212.96
02/06/2024,218.89,"459,320",218.4,220.07,217.085
02/05/2024,218.22,"367,904",218.83,219.895,216.81
02/02/2024,220.72,"463,500",219.31,222.15,218.84
02/01/2024,220.18,"919,994",213.0,222.64,211.99
01/31/2024,211.5,"612,282",214.4,214.72,211.49
01/30/2024,213.67,"329,102",211.33,214.35,211.25
01/29/2024,212.15,"417,422",208.52,212.17,207.9
01/26/2024,209.15,"280,761",207.78,209.4,207.72
01/25/2024,207.78,"304,338",207.25,207.88,204.99
01/24/2024,205.69,"465,720",210.38,211.4999,205.59
01/23/2024,209.22,"268,309",208.59,209.34,206.71
01/22/2024,207.44,"286,089",208.45,209.175,206.82
01/19/2024,207.04,"292,647",205.7,207.545,204.39
01/18/2024,205.33,"379,744",205.06,205.81,202.85
01/17/2024,205.04,"449,884",204.05,206.39,204.05
01/16/2024,205.77,"382,690",205.55,206.325,203.375
01/12/2024,206.91,"277,475",209.72,211.12,206.38
01/11/2024,208.58,"228,976",209.07,209.07,205.475
01/10/2024,209.62,"254,109",209.51,210.51,208.75
01/09/2024,209.98,"227,374",209.73,210.25,207.91
01/08/2024,210.82,"281,056",210.94,210.94,207.88
01/05/2024,211.18,"217,058",211.13,212.68,210.15
01/04/2024,211.18,"699,071",212.37,213.92,211.13
01/03/2024,212.28,"476,919",213.97,215.44,211.87
01/02/2024,215.05,"307,155",215.09,217.11,214.03
12/29/2023,217.11,"237,169",217.0,218.165,216.78
12/28/2023,217.06,"336,177",216.76,219.72,216.19
12/27/2023,215.79,"253,961",214.75,216.41,214.45
12/26/2023,214.78,"263,928",214.22,215.8,213.38
12/22/2023,214.38,"329,037",214.67,216.12,214.0
12/21/2023,214.11,"317,103",213.84,214.83,212.225
12/20/2023,212.16,"437,337",212.76,215.56,211.91
12/19/2023,213.44,"245,464",212.96,214.1608,212.175
12/18/2023,211.93,"346,000",211.74,213.34,209.84
12/15/2023,211.35,"739,401",213.96,215.19,210.81
12/14/2023,214.93,"443,377",211.73,215.05,211.73
12/13/2023,208.84,"463,069",207.5,210.005,205.64
12/12/2023,207.56,"288,541",208.39,209.47,206.61
12/11/2023,207.88,"331,114",204.92,208.07,204.5
12/08/2023,204.84,"421,852",205.79,207.59,204.74
12/07/2023,205.6,"454,015",205.17,206.32,203.72
12/06/2023,204.59,"404,124",202.92,205.37,202.88
12/05/2023,201.59,"261,326",203.69,203.69,200.77
12/04/2023,204.2,"303,629",201.98,204.42,201.97
12/01/2023,203.04,"461,924",201.87,203.77,201.4227
11/30/2023,201.68,"871,622",199.19,201.79,196.37
11/29/2023,198.3,"372,113",197.64,199.68,197.47
11/28/2023,196.61,"371,158",198.2,199.01,196.56
11/27/2023,198.6,"344,733",198.37,199.29,197.56
11/24/2023,199.21,"196,572",199.0,200.0,197.965
11/22/2023,197.25,"1,949,538",197.89,199.94,195.905
11/21/2023,198.59,"799,835",195.02,199.07,194.84
11/20/2023,195.72,"394,860",197.86,197.905,195.3
11/17/2023,198.01,"328,960",199.32,199.855,197.22
11/16/2023,197.59,"311,542",198.75,200.27,196.85
11/15/2023,199.08,"478,499",197.78,201.474,197.64
11/14/2023,198.07,"342,557",195.01,198.505,194.54
11/13/2023,192.29,"479,441",191.0,192.66,190.515
11/10/2023,191.72,"482,111",191.5,191.85,189.33
11/09/2023,190.25,"387,731",193.61,194.53,189.47
11/08/2023,192.33,"420,067",192.45,193.11,191.2
11/07/2023,191.58,"377,925",192.11,193.15,190.85
11/06/2023,193.49,"305,675",195.31,195.31,192.97
11/03/2023,195.17,"457,321",196.5,197.75,195.09
11/02/2023,193.59,"1,169,716",191.09,194.46,190.595
11/01/2023,188.36,"1,243,958",191.43,192.15,183.765
10/31/2023,191.41,"396,371",190.44,192.36,190.13
10/30/2023,190.53,"426,149",192.06,192.72,189.13
10/27/2023,190.92,"816,927",192.38,194.65,190.575
10/26/2023,193.21,"1,106,472",191.07,198.69,190.8462
10/25/2023,187.0,"1,216,536",191.83,192.05,184.85
10/24/2023,192.74,"654,648",194.61,195.02,191.26
10/23/2023,192.83,"578,346",192.66,194.98,191.45
10/20/2023,192.73,"604,253",195.57,196.7,192.67
10/19/2023,195.6,"643,620",196.98,200.495,195.12
10/18/2023,196.93,"615,771",201.11,202.64,196.77
10/17/2023,203.19,"542,014",201.24,204.62,201.16
10/16/2023,202.65,"532,543",201.89,203.29,200.21
10/13/2023,200.64,"565,310",206.05,206.375,200.5
10/12/2023,205.62,"577,714",208.77,208.77,203.38
10/11/2023,209.03,"305,464",208.75,210.7,208.27
10/10/2023,208.29,"434,508",208.9,209.68,207.41
10/09/2023,208.15,"311,168",205.25,208.18,204.57
10/06/2023,205.98,"476,038",204.65,206.89,203.37
10/05/2023,205.14,"458,077",208.37,209.03,204.82
10/04/2023,208.44,"337,135",206.92,208.835,205.09
10/03/2023,206.94,"290,441",206.2,207.43,205.67
10/02/2023,206.78,"299,989",207.61,208.665,205.93
09/29/2023,208.02,"392,248",210.53,210.53,206.95
09/28/2023,209.06,"413,831",207.83,211.355,207.47
09/27/2023,207.44,"429,330",205.26,208.865,204.03
09/26/2023,203.81,"497,080",206.56,206.99,203.475
09/25/2023,207.74,"300,920",206.61,208.74,205.42
09/22/2023,207.13,"389,411",206.39,208.08,205.29
09/21/2023,206.79,"479,213",209.02,209.69,206.63
09/20/2023,209.94,"526,658",212.29,213.925,209.66
09/19/2023,210.91,"491,861",212.2,213.64,210.0
09/18/2023,212.36,"436,692",214.37,215.73,212.2
09/15/2023,214.24,"532,075",215.53,216.54,213.66
09/14/2023,216.3,"285,660",216.96,217.53,215.69
09/13/2023,215.22,"502,589",214.03,215.58,213.73
09/12/2023,213.9,"524,898",213.67,215.825,213.02
09/11/2023,215.0,"434,089",216.92,217.67,213.98
09/08/2023,216.09,"286,139",218.57,219.26,215.555
09/07/2023,218.5,"439,481",222.54,222.54,217.205
09/06/2023,222.84,"352,824",221.65,225.53,220.39
09/05/2023,222.78,"674,164",228.28,228.28,222.26
09/01/2023,228.28,"423,062",227.86,228.41,226.605
08/31/2023,226.4,"707,707",229.11,229.3,226.17
08/30/2023,228.73,"522,511",226.61,229.34,226.21
08/29/2023,227.73,"310,954",226.73,227.89,226.11
08/28/2023,226.94,"327,219",226.77,228.13,226.09
08/25/2023,226.14,"375,091",224.17,227.67,223.31
08/24/2023,222.69,"354,248",223.68,225.64,222.3712
08/23/2023,223.68,"428,432",222.84,223.865,221.32
08/22/2023,221.62,"373,854",222.04,222.93,220.07
08/21/2023,221.22,"488,185",219.31,221.44,218.82
08/18/2023,219.42,"1,519,881",217.73,220.27,217.73
08/17/2023,218.9,"468,857",220.07,222.345,218.9
08/16/2023,219.42,"481,087",220.16,221.68,218.91
08/15/2023,220.59,"372,112",221.5,222.04,219.7104
08/14/2023,222.74,"507,460",223.21,223.46,221.17
08/11/2023,223.41,"445,870",221.0,224.75,219.95
08/10/2023,221.48,"469,267",222.74,224.305,220.7
08/09/2023,222.83,"402,838",223.11,223.89,221.87
08/08/2023,223.9,"386,358",222.42,224.93,220.45
08/07/2023,223.84,"407,933",221.29,224.21,220.95
08/04/2023,220.89,"565,854",223.43,225.61,220.53
08/03/2023,222.06,"509,234",218.89,223.05,217.9975
08/02/2023,219.41,"453,796",221.05,222.08,219.14
08/01/2023,221.86,"921,954",224.66,226.34,221.23
07/31/2023,225.81,"1,138,182",222.81,226.49,221.635
07/28/2023,222.24,"1,198,946",220.34,222.37,218.04
07/27/2023,218.82,"1,737,367",210.14,221.16,207.75
07/26/2023,211.98,"670,798",209.53,212.75,209.53
07/25/2023,210.48,"912,748",213.42,213.93,208.58
07/24/2023,214.85,"512,198",213.08,214.965,212.61
07/21/2023,212.64,"463,747",212.14,213.92,211.14
07/20/2023,211.71,"443,801",212.11,212.98,209.6
07/19/2023,211.18,"417,396",208.86,212.32,208.86
07/18/2023,209.85,"623,458",210.6,211.63,208.62
07/17/2023,210.6,"551,307",209.05,211.63,208.925
07/14/2023,209.59,"495,458",212.13,212.13,208.955
07/13/2023,212.62,"646,126",214.69,214.69,211.26
07/12/2023,215.56,"327,086",218.48,218.48,215.42
07/11/2023,216.46,"533,895",217.79,218.96,215.12
07/10/2023,216.97,"624,005",210.0,217.07,210.0
07/07/2023,209.98,"230,546",209.15,212.43,209.15
07/06/2023,210.12,"339,594",209.42,210.24,207.66
07/05/2023,210.87,"369,080",210.62,212.38,210.57
07/03/2023,212.83,"175,179",213.95,214.65,212.8
06/30/2023,215.26,"606,597",214.53,217.4,213.83
06/29/2023,213.53,"735,362",209.69,213.9,208.82
06/28/2023,209.98,"653,304",210.55,210.72,209.08
06/27/2023,210.75,"713,086",206.59,210.94,205.7
06/26/2023,205.93,"409,046",203.83,206.39,203.725
06/23/2023,203.04,"620,842",202.54,203.63,201.54
06/22/2023,203.62,"549,559",207.02,207.02,203.04
06/21/2023,206.67,"338,207",204.23,207.77,202.65
06/20/2023,205.14,"524,893",206.89,208.63,204.39
06/16/2023,209.75,"873,107",211.35,212.47,208.7
06/15/2023,210.4,"454,297",207.44,210.785,207.43
06/14/2023,207.86,"330,185",209.62,210.59,206.7
06/13/2023,208.83,"616,915",207.31,209.735,207.3
06/12/2023,207.0,"355,987",207.3,208.2,205.7
06/09/2023,206.86,"251,804",208.05,208.05,204.91
06/08/2023,207.44,"609,549",207.37,208.27,205.2
06/07/2023,208.19,"704,236",205.1,208.33,204.47
06/06/2023,205.54,"389,233",204.71,206.67,204.45
06/05/2023,205.39,"448,968",209.46,209.46,204.585
06/02/2023,209.1,"469,532",203.53,209.83,203.47
06/01/2023,201.32,"886,881",199.33,202.18,197.79
05/31/2023,199.16,"1,040,754",201.51,202.27,198.56
05/30/2023,202.79,"381,377",203.99,205.26,202.09
05/26/2023,203.48,"336,543",202.47,204.34,201.745
05/25/2023,201.79,"378,706",200.74,202.755,199.53
05/24/2023,200.16,"433,980",203.52,203.52,200.05
05/23/2023,204.58,"651,647",208.36,208.36,204.12
05/22/2023,208.68,"599,406",205.5,209.68,204.695
05/19/2023,204.99,"505,307",207.13,207.32,204.505
05/18/2023,205.29,"480,564",204.59,206.425,202.81
05/17/2023,204.79,"369,642",203.62,206.12,203.39
05/16/2023,202.7,"455,280",206.61,206.61,202.67
05/15/2023,207.89,"333,144",208.29,208.29,206.54
05/12/2023,208.47,"309,704",209.63,209.63,206.585
05/11/2023,207.95,"422,769",206.21,207.96,205.3
05/10/2023,207.7,"321,501",209.3,210.1,204.815
05/09/2023,208.16,"351,340",210.13,210.98,207.58
05/08/2023,210.64,"260,263",212.02,212.955,209.85
05/05/2023,210.93,"367,280",209.39,211.79,208.28
05/04/2023,207.49,"432,140",210.59,211.38,207.025
05/03/2023,210.1,"703,261",208.37,212.74,206.73
05/02/2023,206.73,"421,822",206.44,207.58,203.78
05/01/2023,206.84,"643,412",206.32,208.17,205.74
04/28/2023,206.32,"695,038",207.25,209.31,205.31
04/27/2023,207.83,"759,065",205.0,207.91,196.85
04/26/2023,209.78,"524,108",213.2,216.14,209.105
04/25/2023,215.37,"545,720",217.91,218.96,215.15
04/24/2023,218.25,"531,199",217.15,219.3,217.025
04/21/2023,217.76,"346,565",218.48,218.48,216.06
04/20/2023,217.23,"541,459",216.95,218.91,216.21
04/19/2023,217.84,"655,473",219.03,220.61,215.81
04/18/2023,220.55,"453,783",220.96,222.63,220.32
04/17/2023,220.87,"335,846",220.03,220.91,218.53
04/14/2023,219.53,"252,699",220.88,223.35,218.84
04/13/2023,221.44,"281,021",221.63,222.105,216.04
04/12/2023,221.86,"212,544",221.41,223.16,220.605
04/11/2023,220.41,"221,874",220.03,222.75,220.03
04/10/2023,219.45,"277,568",215.73,219.88,214.04
04/06/2023,216.77,"263,088",217.41,218.25,215.28
04/05/2023,217.84,"366,561",221.11,221.23,216.97
04/04/2023,222.23,"336,808",229.44,229.44,221.07
04/03/2023,229.23,"355,808",230.16,231.61,228.12
03/31/2023,231.03,"298,644",228.05,231.16,227.33
03/30/2023,226.96,"147,253",227.31,228.08,226.18
03/29/2023,226.07,"213,308",224.48,226.29,223.14
03/28/2023,222.91,"212,128",221.92,224.625,221.145
03/27/2023,221.73,"233,962",221.64,222.62,219.53
03/24/2023,219.44,"236,910",215.95,219.64,214.45
03/23/2023,218.0,"308,452",218.27,221.6,216.0232
03/22/2023,218.85,"314,585",222.27,224.31,218.78
03/21/2023,222.51,"296,810",222.67,224.1,220.29
03/20/2023,220.09,"248,831",217.24,220.425,217.24
03/17/2023,215.74,"595,076",217.86,217.99,213.43
03/16/2023,219.12,"438,748",213.99,219.64,213.99
03/15/2023,215.8,"447,674",220.3,220.95,212.94
03/14/2023,223.96,"345,040",222.62,225.246,220.72
03/13/2023,219.02,"329,524",218.15,220.595,217.035
03/10/2023,219.93,"466,183",223.42,224.34,218.14
03/09/2023,223.13,"362,325",224.78,226.2,222.3
03/08/2023,223.44,"346,999",223.97,224.18,221.8958
03/07/2023,224.06,"244,609",227.49,227.785,223.39
03/06/2023,227.27,"242,303",228.55,230.2,227.09
03/03/2023,228.24,"332,271",225.0,228.435,223.37
03/02/2023,224.43,"379,776",222.32,225.22,221.2
03/01/2023,223.48,"443,416",223.88,225.39,222.18
02/28/2023,224.98,"445,319",225.12,228.25,224.9
02/27/2023,225.22,"187,456",226.49,227.61,224.835
02/24/2023,224.84,"483,240",224.57,226.09,222.1
02/23/2023,225.69,"333,799",225.9,227.42,222.25
02/22/2023,224.85,"385,569",226.16,227.91,224.0
02/21/2023,224.88,"835,684",229.28,230.72,224.29
02/17/2023,231.0,"777,178",225.06,231.12,224.795
02/16/2023,225.09,"364,468",224.68,226.43,223.61
02/15/2023,227.42,"195,013",224.54,227.49,224.54
02/14/2023,225.35,"229,193",225.96,226.56,223.05
02/13/2023,226.67,"375,325",226.65,228.195,226.14
02/10/2023,225.92,"343,534",223.25,226.315,223.06
02/09/2023,223.68,"414,629",226.4,227.44,223.13
02/08/2023,224.56,"358,300",223.45,226.28,223.45
02/07/2023,224.86,"477,877",224.11,226.78,222.7
02/06/2023,225.27,"430,021",228.4,229.3381,224.935
02/03/2023,229.84,"601,317",224.77,229.88,224.69
02/02/2023,225.59,"765,091",229.71,230.2,223.185
02/01/2023,227.73,"904,653",239.0,239.0,225.51
01/31/2023,239.68,"547,084",234.63,240.15,232.61
01/30/2023,232.99,"397,798",238.1,238.74,232.61
01/27/2023,238.73,"448,622",233.88,239.84,233.845
01/26/2023,234.15,"326,281",234.53,235.075,231.855
01/25/2023,232.8,"242,008",230.13,232.86,228.04
01/24/2023,232.35,"226,516",229.41,234.21,228.375
01/23/2023,230.86,"293,238",230.77,232.665,229.41
01/20/2023,231.2,"298,243",227.5,231.41,225.91
01/19/2023,226.47,"431,079",233.84,233.84,226.18
01/18/2023,233.97,"355,271",238.8,239.855,233.7
01/17/2023,236.7,"205,707",239.31,240.09,236.35
01/13/2023,238.9,"262,778",235.5,239.195,235.33
01/12/2023,236.25,"471,437",235.48,237.59,233.73
01/11/2023,235.48,"823,317",236.19,238.13,235.1
01/10/2023,234.8,"213,930",233.16,235.675,232.96
01/09/2023,233.86,"324,670",233.4,237.995,231.9
01/06/2023,232.14,"228,118",228.64,232.47,227.94
01/05/2023,225.74,"441,256",228.46,229.4,224.84
01/04/2023,229.27,"356,623",231.03,231.88,227.33
01/03/2023,229.49,"429,905",229.52,229.82,226.78
12/30/2022,228.33,"191,370",229.36,230.44,226.18
12/29/2022,230.5,"181,030",229.09,231.595,228.27
12/28/2022,227.16,"162,067",230.73,231.73,227.01
12/27/2022,230.06,"202,199",230.2,231.28,228.305
12/23/2022,229.33,"187,362",229.45,230.575,228.02
12/22/2022,229.65,"291,240",230.1,231.04,225.19
12/21/2022,232.0,"384,542",230.06,232.16,229.27
12/20/2022,228.12,"361,511",226.16,229.08,226.16
12/19/2022,226.27,"298,277",228.04,229.72,225.14
12/16/2022,227.99,"827,984",227.47,229.57,226.3
12/15/2022,229.58,"580,736",236.14,236.14,229.49
12/14/2022,238.54,"358,199",242.03,243.94,237.88
12/13/2022,242.05,"562,314",246.14,246.23,240.81
12/12/2022,240.01,"445,199",235.88,240.02,235.37
12/09/2022,235.21,"266,565",234.5,236.43,234.18
12/08/2022,234.14,"326,791",236.93,236.93,233.15
12/07/2022,235.05,"218,961",234.12,236.11,234.055
12/06/2022,233.78,"222,967",237.13,238.1999,232.25
12/05/2022,236.87,"347,107",238.47,239.14,236.5
12/02/2022,241.84,"500,352",238.85,243.51,237.885
12/01/2022,240.74,"474,500",238.78,240.8,238.07
11/30/2022,237.49,"1,175,368",230.23,237.72,229.36
11/29/2022,231.06,"286,639",231.29,233.29,230.58
11/28/2022,231.83,"249,384",235.06,236.44,231.55
11/25/2022,236.66,"132,039",234.69,237.775,233.71
11/23/2022,235.4,"227,926",235.13,236.86,234.73
11/22/2022,234.82,"237,631",235.13,236.26,233.85
11/21/2022,233.28,"383,584",232.99,235.26,232.18
11/18/2022,233.55,"268,245",234.6,234.6,231.33
11/17/2022,231.47,"259,296",230.31,231.62,227.91
11/16/2022,232.74,"341,596",231.62,234.52,230.82
11/15/2022,231.62,"510,560",230.01,233.3,229.24
11/14/2022,228.1,"403,569",229.46,230.61,228.091
11/11/2022,230.08,"431,480",233.6,234.62,228.355
11/10/2022,232.96,"362,699",229.09,233.29,227.96
11/09/2022,221.79,"257,534",223.95,225.485,221.28
11/08/2022,224.89,"345,049",226.1,228.205,223.005
11/07/2022,225.75,"333,368",222.59,225.87,221.48
11/04/2022,222.59,"314,240",223.67,223.93,220.05
11/03/2022,220.74,"396,120",216.62,223.5,215.1004
11/02/2022,218.42,"336,920",222.87,225.87,218.13
11/01/2022,223.37,"326,312",223.51,224.33,221.04
10/31/2022,222.31,"452,494",221.25,223.47,221.11
10/28/2022,222.92,"422,618",218.29,223.745,217.48
10/27/2022,217.54,"588,004",221.29,222.53,216.84
10/26/2022,219.83,"803,673",215.67,222.06,214.55
10/25/2022,212.34,"466,635",206.66,213.03,206.53
10/24/2022,207.1,"277,653",206.15,207.975,204.85
10/21/2022,203.95,"556,499",200.61,204.45,198.93
10/20/2022,199.29,"579,950",204.17,204.17,198.99
10/19/2022,204.06,"377,009",205.02,206.005,202.4
10/18/2022,206.11,"745,844",208.08,209.53,203.82
10/17/2022,203.58,"520,249",199.69,204.06,199.06
10/14/2022,197.11,"571,201",204.71,204.71,196.87
10/13/2022,203.81,"524,875",196.29,206.16,195.27
10/12/2022,200.4,"473,864",205.75,205.97,200.35
10/11/2022,205.56,"449,018",203.81,207.81,202.19
10/10/2022,203.69,"353,350",203.38,204.41,201.56
10/07/2022,202.03,"270,654",205.4,205.52,201.11
10/06/2022,207.39,"484,787",209.35,209.82,206.96
10/05/2022,208.86,"325,131",208.17,210.9,208.12
10/04/2022,210.64,"546,592",207.64,210.76,207.64
10/03/2022,205.09,"564,114",201.87,206.45,200.88
09/30/2022,199.85,"796,771",200.7,203.52,199.43
09/29/2022,200.25,"578,027",201.4,202.04,198.925
09/28/2022,202.94,"427,536",199.93,204.32,198.5
09/27/2022,198.53,"677,091",201.26,201.8,196.44
09/26/2022,199.62,"654,741",198.81,202.15,197.89
09/23/2022,199.31,"544,019",200.45,201.11,197.03
09/22/2022,201.76,"410,285",202.89,204.27,200.6
09/21/2022,204.32,"461,753",207.72,210.5,204.19
09/20/2022,206.22,"481,760",208.0,208.0,204.97
09/19/2022,209.39,"560,710",203.9,209.4158,203.9
09/16/2022,204.93,"1,066,911",205.04,205.39,202.07
09/15/2022,205.84,"476,904",208.62,209.67,205.28
09/14/2022,208.04,"686,402",207.42,209.93,206.31
09/13/2022,207.97,"555,269",206.74,209.64,206.14
09/12/2022,211.17,"380,667",211.26,212.09,210.33
09/09/2022,210.04,"316,047",209.07,210.63,208.94
09/08/2022,208.59,"346,756",206.51,208.83,204.92
09/07/2022,207.24,"474,276",201.3,207.31,201.3
09/06/2022,200.93,"294,167",200.66,202.1625,199.51
09/02/2022,200.02,"189,571",204.79,205.38,199.4
09/01/2022,202.61,"298,089",200.58,202.74,198.62
08/31/2022,201.21,"455,305",203.16,204.365,200.515
08/30/2022,202.59,"189,593",204.7,205.3,201.7
08/29/2022,204.8,"204,454",204.24,205.99,203.6
08/26/2022,205.46,"202,348",213.64,213.64,204.95
08/25/2022,213.46,"174,856",212.36,213.46,210.8
08/24/2022,211.43,"272,429",211.61,212.9,210.1
08/23/2022,211.43,"258,094",210.25,212.285,210.06
08/22/2022,211.01,"378,485",212.76,213.75,210.5
08/19/2022,215.54,"966,429",216.45,216.86,214.45
08/18/2022,217.63,"278,790",216.57,218.04,215.72
08/17/2022,215.9,"230,111",214.97,217.09,214.63
08/16/2022,217.41,"358,067",215.01,218.66,214.65
08/15/2022,216.12,"452,538",213.62,216.29,213.465
08/12/2022,215.2,"381,074",215.11,216.19,213.52
08/11/2022,214.02,"251,067",215.29,216.73,213.58
08/10/2022,213.72,"366,197",213.36,214.41,212.12
08/09/2022,209.46,"271,129",210.66,211.425,208.98
08/08/2022,211.13,"281,446",213.12,213.12,210.23
08/05/2022,211.93,"438,251",209.07,212.68,208.61
08/04/2022,210.93,"282,171",209.84,211.515,209.3
08/03/2022,209.85,"325,200",207.31,210.75,205.89
08/02/2022,206.62,"462,876",206.78,208.45,206.15
08/01/2022,208.3,"362,447",207.42,209.39,206.23
07/29/2022,208.75,"470,932",206.09,209.42,204.3
07/28/2022,206.08,"421,187",202.14,207.04,201.3795
07/27/2022,199.72,"573,513",197.0,200.81,193.64
07/26/2022,194.61,"538,425",192.43,194.815,191.3
07/25/2022,192.87,"373,207",192.89,193.19,191.515
07/22/2022,192.77,"343,752",192.81,195.15,191.76
07/21/2022,192.64,"458,482",189.85,192.67,188.65
07/20/2022,189.3,"493,040",188.89,191.35,188.51
07/19/2022,189.39,"385,315",184.64,189.76,184.53
07/18/2022,182.76,"317,439",184.71,186.04,182.02
07/15/2022,186.26,"412,143",184.64,187.32,183.23
07/14/2022,181.36,"326,558",179.81,181.94,177.26
07/13/2022,181.42,"337,309",179.97,183.1,178.84
07/12/2022,182.27,"327,892",186.26,188.15,181.74
07/11/2022,186.28,"294,508",184.88,187.96,184.66
07/08/2022,185.69,"389,720",186.81,187.3377,185.2
07/07/2022,187.36,"517,576",185.5,187.68,184.63
07/06/2022,185.28,"498,755",183.92,187.05,182.15
07/05/2022,184.44,"410,547",182.19,184.62,179.54
07/01/2022,183.66,"398,606",181.82,184.44,181.145
06/30/2022,181.63,"349,575",179.31,182.68,178.145
06/29/2022,181.08,"263,951",182.03,182.03,178.19
06/28/2022,180.84,"332,408",184.27,186.215,180.72
06/27/2022,184.19,"462,794",186.45,187.09,182.835
06/24/2022,185.56,"681,471",180.81,185.74,180.81
06/23/2022,179.6,"397,582",176.92,179.76,175.98
06/22/2022,176.99,"298,116",174.67,178.63,174.385
06/21/2022,176.25,"260,601",174.42,177.175,173.8897
06/17/2022,173.06,"645,593",172.82,175.685,172.185
06/16/2022,173.41,"399,864",175.32,175.62,172.49
06/15/2022,179.66,"369,972",181.1,181.79,177.24
06/14/2022,179.41,"343,528",180.19,181.635,177.995
06/13/2022,180.12,"242,278",181.22,182.62,179.14
06/10/2022,185.28,"337,359",187.74,188.6,184.45
06/09/2022,191.15,"190,554",193.66,195.36,191.055
06/08/2022,194.43,"172,778",195.55,196.87,194.26
06/07/2022,196.82,"249,146",193.49,196.995,192.85
06/06/2022,195.01,"170,135",196.15,197.23,194.66
06/03/2022,195.16,"200,509",194.72,195.32,193.64
06/02/2022,196.18,"219,123",191.85,196.66,191.54
06/01/2022,191.4,"301,024",192.55,192.64,188.39
05/31/2022,191.55,"584,326",189.98,192.6,187.875
05/27/2022,192.14,"397,231",191.11,192.29,189.68
05/26/2022,189.11,"246,471",187.5,190.275,187.12
05/25/2022,185.24,"428,330",186.77,186.79,184.055
05/24/2022,187.47,"316,618",185.21,188.18,182.83
05/23/2022,185.5,"409,728",186.0,188.06,184.6
05/20/2022,185.49,"1,351,390",184.37,185.79,180.53
05/19/2022,183.19,"417,806",179.98,185.68,179.3
05/18/2022,181.53,"463,411",186.92,186.93,181.035
05/17/2022,189.13,"299,298",188.56,189.28,186.1085
05/16/2022,185.47,"339,268",184.1,186.845,180.69
05/13/2022,186.17,"295,443",185.74,188.21,183.795
05/12/2022,184.48,"458,794",181.97,185.5725,181.13
05/11/2022,182.54,"618,420",183.71,187.945,182.41
05/10/2022,184.79,"639,515",190.51,190.51,182.27
05/09/2022,189.0,"599,960",186.07,191.81,185.22
05/06/2022,188.06,"428,320",188.64,188.95,183.46
05/05/2022,189.76,"374,165",195.75,197.09,188.3
05/04/2022,197.49,"420,742",190.53,198.21,189.27
05/03/2022,191.14,"381,975",189.93,193.13,189.25
05/02/2022,190.08,"564,404",190.13,192.38,186.5
04/29/2022,189.82,"517,237",196.02,196.49,189.46
04/28/2022,195.94,"584,750",192.52,196.26,190.355
04/27/2022,192.15,"820,344",192.2,195.025,187.63
04/26/2022,186.85,"410,335",189.86,191.32,186.85
04/25/2022,191.71,"504,329",191.37,191.76,186.97
04/22/2022,191.42,"289,981",194.32,194.32,191.27
04/21/2022,196.03,"290,320",198.95,200.16,194.315
04/20/2022,197.17,"320,679",195.64,198.72,194.19
04/19/2022,193.61,"315,048",189.81,193.7,189.81
04/18/2022,189.05,"215,793",189.61,191.76,188.25
04/14/2022,190.56,"313,893",195.67,197.205,190.42
04/13/2022,195.1,"297,766",192.95,195.69,192.95
04/12/2022,193.76,"326,831",195.7,198.15,192.98
04/11/2022,195.13,"630,807",197.0,197.9,194.94
04/08/2022,196.84,"436,647",198.97,201.12,196.56
04/07/2022,198.72,"1,071,388",193.5,199.66,193.5
04/06/2022,194.59,"549,569",190.15,194.78,189.465
04/05/2022,192.13,"389,090",193.39,194.67,191.25
04/04/2022,193.48,"673,714",191.87,193.76,188.84
04/01/2022,192.16,"488,094",192.72,193.33,190.59
03/31/2022,191.73,"618,974",195.54,195.54,190.89
03/30/2022,195.37,"606,767",197.7,198.34,194.35
03/29/2022,198.45,"543,718",196.3,198.78,195.53
03/28/2022,194.71,"366,874",195.42,196.26,192.97
03/25/2022,195.17,"522,003",194.81,195.79,192.86
03/24/2022,194.21,"371,228",194.17,194.91,192.78
03/23/2022,193.4,"322,412",195.23,197.28,192.76
03/22/2022,197.25,"306,850",199.69,199.69,196.82
03/21/2022,198.47,"453,297",198.38,199.42,196.455
03/18/2022,198.99,"778,616",201.85,201.85,195.745
03/17/2022,197.97,"358,197",194.56,198.915,194.56
03/16/2022,196.13,"306,766",193.64,197.415,192.61
03/15/2022,192.68,"313,686",190.22,193.04,189.61
03/14/2022,189.09,"313,073",192.27,193.09,188.13
03/11/2022,189.64,"495,425",190.92,191.73,189.54
03/10/2022,188.84,"322,163",188.96,191.21,187.11
03/09/2022,191.94,"608,247",187.87,193.22,187.57
03/08/2022,183.29,"700,260",189.05,191.32,182.99
03/07/2022,188.38,"281,797",192.31,192.62,188.14
03/04/2022,192.16,"492,838",192.62,195.195,191.29
03/03/2022,194.54,"399,620",193.93,195.94,191.605
03/02/2022,193.09,"366,522",189.85,193.86,188.415
03/01/2022,188.72,"583,486",191.85,192.2,186.21
02/28/2022,191.9,"781,366",189.95,192.78,188.9
02/25/2022,192.49,"351,630",188.92,193.43,187.98
02/24/2022,188.99,"523,774",182.83,189.41,181.66
02/23/2022,185.48,"444,987",189.3,190.235,185.3
02/22/2022,188.68,"471,650",189.85,191.03,187.56
02/18/2022,189.34,"648,758",188.49,190.855,188.45
02/17/2022,188.71,"618,883",188.07,191.12,187.94
02/16/2022,189.98,"429,964",191.38,192.2,189.36
02/15/2022,191.27,"644,251",194.09,194.87,189.99
02/14/2022,191.68,"733,887",190.21,193.02,189.64
02/11/2022,189.84,"712,552",195.11,195.475,188.155
02/10/2022,194.65,"492,812",195.57,199.42,193.42
02/09/2022,198.85,"485,074",200.0,200.99,198.465
02/08/2022,197.74,"509,861",198.89,199.37,196.51
02/07/2022,197.98,"641,884",198.0,199.87,196.85
02/04/2022,197.48,"588,739",201.0,201.9711,196.63
02/03/2022,202.62,"597,417",206.37,206.45,201.42
02/02/2022,206.5,"1,126,197",215.76,216.23,205.96
02/01/2022,216.23,"400,075",215.09,217.03,213.41
01/31/2022,215.44,"389,496",210.83,215.66,209.41
01/28/2022,211.29,"286,494",207.52,211.4,204.95
01/27/2022,208.67,"357,088",213.24,215.34,207.16
01/26/2022,211.68,"459,366",216.73,220.115,209.58
01/25/2022,215.48,"412,852",216.78,218.59,211.41
01/24/2022,220.6,"584,194",216.69,221.41,213.18
01/21/2022,219.15,"635,311",215.57,220.87,214.37
01/20/2022,216.1,"394,098",217.06,219.54,214.785
01/19/2022,216.1,"339,468",218.65,219.5,215.52
01/18/2022,217.61,"475,652",217.58,218.37,212.89
01/14/2022,220.31,"436,935",224.03,224.56,218.19
01/13/2022,226.21,"210,878",226.45,228.045,225.34
01/12/2022,226.93,"240,893",226.97,228.62,226.175
01/11/2022,226.16,"226,643",225.47,226.2982,220.76
01/10/2022,224.84,"285,223",225.34,226.23,222.3
01/07/2022,227.57,"272,507",230.65,231.13,226.82
01/06/2022,230.67,"208,637",231.42,233.37,230.155
01/05/2022,231.35,"275,814",236.29,237.61,231.24
01/04/2022,235.52,"298,720",231.4,236.17,231.375
01/03/2022,230.69,"289,730",236.32,236.65,228.685
12/31/2021,236.32,"471,007",235.42,237.12,234.935
12/30/2021,235.43,"293,044",236.6,237.0384,235.055
12/29/2021,235.83,"379,288",235.59,236.695,234.08
12/28/2021,234.97,"171,659",232.96,235.33,232.94
12/27/2021,233.62,"273,967",231.71,233.81,230.73
12/23/2021,230.64,"355,980",229.84,232.7,229.835
12/22/2021,229.05,"278,117",228.76,231.28,227.83
12/21/2021,228.46,"288,647",225.34,228.74,224.91
12/20/2021,223.49,"553,476",226.52,227.31,222.06
12/17/2021,228.73,"796,730",238.41,239.395,227.89
12/16/2021,239.5,"336,151",238.78,240.33,237.3083
12/15/2021,237.81,"284,392",234.69,238.22,233.23
12/14/2021,234.14,"200,288",235.98,236.65,232.863
12/13/2021,236.53,"221,388",236.29,237.39,234.4
12/10/2021,236.29,"193,572",235.92,236.81,234.85
12/09/2021,235.35,"181,423",236.42,237.01,235.35
12/08/2021,237.09,"173,538",235.22,237.26,233.8
12/07/2021,235.14,"286,711",236.6,238.5,234.605
12/06/2021,234.69,"359,271",232.11,236.85,230.28
12/03/2021,228.29,"256,122",229.02,229.47,225.76
12/02/2021,228.21,"380,979",221.82,229.82,221.47
12/01/2021,221.15,"326,683",227.08,229.94,220.93
11/30/2021,224.59,"939,660",232.68,233.6,223.51
11/29/2021,234.42,"279,289",233.03,234.9125,230.55
11/26/2021,230.94,"283,523",233.21,237.16,230.56
11/24/2021,236.07,"205,887",235.81,237.33,234.785
11/23/2021,236.37,"212,608",236.01,236.68,233.3
11/22/2021,235.32,"318,940",234.91,238.06,234.81
11/19/2021,234.42,"246,486",236.51,237.79,234.42
11/18/2021,235.84,"136,975",236.34,236.71,234.75
11/17/2021,236.16,"148,927",235.99,236.47,233.99
11/16/2021,236.5,"199,480",234.75,238.56,234.75
11/15/2021,234.61,"205,926",235.74,236.385,233.69
11/12/2021,235.05,"186,542",234.56,235.81,233.47
11/11/2021,233.58,"147,400",235.36,235.48,232.73
11/10/2021,235.54,"144,663",236.06,236.3026,234.53
11/09/2021,235.86,"205,452",235.24,236.59,234.935
11/08/2021,235.46,"223,854",236.49,236.49,233.225
11/05/2021,234.51,"257,171",235.79,236.67,233.78
11/04/2021,233.38,"217,152",230.84,234.44,230.84
11/03/2021,230.32,"242,899",231.17,231.94,227.8
11/02/2021,231.9,"465,652",224.98,232.27,223.36
11/01/2021,223.9,"287,974",222.99,224.58,221.21
10/29/2021,222.57,"332,037",222.77,225.975,221.09
10/28/2021,222.96,"343,963",222.22,224.29,220.02
10/27/2021,222.22,"677,695",221.66,228.0,217.87
10/26/2021,219.96,"299,135",221.83,221.83,219.0
10/25/2021,221.19,"312,390",221.04,223.03,218.35
10/22/2021,221.07,"201,324",221.12,222.92,220.61
10/21/2021,220.25,"356,072",217.48,220.4,216.63
10/20/2021,218.09,"349,490",218.64,220.05,216.82
10/19/2021,216.25,"293,882",214.79,216.41,213.19
10/18/2021,213.38,"225,905",212.02,214.205,211.38
10/15/2021,213.45,"347,467",214.74,215.79,213.16
10/14/2021,213.28,"219,003",207.15,213.3894,207.15
10/13/2021,206.07,"371,721",207.28,207.28,204.42
10/12/2021,205.78,"268,700",207.8,208.435,205.245
10/11/2021,207.16,"220,049",211.3,212.49,207.07
10/08/2021,211.82,"222,761",213.61,214.055,211.205
10/07/2021,213.83,"288,901",213.37,216.46,213.37
10/06/2021,211.74,"220,391",209.36,211.91,207.14
10/05/2021,211.04,"486,274",209.06,212.8,207.45
10/04/2021,208.44,"431,565",209.52,210.35,206.07
10/01/2021,210.15,"312,170",208.27,211.92,206.06
09/30/2021,206.95,"387,355",213.75,213.75,206.87
09/29/2021,213.0,"244,059",212.1,214.15,210.93
09/28/2021,211.58,"270,747",215.49,216.71,211.35
09/27/2021,215.4,"204,502",216.33,218.33,215.34
09/24/2021,216.68,"132,647",216.16,217.33,215.995
09/23/2021,217.23,"228,312",216.78,217.97,216.265
09/22/2021,215.2,"249,520",215.04,216.795,214.2743
09/21/2021,213.41,"217,795",215.23,215.92,212.83
09/20/2021,214.71,"346,161",212.83,215.175,211.74
09/17/2021,215.75,"600,508",217.69,219.45,215.405
09/16/2021,218.37,"391,698",219.19,219.4,216.1
09/15/2021,219.13,"332,970",215.63,219.73,215.105
09/14/2021,215.92,"496,117",215.79,218.22,214.96
09/13/2021,214.47,"336,479",219.03,219.12,214.085
09/10/2021,217.16,"348,224",219.34,219.5,217.01
09/09/2021,217.74,"245,327",219.39,220.09,217.31
09/08/2021,219.1,"397,993",216.22,219.46,215.1101
09/07/2021,217.17,"277,832",222.11,223.27,216.89
09/03/2021,222.57,"263,937",223.56,224.97,222.22
09/02/2021,224.22,"602,198",221.94,224.705,221.325
09/01/2021,220.63,"467,378",224.41,224.41,219.96
08/31/2021,224.0,"531,503",226.28,226.28,222.83
08/30/2021,225.95,"505,040",225.99,227.73,225.54
08/27/2021,225.3,"392,041",226.81,227.73,225.15
08/26/2021,225.85,"172,824",226.07,226.39,224.5801
08/25/2021,226.43,"308,390",224.74,226.55,224.12
08/24/2021,224.63,"340,058",222.73,225.32,222.37
08/23/2021,221.72,"273,580",221.63,223.13,221.345
08/20/2021,221.29,"267,993",220.81,222.55,220.36
08/19/2021,220.67,"280,253",217.41,221.22,217.41
08/18/2021,219.55,"494,719",222.75,222.75,219.22
08/17/2021,223.73,"196,265",226.21,226.21,221.14
08/16/2021,227.36,"304,158",223.6,227.67,222.08
08/13/2021,223.99,"358,048",226.16,226.655,223.63
08/12/2021,226.5,"410,689",228.12,228.35,225.57
08/11/2021,227.98,"191,705",227.01,228.225,225.98
08/10/2021,227.0,"223,099",227.03,229.22,225.88
08/09/2021,226.3,"184,900",227.2,227.35,225.72
08/06/2021,227.67,"216,058",227.95,228.29,226.54
08/05/2021,227.11,"233,119",228.02,229.11,226.61
08/04/2021,226.78,"217,401",227.61,229.18,225.89
08/03/2021,228.77,"211,341",226.75,229.44,225.31
08/02/2021,225.94,"401,179",228.07,229.82,225.75
07/30/2021,226.69,"258,003",223.2,226.77,222.045
07/29/2021,223.05,"421,132",221.11,223.23,219.75
07/28/2021,219.62,"550,107",216.15,226.91,212.87
07/27/2021,226.25,"312,631",225.31,227.45,223.76
07/26/2021,226.13,"247,201",227.92,227.98,225.15
07/23/2021,227.8,"261,069",227.98,227.98,226.13
07/22/2021,226.21,"299,304",227.38,227.38,225.33
07/21/2021,227.46,"401,572",229.58,231.13,226.78
07/20/2021,228.29,"319,156",223.14,228.84,223.14
07/19/2021,222.35,"447,079",224.42,224.42,218.86
07/16/2021,226.67,"1,664,302",225.57,227.705,224.92
07/15/2021,224.69,"441,508",223.08,226.11,223.08
07/14/2021,223.92,"447,572",223.56,224.98,221.29
07/13/2021,223.43,"336,405",224.6,225.64,222.47
07/12/2021,224.5,"451,318",222.09,224.92,221.98
07/09/2021,224.27,"361,755",223.8,225.74,223.8
07/08/2021,220.68,"325,847",220.97,222.23,219.15
07/07/2021,223.45,"332,320",219.58,223.71,219.58
07/06/2021,219.37,"302,186",221.0,221.58,217.05
07/02/2021,221.02,"227,333",220.42,221.27,219.15
07/01/2021,219.87,"325,287",221.73,221.73,219.01
06/30/2021,220.05,"326,317",219.96,221.3,219.52
06/29/2021,220.57,"318,743",220.98,221.61,218.91
06/28/2021,219.92,"326,600",219.82,220.73,217.85
06/25/2021,219.82,"375,800",219.76,222.02,219.34
06/24/2021,218.8,"445,147",218.53,220.06,217.17
06/23/2021,217.64,"370,318",217.28,220.08,216.01
06/22/2021,217.46,"293,379",217.79,219.52,216.41
06/21/2021,217.11,"274,215",213.85,217.43,213.46
06/18/2021,211.78,"647,016",211.83,214.36,211.74
06/17/2021,214.66,"384,792",217.59,218.41,212.445
06/16/2021,217.74,"299,480",222.86,222.86,217.57
06/15/2021,222.46,"302,478",221.3,223.26,219.65
06/14/2021,220.83,"256,513",219.78,220.89,217.55
06/11/2021,220.25,"252,511",221.35,221.835,218.34
06/10/2021,220.01,"354,887",221.86,222.425,219.85
06/09/2021,221.01,"321,045",222.45,222.93,220.92
06/08/2021,223.18,"219,202",223.04,223.615,220.77
06/07/2021,222.75,"259,098",225.75,225.82,221.675
06/04/2021,225.39,"219,477",223.36,225.53,223.36
06/03/2021,223.2,"146,603",223.12,223.93,221.49
06/02/2021,223.41,"243,701",224.1,224.895,222.71
06/01/2021,223.87,"327,436",224.99,226.1,223.53
05/28/2021,222.66,"261,284",221.42,223.38,219.91
05/27/2021,221.87,"338,352",223.72,223.72,221.74
05/26/2021,221.34,"254,423",223.48,223.48,220.04
05/25/2021,221.52,"287,801",220.8,222.64,219.71
05/24/2021,220.76,"157,702",221.66,221.66,218.925
05/21/2021,219.96,"267,390",220.7,221.5401,218.915
05/20/2021,220.03,"252,722",218.17,220.69,216.93
05/19/2021,217.42,"646,173",219.61,219.61,216.0
05/18/2021,221.38,"354,349",223.69,223.69,220.83
05/17/2021,223.84,"247,514",223.58,224.39,221.4
05/14/2021,224.36,"189,652",223.74,226.32,223.42
05/13/2021,223.27,"236,106",219.1,224.48,218.925
05/12/2021,218.21,"524,136",224.18,224.25,218.05
05/11/2021,224.75,"345,868",225.8,225.8,222.57
05/10/2021,226.86,"478,599",226.57,228.94,226.57
05/07/2021,226.0,"368,187",225.65,227.57,225.025
05/06/2021,226.34,"263,676",226.69,227.13,224.78
05/05/2021,225.69,"266,911",228.0,228.0,224.1
05/04/2021,227.34,"434,660",222.62,228.11,222.575
05/03/2021,223.5,"385,102",225.62,225.62,223.06
04/30/2021,224.2,"373,898",226.86,226.96,223.37
04/29/2021,228.15,"359,517",226.12,228.31,225.175
04/28/2021,225.0,"545,074",235.76,235.76,222.32
04/27/2021,226.19,"296,932",224.79,227.18,224.36
04/26/2021,225.44,"390,007",226.72,228.06,225.23
04/23/2021,225.19,"572,469",225.79,226.285,225.06
04/22/2021,224.9,"247,775",225.42,226.73,224.2
04/21/2021,224.63,"478,993",222.5,225.85,222.43
04/20/2021,222.47,"375,637",220.11,222.83,219.68
04/19/2021,219.85,"374,431",220.57,221.35,218.87
04/16/2021,220.57,"2,171,521",219.94,222.31,218.865
04/15/2021,218.05,"563,445",215.96,218.35,214.51
04/14/2021,215.47,"420,398",216.98,218.6,214.66
04/13/2021,216.54,"508,614",217.77,218.39,215.55
04/12/2021,218.24,"682,287",216.85,220.4,216.85
04/09/2021,217.42,"511,100",216.6,218.58,215.13
04/08/2021,215.32,"403,377",213.9,216.6,213.9
04/07/2021,214.29,"263,875",214.48,216.02,212.87
04/06/2021,215.01,"341,459",214.91,217.03,214.2
04/05/2021,214.66,"211,239",213.0,215.23,212.5
04/01/2021,212.25,"377,667",209.58,212.43,206.715
03/31/2021,209.32,"443,887",211.06,212.35,208.56
03/30/2021,210.46,"426,018",209.36,211.18,208.215
03/29/2021,208.14,"299,748",205.25,209.65,204.59
03/26/2021,206.55,"211,936",202.96,206.8,202.715
03/25/2021,201.63,"393,490",201.1,202.19,198.17
03/24/2021,201.34,"337,829",198.56,203.505,198.56
03/23/2021,197.88,"376,743",196.95,199.75,196.36
03/22/2021,198.16,"515,822",198.18,198.57,194.19
03/19/2021,199.14,"712,171",199.7,200.43,197.9939
03/18/2021,200.42,"455,908",197.12,200.66,196.49
03/17/2021,197.22,"691,617",198.98,199.62,195.42
03/16/2021,198.74,"529,198",203.02,203.56,197.07
03/15/2021,203.46,"318,993",199.56,203.47,198.06
03/12/2021,199.35,"387,553",199.97,199.97,196.68
03/11/2021,199.03,"310,628",200.66,202.89,198.78
03/10/2021,200.24,"558,380",197.55,200.71,197.36
03/09/2021,197.64,"291,633",198.53,201.76,197.54
03/08/2021,198.74,"548,608",198.95,201.55,197.44
03/05/2021,197.96,"412,799",197.27,198.33,191.38
03/04/2021,195.13,"351,285",198.4,199.14,192.55
03/03/2021,199.18,"248,607",200.12,201.01,198.83
03/02/2021,199.77,"282,384",200.0,200.63,197.555
03/01/2021,199.91,"267,314",196.5,202.4,196.5
02/26/2021,195.17,"342,977",197.6,197.64,194.54
02/25/2021,197.11,"262,542",197.39,198.925,195.94
02/24/2021,197.93,"353,846",196.32,199.77,196.03
02/23/2021,196.81,"530,192",197.91,199.92,194.94
02/22/2021,197.3,"360,930",195.2,197.99,194.58
02/19/2021,196.75,"364,486",195.2,197.94,194.4506
02/18/2021,193.62,"348,995",193.06,193.72,190.95
02/17/2021,193.5,"570,469",196.81,196.81,192.67
02/16/2021,197.29,"449,969",200.12,202.88,197.28
02/12/2021,199.87,"353,314",197.32,199.95,197.15
02/11/2021,198.0,"484,763",199.94,200.23,196.8
02/10/2021,199.36,"359,762",198.9,200.25,198.21
02/09/2021,197.56,"433,016",198.54,199.49,195.97
02/08/2021,198.43,"870,104",193.25,199.39,191.69
02/05/2021,192.35,"1,101,677",190.56,195.17,190.56
02/04/2021,189.62,"729,889",195.95,202.71,188.04
02/03/2021,194.79,"480,332",193.72,195.54,192.83
02/02/2021,193.8,"532,477",191.44,195.37,190.34
02/01/2021,189.42,"306,481",187.91,191.51,186.63
01/29/2021,186.19,"549,800",188.01,188.73,185.23
01/28/2021,188.78,"378,754",191.05,193.04,188.62
01/27/2021,188.33,"421,855",190.8,192.36,186.26
01/26/2021,193.43,"225,207",195.48,196.01,191.28
01/25/2021,194.13,"480,153",195.6,197.65,192.8
01/22/2021,196.54,"401,428",195.12,197.66,193.71
01/21/2021,195.53,"408,906",197.98,199.76,193.53
01/20/2021,198.28,"847,182",194.72,199.48,194.53
01/19/2021,193.43,"630,397",195.16,196.88,193.26
01/15/2021,194.04,"488,880",197.97,198.02,192.99
01/14/2021,199.28,"400,610",199.89,202.19,198.75
01/13/2021,202.92,"290,778",206.8,206.8,202.33
01/12/2021,208.35,"317,649",209.33,211.71,207.15
01/11/2021,208.57,"326,397",205.45,209.36,205.45
01/08/2021,206.92,"250,552",207.75,208.95,204.16
01/07/2021,208.24,"379,880",202.21,208.66,202.21
01/06/2021,202.18,"517,038",197.61,203.21,196.57
01/05/2021,194.93,"252,711",195.46,197.69,194.15
01/04/2021,195.31,"339,492",198.84,199.19,193.91
12/31/2020,199.2,"290,028",196.89,199.445,195.97
12/30/2020,196.63,"210,519",196.21,197.3,195.73
12/29/2020,195.23,"179,401",196.43,197.31,193.06
12/28/2020,195.91,"132,784",197.5,198.8787,195.54
12/24/2020,196.56,"152,883",194.9,196.56,192.885
12/23/2020,194.81,"264,964",196.35,197.7,194.31
12/22/2020,196.39,"418,177",197.56,198.24,195.49
12/21/2020,198.33,"369,199",195.97,198.5,192.64
12/18/2020,198.55,"663,742",198.01,199.4,195.77
12/17/2020,197.88,"269,533",195.73,198.71,195.73
12/16/2020,195.39,"283,971",196.23,196.56,194.21
12/15/2020,196.4,"454,761",193.88,197.675,193.88
12/14/2020,192.67,"416,461",194.13,195.75,192.58
12/11/2020,192.93,"304,257",191.02,193.44,190.17
12/10/2020,191.87,"329,026",194.09,194.82,191.045
12/09/2020,194.46,"310,474",194.26,195.185,192.18
12/08/2020,194.08,"350,503",189.76,195.66,189.76
12/07/2020,190.92,"192,561",192.72,192.78,190.18
12/04/2020,192.78,"285,715",191.5,193.205,191.29
12/03/2020,190.26,"275,112",189.94,191.76,189.05
12/02/2020,189.88,"532,060",194.22,195.39,189.64
12/01/2020,195.14,"552,737",196.01,198.775,194.77
11/30/2020,193.15,"437,788",191.33,193.25,189.81
11/27/2020,192.36,"95,667",192.8,193.4344,191.0
11/25/2020,191.67,"514,415",194.78,194.78,189.89
11/24/2020,194.49,"486,606",194.64,195.94,192.61
11/23/2020,193.38,"407,293",195.0,195.64,192.76
11/20/2020,193.97,"407,901",195.92,195.92,192.49
11/19/2020,196.07,"274,370",196.9,197.61,194.17
11/18/2020,197.46,"477,795",196.63,199.5,195.16
11/17/2020,197.19,"360,356",196.41,197.85,194.115
11/16/2020,197.26,"371,892",195.61,197.48,193.6
11/13/2020,193.17,"373,803",190.78,193.87,189.42
11/12/2020,189.04,"422,251",190.54,191.0065,186.73
11/11/2020,191.44,"438,319",196.22,196.22,190.6
11/10/2020,195.96,"702,866",188.92,197.5,187.39
11/09/2020,187.81,"717,070",191.38,196.56,187.6
11/06/2020,183.02,"437,050",177.41,183.51,176.62
11/05/2020,177.77,"504,613",179.51,181.74,176.97
11/04/2020,176.9,"319,947",182.01,182.01,176.85
11/03/2020,180.42,"505,216",180.99,184.27,178.83
11/02/2020,178.76,"648,877",172.97,178.84,172.45
10/30/2020,170.39,"682,962",169.17,170.41,166.51
10/29/2020,168.73,"1,167,115",172.73,173.73,167.73
10/28/2020,172.57,"1,124,967",176.54,180.0,172.29
10/27/2020,186.0,"527,270",189.37,190.105,185.95
10/26/2020,190.08,"299,062",190.16,190.49,186.84
10/23/2020,191.63,"298,204",190.46,191.805,189.02
10/22/2020,189.07,"287,720",190.91,192.34,188.99
10/21/2020,190.45,"303,776",191.14,193.59,190.38
10/20/2020,190.94,"372,308",190.72,194.3,190.67
10/19/2020,189.74,"329,568",193.36,193.8,188.47
10/16/2020,192.73,"1,249,854",190.54,193.14,190.54
10/15/2020,189.62,"411,757",186.66,189.77,185.43
10/14/2020,188.15,"408,798",185.15,189.32,184.81
10/13/2020,186.2,"321,009",188.27,189.17,184.85
10/12/2020,189.18,"497,286",190.76,190.76,184.94
10/09/2020,190.41,"258,426",190.47,191.36,188.91
10/08/2020,190.0,"333,467",190.02,190.9589,189.105
10/07/2020,189.18,"343,965",185.66,189.35,185.55
10/06/2020,183.8,"277,662",182.96,186.91,181.93
10/05/2020,182.91,"166,030",181.65,183.73,181.65
10/02/2020,179.92,"228,719",176.52,181.7,176.225
10/01/2020,178.12,"351,680",184.1,185.21,177.1275
09/30/2020,182.41,"494,716",182.87,183.81,180.34
09/29/2020,181.75,"204,193",180.68,182.665,180.68
09/28/2020,181.32,"214,284",180.87,183.47,180.83
09/25/2020,179.03,"342,064",176.83,179.86,175.92
09/24/2020,177.76,"251,549",176.96,179.82,175.585
09/23/2020,176.51,"275,296",180.12,181.59,176.4
09/22/2020,180.34,"395,272",179.06,180.785,177.53
09/21/2020,178.25,"498,975",183.57,184.16,176.5
09/18/2020,186.04,"572,452",186.16,187.5,184.88
09/17/2020,186.52,"383,709",185.31,188.17,183.13
09/16/2020,186.46,"357,877",187.22,188.14,185.68
09/15/2020,186.21,"304,263",184.2,186.63,184.2
09/14/2020,184.1,"360,705",181.82,184.65,181.42
09/11/2020,181.12,"356,430",178.39,181.55,177.97
09/10/2020,177.4,"353,731",179.86,180.53,177.33
09/09/2020,179.69,"282,807",177.22,181.46,176.2
09/08/2020,176.01,"368,727",176.86,178.94,173.98
09/04/2020,177.62,"440,459",182.72,183.2,176.9
09/03/2020,180.15,"328,785",184.48,184.48,178.97
09/02/2020,184.17,"319,120",182.43,185.18,181.98
09/01/2020,182.08,"234,189",179.55,182.56,178.81
08/31/2020,180.23,"361,799",180.69,180.69,178.97
08/28/2020,180.89,"284,692",178.73,180.9,177.63
08/27/2020,178.74,"335,459",180.63,181.25,178.68
08/26/2020,180.0,"280,883",179.53,180.59,178.38
08/25/2020,179.7,"480,560",180.9,181.085,179.11
08/24/2020,180.59,"337,735",179.02,181.13,178.87
08/21/2020,178.85,"637,142",176.38,179.58,175.84
08/20/2020,176.28,"370,380",174.49,176.31,173.58
08/19/2020,175.79,"300,931",177.22,177.5707,175.38
08/18/2020,176.56,"377,192",174.81,177.18,174.81
08/17/2020,174.86,"295,460",176.66,177.12,174.17
08/14/2020,176.7,"429,288",173.82,177.08,173.44
08/13/2020,174.86,"276,703",175.85,175.85,173.64
08/12/2020,176.98,"407,245",175.21,177.62,174.26
08/11/2020,174.02,"499,368",172.0,175.96,171.44
08/10/2020,171.21,"460,978",167.22,171.25,167.22
08/07/2020,167.54,"365,689",166.66,167.56,165.705
08/06/2020,166.52,"201,319",166.07,166.6208,164.58
08/05/2020,166.15,"332,381",165.96,167.36,165.82
08/04/2020,165.05,"225,532",165.44,166.03,164.33
08/03/2020,166.29,"350,847",165.58,167.5717,165.36
07/31/2020,164.82,"302,863",164.3,165.12,162.78
07/30/2020,164.6,"332,661",164.94,165.65,162.605
07/29/2020,166.6,"266,680",166.38,167.795,165.905
07/28/2020,165.38,"282,507",169.22,169.52,165.35
07/27/2020,169.56,"503,283",168.54,171.03,167.11
07/24/2020,167.67,"622,187",170.34,170.34,165.04
07/23/2020,170.91,"511,197",170.32,172.36,169.64
07/22/2020,169.34,"467,128",170.15,171.725,169.28
07/21/2020,170.15,"417,154",169.46,171.88,169.01
07/20/2020,168.98,"342,999",169.2,170.25,167.13
07/17/2020,169.57,"327,158",169.68,170.33,168.16
07/16/2020,168.46,"332,938",167.76,169.145,167.0
07/15/2020,168.12,"599,960",164.33,168.47,163.31
07/14/2020,162.79,"373,646",159.08,163.295,159.03
07/13/2020,159.44,"345,607",157.99,161.55,157.99
07/10/2020,156.94,"252,301",157.24,157.7,155.825
07/09/2020,157.19,"315,099",156.94,158.39,155.16
07/08/2020,157.81,"180,046",158.41,159.1,156.69
07/07/2020,158.33,"229,392",158.9,160.62,157.62
07/06/2020,160.03,"350,252",160.35,160.69,158.24
07/02/2020,157.89,"347,155",157.45,160.0,156.88
07/01/2020,155.84,"264,067",158.25,158.47,155.275
06/30/2020,158.04,"411,052",153.86,159.03,153.43
06/29/2020,154.39,"412,019",155.84,156.05,153.49
06/26/2020,154.76,"1,808,621",151.6,155.58,151.5
06/25/2020,152.19,"559,282",148.7,152.3,145.85
06/24/2020,148.76,"426,142",152.81,152.81,148.42
06/23/2020,154.3,"447,508",155.01,155.95,154.19
06/22/2020,153.44,"392,884",151.76,154.58,150.63
06/19/2020,153.24,"545,518",156.23,156.23,151.79
06/18/2020,153.11,"308,125",153.89,155.12,152.32
06/17/2020,154.68,"322,018",155.77,156.49,154.15
06/16/2020,154.99,"353,638",157.27,158.56,152.91
06/15/2020,152.72,"456,068",149.26,154.02,148.45
06/12/2020,152.59,"592,831",155.51,155.51,149.23
06/11/2020,151.12,"656,448",156.15,156.27,151.03
06/10/2020,160.18,"416,224",162.51,163.3,159.715
06/09/2020,162.11,"501,518",165.07,165.91,161.88
06/08/2020,166.86,"545,779",167.16,169.18,165.44
06/05/2020,167.29,"469,579",167.39,167.8,163.75
06/04/2020,163.96,"484,399",164.4,164.4,162.315
06/03/2020,165.86,"657,690",161.45,166.21,161.16
06/02/2020,159.9,"475,787",158.78,159.92,157.65
06/01/2020,158.12,"361,093",159.51,160.46,157.01
05/29/2020,159.37,"538,068",156.93,159.66,155.7606
05/28/2020,157.47,"657,661",160.68,160.984,156.99
05/27/2020,159.21,"509,031",157.39,159.32,155.49
05/26/2020,155.09,"398,872",154.2,157.03,153.7
05/22/2020,150.45,"383,211",151.55,151.94,148.825
05/21/2020,151.56,"376,782",151.94,152.51,149.69
05/20/2020,152.37,"402,182",152.93,154.75,152.01
05/19/2020,151.15,"440,488",154.21,155.4,150.93
05/18/2020,154.63,"452,702",152.46,155.63,152.46
05/15/2020,148.42,"2,239,506",148.14,152.89,147.93
05/14/2020,149.03,"752,911",144.42,149.24,141.86
05/13/2020,146.8,"573,769",147.67,148.84,144.31
05/12/2020,148.07,"347,471",153.96,153.96,148.0
05/11/2020,153.56,"491,882",153.09,153.9,150.86
05/08/2020,154.7,"479,512",155.82,157.97,153.62
05/07/2020,153.4,"448,247",154.1,155.21,152.89
05/06/2020,151.7,"512,431",152.38,153.09,150.25
05/05/2020,151.78,"346,698",152.76,153.87,151.49
05/04/2020,150.63,"406,347",150.0,150.77,147.43
05/01/2020,151.29,"362,771",151.63,153.03,149.7
04/30/2020,153.63,"660,264",156.22,156.25,152.97
04/29/2020,157.88,"470,468",160.0,161.65,156.85
04/28/2020,157.78,"496,038",158.5,162.12,155.98
04/27/2020,156.29,"543,303",154.77,157.3,153.02
04/24/2020,152.72,"772,475",146.37,154.21,143.63
04/23/2020,152.36,"536,424",151.5,155.37,151.32
04/22/2020,151.66,"415,780",151.71,152.49,147.59
04/21/2020,148.63,"457,371",148.08,150.35,146.7
04/20/2020,151.58,"389,059",150.57,153.085,148.29
04/17/2020,152.73,"550,450",150.27,153.63,150.15
04/16/2020,146.83,"496,446",145.6,147.22,143.12
04/15/2020,145.4,"451,688",146.24,147.28,143.28
04/14/2020,150.22,"537,676",150.09,152.09,148.96
04/13/2020,146.63,"470,291",151.58,152.77,145.28
04/09/2020,151.52,"573,013",152.66,155.28,150.61
04/08/2020,151.0,"571,583",145.81,152.56,145.14
04/07/2020,146.09,"902,144",148.04,151.06,145.76
04/06/2020,143.96,"1,056,570",143.26,145.95,142.56
04/03/2020,138.51,"852,320",135.02,139.4,135.02
04/02/2020,136.38,"971,329",132.68,138.34,132.68
04/01/2020,133.2,"1,031,174",132.75,135.33,130.74
03/31/2020,138.11,"1,064,308",138.71,140.7,135.2
03/30/2020,136.88,"940,936",132.45,137.595,127.48
03/27/2020,131.18,"860,208",122.66,134.19,121.62
03/26/2020,125.81,"1,468,034",120.48,127.475,117.02
03/25/2020,119.36,"1,326,673",119.84,125.065,118.54
03/24/2020,119.99,"1,354,041",120.33,121.435,116.26
03/23/2020,114.65,"944,969",115.65,120.255,109.721
03/20/2020,116.48,"1,066,603",125.41,125.41,114.8
03/19/2020,123.36,"1,286,094",113.38,124.922,111.57
03/18/2020,114.0,"1,052,117",109.91,119.585,104.555
03/17/2020,125.96,"959,691",118.33,126.35,117.1588
03/16/2020,115.7,"816,011",116.67,123.46,115.01
03/13/2020,130.85,"1,185,539",130.89,130.89,121.96
03/12/2020,123.14,"1,103,885",125.69,135.19,122.475
03/11/2020,134.87,"520,614",140.34,140.74,133.97
03/10/2020,144.45,"774,838",139.95,144.51,136.95
03/09/2020,135.69,"929,178",135.95,140.82,132.8
03/06/2020,146.24,"508,618",143.85,146.615,142.5
03/05/2020,148.21,"640,733",150.13,151.37,147.88
03/04/2020,153.9,"556,632",152.17,154.28,149.875
03/03/2020,149.42,"600,374",153.23,156.155,148.82
03/02/2020,153.04,"1,001,424",149.35,153.74,148.55
02/28/2020,148.0,"979,246",147.65,151.98,145.57
02/27/2020,152.15,"666,483",155.93,158.97,152.15
02/26/2020,159.31,"555,143",164.04,164.515,159.3
02/25/2020,162.84,"454,051",170.12,170.13,161.94
02/24/2020,169.44,"390,706",168.5,170.61,167.72
02/21/2020,173.35,"231,309",172.65,173.88,171.78
02/20/2020,173.58,"344,839",173.09,175.07,172.64
02/19/2020,173.54,"283,069",175.84,176.0,173.53
02/18/2020,174.95,"301,582",174.28,175.59,173.27
02/14/2020,174.79,"426,471",174.77,175.35,174.03
02/13/2020,174.69,"289,654",175.64,176.5,174.41
02/12/2020,176.81,"350,041",176.83,178.14,176.2
02/11/2020,176.05,"313,393",174.64,178.06,174.64
02/10/2020,174.47,"348,153",170.59,174.8,170.59
02/07/2020,171.35,"490,562",170.19,171.56,169.8
02/06/2020,171.19,"332,886",170.98,171.43,168.58
02/05/2020,170.42,"547,212",170.29,171.7,169.5
02/04/2020,169.09,"515,791",167.69,169.95,167.585
02/03/2020,165.06,"382,745",165.09,167.03,164.67
01/31/2020,163.85,"486,508",164.74,165.57,163.09
01/30/2020,165.92,"864,449",162.19,167.62,158.69
01/29/2020,172.14,"261,375",172.13,174.04,171.63
01/28/2020,171.28,"490,039",170.68,172.77,170.045
01/27/2020,169.78,"477,508",169.39,170.78,168.495
01/24/2020,172.14,"237,253",174.12,174.12,171.02
01/23/2020,173.74,"406,746",172.34,173.97,171.545
01/22/2020,173.0,"344,396",175.8,176.615,172.8
01/21/2020,174.86,"350,838",174.89,175.97,174.57
01/17/2020,175.85,"333,744",176.39,176.7,175.28
01/16/2020,175.67,"364,019",174.28,175.7,173.45
01/15/2020,173.12,"264,319",172.71,174.47,172.48
01/14/2020,172.46,"309,295",172.71,173.79,171.8
01/13/2020,173.34,"309,386",172.6,174.06,172.32
01/10/2020,172.07,"258,314",174.16,174.16,171.7
01/09/2020,173.89,"242,971",173.01,174.4,172.62
01/08/2020,172.18,"357,186",171.2,172.75,170.58
01/07/2020,170.81,"372,663",172.37,172.445,170.67
01/06/2020,172.94,"289,817",172.36,172.97,170.73
01/03/2020,172.76,"309,127",170.91,172.88,170.4286
01/02/2020,173.3,"326,524",172.83,173.32,171.15
12/31/2019,172.0,"307,649",171.87,172.67,171.36
12/30/2019,172.33,"154,694",172.82,172.9,171.82
12/27/2019,172.62,"147,383",173.1,173.15,172.03
12/26/2019,172.73,"134,933",172.32,172.99,171.495
12/24/2019,171.89,"82,854",173.43,173.43,171.67
12/23/2019,173.36,"473,315",171.93,173.95,170.9
12/20/2019,171.37,"1,242,483",168.85,171.37,168.255
12/19/2019,168.0,"443,542",169.23,169.23,167.1
12/18/2019,169.0,"505,029",169.23,169.32,167.19
12/17/2019,169.19,"400,942",167.97,169.27,167.5
12/16/2019,167.2,"502,692",168.51,168.51,166.75
12/13/2019,167.37,"370,331",166.42,168.15,166.12
12/12/2019,166.86,"349,867",163.97,167.07,163.32
12/11/2019,163.97,"295,895",163.57,164.105,163.3
12/10/2019,163.13,"340,436",163.07,163.81,162.26
12/09/2019,162.82,"522,432",162.54,163.39,162.35
12/06/2019,163.23,"542,341",162.35,164.3195,162.0
12/05/2019,160.27,"372,964",157.96,160.32,157.96
12/04/2019,157.36,"596,188",158.78,160.24,157.34
12/03/2019,157.83,"657,422",158.58,158.66,157.07
12/02/2019,160.19,"453,088",163.17,163.2,160.19
11/29/2019,162.74,"191,631",162.93,163.38,161.97
11/27/2019,163.31,"279,898",162.75,163.34,161.42
11/26/2019,161.88,"442,942",161.0,162.01,160.35
11/25/2019,160.93,"437,990",161.05,162.09,160.57
11/22/2019,160.49,"332,630",161.67,161.67,159.77
11/21/2019,160.94,"372,088",162.02,162.02,160.1712
11/20/2019,162.01,"635,342",162.49,162.855,159.925
11/19/2019,162.56,"397,326",161.89,162.68,161.13
11/18/2019,161.18,"316,587",161.25,161.98,160.49
11/15/2019,162.06,"553,780",162.5,164.09,161.37
11/14/2019,161.74,"335,410",161.29,162.45,160.49
11/13/2019,161.68,"626,705",160.47,162.11,160.25
11/12/2019,161.5,"567,351",160.91,162.85,160.5025
11/11/2019,160.8,"309,630",158.2,160.87,158.2
11/08/2019,159.62,"219,569",160.13,161.44,158.72
11/07/2019,160.38,"482,137",160.24,162.01,160.22
11/06/2019,159.66,"282,905",160.06,160.695,158.61
11/05/2019,160.54,"426,601",160.39,161.25,159.42
11/04/2019,160.2,"450,707",160.32,160.92,159.5
11/01/2019,159.04,"510,331",156.77,159.04,156.33
10/31/2019,155.53,"551,685",155.37,155.74,154.36
10/30/2019,156.24,"758,666",160.54,163.82,155.8
10/29/2019,162.28,"574,931",158.58,162.6,158.58
10/28/2019,159.36,"306,192",159.74,160.285,158.82
10/25/2019,158.72,"486,325",157.76,159.97,157.27
10/24/2019,157.83,"282,523",159.82,159.82,157.16
10/23/2019,158.98,"330,743",159.13,160.3299,157.85
10/22/2019,159.14,"341,110",158.92,160.52,158.23
10/21/2019,159.34,"316,707",161.23,161.71,159.12
10/18/2019,160.34,"371,651",159.09,160.96,158.92
10/17/2019,159.61,"266,763",158.32,160.5,158.32
10/16/2019,157.4,"344,668",158.01,158.91,156.995
10/15/2019,158.52,"310,587",156.93,159.15,156.5325
10/14/2019,157.31,"363,354",158.61,158.73,157.06
10/11/2019,159.44,"393,417",157.93,162.16,157.93
10/10/2019,156.07,"314,069",154.0,157.35,154.0
10/09/2019,153.87,"399,735",153.91,155.03,152.79
10/08/2019,152.31,"590,414",154.31,154.35,152.07
10/07/2019,156.14,"558,885",157.87,157.95,155.88
10/04/2019,158.54,"317,963",157.48,158.7,156.95
10/03/2019,157.51,"316,046",156.16,157.7,154.63
10/02/2019,156.75,"410,433",158.14,158.42,155.32
10/01/2019,159.53,"262,089",164.79,165.51,159.28
09/30/2019,163.88,"323,167",164.52,165.5,163.15
09/27/2019,164.54,"295,192",165.03,166.3,163.81
09/26/2019,163.85,"274,436",164.03,164.53,163.23
09/25/2019,164.17,"320,574",162.21,164.58,161.81
09/24/2019,162.37,"577,670",164.35,164.91,161.58
09/23/2019,163.6,"542,930",163.42,164.9,162.5
09/20/2019,164.34,"1,872,168",167.54,168.15,164.3
09/19/2019,166.67,"489,635",170.08,170.945,166.58
09/18/2019,170.41,"394,781",170.39,170.54,168.24
09/17/2019,171.42,"345,953",170.99,172.79,170.37
09/16/2019,171.53,"341,201",170.39,172.395,169.81
09/13/2019,170.88,"398,766",170.52,171.92,169.78
09/12/2019,169.51,"349,958",168.03,169.73,167.62
09/11/2019,167.68,"397,678",166.61,167.69,165.03
09/10/2019,166.23,"469,450",167.94,167.94,164.87
09/09/2019,167.93,"363,192",169.0,169.495,166.745
09/06/2019,168.85,"441,083",168.95,169.65,168.1
09/05/2019,168.71,"571,935",164.44,168.9,164.44
09/04/2019,162.96,"305,215",163.07,163.385,161.54
09/03/2019,161.26,"461,818",163.64,164.05,160.38
08/30/2019,164.71,"519,605",166.7,167.585,163.73
08/29/2019,165.32,"379,768",164.75,165.89,163.69
08/28/2019,162.83,"391,923",161.87,163.24,160.66
08/27/2019,162.61,"518,385",162.15,163.185,161.08
08/26/2019,160.7,"395,366",161.83,162.71,159.2
08/23/2019,160.55,"498,666",164.17,164.675,160.09
08/22/2019,164.86,"295,414",166.21,166.77,164.49
08/21/2019,165.86,"271,874",166.3,166.91,165.59
08/20/2019,164.77,"423,550",164.81,165.73,163.61
08/19/2019,165.55,"382,330",166.29,166.29,164.06
08/16/2019,164.0,"463,923",162.95,164.32,162.67
08/15/2019,161.77,"470,618",161.16,162.79,160.32
08/14/2019,160.86,"491,340",162.35,163.55,160.139
08/13/2019,164.67,"756,375",162.32,166.34,161.72
08/12/2019,162.19,"556,475",161.54,163.58,160.86
08/09/2019,162.03,"739,173",160.9,163.88,159.18
08/08/2019,162.12,"17,655,130",158.94,162.76,158.8
08/07/2019,158.12,"986,891",157.58,158.9,155.81
08/06/2019,159.58,"719,882",156.88,159.72,156.44
08/05/2019,155.93,"707,950",158.93,159.23,154.57
08/02/2019,161.58,"1,392,443",164.0,164.99,161.18
08/01/2019,168.11,"707,347",169.18,170.47,166.935
07/31/2019,168.22,"419,307",169.0,170.125,166.9
07/30/2019,169.76,"405,522",166.3,169.95,165.33
07/29/2019,167.44,"498,983",168.75,168.75,166.93
07/26/2019,168.81,"628,807",167.82,169.79,166.0
07/25/2019,165.23,"444,447",166.83,167.32,164.8
07/24/2019,166.65,"338,706",166.06,167.45,164.28
07/23/2019,166.94,"409,354",166.53,167.87,165.62
07/22/2019,164.75,"385,748",164.7,165.76,163.96
07/19/2019,164.46,"462,623",165.68,166.835,164.43
07/18/2019,164.9,"642,588",165.83,166.0,163.45
07/17/2019,165.75,"502,342",168.14,168.81,165.48
07/16/2019,168.36,"328,331",168.86,170.22,168.17
07/15/2019,169.18,"204,945",170.03,170.53,168.0
07/12/2019,170.83,"298,118",169.69,171.15,169.14
07/11/2019,169.14,"335,554",168.41,169.19,166.64
07/10/2019,169.01,"397,621",171.04,171.98,168.61
07/09/2019,169.98,"251,759",169.85,170.03,168.51
07/08/2019,170.64,"322,266",170.59,171.235,170.02
07/05/2019,171.73,"349,471",172.17,172.54,169.52
07/03/2019,173.07,"104,236",173.23,173.31,172.195
07/02/2019,172.45,"275,150",173.01,173.01,171.73
07/01/2019,173.37,"414,230",173.84,173.84,171.91
06/28/2019,172.14,"1,175,425",170.45,172.53,169.13
06/27/2019,169.59,"505,944",168.56,170.0,167.8
06/26/2019,168.26,"461,645",167.53,168.975,167.02
06/25/2019,167.42,"542,638",166.29,168.31,165.214
06/24/2019,165.87,"384,695",168.27,168.27,165.66
06/21/2019,167.54,"756,332",165.22,167.7,164.29
06/20/2019,166.12,"530,263",165.81,166.12,164.59
06/19/2019,164.04,"284,610",163.27,164.04,161.705
06/18/2019,162.89,"428,299",161.38,163.54,160.91
06/17/2019,159.88,"307,047",159.94,160.5903,158.73
06/14/2019,159.68,"288,051",160.22,160.37,158.11
06/13/2019,160.27,"281,069",160.88,160.93,158.3
06/12/2019,160.3,"330,971",162.02,163.29,159.35
06/11/2019,162.09,"337,121",164.52,165.72,161.94
06/10/2019,163.07,"432,878",162.2,163.465,161.03
06/07/2019,161.58,"599,386",159.57,161.98,158.6799
06/06/2019,158.28,"181,623",158.0,158.6,156.4
06/05/2019,158.11,"399,043",158.14,158.98,154.95
06/04/2019,157.52,"210,598",154.92,157.59,154.22
06/03/2019,153.51,"291,215",152.65,154.43,151.79
05/31/2019,152.71,"355,647",151.25,153.8,150.55
05/30/2019,152.36,"276,451",151.65,153.86,151.65
05/29/2019,151.65,"352,548",150.55,153.46,150.55
05/28/2019,151.49,"450,451",153.1,154.04,151.27
05/24/2019,152.92,"276,957",152.07,153.29,151.79
05/23/2019,150.74,"217,334",150.16,150.96,148.265
05/22/2019,151.82,"183,810",152.87,153.33,151.53
05/21/2019,153.23,"180,019",152.68,153.695,152.45
05/20/2019,151.03,"354,492",149.43,151.85,149.43
05/17/2019,150.61,"225,167",152.45,152.64,150.56
05/16/2019,153.46,"194,810",153.83,154.245,152.78
05/15/2019,153.46,"182,553",151.22,154.1,150.22
05/14/2019,151.13,"260,664",150.82,152.2,150.32
05/13/2019,150.57,"235,879",151.37,151.67,149.41
05/10/2019,154.49,"231,340",152.31,155.12,150.64
05/09/2019,152.91,"228,552",152.17,153.43,151.64
05/08/2019,153.5,"283,830",153.7,154.96,152.72
05/07/2019,153.72,"384,640",154.68,155.085,152.8
05/06/2019,156.0,"493,947",153.77,156.13,153.565
05/03/2019,156.43,"287,276",156.75,157.48,156.27
05/02/2019,155.35,"350,966",153.88,155.57,153.34
05/01/2019,154.45,"233,854",156.98,157.0977,154.45
04/30/2019,156.66,"286,286",158.12,159.33,155.455
04/29/2019,157.3,"441,428",156.91,157.53,155.835
04/26/2019,156.59,"736,742",156.5,159.51,153.79
04/25/2019,153.32,"440,821",155.44,156.52,153.02
04/24/2019,156.71,"398,270",156.46,158.43,156.14
04/23/2019,156.19,"431,899",153.89,156.39,153.715
04/22/2019,153.6,"349,060",154.0,154.615,152.85
04/18/2019,154.52,"390,346",155.22,155.74,153.91
04/17/2019,154.49,"445,268",156.43,156.65,154.43
04/16/2019,155.78,"571,530",156.65,157.72,155.461
04/15/2019,156.21,"330,429",158.03,158.07,155.77
04/12/2019,157.27,"294,883",159.0,159.1,157.18
04/11/2019,157.51,"163,236",155.75,157.73,155.74
04/10/2019,155.38,"145,683",155.2,155.95,154.65
04/09/2019,154.53,"260,734",156.22,156.22,154.18
04/08/2019,157.41,"203,949",155.82,157.53,155.01
04/05/2019,156.26,"176,379",157.02,157.43,155.87
04/04/2019,156.34,"264,775",155.86,157.22,154.99
04/03/2019,155.55,"340,515",155.61,156.95,154.99
04/02/2019,154.82,"216,912",155.91,156.25,154.55
04/01/2019,155.78,"416,423",153.0,156.1375,152.87
03/29/2019,151.74,"415,564",151.89,152.655,150.04
03/28/2019,151.45,"148,509",150.06,151.82,149.99
03/27/2019,149.96,"268,355",150.33,151.39,149.41
03/26/2019,150.33,"208,892",149.34,150.63,149.19
03/25/2019,147.82,"188,974",147.59,149.02,147.02
03/22/2019,147.93,"319,016",151.46,151.62,147.76
03/21/2019,151.64,"387,557",147.63,152.23,147.63
03/20/2019,148.56,"257,046",149.03,149.95,147.32
03/19/2019,149.19,"306,138",150.03,150.58,148.53
03/18/2019,149.98,"307,712",147.76,150.0,147.545
03/15/2019,147.72,"570,072",147.3,148.64,146.98
03/14/2019,146.67,"366,560",146.97,147.41,146.1681
03/13/2019,147.42,"399,183",146.42,148.035,145.96
03/12/2019,145.89,"322,880",146.75,146.98,145.67
03/11/2019,146.75,"350,419",142.97,146.87,142.97
03/08/2019,142.96,"266,387",142.54,143.33,142.2
03/07/2019,143.81,"196,819",145.12,145.3,142.87
03/06/2019,145.09,"221,516",144.71,146.29,144.71
03/05/2019,144.74,"356,370",145.55,146.49,144.5
03/04/2019,145.55,"253,277",145.76,146.67,144.3
03/01/2019,144.85,"183,240",145.28,145.51,143.83
02/28/2019,144.1,"270,165",144.76,144.81,143.24
02/27/2019,144.96,"269,883",143.22,145.22,142.87
02/26/2019,143.54,"233,420",144.33,145.19,143.44
02/25/2019,144.83,"309,064",145.29,145.99,144.5
02/22/2019,144.55,"314,393",143.0,144.65,142.43
02/21/2019,142.46,"310,131",142.34,142.82,141.47
02/20/2019,143.17,"203,971",142.59,143.56,142.185
02/19/2019,142.54,"274,969",143.59,144.56,142.45
02/15/2019,144.12,"260,888",141.84,144.215,141.58
02/14/2019,141.08,"441,005",141.28,142.92,140.74
02/13/2019,141.97,"354,237",143.46,144.1,141.85
02/12/2019,142.97,"324,033",141.27,144.54,140.65
02/11/2019,140.36,"280,508",140.22,140.62,139.43
02/08/2019,140.02,"394,636",137.34,140.07,137.34
02/07/2019,137.85,"335,457",137.19,137.99,136.24
02/06/2019,138.19,"203,672",137.86,139.17,137.86
02/05/2019,138.35,"257,491",138.0,138.86,137.345
02/04/2019,138.13,"202,793",138.12,138.28,137.4588
02/01/2019,138.07,"261,291",137.75,139.23,137.18
01/31/2019,137.86,"401,059",137.03,138.74,136.24
01/30/2019,137.1,"544,736",131.25,138.23,130.0
01/29/2019,139.1,"358,446",136.46,139.22,136.46
01/28/2019,135.65,"379,313",134.84,136.61,134.47
01/25/2019,137.26,"263,181",138.42,139.295,137.16
01/24/2019,136.76,"297,905",136.19,137.85,135.765
01/23/2019,135.91,"309,290",138.3,139.255,135.77
01/22/2019,137.6,"306,094",139.17,139.59,136.47
01/18/2019,140.77,"502,140",139.25,141.32,138.335
01/17/2019,137.84,"421,813",135.29,138.83,135.29
01/16/2019,135.84,"303,077",135.04,136.76,134.83
01/15/2019,134.65,"202,169",134.99,136.055,133.43
01/14/2019,134.9,"169,391",135.36,136.08,134.65
01/11/2019,136.56,"276,542",135.93,136.89,134.47
01/10/2019,136.57,"281,077",134.98,136.65,133.95
01/09/2019,135.54,"337,740",135.6,136.395,134.38
01/08/2019,134.9,"419,852",133.21,134.99,132.99
01/07/2019,131.83,"585,573",129.45,132.64,128.76
01/04/2019,129.35,"429,442",123.9,129.46,123.34
01/03/2019,121.42,"296,684",124.71,124.81,120.855
01/02/2019,125.05,"266,177",124.56,125.23,122.88
12/31/2018,126.26,"309,659",124.8,126.4,124.38
12/28/2018,124.16,"457,296",126.07,126.07,123.39
12/27/2018,125.43,"363,550",121.55,125.49,120.43
12/26/2018,123.67,"272,344",119.21,123.74,117.7164
12/24/2018,118.64,"174,162",123.06,123.06,118.45
12/21/2018,123.71,"610,057",125.43,127.88,123.29
12/20/2018,124.94,"481,922",124.73,126.92,124.2
12/19/2018,125.7,"596,930",128.59,129.96,124.87
12/18/2018,129.04,"444,793",130.61,131.91,128.25
12/17/2018,129.31,"397,175",132.63,132.98,128.73
12/14/2018,132.56,"440,685",133.52,135.17,132.38
12/13/2018,135.01,"180,240",135.72,136.37,134.29
12/12/2018,135.61,"315,587",135.81,137.58,134.96
12/11/2018,133.54,"258,006",135.99,137.24,132.66
12/10/2018,134.38,"760,934",133.17,135.06,132.34
12/07/2018,133.64,"1,166,794",134.49,137.02,132.97
12/06/2018,135.04,"403,261",132.13,135.04,130.274
12/04/2018,134.49,"457,730",139.03,139.22,134.27
12/03/2018,139.19,"374,091",139.87,142.53,136.82
11/30/2018,137.4,"448,957",133.89,137.85,133.89
11/29/2018,134.36,"193,636",134.0,135.29,133.47
11/28/2018,134.61,"185,041",132.12,134.73,131.33
11/27/2018,131.83,"176,464",132.82,132.82,131.08
11/26/2018,133.25,"211,052",132.32,133.68,131.79
11/23/2018,131.4,"129,326",131.32,133.2,129.9
11/21/2018,133.02,"312,334",132.13,134.8,132.13
11/20/2018,131.99,"518,530",133.19,134.37,131.47
11/19/2018,134.61,"409,100",136.04,137.133,133.8817
11/16/2018,136.76,"234,054",135.35,137.72,135.35
11/15/2018,136.07,"361,154",132.82,136.88,132.61
11/14/2018,133.74,"368,367",133.97,136.4,133.04
11/13/2018,132.67,"251,923",133.37,135.29,132.26
11/12/2018,132.99,"281,421",135.94,136.08,132.6
11/09/2018,135.53,"284,378",135.57,136.53,133.91
11/08/2018,136.53,"313,351",138.19,139.52,135.81
11/07/2018,138.54,"360,769",135.5,139.11,134.56
11/06/2018,134.46,"411,680",133.5,134.95,133.425
11/05/2018,133.94,"362,922",134.29,135.36,132.8
11/02/2018,134.12,"598,226",133.25,134.99,132.81
11/01/2018,131.96,"586,136",127.4,132.325,126.4
10/31/2018,126.82,"962,014",126.69,128.49,126.22
10/30/2018,125.25,"432,443",125.53,126.5,124.4651
10/29/2018,125.01,"294,082",129.27,129.79,123.47
10/26/2018,127.37,"492,254",125.22,130.16,125.095
10/25/2018,126.86,"727,248",128.99,130.89,126.2
10/24/2018,127.13,"914,037",131.31,133.89,127.05
10/23/2018,129.41,"800,851",130.56,131.63,128.65
10/22/2018,133.55,"592,088",133.17,134.56,132.33
10/19/2018,132.86,"309,433",134.51,134.81,132.62
10/18/2018,134.37,"550,325",136.16,136.17,133.9
10/17/2018,137.36,"651,896",136.67,138.16,136.26
10/16/2018,136.8,"550,746",135.56,137.8,135.17
10/15/2018,135.18,"329,243",135.53,136.37,135.04
10/12/2018,136.49,"538,116",136.32,136.85,132.925
10/11/2018,134.18,"471,851",139.34,140.81,134.02
10/10/2018,140.12,"568,533",142.77,143.54,139.63
10/09/2018,143.43,"500,917",145.09,145.94,142.81
10/08/2018,145.8,"299,529",147.59,148.38,144.8
10/05/2018,148.06,"143,990",150.15,150.5999,147.1764
10/04/2018,149.83,"211,934",150.51,151.6,149.29
10/03/2018,150.97,"571,710",150.2,151.67,149.05
10/02/2018,149.92,"298,269",151.08,151.31,149.8
10/01/2018,151.11,"573,192",151.86,152.25,149.55
09/28/2018,150.66,"398,376",151.98,152.52,150.35
09/27/2018,152.21,"253,527",153.56,154.15,152.18
09/26/2018,153.25,"298,154",154.22,155.31,152.95
09/25/2018,154.0,"215,156",155.49,155.49,153.88
09/24/2018,154.78,"221,932",156.06,156.06,153.96
09/21/2018,156.16,"485,474",156.97,157.8406,156.0
09/20/2018,156.77,"298,855",156.1,157.515,155.74
09/19/2018,155.1,"274,712",156.0,156.43,154.41
09/18/2018,155.96,"292,004",154.35,156.219,154.09
09/17/2018,153.9,"257,549",155.72,156.0,153.53
09/14/2018,155.28,"389,115",153.57,155.6,153.57
09/13/2018,153.36,"413,896",151.52,153.39,151.48
09/12/2018,151.13,"288,644",152.17,152.6056,150.77
09/11/2018,152.07,"440,988",151.87,153.23,151.22
09/10/2018,152.52,"256,636",152.71,154.115,152.47
09/07/2018,152.35,"236,735",152.0,153.82,151.084
09/06/2018,152.57,"351,633",152.76,154.1,152.55
09/05/2018,152.69,"294,629",152.04,153.265,151.71
09/04/2018,152.79,"170,589",153.16,153.4,151.77
08/31/2018,153.21,"294,609",153.62,154.125,152.92
08/30/2018,153.91,"226,200",155.07,155.35,153.65
08/29/2018,155.36,"178,626",154.2,156.0,153.33
08/28/2018,153.67,"171,106",154.1,154.412,153.16
08/27/2018,153.51,"216,646",152.31,153.71,151.57
08/24/2018,151.5,"331,311",151.38,152.02,150.29
08/23/2018,150.95,"333,163",152.68,152.79,150.63
08/22/2018,152.82,"134,852",153.36,153.44,151.65
08/21/2018,153.76,"256,627",153.01,153.99,152.34
08/20/2018,153.07,"252,867",152.83,153.52,152.19
08/17/2018,152.12,"255,297",152.0,152.92,151.76
08/16/2018,152.03,"199,307",152.18,153.21,151.82
08/15/2018,151.58,"247,731",151.19,152.02,149.33
08/14/2018,152.11,"250,577",151.49,153.46,150.4
08/13/2018,151.09,"205,049",151.4,151.825,150.0603
08/10/2018,151.04,"155,155",151.07,151.925,150.48
08/09/2018,151.65,"109,578",152.76,153.27,151.24
08/08/2018,152.52,"154,501",153.0,153.26,151.7
08/07/2018,153.27,"244,294",153.75,154.62,153.13
08/06/2018,152.97,"224,627",152.06,153.51,151.965
08/03/2018,151.76,"337,026",153.28,153.758,150.7
08/02/2018,152.79,"347,950",151.72,154.24,151.4
08/01/2018,152.65,"397,078",153.39,153.99,152.47
07/31/2018,153.58,"549,488",149.35,153.86,148.64
07/30/2018,147.97,"361,853",150.0,151.0,147.83
07/27/2018,149.95,"339,898",150.79,150.85,149.05
07/26/2018,150.37,"593,520",150.0,152.11,148.12
07/25/2018,149.04,"979,205",143.7,150.065,142.64
07/24/2018,139.6,"335,271",138.4,140.21,138.28
07/23/2018,137.45,"231,817",139.38,139.38,137.205
07/20/2018,140.04,"250,174",140.22,141.85,139.53
07/19/2018,140.67,"230,532",138.93,141.14,138.52
07/18/2018,139.08,"276,473",139.07,139.45,138.0
07/17/2018,138.63,"243,170",137.34,139.11,136.57
07/16/2018,137.42,"241,141",138.53,138.865,137.15
07/13/2018,138.65,"361,274",137.55,139.06,137.55
07/12/2018,138.15,"294,428",137.23,138.36,136.04
07/11/2018,136.74,"265,900",137.46,137.68,136.18
07/10/2018,138.76,"376,866",138.56,139.46,137.94
07/09/2018,138.38,"420,418",138.0,138.995,137.53
07/06/2018,137.39,"228,314",137.67,137.95,136.63
07/05/2018,137.58,"509,511",136.26,137.85,135.25
07/03/2018,135.44,"181,340",136.23,137.3699,135.32
07/02/2018,135.79,"441,660",135.92,136.27,134.67
06/29/2018,136.48,"445,040",136.29,138.45,136.14
06/28/2018,135.52,"305,005",135.64,136.43,134.28
06/27/2018,135.59,"355,020",136.65,138.33,135.59
06/26/2018,136.07,"415,235",137.5,137.74,135.92
06/25/2018,137.12,"282,460",138.39,138.55,136.19
06/22/2018,138.66,"359,609",140.01,140.01,138.43
06/21/2018,138.75,"263,036",141.11,141.11,137.95
06/20/2018,141.21,"231,292",142.57,142.735,140.675
06/19/2018,141.6,"275,835",142.99,143.5,140.69
06/18/2018,143.99,"269,397",142.02,144.43,141.66
06/15/2018,143.25,"540,400",143.3,143.54,141.585
06/14/2018,143.67,"303,832",142.45,144.18,142.45
06/13/2018,142.18,"232,685",143.49,143.7,141.81
06/12/2018,143.23,"240,751",143.69,143.815,142.465
06/11/2018,143.39,"233,075",144.1,144.91,143.215
06/08/2018,144.13,"232,619",143.17,144.16,142.74
06/07/2018,143.31,"217,707",142.89,144.11,142.07
06/06/2018,142.49,"233,718",141.53,142.69,140.84
06/05/2018,141.26,"306,636",139.48,141.3,139.48
06/04/2018,139.24,"282,571",139.94,140.88,138.68
06/01/2018,139.47,"276,644",139.81,140.27,139.29
05/31/2018,138.68,"616,081",139.58,140.38,138.65
05/30/2018,140.59,"329,157",138.9,141.75,138.9
05/29/2018,137.9,"244,107",138.24,139.73,136.82
05/25/2018,139.27,"126,220",140.24,140.61,138.95
05/24/2018,140.93,"277,747",139.7,141.04,139.425
05/23/2018,139.75,"191,604",139.81,140.54,139.17
05/22/2018,140.33,"191,641",142.0,142.62,140.25
05/21/2018,142.02,"194,800",140.55,142.15,140.23
05/18/2018,139.54,"298,913",137.61,139.8,137.61
05/17/2018,138.02,"192,401",137.35,138.5,137.27
05/16/2018,137.41,"194,189",137.25,138.2185,137.01
05/15/2018,137.12,"149,489",137.03,137.32,136.48
05/14/2018,137.72,"183,191",138.81,139.41,137.46
05/11/2018,138.79,"233,271",138.34,139.0,137.66
05/10/2018,137.85,"230,524",137.32,138.49,136.99
05/09/2018,136.6,"323,611",137.02,137.21,135.93
05/08/2018,136.37,"318,790",135.16,137.12,135.16
05/07/2018,136.27,"456,508",136.73,136.92,135.92
05/04/2018,136.5,"489,872",131.89,137.525,131.48
05/03/2018,132.58,"376,414",132.81,133.79,130.37
05/02/2018,132.87,"455,188",133.55,134.11,132.64
05/01/2018,133.34,"510,853",133.66,133.92,132.23
04/30/2018,133.66,"454,089",135.75,137.99,133.52
04/27/2018,136.49,"331,928",137.25,138.76,135.07
04/26/2018,137.16,"439,132",138.13,138.13,134.86
04/25/2018,137.84,"335,461",137.87,138.89,136.84
04/24/2018,138.37,"368,191",143.96,144.415,136.45
04/23/2018,142.7,"197,048",145.19,146.19,142.63
04/20/2018,144.64,"314,156",145.7,146.75,143.43
04/19/2018,145.18,"286,878",145.41,146.67,144.33
04/18/2018,145.63,"242,405",145.41,145.78,144.275
04/17/2018,144.52,"230,097",143.88,145.22,142.83
04/16/2018,142.49,"332,487",142.52,142.77,141.55
04/13/2018,141.94,"174,108",143.29,144.09,141.18
04/12/2018,142.2,"223,290",141.51,142.855,140.71
04/11/2018,141.06,"277,228",140.56,141.85,139.77
04/10/2018,141.39,"428,881",141.22,142.62,140.72
04/09/2018,139.24,"234,663",139.57,141.5,138.475
04/06/2018,138.77,"293,282",141.82,142.45,137.31
04/05/2018,142.63,"249,200",143.06,144.21,142.13
04/04/2018,142.66,"298,508",139.29,142.8,138.395
04/03/2018,141.2,"371,562",140.37,142.02,139.64
04/02/2018,139.4,"321,478",142.51,143.27,138.265
03/29/2018,142.51,"312,796",141.49,143.92,140.52
03/28/2018,140.52,"354,089",141.46,142.27,139.395
03/27/2018,141.51,"305,532",146.19,146.28,140.69
03/26/2018,145.3,"393,924",144.5,145.59,143.1
03/23/2018,142.78,"310,518",145.78,148.86,142.52
03/22/2018,144.71,"198,651",148.55,148.81,144.65
03/21/2018,149.65,"303,297",150.06,150.72,149.215
03/20/2018,150.37,"415,642",147.53,150.66,147.53
03/19/2018,147.26,"137,351",147.08,147.61,144.95
03/16/2018,147.72,"461,069",147.38,148.26,146.6
03/15/2018,146.9,"196,974",146.89,147.8,145.77
03/14/2018,146.89,"250,705",146.78,147.86,145.01
03/13/2018,146.3,"169,764",147.28,147.94,145.82
03/12/2018,146.7,"190,141",147.92,147.92,145.555
03/09/2018,147.45,"429,687",143.75,147.92,143.48
03/08/2018,142.83,"263,627",142.46,143.28,141.12
03/07/2018,142.05,"438,769",140.02,142.73,139.55
03/06/2018,141.03,"328,073",139.35,141.39,138.61
03/05/2018,138.9,"360,599",136.76,139.52,136.49
03/02/2018,137.45,"377,596",134.8,137.58,134.19
03/01/2018,135.94,"248,282",137.37,138.33,134.1473
02/28/2018,136.8,"259,985",140.29,140.29,136.8
02/27/2018,139.54,"286,055",141.98,142.68,139.35
02/26/2018,141.8,"259,516",141.04,142.0,139.67
02/23/2018,140.24,"220,614",138.75,140.29,138.36
02/22/2018,138.12,"192,769",137.51,139.24,137.25
02/21/2018,137.11,"299,891",136.58,140.0,136.58
02/20/2018,136.83,"185,101",136.3,137.73,135.86
02/16/2018,137.35,"214,093",136.83,138.65,136.57
02/15/2018,136.96,"186,324",136.0,137.035,134.73
02/14/2018,135.04,"198,713",132.59,135.11,131.2721
02/13/2018,133.0,"314,917",132.3,133.69,130.67
02/12/2018,132.63,"306,591",131.71,134.37,130.96
02/09/2018,130.9,"491,865",134.5,134.775,127.4
02/08/2018,132.72,"372,198",137.27,137.8,132.66
02/07/2018,136.67,"278,093",135.57,138.16,135.01
02/06/2018,135.52,"451,138",132.59,136.68,130.72
02/05/2018,135.37,"353,113",140.45,142.3,135.11
02/02/2018,142.13,"336,982",144.16,144.2,141.84
02/01/2018,144.55,"293,394",143.2,145.2,141.86
01/31/2018,143.48,"547,799",145.67,147.91,142.755
01/30/2018,144.45,"673,252",148.32,148.32,141.0
01/29/2018,140.66,"222,259",142.13,143.19,140.6
01/26/2018,142.43,"283,156",141.05,143.17,140.26
01/25/2018,140.82,"378,015",138.97,140.9,138.29
01/24/2018,138.2,"206,907",138.3,139.145,137.63
01/23/2018,137.69,"202,681",137.56,138.23,136.69
01/22/2018,137.71,"214,729",138.13,139.115,136.09
01/19/2018,138.35,"111,013",137.38,138.46,137.2
01/18/2018,136.7,"204,628",136.96,137.87,136.58
01/17/2018,136.52,"236,440",137.52,137.52,136.23
01/16/2018,136.83,"262,009",137.77,138.565,136.18
01/12/2018,136.81,"159,778",136.85,137.37,134.61
01/11/2018,136.74,"176,486",134.85,136.78,134.725
01/10/2018,134.94,"264,001",135.34,135.34,133.76
01/09/2018,135.76,"239,021",135.19,137.41,135.19
01/08/2018,134.97,"268,281",134.51,135.67,134.03
01/05/2018,134.74,"170,676",135.36,135.3867,133.715
01/04/2018,135.0,"392,013",133.55,135.245,133.55
01/03/2018,132.87,"376,760",131.27,132.98,131.15
01/02/2018,131.68,"442,000",132.69,132.82,130.8
12/29/2017,131.97,"205,237",132.67,133.17,131.91
12/28/2017,132.5,"218,752",132.82,132.82,131.625
12/27/2017,132.22,"134,115",132.02,132.68,131.67
12/26/2017,132.02,"117,513",131.64,132.405,130.82
12/22/2017,132.07,"129,460",133.0,133.0,130.84
12/21/2017,132.97,"328,775",132.77,133.47,132.11
12/20/2017,132.5,"140,732",132.33,132.835,131.82
12/19/2017,132.13,"130,633",132.31,132.32,131.08
12/18/2017,131.94,"236,717",132.24,132.99,131.26
12/15/2017,131.2,"444,470",129.84,132.3,129.84
12/14/2017,129.24,"222,445",130.59,131.13,129.03
12/13/2017,130.42,"175,801",131.06,131.86,130.27
12/12/2017,131.33,"202,289",132.31,132.52,130.93
12/11/2017,132.31,"155,751",132.7,133.41,132.06
12/08/2017,132.64,"177,145",132.86,133.11,132.33
12/07/2017,132.3,"243,713",132.2,133.6575,131.97
12/06/2017,131.99,"293,634",132.56,133.23,131.71
12/05/2017,132.85,"287,972",133.97,134.04,132.7
12/04/2017,133.59,"253,891",135.24,135.535,133.29
12/01/2017,133.99,"298,617",134.92,135.6,131.81
11/30/2017,135.57,"434,996",132.5,135.7,132.13
11/29/2017,132.5,"211,614",132.75,133.36,131.91
11/28/2017,132.6,"226,061",131.22,132.77,130.695
11/27/2017,130.83,"340,119",130.93,131.68,130.205
11/24/2017,130.69,"73,919",130.56,130.795,129.97
11/22/2017,130.31,"128,905",130.41,130.98,129.7402
11/21/2017,130.12,"294,979",127.16,130.48,127.16
11/20/2017,129.05,"154,395",128.72,129.355,127.76
11/17/2017,128.11,"169,552",127.68,128.54,126.58
11/16/2017,128.11,"171,933",127.05,128.31,126.98
11/15/2017,126.45,"122,358",127.08,127.4,126.2
11/14/2017,127.64,"148,796",127.39,127.915,126.9869
11/13/2017,127.96,"230,686",127.36,128.57,127.25
11/10/2017,128.02,"174,184",127.36,128.52,127.17
11/09/2017,127.29,"161,353",126.99,127.4,126.08
11/08/2017,128.03,"222,275",127.48,128.13,126.655
11/07/2017,127.48,"185,179",127.78,128.06,127.01
11/06/2017,127.87,"135,291",127.64,128.57,127.24
11/03/2017,127.81,"380,337",128.48,128.74,127.59
11/02/2017,128.48,"240,543",128.0,128.74,127.17
11/01/2017,128.03,"256,323",129.4,129.4,127.5
10/31/2017,128.21,"339,600",128.36,128.68,128.07
10/30/2017,127.96,"255,813",128.53,128.53,127.08
10/27/2017,128.41,"343,204",128.79,128.79,126.88
10/26/2017,129.21,"465,805",127.44,129.36,126.48
10/25/2017,127.04,"417,161",126.36,127.18,125.58
10/24/2017,126.88,"249,117",125.31,127.06,125.29
10/23/2017,124.74,"155,054",125.63,125.88,124.65
10/20/2017,125.77,"266,431",125.24,125.8,124.74
10/19/2017,124.64,"222,236",124.0,124.66,123.23
10/18/2017,124.53,"400,905",125.04,125.45,124.46
10/17/2017,124.2,"584,832",121.91,124.85,120.925
10/16/2017,125.06,"314,969",125.25,125.46,124.48
10/13/2017,124.52,"212,152",124.77,125.59,124.26
10/12/2017,124.53,"298,607",123.24,124.92,123.23
10/11/2017,123.23,"309,877",123.25,123.95,122.8
10/10/2017,123.06,"245,406",123.86,123.86,122.77
10/09/2017,123.13,"285,994",124.05,124.445,123.01
10/06/2017,123.88,"301,949",123.47,123.9,122.64
10/05/2017,123.75,"186,549",124.56,125.42,123.27
10/04/2017,124.33,"316,287",123.47,124.71,123.2
10/03/2017,123.19,"571,974",122.83,123.46,122.51
10/02/2017,122.81,"682,472",121.92,122.82,121.48
09/29/2017,121.47,"411,347",122.24,122.51,121.43
09/28/2017,122.31,"277,864",122.84,122.84,121.74
09/27/2017,122.99,"239,232",123.7,124.0,122.55
09/26/2017,123.11,"240,469",123.84,124.535,123.0
09/25/2017,123.58,"218,982",123.03,124.05,122.665
09/22/2017,123.12,"568,820",123.22,123.52,122.92
09/21/2017,123.15,"324,922",123.18,123.715,122.45
09/20/2017,123.09,"365,616",123.61,124.11,122.9484
09/19/2017,123.35,"207,137",123.57,123.94,123.06
09/18/2017,123.5,"154,130",121.88,123.7,121.7
09/15/2017,121.59,"350,938",120.5,121.65,120.5
09/14/2017,120.82,"222,037",120.21,120.975,119.64
09/13/2017,120.21,"230,713",121.55,121.7,120.02
09/12/2017,121.69,"205,275",121.13,122.215,120.93
09/11/2017,120.7,"176,660",121.26,121.78,120.1
09/08/2017,120.55,"288,389",117.73,120.56,117.675
09/07/2017,118.1,"171,497",117.42,118.15,116.105
09/06/2017,117.24,"159,730",117.5,117.74,116.485
09/05/2017,117.24,"194,228",117.44,118.07,116.4
09/01/2017,117.78,"159,686",118.19,118.76,117.78
08/31/2017,117.58,"232,958",116.43,117.74,115.98
08/30/2017,115.92,"142,627",115.05,116.18,114.97
08/29/2017,115.2,"118,780",114.4,115.42,114.4
08/28/2017,115.02,"139,313",115.0,115.25,114.225
08/25/2017,114.5,"122,653",114.3,114.68,113.985
08/24/2017,113.68,"131,654",114.39,114.39,113.37
08/23/2017,113.87,"117,912",114.06,114.67,113.85
08/22/2017,114.63,"115,366",113.76,114.72,113.29
08/21/2017,113.41,"177,834",112.92,113.49,112.63
08/18/2017,112.96,"177,616",113.08,113.89,110.25
08/17/2017,113.59,"216,735",115.98,116.3,113.58
08/16/2017,116.29,"165,332",115.49,116.58,115.42
08/15/2017,115.18,"164,525",114.84,115.32,114.61
08/14/2017,114.75,"149,964",113.88,114.87,113.8
08/11/2017,113.12,"192,246",112.77,113.67,112.77
08/10/2017,113.04,"305,776",115.17,115.255,112.96
08/09/2017,115.76,"226,204",116.75,116.855,115.63
08/08/2017,116.94,"233,715",116.89,117.45,116.33
08/07/2017,117.08,"196,727",116.17,117.25,116.15
08/04/2017,116.22,"109,778",115.88,116.49,115.58
08/03/2017,115.71,"168,449",115.51,115.71,114.94
08/02/2017,115.46,"431,946",115.59,115.76,114.44
08/01/2017,115.59,"525,791",116.77,117.2,115.21
07/31/2017,116.54,"277,597",116.97,117.25,116.44
07/28/2017,116.61,"325,567",115.23,116.88,113.35
07/27/2017,115.54,"568,589",117.56,117.97,114.08
07/26/2017,117.04,"606,891",113.3,118.08,113.3
07/25/2017,113.14,"523,259",114.56,115.055,112.71
07/24/2017,113.88,"257,127",113.91,114.03,113.42
07/21/2017,113.97,"230,564",113.85,114.61,113.64
07/20/2017,114.29,"229,612",113.98,114.98,113.2855
07/19/2017,114.42,"196,901",113.46,114.42,113.25
07/18/2017,113.37,"199,977",113.85,114.225,113.25
07/17/2017,114.19,"224,974",113.85,114.79,113.325
07/14/2017,113.94,"357,153",113.2,114.39,113.125
07/13/2017,113.19,"241,217",114.36,114.48,112.9
07/12/2017,114.26,"430,311",114.34,115.185,113.88
07/11/2017,113.74,"239,873",113.79,113.98,113.07
07/10/2017,113.94,"214,161",113.97,114.55,113.68
07/07/2017,114.13,"174,594",112.78,114.47,112.46
07/06/2017,112.67,"620,254",113.22,114.23,112.5
07/05/2017,113.48,"349,488",113.82,114.2025,113.025
07/03/2017,113.51,"160,961",113.49,114.67,112.86
06/30/2017,113.01,"366,596",112.02,113.45,111.86
06/29/2017,111.57,"280,509",112.77,112.77,110.97
06/28/2017,112.57,"356,784",112.15,112.78,111.8201
06/27/2017,111.48,"253,704",112.58,112.81,111.48
06/26/2017,112.59,"222,440",113.11,113.1688,112.14
06/23/2017,112.7,"426,208",111.5,112.84,111.21
06/22/2017,111.54,"225,240",111.12,111.63,110.77
06/21/2017,111.1,"288,967",112.44,112.63,110.91
06/20/2017,112.64,"285,366",114.45,114.94,112.49
06/19/2017,114.82,"249,641",113.96,114.93,113.21
06/16/2017,113.2,"610,591",112.73,113.52,112.5
06/15/2017,113.02,"246,538",110.85,113.04,110.85
06/14/2017,111.98,"317,351",111.82,112.25,111.43
06/13/2017,111.81,"373,526",110.99,111.81,110.57
06/12/2017,111.03,"429,195",111.15,111.9,110.265
06/09/2017,110.99,"380,796",110.34,111.4,110.18
06/08/2017,110.3,"409,696",109.43,110.51,109.1501
06/07/2017,109.6,"427,835",109.7,110.19,109.37
06/06/2017,109.56,"313,809",109.54,110.035,108.99
06/05/2017,109.82,"251,383",109.9,110.28,109.51
06/02/2017,110.1,"448,378",109.22,110.78,108.98
06/01/2017,108.89,"461,157",108.74,108.99,107.87
05/31/2017,108.47,"2,858,498",107.96,109.15,106.44
05/30/2017,107.91,"466,292",107.24,108.07,106.93
05/26/2017,107.72,"344,702",107.75,108.45,107.21
05/25/2017,107.86,"515,256",108.71,109.2,107.38
05/24/2017,108.39,"380,050",108.71,109.865,107.85
05/23/2017,108.65,"662,165",106.91,108.68,106.39
05/22/2017,106.85,"376,430",107.27,107.94,106.65
