date,close,volume,open,high,low
05/15/2026,33.63,"11,542,180",33.51,33.82,33.28
05/14/2026,33.4,"9,252,656",32.84,33.475,32.785
05/13/2026,32.81,"8,680,010",32.51,32.87,32.18
05/12/2026,32.45,"9,276,504",32.54,32.7,32.215
05/11/2026,32.25,"9,001,448",31.66,32.35,31.51
05/08/2026,31.41,"8,886,434",31.54,31.79,31.23
05/07/2026,31.52,"12,182,070",31.13,31.55,30.88
05/06/2026,31.58,"12,802,180",32.005,32.13,31.33
05/05/2026,32.29,"9,289,440",32.44,32.57,32.09
05/04/2026,32.47,"13,543,870",32.355,32.52,32.135
05/01/2026,32.53,"10,091,430",32.82,32.9236,32.375
04/30/2026,32.87,"14,938,730",31.79,32.9,31.6601
04/29/2026,31.84,"10,095,980",31.85,31.945,31.59
04/28/2026,31.79,"11,603,890",31.35,31.87,31.28
04/27/2026,30.95,"14,889,380",31.68,31.98,30.73
04/24/2026,31.74,"11,311,710",31.73,31.84,31.17
04/23/2026,31.73,"19,405,960",32.27,32.4,31.065
04/22/2026,31.81,"13,776,940",31.84,32.015,31.73
04/21/2026,31.57,"9,964,718",31.95,32.175,31.145
04/20/2026,31.94,"10,838,390",31.75,32.42,31.71
04/17/2026,32.02,"14,356,030",31.15,32.09,30.9206
04/16/2026,31.79,"11,962,410",31.66,32.065,31.57
04/15/2026,31.7,"11,561,220",31.45,31.85,31.395
04/14/2026,31.65,"15,796,430",31.91,32.0,31.36
04/13/2026,32.07,"10,601,590",32.79,32.85,31.72
04/10/2026,32.68,"10,813,460",32.8,32.94,32.46
04/09/2026,32.97,"11,465,880",32.87,33.765,32.76
04/08/2026,32.96,"15,180,830",32.12,33.06,32.025
04/07/2026,33.3,"9,359,277",33.22,33.795,33.22
04/06/2026,33.19,"8,052,982",32.875,33.215,32.81
04/02/2026,32.97,"9,473,806",33.5,33.5,32.825
04/01/2026,32.88,"15,741,720",33.15,33.3123,32.52
03/31/2026,33.53,"18,488,760",33.81,33.89,33.025
03/30/2026,33.65,"10,327,980",34.28,34.36,33.52
03/27/2026,34.03,"18,007,330",34.0,34.726,33.83
03/26/2026,34.07,"11,080,440",33.94,34.4,33.77
03/25/2026,33.98,"15,095,700",33.76,34.2599,33.6686
03/24/2026,33.93,"13,247,420",33.62,34.225,33.61
03/23/2026,33.71,"22,314,860",32.81,33.82,32.44
03/20/2026,32.84,"26,371,980",33.49,33.725,32.825
03/19/2026,33.44,"14,364,260",32.79,33.72,32.5
03/18/2026,32.61,"13,858,790",33.24,33.27,32.61
03/17/2026,33.27,"11,723,040",33.52,33.875,33.2327
03/16/2026,33.31,"10,931,030",33.4,33.45,33.055
03/13/2026,33.39,"10,512,230",33.55,33.56,33.235
03/12/2026,33.36,"14,180,660",33.38,33.91,33.03
03/11/2026,33.08,"12,548,610",32.83,33.3,32.6704
03/10/2026,32.96,"13,108,450",33.2,33.39,32.925
03/09/2026,33.3,"12,552,760",33.66,33.66,33.145
03/06/2026,33.58,"12,941,570",33.55,33.665,33.235
03/05/2026,33.39,"16,915,330",33.89,34.075,33.28
03/04/2026,33.92,"11,345,970",33.74,34.01,33.465
03/03/2026,33.96,"15,675,570",34.0,34.24,33.5
03/02/2026,33.89,"15,539,650",33.75,34.13,33.065
02/27/2026,33.27,"16,322,340",33.125,33.3499,32.945
02/26/2026,33.06,"12,412,740",32.7,33.24,32.57
02/25/2026,32.77,"9,971,917",32.67,32.8,32.21
02/24/2026,32.69,"11,971,380",32.63,32.72,32.135
02/23/2026,32.7,"10,040,950",32.74,33.24,32.625
02/20/2026,32.73,"15,816,550",32.6,32.765,32.17
02/19/2026,32.54,"14,436,610",32.5,32.77,32.38
02/18/2026,32.29,"11,952,680",32.5,32.56,32.14
02/17/2026,32.13,"12,213,850",32.33,32.575,31.81
02/13/2026,32.32,"14,026,650",31.71,32.34,31.67
02/12/2026,31.69,"15,378,410",31.51,31.99,31.415
02/11/2026,31.45,"13,391,010",31.48,31.6699,31.21
02/10/2026,31.01,"12,322,450",31.22,31.54,30.9
02/09/2026,30.99,"11,713,100",30.48,31.12,30.46
02/06/2026,30.5,"11,765,950",30.41,30.59,30.24
02/05/2026,30.33,"11,523,250",29.96,30.39,29.7
02/04/2026,30.06,"18,763,690",30.4,30.555,29.54
02/03/2026,30.32,"17,139,000",29.73,30.385,29.6609
02/02/2026,29.61,"15,786,020",29.88,29.895,29.45
01/30/2026,30.49,"18,926,730",30.36,30.55,29.9
01/29/2026,30.24,"18,864,580",30.5,30.57,30.005
01/28/2026,30.07,"17,467,300",29.74,30.31,29.565
01/27/2026,29.59,"14,938,670",29.23,29.61,29.16
01/26/2026,29.34,"15,781,520",29.8,29.835,28.99
01/23/2026,29.57,"17,249,030",29.98,30.0,29.475
01/22/2026,29.69,"29,210,850",29.13,30.1799,28.93
01/21/2026,28.58,"17,547,750",28.33,28.66,28.24
01/20/2026,27.96,"17,090,010",28.14,28.335,27.735
01/16/2026,27.96,"14,289,640",27.54,27.98,27.39
01/15/2026,27.41,"11,802,150",27.49,27.72,27.315
01/14/2026,27.53,"13,634,520",27.31,27.8,27.31
01/13/2026,27.38,"11,440,860",27.11,27.505,27.065
01/12/2026,26.92,"13,562,590",27.14,27.245,26.695
01/09/2026,27.12,"13,382,800",27.4,27.485,26.93
01/08/2026,27.27,"12,654,880",27.0,27.47,27.0
01/07/2026,27.0,"11,124,140",26.89,27.165,26.825
01/06/2026,26.82,"19,691,780",28.0,28.0,26.59
01/05/2026,27.9,"17,778,800",27.96,27.96,27.125
01/02/2026,27.71,"10,257,460",27.49,27.895,27.19
12/31/2025,27.49,"9,434,268",27.54,27.58,27.3648
12/30/2025,27.58,"8,074,380",27.49,27.65,27.415
12/29/2025,27.38,"7,968,671",27.3,27.515,27.22
12/26/2025,27.19,"5,094,096",27.25,27.34,27.084
12/24/2025,27.19,"3,905,021",27.27,27.355,27.18
12/23/2025,27.28,"8,517,860",26.84,27.29,26.84
12/22/2025,26.89,"9,417,495",26.6,26.936,26.55
12/19/2025,26.49,"17,976,240",26.32,26.73,26.31
12/18/2025,26.34,"12,326,920",26.71,26.86,26.32
12/17/2025,26.65,"12,229,600",26.4,26.74,26.345
12/16/2025,26.33,"12,300,330",26.66,26.66,26.24
12/15/2025,26.72,"12,074,170",26.77,26.81,26.44
12/12/2025,26.73,"10,579,500",26.96,27.085,26.58
12/11/2025,26.82,"11,034,070",26.5,26.83,26.45
12/10/2025,26.59,"15,477,030",27.34,27.35,26.53
12/09/2025,27.32,"13,651,840",27.34,27.815,27.27
12/08/2025,27.29,"12,518,280",27.72,27.72,27.245
12/05/2025,27.77,"14,290,860",27.87,28.0,27.69
12/04/2025,27.84,"11,907,360",27.13,27.86,27.06
12/03/2025,27.17,"10,768,170",26.98,27.365,26.885
12/02/2025,26.85,"11,197,960",27.32,27.32,26.78
12/01/2025,27.29,"13,036,780",27.21,27.4352,27.17
11/28/2025,27.32,"5,815,656",26.96,27.36,26.855
11/26/2025,26.95,"10,980,210",26.65,27.08,26.58
11/25/2025,26.52,"15,378,110",26.69,26.785,26.315
11/24/2025,26.82,"23,465,350",27.02,27.03,26.56
11/21/2025,26.98,"14,887,600",26.8,27.07,26.54
11/20/2025,26.72,"19,024,600",26.98,27.365,26.7
11/19/2025,26.82,"15,595,180",26.7,26.9,26.345
11/18/2025,27.09,"16,210,490",27.07,27.315,26.92
11/17/2025,27.14,"14,176,290",27.43,27.545,27.12
11/14/2025,27.42,"17,510,750",26.85,27.49,26.68
11/13/2025,26.89,"15,289,370",27.08,27.2,26.82
11/12/2025,27.01,"10,557,840",26.97,27.335,26.91
11/11/2025,26.94,"12,348,460",27.14,27.2,26.79
11/10/2025,27.06,"12,878,440",26.55,27.13,26.39
11/07/2025,26.55,"11,602,570",26.12,26.605,26.035
11/06/2025,26.12,"12,929,330",26.0,26.3555,25.92
11/05/2025,25.92,"18,891,920",25.8,26.22,25.655
11/04/2025,25.84,"16,101,560",25.96,26.0799,25.75
11/03/2025,26.08,"15,600,640",25.98,26.09,25.6
10/31/2025,26.19,"14,287,410",26.1,26.2759,25.955
10/30/2025,26.08,"15,228,380",25.94,26.325,25.73
10/29/2025,25.9,"18,370,810",26.16,26.4,25.855
10/28/2025,26.08,"16,978,520",26.175,26.175,25.82
10/27/2025,26.15,"16,550,200",25.9,26.19,25.805
10/24/2025,25.86,"19,250,080",26.48,26.48,25.76
10/23/2025,26.25,"29,594,430",28.0,28.125,26.24
10/22/2025,27.56,"13,323,320",27.56,27.67,27.125
10/21/2025,27.5,"11,439,450",27.62,27.63,27.355
10/20/2025,27.52,"19,745,460",27.65,27.87,27.35
10/17/2025,27.38,"13,970,650",27.1,27.4,27.02
10/16/2025,27.21,"13,166,510",27.62,27.74,27.0
10/15/2025,27.61,"9,641,905",27.47,27.825,27.34
10/14/2025,27.31,"9,975,111",27.09,27.38,27.0
10/13/2025,27.34,"11,761,670",27.095,27.37,27.01
10/10/2025,27.1,"13,835,220",27.5,27.8,27.09
10/09/2025,27.52,"14,633,860",28.1,28.34,27.4601
10/08/2025,28.14,"16,501,440",27.84,28.185,27.61
10/07/2025,28.01,"9,691,012",28.01,28.0797,27.7237
10/06/2025,27.93,"10,716,820",28.59,28.615,27.93
10/03/2025,28.46,"12,537,870",28.23,28.73,28.03
10/02/2025,28.22,"11,822,120",28.24,28.905,28.145
10/01/2025,28.3,"13,920,020",28.23,28.4,28.0
09/30/2025,28.31,"16,456,250",28.28,28.475,28.195
09/29/2025,28.37,"13,675,810",28.3,28.37,28.01
09/26/2025,28.21,"13,771,820",28.18,28.51,28.03
09/25/2025,27.93,"13,493,270",27.84,28.1958,27.75
09/24/2025,27.82,"14,021,010",27.63,28.03,27.61
09/23/2025,27.47,"11,122,150",27.2,27.73,27.14
09/22/2025,27.18,"9,891,545",27.34,27.46,27.175
09/19/2025,27.42,"20,820,570",27.7,27.72,27.2846
09/18/2025,27.67,"10,170,200",27.57,27.8799,27.485
09/17/2025,27.57,"9,974,293",27.29,27.66,27.27
09/16/2025,27.21,"12,100,230",27.41,27.41,27.07
09/15/2025,27.36,"9,551,694",27.67,27.7482,27.33
09/12/2025,27.58,"8,665,130",27.6,27.8111,27.49
09/11/2025,27.57,"11,016,170",27.3,27.58,27.21
09/10/2025,27.38,"12,037,160",26.62,27.455,26.62
09/09/2025,26.64,"10,999,200",26.63,26.9,26.61
09/08/2025,26.48,"14,652,490",26.75,27.085,26.285
09/05/2025,26.59,"11,509,240",26.76,26.845,26.22
09/04/2025,26.71,"13,220,820",26.87,27.145,26.61
09/03/2025,26.73,"10,270,920",26.74,26.88,26.56
09/02/2025,26.74,"10,941,300",26.73,26.975,26.55
08/29/2025,26.98,"14,034,820",27.0,27.09,26.835
08/28/2025,27.01,"11,852,810",26.87,27.045,26.731
08/27/2025,26.83,"14,137,460",26.62,26.915,26.57
08/26/2025,26.62,"13,705,530",26.54,26.67,26.14
08/25/2025,26.48,"11,145,090",26.7,26.82,26.435
08/22/2025,26.7,"13,030,220",26.89,26.99,26.63
08/21/2025,26.82,"11,633,130",26.51,26.91,26.49
08/20/2025,26.57,"16,175,750",26.41,26.73,26.31
08/19/2025,26.4,"12,432,610",26.1,26.4,26.015
08/18/2025,26.23,"10,558,360",26.55,26.55,26.1846
08/15/2025,26.67,"13,657,620",26.91,27.0,26.64
08/14/2025,26.85,"14,969,590",26.81,27.1,26.685
08/13/2025,26.87,"14,462,170",26.65,26.87,26.265
08/12/2025,26.56,"15,166,200",26.9,26.915,26.27
08/11/2025,26.89,"12,205,430",26.9,27.09,26.76
08/08/2025,26.89,"15,120,860",26.92,27.07,26.67
08/07/2025,26.76,"17,708,500",26.89,27.178,26.75
08/06/2025,26.75,"38,849,080",27.105,27.38,26.67
08/05/2025,28.04,"17,996,190",28.27,28.325,27.42
08/04/2025,28.28,"16,654,770",28.11,28.46,28.02
08/01/2025,28.1,"16,329,350",27.78,28.225,27.5
07/31/2025,28.06,"14,893,140",27.61,28.115,27.6
07/30/2025,28.01,"18,126,230",27.86,28.21,27.8
07/29/2025,27.88,"15,308,220",27.4,27.95,27.275
07/28/2025,27.21,"13,866,600",27.58,27.64,27.13
07/25/2025,27.39,"15,216,010",27.53,27.7,27.26
07/24/2025,27.42,"19,086,940",26.835,27.475,26.74
07/23/2025,26.81,"22,335,860",26.87,26.985,26.48
07/22/2025,26.97,"13,201,700",27.17,27.33,26.9519
07/21/2025,27.11,"19,409,960",27.76,27.82,27.0
07/18/2025,27.88,"18,793,060",27.63,28.0,27.54
07/17/2025,27.49,"24,725,420",27.2,27.675,26.89
07/16/2025,27.91,"16,290,620",27.98,28.1099,27.76
07/15/2025,27.94,"16,441,440",28.28,28.35,27.77
07/14/2025,28.32,"14,618,930",27.83,28.36,27.75
07/11/2025,27.84,"11,281,040",27.76,27.93,27.64
07/10/2025,27.79,"11,763,290",27.7,27.82,27.32
07/09/2025,27.8,"13,026,090",28.21,28.26,27.62
07/08/2025,28.13,"14,131,080",28.14,28.24,27.71
07/07/2025,28.33,"9,336,503",28.4,28.54,28.18
07/03/2025,28.41,"5,100,555",28.43,28.5669,28.185
07/02/2025,28.5,"15,597,610",28.33,28.56,27.88
07/01/2025,28.33,"18,914,810",29.355,29.425,28.11
06/30/2025,29.4,"14,239,880",29.08,29.58,28.92
06/27/2025,28.98,"17,106,130",28.94,29.16,28.7596
06/26/2025,28.89,"12,445,200",28.34,28.9,28.26
06/25/2025,28.31,"13,100,670",28.68,28.7,28.17
06/24/2025,28.54,"13,252,080",27.94,28.65,27.89
06/23/2025,28.09,"13,397,240",28.22,28.55,27.785
06/20/2025,28.01,"17,087,730",27.63,28.16,27.53
06/18/2025,27.57,"10,602,130",27.615,27.74,27.28
06/17/2025,27.47,"12,721,990",27.83,27.915,27.43
06/16/2025,27.66,"11,844,530",27.62,28.03,27.55
06/13/2025,27.64,"13,027,300",27.89,28.03,27.35
06/12/2025,27.66,"9,233,663",27.66,27.725,27.38
06/11/2025,27.52,"13,379,140",27.51,27.66,27.37
06/10/2025,27.38,"13,945,830",27.71,27.88,27.195
06/09/2025,27.53,"12,884,740",28.1,28.13,27.42
06/06/2025,28.14,"11,892,260",28.26,28.4296,27.93
06/05/2025,28.24,"10,590,250",28.13,28.365,27.92
06/04/2025,28.03,"11,909,340",28.53,28.67,27.92
06/03/2025,28.56,"11,723,740",28.66,28.696,28.45
06/02/2025,28.65,"16,708,990",28.25,28.69,27.82
05/30/2025,28.04,"15,718,480",27.79,28.24,27.79
05/29/2025,27.92,"12,942,490",27.93,27.98,27.615
05/28/2025,27.95,"10,609,640",28.3,28.35,27.8819
05/27/2025,28.19,"15,941,720",28.08,28.28,28.02
05/23/2025,27.86,"12,400,860",27.26,27.9,27.2
05/22/2025,27.34,"10,493,160",27.39,27.535,27.065
05/21/2025,27.47,"11,807,670",27.87,27.955,27.46
05/20/2025,27.98,"7,644,465",28.0,28.18,27.95
05/19/2025,28.0,"7,841,468",27.88,28.0364,27.65
05/16/2025,28.09,"12,400,010",28.02,28.23,27.82
05/15/2025,28.0,"11,996,800",27.21,28.03,27.21
05/14/2025,27.46,"10,651,700",27.365,27.49,27.235
05/13/2025,27.5,"13,914,400",27.4,27.73,27.33
05/12/2025,27.31,"13,049,860",27.84,27.85,26.9
05/09/2025,27.31,"8,832,713",27.31,27.43,26.96
05/08/2025,27.04,"14,765,190",27.85,27.865,27.02
05/07/2025,27.62,"13,833,700",27.28,27.77,27.23
05/06/2025,27.21,"19,004,710",26.85,27.38,26.73
05/05/2025,26.87,"17,724,060",26.56,27.0,26.27
05/02/2025,26.83,"10,497,860",26.63,26.885,26.445
05/01/2025,26.3,"13,555,140",26.09,26.875,26.02
04/30/2025,26.3,"15,398,230",26.52,26.67,25.9543
04/29/2025,27.21,"10,926,980",26.87,27.325,26.84
04/28/2025,27.07,"11,939,340",26.83,27.14,26.56
04/25/2025,26.85,"9,267,333",26.72,26.895,26.59
04/24/2025,26.87,"10,988,220",26.7,27.03,26.49
04/23/2025,26.6,"19,540,380",26.85,27.125,26.41
04/22/2025,26.6,"18,212,110",26.28,26.785,26.02
04/21/2025,25.79,"19,053,180",26.86,27.01,25.425
04/17/2025,27.1,"22,874,120",26.77,27.675,26.71
04/16/2025,26.95,"11,724,160",27.09,27.46,26.815
04/15/2025,27.22,"12,974,830",26.92,27.61,26.875
04/14/2025,26.8,"11,119,650",27.0,27.045,26.61
04/11/2025,26.47,"15,769,120",25.92,26.5787,25.42
04/10/2025,25.79,"17,628,520",25.9,26.345,25.11
04/09/2025,26.25,"26,281,170",24.69,26.64,24.39
04/08/2025,25.21,"16,547,020",26.27,26.53,24.815
04/07/2025,25.37,"23,814,420",24.38,26.18,23.94
04/04/2025,25.29,"29,083,900",26.72,27.09,25.11
04/03/2025,27.72,"16,703,980",27.86,28.65,27.63
04/02/2025,28.92,"8,662,502",28.38,28.94,28.36
04/01/2025,28.63,"8,692,076",28.37,28.655,28.085
03/31/2025,28.53,"13,867,920",28.11,28.68,28.09
03/28/2025,28.37,"8,357,277",28.04,28.45,27.98
03/27/2025,28.23,"8,885,233",28.49,28.555,28.0705
03/26/2025,28.48,"11,928,480",29.03,29.09,28.35
03/25/2025,28.83,"11,393,870",28.83,29.13,28.65
03/24/2025,28.71,"12,508,520",28.08,28.79,28.06
03/21/2025,27.93,"19,506,440",27.99,28.08,27.76
03/20/2025,28.06,"8,205,546",27.77,28.165,27.72
03/19/2025,27.85,"11,478,000",27.64,27.94,27.46
03/18/2025,27.52,"12,056,550",27.8,27.92,27.46
03/17/2025,27.79,"10,623,720",27.04,27.875,26.97
03/14/2025,27.1,"8,635,014",26.82,27.2,26.64
03/13/2025,26.54,"10,449,200",26.6,26.78,26.34
03/12/2025,26.52,"11,236,240",26.66,26.89,26.325
03/11/2025,26.41,"14,035,800",26.15,26.795,26.1
03/10/2025,26.14,"14,227,440",26.03,26.41,25.775
03/07/2025,26.14,"12,813,580",26.36,26.495,25.53
03/06/2025,26.31,"13,529,980",26.41,26.52,25.855
03/05/2025,26.73,"12,418,160",26.8,26.9527,26.22
03/04/2025,26.99,"16,430,320",26.91,27.55,26.615
03/03/2025,27.14,"16,312,180",27.5,27.8898,26.9432
02/28/2025,27.1,"16,400,590",26.19,27.12,26.18
02/27/2025,26.21,"15,315,670",26.27,26.55,25.885
02/26/2025,26.17,"12,330,850",26.11,26.31,25.93
02/25/2025,26.1,"15,350,110",26.45,26.5,25.43
02/24/2025,26.47,"15,017,330",26.53,26.83,26.175
02/21/2025,26.41,"21,468,900",26.54,26.81,26.1902
02/20/2025,26.59,"12,513,920",26.64,26.72,26.2201
02/19/2025,26.89,"12,193,670",26.75,27.2,26.65
02/18/2025,26.75,"12,601,940",26.6,26.95,26.56
02/14/2025,26.55,"12,565,380",26.65,26.96,26.54
02/13/2025,26.56,"14,668,500",26.36,26.75,26.18
02/12/2025,26.28,"15,356,950",26.45,26.845,26.13
02/11/2025,26.79,"16,879,100",26.99,26.99,26.39
02/10/2025,27.07,"16,680,650",27.2,27.29,26.74
02/07/2025,27.04,"12,992,730",26.86,27.22,26.58
02/06/2025,26.78,"15,741,060",27.71,27.71,26.535
02/05/2025,27.64,"12,067,770",27.68,27.88,27.485
02/04/2025,27.5,"12,009,170",27.35,27.75,27.325
02/03/2025,27.58,"12,768,270",26.84,27.79,26.72
01/31/2025,27.48,"21,420,790",28.23,28.26,27.415
01/30/2025,28.1,"16,858,920",27.57,28.209,27.5
01/29/2025,27.3,"14,620,650",27.54,27.98,27.13
01/28/2025,27.46,"23,941,360",27.55,27.6,26.95
01/27/2025,27.46,"37,477,210",29.04,29.21,27.285
01/24/2025,30.27,"12,773,810",30.48,30.555,30.1701
01/23/2025,30.48,"22,002,760",31.3,31.3,30.085
01/22/2025,30.78,"20,361,190",31.45,31.46,30.6634
01/21/2025,31.22,"22,826,570",30.575,31.48,30.55
01/17/2025,30.31,"16,062,370",29.97,30.51,29.88
01/16/2025,30.06,"21,219,050",29.44,30.07,29.335
01/15/2025,29.44,"12,104,190",29.39,29.58,29.25
01/14/2025,29.12,"14,599,880",28.58,29.2889,28.48
01/13/2025,28.52,"12,018,980",28.25,28.66,28.18
01/10/2025,28.16,"11,912,510",28.49,28.82,28.02
01/08/2025,28.29,"11,148,960",27.74,28.31,27.68
01/07/2025,27.81,"9,703,906",27.93,28.09,27.69
01/06/2025,27.83,"14,420,790",28.3,28.39,27.73
01/03/2025,28.27,"9,878,840",28.25,28.53,28.135
01/02/2025,28.11,"13,893,100",27.62,28.21,27.51
12/31/2024,27.4,"7,862,384",27.42,27.74,27.35
12/30/2024,27.36,"7,953,936",27.16,27.55,26.93
12/27/2024,27.18,"6,755,828",27.2,27.36,27.045
12/26/2024,27.25,"8,173,206",27.23,27.29,27.095
12/24/2024,27.33,"4,702,835",27.1,27.39,26.99
12/23/2024,27.05,"10,863,260",26.85,27.1,26.55
12/20/2024,26.85,"28,504,700",26.23,26.99,26.14
12/19/2024,26.24,"20,250,870",26.12,26.505,25.84
12/18/2024,25.83,"12,764,510",26.59,26.723,25.78
12/17/2024,26.61,"14,320,250",26.4,26.71,26.1101
12/16/2024,26.56,"11,582,320",26.7,26.75,26.415
12/13/2024,26.88,"8,284,762",26.87,26.99,26.7
12/12/2024,26.9,"10,795,660",26.95,27.2,26.8
12/11/2024,26.95,"15,058,610",27.02,27.265,26.88
12/10/2024,26.89,"15,516,800",27.32,27.41,26.794
12/09/2024,27.1,"12,138,710",27.845,27.88,27.02
12/06/2024,27.77,"11,530,730",27.93,28.14,27.63
12/05/2024,27.97,"13,451,760",27.52,28.22,27.48
12/04/2024,27.39,"9,852,902",27.36,27.42,27.12
12/03/2024,27.42,"12,491,540",27.47,27.55,27.2
12/02/2024,27.44,"9,652,417",28.22,28.27,27.34
11/29/2024,28.27,"6,268,173",28.17,28.345,28.08
11/27/2024,28.07,"8,127,177",28.09,28.24,27.96
11/26/2024,28.09,"11,272,790",27.86,28.235,27.86
11/25/2024,27.85,"26,211,110",28.59,28.72,27.65
11/22/2024,28.49,"12,382,230",28.54,28.81,28.48
11/21/2024,28.54,"14,617,980",28.03,28.67,27.98
11/20/2024,28.0,"11,950,250",28.1,28.275,27.77
11/19/2024,28.08,"16,420,720",27.59,28.15,27.59
11/18/2024,27.78,"15,943,090",27.35,27.84,27.35
11/15/2024,27.27,"12,426,310",26.65,27.315,26.65
11/14/2024,26.76,"9,870,157",26.75,26.97,26.64
11/13/2024,26.8,"11,759,790",27.3,27.33,26.76
11/12/2024,27.18,"14,748,830",27.29,27.585,27.12
11/11/2024,27.27,"15,876,060",26.88,27.33,26.88
11/08/2024,26.88,"17,402,050",26.28,27.0,26.28
11/07/2024,26.41,"13,260,550",26.41,26.51,26.19
11/06/2024,26.35,"27,282,740",25.38,26.585,25.38
11/05/2024,24.71,"18,874,230",24.59,24.955,24.54
11/04/2024,24.49,"13,273,430",24.27,24.5,23.97
11/01/2024,24.18,"13,274,540",24.56,24.665,24.14
10/31/2024,24.51,"12,806,120",24.63,24.69,24.345
10/30/2024,24.84,"14,117,310",24.72,25.1,24.65
10/29/2024,24.63,"10,089,820",24.86,24.86,24.505
10/28/2024,24.8,"10,034,800",24.69,24.93,24.66
10/25/2024,24.95,"16,549,830",25.09,25.2,24.91
10/24/2024,24.99,"15,834,490",24.9,25.08,24.77
10/23/2024,24.77,"9,856,544",24.75,24.86,24.595
10/22/2024,24.81,"7,976,741",24.78,24.965,24.57
10/21/2024,24.74,"9,920,317",25.0,25.01,24.65
10/18/2024,24.95,"13,670,560",24.87,24.98,24.655
10/17/2024,24.82,"24,172,240",24.75,25.43,24.5
10/16/2024,24.93,"17,604,050",24.85,25.06,24.7
10/15/2024,24.76,"19,919,480",24.73,24.97,24.5116
10/14/2024,24.88,"16,198,790",24.535,25.0199,24.511
10/11/2024,24.7,"21,490,050",23.98,24.7,23.86
10/10/2024,23.72,"20,257,790",23.54,23.83,23.36
10/09/2024,23.48,"6,730,525",23.2,23.54,23.19
10/08/2024,23.32,"10,575,830",23.39,23.54,23.0601
10/07/2024,23.58,"12,242,620",23.64,23.835,23.57
10/04/2024,23.62,"11,027,680",23.42,23.65,23.295
10/03/2024,23.35,"17,220,650",22.97,23.42,22.785
10/02/2024,22.94,"15,220,920",22.65,22.99,22.6
10/01/2024,22.59,"15,698,080",22.03,22.63,22.01
09/30/2024,22.09,"10,365,410",21.82,22.13,21.65
09/27/2024,21.79,"12,662,180",21.72,21.875,21.61
09/26/2024,21.68,"14,574,560",21.87,22.07,21.62
09/25/2024,22.09,"12,086,230",22.23,22.27,22.04
09/24/2024,22.22,"11,105,210",22.31,22.335,22.06
09/23/2024,22.18,"11,610,090",21.84,22.2,21.82
09/20/2024,21.79,"21,988,360",21.51,21.875,21.455
09/19/2024,21.59,"11,860,980",21.8,21.835,21.55
09/18/2024,21.61,"10,153,080",21.61,21.83,21.5925
09/17/2024,21.56,"10,256,310",21.51,21.735,21.435
09/16/2024,21.47,"11,136,640",21.35,21.55,21.295
09/13/2024,21.14,"10,037,000",21.01,21.16,20.965
09/12/2024,20.94,"9,023,113",20.86,21.02,20.72
09/11/2024,20.83,"10,563,050",20.99,21.075,20.56
09/10/2024,21.12,"9,044,106",21.2,21.235,20.96
09/09/2024,21.12,"11,855,300",21.17,21.285,21.05
09/06/2024,21.13,"11,478,550",21.48,21.59,21.04
09/05/2024,21.48,"9,093,113",21.55,21.58,21.375
09/04/2024,21.41,"14,874,960",21.51,21.63,21.29
09/03/2024,21.56,"11,944,990",21.45,21.65,21.22
08/30/2024,21.57,"26,383,340",21.35,21.59,21.305
08/29/2024,21.42,"8,562,887",21.41,21.475,21.22
08/28/2024,21.33,"8,327,443",21.36,21.42,21.21
08/27/2024,21.39,"10,979,420",21.425,21.53,21.3
08/26/2024,21.42,"10,758,280",21.42,21.5,21.33
08/23/2024,21.28,"11,383,960",21.07,21.385,20.98
08/22/2024,21.0,"7,767,163",20.97,21.1,20.89
08/21/2024,20.97,"11,349,060",21.1,21.15,20.84
08/20/2024,21.03,"9,770,723",21.33,21.4,20.945
08/19/2024,21.36,"10,009,970",21.08,21.37,21.02
08/16/2024,21.08,"8,170,525",21.11,21.14,20.986
08/15/2024,21.11,"12,283,100",21.12,21.2,20.91
08/14/2024,20.96,"7,947,486",20.92,21.04,20.84
08/13/2024,20.92,"9,484,621",20.89,21.0,20.655
08/12/2024,20.92,"7,603,576",21.06,21.097,20.82
08/09/2024,21.02,"13,464,670",21.1,21.1,20.795
08/08/2024,21.07,"10,592,450",20.8,21.18,20.8
08/07/2024,20.8,"15,593,720",20.88,21.29,20.8
08/06/2024,20.66,"19,934,580",20.21,20.85,20.065
08/05/2024,20.08,"18,837,000",19.94,20.17,19.68
08/02/2024,20.68,"18,941,190",20.98,21.065,20.51
08/01/2024,21.07,"12,092,580",21.14,21.205,20.93
07/31/2024,21.13,"15,294,580",21.53,21.6255,21.11
07/30/2024,21.72,"16,671,820",21.29,21.8,21.275
07/29/2024,21.29,"13,805,140",21.41,21.46,21.14
07/26/2024,21.37,"12,587,940",21.16,21.43,21.14
07/25/2024,21.07,"20,800,330",21.06,21.29,21.01
07/24/2024,21.05,"20,630,700",21.64,21.66,21.05
07/23/2024,21.62,"20,814,860",21.81,21.81,21.56
07/22/2024,21.85,"15,594,800",21.53,21.86,21.5
07/19/2024,21.49,"26,891,120",21.16,21.79,21.1
07/18/2024,21.05,"42,322,380",20.495,21.45,20.44
07/17/2024,20.53,"23,408,460",20.3,20.57,20.275
07/16/2024,20.24,"14,691,300",20.55,20.55,20.03
07/15/2024,20.17,"13,844,590",20.28,20.38,20.15
07/12/2024,20.19,"18,489,430",20.25,20.315,20.09
07/11/2024,20.16,"15,623,530",20.12,20.2,20.0139
07/10/2024,20.1,"9,648,466",20.0,20.11,19.9
07/09/2024,19.99,"14,039,980",19.85,20.14,19.835
07/08/2024,19.91,"9,640,682",19.89,19.995,19.795
07/05/2024,19.89,"11,916,500",19.92,19.98,19.77
07/03/2024,19.96,"11,016,120",19.83,20.075,19.76
07/02/2024,19.72,"12,815,460",19.91,19.91,19.4737
07/01/2024,19.79,"10,789,720",19.98,20.01,19.68
06/28/2024,19.87,"42,524,230",19.86,19.915,19.74
06/27/2024,19.76,"10,531,980",19.8,19.885,19.62
06/26/2024,19.74,"13,503,360",20.1,20.135,19.71
06/25/2024,20.1,"10,026,390",20.07,20.16,20.005
06/24/2024,20.11,"11,998,500",19.74,20.19,19.74
06/21/2024,19.71,"28,997,890",19.87,19.94,19.63
06/20/2024,19.8,"10,930,000",19.7,19.94,19.64
06/18/2024,19.74,"8,880,468",19.71,19.86,19.67
06/17/2024,19.67,"11,724,250",19.57,19.83,19.56
06/14/2024,19.59,"8,446,690",19.66,19.76,19.55
06/13/2024,19.76,"7,979,404",19.84,19.91,19.695
06/12/2024,19.88,"10,083,660",19.92,20.07,19.845
06/11/2024,19.79,"9,229,844",19.71,19.88,19.66
06/10/2024,19.8,"11,567,320",19.64,19.875,19.62
06/07/2024,19.62,"9,188,943",19.75,19.76,19.575
06/06/2024,19.81,"11,409,480",19.73,19.84,19.67
06/05/2024,19.79,"14,730,840",19.71,19.81,19.52
06/04/2024,19.66,"13,990,710",19.4,19.71,19.29
06/03/2024,19.5,"14,348,630",19.48,19.54,19.37
05/31/2024,19.49,"19,745,180",19.06,19.51,18.99
05/30/2024,19.0,"9,668,538",18.94,19.02,18.88
05/29/2024,18.91,"9,005,846",19.01,19.04,18.83
05/28/2024,19.07,"11,884,810",19.11,19.19,19.0
05/24/2024,19.07,"9,614,977",19.18,19.21,19.02
05/23/2024,19.08,"11,921,480",19.4,19.43,19.05
05/22/2024,19.39,"11,119,990",19.66,19.66,19.2846
05/21/2024,19.74,"10,302,930",19.85,19.93,19.72
05/20/2024,19.84,"10,286,340",19.71,19.89,19.7
05/17/2024,19.7,"12,152,840",19.63,19.79,19.525
05/16/2024,19.6,"11,483,020",19.51,19.72,19.5
05/15/2024,19.54,"13,622,660",19.41,19.63,19.37
05/14/2024,19.41,"14,640,540",19.14,19.45,19.14
05/13/2024,19.15,"12,389,180",19.12,19.24,19.05
05/10/2024,19.08,"8,141,296",19.16,19.18,18.95
05/09/2024,19.01,"8,029,021",18.82,19.03,18.81
05/08/2024,18.81,"11,640,580",18.7,18.89,18.65
05/07/2024,18.77,"11,863,920",18.7,18.9,18.67
05/06/2024,18.61,"11,963,240",18.6,18.77,18.49
05/03/2024,18.57,"12,409,400",18.53,18.58,18.38
05/02/2024,18.46,"14,689,920",18.35,18.58,18.18
05/01/2024,18.23,"18,135,950",18.33,18.41,18.13
04/30/2024,18.28,"16,059,150",18.55,18.56,18.26
04/29/2024,18.6,"10,295,130",18.4,18.605,18.4
04/26/2024,18.68,"9,415,524",18.78,18.78,18.63
04/25/2024,18.8,"17,447,510",18.81,18.8894,18.63
04/24/2024,18.81,"12,485,680",18.62,18.84,18.52
04/23/2024,18.76,"12,914,100",18.83,18.89,18.69
04/22/2024,18.82,"16,188,160",18.79,18.92,18.57
04/19/2024,18.84,"25,698,430",18.31,18.9,18.255
04/18/2024,18.21,"26,119,480",18.0,18.355,17.95
04/17/2024,17.76,"13,072,560",17.77,17.93,17.66
04/16/2024,17.69,"16,201,570",17.97,18.04,17.61
04/15/2024,17.97,"10,025,970",18.24,18.335,17.915
04/12/2024,18.13,"15,506,260",18.39,18.54,18.065
04/11/2024,18.35,"12,520,490",18.3,18.37,18.12
04/10/2024,18.27,"10,675,650",18.35,18.39,18.19
04/09/2024,18.48,"8,291,340",18.41,18.5,18.37
04/08/2024,18.36,"11,639,740",18.48,18.62,18.35
04/05/2024,18.46,"9,872,614",18.43,18.495,18.215
04/04/2024,18.43,"8,949,612",18.61,18.72,18.365
04/03/2024,18.55,"11,384,690",18.46,18.57,18.435
04/02/2024,18.42,"10,157,830",18.45,18.52,18.3
04/01/2024,18.41,"10,873,280",18.37,18.48,18.1712
03/28/2024,18.34,"15,939,370",18.24,18.43,18.15
03/27/2024,18.15,"8,698,995",17.96,18.17,17.89
03/26/2024,17.91,"9,156,143",18.0,18.015,17.9
03/25/2024,17.97,"16,549,680",18.04,18.14,17.89
03/22/2024,18.06,"10,169,280",18.15,18.22,18.05
03/21/2024,18.11,"13,742,520",18.05,18.31,18.01
03/20/2024,18.03,"11,145,340",17.86,18.12,17.83
03/19/2024,17.93,"18,142,820",17.68,17.94,17.66
03/18/2024,17.64,"16,906,790",17.64,17.67,17.515
03/15/2024,17.6,"30,086,930",17.5,17.79,17.48
03/14/2024,17.56,"20,940,810",17.81,17.87,17.45
03/13/2024,17.89,"18,206,820",18.03,18.105,17.86
03/12/2024,17.94,"8,024,651",17.93,18.02,17.89
03/11/2024,17.97,"11,397,480",17.83,17.98,17.755
03/08/2024,17.83,"11,290,690",17.85,17.93,17.74
03/07/2024,17.87,"10,735,010",17.87,17.95,17.82
03/06/2024,17.82,"10,856,520",17.77,17.92,17.75
03/05/2024,17.72,"11,811,720",17.59,17.85,17.57
03/04/2024,17.57,"10,815,760",17.45,17.61,17.42
03/01/2024,17.46,"10,955,660",17.38,17.5,17.335
02/29/2024,17.39,"15,578,910",17.24,17.44,17.185
02/28/2024,17.15,"11,414,810",17.19,17.258,17.02
02/27/2024,17.17,"12,062,780",17.21,17.23,17.05
02/26/2024,17.13,"8,172,229",17.2,17.32,17.09
02/23/2024,17.25,"9,892,674",17.2,17.36,17.17
02/22/2024,17.26,"13,092,620",17.25,17.33,17.13
02/21/2024,17.42,"10,845,610",17.14,17.44,17.09
02/20/2024,17.06,"13,300,550",17.12,17.22,16.995
02/16/2024,17.11,"17,603,890",16.97,17.18,16.91
02/15/2024,16.97,"18,223,210",16.53,17.04,16.51
02/14/2024,16.57,"14,250,210",16.62,16.645,16.49
02/13/2024,16.57,"15,183,350",16.74,16.89,16.47
02/12/2024,16.78,"11,205,610",16.62,16.84,16.57
02/09/2024,16.61,"9,323,427",16.63,16.7201,16.53
02/08/2024,16.63,"17,003,990",16.63,16.73,16.57
02/07/2024,16.65,"16,670,780",16.74,16.77,16.52
02/06/2024,16.69,"12,701,660",16.7,16.73,16.6
02/05/2024,16.67,"14,057,980",16.85,16.85,16.62
02/02/2024,16.96,"20,964,520",16.99,17.05,16.74
02/01/2024,17.03,"16,473,960",16.92,17.19,16.86
01/31/2024,16.92,"16,870,610",17.22,17.25,16.9
01/30/2024,17.21,"12,446,180",17.05,17.23,17.005
01/29/2024,17.37,"13,665,900",17.44,17.49,17.25
01/26/2024,17.44,"14,265,380",17.33,17.47,17.3
01/25/2024,17.33,"23,723,820",17.025,17.34,16.945
01/24/2024,16.89,"25,500,490",17.14,17.15,16.85
01/23/2024,17.08,"14,416,910",17.15,17.22,17.04
01/22/2024,17.16,"13,142,410",17.21,17.29,17.09
01/19/2024,17.2,"19,017,960",17.38,17.38,17.1
01/18/2024,17.31,"31,605,630",17.32,17.51,17.1
01/17/2024,17.56,"13,926,430",17.73,17.85,17.5
01/16/2024,17.82,"12,903,270",17.92,17.9799,17.8025
01/12/2024,17.97,"10,319,040",18.05,18.15,17.89
01/11/2024,17.84,"16,028,800",17.97,17.9949,17.7
01/10/2024,17.95,"14,113,050",18.02,18.06,17.9
01/09/2024,18.05,"15,386,350",18.1,18.15,17.95
01/08/2024,18.11,"12,962,160",17.89,18.11,17.79
01/05/2024,18.02,"12,288,800",18.02,18.11,17.87
01/04/2024,17.95,"10,839,240",18.15,18.24,17.9
01/03/2024,18.05,"14,367,050",17.81,18.1287,17.76
01/02/2024,17.83,"13,141,230",17.7,17.9,17.67
12/29/2023,17.64,"9,811,256",17.7,17.7,17.565
12/28/2023,17.69,"7,770,033",17.71,17.8,17.62
12/27/2023,17.77,"7,920,543",17.84,17.87,17.66
12/26/2023,17.85,"7,636,696",17.8,17.89,17.72
12/22/2023,17.72,"7,534,269",17.7,17.835,17.665
12/21/2023,17.64,"11,332,250",17.51,17.65,17.0
12/20/2023,17.5,"16,159,170",17.64,17.74,17.5
12/19/2023,17.64,"11,375,700",17.59,17.72,17.54
12/18/2023,17.57,"13,959,710",17.75,17.84,17.55
12/15/2023,17.49,"33,040,900",17.6,17.62,17.38
12/14/2023,17.69,"17,957,750",17.61,17.88,17.6025
12/13/2023,17.48,"17,197,870",17.21,17.54,17.105
12/12/2023,17.22,"16,091,550",17.51,17.57,17.14
12/11/2023,17.57,"11,457,530",17.67,17.7,17.53
12/08/2023,17.7,"11,790,040",17.55,17.71,17.51
12/07/2023,17.5,"16,544,830",17.62,17.66,17.45
12/06/2023,17.53,"17,064,670",17.47,17.685,17.4112
12/05/2023,17.5,"17,516,890",17.85,17.89,17.49
12/04/2023,17.85,"11,707,980",17.69,17.9,17.66
12/01/2023,17.75,"12,719,080",17.54,17.8,17.505
11/30/2023,17.57,"23,071,350",17.37,17.59,17.36
11/29/2023,17.32,"13,975,750",17.36,17.465,17.205
11/28/2023,17.29,"10,998,480",17.35,17.43,17.26
11/27/2023,17.31,"10,947,040",17.3,17.35,17.245
11/24/2023,17.35,"5,988,130",17.3,17.46,17.28
11/22/2023,17.29,"13,233,980",16.94,17.3,16.902
11/21/2023,17.12,"11,961,160",16.96,17.14,16.9
11/20/2023,16.94,"10,062,570",16.96,17.09,16.91
11/17/2023,16.96,"13,708,360",16.94,17.05,16.87
11/16/2023,16.82,"14,554,130",16.85,17.0,16.62
11/15/2023,16.92,"16,813,620",16.85,17.07,16.83
11/14/2023,16.8,"12,593,060",16.63,16.87,16.59
11/13/2023,16.52,"9,358,646",16.44,16.63,16.34
11/10/2023,16.44,"12,670,370",16.33,16.48,16.22
11/09/2023,16.21,"15,076,580",16.42,16.44,16.17
11/08/2023,16.34,"10,910,540",16.47,16.51,16.31
11/07/2023,16.55,"18,310,020",16.53,16.63,16.4
11/06/2023,16.67,"11,851,700",16.94,16.94,16.65
11/03/2023,16.87,"12,819,340",16.9,17.0,16.83
11/02/2023,16.9,"18,525,100",16.365,16.92,16.29
11/01/2023,16.35,"15,920,580",16.26,16.45,16.1
10/31/2023,16.2,"13,132,550",16.11,16.25,16.055
10/30/2023,16.13,"16,123,250",16.14,16.29,15.91
10/27/2023,16.37,"14,657,050",16.7,16.71,16.3
10/26/2023,16.7,"11,306,870",16.71,16.77,16.56
10/25/2023,16.79,"11,215,640",16.86,16.945,16.78
10/24/2023,16.85,"12,964,220",17.01,17.07,16.82
10/23/2023,16.98,"12,852,390",16.89,17.02,16.82
10/20/2023,16.99,"16,349,700",17.04,17.1,16.89
10/19/2023,17.01,"17,788,760",17.27,17.31,16.84
10/18/2023,17.14,"14,679,970",17.34,17.395,17.11
10/17/2023,17.33,"15,252,900",17.27,17.4386,17.235
10/16/2023,17.28,"11,369,850",17.2,17.33,17.08
10/13/2023,17.11,"14,081,380",17.095,17.185,17.04
10/12/2023,16.91,"13,901,970",16.91,16.98,16.77
10/11/2023,16.85,"11,583,410",16.71,16.85,16.65
10/10/2023,16.82,"11,827,370",16.75,16.87,16.7
10/09/2023,16.76,"18,370,510",16.53,16.78,16.485
10/06/2023,16.26,"13,027,220",16.14,16.39,16.01
10/05/2023,16.16,"17,519,960",15.9,16.23,15.895
10/04/2023,16.03,"17,504,310",15.96,16.17,15.89
10/03/2023,16.1,"16,607,940",16.07,16.17,15.98
10/02/2023,16.16,"16,619,160",16.6,16.62,16.1
09/29/2023,16.58,"14,575,280",16.67,16.76,16.53
09/28/2023,16.67,"9,576,395",16.64,16.79,16.59
09/27/2023,16.66,"12,837,510",16.55,16.76,16.54
09/26/2023,16.47,"12,834,880",16.63,16.73,16.405
09/25/2023,16.75,"11,773,290",16.55,16.81,16.54
09/22/2023,16.6,"11,579,650",16.57,16.74,16.53
09/21/2023,16.56,"12,831,960",16.85,16.89,16.55
09/20/2023,16.86,"8,538,286",16.9,17.06,16.85
09/19/2023,16.93,"13,822,580",17.13,17.13,16.825
09/18/2023,17.02,"13,265,020",17.08,17.14,16.91
09/15/2023,17.07,"28,400,450",17.2,17.4,17.045
09/14/2023,17.31,"12,161,750",17.34,17.39,17.24
09/13/2023,17.16,"10,211,220",17.17,17.22,17.07
09/12/2023,17.13,"12,424,270",16.76,17.15,16.71
09/11/2023,16.67,"11,932,610",16.88,16.91,16.61
09/08/2023,16.8,"14,738,720",16.67,16.87,16.62
09/07/2023,16.59,"18,928,580",16.69,16.77,16.57
09/06/2023,16.63,"17,046,800",17.02,17.02,16.59
09/05/2023,17.07,"11,637,550",17.12,17.22,17.06
09/01/2023,17.14,"14,537,790",17.39,17.4,17.06
08/31/2023,17.22,"14,961,400",17.46,17.47,17.19
08/30/2023,17.44,"6,643,520",17.49,17.515,17.4
08/29/2023,17.45,"8,043,543",17.36,17.46,17.34
08/28/2023,17.36,"8,576,494",17.41,17.51,17.3
08/25/2023,17.34,"9,150,224",17.29,17.46,17.23
08/24/2023,17.23,"8,286,334",17.22,17.39,17.15
08/23/2023,17.26,"9,330,286",17.15,17.27,16.965
08/22/2023,17.25,"9,087,138",17.48,17.48,17.25
08/21/2023,17.36,"9,743,934",17.49,17.49,17.241
08/18/2023,17.43,"19,621,360",17.22,17.45,17.21
08/17/2023,17.34,"9,514,720",17.33,17.56,17.33
08/16/2023,17.21,"11,428,490",17.34,17.42,17.19
08/15/2023,17.36,"13,509,320",17.63,17.685,17.3102
08/14/2023,17.67,"10,775,220",17.81,17.855,17.58
08/11/2023,17.78,"13,074,670",17.54,17.91,17.54
08/10/2023,17.54,"12,724,780",17.61,17.72,17.435
08/09/2023,17.55,"11,368,190",17.56,17.73,17.53
08/08/2023,17.48,"9,324,651",17.19,17.48,17.1
08/07/2023,17.38,"7,215,271",17.41,17.57,17.34
08/04/2023,17.36,"11,431,280",17.51,17.71,17.35
08/03/2023,17.46,"10,594,270",17.44,17.63,17.34
08/02/2023,17.36,"10,626,490",17.42,17.43,17.22
08/01/2023,17.56,"11,203,180",17.73,17.78,17.38
07/31/2023,17.71,"11,292,250",17.63,17.75,17.61
07/28/2023,17.57,"9,147,314",17.53,17.645,17.42
07/27/2023,17.8,"12,299,660",18.04,18.06,17.76
07/26/2023,17.95,"12,260,850",18.0,18.11,17.89
07/25/2023,18.06,"14,098,230",18.07,18.19,17.995
07/24/2023,18.11,"23,654,150",17.86,18.3,17.84
07/21/2023,17.8,"16,858,910",17.73,17.905,17.605
07/20/2023,17.64,"16,299,680",17.54,17.665,17.37
07/19/2023,17.29,"12,294,070",17.28,17.41,17.24
07/18/2023,17.28,"10,053,550",17.08,17.4,17.07
07/17/2023,17.13,"11,887,670",17.25,17.25,17.115
07/14/2023,17.21,"11,250,290",17.48,17.515,17.17
07/13/2023,17.6,"8,721,787",17.56,17.66,17.5299
07/12/2023,17.54,"15,123,010",17.41,17.59,17.3914
07/11/2023,17.25,"14,480,820",16.97,17.3,16.97
07/10/2023,16.95,"10,596,690",16.79,17.045,16.79
07/07/2023,16.92,"24,357,440",16.76,17.06,16.76
07/06/2023,16.86,"9,882,237",16.99,17.005,16.79
07/05/2023,17.08,"12,979,690",17.31,17.31,17.0
07/03/2023,17.25,"8,557,570",17.22,17.39,17.19
06/30/2023,17.22,"11,340,270",17.3,17.34,17.135
06/29/2023,17.2,"13,491,290",17.09,17.26,17.06
06/28/2023,17.01,"16,801,000",16.88,17.03,16.7
06/27/2023,16.8,"16,257,700",16.54,16.82,16.51
06/26/2023,16.54,"18,220,500",16.34,16.65,16.33
06/23/2023,16.32,"14,613,830",16.38,16.54,16.305
06/22/2023,16.49,"10,885,460",16.61,16.62,16.47
06/21/2023,16.64,"12,429,370",16.61,16.8,16.555
06/20/2023,16.66,"14,034,400",17.01,17.02,16.64
06/16/2023,17.04,"24,028,180",17.01,17.08,16.94
06/15/2023,17.01,"11,464,200",16.92,17.11,16.89
06/14/2023,16.9,"14,409,390",17.15,17.2,16.885
06/13/2023,17.03,"12,497,890",16.95,17.26,16.925
06/12/2023,16.89,"14,267,290",16.86,16.98,16.81
06/09/2023,17.03,"9,860,076",17.35,17.37,16.98
06/08/2023,17.32,"9,077,305",17.27,17.33,17.02
06/07/2023,17.23,"12,369,870",16.95,17.26,16.885
06/06/2023,16.85,"10,788,790",16.66,16.91,16.64
06/05/2023,16.76,"11,816,240",16.9,16.925,16.7
06/02/2023,16.75,"18,617,660",16.41,16.82,16.35
06/01/2023,16.26,"13,491,660",16.14,16.35,16.08
05/31/2023,16.11,"21,102,050",16.1,16.155,16.0
05/30/2023,16.15,"13,975,730",16.1,16.22,16.035
05/26/2023,16.21,"12,815,190",16.24,16.325,16.15
05/25/2023,16.22,"15,836,050",16.36,16.39,16.11
05/24/2023,16.5,"10,700,970",16.58,16.6,16.39
05/23/2023,16.54,"12,580,750",16.55,16.68,16.4914
05/22/2023,16.53,"11,296,600",16.48,16.66,16.42
05/19/2023,16.52,"9,834,064",16.63,16.675,16.45
05/18/2023,16.52,"12,066,480",16.37,16.54,16.2601
05/17/2023,16.45,"13,790,130",16.4,16.55,16.24
05/16/2023,16.3,"15,906,220",16.61,16.665,16.25
05/15/2023,16.7,"23,096,800",16.87,16.9,16.53
05/12/2023,16.8,"9,109,771",16.8,16.84,16.675
05/11/2023,16.7,"11,477,090",16.66,16.79,16.595
05/10/2023,16.79,"10,278,400",16.98,16.99,16.68
05/09/2023,16.85,"7,623,884",16.78,16.9585,16.74
05/08/2023,16.9,"9,769,270",17.11,17.18,16.83
05/05/2023,17.04,"12,838,680",16.95,17.13,16.885
05/04/2023,16.64,"16,214,930",16.52,16.735,16.39
05/03/2023,16.56,"11,851,650",16.52,16.82,16.51
05/02/2023,16.68,"15,626,640",16.96,17.0,16.4432
05/01/2023,17.1,"14,577,970",17.04,17.23,17.01
04/28/2023,17.15,"14,690,740",17.04,17.24,17.005
04/27/2023,17.32,"14,547,390",17.22,17.35,17.06
04/26/2023,17.21,"12,783,760",17.35,17.46,17.09
04/25/2023,17.41,"9,515,460",17.52,17.6,17.4
04/24/2023,17.62,"8,681,433",17.36,17.6799,17.34
04/21/2023,17.37,"10,200,830",17.4,17.41,17.15
04/20/2023,17.35,"15,950,870",17.59,17.715,17.09
04/19/2023,17.6,"13,759,460",17.57,17.66,17.42
04/18/2023,17.7,"11,651,510",17.68,17.775,17.62
04/17/2023,17.78,"10,173,850",17.81,17.865,17.65
04/14/2023,17.81,"8,376,020",17.82,17.9,17.7
04/13/2023,17.77,"11,207,970",17.77,17.8,17.66
04/12/2023,17.82,"10,631,560",17.97,17.98,17.78
04/11/2023,17.89,"9,646,875",17.83,17.96,17.74
04/10/2023,17.75,"9,053,266",17.71,17.855,17.66
04/06/2023,17.71,"7,980,571",17.74,17.79,17.63
04/05/2023,17.71,"11,269,710",17.55,17.72,17.42
04/04/2023,17.48,"9,712,814",17.62,17.74,17.34
04/03/2023,17.66,"15,414,140",17.77,17.835,17.55
03/31/2023,17.51,"12,085,590",17.37,17.54,17.285
03/30/2023,17.3,"6,667,406",17.37,17.42,17.23
03/29/2023,17.25,"7,911,408",17.24,17.29,17.13
03/28/2023,17.06,"7,302,801",16.75,17.1,16.725
03/27/2023,16.89,"12,059,680",16.88,17.07,16.81
03/24/2023,16.79,"15,751,080",16.17,16.83,16.15
03/23/2023,16.39,"12,620,140",16.67,16.8,16.29
03/22/2023,16.62,"12,427,640",16.85,17.02,16.61
03/21/2023,16.82,"12,745,370",16.72,16.84,16.58
03/20/2023,16.53,"12,594,740",16.32,16.65,16.31
03/17/2023,16.28,"27,042,040",16.45,16.5044,16.18
03/16/2023,16.55,"25,119,340",16.42,16.55,16.1805
03/15/2023,16.58,"24,330,430",16.63,16.875,16.38
03/14/2023,16.94,"14,742,140",16.95,17.3,16.73
03/13/2023,16.85,"20,166,960",16.5,17.05,16.37
03/10/2023,16.77,"15,625,060",17.11,17.2199,16.74
03/09/2023,17.14,"9,756,754",17.42,17.5,17.1
03/08/2023,17.32,"9,859,559",17.33,17.49,17.18
03/07/2023,17.35,"14,383,130",17.56,17.56,17.31
03/06/2023,17.62,"10,178,890",17.62,17.755,17.55
03/03/2023,17.65,"8,335,519",17.45,17.7,17.36
03/02/2023,17.46,"8,145,887",17.23,17.49,17.21
03/01/2023,17.26,"10,063,320",17.22,17.4659,17.14
02/28/2023,17.06,"11,657,680",17.43,17.43,17.06
02/27/2023,17.36,"8,310,432",17.54,17.59,17.29
02/24/2023,17.44,"11,470,140",17.32,17.46,17.27
02/23/2023,17.48,"11,145,080",17.52,17.5583,17.3301
02/22/2023,17.32,"10,744,880",17.31,17.53,17.26
02/21/2023,17.35,"15,301,680",17.63,17.7,17.33
02/17/2023,17.73,"21,545,160",17.94,17.97,17.685
02/16/2023,18.09,"10,909,080",18.03,18.23,17.92
02/15/2023,18.19,"12,342,010",18.23,18.23,18.015
02/14/2023,18.31,"9,409,160",18.3,18.49,18.2208
02/13/2023,18.39,"9,579,610",18.31,18.51,18.285
02/10/2023,18.36,"12,983,860",18.13,18.37,18.06
02/09/2023,17.99,"9,447,533",18.27,18.2958,17.96
02/08/2023,18.22,"11,770,340",18.27,18.41,18.14
02/07/2023,18.28,"10,086,360",18.19,18.31,18.06
02/06/2023,18.17,"11,849,980",18.2,18.28,17.985
02/03/2023,18.28,"13,963,560",18.47,18.64,18.22
02/02/2023,18.45,"13,324,650",18.37,18.5199,18.24
02/01/2023,18.37,"20,314,740",18.25,18.51,18.19
01/31/2023,18.3,"15,757,330",18.07,18.31,17.955
01/30/2023,18.04,"13,284,090",18.25,18.34,18.03
01/27/2023,18.66,"13,120,090",18.6,18.77,18.525
01/26/2023,18.61,"14,299,220",18.57,18.62,18.35
01/25/2023,18.45,"19,135,110",18.45,18.52,18.32
01/24/2023,18.57,"13,090,070",18.75,18.9,18.38
01/23/2023,18.76,"11,451,130",18.74,18.85,18.61
01/20/2023,18.64,"15,423,670",18.81,18.85,18.6
01/19/2023,18.75,"17,379,020",18.51,18.93,18.395
01/18/2023,18.36,"19,528,160",18.87,18.92,18.29
01/17/2023,18.82,"12,372,330",18.93,19.095,18.7
01/13/2023,18.85,"8,616,900",18.88,18.93,18.69
01/12/2023,18.89,"11,067,880",18.88,19.06,18.77
01/11/2023,18.78,"13,289,360",18.88,18.9,18.58
01/10/2023,18.74,"9,544,482",18.75,18.82,18.505
01/09/2023,18.71,"17,355,120",18.76,18.8,18.6
01/06/2023,18.58,"9,086,234",18.37,18.69,18.29
01/05/2023,18.21,"8,489,535",18.12,18.24,18.02
01/04/2023,18.23,"12,069,670",17.86,18.38,17.85
01/03/2023,18.01,"10,454,010",18.0,18.18,17.86
12/30/2022,18.08,"7,385,676",18.08,18.2,17.95
12/29/2022,18.15,"7,431,035",17.92,18.25,17.88
12/28/2022,17.93,"7,938,218",18.21,18.29,17.865
12/27/2022,18.26,"8,233,007",18.21,18.34,18.09
12/23/2022,18.14,"9,304,122",17.84,18.14,17.8345
12/22/2022,17.74,"13,845,830",17.81,17.86,17.4
12/21/2022,17.88,"10,625,990",17.83,17.985,17.725
12/20/2022,17.61,"11,481,870",17.54,17.71,17.46
12/19/2022,17.51,"13,387,100",17.76,17.845,17.39
12/16/2022,17.69,"21,209,900",17.67,17.78,17.41
12/15/2022,17.96,"11,533,950",17.96,18.05,17.68
12/14/2022,18.11,"13,930,550",18.21,18.35,18.0
12/13/2022,18.21,"16,966,680",18.09,18.295,17.99
12/12/2022,17.82,"13,062,220",17.5,17.83,17.39
12/09/2022,17.45,"19,193,130",17.71,17.845,17.41
12/08/2022,17.77,"17,700,990",18.13,18.26,17.54
12/07/2022,18.04,"11,408,210",18.12,18.25,17.935
12/06/2022,18.1,"15,801,250",18.5,18.65,18.0
12/05/2022,18.56,"12,111,120",19.11,19.13,18.41
12/02/2022,19.0,"9,641,211",19.0,19.11,18.89
12/01/2022,19.15,"12,570,420",19.23,19.355,19.07
11/30/2022,19.12,"41,252,480",18.99,19.135,18.77
11/29/2022,18.88,"16,437,210",18.6,18.945,18.53
11/28/2022,18.46,"16,709,780",18.25,18.5881,18.22
11/25/2022,18.63,"5,981,404",18.7,18.78,18.59
11/23/2022,18.65,"9,669,551",18.54,18.725,18.47
11/22/2022,18.72,"14,890,740",18.53,18.87,18.41
11/21/2022,18.28,"12,895,380",18.24,18.3,17.84
11/18/2022,18.42,"17,351,390",18.19,18.4653,18.13
11/17/2022,18.3,"12,016,000",18.2,18.31,18.0
11/16/2022,18.41,"14,531,970",18.54,18.6,18.29
11/15/2022,18.66,"14,480,940",18.74,18.8086,18.545
11/14/2022,18.53,"15,299,630",18.66,18.96,18.53
11/11/2022,18.69,"17,923,080",18.41,18.79,18.31
11/10/2022,18.2,"18,505,660",17.95,18.23,17.84
11/09/2022,17.58,"15,194,190",18.19,18.245,17.57
11/08/2022,18.31,"15,520,340",18.28,18.42,18.13
11/07/2022,18.25,"14,594,380",18.25,18.39,18.14
11/04/2022,18.17,"17,824,490",18.31,18.48,17.96
11/03/2022,18.04,"16,256,720",17.75,18.12,17.71
11/02/2022,17.9,"20,193,040",18.19,18.39,17.89
11/01/2022,18.24,"18,614,800",18.25,18.34,18.115
10/31/2022,18.12,"27,183,420",17.74,18.3,17.67
10/28/2022,17.77,"18,455,360",17.83,17.89,17.5
10/27/2022,17.99,"22,928,240",17.98,18.1555,17.905
10/26/2022,17.73,"22,668,150",17.62,17.85,17.29
10/25/2022,17.51,"20,557,590",17.2,17.545,17.13
10/24/2022,17.28,"21,518,220",17.58,17.7,17.21
10/21/2022,17.52,"19,630,420",17.25,17.56,17.11
10/20/2022,17.12,"40,244,280",17.34,17.68,16.96
10/19/2022,17.99,"19,257,700",17.74,18.09,17.63
10/18/2022,17.77,"19,538,360",17.71,17.955,17.5
10/17/2022,17.5,"15,066,120",17.4,17.65,17.3
10/14/2022,17.19,"17,038,770",17.57,17.7499,17.16
10/13/2022,17.64,"18,393,500",16.9,17.7,16.86
10/12/2022,17.05,"14,500,810",17.03,17.185,16.87
10/11/2022,17.16,"17,703,590",16.94,17.365,16.84
10/10/2022,17.07,"16,323,810",17.3,17.58,17.035
10/07/2022,17.24,"16,677,240",17.37,17.485,17.09
10/06/2022,17.39,"19,299,090",17.6,17.8,17.36
10/05/2022,17.7,"19,590,550",17.54,17.8,17.31
10/04/2022,17.67,"23,806,820",17.32,17.68,17.245
10/03/2022,17.1,"24,702,740",17.1,17.27,16.96
09/30/2022,16.64,"30,537,150",16.61,16.86,16.5
09/29/2022,16.72,"27,649,240",16.69,16.8,16.41
09/28/2022,16.84,"25,191,950",16.41,16.95,16.35
09/27/2022,16.33,"25,387,700",16.34,16.69,16.21
09/26/2022,16.09,"28,333,940",16.43,16.485,16.05
09/23/2022,16.53,"25,533,090",17.0,17.04,16.3407
09/22/2022,17.32,"18,220,700",17.73,17.73,17.32
09/21/2022,17.52,"20,654,010",18.12,18.18,17.51
09/20/2022,17.9,"16,565,870",17.94,17.99,17.73
09/19/2022,18.05,"16,852,300",17.5,18.06,17.5
09/16/2022,17.85,"34,294,100",18.23,18.23,17.7
09/15/2022,18.33,"17,173,960",18.33,18.57,18.235
09/14/2022,18.53,"19,093,590",18.3,18.63,18.275
09/13/2022,18.17,"20,629,190",18.5,18.66,18.08
09/12/2022,18.74,"15,168,130",18.5,18.77,18.445
09/09/2022,18.31,"13,597,050",18.22,18.39,18.16
09/08/2022,18.03,"18,534,590",18.0,18.04,17.76
09/07/2022,17.85,"13,548,460",17.55,17.88,17.46
09/06/2022,17.77,"19,182,200",18.415,18.49,17.75
09/02/2022,18.22,"15,079,380",18.5,18.55,18.11
09/01/2022,18.17,"15,924,350",18.17,18.27,17.875
08/31/2022,18.32,"17,611,010",18.21,18.545,18.05
08/30/2022,18.48,"13,155,590",18.74,18.74,18.415
08/29/2022,18.94,"9,039,392",18.95,19.14,18.83
08/26/2022,18.99,"13,542,000",19.33,19.33,18.93
08/25/2022,19.26,"11,863,640",19.28,19.305,19.09
08/24/2022,19.2,"13,856,080",18.9,19.23,18.84
08/23/2022,18.89,"13,018,980",18.78,18.9865,18.73
08/22/2022,18.56,"13,827,690",18.67,18.74,18.435
08/19/2022,18.72,"14,168,910",18.82,18.9,18.6349
08/18/2022,18.93,"12,741,990",18.7,18.95,18.69
08/17/2022,18.57,"9,371,547",18.58,18.71,18.44
08/16/2022,18.65,"10,989,870",18.67,18.8,18.61
08/15/2022,18.57,"10,788,700",18.3,18.595,18.15
08/12/2022,18.69,"11,364,000",18.58,18.71,18.48
08/11/2022,18.59,"15,805,550",18.4,18.75,18.31
08/10/2022,18.14,"10,458,230",18.16,18.245,17.975
08/09/2022,18.04,"11,684,390",17.85,18.09,17.79
08/08/2022,17.68,"12,898,150",17.475,17.79,17.475
08/05/2022,17.47,"12,123,170",17.1,17.49,17.06
08/04/2022,17.3,"14,776,100",17.76,17.765,17.27
08/03/2022,17.81,"16,431,550",17.99,18.05,17.665
08/02/2022,17.83,"22,289,120",17.91,18.0,17.63
08/01/2022,17.9,"14,157,330",17.75,17.92,17.53
07/29/2022,17.99,"18,976,550",17.93,18.12,17.84
07/28/2022,18.04,"14,659,880",18.13,18.18,17.73
07/27/2022,18.06,"13,757,720",18.06,18.11,17.72
07/26/2022,18.0,"13,926,040",18.15,18.23,17.9
07/25/2022,18.02,"13,155,340",17.85,18.03,17.705
07/22/2022,17.65,"14,104,880",17.73,17.865,17.55
07/21/2022,17.66,"22,690,580",16.77,17.695,16.76
07/20/2022,17.32,"14,958,090",17.25,17.44,17.08
07/19/2022,17.31,"12,958,480",17.0,17.33,16.96
07/18/2022,16.93,"9,692,143",16.96,17.14,16.89
07/15/2022,16.76,"10,042,760",16.83,16.91,16.55
07/14/2022,16.58,"15,673,660",16.14,16.59,16.05
07/13/2022,16.6,"10,917,680",16.45,16.8,16.45
07/12/2022,16.65,"12,813,320",16.51,16.75,16.44
07/11/2022,16.86,"12,617,540",16.83,16.96,16.52
07/08/2022,16.97,"13,124,170",16.96,17.0955,16.79
07/07/2022,16.89,"15,654,460",16.65,16.98,16.6
07/06/2022,16.36,"19,278,600",16.49,16.65,15.92
07/05/2022,16.58,"19,389,650",16.64,16.72,16.1
07/01/2022,16.98,"15,468,410",16.85,17.035,16.49
06/30/2022,16.76,"19,907,920",16.61,16.97,16.56
06/29/2022,16.92,"12,988,750",17.42,17.49,16.8548
06/28/2022,17.2,"14,884,820",17.19,17.46,17.04
06/27/2022,16.83,"14,792,770",16.63,16.96,16.615
06/24/2022,16.48,"17,932,060",16.45,16.69,16.28
06/23/2022,16.24,"17,548,690",16.44,16.491,15.98
06/22/2022,16.34,"18,468,950",16.13,16.61,16.055
06/21/2022,16.65,"19,216,520",16.36,16.79,16.23
06/17/2022,16.05,"44,410,510",16.6,16.68,15.775
06/16/2022,16.7,"23,048,650",17.26,17.295,16.625
06/15/2022,17.6,"18,043,610",17.97,18.095,17.285
06/14/2022,17.89,"17,069,310",18.39,18.465,17.68
06/13/2022,18.13,"17,236,460",18.59,18.65,18.05
06/10/2022,19.03,"16,190,660",19.12,19.21,18.78
06/09/2022,19.29,"14,031,330",19.74,19.78,19.27
06/08/2022,19.86,"10,338,930",20.2,20.2,19.72
06/07/2022,20.14,"12,150,740",19.77,20.17,19.685
06/06/2022,19.79,"10,090,020",20.04,20.1,19.75
06/03/2022,19.93,"8,446,902",19.99,20.07,19.8221
06/02/2022,19.96,"9,554,488",19.93,19.975,19.66
06/01/2022,20.02,"13,331,880",19.78,20.13,19.6643
05/31/2022,19.69,"42,883,240",19.99,20.16,19.5944
05/27/2022,19.94,"14,677,340",19.56,20.015,19.51
05/26/2022,19.62,"13,017,990",19.52,19.68,19.49
05/25/2022,19.39,"20,050,930",19.29,19.4399,19.155
05/24/2022,19.14,"15,348,740",19.0,19.255,18.64
05/23/2022,19.16,"12,595,010",19.19,19.325,19.0
05/20/2022,19.03,"17,046,200",19.15,19.23,18.6749
05/19/2022,19.02,"16,000,080",18.97,19.24,18.88
05/18/2022,19.3,"14,126,720",19.83,19.89,19.1
05/17/2022,19.74,"18,226,370",19.56,19.78,19.465
05/16/2022,19.39,"19,095,260",18.88,19.5,18.86
05/13/2022,18.74,"19,950,310",18.6,18.8599,18.5
05/12/2022,18.43,"22,679,090",18.53,18.6,18.16
05/11/2022,18.52,"18,117,080",18.69,19.05,18.47
05/10/2022,18.52,"18,484,050",18.77,18.98,18.24
05/09/2022,18.6,"20,457,880",19.0,19.09,18.51
05/06/2022,19.3,"18,627,740",19.01,19.34,18.65
05/05/2022,18.85,"17,443,360",19.3,19.32,18.65
05/04/2022,19.28,"16,076,060",18.89,19.345,18.7701
05/03/2022,18.68,"15,564,260",18.2,18.835,18.2
05/02/2022,18.18,"20,941,510",18.1,18.3375,17.84
04/29/2022,18.15,"25,794,000",18.44,18.595,18.1
04/28/2022,18.81,"16,424,200",18.61,18.9075,18.33
04/27/2022,18.4,"19,156,010",18.45,18.59,18.25
04/26/2022,18.44,"20,358,060",18.68,18.87,18.42
04/25/2022,18.61,"24,569,890",18.83,18.85,18.04
04/22/2022,19.15,"17,732,590",19.66,19.72,19.135
04/21/2022,19.79,"21,326,010",20.0,20.19,19.7
04/20/2022,19.77,"15,441,650",19.7,19.97,19.543
04/19/2022,19.6,"11,581,270",19.5,19.74,19.42
04/18/2022,19.55,"10,259,520",19.44,19.645,19.35
04/14/2022,19.37,"9,248,702",19.28,19.52,19.215
04/13/2022,19.29,"9,946,431",19.25,19.41,19.03
04/12/2022,19.14,"13,069,880",19.35,19.42,19.1
04/11/2022,19.26,"16,475,000",19.31,19.44,19.09
04/08/2022,19.48,"14,735,550",19.35,19.59,19.275
04/07/2022,19.27,"15,725,520",19.09,19.31,18.8
04/06/2022,19.01,"11,572,320",19.0,19.13,18.815
04/05/2022,18.92,"14,705,020",19.24,19.4,18.88
04/04/2022,19.3,"14,577,380",19.3,19.35,19.0816
04/01/2022,19.22,"13,050,300",19.03,19.23,18.97
03/31/2022,18.91,"24,632,810",18.98,19.26,18.88
03/30/2022,19.09,"16,371,800",19.0,19.09,18.82
03/29/2022,18.89,"16,150,320",18.52,18.926,18.38
03/28/2022,18.75,"17,475,950",18.73,18.94,18.575
03/25/2022,19.07,"25,140,030",18.35,19.07,18.32
03/24/2022,18.3,"11,084,280",18.23,18.41,18.19
03/23/2022,18.12,"11,356,840",18.065,18.25,17.9719
03/22/2022,17.93,"16,077,500",17.99,18.04,17.76
03/21/2022,18.07,"21,638,740",17.62,18.17,17.6
03/18/2022,17.36,"36,752,760",17.5,17.69,17.32
03/17/2022,17.56,"15,843,010",17.43,17.7,17.37
03/16/2022,17.25,"16,968,780",17.2,17.49,17.07
03/15/2022,17.32,"18,837,720",17.21,17.42,16.91
03/14/2022,17.54,"17,419,640",17.9,17.985,17.37
03/11/2022,18.1,"13,600,460",18.43,18.665,18.1
03/10/2022,18.55,"16,266,840",18.38,18.62,18.29
03/09/2022,18.33,"20,929,240",18.51,18.65,18.15
03/08/2022,18.67,"31,746,310",19.03,19.1264,18.49
03/07/2022,18.72,"24,457,360",18.9,19.15,18.59
03/04/2022,18.84,"26,286,690",18.3,18.87,18.26
03/03/2022,18.39,"21,207,740",18.14,18.48,18.1
03/02/2022,18.14,"20,672,030",17.74,18.24,17.64
03/01/2022,17.59,"21,271,310",17.47,17.6,17.33
02/28/2022,17.4,"32,447,150",16.92,17.445,16.87
02/25/2022,17.07,"13,520,520",16.75,17.15,16.69
02/24/2022,16.67,"20,111,380",16.91,16.93,16.31
02/23/2022,16.77,"16,006,880",16.6,16.87,16.525
02/22/2022,16.54,"17,727,570",16.89,16.93,16.0
02/18/2022,16.6,"16,568,070",16.75,16.8153,16.46
02/17/2022,16.76,"16,203,940",17.1,17.18,16.66
02/16/2022,17.13,"16,583,700",17.08,17.29,17.05
02/15/2022,17.01,"16,482,660",17.16,17.18,16.93
02/14/2022,17.19,"15,312,590",17.51,17.54,17.1
02/11/2022,17.54,"19,778,690",17.25,17.57,17.23
02/10/2022,17.2,"15,616,970",17.305,17.55,17.11
02/09/2022,17.37,"16,669,180",17.34,17.63,17.3
02/08/2022,17.29,"16,452,260",17.47,17.5,17.2
02/07/2022,17.46,"16,589,650",17.41,17.63,17.3
02/04/2022,17.35,"13,936,020",17.39,17.5,17.2
02/03/2022,17.27,"14,273,980",17.46,17.46,17.15
02/02/2022,17.41,"20,179,090",17.36,17.54,17.3
02/01/2022,17.41,"17,462,160",17.27,17.5179,17.21
01/31/2022,17.36,"20,557,380",17.13,17.415,17.0
01/28/2022,17.2,"17,329,850",17.2,17.26,16.86
01/27/2022,17.48,"20,242,850",17.85,17.88,17.225
01/26/2022,17.52,"25,755,740",17.7,18.2,17.335
01/25/2022,17.5,"18,664,880",17.19,17.575,16.8927
01/24/2022,17.32,"24,853,150",17.1,17.35,16.673
01/21/2022,17.37,"20,471,780",17.4,17.56,17.24
01/20/2022,17.43,"17,785,370",17.66,17.9079,17.39
01/19/2022,17.43,"16,247,700",17.85,17.86,17.33
01/18/2022,17.7,"21,260,930",17.865,17.98,17.48
01/14/2022,17.89,"13,888,300",17.57,17.9,17.565
01/13/2022,17.57,"14,816,500",17.65,17.84,17.5
01/12/2022,17.65,"16,120,310",17.71,17.77,17.47
01/11/2022,17.61,"16,391,850",17.51,17.64,17.28
01/10/2022,17.43,"18,460,800",17.38,17.44,17.09
01/07/2022,17.27,"17,813,760",17.0,17.32,16.96
01/06/2022,17.02,"13,691,120",16.99,17.07,16.71
01/05/2022,16.67,"20,913,100",16.85,17.07,16.63
01/04/2022,16.58,"16,821,370",16.51,16.78,16.41
01/03/2022,16.35,"14,474,060",15.95,16.355,15.89
12/31/2021,15.86,"8,280,870",15.75,15.94,15.745
12/30/2021,15.8,"10,617,630",15.83,15.9799,15.78
12/29/2021,15.83,"8,978,522",15.86,15.95,15.75
12/28/2021,15.86,"8,981,392",15.82,15.98,15.74
12/27/2021,15.82,"10,244,670",15.59,15.83,15.49
12/23/2021,15.64,"8,153,557",15.67,15.76,15.58
12/22/2021,15.57,"18,393,070",15.54,15.635,15.36
12/21/2021,15.66,"14,472,530",15.39,15.79,15.37
12/20/2021,15.24,"20,204,430",15.31,15.34,15.0124
12/17/2021,15.6,"35,154,020",15.85,15.87,15.48
12/16/2021,15.86,"20,628,290",16.04,16.135,15.83
12/15/2021,15.87,"14,890,750",15.82,15.975,15.54
12/14/2021,15.82,"17,463,330",15.88,16.15,15.76
12/13/2021,15.93,"14,239,170",16.14,16.2,15.795
12/10/2021,16.16,"14,612,880",16.07,16.17,15.93
12/09/2021,16.01,"12,279,720",16.09,16.165,15.935
12/08/2021,16.24,"12,641,100",16.28,16.39,16.2
12/07/2021,16.23,"18,053,600",16.0,16.325,15.9099
12/06/2021,15.78,"17,140,340",15.75,15.97,15.635
12/03/2021,15.59,"15,877,950",15.87,15.87,15.475
12/02/2021,15.73,"18,447,710",15.36,15.78,15.29
12/01/2021,15.27,"21,197,680",15.79,16.09,15.26
11/30/2021,15.46,"49,730,570",15.8,15.85,15.45
11/29/2021,16.01,"19,727,360",16.42,16.47,16.0
11/26/2021,16.26,"13,436,030",16.0,16.355,15.8896
11/24/2021,16.52,"11,084,340",16.29,16.59,16.285
11/23/2021,16.33,"11,976,330",16.25,16.425,16.2
11/22/2021,16.11,"12,853,460",16.09,16.36,16.08
11/19/2021,16.16,"16,181,710",16.09,16.29,16.02
11/18/2021,16.28,"13,240,020",16.48,16.575,16.24
11/17/2021,16.51,"11,003,990",16.6,16.77,16.45
11/16/2021,16.66,"11,106,170",16.86,16.93,16.6
11/15/2021,16.86,"11,563,220",16.73,17.0,16.625
11/12/2021,16.68,"8,978,821",16.72,16.79,16.62
11/11/2021,16.79,"10,591,880",16.74,16.81,16.653
11/10/2021,16.7,"13,330,620",16.84,16.98,16.615
11/09/2021,16.82,"11,564,840",16.85,16.89,16.62
11/08/2021,16.84,"10,733,730",17.05,17.07,16.78
11/05/2021,16.95,"10,521,700",16.96,17.0,16.785
11/04/2021,16.75,"9,417,915",17.0,17.01,16.56
11/03/2021,16.85,"10,905,210",16.81,16.965,16.78
11/02/2021,16.96,"12,928,170",17.0,17.08,16.8
11/01/2021,17.05,"14,605,270",16.85,17.095,16.71
10/29/2021,16.75,"16,240,180",17.05,17.1399,16.73
10/28/2021,17.35,"10,012,980",17.25,17.385,17.2
10/27/2021,17.3,"14,482,470",17.55,17.62,17.23
10/26/2021,17.62,"12,678,020",17.955,17.98,17.6
10/25/2021,17.85,"13,196,890",17.81,17.88,17.7
10/22/2021,17.67,"16,390,070",17.59,17.7,17.385
10/21/2021,17.53,"38,532,600",18.275,18.35,17.3101
10/20/2021,18.65,"12,329,350",18.36,18.68,18.265
10/19/2021,18.45,"10,023,690",18.56,18.6081,18.34
10/18/2021,18.47,"15,540,120",18.56,18.76,18.35
10/15/2021,18.46,"12,252,860",18.44,18.61,18.39
10/14/2021,18.38,"17,896,030",18.37,18.41,18.16
10/13/2021,17.97,"16,035,450",17.78,18.06,17.57
10/12/2021,17.94,"17,350,890",17.7,18.06,17.65
10/11/2021,17.74,"17,229,530",17.76,18.0,17.63
10/08/2021,17.47,"12,994,420",17.08,17.53,17.08
10/07/2021,16.94,"14,639,450",16.8,17.05,16.77
10/06/2021,16.74,"17,447,520",16.78,16.91,16.52
10/05/2021,16.92,"22,492,020",17.12,17.14,16.77
10/04/2021,16.94,"28,345,750",17.04,17.25,16.86
10/01/2021,16.91,"12,603,060",16.77,16.965,16.68
09/30/2021,16.73,"16,132,540",16.99,17.0,16.72
09/29/2021,16.92,"11,102,740",16.98,17.07,16.825
09/28/2021,16.89,"16,098,420",17.12,17.21,16.82
09/27/2021,16.98,"15,651,010",16.8,17.125,16.75
09/24/2021,16.53,"9,884,287",16.47,16.64,16.445
09/23/2021,16.49,"13,033,410",16.2,16.59,16.15
09/22/2021,16.13,"13,006,310",15.96,16.285,15.96
09/21/2021,15.78,"12,209,760",15.85,15.95,15.645
09/20/2021,15.68,"16,208,390",15.66,15.82,15.47
09/17/2021,15.96,"28,651,050",16.13,16.3076,15.91
09/16/2021,16.16,"12,935,070",16.39,16.44,16.11
09/15/2021,16.38,"24,201,170",16.11,16.48,16.09
09/14/2021,16.01,"11,516,460",16.21,16.25,15.92
09/13/2021,16.14,"14,852,340",16.09,16.31,16.041
09/10/2021,15.97,"9,019,834",16.15,16.17,15.885
09/09/2021,15.98,"12,913,260",16.0,16.23,15.91
09/08/2021,16.09,"9,366,259",16.21,16.38,16.08
09/07/2021,16.16,"9,815,932",16.28,16.4265,16.13
09/03/2021,16.34,"6,400,456",16.37,16.4662,16.24
09/02/2021,16.42,"10,146,670",16.26,16.45,16.25
09/01/2021,16.16,"10,048,250",16.28,16.38,16.14
08/31/2021,16.27,"17,968,120",16.25,16.35,16.19
08/30/2021,16.34,"7,874,220",16.61,16.61,16.34
08/27/2021,16.59,"13,133,100",16.36,16.72,16.33
08/26/2021,16.14,"9,555,334",16.36,16.42,16.14
08/25/2021,16.47,"8,344,976",16.52,16.62,16.35
08/24/2021,16.48,"12,674,140",16.37,16.53,16.285
08/23/2021,16.28,"11,824,200",16.18,16.335,16.13
08/20/2021,15.94,"13,974,210",15.78,16.1,15.77
08/19/2021,15.89,"16,711,780",16.07,16.155,15.77
08/18/2021,16.29,"13,515,840",16.68,16.73,16.25
08/17/2021,16.75,"12,805,490",16.92,17.08,16.64
08/16/2021,17.0,"12,991,830",17.12,17.2,16.965
08/13/2021,17.21,"7,481,965",17.27,17.345,17.16
08/12/2021,17.3,"7,792,991",17.25,17.375,17.11
08/11/2021,17.24,"10,081,220",17.2,17.295,17.09
08/10/2021,17.19,"12,468,560",17.1,17.26,17.05
08/09/2021,17.04,"13,577,280",17.01,17.165,16.92
08/06/2021,17.12,"13,489,980",17.14,17.21,17.02
08/05/2021,17.02,"13,288,910",17.24,17.32,17.01
08/04/2021,17.14,"17,313,600",17.21,17.4351,17.08
08/03/2021,17.48,"20,190,400",17.35,17.49,17.01
08/02/2021,17.32,"16,949,330",17.45,17.72,17.255
07/30/2021,17.38,"19,733,240",17.59,17.73,17.295
07/29/2021,17.9,"13,284,880",17.94,17.99,17.79
07/28/2021,17.77,"11,901,950",17.83,17.93,17.6026
07/27/2021,17.75,"12,360,330",17.75,17.825,17.565
07/26/2021,17.83,"11,899,020",17.415,17.87,17.415
07/23/2021,17.37,"16,848,340",17.42,17.4599,17.11
07/22/2021,17.47,"18,755,970",17.71,17.75,17.31
07/21/2021,17.85,"16,840,340",17.69,18.025,17.62
07/20/2021,17.47,"16,602,620",17.32,17.57,17.16
07/19/2021,17.18,"17,470,000",17.25,17.35,16.9129
07/16/2021,17.64,"12,110,990",18.0,18.015,17.57
07/15/2021,17.86,"11,059,990",17.84,18.0399,17.73
07/14/2021,17.93,"10,243,110",18.33,18.39,17.865
07/13/2021,18.28,"9,139,929",18.42,18.51,18.26
07/12/2021,18.52,"9,955,666",18.46,18.62,18.35
07/09/2021,18.67,"11,696,040",18.4,18.68,18.26
07/08/2021,18.17,"11,700,530",18.07,18.36,17.981
07/07/2021,18.3,"10,867,830",18.31,18.47,18.17
07/06/2021,18.44,"12,350,820",18.55,18.58,18.15
07/02/2021,18.57,"7,288,997",18.33,18.58,18.27
07/01/2021,18.43,"8,063,144",18.38,18.52,18.25
06/30/2021,18.23,"14,468,190",17.95,18.26,17.86
06/29/2021,17.85,"13,100,150",17.99,18.1099,17.84
06/28/2021,17.97,"10,957,880",18.3,18.3,17.82
06/25/2021,18.29,"7,961,282",18.24,18.3,18.16
06/24/2021,18.24,"7,711,831",18.16,18.26,18.07
06/23/2021,18.09,"8,214,420",18.29,18.36,18.08
06/22/2021,18.2,"6,974,259",18.25,18.26,18.09
06/21/2021,18.29,"11,436,010",17.83,18.335,17.825
06/18/2021,17.66,"25,161,670",18.09,18.175,17.65
06/17/2021,18.31,"16,109,220",18.96,18.97,18.1301
06/16/2021,18.85,"10,967,140",18.88,19.1,18.73
06/15/2021,19.03,"14,824,950",18.93,19.09,18.79
06/14/2021,18.84,"18,476,780",19.0,19.165,18.68
06/11/2021,19.14,"17,408,900",19.05,19.29,18.99
06/10/2021,19.0,"16,620,200",19.0,19.1674,18.8
06/09/2021,18.83,"18,501,220",18.88,18.95,18.73
06/08/2021,18.8,"18,974,730",18.77,18.83,18.54
06/07/2021,18.77,"10,703,490",18.8,18.98,18.74
06/04/2021,18.78,"12,810,510",18.88,18.92,18.7
06/03/2021,18.77,"10,532,080",18.71,18.91,18.59
06/02/2021,18.77,"15,132,260",18.55,18.925,18.465
06/01/2021,18.51,"15,716,390",18.57,18.61,18.4201
05/28/2021,18.34,"12,715,980",18.43,18.43,18.2
05/27/2021,18.26,"37,714,370",18.41,18.57,18.24
05/26/2021,18.35,"17,266,740",18.29,18.47,18.24
05/25/2021,18.54,"10,590,840",18.82,18.845,18.48
05/24/2021,18.83,"12,514,540",18.85,18.89,18.69
05/21/2021,18.72,"11,087,790",18.8,18.88,18.65
05/20/2021,18.7,"14,489,170",18.45,18.77,18.28
05/19/2021,18.47,"13,744,320",18.41,18.55,18.145
05/18/2021,18.71,"19,923,380",18.83,18.97,18.61
05/17/2021,18.8,"13,675,880",18.34,18.81,18.31
05/14/2021,18.36,"12,254,280",18.23,18.385,18.15
05/13/2021,18.02,"13,678,180",17.84,18.22,17.775
05/12/2021,18.1,"16,403,630",18.08,18.48,18.01
05/11/2021,17.97,"17,357,350",18.05,18.09,17.67
05/10/2021,18.25,"20,002,180",18.02,18.42,17.99
05/07/2021,17.84,"13,366,120",17.49,17.88,17.425
05/06/2021,17.65,"11,319,530",17.6,17.66,17.3
05/05/2021,17.51,"14,656,450",17.28,17.579,17.16
05/04/2021,17.17,"14,233,050",17.36,17.38,17.1
05/03/2021,17.26,"26,985,500",17.2,17.35,17.0
04/30/2021,17.05,"16,368,520",17.2,17.33,17.01
04/29/2021,17.29,"18,165,860",17.32,17.475,17.11
04/28/2021,17.44,"20,631,640",17.16,17.52,17.11
04/27/2021,17.0,"17,613,190",16.99,17.16,16.91
04/26/2021,16.91,"14,780,670",16.85,17.125,16.8
04/23/2021,16.78,"15,782,620",16.49,16.85,16.39
04/22/2021,16.36,"26,474,280",16.69,16.84,16.3
04/21/2021,16.69,"17,280,960",16.41,16.785,16.39
04/20/2021,16.55,"12,133,650",16.63,16.65,16.335
04/19/2021,16.62,"11,098,280",16.61,16.675,16.45
04/16/2021,16.54,"11,636,470",16.8,16.815,16.47
04/15/2021,16.72,"11,580,680",16.61,16.75,16.52
04/14/2021,16.65,"12,013,650",16.58,16.8,16.515
04/13/2021,16.49,"12,560,460",16.45,16.61,16.33
04/12/2021,16.5,"12,844,470",16.6,16.6706,16.41
04/09/2021,16.53,"11,681,100",16.73,16.8,16.47
04/08/2021,16.83,"11,098,430",16.75,16.83,16.625
04/07/2021,16.93,"11,090,900",16.77,16.97,16.67
04/06/2021,16.7,"11,344,200",16.71,16.835,16.63
04/05/2021,16.66,"11,057,300",16.84,16.89,16.5243
04/01/2021,16.84,"13,316,790",16.66,16.84,16.49
03/31/2021,16.65,"17,557,080",16.61,16.725,16.49
03/30/2021,16.62,"14,643,620",16.58,16.75,16.525
03/29/2021,16.75,"12,293,360",16.8,16.87,16.525
03/26/2021,16.8,"15,211,870",16.52,16.81,16.39
03/25/2021,16.36,"16,449,430",16.09,16.415,15.77
03/24/2021,16.19,"17,619,740",15.8,16.35,15.8
03/23/2021,15.68,"20,958,860",15.58,15.985,15.5
03/22/2021,15.78,"13,118,580",15.94,15.9699,15.75
03/19/2021,15.92,"22,907,750",15.83,16.11,15.73
03/18/2021,15.76,"13,033,450",16.14,16.25,15.69
03/17/2021,16.22,"16,787,010",15.89,16.28,15.86
03/16/2021,15.92,"14,382,620",16.18,16.21,15.87
03/15/2021,16.33,"12,527,140",16.42,16.53,16.13
03/12/2021,16.35,"12,014,960",16.3,16.37,16.145
03/11/2021,16.2,"12,961,710",16.25,16.42,16.155
03/10/2021,16.24,"17,184,780",15.78,16.315,15.6899
03/09/2021,15.67,"20,812,600",16.03,16.2,15.64
03/08/2021,16.22,"20,084,040",16.0,16.33,15.88
03/05/2021,15.87,"23,239,350",15.96,16.05,15.585
03/04/2021,15.69,"30,057,370",15.27,15.83,15.2
03/03/2021,15.17,"16,927,440",15.1,15.62,15.07
03/02/2021,15.09,"13,688,510",15.04,15.23,15.01
03/01/2021,15.04,"14,882,580",14.86,15.2,14.86
02/26/2021,14.7,"24,166,470",15.16,15.2,14.615
02/25/2021,15.29,"17,384,440",15.84,15.86,15.23
02/24/2021,15.72,"16,478,800",15.33,15.75,15.275
02/23/2021,15.29,"19,578,220",15.39,15.41,14.86
02/22/2021,15.17,"13,651,380",15.0,15.31,14.985
02/19/2021,14.96,"10,571,720",14.84,14.98,14.805
02/18/2021,14.78,"11,544,270",15.13,15.13,14.76
02/17/2021,15.13,"13,999,080",15.15,15.21,14.84
02/16/2021,15.04,"17,247,770",15.07,15.2,14.94
02/12/2021,14.84,"13,137,080",14.6,14.88,14.56
02/11/2021,14.69,"11,485,410",14.75,14.8,14.4519
02/10/2021,14.79,"12,685,860",14.64,14.795,14.51
02/09/2021,14.57,"10,091,420",14.73,14.75,14.44
02/08/2021,14.73,"16,736,770",14.26,14.795,14.22
02/05/2021,14.15,"18,453,160",14.25,14.25,14.08
02/04/2021,14.03,"19,973,710",14.3,14.39,14.01
02/03/2021,14.24,"19,336,930",13.84,14.3,13.84
02/02/2021,13.81,"31,201,220",14.33,14.335,13.75
02/01/2021,14.02,"20,579,260",14.17,14.22,13.9
01/29/2021,14.08,"26,327,100",14.32,14.5,14.01
01/28/2021,14.69,"24,464,650",14.93,15.005,14.56
01/27/2021,14.82,"24,717,670",15.1,15.25,14.78
01/26/2021,15.22,"16,015,980",15.37,15.5699,15.1
01/25/2021,15.26,"16,633,810",15.25,15.54,15.015
01/22/2021,15.32,"18,001,760",15.03,15.37,14.825
01/21/2021,15.26,"18,794,900",16.0,16.015,15.05
01/20/2021,15.59,"14,227,840",15.57,15.66,15.41
01/19/2021,15.55,"17,338,820",15.6,15.77,15.46
01/15/2021,15.49,"16,167,610",15.52,15.61,15.17
01/14/2021,15.64,"18,079,800",15.4,15.75,15.35
01/13/2021,15.31,"18,002,060",15.23,15.44,15.11
01/12/2021,15.21,"24,215,920",14.63,15.23,14.62
01/11/2021,14.74,"24,839,350",14.21,14.88,14.19
01/08/2021,14.49,"18,581,650",14.6,14.68,14.3
01/07/2021,14.6,"17,189,090",14.43,14.66,14.28
01/06/2021,14.36,"22,181,340",14.1,14.4659,14.015
01/05/2021,13.9,"18,692,990",13.68,14.13,13.65
01/04/2021,13.56,"17,131,740",13.75,13.86,13.475
12/31/2020,13.67,"15,013,530",13.53,13.72,13.47
12/30/2020,13.57,"11,570,340",13.56,13.795,13.53
12/29/2020,13.57,"14,819,180",13.74,13.75,13.47
12/28/2020,13.64,"13,949,140",13.87,14.0,13.6
12/24/2020,13.83,"5,520,137",13.83,13.86,13.6945
12/23/2020,13.83,"16,017,410",13.94,14.08,13.82
12/22/2020,13.78,"14,879,080",13.98,14.0,13.78
12/21/2020,13.99,"20,343,520",13.98,14.125,13.79
12/18/2020,14.21,"33,134,650",14.33,14.42,14.1
12/17/2020,14.3,"19,338,080",14.58,14.66,14.27
12/16/2020,14.6,"18,690,380",14.75,14.76,14.51
12/15/2020,14.77,"21,182,040",14.42,14.94,14.35
12/14/2020,14.31,"26,295,700",14.86,14.9678,14.19
12/11/2020,14.75,"13,666,310",14.65,14.75,14.52
12/10/2020,14.79,"24,039,130",14.65,14.88,14.6
12/09/2020,14.61,"23,780,890",14.82,14.94,14.42
12/08/2020,14.76,"18,874,220",14.69,14.995,14.6518
12/07/2020,14.8,"16,745,740",14.9,14.98,14.57
12/04/2020,14.93,"17,456,090",14.68,15.1,14.67
12/03/2020,14.49,"17,671,380",14.44,14.66,14.3
12/02/2020,14.34,"22,358,350",14.06,14.55,14.0
12/01/2020,14.1,"20,050,450",14.67,14.68,14.0325
11/30/2020,14.38,"36,296,710",14.53,14.675,14.3
11/27/2020,14.75,"6,336,190",14.72,14.86,14.65
11/25/2020,14.85,"13,157,130",14.9,15.05,14.65
11/24/2020,14.97,"17,319,750",14.99,15.12,14.8701
11/23/2020,14.62,"20,108,470",14.4,14.67,14.3
11/20/2020,14.25,"20,405,400",14.4,14.42,14.17
11/19/2020,14.4,"27,429,040",13.7,14.4,13.61
11/18/2020,13.76,"20,243,070",14.02,14.225,13.76
11/17/2020,14.03,"19,219,670",13.45,14.05,13.42
11/16/2020,13.67,"22,637,800",13.74,13.82,13.39
11/13/2020,13.13,"13,553,620",12.86,13.22,12.7844
11/12/2020,12.71,"20,118,940",12.9,13.08,12.58
11/11/2020,13.03,"22,495,810",13.07,13.08,12.86
11/10/2020,12.89,"21,224,070",12.47,12.89,12.2709
11/09/2020,12.3,"31,595,680",12.34,12.71,12.09
11/06/2020,11.48,"14,255,440",11.91,12.0782,11.45
11/05/2020,11.9,"13,630,150",11.83,12.19,11.83
11/04/2020,11.83,"14,333,440",12.11,12.27,11.775
11/03/2020,11.99,"12,182,900",12.04,12.14,11.93
11/02/2020,11.89,"13,368,970",12.03,12.07,11.78
10/30/2020,11.9,"17,081,950",11.75,11.9,11.61
10/29/2020,12.06,"19,845,560",11.78,12.09,11.5
10/28/2020,11.83,"19,961,450",11.98,12.119,11.81
10/27/2020,12.17,"14,473,280",12.35,12.37,12.16
10/26/2020,12.38,"16,125,810",12.67,12.685,12.19
10/23/2020,12.78,"16,228,580",12.99,13.0,12.6
10/22/2020,12.96,"20,773,220",12.5,12.99,12.48
10/21/2020,12.53,"14,619,920",12.6,12.67,12.48
10/20/2020,12.68,"16,345,340",12.8,12.86,12.58
10/19/2020,12.71,"13,447,790",12.9,13.0,12.69
10/16/2020,12.86,"13,082,750",12.99,13.0667,12.84
10/15/2020,12.99,"13,604,530",12.81,13.005,12.675
10/14/2020,12.96,"14,121,780",12.71,13.12,12.65
10/13/2020,12.61,"12,153,740",12.72,12.85,12.52
10/12/2020,12.78,"12,017,230",12.85,12.88,12.66
10/09/2020,12.82,"15,740,740",13.2,13.245,12.75
10/08/2020,13.13,"15,306,500",12.7,13.15,12.595
10/07/2020,12.59,"21,463,570",12.28,12.67,12.19
10/06/2020,12.27,"15,546,760",12.73,12.76,12.25
10/05/2020,12.6,"11,307,760",12.43,12.68,12.305
10/02/2020,12.31,"12,093,230",12.05,12.44,12.03
10/01/2020,12.24,"14,358,200",12.2,12.32,12.05
09/30/2020,12.33,"18,563,670",12.56,12.61,12.27
09/29/2020,12.45,"8,410,419",12.6,12.715,12.33
09/28/2020,12.61,"11,306,930",12.58,12.76,12.45
09/25/2020,12.37,"12,728,560",12.1,12.44,12.05
09/24/2020,12.28,"14,378,490",12.25,12.44,11.97
09/23/2020,12.23,"15,044,190",12.87,12.92,12.22
09/22/2020,12.8,"10,369,290",12.91,13.1068,12.73
09/21/2020,12.86,"11,849,030",12.91,12.96,12.65
09/18/2020,13.08,"16,727,530",13.21,13.26,13.02
09/17/2020,13.29,"13,541,870",13.18,13.43,13.08
09/16/2020,13.35,"16,048,400",13.06,13.49,12.96
09/15/2020,12.91,"13,958,290",13.05,13.1561,12.88
09/14/2020,13.06,"10,478,470",12.9,13.15,12.85
09/11/2020,12.82,"17,234,970",12.95,13.055,12.8
09/10/2020,12.91,"13,912,300",13.29,13.29,12.87
09/09/2020,13.22,"15,813,790",13.32,13.52,13.22
09/08/2020,13.25,"16,932,640",13.38,13.5,13.19
09/04/2020,13.52,"13,156,330",13.75,13.82,13.26
09/03/2020,13.64,"12,168,870",13.86,13.98,13.515
09/02/2020,13.84,"9,951,833",13.8,13.97,13.765
09/01/2020,13.87,"10,603,380",13.78,13.96,13.63
08/31/2020,13.82,"11,957,920",14.17,14.21,13.81
08/28/2020,14.18,"11,873,710",13.96,14.21,13.85
08/27/2020,13.86,"11,193,540",13.73,13.93,13.7
08/26/2020,13.73,"12,019,240",14.02,14.02,13.72
08/25/2020,13.96,"12,968,420",14.33,14.33,13.91
08/24/2020,14.24,"10,887,970",14.15,14.38,14.06
08/21/2020,14.11,"11,168,520",14.07,14.13,13.88
08/20/2020,14.06,"9,522,995",14.01,14.18,14.0
08/19/2020,14.12,"10,511,570",14.4,14.47,14.07
08/18/2020,14.38,"12,091,120",14.43,14.61,14.32
08/17/2020,14.44,"8,857,458",14.43,14.47,14.27
08/14/2020,14.29,"7,216,764",14.14,14.45,14.14
08/13/2020,14.27,"12,923,020",14.48,14.5378,14.19
08/12/2020,14.49,"11,178,430",14.65,14.735,14.41
08/11/2020,14.42,"17,560,630",14.75,14.815,14.375
08/10/2020,14.54,"11,242,060",14.32,14.59,14.32
08/07/2020,14.32,"10,458,910",14.2,14.34,14.06
08/06/2020,14.3,"8,942,010",14.39,14.569,14.26
08/05/2020,14.44,"12,620,030",14.73,14.7479,14.36
08/04/2020,14.5,"16,369,810",14.08,14.515,14.0
08/03/2020,14.03,"11,793,230",14.04,14.21,13.925
07/31/2020,14.1,"15,705,120",14.04,14.12,13.8
07/30/2020,14.32,"10,995,660",14.33,14.385,14.1598
07/29/2020,14.53,"9,019,934",14.05,14.55,14.02
07/28/2020,14.12,"8,494,024",14.18,14.26,14.1
07/27/2020,14.2,"12,081,340",14.31,14.33,14.08
07/24/2020,14.25,"12,321,390",14.55,14.55,14.2
07/23/2020,14.49,"24,054,430",14.32,14.58,14.06
07/22/2020,14.89,"14,072,400",14.87,14.95,14.7
07/21/2020,15.09,"11,470,440",14.65,15.215,14.6
07/20/2020,14.5,"9,660,021",14.85,14.87,14.5
07/17/2020,14.92,"9,907,160",15.08,15.27,14.79
07/16/2020,14.99,"9,481,185",14.9,15.08,14.73
07/15/2020,14.96,"8,562,940",14.84,15.04,14.7
07/14/2020,14.55,"14,080,350",14.17,14.59,14.07
07/13/2020,14.19,"9,942,850",14.27,14.42,14.0928
07/10/2020,14.24,"14,214,050",13.94,14.25,13.85
07/09/2020,13.91,"19,032,930",14.53,14.53,13.9
07/08/2020,14.52,"11,047,800",14.7,14.86,14.47
07/07/2020,14.67,"14,989,070",14.78,15.06,14.57
07/06/2020,15.19,"13,630,340",15.44,15.58,14.965
07/02/2020,15.12,"9,428,075",15.15,15.32,15.07
07/01/2020,14.91,"9,407,499",15.2,15.4079,14.89
06/30/2020,15.17,"14,057,270",14.55,15.23,14.5
06/29/2020,14.66,"11,274,160",14.54,14.79,14.47
06/26/2020,14.47,"15,547,060",14.89,14.89,14.37
06/25/2020,14.96,"10,540,730",14.75,15.08,14.68
06/24/2020,14.81,"13,438,630",15.26,15.278,14.61
06/23/2020,15.44,"8,689,251",15.82,15.86,15.41
06/22/2020,15.61,"11,062,890",15.45,15.62,15.31
06/19/2020,15.52,"23,912,720",16.14,16.14,15.51
06/18/2020,15.77,"12,326,150",15.56,15.91,15.51
06/17/2020,15.68,"9,871,259",15.92,16.01,15.67
06/16/2020,15.97,"13,194,380",16.34,16.3798,15.61
06/15/2020,15.85,"14,475,140",14.97,16.035,14.84
06/12/2020,15.5,"17,371,030",15.99,16.0,15.16
06/11/2020,15.51,"27,110,670",16.06,16.26,15.45
06/10/2020,16.93,"18,755,300",17.13,17.25,16.82
06/09/2020,17.29,"19,012,470",17.48,17.51,17.15
06/08/2020,17.97,"21,611,560",17.06,17.97,17.035
06/05/2020,16.72,"14,209,700",16.75,16.96,16.58
06/04/2020,16.23,"10,676,540",16.13,16.25,16.01
06/03/2020,16.15,"11,732,640",16.02,16.18,15.885
06/02/2020,15.88,"9,581,320",15.87,15.95,15.72
06/01/2020,15.77,"8,453,666",15.77,15.82,15.535
05/29/2020,15.8,"16,079,360",15.59,15.85,15.31
05/28/2020,15.72,"10,907,030",16.08,16.12,15.65
05/27/2020,15.97,"11,162,540",16.0,16.08,15.455
05/26/2020,15.8,"10,353,260",15.81,15.98,15.715
05/22/2020,15.41,"8,303,345",15.22,15.44,14.955
05/21/2020,15.36,"9,708,711",15.68,15.765,15.31
05/20/2020,15.65,"16,743,250",15.61,15.765,15.415
05/19/2020,15.34,"10,795,200",15.45,15.51,15.22
05/18/2020,15.49,"18,884,250",15.53,15.68,15.33
05/15/2020,14.84,"18,656,100",14.87,15.035,14.6565
05/14/2020,14.84,"12,761,980",14.47,14.89,14.16
05/13/2020,14.73,"12,381,850",14.93,14.99,14.635
05/12/2020,14.99,"10,375,370",15.41,15.53,14.96
05/11/2020,15.36,"10,008,510",15.17,15.46,15.16
05/08/2020,15.35,"10,993,430",15.22,15.4,15.1
05/07/2020,14.94,"12,557,090",14.99,15.24,14.82
05/06/2020,14.72,"10,674,200",15.0,15.1655,14.6
05/05/2020,14.95,"14,603,410",14.8,15.16,14.8
05/04/2020,14.65,"16,134,140",14.33,14.79,14.29
05/01/2020,14.56,"16,490,290",14.85,14.91,14.36
04/30/2020,15.23,"20,850,430",15.61,15.62,15.1
04/29/2020,15.71,"19,466,340",15.68,15.95,15.52
04/28/2020,15.19,"14,502,660",15.31,15.49,14.915
04/27/2020,15.02,"13,026,670",14.5,15.22,14.47
04/24/2020,14.62,"18,683,230",14.44,14.86,14.125
04/23/2020,14.21,"24,467,960",14.93,15.225,13.95
04/22/2020,14.67,"16,852,840",15.0,15.04,14.24
04/21/2020,14.46,"17,292,150",14.2,14.71,13.98
04/20/2020,14.69,"17,581,930",14.14,15.16,14.025
04/17/2020,14.97,"18,663,000",14.36,15.0,14.3
04/16/2020,14.11,"14,946,450",14.24,14.39,13.94
04/15/2020,14.35,"15,941,660",14.37,14.77,14.02
04/14/2020,15.12,"17,458,470",14.99,15.237,14.83
04/13/2020,14.95,"13,918,870",15.75,15.88,14.725
04/09/2020,15.36,"17,469,890",15.2,15.885,14.9
04/08/2020,14.83,"13,820,120",14.38,14.89,14.18
04/07/2020,14.2,"19,149,400",14.65,14.77,14.02
04/06/2020,13.99,"19,274,370",13.96,14.2,13.62
04/03/2020,13.41,"26,863,800",13.45,13.77,12.88
04/02/2020,13.45,"20,015,690",13.18,14.13,12.99
04/01/2020,12.73,"17,770,600",13.05,13.28,12.5
03/31/2020,13.92,"24,003,490",13.46,14.2,13.17
03/30/2020,13.27,"24,655,680",13.4,13.5,12.64
03/27/2020,13.75,"21,313,090",13.76,14.36,13.59
03/26/2020,14.48,"25,364,630",13.94,14.85,13.76
03/25/2020,13.73,"28,456,500",13.04,14.75,12.45
03/24/2020,12.88,"20,610,040",12.01,12.94,11.355
03/23/2020,11.03,"25,384,600",12.02,12.32,11.01
03/20/2020,12.35,"40,080,980",11.84,12.44,11.15
03/19/2020,11.2,"34,340,100",10.03,11.45,9.42
03/18/2020,9.98,"46,226,050",11.79,11.87,9.44
03/17/2020,12.64,"26,658,890",12.88,13.4,12.32
03/16/2020,12.73,"26,557,450",13.12,13.88,12.65
03/13/2020,14.78,"40,427,790",15.03,15.13,13.215
03/12/2020,13.86,"35,722,200",14.22,14.6,13.4501
03/11/2020,15.5,"31,688,610",15.52,16.04,15.13
03/10/2020,16.04,"33,857,770",16.7,17.2357,14.95
03/09/2020,16.1,"43,807,480",17.25,17.4,16.0
03/06/2020,19.33,"23,715,770",19.19,19.44,18.6
03/05/2020,19.7,"16,981,870",19.81,20.1,19.3805
03/04/2020,20.23,"18,485,840",20.16,20.38,19.98
03/03/2020,19.85,"20,242,740",20.35,20.69,19.59
03/02/2020,20.24,"22,540,300",19.36,20.285,19.1004
02/28/2020,19.17,"32,730,960",19.02,19.28,18.4
02/27/2020,19.52,"23,662,500",20.19,20.38,19.51
02/26/2020,20.52,"17,465,590",21.02,21.04,20.45
02/25/2020,21.05,"19,427,050",21.85,21.94,21.01
02/24/2020,21.77,"19,068,580",21.71,22.02,21.62
02/21/2020,22.14,"14,432,400",22.1,22.23,21.9
02/20/2020,22.24,"18,830,370",22.36,22.58,22.185
02/19/2020,22.16,"11,498,970",22.07,22.35,21.96
02/18/2020,22.01,"11,007,710",21.98,22.015,21.85
02/14/2020,22.0,"8,824,341",22.0,22.09,21.885
02/13/2020,21.94,"13,643,920",21.87,21.99,21.79
02/12/2020,21.81,"10,774,170",21.58,21.87,21.56
02/11/2020,21.46,"9,409,223",21.46,21.5,21.36
02/10/2020,21.32,"9,681,392",21.07,21.34,21.05
02/07/2020,21.12,"7,202,042",21.25,21.315,21.08
02/06/2020,21.33,"8,197,846",21.31,21.48,21.21
02/05/2020,21.29,"12,061,370",21.15,21.38,21.15
02/04/2020,21.0,"13,540,560",21.04,21.215,20.95
02/03/2020,20.81,"13,296,760",20.86,21.04,20.71
01/31/2020,20.87,"20,696,110",21.02,21.16,20.76
01/30/2020,21.42,"19,972,950",21.0,21.46,21.0
01/29/2020,21.19,"12,419,860",21.44,21.53,21.14
01/28/2020,21.46,"9,145,317",21.41,21.57,21.36
01/27/2020,21.29,"14,226,470",21.3,21.53,21.24
01/24/2020,21.56,"16,731,900",21.77,21.77,21.43
01/23/2020,21.76,"25,959,660",21.38,21.88,21.22
01/22/2020,20.96,"10,219,870",20.99,21.115,20.93
01/21/2020,20.93,"14,430,790",21.27,21.34,20.92
01/17/2020,21.36,"10,242,080",21.39,21.405,21.27
01/16/2020,21.37,"11,522,910",21.5,21.55,21.31
01/15/2020,21.41,"9,684,120",21.37,21.5,21.3
01/14/2020,21.46,"12,636,090",21.5,21.565,21.23
01/13/2020,21.55,"12,536,520",21.51,21.65,21.325
01/10/2020,21.51,"16,032,380",21.43,21.68,21.32
01/09/2020,21.55,"16,252,570",21.17,21.55,21.06
01/08/2020,21.16,"10,651,630",21.27,21.36,21.14
01/07/2020,21.33,"14,740,130",21.34,21.35,21.09
01/06/2020,21.28,"13,978,280",21.1,21.455,21.06
01/03/2020,21.2,"10,148,840",21.07,21.21,21.02
01/02/2020,21.04,"10,247,380",21.25,21.25,20.99
12/31/2019,21.17,"10,033,530",21.0,21.18,20.95
12/30/2019,21.03,"7,926,505",21.1,21.19,20.95
12/27/2019,21.08,"8,176,429",21.26,21.305,21.06
12/26/2019,21.2,"7,086,845",21.19,21.36,21.17
12/24/2019,21.13,"3,476,415",21.18,21.19,21.05
12/23/2019,21.2,"9,970,472",20.95,21.26,20.88
12/20/2019,20.97,"19,257,710",21.0,21.01,20.79
12/19/2019,20.84,"9,717,869",20.72,20.85,20.68
12/18/2019,20.72,"16,324,080",20.49,20.79,20.465
12/17/2019,20.51,"10,447,210",20.58,20.71,20.47
12/16/2019,20.58,"11,817,730",20.34,20.59,20.271
12/13/2019,20.2,"13,741,410",20.15,20.37,20.08
12/12/2019,20.15,"15,906,240",20.2,20.46,20.09
12/11/2019,20.2,"9,535,005",20.12,20.22,20.08
12/10/2019,20.12,"12,785,800",19.88,20.215,19.87
12/09/2019,19.94,"12,622,430",19.62,19.97,19.6
12/06/2019,19.75,"11,642,320",19.71,19.87,19.67
12/05/2019,19.68,"17,302,640",19.33,19.7,19.31
12/04/2019,19.3,"11,296,080",19.25,19.34,19.14
12/03/2019,19.15,"13,684,420",19.33,19.35,19.13
12/02/2019,19.4,"10,747,440",19.61,19.64,19.4
11/29/2019,19.61,"7,196,191",19.72,19.72,19.5
11/27/2019,19.73,"12,139,490",19.75,19.8,19.51
11/26/2019,19.7,"23,962,710",19.95,20.05,19.61
11/25/2019,19.96,"14,192,050",20.05,20.09,19.9
11/22/2019,19.96,"9,727,384",20.2,20.23,19.95
11/21/2019,20.16,"11,577,450",20.1,20.2,20.035
11/20/2019,20.06,"12,223,520",20.0,20.17,19.96
11/19/2019,20.01,"11,201,030",20.15,20.17,19.98
11/18/2019,20.14,"11,153,000",20.3,20.435,20.09
11/15/2019,20.44,"23,112,000",20.35,20.52,20.29
11/14/2019,20.22,"15,853,610",20.37,20.51,20.12
11/13/2019,20.35,"18,085,060",20.04,20.43,20.04
11/12/2019,20.07,"11,715,640",19.98,20.18,19.91
11/11/2019,19.94,"9,696,389",19.9,20.05,19.86
11/08/2019,20.03,"11,920,090",20.0,20.115,19.875
11/07/2019,20.04,"11,991,340",20.34,20.34,19.99
11/06/2019,20.21,"10,078,670",20.5,20.56,20.185
11/05/2019,20.52,"12,327,030",20.58,20.67,20.22
11/04/2019,20.56,"12,401,460",20.54,20.73,20.47
11/01/2019,20.5,"10,812,150",20.08,20.5,20.05
10/31/2019,19.98,"16,191,750",19.99,20.04,19.83
10/30/2019,20.0,"13,624,330",19.92,20.15,19.85
10/29/2019,20.17,"11,717,900",20.16,20.38,20.07
10/28/2019,20.18,"10,192,310",20.5,20.53,20.17
10/25/2019,20.42,"10,813,790",20.24,20.47,20.09
10/24/2019,20.44,"10,449,330",20.46,20.71,20.41
10/23/2019,20.4,"8,433,486",20.29,20.41,20.18
10/22/2019,20.32,"10,615,580",20.2,20.56,20.15
10/21/2019,20.16,"10,851,890",20.16,20.35,20.07
10/18/2019,20.02,"13,167,580",20.05,20.18,19.95
10/17/2019,20.07,"14,557,020",19.95,20.13,19.63
10/16/2019,20.02,"17,067,010",20.13,20.185,20.0
10/15/2019,20.18,"13,825,190",20.1,20.32,20.035
10/14/2019,20.14,"12,574,000",20.11,20.17,19.99
10/11/2019,20.23,"10,399,140",20.39,20.42,20.195
10/10/2019,20.24,"8,664,134",20.2,20.31,20.11
10/09/2019,20.18,"8,012,770",20.12,20.29,20.095
10/08/2019,20.01,"10,445,950",20.19,20.27,19.97
10/07/2019,20.3,"7,056,540",20.54,20.565,20.29
10/04/2019,20.52,"6,384,282",20.4,20.535,20.31
10/03/2019,20.38,"8,946,536",20.14,20.4673,19.93
10/02/2019,20.17,"10,058,090",20.25,20.32,20.11
10/01/2019,20.29,"9,735,261",20.7,20.74,20.24
09/30/2019,20.61,"7,118,762",20.6,20.7128,20.55
09/27/2019,20.67,"7,434,866",20.56,20.755,20.47
09/26/2019,20.52,"6,737,674",20.49,20.575,20.3
09/25/2019,20.51,"7,521,265",20.57,20.66,20.47
09/24/2019,20.57,"10,466,200",20.78,20.855,20.42
09/23/2019,20.78,"7,630,056",20.79,20.96,20.77
09/20/2019,20.92,"14,750,920",20.78,20.955,20.63
09/19/2019,20.69,"9,059,138",20.8,20.84,20.59
09/18/2019,20.67,"7,014,037",20.65,20.73,20.575
09/17/2019,20.74,"15,630,110",20.64,20.91,20.551
09/16/2019,20.67,"20,590,570",20.83,20.99,20.57
09/13/2019,20.47,"21,171,290",20.44,20.55,20.31
09/12/2019,20.42,"10,131,340",20.47,20.54,20.35
09/11/2019,20.45,"9,579,551",20.29,20.5,20.24
09/10/2019,20.23,"16,417,750",20.32,20.384,20.02
09/09/2019,20.41,"10,638,010",20.51,20.56,20.235
09/06/2019,20.41,"7,077,698",20.49,20.56,20.33
09/05/2019,20.51,"10,108,360",20.44,20.65,20.41
09/04/2019,20.33,"7,699,655",20.28,20.46,20.21
09/03/2019,20.12,"12,318,840",20.06,20.13,19.9
08/30/2019,20.27,"13,756,670",20.43,20.47,20.16
08/29/2019,20.4,"9,894,851",20.43,20.4884,20.155
08/28/2019,20.26,"10,081,270",20.14,20.33,20.015
08/27/2019,20.04,"17,853,890",20.05,20.13,19.82
08/26/2019,19.92,"9,681,227",19.77,20.015,19.67
08/23/2019,19.57,"16,649,210",20.05,20.175,19.5
08/22/2019,20.2,"12,004,300",20.4,20.41,20.14
08/21/2019,20.39,"14,030,080",20.41,20.55,20.31
08/20/2019,20.14,"11,233,670",20.42,20.45,20.11
08/19/2019,20.41,"11,649,720",20.3,20.49,20.27
08/16/2019,20.13,"10,532,370",19.91,20.2,19.81
08/15/2019,19.88,"10,635,970",19.92,19.97,19.67
08/14/2019,19.8,"15,012,840",20.19,20.305,19.8
08/13/2019,20.51,"15,682,540",20.36,20.635,20.26
08/12/2019,20.34,"17,046,600",20.34,20.35,20.125
08/09/2019,20.37,"14,481,300",20.36,20.51,20.27
08/08/2019,20.37,"18,487,880",20.08,20.37,20.02
08/07/2019,19.97,"20,533,710",19.8,20.02,19.51
08/06/2019,20.03,"13,971,380",19.88,20.06,19.73
08/05/2019,19.84,"18,919,520",19.91,20.05,19.565
08/02/2019,20.21,"15,042,810",20.77,20.83,20.18
08/01/2019,20.77,"21,456,380",20.55,20.91,20.52
07/31/2019,20.62,"20,273,990",20.69,20.765,20.385
07/30/2019,20.69,"14,444,880",20.55,20.71,20.42
07/29/2019,20.89,"15,285,140",20.86,20.94,20.65
07/26/2019,20.85,"16,583,810",20.77,20.9,20.7
07/25/2019,20.58,"9,062,239",20.84,20.84,20.52
07/24/2019,20.65,"9,142,354",20.57,20.75,20.541
07/23/2019,20.59,"9,347,258",20.79,20.86,20.555
07/22/2019,20.77,"8,897,258",20.52,20.82,20.49
07/19/2019,20.5,"14,109,800",20.46,20.65,20.28
07/18/2019,20.42,"23,603,230",20.11,20.43,20.08
07/17/2019,20.59,"12,659,240",20.95,21.0,20.58
07/16/2019,20.91,"13,494,480",21.2,21.24,20.88
07/15/2019,21.24,"10,602,430",21.3,21.37,21.21
07/12/2019,21.29,"9,298,272",21.3,21.41,21.21
07/11/2019,21.27,"12,844,410",21.24,21.28,21.06
07/10/2019,21.18,"13,145,010",21.28,21.3811,21.15
07/09/2019,21.24,"8,998,128",21.03,21.26,20.99
07/08/2019,21.06,"8,368,791",21.06,21.24,21.01
07/05/2019,21.11,"5,317,384",21.02,21.12,20.92
07/03/2019,21.08,"5,638,049",21.0,21.09,20.86
07/02/2019,20.99,"8,805,339",20.9,21.1,20.87
07/01/2019,20.88,"9,675,058",21.01,21.06,20.86
06/28/2019,20.88,"15,049,130",20.51,20.88,20.4701
06/27/2019,20.41,"16,180,230",20.61,20.65,20.3
06/26/2019,20.64,"13,960,640",20.66,20.8075,20.6
06/25/2019,20.58,"18,208,380",21.08,21.115,20.54
06/24/2019,21.16,"9,477,867",21.44,21.495,21.13
06/21/2019,21.38,"20,937,130",21.11,21.4,21.1
06/20/2019,21.1,"11,726,270",21.15,21.32,21.02
06/19/2019,20.94,"10,637,270",20.8,21.02,20.68
06/18/2019,20.8,"10,490,350",20.65,20.85,20.63
06/17/2019,20.52,"10,170,920",20.42,20.58,20.27
06/14/2019,20.53,"7,534,301",20.61,20.7,20.46
06/13/2019,20.52,"10,055,120",20.48,20.6,20.38
06/12/2019,20.38,"13,500,740",20.59,20.66,20.31
06/11/2019,20.78,"13,338,530",20.99,20.99,20.57
06/10/2019,20.88,"13,990,760",21.18,21.19,20.84
06/07/2019,21.13,"27,581,710",20.85,21.25,20.85
06/06/2019,20.86,"17,335,150",20.5,21.12,20.46
06/05/2019,20.47,"14,187,570",20.37,20.53,20.19
06/04/2019,20.34,"12,118,580",20.15,20.42,20.13
06/03/2019,20.14,"17,651,010",20.07,20.155,19.895
05/31/2019,19.95,"14,577,040",19.86,20.1,19.775
05/30/2019,20.06,"23,521,950",20.0,20.27,19.94
05/29/2019,19.91,"13,586,520",19.72,19.97,19.58
05/28/2019,19.88,"15,454,190",20.11,20.23,19.77
05/24/2019,20.06,"9,645,323",20.04,20.12,19.98
05/23/2019,19.96,"17,335,690",20.18,20.2,19.805
05/22/2019,20.34,"12,994,460",20.26,20.385,20.17
05/21/2019,20.34,"10,707,310",20.3,20.565,20.26
05/20/2019,20.29,"12,508,020",20.22,20.325,20.12
05/17/2019,20.21,"12,568,720",20.29,20.55,20.15
05/16/2019,20.42,"11,815,040",20.23,20.46,20.155
05/15/2019,20.14,"11,610,210",19.94,20.28,19.91
05/14/2019,19.93,"13,180,270",19.77,20.07,19.72
05/13/2019,19.67,"12,008,160",19.6,19.74,19.405
05/10/2019,19.7,"22,458,160",19.39,19.72,19.31
05/09/2019,19.73,"10,568,210",19.59,19.8,19.465
05/08/2019,19.67,"12,799,030",19.52,19.8,19.4445
05/07/2019,19.56,"15,226,890",19.26,19.67,19.24
05/06/2019,19.44,"11,380,200",19.41,19.5862,19.38
05/03/2019,19.53,"11,857,720",19.49,19.69,19.461
05/02/2019,19.36,"12,380,320",19.55,19.63,19.35
05/01/2019,19.59,"10,815,540",19.86,19.94,19.59
04/30/2019,19.87,"18,958,300",19.91,20.075,19.77
04/29/2019,19.86,"12,904,800",19.93,20.0,19.67
04/26/2019,20.23,"15,675,890",19.96,20.24,19.9
04/25/2019,19.97,"12,870,230",20.04,20.235,19.97
04/24/2019,20.08,"12,668,240",20.02,20.12,19.95
04/23/2019,20.08,"14,767,920",20.05,20.095,19.84
04/22/2019,20.03,"19,982,470",19.58,20.0955,19.52
04/18/2019,19.39,"23,450,050",19.61,19.83,19.15
04/17/2019,19.69,"11,615,040",19.87,19.87,19.68
04/16/2019,19.81,"10,663,760",19.8,19.915,19.72
04/15/2019,19.79,"8,837,476",19.81,19.84,19.69
04/12/2019,19.82,"12,232,170",19.99,20.03,19.78
04/11/2019,19.92,"6,844,328",19.82,19.95,19.75
04/10/2019,19.84,"9,949,845",19.96,19.96,19.76
04/09/2019,19.89,"9,357,509",19.81,19.92,19.67
04/08/2019,19.94,"10,194,850",20.05,20.11,19.865
04/05/2019,20.05,"9,306,004",19.9,20.0664,19.84
04/04/2019,19.92,"13,197,500",19.9,19.94,19.755
04/03/2019,19.89,"11,839,940",20.07,20.09,19.81
04/02/2019,20.05,"13,547,180",20.02,20.075,19.895
04/01/2019,20.04,"22,731,790",20.07,20.21,19.96
03/29/2019,20.01,"12,665,830",20.05,20.19,19.895
03/28/2019,19.95,"15,964,570",19.9,19.96,19.69
03/27/2019,19.98,"13,024,050",19.99,20.1204,19.79
03/26/2019,20.09,"10,835,690",20.29,20.4,20.01
03/25/2019,20.13,"14,470,690",19.89,20.17,19.7345
03/22/2019,19.9,"18,683,890",20.22,20.22,19.88
03/21/2019,20.42,"17,789,980",20.05,20.44,19.95
03/20/2019,20.09,"15,634,210",20.06,20.3,19.97
03/19/2019,20.05,"19,252,750",20.03,20.18,19.91
03/18/2019,19.99,"16,475,370",19.86,20.01,19.84
03/15/2019,19.87,"28,629,770",19.9,20.0,19.8
03/14/2019,19.98,"13,207,770",20.0,20.085,19.89
03/13/2019,19.98,"17,116,430",19.95,20.055,19.885
03/12/2019,19.86,"18,937,940",19.88,20.0,19.76
03/11/2019,19.9,"12,887,010",19.88,20.02,19.82
03/08/2019,19.73,"17,661,850",19.74,19.769,19.47
03/07/2019,19.84,"17,012,050",19.98,20.0,19.78
03/06/2019,20.0,"15,262,400",19.95,20.01,19.82
03/05/2019,19.97,"13,916,620",19.9,19.995,19.69
03/04/2019,19.85,"17,989,390",19.82,19.86,19.52
03/01/2019,19.74,"19,620,440",19.2,19.74,19.19
02/28/2019,19.16,"11,296,170",19.3,19.32,19.13
02/27/2019,19.28,"9,681,997",19.31,19.35,18.97
02/26/2019,19.22,"16,229,800",19.3,19.44,19.19
02/25/2019,19.3,"14,538,870",19.29,19.435,19.19
02/22/2019,19.32,"15,290,000",19.32,19.47,19.11
02/21/2019,19.19,"15,208,940",19.15,19.26,19.06
02/20/2019,19.17,"13,786,740",19.14,19.315,19.12
02/19/2019,19.15,"18,434,410",18.75,19.22,18.73
02/15/2019,18.8,"19,219,510",18.96,18.98,18.76
02/14/2019,18.88,"13,248,180",18.7,18.92,18.65
02/13/2019,18.74,"18,723,280",18.53,18.79,18.52
02/12/2019,18.48,"14,480,390",18.44,18.56,18.35
02/11/2019,18.27,"13,700,710",17.95,18.295,17.88
02/08/2019,18.02,"8,613,329",17.91,18.02,17.77
02/07/2019,17.96,"11,599,400",18.02,18.07,17.71
02/06/2019,18.06,"13,229,990",18.32,18.37,18.01
02/05/2019,18.47,"11,185,510",18.32,18.48,18.27
02/04/2019,18.36,"11,691,710",18.23,18.37,18.21
02/01/2019,18.35,"11,009,120",18.1,18.36,18.03
01/31/2019,18.1,"13,933,240",18.14,18.16,17.94
01/30/2019,18.09,"14,595,250",17.95,18.19,17.94
01/29/2019,18.05,"15,679,100",17.97,18.11,17.8
01/28/2019,17.89,"13,720,900",17.6,17.915,17.54
01/25/2019,17.74,"15,189,880",17.6,17.895,17.57
01/24/2019,17.48,"14,644,070",17.21,17.55,17.195
01/23/2019,17.24,"20,788,860",17.72,17.76,17.05
01/22/2019,17.63,"22,973,690",17.89,17.92,17.56
01/18/2019,18.01,"17,827,720",17.88,18.05,17.685
01/17/2019,17.72,"23,560,970",17.11,17.99,16.93
01/16/2019,17.47,"18,462,180",17.34,17.61,17.29
01/15/2019,17.32,"16,186,940",17.22,17.41,17.17
01/14/2019,17.23,"17,766,330",16.91,17.305,16.91
01/11/2019,17.11,"25,972,830",17.21,17.4,16.95
01/10/2019,17.36,"16,985,930",17.18,17.37,17.02
01/09/2019,17.26,"19,882,060",17.3,17.37,17.05
01/08/2019,17.14,"19,919,940",16.75,17.17,16.66
01/07/2019,16.59,"12,780,740",16.3,16.63,16.21
01/04/2019,16.24,"12,024,790",15.97,16.31,15.95
01/03/2019,15.71,"18,258,950",15.87,16.05,15.53
01/02/2019,15.8,"15,664,230",15.2,15.94,15.1
12/31/2018,15.38,"17,005,540",15.31,15.455,15.15
12/28/2018,15.29,"17,581,980",15.51,15.58,15.14
12/27/2018,15.51,"20,515,590",15.37,15.545,14.97
12/26/2018,15.64,"17,278,800",14.81,15.64,14.6201
12/24/2018,14.71,"14,096,190",15.34,15.49,14.71
12/21/2018,15.57,"28,794,440",15.43,15.94,15.42
12/20/2018,15.55,"26,283,780",15.57,15.79,15.36
12/19/2018,15.57,"20,368,320",15.58,16.015,15.39
12/18/2018,15.53,"17,395,930",15.85,15.96,15.45
12/17/2018,15.84,"15,758,300",16.14,16.365,15.725
12/14/2018,16.17,"10,707,560",16.26,16.45,16.13
12/13/2018,16.41,"14,054,640",16.24,16.67,16.21
12/12/2018,16.23,"15,904,470",16.29,16.4772,16.2
12/11/2018,16.12,"12,001,800",16.27,16.36,15.98
12/10/2018,16.04,"16,803,370",16.19,16.25,15.72
12/07/2018,16.35,"15,298,390",16.68,16.88,16.34
12/06/2018,16.46,"22,215,610",16.44,16.49,15.98
12/04/2018,16.68,"21,029,170",17.28,17.38,16.64
12/03/2018,17.3,"15,732,180",17.22,17.44,17.15
11/30/2018,17.07,"20,395,220",16.87,17.08,16.7287
11/29/2018,16.87,"15,318,360",16.82,17.0,16.725
11/28/2018,16.86,"16,858,020",16.71,16.87,16.32
11/27/2018,16.73,"12,341,280",16.73,16.775,16.53
11/26/2018,16.72,"12,724,360",16.7,16.87,16.69
11/23/2018,16.61,"8,137,585",16.9,16.94,16.54
11/21/2018,17.17,"13,308,610",17.04,17.41,16.93
11/20/2018,16.96,"14,925,110",17.25,17.33,16.87
11/19/2018,17.42,"16,273,140",17.2,17.46,17.18
11/16/2018,17.28,"10,171,290",17.16,17.35,17.12
11/15/2018,17.17,"18,447,990",16.88,17.23,16.705
11/14/2018,16.94,"14,919,000",17.35,17.44,16.88
11/13/2018,17.18,"14,875,940",17.5,17.69,17.1
11/12/2018,17.47,"13,006,270",17.65,17.71,17.45
11/09/2018,17.53,"10,120,160",17.4,17.65,17.33
11/08/2018,17.56,"14,210,530",17.44,17.79,17.42
11/07/2018,17.5,"9,684,398",17.65,17.76,17.325
11/06/2018,17.45,"9,787,758",17.29,17.46,17.15
11/05/2018,17.26,"11,203,180",17.03,17.29,16.975
11/02/2018,16.86,"14,811,480",17.23,17.32,16.75
11/01/2018,17.16,"13,184,890",17.09,17.35,16.97
10/31/2018,17.02,"19,927,750",16.89,17.2,16.83
10/30/2018,16.76,"20,912,790",16.27,16.78,16.27
10/29/2018,16.46,"18,016,620",16.72,16.87,16.28
10/26/2018,16.59,"30,124,240",16.55,16.75,16.235
10/25/2018,16.58,"22,186,820",16.73,16.8,16.5
10/24/2018,16.51,"20,300,480",17.05,17.0848,16.48
10/23/2018,17.04,"24,566,500",17.22,17.24,16.71
10/22/2018,17.44,"17,902,210",18.0,18.02,17.41
10/19/2018,17.98,"19,573,190",17.91,18.18,17.84
10/18/2018,17.94,"21,507,020",17.83,18.47,17.784
10/17/2018,17.95,"15,478,990",17.9,18.07,17.77
10/16/2018,17.92,"11,529,160",17.61,18.02,17.52
10/15/2018,17.54,"13,039,510",17.56,17.72,17.47
10/12/2018,17.51,"19,466,580",17.6,17.76,17.22
10/11/2018,17.42,"25,671,440",17.93,17.94,17.34
10/10/2018,18.0,"25,970,520",18.57,18.67,17.98
10/09/2018,18.57,"16,029,900",18.37,18.61,18.23
10/08/2018,18.21,"10,667,040",17.97,18.24,17.94
10/05/2018,18.06,"16,178,150",18.26,18.32,17.93
10/04/2018,18.27,"10,073,010",18.25,18.36,18.08
10/03/2018,18.24,"8,861,304",18.11,18.38,18.07
10/02/2018,18.08,"9,606,654",18.14,18.275,17.96
10/01/2018,18.18,"12,649,920",17.76,18.19,17.71
09/28/2018,17.73,"14,474,520",17.57,17.91,17.54
09/27/2018,17.56,"17,105,040",17.62,17.66,17.435
09/26/2018,17.61,"9,732,496",17.83,17.87,17.6
09/25/2018,17.88,"15,042,050",17.92,17.9873,17.7
09/24/2018,17.89,"15,519,540",18.16,18.21,17.7
09/21/2018,18.06,"16,882,500",18.05,18.2,17.98
09/20/2018,18.04,"12,964,730",18.329,18.35,18.02
09/19/2018,18.26,"8,450,614",18.16,18.3,18.02
09/18/2018,18.12,"10,703,540",18.21,18.4,18.1
09/17/2018,18.17,"8,509,011",18.2,18.34,18.07
09/14/2018,18.06,"10,490,170",18.26,18.27,17.8401
09/13/2018,18.3,"8,170,372",18.21,18.3,18.1
09/12/2018,18.16,"14,963,900",18.05,18.3,18.01
09/11/2018,18.01,"10,706,940",17.68,18.11,17.6
09/10/2018,17.69,"11,581,020",17.87,18.01,17.685
09/07/2018,17.82,"9,290,920",17.56,17.86,17.51
09/06/2018,17.67,"10,598,610",17.74,17.87,17.592
09/05/2018,17.79,"13,386,470",17.55,17.835,17.29
09/04/2018,17.62,"9,022,380",17.66,17.7,17.535
08/31/2018,17.7,"8,889,585",17.76,17.76,17.6
08/30/2018,17.78,"9,695,694",17.88,17.9,17.6
08/29/2018,17.88,"7,889,753",17.84,17.97,17.75
08/28/2018,17.81,"6,884,197",17.94,18.0,17.79
08/27/2018,17.97,"8,176,263",17.99,18.085,17.86
08/24/2018,17.97,"9,534,327",18.06,18.18,17.91
08/23/2018,17.98,"9,732,708",18.23,18.27,17.96
08/22/2018,18.28,"9,857,293",18.0,18.33,17.99
08/21/2018,17.96,"6,507,521",18.01,18.12,17.95
08/20/2018,17.91,"8,589,945",18.0,18.02,17.85
08/17/2018,17.95,"8,150,696",17.8,18.01,17.75
08/16/2018,17.82,"10,218,060",17.85,18.035,17.785
08/15/2018,17.73,"11,337,090",17.87,17.89,17.48
08/14/2018,17.95,"7,726,043",17.94,18.11,17.9
08/13/2018,17.84,"11,383,960",18.15,18.17,17.8
08/10/2018,18.17,"12,689,010",17.91,18.25,17.86
08/09/2018,17.94,"11,738,920",17.96,18.085,17.915
08/08/2018,17.92,"9,039,948",17.92,18.0,17.87
08/07/2018,17.98,"14,012,070",18.05,18.16,17.94
08/06/2018,17.95,"12,284,500",17.66,18.02,17.6
08/03/2018,17.62,"19,225,730",17.67,17.78,17.53
08/02/2018,17.68,"17,189,550",17.45,17.77,17.345
08/01/2018,17.53,"9,874,241",17.7,17.73,17.41
07/31/2018,17.78,"19,014,980",17.77,17.895,17.595
07/30/2018,17.75,"11,211,810",17.83,17.96,17.69
07/27/2018,17.9,"12,034,810",18.03,18.1355,17.72
07/26/2018,18.03,"10,606,790",17.92,18.155,17.88
07/25/2018,17.9,"14,260,480",17.52,17.94,17.41
07/24/2018,17.65,"17,545,530",17.74,17.82,17.58
07/23/2018,17.7,"8,725,297",17.77,17.84,17.5945
07/20/2018,17.69,"11,395,950",17.97,18.07,17.675
07/19/2018,17.99,"19,237,290",17.99,18.445,17.9
07/18/2018,17.78,"7,515,447",17.6,17.88,17.515
07/17/2018,17.69,"12,250,960",17.71,17.78,17.555
07/16/2018,17.8,"10,771,600",17.92,18.0,17.73
07/13/2018,17.91,"8,441,980",17.99,18.15,17.87
07/12/2018,18.03,"7,365,648",17.91,18.04,17.775
07/11/2018,17.86,"10,199,850",18.05,18.25,17.75
07/10/2018,18.22,"8,593,248",18.15,18.245,18.075
07/09/2018,18.1,"8,860,620",17.99,18.15,17.935
07/06/2018,17.93,"9,307,632",17.6,17.98,17.6
07/05/2018,17.58,"7,749,531",17.76,17.82,17.58
07/03/2018,17.69,"5,716,748",17.59,17.745,17.56
07/02/2018,17.43,"7,822,689",17.6,17.6,17.32
06/29/2018,17.67,"9,772,650",17.55,17.76,17.4634
06/28/2018,17.48,"11,868,300",17.65,17.77,17.41
06/27/2018,17.64,"13,165,610",17.6,17.86,17.6
06/26/2018,17.55,"12,648,680",17.42,17.62,17.27
06/25/2018,17.17,"12,748,180",17.4,17.435,17.1
06/22/2018,17.39,"15,899,800",17.44,17.66,17.37
06/21/2018,17.16,"10,280,290",17.41,17.45,17.105
06/20/2018,17.49,"13,130,220",17.47,17.66,17.4
06/19/2018,17.35,"15,069,990",17.02,17.43,17.0
06/18/2018,17.16,"12,864,300",16.8,17.19,16.77
06/15/2018,16.77,"15,486,280",16.88,16.96,16.71
06/14/2018,16.95,"12,079,690",16.79,16.97,16.755
06/13/2018,16.74,"9,143,249",16.91,16.93,16.655
06/12/2018,16.93,"12,082,360",17.14,17.2,16.91
06/11/2018,17.15,"14,166,160",16.83,17.21,16.775
06/08/2018,16.85,"9,835,492",17.07,17.1,16.75
06/07/2018,17.06,"10,680,950",16.77,17.1,16.75
06/06/2018,16.72,"17,444,360",16.89,16.96,16.67
06/05/2018,16.84,"23,439,710",16.86,17.11,16.83
06/04/2018,16.94,"18,693,080",16.94,17.07,16.8
06/01/2018,16.9,"16,805,180",16.73,16.98,16.66
05/31/2018,16.68,"24,471,290",16.52,16.74,16.45
05/30/2018,16.56,"17,940,350",16.11,16.65,16.1
05/29/2018,16.04,"26,447,620",16.35,16.46,15.985
05/25/2018,15.89,"17,521,800",15.75,15.9,15.575
05/24/2018,15.88,"13,409,140",16.14,16.14,15.85
05/23/2018,16.19,"14,376,410",15.85,16.21,15.8
05/22/2018,15.94,"12,949,920",16.0,16.1351,15.87
05/21/2018,15.98,"11,637,380",16.11,16.16,15.95
05/18/2018,16.07,"12,328,690",16.29,16.33,16.025
05/17/2018,16.3,"14,535,080",16.45,16.51,16.24
05/16/2018,16.4,"9,019,323",16.44,16.48,16.3242
05/15/2018,16.44,"12,465,020",16.65,16.67,16.41
05/14/2018,16.64,"9,110,691",16.55,16.7,16.52
05/11/2018,16.51,"15,939,480",16.57,16.645,16.46
05/10/2018,16.5,"14,147,910",16.55,16.67,16.4
05/09/2018,16.45,"17,015,300",16.21,16.525,16.18
05/08/2018,16.07,"17,384,330",16.3,16.3,16.04
05/07/2018,16.21,"12,669,110",16.19,16.48,16.18
05/04/2018,16.11,"14,511,570",15.75,16.18,15.74
05/03/2018,15.82,"17,090,670",16.17,16.215,15.69
05/02/2018,16.16,"14,106,200",15.96,16.21,15.9
05/01/2018,16.02,"10,251,380",15.79,16.02,15.77
04/30/2018,15.82,"14,140,470",15.94,16.02,15.82
04/27/2018,15.95,"9,825,243",15.97,16.13,15.83
04/26/2018,16.22,"11,360,030",16.3,16.33,16.06
04/25/2018,16.26,"11,536,770",16.2,16.29,15.97
04/24/2018,16.27,"11,046,290",16.5,16.51,16.18
04/23/2018,16.44,"10,039,910",16.4,16.48,16.26
04/20/2018,16.47,"14,921,300",16.58,16.62,16.37
04/19/2018,16.54,"20,432,530",16.8,16.98,16.425
04/18/2018,16.17,"17,773,070",16.15,16.32,16.12
04/17/2018,16.02,"14,450,790",15.78,16.05,15.75
04/16/2018,15.68,"13,587,540",15.39,15.75,15.29
04/13/2018,15.33,"11,744,480",15.4,15.43,15.25
04/12/2018,15.34,"16,914,290",15.4,15.42,15.23
04/11/2018,15.35,"15,047,630",15.49,15.655,15.29
04/10/2018,15.61,"23,847,380",15.15,15.675,15.08
04/09/2018,15.1,"15,866,200",15.27,15.405,14.98
04/06/2018,15.17,"10,565,170",15.41,15.46,15.03
04/05/2018,15.5,"11,522,430",15.24,15.625,15.165
04/04/2018,15.16,"12,437,320",14.89,15.21,14.73
04/03/2018,15.01,"17,176,370",14.96,15.02,14.69
04/02/2018,14.9,"13,307,760",15.02,15.16,14.765
03/29/2018,15.06,"16,264,580",14.84,15.12,14.79
03/28/2018,14.81,"23,040,770",15.09,15.19,14.76
03/27/2018,15.09,"17,885,440",15.19,15.41,14.92
03/26/2018,15.13,"18,028,250",15.1,15.18,14.82
03/23/2018,15.01,"20,377,870",15.4,15.485,14.99
03/22/2018,15.36,"18,540,990",15.74,15.79,15.36
03/21/2018,15.91,"20,849,550",15.91,16.0,15.69
03/20/2018,15.61,"23,064,910",16.05,16.19,15.47
03/19/2018,16.0,"20,360,920",16.4,16.4,15.865
03/16/2018,16.41,"21,258,510",16.27,16.5,16.12
03/15/2018,16.31,"72,444,920",16.45,16.51,15.07
03/14/2018,16.42,"9,659,868",16.59,16.6,16.35
03/13/2018,16.5,"9,944,185",16.61,16.61,16.4
03/12/2018,16.55,"11,264,000",16.31,16.61,16.21
03/09/2018,16.33,"8,484,443",16.12,16.33,16.1
03/08/2018,16.01,"10,680,080",16.1,16.1,15.95
03/07/2018,16.05,"9,583,446",16.02,16.16,15.9699
03/06/2018,16.11,"13,057,110",16.28,16.29,16.0
03/05/2018,16.21,"13,555,750",16.03,16.28,15.95
03/02/2018,16.1,"13,355,490",16.12,16.18,15.86
03/01/2018,16.21,"15,126,370",16.18,16.29,15.96
02/28/2018,16.2,"16,953,640",16.75,16.76,16.19
02/27/2018,16.64,"11,658,820",16.93,16.955,16.64
02/26/2018,16.92,"12,350,520",17.06,17.06,16.76
02/23/2018,17.01,"9,747,809",16.7,17.03,16.64
02/22/2018,16.66,"10,555,770",16.84,17.04,16.605
02/21/2018,16.75,"13,460,190",16.97,17.06,16.75
02/20/2018,17.0,"13,406,580",17.05,17.19,16.9
02/16/2018,17.06,"15,041,550",17.26,17.34,16.96
02/15/2018,17.31,"14,898,590",17.58,17.65,17.15
02/14/2018,17.45,"10,853,040",17.21,17.58,17.145
02/13/2018,17.39,"9,028,604",17.2,17.45,17.135
02/12/2018,17.3,"16,698,180",17.35,17.44,17.05
02/09/2018,17.24,"30,839,530",16.96,17.39,16.62
02/08/2018,16.8,"16,219,660",17.33,17.56,16.8
02/07/2018,17.29,"18,449,290",17.3,17.54,17.23
02/06/2018,17.33,"27,054,670",16.6,17.38,16.56
02/05/2018,16.81,"23,268,630",17.28,17.475,16.57
02/02/2018,17.5,"17,800,960",17.9,17.93,17.46
02/01/2018,18.06,"13,857,550",18.02,18.08,17.81
01/31/2018,17.98,"17,989,730",18.27,18.38,17.95
01/30/2018,18.23,"18,480,170",18.5,18.541,18.22
01/29/2018,18.71,"17,204,480",18.77,18.83,18.57
01/26/2018,18.77,"17,126,630",18.98,18.99,18.69
01/25/2018,18.82,"16,501,780",19.2,19.32,18.79
01/24/2018,19.14,"17,060,960",19.52,19.56,19.13
01/23/2018,19.45,"19,890,330",19.66,19.7144,19.4
01/22/2018,19.63,"15,420,810",19.05,19.64,19.01
01/19/2018,19.01,"17,985,520",19.04,19.2,18.89
01/18/2018,19.01,"37,004,610",19.5,19.52,18.77
01/17/2018,19.57,"19,473,810",19.52,19.64,19.32
01/16/2018,19.39,"20,313,270",19.67,19.83,19.38
01/12/2018,19.52,"16,115,480",19.24,19.66,19.16
01/11/2018,19.2,"17,386,490",18.8,19.22,18.75
01/10/2018,18.88,"12,593,760",19.0,19.06,18.88
01/09/2018,18.94,"10,550,240",18.85,19.0,18.82
01/08/2018,18.86,"12,307,650",18.9,18.98,18.8
01/05/2018,18.95,"11,224,540",19.07,19.08,18.75
01/04/2018,19.01,"12,718,830",18.99,19.1,18.86
01/03/2018,18.96,"13,885,260",18.87,19.0,18.7
01/02/2018,18.8,"16,188,090",18.32,18.84,18.19
12/29/2017,18.07,"10,470,670",18.31,18.34,18.06
12/28/2017,18.31,"10,500,620",18.14,18.325,18.1
12/27/2017,18.12,"11,042,530",18.13,18.1942,18.05
12/26/2017,18.11,"7,585,735",18.05,18.18,18.05
12/22/2017,18.05,"8,041,556",18.03,18.14,18.02
12/21/2017,18.07,"13,667,920",17.72,18.1,17.649
12/20/2017,17.76,"18,573,070",17.93,17.93,17.685
12/19/2017,17.92,"10,054,370",18.1,18.14,17.9
12/18/2017,18.0,"13,292,030",17.99,18.19,17.97
12/15/2017,17.93,"22,930,970",17.91,18.15,17.9
12/14/2017,17.84,"13,307,810",17.8,17.99,17.7775
12/13/2017,17.85,"13,638,800",17.76,17.93,17.73
12/12/2017,17.75,"13,881,150",17.99,18.025,17.72
12/11/2017,17.96,"14,198,090",17.76,18.12,17.75
12/08/2017,17.79,"21,151,190",17.42,17.85,17.38
12/07/2017,17.36,"17,644,990",17.11,17.44,17.0599
12/06/2017,17.11,"15,015,010",17.09,17.24,16.89
12/05/2017,17.14,"13,967,420",17.27,17.35,17.07
12/04/2017,17.25,"16,107,240",17.4,17.5,17.24
12/01/2017,17.41,"14,681,330",17.3,17.45,17.19
11/30/2017,17.23,"28,195,920",16.77,17.26,16.77
11/29/2017,16.76,"21,740,880",17.0,17.08,16.68
11/28/2017,17.03,"16,091,920",17.0,17.2,16.92
11/27/2017,16.96,"11,957,660",17.15,17.17,16.84
11/24/2017,17.19,"5,146,138",17.18,17.385,17.16
11/22/2017,17.1,"9,398,540",16.92,17.2,16.92
11/21/2017,16.87,"10,392,100",17.15,17.17,16.81
11/20/2017,17.06,"9,987,619",16.98,17.17,16.93
11/17/2017,17.01,"12,235,710",16.83,17.03,16.7
11/16/2017,16.83,"15,205,010",17.05,17.1,16.81
11/15/2017,17.03,"18,557,100",17.25,17.3,17.0
11/14/2017,17.43,"15,039,620",17.42,17.54,17.27
11/13/2017,17.46,"9,463,883",17.64,17.69,17.41
11/10/2017,17.67,"9,151,726",17.86,17.9,17.65
11/09/2017,17.91,"10,060,150",17.9,18.03,17.82
11/08/2017,18.0,"10,239,110",18.01,18.0868,17.905
11/07/2017,18.04,"9,191,758",18.12,18.205,17.96
11/06/2017,18.08,"12,685,240",17.81,18.13,17.8
11/03/2017,17.74,"13,226,140",17.8,17.84,17.59
11/02/2017,17.8,"12,592,270",18.07,18.12,17.73
11/01/2017,18.13,"10,523,740",18.25,18.38,18.05
10/31/2017,18.11,"14,474,460",18.07,18.15,17.91
10/30/2017,18.1,"10,822,290",17.97,18.25,17.92
10/27/2017,18.03,"17,199,940",17.9,18.305,17.821
10/26/2017,18.0,"14,521,910",18.01,18.11,17.87
10/25/2017,17.96,"17,815,090",18.19,18.29,17.84
10/24/2017,18.27,"18,112,280",18.17,18.31,18.045
10/23/2017,18.12,"14,054,690",18.36,18.4,18.04
10/20/2017,18.42,"10,158,510",18.75,18.76,18.38
10/19/2017,18.65,"16,578,720",18.51,18.77,18.42
10/18/2017,18.58,"18,357,310",18.62,18.74,18.47
10/17/2017,18.68,"13,070,320",18.64,18.75,18.53
10/16/2017,18.81,"7,370,496",18.91,18.94,18.74
10/13/2017,18.76,"7,514,419",19.0,19.005,18.75
10/12/2017,18.88,"7,111,346",18.92,19.0,18.79
10/11/2017,19.05,"9,368,483",18.98,19.07,18.94
10/10/2017,18.95,"7,105,502",19.1,19.15,18.94
10/09/2017,19.03,"5,475,360",19.02,19.17,19.0
10/06/2017,19.02,"10,324,940",18.95,19.06,18.795
10/05/2017,19.1,"11,233,870",18.85,19.13,18.82
10/04/2017,18.82,"10,159,560",18.85,18.91,18.67
10/03/2017,18.85,"12,883,280",19.1,19.1146,18.85
10/02/2017,19.1,"9,304,097",19.06,19.15,18.96
09/29/2017,19.18,"8,586,714",19.28,19.35,19.11
09/28/2017,19.31,"8,348,992",19.29,19.31,19.16
09/27/2017,19.33,"6,799,132",19.53,19.535,19.24
09/26/2017,19.52,"8,493,656",19.61,19.67,19.45
09/25/2017,19.69,"9,568,877",19.36,19.75,19.29
09/22/2017,19.27,"7,738,879",19.29,19.365,19.12
09/21/2017,19.32,"9,819,325",19.75,19.75,19.23
09/20/2017,19.77,"11,068,410",19.6,19.85,19.56
09/19/2017,19.56,"7,370,823",19.44,19.6,19.36
09/18/2017,19.39,"8,201,304",19.36,19.48,19.28
09/15/2017,19.36,"9,200,591",19.4,19.41,19.23
09/14/2017,19.34,"7,746,436",19.38,19.58,19.32
09/13/2017,19.44,"5,356,755",19.36,19.48,19.29
09/12/2017,19.36,"5,996,267",19.44,19.54,19.295
09/11/2017,19.44,"8,812,708",19.22,19.545,19.2
09/08/2017,19.14,"7,987,622",19.1,19.185,18.95
09/07/2017,19.14,"6,834,474",19.33,19.37,19.1
09/06/2017,19.33,"12,454,780",19.14,19.49,19.13
09/05/2017,19.35,"10,753,860",19.4,19.595,19.23
09/01/2017,19.36,"14,322,040",19.33,19.44,19.1
08/31/2017,19.33,"11,783,050",19.13,19.4,19.09
08/30/2017,19.07,"9,497,780",19.01,19.21,18.915
08/29/2017,19.02,"8,201,406",18.92,19.04,18.89
08/28/2017,19.01,"7,886,548",19.21,19.22,18.94
08/25/2017,19.17,"7,981,640",19.12,19.26,19.06
08/24/2017,19.05,"7,708,403",19.01,19.12,18.9
08/23/2017,19.01,"8,394,040",18.73,19.13,18.72
08/22/2017,18.79,"8,244,895",18.56,18.84,18.535
08/21/2017,18.55,"12,103,730",18.58,18.62,18.44
08/18/2017,18.55,"11,592,070",18.37,18.66,18.23
08/17/2017,18.4,"8,919,984",18.65,18.68,18.39
08/16/2017,18.71,"8,460,375",18.89,18.97,18.67
08/15/2017,18.85,"9,785,177",19.02,19.03,18.78
08/14/2017,19.03,"8,105,125",19.19,19.28,18.96
08/11/2017,19.07,"8,611,926",19.32,19.42,18.98
08/10/2017,19.39,"12,088,500",19.77,19.85,19.32
08/09/2017,19.75,"10,679,580",19.75,19.8,19.59
08/08/2017,19.75,"10,582,260",20.01,20.14,19.71
08/07/2017,20.15,"7,177,112",20.15,20.2,20.07
08/04/2017,20.2,"6,071,795",20.27,20.2901,20.15
08/03/2017,20.23,"8,985,365",20.27,20.34,20.145
08/02/2017,20.33,"6,268,106",20.2,20.35,20.1546
08/01/2017,20.35,"8,448,995",20.47,20.47,20.27
07/31/2017,20.43,"9,679,490",20.44,20.51,20.195
07/28/2017,20.4,"7,682,447",20.4,20.56,20.28
07/27/2017,20.47,"13,094,080",20.23,20.47,20.13
07/26/2017,20.34,"11,232,000",20.265,20.6,20.21
07/25/2017,20.25,"10,151,780",20.55,20.6,20.21
07/24/2017,20.33,"13,265,130",20.69,20.7,20.2641
07/21/2017,20.69,"17,069,830",20.51,20.79,20.42
07/20/2017,20.56,"34,742,870",20.65,21.25,20.35
07/19/2017,19.67,"10,376,650",19.5,19.69,19.43
07/18/2017,19.5,"7,203,195",19.6,19.61,19.355
07/17/2017,19.55,"8,329,549",19.55,19.665,19.5
07/14/2017,19.54,"10,701,260",19.38,19.62,19.33
07/13/2017,19.33,"5,926,634",19.41,19.45,19.275
07/12/2017,19.41,"9,497,455",19.35,19.5,19.25
07/11/2017,19.22,"9,269,771",19.06,19.23,18.9694
07/10/2017,19.08,"7,183,461",19.09,19.155,18.98
07/07/2017,19.17,"7,157,552",19.13,19.21,18.92
07/06/2017,19.13,"7,189,152",19.36,19.4346,19.1
07/05/2017,19.31,"8,669,090",19.44,19.48,19.21
07/03/2017,19.52,"6,358,775",19.17,19.65,19.165
06/30/2017,19.16,"13,034,600",19.15,19.25,18.98
06/29/2017,19.04,"11,997,620",19.09,19.245,18.93
06/28/2017,19.02,"13,047,730",19.0,19.1765,18.86
06/27/2017,18.91,"10,553,490",18.97,19.08,18.87
06/26/2017,18.88,"11,196,010",18.78,18.96,18.74
06/23/2017,18.79,"10,713,130",18.56,18.83,18.56
06/22/2017,18.58,"13,035,230",18.49,18.7,18.4
06/21/2017,18.51,"13,815,980",18.55,18.83,18.46
06/20/2017,18.52,"13,963,590",18.9,18.92,18.45
06/19/2017,19.06,"7,169,086",19.19,19.2659,19.01
06/16/2017,19.19,"16,112,280",18.99,19.2,18.85
06/15/2017,18.81,"10,248,120",18.92,19.03,18.77
06/14/2017,18.96,"13,729,120",19.21,19.24,18.8347
06/13/2017,19.23,"10,052,850",19.18,19.3,19.13
06/12/2017,19.13,"13,912,440",19.19,19.39,19.06
06/09/2017,19.08,"11,444,290",18.75,19.15,18.75
06/08/2017,18.76,"12,595,760",18.6,18.9,18.6
06/07/2017,18.68,"13,538,120",18.75,18.92,18.57
06/06/2017,18.8,"10,396,910",18.9,18.94,18.62
06/05/2017,18.96,"12,502,020",18.9,19.025,18.83
06/02/2017,18.95,"15,631,410",18.95,19.02,18.885
06/01/2017,18.99,"18,123,630",18.77,19.09,18.72
05/31/2017,18.76,"25,343,660",18.38,18.95,18.31
05/30/2017,18.42,"20,198,350",18.97,19.0,18.4
05/26/2017,19.25,"10,475,500",19.32,19.39,19.19
05/25/2017,19.42,"15,075,980",19.36,19.79,19.29
05/24/2017,19.37,"17,932,600",19.53,19.76,19.17
05/23/2017,19.52,"10,713,020",19.53,19.63,19.46
05/22/2017,19.51,"7,473,111",19.63,19.65,19.43
