date,close,volume,open,high,low
05/15/2026,70.9,"2,626,999",72.45,72.45,70.89
05/14/2026,72.45,"1,557,979",72.52,72.85,72.09
05/13/2026,72.3,"2,590,419",72.06,72.73,71.685
05/12/2026,72.59,"3,458,922",72.5,72.94,71.72
05/11/2026,72.47,"1,671,706",72.14,72.76,72.055
05/08/2026,71.76,"2,582,625",71.98,72.27,71.46
05/07/2026,71.69,"2,914,694",72.04,72.26,71.48
05/06/2026,72.31,"2,932,986",73.07,73.52,72.105
05/05/2026,73.07,"3,416,802",73.57,73.905,72.805
05/04/2026,73.68,"3,435,294",73.41,74.16,72.69
05/01/2026,74.06,"4,344,324",73.43,75.759,72.59
04/30/2026,73.43,"3,934,758",71.52,73.71,71.52
04/29/2026,72.0,"1,776,115",72.46,72.59,71.69
04/28/2026,72.46,"1,726,320",72.67,73.195,72.265
04/27/2026,72.42,"1,412,492",72.31,72.87,72.195
04/24/2026,72.31,"2,065,396",72.37,72.79,71.975
04/23/2026,72.63,"2,096,980",71.55,72.86,71.45
04/22/2026,70.96,"1,852,193",71.6,72.02,70.61
04/21/2026,71.14,"1,904,913",72.55,73.27,71.1
04/20/2026,72.4,"1,722,396",72.695,73.32,72.27
04/17/2026,72.83,"1,784,721",72.47,72.9185,71.73
04/16/2026,72.77,"2,130,189",71.93,72.83,71.89
04/15/2026,72.18,"2,082,960",71.99,72.38,71.37
04/14/2026,72.3,"1,501,168",72.51,72.52,71.65
04/13/2026,72.51,"1,822,663",73.14,73.3492,71.98
04/10/2026,73.1,"2,036,094",73.4,73.775,72.865
04/09/2026,73.72,"1,730,801",72.99,74.4,72.93
04/08/2026,72.99,"1,537,426",72.26,73.0,71.56
04/07/2026,72.65,"1,538,172",72.1,73.14,72.1
04/06/2026,72.45,"1,345,711",72.5,72.99,72.34
04/02/2026,72.85,"1,668,441",72.14,72.99,71.89
04/01/2026,71.94,"1,823,063",71.36,72.35,71.32
03/31/2026,71.76,"2,376,518",71.55,71.835,70.56
03/30/2026,71.49,"1,781,442",71.51,71.81,71.1
03/27/2026,70.52,"2,057,256",70.34,71.25,70.05
03/26/2026,70.26,"1,342,349",69.77,70.475,69.63
03/25/2026,69.77,"1,333,912",70.0,70.38,69.485
03/24/2026,69.66,"1,680,756",68.93,70.45,68.86
03/23/2026,69.17,"3,150,478",69.9,69.9,68.71
03/20/2026,68.71,"4,456,921",71.04,71.56,68.11
03/19/2026,71.32,"1,962,478",71.78,72.23,70.6
03/18/2026,71.76,"1,802,686",72.27,72.35,71.72
03/17/2026,72.63,"1,368,506",73.34,73.36,72.465
03/16/2026,73.03,"1,704,487",73.41,73.41,72.71
03/13/2026,72.79,"1,680,242",72.31,72.96,72.135
03/12/2026,71.57,"2,503,807",70.59,72.37,70.59
03/11/2026,70.81,"2,271,200",71.19,71.62,70.62
03/10/2026,71.04,"2,150,394",71.23,71.87,70.9
03/09/2026,71.61,"2,144,185",71.55,71.75,70.67
03/06/2026,71.55,"2,213,178",71.05,71.77,70.8
03/05/2026,71.34,"2,672,083",71.76,72.19,70.92
03/04/2026,72.3,"1,858,146",72.03,72.43,71.37
03/03/2026,72.23,"2,795,889",71.51,72.65,70.8
03/02/2026,72.33,"2,980,052",72.1,72.63,71.87
02/27/2026,72.34,"5,649,795",71.66,72.4,71.425
02/26/2026,71.45,"7,931,087",71.55,71.875,71.0
02/25/2026,71.26,"3,107,085",71.85,72.24,70.37
02/24/2026,71.63,"2,911,165",71.95,72.0976,70.67
02/23/2026,71.91,"3,943,217",71.38,72.2,71.225
02/20/2026,71.01,"4,015,054",71.42,71.635,70.0
02/19/2026,70.01,"3,342,442",69.79,70.55,69.745
02/18/2026,69.53,"2,799,421",71.1,71.32,69.5
02/17/2026,71.1,"2,725,659",71.825,72.255,70.97
02/13/2026,71.19,"2,761,852",69.66,71.38,69.66
02/12/2026,69.68,"3,093,352",68.69,70.26,68.64
02/11/2026,68.23,"1,642,817",68.03,68.48,67.68
02/10/2026,68.01,"2,497,614",67.15,68.61,66.89
02/09/2026,66.9,"1,707,446",66.53,66.98,66.15
02/06/2026,66.69,"4,807,292",67.53,67.53,66.08
02/05/2026,66.83,"3,232,903",67.2,67.56,66.55
02/04/2026,66.75,"3,706,486",66.915,67.32,66.58
02/03/2026,66.53,"3,097,726",65.12,66.57,65.12
02/02/2026,65.11,"2,975,738",65.91,66.23,64.93
01/30/2026,65.91,"2,678,352",65.68,65.95,65.2
01/29/2026,66.33,"4,587,119",66.26,66.94,65.73
01/28/2026,66.26,"3,204,556",67.19,67.499,66.18
01/27/2026,67.19,"1,859,710",66.87,67.585,66.8
01/26/2026,67.01,"1,842,246",66.85,67.565,66.69
01/23/2026,66.83,"2,395,596",66.75,66.86,65.87
01/22/2026,66.87,"1,869,749",67.41,67.66,66.54
01/21/2026,67.44,"2,837,810",67.74,67.8,66.84
01/20/2026,67.28,"1,902,372",67.54,67.54,66.67
01/16/2026,67.34,"2,083,814",66.77,67.63,66.54
01/15/2026,67.06,"2,146,839",67.05,67.33,66.6301
01/14/2026,66.86,"1,962,359",66.17,67.02,66.17
01/13/2026,66.17,"2,570,476",65.81,66.33,65.24
01/12/2026,65.17,"1,784,041",65.02,65.45,64.8
01/09/2026,65.02,"2,049,811",65.37,66.085,65.0
01/08/2026,65.55,"2,533,969",64.63,65.56,64.6
01/07/2026,64.6,"2,596,674",65.5,65.575,64.34
01/06/2026,65.38,"1,595,215",64.9,65.47,64.75
01/05/2026,64.9,"2,571,243",65.25,65.47,63.87
01/02/2026,65.59,"1,354,400",65.01,66.03,64.64
12/31/2025,65.01,"1,132,887",65.52,65.62,65.0
12/30/2025,65.42,"854,453",65.42,65.66,65.27
12/29/2025,65.42,"1,080,450",65.41,65.73,65.23
12/26/2025,65.24,"1,004,344",65.36,65.38,64.969
12/24/2025,65.45,"718,668",65.15,65.48,64.98
12/23/2025,65.26,"1,525,593",65.04,65.33,64.8001
12/22/2025,65.03,"2,132,273",64.48,65.15,64.2957
12/19/2025,64.63,"3,877,919",65.42,65.7,64.53
12/18/2025,65.69,"1,611,069",65.6,66.04,65.565
12/17/2025,65.48,"2,198,399",65.12,65.67,64.87
12/16/2025,65.26,"1,456,687",65.84,65.89,65.01
12/15/2025,65.63,"1,744,246",65.6,65.7875,65.14
12/12/2025,65.33,"1,530,045",65.3,65.585,65.09
12/11/2025,64.93,"1,388,909",65.01,65.66,64.8
12/10/2025,64.81,"3,338,574",65.0,65.545,64.59
12/09/2025,64.89,"1,296,533",64.965,65.45,64.72
12/08/2025,64.78,"1,920,921",65.5,65.67,64.7
12/05/2025,65.5,"1,306,677",65.72,65.885,65.25
12/04/2025,65.71,"2,795,376",66.12,66.575,65.48
12/03/2025,66.38,"2,336,866",66.59,66.685,65.85
12/02/2025,66.53,"1,868,714",67.71,67.71,66.52
12/01/2025,67.6,"2,177,849",69.22,69.42,67.53
11/28/2025,69.47,"950,885",69.45,69.59,69.16
11/26/2025,69.18,"1,578,736",68.68,69.31,68.6
11/25/2025,68.48,"1,561,631",68.52,68.85,67.87
11/24/2025,68.41,"2,004,979",68.27,68.545,67.64
11/21/2025,68.27,"2,225,413",67.62,68.47,67.405
11/20/2025,67.47,"2,624,900",67.54,67.97,67.325
11/19/2025,67.22,"1,783,817",68.02,68.09,67.1
11/18/2025,68.09,"1,999,293",68.43,68.785,67.84
11/17/2025,68.1,"1,619,708",67.52,68.3,67.455
11/14/2025,67.33,"1,451,575",67.51,67.74,67.1
11/13/2025,67.42,"1,771,777",68.03,68.26,67.3
11/12/2025,68.14,"1,895,799",67.96,68.45,67.77
11/11/2025,68.02,"2,515,375",67.34,68.1,67.11
11/10/2025,66.96,"1,879,094",67.19,67.45,66.6447
11/07/2025,67.34,"5,146,362",66.78,68.24,65.78
11/06/2025,66.74,"2,143,528",66.76,67.47,66.7
11/05/2025,66.85,"2,610,848",66.51,67.175,66.4
11/04/2025,66.59,"3,326,281",66.77,66.79,66.2
11/03/2025,66.47,"2,968,058",66.365,66.68,65.925
10/31/2025,66.82,"2,113,764",67.35,67.35,66.66
10/30/2025,67.93,"2,191,603",67.82,68.49,67.76
10/29/2025,67.79,"2,768,800",67.91,68.2399,67.53
10/28/2025,67.98,"2,342,493",68.71,68.835,67.74
10/27/2025,68.86,"1,673,539",68.92,69.285,68.04
10/24/2025,68.97,"3,364,446",69.34,69.75,68.91
10/23/2025,68.6,"3,381,744",68.88,69.025,68.03
10/22/2025,68.56,"2,016,997",68.54,68.77,68.1
10/21/2025,68.22,"1,766,420",68.59,68.95,67.785
10/20/2025,68.59,"1,563,263",68.45,68.67,68.06
10/17/2025,68.07,"2,052,610",68.05,68.27,67.73
10/16/2025,67.6,"2,323,101",68.46,69.16,67.46
10/15/2025,68.63,"1,707,100",68.41,68.8,68.3
10/14/2025,68.33,"1,816,665",68.04,68.61,67.775
10/13/2025,67.66,"1,449,257",67.64,68.24,67.32
10/10/2025,67.75,"1,907,404",67.55,68.315,67.39
10/09/2025,67.24,"1,481,241",68.04,68.04,67.16
10/08/2025,67.87,"1,530,074",68.52,68.52,67.31
10/07/2025,68.07,"1,898,149",68.17,68.5,67.68
10/06/2025,68.12,"2,723,909",66.81,68.19,66.77
10/03/2025,66.8,"1,782,134",66.3,67.15,66.23
10/02/2025,66.31,"2,247,372",66.65,66.88,66.14
10/01/2025,67.11,"1,248,908",67.37,67.55,66.95
09/30/2025,67.41,"1,663,649",66.6,67.54,66.45
09/29/2025,66.78,"1,997,317",66.16,66.91,65.82
09/26/2025,66.07,"1,760,037",65.49,66.25,65.49
09/25/2025,65.2,"2,233,956",65.47,65.935,65.07
09/24/2025,65.47,"2,023,740",64.99,65.54,64.73
09/23/2025,64.84,"1,510,271",64.08,64.89,63.98
09/22/2025,64.22,"1,340,384",64.16,64.37,63.7
09/19/2025,64.17,"2,539,593",63.96,64.479,63.5
09/18/2025,63.78,"1,143,432",63.67,64.15,63.28
09/17/2025,63.86,"1,944,864",63.99,64.43,63.78
09/16/2025,63.62,"1,632,508",64.54,64.67,63.54
09/15/2025,64.73,"862,147",64.86,65.0375,64.69
09/12/2025,64.86,"1,127,278",64.44,65.04,64.44
09/11/2025,64.66,"1,588,811",63.96,64.78,63.75
09/10/2025,63.99,"1,612,669",64.01,64.35,63.74
09/09/2025,64.01,"1,656,314",63.78,64.24,63.62
09/08/2025,64.05,"1,911,850",64.68,64.72,63.7
09/05/2025,64.62,"1,609,180",64.92,64.985,64.21
09/04/2025,64.72,"2,086,442",64.85,65.135,64.31
09/03/2025,64.52,"1,600,792",64.44,64.83,64.17
09/02/2025,64.66,"1,701,395",64.66,65.02,64.38
08/29/2025,65.07,"1,669,629",65.1,65.46,64.75
08/28/2025,65.02,"1,626,494",65.83,65.835,64.87
08/27/2025,65.8,"1,634,301",65.75,65.98,65.49
08/26/2025,65.71,"1,836,549",66.1,66.2225,65.58
08/25/2025,66.18,"1,486,933",66.67,66.99,66.0
08/22/2025,66.97,"2,248,226",66.57,67.11,66.4
08/21/2025,66.11,"1,921,956",66.11,66.555,65.85
08/20/2025,66.33,"2,294,842",66.34,67.02,66.04
08/19/2025,66.02,"2,239,215",64.56,66.05,64.45
08/18/2025,64.43,"3,168,133",64.86,65.2,64.395
08/15/2025,64.62,"3,185,617",64.76,64.865,64.0
08/14/2025,64.72,"2,288,721",65.45,65.94,64.66
08/13/2025,65.37,"1,217,924",64.86,65.4,64.61
08/12/2025,64.8,"2,316,181",65.61,65.61,64.16
08/11/2025,65.32,"1,599,562",66.09,66.09,65.01
08/08/2025,65.64,"1,923,941",66.7,66.76,65.505
08/07/2025,66.12,"2,278,355",66.15,66.36,65.749
08/06/2025,65.77,"1,541,681",66.12,66.365,65.64
08/05/2025,66.07,"1,897,814",66.34,66.55,65.86
08/04/2025,66.34,"2,338,171",65.53,66.62,65.43
08/01/2025,65.47,"1,626,943",65.33,65.68,64.79
07/31/2025,65.01,"2,357,826",64.14,65.17,64.06
07/30/2025,65.0,"1,941,156",64.57,65.745,64.5
07/29/2025,64.5,"1,406,550",64.18,64.61,63.76
07/28/2025,63.83,"1,133,641",64.83,64.83,63.8
07/25/2025,64.94,"1,417,865",65.25,65.37,64.68
07/24/2025,65.21,"1,303,968",64.93,65.41,64.62
07/23/2025,64.85,"2,407,350",65.74,66.05,64.41
07/22/2025,65.74,"2,482,821",64.77,65.775,64.605
07/21/2025,64.56,"1,740,816",64.13,64.73,63.99
07/18/2025,64.13,"2,687,445",63.62,64.56,63.6
07/17/2025,63.22,"1,569,218",62.72,63.3,62.305
07/16/2025,62.87,"1,918,066",61.94,62.94,61.795
07/15/2025,61.85,"1,458,529",62.35,62.59,61.61
07/14/2025,62.59,"1,637,684",61.97,62.64,61.95
07/11/2025,62.08,"1,233,000",62.155,62.5,61.795
07/10/2025,62.6,"1,799,655",61.24,62.92,61.24
07/09/2025,61.72,"1,788,070",61.46,61.89,60.91
07/08/2025,61.26,"2,569,977",61.53,61.71,60.84
07/07/2025,61.95,"2,394,011",61.97,62.2,61.44
07/03/2025,61.53,"1,893,425",60.91,61.92,60.72
07/02/2025,60.76,"1,607,627",61.42,61.45,60.3089
07/01/2025,61.36,"3,117,887",60.51,61.775,59.98
06/30/2025,60.47,"2,615,739",60.06,60.535,59.82
06/27/2025,60.35,"2,405,886",60.32,60.72,60.13
06/26/2025,60.32,"1,297,440",60.33,60.53,59.97
06/25/2025,60.09,"1,489,298",60.91,60.96,59.9
06/24/2025,61.16,"1,435,804",61.59,61.59,61.095
06/23/2025,61.34,"1,596,901",60.88,61.47,60.76
06/20/2025,60.54,"2,577,690",60.18,60.91,59.91
06/18/2025,60.01,"1,178,331",60.19,60.3999,59.87
06/17/2025,60.09,"1,812,170",60.33,60.409,59.62
06/16/2025,60.46,"1,835,352",61.2,61.63,60.16
06/13/2025,61.08,"1,694,166",61.53,61.58,60.89
06/12/2025,61.53,"1,317,891",61.15,61.57,61.075
06/11/2025,61.13,"1,627,062",61.08,61.23,60.6
06/10/2025,60.86,"1,489,157",60.62,60.87,60.34
06/09/2025,60.48,"1,785,787",60.34,60.91,60.02
06/06/2025,60.48,"1,340,926",60.36,60.6,59.97
06/05/2025,60.32,"1,793,537",60.68,60.69,60.16
06/04/2025,60.68,"2,543,995",61.83,61.83,60.64
06/03/2025,61.94,"2,024,801",62.24,62.46,61.32
06/02/2025,62.07,"1,720,489",61.9,62.13,61.5
05/30/2025,62.23,"2,276,488",61.91,62.44,61.84
05/29/2025,61.85,"928,348",61.32,61.89,61.05
05/28/2025,61.36,"1,372,774",62.28,62.375,61.11
05/27/2025,62.25,"1,649,076",62.17,62.4808,61.86
05/23/2025,61.72,"1,161,412",61.61,61.79,60.71
05/22/2025,61.21,"2,477,616",61.27,61.58,60.39
05/21/2025,61.86,"2,332,283",63.02,63.02,61.78
05/20/2025,63.16,"2,548,788",63.55,63.94,63.1
05/19/2025,63.09,"2,345,145",62.0,63.12,61.95
05/16/2025,62.48,"2,876,638",61.78,62.51,61.49
05/15/2025,61.71,"2,766,861",60.78,61.74,60.505
05/14/2025,60.47,"2,641,146",60.5,60.59,59.57
05/13/2025,60.46,"6,083,272",59.5,60.645,59.06
05/12/2025,59.52,"4,755,721",61.22,61.355,58.975
05/09/2025,61.76,"3,255,142",61.11,62.65,60.675
05/08/2025,61.11,"2,670,729",61.73,62.04,60.96
05/07/2025,61.8,"2,148,153",61.12,62.165,60.81
05/06/2025,61.11,"1,974,762",60.65,61.609,60.51
05/05/2025,60.99,"1,441,803",60.98,61.195,60.46
05/02/2025,61.17,"1,318,950",60.92,61.33,60.195
05/01/2025,60.55,"1,562,504",60.93,61.66,60.3
04/30/2025,61.04,"2,296,650",61.18,61.47,59.925
04/29/2025,61.61,"1,320,575",60.68,61.8,60.48
04/28/2025,60.9,"1,749,754",60.74,61.04,60.14
04/25/2025,60.74,"1,328,551",61.43,61.43,60.35
04/24/2025,61.33,"1,513,671",61.16,61.72,60.865
04/23/2025,61.23,"2,636,501",60.85,61.49,60.3
04/22/2025,61.03,"2,164,179",59.5,61.07,59.31
04/21/2025,59.29,"1,822,232",60.8,60.92,58.67
04/17/2025,60.8,"2,462,917",60.67,61.7725,60.29
04/16/2025,60.42,"1,945,372",61.78,61.93,60.275
04/15/2025,61.6,"1,651,583",61.99,62.375,61.51
04/14/2025,61.81,"1,867,395",60.8,62.21,60.55
04/11/2025,60.59,"1,527,863",60.29,60.9,59.29
04/10/2025,60.21,"1,859,318",60.39,61.14,59.04
04/09/2025,60.42,"2,672,347",58.21,60.57,57.09
04/08/2025,58.79,"3,188,553",60.38,61.11,58.2
04/07/2025,59.81,"3,748,791",61.51,61.51,58.8025
04/04/2025,61.36,"3,087,928",64.97,65.17,60.91
04/03/2025,64.85,"1,924,037",65.1,65.72,64.5127
04/02/2025,64.49,"1,253,470",64.66,64.9,63.935
04/01/2025,64.42,"1,420,096",64.02,64.56,63.86
03/31/2025,64.35,"2,144,014",63.99,64.745,63.63
03/28/2025,63.58,"2,369,765",63.62,64.07,63.29
03/27/2025,63.12,"1,318,025",62.94,63.51,62.785
03/26/2025,62.86,"2,150,991",62.14,63.28,62.14
03/25/2025,62.1,"1,881,587",62.84,62.895,61.73
03/24/2025,62.98,"1,393,362",63.31,63.61,62.92
03/21/2025,63.05,"3,631,046",63.5,63.91,62.58
03/20/2025,63.55,"1,780,793",63.44,63.72,63.2
03/19/2025,63.51,"1,502,625",63.24,63.68,62.93
03/18/2025,63.35,"2,028,227",63.34,63.5,62.84
03/17/2025,63.53,"2,907,197",62.96,64.2,62.915
03/14/2025,62.95,"1,888,818",62.36,63.02,61.88
03/13/2025,62.23,"1,948,137",62.24,62.92,61.88
03/12/2025,62.18,"1,416,671",62.21,62.88,62.07
03/11/2025,62.62,"2,224,751",63.4,63.81,62.47
03/10/2025,63.27,"3,181,294",62.6,64.28,62.51
03/07/2025,62.49,"3,130,567",62.16,62.98,62.0
03/06/2025,62.2,"2,851,329",63.09,63.2149,62.08
03/05/2025,63.44,"2,091,357",64.0,64.57,63.27
03/04/2025,64.26,"2,405,048",66.53,66.54,64.21
03/03/2025,66.04,"2,296,508",64.49,66.15,64.49
02/28/2025,64.53,"1,921,836",64.14,64.76,63.77
02/27/2025,63.85,"2,104,915",63.63,64.35,63.31
02/26/2025,63.98,"1,941,034",63.57,64.05,63.3
02/25/2025,63.75,"2,856,142",64.0,64.1492,63.395
02/24/2025,63.85,"3,474,953",63.1,63.97,62.6
02/21/2025,62.81,"3,902,912",61.49,63.3,61.32
02/20/2025,61.62,"3,247,059",61.88,61.9,61.12
02/19/2025,61.64,"2,000,107",61.67,61.935,61.48
02/18/2025,61.67,"2,466,237",61.33,62.04,61.02
02/14/2025,61.33,"2,146,363",61.31,62.08,61.12
02/13/2025,61.1,"2,070,905",60.59,61.45,60.5
02/12/2025,60.63,"1,733,830",59.61,60.725,59.44
02/11/2025,60.31,"1,523,712",59.72,60.355,59.21
02/10/2025,59.87,"1,098,786",59.63,59.98,59.07
02/07/2025,59.47,"1,107,633",59.5,59.68,59.115
02/06/2025,59.54,"1,115,101",59.91,60.0299,59.22
02/05/2025,59.73,"1,359,627",59.68,60.11,59.37
02/04/2025,59.24,"1,073,724",58.83,59.52,58.355
02/03/2025,59.27,"1,862,666",58.53,59.375,58.095
01/31/2025,58.88,"1,741,961",58.91,59.25,58.64
01/30/2025,59.34,"1,047,290",59.12,59.5999,58.84
01/29/2025,58.59,"971,127",58.81,59.36,58.56
01/28/2025,58.87,"1,277,730",59.86,59.92,58.62
01/27/2025,60.0,"2,493,780",59.38,60.03,58.31
01/24/2025,58.77,"1,345,335",58.63,59.08,58.45
01/23/2025,58.69,"1,429,737",59.02,59.21,58.55
01/22/2025,59.09,"1,293,655",60.66,60.835,59.045
01/21/2025,61.0,"1,552,572",61.24,61.93,60.77
01/17/2025,60.55,"1,697,669",60.22,60.73,59.955
01/16/2025,60.07,"1,233,843",58.61,60.11,58.3
01/15/2025,58.47,"1,419,013",58.3,58.87,58.14
01/14/2025,57.79,"1,565,066",56.83,57.86,56.81
01/13/2025,56.98,"1,388,156",56.78,57.17,56.3
01/10/2025,56.66,"1,381,048",57.83,57.93,56.64
01/08/2025,58.2,"1,174,109",57.28,58.25,56.87
01/07/2025,57.36,"1,260,768",57.18,57.935,57.06
01/06/2025,57.31,"2,018,676",58.02,58.23,57.13
01/03/2025,58.34,"1,440,685",58.71,58.72,58.23
01/02/2025,58.51,"1,008,998",59.31,59.73,58.45
12/31/2024,59.14,"864,721",59.53,59.7,58.83
12/30/2024,59.33,"1,267,256",59.53,59.53,58.84
12/27/2024,59.54,"728,937",59.28,60.085,58.64
12/26/2024,59.65,"844,458",59.38,59.83,59.3
12/24/2024,59.62,"397,346",59.22,59.63,59.005
12/23/2024,59.26,"1,239,225",58.73,59.325,58.33
12/20/2024,58.95,"2,617,740",58.48,59.1,58.37
12/19/2024,58.26,"1,730,250",57.89,59.08,57.89
12/18/2024,58.15,"2,036,951",59.62,59.71,58.11
12/17/2024,59.57,"1,509,017",59.52,59.93,59.25
12/16/2024,59.88,"1,382,371",60.41,60.735,59.85
12/13/2024,60.45,"855,918",60.51,60.94,60.31
12/12/2024,60.47,"1,264,824",60.39,60.7,59.91
12/11/2024,60.41,"1,251,243",60.8,60.82,60.24
12/10/2024,60.7,"1,052,250",60.65,61.05,59.71
12/09/2024,60.91,"1,387,059",60.85,61.1613,60.63
12/06/2024,61.06,"1,773,094",61.57,61.68,60.8
12/05/2024,61.54,"1,232,839",61.58,62.12,61.24
12/04/2024,61.78,"1,488,403",61.95,62.12,61.57
12/03/2024,61.83,"1,165,683",62.66,62.815,61.81
12/02/2024,62.28,"1,368,444",63.2,63.38,61.895
11/29/2024,63.2,"838,038",63.33,63.572,63.11
11/27/2024,63.59,"1,383,219",63.72,64.05,63.37
11/26/2024,63.34,"1,715,232",63.91,63.92,63.08
11/25/2024,63.63,"2,362,816",63.84,64.19,63.14
11/22/2024,63.32,"1,461,840",63.57,63.625,63.13
11/21/2024,63.2,"1,367,365",62.23,63.27,62.01
11/20/2024,62.23,"1,352,452",62.23,62.59,61.67
11/19/2024,62.25,"1,423,239",61.49,62.315,61.13
11/18/2024,61.81,"2,047,985",60.79,61.93,60.69
11/15/2024,60.98,"2,284,814",59.45,61.04,59.4
11/14/2024,59.5,"2,019,784",60.16,60.24,59.44
11/13/2024,60.14,"1,751,149",60.08,60.23,59.36
11/12/2024,59.93,"2,733,270",59.92,60.525,59.78
11/11/2024,59.92,"3,295,053",57.78,60.02,57.78
11/08/2024,57.75,"2,340,475",56.43,57.98,56.2
11/07/2024,56.24,"2,424,859",57.05,57.34,56.08
11/06/2024,57.0,"2,482,551",57.49,57.56,56.255
11/05/2024,58.12,"1,496,594",57.34,58.17,57.22
11/04/2024,57.51,"2,404,078",57.56,58.135,57.0
11/01/2024,57.74,"3,222,744",58.84,59.67,57.36
10/31/2024,60.0,"3,108,127",58.94,60.455,58.94
10/30/2024,59.28,"1,825,082",59.82,60.06,59.135
10/29/2024,59.7,"1,847,056",60.55,60.69,59.67
10/28/2024,61.14,"1,175,252",60.98,61.335,60.93
10/25/2024,60.74,"976,384",62.13,62.14,60.68
10/24/2024,61.91,"1,049,826",61.92,62.14,61.61
10/23/2024,61.92,"1,082,087",61.09,61.94,60.92
10/22/2024,61.04,"1,272,619",60.96,61.32,60.73
10/21/2024,61.36,"973,077",62.23,62.235,61.32
10/18/2024,62.17,"1,212,419",61.83,62.35,61.59
10/17/2024,61.98,"1,585,409",62.34,62.49,61.9
10/16/2024,62.29,"1,760,564",61.155,62.42,61.12
10/15/2024,61.08,"1,615,450",60.88,61.65,60.73
10/14/2024,60.38,"977,565",59.82,60.48,59.64
10/11/2024,59.67,"1,120,833",58.98,59.75,58.98
10/10/2024,58.98,"1,103,891",59.67,59.985,58.93
10/09/2024,59.56,"1,130,976",59.61,60.02,59.29
10/08/2024,59.59,"1,664,056",59.45,59.94,59.33
10/07/2024,59.34,"1,440,408",59.8,59.92,59.2
10/04/2024,60.19,"935,730",60.26,60.37,59.73
10/03/2024,60.57,"898,368",60.64,60.93,60.4
10/02/2024,60.59,"1,456,119",60.49,61.0152,60.4
10/01/2024,61.02,"1,609,479",60.47,61.09,60.145
09/30/2024,60.69,"1,538,002",60.74,61.04,60.24
09/27/2024,60.74,"1,074,692",60.16,60.86,59.93
09/26/2024,59.9,"1,046,023",59.91,60.51,59.725
09/25/2024,59.95,"1,179,703",60.38,60.38,59.72
09/24/2024,60.05,"924,653",59.83,60.76,59.51
09/23/2024,60.35,"1,103,759",60.03,60.405,59.85
09/20/2024,59.72,"3,115,330",59.79,60.055,59.49
09/19/2024,59.75,"1,462,759",59.98,60.11,59.34
09/18/2024,60.33,"1,331,545",60.11,60.55,59.95
09/17/2024,60.31,"1,054,612",60.35,60.67,60.15
09/16/2024,60.51,"1,439,191",59.9,60.51,59.74
09/13/2024,59.65,"797,739",59.15,59.66,58.8
09/12/2024,58.91,"951,980",59.04,59.3,58.51
09/11/2024,59.0,"1,067,532",59.08,59.22,58.51
09/10/2024,59.35,"1,107,472",59.25,59.51,59.02
09/09/2024,59.25,"901,648",58.77,59.26,58.56
09/06/2024,58.58,"996,060",59.03,59.06,58.505
09/05/2024,58.97,"1,126,122",59.8,59.8,58.78
09/04/2024,59.13,"1,149,675",58.95,59.48,58.71
09/03/2024,58.79,"1,276,264",58.4,59.22,58.24
08/30/2024,58.27,"1,096,701",58.035,58.41,57.79
08/29/2024,57.95,"741,633",57.73,57.98,57.24
08/28/2024,57.8,"972,109",57.68,58.15,57.62
08/27/2024,57.59,"663,993",58.18,58.25,57.55
08/26/2024,58.22,"683,601",58.24,58.49,58.04
08/23/2024,58.03,"630,258",57.93,58.25,57.74
08/22/2024,57.87,"950,191",57.91,58.05,57.51
08/21/2024,57.8,"691,243",57.64,57.93,57.5
08/20/2024,57.54,"761,071",57.67,57.89,57.37
08/19/2024,57.67,"776,287",57.5,57.84,57.46
08/16/2024,57.37,"1,435,950",56.96,57.64,56.77
08/15/2024,56.94,"1,694,483",56.18,56.95,56.11
08/14/2024,56.48,"1,604,103",56.13,57.03,55.98
08/13/2024,56.26,"1,368,130",56.58,56.59,55.88
08/12/2024,55.96,"865,601",55.98,56.26,55.56
08/09/2024,56.07,"1,243,045",55.77,56.15,55.17
08/08/2024,55.9,"964,527",55.56,56.3,55.46
08/07/2024,55.93,"1,302,438",56.03,56.72,55.72
08/06/2024,55.74,"1,653,521",55.3,56.4,55.3
08/05/2024,55.23,"1,744,891",58.03,58.24,55.19
08/02/2024,57.11,"2,275,182",58.47,58.69,56.11
08/01/2024,56.61,"2,082,916",55.91,56.74,55.81
07/31/2024,55.66,"2,770,755",55.93,55.99,54.984
07/30/2024,56.13,"1,675,087",55.68,56.21,55.59
07/29/2024,55.88,"1,256,770",56.13,56.175,55.515
07/26/2024,56.01,"1,263,404",56.09,56.2,55.67
07/25/2024,55.84,"1,556,088",56.05,56.79,55.42
07/24/2024,55.66,"1,128,901",54.9,55.84,54.815
07/23/2024,54.65,"1,089,631",55.0,55.12,54.61
07/22/2024,55.0,"1,185,319",54.96,55.36,54.81
07/19/2024,54.84,"1,790,649",55.13,55.28,54.555
07/18/2024,55.01,"1,735,127",55.35,56.3,54.95
07/17/2024,55.55,"2,078,297",54.97,55.95,54.91
07/16/2024,54.66,"1,528,748",53.85,54.71,53.57
07/15/2024,53.54,"1,015,706",53.3,53.59,53.12
07/12/2024,53.87,"1,090,439",53.49,54.19,53.38
07/11/2024,53.31,"1,907,117",52.14,53.57,52.12
07/10/2024,52.0,"1,541,915",51.98,52.115,51.44
07/09/2024,51.67,"1,235,273",51.48,51.88,51.2675
07/08/2024,51.39,"1,491,226",51.59,51.65,51.23
07/05/2024,51.59,"1,928,509",50.91,51.75,50.76
07/03/2024,50.81,"568,398",51.04,51.45,50.81
07/02/2024,51.1,"1,351,639",50.98,51.48,50.915
07/01/2024,50.74,"1,301,912",51.08,51.58,50.53
06/28/2024,50.9,"2,152,646",51.26,51.26,50.705
06/27/2024,51.08,"1,031,363",50.47,51.125,50.335
06/26/2024,50.46,"1,407,380",50.36,50.54,50.01
06/25/2024,50.54,"1,511,467",51.09,51.09,50.32
06/24/2024,51.13,"1,750,061",50.99,51.48,50.91
06/21/2024,50.95,"3,960,641",51.09,51.47,50.92
06/20/2024,50.99,"2,880,208",49.67,51.06,49.57
06/18/2024,49.62,"1,234,755",49.67,50.07,49.49
06/17/2024,49.67,"1,316,086",49.58,50.17,49.4
06/14/2024,49.84,"949,338",49.65,49.91,49.44
06/13/2024,49.84,"1,129,335",49.76,50.08,49.245
06/12/2024,49.85,"1,143,630",50.81,50.82,49.65
06/11/2024,50.19,"1,059,899",49.76,50.25,49.45
06/10/2024,50.15,"1,236,303",50.09,50.31,49.86
06/07/2024,50.13,"1,078,296",50.01,50.355,49.97
06/06/2024,50.55,"1,399,015",50.9,51.43,50.48
06/05/2024,51.11,"1,212,479",51.67,51.72,50.95
06/04/2024,51.78,"1,748,976",51.04,52.03,50.87
06/03/2024,51.1,"1,608,392",51.3,51.7,50.985
05/31/2024,51.49,"1,916,105",50.33,51.53,50.23
05/30/2024,50.16,"1,338,747",49.55,50.19,49.405
05/29/2024,49.36,"1,257,633",49.46,49.475,49.045
05/28/2024,49.87,"1,405,803",50.15,50.53,49.78
05/24/2024,49.95,"927,704",50.17,50.2978,49.73
05/23/2024,50.01,"1,240,876",50.87,50.9305,49.98
05/22/2024,51.17,"1,070,128",51.82,51.98,51.13
05/21/2024,52.12,"1,238,830",51.78,52.31,51.7
05/20/2024,51.78,"986,477",51.98,52.04,51.66
05/17/2024,51.97,"1,040,309",51.93,52.07,51.67
05/16/2024,51.97,"1,320,474",52.05,52.3,51.81
05/15/2024,51.99,"1,682,145",51.89,52.12,51.62
05/14/2024,51.36,"1,395,349",51.64,51.735,51.11
05/13/2024,51.34,"1,063,768",51.61,51.955,51.265
05/10/2024,51.33,"1,503,946",51.71,51.8,51.2325
05/09/2024,51.7,"1,070,574",51.15,51.745,51.0
05/08/2024,51.21,"1,507,841",50.94,51.39,50.74
05/07/2024,51.13,"1,736,924",50.79,51.215,50.52
05/06/2024,50.5,"1,281,938",50.96,51.03,50.26
05/03/2024,50.85,"2,143,657",50.85,51.77,49.945
05/02/2024,50.85,"1,983,023",50.69,50.85,50.26
05/01/2024,50.36,"1,953,447",49.55,50.9,49.46
04/30/2024,49.8,"2,294,767",49.55,50.095,49.13
04/29/2024,49.77,"1,661,569",49.31,49.79,49.28
04/26/2024,49.59,"1,661,302",50.25,50.3,49.47
04/25/2024,50.23,"1,312,200",50.26,50.53,49.7
04/24/2024,50.37,"1,336,242",49.34,50.509,49.19
04/23/2024,49.97,"1,644,248",49.78,50.32,49.69
04/22/2024,49.89,"1,457,393",49.58,50.155,49.24
04/19/2024,49.82,"1,382,470",48.96,49.92,48.945
04/18/2024,48.84,"1,131,873",48.59,48.945,48.25
04/17/2024,48.42,"1,673,675",47.78,48.53,47.62
04/16/2024,47.4,"1,773,827",47.96,48.1,47.23
04/15/2024,48.0,"1,913,292",48.13,48.51,47.825
04/12/2024,48.0,"1,581,103",48.53,48.695,47.76
04/11/2024,48.48,"2,020,052",48.78,48.95,47.9
04/10/2024,48.68,"2,048,711",49.07,49.175,48.21
04/09/2024,49.99,"990,364",49.68,50.0,49.54
04/08/2024,49.45,"1,329,017",48.78,49.595,48.66
04/05/2024,48.85,"1,820,777",48.97,48.97,48.41
04/04/2024,49.13,"1,840,228",49.79,49.86,48.64
04/03/2024,49.45,"1,317,828",49.9,50.04,49.405
04/02/2024,49.97,"1,259,192",49.68,50.34,49.68
04/01/2024,49.68,"1,194,238",50.61,50.61,49.605
03/28/2024,50.4,"2,540,569",49.8,50.48,49.72
03/27/2024,49.77,"2,252,545",48.38,49.79,48.365
03/26/2024,48.26,"1,579,862",48.67,48.725,48.02
03/25/2024,48.63,"975,508",48.72,48.94,48.39
03/22/2024,48.67,"1,431,508",49.17,49.199,48.62
03/21/2024,48.9,"2,294,030",48.92,49.235,48.73
03/20/2024,48.8,"1,666,862",48.83,49.2899,48.54
03/19/2024,48.95,"1,708,746",48.54,49.14,48.53
03/18/2024,48.61,"1,802,291",48.21,49.01,48.2
03/15/2024,48.39,"4,205,765",47.98,48.645,47.98
03/14/2024,48.07,"1,809,470",48.77,48.99,47.7613
03/13/2024,48.93,"1,561,568",48.83,49.34,48.81
03/12/2024,48.77,"1,895,364",49.41,49.5025,48.45
03/11/2024,49.59,"1,774,716",49.46,49.97,49.36
03/08/2024,49.34,"1,831,167",49.3,49.6,48.79
03/07/2024,49.06,"2,119,835",49.43,49.55,49.045
03/06/2024,48.98,"2,048,442",48.94,49.28,48.75
03/05/2024,48.51,"2,103,600",48.83,49.4493,48.265
03/04/2024,48.54,"1,656,214",47.5,48.585,47.44
03/01/2024,47.73,"1,809,220",47.52,47.73,46.8
02/29/2024,47.75,"2,482,185",47.82,48.12,47.48
02/28/2024,47.56,"1,469,416",47.62,47.79,47.36
02/27/2024,47.82,"1,513,488",47.56,47.845,47.33
02/26/2024,47.43,"1,774,579",48.43,48.43,47.175
02/23/2024,48.7,"2,025,362",48.48,49.02,48.4
02/22/2024,48.63,"1,540,761",48.8,48.8,48.25
02/21/2024,49.09,"1,848,070",48.66,49.11,48.36
02/20/2024,48.25,"2,444,612",48.25,48.74,48.08
02/16/2024,48.35,"2,624,650",48.19,48.635,47.8
02/15/2024,48.4,"2,297,904",47.8,48.41,47.8
02/14/2024,47.63,"1,915,049",47.39,47.755,47.22
02/13/2024,47.57,"2,988,687",48.46,48.61,47.13
02/12/2024,48.46,"1,416,193",48.04,48.575,47.8
02/09/2024,47.93,"1,508,101",47.39,47.995,47.33
02/08/2024,47.48,"1,473,146",47.53,47.5983,46.98
02/07/2024,47.78,"1,151,983",48.0,48.0,47.45
02/06/2024,47.76,"1,491,146",47.58,48.015,47.38
02/05/2024,47.61,"1,531,357",48.28,48.38,47.59
02/02/2024,48.8,"1,872,667",49.31,49.31,48.335
02/01/2024,49.84,"2,546,886",48.46,49.87,48.1
01/31/2024,48.66,"10,189,690",49.26,49.33,48.195
01/30/2024,48.88,"1,954,079",48.62,49.13,48.11
01/29/2024,49.19,"1,868,720",48.89,49.325,48.635
01/26/2024,48.85,"2,404,609",48.84,49.2,48.72
01/25/2024,48.75,"2,697,004",48.8,48.93,48.28
01/24/2024,48.14,"2,116,449",48.99,49.325,48.01
01/23/2024,48.77,"2,156,575",48.5,48.805,48.15
01/22/2024,48.46,"1,531,331",48.83,49.15,48.3
01/19/2024,48.87,"1,619,334",49.17,49.27,48.68
01/18/2024,49.05,"1,785,359",49.29,49.3,48.64
01/17/2024,49.54,"1,890,459",49.9,50.46,49.22
01/16/2024,50.28,"2,374,056",50.32,50.77,50.07
01/12/2024,50.38,"2,205,874",50.36,50.62,50.05
01/11/2024,50.09,"2,524,195",51.37,51.6,49.955
01/10/2024,51.91,"1,270,682",52.21,52.2675,51.755
01/09/2024,52.22,"1,404,869",52.16,52.33,51.88
01/08/2024,52.33,"1,280,086",52.0,52.36,51.73
01/05/2024,52.03,"1,174,810",51.91,52.33,51.61
01/04/2024,51.94,"1,591,737",51.7,52.29,51.5514
01/03/2024,51.76,"1,590,754",51.95,52.06,51.51
01/02/2024,51.88,"2,106,787",50.7,51.925,50.7
12/29/2023,51.3,"1,346,791",51.19,51.36,50.89
12/28/2023,51.32,"1,175,620",50.73,51.45,50.63
12/27/2023,50.84,"1,244,680",50.87,51.05,50.65
12/26/2023,50.93,"799,902",50.68,51.2809,50.68
12/22/2023,50.94,"1,468,546",51.0,51.53,50.73
12/21/2023,50.57,"1,383,005",50.37,50.78,49.915
12/20/2023,50.25,"1,476,209",51.23,51.44,50.21
12/19/2023,51.24,"2,605,815",51.14,51.29,50.61
12/18/2023,50.86,"2,112,910",50.95,51.27,50.57
12/15/2023,50.62,"4,050,191",51.83,51.99,50.27
12/14/2023,52.19,"2,401,934",53.59,53.85,52.12
12/13/2023,53.38,"1,583,510",51.45,53.4,51.1379
12/12/2023,51.39,"1,325,968",51.68,51.68,51.09
12/11/2023,51.51,"1,661,774",51.34,51.91,51.06
12/08/2023,51.38,"1,831,601",51.7,51.845,51.125
12/07/2023,51.82,"1,694,808",52.09,52.325,51.72
12/06/2023,52.1,"1,797,700",51.43,52.11,51.34
12/05/2023,51.25,"2,166,214",51.51,51.51,51.0
12/04/2023,51.4,"1,448,214",51.17,51.73,50.97
12/01/2023,51.49,"2,267,916",50.72,51.535,50.28
11/30/2023,50.57,"2,341,405",50.11,50.66,49.71
11/29/2023,49.94,"1,478,792",50.25,50.6,49.75
11/28/2023,50.12,"1,857,074",49.94,50.78,49.76
11/27/2023,49.96,"2,042,660",49.74,50.09,49.25
11/24/2023,49.75,"692,798",49.62,49.76,49.3
11/22/2023,49.54,"1,601,153",49.29,49.58,48.84
11/21/2023,49.09,"1,370,622",49.11,49.25,48.66
11/20/2023,49.11,"2,031,643",49.05,49.2,48.31
11/17/2023,49.23,"4,120,850",49.69,49.78,48.92
11/16/2023,49.48,"1,658,904",49.76,50.0,49.38
11/15/2023,49.32,"1,974,664",48.94,49.865,48.91
11/14/2023,49.12,"1,601,269",48.49,49.36,48.425
11/13/2023,47.61,"1,907,253",48.45,48.55,47.58
11/10/2023,48.57,"1,716,187",49.0,49.04,48.34
11/09/2023,48.61,"2,232,735",49.76,50.01,48.58
11/08/2023,49.61,"2,104,748",49.77,49.78,48.635
11/07/2023,50.0,"1,577,056",50.45,50.6,49.935
11/06/2023,50.44,"1,885,777",51.02,51.26,50.295
11/03/2023,51.1,"2,645,751",52.79,52.79,51.085
11/02/2023,50.26,"2,319,648",49.5,50.72,49.5
11/01/2023,49.5,"2,072,387",48.92,49.89,48.315
10/31/2023,48.79,"1,480,293",48.76,49.0,48.265
10/30/2023,48.48,"1,280,610",48.75,49.28,48.275
10/27/2023,48.93,"2,169,984",49.65,49.85,48.75
10/26/2023,49.79,"1,458,387",49.66,50.41,49.64
10/25/2023,49.54,"1,120,058",49.36,49.77,49.24
10/24/2023,49.44,"1,728,363",48.95,49.67,48.84
10/23/2023,48.5,"1,569,761",48.54,49.06,47.97
10/20/2023,48.82,"1,552,128",49.57,49.74,48.76
10/19/2023,49.45,"1,006,376",49.84,50.11,49.34
10/18/2023,49.82,"1,375,296",49.91,50.32,49.455
10/17/2023,50.02,"1,204,002",49.95,50.45,49.835
10/16/2023,50.25,"1,472,756",49.96,50.59,49.569
10/13/2023,49.75,"1,509,388",49.72,49.95,49.35
10/12/2023,49.25,"2,005,002",49.45,49.76,48.72
10/11/2023,49.69,"1,210,389",49.29,49.78,48.89
10/10/2023,49.15,"2,050,216",48.57,49.225,48.47
10/09/2023,48.57,"1,822,777",48.3,48.72,48.07
10/06/2023,48.38,"2,062,406",47.2,48.565,46.73
10/05/2023,47.61,"1,953,090",47.45,47.84,46.95
10/04/2023,47.49,"2,256,234",46.84,47.54,46.31
10/03/2023,46.79,"2,544,610",45.76,46.95,45.1536
10/02/2023,46.24,"2,269,600",48.27,48.27,45.87
09/29/2023,48.45,"2,050,754",48.55,48.89,47.96
09/28/2023,48.06,"2,163,261",48.87,48.91,47.8
09/27/2023,48.55,"1,642,612",49.17,49.36,48.42
09/26/2023,49.26,"1,760,592",50.96,50.96,49.12
09/25/2023,51.05,"1,193,083",50.9,51.23,50.58
09/22/2023,51.25,"1,325,822",51.15,51.575,50.89
09/21/2023,51.33,"1,420,501",51.94,51.94,51.32
09/20/2023,51.99,"1,067,788",52.29,52.535,51.77
09/19/2023,52.02,"1,393,332",52.2,52.3,51.92
09/18/2023,52.19,"1,854,031",51.97,52.305,51.81
09/15/2023,51.78,"2,941,529",51.93,52.39,51.77
09/14/2023,52.09,"1,313,128",51.77,52.14,51.73
09/13/2023,51.54,"1,653,899",50.78,51.795,50.765
09/12/2023,50.72,"1,439,522",50.85,50.935,50.51
09/11/2023,50.79,"1,234,866",50.64,51.075,50.58
09/08/2023,50.74,"1,724,265",50.45,50.87,50.365
09/07/2023,50.43,"1,672,556",49.94,50.76,49.6
09/06/2023,49.6,"1,573,660",49.35,49.745,49.09
09/05/2023,49.23,"2,411,004",49.71,49.71,48.535
09/01/2023,49.79,"1,780,918",50.27,50.415,49.16
08/31/2023,50.17,"1,634,704",50.89,51.13,50.09
08/30/2023,50.83,"1,318,960",50.75,51.16,50.51
08/29/2023,50.85,"993,214",50.71,51.13,50.54
08/28/2023,50.69,"834,282",50.89,51.16,50.655
08/25/2023,50.78,"1,171,761",50.38,50.98,50.21
08/24/2023,50.28,"902,792",50.59,51.23,50.2489
08/23/2023,50.55,"1,167,382",50.67,50.92,50.24
08/22/2023,50.4,"1,209,006",50.25,50.53,50.02
08/21/2023,50.28,"1,113,555",50.6,50.635,49.83
08/18/2023,50.62,"4,976,499",50.23,50.83,50.145
08/17/2023,50.26,"1,401,024",50.52,51.11,50.25
08/16/2023,50.51,"1,246,816",50.48,50.72,50.19
08/15/2023,50.31,"1,334,513",50.7,50.77,50.19
08/14/2023,51.11,"1,346,878",51.82,51.82,50.955
08/11/2023,51.86,"1,368,052",51.73,51.959,51.41
08/10/2023,51.6,"1,611,222",51.67,51.98,51.465
08/09/2023,51.47,"1,547,587",51.36,52.11,51.26
08/08/2023,51.52,"1,434,463",51.25,51.56,50.8
08/07/2023,51.33,"1,390,893",51.44,51.67,51.1
08/04/2023,51.3,"1,834,734",52.09,52.935,51.06
08/03/2023,51.76,"1,966,108",53.05,53.15,51.64
08/02/2023,53.28,"1,320,758",53.05,53.65,52.97
08/01/2023,53.3,"1,562,647",53.76,54.11,53.22
07/31/2023,53.74,"1,197,988",54.11,54.32,53.48
07/28/2023,53.89,"1,243,648",54.64,54.69,53.66
07/27/2023,54.53,"1,098,367",55.44,55.685,54.39
07/26/2023,55.66,"689,729",55.53,56.26,55.41
07/25/2023,55.56,"1,054,342",55.25,55.8,55.25
07/24/2023,55.55,"1,187,508",55.75,55.96,55.27
07/21/2023,55.74,"1,247,297",55.0,55.895,54.89
07/20/2023,54.78,"1,260,571",54.01,54.91,53.47
07/19/2023,53.71,"1,182,939",53.32,54.055,53.22
07/18/2023,53.005,"1,364,460",53.54,53.8,52.3
07/17/2023,53.3,"1,177,503",54.06,54.17,53.27
07/14/2023,54.16,"886,733",54.2,54.41,53.71
07/13/2023,54.28,"1,085,978",53.79,54.32,53.7
07/12/2023,53.85,"1,356,772",53.08,54.07,53.05
07/11/2023,52.95,"1,236,929",52.38,52.98,52.16
07/10/2023,52.04,"1,587,340",52.67,52.67,51.62
07/07/2023,52.63,"1,437,717",52.95,53.07,52.46
07/06/2023,53.31,"1,479,940",53.19,53.48,52.63
07/05/2023,53.58,"1,492,859",52.97,53.925,52.74
07/03/2023,53.08,"803,045",52.43,53.16,52.24
06/30/2023,52.48,"1,323,099",51.93,52.57,51.72
06/29/2023,51.79,"1,114,351",51.29,52.07,51.07
06/28/2023,51.8,"1,547,331",52.67,52.67,51.575
06/27/2023,52.82,"1,101,209",52.92,53.19,52.78
06/26/2023,52.97,"1,955,353",52.8,53.23,52.18
06/23/2023,51.83,"1,528,252",52.95,53.0399,51.66
06/22/2023,52.73,"1,067,991",53.34,53.5,52.58
06/21/2023,53.27,"1,000,439",52.77,53.38,52.02
06/20/2023,52.96,"1,197,568",53.7,53.805,52.89
06/16/2023,53.74,"2,354,400",53.9,54.37,53.68
06/15/2023,53.75,"991,541",53.46,53.88,53.3
06/14/2023,53.13,"1,035,587",53.27,53.885,53.02
06/13/2023,53.08,"1,015,419",52.95,53.25,52.7
06/12/2023,53.26,"834,660",53.34,53.49,52.85
06/09/2023,53.23,"909,765",53.52,53.52,53.13
06/08/2023,53.47,"1,435,209",53.51,53.595,52.89
06/07/2023,53.4,"1,880,574",52.49,53.63,52.09
06/06/2023,52.31,"1,968,285",52.54,52.87,52.07
06/05/2023,52.28,"1,802,492",52.03,52.865,51.965
06/02/2023,51.98,"2,683,833",50.69,52.235,50.51
06/01/2023,50.91,"2,800,763",51.7,51.73,50.275
05/31/2023,51.46,"1,665,077",51.16,51.81,50.86
05/30/2023,51.01,"1,768,231",51.19,51.57,50.95
05/26/2023,50.97,"1,078,908",50.9,51.07,50.45
05/25/2023,51.06,"1,113,378",51.9,51.93,50.77
05/24/2023,51.95,"1,317,992",52.23,52.62,51.9
05/23/2023,52.44,"1,254,862",52.45,53.06,52.355
05/22/2023,52.59,"1,010,874",52.86,53.04,52.27
05/19/2023,52.61,"1,718,980",52.92,53.39,52.51
05/18/2023,52.64,"1,077,079",52.35,52.735,52.03
05/17/2023,52.76,"1,045,535",53.24,53.35,52.45
05/16/2023,53.27,"1,282,214",53.96,54.055,53.225
05/15/2023,54.0,"1,146,940",55.18,55.2,53.8
05/12/2023,55.03,"1,087,458",54.86,55.37,54.6615
05/11/2023,54.6,"936,287",54.95,55.35,54.3926
05/10/2023,55.16,"1,474,285",54.54,55.27,54.31
05/09/2023,54.4,"1,365,389",54.44,54.975,54.175
05/08/2023,54.76,"923,873",54.94,55.3,54.59
05/05/2023,55.11,"1,649,664",53.77,55.11,53.77
05/04/2023,54.8,"1,725,418",54.38,55.305,53.77
05/03/2023,54.43,"1,136,397",54.87,55.35,54.23
05/02/2023,54.54,"1,217,041",55.04,55.245,54.2225
05/01/2023,55.29,"2,086,213",54.98,55.83,54.87
04/28/2023,55.14,"1,621,607",55.03,55.315,54.69
04/27/2023,55.1,"1,305,694",54.35,55.115,54.19
04/26/2023,54.7,"1,067,834",55.36,55.78,54.62
04/25/2023,55.75,"935,773",55.35,55.95,55.35
04/24/2023,55.54,"1,067,725",55.21,55.66,54.89
04/21/2023,55.29,"1,111,999",55.33,55.69,55.005
04/20/2023,55.03,"1,501,486",55.35,55.56,54.77
04/19/2023,55.29,"1,917,274",54.95,55.595,54.81
04/18/2023,54.34,"1,170,157",54.59,54.93,54.14
04/17/2023,54.72,"1,035,780",54.58,54.99,54.135
04/14/2023,54.36,"1,615,774",54.29,54.465,53.73
04/13/2023,54.79,"1,410,829",54.53,54.89,53.6
04/12/2023,54.74,"1,218,582",55.34,55.54,54.6425
04/11/2023,55.06,"925,845",54.92,55.295,54.79
04/10/2023,54.92,"1,083,455",54.76,54.95,54.13
04/06/2023,55.05,"1,518,051",55.18,55.375,54.52
04/05/2023,54.82,"1,606,479",53.15,54.905,53.15
04/04/2023,52.94,"1,973,837",52.66,53.21,52.48
04/03/2023,52.72,"2,133,237",53.17,53.21,52.5
03/31/2023,53.4,"1,495,441",53.08,53.63,52.79
03/30/2023,52.91,"1,203,471",53.08,53.32,52.77
03/29/2023,52.82,"1,318,858",52.21,52.9,52.12
03/28/2023,51.97,"1,627,924",51.41,52.49,51.335
03/27/2023,51.32,"1,883,390",52.24,52.48,51.2
03/24/2023,51.83,"1,406,450",50.08,51.85,49.94
03/23/2023,50.04,"1,437,994",50.43,51.11,49.845
03/22/2023,50.65,"2,038,514",51.82,52.0,50.63
03/21/2023,52.01,"1,923,946",53.8,53.88,51.25
03/20/2023,53.76,"1,720,928",53.27,53.92,53.12
03/17/2023,53.17,"4,035,867",53.0,53.51,52.66
03/16/2023,53.49,"2,090,801",52.9,54.01,52.8
03/15/2023,53.1,"2,710,876",52.09,53.57,51.7
03/14/2023,52.06,"2,276,576",51.79,52.46,51.41
03/13/2023,51.48,"2,172,049",49.78,52.6,49.78
03/10/2023,50.19,"1,126,085",51.28,51.49,49.99
03/09/2023,51.26,"1,393,463",51.74,52.49,51.2
03/08/2023,51.57,"1,490,611",51.04,51.74,50.92
03/07/2023,50.99,"1,178,726",51.95,52.27,50.81
03/06/2023,51.96,"1,377,167",51.93,52.21,51.79
03/03/2023,52.07,"1,910,034",51.67,52.105,50.95
03/02/2023,51.59,"1,994,932",50.16,51.6,50.0325
03/01/2023,50.25,"2,108,723",51.14,51.14,49.66
02/28/2023,51.27,"4,235,542",51.31,52.07,50.76
02/27/2023,51.46,"3,565,127",50.82,52.765,50.82
02/24/2023,52.72,"1,562,129",51.79,53.0,51.35
02/23/2023,52.99,"1,149,977",53.09,53.33,52.64
02/22/2023,53.26,"1,366,205",53.07,53.9,53.07
02/21/2023,53.34,"1,184,286",53.9,53.98,53.2
02/17/2023,53.97,"1,111,595",53.37,54.36,53.12
02/16/2023,53.14,"1,170,582",52.84,53.57,52.41
02/15/2023,53.44,"1,108,699",53.03,53.47,52.76
02/14/2023,53.29,"1,242,736",53.75,54.0,53.22
02/13/2023,53.79,"1,418,469",53.4,53.95,53.2
02/10/2023,53.23,"1,155,650",52.21,53.32,52.13
02/09/2023,52.06,"973,332",52.7,52.99,51.905
02/08/2023,52.62,"1,078,722",53.11,53.27,52.4
02/07/2023,53.54,"1,203,866",53.76,53.77,52.77
02/06/2023,53.93,"1,231,977",53.12,53.97,53.02
02/03/2023,53.34,"1,745,458",54.33,54.61,52.34
02/02/2023,54.76,"1,532,267",54.69,55.55,54.26
02/01/2023,54.74,"2,176,448",53.79,55.09,53.375
01/31/2023,54.03,"1,715,241",53.82,54.1,52.72
01/30/2023,53.65,"1,327,954",53.83,54.31,53.5201
01/27/2023,54.42,"1,421,525",54.3,54.75,54.01
01/26/2023,54.45,"871,303",54.22,54.57,54.02
01/25/2023,54.41,"1,265,273",54.08,54.55,53.68
01/24/2023,54.33,"938,810",54.04,54.51,53.23
01/23/2023,53.88,"1,177,309",53.12,54.3,52.99
01/20/2023,53.89,"1,311,227",53.11,53.93,52.41
01/19/2023,53.21,"1,065,563",53.41,53.9,53.19
01/18/2023,53.71,"1,263,113",55.08,55.11,53.68
01/17/2023,55.08,"1,414,818",55.61,56.15,54.8896
01/13/2023,55.51,"899,346",55.76,55.76,55.13
01/12/2023,55.8,"1,151,235",55.94,56.26,55.54
01/11/2023,55.94,"1,390,286",55.14,55.95,55.04
01/10/2023,54.97,"1,068,339",55.12,55.32,54.46
01/09/2023,55.44,"1,314,631",54.93,55.58,54.6
01/06/2023,55.35,"994,531",54.78,55.62,54.725
01/05/2023,54.13,"918,198",55.42,55.47,54.05
01/04/2023,55.79,"1,361,513",55.48,56.26,55.06
01/03/2023,55.37,"1,111,570",55.24,55.54,54.135
12/30/2022,55.21,"1,022,311",56.03,56.29,54.74
12/29/2022,56.03,"1,020,005",55.52,56.46,55.28
12/28/2022,55.21,"812,389",56.11,56.34,55.14
12/27/2022,56.03,"742,229",55.28,56.15,54.98
12/23/2022,55.3,"819,047",54.66,55.37,54.53
12/22/2022,54.77,"854,849",54.94,54.94,53.82
12/21/2022,55.08,"1,270,453",54.38,55.12,54.18
12/20/2022,54.15,"1,159,511",54.38,54.5158,53.7
12/19/2022,54.29,"1,048,531",54.42,54.93,54.06
12/16/2022,54.61,"2,797,835",54.89,55.17,53.91
12/15/2022,55.39,"939,027",55.77,55.89,55.09
12/14/2022,56.05,"1,840,742",56.54,57.26,55.73
12/13/2022,56.42,"2,857,593",57.19,57.52,55.815
12/12/2022,56.57,"1,047,086",55.6,56.59,55.33
12/09/2022,55.31,"1,023,255",55.39,55.9,55.09
12/08/2022,55.47,"1,111,498",54.45,55.56,54.3
12/07/2022,54.5,"1,457,493",54.87,55.37,54.17
12/06/2022,55.31,"1,073,699",54.47,55.33,54.0
12/05/2022,54.54,"1,219,031",54.32,54.84,54.06
12/02/2022,54.8,"1,233,142",54.85,55.14,54.24
12/01/2022,55.53,"1,999,490",56.86,57.31,55.17
11/30/2022,56.3,"1,643,734",54.99,56.52,54.76
11/29/2022,55.07,"1,673,961",55.32,55.55,54.61
11/28/2022,55.78,"1,281,044",55.96,56.21,55.51
11/25/2022,56.45,"337,532",56.25,56.67,56.21
11/23/2022,55.97,"947,685",55.36,56.01,55.22
11/22/2022,55.42,"1,438,802",54.13,55.835,53.82
11/21/2022,55.34,"1,099,063",55.38,55.89,55.13
11/18/2022,55.26,"1,537,558",54.33,55.41,54.29
11/17/2022,53.77,"1,178,224",53.98,54.121,53.19
11/16/2022,54.51,"1,197,102",53.63,54.72,53.63
11/15/2022,53.63,"1,209,639",53.77,54.02,52.885
11/14/2022,53.32,"1,277,682",54.04,54.25,53.32
11/11/2022,53.93,"2,150,782",55.14,55.41,53.84
11/10/2022,55.52,"2,730,810",54.68,55.63,53.71
11/09/2022,53.34,"2,063,893",52.83,54.12,52.77
11/08/2022,52.98,"2,948,202",51.5,53.42,51.06
11/07/2022,51.57,"2,444,730",52.78,52.955,50.83
11/04/2022,52.73,"1,341,926",52.15,52.825,51.69
11/03/2022,52.15,"1,382,918",51.74,52.49,51.14
11/02/2022,52.12,"1,725,781",52.28,53.68,52.115
11/01/2022,52.63,"1,683,426",52.43,52.725,51.81
10/31/2022,52.17,"1,671,864",52.51,52.51,51.74
10/28/2022,52.37,"1,343,879",50.89,52.475,50.82
10/27/2022,50.9,"1,688,012",51.18,51.93,50.83
10/26/2022,50.63,"1,876,445",51.16,51.4,50.44
10/25/2022,50.72,"2,674,403",49.91,50.94,49.83
10/24/2022,49.81,"1,911,234",50.185,50.61,49.395
10/21/2022,49.76,"2,324,174",48.99,50.125,48.525
10/20/2022,48.7,"2,541,496",49.86,50.05,48.5
10/19/2022,50.35,"1,079,604",50.24,50.6,49.84
10/18/2022,50.92,"1,698,722",50.31,51.22,50.3
10/17/2022,49.74,"1,828,259",49.78,50.3875,49.53
10/14/2022,48.93,"2,273,078",49.91,50.2,48.37
10/13/2022,49.49,"2,112,679",47.46,49.67,47.19
10/12/2022,48.06,"2,185,008",50.11,50.13,48.03
10/11/2022,50.28,"2,358,741",49.58,50.97,49.58
10/10/2022,49.87,"1,625,042",50.08,50.48,49.8
10/07/2022,49.65,"2,724,702",51.24,51.39,49.26
10/06/2022,51.25,"2,586,740",52.94,52.94,51.2
10/05/2022,53.05,"2,264,019",54.43,54.43,52.605
10/04/2022,55.01,"2,806,502",54.52,55.51,54.32
10/03/2022,54.33,"2,225,192",53.75,54.84,53.32
09/30/2022,52.99,"2,358,871",54.77,55.03,52.81
09/29/2022,54.54,"1,583,738",56.88,56.97,54.475
09/28/2022,57.21,"1,211,411",57.29,57.6756,56.45
09/27/2022,56.84,"1,209,671",58.04,58.31,56.57
09/26/2022,58.03,"1,149,928",59.19,59.37,57.59
09/23/2022,59.52,"1,204,359",59.63,59.73,58.66
09/22/2022,60.01,"1,055,724",60.14,60.55,59.74
09/21/2022,60.29,"1,013,451",61.55,62.05,60.29
09/20/2022,61.13,"1,019,237",61.5,61.5,60.44
09/19/2022,61.89,"1,563,347",60.79,61.91,60.47
09/16/2022,60.86,"2,890,219",60.46,61.01,60.23
09/15/2022,60.23,"1,796,004",61.43,61.49,60.19
09/14/2022,61.92,"1,273,017",61.43,62.2,61.201
09/13/2022,61.42,"1,518,099",63.275,63.275,61.02
09/12/2022,63.48,"1,827,782",63.28,63.6,62.905
09/09/2022,63.07,"662,882",62.97,63.37,62.61
09/08/2022,62.84,"1,113,201",62.88,63.4591,62.515
09/07/2022,63.11,"881,649",61.57,63.255,61.57
09/06/2022,61.16,"1,432,521",61.49,62.34,60.95
09/02/2022,61.49,"1,316,394",62.18,62.84,61.37
09/01/2022,62.06,"1,124,209",61.18,62.11,60.89
08/31/2022,61.04,"1,582,112",61.71,61.92,60.99
08/30/2022,61.55,"792,178",62.48,62.54,61.29
08/29/2022,62.5,"802,994",62.05,62.95,61.57
08/26/2022,62.27,"883,078",63.3,63.42,62.23
08/25/2022,63.11,"652,474",62.89,63.19,62.37
08/24/2022,62.72,"723,509",62.81,62.97,62.39
08/23/2022,62.8,"871,634",63.28,63.28,62.56
08/22/2022,63.32,"996,548",63.95,64.09,63.165
08/19/2022,64.04,"1,461,904",64.04,64.35,63.77
08/18/2022,64.17,"1,004,243",64.44,64.62,63.915
08/17/2022,64.26,"1,526,066",63.82,64.51,63.82
08/16/2022,64.06,"1,037,336",63.83,64.395,63.57
08/15/2022,63.85,"1,222,903",63.4,63.9,63.16
08/12/2022,63.35,"1,866,163",62.68,63.37,62.36
08/11/2022,61.64,"1,788,450",61.97,62.8,61.465
08/10/2022,61.94,"1,380,352",62.21,62.355,61.53
08/09/2022,61.85,"1,326,734",61.08,61.94,60.98
08/08/2022,61.05,"1,661,860",61.67,62.11,60.73
08/05/2022,61.28,"1,775,719",61.05,61.39,59.9
08/04/2022,61.15,"1,337,208",61.36,61.725,60.8
08/03/2022,61.27,"1,761,679",60.69,61.43,59.23
08/02/2022,60.79,"1,843,713",60.97,61.39,60.6
08/01/2022,60.9,"1,587,751",60.74,61.02,60.25
07/29/2022,60.93,"1,176,753",59.59,61.27,59.59
07/28/2022,60.03,"1,096,009",58.77,60.11,58.73
07/27/2022,58.71,"1,001,304",58.34,58.88,57.9976
07/26/2022,58.65,"829,935",58.07,58.75,57.93
07/25/2022,57.9,"893,152",57.35,57.99,57.205
07/22/2022,57.43,"891,795",56.83,57.44,56.65
07/21/2022,56.55,"1,676,065",56.49,56.56,56.05
07/20/2022,56.42,"1,347,146",57.3,57.42,56.41
07/19/2022,57.17,"1,619,973",57.27,57.32,56.84
07/18/2022,56.81,"1,111,468",58.05,58.12,56.75
07/15/2022,58.16,"841,068",57.78,58.34,57.34
07/14/2022,57.88,"722,632",56.87,57.99,56.86
07/13/2022,57.77,"748,133",57.57,58.26,57.25
07/12/2022,57.82,"1,020,587",57.96,58.53,57.53
07/11/2022,57.92,"814,999",57.35,58.14,57.15
07/08/2022,57.34,"981,634",57.86,57.86,57.22
07/07/2022,57.81,"1,054,490",58.48,59.01,57.8
07/06/2022,58.38,"1,421,300",57.98,58.92,57.51
07/05/2022,57.92,"1,425,434",59.85,60.28,56.76
07/01/2022,60.07,"1,826,290",58.73,60.24,58.55
06/30/2022,58.61,"1,712,053",57.88,59.04,57.5
06/29/2022,57.97,"1,201,573",57.99,58.73,57.82
06/28/2022,58.03,"1,237,861",58.15,58.68,57.98
06/27/2022,57.93,"1,496,737",57.12,57.96,56.97
06/24/2022,57.32,"2,422,006",56.71,57.49,56.46
06/23/2022,56.53,"1,482,312",55.62,56.71,55.51
06/22/2022,55.52,"1,479,692",54.98,55.96,54.98
06/21/2022,55.22,"1,515,964",54.91,55.47,54.58
06/17/2022,54.75,"2,712,375",54.83,55.63,54.2
06/16/2022,54.97,"1,645,853",55.16,55.41,54.29
06/15/2022,55.74,"2,053,491",56.01,56.96,54.97
06/14/2022,55.61,"1,092,641",57.68,57.85,55.09
06/13/2022,57.38,"1,478,433",58.66,58.83,57.085
06/10/2022,59.32,"1,364,113",58.82,59.84,58.4
06/09/2022,59.63,"1,120,129",60.99,61.57,59.6
06/08/2022,61.12,"1,301,649",62.87,62.8906,61.02
06/07/2022,63.17,"1,967,143",62.64,63.19,62.27
06/06/2022,62.53,"1,493,790",62.48,63.43,62.4
06/03/2022,62.11,"1,227,923",62.265,62.75,62.07
06/02/2022,62.4,"1,533,600",63.47,63.62,61.42
06/01/2022,63.19,"2,392,106",63.89,63.89,62.62
05/31/2022,63.82,"10,778,160",63.21,63.89,62.37
05/27/2022,63.78,"2,763,742",62.27,63.79,61.86
05/26/2022,62.46,"3,348,162",61.48,62.86,61.27
05/25/2022,61.25,"2,783,821",61.18,61.42,60.66
05/24/2022,61.32,"2,805,850",59.27,61.41,59.02
05/23/2022,59.0,"1,806,908",59.09,59.37,58.21
05/20/2022,58.67,"3,017,238",58.5,59.37,57.91
05/19/2022,58.5,"1,752,772",58.81,58.95,57.89
05/18/2022,58.94,"1,600,965",60.25,60.53,58.77
05/17/2022,59.75,"1,669,741",59.49,59.85,58.56
05/16/2022,58.86,"1,742,660",58.53,59.06,58.06
05/13/2022,58.44,"1,621,771",58.19,58.58,57.17
05/12/2022,58.02,"1,461,098",58.33,58.7,57.17
05/11/2022,58.21,"1,976,659",57.88,59.37,57.88
05/10/2022,58.03,"1,745,706",58.99,59.79,57.72
05/09/2022,58.72,"1,238,021",58.68,59.28,57.81
05/06/2022,58.74,"1,578,998",58.81,59.225,58.04
05/05/2022,58.86,"1,712,363",59.16,59.92,58.35
05/04/2022,59.21,"1,920,634",57.93,59.27,57.8
05/03/2022,57.8,"1,922,466",58.24,58.74,57.46
05/02/2022,57.85,"2,629,607",58.93,59.35,57.17
04/29/2022,58.81,"2,526,253",61.47,61.56,58.65
04/28/2022,61.23,"1,738,551",60.38,61.3575,60.29
04/27/2022,60.82,"1,465,025",61.78,62.02,60.71
04/26/2022,61.63,"1,219,072",62.09,62.85,61.57
04/25/2022,62.07,"1,753,010",63.42,63.66,60.995
04/22/2022,63.12,"1,427,729",64.38,64.47,63.03
04/21/2022,64.45,"969,718",64.85,65.26,64.37
04/20/2022,65.11,"1,148,746",64.42,65.24,64.2
04/19/2022,63.88,"984,178",62.99,63.93,62.72
04/18/2022,62.71,"1,134,808",63.35,63.91,62.53
04/14/2022,63.39,"1,382,725",63.87,64.0,63.3
04/13/2022,63.59,"1,216,666",64.78,64.885,63.35
04/12/2022,64.63,"1,522,014",63.953,64.9,63.675
04/11/2022,64.35,"866,578",65.09,65.37,64.27
04/08/2022,64.82,"1,003,695",64.61,65.17,64.07
04/07/2022,64.33,"1,345,743",65.24,65.24,64.16
04/06/2022,65.16,"1,438,445",63.58,65.22,63.38
04/05/2022,63.28,"1,004,608",62.7,64.02,62.7
04/04/2022,62.69,"767,775",62.94,63.11,61.91
04/01/2022,63.29,"1,312,170",62.59,63.3,62.07
03/31/2022,62.48,"1,622,038",63.08,63.24,62.41
03/30/2022,62.88,"784,394",62.21,62.88,61.91
03/29/2022,62.2,"1,202,796",61.75,62.29,61.37
03/28/2022,62.0,"530,567",61.95,62.13,61.36
03/25/2022,61.83,"710,607",60.77,61.84,60.61
03/24/2022,60.56,"800,113",60.41,60.95,60.32
03/23/2022,60.41,"982,878",59.9,60.74,59.59
03/22/2022,59.91,"1,558,803",61.01,61.1,59.75
03/21/2022,60.94,"944,506",60.31,61.43,60.31
03/18/2022,60.31,"2,835,232",61.19,61.22,60.03
03/17/2022,60.98,"1,011,528",60.75,61.5,60.56
03/16/2022,60.86,"1,280,644",61.13,61.21,59.875
03/15/2022,61.28,"1,068,024",60.7,61.35,60.21
03/14/2022,60.33,"922,024",60.45,61.0,59.87
03/11/2022,60.23,"1,044,838",60.25,60.86,59.92
03/10/2022,60.14,"839,459",59.34,60.28,59.12
03/09/2022,59.75,"1,150,493",60.83,60.93,59.52
03/08/2022,60.49,"1,702,277",61.04,61.39,59.99
03/07/2022,60.76,"930,826",60.59,61.02,59.98
03/04/2022,60.59,"1,038,818",58.91,60.64,58.81
03/03/2022,59.07,"1,441,291",57.98,59.34,57.92
03/02/2022,57.64,"1,096,704",57.49,58.07,57.16
03/01/2022,57.27,"1,265,793",58.13,59.0,56.8
02/28/2022,58.4,"2,403,192",57.63,58.54,57.46
02/25/2022,57.87,"1,209,688",56.24,57.9,56.24
02/24/2022,55.93,"1,351,388",55.81,56.025,54.795
02/23/2022,55.96,"1,005,626",56.76,56.96,55.92
02/22/2022,56.7,"1,029,758",57.12,57.31,56.3
02/18/2022,57.1,"1,565,306",56.49,57.59,55.95
02/17/2022,56.62,"1,001,143",56.2,56.74,55.7201
02/16/2022,56.33,"795,105",56.44,56.59,55.77
02/15/2022,56.35,"802,472",57.06,57.48,56.12
02/14/2022,56.87,"1,028,266",57.74,57.81,56.15
02/11/2022,57.45,"1,066,904",57.23,57.855,57.18
02/10/2022,57.23,"861,961",58.62,58.83,57.09
02/09/2022,59.12,"720,823",59.63,60.07,58.93
02/08/2022,59.47,"997,326",59.48,59.77,59.16
02/07/2022,59.1,"725,209",59.0,59.615,58.58
02/04/2022,59.13,"857,458",59.51,59.79,58.46
02/03/2022,59.86,"683,687",59.67,60.24,59.5374
02/02/2022,59.86,"1,712,177",58.59,59.98,58.47
02/01/2022,58.66,"1,369,518",59.7,59.945,58.04
01/31/2022,59.86,"910,823",58.93,59.92,58.69
01/28/2022,59.31,"1,011,788",58.51,59.36,57.75
01/27/2022,58.91,"1,163,149",58.4,59.37,58.1
01/26/2022,58.1,"1,197,434",58.21,59.18,57.62
01/25/2022,58.31,"1,275,898",58.37,58.78,57.83
01/24/2022,58.75,"1,893,551",59.57,59.88,57.17
01/21/2022,59.76,"988,862",60.19,60.77,59.57
01/20/2022,59.73,"1,002,485",59.73,60.23,59.39
01/19/2022,59.42,"1,619,404",59.41,59.97,58.88
01/18/2022,59.67,"951,964",59.91,59.95,58.63
01/14/2022,60.07,"1,152,993",60.83,60.95,59.82
01/13/2022,60.64,"943,304",60.19,60.9,59.99
01/12/2022,60.13,"874,861",59.67,60.23,59.46
01/11/2022,59.8,"1,464,672",60.72,60.96,59.45
01/10/2022,60.63,"980,428",61.8593,61.8593,60.47
01/07/2022,60.99,"811,114",60.86,61.445,60.24
01/06/2022,61.01,"749,968",61.49,61.85,60.95
01/05/2022,61.26,"925,628",60.69,61.92,60.61
01/04/2022,60.72,"1,003,848",60.58,61.73,60.57
01/03/2022,60.85,"885,445",61.37,61.37,60.09
12/31/2021,61.47,"580,438",61.36,61.75,61.04
12/30/2021,61.45,"601,496",61.32,61.555,60.94
12/29/2021,61.11,"519,154",60.9,61.255,60.56
12/28/2021,60.68,"475,288",60.178,60.69,60.04
12/27/2021,59.99,"458,804",59.57,60.0,59.32
12/23/2021,59.55,"609,642",59.68,60.08,59.45
12/22/2021,59.58,"715,994",59.14,59.675,59.08
12/21/2021,59.4,"794,714",60.115,60.48,59.24
12/20/2021,59.93,"930,404",59.44,60.0,58.75
12/17/2021,59.77,"2,205,288",60.82,60.96,59.37
12/16/2021,60.98,"854,847",60.55,61.28,60.38
12/15/2021,60.49,"1,199,159",59.67,60.88,59.67
12/14/2021,59.54,"1,253,735",59.51,60.01,59.28
12/13/2021,59.65,"1,038,526",58.87,59.99,58.87
12/10/2021,58.89,"872,216",58.45,59.13,58.14
12/09/2021,58.14,"921,850",58.555,58.6,57.7
12/08/2021,58.33,"1,000,083",58.39,58.675,57.93
12/07/2021,58.33,"1,046,293",57.83,58.5,57.59
12/06/2021,57.93,"982,249",57.69,58.72,57.43
12/03/2021,56.94,"1,535,623",56.31,57.03,55.53
12/02/2021,55.93,"953,583",55.32,56.48,55.32
12/01/2021,55.36,"1,285,048",55.29,56.69,55.01
11/30/2021,54.79,"3,439,402",56.94,56.99,54.53
11/29/2021,57.28,"1,044,007",56.89,57.37,56.42
11/26/2021,56.74,"638,072",57.37,57.79,56.52
11/24/2021,57.62,"774,666",58.0,58.1,57.43
11/23/2021,57.86,"1,135,373",58.04,58.27,57.51
11/22/2021,57.87,"1,516,365",56.73,57.99,56.5
11/19/2021,56.79,"3,359,938",55.58,57.03,55.43
11/18/2021,55.25,"1,335,780",55.98,56.21,55.07
11/17/2021,56.11,"1,319,524",55.82,56.23,55.25
11/16/2021,55.99,"1,365,849",56.45,56.74,55.865
11/15/2021,56.24,"1,341,228",55.46,56.26,55.34
11/12/2021,55.29,"831,534",55.31,55.445,54.9
11/11/2021,55.31,"989,174",56.0,56.0,54.8993
11/10/2021,56.08,"947,806",55.65,56.12,55.46
11/09/2021,55.43,"841,130",55.36,55.65,55.02
11/08/2021,55.28,"1,320,219",56.42,56.42,54.91
11/05/2021,56.42,"1,869,407",56.89,57.11,55.7
11/04/2021,55.65,"1,421,440",56.39,56.78,54.95
11/03/2021,56.43,"958,907",57.16,57.53,56.13
11/02/2021,57.08,"1,089,210",57.0,57.22,56.48
11/01/2021,56.85,"982,460",56.52,56.905,56.07
10/29/2021,56.57,"1,374,949",56.39,57.06,56.12
10/28/2021,56.84,"648,130",56.48,56.9,56.31
10/27/2021,56.51,"994,019",56.9,57.02,56.44
10/26/2021,56.81,"1,497,272",56.5,57.29,56.31
10/25/2021,56.5,"680,075",57.32,57.32,56.45
10/22/2021,57.38,"741,259",57.0,57.51,56.92
10/21/2021,56.75,"789,944",56.53,56.81,56.395
10/20/2021,56.45,"1,142,247",55.87,56.7601,55.79
10/19/2021,55.67,"1,184,418",55.61,55.83,55.4
10/18/2021,55.33,"1,044,966",55.5,55.6,54.87
10/15/2021,55.77,"956,732",56.21,56.22,55.64
10/14/2021,56.14,"849,491",55.57,56.19,55.46
10/13/2021,55.46,"1,125,211",55.0,55.49,54.46
10/12/2021,54.99,"1,175,650",54.75,55.33,54.53
10/11/2021,54.66,"1,479,542",55.96,56.04,54.53
10/08/2021,55.96,"891,975",56.5,56.6,55.84
10/07/2021,56.66,"980,245",57.17,57.72,56.52
10/06/2021,57.08,"1,028,108",56.16,57.11,55.83
10/05/2021,56.41,"1,309,896",57.15,57.15,56.21
10/04/2021,56.82,"1,218,435",55.7,57.09,55.6
10/01/2021,55.78,"1,128,671",56.41,56.41,55.51
09/30/2021,55.98,"1,294,471",57.0,57.0,55.58
09/29/2021,56.75,"1,180,729",55.82,56.9525,55.74
09/28/2021,55.81,"1,153,376",56.19,56.33,55.54
09/27/2021,56.2,"1,179,940",57.07,57.67,56.14
09/24/2021,57.11,"799,022",57.37,57.68,57.065
09/23/2021,57.25,"630,946",57.48,57.98,57.185
09/22/2021,57.44,"700,727",57.72,57.93,57.13
09/21/2021,57.52,"669,404",58.11,58.45,57.46
09/20/2021,57.9,"1,017,484",57.95,58.38,57.31
09/17/2021,57.83,"2,231,021",58.55,58.97,57.63
09/16/2021,58.65,"820,010",59.595,59.595,58.59
09/15/2021,59.27,"893,705",59.02,59.73,58.91
09/14/2021,59.28,"631,855",59.44,59.66,59.08
09/13/2021,59.43,"824,989",60.26,60.42,59.25
09/10/2021,59.77,"958,120",60.7,60.83,59.695
09/09/2021,60.7,"1,059,090",60.92,61.18,60.6
09/08/2021,61.08,"1,250,420",59.62,61.5,59.51
09/07/2021,59.75,"1,219,995",60.96,61.02,59.7
09/03/2021,61.47,"681,640",61.98,62.02,61.415
09/02/2021,62.05,"847,851",61.81,62.16,61.67
09/01/2021,61.64,"921,212",60.97,61.95,60.74
08/31/2021,60.79,"954,363",60.92,61.35,60.5
08/30/2021,60.89,"580,173",60.7,61.05,60.59
08/27/2021,60.84,"671,168",60.78,61.14,60.48
08/26/2021,60.59,"853,196",60.61,60.74,60.22
08/25/2021,60.56,"936,292",60.56,60.83,60.22
08/24/2021,60.66,"1,000,315",60.9,61.0243,60.15
08/23/2021,60.97,"1,106,720",62.18,62.18,60.94
08/20/2021,62.18,"1,181,074",61.46,62.35,61.13
08/19/2021,61.48,"936,826",61.29,61.815,61.27
08/18/2021,61.42,"924,942",61.72,61.84,61.1
08/17/2021,61.74,"1,016,913",60.97,61.75,60.97
08/16/2021,61.64,"1,090,027",61.345,61.82,60.94
08/13/2021,61.07,"831,937",60.86,61.13,60.66
08/12/2021,60.66,"856,069",60.8,61.06,60.585
08/11/2021,60.83,"832,246",60.76,61.16,60.445
08/10/2021,60.51,"711,388",60.67,60.75,60.39
08/09/2021,60.69,"746,779",61.1,61.2,60.37
08/06/2021,60.8,"1,185,646",59.71,61.215,59.29
08/05/2021,60.47,"1,210,114",60.15,60.545,59.71
08/04/2021,59.93,"1,132,729",59.75,60.0,59.03
08/03/2021,59.98,"1,482,005",59.25,60.03,59.035
08/02/2021,59.15,"928,439",58.56,59.19,58.42
07/30/2021,58.53,"932,463",58.89,59.43,58.45
07/29/2021,58.9,"731,351",59.09,59.25,58.6
07/28/2021,59.37,"1,226,565",59.72,59.84,58.95
07/27/2021,59.73,"1,028,551",58.56,59.91,58.4
07/26/2021,58.6,"769,968",58.68,58.89,58.065
07/23/2021,58.61,"762,205",57.61,58.645,57.61
07/22/2021,57.56,"994,489",57.34,57.815,57.17
07/21/2021,57.42,"992,136",58.09,58.53,57.38
07/20/2021,58.31,"1,165,774",58.16,59.23,58.085
07/19/2021,58.05,"1,473,836",58.5,58.79,57.36
07/16/2021,58.55,"1,078,357",57.81,58.89,57.78
07/15/2021,57.81,"969,707",56.99,57.85,56.93
07/14/2021,57.23,"771,372",56.68,57.4,56.33
07/13/2021,56.53,"834,998",56.89,56.99,56.28
07/12/2021,56.94,"927,890",56.64,57.09,56.3
07/09/2021,56.76,"2,105,173",56.71,56.98,55.84
07/08/2021,56.84,"766,118",56.55,57.14,56.49
07/07/2021,56.83,"812,336",56.49,56.89,56.05
07/06/2021,56.39,"1,279,828",55.83,56.44,55.17
07/02/2021,56.42,"917,451",56.21,56.47,56.01
07/01/2021,56.27,"1,116,887",56.12,56.59,55.59
06/30/2021,55.76,"958,394",55.76,55.95,55.33
06/29/2021,55.74,"1,295,652",56.98,57.33,55.565
06/28/2021,57.11,"722,480",57.26,57.56,56.925
06/25/2021,57.13,"823,543",56.29,57.15,56.28
06/24/2021,56.42,"1,008,465",56.83,56.83,56.25
06/23/2021,56.75,"1,597,441",57.3,57.45,56.38
06/22/2021,57.23,"1,146,083",57.31,57.74,57.18
06/21/2021,57.33,"1,402,586",56.37,57.465,56.14
06/18/2021,56.33,"2,171,548",58.11,58.19,56.18
06/17/2021,58.12,"1,143,217",57.47,58.25,57.29
06/16/2021,57.57,"1,293,861",58.6,58.96,57.54
06/15/2021,58.75,"753,000",58.49,59.1,58.235
06/14/2021,58.57,"1,071,728",58.51,58.64,58.145
06/11/2021,58.58,"845,229",58.52,58.64,58.26
06/10/2021,58.54,"818,246",58.44,58.66,58.2
06/09/2021,58.3,"964,277",57.83,58.38,57.63
06/08/2021,57.59,"1,915,605",58.14,58.32,57.12
06/07/2021,58.1,"1,046,025",58.23,58.38,57.91
06/04/2021,58.11,"754,668",58.29,58.43,57.88
06/03/2021,58.13,"1,450,032",57.28,58.375,57.28
06/02/2021,57.6,"1,048,120",57.04,57.83,56.76
06/01/2021,56.99,"1,072,767",57.27,57.65,56.775
05/28/2021,57.15,"1,506,049",57.05,57.45,56.895
05/27/2021,56.75,"7,705,925",57.61,57.81,56.75
05/26/2021,57.51,"1,746,536",57.58,57.92,57.345
05/25/2021,57.6,"1,501,940",58.03,58.1,57.425
05/24/2021,58.06,"1,239,036",58.38,58.53,58.02
05/21/2021,58.11,"1,866,299",57.49,58.25,57.49
05/20/2021,57.76,"1,481,861",57.72,58.25,57.66
05/19/2021,57.7,"1,823,757",57.57,57.78,57.055
05/18/2021,57.6,"2,958,448",57.59,58.04,56.89
05/17/2021,56.48,"1,339,611",57.09,57.25,56.37
05/14/2021,56.76,"1,106,578",57.02,57.54,56.75
05/13/2021,56.88,"978,880",55.69,57.17,55.47
05/12/2021,55.81,"1,237,840",56.92,56.96,55.72
05/11/2021,56.97,"1,577,885",57.98,58.19,56.39
05/10/2021,57.95,"1,640,726",57.24,58.175,57.0
05/07/2021,56.74,"1,722,355",56.19,57.0,56.14
05/06/2021,56.57,"1,355,179",55.77,56.57,55.59
05/05/2021,55.61,"1,264,797",56.68,56.68,54.88
05/04/2021,56.535,"1,167,102",56.11,56.55,55.88
05/03/2021,56.17,"1,673,404",56.08,56.73,55.95
04/30/2021,56.17,"1,653,108",55.64,56.23,55.3
04/29/2021,55.38,"2,016,491",55.2,55.61,55.13
04/28/2021,55.3,"1,309,111",55.6,55.77,55.01
04/27/2021,55.52,"985,336",56.06,56.1,55.42
04/26/2021,56.24,"769,001",56.56,56.56,56.06
04/23/2021,56.44,"983,840",57.03,57.03,56.42
04/22/2021,56.85,"938,664",57.07,57.3889,56.61
04/21/2021,57.08,"930,010",57.51,57.81,56.79
04/20/2021,57.42,"1,423,225",56.44,57.56,56.39
04/19/2021,56.19,"1,590,870",56.16,56.37,55.8
04/16/2021,56.16,"1,181,414",56.05,56.37,55.76
04/15/2021,55.68,"1,113,405",54.94,55.79,54.79
04/14/2021,54.88,"964,000",54.24,54.91,54.13
04/13/2021,54.51,"1,151,720",54.03,54.63,53.8
04/12/2021,54.21,"1,267,564",54.1,54.61,53.96
04/09/2021,54.01,"987,676",54.43,54.815,53.97
04/08/2021,54.15,"1,430,937",54.76,54.85,54.075
04/07/2021,54.39,"1,276,946",54.9,55.18,54.32
04/06/2021,54.82,"993,439",54.5,54.89,54.22
04/05/2021,54.84,"823,695",54.52,55.24,54.43
04/01/2021,54.36,"894,068",53.87,54.39,53.59
03/31/2021,54.16,"1,417,672",54.18,54.295,53.84
03/30/2021,54.16,"1,067,777",54.37,54.545,53.56
03/29/2021,54.64,"1,087,867",53.86,54.9,53.65
03/26/2021,53.97,"1,297,699",53.56,54.05,53.25
03/25/2021,53.75,"1,630,329",53.47,54.27,52.93
03/24/2021,53.32,"2,130,405",53.11,53.77,52.815
03/23/2021,53.07,"1,856,650",51.51,53.3,51.32
03/22/2021,51.51,"1,697,740",51.73,52.03,51.17
03/19/2021,51.77,"5,167,215",51.84,52.29,51.12
03/18/2021,51.78,"1,964,850",51.7,52.155,50.98
03/17/2021,51.71,"1,965,848",53.07,53.07,51.57
03/16/2021,52.7,"1,852,511",52.58,53.19,52.355
03/15/2021,52.695,"3,134,098",51.32,53.41,51.32
03/12/2021,51.12,"2,502,648",50.19,51.7,49.99
03/11/2021,49.99,"1,350,632",50.18,50.75,49.96
03/10/2021,50.39,"1,785,383",49.88,50.71,49.69
03/09/2021,49.88,"1,713,358",49.65,50.065,49.52
03/08/2021,49.71,"1,678,556",48.76,49.825,48.2
03/05/2021,48.39,"1,595,786",47.54,48.64,47.26
03/04/2021,47.2,"1,286,270",46.92,48.1,46.76
03/03/2021,46.91,"1,303,608",47.13,47.14,46.06
03/02/2021,47.11,"1,092,400",47.285,47.32,46.37
03/01/2021,47.09,"1,448,563",46.55,47.64,46.55
02/26/2021,46.16,"1,700,803",47.54,48.03,45.99
02/25/2021,47.37,"1,289,747",47.41,47.76,47.1
02/24/2021,47.53,"1,495,503",48.41,48.41,47.29
02/23/2021,48.23,"1,880,023",47.54,48.68,47.36
02/22/2021,47.13,"1,337,810",47.5,47.7695,46.49
02/19/2021,47.63,"1,901,149",49.99,49.99,47.54
02/18/2021,48.61,"1,045,750",47.94,48.69,47.94
02/17/2021,48.225,"999,080",47.99,48.38,47.85
02/16/2021,47.82,"1,128,303",48.55,48.67,47.74
02/12/2021,48.29,"1,269,145",48.67,48.85,48.115
02/11/2021,48.71,"912,843",49.13,49.4,48.5
02/10/2021,49.12,"800,374",49.14,49.52,48.855
02/09/2021,48.84,"834,663",49.28,49.44,48.25
02/08/2021,49.06,"875,817",49.67,50.0,48.95
02/05/2021,49.68,"778,480",49.45,49.87,49.31
02/04/2021,49.455,"924,776",48.93,49.75,48.7
02/03/2021,49.11,"1,229,041",49.4,49.94,49.04
02/02/2021,49.02,"1,065,816",49.13,49.91,48.77
02/01/2021,48.95,"1,236,804",48.74,49.41,48.25
01/29/2021,48.65,"1,800,401",48.84,49.14,48.07
01/28/2021,48.96,"1,236,502",48.92,49.915,48.57
01/27/2021,48.98,"1,452,442",49.56,50.11,48.51
01/26/2021,49.84,"1,077,426",50.5,50.5,49.55
01/25/2021,50.5,"2,205,332",49.41,50.68,49.05
01/22/2021,49.41,"1,283,491",49.82,49.82,48.71
01/21/2021,49.75,"920,276",49.77,50.16,49.51
01/20/2021,49.92,"1,867,039",49.31,50.145,49.22
01/19/2021,49.63,"1,934,223",49.86,50.12,49.03
01/15/2021,49.47,"1,652,467",47.94,49.57,47.7145
01/14/2021,48.09,"936,434",48.68,48.7,47.56
01/13/2021,48.745,"951,486",48.19,48.95,47.9778
01/12/2021,48.03,"920,730",48.4,48.54,47.21
01/11/2021,48.55,"1,022,948",49.33,49.5585,48.23
01/08/2021,49.35,"1,183,520",49.2,49.47,48.66
01/07/2021,49.11,"1,317,579",50.95,50.95,49.09
01/06/2021,51.0,"969,911",50.582,51.28,50.23
01/05/2021,50.245,"968,077",50.5,50.79,50.02
01/04/2021,50.49,"807,677",51.53,51.5408,50.27
12/31/2020,51.53,"916,234",50.49,51.61,50.42
12/30/2020,50.76,"563,774",50.52,51.0,50.36
12/29/2020,50.48,"1,048,642",50.61,50.91,50.26
12/28/2020,50.31,"743,559",50.35,50.82,50.129
12/24/2020,50.02,"743,155",49.58,50.07,47.61
12/23/2020,49.54,"1,005,314",50.47,50.68,49.54
12/22/2020,50.175,"1,059,680",50.31,50.34,49.91
12/21/2020,50.34,"1,692,348",50.54,50.81,49.36
12/18/2020,51.05,"2,601,911",51.57,51.8935,50.67
12/17/2020,51.73,"1,224,116",51.84,52.31,51.67
12/16/2020,51.64,"1,378,844",52.58,52.855,51.62
12/15/2020,52.38,"1,108,011",51.56,52.58,51.21
12/14/2020,51.34,"677,677",52.2,52.47,51.32
12/11/2020,51.705,"810,208",51.58,51.83,51.43
12/10/2020,51.86,"1,016,147",51.99,52.36,51.49
12/09/2020,52.295,"1,161,842",52.81,52.85,51.9228
12/08/2020,52.76,"1,177,011",53.1,53.315,52.55
12/07/2020,53.335,"1,267,010",53.02,53.37,52.735
12/04/2020,52.88,"1,270,033",53.34,53.77,52.66
12/03/2020,53.36,"1,485,143",53.69,53.69,52.88
12/02/2020,53.82,"1,412,072",53.15,53.85,52.69
12/01/2020,53.37,"1,355,851",52.96,53.7,52.81
11/30/2020,52.6,"2,093,113",52.61,52.95,52.11
11/27/2020,52.76,"461,181",53.39,53.71,52.56
11/25/2020,53.51,"1,282,522",53.42,53.87,52.76
11/24/2020,53.37,"1,215,335",53.04,53.5,52.55
11/23/2020,52.75,"1,048,960",53.16,53.4,52.6
11/20/2020,52.87,"1,667,758",52.52,53.15,52.16
11/19/2020,52.47,"1,022,624",53.6,53.7142,52.22
11/18/2020,53.06,"1,501,943",54.98,55.11,53.01
11/17/2020,54.73,"1,405,579",56.23,56.55,54.66
11/16/2020,56.44,"1,032,580",57.01,57.12,55.79
11/13/2020,56.2,"977,953",56.51,56.8,55.85
11/12/2020,56.13,"1,282,005",57.17,57.39,55.86
11/11/2020,57.42,"733,919",57.17,57.78,56.98
11/10/2020,56.96,"1,132,863",56.41,57.38,56.41
11/09/2020,56.63,"1,550,964",56.41,58.1,56.3
11/06/2020,54.57,"1,047,756",55.25,55.79,54.05
11/05/2020,54.88,"1,145,890",55.86,56.165,54.65
11/04/2020,55.34,"1,552,744",56.3,57.475,55.12
11/03/2020,56.44,"1,951,507",55.92,57.52,55.71
11/02/2020,56.69,"1,342,450",56.06,56.93,55.39
10/30/2020,55.28,"1,348,042",55.42,55.74,54.64
10/29/2020,55.57,"967,497",54.78,56.2685,54.145
10/28/2020,55.52,"1,267,466",56.19,57.06,55.43
10/27/2020,57.16,"978,564",57.05,57.52,56.63
10/26/2020,56.83,"797,791",56.29,57.01,56.1
10/23/2020,56.67,"832,248",56.85,56.86,56.13
10/22/2020,56.46,"1,256,016",55.5,56.65,55.33
10/21/2020,55.64,"1,526,984",55.0,56.08,54.98
10/20/2020,55.14,"875,572",54.89,55.38,54.62
10/19/2020,54.72,"1,599,775",54.98,55.22,54.56
10/16/2020,54.89,"1,339,749",54.49,55.23,54.21
10/15/2020,54.55,"874,586",53.71,54.88,53.62
10/14/2020,54.05,"697,951",54.29,54.53,53.76
10/13/2020,54.08,"898,630",54.38,54.4999,53.66
10/12/2020,54.72,"1,271,837",54.63,55.2,54.585
10/09/2020,54.74,"881,312",55.22,55.52,54.48
10/08/2020,55.18,"1,405,465",54.22,55.2,54.08
10/07/2020,54.08,"1,063,044",54.73,54.84,53.74
10/06/2020,54.39,"1,334,873",53.53,54.8699,53.15
10/05/2020,53.31,"1,463,109",53.15,53.52,52.53
10/02/2020,53.09,"1,491,664",52.06,53.47,52.02
10/01/2020,52.33,"1,596,631",51.57,52.53,51.57
09/30/2020,51.65,"1,583,797",51.56,51.87,51.24
09/29/2020,51.08,"968,366",51.66,51.77,50.99
09/28/2020,51.49,"1,492,996",51.66,51.9699,51.24
09/25/2020,51.35,"2,044,104",49.52,51.52,49.305
09/24/2020,49.93,"1,253,435",49.8,50.31,49.417
09/23/2020,49.83,"1,196,571",50.22,50.425,49.79
09/22/2020,50.01,"1,322,581",49.67,50.47,49.6425
09/21/2020,49.83,"1,805,014",50.337,50.77,48.89
09/18/2020,50.98,"2,342,514",52.02,52.11,50.88
09/17/2020,52.18,"1,167,305",52.77,52.77,51.785
09/16/2020,53.06,"1,480,903",52.75,53.67,52.45
09/15/2020,52.76,"1,518,031",52.79,53.555,52.595
09/14/2020,52.33,"2,245,957",52.12,52.57,51.84
09/11/2020,51.86,"2,009,747",52.11,52.26,51.515
09/10/2020,52.08,"1,977,901",53.51,53.885,52.03
09/09/2020,53.78,"2,710,318",52.96,54.46,52.96
09/08/2020,52.65,"1,838,963",53.28,53.4,52.31
09/04/2020,53.29,"1,763,447",54.2,54.385,52.66
09/03/2020,53.97,"1,611,554",54.85,55.15,53.57
09/02/2020,54.66,"2,170,296",53.47,54.85,53.21
09/01/2020,53.48,"995,998",54.01,54.07,53.25
08/31/2020,54.15,"1,349,312",54.09,54.6,54.015
08/28/2020,54.32,"836,191",54.05,54.35,53.5575
08/27/2020,54.0,"907,722",54.47,54.87,53.795
08/26/2020,54.04,"1,402,760",54.32,54.34,53.32
08/25/2020,54.25,"875,681",55.06,55.07,54.14
08/24/2020,54.65,"838,895",54.27,54.69,53.6
08/21/2020,54.08,"943,750",53.81,54.2,53.16
08/20/2020,53.62,"882,873",53.5,54.13,53.15
08/19/2020,53.82,"975,874",53.81,54.06,53.465
08/18/2020,53.65,"799,269",53.79,54.01,53.31
08/17/2020,53.9,"1,131,154",54.04,54.47,53.69
08/14/2020,53.77,"688,286",54.08,54.405,53.65
08/13/2020,53.98,"1,181,681",54.1,54.13,53.4
08/12/2020,53.93,"884,490",53.95,54.44,53.55
08/11/2020,53.66,"911,397",55.6,55.6,53.49
08/10/2020,55.35,"1,130,605",55.03,55.59,54.64
08/07/2020,54.72,"1,476,025",52.57,55.12,52.22
08/06/2020,53.34,"1,278,324",52.76,53.45,52.35
08/05/2020,52.87,"1,709,948",54.12,54.17,52.75
08/04/2020,53.8,"1,176,004",53.54,54.13,53.41
08/03/2020,53.51,"785,851",53.73,53.84,52.8332
07/31/2020,53.85,"1,198,189",53.63,53.9,53.01
07/30/2020,53.77,"1,030,929",53.22,53.95,52.63
07/29/2020,54.01,"640,643",53.79,54.11,53.5
07/28/2020,53.62,"1,108,571",52.79,53.94,52.5791
07/27/2020,52.87,"1,234,564",53.01,53.13,52.36
07/24/2020,53.12,"1,418,448",53.45,54.0,52.81
07/23/2020,53.25,"1,600,244",52.7,53.44,52.67
07/22/2020,52.55,"1,449,417",50.35,52.61,50.27
07/21/2020,50.73,"1,159,050",50.39,51.43,50.26
07/20/2020,50.45,"801,552",50.55,50.9,50.25
07/17/2020,50.77,"1,328,196",50.0,50.83,49.87
07/16/2020,49.73,"870,624",49.31,49.94,49.25
07/15/2020,49.37,"1,283,802",50.04,50.54,49.34
07/14/2020,49.49,"1,860,761",49.29,49.66,48.89
07/13/2020,48.945,"2,216,278",48.93,49.335,48.66
07/10/2020,49.04,"895,118",48.3,49.3,48.3
07/09/2020,48.25,"1,346,600",48.37,48.475,47.52
07/08/2020,48.51,"1,344,028",48.42,48.73,48.05
07/07/2020,48.47,"1,706,139",48.58,48.73,48.11
07/06/2020,49.0,"1,532,117",49.75,50.19,48.76
07/02/2020,49.42,"1,148,088",49.32,49.635,49.09
07/01/2020,48.76,"959,704",47.77,48.96,47.68
06/30/2020,47.84,"1,489,060",47.41,48.14,47.29
06/29/2020,47.4,"1,321,030",47.61,47.64,46.715
06/26/2020,47.05,"3,342,608",46.83,47.56,46.4
06/25/2020,46.77,"1,753,467",47.06,47.18,46.15
06/24/2020,47.12,"2,309,500",47.4,47.61,46.57
06/23/2020,47.89,"1,056,725",48.96,49.67,47.67
06/22/2020,48.485,"1,270,440",47.99,48.71,47.51
06/19/2020,47.99,"4,681,227",49.77,49.77,47.8598
06/18/2020,49.03,"881,007",48.63,49.1,48.41
06/17/2020,48.91,"1,170,073",49.28,49.42,48.2703
06/16/2020,49.0,"1,396,174",49.77,50.34,48.705
06/15/2020,48.92,"1,062,335",47.48,49.36,47.22
06/12/2020,48.55,"1,614,688",49.6,49.6,48.1
06/11/2020,48.69,"1,609,635",49.97,50.375,48.23
06/10/2020,50.72,"1,113,809",50.54,51.19,50.4
06/09/2020,50.77,"1,083,865",51.75,52.26,50.42
06/08/2020,52.32,"1,378,453",50.57,52.47,50.05
06/05/2020,50.64,"1,103,065",50.65,51.69,50.35
06/04/2020,50.1,"1,666,398",50.61,51.01,49.63
06/03/2020,51.04,"1,361,867",50.62,51.43,50.27
06/02/2020,50.16,"1,553,123",49.55,50.2,49.21
06/01/2020,49.46,"989,308",49.32,49.69,48.765
05/29/2020,49.36,"1,858,817",48.48,49.72,48.4
05/28/2020,48.86,"1,276,231",47.91,49.04,47.54
05/27/2020,47.33,"1,430,892",47.74,47.89,46.76
05/26/2020,46.91,"1,071,750",47.14,47.7,46.74
05/22/2020,46.38,"875,009",46.1,46.41,45.96
05/21/2020,46.03,"983,674",46.41,46.89,45.99
05/20/2020,46.66,"881,974",46.63,47.42,46.38
05/19/2020,46.32,"1,075,114",47.35,47.65,46.31
05/18/2020,47.74,"1,170,362",47.26,48.08,47.02
05/15/2020,45.95,"3,747,422",45.72,46.06,44.74
05/14/2020,45.94,"1,510,806",45.16,46.21,44.36
05/13/2020,45.86,"1,966,147",45.95,46.25,45.39
05/12/2020,46.395,"1,317,058",46.97,47.12,46.06
05/11/2020,47.08,"1,238,299",47.84,47.84,46.45
05/08/2020,47.99,"1,311,999",47.47,48.21,46.55
05/07/2020,46.24,"1,403,383",46.88,47.41,46.115
05/06/2020,46.17,"1,716,480",48.22,48.3667,46.08
05/05/2020,48.02,"976,707",47.61,48.4335,47.5
05/04/2020,47.495,"1,296,461",47.41,47.71,46.6
05/01/2020,47.25,"1,391,466",48.18,48.36,46.805
04/30/2020,48.55,"1,377,469",49.1,49.3,47.94
04/29/2020,49.41,"2,091,930",50.78,50.93,49.03
04/28/2020,50.65,"1,276,274",50.94,51.37,50.08
04/27/2020,50.34,"1,512,697",50.25,50.74,50.0
04/24/2020,49.98,"1,363,288",50.05,50.395,48.89
04/23/2020,50.09,"1,087,658",51.09,51.16,49.63
04/22/2020,51.03,"1,100,700",50.45,51.6,49.83
04/21/2020,49.7,"1,047,127",48.97,49.8299,48.41
04/20/2020,49.99,"1,145,695",52.07,52.53,49.85
04/17/2020,52.87,"704,029",52.23,53.175,51.61
04/16/2020,51.61,"732,284",51.79,52.42,50.9
04/15/2020,51.5,"1,003,219",52.82,53.3,51.22
04/14/2020,53.62,"1,503,693",52.46,53.75,52.17
04/13/2020,51.28,"725,361",52.57,52.98,50.67
04/09/2020,53.14,"1,351,235",51.51,54.45,51.51
04/08/2020,51.23,"1,969,685",48.12,51.66,47.79
04/07/2020,48.03,"2,453,110",49.04,49.165,47.69
04/06/2020,47.83,"1,321,627",46.47,48.68,46.1
04/03/2020,45.15,"1,487,065",46.37,47.35,44.74
04/02/2020,46.92,"1,662,114",44.03,47.29,43.61
04/01/2020,44.97,"1,889,280",46.46,46.92,43.97
03/31/2020,48.29,"2,879,190",49.67,50.49,48.01
03/30/2020,50.57,"2,166,656",48.37,50.79,47.35
03/27/2020,47.75,"1,759,946",46.37,49.33,45.6708
03/26/2020,47.9,"2,889,345",44.24,48.62,44.18
03/25/2020,44.18,"3,493,133",43.07,45.89,40.51
03/24/2020,43.86,"4,065,687",41.0,44.02,39.34
03/23/2020,39.99,"2,854,096",40.28,40.72,37.66
03/20/2020,40.7,"3,291,083",45.06,45.14,40.21
03/19/2020,45.03,"2,256,972",49.04,49.395,44.51
03/18/2020,48.97,"2,835,848",50.07,51.56,46.75
03/17/2020,52.37,"4,083,080",48.6,53.94,48.51
03/16/2020,47.56,"4,456,993",47.87,50.29,46.43
03/13/2020,50.9,"2,375,895",49.92,51.1,47.55
03/12/2020,48.18,"3,107,641",48.75,51.73,45.37
03/11/2020,51.59,"3,135,607",52.81,53.8,50.91
03/10/2020,54.0,"3,358,561",54.77,56.04,51.96
03/09/2020,54.16,"3,383,786",54.62,56.41,53.19
03/06/2020,57.49,"2,469,766",56.02,57.72,54.96
03/05/2020,57.39,"1,618,072",57.02,58.02,56.58
03/04/2020,57.86,"1,672,613",55.42,58.15,54.99
03/03/2020,54.77,"2,248,746",55.29,56.54,54.56
03/02/2020,55.36,"2,205,327",52.21,55.47,52.13
02/28/2020,52.12,"3,409,341",54.0,54.0,51.25
02/27/2020,54.95,"2,215,449",57.83,58.03,54.85
02/26/2020,57.83,"2,267,833",58.06,58.76,57.8
02/25/2020,58.01,"1,873,828",58.9,59.51,57.95
02/24/2020,58.835,"1,655,648",59.36,59.8,58.7301
02/21/2020,59.14,"2,395,193",59.65,60.27,59.01
02/20/2020,59.57,"1,315,706",59.37,59.67,59.11
02/19/2020,59.465,"950,339",60.15,60.15,59.386
02/18/2020,60.165,"959,430",59.95,60.28,59.74
02/14/2020,59.74,"1,144,462",59.47,59.78,59.33
02/13/2020,59.38,"1,419,776",58.63,59.39,58.518
02/12/2020,58.66,"1,104,092",58.2,58.79,58.15
02/11/2020,58.39,"1,073,922",58.47,58.74,58.335
02/10/2020,58.42,"1,250,866",58.49,58.57,58.218
02/07/2020,58.33,"1,249,745",58.77,58.97,58.31
02/06/2020,58.53,"2,040,666",58.68,58.89,58.41
02/05/2020,58.56,"1,586,062",58.5,58.88,58.295
02/04/2020,58.66,"1,304,878",59.44,59.59,58.57
02/03/2020,59.52,"1,248,550",59.58,59.71,59.265
01/31/2020,59.36,"1,154,206",59.26,59.74,59.11
01/30/2020,59.42,"1,146,426",58.92,59.4715,58.545
01/29/2020,59.08,"1,230,577",59.25,59.25,58.77
01/28/2020,59.15,"1,839,609",59.05,59.34,58.68
01/27/2020,58.83,"1,156,531",59.01,59.43,58.59
01/24/2020,58.93,"1,290,545",58.46,59.02,58.34
01/23/2020,58.46,"1,328,153",57.78,58.49,57.67
01/22/2020,57.75,"1,207,722",57.56,57.96,57.46
01/21/2020,57.36,"1,821,371",57.23,57.54,56.83
01/17/2020,57.16,"2,231,590",56.87,57.24,56.415
01/16/2020,56.78,"1,304,617",56.49,56.79,56.26
01/15/2020,56.26,"1,434,243",55.83,56.31,55.76
01/14/2020,55.62,"1,138,529",55.62,55.78,55.16
01/13/2020,55.58,"1,168,704",55.15,55.78,55.02
01/10/2020,55.07,"1,289,203",54.67,55.215,54.57
01/09/2020,54.53,"1,869,727",53.86,54.59,53.68
01/08/2020,53.92,"1,504,336",53.82,54.08,53.65
01/07/2020,53.8,"1,815,093",53.65,53.84,53.32
01/06/2020,53.75,"2,585,939",53.8,54.12,53.55
01/03/2020,53.8,"976,142",53.67,54.35,53.56
01/02/2020,53.63,"1,357,473",54.68,54.77,53.385
12/31/2019,54.72,"1,450,069",54.41,54.76,54.26
12/30/2019,54.38,"832,547",54.2,54.4153,54.09
12/27/2019,54.34,"1,891,515",54.08,54.365,53.95
12/26/2019,54.22,"1,140,479",54.25,54.38,54.02
12/24/2019,54.27,"960,524",54.22,54.28,53.8
12/23/2019,54.3,"1,802,667",55.0,55.3,54.18
12/20/2019,54.95,"4,241,525",55.04,55.4,54.19
12/19/2019,54.22,"1,418,619",54.46,54.46,53.81
12/18/2019,54.28,"3,987,029",54.08,54.305,53.725
12/17/2019,53.875,"1,313,441",53.63,54.15,53.4198
12/16/2019,53.48,"1,322,905",53.06,53.49,52.77
12/13/2019,52.925,"1,579,021",52.57,52.98,52.24
12/12/2019,52.59,"1,197,511",53.0,53.15,52.42
12/11/2019,53.04,"1,050,245",52.95,53.2,52.69
12/10/2019,52.95,"954,371",52.92,53.27,52.775
12/09/2019,52.88,"1,700,436",53.29,53.39,52.78
12/06/2019,53.11,"1,152,186",53.05,53.29,52.81
12/05/2019,53.17,"744,439",53.07,53.19,52.83
12/04/2019,53.17,"1,235,234",52.48,53.26,52.48
12/03/2019,52.7,"1,556,314",52.64,52.96,52.58
12/02/2019,52.43,"1,353,463",52.77,53.03,52.36
11/29/2019,53.0,"584,343",53.24,53.46,52.42
11/27/2019,53.05,"1,044,795",52.99,53.165,52.6046
11/26/2019,52.97,"2,403,962",52.73,53.125,52.63
11/25/2019,52.75,"1,242,374",53.41,53.53,52.645
11/22/2019,53.39,"970,570",53.54,53.63,53.07
11/21/2019,53.38,"1,849,047",53.61,53.67,52.89
11/20/2019,53.14,"1,416,105",52.65,53.18,52.52
11/19/2019,52.58,"1,625,055",52.69,52.97,52.4
11/18/2019,52.85,"1,477,549",53.14,53.585,52.76
11/15/2019,52.88,"1,733,942",53.12,53.2034,52.58
11/14/2019,53.06,"2,525,084",53.15,53.3,52.65
11/13/2019,52.63,"2,214,914",52.32,52.94,51.86
11/12/2019,51.68,"1,350,308",51.44,51.8,51.41
11/11/2019,51.6,"1,087,138",51.54,52.89,51.4
11/08/2019,51.68,"1,585,211",51.25,51.92,51.09
11/07/2019,51.5,"2,682,054",52.6,52.83,50.93
11/06/2019,51.9,"2,232,989",51.99,52.38,51.71
11/05/2019,51.71,"1,941,222",51.99,52.16,51.47
11/04/2019,52.18,"1,524,508",53.06,53.09,51.96
11/01/2019,53.03,"1,394,396",53.35,53.5,52.88
10/31/2019,53.34,"1,682,145",52.89,53.4248,52.73
10/30/2019,52.95,"1,285,420",52.3,53.0,52.28
10/29/2019,52.52,"1,086,770",52.72,52.84,52.42
10/28/2019,52.73,"1,647,481",52.87,53.31,52.52
10/25/2019,53.18,"1,228,578",53.62,53.71,52.97
10/24/2019,53.66,"1,374,653",53.72,54.02,53.47
10/23/2019,53.64,"1,478,053",53.36,53.66,53.27
10/22/2019,53.37,"1,420,551",53.31,53.55,53.18
10/21/2019,53.15,"1,100,512",53.07,53.24,52.62
10/18/2019,52.98,"1,263,472",52.72,53.035,52.37
10/17/2019,52.74,"1,060,031",52.31,52.82,52.18
10/16/2019,52.29,"931,767",51.74,52.32,51.58
10/15/2019,51.99,"1,285,744",52.15,52.6,51.59
10/14/2019,52.38,"993,697",53.14,53.16,52.24
10/11/2019,53.025,"1,259,962",53.25,53.5,52.64
10/10/2019,53.49,"877,844",53.29,53.69,52.91
10/09/2019,53.535,"752,037",53.41,53.74,53.27
10/08/2019,53.39,"1,017,529",53.77,53.9,53.29
10/07/2019,53.78,"1,132,619",54.31,54.31,53.74
10/04/2019,54.35,"1,027,583",53.5,54.43,53.46
10/03/2019,53.38,"1,159,310",53.22,53.53,53.13
10/02/2019,53.31,"938,019",53.84,54.02,53.14
10/01/2019,53.89,"868,608",53.66,53.94,53.39
09/30/2019,53.93,"1,009,158",54.16,54.455,53.78
09/27/2019,54.03,"531,860",54.31,54.32,53.74
09/26/2019,54.26,"796,627",54.15,54.59,54.07
09/25/2019,54.03,"915,339",54.05,54.3007,53.77
09/24/2019,54.16,"1,291,030",53.56,54.32,53.33
09/23/2019,53.27,"1,423,235",52.98,53.54,52.98
09/20/2019,53.18,"2,330,113",52.83,53.45,52.6
09/19/2019,53.11,"1,149,799",53.12,53.24,52.83
09/18/2019,52.95,"1,045,451",52.96,53.17,52.57
09/17/2019,52.81,"1,247,120",51.93,52.89,51.93
09/16/2019,51.93,"1,305,099",51.74,52.0,51.48
09/13/2019,51.65,"1,058,542",51.5,52.02,51.27
09/12/2019,51.7,"912,037",51.68,52.195,51.51
09/11/2019,51.43,"1,136,431",50.9,51.575,50.64
09/10/2019,50.96,"2,364,846",51.11,51.15,50.36
09/09/2019,51.29,"1,838,909",51.52,52.12,51.215
09/06/2019,52.26,"1,778,713",52.74,52.81,51.89
09/05/2019,52.56,"1,627,672",53.18,53.29,52.43
09/04/2019,53.51,"1,533,923",53.71,53.87,53.05
09/03/2019,53.56,"2,264,768",52.75,53.81,52.48
08/30/2019,52.45,"1,592,648",52.73,52.86,52.3
08/29/2019,52.53,"1,174,654",52.51,53.0,51.945
08/28/2019,52.38,"2,199,358",52.36,52.69,52.075
08/27/2019,52.34,"1,342,460",52.32,52.75,52.29
08/26/2019,52.26,"647,804",51.71,52.28,51.67
08/23/2019,51.64,"983,314",52.15,52.505,51.28
08/22/2019,52.18,"866,788",52.17,52.29,51.77
08/21/2019,52.16,"992,879",51.89,52.2,51.67
08/20/2019,51.87,"571,987",52.16,52.16,51.59
08/19/2019,51.98,"750,161",51.68,52.16,51.5
08/16/2019,51.63,"1,050,181",51.88,51.97,51.535
08/15/2019,51.57,"1,210,731",50.81,51.71,50.33
08/14/2019,50.85,"761,693",51.6,51.64,50.68
08/13/2019,51.44,"972,443",51.2,51.66,51.08
08/12/2019,51.38,"1,465,636",51.66,51.77,51.2
08/09/2019,51.49,"816,196",51.55,51.68,51.18
08/08/2019,51.34,"1,122,265",50.57,51.46,50.34
08/07/2019,50.69,"1,335,201",50.41,51.1,49.85
08/06/2019,50.44,"1,559,391",49.84,50.69,49.15
08/05/2019,49.75,"1,954,633",50.3,50.73,49.535
08/02/2019,50.13,"1,358,644",50.44,50.83,48.7664
08/01/2019,49.98,"1,547,043",49.45,50.3,48.84
07/31/2019,49.54,"1,314,928",49.65,50.06,49.28
07/30/2019,49.67,"1,056,659",49.84,50.18,49.46
07/29/2019,50.15,"1,275,697",49.92,50.435,49.67
07/26/2019,49.79,"825,560",49.46,49.865,49.27
07/25/2019,49.39,"797,895",49.57,49.72,49.155
07/24/2019,49.51,"796,552",49.88,49.935,49.165
07/23/2019,49.59,"816,588",50.04,50.27,49.48
07/22/2019,49.89,"742,999",50.04,50.105,49.43
07/19/2019,49.93,"892,082",50.83,50.95,49.92
07/18/2019,50.85,"808,695",50.27,50.88,49.94
07/17/2019,50.27,"824,409",49.97,50.5601,49.97
07/16/2019,49.95,"673,457",49.81,49.99,49.56
07/15/2019,50.0,"725,942",49.85,50.08,49.6
07/12/2019,49.85,"632,926",50.29,50.5,49.71
07/11/2019,50.29,"881,210",50.23,50.57,49.93
07/10/2019,50.37,"982,515",50.15,50.6,50.0
07/09/2019,50.11,"986,976",49.87,50.14,49.58
07/08/2019,49.93,"924,136",49.98,50.2,49.585
07/05/2019,49.95,"810,048",49.74,50.22,49.15
07/03/2019,50.18,"749,917",49.89,50.37,49.89
07/02/2019,49.69,"1,500,425",49.13,49.865,49.0
07/01/2019,48.99,"874,423",49.45,49.45,48.48
06/28/2019,49.08,"1,361,736",48.82,49.44,48.82
06/27/2019,48.93,"1,137,686",49.03,49.34,48.77
06/26/2019,48.98,"1,460,400",50.17,50.17,48.92
06/25/2019,49.78,"1,370,891",49.99,50.14,49.69
06/24/2019,49.81,"878,237",50.11,50.14,49.645
06/21/2019,49.96,"1,925,510",49.98,50.15,49.2
06/20/2019,49.98,"984,393",49.92,50.08,49.38
06/19/2019,49.65,"2,521,125",49.06,49.77,48.58
06/18/2019,49.19,"1,557,566",49.89,49.89,48.87
06/17/2019,49.6,"891,562",49.96,50.075,49.32
06/14/2019,50.0,"1,126,224",49.39,50.005,49.33
06/13/2019,49.23,"1,152,048",49.435,49.435,48.81
06/12/2019,49.04,"780,174",48.55,49.08,48.48
06/11/2019,48.21,"1,199,152",48.65,48.88,47.95
06/10/2019,48.78,"657,591",48.9,48.97,48.415
06/07/2019,49.0,"1,042,883",49.59,49.9412,48.96
06/06/2019,49.28,"815,622",49.26,49.44,48.95
06/05/2019,49.07,"1,207,320",48.13,49.32,47.98
06/04/2019,47.95,"987,991",48.07,48.08,46.835
06/03/2019,48.0,"1,333,199",47.61,48.09,47.28
05/31/2019,47.46,"1,210,147",46.89,47.59,46.89
05/30/2019,46.89,"801,551",46.98,47.17,46.74
05/29/2019,46.89,"1,152,115",47.76,47.8,46.79
05/28/2019,47.65,"1,654,552",48.77,48.77,47.48
05/24/2019,48.72,"695,607",48.88,49.08,48.66
05/23/2019,48.77,"983,048",48.48,48.8,48.42
05/22/2019,48.47,"756,783",48.16,48.49,47.975
05/21/2019,48.08,"840,590",48.23,48.57,48.01
05/20/2019,48.2,"928,982",48.17,48.49,48.045
05/17/2019,48.1,"789,950",47.61,48.315,47.48
05/16/2019,47.77,"1,069,035",47.2,47.88,46.7781
05/15/2019,47.31,"885,838",47.42,47.58,47.24
05/14/2019,47.35,"989,964",47.87,47.92,47.27
05/13/2019,47.85,"1,057,371",47.15,47.915,47.085
05/10/2019,47.18,"734,716",46.28,47.2,46.23
05/09/2019,46.28,"1,057,544",46.12,46.45,46.01
05/08/2019,46.16,"1,397,057",46.86,46.88,46.12
05/07/2019,46.88,"1,059,782",47.0,47.25,46.65
05/06/2019,47.13,"783,070",47.34,47.78,46.96
05/03/2019,47.22,"1,270,740",46.95,47.5,46.6
05/02/2019,46.68,"1,400,932",46.8,47.05,46.46
05/01/2019,46.78,"1,248,536",46.99,47.41,46.58
04/30/2019,47.23,"1,409,740",46.38,47.28,46.21
04/29/2019,46.28,"801,753",46.49,46.56,46.13
04/26/2019,46.98,"1,124,860",47.03,47.41,46.94
04/25/2019,46.87,"961,982",46.46,47.04,46.25
04/24/2019,46.68,"1,248,025",46.33,46.795,46.24
04/23/2019,46.24,"1,004,999",46.1,46.39,45.87
04/22/2019,45.94,"1,113,025",45.95,46.11,45.715
04/18/2019,45.98,"1,897,953",45.88,46.27,45.75
04/17/2019,45.9,"776,632",46.14,46.215,45.88
04/16/2019,46.1,"801,401",46.71,46.9,45.93
04/15/2019,46.73,"764,634",46.84,46.985,46.6
04/12/2019,46.81,"801,727",46.56,46.835,46.14
04/11/2019,46.63,"1,117,835",46.32,46.65,46.3
04/10/2019,46.29,"833,950",46.47,46.9,46.18
04/09/2019,46.44,"833,918",46.37,46.47,46.2
04/08/2019,46.36,"939,884",46.65,46.75,46.23
04/05/2019,46.74,"986,538",46.21,46.76,46.17
04/04/2019,46.32,"1,111,485",46.64,46.65,45.99
04/03/2019,46.53,"1,704,564",46.52,46.65,46.14
04/02/2019,46.55,"1,712,746",46.92,46.93,46.38
04/01/2019,46.85,"1,325,918",47.13,47.14,46.55
03/29/2019,47.13,"1,262,905",46.88,47.17,46.67
03/28/2019,46.9,"1,034,753",47.6,47.77,46.72
03/27/2019,47.58,"1,160,956",47.88,47.88,47.3
03/26/2019,47.86,"800,420",47.6,47.91,47.53
03/25/2019,47.59,"1,258,889",47.63,47.76,47.34
03/22/2019,47.55,"1,165,549",47.27,47.885,47.22
03/21/2019,47.12,"1,140,438",46.53,47.165,46.46
03/20/2019,46.58,"1,619,119",46.59,47.05,46.345
03/19/2019,46.46,"1,342,808",47.07,47.13,46.27
03/18/2019,47.1,"1,360,486",47.32,47.44,46.86
03/15/2019,47.4,"5,523,418",46.84,47.48,46.84
03/14/2019,46.93,"1,873,527",47.17,47.34,46.83
03/13/2019,47.14,"2,015,014",47.08,47.33,47.0
03/12/2019,47.15,"2,268,327",46.78,47.22,46.66
03/11/2019,46.69,"1,284,685",46.4,46.725,46.3
03/08/2019,46.25,"1,608,971",46.24,46.48,45.925
03/07/2019,46.19,"1,416,375",46.1,46.47,46.06
03/06/2019,46.02,"1,196,433",45.97,46.17,45.68
03/05/2019,45.9,"1,465,274",46.25,46.28,45.7989
03/04/2019,46.28,"1,841,649",45.85,46.34,45.77
03/01/2019,45.87,"1,932,638",46.0,46.18,45.37
02/28/2019,45.87,"1,873,898",45.5,45.99,45.39
02/27/2019,45.45,"1,203,265",45.45,45.55,45.18
02/26/2019,45.46,"1,463,403",45.52,45.62,45.23
02/25/2019,45.34,"1,330,792",45.75,45.8051,45.09
02/22/2019,45.68,"1,676,118",44.77,45.8,44.77
02/21/2019,45.63,"1,356,375",45.13,45.76,44.785
02/20/2019,45.17,"1,718,906",45.13,45.36,44.86
02/19/2019,45.15,"1,354,951",44.88,45.28,44.72
02/15/2019,44.98,"2,109,993",45.21,45.21,44.68
02/14/2019,44.88,"1,877,432",44.99,45.205,44.65
02/13/2019,44.9,"1,197,538",44.95,44.99,44.59
02/12/2019,44.95,"1,665,876",45.16,45.245,44.64
02/11/2019,44.92,"1,314,843",44.97,45.16,44.75
02/08/2019,45.0,"1,215,958",44.75,45.06,44.41
02/07/2019,44.74,"1,909,364",44.08,44.76,44.0467
02/06/2019,44.23,"980,682",44.18,44.435,43.95
02/05/2019,44.36,"1,101,859",44.15,44.45,43.95
02/04/2019,44.25,"1,151,283",44.0,44.25,43.12
02/01/2019,44.16,"3,430,075",44.35,44.5,43.57
01/31/2019,44.47,"2,626,885",43.73,44.55,43.2
01/30/2019,43.33,"1,769,185",42.88,43.56,42.51
01/29/2019,43.04,"929,575",43.15,43.36,42.93
01/28/2019,42.96,"1,234,213",43.23,43.35,42.68
01/25/2019,43.1,"1,776,650",43.65,43.97,43.04
01/24/2019,43.92,"1,610,375",43.54,43.97,43.16
01/23/2019,43.64,"1,749,239",43.0,43.65,43.0
01/22/2019,43.14,"1,976,694",43.16,43.44,42.57
01/18/2019,42.95,"2,021,988",42.6,42.98,42.45
01/17/2019,42.53,"1,167,488",42.42,42.6,42.28
01/16/2019,42.39,"1,904,413",42.07,42.54,41.6129
01/15/2019,42.03,"2,286,555",41.26,42.07,41.05
01/14/2019,41.25,"2,361,258",41.7,41.8,40.75
01/11/2019,41.96,"1,646,888",42.44,42.54,41.89
01/10/2019,42.51,"1,625,043",41.7,42.56,41.51
01/09/2019,41.69,"1,279,086",42.06,42.18,41.58
01/08/2019,42.07,"1,743,846",41.49,42.1,41.29
01/07/2019,41.43,"1,551,605",42.3,42.3,41.12
01/04/2019,41.72,"1,773,042",41.0,41.76,41.0
01/03/2019,41.22,"2,471,724",41.16,41.65,40.94
01/02/2019,41.15,"2,797,859",42.16,42.19,40.89
12/31/2018,42.25,"1,421,042",42.56,43.12,41.64
12/28/2018,42.05,"2,441,864",42.1,42.43,41.76
12/27/2018,41.99,"3,012,552",41.62,42.01,40.88
12/26/2018,41.68,"2,483,530",41.26,41.76,40.68
12/24/2018,41.21,"1,241,796",43.59,43.59,41.18
12/21/2018,43.45,"4,282,596",43.84,44.88,43.41
12/20/2018,43.82,"3,424,470",43.71,44.43,43.25
12/19/2018,43.72,"3,250,915",44.03,44.27,43.52
12/18/2018,43.92,"3,148,795",44.43,44.71,43.73
12/17/2018,44.13,"3,311,651",45.43,45.47,43.97
12/14/2018,45.32,"7,159,108",45.73,45.85,44.95
12/13/2018,46.12,"1,846,577",45.81,46.31,45.81
12/12/2018,45.89,"1,398,415",46.22,46.5,45.81
12/11/2018,46.28,"1,300,204",45.96,46.45,45.72
12/10/2018,45.94,"1,471,356",45.89,46.09,45.19
12/07/2018,45.84,"1,323,382",45.74,46.04,45.29
12/06/2018,45.72,"2,172,615",46.31,46.39,45.15
12/04/2018,46.17,"1,346,502",46.1,46.5831,45.94
12/03/2018,45.9,"1,217,281",45.37,45.93,44.74
11/30/2018,45.39,"1,889,342",44.83,45.41,44.65
11/29/2018,44.67,"1,204,781",44.77,44.77,44.12
11/28/2018,44.77,"1,576,389",44.8,45.05,44.59
11/27/2018,44.79,"1,408,871",44.32,44.82,44.11
11/26/2018,44.29,"1,385,095",43.97,44.32,43.7801
11/23/2018,43.98,"636,760",44.14,44.14,43.84
11/21/2018,44.07,"1,964,320",44.66,44.86,43.96
11/20/2018,45.26,"1,250,871",45.61,46.05,45.08
11/19/2018,45.38,"1,526,198",45.22,45.64,45.03
11/16/2018,45.25,"1,211,665",45.58,45.69,44.93
11/15/2018,45.12,"1,791,404",44.4,45.23,44.12
11/14/2018,44.66,"1,821,568",44.9,45.06,44.505
11/13/2018,45.12,"2,698,208",45.26,45.36,44.77
11/12/2018,45.19,"2,003,652",44.44,45.73,44.3
11/09/2018,44.61,"1,448,368",43.87,44.74,43.82
11/08/2018,43.83,"1,307,734",43.91,44.0,43.295
11/07/2018,43.83,"2,145,035",44.18,44.28,43.32
11/06/2018,43.36,"1,331,009",43.01,43.42,42.96
11/05/2018,42.95,"1,658,560",42.6,43.16,42.59
11/02/2018,42.47,"1,845,687",43.03,43.13,42.22
11/01/2018,42.86,"1,814,346",42.98,43.07,42.63
10/31/2018,42.98,"2,175,633",43.14,43.37,42.55
10/30/2018,43.51,"1,974,930",43.53,43.68,42.92
10/29/2018,43.63,"1,657,456",42.92,43.75,42.92
10/26/2018,42.86,"2,130,307",43.7,43.85,42.52
10/25/2018,43.52,"1,871,092",44.0,44.0048,43.19
10/24/2018,44.34,"1,660,776",43.76,44.57,43.44
10/23/2018,43.6,"1,618,659",43.94,44.16,43.34
10/22/2018,43.67,"1,058,229",43.98,44.17,43.48
10/19/2018,44.05,"1,550,602",43.38,44.23,43.35
10/18/2018,43.32,"1,193,059",43.31,43.55,43.08
10/17/2018,43.23,"1,232,625",43.05,43.3007,42.82
10/16/2018,43.08,"1,279,206",42.57,43.32,42.29
10/15/2018,42.56,"1,723,463",42.47,42.87,42.35
10/12/2018,42.46,"1,562,701",42.53,42.67,42.01
10/11/2018,42.62,"2,493,312",44.12,44.12,42.55
10/10/2018,43.91,"1,857,963",43.98,44.7,43.91
10/09/2018,44.1,"1,674,594",44.18,44.54,43.9
10/08/2018,44.11,"1,433,020",43.71,44.44,43.65
10/05/2018,43.61,"1,284,004",42.77,43.74,42.77
10/04/2018,42.77,"1,158,241",42.43,42.92,42.03
10/03/2018,42.56,"1,500,811",43.1,43.3,42.135
10/02/2018,43.12,"1,600,836",42.53,43.29,42.42
10/01/2018,42.41,"1,739,427",42.43,42.55,42.16
09/28/2018,42.57,"2,945,050",42.27,42.59,42.15
09/27/2018,42.06,"2,046,115",41.88,42.45,41.73
09/26/2018,41.78,"1,280,678",42.38,42.565,41.76
09/25/2018,42.24,"837,345",42.88,42.89,42.19
09/24/2018,42.92,"1,240,784",43.18,43.31,42.92
09/21/2018,43.23,"2,956,516",43.1,43.47,42.78
09/20/2018,43.12,"909,504",42.78,43.12,42.47
09/19/2018,42.84,"1,370,090",43.9,43.92,42.62
09/18/2018,43.84,"1,178,763",44.16,44.18,43.63
09/17/2018,43.99,"862,880",43.96,44.07,43.69
09/14/2018,43.83,"1,081,360",43.68,43.87,43.23
09/13/2018,43.9,"802,435",43.66,43.9,43.36
09/12/2018,43.59,"779,338",43.55,43.89,43.46
09/11/2018,43.6,"916,246",44.05,44.05,43.54
09/10/2018,43.78,"1,084,917",43.47,43.93,43.41
09/07/2018,43.27,"1,424,714",43.58,43.76,43.23
09/06/2018,43.86,"1,092,302",43.69,44.0,43.33
09/05/2018,43.73,"952,121",43.09,43.75,43.09
09/04/2018,43.09,"918,723",42.72,43.275,42.71
08/31/2018,42.84,"1,275,559",43.0,43.22,42.695
08/30/2018,42.99,"862,065",43.05,43.17,42.88
08/29/2018,42.92,"715,212",42.69,42.95,42.61
08/28/2018,42.6,"825,137",42.72,42.83,42.51
08/27/2018,42.79,"672,118",43.24,43.35,42.59
08/24/2018,43.18,"825,290",42.93,43.235,42.71
08/23/2018,43.04,"1,038,150",42.89,43.28,42.73
08/22/2018,42.85,"813,624",43.22,43.3,42.71
08/21/2018,43.2,"937,574",43.38,43.52,43.02
08/20/2018,43.47,"1,036,321",43.65,43.77,43.38
08/17/2018,43.59,"1,136,764",43.35,43.84,43.3
08/16/2018,43.44,"880,873",42.94,43.475,42.84
08/15/2018,43.02,"1,355,465",42.74,43.43,42.74
08/14/2018,42.73,"1,149,570",42.65,42.99,42.595
08/13/2018,42.72,"2,276,225",42.52,42.81,42.24
08/10/2018,42.72,"1,595,468",42.98,43.2,42.635
08/09/2018,42.78,"1,343,135",42.53,42.815,42.38
08/08/2018,42.47,"1,886,728",42.45,42.6,42.25
08/07/2018,42.59,"2,242,787",42.85,42.85,42.4
08/06/2018,42.91,"1,676,915",42.89,43.38,42.78
08/03/2018,42.76,"1,797,378",41.94,43.06,41.39
08/02/2018,42.47,"1,344,467",42.4,42.82,42.03
08/01/2018,42.37,"1,430,479",42.71,42.76,42.0
07/31/2018,42.97,"1,322,006",42.49,43.0,42.29
07/30/2018,42.31,"872,849",42.53,42.59,42.18
07/27/2018,42.94,"1,038,811",42.98,43.42,42.83
07/26/2018,43.06,"1,356,706",42.37,43.09,42.37
07/25/2018,42.12,"1,083,459",42.16,42.43,41.985
07/24/2018,42.19,"1,753,756",42.01,42.305,41.406
07/23/2018,42.18,"907,164",42.59,42.72,42.01
07/20/2018,42.54,"1,098,337",42.83,42.96,42.2
07/19/2018,42.96,"1,689,351",42.93,43.35,42.8
07/18/2018,42.69,"762,736",42.85,42.85,42.41
07/17/2018,42.88,"805,673",42.88,43.046,42.69
07/16/2018,42.78,"725,202",42.94,42.9808,42.58
07/13/2018,42.93,"918,592",43.25,43.35,42.72
07/12/2018,43.14,"1,408,145",43.1,43.245,42.785
07/11/2018,43.11,"1,120,337",42.61,43.19,42.55
07/10/2018,42.55,"1,622,313",42.18,42.8,41.79
07/09/2018,42.18,"1,185,321",43.77,43.77,42.04
07/06/2018,43.84,"1,003,230",43.42,43.95,43.311
07/05/2018,43.41,"1,166,780",43.1,43.42,42.75
07/03/2018,42.99,"670,563",42.71,43.27,42.48
07/02/2018,42.71,"1,222,744",42.43,42.73,42.15
06/29/2018,42.32,"1,553,760",42.33,42.55,42.01
06/28/2018,42.36,"1,219,386",42.39,42.78,42.26
06/27/2018,42.41,"1,342,683",42.27,42.52,42.06
06/26/2018,42.28,"1,782,468",42.17,42.65,41.54
06/25/2018,42.26,"2,735,917",41.16,42.42,41.07
06/22/2018,41.09,"1,498,748",41.28,41.28,40.865
06/21/2018,40.97,"1,102,631",41.04,41.21,40.83
06/20/2018,41.05,"1,298,788",41.13,41.255,40.775
06/19/2018,41.08,"2,094,240",40.47,41.09,40.47
06/18/2018,40.33,"1,386,180",39.93,40.35,39.86
06/15/2018,39.96,"3,015,586",39.58,40.08,39.35
06/14/2018,39.62,"1,503,509",39.18,39.65,39.18
06/13/2018,39.17,"2,028,735",39.17,39.435,38.91
06/12/2018,39.05,"1,252,621",38.37,39.1,38.22
06/11/2018,38.38,"1,123,411",39.24,39.335,38.35
06/08/2018,39.23,"974,850",39.31,39.39,39.07
06/07/2018,39.19,"1,450,377",39.15,39.65,38.99
06/06/2018,39.13,"1,626,748",39.77,39.85,39.06
06/05/2018,39.75,"1,967,121",40.24,40.31,39.53
06/04/2018,40.23,"1,360,623",40.75,40.76,40.1
06/01/2018,40.63,"1,415,365",41.3,41.3,40.47
05/31/2018,41.42,"2,012,545",41.41,41.81,41.09
05/30/2018,41.44,"2,353,158",40.8,41.55,40.74
05/29/2018,41.0,"2,773,093",40.65,41.17,40.58
05/25/2018,40.79,"1,696,361",40.74,40.94,40.66
05/24/2018,40.75,"2,062,910",40.54,40.865,40.44
05/23/2018,40.49,"1,917,778",40.39,40.66,40.26
05/22/2018,40.28,"1,422,296",40.32,40.5,40.11
05/21/2018,40.28,"2,436,430",40.6,40.71,40.16
05/18/2018,40.57,"1,760,660",40.74,40.86,40.295
05/17/2018,40.64,"1,446,372",40.87,41.13,40.545
05/16/2018,40.89,"1,472,105",41.07,41.16,40.57
05/15/2018,41.05,"1,493,325",41.08,41.34,40.74
05/14/2018,41.41,"1,424,180",41.71,41.78,41.13
05/11/2018,41.66,"974,622",41.77,41.91,41.59
05/10/2018,41.74,"1,110,803",41.57,41.765,41.35
05/09/2018,41.26,"1,663,108",41.84,41.85,41.02
05/08/2018,41.72,"1,621,230",42.76,42.76,41.64
05/07/2018,42.94,"1,040,588",43.23,43.29,42.84
05/04/2018,43.27,"1,599,650",43.26,43.45,43.06
05/03/2018,43.23,"1,753,392",42.69,43.465,42.04
05/02/2018,42.87,"1,752,567",42.76,43.18,42.64
05/01/2018,42.82,"1,234,469",43.0,43.07,42.78
04/30/2018,42.95,"1,533,772",43.22,43.27,42.89
04/27/2018,43.06,"1,291,916",42.44,43.13,42.44
04/26/2018,42.86,"1,489,795",42.29,42.965,42.03
04/25/2018,42.23,"1,415,004",41.97,42.5,41.82
04/24/2018,42.1,"1,713,089",41.83,42.36,41.789
04/23/2018,41.69,"953,294",41.59,41.89,41.45
04/20/2018,41.54,"1,672,998",41.59,41.59,41.225
04/19/2018,41.53,"1,371,757",41.53,41.64,41.26
04/18/2018,41.6,"2,232,116",41.96,42.3,41.58
04/17/2018,41.85,"1,476,306",41.64,42.07,41.52
04/16/2018,41.59,"1,292,778",41.29,41.745,41.25
04/13/2018,41.11,"1,469,404",40.7,41.23,40.67
04/12/2018,40.52,"2,050,242",41.02,41.2,40.38
04/11/2018,41.02,"1,690,329",40.72,41.09,40.66
04/10/2018,40.75,"2,198,446",40.97,41.13,40.67
04/09/2018,41.05,"1,684,385",41.0,41.355,40.82
04/06/2018,41.02,"2,150,001",41.37,41.45,40.89
04/05/2018,41.33,"1,898,418",40.88,41.37,40.34
04/04/2018,40.92,"1,753,152",40.89,41.14,40.555
04/03/2018,40.82,"1,731,042",40.73,41.05,40.59
04/02/2018,40.79,"2,066,164",40.95,41.27,40.46
03/29/2018,40.86,"1,452,549",40.64,41.04,40.59
03/28/2018,40.62,"1,975,980",40.61,40.94,40.44
03/27/2018,40.53,"1,691,406",39.91,40.86,39.64
03/26/2018,39.84,"1,283,706",39.49,39.91,39.43
03/23/2018,39.45,"1,933,902",39.94,40.26,39.38
03/22/2018,39.83,"1,646,239",39.71,40.58,39.64
03/21/2018,39.66,"1,150,368",39.72,40.2,39.555
03/20/2018,39.68,"1,151,019",39.84,40.08,39.6
03/19/2018,39.83,"1,556,204",40.0,40.3,39.645
03/16/2018,40.13,"5,792,678",39.81,40.22,39.68
03/15/2018,39.66,"2,039,658",39.46,40.01,39.375
03/14/2018,39.54,"1,926,655",39.44,39.86,39.27
03/13/2018,39.3,"2,125,127",39.31,39.7,39.14
03/12/2018,39.21,"3,204,113",38.84,39.32,38.75
03/09/2018,38.71,"1,721,263",38.35,38.71,38.195
03/08/2018,38.32,"1,048,260",38.07,38.43,38.07
03/07/2018,38.06,"1,081,202",38.11,38.32,37.92
03/06/2018,38.17,"1,367,683",38.58,38.71,38.11
03/05/2018,38.93,"2,388,011",38.05,38.99,37.91
03/02/2018,38.22,"2,110,756",38.58,38.96,37.85
03/01/2018,38.49,"2,222,189",38.71,39.2,38.32
02/28/2018,38.65,"1,929,824",38.97,39.12,38.64
02/27/2018,38.8,"1,935,060",39.5,39.82,38.79
02/26/2018,39.53,"1,645,426",39.45,39.59,39.1
02/23/2018,39.42,"1,958,994",38.33,39.42,38.01
02/22/2018,38.6,"1,895,619",38.71,38.9854,38.45
02/21/2018,38.62,"1,756,654",39.0,39.4,38.62
02/20/2018,39.14,"2,616,641",39.51,39.7,38.95
02/16/2018,39.75,"3,077,725",38.93,39.81,38.87
02/15/2018,39.05,"1,745,160",38.32,39.06,38.23
02/14/2018,38.11,"1,924,144",38.38,38.49,38.05
02/13/2018,38.63,"1,635,736",38.31,38.755,37.89
02/12/2018,38.48,"2,151,889",38.43,38.67,38.04
02/09/2018,38.42,"3,225,233",37.14,38.72,37.14
02/08/2018,37.14,"2,606,801",37.49,38.145,37.13
02/07/2018,37.5,"1,867,204",37.5,38.04,37.35
02/06/2018,37.51,"3,194,467",37.78,38.03,36.84
02/05/2018,38.22,"2,407,558",38.87,39.335,38.22
02/02/2018,38.91,"1,888,751",38.46,39.19,38.46
02/01/2018,39.08,"1,502,578",39.74,39.9,38.97
01/31/2018,39.75,"1,930,614",39.28,39.8,39.07
01/30/2018,39.26,"1,912,017",39.65,39.79,39.18
01/29/2018,39.61,"1,284,152",40.13,40.18,39.61
01/26/2018,40.3,"1,479,946",40.47,40.54,39.9
01/25/2018,40.39,"1,414,617",39.85,40.42,39.79
01/24/2018,39.85,"1,076,849",40.02,40.07,39.83
01/23/2018,40.16,"1,809,940",39.59,40.24,39.59
01/22/2018,39.55,"1,689,159",39.6,39.86,39.45
01/19/2018,39.41,"2,040,877",39.81,39.955,39.34
01/18/2018,39.68,"2,024,166",40.07,40.11,39.36
01/17/2018,40.06,"2,385,903",39.7,40.17,39.65
01/16/2018,39.56,"4,658,077",39.76,39.89,39.33
01/12/2018,39.53,"1,642,836",39.77,39.91,39.49
01/11/2018,39.84,"1,567,437",40.12,40.33,39.71
01/10/2018,40.19,"1,785,791",40.7,40.81,40.15
01/09/2018,40.91,"1,747,392",41.43,41.5,40.88
01/08/2018,41.54,"1,718,948",41.08,41.58,41.05
01/05/2018,41.08,"1,665,006",41.38,41.49,40.92
01/04/2018,41.25,"1,352,481",41.64,41.99,41.21
01/03/2018,41.74,"1,481,837",42.03,42.36,41.49
01/02/2018,42.11,"1,392,976",42.62,42.72,42.045
12/29/2017,42.61,"1,101,317",42.79,42.97,42.57
12/28/2017,42.66,"1,246,688",42.65,42.73,42.43
12/27/2017,42.42,"1,008,300",42.31,42.52,42.27
12/26/2017,42.19,"1,079,547",42.53,42.77,42.18
12/22/2017,42.5,"1,084,478",42.3,42.65,42.3
12/21/2017,42.32,"965,901",42.28,42.58,42.18
12/20/2017,42.51,"1,152,657",42.72,43.02,42.5
12/19/2017,42.77,"1,489,049",43.54,43.64,42.72
12/18/2017,43.6,"1,622,495",44.09,44.37,43.43
12/15/2017,44.43,"3,155,274",44.05,44.46,43.935
12/14/2017,43.95,"1,097,637",44.12,44.24,43.56
12/13/2017,44.29,"1,326,931",44.24,44.59,44.02
12/12/2017,44.01,"983,020",44.94,44.99,44.0
12/11/2017,45.08,"922,899",44.89,45.1,44.5
12/08/2017,44.94,"752,588",44.53,44.95,44.41
12/07/2017,44.64,"1,081,231",44.57,44.64,44.27
12/06/2017,44.54,"1,374,812",44.38,44.685,44.3
12/05/2017,44.34,"1,260,196",44.76,44.785,43.96
12/04/2017,44.69,"963,898",45.03,45.22,44.61
12/01/2017,44.83,"1,500,238",45.26,45.38,44.525
11/30/2017,45.11,"2,355,172",44.94,45.225,44.87
11/29/2017,44.9,"1,131,360",44.75,45.31,44.63
11/28/2017,44.78,"959,640",44.67,44.85,44.3
11/27/2017,44.61,"934,064",44.33,44.64,44.11
11/24/2017,44.22,"339,715",44.22,44.41,44.15
11/22/2017,44.19,"949,838",44.13,44.33,44.01
11/21/2017,44.15,"1,290,962",44.31,44.4,44.04
11/20/2017,44.26,"1,133,946",44.43,44.49,44.125
11/17/2017,44.4,"3,561,091",44.51,44.71,44.1669
11/16/2017,44.63,"1,204,401",44.66,44.75,44.46
11/15/2017,44.71,"1,386,030",45.3,45.55,44.64
11/14/2017,45.18,"1,523,235",44.22,45.23,44.205
11/13/2017,44.3,"1,757,823",43.69,44.31,43.69
11/10/2017,43.68,"1,485,482",43.94,43.99,43.66
11/09/2017,44.1,"902,513",43.85,44.18,43.81
11/08/2017,44.07,"1,296,319",44.07,44.29,43.69
11/07/2017,44.17,"1,063,389",43.69,44.21,43.51
11/06/2017,43.59,"1,337,235",43.78,43.92,43.53
11/03/2017,43.83,"2,344,866",43.0,44.39,42.88
11/02/2017,43.06,"2,169,106",43.12,43.59,42.9808
11/01/2017,43.07,"1,454,699",43.24,43.35,42.9
10/31/2017,43.26,"1,404,850",43.14,43.39,43.06
10/30/2017,43.18,"1,277,772",43.36,43.64,43.08
10/27/2017,43.75,"914,267",43.31,43.79,43.2
10/26/2017,43.38,"1,020,452",43.43,43.76,43.31
10/25/2017,43.25,"1,438,783",43.39,43.43,42.72
10/24/2017,43.48,"1,163,367",43.74,43.83,43.36
10/23/2017,43.77,"784,209",43.87,43.95,43.72
10/20/2017,43.87,"828,306",43.79,43.97,43.64
10/19/2017,43.85,"939,937",43.5,43.885,43.45
10/18/2017,43.38,"1,013,979",43.32,43.45,43.13
10/17/2017,43.44,"881,438",43.05,43.45,42.98
10/16/2017,43.12,"1,061,618",43.09,43.2,42.78
10/13/2017,43.05,"1,689,981",43.09,43.46,42.93
10/12/2017,43.01,"1,494,651",42.65,43.03,42.65
10/11/2017,42.66,"1,686,995",42.32,42.915,42.32
10/10/2017,42.34,"870,510",42.02,42.36,41.84
10/09/2017,41.99,"1,748,714",42.0,42.18,41.9
10/06/2017,41.92,"1,453,356",41.77,42.14,41.6
10/05/2017,41.9,"2,063,802",41.97,42.04,41.77
10/04/2017,41.95,"2,053,094",41.52,42.07,41.33
10/03/2017,41.38,"1,883,671",41.55,41.57,41.05
10/02/2017,41.6,"1,401,814",41.21,41.79,41.21
09/29/2017,41.57,"1,246,442",41.63,41.77,41.43
09/28/2017,41.7,"1,295,720",41.54,41.78,41.16
09/27/2017,41.58,"1,470,646",42.02,42.17,41.3
09/26/2017,42.25,"1,091,030",42.19,42.32,42.01
09/25/2017,42.25,"974,972",41.68,42.31,41.58
09/22/2017,41.73,"681,281",42.31,42.31,41.72
09/21/2017,42.06,"653,364",42.19,42.46,42.03
09/20/2017,42.15,"1,507,796",42.67,42.71,41.99
09/19/2017,42.53,"1,605,507",42.52,42.67,42.31
09/18/2017,42.49,"913,830",42.89,42.91,42.15
09/15/2017,42.9,"1,954,500",42.98,43.03,42.65
09/14/2017,42.92,"840,705",42.43,42.95,42.27
09/13/2017,42.45,"868,071",42.71,42.83,42.38
09/12/2017,42.75,"946,241",43.5,43.51,42.605
09/11/2017,43.6,"939,590",43.12,43.685,43.04
09/08/2017,43.19,"725,473",42.93,43.24,42.75
09/07/2017,42.95,"1,175,121",42.74,43.03,42.65
09/06/2017,42.6,"710,954",43.0,43.06,42.56
09/05/2017,42.91,"1,033,750",42.68,42.97,42.57
09/01/2017,42.57,"1,049,223",42.84,42.9225,42.54
08/31/2017,42.74,"981,644",42.77,42.94,42.72
08/30/2017,42.77,"1,459,226",43.0,43.06,42.695
08/29/2017,43.06,"887,700",43.14,43.23,42.97
08/28/2017,43.08,"1,178,281",42.96,43.13,42.88
08/25/2017,42.87,"1,142,007",42.99,43.09,42.725
08/24/2017,42.86,"892,447",43.0,43.09,42.75
08/23/2017,43.01,"1,502,638",42.68,43.06,42.54
08/22/2017,42.72,"1,112,655",42.4,42.82,42.27
08/21/2017,42.4,"838,140",42.3,42.45,42.17
08/18/2017,42.24,"1,412,660",41.69,42.315,41.5785
08/17/2017,41.77,"933,602",42.14,42.154,41.68
08/16/2017,42.08,"590,301",41.88,42.11,41.86
08/15/2017,41.91,"568,921",41.54,41.96,41.5
08/14/2017,41.67,"652,769",41.43,41.7,41.38
08/11/2017,41.37,"1,407,025",41.59,41.59,41.29
08/10/2017,41.63,"905,397",41.5,41.75,41.415
08/09/2017,41.51,"1,196,424",41.69,41.73,41.48
08/08/2017,41.57,"729,367",41.24,41.58,41.15
08/07/2017,41.28,"651,531",41.11,41.32,41.03
08/04/2017,41.09,"1,051,822",41.4,41.4,40.77
08/03/2017,41.09,"1,147,746",40.74,41.15,40.74
08/02/2017,40.95,"973,139",40.66,40.96,40.52
08/01/2017,40.83,"1,507,265",40.53,40.93,40.5
07/31/2017,40.53,"1,131,073",40.46,40.61,40.31
07/28/2017,40.47,"1,305,545",40.69,40.78,40.31
07/27/2017,40.73,"764,996",40.47,40.76,40.43
07/26/2017,40.87,"804,011",40.51,40.88,40.47
07/25/2017,40.55,"686,992",40.8,40.91,40.45
07/24/2017,40.84,"915,173",41.41,41.66,40.84
07/21/2017,41.38,"829,297",40.97,41.39,40.885
07/20/2017,41.01,"1,230,711",40.66,41.02,40.57
07/19/2017,40.5,"767,954",40.3,40.5,40.24
07/18/2017,40.28,"624,713",40.15,40.36,40.1
07/17/2017,40.13,"727,851",39.96,40.13,39.81
07/14/2017,39.97,"784,325",40.05,40.21,39.87
07/13/2017,39.73,"1,385,053",39.88,40.01,39.57
07/12/2017,39.88,"617,830",39.89,40.03,39.83
07/11/2017,39.59,"802,479",39.64,39.71,39.36
07/10/2017,39.56,"960,788",39.78,39.88,39.56
07/07/2017,39.71,"663,300",39.69,39.9399,39.63
07/06/2017,39.67,"864,168",39.6,39.77,39.54
07/05/2017,39.76,"1,119,140",39.92,39.98,39.6
07/03/2017,39.89,"724,166",40.31,40.36,39.87
06/30/2017,40.17,"1,514,231",40.57,40.66,40.16
06/29/2017,40.45,"1,223,832",40.6,40.65,40.255
06/28/2017,40.87,"1,592,500",41.26,41.33,40.855
06/27/2017,41.12,"935,055",41.5,41.56,40.975
06/26/2017,41.69,"724,859",41.47,41.93,41.31
06/23/2017,41.45,"1,103,462",41.54,41.7257,41.37
06/22/2017,41.59,"851,190",41.73,41.805,41.57
06/21/2017,41.8,"858,929",41.83,41.9,41.5466
06/20/2017,41.84,"858,339",41.89,41.97,41.74
06/19/2017,41.86,"745,686",42.18,42.18,41.7
06/16/2017,42.18,"1,965,501",41.77,42.19,41.6701
06/15/2017,41.67,"745,867",41.44,41.67,41.37
06/14/2017,41.57,"942,565",41.66,41.84,41.41
06/13/2017,41.25,"777,391",41.17,41.28,41.0
06/12/2017,41.17,"971,857",41.41,41.53,40.835
06/09/2017,41.26,"1,132,659",41.14,41.29,40.95
06/08/2017,41.25,"1,195,315",41.53,41.6,40.96
06/07/2017,41.61,"986,568",41.5,41.75,41.41
06/06/2017,41.46,"941,039",41.76,41.76,41.435
06/05/2017,41.64,"759,696",41.8,41.85,41.61
06/02/2017,41.83,"1,152,325",41.87,41.91,41.54
06/01/2017,41.63,"1,757,123",41.46,41.64,41.3
05/31/2017,41.47,"2,186,043",41.51,41.705,41.43
05/30/2017,41.47,"1,465,344",41.25,41.49,41.18
05/26/2017,41.36,"958,560",41.52,41.64,41.23
05/25/2017,41.56,"1,385,516",41.16,41.58,41.09
05/24/2017,41.12,"1,741,757",41.0,41.27,40.985
05/23/2017,40.91,"2,437,607",40.37,41.27,40.33
05/22/2017,40.38,"1,584,882",39.63,40.4611,39.63
