date,close,volume,open,high,low
05/15/2026,73.09,"10,383,750",73.02,73.14,72.24
05/14/2026,72.41,"8,674,780",71.628,72.45,71.48
05/13/2026,71.54,"8,313,066",70.29,71.61,69.9
05/12/2026,69.89,"8,349,364",69.25,70.74,68.68
05/11/2026,68.61,"10,608,350",68.7,68.985,68.03
05/08/2026,68.12,"7,334,973",69.16,69.685,68.07
05/07/2026,69.04,"8,693,353",69.5,69.78,69.0
05/06/2026,70.17,"11,135,580",72.02,72.41,70.16
05/05/2026,72.79,"10,730,000",73.19,73.83,72.71
05/04/2026,73.41,"11,334,230",73.75,74.3399,72.86
05/01/2026,74.55,"11,813,850",73.24,74.56,72.72
04/30/2026,72.65,"24,768,770",73.85,73.85,70.25
04/29/2026,68.2,"12,059,640",67.49,68.61,67.4
04/28/2026,67.8,"10,257,610",67.0,68.115,66.82
04/27/2026,66.0,"7,924,902",66.76,66.92,65.5
04/24/2026,66.88,"9,523,075",67.0,67.37,66.29
04/23/2026,67.15,"7,525,757",65.5,67.43,65.375
04/22/2026,65.18,"7,849,019",64.84,65.66,64.65
04/21/2026,64.65,"5,723,377",64.6,64.95,64.12
04/20/2026,64.61,"5,967,329",64.66,65.17,64.205
04/17/2026,64.17,"9,420,367",64.16,64.69,64.08
04/16/2026,64.94,"5,809,996",64.35,65.25,64.26
04/15/2026,64.42,"7,076,561",65.25,65.35,64.29
04/14/2026,65.62,"8,943,261",66.2,66.34,64.9
04/13/2026,66.81,"6,795,712",67.49,67.57,66.39
04/10/2026,67.38,"7,115,857",67.47,67.925,66.895
04/09/2026,67.46,"6,937,470",66.06,67.739,65.8
04/08/2026,66.8,"10,805,870",65.48,66.86,64.36
04/07/2026,66.25,"10,982,090",66.72,67.605,66.17
04/06/2026,66.55,"5,268,150",65.705,66.55,65.32
04/02/2026,65.76,"9,795,738",66.0,66.655,65.52
04/01/2026,65.48,"11,515,250",65.36,65.7399,63.68
03/31/2026,65.99,"10,606,930",67.03,67.26,65.8
03/30/2026,67.02,"8,840,968",66.89,67.22,66.25
03/27/2026,66.48,"10,227,350",65.0,66.735,64.95
03/26/2026,64.62,"8,226,046",64.03,65.08,63.9601
03/25/2026,63.78,"8,132,976",63.05,64.19,62.8691
03/24/2026,64.32,"9,144,027",64.69,65.49,64.27
03/23/2026,64.39,"9,969,300",64.68,65.1589,64.075
03/20/2026,64.47,"38,329,600",65.3,65.55,64.08
03/19/2026,65.07,"8,080,941",65.0,65.77,64.95
03/18/2026,65.13,"10,221,380",66.3,66.58,65.05
03/17/2026,66.97,"8,339,199",67.81,68.07,66.71
03/16/2026,67.53,"7,328,089",68.26,68.55,67.53
03/13/2026,67.89,"7,307,876",67.945,68.48,67.66
03/12/2026,67.72,"8,794,400",65.89,67.73,65.6
03/11/2026,66.34,"9,219,641",66.95,66.95,65.66
03/10/2026,67.14,"6,738,648",66.89,67.31,66.28
03/09/2026,67.04,"9,488,531",66.51,67.11,66.04
03/06/2026,66.51,"9,125,118",66.89,66.99,65.95
03/05/2026,66.98,"12,139,740",67.65,67.7,66.16
03/04/2026,68.12,"10,640,170",68.63,68.725,67.635
03/03/2026,68.89,"8,280,632",68.43,69.2,67.53
03/02/2026,68.69,"7,275,651",69.14,69.73,68.5799
02/27/2026,69.04,"12,272,940",69.74,70.51,68.905
02/26/2026,69.47,"6,468,303",69.69,70.236,69.15
02/25/2026,69.7,"6,519,763",68.85,69.98,68.34
02/24/2026,69.25,"7,049,636",68.79,69.28,68.18
02/23/2026,68.98,"7,152,645",67.75,69.0966,67.75
02/20/2026,67.57,"7,059,007",68.01,68.25,66.7243
02/19/2026,67.99,"7,836,672",66.99,68.1451,66.8
02/18/2026,66.77,"7,135,146",66.65,67.12,66.41
02/17/2026,66.54,"7,807,416",67.51,67.76,66.25
02/13/2026,67.25,"8,578,418",66.82,67.765,66.41
02/12/2026,67.01,"9,407,910",65.76,67.46,65.6401
02/11/2026,65.92,"12,240,980",64.19,66.46,63.84
02/10/2026,64.4,"10,775,730",64.12,64.83,63.595
02/09/2026,64.4,"8,081,159",65.3,65.43,64.0
02/06/2026,65.4,"7,952,819",65.38,65.92,65.08
02/05/2026,65.39,"11,079,350",65.5,66.23,64.6101
02/04/2026,65.16,"13,033,900",64.58,65.33,64.41
02/03/2026,64.16,"12,478,500",62.49,64.528,62.0
02/02/2026,62.23,"12,912,830",62.37,62.565,61.515
01/30/2026,61.99,"13,245,540",60.0,62.0,59.8
01/29/2026,59.76,"27,882,950",61.09,62.52,59.41
01/28/2026,63.13,"11,620,060",63.5,64.22,63.11
01/27/2026,63.62,"8,740,781",63.0,63.7,62.48
01/26/2026,62.98,"11,043,860",62.1,63.2,62.0
01/23/2026,61.91,"6,558,887",61.21,61.95,60.96
01/22/2026,61.03,"6,273,785",60.82,61.3399,60.4
01/21/2026,61.08,"9,095,357",61.31,61.5,60.255
01/20/2026,61.15,"14,211,140",61.735,62.075,61.02
01/16/2026,61.76,"8,980,143",61.48,61.935,60.9448
01/15/2026,61.58,"7,588,556",61.38,61.885,60.9
01/14/2026,61.47,"10,394,200",60.15,61.55,60.1
01/13/2026,60.15,"12,441,840",58.55,60.15,58.36
01/12/2026,58.54,"10,461,160",57.53,58.565,57.45
01/09/2026,57.53,"12,679,240",56.775,57.56,56.65
01/08/2026,55.9,"11,042,260",54.75,56.29,54.745
01/07/2026,54.72,"8,704,709",55.23,55.4099,54.7
01/06/2026,55.16,"11,952,850",56.06,56.34,54.78
01/05/2026,56.3,"14,083,530",57.07,57.115,55.5
01/02/2026,57.31,"12,112,480",57.66,57.7855,57.05
12/31/2025,57.66,"5,231,287",57.77,57.91,57.545
12/30/2025,57.77,"5,854,764",57.61,57.855,57.51
12/29/2025,57.62,"8,275,406",57.64,57.905,57.53
12/26/2025,57.6,"8,976,095",57.85,58.08,57.405
12/24/2025,58.98,"5,050,921",58.86,58.99,58.68
12/23/2025,58.75,"7,780,927",58.61,58.76,58.32
12/22/2025,58.61,"8,682,802",58.16,58.825,58.01
12/19/2025,58.07,"35,088,850",58.25,58.72,58.03
12/18/2025,58.39,"10,777,690",58.92,59.125,58.38
12/17/2025,59.18,"8,385,293",59.51,59.745,58.8703
12/16/2025,59.33,"9,078,170",59.19,59.48,58.94
12/15/2025,59.09,"10,998,440",58.76,59.81,58.75
12/12/2025,58.75,"8,571,400",58.62,58.8158,58.215
12/11/2025,58.72,"7,515,555",58.86,59.38,58.52
12/10/2025,58.69,"7,834,681",58.36,58.865,58.08
12/09/2025,58.18,"5,700,903",58.33,58.55,57.9512
12/08/2025,58.11,"6,814,663",57.95,58.2,57.57
12/05/2025,57.99,"5,746,651",58.2,58.4464,57.92
12/04/2025,58.34,"6,733,814",58.57,58.66,57.985
12/03/2025,58.41,"9,344,366",59.01,59.34,58.35
12/02/2025,58.82,"8,318,751",59.11,59.35,58.48
12/01/2025,59.14,"7,823,397",59.0,59.18,58.7
11/28/2025,59.01,"3,207,238",58.69,59.01,58.68
11/26/2025,58.69,"5,909,711",58.5,58.8983,58.395
11/25/2025,58.34,"9,621,315",57.72,58.44,57.4509
11/24/2025,57.33,"12,757,820",58.3,58.47,57.075
11/21/2025,58.19,"9,461,023",58.39,58.95,58.05
11/20/2025,58.18,"6,158,729",58.44,58.66,58.0
11/19/2025,58.61,"5,915,010",58.74,59.09,58.45
11/18/2025,58.94,"9,548,769",58.5,59.27,58.38
11/17/2025,58.13,"9,692,506",58.24,58.485,57.92
11/14/2025,58.19,"7,787,983",58.0,58.3,57.365
11/13/2025,57.81,"7,925,224",58.2,58.275,57.54
11/12/2025,58.05,"8,901,977",58.4,58.795,58.03
11/11/2025,58.41,"6,974,843",57.8,58.74,57.765
11/10/2025,57.55,"7,814,255",57.85,57.9,57.26
11/07/2025,58.03,"8,937,443",57.59,58.125,57.15
11/06/2025,57.27,"7,864,567",57.05,57.73,56.795
11/05/2025,57.16,"8,448,446",57.6,58.17,56.885
11/04/2025,57.31,"9,866,049",57.09,57.38,56.4202
11/03/2025,56.67,"12,745,010",56.42,57.0,56.18
10/31/2025,56.38,"15,679,940",57.16,58.08,56.33
10/30/2025,57.13,"24,613,840",59.17,59.5,56.5
10/29/2025,61.97,"10,276,070",63.02,63.39,61.9
10/28/2025,63.28,"6,000,570",63.7,63.977,63.205
10/27/2025,63.74,"7,713,008",64.42,64.42,63.585
10/24/2025,64.67,"4,489,666",64.54,64.97,64.54
10/23/2025,64.57,"5,163,172",64.66,64.83,64.2
10/22/2025,64.43,"6,025,902",64.1,64.54,63.78
10/21/2025,63.75,"9,162,426",64.45,64.585,62.95
10/20/2025,64.4,"6,208,990",65.1,65.2,64.12
10/17/2025,65.05,"6,389,647",64.72,65.07,64.28
10/16/2025,64.26,"6,458,051",64.85,64.9599,64.095
10/15/2025,64.87,"6,790,091",65.23,65.6793,64.8
10/14/2025,65.4,"6,584,755",65.0,65.87,64.83
10/13/2025,64.95,"8,089,661",65.87,66.25,64.675
10/10/2025,66.54,"11,649,580",66.1,67.12,65.69
10/09/2025,65.72,"6,965,113",65.55,65.98,65.3
10/08/2025,65.42,"10,933,750",66.61,66.7199,65.232
10/07/2025,66.65,"8,825,535",65.49,66.65,65.45
10/06/2025,65.37,"7,768,363",65.14,65.4973,64.775
10/03/2025,65.73,"7,028,798",65.67,66.24,65.19
10/02/2025,65.75,"6,043,286",66.18,66.62,65.5
10/01/2025,66.29,"8,514,638",66.16,66.34,65.77
09/30/2025,66.06,"7,797,283",65.69,66.18,65.36
09/29/2025,65.67,"6,867,440",65.5,65.69,65.055
09/26/2025,65.71,"5,513,848",65.35,65.82,65.135
09/25/2025,65.19,"5,747,914",65.75,65.99,65.06
09/24/2025,65.13,"6,838,154",64.72,65.37,64.54
09/23/2025,64.87,"7,417,411",63.77,64.88,63.6392
09/22/2025,63.79,"7,628,257",64.8,64.85,63.405
09/19/2025,64.89,"22,705,130",64.05,64.97,63.865
09/18/2025,63.94,"10,329,700",65.0,65.0,63.94
09/17/2025,65.51,"7,261,063",65.175,65.595,64.93
09/16/2025,64.81,"9,536,281",64.78,64.99,64.09
09/15/2025,64.89,"9,129,700",65.3,65.58,64.7901
09/12/2025,66.65,"7,975,862",66.31,66.73,65.92
09/11/2025,66.36,"10,022,770",66.28,66.625,65.99
09/10/2025,66.23,"6,677,270",66.17,66.52,65.87
09/09/2025,66.19,"6,918,483",65.7,66.295,65.04
09/08/2025,65.77,"10,316,610",66.49,66.86,65.475
09/05/2025,66.55,"5,935,912",66.5,66.83,66.19
09/04/2025,66.59,"6,388,619",66.82,67.41,66.25
09/03/2025,66.63,"6,722,322",66.9,67.13,66.04
09/02/2025,67.13,"6,919,688",67.39,67.54,66.6584
08/29/2025,67.21,"5,930,626",66.55,67.245,66.46
08/28/2025,66.42,"5,807,693",66.37,66.505,65.62
08/27/2025,66.41,"4,973,531",66.46,66.635,66.115
08/26/2025,66.45,"8,535,641",67.02,67.02,66.23
08/25/2025,67.05,"5,706,756",67.5,67.71,66.97
08/22/2025,67.67,"9,603,301",68.01,68.6,67.325
08/21/2025,67.68,"5,963,169",67.59,67.8,67.215
08/20/2025,67.58,"8,893,120",66.8,67.87,66.6
08/19/2025,66.56,"6,482,727",66.0,66.59,65.745
08/18/2025,65.99,"7,371,716",65.95,66.6,65.89
08/15/2025,65.82,"10,137,260",65.65,66.175,65.2325
08/14/2025,65.55,"10,791,100",65.51,65.9199,65.36
08/13/2025,65.5,"7,508,237",65.97,66.16,65.0328
08/12/2025,66.01,"8,849,174",65.74,66.285,65.51
08/11/2025,65.67,"10,650,460",64.4,65.95,64.31
08/08/2025,64.19,"5,434,920",63.56,64.35,63.55
08/07/2025,63.55,"5,124,444",63.0,63.62,62.74
08/06/2025,63.15,"6,482,840",62.84,63.76,62.53
08/05/2025,62.52,"5,889,468",61.99,62.625,61.965
08/04/2025,61.94,"6,384,480",61.755,62.47,61.755
08/01/2025,61.78,"9,689,442",62.155,62.6482,61.685
07/31/2025,61.94,"10,623,150",61.21,62.315,60.91
07/30/2025,61.5,"20,487,540",59.87,62.21,59.81
07/29/2025,59.36,"11,825,560",58.52,59.675,58.43
07/28/2025,58.72,"7,419,866",59.745,59.83,58.6
07/25/2025,59.84,"6,368,776",59.56,59.925,59.475
07/24/2025,59.61,"6,933,909",59.715,59.815,59.31
07/23/2025,59.77,"7,172,201",59.17,59.86,58.985
07/22/2025,59.44,"9,649,454",58.55,59.525,58.15
07/21/2025,58.92,"6,946,798",57.9,59.1099,57.9
07/18/2025,58.02,"5,688,772",57.98,58.335,57.77
07/17/2025,57.98,"12,501,420",58.7,59.56,57.5
07/16/2025,58.86,"7,054,271",58.47,58.965,58.345
07/15/2025,58.48,"7,739,828",57.8,58.62,57.75
07/14/2025,58.13,"8,320,656",58.0,58.33,57.53
07/11/2025,57.8,"9,431,086",58.44,58.44,57.595
07/10/2025,58.55,"14,343,250",57.715,58.67,57.5
07/09/2025,57.75,"22,224,800",59.42,59.4894,56.86
07/08/2025,59.54,"7,939,232",60.0,60.28,59.23
07/07/2025,60.25,"7,376,477",59.62,60.3598,59.59
07/03/2025,59.65,"4,776,064",59.07,59.65,59.03
07/02/2025,59.17,"9,264,249",58.525,59.23,58.25
07/01/2025,58.14,"7,656,848",58.92,59.2891,58.035
06/30/2025,58.63,"9,462,311",58.72,58.79,58.2601
06/27/2025,58.75,"11,502,870",58.65,58.85,58.24
06/26/2025,58.79,"6,974,719",59.04,59.48,58.65
06/25/2025,58.94,"7,040,710",59.71,59.81,58.93
06/24/2025,59.91,"5,767,078",60.43,60.45,59.895
06/23/2025,60.49,"8,956,933",59.75,60.63,59.7
06/20/2025,59.75,"23,289,820",59.33,59.75,59.19
06/18/2025,59.49,"8,262,854",58.93,59.79,58.93
06/17/2025,58.99,"7,222,398",58.81,59.38,58.4147
06/16/2025,58.8,"10,536,860",58.62,59.3305,58.17
06/13/2025,59.81,"10,173,980",60.2,60.5,59.55
06/12/2025,59.92,"10,489,410",60.11,60.14,59.2
06/11/2025,59.91,"9,052,329",58.56,59.95,58.54
06/10/2025,58.56,"8,697,203",59.08,59.25,58.395
06/09/2025,59.07,"6,357,515",59.16,59.335,58.905
06/06/2025,59.24,"4,858,251",59.35,59.66,59.23
06/05/2025,59.39,"9,057,354",59.42,59.605,58.93
06/04/2025,59.31,"7,602,569",60.345,60.41,59.18
06/03/2025,60.37,"6,785,192",60.55,60.88,59.83
06/02/2025,60.63,"6,413,392",60.36,60.635,60.1507
05/30/2025,60.61,"12,772,850",59.52,60.615,59.5
05/29/2025,59.48,"5,322,182",59.19,59.56,58.89
05/28/2025,59.48,"4,767,097",59.6,59.73,59.34
05/27/2025,59.62,"5,216,182",59.73,59.78,59.14
05/23/2025,59.74,"4,863,065",59.625,59.81,59.261
05/22/2025,59.3,"5,789,175",59.4,59.5898,58.74
05/21/2025,59.45,"7,614,271",59.9,59.95,59.38
05/20/2025,59.9,"5,820,122",59.4,60.09,59.395
05/19/2025,59.47,"6,318,310",59.05,59.48,58.79
05/16/2025,58.89,"5,927,748",58.2,58.95,58.08
05/15/2025,58.06,"8,851,054",56.65,58.35,56.625
05/14/2025,56.33,"9,070,560",56.35,56.73,56.06
05/13/2025,56.47,"11,410,610",56.95,56.97,56.305
05/12/2025,56.95,"16,278,630",58.27,58.27,56.52
05/09/2025,59.43,"5,747,703",60.12,60.16,59.36
05/08/2025,60.4,"7,904,387",60.48,60.98,60.09
05/07/2025,60.91,"9,190,293",60.53,61.26,60.37
05/06/2025,60.48,"6,527,440",59.92,60.615,59.85
05/05/2025,59.87,"6,655,993",59.76,60.047,59.1225
05/02/2025,59.61,"7,027,455",59.36,59.72,59.05
05/01/2025,59.31,"9,436,834",58.92,59.555,58.61
04/30/2025,59.15,"13,422,330",59.12,59.66,58.58
04/29/2025,58.77,"12,724,160",57.0,59.435,56.81
04/28/2025,58.19,"8,849,756",58.25,58.78,57.87
04/25/2025,58.26,"5,680,267",58.75,58.93,57.9528
04/24/2025,58.71,"6,053,698",58.49,58.78,58.23
04/23/2025,58.56,"8,942,486",58.53,58.93,57.95
04/22/2025,58.82,"9,475,178",57.8,59.0,57.78
04/21/2025,57.63,"6,727,895",58.3,58.45,57.02
04/17/2025,58.16,"8,765,656",57.48,58.515,57.44
04/16/2025,57.27,"8,526,121",57.99,58.185,57.06
04/15/2025,57.52,"6,384,039",57.65,57.9,57.17
04/14/2025,57.13,"9,782,597",56.79,57.51,56.43
04/11/2025,56.65,"9,760,322",56.56,56.94,55.9261
04/10/2025,56.38,"13,148,020",56.53,56.7697,55.51
04/09/2025,56.36,"15,940,620",55.01,57.15,54.94
04/08/2025,55.56,"12,315,630",56.44,56.97,55.075
04/07/2025,55.66,"16,833,090",53.0,56.17,52.82
04/04/2025,56.07,"16,333,000",57.645,58.83,55.81
04/03/2025,57.89,"14,319,780",58.0,59.24,57.77
04/02/2025,57.12,"20,160,970",58.78,58.92,55.71
04/01/2025,58.79,"19,150,210",59.91,60.095,58.5
03/31/2025,60.02,"17,337,290",58.45,60.18,58.45
03/28/2025,58.15,"10,396,620",58.5,58.56,57.76
03/27/2025,58.3,"8,520,129",57.86,58.48,57.86
03/26/2025,57.75,"9,462,688",56.68,57.925,56.68
03/25/2025,56.71,"10,378,330",56.5,56.785,56.23
03/24/2025,57.65,"11,954,810",57.57,57.87,57.39
03/21/2025,57.6,"33,837,070",58.13,58.13,57.07
03/20/2025,58.09,"7,209,443",57.98,58.21,57.75
03/19/2025,57.95,"8,505,018",58.28,58.4,57.59
03/18/2025,58.34,"8,524,430",58.9,59.25,58.3
03/17/2025,58.9,"8,567,849",59.08,59.32,58.695
03/14/2025,58.91,"8,370,834",58.15,59.105,58.15
03/13/2025,58.55,"8,911,652",58.12,58.87,58.01
03/12/2025,57.81,"8,390,425",57.86,58.07,57.31
03/11/2025,58.15,"12,040,060",58.8,58.9,57.87
03/10/2025,58.99,"16,149,950",58.0,59.67,57.99
03/07/2025,57.79,"12,645,220",56.85,58.5484,56.8
03/06/2025,57.01,"9,487,743",56.1,57.2205,55.5264
03/05/2025,55.95,"7,413,221",56.15,56.6,55.79
03/04/2025,56.3,"16,801,930",57.82,58.5899,56.26
03/03/2025,57.31,"10,433,760",55.8,57.49,55.79
02/28/2025,55.85,"9,822,161",55.55,56.09,55.27
02/27/2025,55.08,"6,354,212",54.75,55.3,54.57
02/26/2025,54.85,"7,723,345",55.77,56.07,54.67
02/25/2025,56.0,"12,158,620",55.36,56.59,55.36
02/24/2025,55.25,"11,372,980",55.17,55.73,54.81
02/21/2025,55.05,"8,820,194",54.33,55.285,54.31
02/20/2025,54.33,"6,734,307",53.05,54.41,53.0
02/19/2025,53.34,"6,780,730",53.04,53.75,52.46
02/18/2025,52.75,"8,266,730",53.29,53.3,52.53
02/14/2025,53.29,"4,564,908",53.57,53.85,53.28
02/13/2025,53.62,"6,379,331",53.33,53.73,52.4
02/12/2025,53.34,"4,829,405",53.51,53.88,53.175
02/11/2025,53.85,"5,172,683",53.85,53.94,53.3139
02/10/2025,53.84,"5,778,646",52.72,53.87,52.72
02/07/2025,52.66,"5,531,130",52.77,53.06,52.43
02/06/2025,52.64,"6,968,107",53.38,53.5,52.37
02/05/2025,52.58,"5,166,509",52.91,52.92,52.41
02/04/2025,52.62,"6,876,333",52.91,53.0,52.01
02/03/2025,52.85,"8,428,458",52.0,52.94,51.85
01/31/2025,52.23,"9,555,360",51.3,52.46,51.3
01/30/2025,51.54,"16,528,180",51.02,51.65,50.08
01/29/2025,52.66,"8,537,628",52.8,53.11,52.54
01/28/2025,52.6,"10,642,010",53.39,53.57,52.165
01/27/2025,53.45,"9,771,163",52.42,53.8097,52.42
01/24/2025,52.05,"8,030,424",51.25,52.17,51.2
01/23/2025,51.21,"6,539,822",50.81,51.39,50.77
01/22/2025,50.81,"7,840,265",51.33,51.54,50.61
01/21/2025,51.47,"8,195,412",52.02,52.18,51.14
01/17/2025,51.86,"6,532,496",51.08,52.005,50.96
01/16/2025,51.16,"5,969,585",50.9,51.54,50.72
01/15/2025,51.04,"7,026,097",50.85,51.54,50.815
01/14/2025,51.36,"6,391,513",50.96,51.43,50.8
01/13/2025,50.85,"5,816,244",51.06,51.13,50.65
01/10/2025,50.87,"12,003,220",51.15,51.735,50.55
01/08/2025,51.49,"6,487,179",51.4,51.52,50.95
01/07/2025,51.46,"5,365,692",52.29,52.42,51.44
01/06/2025,52.09,"6,242,376",53.06,53.18,51.97
01/03/2025,53.14,"5,609,678",52.83,53.18,52.595
01/02/2025,52.51,"5,473,356",52.46,52.98,52.38
12/31/2024,52.29,"4,708,866",52.21,52.364,51.835
12/30/2024,52.08,"5,409,897",52.24,52.33,51.63
12/27/2024,52.38,"6,425,528",52.34,52.85,52.1
12/26/2024,52.6,"5,231,835",52.28,52.78,51.955
12/24/2024,53.47,"5,406,818",53.62,53.64,53.39
12/23/2024,53.58,"7,199,632",53.84,53.85,52.95
12/20/2024,53.84,"27,063,840",52.92,53.88,52.85
12/19/2024,52.99,"10,823,520",53.43,53.78,52.975
12/18/2024,53.25,"10,619,450",54.02,54.17,53.21
12/17/2024,54.13,"10,125,530",54.59,54.692,53.95
12/16/2024,54.7,"6,723,314",55.1,55.185,54.66
12/13/2024,54.92,"6,532,765",54.85,55.1845,54.55
12/12/2024,54.99,"6,278,749",54.9,55.055,54.52
12/11/2024,54.69,"9,363,845",55.69,56.0,54.61
12/10/2024,55.49,"8,319,917",55.7,56.13,55.41
12/09/2024,55.86,"8,641,403",57.39,57.39,55.325
12/06/2024,57.32,"5,732,967",57.63,58.01,57.01
12/05/2024,56.91,"5,398,617",56.65,57.3671,56.6
12/04/2024,56.45,"8,579,806",56.605,56.83,56.3
12/03/2024,56.9,"8,734,823",57.25,57.34,56.83
12/02/2024,57.18,"5,625,266",57.62,57.66,56.95
11/29/2024,57.74,"3,635,528",57.54,57.75,57.205
11/27/2024,57.65,"5,723,671",57.59,58.035,57.45
11/26/2024,57.59,"7,787,239",56.87,57.6,56.77
11/25/2024,56.75,"13,567,740",56.915,57.2,56.4018
11/22/2024,56.73,"6,617,637",56.25,56.84,56.24
11/21/2024,56.03,"5,333,623",55.99,56.48,55.72
11/20/2024,55.98,"5,716,335",55.98,56.07,55.405
11/19/2024,55.86,"6,915,825",56.29,56.49,55.83
11/18/2024,56.34,"8,719,203",56.03,56.55,55.98
11/15/2024,55.93,"8,201,730",55.55,56.3198,55.53
11/14/2024,55.39,"6,815,200",54.8,55.615,54.495
11/13/2024,55.25,"7,233,701",54.72,55.4,54.4
11/12/2024,54.44,"8,101,155",54.07,54.715,53.78
11/11/2024,53.93,"5,610,426",54.11,54.79,53.82
11/08/2024,54.05,"5,712,292",53.54,54.27,53.5
11/07/2024,53.54,"6,368,443",54.33,54.455,53.425
11/06/2024,54.29,"8,953,099",54.58,55.05,54.08
11/05/2024,54.19,"5,864,084",53.8,54.3,53.59
11/04/2024,53.88,"7,831,908",53.93,54.05,53.5718
11/01/2024,53.87,"10,986,250",54.46,54.595,53.74
10/31/2024,54.46,"25,560,620",51.375,54.84,51.34
10/30/2024,50.5,"11,067,500",49.9,50.67,49.88
10/29/2024,49.95,"8,017,282",50.02,50.425,49.95
10/28/2024,50.25,"6,314,726",49.75,50.375,49.73
10/25/2024,49.71,"5,325,545",49.99,50.105,49.585
10/24/2024,49.94,"4,282,076",49.89,50.16,49.684
10/23/2024,49.8,"5,520,336",50.0,50.045,49.6
10/22/2024,50.06,"6,087,256",49.44,50.12,49.16
10/21/2024,49.06,"5,011,523",49.62,49.69,48.98
10/18/2024,49.61,"7,148,405",49.68,49.72,48.86
10/17/2024,49.74,"6,263,941",50.08,50.31,49.68
10/16/2024,50.16,"4,928,655",49.97,50.3785,49.87
10/15/2024,49.9,"5,140,767",50.0,50.34,49.73
10/14/2024,49.86,"5,696,273",49.75,49.89,49.325
10/11/2024,49.84,"4,542,807",49.9,49.99,49.56
10/10/2024,49.68,"8,847,868",50.49,50.745,49.57
10/09/2024,50.23,"7,375,703",49.66,50.34,49.61
10/08/2024,49.55,"5,272,015",49.975,50.15,49.46
10/07/2024,49.92,"6,276,359",50.1,50.14,49.69
10/04/2024,50.1,"7,410,989",49.695,50.12,49.6
10/03/2024,49.98,"6,877,620",50.5,50.51,49.68
10/02/2024,50.59,"7,721,727",50.9,50.93,50.36
10/01/2024,50.93,"7,243,940",51.06,51.33,50.77
09/30/2024,51.04,"10,018,210",51.17,51.36,50.56
09/27/2024,51.05,"4,602,443",51.2,51.37,51.005
09/26/2024,51.09,"6,264,470",50.79,51.44,50.73
09/25/2024,51.04,"7,148,017",51.44,51.465,50.93
09/24/2024,51.19,"7,712,696",50.79,51.375,50.64
09/23/2024,51.02,"10,945,040",50.4,51.2,50.3
09/20/2024,50.39,"22,650,480",50.25,50.3979,49.92
09/19/2024,50.23,"10,464,400",50.62,50.74,50.07
09/18/2024,50.63,"7,778,424",50.5,51.045,50.38
09/17/2024,50.5,"10,897,510",51.47,51.59,50.43
09/16/2024,51.7,"11,012,250",52.04,52.3,51.62
09/13/2024,52.96,"7,963,225",52.8,52.965,52.58
09/12/2024,52.64,"7,326,687",53.01,53.22,52.52
09/11/2024,53.17,"7,794,744",53.96,53.96,52.525
09/10/2024,54.08,"6,122,520",54.11,54.29,53.835
09/09/2024,54.13,"8,153,966",53.7,54.2,53.6
09/06/2024,53.69,"8,207,736",54.27,54.54,53.56
09/05/2024,54.27,"8,077,386",54.88,54.95,54.2
09/04/2024,54.71,"7,810,598",54.24,54.76,54.1801
09/03/2024,54.07,"10,687,970",53.78,54.475,53.74
08/30/2024,53.77,"8,010,061",53.45,53.82,53.25
08/29/2024,53.36,"5,264,974",53.31,53.465,53.085
08/28/2024,53.22,"6,794,390",53.15,53.53,52.99
08/27/2024,53.01,"4,705,264",52.91,53.03,52.615
08/26/2024,52.71,"8,068,306",52.51,53.08,52.45
08/23/2024,52.44,"9,149,219",51.98,52.46,51.75
08/22/2024,51.83,"6,982,822",51.89,51.94,51.47
08/21/2024,51.81,"6,169,448",51.54,51.86,51.44
08/20/2024,51.44,"7,306,725",51.33,51.7,51.195
08/19/2024,51.32,"6,500,465",51.38,51.56,51.21
08/16/2024,51.32,"7,722,716",50.775,51.36,50.7
08/15/2024,50.74,"8,382,523",51.25,51.36,50.63
08/14/2024,51.19,"6,000,611",50.99,51.395,50.84
08/13/2024,51.11,"6,652,443",50.34,51.16,50.34
08/12/2024,50.31,"5,941,065",50.44,50.7384,50.15
08/09/2024,50.43,"5,449,755",50.36,50.66,50.26
08/08/2024,50.45,"7,662,130",49.73,50.805,49.73
08/07/2024,50.03,"10,292,080",49.58,50.68,49.54
08/06/2024,49.48,"8,012,003",49.32,50.125,49.3
08/05/2024,49.35,"14,335,790",49.99,50.775,49.01
08/02/2024,51.07,"12,662,500",50.39,51.4,49.88
08/01/2024,50.02,"9,974,933",49.61,50.04,49.4
07/31/2024,49.01,"19,165,990",48.4,49.05,47.57
07/30/2024,50.55,"8,662,989",50.38,50.85,50.27
07/29/2024,50.53,"6,272,577",50.35,50.725,49.985
07/26/2024,50.43,"6,995,663",49.8,50.47,49.55
07/25/2024,49.8,"10,341,070",49.73,50.4699,49.6
07/24/2024,49.42,"8,777,194",49.19,49.54,48.71
07/23/2024,49.12,"6,919,286",49.485,49.7295,49.0
07/22/2024,49.4,"5,103,222",49.41,49.5566,49.04
07/19/2024,49.45,"5,776,517",49.61,49.64,49.27
07/18/2024,49.33,"6,788,472",49.05,49.92,48.94
07/17/2024,49.39,"10,040,100",48.13,49.47,48.13
07/16/2024,48.03,"6,205,367",47.85,48.18,47.66
07/15/2024,47.72,"8,733,954",47.8,48.06,47.53
07/12/2024,47.73,"7,337,353",47.2,47.825,47.11
07/11/2024,47.08,"7,441,713",46.8,47.135,46.6
07/10/2024,46.93,"9,584,616",46.87,47.21,46.54
07/09/2024,46.7,"9,398,482",46.03,46.99,46.02
07/08/2024,46.02,"5,318,814",46.1,46.37,45.87
07/05/2024,46.1,"6,881,462",45.89,46.1,45.76
07/03/2024,45.95,"3,663,821",46.05,46.14,45.73
07/02/2024,46.05,"5,463,434",46.0,46.1339,45.76
07/01/2024,46.03,"7,069,960",45.9,46.415,45.75
06/28/2024,45.55,"12,238,540",45.5,45.62,45.27
06/27/2024,45.46,"8,633,296",46.32,46.4,45.17
06/26/2024,46.36,"7,405,183",46.2,46.56,46.18
06/25/2024,46.42,"10,519,750",46.49,46.59,46.27
06/24/2024,46.45,"10,236,350",45.99,46.585,45.85
06/21/2024,45.74,"28,886,680",45.6,45.99,45.445
06/20/2024,45.43,"8,957,784",44.65,45.55,44.53
06/18/2024,44.8,"16,402,590",44.63,44.89,44.4114
06/17/2024,44.7,"8,284,152",44.22,44.715,43.92
06/14/2024,44.32,"10,651,620",44.49,44.55,43.83
06/13/2024,45.75,"8,828,949",45.85,46.07,45.534
06/12/2024,45.87,"9,925,753",46.54,46.6,45.71
06/11/2024,46.4,"7,396,923",46.53,46.5899,46.21
06/10/2024,46.49,"7,951,026",46.6,46.79,46.24
06/07/2024,46.7,"6,491,317",46.69,46.99,46.58
06/06/2024,46.69,"9,325,296",46.67,47.19,46.58
06/05/2024,46.67,"6,859,203",46.78,46.78,46.38
06/04/2024,46.83,"8,681,743",46.4,46.85,46.38
06/03/2024,46.55,"8,197,667",46.04,46.6499,46.02
05/31/2024,46.25,"13,899,900",45.4,46.33,45.32
05/30/2024,45.44,"6,580,107",45.32,45.595,45.245
05/29/2024,45.15,"6,472,177",45.3,45.35,45.04
05/28/2024,45.48,"7,582,616",45.4,45.635,45.21
05/24/2024,45.49,"4,727,695",45.84,46.0,45.34
05/23/2024,45.64,"10,349,930",46.1,46.105,45.51
05/22/2024,46.32,"15,142,750",46.14,46.6,46.11
05/21/2024,46.33,"8,596,466",46.01,46.44,45.94
05/20/2024,45.9,"8,076,985",46.09,46.25,45.775
05/17/2024,46.08,"9,243,539",46.05,46.2492,45.92
05/16/2024,45.95,"9,131,662",45.95,46.215,45.9
05/15/2024,45.85,"9,435,122",45.6,45.95,45.59
05/14/2024,45.5,"9,436,333",45.08,45.55,45.04
05/13/2024,45.04,"8,229,219",44.9,45.37,44.9
05/10/2024,44.9,"12,160,010",44.79,45.035,44.739
05/09/2024,44.71,"8,140,865",44.39,44.77,44.27
05/08/2024,44.29,"9,946,710",43.9,44.4,43.9
05/07/2024,43.85,"12,052,100",43.6,44.0,43.58
05/06/2024,43.49,"9,035,436",43.69,43.83,43.44
05/03/2024,43.59,"11,228,970",44.0,44.12,43.37
05/02/2024,43.98,"9,054,913",44.0,44.21,43.825
05/01/2024,43.82,"7,367,268",43.7,44.175,43.69
04/30/2024,43.81,"11,816,800",43.99,44.14,43.63
04/29/2024,43.82,"8,657,511",43.4,43.84,43.37
04/26/2024,43.38,"13,794,250",43.43,43.94,43.19
04/25/2024,43.54,"14,924,180",43.25,43.65,42.76
04/24/2024,42.92,"12,938,210",42.7,43.055,42.4
04/23/2024,42.87,"18,917,200",42.64,43.04,42.52
04/22/2024,42.57,"10,775,660",42.31,42.72,42.02
04/19/2024,42.09,"22,325,580",41.39,42.27,41.39
04/18/2024,41.3,"17,571,320",41.13,41.43,41.105
04/17/2024,41.1,"8,787,705",41.01,41.22,40.74
04/16/2024,40.75,"10,407,370",40.95,41.09,40.72
04/15/2024,40.95,"10,727,650",41.3,41.46,40.65
04/12/2024,41.05,"10,669,090",41.33,41.55,41.02
04/11/2024,41.43,"10,889,070",41.75,41.83,41.31
04/10/2024,41.68,"9,510,314",41.67,42.03,41.54
04/09/2024,42.11,"7,686,419",42.0,42.31,41.92
04/08/2024,41.96,"9,402,189",41.54,42.09,41.5
04/05/2024,41.65,"8,515,879",41.48,41.7625,41.37
04/04/2024,41.53,"13,031,420",42.43,42.58,41.49
04/03/2024,42.12,"20,090,180",42.96,43.0992,42.095
04/02/2024,42.93,"10,038,540",43.23,43.485,42.835
04/01/2024,43.22,"12,174,450",43.62,43.87,43.18
03/28/2024,43.62,"9,807,499",43.78,43.945,43.6
03/27/2024,43.66,"9,001,661",43.32,43.67,43.29
03/26/2024,43.12,"10,702,040",43.23,43.4,43.06
03/25/2024,43.26,"19,734,550",42.93,43.57,42.915
03/22/2024,42.98,"23,870,310",43.91,43.93,42.86
03/21/2024,44.95,"21,052,500",44.83,45.0,44.59
03/20/2024,44.79,"18,195,750",44.71,44.82,44.52
03/19/2024,44.63,"22,602,450",44.57,44.98,44.35
03/18/2024,44.51,"31,335,370",43.86,44.76,43.76
03/15/2024,43.87,"45,230,830",43.91,44.5,43.87
03/14/2024,44.28,"22,465,820",43.4,44.365,43.23
03/13/2024,43.35,"7,082,376",43.19,43.47,43.17
03/12/2024,43.05,"13,814,520",42.77,43.2793,42.77
03/11/2024,42.68,"10,663,810",41.98,42.74,41.96
03/08/2024,41.87,"9,417,493",41.55,42.05,41.46
03/07/2024,41.55,"9,760,265",41.53,41.72,41.35
03/06/2024,41.45,"25,872,710",41.06,41.845,40.72
03/05/2024,39.94,"12,606,030",39.91,40.22,39.7224
03/04/2024,39.73,"28,577,550",40.33,40.69,39.25
03/01/2024,40.86,"9,135,215",40.9,41.0,40.59
02/29/2024,40.91,"8,394,685",41.04,41.095,40.8
02/28/2024,40.99,"5,540,672",40.8,40.99,40.59
02/27/2024,40.9,"4,876,257",40.72,40.91,40.585
02/26/2024,40.71,"8,093,108",41.13,41.14,40.6
02/23/2024,41.13,"6,808,622",40.9,41.31,40.71
02/22/2024,40.9,"8,211,040",40.3,40.9,40.16
02/21/2024,40.47,"6,628,979",40.35,40.51,40.22
02/20/2024,40.25,"8,768,002",40.2,40.62,40.08
02/16/2024,40.18,"7,323,198",40.17,40.27,39.965
02/15/2024,40.17,"7,833,519",40.56,40.56,40.08
02/14/2024,40.4,"6,043,981",40.22,40.44,40.045
02/13/2024,40.23,"7,140,166",40.36,40.46,39.95
02/12/2024,40.55,"7,995,244",40.22,40.617,40.13
02/09/2024,40.11,"8,420,625",39.95,40.15,39.87
02/08/2024,40.09,"14,659,190",40.2,40.37,39.85
02/07/2024,40.26,"8,046,470",40.71,40.76,40.13
02/06/2024,40.6,"9,820,828",40.58,40.71,40.305
02/05/2024,40.52,"10,439,970",41.22,41.29,40.5
02/02/2024,41.36,"10,858,890",41.49,41.61,40.92
02/01/2024,41.72,"19,419,220",40.6,41.75,40.36
01/31/2024,40.12,"12,462,730",40.5,40.62,40.07
01/30/2024,40.46,"7,127,237",40.5,40.57,40.22
01/29/2024,40.53,"8,047,433",40.22,40.5692,40.22
01/26/2024,40.2,"7,286,205",40.42,40.5,40.12
01/25/2024,40.21,"9,566,255",40.05,40.315,39.91
01/24/2024,39.93,"9,232,135",40.41,40.59,39.92
01/23/2024,40.44,"7,957,089",40.36,40.505,40.11
01/22/2024,40.48,"8,186,409",40.25,40.69,40.15
01/19/2024,40.33,"7,827,508",40.49,40.52,40.15
01/18/2024,40.44,"7,832,833",40.61,40.61,40.085
01/17/2024,40.74,"6,334,445",40.885,41.205,40.715
01/16/2024,40.97,"10,541,900",41.36,41.52,40.765
01/12/2024,41.34,"7,703,716",41.88,42.01,41.27
01/11/2024,41.6,"9,499,144",41.0,41.64,40.92
01/10/2024,41.06,"11,082,840",41.84,42.08,40.93
01/09/2024,41.86,"7,414,533",41.84,41.86,41.55
01/08/2024,41.91,"8,563,013",41.56,42.025,41.54
01/05/2024,41.49,"6,126,514",41.58,41.655,41.31
01/04/2024,41.52,"8,894,622",41.48,42.05,41.47
01/03/2024,41.4,"9,807,053",41.65,41.8,41.31
01/02/2024,41.58,"12,615,160",40.36,41.66,40.34
12/29/2023,40.34,"8,074,856",40.15,40.395,40.09
12/28/2023,40.18,"7,195,651",40.11,40.29,40.03
12/27/2023,40.18,"9,285,846",40.25,40.375,40.09
12/26/2023,40.34,"8,488,057",40.32,40.52,40.2
12/22/2023,40.36,"7,587,811",40.42,40.65,40.265
12/21/2023,40.31,"10,097,810",40.41,40.5928,40.03
12/20/2023,40.3,"13,691,260",41.29,41.34,40.28
12/19/2023,42.44,"12,884,630",42.38,42.45,42.145
12/18/2023,42.2,"9,083,829",42.05,42.385,41.99
12/15/2023,41.75,"23,248,720",41.95,42.15,41.715
12/14/2023,42.11,"12,031,570",42.33,42.85,42.06
12/13/2023,42.02,"14,063,440",41.28,42.04,41.075
12/12/2023,41.36,"7,522,077",41.51,41.51,41.28
12/11/2023,41.39,"8,174,728",41.5,41.62,41.32
12/08/2023,41.3,"7,966,390",41.34,41.43,41.17
12/07/2023,41.32,"10,658,000",41.48,41.67,41.235
12/06/2023,41.36,"14,832,960",41.32,41.65,40.96
12/05/2023,42.57,"7,271,766",42.32,42.77,42.25
12/04/2023,42.5,"6,543,565",42.55,42.96,42.42
12/01/2023,42.6,"6,700,056",42.15,42.63,42.1176
11/30/2023,42.04,"8,996,688",41.91,42.05,41.74
11/29/2023,41.76,"4,839,114",41.88,41.975,41.69
11/28/2023,41.82,"7,042,782",41.44,42.0,41.42
11/27/2023,41.44,"6,601,696",41.44,41.61,41.24
11/24/2023,41.47,"3,153,711",41.31,41.48,41.28
11/22/2023,41.19,"8,224,126",40.85,41.22,40.74
11/21/2023,40.76,"6,271,349",40.85,40.94,40.5732
11/20/2023,40.84,"6,403,095",40.65,40.965,40.635
11/17/2023,40.82,"6,660,505",40.8,40.965,40.51
11/16/2023,40.7,"10,810,030",40.7,40.945,40.13
11/15/2023,40.75,"9,460,341",40.45,40.77,40.18
11/14/2023,40.22,"12,681,150",40.23,40.42,39.96
11/13/2023,40.0,"11,639,630",40.09,40.17,39.94
11/10/2023,40.02,"12,273,520",40.19,40.29,39.7
11/09/2023,40.11,"10,842,120",40.25,40.44,40.01
11/08/2023,40.2,"7,776,124",40.49,40.805,40.045
11/07/2023,40.51,"5,770,579",40.46,40.7,40.4114
11/06/2023,40.54,"8,741,548",40.75,40.88,40.455
11/03/2023,40.67,"7,997,269",40.95,41.21,40.59
11/02/2023,40.67,"8,319,002",39.95,40.69,39.76
11/01/2023,39.9,"9,527,207",40.29,40.39,39.63
10/31/2023,40.17,"14,570,980",40.28,40.565,39.8
10/30/2023,40.25,"10,301,380",39.5,40.445,39.485
10/27/2023,39.3,"14,405,880",39.72,40.36,39.19
10/26/2023,39.26,"22,791,500",42.14,42.18,39.065
10/25/2023,42.82,"6,894,369",42.53,43.013,42.5
10/24/2023,42.54,"6,477,417",42.13,42.62,42.13
10/23/2023,42.13,"5,989,366",42.65,42.675,42.09
10/20/2023,42.71,"6,143,856",42.54,43.04,42.5292
10/19/2023,42.61,"6,791,540",42.91,43.0255,42.51
10/18/2023,43.12,"5,026,363",43.12,43.43,42.89
10/17/2023,43.19,"5,318,041",42.77,43.21,42.59
10/16/2023,42.87,"7,417,175",42.91,43.0416,42.6
10/13/2023,42.66,"5,754,574",42.25,42.7322,42.25
10/12/2023,42.24,"7,764,173",42.63,42.71,41.83
10/11/2023,42.56,"6,706,041",42.64,42.85,42.3678
10/10/2023,42.49,"10,771,130",43.29,43.52,42.47
10/09/2023,42.7,"6,276,292",42.0,42.725,42.0
10/06/2023,42.07,"10,053,200",41.73,42.25,41.47
10/05/2023,41.99,"7,151,411",41.77,42.14,41.67
10/04/2023,41.65,"7,765,801",41.15,41.71,40.985
10/03/2023,41.13,"8,813,832",41.36,41.4,40.91
10/02/2023,41.58,"7,243,246",42.02,42.04,41.38
09/29/2023,42.05,"5,796,373",42.25,42.38,41.92
09/28/2023,42.14,"5,673,714",41.99,42.24,41.775
09/27/2023,41.91,"6,522,327",41.91,42.01,41.59
09/26/2023,41.9,"6,163,742",42.09,42.19,41.85
09/25/2023,42.09,"6,711,155",42.21,42.31,41.89
09/22/2023,42.33,"8,179,131",42.85,42.94,42.3
09/21/2023,42.91,"7,066,730",43.0,43.11,42.7
09/20/2023,43.04,"5,846,797",43.15,43.44,43.01
09/19/2023,43.06,"8,774,415",43.36,43.445,42.99
09/18/2023,43.35,"7,971,885",43.74,43.75,43.23
09/15/2023,43.53,"28,877,540",43.93,44.13,43.49
09/14/2023,44.1,"9,764,038",43.82,44.15,43.6147
09/13/2023,44.75,"8,928,964",45.0,45.0,44.6
09/12/2023,44.87,"7,754,879",44.53,45.03,44.52
09/11/2023,44.46,"9,566,099",44.22,44.88,44.18
09/08/2023,44.08,"6,837,119",43.83,44.1,43.64
09/07/2023,43.72,"7,395,698",43.73,43.88,43.42
09/06/2023,43.53,"10,108,370",44.0,44.03,43.45
09/05/2023,44.09,"9,267,906",44.06,44.4606,44.04
09/01/2023,44.11,"6,659,933",44.44,44.52,43.83
08/31/2023,44.22,"7,383,741",44.58,44.755,44.205
08/30/2023,44.52,"5,765,340",44.31,44.55,44.18
08/29/2023,44.22,"8,079,231",44.04,44.33,43.6
08/28/2023,43.97,"5,071,021",43.74,44.1,43.74
08/25/2023,43.67,"7,007,078",43.61,43.88,43.43
08/24/2023,43.4,"8,305,443",43.08,43.53,42.97
08/23/2023,43.12,"6,649,016",42.98,43.13,42.785
08/22/2023,42.77,"6,846,345",42.73,42.97,42.7
08/21/2023,42.73,"5,443,433",42.82,43.02,42.57
08/18/2023,42.91,"6,897,773",42.57,43.12,42.55
08/17/2023,42.57,"7,099,951",42.795,43.01,42.46
08/16/2023,42.75,"6,908,585",43.02,43.219,42.71
08/15/2023,43.07,"6,830,868",43.39,43.39,43.005
08/14/2023,43.53,"7,032,546",43.8,43.94,43.44
08/11/2023,43.73,"7,164,321",43.89,43.92,43.62
08/10/2023,43.92,"6,597,916",44.11,44.34,43.83
08/09/2023,44.09,"5,412,343",44.26,44.6,44.07
08/08/2023,44.24,"6,105,159",44.0,44.31,43.725
08/07/2023,44.12,"7,874,348",44.03,44.23,43.91
08/04/2023,44.0,"8,077,133",44.27,44.495,43.915
08/03/2023,44.3,"9,886,713",44.5,44.55,44.1
08/02/2023,44.57,"11,432,280",45.05,45.065,44.11
08/01/2023,45.18,"9,905,718",45.68,46.21,44.92
07/31/2023,45.42,"8,670,289",45.29,45.5978,45.205
07/28/2023,45.49,"5,906,306",45.69,45.84,45.43
07/27/2023,45.6,"4,551,889",45.66,45.945,45.57
07/26/2023,45.56,"4,933,900",45.44,45.84,45.3418
07/25/2023,45.46,"6,464,704",45.5,45.6,45.155
07/24/2023,45.6,"4,998,251",45.57,45.88,45.57
07/21/2023,45.6,"6,406,266",45.67,45.71,45.35
07/20/2023,45.66,"6,617,927",45.69,45.845,45.54
07/19/2023,45.38,"6,104,281",45.6,45.73,45.35
07/18/2023,45.39,"5,331,480",45.4,45.7,45.245
07/17/2023,45.38,"4,483,669",45.32,45.4875,45.2
07/14/2023,45.49,"4,860,620",45.67,45.68,45.35
07/13/2023,45.58,"5,923,875",45.56,45.73,45.235
07/12/2023,45.69,"5,320,614",45.74,45.96,45.57
07/11/2023,45.64,"7,238,164",44.95,45.69,44.95
07/10/2023,44.95,"11,674,720",46.2,46.26,44.685
07/07/2023,45.98,"8,395,622",46.1,46.3,45.92
07/06/2023,46.09,"8,984,013",45.9,46.34,45.7
07/05/2023,45.98,"8,870,061",45.66,46.04,45.475
07/03/2023,45.92,"6,143,990",45.19,45.92,45.0
06/30/2023,45.3,"9,046,801",45.07,45.41,44.98
06/29/2023,44.97,"6,380,422",44.42,44.98,44.32
06/28/2023,44.5,"7,261,082",44.16,44.51,43.82
06/27/2023,44.34,"6,313,095",44.16,44.375,43.98
06/26/2023,44.26,"9,001,185",43.5,44.2861,43.43
06/23/2023,43.42,"8,942,092",43.87,44.09,43.34
06/22/2023,43.76,"5,024,101",44.1,44.2,43.69
06/21/2023,43.95,"6,838,395",43.47,44.06,43.39
06/20/2023,43.47,"8,039,881",44.03,44.08,43.47
06/16/2023,44.07,"13,663,120",44.22,44.27,43.92
06/15/2023,44.15,"8,484,374",44.12,44.3,44.0301
06/14/2023,43.95,"11,941,320",44.9,44.98,43.855
06/13/2023,45.76,"9,106,736",45.53,45.925,45.33
06/12/2023,45.53,"6,514,695",45.25,45.6,45.14
06/09/2023,45.22,"6,690,934",45.4,45.545,45.17
06/08/2023,45.36,"5,805,969",45.215,45.3875,44.895
06/07/2023,45.1,"8,768,129",44.72,45.3,44.62
06/06/2023,44.66,"7,368,611",44.7,44.82,44.49
06/05/2023,44.64,"6,880,634",45.3,45.425,44.51
06/02/2023,45.33,"7,208,246",44.51,45.37,44.401
06/01/2023,44.58,"8,763,206",44.63,44.93,44.37
05/31/2023,44.42,"11,075,040",44.25,44.45,44.025
05/30/2023,44.32,"9,182,950",44.51,44.526,43.71
05/26/2023,44.61,"5,498,749",44.76,44.95,44.59
05/25/2023,44.67,"6,859,521",44.75,44.92,44.46
05/24/2023,44.95,"5,400,546",44.95,45.1798,44.8002
05/23/2023,44.93,"6,168,049",45.07,45.26,44.895
05/22/2023,44.93,"6,472,738",45.31,45.52,44.855
05/19/2023,45.3,"6,557,141",45.27,45.48,45.01
05/18/2023,45.07,"6,580,132",45.04,45.17,44.565
05/17/2023,45.34,"6,316,172",45.18,45.5,44.87
05/16/2023,45.09,"6,168,714",45.4,45.715,45.08
05/15/2023,45.56,"4,920,106",45.73,45.91,45.385
05/12/2023,45.67,"5,602,013",45.55,45.795,45.3
05/11/2023,45.67,"6,437,255",45.65,45.7,45.215
05/10/2023,45.94,"8,391,786",46.28,46.46,45.485
05/09/2023,46.44,"4,401,734",46.57,46.665,46.1514
05/08/2023,46.61,"4,434,236",46.7,46.82,46.5263
05/05/2023,46.69,"5,962,387",46.16,46.86,46.09
05/04/2023,46.13,"7,333,190",46.4,46.52,45.57
05/03/2023,46.53,"6,536,101",47.24,47.3669,46.51
05/02/2023,47.18,"7,606,381",47.7,47.71,46.533
05/01/2023,47.78,"8,844,025",47.55,48.04,47.41
04/28/2023,47.51,"11,070,670",47.47,47.715,46.82
04/27/2023,47.19,"10,977,550",45.95,47.44,45.4101
04/26/2023,46.69,"8,936,830",46.83,47.33,46.67
04/25/2023,46.99,"7,510,505",46.71,47.22,46.58
04/24/2023,46.67,"6,553,072",46.3,46.67,46.145
04/21/2023,46.15,"9,082,880",46.17,46.25,45.69
04/20/2023,45.99,"7,371,204",46.17,46.32,45.71
04/19/2023,46.46,"5,102,967",46.3,46.465,46.125
04/18/2023,46.14,"6,364,799",45.45,46.165,45.4
04/17/2023,45.44,"6,707,032",45.19,45.46,45.11
04/14/2023,45.03,"6,262,448",45.14,45.38,44.825
04/13/2023,44.97,"4,844,205",44.76,45.015,44.49
04/12/2023,44.83,"6,124,095",45.01,45.165,44.7031
04/11/2023,45.09,"6,553,549",44.65,45.21,44.65
04/10/2023,44.5,"6,197,266",44.41,44.6,44.305
04/06/2023,44.43,"6,337,156",44.4,44.62,44.26
04/05/2023,44.43,"7,865,782",44.46,44.7,44.185
04/04/2023,44.45,"7,379,609",44.88,44.91,44.24
04/03/2023,44.98,"8,385,812",44.72,45.33,44.6
03/31/2023,44.62,"7,711,451",44.63,44.72,44.425
03/30/2023,44.5,"6,862,432",44.64,44.8299,44.35
03/29/2023,44.52,"7,530,712",44.63,44.69,44.3
03/28/2023,44.36,"8,796,741",44.29,44.7399,44.2
03/27/2023,44.29,"9,624,184",44.12,44.37,44.05
03/24/2023,43.97,"10,448,030",43.6,43.985,43.405
03/23/2023,43.46,"15,549,760",44.39,44.4,43.25
03/22/2023,45.15,"10,883,600",46.35,46.38,45.12
03/21/2023,46.2,"14,067,410",46.46,46.5882,45.91
03/20/2023,46.07,"14,074,210",45.69,46.25,45.51
03/17/2023,45.32,"32,421,690",46.32,46.43,45.12
03/16/2023,46.17,"13,618,930",46.77,46.77,45.67
03/15/2023,46.87,"8,897,585",46.46,46.905,45.98
03/14/2023,46.74,"9,327,866",46.8,46.85,46.294
03/13/2023,46.68,"10,962,400",46.48,47.295,46.45
03/10/2023,46.61,"7,987,374",46.76,47.26,46.51
03/09/2023,46.74,"6,671,717",47.09,47.42,46.71
03/08/2023,46.8,"5,304,651",46.64,46.865,46.565
03/07/2023,46.55,"7,032,171",47.26,47.285,46.24
03/06/2023,47.19,"7,112,268",46.52,47.23,46.45
03/03/2023,46.53,"5,755,440",46.4,46.7099,46.16
03/02/2023,46.46,"7,355,566",46.02,46.53,45.9
03/01/2023,46.15,"8,102,342",46.29,46.435,45.92
02/28/2023,46.43,"8,018,508",46.5,46.77,46.01
02/27/2023,46.54,"9,168,769",47.29,47.4,46.47
02/24/2023,47.17,"5,704,911",47.25,47.39,46.95
02/23/2023,47.51,"6,284,574",47.2,47.695,47.08
02/22/2023,47.14,"6,908,315",47.4,47.97,47.03
02/21/2023,47.44,"8,236,200",47.99,48.07,46.78
02/17/2023,48.07,"7,825,226",47.5,48.11,47.26
02/16/2023,47.4,"5,422,346",47.4,47.64,47.05
02/15/2023,47.65,"4,894,350",47.18,47.66,47.18
02/14/2023,47.41,"6,397,722",47.85,47.88,47.29
02/13/2023,47.85,"5,370,810",47.42,47.915,47.32
02/10/2023,47.24,"6,899,066",46.5,47.3,46.39
02/09/2023,46.33,"5,838,863",46.61,46.71,46.06
02/08/2023,46.5,"5,736,537",46.33,46.555,46.24
02/07/2023,46.56,"6,920,839",46.69,46.81,46.25
02/06/2023,46.96,"5,911,486",47.01,47.229,46.85
02/03/2023,46.91,"10,245,900",47.0,47.07,46.43
02/02/2023,46.97,"9,920,833",47.36,47.51,46.63
02/01/2023,47.54,"14,734,760",46.05,47.685,45.51
01/31/2023,45.04,"7,584,871",44.65,45.05,44.3615
01/30/2023,44.5,"6,868,456",44.2,44.84,44.1542
01/27/2023,44.14,"9,247,040",44.37,44.55,44.045
01/26/2023,44.29,"9,449,057",44.77,44.8,44.12
01/25/2023,44.93,"8,034,384",44.75,46.99,44.4
01/24/2023,44.78,"4,989,468",42.72,51.57,42.72
01/23/2023,44.81,"7,585,343",45.03,45.34,44.76
01/20/2023,44.94,"8,401,479",44.645,45.01,44.4214
01/19/2023,44.54,"8,093,470",44.16,44.94,44.12
01/18/2023,44.01,"13,300,730",45.15,45.2,43.39
01/17/2023,45.16,"7,214,368",45.77,46.04,45.03
01/13/2023,45.62,"6,283,513",45.31,45.65,45.14
01/12/2023,45.4,"5,671,497",45.9,45.93,45.35
01/11/2023,45.82,"6,740,427",46.18,46.44,45.47
01/10/2023,45.99,"6,962,903",46.4,46.54,45.84
01/09/2023,45.98,"6,881,230",46.45,46.6,45.93
01/06/2023,46.45,"7,031,290",45.96,46.74,45.84
01/05/2023,45.37,"7,648,480",45.34,45.5,44.99
01/04/2023,45.41,"7,907,265",45.42,45.89,45.185
01/03/2023,45.52,"5,127,754",45.73,45.875,45.255
12/30/2022,45.71,"5,025,272",45.86,45.99,45.42
12/29/2022,45.87,"4,270,320",45.9,46.16,45.77
12/28/2022,45.85,"5,848,040",46.64,46.79,45.84
12/27/2022,46.48,"7,957,218",46.35,46.55,46.2
12/23/2022,46.24,"6,759,683",45.78,46.24,45.505
12/22/2022,45.78,"6,710,882",45.57,45.79,45.225
12/21/2022,45.59,"8,372,391",45.61,45.76,45.4009
12/20/2022,46.44,"8,395,309",46.55,46.595,46.08
12/19/2022,46.38,"7,887,573",46.65,46.97,45.95
12/16/2022,46.56,"15,185,990",46.83,46.85,45.915
12/15/2022,46.95,"8,020,123",46.99,47.13,46.31
12/14/2022,47.13,"8,636,251",47.04,47.52,46.76
12/13/2022,46.81,"14,083,520",47.19,47.25,46.71
12/12/2022,46.96,"5,527,562",46.84,47.0,46.32
12/09/2022,46.71,"6,183,823",46.78,46.97,46.64
12/08/2022,46.86,"5,850,420",46.37,46.985,46.2
12/07/2022,46.37,"6,189,818",46.45,46.565,46.14
12/06/2022,46.21,"7,721,503",47.18,47.39,45.95
12/05/2022,47.19,"7,451,743",47.06,47.905,47.03
12/02/2022,47.63,"7,653,654",46.77,47.655,46.77
12/01/2022,47.01,"9,115,949",46.72,47.16,46.5549
11/30/2022,46.58,"11,309,520",45.85,46.58,45.19
11/29/2022,45.82,"6,897,159",45.26,45.84,45.15
11/28/2022,45.15,"6,760,801",44.74,45.35,44.72
11/25/2022,44.74,"2,734,811",45.0,45.1489,44.645
11/23/2022,45.02,"5,192,435",45.21,45.31,44.625
11/22/2022,45.16,"6,068,803",45.0,45.23,44.815
11/21/2022,44.8,"7,644,656",44.43,44.83,44.065
11/18/2022,44.2,"9,640,927",44.02,44.295,43.76
11/17/2022,43.67,"7,835,945",43.42,43.74,43.29
11/16/2022,43.58,"9,891,899",43.76,43.855,43.2201
11/15/2022,43.66,"9,262,935",44.35,44.5192,43.18
11/14/2022,43.96,"8,070,903",44.57,44.88,43.95
11/11/2022,44.38,"9,820,529",44.04,44.46,43.25
11/10/2022,44.22,"12,330,880",45.03,45.229,43.725
11/09/2022,45.21,"5,348,622",45.82,45.85,45.121
11/08/2022,45.9,"6,889,237",45.94,46.145,45.36
11/07/2022,45.88,"8,277,045",45.64,45.99,44.51
11/04/2022,45.5,"5,511,964",45.26,45.7,45.0004
11/03/2022,44.91,"5,705,854",44.47,45.165,44.31
11/02/2022,44.84,"9,002,335",45.84,46.01,44.81
11/01/2022,46.14,"4,859,208",46.42,46.67,46.01
10/31/2022,46.27,"7,711,555",46.15,46.355,45.91
10/28/2022,46.31,"9,253,908",45.9,46.77,45.56
10/27/2022,45.42,"11,332,320",45.135,46.57,45.12
10/26/2022,46.31,"12,137,850",45.97,46.68,45.8906
10/25/2022,45.74,"8,282,108",45.33,45.83,45.11
10/24/2022,45.41,"8,428,688",44.85,45.47,44.835
10/21/2022,44.48,"7,471,065",43.5,44.53,43.39
10/20/2022,43.56,"9,710,296",44.88,44.95,43.52
10/19/2022,44.67,"5,930,345",44.88,45.02,44.43
10/18/2022,44.77,"7,176,212",45.19,45.41,44.585
10/17/2022,44.59,"7,872,511",45.55,45.79,44.405
10/14/2022,45.23,"11,228,530",46.0,46.59,45.1925
10/13/2022,45.89,"11,909,390",44.67,45.96,44.37
10/12/2022,44.75,"10,794,790",44.32,45.3,44.26
10/11/2022,44.35,"14,565,460",44.22,45.08,43.95
10/10/2022,43.46,"11,408,590",43.02,43.75,43.01
10/07/2022,42.82,"10,524,510",42.93,43.33,42.33
10/06/2022,42.99,"11,154,430",42.81,43.09,42.52
10/05/2022,42.9,"6,535,883",42.28,43.18,42.175
10/04/2022,42.5,"8,393,890",41.68,42.53,41.55
10/03/2022,41.37,"9,322,179",40.85,41.5666,40.74
09/30/2022,40.38,"9,121,402",41.39,41.49,40.35
09/29/2022,41.17,"5,834,689",41.26,41.35,40.925
09/28/2022,41.41,"6,646,996",41.05,41.6,40.61
09/27/2022,40.79,"8,432,666",41.85,42.335,40.7117
09/26/2022,41.47,"10,887,330",41.59,41.98,41.13
09/23/2022,41.68,"12,898,420",42.75,42.83,40.84
09/22/2022,43.27,"7,648,943",43.28,43.665,43.12
09/21/2022,43.01,"7,925,108",43.16,43.77,43.0
09/20/2022,42.92,"6,549,473",42.71,43.055,42.585
09/19/2022,42.91,"12,656,370",41.96,43.01,41.96
09/16/2022,42.29,"28,808,560",42.01,42.4099,41.81
09/15/2022,42.01,"9,786,405",41.65,42.125,41.565
09/14/2022,41.76,"11,988,150",42.1,42.2,41.41
09/13/2022,42.97,"17,325,790",45.03,45.07,42.94
09/12/2022,45.15,"10,683,210",45.56,45.68,45.09
09/09/2022,45.57,"7,843,264",45.24,45.855,45.04
09/08/2022,45.15,"8,651,126",45.0,45.325,44.67
09/07/2022,44.95,"10,257,140",44.65,44.97,44.12
09/06/2022,44.57,"12,042,020",45.2,45.89,44.5
09/02/2022,45.0,"8,555,033",45.68,45.92,44.83
09/01/2022,45.37,"6,864,211",45.0,45.49,44.78
08/31/2022,45.12,"6,627,252",45.18,45.53,45.01
08/30/2022,45.12,"7,952,009",45.73,45.81,44.99
08/29/2022,45.71,"6,253,620",45.81,46.05,45.58
08/26/2022,45.88,"6,931,160",46.5,46.61,45.85
08/25/2022,46.39,"6,926,759",45.9,46.475,45.755
08/24/2022,45.8,"4,250,507",45.5,45.84,45.395
08/23/2022,45.53,"5,359,315",45.28,45.61,45.13
08/22/2022,45.38,"7,066,558",45.36,45.69,45.31
08/19/2022,45.47,"9,093,931",45.54,45.88,45.315
08/18/2022,45.61,"3,800,496",45.54,45.645,45.2901
08/17/2022,45.45,"3,868,845",45.63,45.655,45.28
08/16/2022,45.74,"6,484,004",45.28,45.875,45.19
08/15/2022,45.28,"6,194,568",45.15,45.36,44.625
08/12/2022,45.15,"7,351,643",45.2,45.38,45.005
08/11/2022,45.13,"4,201,647",44.93,45.44,44.81
08/10/2022,44.74,"4,717,564",44.45,44.7871,44.34
08/09/2022,44.22,"4,295,709",44.42,44.45,44.0137
08/08/2022,44.22,"4,539,573",44.38,44.55,44.195
08/05/2022,44.1,"4,865,592",44.17,44.17,43.78
08/04/2022,44.25,"6,450,824",44.14,44.39,43.82
08/03/2022,44.23,"6,179,370",44.0,44.385,43.72
08/02/2022,43.83,"8,365,015",44.1,44.19,43.26
08/01/2022,44.05,"9,466,495",43.71,44.28,43.71
07/29/2022,43.86,"11,826,780",43.71,44.12,43.58
07/28/2022,44.0,"7,076,559",44.0,44.5,43.73
07/27/2022,44.07,"9,339,522",43.98,44.2,43.57
07/26/2022,44.14,"5,604,104",43.82,44.2598,43.815
07/25/2022,43.83,"5,349,187",43.26,43.87,43.18
07/22/2022,43.09,"5,511,114",42.9,43.29,42.83
07/21/2022,42.77,"7,046,131",42.05,42.79,42.01
07/20/2022,42.32,"8,733,759",42.9,42.993,42.21
07/19/2022,42.96,"7,212,592",42.66,43.05,42.6
07/18/2022,42.27,"10,493,500",42.33,42.6801,42.06
07/15/2022,41.99,"14,308,960",42.24,42.28,41.545
07/14/2022,41.63,"8,661,721",41.5,41.74,41.2
07/13/2022,41.96,"7,588,219",42.09,42.4593,41.89
07/12/2022,42.31,"8,864,982",42.03,43.33,41.94
07/11/2022,41.95,"10,656,410",41.76,42.93,41.65
07/08/2022,41.52,"6,930,720",41.29,41.82,41.235
07/07/2022,41.81,"8,707,893",41.47,41.985,41.42
07/06/2022,41.16,"11,413,690",42.3,42.46,41.07
07/05/2022,41.72,"8,436,582",41.78,41.84,41.01
07/01/2022,42.25,"8,109,559",41.56,42.3176,41.27
06/30/2022,41.77,"10,556,470",41.39,41.9743,41.21
06/29/2022,41.76,"12,371,560",41.55,42.745,41.42
06/28/2022,43.19,"9,857,244",43.72,44.1154,43.01
06/27/2022,43.19,"11,770,290",43.57,44.0,43.14
06/24/2022,43.4,"31,383,190",43.28,43.83,42.215
06/23/2022,42.51,"18,681,730",41.34,42.59,41.34
06/22/2022,41.5,"41,753,140",45.28,45.28,41.0
06/21/2022,45.7,"14,934,110",45.61,45.78,45.02
06/17/2022,45.31,"30,811,200",45.78,45.78,45.05
06/16/2022,45.38,"16,086,540",44.92,45.48,44.34
06/15/2022,45.67,"22,244,780",46.66,46.96,45.12
06/14/2022,46.29,"12,989,140",46.4,46.615,45.82
06/13/2022,47.16,"18,091,260",47.94,48.435,47.0
06/10/2022,48.94,"13,425,970",48.09,49.385,47.91
06/09/2022,48.66,"25,309,700",49.52,50.32,48.64
06/08/2022,49.49,"31,794,290",52.05,52.25,49.43
06/07/2022,54.01,"5,439,704",53.27,54.06,53.01
06/06/2022,53.59,"8,198,193",53.98,54.16,53.505
06/03/2022,53.82,"4,785,330",54.05,54.37,53.67
06/02/2022,54.15,"5,882,178",54.17,54.25,52.88
06/01/2022,54.08,"6,797,372",54.23,54.37,53.43
05/31/2022,54.09,"11,325,150",54.3,54.3512,53.51
05/27/2022,54.43,"7,356,707",54.62,54.76,54.11
05/26/2022,54.5,"7,276,713",53.89,54.89,53.89
05/25/2022,53.89,"9,198,044",53.07,54.075,52.745
05/24/2022,52.93,"10,561,610",52.27,53.0,52.02
05/23/2022,52.12,"10,535,430",51.56,52.42,51.56
05/20/2022,51.09,"16,223,600",51.38,51.8,50.6
05/19/2022,51.09,"13,690,330",52.61,52.78,51.02
05/18/2022,53.2,"9,922,524",54.16,54.19,53.02
05/17/2022,54.24,"8,465,290",54.02,54.46,53.62
05/16/2022,53.74,"7,263,255",53.21,54.11,52.95
05/13/2022,53.04,"8,144,638",52.46,53.095,52.285
05/12/2022,52.17,"12,184,980",52.2,52.75,51.66
05/11/2022,51.69,"16,080,120",51.99,52.75,51.54
05/10/2022,51.57,"25,354,690",53.84,53.99,50.36
05/09/2022,55.26,"16,925,930",56.5,57.03,55.12
05/06/2022,56.57,"11,512,290",55.69,56.7464,55.59
05/05/2022,55.95,"10,016,320",56.45,56.74,55.63
05/04/2022,56.4,"7,910,107",55.71,56.41,55.3
05/03/2022,55.44,"8,456,048",55.44,55.97,54.8
05/02/2022,55.38,"10,164,780",56.09,56.36,54.47
04/29/2022,55.57,"10,862,770",55.95,56.99,55.53
04/28/2022,55.2,"8,154,764",54.0,55.45,53.25
04/27/2022,54.92,"7,946,550",54.9,55.71,54.76
04/26/2022,54.88,"6,913,418",55.33,55.725,54.86
04/25/2022,55.23,"12,144,410",55.19,55.47,54.4201
04/22/2022,55.53,"8,469,941",56.5,56.65,55.47
04/21/2022,56.53,"8,659,828",55.47,57.05,55.36
04/20/2022,55.37,"6,989,340",55.34,55.595,55.02
04/19/2022,55.22,"7,072,360",54.97,55.3159,54.74
04/18/2022,54.6,"5,754,276",54.91,55.17,54.595
04/14/2022,54.98,"12,214,120",54.73,55.26,54.65
04/13/2022,54.8,"8,709,609",54.85,55.33,54.67
04/12/2022,54.91,"8,068,008",54.28,54.95,54.1656
04/11/2022,54.45,"6,399,831",54.48,54.76,54.06
04/08/2022,54.11,"7,424,621",53.75,54.37,53.64
04/07/2022,53.73,"6,174,875",53.72,53.7946,53.14
04/06/2022,53.83,"7,713,395",53.42,53.87,53.2
04/05/2022,52.64,"7,848,607",52.47,53.36,52.39
04/04/2022,52.72,"6,688,658",52.72,52.825,52.05
04/01/2022,52.71,"5,420,437",52.56,52.785,52.14
03/31/2022,52.25,"7,020,666",51.99,52.49,51.87
03/30/2022,52.05,"6,650,358",51.71,52.05,51.43
03/29/2022,51.68,"8,526,380",51.81,52.04,51.195
03/28/2022,52.03,"10,200,260",52.44,52.77,51.51
03/25/2022,53.62,"7,641,879",52.75,53.64,52.7119
03/24/2022,52.5,"11,448,520",52.5,52.68,51.89
03/23/2022,53.22,"8,843,917",53.46,53.64,53.135
03/22/2022,53.31,"9,172,825",53.26,53.96,52.84
03/21/2022,52.25,"9,326,904",51.85,52.575,51.8
03/18/2022,51.68,"25,044,970",51.96,52.075,51.35
03/17/2022,51.69,"7,801,810",51.28,51.88,51.08
03/16/2022,51.28,"10,695,470",51.16,51.45,50.445
03/15/2022,51.54,"8,346,858",51.34,51.87,51.05
03/14/2022,50.54,"11,266,360",50.65,51.12,49.79
03/11/2022,50.48,"9,435,225",51.08,51.55,50.405
03/10/2022,51.23,"7,567,240",50.89,51.4399,50.31
03/09/2022,51.0,"9,772,294",51.55,51.765,50.895
03/08/2022,50.89,"14,529,570",52.9,53.12,50.64
03/07/2022,52.85,"9,596,484",52.8,53.525,52.24
03/04/2022,53.49,"8,950,535",52.03,53.55,52.0
03/03/2022,53.17,"11,822,470",52.82,53.835,52.81
03/02/2022,52.81,"12,796,770",51.5,53.29,51.41
03/01/2022,51.57,"9,693,008",51.26,51.925,50.74
02/28/2022,51.29,"8,646,388",50.88,51.365,50.555
02/25/2022,51.48,"11,780,700",50.09,51.98,50.06
02/24/2022,49.57,"19,492,540",50.715,50.885,48.61
02/23/2022,51.95,"8,759,669",51.49,52.06,51.2
02/22/2022,51.28,"8,579,897",51.69,51.94,50.735
02/18/2022,51.74,"11,325,190",51.345,52.17,51.2611
02/17/2022,51.37,"7,751,909",50.3,51.47,50.24
02/16/2022,50.61,"7,224,818",50.34,50.94,50.14
02/15/2022,50.32,"5,566,060",50.33,50.72,50.05
02/14/2022,50.09,"6,975,259",50.37,50.6,49.48
02/11/2022,50.37,"6,836,763",50.22,50.72,50.13
02/10/2022,50.18,"7,728,132",50.6,51.0384,50.0
02/09/2022,50.6,"6,280,360",50.56,50.89,50.51
02/08/2022,50.42,"5,491,153",50.65,50.82,50.2
02/07/2022,50.39,"7,034,578",50.28,50.71,50.0
02/04/2022,50.19,"6,886,841",50.225,50.72,49.89
02/03/2022,50.42,"6,014,582",50.9,50.99,50.2628
02/02/2022,50.5,"6,804,441",50.57,50.92,50.39
02/01/2022,50.64,"7,129,359",50.97,51.03,50.36
01/31/2022,50.88,"9,212,620",50.09,51.07,50.0
01/28/2022,50.48,"7,551,381",49.95,50.51,49.39
01/27/2022,50.34,"11,281,960",49.9,51.21,49.57
01/26/2022,49.47,"11,715,020",50.055,50.4,49.12
01/25/2022,50.03,"9,660,296",49.47,50.255,48.65
01/24/2022,49.95,"12,649,360",50.23,50.69,48.85
01/21/2022,50.32,"8,908,717",50.47,50.98,50.09
01/20/2022,50.33,"9,469,661",49.87,50.62,49.59
01/19/2022,50.09,"6,430,246",50.43,50.52,49.86
01/18/2022,50.46,"8,877,434",50.97,51.37,50.355
01/14/2022,50.81,"10,421,510",50.37,50.91,50.09
01/13/2022,50.31,"9,105,139",49.61,50.43,49.52
01/12/2022,49.49,"12,682,400",49.31,49.56,48.61
01/11/2022,49.48,"15,590,350",50.35,50.5,49.26
01/10/2022,50.54,"13,390,590",50.09,50.66,49.96
01/07/2022,49.77,"8,098,642",49.2,49.995,49.1
01/06/2022,49.21,"10,134,120",49.18,49.72,48.87
01/05/2022,48.64,"11,506,500",48.55,49.27,48.332
01/04/2022,49.03,"11,647,860",48.0,49.335,47.98
01/03/2022,47.97,"10,309,240",47.37,48.0,47.18
12/31/2021,47.39,"5,440,228",47.27,47.44,47.045
12/30/2021,47.25,"4,055,521",47.52,47.62,47.21
12/29/2021,47.4,"6,044,816",47.31,47.55,47.23
12/28/2021,47.38,"5,459,777",46.73,47.415,46.73
12/27/2021,46.79,"5,686,539",46.44,46.83,46.28
12/23/2021,46.7,"7,530,579",46.8,47.15,46.605
12/22/2021,46.88,"7,997,361",46.87,46.98,45.81
12/21/2021,47.77,"9,110,757",48.19,48.4,47.67
12/20/2021,48.11,"11,013,770",47.93,48.3,47.55
12/17/2021,48.25,"26,677,400",47.34,48.835,47.05
12/16/2021,47.35,"12,663,750",46.08,47.63,46.052
12/15/2021,45.96,"8,402,591",45.55,46.09,45.5
12/14/2021,45.4,"10,750,180",45.26,45.75,45.13
12/13/2021,45.36,"6,921,925",45.03,45.5,44.7
12/10/2021,45.09,"6,358,544",45.0,45.32,44.8
12/09/2021,44.59,"7,656,221",44.27,44.755,44.13
12/08/2021,44.52,"6,403,478",44.57,44.85,44.195
12/07/2021,44.49,"7,280,414",44.44,44.79,44.25
12/06/2021,44.43,"7,029,491",44.21,44.76,44.09
12/03/2021,43.92,"8,628,990",43.53,43.95,43.26
12/02/2021,43.21,"7,996,840",43.3,43.557,43.065
12/01/2021,42.99,"8,289,543",43.18,43.925,42.97
11/30/2021,42.64,"11,402,340",43.03,43.08,42.53
11/29/2021,43.48,"7,673,138",43.93,43.99,43.255
11/26/2021,43.74,"4,999,125",43.63,43.84,43.271
11/24/2021,44.08,"5,273,993",44.11,44.475,44.03
11/23/2021,44.24,"4,852,981",44.0,44.41,43.93
11/22/2021,43.99,"7,854,853",43.65,44.6801,43.62
11/19/2021,43.4,"10,555,320",43.9,43.92,43.32
11/18/2021,44.01,"6,193,398",44.34,44.3814,43.79
11/17/2021,44.42,"7,766,902",44.44,44.77,44.2
11/16/2021,44.45,"9,067,533",45.14,45.265,44.305
11/15/2021,45.2,"6,482,532",45.06,45.43,45.03
11/12/2021,44.92,"5,075,723",45.09,45.33,44.87
11/11/2021,44.9,"4,279,772",44.7,45.0969,44.7
11/10/2021,44.75,"6,459,656",44.76,45.21,44.65
11/09/2021,44.79,"7,987,982",45.12,45.205,44.44
11/08/2021,45.07,"5,864,165",45.2,45.3681,44.95
11/05/2021,45.2,"5,872,883",44.91,45.2897,44.9
11/04/2021,44.61,"6,775,910",44.8,44.91,44.22
11/03/2021,44.96,"6,740,653",44.11,44.97,44.07
11/02/2021,44.15,"10,743,120",44.1,44.47,43.89
11/01/2021,44.05,"9,180,951",44.21,44.51,43.93
10/29/2021,44.11,"13,384,520",44.29,44.66,44.095
10/28/2021,44.58,"22,546,270",46.3,46.75,44.315
10/27/2021,47.5,"5,521,685",48.25,48.32,47.292
10/26/2021,48.11,"3,963,158",47.95,48.3,47.92
10/25/2021,47.95,"7,551,316",48.46,48.6,47.75
10/22/2021,48.22,"9,353,553",48.5,48.61,48.21
10/21/2021,48.23,"4,066,980",48.2,48.5,48.06
10/20/2021,48.43,"4,901,337",47.9,48.5,47.84
10/19/2021,47.9,"4,904,323",48.22,48.36,47.76
10/18/2021,48.13,"3,850,336",48.39,48.5,48.1
10/15/2021,48.7,"5,944,026",48.915,49.0,48.57
10/14/2021,48.67,"5,518,080",48.08,48.73,48.02
10/13/2021,47.92,"7,441,192",47.17,48.23,46.795
10/12/2021,47.15,"11,311,790",47.55,48.22,46.89
10/11/2021,46.71,"4,367,901",46.71,47.185,46.5
10/08/2021,46.73,"4,341,615",46.6,46.965,46.5
10/07/2021,46.48,"4,893,902",46.71,47.1853,46.405
10/06/2021,46.45,"5,471,893",45.8,46.575,45.7169
10/05/2021,46.17,"7,461,259",46.54,46.62,46.15
10/04/2021,46.5,"8,940,913",45.97,46.56,45.83
10/01/2021,45.86,"11,793,720",45.47,46.09,44.89
09/30/2021,45.52,"19,648,870",48.43,48.5,45.37
09/29/2021,48.74,"4,854,747",48.37,48.89,48.16
09/28/2021,48.27,"6,754,919",48.72,48.96,48.21
09/27/2021,48.74,"5,080,538",48.36,49.01,48.3
09/24/2021,48.46,"4,396,897",48.7,49.05,48.45
09/23/2021,48.81,"4,556,714",48.61,49.21,48.41
09/22/2021,48.24,"5,251,006",48.45,48.73,48.17
09/21/2021,48.03,"7,612,375",48.35,48.75,47.97
09/20/2021,48.14,"8,054,091",48.11,48.49,47.665
09/17/2021,48.61,"11,341,620",48.65,48.96,48.505
09/16/2021,48.79,"6,367,028",49.24,49.48,48.655
09/15/2021,49.23,"6,012,406",48.37,49.28,48.31
09/14/2021,48.37,"8,440,657",49.13,49.34,48.33
09/13/2021,50.08,"11,223,030",50.8,50.9,49.9343
09/10/2021,50.6,"6,129,771",50.82,50.96,50.45
09/09/2021,50.59,"7,100,306",50.8,51.0,50.32
09/08/2021,50.88,"7,131,824",50.66,50.98,50.38
09/07/2021,50.79,"7,560,273",50.78,51.08,50.51
09/03/2021,50.97,"4,172,612",50.91,50.995,50.56
09/02/2021,51.04,"8,743,691",50.25,51.06,50.22
09/01/2021,50.08,"6,847,216",50.425,50.425,49.81
08/31/2021,50.23,"7,935,072",49.8,50.325,49.62
08/30/2021,49.7,"5,703,947",49.59,49.9199,49.371
08/27/2021,49.53,"5,911,466",49.06,49.695,49.01
08/26/2021,48.75,"5,103,325",48.57,49.18,48.55
08/25/2021,48.65,"4,299,090",48.33,48.92,48.17
08/24/2021,48.21,"4,557,596",48.5,48.51,48.014
08/23/2021,48.48,"5,043,172",48.7,49.06,48.4
08/20/2021,48.47,"3,892,988",48.25,48.69,48.01
08/19/2021,48.24,"4,747,825",47.82,48.31,47.71
08/18/2021,48.22,"5,359,375",48.56,48.77,48.16
08/17/2021,48.56,"5,921,109",48.18,48.83,48.18
08/16/2021,48.39,"7,686,406",48.54,48.67,48.16
08/13/2021,48.6,"4,956,511",48.26,48.725,48.14
08/12/2021,48.12,"4,058,342",48.25,48.29,47.985
08/11/2021,48.17,"4,651,911",48.25,48.36,47.99
08/10/2021,48.11,"4,770,274",47.44,48.25,47.2
08/09/2021,47.48,"4,044,815",47.37,47.53,47.12
08/06/2021,47.35,"4,621,922",47.48,47.58,47.2
08/05/2021,47.36,"3,720,583",47.39,47.4933,47.2
08/04/2021,47.03,"7,383,342",47.5,47.65,46.82
08/03/2021,47.79,"5,416,532",47.96,48.08,47.58
08/02/2021,47.73,"5,852,029",48.24,48.69,47.7
07/30/2021,48.04,"7,104,809",48.49,48.67,47.6727
07/29/2021,48.6,"8,281,846",47.66,49.01,47.59
07/28/2021,47.62,"5,424,992",47.81,47.96,47.48
07/27/2021,47.79,"5,008,296",47.53,47.99,47.32
07/26/2021,47.61,"4,249,633",47.5,47.79,47.35
07/23/2021,47.49,"4,440,359",47.22,47.535,47.09
07/22/2021,46.99,"5,732,461",47.2,47.31,46.83
07/21/2021,47.33,"5,606,180",47.5,47.7431,47.2
07/20/2021,47.21,"6,722,973",46.81,47.43,46.44
07/19/2021,46.79,"9,741,835",46.78,47.03,46.2
07/16/2021,47.31,"10,171,990",47.71,47.99,47.17
07/15/2021,47.49,"4,831,381",47.31,47.61,47.2799
07/14/2021,47.56,"5,734,741",47.05,47.65,46.75
07/13/2021,46.84,"6,525,590",47.45,47.54,46.76
07/12/2021,47.49,"7,416,212",47.01,47.7,46.72
07/09/2021,47.4,"10,042,400",47.25,47.91,47.0
07/08/2021,46.43,"6,788,690",46.3,46.825,46.125
07/07/2021,46.79,"5,300,373",46.59,47.1467,46.54
07/06/2021,46.67,"7,767,246",47.44,47.44,46.33
07/02/2021,47.53,"5,516,090",47.83,47.8561,47.4
07/01/2021,47.83,"5,888,236",47.67,48.195,47.67
06/30/2021,47.68,"7,965,741",46.85,47.79,46.84
06/29/2021,46.78,"4,945,486",47.18,47.26,46.66
06/28/2021,47.18,"4,877,207",47.67,47.7,47.11
06/25/2021,47.62,"9,929,474",47.38,47.64,47.3
06/24/2021,47.43,"4,425,897",47.01,47.547,46.97
06/23/2021,47.02,"4,864,668",47.24,47.43,46.96
06/22/2021,47.24,"5,024,204",47.19,47.535,47.14
06/21/2021,47.29,"8,149,566",46.75,47.48,46.73
06/18/2021,46.31,"24,095,420",46.52,46.63,45.94
06/17/2021,46.87,"7,811,121",47.24,47.55,46.76
06/16/2021,47.37,"8,258,687",47.91,48.01,47.19
06/15/2021,47.9,"6,940,752",48.2,48.44,47.75
06/14/2021,48.08,"14,503,820",48.81,48.95,47.43
06/11/2021,49.76,"14,453,560",50.25,50.36,49.33
06/10/2021,50.14,"6,029,568",50.23,50.53,50.09
06/09/2021,49.9,"6,384,319",49.98,50.3562,49.785
06/08/2021,49.88,"7,106,449",50.55,50.55,49.74
06/07/2021,50.49,"6,384,907",50.0,50.52,50.0
06/04/2021,49.77,"6,496,327",49.95,50.0758,49.57
06/03/2021,49.78,"4,655,293",49.46,49.905,49.29
06/02/2021,49.51,"5,552,332",49.5,49.74,49.25
06/01/2021,49.36,"5,576,147",49.58,49.85,49.25
05/28/2021,49.22,"7,507,510",49.3,49.71,49.17
05/27/2021,49.2,"8,097,506",49.46,49.9,49.035
05/26/2021,49.42,"7,160,909",49.64,49.72,49.26
05/25/2021,49.61,"7,174,820",50.275,50.36,49.48
05/24/2021,50.32,"5,545,270",50.12,50.605,49.9505
05/21/2021,50.0,"5,828,244",50.19,50.41,49.82
05/20/2021,50.03,"5,166,114",49.4,50.22,49.31
05/19/2021,49.44,"6,314,105",49.53,49.69,48.94
05/18/2021,49.99,"5,281,645",50.12,50.18,49.89
05/17/2021,50.21,"5,204,589",50.25,50.56,50.03
05/14/2021,50.28,"6,545,409",50.365,50.76,50.23
05/13/2021,50.12,"7,385,618",49.17,50.43,49.13
05/12/2021,49.35,"6,783,526",50.72,50.72,49.26
05/11/2021,50.43,"7,333,905",50.68,50.83,49.88
05/10/2021,50.68,"8,262,256",50.2,51.14,50.14
05/07/2021,49.95,"6,802,085",49.29,50.08,49.18
05/06/2021,49.49,"8,075,750",48.53,49.525,48.53
05/05/2021,48.35,"4,464,196",47.83,48.36,47.59
05/04/2021,47.85,"9,725,897",48.24,48.635,47.62
05/03/2021,48.37,"7,771,273",48.07,48.63,47.75
04/30/2021,47.75,"11,634,870",47.24,47.78,46.83
04/29/2021,46.6,"11,543,240",46.07,47.06,45.68
04/28/2021,47.18,"8,851,395",47.5,47.85,46.89
04/27/2021,47.16,"5,957,066",47.16,47.42,46.955
04/26/2021,47.22,"7,806,177",47.35,47.5,47.02
04/23/2021,47.39,"9,045,786",46.48,47.51,46.45
04/22/2021,46.5,"18,769,880",47.58,47.74,46.24
04/21/2021,47.58,"14,681,990",47.18,48.26,47.18
04/20/2021,47.19,"43,950,320",45.94,47.5879,45.16
04/19/2021,49.08,"27,945,960",52.31,52.55,48.27
04/16/2021,52.31,"16,476,690",51.93,52.3842,51.73
04/15/2021,51.61,"9,045,340",51.6,51.965,51.48
04/14/2021,51.35,"6,025,161",51.04,51.62,51.04
04/13/2021,51.17,"7,096,668",51.23,51.44,51.015
04/12/2021,51.75,"5,849,392",51.72,51.92,51.405
04/09/2021,51.49,"5,654,695",51.4,51.72,51.35
04/08/2021,51.48,"6,511,212",51.22,51.63,50.94
04/07/2021,51.13,"6,101,614",51.4,51.55,50.86
04/06/2021,51.38,"7,169,259",51.17,51.7807,51.15
04/05/2021,51.32,"6,937,840",51.37,51.87,51.27
04/01/2021,51.0,"8,271,860",51.0,51.16,50.27
03/31/2021,51.16,"8,398,397",51.18,51.37,50.96
03/30/2021,51.26,"8,576,062",52.3,52.58,51.14
03/29/2021,52.3,"9,027,435",51.99,52.58,51.69
03/26/2021,52.5,"15,411,660",51.0,52.59,50.83
03/25/2021,50.19,"7,820,601",49.08,50.385,49.08
03/24/2021,49.51,"9,286,028",49.19,49.92,49.14
03/23/2021,50.51,"12,000,060",51.57,51.66,50.33
03/22/2021,51.64,"10,365,160",50.45,51.72,50.18
03/19/2021,50.55,"37,178,860",50.7,51.165,50.14
03/18/2021,50.57,"10,439,940",49.85,50.84,49.75
03/17/2021,49.78,"11,698,260",49.42,49.87,48.915
03/16/2021,49.44,"10,007,230",49.21,49.91,48.91
03/15/2021,49.84,"12,832,000",49.07,49.95,49.025
03/12/2021,48.65,"9,314,066",48.06,48.805,48.0
03/11/2021,47.8,"8,705,074",47.96,48.44,47.76
03/10/2021,48.2,"9,428,212",47.9,48.44,47.76
03/09/2021,47.68,"13,064,100",46.87,47.99,46.59
03/08/2021,46.9,"16,319,930",45.45,47.07,45.06
03/05/2021,45.12,"11,433,960",44.68,45.3,44.4
03/04/2021,44.26,"12,870,200",45.04,45.55,44.08
03/03/2021,45.05,"9,728,247",44.72,45.635,44.61
03/02/2021,44.72,"7,764,499",44.61,45.13,44.54
03/01/2021,44.54,"8,234,989",44.15,45.155,44.01
02/26/2021,43.6,"12,515,920",44.5,44.66,43.55
02/25/2021,44.63,"9,414,593",45.0,45.3371,44.45
02/24/2021,45.0,"7,419,495",44.37,45.1784,44.27
02/23/2021,44.29,"11,129,520",44.88,44.99,44.03
02/22/2021,44.42,"7,245,148",43.74,44.48,43.7
02/19/2021,43.8,"7,494,715",43.82,43.95,43.54
02/18/2021,43.63,"6,311,550",43.61,44.06,43.57
02/17/2021,43.6,"5,982,454",43.4,43.91,43.23
02/16/2021,43.41,"6,854,083",43.31,43.625,43.1
02/12/2021,43.4,"7,484,990",43.24,43.54,43.01
02/11/2021,43.31,"6,610,377",43.53,43.85,43.1423
02/10/2021,43.55,"6,866,301",43.57,43.92,43.3
02/09/2021,43.36,"7,571,783",43.13,43.54,42.77
02/08/2021,42.97,"7,163,778",42.55,43.325,42.55
02/05/2021,42.47,"6,076,419",42.78,42.97,42.43
02/04/2021,42.53,"7,543,502",42.11,42.56,41.93
02/03/2021,42.0,"8,059,792",41.35,42.127,41.21
02/02/2021,41.57,"10,121,650",41.18,41.775,40.57
02/01/2021,40.77,"9,605,977",41.08,41.36,40.46
01/29/2021,41.08,"11,869,370",42.25,42.44,41.03
01/28/2021,42.65,"9,547,220",41.82,43.04,41.78
01/27/2021,41.82,"8,405,431",41.96,42.5,41.68
01/26/2021,42.23,"5,861,205",42.02,42.39,41.85
01/25/2021,41.96,"8,201,177",41.77,42.235,41.34
01/22/2021,41.83,"5,526,250",41.82,42.09,41.51
01/21/2021,41.94,"7,113,132",42.05,42.285,41.71
01/20/2021,42.1,"7,002,286",41.46,42.19,41.33
01/19/2021,41.23,"9,653,756",41.38,41.8338,41.01
01/15/2021,41.2,"8,069,998",41.0,41.34,40.87
01/14/2021,41.11,"6,963,369",41.18,41.78,40.88
01/13/2021,41.09,"7,514,987",40.77,41.245,40.77
01/12/2021,40.93,"7,324,511",41.27,41.445,40.63
01/11/2021,41.35,"9,720,290",41.67,42.0284,41.29
01/08/2021,41.59,"8,314,352",41.8,41.84,41.28
01/07/2021,41.78,"6,962,882",41.61,41.98,41.39
01/06/2021,41.42,"9,048,034",40.93,41.59,40.71
01/05/2021,40.76,"6,375,778",40.85,41.22,40.7
01/04/2021,40.84,"10,657,370",41.08,41.11,40.0
12/31/2020,41.0,"7,286,698",40.63,41.105,40.17
12/30/2020,40.74,"7,038,683",40.68,40.97,40.35
12/29/2020,40.73,"8,979,629",41.65,41.8,40.72
12/28/2020,41.48,"8,657,863",41.89,42.285,41.24
12/24/2020,41.72,"6,055,835",41.89,41.92,41.1523
12/23/2020,42.87,"7,550,134",42.68,43.07,42.62
12/22/2020,42.55,"9,073,886",43.0,43.13,42.31
12/21/2020,42.94,"10,118,620",43.11,43.18,42.58
12/18/2020,43.78,"23,929,700",42.96,43.87,42.92
12/17/2020,43.0,"8,628,717",42.97,43.12,42.71
12/16/2020,43.1,"13,036,020",42.2,43.165,42.18
12/15/2020,42.18,"14,434,780",42.83,42.93,42.04
12/14/2020,42.9,"15,216,170",43.36,43.36,42.89
12/11/2020,43.0,"8,352,803",42.62,43.135,42.62
12/10/2020,42.95,"9,647,527",43.09,43.13,42.47
12/09/2020,42.98,"16,687,910",42.37,43.17,42.29
12/08/2020,42.23,"12,791,630",41.4,42.31,40.93
12/07/2020,41.69,"9,947,486",41.49,41.77,41.04
12/04/2020,41.37,"9,814,039",40.7,41.37,40.6
12/03/2020,40.42,"14,800,250",40.23,40.53,39.925
12/02/2020,40.02,"8,990,240",40.48,40.83,39.91
12/01/2020,40.49,"10,720,850",40.08,40.88,40.01
11/30/2020,39.83,"14,473,730",40.25,40.28,39.595
11/27/2020,40.37,"4,664,461",40.4,40.54,39.97
11/25/2020,40.38,"6,483,440",40.9,41.0,40.35
11/24/2020,41.0,"10,684,050",40.81,41.54,40.67
11/23/2020,40.2,"6,678,902",40.0,40.42,39.815
11/20/2020,39.94,"6,057,249",39.84,40.1492,39.72
11/19/2020,40.06,"8,198,094",40.01,40.41,39.361
11/18/2020,40.17,"7,850,456",41.21,41.38,40.16
11/17/2020,41.19,"5,204,776",41.12,41.48,40.8801
11/16/2020,41.48,"7,296,003",40.81,41.52,40.52
11/13/2020,40.33,"6,553,807",39.74,40.4,39.4
11/12/2020,39.5,"7,815,246",39.56,39.66,38.9
11/11/2020,39.76,"9,146,300",39.84,39.85,39.125
11/10/2020,39.59,"13,246,090",38.7,39.71,38.4799
11/09/2020,38.17,"16,564,690",38.74,39.43,38.11
11/06/2020,37.27,"8,016,324",37.36,37.847,37.07
11/05/2020,37.31,"9,608,734",38.44,38.46,37.3
11/04/2020,38.08,"12,802,780",37.74,38.82,37.66
11/03/2020,37.39,"10,594,130",36.72,37.57,36.71
11/02/2020,36.48,"9,370,799",36.49,36.77,36.125
10/30/2020,36.08,"12,786,620",36.25,36.75,35.83
10/29/2020,36.87,"12,650,810",36.65,37.2,36.23
10/28/2020,36.72,"12,641,130",36.58,37.14,36.28
10/27/2020,37.17,"9,627,450",38.43,38.57,37.15
10/26/2020,38.57,"7,152,807",38.88,38.94,38.23
10/23/2020,39.08,"4,504,072",39.27,39.36,38.775
10/22/2020,38.99,"4,621,924",38.63,39.06,38.435
10/21/2020,38.51,"5,799,756",38.49,38.75,38.43
10/20/2020,38.7,"7,310,573",39.47,39.5,38.63
10/19/2020,39.18,"5,184,329",39.56,39.94,39.1217
10/16/2020,39.53,"5,972,572",39.91,40.24,39.53
10/15/2020,39.7,"4,208,299",39.16,39.74,39.05
10/14/2020,39.55,"5,089,049",39.28,39.82,39.12
10/13/2020,39.38,"8,703,962",40.38,40.42,39.32
10/12/2020,40.45,"7,167,153",40.65,41.24,40.38
10/09/2020,40.69,"11,445,010",40.83,41.26,40.585
10/08/2020,40.38,"5,715,581",40.67,40.95,40.231
10/07/2020,40.53,"7,424,979",39.81,40.835,39.81
10/06/2020,39.6,"6,555,760",39.65,40.22,39.4818
10/05/2020,39.5,"5,154,763",39.17,39.62,38.92
10/02/2020,38.97,"5,268,263",38.4,39.22,38.35
10/01/2020,38.92,"7,656,130",38.67,38.945,38.38
09/30/2020,38.64,"7,707,171",38.54,38.9,38.3332
09/29/2020,38.36,"7,032,679",38.94,38.95,38.33
09/28/2020,38.95,"8,003,759",38.47,39.21,38.47
09/25/2020,38.27,"7,855,262",38.12,38.41,37.7837
09/24/2020,38.33,"7,301,376",38.0,38.62,37.59
09/23/2020,37.93,"8,258,899",38.75,39.05,37.92
09/22/2020,38.55,"8,560,114",39.0,39.42,38.49
09/21/2020,38.82,"10,251,730",39.68,39.8,38.44
09/18/2020,39.84,"22,715,160",40.88,41.04,39.49
09/17/2020,40.86,"9,770,538",41.58,41.96,40.82
09/16/2020,41.76,"9,757,946",42.88,42.91,41.74
09/15/2020,42.78,"8,482,704",43.1,43.386,42.71
09/14/2020,43.0,"10,177,730",42.9,43.36,42.625
09/11/2020,43.59,"9,282,280",43.47,43.7201,43.155
09/10/2020,43.35,"7,569,900",43.89,43.89,43.27
09/09/2020,43.79,"16,628,810",43.37,44.17,43.31
09/08/2020,43.07,"8,765,350",43.7,44.07,42.7
09/04/2020,43.49,"9,460,985",43.51,43.94,42.7775
09/03/2020,43.29,"10,906,130",43.95,44.78,43.005
09/02/2020,43.76,"8,021,225",43.07,43.9,42.9
09/01/2020,43.12,"7,109,059",43.65,43.69,43.04
08/31/2020,43.74,"7,826,319",43.88,43.99,43.59
08/28/2020,43.93,"5,476,527",43.84,43.95,43.46
08/27/2020,43.75,"6,558,344",43.43,44.3699,43.3601
08/26/2020,43.2,"11,083,320",43.22,43.65,42.93
08/25/2020,43.52,"6,117,894",44.3,44.3,43.5
08/24/2020,44.04,"7,911,250",43.58,44.46,43.45
08/21/2020,43.46,"4,334,466",43.59,43.65,43.14
08/20/2020,43.5,"6,160,512",43.38,43.81,43.16
08/19/2020,43.65,"6,439,363",43.37,44.15,43.17
08/18/2020,43.22,"5,865,101",43.36,43.6,43.03
08/17/2020,43.03,"6,948,675",42.68,43.335,42.57
08/14/2020,42.54,"4,881,704",42.36,42.72,42.08
08/13/2020,42.57,"5,347,383",42.75,43.07,42.475
08/12/2020,42.96,"7,866,789",43.71,43.9938,42.9
08/11/2020,43.6,"8,538,732",43.86,44.15,43.47
08/10/2020,43.22,"6,734,929",42.26,43.25,42.26
08/07/2020,42.17,"5,620,552",41.3,42.225,41.07
08/06/2020,41.55,"4,085,452",41.58,41.885,41.32
08/05/2020,41.66,"6,441,485",41.69,42.04,41.48
08/04/2020,41.6,"8,747,303",41.2,41.61,40.93
08/03/2020,41.01,"6,064,110",41.11,41.32,40.67
07/31/2020,41.15,"7,567,629",41.31,41.56,40.67
07/30/2020,41.58,"6,256,704",41.28,41.89,41.18
07/29/2020,41.63,"7,890,086",42.87,42.87,41.42
07/28/2020,42.52,"10,794,220",42.98,43.2,42.21
07/27/2020,42.13,"6,052,074",42.0,42.27,41.76
07/24/2020,41.85,"6,186,766",41.8,42.59,41.59
07/23/2020,41.58,"4,803,000",41.48,41.74,41.26
07/22/2020,41.34,"5,437,859",41.1,41.4,40.51
07/21/2020,41.22,"6,212,687",41.04,42.14,41.04
07/20/2020,40.87,"5,915,756",41.5,41.5,40.48
07/17/2020,41.54,"6,243,521",41.84,41.85,41.39
07/16/2020,41.48,"5,670,935",40.94,41.675,40.87
07/15/2020,41.0,"6,499,646",41.34,41.745,40.96
07/14/2020,41.06,"7,783,328",40.21,41.1,39.88
07/13/2020,40.21,"6,931,264",40.13,40.72,39.74
07/10/2020,40.27,"8,406,604",38.95,40.32,38.9
07/09/2020,38.6,"6,256,961",39.73,39.73,38.525
07/08/2020,39.87,"7,530,511",39.82,40.44,39.61
07/07/2020,39.94,"8,659,898",39.19,40.24,39.12
07/06/2020,39.6,"4,883,082",39.75,40.01,39.08
07/02/2020,39.4,"4,389,774",39.63,40.02,39.3
07/01/2020,39.24,"6,326,072",39.43,40.18,39.22
06/30/2020,39.25,"6,824,990",39.08,39.435,38.8649
06/29/2020,39.23,"5,919,720",38.56,39.32,38.45
06/26/2020,38.19,"9,693,130",39.63,39.6774,38.09
06/25/2020,39.66,"5,981,233",39.41,39.74,38.97
06/24/2020,39.43,"7,186,608",39.95,40.0,39.24
06/23/2020,40.34,"6,061,851",40.36,40.84,40.23
06/22/2020,40.05,"6,756,062",40.6,40.68,39.9
06/19/2020,40.69,"19,995,230",41.98,41.98,40.56
06/18/2020,41.47,"7,192,822",40.49,41.515,40.4702
06/17/2020,40.86,"7,960,379",41.18,41.44,40.76
06/16/2020,41.09,"9,540,637",41.21,41.61,40.56
06/15/2020,40.31,"11,940,170",38.48,40.33,38.34
06/12/2020,39.13,"12,543,140",39.41,39.43,38.2181
06/11/2020,39.29,"13,488,060",40.85,41.04,39.2702
06/10/2020,41.82,"9,795,569",42.3,42.4,41.8
06/09/2020,42.18,"11,903,200",42.45,42.69,41.9579
06/08/2020,42.83,"10,509,300",42.23,43.145,41.94
06/05/2020,41.91,"10,776,200",41.51,42.47,41.27
06/04/2020,40.73,"7,842,188",40.0,40.74,39.645
06/03/2020,40.21,"8,422,451",40.0,40.435,39.76
06/02/2020,39.66,"8,952,621",39.39,39.709,39.25
06/01/2020,39.18,"6,578,158",39.1,39.76,39.08
05/29/2020,39.05,"18,946,510",38.59,39.23,38.2
05/28/2020,38.81,"12,060,080",39.74,39.74,38.79
05/27/2020,39.05,"9,502,034",39.06,39.5,38.92
05/26/2020,38.28,"9,596,009",38.44,38.82,38.13
05/22/2020,37.73,"6,943,357",37.5,37.755,37.23
05/21/2020,37.54,"10,212,060",37.7,38.1,37.215
05/20/2020,37.77,"10,310,940",37.34,37.8,37.09
05/19/2020,37.12,"10,010,780",37.52,37.69,37.1
05/18/2020,37.6,"9,830,587",37.67,37.875,37.33
05/15/2020,36.59,"12,566,000",36.42,36.75,35.98
05/14/2020,36.25,"9,128,787",35.85,36.38,35.56
05/13/2020,36.35,"13,141,380",36.02,36.77,35.61
05/12/2020,36.08,"12,086,410",36.7,37.15,36.07
05/11/2020,36.42,"8,255,265",36.03,36.7,35.87
05/08/2020,36.74,"8,454,236",35.63,36.9,35.4417
05/07/2020,35.1,"17,862,170",36.22,36.25,35.02
05/06/2020,35.73,"15,203,580",37.09,37.14,35.14
05/05/2020,36.8,"9,590,151",38.28,38.4,36.72
05/04/2020,38.01,"9,177,438",38.0,38.27,37.57
05/01/2020,37.91,"11,765,540",39.03,40.36,37.67
04/30/2020,39.25,"13,830,870",42.35,42.36,39.04
04/29/2020,40.47,"7,350,433",41.0,41.27,40.47
04/28/2020,40.71,"7,098,706",40.71,41.46,40.57
04/27/2020,39.75,"6,066,649",39.62,40.21,39.24
04/24/2020,39.42,"8,785,528",38.76,39.57,38.69
04/23/2020,38.45,"7,182,354",38.01,38.84,37.925
04/22/2020,37.81,"11,190,860",38.44,38.48,37.45
04/21/2020,37.76,"15,089,320",38.0,38.82,37.5
04/20/2020,39.07,"13,229,610",40.25,40.41,38.7
04/17/2020,40.85,"10,455,380",41.0,41.95,40.63
04/16/2020,40.4,"7,429,354",41.1,41.32,40.1713
04/15/2020,40.91,"7,415,202",41.09,41.22,40.21
04/14/2020,42.12,"8,526,527",41.05,42.385,40.89
04/13/2020,40.44,"8,449,824",40.76,40.94,39.73
04/09/2020,40.91,"8,933,835",40.13,41.54,40.13
04/08/2020,40.13,"11,727,650",38.89,40.75,38.62
04/07/2020,38.48,"12,021,260",38.22,39.9,37.61
04/06/2020,37.28,"14,463,750",38.51,38.87,37.03
04/03/2020,37.41,"10,337,980",36.61,37.7,36.15
04/02/2020,36.22,"14,393,750",36.13,36.55,35.34
04/01/2020,37.61,"18,310,490",36.85,37.98,36.69
03/31/2020,38.67,"15,865,830",36.76,38.96,36.75
03/30/2020,37.31,"18,352,950",36.88,37.92,36.37
03/27/2020,36.64,"14,679,650",34.5,38.04,34.05
03/26/2020,36.64,"14,410,160",34.64,36.82,34.64
03/25/2020,34.37,"21,540,920",32.23,36.14,31.71
03/24/2020,32.38,"21,745,970",32.13,33.34,31.77
03/23/2020,31.38,"24,245,960",32.92,33.26,30.95
03/20/2020,34.28,"21,595,650",36.16,36.98,34.14
03/19/2020,37.1,"15,889,810",37.63,37.63,34.83
03/18/2020,38.32,"18,217,760",37.5,39.0,35.0
03/17/2020,39.85,"16,971,970",38.9,40.58,38.13
03/16/2020,38.22,"18,032,070",35.93,41.26,34.38
03/13/2020,40.07,"16,308,900",38.25,40.2,36.73
03/12/2020,36.42,"19,322,790",37.47,38.6,35.775
03/11/2020,40.48,"16,561,510",40.85,41.55,40.14
03/10/2020,42.15,"20,532,690",41.47,42.52,40.42
03/09/2020,40.34,"16,480,100",39.8,41.77,39.435
03/06/2020,42.15,"15,485,280",41.86,42.445,41.12
03/05/2020,43.16,"11,502,330",42.73,43.88,42.54
03/04/2020,43.93,"12,612,890",42.4,43.95,42.09
03/03/2020,41.9,"18,031,550",42.16,43.6,41.47
03/02/2020,42.07,"14,559,950",40.46,42.08,40.06
02/28/2020,40.37,"24,002,280",39.37,40.5,38.57
02/27/2020,40.3,"13,884,540",41.85,42.47,40.3
02/26/2020,42.12,"14,298,090",42.39,43.1,42.1112
02/25/2020,42.49,"12,475,890",43.71,44.26,42.315
02/24/2020,43.8,"18,907,830",45.29,45.685,43.58
02/21/2020,45.89,"9,368,183",45.39,46.22,45.32
02/20/2020,45.56,"5,242,915",45.09,45.65,44.94
02/19/2020,45.14,"5,888,962",45.25,45.48,44.936
02/18/2020,45.22,"12,034,290",45.1,45.53,45.02
02/14/2020,45.17,"9,025,954",45.72,45.775,44.91
02/13/2020,45.65,"6,111,432",45.42,45.9052,44.97
02/12/2020,45.4,"10,533,030",45.57,45.65,44.86
02/11/2020,45.57,"9,813,979",46.08,46.19,45.46
02/10/2020,46.2,"6,272,104",46.15,46.68,45.94
02/07/2020,46.22,"7,138,637",46.66,46.67,45.7273
02/06/2020,46.66,"8,763,524",46.5,46.96,46.415
02/05/2020,46.28,"13,515,310",46.52,47.14,46.15
02/04/2020,46.52,"10,126,020",47.12,47.23,46.5
02/03/2020,46.26,"10,197,850",47.52,47.7,46.19
01/31/2020,47.53,"11,794,030",48.25,48.8,47.24
01/30/2020,48.0,"17,717,850",49.07,49.15,46.33
01/29/2020,50.11,"6,318,534",50.37,50.77,50.08
01/28/2020,50.17,"9,545,276",49.69,50.295,49.45
01/27/2020,49.77,"7,419,913",49.72,50.08,49.61
01/24/2020,50.25,"10,049,650",50.49,50.595,50.025
01/23/2020,50.56,"5,698,953",50.82,51.04,50.39
01/22/2020,51.03,"7,300,053",51.04,51.47,51.005
01/21/2020,51.09,"10,192,410",50.91,51.31,50.505
01/17/2020,51.02,"11,468,220",51.16,51.37,50.83
01/16/2020,51.09,"7,159,099",51.33,51.46,50.985
01/15/2020,51.25,"6,748,259",50.85,51.775,50.77
01/14/2020,50.87,"8,456,124",50.69,50.91,50.555
01/13/2020,50.76,"7,777,024",50.15,51.12,50.0
01/10/2020,50.22,"6,049,711",50.94,51.07,50.21
01/09/2020,50.57,"6,449,539",50.3,50.67,50.06
01/08/2020,50.08,"5,987,423",49.79,50.28,49.575
01/07/2020,49.57,"6,476,785",49.56,49.9349,49.32
01/06/2020,49.83,"6,532,593",49.63,50.07,49.43
01/03/2020,49.63,"7,850,783",49.17,49.95,49.16
01/02/2020,49.25,"8,504,330",50.19,50.34,49.05
12/31/2019,49.91,"5,981,722",49.8,49.98,49.615
12/30/2019,49.89,"6,691,751",50.32,50.47,49.75
12/27/2019,50.4,"7,700,723",50.31,50.51,50.12
12/26/2019,50.4,"7,352,071",50.31,50.8,50.27
12/24/2019,50.28,"3,684,526",50.76,50.7997,50.26
12/23/2019,51.55,"8,049,530",51.25,51.63,51.12
12/20/2019,51.13,"21,657,090",51.46,51.73,51.045
12/19/2019,50.79,"9,877,214",51.45,51.55,50.695
12/18/2019,51.36,"8,097,885",50.9,51.4,50.78
12/17/2019,50.83,"9,646,642",50.55,51.09,50.44
12/16/2019,50.6,"10,792,340",50.72,50.96,50.35
12/13/2019,50.16,"6,104,211",49.9,50.38,49.9
12/12/2019,49.93,"6,433,577",50.24,50.72,49.91
12/11/2019,50.3,"6,414,995",50.0,50.505,50.0
12/10/2019,50.05,"6,073,703",50.08,50.4,49.77
12/09/2019,50.53,"5,471,889",50.38,50.895,50.3
12/06/2019,50.41,"5,144,663",50.39,50.76,50.27
12/05/2019,50.17,"7,057,511",50.03,50.33,49.67
12/04/2019,50.11,"8,266,282",49.89,50.33,49.77
12/03/2019,50.1,"9,521,176",50.46,50.74,49.71
12/02/2019,50.6,"9,552,604",50.0,50.67,49.93
11/29/2019,49.7,"2,678,472",49.62,49.81,49.52
11/27/2019,49.75,"5,679,646",49.5,49.81,49.37
11/26/2019,49.22,"10,751,310",49.12,49.55,48.77
11/25/2019,49.26,"7,686,228",49.27,49.42,48.84
11/22/2019,49.0,"9,256,910",48.87,49.065,48.45
11/21/2019,48.82,"8,500,183",48.44,48.9,48.1
11/20/2019,48.45,"15,265,200",46.79,49.86,46.64
11/19/2019,46.93,"10,283,370",48.36,48.47,46.88
11/18/2019,48.34,"11,530,920",47.97,48.595,47.63
11/15/2019,47.97,"8,330,623",46.58,47.98,46.52
11/14/2019,46.63,"6,413,383",46.95,47.12,46.59
11/13/2019,46.83,"7,767,174",46.86,47.42,46.82
11/12/2019,47.0,"6,632,390",46.4,47.02,46.12
11/11/2019,46.41,"5,895,580",46.26,46.66,46.08
11/08/2019,46.41,"5,604,905",45.85,46.41,45.63
11/07/2019,45.98,"8,383,495",46.16,46.18,45.63
11/06/2019,45.91,"7,713,311",46.41,46.44,45.618
11/05/2019,46.25,"9,413,846",45.63,46.43,45.42
11/04/2019,45.6,"8,863,452",45.16,45.69,45.11
11/01/2019,45.06,"9,254,438",44.6,45.415,44.58
10/31/2019,44.79,"12,698,190",46.6,47.151,44.57
10/30/2019,45.96,"7,848,775",46.32,46.4246,45.84
10/29/2019,46.38,"9,042,497",45.6,46.38,45.255
10/28/2019,45.99,"12,435,400",46.66,46.7519,45.95
10/25/2019,46.8,"6,805,162",46.68,47.16,46.54
10/24/2019,46.96,"8,242,408",46.76,47.12,46.37
10/23/2019,46.75,"9,722,164",46.4,46.8,46.07
10/22/2019,46.34,"10,318,160",45.56,46.36,45.155
10/21/2019,45.56,"10,446,410",44.55,45.6,44.51
10/18/2019,44.33,"13,218,710",44.28,44.565,44.14
10/17/2019,44.28,"9,288,347",43.9,44.28,43.53
10/16/2019,43.51,"7,932,894",43.45,43.72,43.3
10/15/2019,43.43,"7,014,037",42.75,43.57,42.74
10/14/2019,42.72,"6,933,195",42.52,42.8,42.38
10/11/2019,42.57,"7,737,046",43.12,43.4,42.41
10/10/2019,42.98,"10,616,670",42.85,43.54,42.67
10/09/2019,42.46,"7,815,017",42.14,42.48,41.68
10/08/2019,42.0,"10,000,390",42.31,42.64,42.0
10/07/2019,42.17,"16,213,410",41.96,42.555,41.85
10/04/2019,41.65,"12,542,220",40.56,41.66,40.55
10/03/2019,40.81,"12,008,110",40.2,40.9,40.13
10/02/2019,40.21,"10,931,190",40.97,40.98,40.11
10/01/2019,41.16,"7,707,865",41.03,41.18,40.71
09/30/2019,40.9,"10,367,930",40.25,41.09,40.2
09/27/2019,40.13,"8,620,416",40.66,40.73,39.79
09/26/2019,40.66,"11,905,380",39.76,40.79,39.72
09/25/2019,40.56,"26,071,500",41.48,41.65,39.44
09/24/2019,40.73,"11,999,370",40.97,41.2,40.58
09/23/2019,40.88,"10,989,380",40.63,41.6056,40.52
09/20/2019,40.81,"31,277,620",40.43,41.32,39.95
09/19/2019,40.12,"22,851,250",40.86,41.042,39.301
09/18/2019,40.84,"13,310,660",41.08,41.38,40.75
09/17/2019,41.31,"11,705,810",41.5,41.8,41.24
09/16/2019,41.41,"16,502,690",41.49,42.08,41.27
09/13/2019,42.01,"21,099,450",43.44,43.51,41.9738
09/12/2019,44.46,"9,625,459",44.9,44.92,44.0
09/11/2019,44.72,"16,156,130",44.3,44.97,43.65
09/10/2019,44.24,"11,305,630",43.51,44.24,43.47
09/09/2019,44.04,"10,164,470",44.0,44.28,43.62
09/06/2019,43.85,"10,429,620",44.02,44.32,43.66
09/05/2019,43.85,"9,047,474",44.55,44.6,43.81
09/04/2019,44.3,"7,840,819",44.26,44.5,43.41
09/03/2019,44.04,"8,935,602",43.7,44.14,43.07
08/30/2019,43.74,"13,985,340",44.06,44.58,43.57
08/29/2019,44.25,"18,216,730",46.17,46.2999,43.85
08/28/2019,45.85,"20,299,520",45.17,46.69,44.67
08/27/2019,45.25,"58,074,090",51.17,52.45,44.83
08/26/2019,47.12,"12,763,600",46.97,47.6121,46.495
08/23/2019,46.41,"10,741,850",46.91,47.18,46.15
08/22/2019,46.59,"8,288,627",46.0,46.8975,45.99
08/21/2019,46.25,"5,323,659",46.33,46.53,45.93
08/20/2019,46.03,"5,619,603",46.62,46.715,45.58
08/19/2019,46.7,"4,439,865",46.83,47.19,46.64
08/16/2019,46.48,"6,986,717",45.7,46.73,45.69
08/15/2019,45.49,"6,363,520",45.88,46.18,45.215
08/14/2019,45.87,"8,907,415",46.4,46.49,45.85
08/13/2019,46.78,"5,764,820",45.78,46.925,45.73
08/12/2019,45.98,"4,558,390",46.03,46.332,45.7
08/09/2019,46.16,"8,124,976",46.48,46.6,45.63
08/08/2019,46.5,"10,565,430",46.22,46.66,45.9
08/07/2019,46.23,"13,216,200",45.91,46.44,45.245
08/06/2019,46.16,"8,779,064",46.91,46.92,45.93
08/05/2019,46.65,"10,325,950",47.54,47.7,46.1749
08/02/2019,47.93,"7,072,182",48.2,48.44,47.75
08/01/2019,47.88,"9,933,761",47.5,48.66,47.4
07/31/2019,47.07,"12,252,270",48.31,48.55,46.72
07/30/2019,48.5,"13,184,550",49.6,49.67,47.35
07/29/2019,50.31,"6,271,630",49.95,50.58,49.92
07/26/2019,49.86,"7,352,928",49.52,50.12,49.04
07/25/2019,49.59,"4,086,783",49.77,50.45,49.46
07/24/2019,49.78,"4,280,235",49.98,50.1,49.62
07/23/2019,50.04,"6,243,418",49.86,50.295,49.71
07/22/2019,49.67,"4,985,000",50.52,50.52,49.54
07/19/2019,50.53,"5,262,527",50.86,50.9,50.42
07/18/2019,50.53,"9,852,494",50.04,51.115,49.73
07/17/2019,49.45,"5,381,836",49.41,49.62,49.01
07/16/2019,49.41,"5,569,428",49.31,49.621,49.03
07/15/2019,49.54,"4,616,891",49.8,49.94,49.4
07/12/2019,49.5,"6,103,568",50.05,50.17,49.44
07/11/2019,49.26,"5,857,028",49.0,49.73,48.88
07/10/2019,49.0,"6,532,952",48.22,49.5,48.19
07/09/2019,48.35,"6,056,308",48.82,48.94,48.21
07/08/2019,49.08,"6,502,534",48.93,49.52,48.6
07/05/2019,48.78,"5,290,951",49.07,49.25,48.27
07/03/2019,49.19,"3,909,230",48.97,49.35,48.43
07/02/2019,48.6,"6,099,652",47.86,48.62,47.62
07/01/2019,47.69,"7,186,852",47.73,48.41,47.505
06/28/2019,47.35,"20,573,120",47.82,48.06,47.31
06/27/2019,47.9,"5,906,915",47.9,48.28,47.56
06/26/2019,47.94,"10,469,330",48.12,48.36,47.62
06/25/2019,48.78,"7,197,104",48.67,48.94,48.1
06/24/2019,48.49,"10,215,080",48.11,49.03,47.91
06/21/2019,48.0,"23,069,030",50.06,50.34,47.91
06/20/2019,50.26,"9,302,181",50.24,50.41,49.9
06/19/2019,49.9,"8,193,464",50.11,50.25,49.5965
06/18/2019,50.12,"6,253,391",51.07,51.25,50.01
06/17/2019,50.86,"4,876,167",50.39,51.19,50.384
06/14/2019,50.86,"5,669,297",51.11,51.48,50.48
06/13/2019,51.21,"4,074,529",51.14,51.43,50.68
06/12/2019,51.59,"6,698,582",51.44,52.04,51.12
06/11/2019,52.15,"6,709,005",51.35,52.455,51.31
06/10/2019,51.21,"4,989,340",51.5,51.7,50.98
06/07/2019,51.38,"5,161,499",51.19,51.7222,51.12
06/06/2019,50.75,"7,267,911",49.91,51.17,49.89
06/05/2019,49.69,"8,692,143",50.59,50.67,48.97
06/04/2019,50.42,"5,846,394",50.78,50.81,50.25
06/03/2019,50.1,"6,306,820",49.25,50.15,49.13
05/31/2019,49.06,"6,416,460",49.92,49.95,48.94
05/30/2019,50.21,"5,801,717",50.32,50.49,49.93
05/29/2019,50.19,"10,412,200",49.2,50.45,48.7
05/28/2019,49.87,"18,094,140",52.03,52.03,49.75
05/24/2019,52.4,"5,734,990",52.97,53.11,51.6
05/23/2019,52.81,"6,493,710",52.51,52.88,52.1705
05/22/2019,52.83,"6,970,761",51.93,53.02,51.75
05/21/2019,51.87,"6,219,104",52.6,52.6,51.83
05/20/2019,52.33,"7,133,850",52.15,53.09,52.06
05/17/2019,52.35,"6,129,869",51.76,52.52,51.46
05/16/2019,52.03,"6,351,186",52.01,52.76,51.88
05/15/2019,52.13,"4,803,901",51.75,52.38,51.48
05/14/2019,51.89,"5,527,576",51.28,52.3778,51.19
05/13/2019,51.44,"6,150,571",51.74,51.95,51.03
05/10/2019,52.11,"7,825,792",51.5,52.23,50.79
05/09/2019,51.99,"7,161,393",51.77,52.27,51.18
05/08/2019,51.96,"8,784,624",52.59,52.84,51.95
05/07/2019,52.94,"6,808,351",53.27,53.44,52.5
05/06/2019,53.53,"7,234,649",53.11,54.0,53.1
05/03/2019,53.76,"5,138,137",53.45,53.91,53.2032
05/02/2019,53.16,"5,803,014",53.06,53.55,52.94
05/01/2019,53.39,"7,372,055",54.52,54.74,53.36
04/30/2019,54.33,"15,379,350",53.82,54.99,53.36
04/29/2019,53.51,"8,044,621",52.9,53.64,52.72
04/26/2019,52.79,"7,915,922",51.54,52.94,51.5
04/25/2019,51.41,"16,115,080",52.09,52.75,50.66
04/24/2019,54.71,"9,463,130",54.56,55.03,54.36
04/23/2019,54.82,"8,287,959",54.7,54.99,53.9
04/22/2019,54.61,"8,506,463",54.03,54.9513,53.71
04/18/2019,54.37,"17,793,100",56.16,56.31,53.28
04/17/2019,56.18,"5,845,126",56.75,56.76,56.07
04/16/2019,56.39,"5,403,415",56.7,56.8023,56.015
04/15/2019,56.94,"4,666,188",56.68,57.11,56.5136
04/12/2019,56.56,"4,688,872",56.04,56.6,55.73
04/11/2019,55.98,"5,256,485",55.64,56.04,55.51
04/10/2019,55.42,"5,664,560",55.26,55.53,54.91
04/09/2019,55.11,"5,996,118",55.14,55.59,54.85
04/08/2019,55.28,"5,607,050",54.77,55.39,54.6
04/05/2019,54.77,"7,743,295",54.5,54.91,54.02
04/04/2019,54.6,"8,452,015",54.34,54.92,54.25
04/03/2019,53.98,"18,078,540",55.73,56.32,53.43
04/02/2019,56.69,"8,445,774",57.85,57.88,56.61
04/01/2019,57.73,"6,781,321",57.38,57.79,56.86
03/29/2019,57.43,"8,953,305",56.83,57.5,56.77
03/28/2019,56.7,"8,714,207",56.32,57.23,56.31
03/27/2019,56.3,"7,206,553",56.79,57.16,56.19
03/26/2019,57.03,"6,448,695",56.85,57.28,56.73
03/25/2019,56.55,"8,620,355",55.67,56.63,55.56
03/22/2019,55.92,"8,826,032",56.02,56.57,55.905
03/21/2019,56.93,"10,411,080",55.51,57.2,55.51
03/20/2019,55.72,"16,467,710",55.99,56.44,55.01
03/19/2019,56.01,"16,018,580",57.3,57.68,55.16
03/18/2019,57.3,"8,271,769",56.83,57.44,56.58
03/15/2019,56.75,"24,579,630",56.76,57.07,56.01
03/14/2019,56.4,"11,882,310",56.08,56.49,55.77
03/13/2019,56.13,"10,956,280",55.66,56.29,55.34
03/12/2019,55.75,"15,563,390",56.11,56.37,55.09
03/11/2019,56.01,"11,703,350",55.32,56.17,55.3
03/08/2019,55.37,"13,409,670",54.73,55.545,54.68
03/07/2019,54.74,"20,073,890",54.88,54.88,53.87
03/06/2019,54.67,"13,330,470",53.25,54.75,52.98
03/05/2019,52.88,"9,411,322",52.31,53.9,51.96
03/04/2019,52.46,"7,904,763",52.95,53.25,52.2199
03/01/2019,52.75,"6,113,637",52.67,52.94,52.13
02/28/2019,52.41,"11,142,170",52.41,52.65,51.87
02/27/2019,52.32,"8,595,137",52.4,52.75,51.71
02/26/2019,52.1,"12,173,690",51.92,52.31,51.84
02/25/2019,51.84,"15,044,360",52.05,52.32,51.51
02/22/2019,51.5,"8,231,614",50.65,51.54,50.4
02/21/2019,50.37,"7,295,043",50.39,50.8,50.01
02/20/2019,50.51,"11,068,220",49.23,50.96,49.15
02/19/2019,48.99,"11,662,850",48.82,49.375,48.36
02/15/2019,48.74,"9,161,481",49.29,49.4,48.74
02/14/2019,49.14,"7,401,326",48.99,49.4373,48.74
02/13/2019,49.0,"9,106,268",49.77,49.84,48.8255
02/12/2019,49.66,"8,928,304",48.97,49.73,48.95
02/11/2019,48.89,"7,758,153",48.92,48.98,48.34
02/08/2019,48.84,"8,577,695",48.59,48.865,47.83
02/07/2019,48.72,"8,841,519",49.16,49.39,48.28
02/06/2019,49.27,"8,813,913",49.16,49.37,48.735
02/05/2019,49.04,"17,880,600",49.12,49.15,48.62
02/04/2019,49.11,"11,704,510",48.9,49.2,48.63
02/01/2019,49.2,"15,595,770",49.53,49.63,48.8
01/31/2019,49.35,"23,631,730",49.17,49.665,47.6
01/30/2019,47.8,"22,879,900",46.17,47.81,45.605
01/29/2019,45.91,"16,729,180",45.69,46.06,45.36
01/28/2019,45.3,"15,055,850",44.58,45.5,43.97
01/25/2019,44.24,"14,265,160",43.72,44.6,43.6
01/24/2019,43.33,"27,835,680",44.56,44.56,42.4
01/23/2019,44.7,"14,712,210",45.01,45.22,44.51
01/22/2019,44.97,"23,822,870",47.36,47.49,44.57
01/18/2019,48.31,"13,828,970",47.52,48.5098,47.3
01/17/2019,47.06,"13,334,390",47.0,47.395,46.66
01/16/2019,47.2,"13,623,180",47.84,47.93,47.13
01/15/2019,47.91,"10,600,580",48.1,48.35,47.695
01/14/2019,48.26,"10,534,590",48.96,48.97,48.07
01/11/2019,48.9,"11,219,910",49.0,49.45,48.5515
01/10/2019,48.86,"15,835,960",49.83,49.96,48.85
01/09/2019,49.66,"9,799,604",49.19,50.05,49.1
01/08/2019,49.06,"10,597,980",49.26,49.87,49.01
01/07/2019,48.78,"11,329,870",49.68,49.69,48.525
01/04/2019,50.3,"10,329,730",49.49,50.31,49.35
01/03/2019,49.04,"9,734,301",48.8,49.5,48.67
01/02/2019,49.31,"9,330,302",48.91,49.52,47.945
12/31/2018,49.39,"9,638,969",49.07,49.39,48.6
12/28/2018,48.89,"11,338,230",49.4,49.57,48.6
12/27/2018,48.7,"11,878,810",48.08,48.71,47.17
12/26/2018,48.43,"14,840,480",47.48,48.43,46.49
12/24/2018,47.56,"9,548,672",47.76,48.26,47.5
12/21/2018,49.09,"34,455,240",48.97,49.56,48.63
12/20/2018,50.44,"28,658,710",50.49,50.65,49.29
12/19/2018,51.4,"17,741,560",51.18,52.29,50.68
12/18/2018,50.89,"10,618,270",52.36,52.44,50.69
12/17/2018,52.35,"10,655,360",52.7,53.45,52.05
12/14/2018,52.73,"9,339,895",53.51,53.66,52.45
12/13/2018,53.92,"7,244,542",53.36,54.1,53.23
12/12/2018,53.33,"9,277,173",54.44,54.89,53.17
12/11/2018,53.95,"9,347,971",53.75,54.66,53.48
12/10/2018,53.36,"10,088,170",54.41,54.48,52.7302
12/07/2018,54.18,"12,367,650",55.42,56.14,53.92
12/06/2018,54.4,"12,146,660",54.4,55.05,53.185
12/04/2018,54.4,"12,117,530",55.79,56.23,54.3
12/03/2018,55.73,"8,821,335",54.7,56.12,54.55
11/30/2018,54.83,"13,753,890",55.91,56.12,54.54
11/29/2018,55.94,"15,159,630",55.48,56.28,55.03
11/28/2018,54.95,"10,627,540",53.79,55.18,53.3066
11/27/2018,53.79,"8,954,857",53.34,54.235,53.23
11/26/2018,53.21,"12,053,420",53.62,53.81,52.9
11/23/2018,53.72,"4,674,338",54.49,54.79,53.44
11/21/2018,54.39,"9,007,609",55.74,55.8,54.125
11/20/2018,55.63,"10,165,730",55.83,56.55,55.62
11/19/2018,55.68,"10,300,240",56.94,57.17,55.34
11/16/2018,56.78,"11,826,910",57.17,57.26,56.21
11/15/2018,57.28,"13,850,580",58.77,58.83,57.15
11/14/2018,59.1,"9,121,461",60.54,60.68,58.9
11/13/2018,60.0,"11,635,850",61.15,61.49,59.62
11/12/2018,61.2,"16,509,240",61.3,62.945,61.14
11/09/2018,63.42,"14,982,700",65.46,66.04,62.67
11/08/2018,65.37,"5,668,844",65.13,65.63,65.0615
11/07/2018,65.37,"4,793,048",65.26,65.81,64.74
11/06/2018,64.87,"6,833,546",64.35,64.98,64.1
11/05/2018,64.63,"7,060,506",63.87,65.0902,63.7
11/02/2018,63.67,"9,781,005",63.6,64.18,62.78
11/01/2018,63.67,"8,861,361",64.7,65.24,63.155
10/31/2018,65.04,"9,907,845",65.5,65.81,64.45
10/30/2018,65.87,"11,640,520",64.91,66.0,64.64
10/29/2018,64.59,"9,656,365",63.39,64.99,63.25
10/26/2018,63.09,"9,739,508",63.89,64.14,62.37
10/25/2018,63.16,"7,824,169",61.5,63.84,60.92
10/24/2018,62.31,"6,546,496",62.03,63.0915,61.81
10/23/2018,61.85,"5,561,689",61.25,62.12,60.88
10/22/2018,61.31,"4,550,030",61.95,62.48,61.215
10/19/2018,61.95,"5,398,329",60.96,62.1,60.96
10/18/2018,60.93,"5,862,709",61.2,62.16,60.7
10/17/2018,60.62,"6,192,075",60.67,61.29,60.41
10/16/2018,60.77,"6,590,920",61.14,61.28,60.43
10/15/2018,61.44,"8,087,568",60.19,62.29,60.07
10/12/2018,60.06,"10,245,520",60.32,60.61,59.5
10/11/2018,61.12,"9,068,268",62.91,63.57,60.84
10/10/2018,62.91,"11,673,920",63.2,64.5,62.84
10/09/2018,63.1,"5,837,580",63.23,63.557,62.76
10/08/2018,63.17,"7,510,029",62.35,63.47,62.2
10/05/2018,62.07,"7,176,813",61.75,62.23,61.45
10/04/2018,61.78,"6,226,811",60.45,61.91,60.02
10/03/2018,60.86,"7,323,662",61.42,62.095,60.765
10/02/2018,61.29,"9,364,050",60.25,61.39,60.0599
10/01/2018,60.33,"5,866,655",60.34,60.66,59.6
09/28/2018,60.31,"6,649,143",60.84,60.96,60.27
09/27/2018,60.77,"4,213,282",60.79,61.495,60.633
09/26/2018,60.81,"7,448,398",61.03,61.29,60.74
09/25/2018,60.71,"8,217,603",61.6,61.81,60.68
09/24/2018,61.06,"7,311,623",62.06,62.49,61.02
09/21/2018,62.55,"9,754,324",62.45,62.645,62.15
09/20/2018,62.26,"5,075,598",62.0,62.5,61.695
09/19/2018,61.84,"4,490,793",61.88,62.699,61.35
09/18/2018,62.14,"6,420,775",62.67,62.81,61.81
09/17/2018,62.44,"6,048,632",62.07,62.59,61.73
09/14/2018,62.07,"7,313,705",61.64,62.149,60.695
09/13/2018,61.46,"8,906,717",62.41,62.48,60.64
09/12/2018,63.43,"18,103,310",59.51,64.04,59.12
09/11/2018,59.47,"7,136,892",60.56,60.7,59.345
09/10/2018,60.58,"5,674,366",61.02,61.69,60.54
09/07/2018,60.93,"7,544,373",60.51,61.06,60.41
09/06/2018,60.79,"5,806,024",60.62,60.9,60.3201
09/05/2018,60.65,"6,634,653",59.08,60.68,58.93
09/04/2018,59.11,"4,734,762",58.64,59.36,58.45
08/31/2018,58.52,"4,272,365",58.55,59.02,58.35
08/30/2018,58.68,"3,901,111",58.32,58.86,58.32
08/29/2018,58.42,"3,895,593",58.48,58.76,58.33
08/28/2018,58.45,"5,691,649",59.0,59.1,58.3
08/27/2018,59.01,"6,103,163",58.81,59.309,58.7
08/24/2018,58.78,"7,703,953",59.25,59.37,58.55
08/23/2018,59.82,"4,135,089",59.3,59.93,59.26
08/22/2018,59.32,"4,580,603",60.07,60.23,59.31
08/21/2018,59.93,"8,366,367",60.94,60.94,59.58
08/20/2018,60.99,"4,486,995",61.0,61.305,60.72
08/17/2018,61.0,"4,818,367",60.92,61.32,60.79
08/16/2018,60.83,"6,988,239",60.38,61.0,60.27
08/15/2018,60.18,"6,892,457",59.07,60.3,59.02
08/14/2018,59.21,"4,017,163",59.12,59.66,58.92
08/13/2018,58.98,"5,912,009",59.04,59.3,58.71
08/10/2018,59.05,"4,282,562",59.21,59.45,58.86
08/09/2018,59.22,"4,494,931",58.51,59.33,58.49
08/08/2018,58.61,"5,301,990",59.36,59.55,58.5
08/07/2018,59.56,"5,656,836",60.05,60.13,59.34
08/06/2018,60.21,"6,937,371",59.64,60.25,59.505
08/03/2018,59.73,"6,341,033",58.88,59.99,58.83
08/02/2018,58.83,"6,375,222",58.13,59.04,58.035
08/01/2018,58.08,"8,041,737",58.52,58.64,58.03
07/31/2018,58.68,"11,140,300",58.73,59.1,58.46
07/30/2018,58.45,"6,210,239",57.73,58.78,57.73
07/27/2018,57.9,"12,220,180",56.36,58.17,56.08
07/26/2018,56.1,"10,403,440",56.34,57.57,55.78
07/25/2018,57.85,"8,150,879",58.05,58.4352,57.53
07/24/2018,57.99,"7,577,690",57.61,58.3,57.42
07/23/2018,57.59,"4,616,248",57.57,57.76,57.06
07/20/2018,57.64,"6,533,861",56.77,57.86,56.76
07/19/2018,56.94,"9,201,074",56.67,57.0338,55.18
07/18/2018,57.43,"5,058,507",57.17,57.8,57.09
07/17/2018,57.35,"7,818,417",57.15,57.74,57.09
07/16/2018,57.14,"7,029,021",58.34,58.4299,56.9601
07/13/2018,58.5,"5,428,194",58.06,58.7233,58.0227
07/12/2018,58.01,"5,262,865",58.82,58.95,57.86
07/11/2018,58.69,"7,501,835",58.8,58.98,58.27
07/10/2018,58.76,"9,751,663",58.47,58.79,58.09
07/09/2018,58.02,"7,834,171",58.29,58.35,57.63
07/06/2018,58.29,"8,720,145",57.75,58.56,57.64
07/05/2018,57.63,"6,716,193",56.45,57.64,56.35
07/03/2018,56.46,"5,002,960",56.08,56.65,55.67
07/02/2018,55.87,"6,447,928",56.4,56.71,55.45
06/29/2018,56.79,"6,599,356",57.36,57.45,56.75
06/28/2018,57.29,"6,526,279",56.48,57.35,56.36
06/27/2018,55.99,"7,188,729",56.17,56.46,55.645
06/26/2018,56.1,"7,624,204",56.88,57.11,56.07
06/25/2018,57.07,"6,492,520",56.8,57.22,56.59
06/22/2018,57.02,"7,575,297",56.79,57.28,56.74
06/21/2018,56.69,"6,183,688",56.79,56.89,56.49
06/20/2018,56.75,"8,077,768",56.92,56.98,56.4674
06/19/2018,56.79,"11,543,760",56.48,57.21,56.235
06/18/2018,56.6,"7,615,661",57.38,57.39,56.135
06/15/2018,57.79,"11,505,450",56.51,57.805,56.51
06/14/2018,56.7,"5,594,264",56.8,56.94,56.4
06/13/2018,57.43,"9,201,639",57.91,57.91,57.03
06/12/2018,57.88,"7,456,259",58.25,58.3,57.715
06/11/2018,58.25,"7,709,770",57.78,58.46,57.59
06/08/2018,57.71,"6,836,686",56.73,57.72,56.7
06/07/2018,56.69,"7,625,756",56.28,57.105,55.94
06/06/2018,56.31,"8,910,433",56.35,56.47,55.94
06/05/2018,56.33,"7,740,053",56.07,56.425,55.57
06/04/2018,56.02,"5,848,909",55.7,56.33,55.52
06/01/2018,55.72,"4,674,093",55.91,56.11,55.59
05/31/2018,55.74,"10,674,210",56.41,56.52,55.54
05/30/2018,56.59,"7,187,387",55.92,56.7,55.42
05/29/2018,55.73,"7,769,421",55.26,55.77,55.0915
05/25/2018,55.63,"5,333,043",55.87,56.15,55.45
05/24/2018,55.89,"7,274,149",55.95,56.02,55.64
05/23/2018,55.88,"6,621,289",55.27,55.98,55.1398
05/22/2018,55.21,"7,549,054",55.6,55.7965,55.145
05/21/2018,55.64,"6,326,247",55.62,55.865,55.47
05/18/2018,55.54,"8,568,159",55.34,55.88,55.05
05/17/2018,55.29,"11,738,260",55.14,55.6,55.0
05/16/2018,54.87,"7,885,270",54.71,55.3,54.52
05/15/2018,54.52,"9,726,539",54.67,54.81,53.91
05/14/2018,55.02,"7,761,777",55.21,55.65,54.96
05/11/2018,55.19,"10,882,480",55.87,56.325,55.07
05/10/2018,56.04,"4,965,907",56.0,56.6,55.98
05/09/2018,55.92,"5,950,543",55.38,56.46,55.16
05/08/2018,55.27,"7,595,887",55.49,55.5,54.73
05/07/2018,55.71,"5,298,558",56.26,56.39,55.5859
05/04/2018,56.26,"6,660,389",56.15,56.77,56.15
05/03/2018,56.36,"7,291,205",55.71,56.79,55.62
05/02/2018,55.69,"8,098,592",56.15,56.435,55.42
05/01/2018,56.03,"6,046,436",55.72,56.12,55.55
04/30/2018,56.11,"12,224,160",56.75,56.78,56.03
04/27/2018,56.13,"10,367,700",54.7,56.29,54.69
04/26/2018,54.77,"18,499,090",55.91,56.34,54.23
04/25/2018,55.84,"13,530,160",55.23,56.005,55.02
04/24/2018,55.3,"13,877,910",56.69,56.69,54.83
04/23/2018,56.57,"8,625,782",57.05,57.43,56.46
04/20/2018,57.23,"13,527,600",57.63,57.82,56.565
04/19/2018,57.78,"24,165,170",60.51,60.51,56.085
04/18/2018,61.5,"16,334,590",62.92,63.203,60.57
04/17/2018,63.98,"4,876,649",64.49,64.55,63.77
04/16/2018,64.25,"5,135,934",64.18,64.565,63.92
04/13/2018,63.95,"3,989,048",63.84,64.19,63.45
04/12/2018,63.4,"4,633,159",64.22,64.36,63.21
04/11/2018,63.84,"6,035,791",64.15,64.7,63.8
04/10/2018,64.22,"6,242,421",64.03,64.45,63.7
04/09/2018,63.25,"7,269,821",63.89,64.005,63.181
04/06/2018,63.85,"6,324,598",64.48,64.81,63.46
04/05/2018,64.54,"8,005,901",63.67,64.62,63.03
04/04/2018,63.35,"6,956,638",62.27,63.63,62.2
04/03/2018,62.66,"8,833,974",60.94,62.96,60.68
04/02/2018,60.51,"7,701,938",62.52,62.61,60.45
03/29/2018,62.32,"5,887,269",62.6,63.15,62.16
03/28/2018,62.45,"9,585,114",61.15,62.745,61.11
03/27/2018,60.72,"9,033,521",59.72,61.44,59.69
03/26/2018,59.6,"7,171,093",59.88,59.99,59.1
03/23/2018,59.27,"7,592,726",60.67,60.75,59.07
03/22/2018,60.39,"9,786,132",59.82,61.38,59.65
03/21/2018,60.0,"9,792,116",61.08,61.49,59.83
03/20/2018,61.52,"6,497,162",62.69,62.78,61.455
03/19/2018,62.48,"7,466,847",63.15,63.41,62.26
03/16/2018,63.19,"12,662,900",63.9,64.3,63.06
03/15/2018,63.81,"9,624,780",63.66,64.5,63.4
03/14/2018,63.82,"7,938,720",65.7,65.9,63.61
03/13/2018,66.13,"7,001,020",66.22,66.525,65.76
03/12/2018,65.77,"8,236,047",65.78,66.373,65.5631
03/09/2018,65.65,"6,775,899",65.71,65.79,65.132
03/08/2018,65.43,"6,328,274",64.22,65.47,64.11
03/07/2018,64.07,"8,151,124",64.33,65.19,63.9
03/06/2018,64.77,"9,302,277",64.37,64.98,64.1
03/05/2018,64.13,"8,854,086",62.59,64.24,62.4645
03/02/2018,62.55,"14,796,130",62.31,63.1,62.11
03/01/2018,62.43,"11,702,710",62.75,63.8,62.1
02/28/2018,62.95,"9,201,099",64.21,64.53,62.93
02/27/2018,64.0,"8,859,481",65.32,65.55,63.885
02/26/2018,65.43,"6,309,990",64.8,65.55,64.7
02/23/2018,64.59,"5,632,514",63.72,64.63,63.53
02/22/2018,63.34,"5,628,751",64.04,65.09,63.25
02/21/2018,63.93,"7,077,132",64.19,64.72,63.8
02/20/2018,64.19,"6,293,729",65.1,65.18,64.18
02/16/2018,65.46,"6,202,205",65.35,66.05,64.85
02/15/2018,65.32,"5,348,462",65.35,65.48,64.6
02/14/2018,65.18,"5,532,271",65.38,65.86,64.92
02/13/2018,65.64,"4,752,472",65.0,65.82,64.73
02/12/2018,65.35,"6,732,841",64.47,65.8,64.34
02/09/2018,64.03,"10,703,120",64.53,64.68,62.83
02/08/2018,64.05,"13,447,070",66.66,67.27,64.0
02/07/2018,66.79,"8,350,941",66.45,68.21,66.27
02/06/2018,66.53,"16,055,010",64.79,66.67,63.46
02/05/2018,66.04,"12,586,770",68.44,68.87,65.88
02/02/2018,69.4,"8,635,278",69.9,70.66,69.16
02/01/2018,69.93,"14,237,110",69.9,70.49,68.46
01/31/2018,70.34,"9,255,544",69.87,70.65,69.7807
01/30/2018,69.82,"6,354,358",69.82,70.21,69.32
01/29/2018,69.83,"5,384,710",70.68,70.82,69.8
01/26/2018,71.02,"6,350,978",70.04,71.24,69.99
01/25/2018,69.91,"12,680,330",71.51,71.69,67.65
01/24/2018,71.56,"5,775,698",71.47,71.86,71.2
01/23/2018,71.45,"4,569,902",71.36,71.6101,70.94
01/22/2018,71.28,"4,864,762",71.1,71.57,70.9
01/19/2018,71.12,"8,650,751",70.84,71.68,70.63
01/18/2018,70.03,"8,296,583",69.99,70.4161,69.57
01/17/2018,70.15,"7,705,370",69.12,70.516,68.98
01/16/2018,68.92,"10,515,390",69.84,69.9216,68.24
01/12/2018,69.61,"7,413,208",70.21,70.46,69.53
01/11/2018,70.29,"7,486,226",70.31,71.035,70.03
01/10/2018,70.29,"6,709,867",69.82,70.42,68.87
01/09/2018,69.57,"6,269,057",70.59,70.77,69.4
01/08/2018,70.31,"6,054,492",70.2,70.54,69.82
01/05/2018,70.4,"6,382,777",70.33,70.55,69.86
01/04/2018,70.2,"6,177,187",70.6,70.8,70.13
01/03/2018,70.48,"5,930,637",70.66,70.95,70.27
01/02/2018,70.74,"5,917,157",71.51,71.815,70.03
12/29/2017,71.41,"5,504,240",71.29,72.15,71.12
12/28/2017,71.27,"13,349,800",72.41,72.45,71.015
12/27/2017,72.43,"4,616,839",72.2,72.95,72.09
12/26/2017,72.08,"3,839,165",71.97,72.41,71.91
12/22/2017,72.14,"4,804,285",72.01,72.27,71.77
12/21/2017,71.94,"4,170,172",72.55,72.67,71.8
12/20/2017,72.6,"7,279,912",73.21,73.25,71.2925
12/19/2017,73.9,"8,475,162",73.9,74.38,73.32
12/18/2017,72.65,"7,451,113",71.78,72.78,71.74
12/15/2017,71.67,"14,167,160",72.05,72.35,71.56
12/14/2017,71.79,"9,071,671",72.15,72.67,71.12
12/13/2017,72.32,"5,974,932",71.84,72.65,71.75
12/12/2017,71.72,"8,366,121",71.7,72.09,71.05
12/11/2017,71.65,"4,399,926",71.58,71.67,71.19
12/08/2017,71.54,"5,268,991",71.5,71.55,71.04
12/07/2017,71.5,"6,043,368",71.44,71.57,70.85
12/06/2017,71.66,"9,708,252",70.28,71.78,70.2
12/05/2017,70.18,"8,431,371",70.07,70.49,69.731
12/04/2017,70.08,"9,629,933",68.65,70.2,68.62
12/01/2017,68.58,"8,037,330",67.96,68.65,66.779
11/30/2017,67.83,"10,209,980",67.6,68.19,67.18
11/29/2017,67.37,"9,201,346",66.23,68.345,66.23
11/28/2017,66.4,"9,684,006",65.28,66.5,64.5
11/27/2017,65.07,"4,853,526",65.41,65.59,64.95
11/24/2017,65.48,"2,075,649",65.6,65.6,65.041
11/22/2017,65.49,"5,437,693",65.73,65.85,65.45
11/21/2017,65.65,"4,912,134",65.86,66.36,65.64
11/20/2017,65.83,"5,093,598",66.26,66.74,65.76
11/17/2017,66.42,"6,925,811",65.53,66.5,65.29
11/16/2017,65.88,"5,205,969",65.44,66.105,65.44
11/15/2017,65.26,"4,526,211",65.69,65.99,65.01
11/14/2017,65.73,"8,153,751",65.75,66.2841,65.34
11/13/2017,65.84,"8,183,699",65.05,66.06,64.86
11/10/2017,65.02,"4,997,394",64.29,65.26,64.29
11/09/2017,64.51,"3,792,372",64.41,64.79,64.12
11/08/2017,64.59,"5,700,504",64.25,65.17,64.12
11/07/2017,64.31,"6,007,269",63.25,64.37,63.25
11/06/2017,63.45,"6,319,363",63.69,63.95,63.26
11/03/2017,63.91,"7,289,274",64.03,64.3,63.63
11/02/2017,63.9,"8,668,101",64.57,64.75,63.35
11/01/2017,64.7,"5,642,301",64.56,65.03,64.34
10/31/2017,64.22,"6,927,687",63.99,64.73,63.83
10/30/2017,64.05,"6,842,183",64.75,64.8,63.6638
10/27/2017,64.92,"6,472,709",65.55,65.77,64.76
10/26/2017,65.79,"8,933,517",64.34,65.94,63.71
10/25/2017,63.79,"7,112,479",64.2,64.45,63.39
10/24/2017,64.13,"7,648,260",64.39,64.44,63.58
10/23/2017,64.5,"4,833,496",64.99,65.16,64.24
10/20/2017,65.0,"6,392,889",64.49,65.14,64.48
10/19/2017,64.37,"5,930,367",64.33,64.73,63.88
10/18/2017,64.81,"5,614,350",64.8,64.99,64.5
10/17/2017,64.87,"7,500,808",65.22,65.4,64.81
10/16/2017,65.37,"4,748,026",65.05,65.49,64.935
10/13/2017,65.05,"6,437,339",65.58,65.9,64.92
10/12/2017,65.35,"6,995,593",64.67,65.49,64.28
10/11/2017,64.87,"5,551,800",65.13,65.24,64.58
10/10/2017,65.01,"8,300,084",64.08,65.13,63.9
10/09/2017,63.57,"7,274,527",62.83,64.065,62.75
10/06/2017,62.55,"9,546,302",63.69,63.78,62.32
10/05/2017,63.81,"5,234,228",63.72,63.94,63.51
10/04/2017,63.49,"6,654,108",63.45,63.7727,63.23
10/03/2017,63.37,"6,399,991",62.94,63.53,62.93
10/02/2017,62.9,"7,444,481",63.35,63.485,62.8
09/29/2017,63.42,"7,709,419",64.19,64.27,63.29
09/28/2017,64.19,"8,932,837",64.49,64.84,64.04
09/27/2017,64.41,"8,736,594",64.48,64.52,63.745
09/26/2017,64.52,"12,646,380",64.15,65.165,64.03
09/25/2017,63.79,"11,240,100",62.51,63.85,62.44
09/22/2017,62.49,"8,547,908",61.55,62.72,61.43
09/21/2017,61.5,"6,315,031",61.11,61.55,60.78
09/20/2017,61.22,"6,998,834",62.3,62.38,60.78
09/19/2017,62.23,"5,607,387",62.55,62.57,62.17
09/18/2017,62.56,"6,381,008",62.01,62.625,62.01
09/15/2017,62.39,"16,567,230",62.33,62.81,61.59
09/14/2017,62.28,"7,552,288",62.12,62.42,61.85
09/13/2017,62.51,"6,447,956",62.75,62.94,62.395
09/12/2017,62.5,"5,883,590",62.44,62.53,62.11
09/11/2017,62.49,"7,197,275",62.59,62.78,62.44
09/08/2017,62.23,"6,736,511",62.68,62.86,62.03
09/07/2017,62.73,"7,027,461",63.45,63.55,62.5
09/06/2017,63.27,"9,323,408",62.91,63.65,62.5
09/05/2017,62.87,"8,999,991",63.31,63.6,62.545
09/01/2017,63.54,"6,109,909",63.5,63.62,63.0347
08/31/2017,63.4,"8,028,588",64.23,64.24,63.36
08/30/2017,64.05,"4,278,907",63.92,64.2,63.685
08/29/2017,63.81,"4,327,191",63.62,64.39,63.61
08/28/2017,63.93,"6,741,171",64.0,64.26,63.78
08/25/2017,64.08,"4,847,639",63.89,64.56,63.8
08/24/2017,63.6,"5,236,722",63.81,63.93,63.31
08/23/2017,63.71,"5,138,481",63.95,64.23,63.625
08/22/2017,64.06,"5,030,501",64.39,64.61,63.98
08/21/2017,64.39,"5,023,770",63.6,64.5746,63.34
08/18/2017,63.69,"10,160,350",64.23,64.59,63.67
08/17/2017,64.3,"6,539,977",65.45,65.55,64.28
08/16/2017,65.45,"4,327,793",65.18,65.58,65.01
08/15/2017,65.3,"4,967,324",64.92,65.65,64.76
08/14/2017,64.84,"6,393,396",64.37,65.11,64.19
08/11/2017,64.31,"7,275,572",65.08,65.2,64.12
08/10/2017,64.77,"6,129,641",65.15,65.38,64.725
08/09/2017,65.31,"5,599,884",65.43,65.8,65.21
08/08/2017,65.38,"7,059,210",65.91,66.11,65.2069
08/07/2017,65.99,"5,959,105",65.52,66.075,65.38
08/04/2017,65.52,"9,554,328",65.86,66.43,65.27
08/03/2017,65.54,"13,835,810",65.86,66.1135,65.38
08/02/2017,65.55,"18,691,370",65.72,65.92,65.02
08/01/2017,65.5,"16,532,900",65.2,66.63,64.9
07/31/2017,64.97,"26,650,090",65.45,66.16,64.3301
07/28/2017,66.94,"54,383,120",73.99,74.17,60.01
07/27/2017,73.96,"9,672,457",71.03,73.98,71.0
07/26/2017,71.73,"10,743,390",72.23,72.35,71.69
07/25/2017,72.24,"7,014,271",73.0,73.07,72.17
07/24/2017,72.64,"6,336,715",73.33,73.41,72.64
07/21/2017,73.42,"4,203,422",73.44,73.6,73.22
07/20/2017,73.59,"4,254,467",73.5,73.89,73.27
07/19/2017,73.55,"4,346,448",73.42,73.5931,73.18
07/18/2017,73.33,"3,711,390",73.24,73.64,73.2
07/17/2017,73.37,"4,905,162",73.78,73.9,73.21
07/14/2017,73.93,"3,538,921",73.7,74.14,73.7
07/13/2017,73.48,"4,004,905",73.86,74.0,73.4
07/12/2017,73.89,"3,698,296",73.72,74.07,73.69
07/11/2017,73.43,"5,512,511",73.85,73.96,73.28
07/10/2017,73.69,"4,851,620",74.36,74.67,73.45
07/07/2017,74.25,"3,761,242",74.6,74.62,73.92
07/06/2017,74.32,"3,394,213",74.35,74.55,74.167
07/05/2017,74.61,"4,015,194",74.51,74.98,74.41
07/03/2017,74.53,"2,452,308",74.71,74.91,74.385
06/30/2017,74.47,"5,157,987",74.68,74.83,74.365
06/29/2017,74.4,"5,466,454",75.54,75.76,74.12
06/28/2017,75.84,"3,373,235",75.75,76.06,75.49
06/27/2017,75.38,"5,483,590",76.37,76.44,75.185
06/26/2017,76.53,"3,962,617",76.54,77.0,76.42
06/23/2017,76.49,"3,643,576",76.4,76.93,76.4
06/22/2017,76.48,"3,901,261",76.98,76.98,76.39
06/21/2017,77.03,"4,224,732",77.4,77.63,76.84
06/20/2017,77.33,"3,660,639",77.63,77.79,77.29
06/19/2017,77.71,"4,611,932",77.38,77.78,77.2
06/16/2017,77.28,"9,749,862",76.67,77.29,76.323
06/15/2017,76.41,"4,746,498",75.62,76.48,75.335
06/14/2017,75.75,"6,227,048",75.34,76.0,75.09
06/13/2017,74.95,"5,196,401",74.72,74.99,74.47
06/12/2017,75.4,"5,950,595",75.38,75.55,74.99
06/09/2017,75.46,"5,637,666",75.06,75.56,75.0
06/08/2017,75.21,"5,422,807",75.54,75.66,74.82
06/07/2017,75.61,"5,019,550",75.2,75.957,75.18
06/06/2017,75.27,"5,775,107",74.88,75.33,74.71
06/05/2017,75.06,"6,098,583",75.14,75.26,74.85
06/02/2017,75.12,"7,908,924",75.33,75.42,74.8
06/01/2017,75.4,"6,801,843",75.08,75.4,74.6
05/31/2017,75.44,"18,515,380",75.24,75.44,74.51
05/30/2017,75.07,"6,072,473",74.56,75.19,74.32
05/26/2017,74.41,"5,679,344",74.08,74.47,73.9
05/25/2017,74.14,"7,519,438",73.03,74.63,72.995
05/24/2017,72.85,"4,823,368",72.41,72.97,72.08
05/23/2017,72.13,"6,492,751",72.09,72.72,72.04
05/22/2017,72.04,"7,973,217",71.0,72.1199,71.0
