date,close,volume,open,high,low
05/15/2026,87.02,"32,335,660",87.69,89.49,86.685
05/14/2026,86.94,"29,408,300",87.62,88.5,86.65
05/13/2026,87.56,"30,823,500",86.565,88.62,86.28
05/12/2026,87.66,"43,556,600",85.905,89.17,85.81
05/11/2026,85.45,"40,556,460",86.525,87.34,85.1
05/08/2026,87.49,"36,215,110",87.71,88.04,87.21
05/07/2026,88.25,"30,627,600",88.2,89.3991,88.13
05/06/2026,88.27,"41,932,440",87.15,88.55,86.715
05/05/2026,87.89,"51,961,340",91.18,91.28,87.565
05/04/2026,91.02,"25,928,820",92.1,92.33,90.89
05/01/2026,92.06,"30,406,880",94.42,94.7,91.9
04/30/2026,93.61,"40,923,010",91.35,94.22,90.77
04/29/2026,92.12,"26,122,090",91.23,92.855,90.86
04/28/2026,92.27,"33,418,130",91.5,92.34,90.02
04/27/2026,91.37,"29,707,440",92.05,92.84,91.3
04/24/2026,92.44,"32,553,180",92.57,93.28,91.8
04/23/2026,92.82,"36,851,670",94.06,94.64,92.073
04/22/2026,93.24,"33,694,350",93.06,93.85,92.77
04/21/2026,92.58,"61,962,280",94.0,94.65,92.37
04/20/2026,94.83,"63,298,260",97.14,97.6,93.54
04/17/2026,97.31,"125,958,700",96.37,98.74,95.1
04/16/2026,107.79,"64,928,250",107.47,108.945,106.6201
04/15/2026,107.71,"38,023,680",105.98,107.85,105.04
04/14/2026,106.28,"40,534,870",103.12,106.57,103.04
04/13/2026,103.16,"26,042,800",103.032,103.665,102.06
04/10/2026,103.01,"25,769,910",102.47,103.08,101.46
04/09/2026,102.05,"35,087,760",99.63,102.34,99.08
04/08/2026,99.39,"30,957,620",100.32,100.4,97.44
04/07/2026,98.82,"25,016,720",98.55,99.875,98.25
04/06/2026,98.93,"37,029,330",100.96,102.685,97.97
04/02/2026,98.66,"37,068,020",95.27,98.71,95.17
04/01/2026,95.55,"30,439,310",96.47,97.2,94.264
03/31/2026,96.15,"54,269,960",93.03,96.26,93.03
03/30/2026,92.97,"32,375,140",92.75,94.49,92.22
03/27/2026,93.43,"44,590,670",94.57,95.5799,92.74
03/26/2026,93.32,"59,522,030",91.52,95.86,91.01
03/25/2026,92.28,"29,545,630",91.71,92.52,91.235
03/24/2026,90.92,"28,938,030",92.79,93.7398,90.815
03/23/2026,93.38,"34,315,870",92.04,93.98,91.86
03/20/2026,91.82,"61,678,010",91.31,91.88,90.69
03/19/2026,91.74,"40,169,250",94.31,95.75,90.775
03/18/2026,94.7,"27,878,320",94.445,95.335,93.61
03/17/2026,94.36,"26,434,500",95.3,96.34,94.01
03/16/2026,95.2,"34,931,830",95.58,96.1,94.36
03/13/2026,95.31,"29,876,660",94.64,95.68,94.24
03/12/2026,94.31,"34,206,860",94.86,95.4,93.87
03/11/2026,94.89,"33,962,860",97.41,98.0,94.685
03/10/2026,96.94,"41,027,160",97.805,98.49,96.29
03/09/2026,98.32,"48,589,010",97.7,98.94,96.58
03/06/2026,99.02,"41,196,290",99.33,99.88,97.4
03/05/2026,99.17,"53,403,050",98.5,100.19,98.1
03/04/2026,98.66,"52,604,270",97.105,99.75,96.99
03/03/2026,97.7,"59,149,000",96.01,98.46,95.33
03/02/2026,97.09,"79,915,360",95.26,98.07,95.2
02/27/2026,96.24,"200,767,000",94.295,96.75,90.58
02/26/2026,84.59,"85,642,490",83.2,86.5,82.8
02/25/2026,82.7,"69,319,330",79.43,83.117,79.25
02/24/2026,78.04,"33,079,060",75.73,78.12,75.21
02/23/2026,76.02,"38,363,020",77.79,77.83,75.01
02/20/2026,78.67,"32,411,320",76.61,78.85,76.4
02/19/2026,77.0,"30,139,200",77.75,78.7,76.59
02/18/2026,77.99,"29,883,110",77.32,78.32,76.28
02/17/2026,77.0,"35,961,510",76.92,77.87,75.3
02/13/2026,76.87,"42,292,080",76.14,77.18,75.53
02/12/2026,75.86,"73,516,070",79.11,79.15,75.23
02/11/2026,79.62,"40,840,270",81.96,82.48,79.45
02/10/2026,82.21,"43,595,790",82.715,84.66,82.09
02/09/2026,81.47,"42,200,210",82.18,82.205,79.87
02/06/2026,82.2,"46,154,060",81.02,82.485,80.65
02/05/2026,80.87,"54,805,690",81.49,83.3,80.535
02/04/2026,80.16,"48,963,240",79.99,81.435,79.225
02/03/2026,79.94,"49,789,040",82.23,82.45,79.62
02/02/2026,82.76,"41,445,250",83.53,85.27,82.72
01/30/2026,83.49,"45,755,030",83.1,84.055,82.78
01/29/2026,83.16,"42,278,100",84.31,84.38,82.3501
01/28/2026,84.64,"37,762,610",85.625,86.47,84.295
01/27/2026,85.58,"37,790,830",85.275,85.6,83.88
01/26/2026,85.7,"40,941,880",86.92,86.94,85.35
01/23/2026,86.12,"64,520,380",83.43,86.3,83.28
01/22/2026,83.54,"69,113,300",85.02,85.1,82.98
01/21/2026,85.36,"127,940,700",82.515,86.0,81.93
01/20/2026,87.26,"109,729,700",88.97,89.9,87.02
01/16/2026,88.0,"48,130,500",88.335,88.51,87.78
01/15/2026,88.05,"36,945,060",89.02,89.89,87.82
01/14/2026,88.55,"49,737,700",91.24,91.58,87.95
01/13/2026,90.32,"45,221,100",89.44,91.15,89.07
01/12/2026,89.41,"36,290,610",89.69,90.335,89.33
01/09/2026,89.46,"55,579,520",90.03,90.05,88.32
01/08/2026,90.53,"40,068,670",90.45,91.25,89.58
01/07/2026,90.73,"36,525,740",91.555,92.419,90.06
01/06/2026,90.65,"43,330,970",91.54,91.64,89.74
01/05/2026,91.46,"39,183,320",90.92,92.63,90.84
01/02/2026,90.99,"41,155,400",94.13,94.13,90.8104
12/31/2025,93.76,"23,495,190",93.6,94.305,93.2
12/30/2025,93.78,"23,422,030",93.52,93.9899,93.34
12/29/2025,94.15,"24,493,740",93.99,94.97,93.625
12/26/2025,94.47,"22,068,280",93.48,94.685,93.27
12/24/2025,93.64,"12,427,900",93.11,93.68,92.665
12/23/2025,93.5,"25,896,230",93.395,93.81,91.33
12/22/2025,93.23,"39,484,770",94.71,94.71,92.91
12/19/2025,94.39,"78,990,150",93.57,95.54,93.45
12/18/2025,94.0,"37,244,730",95.02,95.81,93.59
12/17/2025,94.79,"50,472,780",95.98,97.33,94.46
12/16/2025,94.57,"34,264,990",93.88,94.93,93.32
12/15/2025,93.77,"40,016,460",96.015,96.37,93.53
12/12/2025,95.19,"49,323,120",95.5,96.92,94.65
12/11/2025,94.09,"43,949,010",93.895,94.82,92.76
12/10/2025,92.71,"74,129,270",96.735,96.97,92.35
12/09/2025,96.71,"51,745,580",97.03,97.24,95.45
12/08/2025,96.79,"100,906,300",99.87,99.89,95.3
12/05/2025,100.24,"133,363,600",98.775,104.79,97.74
12/04/2025,103.22,"51,779,140",103.57,103.8,101.77
12/03/2025,103.96,"53,593,400",106.59,106.87,102.03
12/02/2025,109.35,"25,762,980",109.205,109.73,107.52
12/01/2025,109.13,"24,873,390",106.51,109.335,106.31
11/28/2025,107.58,"15,021,610",106.435,107.94,106.24
11/26/2025,106.14,"27,951,010",105.74,106.95,105.22
11/25/2025,104.4,"35,122,560",106.12,106.3,103.82
11/24/2025,106.97,"62,918,290",104.25,108.04,103.32
11/21/2025,104.31,"41,232,690",105.13,106.53,103.81
11/20/2025,105.67,"36,918,550",111.0,111.1,105.39
11/19/2025,110.0,"31,868,090",113.0,113.34,108.61
11/18/2025,114.09,"43,440,570",110.29,115.25,109.2
11/17/2025,110.29,"26,082,730",110.75,111.85,109.55
11/14/2025,111.217,"47,607,130",114.273,114.273,110.721
11/13/2025,115.423,"40,143,590",115.85,116.733,114.569
11/12/2025,115.75,"39,220,570",113.817,116.434,112.826
11/11/2025,113.644,"27,965,940",111.76,113.922,111.28
11/10/2025,112.007,"36,929,000",110.6715,112.82,110.405
11/07/2025,110.366,"44,125,340",109.4175,110.822,108.75
11/06/2025,109.702,"36,531,700",109.458,110.37,108.513
11/05/2025,109.846,"35,539,170",108.5,110.085,107.337
11/04/2025,109.296,"38,717,800",109.999,110.46,108.668
11/03/2025,110.009,"58,634,390",113.324,113.35,107.515
10/31/2025,111.886,"68,665,000",110.539,113.488,110.198
10/30/2025,108.9,"41,580,990",109.44,110.616,108.811
10/29/2025,110.041,"33,994,870",109.984,110.855,109.6
10/28/2025,110.25,"40,209,010",109.4,111.698,109.3008
10/27/2025,109.456,"46,911,140",110.067,110.228,108.73
10/24/2025,109.469,"60,280,250",111.1,111.451,109.441
10/23/2025,111.359,"68,497,220",112.69,112.7829,109.973
10/22/2025,111.637,"147,890,300",114.29,115.76,111.251
10/21/2025,124.135,"65,082,340",124.283,124.86,123.176
10/20/2025,123.856,"39,862,350",120.7875,124.776,120.69
10/17/2025,119.936,"29,571,010",118.36,120.312,117.895
10/16/2025,118.359,"28,326,190",121.215,121.671,117.6
10/15/2025,120.329,"20,251,940",121.301,121.962,120.161
10/14/2025,121.535,"23,624,460",121.475,122.429,120.31
10/13/2025,121.903,"24,607,830",122.135,123.112,120.681
10/10/2025,122.008,"42,797,760",122.9,124.7,121.91
10/09/2025,123.107,"28,240,770",121.425,123.75,121.182
10/08/2025,121.425,"28,513,530",119.711,121.739,119.2
10/07/2025,119.106,"33,090,940",117.779,120.1365,117.746
10/06/2025,116.331,"29,685,960",116.037,116.358,114.545
10/03/2025,115.332,"31,373,650",116.5,116.8,114.322
10/02/2025,116.253,"46,854,670",116.15,116.333,113.4
10/01/2025,117.09,"41,102,210",117.549,117.914,116.321
09/30/2025,119.892,"38,303,040",120.641,120.85,117.8
09/29/2025,120.641,"30,331,740",120.5,122.449,118.754
09/26/2025,121.061,"19,449,570",120.542,121.4,120.0
09/25/2025,120.824,"19,977,830",120.309,121.684,119.151
09/24/2025,120.395,"27,731,270",121.861,122.15,119.42
09/23/2025,121.847,"24,991,460",122.733,122.779,120.847
09/22/2025,122.737,"25,468,140",122.19,122.976,121.4243
09/19/2025,122.697,"49,475,900",121.862,122.995,120.81
09/18/2025,120.778,"31,691,050",122.082,123.3,120.55
09/17/2025,122.85,"34,597,960",122.102,123.393,120.6605
09/16/2025,120.051,"24,046,860",120.564,120.9,119.728
09/15/2025,120.226,"29,092,770",118.84,120.724,117.3208
09/12/2025,118.844,"37,849,440",120.3055,121.178,118.24
09/11/2025,120.35,"56,822,860",125.1,125.3445,119.2
09/10/2025,124.771,"27,010,150",126.3975,126.7,124.6355
09/09/2025,126.325,"22,196,550",124.667,126.5721,124.667
09/08/2025,124.476,"19,150,530",124.854,125.2041,123.2
09/05/2025,124.382,"23,796,730",126.0,126.71,123.902
09/04/2025,125.748,"30,235,060",122.32,125.748,122.309
09/03/2025,122.618,"24,714,950",120.514,122.7,120.338
09/02/2025,121.411,"23,032,690",119.7,121.54,118.28
08/29/2025,120.825,"32,098,170",122.797,122.879,120.115
08/28/2025,123.145,"19,503,360",122.279,123.7891,121.4268
08/27/2025,122.35,"16,645,260",122.361,122.921,121.3
08/26/2025,122.609,"19,857,140",122.021,123.15,121.22
08/25/2025,121.807,"28,120,360",120.165,123.38,119.9
08/22/2025,120.465,"31,281,330",120.888,121.362,119.823
08/21/2025,120.621,"20,471,780",121.143,122.14,119.7635
08/20/2025,121.386,"24,343,980",121.8,122.3,119.331
08/19/2025,121.415,"37,077,310",124.02,124.1,119.279
08/18/2025,124.509,"21,110,870",123.563,125.116,123.545
08/15/2025,123.895,"27,678,040",123.404,124.6941,122.788
08/14/2025,123.056,"39,046,680",120.989,124.409,120.703
08/13/2025,120.444,"27,623,550",123.4,123.712,120.3
08/12/2025,122.528,"22,826,270",122.5,123.199,120.6505
08/11/2025,121.831,"24,556,480",121.401,122.307,120.193
08/08/2025,121.164,"38,166,890",118.319,121.411,118.037
08/07/2025,118.037,"26,283,210",118.176,119.122,116.82
08/06/2025,117.848,"33,621,610",115.352,118.1375,115.187
08/05/2025,114.787,"26,607,350",117.1,117.171,114.471
08/04/2025,117.099,"22,447,020",116.765,117.7,116.2615
08/01/2025,115.86,"38,909,500",116.301,117.8505,115.285
07/31/2025,115.94,"37,129,490",118.48,119.0,115.774
07/30/2025,118.42,"29,227,310",116.855,118.485,116.61
07/29/2025,116.874,"27,524,890",117.9,117.96,116.329
07/28/2025,117.46,"34,469,580",118.12,119.779,116.853
07/25/2025,118.049,"26,292,600",117.8415,118.732,117.4383
07/24/2025,118.076,"38,455,700",117.78,118.35,116.266
07/23/2025,117.678,"45,042,640",118.981,119.2619,117.36
07/22/2025,119.008,"50,629,700",123.038,123.237,118.75
07/21/2025,123.327,"56,275,910",120.6,123.71,119.8
07/18/2025,120.924,"106,933,100",124.196,124.65,120.101
07/17/2025,127.417,"64,698,770",125.3,127.75,124.48
07/16/2025,125.031,"32,270,220",126.171,127.1,124.982
07/15/2025,126.027,"28,017,310",126.2,127.122,124.3245
07/14/2025,126.195,"27,810,480",124.491,127.049,124.0
07/11/2025,124.511,"39,571,500",125.9786,126.1,123.13
07/10/2025,125.059,"42,364,940",128.55,128.96,124.601
07/09/2025,128.828,"23,844,770",127.399,128.829,126.624
07/08/2025,127.531,"32,925,250",129.09,129.325,126.0
07/07/2025,128.962,"22,737,370",129.5,129.5,127.602
07/03/2025,129.718,"20,062,240",129.2,130.226,127.976
07/02/2025,128.486,"30,488,010",129.696,129.995,127.159
07/01/2025,129.36,"49,935,670",133.823,133.8774,128.222
06/30/2025,133.913,"32,829,080",133.1,134.115,132.121
06/27/2025,132.312,"40,708,570",130.688,133.1345,130.1
06/26/2025,130.667,"26,058,700",128.0,130.734,128.0
06/25/2025,127.525,"21,465,100",128.684,129.8,127.381
06/24/2025,127.911,"26,633,070",126.0545,128.2571,125.5
06/23/2025,125.354,"26,673,180",123.8025,125.484,121.501
06/20/2025,123.141,"53,481,930",123.445,124.85,122.4349
06/18/2025,122.229,"22,810,470",122.999,124.2,122.05
06/17/2025,122.067,"18,921,260",121.995,123.2357,121.609
06/16/2025,122.535,"21,127,970",121.22,122.625,121.22
06/13/2025,121.215,"22,102,530",120.659,122.062,120.189
06/12/2025,121.503,"20,846,020",122.259,123.0,121.1965
06/11/2025,121.988,"23,822,800",120.26,122.829,119.601
06/10/2025,120.362,"44,544,470",122.752,122.752,118.061
06/09/2025,122.446,"24,031,170",123.888,123.888,122.157
06/06/2025,124.1475,"25,569,560",125.941,126.0,123.555
06/05/2025,125.052,"28,217,970",124.06,126.281,123.729
06/04/2025,123.966,"23,593,810",122.0735,124.256,121.988
06/03/2025,121.794,"23,637,620",121.987,122.957,121.118
06/02/2025,121.898,"22,942,160",120.12,121.94,119.625
05/30/2025,120.723,"46,967,560",119.833,121.181,118.0925
05/29/2025,118.486,"33,030,790",120.8,120.9,117.628
05/28/2025,120.855,"18,558,500",121.027,121.591,120.602
05/27/2025,121.157,"29,204,690",119.533,121.177,119.309
05/23/2025,118.539,"21,864,830",118.4,119.145,117.944
05/22/2025,118.797,"18,615,880",119.24,119.875,118.7208
05/21/2025,119.463,"29,766,100",118.65,121.122,118.65
05/20/2025,119.202,"21,330,660",118.679,119.3,117.902
05/19/2025,119.164,"28,534,150",117.3575,119.164,117.171
05/16/2025,119.153,"46,983,530",119.314,119.65,117.939
05/15/2025,117.798,"44,640,410",114.774,118.7802,114.7647
05/14/2025,115.099,"39,101,470",112.9595,115.29,112.84
05/13/2025,113.844,"39,978,690",111.446,114.788,110.63
05/12/2025,111.0,"64,790,790",112.426,113.0,110.293
05/09/2025,114.022,"25,696,330",114.71,115.1,113.322
05/08/2025,114.443,"37,608,720",116.162,116.2294,113.92
05/07/2025,115.541,"43,523,940",113.9175,116.4,113.8
05/06/2025,113.769,"32,566,820",112.943,114.766,112.64
05/05/2025,113.406,"56,623,170",111.4795,114.402,110.701
05/02/2025,115.649,"37,742,820",113.666,115.944,113.332
05/01/2025,113.347,"34,994,970",112.252,114.242,111.183
04/30/2025,113.172,"42,666,760",111.265,113.32,110.111
04/29/2025,112.564,"37,773,290",110.392,112.781,109.548
04/28/2025,111.038,"38,310,880",110.0,111.4,108.262
04/25/2025,110.153,"39,500,080",109.704,110.6798,109.1
04/24/2025,109.687,"63,818,960",104.8,110.1,104.702
04/23/2025,104.959,"64,718,760",104.7225,106.125,103.2
04/22/2025,104.034,"93,688,730",100.53,106.497,100.452
04/21/2025,98.791,"97,757,470",98.44,101.9,97.305
04/17/2025,97.303,"88,937,350",96.9,98.4702,95.6
04/16/2025,96.163,"60,661,130",97.628,98.121,94.9165
04/15/2025,97.628,"77,119,820",95.0,99.345,94.8
04/14/2025,93.128,"40,358,950",93.27,94.898,91.9498
04/11/2025,91.829,"40,736,380",92.0,94.486,90.668
04/10/2025,92.117,"51,297,550",93.194,94.1235,89.4
04/09/2025,94.547,"74,979,740",85.593,95.143,85.44
04/08/2025,87.04,"56,253,820",91.244,92.242,85.77
04/07/2025,86.783,"66,568,230",82.7845,90.674,82.11
04/04/2025,85.586,"67,988,060",89.65,90.6628,85.387
04/03/2025,91.705,"58,646,220",90.18,94.6592,90.047
04/02/2025,93.552,"32,568,860",92.3,94.9548,91.611
04/01/2025,92.838,"35,199,560",92.75,93.229,91.15
03/31/2025,93.253,"46,340,750",92.053,93.448,90.059
03/28/2025,93.385,"44,227,170",97.2,97.498,92.923
03/27/2025,97.672,"30,472,370",97.422,98.9,96.6366
03/26/2025,97.065,"35,347,070",99.381,99.679,96.632
03/25/2025,99.728,"37,822,450",97.818,99.87,97.711
03/24/2025,97.199,"46,778,710",96.967,97.7,95.155
03/21/2025,96.029,"59,054,290",94.1635,96.3653,94.095
03/20/2025,95.084,"44,663,050",95.001,96.7,94.55
03/19/2025,95.949,"66,623,610",93.577,96.8,92.4
03/18/2025,92.998,"60,094,000",94.0,94.825,91.63
03/17/2025,95.002,"75,431,460",93.995,96.763,93.442
03/14/2025,91.8,"52,006,840",90.146,91.9625,90.1
03/13/2025,89.017,"50,016,980",91.3,92.1889,88.751
03/12/2025,91.968,"68,658,370",91.46,92.718,90.1
03/11/2025,89.51,"73,989,340",86.741,91.068,86.6
03/10/2025,86.668,"69,953,090",87.507,88.127,85.45
03/07/2025,89.111,"77,374,880",89.764,90.4886,85.807
03/06/2025,90.636,"78,525,590",97.299,97.369,89.9
03/05/2025,99.092,"38,079,350",97.362,99.56,96.948
03/04/2025,97.258,"43,928,140",97.161,98.6313,94.821
03/03/2025,97.37,"39,074,470",98.3,99.493,96.481
02/28/2025,98.056,"47,174,090",96.956,98.227,95.817
02/27/2025,96.307,"37,665,660",99.5,100.0726,96.1825
02/26/2025,99.006,"33,972,050",97.76,100.089,97.69
02/25/2025,97.724,"47,383,040",98.94,99.44,95.5
02/24/2025,98.847,"44,262,270",100.8,101.517,98.448
02/21/2025,100.315,"37,387,100",102.942,103.238,99.939
02/20/2025,102.454,"31,118,310",104.2,104.5,101.5594
02/19/2025,104.333,"26,000,480",103.518,104.5,102.451
02/18/2025,103.585,"42,293,390",106.0,106.2,102.3749
02/14/2025,105.86,"31,454,300",104.495,106.45,104.169
02/13/2025,104.369,"34,760,680",102.6625,104.599,102.51
02/12/2025,102.731,"33,889,660",100.549,102.774,99.8347
02/11/2025,100.808,"33,317,970",102.079,102.269,100.295
02/10/2025,102.76,"32,965,660",102.305,103.285,101.588
02/07/2025,101.393,"32,128,530",101.7,102.776,100.567
02/06/2025,101.568,"31,342,930",100.787,101.635,100.261
02/05/2025,101.111,"39,977,330",98.773,101.1825,98.668
02/04/2025,99.487,"60,001,370",98.047,100.8,97.851
02/03/2025,97.894,"37,241,970",97.3,98.7689,96.4375
01/31/2025,97.676,"36,187,180",97.4,99.0289,97.4
01/30/2025,97.324,"38,678,250",98.675,99.459,97.001
01/29/2025,97.815,"29,307,280",98.0,98.764,96.8235
01/28/2025,97.183,"34,339,720",96.671,97.7934,95.73
01/27/2025,97.189,"46,342,040",97.11,98.227,96.026
01/24/2025,97.759,"45,503,970",98.441,98.628,96.768
01/23/2025,98.486,"77,521,370",95.781,98.5,95.39
01/22/2025,95.399,"142,732,100",99.8025,99.9,95.076
01/21/2025,86.968,"98,513,510",86.353,91.64,85.4745
01/17/2025,85.81,"36,175,650",85.979,86.5,85.213
01/16/2025,84.237,"40,285,370",86.096,86.898,84.202
01/15/2025,84.826,"31,813,830",83.644,85.084,83.041
01/14/2025,82.84,"30,376,500",84.32,84.4893,82.3519
01/13/2025,84.029,"30,245,170",83.1525,84.707,82.914
01/10/2025,83.769,"48,033,120",86.64,86.641,83.44
01/08/2025,87.5,"23,479,490",88.0,88.6215,87.3
01/07/2025,87.919,"26,498,230",87.938,88.8,86.911
01/06/2025,88.179,"34,576,560",88.876,89.283,87.169
01/03/2025,88.105,"29,700,190",89.313,89.883,87.989
01/02/2025,88.673,"23,156,850",89.55,89.858,87.7
12/31/2024,89.132,"18,758,970",90.18,90.268,88.947
12/30/2024,90.043,"22,029,700",89.451,90.823,88.971
12/27/2024,90.755,"32,261,580",91.601,91.813,89.45
12/26/2024,92.414,"23,424,180",92.84,93.049,91.53
12/24/2024,93.212,"23,202,930",91.5,93.585,91.17
12/23/2024,91.145,"23,393,750",91.342,91.5,89.91
12/20/2024,90.905,"45,305,190",89.321,91.9924,89.0487
12/19/2024,90.204,"28,155,120",90.818,91.2622,89.9
12/18/2024,88.955,"29,381,940",91.913,92.244,88.656
12/17/2024,91.913,"24,594,560",92.154,92.845,91.642
12/16/2024,92.108,"26,748,920",92.394,92.894,91.95
12/13/2024,91.887,"24,858,290",91.681,92.555,90.961
12/12/2024,92.555,"24,861,970",93.335,93.4089,92.26
12/11/2024,93.656,"35,016,910",92.471,94.175,92.308
12/10/2024,91.335,"23,885,750",91.376,92.288,90.958
12/09/2024,91.369,"33,500,820",92.8,93.03,90.259
12/06/2024,93.474,"29,553,830",91.523,93.527,91.271
12/05/2024,91.787,"28,353,070",91.785,92.7,91.1107
12/04/2024,91.106,"26,896,290",89.805,91.597,89.805
12/03/2024,90.217,"24,016,340",89.436,90.269,88.8025
12/02/2024,89.774,"23,889,660",88.751,90.234,88.412
11/29/2024,88.681,"20,272,370",88.217,89.241,87.668
11/27/2024,87.734,"25,782,220",87.206,88.095,85.891
11/26/2024,87.26,"31,382,590",86.749,88.636,86.725
11/25/2024,86.559,"60,142,030",90.205,90.205,86.422
11/22/2024,89.779,"32,140,200",89.6,90.6,89.3
11/21/2024,89.748,"45,112,630",88.393,90.8,87.724
11/20/2024,88.385,"40,938,430",87.998,89.06,86.84
11/19/2024,87.132,"38,142,270",83.975,87.449,83.916
11/18/2024,84.705,"40,840,810",81.55,84.845,80.933
11/15/2024,82.396,"36,737,200",83.204,83.204,81.649
11/14/2024,83.726,"30,382,310",83.367,84.1,83.002
11/13/2024,83.047,"27,677,720",82.2615,83.699,82.0537
11/12/2024,81.95,"28,140,640",80.75,82.037,80.375
11/11/2024,80.544,"23,991,500",79.59,80.6823,79.5565
11/08/2024,79.504,"19,106,260",79.736,79.906,78.865
11/07/2024,79.654,"32,950,740",78.137,79.822,77.994
11/06/2024,78.021,"36,908,170",77.15,78.149,75.738
11/05/2024,76.391,"22,006,450",75.735,76.753,75.627
11/04/2024,75.551,"19,021,940",75.314,76.248,74.969
11/01/2024,75.61,"29,968,290",75.348,76.38,74.777
10/31/2024,75.603,"30,577,090",75.393,76.079,75.223
10/30/2024,75.374,"17,220,020",75.808,75.979,75.2278
10/29/2024,75.944,"36,604,330",75.113,76.388,74.801
10/28/2024,74.912,"28,624,050",75.868,75.868,74.788
10/25/2024,75.468,"28,194,730",75.617,76.85,75.353
10/24/2024,75.455,"26,429,620",75.197,75.582,74.625
10/23/2024,74.929,"37,490,070",76.283,76.379,74.426
10/22/2024,76.424,"29,872,520",76.527,76.97,76.112
10/21/2024,77.207,"60,570,930",76.576,77.3,75.66
10/18/2024,76.389,"159,741,200",73.764,76.6281,73.623
10/17/2024,68.765,"89,266,720",70.435,70.4412,67.788
10/16/2024,70.2,"24,942,760",70.343,70.559,69.782
10/15/2024,70.598,"29,327,520",71.251,71.34,69.9781
10/14/2024,71.3,"27,970,710",72.5,72.662,71.1311
10/11/2024,72.279,"22,995,250",73.49,73.6,72.122
10/10/2024,73.029,"27,678,620",72.329,73.385,72.25
10/09/2024,72.743,"19,810,700",71.925,72.859,71.887
10/08/2024,72.176,"31,874,020",70.388,72.506,70.3546
10/07/2024,70.192,"33,605,200",71.4755,71.588,69.643
10/04/2024,71.97,"22,301,390",71.332,72.101,70.882
10/03/2024,70.68,"22,564,490",70.426,70.881,70.0
10/02/2024,71.109,"17,581,670",70.613,71.621,70.4688
10/01/2024,70.613,"28,134,820",71.364,71.776,69.859
09/30/2024,70.927,"17,115,080",70.7,71.121,70.2819
09/27/2024,70.735,"23,956,130",70.836,71.071,70.1251
09/26/2024,71.143,"28,329,620",72.473,72.526,70.172
09/25/2024,72.156,"22,597,750",72.1,72.512,71.621
09/24/2024,72.226,"35,657,310",70.6625,72.244,70.445
09/23/2024,70.537,"32,243,440",70.239,71.225,69.916
09/20/2024,70.103,"39,980,620",70.555,70.6673,69.631
09/19/2024,70.432,"42,284,800",70.5,71.566,69.537
09/18/2024,69.047,"29,844,110",70.755,70.755,68.8
09/17/2024,70.691,"22,986,300",70.082,70.763,69.837
09/16/2024,69.65,"18,437,450",70.0,70.302,68.8632
09/13/2024,69.706,"22,764,820",68.001,69.964,68.0
09/12/2024,68.68,"25,884,370",68.492,69.488,68.22
09/11/2024,68.147,"23,919,240",67.746,68.297,66.08
09/10/2024,67.362,"20,791,820",67.687,68.059,66.5805
09/09/2024,67.542,"26,831,110",67.4,68.35,67.214
09/06/2024,66.577,"29,912,650",68.186,68.3152,66.234
09/05/2024,68.362,"18,100,720",67.314,68.731,67.186
09/04/2024,67.968,"17,853,370",67.331,68.465,67.306
09/03/2024,67.532,"31,609,640",70.01,70.386,67.101
08/30/2024,70.135,"32,667,230",70.036,70.186,68.816
08/29/2024,69.248,"21,869,740",69.0,69.98,68.607
08/28/2024,68.384,"24,305,830",69.583,69.667,67.71
08/27/2024,69.572,"31,648,780",68.853,70.789,68.692
08/26/2024,68.844,"13,541,540",68.726,69.059,68.1638
08/23/2024,68.673,"23,544,500",69.413,69.607,67.863
08/22/2024,68.896,"27,293,890",69.1,70.15,68.624
08/21/2024,69.712,"22,353,430",69.7,70.1,69.138
08/20/2024,69.854,"48,131,180",68.886,71.133,68.8245
08/19/2024,68.853,"30,162,270",67.407,68.884,67.291
08/16/2024,67.407,"35,110,140",66.943,68.023,66.536
08/15/2024,66.322,"32,101,730",66.849,67.319,65.98
08/14/2024,66.168,"40,143,440",64.87,66.357,64.87
08/13/2024,64.802,"26,395,710",63.856,65.097,63.55
08/12/2024,63.314,"23,317,120",63.1,63.9,62.707
08/09/2024,63.394,"19,808,360",62.299,63.662,62.299
08/08/2024,63.035,"32,835,420",62.199,63.229,61.602
08/07/2024,61.148,"31,877,910",61.6065,63.2,61.064
08/06/2024,60.957,"43,190,570",60.062,62.245,60.062
08/05/2024,59.855,"40,442,350",58.704,60.4563,58.704
08/02/2024,61.364,"35,230,030",62.098,62.527,60.835
08/01/2024,62.485,"37,205,730",62.925,64.671,61.761
07/31/2024,62.835,"31,348,770",62.657,63.36,62.258
07/30/2024,62.258,"34,966,090",63.017,63.469,61.7
07/29/2024,62.696,"24,005,370",63.461,63.461,62.393
07/26/2024,63.137,"31,206,590",64.5,64.699,62.977
07/25/2024,63.409,"45,545,390",64.1,64.998,62.17
07/24/2024,63.599,"48,881,630",63.574,65.242,63.2674
07/23/2024,64.276,"24,635,790",64.75,64.991,64.1
07/22/2024,64.75,"52,190,770",63.95,65.629,63.26
07/19/2024,63.334,"98,156,310",66.064,67.897,62.912
07/18/2024,64.304,"75,757,630",65.66,65.704,63.9165
07/17/2024,64.746,"40,172,770",65.0,65.045,63.947
07/16/2024,65.632,"26,857,060",66.18,66.3675,64.913
07/15/2024,65.645,"32,087,630",64.75,66.754,64.663
07/12/2024,64.76,"33,551,970",65.275,65.592,64.3708
07/11/2024,65.275,"51,119,280",67.2485,67.2485,64.744
07/10/2024,67.765,"26,519,280",68.502,68.722,67.316
07/09/2024,68.574,"25,994,740",69.0,69.527,68.472
07/08/2024,68.574,"19,307,860",68.7,68.886,68.1485
07/05/2024,69.065,"26,590,650",68.251,69.749,67.723
07/03/2024,68.251,"14,035,450",67.748,68.375,67.55
07/02/2024,67.958,"24,114,260",67.354,68.174,67.007
07/01/2024,67.361,"22,128,260",67.489,67.502,66.378
06/28/2024,67.488,"34,123,910",67.9,68.7,67.308
06/27/2024,68.434,"24,048,490",67.935,68.857,67.814
06/26/2024,67.769,"35,458,150",67.241,68.296,67.002
06/25/2024,67.241,"22,787,680",67.344,67.3665,66.23
06/24/2024,66.902,"39,163,350",68.5,68.55,66.45
06/21/2024,68.612,"45,570,860",68.326,68.69,67.81
06/20/2024,67.903,"25,850,890",68.18,68.988,67.372
06/18/2024,68.567,"29,437,750",67.563,68.706,67.464
06/17/2024,67.583,"36,311,840",66.911,68.271,66.511
06/14/2024,66.938,"44,471,160",65.505,67.558,65.264
06/13/2024,65.326,"18,635,870",64.4,65.525,64.235
06/12/2024,65.006,"20,943,810",65.221,65.578,64.311
06/11/2024,64.855,"21,674,170",64.072,65.019,64.052
06/10/2024,64.45,"20,667,590",64.101,64.479,63.559
06/07/2024,64.147,"18,766,310",64.938,65.04,64.024
06/06/2024,64.852,"24,666,640",64.489,65.799,64.4237
06/05/2024,65.027,"26,826,140",63.402,65.125,62.825
06/04/2024,63.162,"30,081,510",63.378,63.523,62.644
06/03/2024,63.379,"23,235,060",64.5215,64.678,62.727
05/31/2024,64.162,"40,710,230",64.401,64.858,62.83
05/30/2024,64.766,"23,933,540",65.352,65.649,64.473
05/29/2024,65.462,"36,959,350",64.413,66.425,64.389
05/28/2024,64.9,"26,094,510",64.705,64.975,64.303
05/24/2024,64.675,"26,152,600",63.94,65.2,63.76
05/23/2024,63.567,"23,139,390",64.234,64.271,63.0
05/22/2024,64.047,"21,761,740",64.714,64.925,63.812
05/21/2024,65.061,"29,201,550",63.676,65.088,63.422
05/20/2024,64.082,"38,578,530",62.04,64.437,61.952
05/17/2024,62.11,"37,827,080",61.7,62.579,61.4714
05/16/2024,61.052,"30,563,500",61.575,61.834,60.909
05/15/2024,61.352,"56,706,070",61.857,62.41,60.91
05/14/2024,61.366,"27,923,580",61.517,62.148,60.84
05/13/2024,61.659,"20,861,970",61.43,61.8219,60.683
05/10/2024,61.087,"26,535,860",61.9,62.398,60.506
05/09/2024,61.209,"20,653,750",61.44,61.572,60.575
05/08/2024,60.947,"30,939,040",60.163,61.822,60.163
05/07/2024,60.6,"36,140,920",59.628,60.605,59.132
05/06/2024,59.697,"36,863,370",58.182,59.734,58.025
05/03/2024,57.934,"33,075,240",56.6,58.026,56.516
05/02/2024,56.515,"30,682,280",55.602,56.546,55.559
05/01/2024,55.171,"34,732,330",54.784,56.039,54.425
04/30/2024,55.064,"33,614,920",56.0,56.0,54.9375
04/29/2024,55.949,"25,088,820",55.918,55.964,55.424
04/26/2024,56.123,"43,325,930",55.821,56.292,55.319
04/25/2024,56.48,"38,071,010",54.946,56.654,54.5705
04/24/2024,55.512,"53,553,120",57.431,57.6907,55.13
04/23/2024,57.775,"49,755,200",55.649,57.921,55.528
04/22/2024,55.46,"85,976,510",55.066,55.861,54.201
04/19/2024,55.504,"164,497,000",56.788,57.9,55.216
04/18/2024,61.056,"84,684,070",61.21,62.133,60.5435
04/17/2024,61.369,"33,122,220",62.097,62.097,60.771
04/16/2024,61.752,"35,191,220",60.75,62.245,60.75
04/15/2024,60.715,"30,853,940",63.017,63.017,60.3871
04/12/2024,62.283,"29,592,690",62.823,63.312,61.8915
04/11/2024,62.878,"26,626,620",62.442,63.166,61.724
04/10/2024,61.858,"28,062,480",61.097,62.014,60.934
04/09/2024,61.82,"21,466,350",63.199,63.199,61.5635
04/08/2024,62.841,"21,457,310",63.639,63.9,62.811
04/05/2024,63.618,"33,788,420",62.492,63.791,62.271
04/04/2024,61.714,"30,643,490",63.321,63.8,61.658
04/03/2024,63.008,"29,312,310",61.2745,63.041,61.15
04/02/2024,61.421,"20,292,170",61.1,61.503,60.551
04/01/2024,61.431,"21,159,250",60.8,61.511,60.5571
03/28/2024,60.733,"37,088,030",61.499,61.5,60.159
03/27/2024,61.353,"26,282,670",62.901,63.135,61.073
03/26/2024,62.924,"28,044,530",62.52,63.439,61.9184
03/25/2024,62.746,"18,032,640",62.79,63.046,62.316
03/22/2024,62.801,"21,356,880",62.416,62.905,62.1
03/21/2024,62.271,"25,076,710",63.065,63.4362,62.233
03/20/2024,62.769,"26,395,090",61.995,62.9505,61.834
03/19/2024,62.074,"21,426,130",61.562,62.128,60.8
03/18/2024,61.839,"33,442,440",61.356,62.741,61.0448
03/15/2024,60.588,"66,716,290",62.292,62.292,60.382
03/14/2024,61.301,"31,204,520",61.5,62.08,60.735
03/13/2024,60.945,"21,920,940",61.337,61.485,60.721
03/12/2024,61.108,"28,216,310",60.021,61.53,59.627
03/11/2024,60.093,"25,009,400",60.808,61.1,60.037
03/08/2024,60.482,"27,772,430",60.827,61.609,60.084
03/07/2024,60.851,"27,428,050",59.934,61.053,59.59
03/06/2024,59.769,"24,695,920",60.299,60.793,59.3556
03/05/2024,59.85,"38,495,630",61.01,61.091,59.2
03/04/2024,61.583,"30,203,060",62.156,62.442,61.508
03/01/2024,61.934,"42,703,050",59.981,62.028,59.95
02/29/2024,60.292,"35,720,820",60.425,60.4516,59.516
02/28/2024,59.648,"26,052,420",59.579,59.817,59.001
02/27/2024,60.167,"44,893,550",59.5,60.536,59.233
02/26/2024,58.765,"23,937,120",58.356,59.075,58.327
02/23/2024,58.356,"25,688,520",58.64,59.243,57.982
02/22/2024,58.847,"35,265,970",58.275,59.085,57.8885
02/21/2024,57.335,"22,811,430",57.351,57.5775,56.732
02/20/2024,57.513,"31,242,360",58.018,58.6,56.966
02/16/2024,58.395,"43,256,890",59.695,59.7,57.746
02/15/2024,59.346,"52,209,380",58.191,59.377,58.032
02/14/2024,57.933,"56,342,260",56.726,58.1248,56.434
02/13/2024,55.452,"35,114,530",55.08,55.92,54.9
02/12/2024,55.785,"36,084,870",56.036,56.844,55.7
02/09/2024,56.132,"30,556,980",56.5,56.6,55.81
02/08/2024,55.853,"31,754,680",56.055,56.37,55.574
02/07/2024,55.93,"43,735,910",55.816,56.78,55.498
02/06/2024,55.588,"28,403,000",56.412,56.634,55.437
02/05/2024,56.206,"41,430,990",56.247,57.575,55.7195
02/02/2024,56.464,"40,328,430",56.452,56.78,56.237
02/01/2024,56.751,"31,740,020",56.702,57.266,56.383
01/31/2024,56.411,"48,575,990",56.285,57.215,56.2045
01/30/2024,56.285,"61,817,980",56.732,57.088,56.082
01/29/2024,57.579,"69,053,900",57.135,57.855,56.268
01/26/2024,57.042,"127,705,700",56.181,57.964,55.8432
01/25/2024,56.2,"94,519,150",55.195,56.346,54.846
01/24/2024,54.487,"264,328,000",53.775,56.25,53.707
01/23/2024,49.219,"155,060,200",49.2,49.896,48.14
01/22/2024,48.571,"52,123,090",48.755,48.98,47.99
01/19/2024,48.295,"56,723,510",48.498,48.567,47.606
01/18/2024,48.531,"40,543,990",48.003,48.577,47.802
01/17/2024,48.033,"48,945,930",48.45,48.621,47.5264
01/16/2024,48.124,"46,789,740",49.0,49.415,47.802
01/12/2024,49.216,"50,037,180",50.051,50.079,49.061
01/11/2024,49.223,"79,932,650",49.254,50.341,48.382
01/10/2024,47.833,"43,424,480",48.16,48.7,47.295
01/09/2024,48.209,"35,267,570",47.553,48.5085,47.38
01/08/2024,48.503,"36,757,750",47.389,48.524,47.365
01/05/2024,47.406,"26,312,500",47.65,47.9545,47.1804
01/04/2024,47.467,"36,365,130",47.298,48.0739,46.653
01/03/2024,47.026,"34,436,940",46.732,47.505,46.5773
01/02/2024,46.85,"50,494,230",48.3185,48.465,46.186
12/29/2023,48.688,"27,405,550",49.037,49.223,48.1935
12/28/2023,49.051,"17,104,920",49.2,49.289,48.907
12/27/2023,49.179,"25,613,300",49.124,49.4015,48.925
12/26/2023,49.119,"20,345,170",48.939,49.148,48.638
12/22/2023,48.676,"27,026,720",49.4,49.602,48.545
12/21/2023,49.161,"27,562,250",49.266,49.44,48.677
12/20/2023,48.927,"45,636,900",49.2,50.089,48.839
12/19/2023,49.502,"38,490,140",48.84,49.614,48.406
12/18/2023,48.612,"64,106,600",47.63,49.204,47.5095
12/15/2023,47.206,"78,409,920",46.73,47.3,46.73
12/14/2023,46.983,"51,764,370",48.036,48.076,46.476
12/13/2023,47.998,"58,201,920",46.198,48.125,46.198
12/12/2023,46.3,"33,026,600",46.523,46.561,45.9196
12/11/2023,45.989,"49,296,620",45.936,47.065,45.721
12/08/2023,45.376,"34,583,840",45.076,45.55,45.076
12/07/2023,45.2,"35,067,220",45.085,45.2885,44.832
12/06/2023,44.673,"41,787,550",46.0,46.05,44.573
12/05/2023,45.515,"33,806,740",45.07,45.639,44.958
12/04/2023,45.39,"51,577,130",46.099,46.12,45.12
12/01/2023,46.574,"43,414,710",47.317,47.523,46.46
11/30/2023,47.397,"42,873,490",47.531,47.8591,47.042
11/29/2023,47.719,"28,555,400",47.9,48.0988,47.449
11/28/2023,47.9,"28,901,640",47.811,48.05,47.595
11/27/2023,47.917,"36,259,240",47.903,48.2,47.535
11/24/2023,47.956,"14,047,320",47.711,48.04,47.52
11/22/2023,47.8,"28,438,910",47.68,48.27,47.656
11/21/2023,47.495,"29,977,230",47.263,47.702,47.121
11/20/2023,47.447,"36,210,950",46.54,47.6756,46.54
11/17/2023,46.591,"28,002,140",46.695,46.765,46.276
11/16/2023,46.695,"36,559,740",46.3,46.728,45.965
11/15/2023,46.194,"50,352,830",45.281,46.275,45.245
11/14/2023,44.865,"40,608,840",44.878,45.4075,44.564
11/13/2023,44.462,"28,961,430",44.725,44.843,44.26
11/10/2023,44.724,"44,432,840",43.748,44.748,43.551
11/09/2023,43.515,"27,355,070",43.803,44.038,43.435
11/08/2023,43.665,"23,568,450",43.5,43.807,43.368
11/07/2023,43.461,"32,910,640",43.618,43.764,43.1
11/06/2023,43.474,"30,032,350",43.438,43.503,42.961
11/03/2023,43.236,"36,670,510",42.876,43.4815,42.553
11/02/2023,42.471,"44,759,840",42.117,42.669,41.71
11/01/2023,42.019,"48,061,080",41.477,42.06,41.418
10/31/2023,41.169,"38,776,230",40.924,41.252,40.463
10/30/2023,41.008,"53,171,470",40.235,41.282,39.941
10/27/2023,39.787,"49,976,120",40.642,41.021,39.562
10/26/2023,40.354,"68,497,020",41.142,41.731,40.1544
10/25/2023,41.125,"62,995,870",41.602,41.884,41.011
10/24/2023,41.373,"64,592,470",40.968,41.669,40.839
10/23/2023,40.684,"73,900,320",40.332,40.754,39.852
10/20/2023,40.096,"127,829,200",40.563,41.064,39.801
10/19/2023,40.177,"280,744,200",40.474,40.895,39.226
10/18/2023,34.619,"114,296,400",35.1,35.479,34.473
10/17/2023,35.572,"59,084,120",36.11,36.2705,35.389
10/16/2023,36.082,"51,289,470",35.621,36.308,35.477
10/13/2023,35.568,"63,163,200",35.564,35.893,35.205
10/12/2023,36.12,"73,760,860",36.648,36.883,35.905
10/11/2023,36.593,"91,513,950",37.2775,37.781,36.534
10/10/2023,37.332,"72,889,390",38.558,38.87,37.225
10/09/2023,38.595,"32,998,020",37.805,38.717,37.7755
10/06/2023,38.151,"47,781,180",36.843,38.252,36.777
10/05/2023,37.259,"50,347,730",37.801,37.86,36.724
10/04/2023,37.69,"43,036,580",37.65,38.022,37.358
10/03/2023,37.675,"88,781,340",37.711,39.49,37.2849
10/02/2023,38.033,"31,021,010",37.748,38.4808,37.68
09/29/2023,37.76,"42,052,980",38.0,38.258,37.535
09/28/2023,37.636,"43,699,060",37.56,37.896,37.11
09/27/2023,37.759,"38,435,210",38.24,38.4223,37.625
09/26/2023,37.925,"40,893,920",38.288,38.456,37.7355
09/25/2023,38.48,"37,572,780",38.29,38.662,38.081
09/22/2023,37.981,"36,997,960",38.5,38.688,37.836
09/21/2023,38.415,"55,563,880",38.65,39.59,38.342
09/20/2023,38.63,"38,666,190",39.705,39.7985,38.612
09/19/2023,39.62,"40,800,540",39.284,39.823,39.0245
09/18/2023,39.44,"47,047,060",39.55,39.9465,39.26
09/15/2023,39.694,"91,167,450",40.1,40.47,39.503
09/14/2023,40.049,"107,090,400",41.04,41.139,40.0
09/13/2023,41.224,"118,430,300",43.55,43.84,41.069
09/12/2023,43.469,"31,240,240",44.285,44.544,43.412
09/11/2023,44.536,"29,137,670",44.307,44.989,44.275
09/08/2023,44.28,"27,043,530",44.356,44.681,43.885
09/07/2023,44.314,"29,226,760",44.115,44.46,43.67
09/06/2023,44.576,"38,622,740",44.861,45.139,44.049
09/05/2023,44.868,"61,558,650",43.839,45.345,43.8
09/01/2023,43.988,"47,933,790",43.7725,44.55,43.593
08/31/2023,43.368,"38,029,540",43.123,43.715,43.123
08/30/2023,43.467,"36,253,800",43.085,43.816,42.835
08/29/2023,42.999,"44,867,030",41.6,43.217,41.45
08/28/2023,41.806,"29,286,130",41.804,41.983,41.327
08/25/2023,41.603,"53,909,330",41.2,41.925,40.7564
08/24/2023,40.693,"56,877,990",42.541,42.759,40.6165
08/23/2023,42.755,"81,747,320",41.84,43.702,41.771
08/22/2023,41.317,"36,032,730",40.9,41.574,40.74
08/21/2023,40.829,"38,615,790",40.223,40.961,39.95
08/18/2023,40.453,"43,121,960",39.933,40.652,39.815
08/17/2023,40.3,"60,314,690",41.5,41.524,40.1582
08/16/2023,41.545,"39,670,210",42.373,42.451,41.525
08/15/2023,42.37,"33,679,980",42.441,42.912,42.104
08/14/2023,42.778,"39,659,630",42.199,42.8845,41.878
08/11/2023,42.166,"39,279,140",42.898,43.0632,42.1328
08/10/2023,42.998,"54,676,070",43.112,43.812,42.869
08/09/2023,42.89,"38,466,390",43.974,44.062,42.759
08/08/2023,43.83,"37,671,950",44.036,44.357,43.51
08/07/2023,44.076,"47,813,030",43.6455,44.111,42.8906
08/04/2023,43.16,"54,418,110",43.306,43.65,42.627
08/03/2023,43.1,"62,593,090",42.78,44.193,42.719
08/02/2023,42.97,"49,217,810",43.523,43.556,42.656
08/01/2023,43.862,"57,255,440",43.737,44.525,43.14
07/31/2023,43.897,"65,876,190",42.651,43.913,42.63
07/28/2023,42.578,"64,280,730",41.556,42.747,41.376
07/27/2023,41.317,"65,944,660",42.69,42.752,41.188
07/26/2023,42.267,"60,092,420",42.42,42.526,41.559
07/25/2023,42.77,"48,598,430",42.718,43.088,42.613
07/24/2023,42.837,"82,824,340",42.5,42.864,41.919
07/21/2023,42.75,"173,400,300",43.737,43.824,42.319
07/20/2023,43.742,"239,897,100",44.7,44.85,43.2
07/19/2023,47.759,"209,964,800",47.686,48.5,47.0
07/18/2023,47.48,"131,968,800",45.1,47.815,44.878
07/17/2023,45.005,"69,011,410",44.557,45.668,44.5105
07/14/2023,44.191,"71,958,600",45.2785,45.648,43.97
07/13/2023,45.038,"61,574,750",44.7,45.167,44.1177
07/12/2023,44.405,"57,316,570",44.455,44.5409,43.7749
07/11/2023,44.021,"45,745,590",43.865,44.08,43.1042
07/10/2023,44.171,"42,517,370",43.852,44.441,43.682
07/07/2023,43.81,"41,651,440",43.86,44.2325,43.5835
07/06/2023,43.884,"49,448,920",44.0,44.28,43.072
07/05/2023,44.59,"68,754,140",44.491,45.097,43.9624
07/03/2023,44.144,"37,284,610",43.976,44.1545,43.162
06/30/2023,44.049,"73,463,940",43.11,44.412,43.11
06/29/2023,42.824,"49,323,100",43.433,43.785,42.615
06/28/2023,42.984,"88,113,420",42.31,43.7292,42.289
06/27/2023,41.708,"48,180,660",41.739,42.0879,41.15
06/26/2023,41.594,"46,400,220",42.2435,43.096,41.49
06/23/2023,42.402,"82,986,000",41.859,42.582,41.773
06/22/2023,42.248,"48,722,460",42.293,42.471,41.868
06/21/2023,42.445,"51,464,410",43.265,43.455,42.254
06/20/2023,43.47,"47,623,130",43.018,44.0,43.0
06/16/2023,43.196,"87,537,400",44.615,44.751,43.09
06/15/2023,44.527,"70,999,150",44.41,44.865,43.95
06/14/2023,44.086,"84,130,890",43.499,44.733,43.35
06/13/2023,43.573,"78,205,350",43.001,43.727,42.84
06/12/2023,42.397,"59,677,120",41.883,42.47,41.6567
06/09/2023,42.002,"123,728,300",42.45,42.59,41.476
06/08/2023,40.937,"59,910,870",39.977,40.954,39.634
06/07/2023,39.977,"119,323,900",41.043,41.895,39.923
06/06/2023,39.929,"49,915,320",40.5,40.512,39.693
06/05/2023,40.354,"72,474,130",40.047,41.386,40.015
06/02/2023,40.047,"59,023,810",40.289,40.658,39.59
06/01/2023,40.313,"71,601,450",39.741,40.752,39.308
05/31/2023,39.523,"69,880,470",39.189,39.626,38.891
05/30/2023,39.298,"108,649,900",39.748,40.511,38.579
05/26/2023,37.888,"93,604,360",36.11,38.376,35.6
05/25/2023,35.9,"62,631,050",35.961,36.745,35.742
05/24/2023,36.485,"79,733,160",35.693,36.7151,35.6625
05/23/2023,35.599,"68,660,780",36.024,36.417,35.431
05/22/2023,36.301,"54,064,200",36.536,37.201,36.25
05/19/2023,36.536,"78,597,030",36.986,36.999,36.381
05/18/2023,37.129,"209,252,400",34.725,37.587,34.637
05/17/2023,33.996,"39,588,070",33.176,34.138,32.9615
05/16/2023,33.375,"33,348,630",33.4,33.517,33.191
05/15/2023,33.589,"36,529,700",34.062,34.19,33.554
05/12/2023,33.989,"60,823,600",34.476,34.8166,33.7364
05/11/2023,34.476,"80,335,310",33.498,34.547,33.184
05/10/2023,33.542,"42,898,970",33.521,33.711,32.951
05/09/2023,33.214,"55,448,520",33.067,33.632,32.974
05/08/2023,33.121,"54,885,930",32.299,33.256,32.203
05/05/2023,32.276,"39,906,370",32.361,32.415,31.944
05/04/2023,32.078,"38,796,570",31.901,32.361,31.795
05/03/2023,31.93,"50,640,570",31.755,32.462,31.585
05/02/2023,31.755,"43,186,120",32.5,32.607,31.562
05/01/2023,32.412,"53,414,840",32.9435,33.123,31.809
04/28/2023,32.993,"42,283,740",32.524,33.0808,32.4
04/27/2023,32.585,"56,187,680",32.43,32.745,31.744
04/26/2023,32.115,"46,232,380",32.136,32.59,32.047
04/25/2023,32.255,"54,266,420",32.85,32.8655,32.11
04/24/2023,32.902,"55,866,270",33.02,33.466,32.675
04/21/2023,32.798,"63,480,000",32.3,32.829,31.95
04/20/2023,32.535,"99,478,000",32.039,33.143,31.833
04/19/2023,32.312,"221,282,700",32.421,32.575,31.61
04/18/2023,33.37,"179,445,000",33.5,33.719,33.05
04/17/2023,33.272,"61,360,470",33.8,33.839,32.75
04/14/2023,33.863,"53,505,080",34.294,34.4853,33.641
04/13/2023,34.619,"74,064,370",33.999,34.643,33.875
04/12/2023,33.103,"39,654,400",34.081,34.28,33.004
04/11/2023,33.821,"40,447,780",34.345,34.714,33.7635
04/10/2023,33.899,"26,578,980",33.527,33.988,33.336
04/06/2023,33.933,"46,605,420",33.934,34.048,33.263
04/05/2023,34.235,"42,055,450",34.53,34.543,33.6253
04/04/2023,34.675,"32,980,720",34.849,34.98,34.395
04/03/2023,34.828,"44,136,500",34.183,34.858,34.04
03/31/2023,34.548,"56,101,610",34.005,34.584,33.72
03/30/2023,33.843,"71,314,680",34.027,34.329,33.53
03/29/2023,33.203,"62,873,360",32.629,33.285,32.573
03/28/2023,32.352,"64,893,880",32.606,33.332,32.128
03/27/2023,32.766,"86,257,630",32.755,33.644,32.441
03/24/2023,32.839,"130,040,900",32.063,33.183,32.063
03/23/2023,32.037,"156,533,500",30.468,32.278,30.414
03/22/2023,29.39,"58,080,350",30.631,30.645,29.354
03/21/2023,30.579,"48,862,790",30.632,30.792,30.043
03/20/2023,30.513,"51,134,300",29.979,30.75,29.6
03/17/2023,30.35,"69,187,770",31.006,31.076,30.0
03/16/2023,31.006,"79,123,710",30.475,31.66,30.171
03/15/2023,30.379,"92,153,400",29.251,30.631,29.228
03/14/2023,29.494,"59,566,920",29.597,29.745,29.031
03/13/2023,29.351,"62,923,850",28.734,29.924,28.533
03/10/2023,29.276,"57,593,150",29.7905,29.879,28.9
03/09/2023,29.778,"74,433,500",31.208,31.251,29.488
03/08/2023,31.179,"34,794,740",30.929,31.183,30.575
03/07/2023,30.847,"45,530,820",31.2675,31.43,30.6623
03/06/2023,31.203,"56,607,430",31.7,32.33,31.1841
03/03/2023,31.518,"59,533,190",31.545,31.749,31.082
03/02/2023,31.188,"49,210,530",31.096,31.557,31.038
03/01/2023,31.348,"49,113,110",32.155,32.66,31.236
02/28/2023,32.213,"36,760,750",32.37,32.762,32.117
02/27/2023,32.303,"61,425,800",32.387,33.0,32.2121
02/24/2023,31.715,"68,306,920",31.93,32.15,31.452
02/23/2023,32.365,"132,386,700",33.123,33.128,31.43
02/22/2023,33.488,"45,462,490",33.75,34.191,33.282
02/21/2023,33.75,"57,102,920",34.285,34.4125,33.6418
02/17/2023,34.796,"52,947,270",34.7905,34.9,34.244
02/16/2023,35.071,"52,157,260",35.5,36.15,35.031
02/15/2023,36.142,"39,699,450",35.663,36.288,35.424
02/14/2023,35.996,"46,247,580",35.755,36.375,35.34
02/13/2023,35.857,"71,344,450",34.95,35.9703,34.425
02/10/2023,34.736,"72,910,960",35.916,36.214,34.714
02/09/2023,36.25,"69,011,000",37.241,37.383,36.1744
02/08/2023,36.683,"62,531,790",36.002,36.8193,35.831
02/07/2023,36.295,"62,893,680",35.851,36.418,35.418
02/06/2023,36.148,"49,949,420",36.3642,36.845,36.068
02/03/2023,36.59,"94,020,340",35.908,37.943,35.9
02/02/2023,36.689,"78,569,520",36.516,36.832,35.843
02/01/2023,36.199,"80,051,700",35.386,36.5385,34.991
01/31/2023,35.386,"56,607,380",34.998,35.595,34.871
01/30/2023,35.311,"51,275,930",35.844,36.095,35.2855
01/27/2023,36.077,"67,035,480",36.32,36.592,36.059
01/26/2023,36.487,"82,568,440",36.877,36.902,36.17
01/25/2023,36.796,"77,669,070",36.057,36.89,35.8501
01/24/2023,36.383,"117,965,300",35.753,36.565,35.514
01/23/2023,35.742,"156,468,500",34.1715,36.2245,34.0633
01/20/2023,34.25,"284,303,400",33.679,34.4,33.2625
01/19/2023,31.578,"180,082,000",32.257,32.489,31.339
01/18/2023,32.633,"78,141,150",32.675,33.008,32.125
01/17/2023,32.622,"92,469,870",33.108,33.25,32.36
01/13/2023,33.282,"82,868,160",32.997,33.665,32.8885
01/12/2023,33.013,"108,562,500",33.25,33.295,32.314
01/11/2023,32.726,"95,796,810",32.65,32.888,32.135
01/10/2023,32.754,"130,722,900",31.107,32.935,31.107
01/09/2023,31.517,"67,666,280",31.683,32.17,31.322
01/06/2023,31.555,"89,598,390",31.157,31.677,30.369
01/05/2023,30.97,"83,283,900",30.7,31.418,30.4545
01/04/2023,30.941,"93,450,540",29.824,31.1135,29.551
01/03/2023,29.495,"67,639,640",29.806,29.839,28.87
12/30/2022,29.488,"75,668,920",28.553,29.501,28.322
12/29/2022,29.112,"95,885,270",28.318,29.55,28.101
12/28/2022,27.688,"59,643,690",28.192,28.519,27.341
12/27/2022,28.417,"57,780,980",29.319,29.357,28.213
12/23/2022,29.4965,"42,511,080",29.618,29.8461,29.191
12/22/2022,29.775,"78,561,920",29.809,29.888,29.0813
12/21/2022,29.796,"63,761,730",28.999,30.066,28.65
12/20/2022,28.819,"69,181,140",28.124,28.928,28.081
12/19/2022,28.83,"61,636,670",28.973,29.225,28.613
12/16/2022,29.071,"140,800,500",28.876,29.472,28.87
12/15/2022,29.041,"177,245,600",30.212,30.339,28.655
12/14/2022,31.783,"75,432,910",31.897,32.471,31.442
12/13/2022,32.034,"107,564,300",32.8,33.2724,31.7199
12/12/2022,31.518,"101,486,100",32.0,32.318,30.885
12/09/2022,32.001,"143,640,300",32.145,32.9,31.952
12/08/2022,31.026,"72,053,260",30.911,31.238,30.481
12/07/2022,30.842,"78,216,340",30.65,30.961,30.21
12/06/2022,30.556,"71,953,950",31.1,31.3223,30.313
12/05/2022,31.259,"84,230,290",31.646,32.277,31.092
12/02/2022,32.041,"126,906,000",31.049,32.199,31.0
12/01/2022,31.695,"146,648,700",30.399,31.98,30.303
11/30/2022,30.553,"160,701,200",28.137,30.826,28.041
11/29/2022,28.096,"57,868,740",28.25,28.296,27.594
11/28/2022,28.117,"47,070,490",28.4,28.955,28.053
11/25/2022,28.554,"32,359,530",28.9,28.921,28.417
11/23/2022,29.15,"59,189,880",28.591,29.247,28.376
11/22/2022,28.669,"62,451,190",28.499,28.698,27.734
11/21/2022,28.505,"72,565,070",29.1,29.187,28.266
11/18/2022,28.798,"84,001,080",29.733,29.8,28.7
11/17/2022,29.528,"98,382,200",29.472,29.982,29.1
11/16/2022,30.602,"80,385,560",30.994,31.049,30.361
11/15/2022,31.02,"146,269,300",30.92,31.271,30.255
11/14/2022,29.927,"179,734,000",29.0,31.1,28.819
11/11/2022,29.013,"95,738,340",27.447,29.066,27.1558
11/10/2022,27.497,"96,673,230",26.599,27.536,26.009
11/09/2022,25.466,"72,659,940",25.966,26.09,25.422
11/08/2022,26.346,"76,838,260",25.992,26.608,25.688
11/07/2022,25.86,"79,270,330",26.106,26.1155,25.209
11/04/2022,26.079,"111,246,900",27.202,27.497,25.532
11/03/2022,26.906,"70,573,500",27.125,27.629,26.88
11/02/2022,27.3,"103,676,200",28.64,28.733,27.284
11/01/2022,28.675,"69,164,240",29.617,29.97,28.642
10/31/2022,29.188,"75,051,330",29.513,29.762,28.95
10/28/2022,29.572,"99,605,470",29.77,30.119,29.2292
10/27/2022,29.694,"146,125,900",29.833,30.521,29.478
10/26/2022,29.862,"157,492,500",29.004,30.563,28.804
10/25/2022,29.102,"151,007,200",28.695,29.759,28.555
10/24/2022,28.245,"133,264,200",29.023,29.049,28.036
10/21/2022,28.957,"248,890,600",26.895,29.075,26.568
10/20/2022,26.816,"172,071,000",27.278,27.8376,26.638
10/19/2022,27.238,"466,852,600",26.5,27.93,26.266
10/18/2022,24.086,"257,767,300",24.98,25.037,23.773
10/17/2022,24.51,"210,578,200",23.441,24.9922,23.44
10/14/2022,23.0,"152,934,000",23.78,23.88,22.951
10/13/2022,23.251,"175,050,100",21.269,23.447,21.173
10/12/2022,22.087,"129,526,400",21.43,22.367,21.264
10/11/2022,21.429,"152,824,100",22.605,23.044,21.37
10/10/2022,22.998,"99,911,450",22.564,23.383,22.423
10/07/2022,22.475,"98,061,280",23.577,23.733,22.428
10/06/2022,24.002,"91,889,400",23.668,24.428,23.391
10/05/2022,23.673,"108,256,300",23.876,24.159,22.738
10/04/2022,24.074,"139,258,500",24.484,24.58,23.325
10/03/2022,23.904,"86,574,430",23.785,24.154,23.285
09/30/2022,23.544,"118,486,100",23.7,24.244,23.326
09/29/2022,23.971,"189,949,400",24.161,24.698,23.568
09/28/2022,24.52,"175,796,700",22.969,24.665,22.738
09/27/2022,22.436,"77,622,230",22.863,23.064,22.072
09/26/2022,22.407,"82,342,850",22.56,23.27,22.301
09/23/2022,22.641,"112,072,300",23.514,23.645,22.143
09/22/2022,23.705,"100,179,700",23.535,24.05,23.166
09/21/2022,23.687,"91,667,720",24.267,24.83,23.668
09/20/2022,24.285,"160,374,300",24.037,25.049,23.966
09/19/2022,24.363,"179,123,700",24.505,24.525,23.575
09/16/2022,24.013,"189,141,800",23.122,24.1355,22.783
09/15/2022,23.538,"194,541,200",23.047,24.2287,22.91
09/14/2022,22.412,"82,303,400",21.982,22.8,21.58
09/13/2022,21.813,"80,001,280",22.65,22.769,21.772
09/12/2022,23.653,"60,474,250",23.361,23.949,23.337
09/09/2022,23.357,"67,020,600",22.962,23.478,22.962
09/08/2022,22.744,"67,374,360",22.416,22.8735,22.13
09/07/2022,22.896,"81,493,290",22.021,22.933,21.8268
09/06/2022,21.839,"74,690,160",22.559,22.685,21.469
09/02/2022,22.611,"81,648,830",23.103,23.3881,22.504
09/01/2022,23.004,"72,929,170",22.072,23.037,21.947
08/31/2022,22.356,"86,159,060",22.7,23.3879,22.343
08/30/2022,22.065,"57,404,340",22.666,22.979,21.874
08/29/2022,22.457,"71,093,970",22.193,22.987,22.152
08/26/2022,22.328,"53,498,480",23.3625,23.695,22.315
08/25/2022,23.398,"37,668,670",23.024,23.416,22.9
08/24/2022,22.961,"54,263,160",22.566,23.41,22.394
08/23/2022,22.455,"52,769,450",22.646,22.99,22.43
08/22/2022,22.654,"86,300,940",23.255,23.3475,22.459
08/19/2022,24.116,"75,047,070",24.095,24.329,23.568
08/18/2022,24.517,"52,803,870",24.196,24.6479,23.928
08/17/2022,24.115,"56,272,240",24.118,24.424,23.756
08/16/2022,24.569,"51,368,060",24.716,24.929,24.403
08/15/2022,24.911,"65,273,910",24.811,25.199,24.751
08/12/2022,24.93,"60,985,310",24.481,24.941,24.376
08/11/2022,24.27,"87,800,620",24.468,25.162,24.151
08/10/2022,24.411,"92,547,600",23.699,24.454,23.6596
08/09/2022,22.994,"61,811,940",23.162,23.22,22.465
08/08/2022,23.349,"109,974,100",22.749,24.196,22.641
08/05/2022,22.678,"55,397,330",22.53,22.862,22.287
08/04/2022,22.991,"71,427,410",22.768,23.207,22.505
08/03/2022,22.673,"64,007,010",22.479,22.81,22.242
08/02/2022,22.142,"63,613,270",22.276,22.82,22.088
08/01/2022,22.621,"55,250,440",22.3095,22.839,22.1
07/29/2022,22.49,"90,649,370",22.329,23.075,22.24
07/28/2022,22.602,"89,727,380",22.46,22.81,21.967
07/27/2022,22.675,"105,083,900",21.648,22.778,21.458
07/26/2022,21.391,"95,085,320",21.666,21.939,21.164
07/25/2022,21.851,"109,352,500",22.131,22.523,21.635
07/22/2022,22.044,"178,054,500",22.238,22.935,21.844
07/21/2022,22.388,"234,301,200",21.43,22.432,21.15
07/20/2022,21.644,"539,202,700",20.817,21.697,20.01
07/19/2022,20.163,"281,787,200",19.302,20.197,18.84
07/18/2022,19.092,"163,228,500",19.25,19.967,18.98
07/15/2022,18.911,"163,191,200",17.558,18.922,17.456
07/14/2022,17.478,"90,394,570",17.556,17.752,17.182
07/13/2022,17.656,"127,344,200",17.05,17.918,16.9702
07/12/2022,17.445,"68,452,640",17.733,17.9784,17.342
07/11/2022,17.734,"60,484,470",18.473,18.499,17.689
07/08/2022,18.6975,"58,356,800",18.602,18.991,18.275
07/07/2022,18.927,"63,345,450",18.427,19.021,18.35
07/06/2022,18.406,"57,533,850",18.52,18.622,18.082
07/05/2022,18.588,"73,390,230",17.628,18.592,17.268
07/01/2022,17.995,"52,015,830",17.649,18.01,17.427
06/30/2022,17.487,"78,947,100",17.707,17.945,17.03
06/29/2022,17.836,"57,668,470",17.955,18.0665,17.51
06/28/2022,17.96,"72,018,970",18.92,19.22,17.937
06/27/2022,18.914,"83,638,790",19.177,19.178,18.239
06/24/2022,19.085,"124,239,700",18.35,19.119,18.184
06/23/2022,18.171,"95,382,260",18.05,18.276,17.587
06/22/2022,17.889,"120,106,200",17.075,18.282,17.02
06/21/2022,17.091,"121,775,900",17.76,17.8619,16.98
06/17/2022,17.551,"121,333,700",17.363,17.965,17.334
06/16/2022,17.335,"82,013,060",17.4,17.627,17.156
06/15/2022,18.011,"123,960,400",16.9258,18.3845,16.853
06/14/2022,16.754,"115,553,200",16.975,17.2062,16.428
06/13/2022,16.969,"102,224,100",17.707,17.909,16.8957
06/10/2022,18.294,"130,742,800",18.264,18.586,18.085
06/09/2022,19.277,"69,489,670",20.065,20.169,19.254
06/08/2022,20.283,"72,441,210",19.795,20.738,19.764
06/07/2022,19.861,"48,394,910",19.487,19.96,19.3
06/06/2022,19.714,"53,720,430",20.209,20.387,19.538
06/03/2022,19.898,"71,917,750",20.014,20.295,19.805
06/02/2022,20.509,"96,231,210",19.202,20.547,19.172
06/01/2022,19.291,"84,161,510",19.87,20.274,19.1661
05/31/2022,19.744,"113,984,600",19.618,19.995,19.08
05/27/2022,19.519,"85,859,870",19.319,19.525,19.0372
05/26/2022,19.14,"80,499,330",18.649,19.234,18.3092
05/25/2022,18.783,"85,220,920",18.028,18.887,18.017
05/24/2022,18.034,"77,063,720",18.2,18.4,17.717
05/23/2022,18.744,"96,020,270",18.615,18.766,17.789
05/20/2022,18.635,"104,294,000",18.5867,19.019,17.977
05/19/2022,18.348,"104,485,100",17.8045,18.63,17.571
05/18/2022,17.719,"96,656,320",18.672,18.77,17.627
05/17/2022,19.056,"98,766,850",18.917,19.14,18.517
05/16/2022,18.651,"161,450,100",19.33,19.589,18.57
05/13/2022,18.764,"131,363,300",17.716,18.777,17.601
05/12/2022,17.431,"176,621,200",16.396,17.758,16.271
05/11/2022,16.637,"126,655,200",17.609,18.092,16.555
05/10/2022,17.766,"138,839,100",17.601,18.1871,17.057
05/09/2022,17.31,"140,313,300",17.7655,18.32,17.23
05/06/2022,18.097,"171,854,800",18.675,18.721,17.581
05/05/2022,18.832,"139,713,300",20.045,20.071,18.6
05/04/2022,20.401,"122,187,800",19.765,20.438,19.101
05/03/2022,19.987,"118,394,300",19.829,20.32,19.477
05/02/2022,19.946,"145,916,000",19.171,20.0214,19.001
04/29/2022,19.036,"163,918,900",19.868,20.471,19.0
04/28/2022,19.952,"213,631,600",19.156,20.148,18.56
04/27/2022,18.854,"222,983,900",19.4005,20.019,18.777
04/26/2022,19.84,"203,180,900",20.88,20.915,19.8277
04/25/2022,20.991,"281,520,500",21.381,21.666,20.451
04/22/2022,21.552,"375,151,300",22.018,22.627,21.005
04/21/2022,21.822,"535,016,000",22.0,22.768,21.152
04/20/2022,22.619,"1,333,875,000",24.52,24.87,21.251
04/19/2022,34.861,"209,068,900",33.322,35.168,33.322
04/18/2022,33.786,"51,050,410",34.0,34.236,33.1615
04/14/2022,34.113,"43,438,370",35.095,35.2,33.986
04/13/2022,35.043,"32,309,500",34.392,35.2,34.1155
04/12/2022,34.41,"38,242,610",35.591,35.941,34.225
04/11/2022,34.8,"37,770,960",35.0,35.478,34.52
04/08/2022,35.588,"40,251,830",36.196,36.25,35.4865
04/07/2022,36.215,"49,489,090",36.5,36.854,35.369
04/06/2022,36.835,"43,548,850",37.415,37.647,36.273
04/05/2022,38.015,"42,345,080",38.93,39.0,37.7305
04/04/2022,39.15,"70,092,350",37.355,39.602,37.313
04/01/2022,37.347,"46,442,370",37.68,38.087,36.85
03/31/2022,37.459,"41,347,200",38.359,38.4,37.361
03/30/2022,38.147,"40,233,010",38.955,39.27,37.8625
03/29/2022,39.182,"58,807,230",38.439,39.65,38.033
03/28/2022,37.851,"43,234,350",37.523,38.028,36.673
03/25/2022,37.385,"35,759,530",37.707,37.764,36.643
03/24/2022,37.571,"38,884,610",37.976,37.976,36.89
03/23/2022,37.449,"37,289,540",37.977,38.246,37.449
03/22/2022,38.292,"42,427,620",37.114,38.666,36.676
03/21/2022,37.459,"48,664,630",37.802,38.182,36.894
03/18/2022,38.06,"83,248,250",37.2,38.18,36.847
03/17/2022,37.14,"58,183,480",35.97,37.331,35.488
03/16/2022,35.753,"69,824,690",34.82,35.999,34.306
03/15/2022,34.375,"54,606,400",33.51,34.536,33.236
03/14/2022,33.101,"59,078,170",33.872,34.132,32.982
03/11/2022,34.032,"48,199,250",36.119,36.336,34.0
03/10/2022,35.677,"48,077,670",35.62,36.702,35.33
03/09/2022,35.879,"65,201,860",35.7685,36.414,35.0509
03/08/2022,34.176,"64,286,550",34.98,35.886,34.067
03/07/2022,35.026,"57,083,830",36.041,36.1995,35.02
03/04/2022,36.173,"53,291,800",36.8,37.4819,35.717
03/03/2022,36.807,"60,768,360",38.6,38.612,36.465
03/02/2022,38.003,"53,568,090",38.893,38.922,37.521
03/01/2022,38.624,"32,904,390",39.16,39.5,38.3705
02/28/2022,39.452,"50,350,460",38.733,39.775,38.213
02/25/2022,39.08,"48,416,360",38.661,39.129,37.558
02/24/2022,39.003,"70,687,240",35.509,39.073,35.472
02/23/2022,36.746,"46,142,900",38.272,38.6,36.666
02/22/2022,37.738,"66,975,150",38.895,39.242,37.302
02/18/2022,39.129,"68,016,680",39.253,40.287,38.9047
02/17/2022,38.667,"46,692,220",39.4235,39.911,38.57
02/16/2022,39.808,"52,776,500",40.153,40.156,39.0384
02/15/2022,40.746,"53,956,410",40.379,40.9162,40.101
02/14/2022,39.657,"72,021,550",38.759,40.936,38.6891
02/11/2022,39.131,"75,589,390",40.533,41.161,38.765
02/10/2022,40.627,"84,529,150",40.21,40.8,39.636
02/09/2022,41.289,"77,382,270",40.865,41.298,39.879
02/08/2022,40.353,"68,185,430",39.818,40.661,39.583
02/07/2022,40.21,"82,328,590",41.017,41.235,39.355
02/04/2022,41.017,"77,897,980",40.731,41.277,39.6639
02/03/2022,40.56,"99,052,100",42.144,42.926,40.428
02/02/2022,42.948,"143,460,100",44.825,45.198,42.648
02/01/2022,45.713,"225,681,000",43.296,45.848,42.554
01/31/2022,42.714,"200,474,500",40.197,42.77,39.82
01/28/2022,38.436,"119,666,100",38.676,38.7,37.208
01/27/2022,38.67,"243,247,500",38.206,39.48,37.81
01/26/2022,35.97,"126,839,800",37.827,38.266,35.662
01/25/2022,36.642,"151,458,200",37.914,38.771,36.513
01/24/2022,38.715,"323,867,800",38.391,38.726,35.146
01/21/2022,39.75,"589,042,700",40.0425,40.915,37.999
01/20/2022,50.825,"126,589,900",51.775,52.664,50.693
01/19/2022,51.586,"43,535,080",51.5,52.321,51.051
01/18/2022,51.08,"48,444,180",52.008,52.175,50.868
01/14/2022,52.569,"78,611,090",51.76,53.837,51.188
01/13/2022,51.92,"44,750,630",53.706,54.079,51.826
01/12/2022,53.722,"37,873,720",54.427,54.427,53.202
01/11/2022,54.084,"30,778,360",53.699,54.391,53.007
01/10/2022,53.985,"44,861,450",53.849,54.369,52.632
01/07/2022,54.106,"33,828,730",54.946,55.343,53.8218
01/06/2022,55.329,"57,117,950",55.434,56.336,54.201
01/05/2022,56.752,"41,487,490",59.2,59.284,56.688
01/04/2022,59.115,"43,931,350",59.991,60.041,58.16
01/03/2022,59.737,"30,688,080",60.561,60.999,59.056
12/31/2021,60.244,"19,959,180",61.001,61.4075,60.205
12/30/2021,61.209,"16,250,930",61.299,62.061,61.124
12/29/2021,61.054,"12,875,130",61.071,61.398,60.468
12/28/2021,61.071,"18,841,160",61.495,61.841,60.969
12/27/2021,61.312,"20,622,330",61.5,61.5,60.925
12/23/2021,61.409,"16,211,460",61.64,61.688,60.757
12/22/2021,61.424,"23,357,450",60.336,61.482,60.263
12/21/2021,60.492,"23,193,900",59.7543,60.782,59.3861
12/20/2021,59.374,"33,584,040",58.643,60.2885,58.426
12/17/2021,58.673,"44,337,060",59.161,59.325,58.174
12/16/2021,59.106,"31,432,170",59.709,60.2831,58.8
12/15/2021,60.504,"28,661,960",59.818,60.569,58.451
12/14/2021,59.799,"29,845,360",59.871,60.229,58.813
12/13/2021,60.456,"25,179,150",61.2,61.264,59.952
12/10/2021,61.166,"27,487,740",61.678,61.774,60.588
12/09/2021,61.1,"23,763,210",62.758,63.024,61.044
12/08/2021,62.808,"22,203,080",63.0,63.2455,62.32
12/07/2021,62.558,"31,251,900",61.983,62.889,61.14
12/06/2021,61.269,"30,756,720",60.601,61.729,60.1
12/03/2021,60.213,"48,292,820",62.275,62.55,59.4
12/02/2021,61.647,"33,311,310",61.71,62.536,61.288
12/01/2021,61.777,"38,970,190",64.948,65.452,61.707
11/30/2021,64.19,"56,089,190",66.8198,67.538,64.001
11/29/2021,66.384,"25,293,640",66.32,66.799,65.829
11/26/2021,66.564,"28,725,130",67.5,67.6405,66.067
11/24/2021,65.829,"18,672,820",65.801,66.144,65.11
11/23/2021,65.406,"23,209,170",65.818,66.643,64.605
11/22/2021,65.92,"27,653,180",67.602,67.948,65.647
11/19/2021,67.88,"26,148,520",69.235,69.416,67.5
11/18/2021,68.202,"20,149,920",69.161,69.174,67.9735
11/17/2021,69.169,"27,328,310",69.0,70.0989,68.609
11/16/2021,68.74,"20,773,870",67.827,68.836,67.69
11/15/2021,67.933,"28,721,860",68.1235,68.526,67.149
11/12/2021,68.261,"41,984,100",66.001,68.334,65.382
11/11/2021,65.758,"28,683,110",65.024,66.582,64.9705
11/10/2021,64.691,"24,057,850",65.301,66.0331,64.211
11/09/2021,65.599,"24,156,300",65.37,66.05,65.052
11/08/2021,65.145,"28,875,230",65.029,65.6,64.379
11/05/2021,64.572,"52,834,880",66.397,66.564,64.501
11/04/2021,66.84,"48,650,230",68.589,68.594,66.55
11/03/2021,68.829,"23,348,520",67.727,68.939,67.727
11/02/2021,67.772,"38,885,970",68.311,68.768,67.382
11/01/2021,68.117,"31,109,110",68.906,68.997,67.654
10/29/2021,69.031,"38,252,790",67.306,69.097,67.124
10/28/2021,67.405,"28,594,090",67.0949,67.68,66.803
10/27/2021,66.292,"22,769,140",66.9,67.141,66.185
10/26/2021,66.852,"29,048,400",67.376,67.649,66.277
10/25/2021,67.166,"38,335,260",66.374,67.588,65.707
10/22/2021,66.478,"61,860,160",65.181,66.546,65.181
10/21/2021,65.316,"84,370,700",62.889,65.401,62.865
10/20/2021,62.514,"106,220,000",62.5573,63.74,61.715
10/19/2021,63.9,"76,331,470",63.6969,64.1,63.23
10/18/2021,63.797,"46,690,710",63.21,63.841,62.059
10/15/2021,62.829,"41,168,740",63.8,63.942,62.516
10/14/2021,63.38,"26,725,350",63.223,63.688,62.679
10/13/2021,62.976,"24,246,380",63.2179,63.2179,62.21
10/12/2021,62.494,"32,273,490",63.302,63.7655,62.199
10/11/2021,62.704,"28,624,700",63.3195,63.942,62.678
10/08/2021,63.266,"32,720,930",63.4165,64.38,63.086
10/07/2021,63.185,"35,568,860",64.2225,64.684,63.045
10/06/2021,63.91,"45,804,340",62.818,63.987,62.636
10/05/2021,63.481,"95,342,930",60.694,64.039,60.689
10/04/2021,60.335,"49,959,320",61.339,62.6125,59.468
10/01/2021,61.315,"40,908,470",60.424,61.499,59.7505
09/30/2021,61.034,"66,160,400",60.805,61.9,60.805
09/29/2021,59.906,"62,210,260",58.901,60.988,58.801
09/28/2021,58.385,"44,310,510",58.9,59.9535,58.016
09/27/2021,59.264,"25,047,380",58.795,59.358,57.693
09/24/2021,59.239,"21,262,460",59.25,59.298,58.364
09/23/2021,59.326,"25,261,610",59.079,59.932,58.913
09/22/2021,59.065,"40,218,450",57.969,59.565,57.969
09/21/2021,57.314,"22,508,840",57.831,58.188,56.937
09/20/2021,57.543,"37,322,270",58.679,59.153,56.808
09/17/2021,58.935,"41,451,450",58.785,59.028,58.085
09/16/2021,58.65,"18,320,280",58.43,58.748,57.772
09/15/2021,58.287,"27,556,150",57.817,58.462,57.537
09/14/2021,57.776,"34,569,580",58.489,58.728,57.556
09/13/2021,58.929,"30,628,710",59.857,59.857,58.2775
09/10/2021,59.872,"39,507,640",59.816,60.945,59.367
09/09/2021,59.754,"29,542,140",60.647,60.944,59.655
09/08/2021,60.605,"54,245,030",60.384,61.56,59.571
09/07/2021,60.671,"58,309,790",59.469,61.385,59.399
09/03/2021,59.053,"26,840,050",58.58,59.1878,58.314
09/02/2021,58.855,"61,847,820",58.368,59.8757,58.368
09/01/2021,58.207,"56,262,140",56.9,59.1,56.9
08/31/2021,56.919,"24,318,860",56.612,56.948,56.1611
08/30/2021,56.618,"24,348,390",55.725,56.7165,55.645
08/27/2021,55.892,"32,525,950",55.16,56.417,54.925
08/26/2021,55.012,"15,954,990",54.616,55.2604,54.59
08/25/2021,54.758,"20,656,210",55.016,55.284,54.545
08/24/2021,55.341,"21,095,250",55.1484,55.5314,54.927
08/23/2021,55.333,"26,020,100",54.598,55.555,54.374
08/20/2021,54.688,"37,764,290",54.509,55.1388,53.91
08/19/2021,54.371,"74,972,920",52.274,54.839,52.187
08/18/2021,52.187,"25,820,460",52.0,52.638,51.865
08/17/2021,51.891,"23,098,030",51.5465,52.079,51.42
08/16/2021,51.792,"20,331,760",51.524,52.338,51.23
08/13/2021,51.592,"21,777,360",51.264,52.144,51.151
08/12/2021,51.072,"16,861,700",51.186,51.3,50.7201
08/11/2021,51.24,"16,739,040",51.7,51.957,50.977
08/10/2021,51.584,"19,605,440",52.0,52.079,51.2965
08/09/2021,51.997,"13,677,820",52.1147,52.267,51.799
08/06/2021,52.055,"19,197,980",52.4,52.684,51.939
08/05/2021,52.489,"25,566,870",51.713,52.541,51.402
08/04/2021,51.735,"20,393,740",51.3,51.798,51.037
08/03/2021,51.082,"25,794,270",51.439,51.563,50.537
08/02/2021,51.515,"20,966,320",51.9,51.985,51.051
07/30/2021,51.757,"25,371,070",51.269,51.979,51.0964
07/29/2021,51.425,"17,360,140",51.996,52.078,51.3793
07/28/2021,51.93,"23,904,660",52.182,52.447,51.698
07/27/2021,51.891,"27,590,370",51.808,52.195,51.205
07/26/2021,51.649,"22,545,380",51.438,52.113,50.901
07/23/2021,51.541,"38,204,780",51.216,51.741,50.466
07/22/2021,51.177,"43,280,610",51.0206,51.368,50.7
07/21/2021,51.363,"119,067,900",52.613,53.099,50.561
07/20/2021,53.105,"69,304,400",52.607,53.664,52.03
07/19/2021,53.228,"38,857,640",52.605,53.4913,52.224
07/16/2021,53.031,"34,421,010",54.181,54.406,52.705
07/15/2021,54.295,"57,138,730",55.397,55.754,53.82
07/14/2021,54.795,"46,595,350",54.101,55.41,54.101
07/13/2021,54.068,"27,515,930",53.576,54.533,53.576
07/12/2021,53.731,"17,807,380",54.03,54.065,53.292
07/09/2021,53.598,"27,772,310",53.1,53.826,52.858
07/08/2021,53.076,"32,689,880",53.093,53.55,52.909
07/07/2021,53.596,"27,224,980",54.424,54.464,53.166
07/06/2021,54.164,"27,750,510",53.3,54.286,53.3
07/02/2021,53.398,"19,803,160",53.55,53.8535,52.939
07/01/2021,53.354,"28,054,020",52.572,53.704,52.572
06/30/2021,52.821,"27,734,450",53.4055,53.438,52.682
06/29/2021,53.35,"23,146,470",53.355,53.613,52.857
06/28/2021,53.303,"28,202,270",52.812,53.394,52.456
06/25/2021,52.707,"52,990,720",52.884,53.306,52.5
06/24/2021,51.806,"33,612,020",51.796,52.096,51.44
06/23/2021,51.274,"39,447,820",50.848,51.663,50.82
06/22/2021,50.882,"58,092,710",49.854,51.355,49.5795
06/21/2021,49.7,"52,772,970",50.164,50.205,49.228
06/18/2021,50.077,"51,975,760",49.64,50.449,49.524
06/17/2021,49.834,"31,982,730",49.025,50.18,49.015
06/16/2021,49.241,"35,332,060",49.5,49.646,48.628
06/15/2021,49.19,"31,040,730",50.123,50.123,49.04
06/14/2021,49.989,"44,002,220",48.968,50.35,48.691
06/11/2021,48.877,"31,239,690",49.0,49.141,48.778
06/10/2021,48.727,"43,829,280",48.7165,49.021,48.214
06/09/2021,48.581,"30,550,290",49.45,49.609,48.465
06/08/2021,49.239,"23,740,370",49.7,49.882,48.937
06/07/2021,49.466,"27,919,320",49.2917,49.67,49.055
06/04/2021,49.474,"31,604,870",49.2,50.186,49.095
06/03/2021,48.943,"38,874,450",49.519,49.666,48.725
06/02/2021,49.924,"22,689,790",49.982,50.322,49.582
06/01/2021,49.908,"24,825,550",50.401,50.541,49.7744
05/28/2021,50.281,"29,112,970",50.44,51.176,50.253
05/27/2021,50.386,"32,537,730",50.18,50.51,49.854
05/26/2021,50.236,"24,653,030",50.234,50.414,50.05
05/25/2021,50.134,"26,994,590",50.6,50.6365,49.922
05/24/2021,50.29,"24,125,950",50.105,50.425,49.951
05/21/2021,49.789,"33,229,250",50.312,50.54,49.726
05/20/2021,50.167,"37,212,180",48.955,50.27,48.8975
05/19/2021,48.77,"33,499,300",48.1625,48.857,47.854
05/18/2021,48.628,"23,504,960",48.8395,49.3478,48.619
05/17/2021,48.894,"27,010,570",48.559,49.271,48.281
05/14/2021,49.337,"28,824,640",48.786,49.485,48.659
05/13/2021,48.666,"27,165,610",48.913,49.0775,48.271
05/12/2021,48.498,"41,215,400",48.683,49.354,48.27
05/11/2021,49.508,"44,010,000",47.975,49.799,47.863
05/10/2021,48.669,"51,316,320",50.2,50.315,48.611
05/07/2021,50.384,"31,327,860",50.462,50.855,50.112
05/06/2021,49.955,"37,836,980",49.599,49.955,49.137
05/05/2021,49.608,"31,293,660",50.499,50.7784,49.463
05/04/2021,50.318,"43,495,020",51.078,51.163,49.679
05/03/2021,50.911,"40,918,950",51.265,51.895,50.52
04/30/2021,51.347,"44,132,420",50.5,51.455,50.5
04/29/2021,50.9,"51,277,920",50.76,50.929,49.9
04/28/2021,50.652,"31,929,830",50.52,50.8395,50.334
04/27/2021,50.555,"37,613,270",51.262,51.299,50.4581
04/26/2021,51.03,"43,888,390",50.676,51.048,50.3
04/23/2021,50.555,"73,146,590",50.901,50.97,50.07
04/22/2021,50.878,"90,610,620",51.382,51.396,50.055
04/21/2021,50.89,"228,974,500",50.8,51.546,50.36
04/20/2021,54.957,"112,576,500",55.442,56.356,54.63
04/19/2021,55.444,"42,887,150",54.69,55.644,54.553
04/16/2021,54.654,"32,090,750",55.054,55.198,53.951
04/15/2021,54.922,"31,390,500",54.417,55.349,54.266
04/14/2021,54.002,"37,402,940",55.487,55.487,53.853
04/13/2021,55.373,"27,203,440",55.7,55.975,55.03
04/12/2021,55.278,"29,440,600",55.105,55.798,54.958
04/09/2021,55.531,"28,940,340",55.269,55.69,54.711
04/08/2021,55.458,"43,098,290",55.113,55.6899,54.757
04/07/2021,54.699,"21,513,190",54.35,54.964,54.145
04/06/2021,54.453,"34,742,050",54.481,55.4165,54.33
04/05/2021,54.067,"33,559,040",54.001,54.285,52.923
04/01/2021,53.942,"39,386,370",52.993,54.05,52.703
03/31/2021,52.166,"35,031,110",51.5675,52.813,51.544
03/30/2021,51.339,"24,181,290",51.0505,51.441,50.691
03/29/2021,51.395,"33,300,490",50.566,51.8,50.44
03/26/2021,50.805,"34,677,970",50.282,50.872,49.668
03/25/2021,50.286,"49,267,640",51.699,51.853,49.7
03/24/2021,52.081,"41,022,110",53.378,53.442,52.0
03/23/2021,53.509,"55,834,610",52.987,54.312,52.94
03/22/2021,52.311,"33,605,870",50.913,52.931,50.913
03/19/2021,51.218,"43,863,600",50.496,51.319,50.163
03/18/2021,50.479,"40,966,060",51.6396,51.79,50.385
03/17/2021,52.444,"28,173,760",52.2,52.8365,51.43
03/16/2021,52.403,"32,388,880",52.447,53.342,52.321
03/15/2021,52.025,"34,855,190",51.632,52.0729,50.803
03/12/2021,51.802,"39,817,430",51.25,52.651,50.659
03/11/2021,52.306,"47,144,690",51.2205,53.0235,51.071
03/10/2021,50.454,"37,714,840",51.35,51.897,50.425
03/09/2021,50.644,"34,700,420",50.731,51.311,50.3822
03/08/2021,49.333,"39,817,580",51.446,51.884,49.285
03/05/2021,51.639,"50,699,730",51.198,51.776,49.879
03/04/2021,51.129,"50,347,920",52.15,53.15,50.768
03/03/2021,52.07,"53,624,430",54.593,54.8005,51.781
03/02/2021,54.782,"30,422,260",55.334,55.699,54.602
03/01/2021,55.064,"30,421,800",54.5573,55.214,54.2
02/26/2021,53.885,"37,555,740",54.651,55.309,53.8
02/25/2021,54.67,"42,528,790",55.027,55.648,53.575
02/24/2021,55.341,"32,450,380",53.98,55.685,53.9065
02/23/2021,54.615,"41,365,320",52.5004,54.854,51.828
02/22/2021,53.378,"30,785,940",53.499,54.179,53.079
02/19/2021,54.022,"28,414,570",54.8,54.899,53.8813
02/18/2021,54.822,"24,576,040",54.9,55.0,53.8227
02/17/2021,55.134,"20,715,900",55.099,55.525,54.303
02/16/2021,55.728,"26,240,970",55.7286,56.363,55.273
02/12/2021,55.652,"21,971,280",55.694,56.125,55.085
02/11/2021,55.759,"27,305,870",56.4442,56.593,55.422
02/10/2021,56.359,"39,912,640",56.25,56.665,55.3463
02/09/2021,55.907,"37,034,990",54.6,56.6,54.3
02/08/2021,54.792,"27,917,210",55.5,55.5,54.37
02/05/2021,55.079,"23,761,750",55.226,55.444,54.5478
02/04/2021,55.216,"51,645,370",53.981,55.948,53.751
02/03/2021,53.945,"31,722,880",55.017,55.048,53.8243
02/02/2021,54.816,"37,675,690",54.201,55.548,53.8935
02/01/2021,53.904,"35,475,070",53.679,54.506,53.173
01/29/2021,53.239,"43,252,640",53.8,54.1,53.018
01/28/2021,53.86,"59,689,780",53.588,55.3148,53.074
01/27/2021,52.328,"86,702,770",55.071,55.6419,51.573
01/26/2021,56.193,"50,238,470",55.473,56.799,55.406
01/25/2021,55.678,"72,073,290",56.7,56.975,54.865
01/22/2021,56.517,"75,508,220",58.21,58.399,56.435
01/21/2021,57.984,"118,406,300",58.245,58.875,57.04
01/20/2021,58.634,"326,374,500",56.542,59.3288,55.686
01/19/2021,50.177,"123,158,100",50.1,50.925,49.3543
01/15/2021,49.798,"58,957,880",50.0,50.632,49.51
01/14/2021,50.086,"41,773,570",50.735,51.45,49.958
01/13/2021,50.779,"50,320,990",49.5501,51.2354,49.301
01/12/2021,49.425,"59,904,250",50.0,50.109,48.567
01/11/2021,49.91,"38,127,200",50.784,51.0725,49.795
01/08/2021,51.04,"29,739,490",51.131,51.324,50.451
01/07/2021,50.889,"36,864,480",50.828,51.644,50.642
01/06/2021,50.049,"53,462,100",51.197,51.31,49.95
01/05/2021,52.08,"31,338,720",52.155,52.678,51.589
01/04/2021,52.286,"44,444,070",53.9,54.08,51.5085
12/31/2020,54.073,"53,923,220",52.553,54.55,52.315
12/30/2020,52.459,"18,762,860",53.013,53.3258,52.369
12/29/2020,53.087,"40,223,580",51.99,53.6548,51.548
12/28/2020,51.912,"28,918,670",51.643,52.366,50.713
12/24/2020,51.397,"11,439,520",51.512,51.9345,51.221
12/23/2020,51.448,"23,931,870",52.476,52.632,51.42
12/22/2020,52.733,"19,085,290",52.769,53.04,52.05
12/21/2020,52.891,"38,939,640",53.005,53.262,52.115
12/18/2020,53.445,"45,026,920",53.32,53.637,52.602
12/17/2020,53.29,"31,933,770",52.9,53.549,52.644
12/16/2020,52.483,"36,823,920",52.011,52.738,51.769
12/15/2020,51.978,"33,982,090",51.85,52.47,51.356
12/14/2020,52.242,"57,704,240",50.544,52.416,50.118
12/11/2020,50.322,"32,109,280",49.5,50.334,49.485
12/10/2020,50.109,"30,182,030",49.456,50.377,49.291
12/09/2020,49.36,"41,787,680",51.053,51.45,49.129
12/08/2020,51.266,"42,289,500",51.79,52.1491,50.555
12/07/2020,51.578,"42,892,930",50.001,51.776,49.777
12/04/2020,49.831,"36,662,430",49.75,50.45,49.364
12/03/2020,49.752,"28,261,160",50.299,50.877,49.604
12/02/2020,50.338,"30,283,580",50.162,50.6795,49.35
12/01/2020,50.458,"50,632,340",49.234,50.947,49.1981
11/30/2020,49.07,"35,309,400",49.008,49.255,48.1268
11/27/2020,49.136,"28,057,620",48.658,49.325,48.1845
11/25/2020,48.5,"35,986,290",48.513,48.69,47.8919
11/24/2020,48.288,"35,578,940",47.884,48.405,47.589
11/23/2020,47.662,"54,165,710",49.046,49.115,47.584
11/20/2020,48.824,"42,559,240",48.522,49.476,48.157
11/19/2020,48.467,"22,546,530",48.2,48.78,48.047
11/18/2020,48.179,"36,292,370",48.195,48.861,47.7721
11/17/2020,48.063,"36,980,820",48.012,48.751,47.8853
11/16/2020,47.91,"39,535,630",48.0,48.558,47.73
11/13/2020,48.284,"30,065,100",48.677,48.894,47.78
11/12/2020,48.677,"50,711,550",49.1,49.652,48.0426
11/11/2020,49.076,"54,605,320",48.3,49.168,47.826
11/10/2020,48.024,"83,061,420",47.095,48.46,46.341
11/09/2020,47.05,"104,196,800",48.554,49.585,46.726
11/06/2020,51.473,"42,363,490",51.5,51.521,50.251
11/05/2020,51.376,"53,727,810",50.656,51.8734,50.345
11/04/2020,49.695,"51,373,300",49.536,50.773,49.398
11/03/2020,48.722,"36,902,130",48.493,49.5305,47.876
11/02/2020,48.412,"44,081,930",47.887,48.63,47.5
10/30/2020,47.574,"78,138,970",50.201,50.588,47.221
10/29/2020,50.421,"111,206,900",48.85,51.39,47.934
10/28/2020,48.624,"59,927,310",48.636,49.4,48.328
10/27/2020,48.893,"36,271,750",49.001,49.049,48.293
10/26/2020,48.824,"61,860,870",48.7025,49.682,47.89
10/23/2020,48.828,"49,278,620",48.811,49.006,48.135
10/22/2020,48.523,"69,979,220",49.469,49.514,48.2
10/21/2020,48.905,"174,057,100",50.103,50.685,48.825
10/20/2020,52.542,"100,471,800",52.814,53.378,52.226
10/19/2020,53.072,"75,675,060",53.707,54.18,52.538
10/16/2020,53.079,"63,473,630",54.95,55.433,53.003
10/15/2020,54.194,"51,131,260",54.552,55.122,53.51
10/14/2020,54.145,"95,100,810",56.261,57.249,54.1
10/13/2020,55.409,"56,024,980",54.056,55.765,53.72
10/12/2020,53.981,"53,910,740",54.881,55.181,53.824
10/09/2020,53.944,"47,812,590",53.7834,54.428,53.5
10/08/2020,53.179,"53,864,880",53.348,53.5,52.415
10/07/2020,53.466,"79,886,830",51.8,53.649,51.5815
10/06/2020,50.587,"41,990,340",51.872,52.182,50.416
10/05/2020,52.065,"40,880,690",50.68,52.099,50.17
10/02/2020,50.306,"60,711,650",51.643,52.6371,50.27
10/01/2020,52.751,"81,537,100",50.603,52.955,50.36
09/30/2020,50.003,"46,341,110",49.257,50.463,48.927
09/29/2020,49.348,"35,431,930",48.95,49.6287,48.653
09/28/2020,49.065,"47,734,970",48.9109,49.2,47.788
09/25/2020,48.288,"37,694,360",47.439,48.487,46.8026
09/24/2020,47.308,"37,272,010",47.053,47.7,46.782
09/23/2020,47.061,"37,264,230",49.104,49.104,46.9
09/22/2020,49.117,"34,823,240",48.901,49.182,47.926
09/21/2020,48.735,"54,575,390",46.7692,48.7775,46.632
09/18/2020,46.996,"67,177,110",47.251,47.94,45.86
09/17/2020,47.02,"53,793,010",47.516,47.84,46.327
09/16/2020,48.386,"44,014,120",49.999,50.466,48.331
09/15/2020,49.599,"53,369,920",48.4,49.747,48.163
09/14/2020,47.626,"73,591,260",48.062,48.899,47.13
09/11/2020,48.203,"50,352,000",48.6485,49.373,47.681
09/10/2020,48.067,"62,401,810",50.335,50.629,47.884
09/09/2020,50.019,"68,481,270",51.921,52.0,49.2574
09/08/2020,50.702,"55,726,840",49.84,52.2,49.5
09/04/2020,51.605,"82,701,180",52.018,52.736,48.598
09/03/2020,52.575,"90,710,890",54.5,55.4,52.132
09/02/2020,55.284,"58,869,300",55.378,55.65,53.7369
09/01/2020,55.655,"95,819,070",53.26,55.739,53.245
08/31/2020,52.956,"49,414,090",52.116,53.199,51.758
08/28/2020,52.389,"44,175,170",53.2,53.9,52.2
08/27/2020,52.627,"90,629,120",53.7775,54.1,52.1247
08/26/2020,54.753,"203,736,800",49.25,54.904,49.2075
08/25/2020,49.058,"57,277,210",48.819,49.247,48.509
08/24/2020,48.881,"47,621,830",49.5438,50.1,48.316
08/21/2020,49.231,"39,212,930",49.646,49.813,49.0
08/20/2020,49.79,"51,324,800",48.469,49.894,48.389
08/19/2020,48.453,"31,562,180",49.393,49.4498,48.35
08/18/2020,49.187,"35,055,180",48.435,49.53,48.28
08/17/2020,48.235,"24,235,450",48.419,48.624,47.91
08/14/2020,48.268,"29,434,870",48.282,48.8325,48.021
08/13/2020,48.133,"30,089,330",47.84,48.445,47.645
08/12/2020,47.547,"54,412,430",47.134,48.249,47.018
08/11/2020,46.693,"73,292,260",47.975,48.092,46.655
08/10/2020,48.338,"46,911,850",49.335,49.7458,47.8627
08/07/2020,49.473,"59,103,480",50.545,50.829,48.668
08/06/2020,50.908,"37,258,610",50.411,51.082,49.87
08/05/2020,50.211,"43,135,260",50.868,51.0102,50.12
08/04/2020,50.964,"56,079,680",49.865,51.0444,49.865
08/03/2020,49.862,"58,761,900",49.086,50.309,49.023
07/31/2020,48.888,"59,243,100",48.829,49.48,48.45
07/30/2020,48.58,"66,085,690",48.0707,48.835,47.751
07/29/2020,48.448,"66,117,690",49.225,49.492,48.413
07/28/2020,48.851,"59,867,270",49.602,49.7793,48.776
07/27/2020,49.565,"78,630,690",48.451,49.692,48.231
07/24/2020,48.045,"77,462,470",46.877,48.717,46.754
07/23/2020,47.758,"77,220,340",49.113,49.19,47.202
07/22/2020,48.982,"69,540,780",49.219,49.72,48.72
07/21/2020,49.01,"91,272,180",50.6,50.622,48.861
07/20/2020,50.241,"119,403,100",48.914,50.45,48.42
07/17/2020,49.299,"249,913,500",49.487,50.359,48.414
07/16/2020,52.739,"244,989,900",52.648,53.554,50.4363
07/15/2020,52.326,"100,666,500",51.63,52.9,51.018
07/14/2020,52.488,"150,833,000",51.708,52.55,49.049
07/13/2020,52.55,"183,990,200",56.798,57.537,52.096
07/10/2020,54.873,"216,055,900",51.973,55.588,51.128
07/09/2020,50.776,"58,405,410",50.84,51.0,49.578
07/08/2020,50.278,"56,916,820",49.8576,50.51,49.381
07/07/2020,49.316,"56,698,700",49.7311,50.482,49.083
07/06/2020,49.381,"78,389,900",48.077,49.95,47.98
07/02/2020,47.689,"63,514,850",48.564,49.228,47.5526
07/01/2020,48.564,"97,058,700",45.4,48.823,45.4
06/30/2020,45.504,"41,985,450",45.002,45.759,44.7
06/29/2020,44.724,"48,439,780",44.523,44.767,43.214
06/26/2020,44.34,"68,047,260",46.639,46.803,44.224
06/25/2020,46.591,"41,345,130",45.886,46.701,45.4
06/24/2020,45.785,"48,261,910",46.854,47.236,45.4
06/23/2020,46.626,"59,484,360",46.65,47.401,46.45
06/22/2020,46.804,"62,721,050",45.501,46.859,45.421
06/19/2020,45.372,"59,336,510",44.912,45.397,44.56
06/18/2020,44.987,"42,776,270",44.873,45.276,44.28
06/17/2020,44.777,"65,295,680",44.182,45.046,43.922
06/16/2020,43.613,"55,140,160",42.576,43.796,42.518
06/15/2020,42.55,"44,714,990",42.14,42.649,41.5424
06/12/2020,41.807,"64,611,270",42.9,43.406,41.245
06/11/2020,42.556,"74,628,680",42.82,44.557,42.416
06/10/2020,43.448,"48,968,930",43.6,43.969,43.055
06/09/2020,43.405,"67,969,990",42.165,43.473,42.031
06/08/2020,41.949,"58,514,530",41.6,42.08,40.65
06/05/2020,41.96,"50,995,610",40.729,42.0239,40.425
06/04/2020,41.433,"54,105,290",42.239,42.871,41.003
06/03/2020,42.197,"43,160,440",42.695,42.71,41.805
06/02/2020,42.731,"34,948,010",42.587,42.759,41.946
06/01/2020,42.592,"37,485,730",41.883,42.672,41.598
05/29/2020,41.973,"52,704,840",41.746,42.0295,41.185
05/28/2020,41.344,"56,601,600",41.724,42.2372,41.15
05/27/2020,41.989,"104,463,400",41.038,42.002,39.786
05/26/2020,41.477,"78,811,150",42.777,42.85,41.314
05/22/2020,42.932,"54,223,340",43.7,43.909,42.718
05/21/2020,43.625,"91,173,250",44.856,44.896,43.025
05/20/2020,44.767,"56,072,570",45.425,45.581,44.4
05/19/2020,45.104,"48,104,870",45.3397,45.897,45.0465
05/18/2020,45.258,"77,803,090",45.116,45.636,44.335
05/15/2020,45.419,"72,439,980",44.07,45.5,43.751
05/14/2020,44.195,"90,074,670",44.49,45.238,43.282
05/13/2020,43.827,"70,145,630",43.569,44.7,42.727
05/12/2020,43.182,"45,982,110",44.2,44.417,43.136
05/11/2020,44.052,"54,860,370",43.633,44.489,43.556
05/08/2020,43.555,"50,543,080",43.414,44.2,43.3639
05/07/2020,43.653,"56,502,810",43.689,43.888,43.066
05/06/2020,43.426,"66,607,370",42.93,43.977,42.6385
05/05/2020,42.468,"62,862,930",42.7555,43.1,42.156
05/04/2020,42.815,"77,990,580",41.778,42.854,41.487
05/01/2020,41.527,"82,998,580",41.51,42.797,41.173
04/30/2020,41.985,"79,539,750",41.031,42.444,40.8
04/29/2020,41.189,"96,931,370",39.953,41.586,39.36
04/28/2020,40.383,"101,012,300",41.999,42.1,40.291
04/27/2020,42.138,"62,774,800",42.5,42.9,42.084
04/24/2020,42.499,"86,703,620",42.5,42.717,41.588
04/23/2020,42.67,"139,523,300",41.926,43.8413,41.926
04/22/2020,42.142,"211,237,700",42.9725,43.3,41.3
04/21/2020,43.383,"231,775,500",44.477,44.7,42.56
04/20/2020,43.749,"126,558,200",43.517,44.449,43.056
04/17/2020,42.296,"126,162,600",43.1,43.2,41.4695
04/16/2020,43.917,"161,286,700",43.7,44.952,43.161
04/15/2020,42.675,"135,612,200",41.3,43.498,41.225
04/14/2020,41.355,"115,809,800",39.75,41.782,39.4847
04/13/2020,39.672,"116,929,200",37.131,40.051,36.77
04/09/2020,37.072,"77,112,960",37.106,37.21,36.303
04/08/2020,37.112,"69,088,790",37.401,37.839,36.831
04/07/2020,37.228,"70,464,380",38.0,38.133,36.934
04/06/2020,37.996,"81,839,210",36.522,38.029,36.171
04/03/2020,36.176,"48,607,680",36.747,37.09,35.751
04/02/2020,37.008,"45,924,770",36.408,37.099,36.006
04/01/2020,36.408,"66,724,540",37.605,38.0233,36.102
03/31/2020,37.55,"93,664,640",36.793,38.301,36.644
03/30/2020,37.096,"86,219,640",36.3,37.78,36.117
03/27/2020,35.712,"79,487,750",35.909,36.856,35.3
03/26/2020,36.299,"72,350,160",34.4,36.384,34.173
03/25/2020,34.239,"87,671,710",36.102,36.2,33.917
03/24/2020,35.732,"116,386,800",36.999,37.293,35.303
03/23/2020,36.027,"134,493,800",34.789,36.611,34.0884
03/20/2020,33.283,"108,538,500",34.231,35.049,33.2
03/19/2020,33.203,"106,159,600",32.433,34.851,31.682
03/18/2020,31.547,"125,936,500",30.2395,33.1579,30.0
03/17/2020,31.975,"100,139,100",30.619,32.29,29.025
03/16/2020,29.884,"105,599,400",30.663,33.435,29.475
03/13/2020,33.6295,"94,581,970",33.051,33.642,30.739
03/12/2020,31.525,"120,715,900",32.65,33.572,30.732
03/11/2020,34.992,"60,587,820",35.892,36.298,34.479
03/10/2020,36.413,"76,044,440",35.6425,36.454,34.785
03/09/2020,34.649,"74,054,580",34.386,35.747,34.1721
03/06/2020,36.897,"81,471,650",36.77,37.131,35.685
03/05/2020,37.278,"87,469,850",38.1,39.14,36.864
03/04/2020,38.379,"54,873,400",37.777,38.401,37.051
03/03/2020,36.877,"83,646,230",38.103,39.352,36.74
03/02/2020,38.105,"69,978,910",37.311,38.136,36.4502
02/28/2020,36.903,"111,785,700",36.421,37.677,35.68
02/27/2020,37.171,"109,677,000",37.146,39.1562,37.0596
02/26/2020,37.924,"89,611,260",36.631,38.2,36.5
02/25/2020,36.009,"64,812,430",37.2,37.565,35.772
02/24/2020,36.87,"69,364,180",36.476,37.282,36.1
02/21/2020,38.007,"39,356,180",38.533,38.732,37.7901
02/20/2020,38.6,"40,794,250",38.656,38.97,37.668
02/19/2020,38.619,"48,963,680",38.812,39.295,38.49
02/18/2020,38.778,"51,804,000",37.93,38.954,37.919
02/14/2020,38.04,"37,362,660",38.147,38.515,37.9434
02/13/2020,38.14,"44,853,830",37.696,38.537,37.651
02/12/2020,38.001,"46,247,720",37.718,38.062,37.588
02/11/2020,37.369,"47,728,700",37.375,37.811,36.972
02/10/2020,37.107,"52,941,380",36.5,37.48,36.252
02/07/2020,36.677,"43,852,270",36.504,37.18,36.357
02/06/2020,36.695,"39,204,280",36.96,37.155,36.2505
02/05/2020,36.967,"64,370,260",37.5125,37.525,36.23
02/04/2020,36.901,"71,614,510",36.1,36.957,35.6096
02/03/2020,35.8,"66,748,850",34.724,35.963,34.628
01/31/2020,34.509,"52,300,010",34.739,34.739,34.098
01/30/2020,34.774,"53,281,360",34.11,34.82,33.925
01/29/2020,34.316,"76,491,830",34.9,34.94,33.855
01/28/2020,34.852,"68,215,810",34.588,35.24,34.278
01/27/2020,34.288,"77,094,820",34.595,35.19,34.102
01/24/2020,35.316,"179,396,800",34.846,35.985,34.588
01/23/2020,34.96,"182,002,900",32.604,34.988,32.501
01/22/2020,32.6,"217,299,600",33.255,33.63,32.36
01/21/2020,33.811,"143,503,200",34.0,34.1,33.259
01/17/2020,33.967,"60,665,470",34.1,34.157,33.738
01/16/2020,33.862,"50,159,970",34.35,34.3555,33.585
01/15/2020,33.907,"51,580,350",33.868,34.317,33.66
01/14/2020,33.869,"72,015,440",34.44,34.538,33.552
01/13/2020,33.892,"62,961,740",33.18,34.085,33.151
01/10/2020,32.905,"47,205,400",33.713,33.85,32.727
01/09/2020,33.566,"47,174,300",34.2,34.342,33.461
01/08/2020,33.926,"71,091,170",33.149,34.27,33.105
01/07/2020,33.075,"47,424,580",33.647,33.67,33.03
01/06/2020,33.583,"56,685,770",32.312,33.636,32.12
01/03/2020,32.59,"37,954,660",32.678,32.986,32.553
01/02/2020,32.981,"43,484,930",32.61,32.998,32.478
12/31/2019,32.357,"37,148,370",32.2,32.4916,32.109
12/30/2019,32.331,"43,152,670",32.908,32.9185,32.286
12/27/2019,32.909,"50,371,560",33.296,33.382,32.601
12/26/2019,33.263,"35,958,540",33.46,33.6462,33.201
12/24/2019,33.32,"20,193,220",33.401,33.57,33.16
12/23/2019,33.31,"57,679,370",33.776,33.795,33.102
12/20/2019,33.69,"99,232,600",33.5,33.8,33.06
12/19/2019,33.222,"98,333,550",32.45,33.283,32.418
12/18/2019,32.08,"112,107,400",31.626,32.536,31.56
12/17/2019,31.548,"104,371,300",30.736,31.68,30.66
12/16/2019,30.421,"46,601,660",30.085,30.571,29.863
12/13/2019,29.85,"38,830,690",29.85,30.18,29.725
12/12/2019,29.844,"47,714,040",29.567,29.9165,29.506
12/11/2019,29.893,"56,071,550",29.449,29.943,29.42
12/10/2019,29.312,"104,812,400",29.612,29.894,29.202
12/09/2019,30.25,"57,660,060",30.735,31.149,30.244
12/06/2019,30.735,"44,596,840",30.47,30.7849,30.26
12/05/2019,30.286,"46,188,670",30.527,30.648,29.881
12/04/2019,30.432,"35,135,510",30.843,30.843,30.3273
12/03/2019,30.616,"52,724,470",30.222,30.736,30.188
12/02/2019,30.999,"62,231,350",31.439,31.439,30.375
11/29/2019,31.466,"24,117,490",31.578,31.662,31.334
11/27/2019,31.593,"41,009,750",31.393,31.682,31.275
11/26/2019,31.249,"53,283,480",31.5,31.65,31.169
11/25/2019,31.555,"78,789,430",30.883,31.573,30.525
11/22/2019,31.048,"59,700,560",30.91,31.14,30.441
11/21/2019,31.169,"74,883,730",30.6,31.269,30.4262
11/20/2019,30.516,"51,155,460",30.101,30.825,30.1
11/19/2019,30.26,"59,197,100",30.401,30.567,29.852
11/18/2019,30.257,"86,215,660",29.6,30.499,29.328
11/15/2019,29.503,"63,377,790",29.059,29.5819,28.7568
11/14/2019,28.962,"65,397,710",28.325,29.063,28.322
11/13/2019,28.311,"92,330,660",29.103,29.341,28.114
11/12/2019,29.201,"57,748,330",29.532,29.5345,28.87
11/11/2019,29.418,"39,458,850",28.916,29.636,28.85
11/08/2019,29.157,"45,095,880",28.873,29.399,28.7505
11/07/2019,28.957,"59,284,710",29.07,29.819,28.8268
11/06/2019,28.859,"34,382,570",28.819,29.056,28.584
11/05/2019,28.803,"40,623,700",28.999,29.119,28.631
11/04/2019,29.286,"55,662,130",28.8,29.539,28.716
11/01/2019,28.681,"55,942,930",28.87,28.912,28.302
10/31/2019,28.741,"50,900,210",29.1,29.145,28.478
10/30/2019,29.145,"93,455,620",28.434,29.349,28.3
10/29/2019,28.121,"43,561,810",28.187,28.441,27.7545
10/28/2019,28.186,"62,484,330",27.805,28.575,27.735
10/25/2019,27.682,"47,478,290",27.068,27.777,27.018
10/24/2019,27.15,"49,110,330",27.181,27.402,26.88
10/23/2019,27.127,"71,544,300",26.806,27.392,26.663
10/22/2019,26.669,"118,655,900",27.1159,27.541,26.58
10/21/2019,27.805,"126,339,600",27.289,27.994,26.9
10/18/2019,27.53,"234,496,400",28.936,29.09,27.336
10/17/2019,29.335,"384,623,400",30.449,30.875,28.83
10/16/2019,28.628,"184,133,400",28.312,28.817,28.0743
10/15/2019,28.425,"77,281,610",28.382,28.587,27.94
10/14/2019,28.553,"55,431,200",28.393,28.693,28.2
10/11/2019,28.293,"88,173,010",28.48,28.787,27.5895
10/10/2019,28.048,"109,611,900",26.597,28.053,26.5034
10/09/2019,26.753,"68,434,880",27.002,27.1,26.457
10/08/2019,27.072,"63,022,690",27.303,27.553,27.0643
10/07/2019,27.446,"67,968,110",27.199,27.668,27.128
10/04/2019,27.279,"99,927,740",26.82,27.5485,26.647
10/03/2019,26.815,"90,688,100",26.778,26.8843,25.701
10/02/2019,26.803,"77,732,990",26.361,26.935,26.219
10/01/2019,26.958,"87,862,840",26.735,27.22,26.403
09/30/2019,26.762,"68,231,000",26.4,26.888,26.278
09/27/2019,26.308,"73,674,910",26.6175,26.744,26.039
09/26/2019,26.331,"76,968,580",26.642,26.805,26.02
09/25/2019,26.475,"118,467,500",25.571,26.66,25.37
09/24/2019,25.459,"163,928,100",26.25,26.5,25.228
09/23/2019,26.592,"136,102,900",26.8345,27.339,26.189
09/20/2019,27.075,"239,541,900",28.026,28.25,26.6
09/19/2019,28.66,"85,457,610",29.156,29.381,28.34
09/18/2019,29.156,"78,415,390",29.499,29.605,28.745
09/17/2019,29.86,"48,171,190",29.45,29.915,29.179
09/16/2019,29.429,"53,073,860",29.423,29.743,28.978
09/13/2019,29.415,"65,831,240",29.061,29.662,29.004
09/12/2019,28.886,"50,109,270",28.81,29.273,28.66
09/11/2019,28.827,"74,059,490",28.57,29.265,28.461
09/10/2019,28.799,"123,202,500",29.116,29.717,28.2663
09/09/2019,29.434,"82,327,440",29.481,30.155,29.06
09/06/2019,29.017,"51,665,560",29.335,29.335,28.703
09/05/2019,29.325,"89,723,560",28.532,29.397,28.2785
09/04/2019,29.152,"46,536,650",29.125,29.238,28.651
09/03/2019,28.929,"36,841,770",29.082,29.39,28.806
08/30/2019,29.375,"44,479,900",29.878,29.894,29.085
08/29/2019,29.678,"43,925,320",29.5,29.993,29.499
08/28/2019,29.177,"39,580,430",28.947,29.282,28.775
08/27/2019,29.103,"63,145,590",29.454,29.677,28.7197
08/26/2019,29.498,"46,969,820",29.524,29.695,29.25
08/23/2019,29.144,"63,311,890",29.5,29.901,29.032
08/22/2019,29.693,"49,770,420",29.865,30.033,29.315
08/21/2019,29.781,"56,897,460",30.161,30.288,29.62
08/20/2019,29.899,"73,521,620",30.457,30.5,29.7681
08/19/2019,30.938,"49,517,330",30.625,31.175,30.475
08/16/2019,30.28,"70,907,570",29.886,30.355,29.627
08/15/2019,29.576,"96,833,840",29.95,30.063,28.8
08/14/2019,29.911,"73,557,530",30.801,30.841,29.8005
08/13/2019,31.228,"53,387,610",30.977,31.643,30.816
08/12/2019,31.083,"65,317,220",30.546,31.289,30.324
08/09/2019,30.893,"53,490,590",31.374,31.664,30.568
08/08/2019,31.59,"59,058,650",31.103,31.6365,30.663
08/07/2019,30.429,"93,224,330",30.256,30.5,29.6813
08/06/2019,31.01,"61,790,900",31.058,31.188,30.53
08/05/2019,30.763,"86,924,850",31.096,31.3418,30.4677
08/02/2019,31.883,"62,803,430",31.749,31.941,31.18
08/01/2019,31.95,"65,631,560",32.425,32.858,31.8735
07/31/2019,32.299,"62,594,940",32.516,33.177,31.853
07/30/2019,32.593,"60,293,200",32.92,32.965,32.323
07/29/2019,33.27,"57,828,170",33.598,33.64,32.877
07/26/2019,33.578,"108,475,000",32.879,33.6,32.75
07/25/2019,32.646,"107,985,000",31.886,32.769,31.63
07/24/2019,31.794,"119,618,200",31.051,31.999,30.725
07/23/2019,30.73,"91,710,680",31.144,31.35,30.6
07/22/2019,31.062,"177,253,300",31.2,31.454,30.581
07/19/2019,31.51,"163,024,800",32.34,32.585,31.423
07/18/2019,32.521,"313,059,000",32.376,32.985,32.03
07/17/2019,36.244,"136,395,400",36.625,36.65,36.175
07/16/2019,36.599,"58,632,220",37.009,37.134,36.492
07/15/2019,36.66,"79,446,800",37.294,37.368,36.23
07/12/2019,37.325,"66,369,370",37.868,37.9738,37.2792
07/11/2019,37.95,"43,362,870",38.11,38.454,37.88
07/10/2019,38.1,"58,787,900",38.277,38.434,37.74
07/09/2019,37.993,"69,328,220",37.906,38.476,37.75
07/08/2019,37.616,"31,134,020",37.819,37.825,37.536
07/05/2019,38.055,"37,321,620",37.829,38.14,37.5555
07/03/2019,38.172,"37,990,090",37.669,38.199,37.584
07/02/2019,37.543,"36,289,620",37.489,37.6,37.031
07/01/2019,37.46,"50,015,180",37.35,37.666,37.2
06/28/2019,36.732,"45,927,060",37.026,37.1545,36.487
06/27/2019,37.002,"41,385,750",36.32,37.085,36.32
06/26/2019,36.22,"36,696,770",36.16,36.679,36.16
06/25/2019,36.03,"57,503,830",37.075,37.0999,35.829
06/24/2019,37.104,"48,302,400",37.027,37.5,37.02
06/21/2019,36.921,"74,483,560",36.5,37.145,36.5
06/20/2019,36.521,"58,994,670",36.591,37.012,36.1215
06/19/2019,36.352,"56,671,560",36.172,36.474,35.612
06/18/2019,35.712,"54,285,420",35.557,36.15,35.375
06/17/2019,35.062,"53,582,190",34.269,35.177,34.206
06/14/2019,33.973,"50,190,110",34.163,34.34,33.6155
06/13/2019,34.343,"62,093,470",34.723,34.85,33.925
06/12/2019,34.556,"45,847,040",35.182,35.361,34.323
06/11/2019,35.127,"53,967,120",35.5,35.758,34.85
06/10/2019,35.201,"78,102,610",36.365,36.71,34.9285
06/07/2019,36.087,"47,773,210",35.739,36.515,35.569
06/06/2019,35.713,"37,099,550",35.484,35.821,35.209
06/05/2019,35.573,"50,200,810",35.438,35.788,34.871
06/04/2019,35.34,"78,916,320",34.5,35.361,34.325
06/03/2019,33.663,"78,495,890",34.356,34.766,33.265
05/31/2019,34.328,"50,234,490",34.722,34.934,34.292
05/30/2019,35.185,"40,080,420",35.055,35.421,34.83
05/29/2019,34.919,"56,589,130",35.36,35.3848,34.59
05/28/2019,35.478,"47,171,440",35.439,36.12,35.364
05/24/2019,35.439,"38,309,630",35.541,35.944,35.3791
05/23/2019,35.221,"56,304,430",35.55,35.742,34.77
05/22/2019,35.973,"62,293,890",35.801,37.046,35.73
05/21/2019,35.427,"40,263,690",35.095,35.6425,34.993
05/20/2019,34.811,"46,215,150",35.123,35.2418,34.54
05/17/2019,35.445,"47,254,480",35.639,35.962,35.3785
05/16/2019,35.931,"64,414,630",35.637,36.4,35.3935
05/15/2019,35.499,"63,401,180",34.334,35.65,34.139
05/14/2019,34.561,"53,530,290",34.871,34.995,34.25
05/13/2019,34.526,"80,266,970",35.229,35.426,34.31
05/10/2019,36.104,"56,571,230",36.162,36.5258,35.306
05/09/2019,36.275,"58,825,720",36.09,36.42,35.275
05/08/2019,36.437,"65,719,570",36.792,36.9,36.136
05/07/2019,37.046,"69,749,240",37.7,37.991,36.581
05/06/2019,37.867,"57,931,440",37.769,38.135,37.6
05/03/2019,38.503,"51,303,010",38.153,38.503,37.8272
05/02/2019,37.906,"53,981,670",37.8,38.35,37.451
05/01/2019,37.881,"92,572,840",37.4,38.599,37.3175
04/30/2019,37.054,"38,639,730",36.956,37.45,36.8348
04/29/2019,37.183,"37,649,110",37.368,37.4575,36.9115
04/26/2019,37.485,"56,158,140",36.835,37.514,36.624
04/25/2019,36.833,"62,425,180",37.449,37.476,36.57
04/24/2019,37.423,"65,199,780",38.107,38.19,37.327
04/23/2019,38.189,"99,920,220",37.545,38.48,37.4707
04/22/2019,37.734,"119,599,400",35.97,37.769,35.9
04/18/2019,36.035,"83,464,700",35.5,36.041,35.164
04/17/2019,35.474,"180,093,500",36.505,36.8764,35.06
04/16/2019,35.946,"184,164,500",35.5,36.4479,35.272
04/15/2019,34.887,"88,190,810",35.071,35.221,34.227
04/12/2019,35.114,"156,055,800",36.069,36.175,34.936
04/11/2019,36.765,"64,161,550",36.5,37.012,36.081
04/10/2019,36.392,"45,379,630",36.579,36.8848,36.225
04/09/2019,36.471,"54,314,670",36.054,36.674,35.9
04/08/2019,36.141,"46,488,770",36.511,36.594,35.993
04/05/2019,36.549,"38,988,880",36.9,36.98,36.466
04/04/2019,36.788,"46,219,650",37.007,37.205,36.24
04/03/2019,36.975,"53,664,980",36.926,37.3411,36.619
04/02/2019,36.772,"51,144,660",36.625,36.842,36.222
04/01/2019,36.696,"69,740,450",35.9,36.833,35.851
03/29/2019,35.656,"47,006,830",35.716,35.825,35.371
03/28/2019,35.461,"43,498,200",35.4485,35.594,34.92
03/27/2019,35.337,"78,264,260",36.1,36.247,35.037
03/26/2019,35.997,"76,482,490",36.787,36.838,35.802
03/25/2019,36.623,"84,645,120",35.9,36.704,35.744
03/22/2019,36.101,"86,271,850",37.595,37.643,36.004
03/21/2019,37.787,"85,229,900",37.4,37.9,37.061
03/20/2019,37.522,"107,846,800",35.891,37.59,35.701
03/19/2019,35.878,"72,347,570",36.64,36.696,35.68
03/18/2019,36.344,"71,877,420",36.247,37.0971,36.186
03/15/2019,36.146,"84,380,900",36.102,36.4,35.889
03/14/2019,35.882,"52,639,470",36.05,36.384,35.8101
03/13/2019,36.121,"63,991,410",35.581,36.248,35.2765
03/12/2019,35.627,"51,617,060",35.937,36.013,35.38
03/11/2019,35.886,"53,426,090",35.2,35.898,35.003
03/08/2019,34.96,"68,912,510",34.575,34.992,34.247
03/07/2019,35.26,"61,444,010",36.016,36.286,35.05
03/06/2019,35.961,"61,941,890",35.36,35.988,35.17
03/05/2019,35.43,"59,199,360",35.146,35.617,34.825
03/04/2019,35.104,"74,789,140",35.972,36.225,34.8044
03/01/2019,35.732,"54,661,020",36.226,36.287,35.4692
02/28/2019,35.81,"61,572,850",36.247,36.639,35.7709
02/27/2019,36.287,"56,216,150",36.35,36.803,35.98
02/26/2019,36.497,"49,246,160",36.298,36.57,35.933
02/25/2019,36.391,"75,375,070",36.701,37.149,36.379
02/22/2019,36.302,"70,777,530",36.034,36.613,36.005
02/21/2019,35.697,"62,171,850",36.003,36.285,35.388
02/20/2019,35.991,"81,014,120",36.485,36.671,35.67
02/19/2019,36.192,"73,796,830",35.58,36.5,35.532
02/15/2019,35.687,"92,180,660",35.847,36.44,35.55
02/14/2019,35.907,"92,803,930",35.175,36.045,34.833
02/13/2019,35.177,"105,297,100",35.73,35.96,35.028
02/12/2019,35.997,"103,881,900",34.809,36.0,34.652
02/11/2019,34.573,"54,381,190",35.0,35.287,34.481
02/08/2019,34.757,"75,502,680",33.8,34.8,33.8
02/07/2019,34.471,"78,503,530",34.79,34.875,33.902
02/06/2019,35.219,"67,072,790",35.7,35.704,34.719
02/05/2019,35.581,"90,307,200",35.32,36.0,35.29
02/04/2019,35.134,"90,240,970",34.26,35.2,34.13
02/01/2019,33.985,"98,226,150",33.718,34.684,33.65
01/31/2019,33.95,"84,937,250",33.968,34.599,33.8092
01/30/2019,34.066,"90,812,660",33.275,34.178,33.08
01/29/2019,32.89,"76,198,080",33.587,33.822,32.8151
01/28/2019,33.566,"86,394,030",33.47,33.63,32.888
01/25/2019,33.805,"111,470,400",32.872,34.0,32.851
01/24/2019,32.667,"111,150,400",32.06,33.18,31.9
01/23/2019,32.199,"134,562,600",32.825,33.175,31.86
01/22/2019,32.516,"179,094,400",33.489,33.688,32.103
01/18/2019,33.91,"265,833,400",35.197,35.3,33.673
01/17/2019,35.319,"182,383,500",34.95,35.579,34.641
01/16/2019,35.139,"153,456,700",35.4,35.885,34.811
01/15/2019,35.464,"211,334,500",34.96,35.722,34.7
01/14/2019,33.294,"104,604,200",33.424,33.548,32.913
01/11/2019,33.759,"194,586,900",33.096,34.109,32.852
01/10/2019,32.466,"133,981,800",31.457,32.537,31.25
01/09/2019,31.996,"133,079,800",31.771,32.3351,31.35
01/08/2019,32.027,"152,795,500",31.998,32.0593,30.801
01/07/2019,31.534,"185,862,600",30.21,31.68,30.165
01/04/2019,29.757,"192,994,500",28.188,29.78,27.854
01/03/2019,27.12,"149,469,700",27.02,27.579,26.443
01/02/2019,26.766,"116,129,700",25.928,26.975,25.658
12/31/2018,26.766,"134,968,800",26.016,27.01,26.0
12/28/2018,25.608,"109,729,200",25.794,26.1914,24.98
12/27/2018,25.5565,"121,244,300",25.011,25.559,24.01
12/26/2018,25.367,"142,037,000",23.392,25.45,23.123
12/24/2018,23.388,"95,476,160",24.2,25.065,23.368
12/21/2018,24.639,"213,593,300",26.383,26.45,24.129
12/20/2018,26.058,"167,693,400",26.464,26.99,25.188
12/19/2018,26.677,"137,679,400",26.996,28.087,26.377
12/18/2018,27.094,"103,304,500",26.33,27.575,26.329
12/17/2018,26.28,"96,163,010",26.651,27.298,26.1075
12/14/2018,26.684,"99,089,300",27.181,27.7666,26.5
12/13/2018,27.602,"83,732,190",27.764,27.932,27.185
12/12/2018,27.488,"114,391,800",26.766,28.177,26.648
12/11/2018,26.532,"98,237,450",27.408,27.45,26.276
12/10/2018,26.97,"95,825,490",26.419,27.118,26.0609
12/07/2018,26.514,"124,547,200",28.248,28.4209,26.338
12/06/2018,28.288,"130,438,300",26.833,28.322,26.714
12/04/2018,27.533,"127,623,200",28.813,29.574,27.472
12/03/2018,29.03,"140,981,000",29.319,29.872,28.458
11/30/2018,28.613,"118,356,700",28.8,29.081,28.3061
11/29/2018,28.875,"150,165,200",28.232,29.049,27.55
11/28/2018,28.265,"147,739,900",27.198,28.4,26.334
11/27/2018,26.663,"109,564,800",25.924,26.908,25.614
11/26/2018,26.143,"124,903,300",26.055,26.625,25.38
11/23/2018,25.882,"52,451,230",26.011,26.55,25.684
11/21/2018,26.213,"110,142,900",27.442,27.534,26.151
11/20/2018,26.698,"166,765,400",25.463,27.634,25.0
11/19/2018,27.06,"124,869,200",28.379,28.509,26.915
11/16/2018,28.621,"90,845,890",28.714,29.172,28.1
11/15/2018,29.006,"98,745,460",28.551,29.25,28.216
11/14/2018,28.673,"168,073,900",30.04,30.184,27.8297
11/13/2018,29.44,"121,171,700",29.5,30.355,28.91
11/12/2018,29.407,"108,864,900",30.0,30.249,29.063
11/09/2018,30.347,"134,631,700",31.107,31.298,29.801
11/08/2018,31.792,"110,080,200",32.8,33.205,31.661
11/07/2018,32.75,"133,080,300",31.29,32.856,31.1
11/06/2018,31.084,"96,597,850",31.476,32.022,30.53
11/05/2018,31.544,"102,474,300",31.11,31.753,30.374
11/02/2018,30.91,"133,561,300",31.8,32.188,30.833
11/01/2018,31.738,"150,316,900",30.459,31.845,29.667
10/31/2018,30.178,"200,929,700",29.777,31.15,29.505
10/30/2018,28.581,"236,226,800",27.557,29.0525,27.1209
10/29/2018,28.484,"216,623,200",30.526,30.789,27.54
10/26/2018,29.983,"195,916,900",30.051,31.399,29.23
10/25/2018,31.287,"132,850,400",30.712,31.994,30.525
10/24/2018,30.183,"189,261,300",33.228,33.3,30.073
10/23/2018,33.316,"148,808,700",31.8,33.658,31.677
10/22/2018,32.954,"170,813,500",33.31,33.58,32.034
10/19/2018,33.267,"166,962,200",35.1,35.58,33.22
10/18/2018,34.671,"180,677,600",36.0673,36.22,34.605
10/17/2018,36.47,"325,641,900",37.833,38.0,35.65
10/16/2018,34.64,"196,705,600",33.724,34.795,33.0555
10/15/2018,33.313,"111,775,100",33.763,33.9206,32.693
10/12/2018,33.956,"148,068,600",33.957,34.13,32.89
10/11/2018,32.11,"160,206,900",32.494,33.42,31.581
10/10/2018,32.589,"170,636,600",35.352,35.515,32.539
10/09/2018,35.571,"87,309,760",34.848,35.872,34.709
10/08/2018,34.91,"123,675,100",34.518,35.2945,33.811
10/05/2018,35.135,"135,124,100",35.977,36.35,34.3
10/04/2018,36.365,"90,523,620",37.588,37.592,36.04
10/03/2018,37.705,"57,916,860",37.853,38.093,37.4881
10/02/2018,37.714,"86,208,810",38.438,38.68,37.383
10/01/2018,38.143,"83,398,870",37.585,38.611,37.559
09/28/2018,37.413,"71,040,660",37.924,38.08,37.373
09/27/2018,38.071,"72,951,230",37.987,38.32,37.6
09/26/2018,37.788,"135,402,200",37.359,38.2,37.088
09/25/2018,36.943,"67,757,100",37.023,37.134,36.4492
09/24/2018,36.961,"92,845,610",35.9,37.364,35.433
09/21/2018,36.119,"118,946,500",36.659,37.222,36.074
09/20/2018,36.536,"67,563,100",37.026,37.026,36.317
09/19/2018,36.696,"118,421,500",37.395,37.761,35.917
09/18/2018,36.765,"103,874,200",35.367,36.815,35.156
09/17/2018,35.035,"70,173,060",36.422,36.733,34.957
09/14/2018,36.456,"47,358,930",36.855,37.109,36.346
09/13/2018,36.815,"83,499,380",37.191,37.409,36.684
09/12/2018,36.995,"103,601,400",35.908,37.043,35.624
09/11/2018,35.593,"61,903,910",34.467,35.615,34.39
09/10/2018,34.841,"57,322,000",35.227,35.25,34.308
09/07/2018,34.868,"90,947,000",34.22,35.575,34.125
09/06/2018,34.646,"130,299,300",34.744,35.6,34.199
09/05/2018,34.118,"130,729,400",36.0,36.339,33.583
09/04/2018,36.36,"75,906,050",36.647,36.888,36.126
08/31/2018,36.768,"79,180,450",37.066,37.6,36.7077
08/30/2018,37.098,"109,695,000",36.5,37.6809,36.354
08/29/2018,36.804,"81,035,920",36.72,36.986,36.291
08/28/2018,36.849,"91,904,090",36.723,36.999,36.038
08/27/2018,36.458,"173,719,100",36.7145,37.449,36.0
08/24/2018,35.882,"147,056,300",34.6,35.915,34.4541
08/23/2018,33.917,"113,121,700",34.811,35.008,33.765
08/22/2018,34.444,"89,125,480",33.849,34.621,33.7406
08/21/2018,33.802,"145,018,800",33.1,34.15,32.97
08/20/2018,32.773,"135,644,800",31.464,33.16,31.0928
08/17/2018,31.678,"103,702,800",31.901,32.4365,31.296
08/16/2018,32.244,"66,742,190",32.99,33.117,32.1214
08/15/2018,32.64,"117,465,000",33.403,33.5496,32.1
08/14/2018,33.749,"57,917,230",34.209,34.241,33.625
08/13/2018,34.131,"68,844,550",33.989,34.719,33.907
08/10/2018,34.587,"43,275,810",34.691,34.91,34.4423
08/09/2018,34.936,"46,808,890",34.796,35.2439,34.5816
08/08/2018,34.761,"53,927,150",35.221,35.229,34.661
08/07/2018,35.183,"79,525,550",35.323,35.731,34.901
08/06/2018,35.092,"81,865,870",34.2865,35.198,34.174
08/03/2018,34.309,"88,363,080",34.775,34.786,33.8477
08/02/2018,34.45,"71,116,700",33.723,34.5,33.471
08/01/2018,33.838,"77,619,860",33.587,34.441,33.402
07/31/2018,33.745,"140,394,400",33.151,34.25,32.8
07/30/2018,33.496,"182,278,100",35.193,35.203,33.402
07/27/2018,35.521,"89,385,230",36.685,36.7,35.165
07/26/2018,36.309,"69,615,060",35.819,36.554,35.6625
07/25/2018,36.287,"83,824,410",35.757,36.328,35.565
07/24/2018,35.732,"128,293,600",36.694,36.74,35.456
07/23/2018,36.266,"114,634,900",35.9145,36.39,35.36
07/20/2018,36.105,"150,894,200",36.492,37.05,36.014
07/19/2018,36.423,"168,296,300",37.106,37.5749,36.3
07/18/2018,37.513,"217,068,400",38.124,38.313,37.2355
07/17/2018,37.948,"583,036,400",34.695,38.5,34.4
07/16/2018,40.048,"222,254,600",39.898,40.3355,39.175
07/13/2018,39.58,"156,951,100",40.919,41.0,39.5081
07/12/2018,41.35,"127,039,400",41.5155,41.679,40.78
07/11/2018,41.865,"96,350,600",41.134,41.977,41.06
07/10/2018,41.563,"92,059,020",41.724,41.944,41.308
07/09/2018,41.897,"110,913,400",41.595,41.912,41.11
07/06/2018,40.825,"85,683,820",39.745,40.865,39.5523
07/05/2018,39.839,"84,181,160",39.38,39.924,39.086
07/03/2018,39.052,"52,803,440",39.949,39.998,38.95
07/02/2018,39.818,"81,256,550",38.545,39.838,38.0
06/29/2018,39.143,"92,286,780",39.919,40.133,39.055
06/28/2018,39.542,"122,026,300",39.5,39.69,38.71
06/27/2018,39.039,"164,952,000",40.756,41.1587,39.0
06/26/2018,39.939,"151,656,300",39.328,40.478,38.905
06/25/2018,38.448,"224,582,400",40.469,40.599,37.875
06/22/2018,41.109,"104,105,800",41.998,42.05,40.9651
06/21/2018,41.544,"180,485,700",42.138,42.3206,40.637
06/20/2018,41.676,"164,533,700",41.515,41.9468,40.96
06/19/2018,40.498,"166,738,100",38.95,40.529,38.85
06/18/2018,39.04,"68,009,840",38.772,39.316,38.65
06/15/2018,39.198,"135,692,100",39.071,39.886,38.751
06/14/2018,39.287,"145,495,400",38.427,39.503,38.325
06/13/2018,37.993,"181,860,200",36.753,38.4254,36.411
06/12/2018,36.383,"42,200,720",36.36,36.598,36.2
06/11/2018,36.145,"44,157,760",36.188,36.567,36.091
06/08/2018,36.057,"52,228,730",35.806,36.239,35.625
06/07/2018,36.14,"82,603,230",36.854,36.87,35.78
06/06/2018,36.745,"77,000,330",36.7785,36.968,36.333
06/05/2018,36.58,"83,468,860",36.332,36.983,36.1412
06/04/2018,36.181,"76,628,650",36.2685,36.3,35.551
06/01/2018,35.993,"71,024,210",35.388,35.999,35.282
05/31/2018,35.16,"69,068,130",35.38,35.553,35.021
05/30/2018,35.354,"56,581,690",35.237,35.4,34.926
05/29/2018,34.973,"97,004,130",35.15,35.61,34.671
05/25/2018,35.129,"78,016,020",34.99,35.436,34.883
05/24/2018,34.929,"144,931,300",34.434,35.4,34.112
05/23/2018,34.472,"100,212,100",32.904,34.5,32.809
05/22/2018,33.162,"59,166,430",33.405,33.663,33.115
05/21/2018,33.182,"65,964,460",32.711,33.188,32.545
05/18/2018,32.418,"35,749,610",32.49,32.642,32.28
05/17/2018,32.522,"49,278,560",32.753,33.045,32.3173
05/16/2018,32.819,"36,643,260",32.628,32.972,32.514
05/15/2018,32.613,"47,392,630",32.594,32.694,32.2434
05/14/2018,32.853,"40,862,500",32.725,33.0504,32.704
05/11/2018,32.646,"45,844,300",32.965,33.126,32.487
05/10/2018,32.96,"52,327,840",33.15,33.2055,32.7344
05/09/2018,33.03,"56,234,070",32.879,33.195,32.751
05/08/2018,32.689,"46,949,530",32.59,32.7348,32.305
05/07/2018,32.626,"71,211,980",32.1995,32.9023,31.934
05/04/2018,32.009,"82,042,030",30.871,32.098,30.767
05/03/2018,31.169,"60,373,860",31.259,31.259,30.573
05/02/2018,31.336,"55,776,130",31.165,31.71,31.0403
05/01/2018,31.33,"60,148,380",31.036,31.348,30.669
04/30/2018,31.246,"60,667,640",31.107,31.788,31.0118
04/27/2018,31.176,"70,701,180",31.625,31.745,30.65
04/26/2018,31.398,"92,237,070",31.0,31.663,30.558
04/25/2018,30.576,"147,639,400",30.637,30.998,29.2615
04/24/2018,30.702,"138,734,500",31.9217,32.0249,30.231
04/23/2018,31.869,"88,716,310",32.915,33.122,31.708
04/20/2018,32.777,"91,169,410",33.222,33.651,32.6
04/19/2018,33.27,"84,200,320",33.288,33.531,32.677
04/18/2018,33.452,"111,751,900",33.63,33.882,33.11
04/17/2018,33.606,"338,111,800",32.966,33.862,32.377
04/16/2018,30.778,"197,822,500",31.599,31.61,30.4
04/13/2018,31.165,"120,018,500",31.729,31.749,30.823
04/12/2018,30.925,"102,066,600",30.9719,31.113,30.675
04/11/2018,30.367,"148,390,400",30.2885,31.164,30.182
04/10/2018,29.807,"106,698,400",29.768,29.895,29.169
04/09/2018,28.993,"98,330,680",29.177,29.955,28.912
04/06/2018,28.885,"113,628,900",28.91,29.885,28.565
04/05/2018,29.397,"105,691,800",29.315,29.916,28.911
04/04/2018,28.894,"128,926,700",27.363,29.031,27.1224
04/03/2018,28.367,"126,692,700",28.545,29.125,27.801
04/02/2018,28.029,"133,433,100",29.194,29.287,27.505
03/29/2018,29.535,"191,158,500",28.7,29.535,27.59
03/28/2018,28.577,"189,495,200",29.839,29.88,28.161
03/27/2018,30.069,"120,282,400",32.249,32.29,29.7
03/26/2018,32.035,"119,706,400",30.936,32.103,30.2
03/23/2018,30.094,"95,041,810",30.741,31.073,30.036
03/22/2018,30.67,"79,597,140",31.307,31.412,30.566
03/21/2018,31.648,"50,618,690",31.635,31.94,31.4511
03/20/2018,31.75,"59,832,400",31.326,31.95,31.28
03/19/2018,31.348,"98,442,010",31.58,31.7,30.734
03/16/2018,31.845,"73,152,680",32.142,32.411,31.837
03/15/2018,32.109,"54,654,670",32.317,32.34,31.814
03/14/2018,32.155,"104,638,400",31.816,32.388,31.77
03/13/2018,31.588,"128,787,500",32.387,32.5841,31.3278
03/12/2018,32.13,"202,774,200",33.356,33.398,31.86
03/09/2018,33.144,"143,202,400",32.133,33.144,32.023
03/08/2018,31.7,"113,667,000",32.22,32.2918,31.413
03/07/2018,32.116,"171,107,400",32.0,32.374,31.455
03/06/2018,32.522,"182,454,500",31.988,32.579,31.65
03/05/2018,31.5,"189,577,700",30.285,31.691,29.76
03/02/2018,30.105,"132,785,000",28.465,30.118,28.323
03/01/2018,29.039,"118,929,900",29.275,29.525,28.383
02/28/2018,29.138,"75,014,440",29.31,29.575,29.078
02/27/2018,29.061,"92,474,140",29.477,29.736,29.059
02/26/2018,29.416,"102,568,300",28.875,29.5648,28.701
02/23/2018,28.593,"72,927,890",28.1,28.6,27.781
02/22/2018,27.814,"88,783,370",28.388,28.45,27.445
02/21/2018,28.104,"93,481,090",28.207,28.664,28.001
02/20/2018,27.855,"77,547,590",27.774,28.5812,27.661
02/16/2018,27.852,"83,028,830",27.873,28.196,27.569
02/15/2018,28.027,"107,240,100",27.003,28.05,26.763
02/14/2018,26.6,"109,487,400",26.047,26.988,26.033
02/13/2018,25.827,"68,057,450",25.729,26.141,25.47
02/12/2018,25.795,"85,185,640",25.214,25.915,24.9
02/09/2018,24.947,"168,990,600",25.385,25.58,23.611
02/08/2018,25.01,"92,677,070",26.708,26.762,25.0
02/07/2018,26.456,"87,292,090",26.658,27.245,26.4325
02/06/2018,26.572,"124,122,400",24.77,26.67,24.5
02/05/2018,25.426,"118,164,900",26.2,26.7899,25.003
02/02/2018,26.743,"90,306,000",26.3,27.062,26.271
02/01/2018,26.507,"96,511,610",26.641,27.195,26.338
01/31/2018,27.03,"116,535,300",28.194,28.2289,26.958
01/30/2018,27.88,"120,558,200",27.7,28.273,27.27
01/29/2018,28.459,"173,773,400",27.42,28.681,27.392
01/26/2018,27.46,"109,323,700",27.1485,27.46,26.876
01/25/2018,26.97,"153,115,600",26.3,27.23,26.023
01/24/2018,26.13,"171,937,800",25.088,26.171,24.9311
01/23/2018,25.029,"276,371,700",25.505,25.771,24.802
01/22/2018,22.758,"171,280,900",22.2,22.7785,22.12
01/19/2018,22.046,"103,562,100",22.275,22.349,21.85
01/18/2018,22.033,"82,120,940",22.034,22.058,21.655
01/17/2018,21.75,"90,704,030",22.1,22.115,21.632
01/16/2018,22.153,"134,952,600",22.424,22.607,21.72
01/12/2018,22.123,"81,905,310",21.718,22.255,21.6
01/11/2018,21.724,"69,889,800",21.429,21.775,21.335
01/10/2018,21.252,"59,482,470",20.757,21.364,20.691
01/09/2018,20.931,"61,116,400",21.211,21.298,20.859
01/08/2018,21.205,"55,509,090",21.002,21.25,20.844
01/05/2018,20.999,"70,032,410",20.725,21.002,20.559
01/04/2018,20.563,"60,199,370",20.62,20.705,20.4001
01/03/2018,20.505,"85,858,080",20.205,20.621,20.15
01/02/2018,20.107,"108,918,300",19.61,20.165,19.542
12/29/2017,19.196,"51,805,390",19.251,19.395,19.122
12/28/2017,19.271,"100,970,400",18.718,19.449,18.685
12/27/2017,18.624,"39,907,820",18.78,18.81,18.522
12/26/2017,18.776,"30,444,440",18.978,18.994,18.64
12/22/2017,18.994,"37,728,230",18.833,19.095,18.68
12/21/2017,18.862,"35,483,720",18.944,19.095,18.758
12/20/2017,18.882,"64,084,320",18.794,18.911,18.526
12/19/2017,18.702,"70,254,280",19.018,19.0298,18.575
12/18/2017,19.042,"50,079,150",19.12,19.165,18.89
12/15/2017,19.012,"72,728,990",18.961,19.143,18.801
12/14/2017,18.956,"77,588,830",18.798,19.264,18.72
12/13/2017,18.786,"47,021,650",18.61,18.869,18.541
12/12/2017,18.573,"41,658,260",18.601,18.785,18.4818
12/11/2017,18.622,"52,534,420",18.785,18.942,18.591
12/08/2017,18.854,"49,641,880",18.65,18.942,18.63
12/07/2017,18.52,"46,567,000",18.571,18.734,18.322
12/06/2017,18.53,"53,551,260",18.338,18.6484,18.288
12/05/2017,18.421,"57,817,830",18.35,18.814,18.119
12/04/2017,18.404,"90,668,970",18.936,18.972,17.838
12/01/2017,18.682,"62,160,250",18.699,18.98,18.5
11/30/2017,18.758,"66,155,160",19.031,19.086,18.668
11/29/2017,18.815,"141,804,500",19.891,19.9029,18.432
11/28/2017,19.918,"69,754,160",19.534,19.968,19.401
11/27/2017,19.505,"32,002,070",19.556,19.585,19.4
11/24/2017,19.575,"21,605,350",19.665,19.69,19.533
11/22/2017,19.632,"58,923,210",19.658,19.675,19.363
11/21/2017,19.623,"46,182,810",19.504,19.752,19.4971
11/20/2017,19.41,"37,488,240",19.33,19.432,19.19
11/17/2017,19.32,"39,023,830",19.574,19.595,19.265
11/16/2017,19.551,"56,697,990",19.433,19.77,19.375
11/15/2017,19.212,"41,988,680",19.454,19.542,19.153
11/14/2017,19.571,"34,403,820",19.364,19.588,19.3
11/13/2017,19.508,"46,052,850",19.112,19.605,19.1
11/10/2017,19.202,"66,196,130",19.161,19.259,18.95
11/09/2017,19.39,"59,592,140",19.446,19.449,19.081
11/08/2017,19.644,"42,333,430",19.6,19.709,19.474
11/07/2017,19.589,"64,605,870",20.0,20.061,19.48
11/06/2017,20.013,"58,451,810",20.0,20.248,19.809
11/03/2017,20.001,"36,767,660",19.98,20.055,19.799
11/02/2017,19.932,"35,960,490",19.745,19.944,19.709
11/01/2017,19.8,"50,070,210",19.724,19.9199,19.6
10/31/2017,19.643,"55,119,250",19.821,19.859,19.5218
10/30/2017,19.837,"54,348,440",19.962,20.1099,19.7072
10/27/2017,19.954,"81,223,380",19.72,20.065,19.622
10/26/2017,19.521,"51,732,120",19.466,19.761,19.408
10/25/2017,19.377,"53,130,360",19.538,19.7055,19.301
10/24/2017,19.602,"70,521,660",19.275,19.6735,19.14
10/23/2017,19.247,"69,756,510",19.417,19.49,19.1035
10/20/2017,19.416,"59,895,950",19.59,19.638,19.377
10/19/2017,19.513,"70,308,730",19.301,19.525,19.116
10/18/2017,19.554,"111,881,900",19.999,20.001,19.425
10/17/2017,19.948,"238,558,500",20.011,20.438,19.777
10/16/2017,20.268,"217,779,400",20.195,20.283,19.786
10/13/2017,19.949,"120,460,300",19.97,20.082,19.7187
10/12/2017,19.586,"77,651,110",19.675,19.862,19.471
10/11/2017,19.495,"64,380,600",19.557,19.622,19.381
10/10/2017,19.508,"62,311,960",19.785,19.83,19.21
10/09/2017,19.687,"69,663,840",19.91,19.94,19.656
10/06/2017,19.802,"152,538,900",19.43,19.892,19.205
10/05/2017,19.439,"193,609,600",18.565,19.449,18.449
10/04/2017,18.445,"91,905,130",18.141,18.67,18.125
10/03/2017,17.919,"39,521,850",17.765,17.97,17.755
10/02/2017,17.701,"73,359,490",18.211,18.28,17.658
09/29/2017,18.135,"42,211,120",18.073,18.29,18.065
09/28/2017,18.07,"40,743,950",18.125,18.195,17.936
09/27/2017,18.197,"49,885,150",18.101,18.334,18.07
09/26/2017,17.938,"55,998,750",18.07,18.095,17.655
09/25/2017,17.855,"93,597,100",18.646,18.655,17.77
09/22/2017,18.735,"54,560,480",18.84,18.985,18.639
09/21/2017,18.878,"71,416,600",18.582,18.995,18.451
09/20/2017,18.551,"46,135,910",18.61,18.65,18.32
09/19/2017,18.568,"49,630,880",18.498,18.623,18.417
09/18/2017,18.462,"53,552,280",18.361,18.545,18.273
09/15/2017,18.235,"55,770,620",18.273,18.493,18.143
09/14/2017,18.263,"45,007,010",18.325,18.5288,18.207
09/13/2017,18.364,"43,124,310",18.407,18.45,18.255
09/12/2017,18.515,"66,814,050",18.255,18.533,18.0644
09/11/2017,18.174,"59,740,550",17.81,18.247,17.803
09/08/2017,17.642,"45,891,460",17.845,18.039,17.625
09/07/2017,17.9,"60,155,990",17.88,18.035,17.71
09/06/2017,17.925,"87,368,600",17.525,17.946,17.373
09/05/2017,17.452,"45,952,450",17.34,17.588,17.244
09/01/2017,17.474,"38,105,980",17.555,17.648,17.392
08/31/2017,17.471,"69,318,940",17.545,17.624,17.386
08/30/2017,17.469,"80,266,460",16.95,17.485,16.937
08/29/2017,16.881,"46,150,610",16.5,16.968,16.473
08/28/2017,16.712,"36,448,350",16.643,16.867,16.56
08/25/2017,16.595,"40,602,830",16.858,16.875,16.55
08/24/2017,16.813,"53,585,880",16.986,17.1236,16.615
08/23/2017,16.906,"46,302,860",16.835,16.964,16.67
08/22/2017,16.934,"48,815,450",16.776,16.993,16.704
08/21/2017,16.676,"64,751,770",16.691,16.899,16.423
08/18/2017,16.654,"73,820,330",16.595,16.997,16.58
08/17/2017,16.609,"51,920,680",16.923,17.058,16.572
08/16/2017,16.998,"70,087,910",16.75,17.05,16.625
08/15/2017,16.85,"55,315,800",17.153,17.188,16.825
08/14/2017,17.1,"74,632,170",16.98,17.245,16.88
08/11/2017,17.14,"50,208,230",16.986,17.258,16.9
08/10/2017,16.914,"96,222,030",17.403,17.445,16.76
08/09/2017,17.578,"96,582,490",17.143,17.596,17.001
08/08/2017,17.836,"59,511,390",18.137,18.191,17.745
08/07/2017,18.133,"46,079,850",18.1,18.227,17.91
08/04/2017,18.027,"44,882,470",17.96,18.1,17.85
08/03/2017,17.923,"46,213,460",18.053,18.1225,17.802
08/02/2017,18.074,"57,597,540",18.222,18.257,17.7815
08/01/2017,18.203,"50,575,340",18.249,18.462,18.143
07/31/2017,18.166,"48,655,550",18.426,18.4974,18.065
07/28/2017,18.404,"62,001,630",18.2,18.503,18.118
07/27/2017,18.268,"112,151,600",18.989,19.0,17.938
07/26/2017,18.908,"44,639,270",18.77,18.9704,18.751
07/25/2017,18.697,"53,707,770",18.779,18.866,18.581
07/24/2017,18.791,"87,877,970",18.8685,19.025,18.701
07/21/2017,18.854,"92,583,370",18.272,19.15,18.271
07/20/2017,18.36,"78,731,100",18.384,18.592,18.27
07/19/2017,18.386,"172,409,900",18.297,18.717,18.175
07/18/2017,18.36,"415,255,900",17.612,18.5,17.424
07/17/2017,16.17,"166,819,100",16.291,16.355,16.002
07/14/2017,16.112,"55,201,000",15.93,16.135,15.797
07/13/2017,15.821,"66,944,180",15.851,16.013,15.698
07/12/2017,15.875,"82,834,520",15.577,15.88,15.577
07/11/2017,15.433,"48,873,260",15.237,15.523,15.155
07/10/2017,15.267,"52,017,280",15.034,15.323,14.965
07/07/2017,15.018,"54,940,830",14.665,15.075,14.665
07/06/2017,14.625,"54,833,580",14.613,14.727,14.425
07/05/2017,14.761,"46,217,120",14.658,14.826,14.558
07/03/2017,14.617,"39,082,150",14.98,15.045,14.58
06/30/2017,14.941,"52,103,810",14.976,15.071,14.842
06/29/2017,15.009,"71,402,470",15.282,15.282,14.8
06/28/2017,15.341,"55,853,460",15.164,15.42,15.012
06/27/2017,15.103,"74,181,090",15.662,15.6977,15.072
06/26/2017,15.75,"60,087,320",15.878,15.997,15.656
06/23/2017,15.802,"62,480,420",15.501,15.819,15.376
06/22/2017,15.489,"37,655,170",15.513,15.52,15.37
06/21/2017,15.503,"57,951,320",15.25,15.538,15.226
06/20/2017,15.205,"48,766,830",15.368,15.45,15.14
06/19/2017,15.34,"65,235,510",15.429,15.558,15.241
06/16/2017,15.238,"68,072,270",15.145,15.353,15.039
06/15/2017,15.176,"70,010,460",14.944,15.256,14.73
06/14/2017,15.22,"64,527,650",15.434,15.5615,15.028
06/13/2017,15.272,"84,754,330",15.438,15.568,15.013
06/12/2017,15.144,"140,937,500",15.53,15.553,14.831
06/09/2017,15.803,"102,847,400",16.627,16.627,15.45
06/08/2017,16.588,"37,027,470",16.612,16.687,16.484
06/07/2017,16.561,"33,503,860",16.56,16.64,16.4409
06/06/2017,16.517,"43,728,860",16.495,16.682,16.451
06/05/2017,16.506,"38,691,080",16.549,16.55,16.343
06/02/2017,16.518,"42,540,600",16.342,16.536,16.28
06/01/2017,16.299,"38,867,720",16.352,16.3932,16.17
05/31/2017,16.307,"53,404,870",16.361,16.4,16.074
05/30/2017,16.322,"48,245,570",16.36,16.475,16.271
05/26/2017,16.243,"48,270,590",16.284,16.305,16.112
05/25/2017,16.305,"85,465,340",16.1,16.41,16.055
05/24/2017,15.775,"29,875,830",15.835,15.848,15.717
05/23/2017,15.795,"33,660,490",15.775,15.831,15.68
05/22/2017,15.716,"37,366,700",15.786,15.86,15.643
