date,close,volume,open,high,low
05/15/2026,46.3,"3,908,572",47.16,47.16,46.155
05/14/2026,47.42,"2,885,053",46.92,47.435,46.89
05/13/2026,47.05,"2,684,804",47.03,47.305,46.625
05/12/2026,47.19,"4,193,310",46.97,47.485,46.81
05/11/2026,47.03,"5,078,497",47.07,47.465,46.875
05/08/2026,46.72,"3,853,305",47.24,47.3,46.655
05/07/2026,47.02,"6,155,398",47.38,47.56,46.58
05/06/2026,47.51,"12,195,040",48.305,48.64,46.95
05/05/2026,48.19,"5,278,232",48.17,48.705,47.985
05/04/2026,48.08,"5,654,086",47.91,48.38,47.68
05/01/2026,48.08,"4,686,801",48.3,48.98,48.0
04/30/2026,48.28,"10,098,580",48.15,48.915,47.29
04/29/2026,48.18,"5,855,878",48.37,48.73,48.09
04/28/2026,48.5,"8,554,484",48.54,48.67,48.16
04/27/2026,48.22,"6,147,978",48.1,48.595,48.09
04/24/2026,47.99,"3,402,992",48.28,48.345,47.915
04/23/2026,48.29,"3,982,509",47.16,48.435,47.16
04/22/2026,46.85,"4,417,324",47.31,47.58,46.49
04/21/2026,46.93,"5,130,564",48.09,48.17,46.91
04/20/2026,47.78,"4,389,157",48.17,48.455,47.64
04/17/2026,48.31,"9,707,681",48.565,48.83,47.82
04/16/2026,47.72,"4,100,709",47.29,47.785,46.99
04/15/2026,47.37,"5,035,804",47.04,47.625,46.75
04/14/2026,47.22,"4,517,388",47.11,47.365,46.7
04/13/2026,47.19,"2,964,996",47.95,48.015,46.9
04/10/2026,48.05,"3,146,885",48.37,48.63,47.885
04/09/2026,48.47,"3,704,117",48.07,48.76,48.05
04/08/2026,48.1,"3,240,855",47.57,48.14,47.31
04/07/2026,47.65,"3,546,355",47.1,47.785,46.96
04/06/2026,47.14,"2,016,455",47.25,47.52,47.08
04/02/2026,47.49,"1,982,594",46.91,47.515,46.72
04/01/2026,46.9,"2,322,569",46.58,47.245,46.43
03/31/2026,46.66,"4,802,690",46.64,46.97,46.16
03/30/2026,46.5,"2,925,431",46.84,46.89,46.24
03/27/2026,45.97,"4,288,710",45.37,46.41,45.14
03/26/2026,45.44,"2,711,270",45.46,45.85,45.36
03/25/2026,45.68,"2,171,142",46.06,46.205,45.51
03/24/2026,45.68,"3,603,524",45.16,46.09,45.12
03/23/2026,45.47,"2,447,992",46.15,46.15,45.35
03/20/2026,45.02,"5,940,773",46.67,46.83,44.67
03/19/2026,46.69,"2,445,031",46.42,46.93,46.23
03/18/2026,46.62,"2,691,693",47.1,47.1,46.47
03/17/2026,47.26,"2,228,798",47.74,47.755,47.25
03/16/2026,47.47,"2,197,717",47.88,47.9581,47.4
03/13/2026,47.39,"3,458,870",47.26,47.7,47.18
03/12/2026,46.69,"3,606,419",46.22,47.16,45.97
03/11/2026,46.26,"2,820,588",46.4,46.705,46.175
03/10/2026,46.57,"3,800,366",46.9,47.18,46.47
03/09/2026,47.03,"5,037,100",46.22,47.195,45.875
03/06/2026,46.46,"4,086,293",46.66,46.86,46.02
03/05/2026,47.04,"3,356,750",47.21,47.47,46.53
03/04/2026,47.56,"4,458,943",46.69,47.67,46.555
03/03/2026,46.74,"3,910,902",46.47,47.04,45.63
03/02/2026,47.05,"4,586,628",47.0,47.615,46.61
02/27/2026,47.3,"4,282,121",46.71,47.35,46.59
02/26/2026,46.7,"4,999,164",46.57,46.91,46.49
02/25/2026,46.53,"5,730,801",46.46,46.77,45.68
02/24/2026,46.42,"5,336,804",46.1,46.7,45.7
02/23/2026,46.2,"2,794,123",46.58,46.94,46.055
02/20/2026,46.37,"2,862,999",46.03,46.38,45.54
02/19/2026,45.82,"2,873,082",45.3,45.855,45.3
02/18/2026,45.3,"3,847,767",46.63,46.68,45.23
02/17/2026,46.71,"4,248,746",46.78,47.0487,46.55
02/13/2026,46.36,"6,190,696",45.09,46.4,44.905
02/12/2026,45.18,"6,322,884",45.12,45.76,44.61
02/11/2026,44.66,"6,876,766",45.22,45.62,44.625
02/10/2026,44.73,"6,151,148",44.6,44.995,44.285
02/09/2026,44.45,"4,887,799",44.04,44.5,43.675
02/06/2026,44.1,"3,742,837",44.35,44.53,43.405
02/05/2026,43.93,"3,327,993",44.06,44.34,43.655
02/04/2026,44.03,"7,895,843",44.22,44.5,43.855
02/03/2026,43.96,"6,061,250",43.77,44.39,43.75
02/02/2026,44.03,"4,695,805",44.42,44.785,43.93
01/30/2026,44.29,"4,945,136",44.57,44.68,43.81
01/29/2026,44.65,"4,388,665",44.67,44.95,44.16
01/28/2026,44.33,"4,950,076",44.43,44.67,44.215
01/27/2026,44.39,"3,481,508",43.94,44.5935,43.75
01/26/2026,43.91,"2,934,306",43.64,44.08,43.58
01/23/2026,43.41,"2,633,020",43.53,43.6,42.91
01/22/2026,43.52,"3,740,834",43.91,44.029,43.27
01/21/2026,43.79,"6,957,595",43.78,43.9,43.09
01/20/2026,43.4,"6,221,552",43.93,44.095,43.32
01/16/2026,43.93,"4,455,925",43.27,44.115,43.25
01/15/2026,43.53,"4,084,794",43.49,43.735,43.27
01/14/2026,43.31,"3,098,173",42.56,43.35,42.35
01/13/2026,42.45,"4,210,607",42.3,43.04,42.1
01/12/2026,42.39,"3,789,984",41.84,42.45,41.79
01/09/2026,42.03,"2,500,052",41.92,42.435,41.685
01/08/2026,41.55,"2,398,807",41.59,42.04,41.44
01/07/2026,41.54,"2,433,447",42.16,42.28,41.305
01/06/2026,41.88,"2,863,711",41.69,41.9,41.4932
01/05/2026,41.57,"3,635,890",42.05,42.05,40.8275
01/02/2026,42.16,"2,983,610",41.76,42.355,41.48
12/31/2025,41.76,"2,204,320",42.05,42.075,41.62
12/30/2025,42.05,"2,577,603",41.97,42.2,41.77
12/29/2025,41.93,"2,260,911",41.75,42.12,41.75
12/26/2025,41.72,"1,269,451",41.87,41.905,41.61
12/24/2025,41.88,"1,251,286",41.62,41.92,41.48
12/23/2025,41.6,"3,271,418",41.54,41.7978,41.345
12/22/2025,41.45,"2,872,586",40.89,41.495,40.745
12/19/2025,40.97,"6,079,044",41.51,41.585,40.96
12/18/2025,41.51,"4,575,585",41.41,41.86,41.41
12/17/2025,41.25,"4,029,808",41.61,41.8,41.14
12/16/2025,41.43,"3,230,372",41.88,41.93,41.37
12/15/2025,41.83,"2,175,083",41.56,41.875,41.33
12/12/2025,41.41,"2,384,754",41.78,42.025,41.31
12/11/2025,41.69,"2,494,675",41.33,41.89,41.33
12/10/2025,41.33,"4,002,567",41.47,41.5,41.21
12/09/2025,41.44,"2,382,095",41.58,41.815,41.4
12/08/2025,41.32,"2,675,142",41.96,41.985,41.29
12/05/2025,42.0,"2,841,118",41.75,42.26,41.75
12/04/2025,41.89,"5,859,869",42.14,42.42,41.35
12/03/2025,41.88,"4,332,842",42.41,42.51,41.705
12/02/2025,42.26,"2,209,572",43.21,43.54,42.25
12/01/2025,43.0,"3,468,577",43.88,44.022,42.965
11/28/2025,44.13,"1,128,690",43.79,44.2,43.67
11/26/2025,43.76,"2,770,726",43.28,43.81,43.19
11/25/2025,43.14,"3,004,434",43.41,43.6,42.835
11/24/2025,43.41,"7,441,651",42.8,43.91,42.61
11/21/2025,42.78,"4,750,050",42.57,42.89,42.265
11/20/2025,42.4,"2,585,598",43.05,43.62,42.375
11/19/2025,42.7,"2,659,272",43.02,43.2,42.6
11/18/2025,43.06,"2,502,694",43.2,43.43,42.945
11/17/2025,43.18,"2,268,080",43.12,43.25,42.79
11/14/2025,42.88,"3,304,355",42.65,43.03,42.46
11/13/2025,42.96,"5,633,572",43.49,43.565,42.23
11/12/2025,43.64,"3,646,460",43.85,44.08,43.559
11/11/2025,43.94,"3,062,921",43.67,43.98,43.33
11/10/2025,43.72,"3,113,898",43.42,43.87,43.26
11/07/2025,43.55,"3,340,999",42.8,43.56,42.6
11/06/2025,42.78,"4,379,022",42.79,43.045,42.41
11/05/2025,42.87,"3,773,501",42.83,42.91,42.06
11/04/2025,42.87,"4,381,008",42.48,42.915,42.08
11/03/2025,42.58,"5,934,796",41.97,42.6,41.505
10/31/2025,42.11,"7,328,015",42.21,42.275,41.61
10/30/2025,42.13,"8,511,027",42.43,42.7,41.655
10/29/2025,42.46,"10,825,750",44.5,44.88,42.07
10/28/2025,43.39,"5,155,650",44.0,44.03,43.14
10/27/2025,43.73,"2,931,467",43.62,43.76,43.17
10/24/2025,43.63,"2,718,061",44.06,44.16,43.485
10/23/2025,43.87,"5,265,388",44.37,44.45,43.35
10/22/2025,44.13,"5,448,206",43.97,44.27,43.65
10/21/2025,43.71,"4,002,868",43.95,44.115,43.435
10/20/2025,43.85,"3,402,628",43.99,44.05,43.57
10/17/2025,43.25,"2,113,143",43.27,43.45,42.945
10/16/2025,43.22,"4,101,886",43.66,44.048,43.05
10/15/2025,43.55,"3,402,257",43.01,43.61,42.75
10/14/2025,42.93,"3,922,973",42.67,43.225,42.62
10/13/2025,42.73,"3,552,743",43.0,43.43,42.675
10/10/2025,42.86,"3,125,673",43.09,43.51,42.825
10/09/2025,42.94,"4,575,043",44.11,44.23,42.91
10/08/2025,43.9,"2,813,895",43.83,43.925,43.305
10/07/2025,43.59,"5,162,545",44.13,44.287,43.45
10/06/2025,44.17,"4,278,016",43.96,44.515,43.78
10/03/2025,43.83,"4,196,386",43.06,44.175,42.995
10/02/2025,43.1,"3,344,506",42.96,43.14,42.6
10/01/2025,43.07,"3,361,211",43.24,43.705,43.04
09/30/2025,43.3,"3,803,323",43.29,43.5,42.965
09/29/2025,43.21,"4,978,071",42.625,43.27,42.435
09/26/2025,42.57,"4,257,037",42.1,42.58,41.87
09/25/2025,41.82,"4,781,907",42.4,42.5386,41.73
09/24/2025,42.38,"6,496,007",41.65,42.5,41.575
09/23/2025,41.57,"5,469,627",41.15,41.67,41.08
09/22/2025,41.3,"8,966,192",40.58,41.74,40.52
09/19/2025,40.32,"5,497,375",40.25,40.57,40.1
09/18/2025,40.16,"6,090,767",39.5,40.31,39.33
09/17/2025,39.61,"4,378,217",39.58,40.08,39.44
09/16/2025,39.37,"5,385,431",40.41,40.56,39.295
09/15/2025,40.54,"4,361,245",41.04,41.14,40.54
09/12/2025,41.01,"2,379,918",40.83,41.2,40.75
09/11/2025,41.13,"4,422,746",40.72,41.2,40.45
09/10/2025,40.73,"2,721,967",40.56,40.83,40.38
09/09/2025,40.49,"2,642,939",40.24,40.67,39.99
09/08/2025,40.23,"4,587,720",40.33,40.52,40.02
09/05/2025,40.33,"10,085,280",39.475,40.585,39.4
09/04/2025,39.83,"15,860,540",41.91,41.91,38.45
09/03/2025,41.8,"2,808,096",41.91,42.23,41.615
09/02/2025,42.11,"2,362,144",42.02,42.3882,41.6341
08/29/2025,42.27,"1,756,597",42.21,42.36,42.08
08/28/2025,42.14,"2,184,910",42.33,42.44,42.075
08/27/2025,42.44,"2,491,928",42.28,42.63,42.26
08/26/2025,42.38,"4,133,758",42.7,42.7,42.1
08/25/2025,42.67,"3,016,705",42.63,43.0,42.52
08/22/2025,42.94,"3,793,711",42.46,42.965,42.325
08/21/2025,42.29,"2,614,592",42.53,42.69,42.2245
08/20/2025,42.54,"2,644,735",42.5,42.81,42.3
08/19/2025,42.28,"2,576,506",41.72,42.36,41.72
08/18/2025,41.71,"2,796,496",41.88,42.1,41.615
08/15/2025,41.95,"3,727,167",42.56,42.66,41.8
08/14/2025,42.55,"4,033,726",42.71,42.83,42.421
08/13/2025,42.68,"3,331,202",42.52,42.685,42.29
08/12/2025,42.36,"3,799,261",42.2,42.4,41.61
08/11/2025,42.15,"3,323,351",42.34,42.53,42.1
08/08/2025,42.28,"3,851,052",42.5,42.655,41.91
08/07/2025,42.37,"5,635,481",41.59,42.37,41.312
08/06/2025,41.84,"7,779,963",43.08,43.12,41.76
08/05/2025,42.9,"6,429,476",43.33,43.465,42.76
08/04/2025,43.33,"5,148,905",42.75,43.51,42.735
08/01/2025,42.59,"3,261,810",42.45,42.85,42.12
07/31/2025,42.45,"2,829,784",41.96,42.54,41.85
07/30/2025,42.47,"4,512,185",42.22,42.9,42.22
07/29/2025,42.18,"4,437,639",41.55,42.21,41.34
07/28/2025,41.27,"4,013,433",42.09,42.165,41.21
07/25/2025,42.18,"2,935,777",41.97,42.26,41.89
07/24/2025,41.9,"3,957,004",41.89,41.995,41.585
07/23/2025,41.69,"3,118,794",42.15,42.23,41.411
07/22/2025,42.09,"4,397,745",41.88,42.11,41.66
07/21/2025,41.72,"6,664,404",40.89,41.885,40.865
07/18/2025,40.9,"3,870,308",40.28,40.99,40.28
07/17/2025,40.22,"4,516,589",39.84,40.4691,39.84
07/16/2025,40.14,"5,102,847",39.76,40.245,39.67
07/15/2025,39.87,"3,917,334",39.83,40.15,39.73
07/14/2025,39.95,"2,800,157",39.66,40.345,39.51
07/11/2025,39.57,"4,008,410",39.35,39.72,39.1
07/10/2025,39.6,"4,473,576",39.14,39.635,39.03
07/09/2025,39.34,"3,420,846",39.16,39.425,38.79
07/08/2025,39.0,"5,455,590",39.29,39.385,38.58
07/07/2025,39.63,"3,148,410",39.57,39.725,39.35
07/03/2025,39.56,"2,207,733",39.37,39.72,39.225
07/02/2025,39.41,"3,879,194",39.81,39.98,38.935
07/01/2025,40.06,"5,694,452",40.25,40.505,39.99
06/30/2025,40.34,"4,005,475",39.89,40.36,39.78
06/27/2025,39.97,"7,013,702",39.63,40.25,39.54
06/26/2025,39.61,"4,714,806",39.72,39.87,39.395
06/25/2025,39.73,"3,858,916",40.39,40.4325,39.64
06/24/2025,40.52,"4,266,804",40.51,40.79,40.37
06/23/2025,40.51,"5,542,803",39.8,40.545,39.66
06/20/2025,39.52,"6,150,667",39.25,39.7574,39.17
06/18/2025,39.28,"4,725,887",39.28,39.64,39.13
06/17/2025,39.28,"4,397,642",39.36,39.4,38.96
06/16/2025,39.36,"3,758,632",39.73,40.01,39.175
06/13/2025,39.52,"3,638,532",39.88,40.0,39.425
06/12/2025,39.91,"3,664,219",39.46,39.91,39.29
06/11/2025,39.46,"4,027,565",39.71,39.915,39.355
06/10/2025,39.59,"4,163,201",39.33,39.63,39.26
06/09/2025,39.35,"4,459,459",39.18,39.585,38.965
06/06/2025,39.28,"4,829,026",39.1,39.36,38.82
06/05/2025,38.99,"3,174,058",39.0,39.13,38.775
06/04/2025,39.08,"3,048,565",39.38,39.6,39.0
06/03/2025,39.43,"3,779,348",39.7,39.91,39.02
06/02/2025,39.59,"3,127,770",39.27,39.6,39.145
05/30/2025,39.54,"6,150,858",38.92,39.61,38.72
05/29/2025,38.99,"2,717,498",38.63,39.025,38.48
05/28/2025,38.75,"2,465,213",39.19,39.28,38.66
05/27/2025,39.28,"2,548,516",39.42,39.44,39.15
05/23/2025,39.02,"3,073,900",38.74,39.1,38.36
05/22/2025,38.5,"4,136,277",38.72,38.72,38.1275
05/21/2025,38.85,"3,924,586",39.45,39.53,38.79
05/20/2025,39.51,"4,669,814",39.81,40.1,39.455
05/19/2025,39.92,"6,341,185",38.54,40.03,38.54
05/16/2025,39.08,"2,913,064",38.7,39.1,38.49
05/15/2025,38.69,"3,299,272",38.09,38.795,38.09
05/14/2025,37.88,"4,370,123",37.81,38.04,37.22
05/13/2025,37.82,"3,893,243",38.28,38.38,37.735
05/12/2025,38.32,"4,768,403",39.59,39.7,38.13
05/09/2025,39.58,"4,955,632",39.71,39.8,39.22
05/08/2025,39.61,"7,174,531",40.42,40.74,39.57
05/07/2025,40.48,"7,792,493",38.7,40.73,38.7
05/06/2025,39.36,"5,363,631",39.08,39.55,39.08
05/05/2025,39.31,"3,366,282",39.17,39.32,38.75
05/02/2025,39.3,"5,458,969",39.33,39.45,39.055
05/01/2025,38.96,"3,957,254",39.1,39.55,38.88
04/30/2025,39.11,"4,679,090",39.41,39.44,38.4
04/29/2025,39.72,"4,960,049",39.6,39.925,39.4
04/28/2025,39.73,"4,831,713",39.41,39.81,39.31
04/25/2025,39.45,"3,746,635",39.7,39.8599,39.25
04/24/2025,39.68,"2,600,477",39.18,39.795,39.03
04/23/2025,39.32,"6,163,478",39.17,39.795,38.92
04/22/2025,39.02,"5,117,789",38.53,39.19,38.17
04/21/2025,38.11,"4,747,563",39.12,39.235,37.76
04/17/2025,39.29,"3,938,193",39.17,39.87,39.09
04/16/2025,38.95,"4,404,617",39.48,39.595,38.67
04/15/2025,39.47,"2,593,454",39.43,39.74,39.21
04/14/2025,39.26,"3,642,657",38.74,39.45,38.54
04/11/2025,38.49,"5,635,189",37.85,38.52,37.21
04/10/2025,38.01,"6,311,178",37.8,38.605,37.425
04/09/2025,38.15,"9,395,127",36.64,38.46,35.68
04/08/2025,37.11,"7,126,899",38.0,38.34,36.66
04/07/2025,37.16,"8,192,379",36.74,37.92,35.64
04/04/2025,37.22,"8,391,392",39.76,39.85,36.86
04/03/2025,39.75,"8,705,815",40.64,40.73,39.675
04/02/2025,40.64,"2,585,597",40.21,40.725,40.0801
04/01/2025,40.4,"4,294,299",40.0,40.45,39.8
03/31/2025,40.09,"5,911,923",40.0,40.4422,39.745
03/28/2025,39.92,"3,594,257",40.07,40.205,39.77
03/27/2025,39.75,"2,455,402",40.08,40.21,39.74
03/26/2025,39.98,"4,530,887",39.77,40.07,39.74
03/25/2025,39.61,"3,254,886",39.82,39.87,39.335
03/24/2025,39.84,"4,509,697",39.52,40.055,39.32
03/21/2025,39.23,"10,562,470",39.66,39.97,39.07
03/20/2025,39.57,"4,651,950",39.27,39.72,39.25
03/19/2025,39.28,"4,706,009",39.01,39.52,38.91
03/18/2025,38.94,"5,973,536",38.97,39.33,38.675
03/17/2025,39.36,"4,846,480",39.52,39.975,39.24
03/14/2025,39.48,"4,470,195",38.73,39.515,38.655
03/13/2025,38.67,"3,742,518",39.04,39.19,38.44
03/12/2025,39.04,"4,637,570",38.94,39.315,38.81
03/11/2025,38.82,"5,877,338",38.71,39.18,38.45
03/10/2025,38.52,"8,036,121",38.5,38.76,38.025
03/07/2025,38.5,"10,561,100",38.59,38.94,38.065
03/06/2025,38.59,"6,233,131",39.45,39.63,38.445
03/05/2025,39.65,"4,412,037",39.5,40.04,39.3435
03/04/2025,39.77,"5,021,628",41.24,41.445,39.7
03/03/2025,41.23,"4,614,331",40.79,41.3,40.75
02/28/2025,40.81,"7,605,325",40.41,40.875,40.035
02/27/2025,40.09,"6,053,089",39.99,40.41,39.935
02/26/2025,39.99,"3,134,197",39.7,40.28,39.7
02/25/2025,39.84,"3,939,799",39.94,40.135,39.595
02/24/2025,39.93,"4,370,234",40.11,40.29,39.825
02/21/2025,40.07,"5,460,147",39.79,40.225,39.685
02/20/2025,39.98,"3,155,783",39.96,40.1,39.66
02/19/2025,40.1,"3,847,842",39.76,40.15,39.67
02/18/2025,39.86,"3,815,411",39.72,39.94,39.44
02/14/2025,39.68,"5,293,854",39.63,39.99,39.54
02/13/2025,39.6,"6,651,230",39.0,39.885,38.85
02/12/2025,38.8,"7,425,627",37.97,38.985,37.565
02/11/2025,38.43,"3,929,405",38.05,38.46,37.76
02/10/2025,38.11,"2,757,980",37.84,38.21,37.56
02/07/2025,37.93,"3,051,429",38.11,38.495,37.87
02/06/2025,38.19,"2,259,753",38.18,38.263,37.8782
02/05/2025,38.11,"2,617,725",37.84,38.265,37.66
02/04/2025,37.39,"2,812,924",37.38,37.605,36.96
02/03/2025,37.58,"3,327,613",36.7,37.73,36.55
01/31/2025,37.3,"4,410,222",37.66,37.75,37.275
01/30/2025,37.72,"3,791,700",37.07,37.77,36.975
01/29/2025,36.64,"3,791,681",36.48,36.95,36.445
01/28/2025,36.42,"5,711,843",36.69,36.92,35.92
01/27/2025,36.38,"8,554,252",37.91,38.0,35.99
01/24/2025,37.76,"4,017,369",37.44,37.91,37.39
01/23/2025,37.6,"3,043,104",37.8,37.845,37.485
01/22/2025,37.78,"4,078,675",38.49,38.59,37.705
01/21/2025,38.56,"3,267,790",38.48,38.825,38.4
01/17/2025,38.11,"3,496,875",37.98,38.3041,37.835
01/16/2025,38.03,"3,377,547",36.88,38.12,36.77
01/15/2025,36.91,"2,426,894",37.33,37.33,36.75
01/14/2025,36.73,"2,054,244",36.38,36.95,36.28
01/13/2025,36.34,"3,594,216",35.9,36.45,35.835
01/10/2025,36.03,"3,780,997",36.24,36.55,36.0
01/08/2025,36.45,"2,846,355",35.72,36.46,35.59
01/07/2025,35.77,"2,764,880",35.66,35.94,35.61
01/06/2025,35.57,"3,428,834",36.35,36.44,35.51
01/03/2025,36.39,"2,651,849",36.4,36.69,36.18
01/02/2025,36.36,"5,607,321",36.99,37.13,36.27
12/31/2024,36.76,"1,947,640",36.75,36.975,36.56
12/30/2024,36.7,"2,060,984",36.56,36.785,36.34
12/27/2024,36.76,"1,929,305",36.56,36.95,36.5
12/26/2024,36.85,"1,236,898",36.65,36.885,36.6
12/24/2024,36.86,"1,038,488",36.37,36.86,36.31
12/23/2024,36.44,"2,261,801",36.02,36.48,35.83
12/20/2024,36.17,"10,403,990",35.8,36.36,35.71
12/19/2024,35.87,"4,303,378",35.36,36.25,35.36
12/18/2024,35.43,"3,642,141",36.11,36.515,35.42
12/17/2024,36.21,"3,019,034",36.09,36.49,35.97
12/16/2024,36.34,"3,104,868",36.58,36.81,36.33
12/13/2024,36.55,"2,556,943",36.55,36.81,36.4205
12/12/2024,36.53,"5,437,147",36.97,37.06,36.43
12/11/2024,36.76,"4,187,239",36.74,36.86,36.435
12/10/2024,36.61,"5,217,435",36.53,36.77,36.12
12/09/2024,36.61,"5,285,643",36.92,37.11,36.515
12/06/2024,37.06,"3,823,549",37.25,37.3799,36.98
12/05/2024,37.28,"2,712,604",37.2,37.5,37.2
12/04/2024,37.25,"5,806,112",37.02,37.31,36.925
12/03/2024,37.06,"3,655,919",37.6,37.64,37.01
12/02/2024,37.35,"3,361,202",38.16,38.21,37.34
11/29/2024,38.09,"2,276,811",38.23,38.31,37.9
11/27/2024,38.25,"2,431,593",38.41,38.555,38.2
11/26/2024,38.25,"1,858,254",37.98,38.28,37.86
11/25/2024,37.95,"4,209,938",37.87,38.225,37.7
11/22/2024,37.71,"2,678,578",37.99,38.07,37.62
11/21/2024,37.85,"3,023,172",37.31,37.935,37.22
11/20/2024,37.3,"3,055,089",37.15,37.315,36.905
11/19/2024,37.11,"3,356,628",36.7,37.17,36.56
11/18/2024,36.81,"5,888,297",36.5,36.815,36.33
11/15/2024,36.57,"9,191,559",36.06,36.74,36.015
11/14/2024,36.02,"2,933,487",36.28,36.465,35.93
11/13/2024,36.25,"3,670,280",36.2,36.405,35.895
11/12/2024,35.95,"4,073,940",36.13,36.3,35.95
11/11/2024,36.22,"4,163,114",35.95,36.395,35.88
11/08/2024,35.97,"4,630,937",35.22,36.17,35.09
11/07/2024,35.0,"2,945,727",35.31,35.4,34.82
11/06/2024,35.16,"5,017,480",35.31,35.495,35.07
11/05/2024,35.23,"3,595,196",34.6,35.25,34.51
11/04/2024,34.74,"5,722,192",34.39,35.04,34.23
11/01/2024,34.49,"3,137,095",35.27,35.45,34.43
10/31/2024,35.16,"3,307,382",34.86,35.45,34.84
10/30/2024,35.13,"6,105,191",34.73,35.435,34.73
10/29/2024,34.42,"4,162,420",34.98,34.98,34.38
10/28/2024,35.14,"2,866,056",34.79,35.2,34.79
10/25/2024,34.82,"2,653,350",35.44,35.47,34.77
10/24/2024,35.26,"1,895,093",35.34,35.48,35.19
10/23/2024,35.31,"3,259,881",34.77,35.32,34.72
10/22/2024,34.77,"3,212,263",34.59,34.89,34.57
10/21/2024,34.93,"2,194,623",35.1,35.19,34.845
10/18/2024,35.14,"2,192,749",34.95,35.17,34.7745
10/17/2024,34.96,"3,125,911",35.07,35.075,34.82
10/16/2024,35.1,"2,589,634",34.62,35.13,34.58
10/15/2024,34.49,"1,728,156",34.4,34.8155,34.36
10/14/2024,34.22,"1,695,789",33.97,34.29,33.86
10/11/2024,33.93,"1,706,088",33.74,34.0,33.74
10/10/2024,33.74,"1,786,684",34.06,34.22,33.65
10/09/2024,33.99,"2,020,519",34.07,34.31,33.8819
10/08/2024,34.12,"1,832,504",34.17,34.41,34.115
10/07/2024,34.02,"3,501,120",34.48,34.52,33.96
10/04/2024,34.64,"2,435,858",34.46,34.68,34.345
10/03/2024,34.69,"2,389,732",34.78,34.87,34.5647
10/02/2024,34.68,"1,983,871",34.55,34.765,34.44
10/01/2024,34.83,"2,663,419",34.65,35.095,34.53
09/30/2024,34.65,"2,720,429",34.57,34.695,34.28
09/27/2024,34.38,"2,830,051",34.33,34.51,34.15
09/26/2024,34.12,"2,262,423",34.12,34.39,33.95
09/25/2024,34.18,"4,066,837",34.46,34.46,33.92
09/24/2024,34.25,"3,322,709",34.05,34.565,33.94
09/23/2024,34.27,"3,316,405",34.18,34.35,34.03
09/20/2024,34.08,"6,689,025",33.88,34.14,33.73
09/19/2024,33.83,"4,097,882",33.78,33.89,33.32
09/18/2024,34.07,"2,452,846",34.19,34.37,33.85
09/17/2024,34.18,"2,387,885",34.34,34.415,34.13
09/16/2024,34.38,"3,613,610",34.18,34.49,34.14
09/13/2024,34.06,"3,956,205",33.72,34.14,33.66
09/12/2024,33.63,"4,370,830",33.66,33.76,33.35
09/11/2024,33.56,"5,306,562",33.44,33.59,33.03
09/10/2024,33.51,"6,661,576",33.5,33.84,33.245
09/09/2024,33.45,"4,744,720",33.22,33.53,33.19
09/06/2024,33.2,"3,197,307",33.45,33.49,33.16
09/05/2024,33.4,"2,650,625",33.49,33.5,33.245
09/04/2024,33.22,"2,565,510",33.31,33.56,33.08
09/03/2024,33.19,"2,869,910",33.12,33.34,32.92
08/30/2024,33.06,"9,601,737",32.95,33.125,32.81
08/29/2024,32.82,"3,213,513",32.84,32.875,32.53
08/28/2024,32.86,"5,831,435",32.81,33.095,32.77
08/27/2024,32.72,"5,433,695",32.74,32.96,32.64
08/26/2024,32.81,"5,225,592",32.74,33.01,32.69
08/23/2024,32.62,"3,158,252",32.62,32.745,32.51
08/22/2024,32.57,"2,171,254",32.27,32.59,32.27
08/21/2024,32.32,"4,591,337",32.1,32.445,32.1
08/20/2024,32.15,"3,384,859",32.09,32.255,32.02
08/19/2024,32.13,"2,376,795",31.9,32.175,31.9
08/16/2024,31.9,"8,375,765",31.88,32.0,31.7
08/15/2024,31.73,"3,266,172",31.68,31.77,31.395
08/14/2024,31.84,"2,755,716",31.64,31.97,31.515
08/13/2024,31.64,"2,997,556",31.68,31.7,31.47
08/12/2024,31.56,"2,800,579",31.32,31.6,31.285
08/09/2024,31.35,"4,434,601",31.07,31.4,30.66
08/08/2024,31.05,"3,719,085",30.89,31.155,30.74
08/07/2024,31.1,"5,596,579",31.36,31.52,30.85
08/06/2024,30.94,"5,925,237",30.6,31.315,30.55
08/05/2024,30.57,"5,987,855",31.84,31.9,30.53
08/02/2024,31.81,"5,209,754",32.0,32.38,31.46
08/01/2024,31.76,"3,324,969",31.42,31.82,31.15
07/31/2024,31.25,"2,910,929",31.24,31.36,31.02
07/30/2024,31.42,"3,809,010",31.27,31.485,31.17
07/29/2024,31.33,"3,514,411",31.44,31.46,31.01
07/26/2024,31.33,"2,162,265",31.25,31.46,31.16
07/25/2024,31.08,"5,480,852",31.19,31.545,31.04
07/24/2024,31.01,"3,495,958",30.86,31.12,30.61
07/23/2024,30.56,"5,755,717",30.81,30.81,30.52
07/22/2024,30.8,"2,322,013",30.53,30.88,30.49
07/19/2024,30.49,"2,920,438",30.71,30.71,30.22
07/18/2024,30.67,"3,257,574",30.54,31.125,30.52
07/17/2024,30.69,"2,892,044",30.12,30.88,30.06
07/16/2024,30.03,"3,627,984",29.94,30.105,29.79
07/15/2024,29.73,"3,056,390",29.97,30.0975,29.67
07/12/2024,30.07,"3,596,546",29.87,30.24,29.76
07/11/2024,29.7,"3,455,522",29.5,29.92,29.37
07/10/2024,29.21,"3,627,099",29.06,29.22,28.78
07/09/2024,28.91,"4,870,896",28.515,29.175,28.515
07/08/2024,28.57,"3,434,796",28.64,28.735,28.42
07/05/2024,28.54,"6,199,656",28.63,28.785,28.5
07/03/2024,28.64,"2,031,746",28.55,28.97,28.535
07/02/2024,28.57,"2,529,557",28.74,28.74,28.54
07/01/2024,28.7,"4,268,633",28.92,29.03,28.6401
06/28/2024,28.81,"5,331,896",29.05,29.1,28.58
06/27/2024,29.0,"5,492,076",29.08,29.17,28.97
06/26/2024,29.02,"4,590,232",28.67,29.05,28.52
06/25/2024,28.83,"4,371,706",28.83,28.88,28.5
06/24/2024,28.88,"2,998,354",28.29,28.97,28.29
06/21/2024,28.32,"13,442,110",28.31,28.525,28.265
06/20/2024,28.34,"3,610,538",28.15,28.55,28.08
06/18/2024,28.07,"4,220,359",27.91,28.1692,27.825
06/17/2024,28.0,"2,914,515",28.0,28.2,27.86
06/14/2024,28.17,"1,806,798",28.15,28.29,28.02
06/13/2024,28.29,"3,970,084",28.12,28.31,27.92
06/12/2024,28.17,"4,830,466",28.74,28.74,28.06
06/11/2024,28.32,"4,177,849",28.21,28.42,28.06
06/10/2024,28.43,"3,314,370",28.25,28.52,28.11
06/07/2024,28.28,"3,730,144",28.25,28.47,28.135
06/06/2024,28.54,"3,112,709",28.59,28.82,28.455
06/05/2024,28.73,"3,010,806",29.03,29.09,28.71
06/04/2024,29.11,"4,962,211",28.5,29.23,28.385
06/03/2024,28.61,"5,819,723",29.06,29.16,28.565
05/31/2024,29.06,"9,429,784",28.1,29.1,28.05
05/30/2024,27.98,"2,516,193",27.92,27.995,27.785
05/29/2024,27.77,"3,582,885",27.69,27.935,27.6
05/28/2024,27.9,"4,117,653",28.07,28.27,27.88
05/24/2024,28.04,"3,715,834",28.18,28.19,27.83
05/23/2024,28.08,"3,145,599",28.72,28.72,28.055
05/22/2024,28.87,"3,087,209",29.1,29.195,28.835
05/21/2024,29.21,"2,952,312",29.1,29.44,29.03
05/20/2024,29.12,"4,729,238",29.28,29.3,28.99
05/17/2024,29.23,"9,362,439",29.13,29.251,28.92
05/16/2024,29.15,"3,237,942",29.11,29.4,29.095
05/15/2024,29.13,"3,909,680",29.16,29.275,29.04
05/14/2024,28.87,"3,551,963",29.03,29.03,28.74
05/13/2024,28.8,"4,221,443",28.7,28.91,28.68
05/10/2024,28.68,"4,425,624",29.02,29.05,28.505
05/09/2024,28.9,"7,911,779",28.79,28.97,28.315
05/08/2024,28.72,"6,180,496",28.68,29.02,28.48
05/07/2024,29.05,"5,500,136",28.9,29.165,28.75
05/06/2024,28.76,"4,715,977",28.62,28.8,28.38
05/03/2024,28.54,"3,485,807",28.67,28.74,28.3
05/02/2024,28.5,"3,522,666",28.19,28.515,28.08
05/01/2024,28.1,"4,141,252",27.8,28.42,27.78
04/30/2024,27.86,"4,056,904",27.67,28.025,27.46
04/29/2024,27.9,"3,469,491",27.86,28.03,27.74
04/26/2024,27.94,"4,606,910",28.1,28.21,27.92
04/25/2024,28.1,"4,203,859",28.16,28.245,27.815
04/24/2024,28.18,"5,601,123",27.72,28.22,27.54
04/23/2024,27.93,"2,637,079",27.86,28.09,27.71
04/22/2024,27.91,"3,159,034",27.57,28.02,27.47
04/19/2024,27.58,"5,768,682",27.51,27.81,27.46
04/18/2024,27.4,"3,492,479",27.33,27.455,27.05
04/17/2024,27.15,"3,319,566",26.79,27.225,26.7
04/16/2024,26.56,"3,210,918",26.8,26.8,26.255
04/15/2024,26.82,"3,327,953",27.23,27.32,26.68
04/12/2024,27.07,"3,484,261",27.33,27.485,26.995
04/11/2024,27.25,"6,434,521",27.45,27.45,27.03
04/10/2024,27.3,"4,740,494",27.13,27.325,26.95
04/09/2024,27.64,"3,359,765",27.54,27.68,27.49
04/08/2024,27.45,"2,423,639",27.26,27.57,27.2
04/05/2024,27.19,"2,747,444",26.98,27.285,26.91
04/04/2024,27.17,"3,972,636",27.55,27.56,26.955
04/03/2024,27.34,"2,334,540",27.46,27.565,27.29
04/02/2024,27.5,"2,579,490",27.42,27.745,27.39
04/01/2024,27.48,"2,170,342",27.7,27.7,27.33
03/28/2024,27.66,"4,883,351",27.5,27.72,27.39
03/27/2024,27.46,"3,767,713",27.14,27.485,27.11
03/26/2024,26.97,"4,876,252",27.16,27.19,26.88
03/25/2024,27.15,"3,586,350",27.22,27.24,26.96
03/22/2024,27.1,"3,377,782",27.25,27.305,26.95
03/21/2024,27.1,"3,607,533",26.95,27.185,26.86
03/20/2024,26.86,"3,703,048",26.76,27.02,26.67
03/19/2024,26.84,"3,952,411",26.74,26.92,26.58
03/18/2024,26.65,"3,647,960",26.49,26.81,26.4361
03/15/2024,26.5,"8,671,265",26.36,26.645,26.36
03/14/2024,26.36,"5,978,282",26.54,26.66,26.04
03/13/2024,26.65,"4,579,667",26.93,27.065,26.65
03/12/2024,26.82,"4,192,091",26.91,27.04,26.59
03/11/2024,27.08,"3,433,182",27.0,27.265,26.86
03/08/2024,27.01,"4,710,009",27.07,27.13,26.769
03/07/2024,26.97,"3,389,294",27.03,27.11,26.87
03/06/2024,26.87,"4,282,287",26.77,26.96,26.72
03/05/2024,26.59,"5,034,668",26.74,27.024,26.48
03/04/2024,26.61,"3,933,633",25.98,26.69,25.98
03/01/2024,26.13,"8,292,979",26.0,26.21,25.71
02/29/2024,26.06,"9,693,717",26.0,26.2,25.8
02/28/2024,25.85,"4,432,497",26.01,26.09,25.82
02/27/2024,26.02,"3,016,236",25.86,26.025,25.67
02/26/2024,25.71,"3,487,505",25.98,26.04,25.59
02/23/2024,26.12,"6,535,771",26.1,26.44,26.06
02/22/2024,26.04,"9,624,755",26.08,26.23,25.89
02/21/2024,26.25,"6,491,958",26.01,26.36,25.45
02/20/2024,26.02,"6,302,940",25.9,26.305,25.86
02/16/2024,25.9,"3,425,426",25.89,26.08,25.73
02/15/2024,25.97,"5,377,134",25.52,25.98,25.49
02/14/2024,25.38,"3,206,948",25.32,25.47,25.125
02/13/2024,25.28,"3,786,254",25.45,25.55,24.795
02/12/2024,25.63,"3,312,314",25.27,25.6799,25.21
02/09/2024,25.25,"2,515,298",24.98,25.26,24.95
02/08/2024,25.06,"4,098,379",25.04,25.13,24.825
02/07/2024,25.09,"2,875,841",25.175,25.245,24.97
02/06/2024,25.08,"4,647,409",25.18,25.315,25.05
02/05/2024,25.25,"4,274,598",25.31,25.575,25.09
02/02/2024,25.6,"3,419,428",25.75,25.85,25.3
02/01/2024,26.35,"3,333,432",25.87,26.36,25.725
01/31/2024,25.97,"6,598,158",26.38,26.48,25.79
01/30/2024,26.12,"4,324,904",26.0,26.305,25.84
01/29/2024,26.09,"5,595,816",25.82,26.235,25.63
01/26/2024,25.82,"5,181,882",25.69,25.84,25.615
01/25/2024,25.56,"4,560,847",25.5,25.57,25.21
01/24/2024,25.18,"3,202,302",25.88,25.885,25.12
01/23/2024,25.68,"3,724,761",25.58,25.73,25.49
01/22/2024,25.59,"5,487,457",25.69,26.03,25.465
01/19/2024,25.6,"3,988,499",25.77,25.77,25.465
01/18/2024,25.65,"4,347,956",25.79,25.88,25.425
01/17/2024,25.94,"2,746,733",26.1,26.37,25.73
01/16/2024,26.28,"3,178,748",26.57,26.67,26.255
01/12/2024,26.74,"2,731,234",26.67,26.78,26.5
01/11/2024,26.5,"3,223,233",27.23,27.27,26.41
01/10/2024,27.34,"4,248,357",27.13,27.505,27.08
01/09/2024,27.14,"3,779,590",27.14,27.355,26.995
01/08/2024,27.29,"4,061,333",26.97,27.32,26.85
01/05/2024,27.04,"3,669,287",26.8,27.13,26.7
01/04/2024,26.86,"2,719,969",26.95,27.02,26.73
01/03/2024,26.89,"3,725,400",27.03,27.04,26.745
01/02/2024,27.01,"3,317,592",26.35,27.07,26.35
12/29/2023,26.55,"2,197,891",26.41,26.57,26.365
12/28/2023,26.55,"2,735,823",26.21,26.59,26.18
12/27/2023,26.28,"1,928,194",26.38,26.425,26.215
12/26/2023,26.43,"1,946,777",26.17,26.52,26.15
12/22/2023,26.25,"3,440,115",26.17,26.445,26.17
12/21/2023,26.04,"3,082,825",26.17,26.34,25.885
12/20/2023,26.08,"5,029,406",26.49,26.645,26.05
12/19/2023,26.54,"5,211,599",26.52,26.65,26.4
12/18/2023,26.39,"4,262,619",26.48,26.71,26.345
12/15/2023,26.48,"9,785,812",26.48,26.64,26.235
12/14/2023,26.68,"5,716,726",27.24,27.355,26.6
12/13/2023,27.03,"5,804,089",26.25,27.13,26.05
12/12/2023,26.18,"3,048,250",26.39,26.42,26.1
12/11/2023,26.34,"3,337,090",26.19,26.435,26.145
12/08/2023,26.3,"4,011,734",26.44,26.48,26.09
12/07/2023,26.43,"4,085,930",26.5,26.75,26.38
12/06/2023,26.41,"4,465,851",26.32,26.43,26.18
12/05/2023,26.14,"3,965,007",26.46,26.47,26.075
12/04/2023,26.44,"7,242,664",26.0,26.62,25.92
12/01/2023,26.2,"8,937,383",25.6,26.21,25.48
11/30/2023,25.64,"11,197,900",25.89,25.9,25.48
11/29/2023,25.81,"6,136,155",26.24,26.24,25.755
11/28/2023,26.18,"4,604,642",26.24,26.47,26.13
11/27/2023,26.2,"6,925,834",26.09,26.22,25.88
11/24/2023,26.1,"2,349,672",26.2,26.23,25.9914
11/22/2023,26.19,"4,514,951",26.14,26.22,25.845
11/21/2023,26.01,"5,089,053",26.07,26.115,25.75
11/20/2023,26.06,"5,482,544",25.97,26.11,25.62
11/17/2023,26.08,"11,175,520",25.94,26.11,25.79
11/16/2023,25.77,"6,235,289",26.02,26.16,25.7613
11/15/2023,25.75,"8,515,891",25.92,26.23,25.64
11/14/2023,25.97,"11,983,590",25.45,26.015,25.4
11/13/2023,24.81,"7,709,682",24.86,24.98,24.61
11/10/2023,25.0,"5,785,256",25.0,25.09,24.78
11/09/2023,24.82,"5,798,681",25.0,25.345,24.79
11/08/2023,24.98,"5,748,938",24.94,25.05,24.58
11/07/2023,25.06,"5,105,819",25.32,25.34,25.05
11/06/2023,25.29,"5,096,384",25.72,25.75,25.26
11/03/2023,25.72,"7,180,787",26.2,26.24,25.67
11/02/2023,25.78,"6,932,638",25.36,25.93,25.27
11/01/2023,25.4,"6,445,435",25.27,25.62,24.909
10/31/2023,25.16,"5,358,855",25.28,25.31,24.89
10/30/2023,25.12,"5,433,937",25.0,25.28,24.745
10/27/2023,25.15,"4,646,327",25.62,25.67,25.05
10/26/2023,25.72,"6,128,415",25.38,25.815,25.3
10/25/2023,25.31,"3,775,661",25.07,25.34,24.875
10/24/2023,25.23,"5,271,782",25.02,25.34,24.91
10/23/2023,24.68,"9,108,549",24.89,25.28,24.62
10/20/2023,25.22,"6,237,671",25.69,25.77,25.17
10/19/2023,25.63,"5,411,126",25.91,26.105,25.61
10/18/2023,25.98,"6,019,071",26.03,26.13,25.76
10/17/2023,26.13,"3,259,565",25.97,26.32,25.855
10/16/2023,26.11,"3,757,509",25.87,26.215,25.68
10/13/2023,25.78,"3,964,923",25.66,25.88,25.48
10/12/2023,25.39,"6,905,406",25.9,26.04,25.1
10/11/2023,26.05,"6,509,249",25.49,26.125,25.325
10/10/2023,25.46,"6,447,001",25.2,25.52,25.16
10/09/2023,25.14,"6,696,636",24.57,25.14,24.57
10/06/2023,24.59,"10,498,460",23.54,24.67,23.065
10/05/2023,23.83,"6,294,218",23.99,24.1,23.51
10/04/2023,24.01,"7,414,998",24.12,24.15,23.455
10/03/2023,23.96,"14,559,200",22.95,24.14,22.86
10/02/2023,23.18,"13,046,000",24.56,24.59,23.14
09/29/2023,24.68,"6,384,457",24.85,25.05,24.545
09/28/2023,24.6,"8,997,020",25.21,25.32,24.58
09/27/2023,25.18,"8,436,796",25.785,25.815,25.075
09/26/2023,25.74,"6,653,190",26.56,26.585,25.73
09/25/2023,26.7,"5,752,671",26.54,26.795,26.5
09/22/2023,26.69,"8,520,137",26.97,27.0,26.59
09/21/2023,27.06,"8,283,849",27.51,27.59,27.04
09/20/2023,27.59,"3,628,517",27.68,27.89,27.525
09/19/2023,27.55,"4,436,201",27.6,27.735,27.49
09/18/2023,27.55,"3,195,144",27.66,27.68,27.42
09/15/2023,27.67,"5,585,462",27.67,27.9,27.63
09/14/2023,27.74,"3,139,030",27.56,27.77,27.46
09/13/2023,27.41,"4,564,640",27.16,27.51,27.11
09/12/2023,27.13,"4,746,140",27.09,27.16,26.855
09/11/2023,27.08,"3,147,193",26.91,27.255,26.91
09/08/2023,26.97,"4,419,074",26.9,27.065,26.74
09/07/2023,26.81,"4,669,955",26.52,26.98,26.51
09/06/2023,26.31,"3,505,360",26.18,26.35,25.985
09/05/2023,26.19,"4,423,747",26.49,26.605,26.005
09/01/2023,26.56,"4,291,215",26.9,26.96,26.29
08/31/2023,26.76,"3,471,992",26.83,26.905,26.75
08/30/2023,26.75,"3,548,502",26.75,26.885,26.62
08/29/2023,26.75,"1,739,816",26.65,26.76,26.395
08/28/2023,26.6,"2,336,449",26.74,26.89,26.585
08/25/2023,26.58,"1,784,482",26.41,26.65,26.355
08/24/2023,26.33,"2,220,024",26.48,26.895,26.32
08/23/2023,26.52,"1,782,665",26.55,26.555,26.3
08/22/2023,26.37,"1,728,241",26.29,26.425,26.21
08/21/2023,26.34,"2,387,540",26.38,26.46,26.165
08/18/2023,26.44,"3,305,926",26.21,26.5,26.2
08/17/2023,26.2,"2,636,226",26.19,26.43,26.155
08/16/2023,26.22,"2,367,538",26.17,26.315,26.0825
08/15/2023,26.09,"2,704,035",26.38,26.38,26.07
08/14/2023,26.51,"2,151,593",26.81,26.86,26.415
08/11/2023,26.83,"2,340,250",26.81,26.91,26.635
08/10/2023,26.73,"2,684,298",27.0,27.165,26.69
08/09/2023,26.98,"5,118,930",26.54,27.11,26.52
08/08/2023,26.74,"4,775,905",26.66,26.915,26.485
08/07/2023,26.67,"3,231,138",26.61,26.82,26.61
08/04/2023,26.51,"3,095,582",27.04,27.15,26.395
08/03/2023,26.95,"4,177,725",27.72,27.81,26.915
08/02/2023,27.71,"5,550,816",27.43,28.04,27.23
08/01/2023,27.48,"5,048,698",27.75,27.94,27.47
07/31/2023,27.84,"5,821,190",27.92,28.17,27.71
07/28/2023,27.75,"4,105,461",28.02,28.05,27.65
07/27/2023,27.98,"3,939,490",28.32,28.42,27.845
07/26/2023,28.43,"5,014,200",28.13,28.66,28.1
07/25/2023,28.12,"2,960,295",28.08,28.17,27.94
07/24/2023,28.05,"4,731,959",28.13,28.235,27.81
07/21/2023,28.08,"6,760,833",28.04,28.43,27.92
07/20/2023,28.02,"6,020,269",27.75,28.1,27.46
07/19/2023,27.7,"4,262,712",27.42,27.84,27.35
07/18/2023,27.29,"3,576,653",27.54,27.8,27.095
07/17/2023,27.47,"5,060,198",27.84,27.91,27.4446
07/14/2023,27.94,"4,771,820",28.12,28.12,27.75
07/13/2023,28.16,"3,336,543",27.98,28.18,27.9
07/12/2023,28.07,"2,707,820",27.72,28.09,27.63
07/11/2023,27.56,"2,012,199",27.28,27.56,27.18
07/10/2023,27.21,"3,227,058",27.46,27.46,26.995
07/07/2023,27.52,"5,406,729",27.54,27.715,27.35
07/06/2023,27.73,"3,417,746",27.66,27.75,27.34
07/05/2023,27.88,"4,780,121",27.35,27.985,27.26
07/03/2023,27.42,"1,472,293",27.22,27.44,27.14
06/30/2023,27.35,"3,740,915",27.19,27.4,27.085
06/29/2023,27.17,"3,593,040",26.94,27.34,26.88
06/28/2023,27.13,"3,615,662",27.38,27.4,26.965
06/27/2023,27.44,"2,969,028",27.26,27.52,27.145
06/26/2023,27.25,"3,694,951",26.84,27.31,26.76
06/23/2023,26.72,"3,303,547",27.21,27.29,26.71
06/22/2023,27.15,"2,173,903",27.56,27.64,27.1
06/21/2023,27.5,"4,091,885",27.12,27.51,26.745
06/20/2023,27.22,"6,087,987",27.32,27.69,27.21
06/16/2023,27.38,"5,456,238",27.43,27.64,27.33
06/15/2023,27.34,"3,046,562",27.25,27.42,27.11
06/14/2023,27.16,"2,986,502",27.12,27.42,27.12
06/13/2023,27.05,"3,079,460",26.91,27.12,26.78
06/12/2023,27.12,"2,938,496",27.22,27.3,26.93
06/09/2023,27.09,"2,975,569",27.35,27.35,27.04
06/08/2023,27.33,"2,924,204",27.29,27.43,27.0991
06/07/2023,27.4,"4,659,413",27.07,27.49,26.77
06/06/2023,26.96,"4,737,564",27.4,27.42,26.835
06/05/2023,26.77,"4,049,949",26.86,27.13,26.6907
06/02/2023,26.76,"5,885,240",26.5,26.94,26.42
06/01/2023,26.67,"6,363,632",27.04,27.05,26.51
05/31/2023,26.89,"5,231,930",26.66,26.975,26.45
05/30/2023,26.6,"3,406,675",26.82,26.935,26.57
05/26/2023,26.85,"2,923,934",26.9,26.96,26.605
05/25/2023,27.01,"4,057,499",27.27,27.29,26.63
05/24/2023,27.25,"4,372,251",27.33,27.43,27.1
05/23/2023,27.36,"5,623,639",27.34,27.6,27.22
05/22/2023,27.39,"7,264,756",27.49,27.73,27.29
05/19/2023,27.36,"5,145,138",27.49,27.655,27.26
05/18/2023,27.36,"3,551,200",27.23,27.39,27.06
05/17/2023,27.43,"3,666,543",27.58,27.63,27.185
05/16/2023,27.54,"4,459,955",28.06,28.175,27.52
05/15/2023,28.04,"2,473,692",28.54,28.55,27.875
05/12/2023,28.49,"4,563,828",28.35,28.595,28.19
05/11/2023,28.16,"4,283,697",28.76,28.92,28.14
05/10/2023,28.89,"3,103,245",28.69,28.95,28.635
05/09/2023,28.45,"3,047,945",28.34,28.54,28.225
05/08/2023,28.45,"3,460,340",28.43,28.76,28.32
05/05/2023,28.54,"3,462,270",28.32,28.59,28.2207
05/04/2023,28.37,"4,759,657",28.24,28.61,28.13
05/03/2023,28.12,"4,425,482",27.91,28.535,27.745
05/02/2023,27.91,"4,714,418",28.52,28.56,27.725
05/01/2023,28.51,"3,592,698",28.43,28.89,28.35
04/28/2023,28.46,"3,016,150",28.56,28.72,28.27
04/27/2023,28.55,"2,940,822",28.05,28.56,28.05
04/26/2023,28.29,"4,619,656",28.42,28.63,28.1
04/25/2023,28.65,"2,858,061",28.5,28.805,28.48
04/24/2023,28.53,"3,192,472",28.76,28.78,28.42
04/21/2023,28.64,"5,092,121",28.83,28.89,28.41
04/20/2023,28.59,"3,486,308",28.54,28.605,28.235
04/19/2023,28.55,"3,325,701",28.41,28.6,28.24
04/18/2023,28.19,"5,274,319",28.27,28.375,27.93
04/17/2023,28.3,"2,494,499",28.01,28.345,27.99
04/14/2023,27.85,"2,217,043",28.1,28.12,27.74
04/13/2023,28.34,"4,210,198",28.49,28.59,27.85
04/12/2023,28.66,"3,280,496",28.62,28.85,28.485
04/11/2023,28.64,"2,094,047",28.65,28.73,28.48
04/10/2023,28.69,"2,131,780",28.69,28.74,28.325
04/06/2023,28.82,"3,067,967",28.79,28.95,28.505
04/05/2023,28.69,"2,992,308",27.85,28.7,27.81
04/04/2023,27.76,"2,604,725",27.8,27.8702,27.575
04/03/2023,27.76,"3,917,312",27.9,28.0562,27.62
03/31/2023,27.96,"4,280,969",27.94,28.03,27.645
03/30/2023,27.84,"2,893,539",27.68,28.03,27.665
03/29/2023,27.6,"2,681,804",27.44,27.74,27.43
03/28/2023,27.22,"2,797,343",26.99,27.49,26.92
03/27/2023,27.05,"2,945,208",26.98,27.14,26.785
03/24/2023,26.75,"2,651,366",26.0,26.76,25.98
03/23/2023,25.98,"3,592,518",26.31,26.5099,25.92
03/22/2023,26.37,"3,620,631",26.85,27.04,26.36
03/21/2023,26.98,"4,211,063",27.88,27.96,26.625
03/20/2023,27.82,"3,413,403",27.55,28.01,27.49
03/17/2023,27.47,"7,542,600",27.84,27.955,27.455
03/16/2023,27.96,"3,723,541",27.75,28.255,27.65
03/15/2023,27.85,"5,493,628",27.69,28.11,27.42
03/14/2023,27.76,"4,810,545",27.61,28.0,27.48
03/13/2023,27.33,"4,847,088",26.63,27.96,26.48
03/10/2023,26.71,"3,850,791",27.5,27.58,26.535
03/09/2023,27.38,"3,358,765",27.78,28.0,27.31
03/08/2023,27.7,"3,666,573",27.39,27.815,27.28
03/07/2023,27.31,"3,017,300",27.58,27.82,27.21
03/06/2023,27.56,"3,366,407",27.71,27.9,27.35
03/03/2023,27.7,"4,132,712",27.42,27.71,26.99
03/02/2023,27.27,"3,269,569",26.8,27.31,26.7
03/01/2023,26.83,"5,771,423",27.21,27.24,26.66
02/28/2023,27.43,"6,308,145",27.36,27.77,27.135
02/27/2023,27.49,"5,610,119",27.97,28.1,27.405
02/24/2023,27.82,"4,552,550",27.69,27.95,27.245
02/23/2023,27.9,"6,508,729",27.88,28.005,27.675
02/22/2023,27.61,"6,279,821",27.2,27.9,27.2
02/21/2023,26.95,"4,805,886",27.025,27.12,26.81
02/17/2023,27.14,"4,027,987",26.93,27.235,26.69
02/16/2023,26.88,"3,271,642",26.76,27.08,26.375
02/15/2023,27.0,"4,387,081",26.8,27.045,26.615
02/14/2023,26.93,"2,086,374",27.11,27.27,26.86
02/13/2023,27.14,"3,194,635",26.84,27.15,26.84
02/10/2023,26.88,"2,763,042",26.42,26.9275,26.31
02/09/2023,26.33,"3,353,023",26.8,26.93,26.29
02/08/2023,26.79,"1,811,040",27.25,27.25,26.61
02/07/2023,27.23,"3,001,435",27.12,27.335,26.865
02/06/2023,27.27,"1,876,881",27.0,27.32,26.81
02/03/2023,27.31,"3,499,135",27.62,27.68,26.67
02/02/2023,27.77,"2,949,222",28.02,28.11,27.64
02/01/2023,27.86,"3,763,356",27.62,28.08,27.53
01/31/2023,27.75,"4,564,397",27.7,27.76,27.33
01/30/2023,27.55,"2,884,494",27.43,27.8275,27.41
01/27/2023,27.52,"2,040,344",27.57,27.68,27.4
01/26/2023,27.54,"7,287,730",27.52,27.68,27.355
01/25/2023,27.58,"4,197,463",27.08,27.64,27.04
01/24/2023,27.32,"3,562,503",26.93,27.42,26.86
01/23/2023,27.09,"4,749,913",27.14,27.37,26.92
01/20/2023,27.21,"8,867,422",26.8,27.23,26.54
01/19/2023,26.83,"2,191,329",26.98,27.0276,26.765
01/18/2023,27.04,"2,558,036",27.73,27.73,27.01
01/17/2023,27.62,"3,625,509",27.95,28.06,27.595
01/13/2023,27.79,"2,977,151",27.71,27.965,27.58
01/12/2023,27.9,"3,170,188",27.94,28.19,27.83
01/11/2023,27.93,"3,715,420",27.61,28.12,27.61
01/10/2023,27.56,"5,888,622",27.83,27.86,27.23
01/09/2023,27.88,"6,113,445",27.59,28.075,27.53
01/06/2023,27.61,"3,376,382",27.42,27.8,27.37
01/05/2023,27.13,"2,678,386",27.49,27.6,27.09
01/04/2023,27.78,"2,654,991",27.59,27.995,27.57
01/03/2023,27.44,"2,385,515",27.5,27.58,26.99
12/30/2022,27.42,"2,526,860",27.82,27.865,27.23
12/29/2022,27.84,"1,431,577",27.64,27.9175,27.64
12/28/2022,27.55,"1,944,056",27.78,28.015,27.52
12/27/2022,27.8,"1,994,863",27.74,27.88,27.55
12/23/2022,27.71,"1,588,436",27.33,27.71,27.33
12/22/2022,27.42,"2,005,542",27.48,27.48,26.92
12/21/2022,27.55,"2,790,226",27.18,27.55,27.18
12/20/2022,27.07,"4,109,625",27.0,27.285,26.905
12/19/2022,27.05,"3,204,728",27.21,27.345,26.965
12/16/2022,27.19,"6,488,306",27.17,27.225,26.59
12/15/2022,27.44,"4,250,475",27.68,27.77,27.27
12/14/2022,27.82,"3,473,756",28.01,28.355,27.69
12/13/2022,27.93,"4,109,935",28.46,28.58,27.715
12/12/2022,28.08,"4,715,291",27.57,28.08,27.35
12/09/2022,27.39,"4,220,802",27.65,27.795,27.33
12/08/2022,27.77,"4,607,834",27.64,27.84,27.51
12/07/2022,27.67,"5,748,756",27.78,27.885,27.51
12/06/2022,27.84,"3,290,235",27.57,27.86,27.38
12/05/2022,27.51,"3,504,204",27.28,27.579,27.18
12/02/2022,27.57,"4,353,548",27.52,27.72,27.29
12/01/2022,27.75,"6,617,915",28.09,28.235,27.68
11/30/2022,27.94,"6,166,744",27.17,28.1,27.055
11/29/2022,27.23,"6,266,747",27.09,27.285,26.89
11/28/2022,27.22,"5,751,792",27.05,27.3275,26.85
11/25/2022,27.29,"923,800",27.25,27.35,27.12
11/23/2022,27.18,"3,554,965",26.77,27.225,26.69
11/22/2022,26.8,"3,297,601",26.62,26.845,26.46
11/21/2022,26.55,"4,256,339",26.41,26.72,26.275
11/18/2022,26.32,"3,519,109",25.83,26.43,25.83
11/17/2022,25.56,"5,516,398",25.7,26.01,25.33
11/16/2022,26.0,"4,103,189",25.66,26.215,25.66
11/15/2022,25.68,"4,736,598",26.16,26.25,25.325
11/14/2022,25.76,"5,185,108",25.9,26.15,25.625
11/11/2022,25.81,"4,527,392",26.02,26.115,25.56
11/10/2022,26.09,"4,966,264",25.54,26.14,25.29
11/09/2022,24.89,"7,767,313",25.03,25.555,24.885
11/08/2022,24.93,"8,816,449",24.43,25.24,24.42
11/07/2022,24.37,"9,661,507",25.65,25.8,23.79
11/04/2022,25.89,"5,975,682",25.68,26.26,25.605
11/03/2022,25.66,"3,754,947",25.42,25.85,25.15
11/02/2022,25.62,"5,698,133",25.8,26.16,25.44
11/01/2022,25.83,"5,704,344",25.86,25.98,25.55
10/31/2022,25.69,"7,803,104",25.8,25.97,25.49
10/28/2022,25.89,"5,972,372",25.32,25.92,25.225
10/27/2022,25.37,"4,798,236",25.46,25.78,25.31
10/26/2022,25.17,"5,953,654",25.28,25.37,24.94
10/25/2022,25.13,"5,149,585",24.65,25.185,24.56
10/24/2022,24.67,"3,047,958",24.7,24.91,24.48
10/21/2022,24.49,"6,783,070",24.27,24.655,24.075
10/20/2022,24.15,"6,303,178",24.8,24.83,24.075
10/19/2022,24.88,"6,125,088",24.95,25.265,24.72
10/18/2022,25.27,"4,795,268",25.19,25.53,25.15
10/17/2022,24.89,"6,351,133",24.84,25.34,24.78
10/14/2022,24.49,"5,675,674",25.4,25.5,24.3
10/13/2022,25.24,"7,062,018",23.9,25.25,23.78
10/12/2022,24.19,"4,083,307",24.86,24.86,24.16
10/11/2022,24.87,"5,663,327",24.44,25.36,24.34
10/10/2022,24.52,"2,944,419",24.6,24.85,24.435
10/07/2022,24.51,"2,711,142",25.08,25.195,24.34
10/06/2022,25.1,"4,007,520",26.04,26.04,25.05
10/05/2022,26.16,"4,350,405",26.55,26.55,25.92
10/04/2022,26.9,"5,288,260",26.16,26.92,26.005
10/03/2022,26.01,"7,976,805",25.74,26.47,25.43
09/30/2022,25.19,"4,781,982",26.17,26.23,25.095
09/29/2022,25.97,"4,764,262",27.05,27.13,25.755
09/28/2022,27.22,"6,595,217",27.24,27.55,26.95
09/27/2022,26.86,"4,167,650",27.55,27.605,26.73
09/26/2022,27.37,"5,408,855",27.87,28.05,27.21
09/23/2022,28.04,"3,089,242",28.35,28.41,27.63
09/22/2022,28.62,"3,528,336",28.42,28.78,28.155
09/21/2022,28.41,"3,278,062",29.17,29.44,28.41
09/20/2022,28.86,"2,585,840",29.1,29.2,28.57
09/19/2022,29.29,"3,543,640",28.76,29.305,28.61
09/16/2022,28.83,"5,489,599",28.81,29.11,28.74
09/15/2022,28.96,"6,340,628",29.66,29.66,28.86
09/14/2022,29.86,"2,766,847",29.73,30.045,29.695
09/13/2022,29.73,"2,393,958",30.29,30.42,29.58
09/12/2022,30.58,"2,979,243",30.52,30.83,30.39
09/09/2022,30.46,"2,338,452",30.44,30.73,30.27
09/08/2022,30.24,"2,358,434",30.3,30.435,30.075
09/07/2022,30.44,"2,165,352",29.76,30.449,29.7
09/06/2022,29.52,"2,658,577",29.62,29.985,29.47
09/02/2022,29.55,"2,171,836",29.82,30.145,29.45
09/01/2022,29.73,"2,433,661",29.48,29.855,29.345
08/31/2022,29.51,"2,189,965",29.74,29.83,29.485
08/30/2022,29.74,"2,921,551",30.34,30.4,29.66
08/29/2022,30.34,"3,256,668",30.03,30.58,29.815
08/26/2022,30.18,"4,565,737",30.73,30.81,30.1
08/25/2022,30.73,"3,130,115",31.05,31.06,30.72
08/24/2022,30.94,"1,919,165",30.71,31.04,30.61
08/23/2022,30.77,"1,975,342",31.32,31.32,30.65
08/22/2022,31.21,"2,222,369",31.39,31.49,31.09
08/19/2022,31.54,"2,458,549",31.74,31.87,31.455
08/18/2022,31.71,"2,479,507",31.77,31.86,31.495
08/17/2022,31.69,"2,882,263",31.55,31.75,31.35
08/16/2022,31.58,"2,841,301",31.37,31.625,31.23
08/15/2022,31.36,"2,188,920",31.18,31.39,30.91
08/12/2022,31.14,"2,600,580",30.62,31.16,30.59
08/11/2022,30.42,"3,838,103",30.47,30.735,30.31
08/10/2022,30.43,"3,042,009",30.47,30.7,30.26
08/09/2022,30.34,"3,103,768",30.06,30.52,30.05
08/08/2022,29.9,"4,670,215",29.67,30.055,29.67
08/05/2022,29.47,"3,041,096",29.77,29.81,29.15
08/04/2022,29.85,"4,727,132",30.37,30.37,29.79
08/03/2022,30.27,"4,397,927",29.8,30.355,28.98
08/02/2022,30.1,"5,415,025",30.53,30.57,30.07
08/01/2022,30.34,"3,536,049",30.37,30.57,30.03
07/29/2022,30.4,"8,404,538",29.87,30.46,29.87
07/28/2022,29.93,"2,637,564",29.4,29.97,29.215
07/27/2022,29.31,"3,618,083",29.25,29.43,29.07
07/26/2022,29.2,"3,752,171",29.11,29.35,29.03
07/25/2022,29.03,"4,331,539",28.44,29.03,28.32
07/22/2022,28.44,"3,959,358",28.23,28.55,28.185
07/21/2022,28.09,"4,391,028",28.2,28.25,27.87
07/20/2022,28.29,"5,085,978",28.49,28.7,28.015
07/19/2022,28.5,"4,079,222",28.56,28.73,28.47
07/18/2022,28.39,"6,041,016",28.72,28.85,28.36
07/15/2022,28.78,"3,497,468",28.92,28.97,28.41
07/14/2022,28.71,"4,172,818",28.14,28.77,28.04
07/13/2022,28.61,"2,505,113",28.41,28.83,28.26
07/12/2022,28.68,"2,643,682",28.58,29.085,28.515
07/11/2022,28.8,"2,532,815",28.36,28.82,28.36
07/08/2022,28.47,"4,666,284",28.54,28.64,28.31
07/07/2022,28.5,"5,754,940",29.14,29.31,28.47
07/06/2022,29.07,"3,135,827",28.69,29.37,28.605
07/05/2022,28.55,"4,769,273",29.9,29.96,28.265
07/01/2022,30.05,"4,079,197",29.6,30.12,29.36
06/30/2022,29.49,"3,913,457",29.26,29.81,29.16
06/29/2022,29.46,"3,362,888",29.41,29.61,29.31
06/28/2022,29.35,"3,798,990",29.35,29.77,29.24
06/27/2022,29.16,"5,465,695",28.52,29.18,28.38
06/24/2022,28.62,"5,318,453",27.98,28.755,27.851
06/23/2022,27.81,"3,542,866",27.49,27.85,27.44
06/22/2022,27.39,"3,737,466",26.78,27.49,26.78
06/21/2022,26.98,"6,847,951",26.81,27.19,26.66
06/17/2022,26.66,"8,691,880",27.19,27.399,26.37
06/16/2022,27.17,"4,397,912",27.26,27.325,26.9
06/15/2022,27.72,"5,268,251",27.8,28.175,27.4
06/14/2022,27.6,"6,890,208",28.57,28.65,27.29
06/13/2022,28.54,"7,239,402",29.69,29.76,28.365
06/10/2022,30.05,"3,257,409",29.89,30.415,29.76
06/09/2022,30.23,"2,431,493",31.02,31.115,30.22
06/08/2022,31.03,"4,519,131",31.61,31.61,30.99
06/07/2022,31.77,"2,633,886",31.73,31.87,31.39
06/06/2022,31.76,"3,560,252",31.69,32.08,31.62
06/03/2022,31.42,"2,176,540",31.32,31.625,31.26
06/02/2022,31.41,"1,840,417",31.47,31.47,30.75
06/01/2022,31.34,"2,907,243",31.55,31.55,31.02
05/31/2022,31.45,"3,596,260",31.47,31.655,31.23
05/27/2022,31.76,"3,507,806",31.43,31.775,31.43
05/26/2022,31.54,"2,385,656",31.61,31.73,31.49
05/25/2022,31.44,"2,745,189",31.25,31.565,31.19
05/24/2022,31.24,"4,684,639",30.81,31.24,30.57
05/23/2022,30.75,"5,239,614",30.62,30.895,30.34
05/20/2022,30.28,"5,197,635",30.4,30.51,29.94
05/19/2022,30.31,"4,617,134",30.44,30.49,30.02
05/18/2022,30.56,"4,586,726",30.89,31.03,30.465
05/17/2022,30.75,"5,350,321",30.57,30.81,30.2
05/16/2022,30.43,"3,198,044",30.43,30.55,30.31
05/13/2022,30.32,"4,029,309",29.79,30.33,29.655
05/12/2022,29.61,"4,588,881",29.74,29.758,29.055
05/11/2022,29.67,"4,772,419",29.36,30.155,29.33
05/10/2022,29.32,"5,875,612",29.49,29.925,29.065
05/09/2022,29.44,"6,386,862",29.34,29.825,29.07
05/06/2022,29.49,"6,726,757",29.12,29.62,28.97
05/05/2022,29.31,"4,686,051",29.54,29.69,29.14
05/04/2022,29.67,"6,482,091",29.28,29.795,29.06
05/03/2022,28.96,"7,759,624",28.87,29.36,28.81
05/02/2022,28.73,"6,427,325",29.22,29.3,28.37
04/29/2022,29.12,"6,169,950",29.86,29.91,29.07
04/28/2022,30.06,"5,422,859",30.0,30.26,29.8
04/27/2022,30.11,"5,370,111",30.29,30.47,29.81
04/26/2022,30.2,"4,320,498",30.44,30.92,30.19
04/25/2022,30.58,"6,174,278",30.81,30.84,30.07
04/22/2022,30.87,"4,329,532",31.35,31.4,30.84
04/21/2022,31.39,"7,613,251",32.045,32.3,31.34
04/20/2022,32.1,"4,920,363",32.07,32.297,31.895
04/19/2022,31.77,"3,379,475",31.88,32.01,31.62
04/18/2022,31.74,"4,006,115",31.84,32.04,31.55
04/14/2022,31.75,"3,756,546",31.77,31.9501,31.615
04/13/2022,31.68,"3,207,016",32.06,32.11,31.645
04/12/2022,32.11,"4,134,113",31.8,32.23,31.62
04/11/2022,31.89,"2,962,926",32.11,32.26,31.8
04/08/2022,32.05,"3,057,233",32.29,32.34,31.96
04/07/2022,32.11,"4,588,730",32.43,32.43,31.79
04/06/2022,32.46,"4,529,556",31.96,32.585,31.93
04/05/2022,31.86,"3,551,611",31.79,32.2,31.71
04/04/2022,31.72,"4,721,159",31.89,31.925,31.33
04/01/2022,32.08,"3,716,546",31.72,32.09,31.44
03/31/2022,31.8,"3,599,775",31.51,31.99,31.5
03/30/2022,31.61,"2,541,826",31.47,31.62,31.27
03/29/2022,31.43,"2,836,043",31.01,31.46,30.891
03/28/2022,31.05,"4,595,582",31.1,31.25,30.905
03/25/2022,31.14,"3,925,960",30.65,31.18,30.605
03/24/2022,30.54,"2,892,045",30.25,30.62,30.16
03/23/2022,30.25,"4,059,144",30.3,30.42,29.875
03/22/2022,30.22,"4,033,878",30.51,30.56,30.145
03/21/2022,30.36,"3,384,762",30.16,30.645,30.09
03/18/2022,30.09,"8,149,359",30.15,30.3,29.875
03/17/2022,30.14,"3,782,316",30.07,30.405,30.04
03/16/2022,30.09,"3,921,941",29.84,30.15,29.61
03/15/2022,29.85,"3,237,185",29.93,29.95,29.52
03/14/2022,29.61,"3,270,059",30.09,30.15,29.415
03/11/2022,29.79,"3,941,710",29.89,30.25,29.77
03/10/2022,29.92,"4,482,655",29.45,30.03,29.4
03/09/2022,29.65,"4,063,092",29.97,30.14,29.65
03/08/2022,29.61,"5,677,870",30.23,30.29,29.55
03/07/2022,30.11,"3,602,366",30.5,30.54,29.98
03/04/2022,30.48,"4,230,643",29.58,30.5,29.48
03/03/2022,29.67,"6,779,926",29.29,29.82,29.25
03/02/2022,29.19,"5,793,620",28.58,29.255,28.57
03/01/2022,28.65,"6,395,036",28.99,29.19,28.395
02/28/2022,28.93,"5,890,551",28.66,29.05,28.66
02/25/2022,28.98,"5,719,945",28.68,29.07,28.45
02/24/2022,28.33,"9,223,155",28.04,28.42,27.89
02/23/2022,28.21,"7,648,698",28.31,29.21,27.9
02/22/2022,28.36,"5,228,190",28.53,28.62,28.12
02/18/2022,28.45,"5,024,728",28.43,28.795,28.24
02/17/2022,28.57,"3,773,310",28.3,28.605,28.085
02/16/2022,28.4,"4,802,322",28.27,28.56,28.04
02/15/2022,28.26,"4,413,508",28.145,28.75,28.135
02/14/2022,28.41,"4,439,305",28.85,28.91,28.095
02/11/2022,28.76,"5,717,886",28.55,28.925,28.37
02/10/2022,28.5,"4,793,377",28.725,28.995,28.35
02/09/2022,29.02,"4,381,540",29.08,29.14,28.74
02/08/2022,28.9,"4,470,677",28.96,29.25,28.785
02/07/2022,28.79,"5,789,295",28.95,29.25,28.67
02/04/2022,29.35,"7,231,090",29.46,29.71,28.96
02/03/2022,29.74,"9,597,344",29.565,30.19,29.425
02/02/2022,29.6,"8,064,468",28.89,29.655,28.89
02/01/2022,28.83,"7,493,782",29.16,29.35,28.57
01/31/2022,29.18,"13,156,320",29.02,29.22,28.695
01/28/2022,29.27,"16,433,670",28.25,29.27,28.25
01/27/2022,27.97,"7,021,207",27.67,28.13,27.56
01/26/2022,27.33,"5,749,844",27.15,27.64,27.04
01/25/2022,27.14,"8,125,069",27.01,27.295,26.755
01/24/2022,27.04,"9,006,650",27.3,27.53,26.41
01/21/2022,27.53,"5,027,012",27.99,28.065,27.45
01/20/2022,27.84,"4,786,441",27.97,28.21,27.785
01/19/2022,27.94,"5,016,098",28.16,28.25,27.77
01/18/2022,28.16,"4,624,373",28.21,28.3,27.82
01/14/2022,28.33,"5,641,939",28.28,28.4,28.13
01/13/2022,28.33,"5,476,445",27.96,28.44,27.905
01/12/2022,27.95,"4,115,099",27.7,28.02,27.615
01/11/2022,27.81,"5,969,616",27.76,27.85,27.355
01/10/2022,27.77,"6,248,820",27.87,28.015,27.64
01/07/2022,27.87,"3,838,122",27.65,27.97,27.42
01/06/2022,27.65,"2,562,224",27.86,27.89,27.61
01/05/2022,27.77,"3,742,699",27.75,27.965,27.62
01/04/2022,27.62,"3,840,368",27.58,27.88,27.51
01/03/2022,27.52,"2,972,268",27.6,27.625,27.2
12/31/2021,27.61,"2,686,688",27.54,27.75,27.47
12/30/2021,27.55,"2,503,755",27.79,27.85,27.42
12/29/2021,27.7,"3,222,044",27.44,27.7,27.29
12/28/2021,27.36,"1,666,646",27.08,27.36,27.08
12/27/2021,27.07,"3,176,567",26.86,27.105,26.8
12/23/2021,26.87,"2,113,195",26.99,27.09,26.835
12/22/2021,26.92,"1,871,419",26.77,26.98,26.71
12/21/2021,26.82,"3,642,850",27.2,27.3,26.765
12/20/2021,27.03,"4,300,424",26.64,27.07,26.515
12/17/2021,26.88,"7,150,572",26.77,27.055,26.74
12/16/2021,26.91,"5,271,697",26.62,27.115,26.6
12/15/2021,26.6,"3,728,247",26.31,26.62,26.175
12/14/2021,26.21,"4,437,984",26.3,26.47,26.14
12/13/2021,26.27,"3,354,812",25.97,26.38,25.91
12/10/2021,25.93,"3,904,219",25.99,26.05,25.8
12/09/2021,25.85,"4,060,283",25.86,26.0,25.69
12/08/2021,25.81,"5,971,837",25.89,26.01,25.77
12/07/2021,25.83,"4,674,261",25.64,25.995,25.52
12/06/2021,25.68,"3,604,521",25.31,25.82,25.25
12/03/2021,25.1,"4,730,044",24.97,25.155,24.775
12/02/2021,24.82,"5,562,633",24.49,25.04,24.43
12/01/2021,24.4,"5,812,573",24.76,25.14,24.38
11/30/2021,24.51,"6,013,779",25.07,25.105,24.49
11/29/2021,25.25,"4,959,502",25.125,25.33,24.805
11/26/2021,24.99,"1,713,158",25.23,25.34,24.94
11/24/2021,25.47,"2,289,114",25.58,25.62,25.41
11/23/2021,25.54,"2,697,158",25.57,25.86,25.41
11/22/2021,25.47,"5,689,657",25.25,25.585,25.09
11/19/2021,25.22,"10,134,410",25.08,25.24,24.95
11/18/2021,25.12,"2,403,974",25.31,25.405,25.05
11/17/2021,25.29,"4,132,688",25.15,25.325,25.11
11/16/2021,25.28,"2,327,259",25.65,25.675,25.26
11/15/2021,25.54,"3,636,093",25.27,25.57,25.175
11/12/2021,25.08,"4,483,708",25.05,25.21,24.98
11/11/2021,25.09,"2,748,964",25.3,25.3,24.94
11/10/2021,25.31,"3,497,460",25.14,25.39,25.1
11/09/2021,25.03,"6,084,506",25.12,25.21,24.98
11/08/2021,25.07,"3,434,466",25.36,25.38,24.855
11/05/2021,25.31,"4,811,804",25.23,25.46,25.12
11/04/2021,25.07,"5,797,300",25.36,25.37,24.77
11/03/2021,25.29,"6,673,184",24.91,25.61,24.83
11/02/2021,24.74,"4,268,628",24.93,24.935,24.62
11/01/2021,24.83,"3,017,515",24.65,24.9,24.6
10/29/2021,24.67,"3,494,350",24.59,24.8,24.535
10/28/2021,24.68,"3,112,252",24.67,24.7,24.55
10/27/2021,24.84,"2,930,970",25.0,25.04,24.77
10/26/2021,24.96,"3,200,316",25.0,25.135,24.9
10/25/2021,24.97,"2,233,648",25.0,25.09,24.83
10/22/2021,25.05,"3,150,033",24.91,25.14,24.87
10/21/2021,24.9,"3,952,726",24.9,25.005,24.82
10/20/2021,24.91,"2,975,960",24.73,25.04,24.69
10/19/2021,24.64,"2,061,287",24.61,24.66,24.47
10/18/2021,24.51,"3,059,519",24.76,24.785,24.44
10/15/2021,24.88,"2,991,598",24.9,25.005,24.75
10/14/2021,24.9,"4,533,320",24.76,25.06,24.72
10/13/2021,24.69,"4,792,254",24.6,24.805,24.5
10/12/2021,24.36,"3,914,797",24.3,24.51,24.24
10/11/2021,24.34,"2,184,107",24.43,24.53,24.265
10/08/2021,24.43,"2,681,689",24.51,24.63,24.41
10/07/2021,24.56,"3,426,587",24.67,24.83,24.5
10/06/2021,24.65,"3,324,986",24.26,24.695,24.02
10/05/2021,24.39,"4,760,494",24.57,24.63,24.26
10/04/2021,24.59,"5,050,738",24.34,24.73,24.27
10/01/2021,24.3,"4,756,959",24.42,24.48,24.175
09/30/2021,24.23,"4,207,319",24.31,24.38,24.07
09/29/2021,24.23,"3,378,391",23.88,24.33,23.77
09/28/2021,23.84,"4,064,603",23.89,24.04,23.65
09/27/2021,23.88,"4,850,866",24.12,24.415,23.815
09/24/2021,24.01,"3,415,832",23.94,24.13,23.815
09/23/2021,23.91,"3,088,392",24.17,24.29,23.88
09/22/2021,24.13,"3,760,264",24.1,24.3,23.935
09/21/2021,24.0,"3,588,633",24.01,24.215,23.905
09/20/2021,23.93,"3,180,559",23.92,24.215,23.665
09/17/2021,24.03,"6,367,530",24.11,24.19,23.97
09/16/2021,24.05,"3,151,619",24.29,24.47,24.02
09/15/2021,24.19,"4,414,977",24.31,24.52,24.17
09/14/2021,24.31,"3,594,013",24.79,24.875,24.195
09/13/2021,24.71,"3,986,130",24.74,25.075,24.595
09/10/2021,24.61,"3,289,073",25.04,25.12,24.59
09/09/2021,25.04,"3,525,337",25.12,25.17,25.02
09/08/2021,25.1,"2,686,655",24.62,25.225,24.6
09/07/2021,24.72,"3,552,337",24.96,25.02,24.66
09/03/2021,25.06,"2,177,718",25.31,25.315,25.055
09/02/2021,25.38,"2,320,430",25.26,25.41,25.235
09/01/2021,25.21,"3,221,264",24.77,25.21,24.672
08/31/2021,24.65,"4,701,223",24.71,24.88,24.54
08/30/2021,24.76,"2,734,193",24.81,24.885,24.65
08/27/2021,24.82,"2,510,522",24.82,24.925,24.75
08/26/2021,24.77,"4,043,437",24.98,25.1,24.67
08/25/2021,25.03,"2,960,244",25.1,25.15,24.88
08/24/2021,25.18,"3,779,073",25.28,25.29,24.9
08/23/2021,25.34,"2,526,632",25.71,25.735,25.34
08/20/2021,25.71,"2,212,888",25.48,25.755,25.33
08/19/2021,25.5,"4,638,539",25.46,25.85,25.42
08/18/2021,25.47,"2,999,474",25.75,25.75,25.405
08/17/2021,25.69,"3,190,192",25.54,25.765,25.51
08/16/2021,25.64,"2,319,970",25.51,25.76,25.38
08/13/2021,25.47,"1,301,189",25.3,25.55,25.26
08/12/2021,25.29,"1,719,604",25.4,25.47,25.21
08/11/2021,25.36,"2,277,926",25.07,25.42,25.06
08/10/2021,25.07,"2,406,789",25.21,25.24,25.02
08/09/2021,25.24,"1,870,495",25.45,25.52,25.08
08/06/2021,25.4,"1,570,046",25.5,25.71,25.39
08/05/2021,25.44,"1,979,840",25.16,25.475,25.125
08/04/2021,25.25,"2,709,117",25.205,25.31,24.835
08/03/2021,25.31,"2,861,254",25.26,25.48,25.04
08/02/2021,25.13,"3,218,202",24.82,25.26,24.79
07/30/2021,24.77,"10,273,860",25.2,25.37,24.62
07/29/2021,25.2,"2,123,667",25.39,25.45,25.135
07/28/2021,25.5,"2,098,276",25.61,25.66,25.26
07/27/2021,25.6,"2,528,559",25.21,25.68,25.1
07/26/2021,25.24,"2,560,909",25.15,25.31,25.08
07/23/2021,25.21,"2,402,641",24.96,25.28,24.9
07/22/2021,24.88,"2,649,609",24.74,24.97,24.74
07/21/2021,24.79,"2,303,285",25.19,25.29,24.78
07/20/2021,25.17,"4,098,941",25.01,25.445,24.99
07/19/2021,24.96,"3,461,653",25.58,25.77,24.62
07/16/2021,25.75,"3,135,594",25.64,25.93,25.5301
07/15/2021,25.56,"3,191,488",25.09,25.6,25.03
07/14/2021,25.18,"1,979,091",24.96,25.255,24.74
07/13/2021,24.97,"2,391,360",25.19,25.25,24.95
07/12/2021,25.24,"1,945,630",24.98,25.29,24.92
07/09/2021,25.14,"2,711,591",25.11,25.17,24.825
07/08/2021,24.95,"3,150,177",24.92,25.07,24.83
07/07/2021,25.03,"2,359,066",24.78,25.075,24.66
07/06/2021,24.87,"2,583,008",24.78,24.92,24.41
07/02/2021,24.83,"2,097,071",24.84,24.86,24.58
07/01/2021,24.8,"3,129,863",24.54,24.975,24.44
06/30/2021,24.5,"3,683,444",24.66,24.72,24.34
06/29/2021,24.64,"2,556,751",25.17,25.225,24.525
06/28/2021,25.16,"1,890,543",25.18,25.29,25.05
06/25/2021,25.1,"4,057,598",24.83,25.12,24.8
06/24/2021,24.84,"2,687,596",24.86,24.95,24.66
06/23/2021,24.86,"2,848,081",25.16,25.2,24.85
06/22/2021,25.15,"2,903,227",25.39,25.48,25.12
06/21/2021,25.39,"4,547,969",25.06,25.44,24.91
06/18/2021,25.02,"5,017,293",25.62,25.72,24.96
06/17/2021,25.88,"2,640,354",25.81,26.0,25.695
06/16/2021,25.81,"2,485,500",26.24,26.33,25.78
06/15/2021,26.16,"6,423,226",26.1,26.375,26.07
06/14/2021,26.03,"3,274,948",26.0,26.155,25.825
06/11/2021,26.01,"7,275,171",25.76,26.025,25.695
06/10/2021,25.75,"2,961,289",25.63,25.87,25.56
06/09/2021,25.62,"2,430,421",25.52,25.7,25.405
06/08/2021,25.42,"2,929,177",25.57,25.625,25.2
06/07/2021,25.51,"2,379,109",25.52,25.555,25.42
06/04/2021,25.49,"2,943,953",25.49,25.63,25.4
06/03/2021,25.48,"4,438,221",25.43,25.58,25.32
06/02/2021,25.55,"4,964,439",25.52,25.68,25.35
06/01/2021,25.43,"2,582,246",25.55,25.64,25.34
05/28/2021,25.5,"3,960,172",25.67,25.74,25.45
05/27/2021,25.51,"4,494,732",25.62,25.76,25.43
05/26/2021,25.46,"3,109,003",25.37,25.53,25.32
05/25/2021,25.33,"3,121,222",25.52,25.55,25.205
05/24/2021,25.56,"3,622,736",25.48,25.68,25.42
05/21/2021,25.42,"2,522,503",25.36,25.455,25.145
05/20/2021,25.32,"3,108,368",25.17,25.44,25.145
05/19/2021,25.18,"3,579,741",25.31,25.31,24.842
05/18/2021,25.25,"2,527,667",25.4,25.435,25.19
05/17/2021,25.45,"3,678,658",25.71,25.82,25.43
05/14/2021,25.75,"2,205,329",25.78,25.9915,25.735
05/13/2021,25.76,"2,647,037",25.38,25.9,25.23
05/12/2021,25.4,"2,221,703",25.88,25.89,25.36
05/11/2021,25.81,"4,929,400",26.41,26.47,25.63
05/10/2021,26.47,"4,859,216",26.08,26.6,26.0
05/07/2021,25.98,"3,537,264",25.67,26.14,25.62
05/06/2021,25.76,"3,907,477",25.93,26.0,25.705
05/05/2021,25.78,"3,066,672",26.24,26.24,25.55
05/04/2021,25.94,"5,108,652",26.01,26.11,25.635
05/03/2021,25.9,"3,916,834",25.98,26.19,25.78
04/30/2021,26.02,"5,759,951",25.89,26.02,25.71
04/29/2021,25.76,"6,294,645",25.47,25.925,25.47
04/28/2021,25.61,"4,469,716",25.62,25.775,25.4
04/27/2021,25.56,"3,974,296",25.62,25.68,25.4
04/26/2021,25.67,"2,779,060",25.84,25.84,25.58
04/23/2021,25.72,"3,216,837",25.65,26.095,25.6
04/22/2021,25.9,"3,253,359",26.09,26.24,25.89
04/21/2021,26.03,"5,606,681",26.23,26.3,25.7326
04/20/2021,26.18,"4,203,770",25.83,26.28,25.74
04/19/2021,25.74,"3,587,389",25.7,25.845,25.51
04/16/2021,25.62,"3,938,005",25.65,25.905,25.6
04/15/2021,25.58,"4,182,031",25.31,25.71,25.1
04/14/2021,25.26,"14,761,340",24.6,25.3966,24.55
04/13/2021,24.51,"16,849,900",23.71,24.83,23.48
04/12/2021,24.75,"1,922,640",24.78,24.87,24.64
04/09/2021,24.71,"2,135,240",24.72,24.94,24.555
04/08/2021,24.65,"3,381,271",24.7,24.78,24.505
04/07/2021,24.63,"2,015,820",24.54,24.68,24.475
04/06/2021,24.52,"2,042,981",24.29,24.54,24.22
04/05/2021,24.43,"2,421,873",24.11,24.52,24.11
04/01/2021,24.07,"2,022,365",24.06,24.11,23.815
03/31/2021,24.11,"2,941,568",23.92,24.18,23.84
03/30/2021,23.99,"2,282,577",24.09,24.09,23.73
03/29/2021,24.15,"3,437,820",23.84,24.28,23.715
03/26/2021,23.8,"4,625,538",24.37,24.37,23.55
03/25/2021,24.36,"3,945,067",24.0,24.46,23.86
03/24/2021,23.88,"6,746,626",23.43,24.08,23.37
03/23/2021,23.52,"5,810,708",23.4,23.71,23.18
03/22/2021,23.42,"4,649,750",24.04,24.04,23.14
03/19/2021,23.69,"10,310,960",23.59,24.0,23.44
03/18/2021,23.57,"6,476,564",23.43,23.81,23.27
03/17/2021,23.45,"8,248,581",23.45,23.82,23.29
03/16/2021,23.45,"5,562,309",22.98,23.49,22.95
03/15/2021,23.03,"4,065,112",22.66,23.29,22.58
03/12/2021,22.55,"3,924,151",22.33,22.74,22.28
03/11/2021,22.2,"3,592,239",22.05,22.4789,22.01
03/10/2021,22.13,"5,152,792",22.03,22.3,21.94
03/09/2021,22.03,"5,633,382",22.05,22.11,21.86
03/08/2021,22.04,"6,788,245",21.98,22.16,21.79
03/05/2021,21.86,"4,956,836",21.6,21.98,21.51
03/04/2021,21.5,"5,467,114",21.64,21.95,21.35
03/03/2021,21.57,"5,396,003",21.67,21.72,21.11
03/02/2021,21.77,"3,950,206",22.02,22.03,21.645
03/01/2021,22.0,"4,104,646",21.76,22.235,21.76
02/26/2021,21.6,"5,016,323",22.26,22.26,21.54
02/25/2021,22.11,"3,503,036",22.19,22.43,22.0325
02/24/2021,22.18,"3,223,179",22.6,22.64,22.17
02/23/2021,22.61,"2,359,897",22.56,22.81,22.26
02/22/2021,22.38,"2,662,816",22.8,22.9,22.025
02/19/2021,22.84,"3,396,898",22.88,23.23,22.67
02/18/2021,22.84,"2,581,981",22.69,23.04,22.52
02/17/2021,22.67,"1,996,154",22.62,22.7865,22.07
02/16/2021,22.38,"3,022,415",22.44,22.68,22.33
02/12/2021,22.53,"1,977,552",22.72,22.89,22.41
02/11/2021,22.75,"2,797,605",22.4,22.77,22.4
02/10/2021,22.47,"2,112,774",22.53,22.595,22.29
02/09/2021,22.36,"1,884,190",22.4,22.44,22.04
02/08/2021,22.32,"2,065,149",22.61,22.675,22.2
02/05/2021,22.8,"2,870,795",22.85,22.945,22.64
02/04/2021,22.76,"3,188,187",22.19,22.77,22.01
02/03/2021,22.26,"2,117,289",22.43,22.49,22.11
02/02/2021,22.47,"3,318,838",22.27,22.73,22.08
02/01/2021,22.22,"2,693,550",22.17,22.31,22.01
01/29/2021,22.15,"5,158,897",21.7,22.275,21.475
01/28/2021,22.17,"4,151,073",21.4,22.65,21.27
01/27/2021,21.26,"3,934,089",21.59,21.8,21.09
01/26/2021,21.71,"2,439,089",22.09,22.13,21.66
01/25/2021,22.11,"3,189,226",21.93,22.25,21.67
01/22/2021,21.93,"2,175,834",21.81,22.0,21.63
01/21/2021,21.92,"2,792,403",22.21,22.35,21.76
01/20/2021,22.38,"3,170,472",22.29,22.57,22.25
01/19/2021,22.46,"3,899,888",23.02,23.02,22.3
01/15/2021,22.93,"6,053,232",21.85,23.05,21.73
01/14/2021,21.86,"2,586,239",22.01,22.01,21.61
01/13/2021,22.01,"2,756,137",21.86,22.19,21.64
01/12/2021,21.87,"3,365,186",21.83,22.055,21.47
01/11/2021,21.88,"3,242,034",21.71,21.97,21.65
01/08/2021,21.81,"3,282,150",22.05,22.13,21.655
01/07/2021,22.13,"3,047,935",23.06,23.14,22.07
01/06/2021,23.02,"2,350,461",22.65,23.16,22.6
01/05/2021,22.52,"2,731,249",22.58,22.69,22.32
01/04/2021,22.58,"3,363,250",22.93,22.9499,22.47
12/31/2020,22.94,"1,812,582",22.59,22.96,22.475
12/30/2020,22.55,"2,217,440",22.31,22.61,22.16
12/29/2020,22.34,"2,639,232",22.32,22.57,22.27
12/28/2020,22.3,"2,392,419",22.18,22.48,22.1
12/24/2020,22.09,"1,097,752",21.9,22.13,21.63
12/23/2020,21.91,"3,564,207",21.78,22.16,21.73
12/22/2020,21.71,"2,859,619",21.54,21.7389,21.18
12/21/2020,21.53,"4,111,042",22.09,22.29,21.42
12/18/2020,22.4,"4,378,886",22.81,22.93,22.3
12/17/2020,22.81,"1,731,569",22.9,23.11,22.81
12/16/2020,22.8,"1,719,012",23.31,23.47,22.765
12/15/2020,23.2,"2,073,287",22.76,23.25,22.56
12/14/2020,22.65,"2,694,772",23.13,23.39,22.65
12/11/2020,22.89,"3,952,504",22.5,22.93,22.5
12/10/2020,22.57,"4,347,193",23.13,23.19,22.46
12/09/2020,23.2,"3,286,673",23.26,23.46,23.075
12/08/2020,23.21,"4,285,074",23.78,23.9,23.19
12/07/2020,23.92,"3,224,180",23.9,24.06,23.755
12/04/2020,24.0,"2,529,724",24.38,24.47,23.965
12/03/2020,24.36,"2,566,231",24.53,24.805,24.33
12/02/2020,24.62,"1,954,098",24.41,24.7,24.31
12/01/2020,24.49,"2,108,485",24.33,24.69,24.29
11/30/2020,24.2,"3,601,188",24.36,24.5,24.025
11/27/2020,24.51,"880,069",24.77,24.78,24.345
11/25/2020,24.9,"2,049,134",24.95,24.98,24.555
11/24/2020,24.94,"3,416,361",24.52,25.29,24.34
11/23/2020,24.31,"3,207,897",23.92,24.47,23.87
11/20/2020,23.9,"2,645,131",23.57,24.0,23.5
11/19/2020,23.6,"1,795,504",23.86,23.93,23.455
11/18/2020,23.96,"2,450,021",25.04,25.12,23.93
11/17/2020,24.75,"3,132,392",24.38,25.05,24.34
11/16/2020,24.62,"3,528,020",24.92,24.92,24.415
11/13/2020,24.47,"2,518,399",23.99,24.5,23.89
11/12/2020,23.87,"2,842,603",24.51,24.51,23.685
11/11/2020,24.64,"3,017,970",25.17,25.21,24.525
11/10/2020,25.07,"4,389,648",24.24,25.12,24.11
11/09/2020,24.11,"4,572,562",24.24,24.99,24.09
11/06/2020,23.22,"3,809,389",23.62,23.85,23.185
11/05/2020,23.65,"3,431,476",23.84,24.22,23.64
11/04/2020,23.65,"4,166,546",23.95,24.35,23.555
11/03/2020,24.03,"2,863,877",23.79,24.26,23.635
11/02/2020,23.45,"3,082,856",23.22,23.6,22.95
10/30/2020,22.97,"3,603,889",22.9,23.12,22.65
10/29/2020,22.96,"3,324,244",22.84,23.225,22.48
10/28/2020,23.18,"4,575,877",23.95,24.3,23.12
10/27/2020,24.26,"3,312,362",24.26,24.52,24.14
10/26/2020,24.25,"2,611,749",24.13,24.285,23.945
10/23/2020,24.31,"2,483,747",24.2,24.365,24.0
10/22/2020,24.04,"3,060,065",23.59,24.115,23.425
10/21/2020,23.58,"2,310,991",23.48,23.79,23.33
10/20/2020,23.6,"2,354,842",23.59,23.69,23.2008
10/19/2020,23.47,"2,896,923",23.82,23.85,23.36
10/16/2020,23.5,"2,100,189",23.37,23.685,23.235
10/15/2020,23.39,"2,257,864",23.11,23.51,22.935
10/14/2020,23.3,"3,167,539",23.13,23.33,23.03
10/13/2020,23.11,"3,345,732",22.85,23.13,22.745
10/12/2020,23.08,"3,341,362",22.49,23.16,22.44
10/09/2020,22.49,"2,800,302",22.41,22.6,22.22
10/08/2020,22.36,"4,468,213",22.15,22.485,22.07
10/07/2020,22.05,"4,345,465",22.43,22.52,21.98
10/06/2020,22.41,"2,544,947",22.04,22.795,21.95
10/05/2020,21.99,"4,582,531",22.17,22.25,21.85
10/02/2020,22.14,"4,625,123",21.79,22.32,21.67
10/01/2020,22.0,"6,901,379",22.03,22.09,21.635
09/30/2020,22.0,"3,854,469",22.13,22.29,21.96
09/29/2020,21.96,"2,867,604",21.97,22.125,21.605
09/28/2020,21.85,"3,639,908",22.18,22.28,21.84
09/25/2020,22.14,"2,787,698",21.51,22.2,21.47
09/24/2020,21.65,"2,134,471",21.6,21.805,21.285
09/23/2020,21.61,"3,731,529",22.39,22.52,21.59
09/22/2020,22.08,"2,580,264",22.23,22.345,21.89
09/21/2020,22.2,"3,942,810",21.82,22.335,21.47
09/18/2020,21.98,"5,579,589",22.32,22.645,21.91
09/17/2020,22.42,"2,979,089",22.18,22.44,21.99
09/16/2020,22.26,"4,725,943",22.12,22.52,22.1
09/15/2020,22.11,"3,245,219",22.43,22.615,21.995
09/14/2020,22.38,"3,856,449",22.18,22.56,22.15
09/11/2020,22.04,"2,269,141",21.91,22.13,21.77
09/10/2020,21.88,"2,584,746",21.99,22.11,21.855
09/09/2020,22.11,"2,647,420",22.13,22.43,21.99
09/08/2020,21.97,"3,051,985",22.31,22.33,21.78
09/04/2020,22.28,"2,861,256",22.46,22.765,22.15
09/03/2020,22.42,"3,209,312",22.46,22.87,22.16
09/02/2020,22.27,"4,552,191",21.4,22.38,21.38
09/01/2020,21.39,"3,275,191",22.05,22.05,21.31
08/31/2020,22.16,"3,110,175",22.25,22.42,21.995
08/28/2020,22.35,"2,719,850",22.25,22.39,21.86
08/27/2020,22.18,"3,324,575",22.29,22.42,21.95
08/26/2020,22.19,"2,776,806",22.59,22.61,22.09
08/25/2020,22.74,"2,197,009",23.04,23.04,22.66
08/24/2020,23.03,"3,208,434",22.74,23.05,22.49
08/21/2020,22.72,"2,795,084",23.08,23.08,22.59
08/20/2020,22.97,"3,243,320",23.28,23.38,22.89
08/19/2020,23.44,"1,960,052",23.62,23.62,23.34
08/18/2020,23.58,"2,159,945",23.95,24.02,23.44
08/17/2020,23.96,"1,886,845",24.13,24.29,23.95
08/14/2020,24.12,"1,504,119",24.33,24.335,24.055
08/13/2020,24.35,"2,311,139",24.56,24.7,24.23
08/12/2020,24.75,"2,890,266",24.48,24.78,24.32
08/11/2020,24.29,"2,918,443",24.95,24.95,24.17
08/10/2020,24.81,"2,771,913",24.83,24.94,24.53
08/07/2020,24.75,"3,434,000",24.18,25.08,24.18
08/06/2020,24.34,"2,846,448",24.19,24.415,23.9091
08/05/2020,24.36,"4,103,734",24.6,25.13,23.98
08/04/2020,24.15,"3,290,554",23.86,24.35,23.86
08/03/2020,23.98,"2,249,538",24.36,24.385,23.77
07/31/2020,24.45,"2,575,703",24.44,24.565,24.035
07/30/2020,24.49,"1,880,907",24.33,24.495,24.08
07/29/2020,24.76,"1,764,579",24.76,24.81,24.51
07/28/2020,24.67,"1,802,548",24.16,24.815,24.15
07/27/2020,24.28,"1,422,696",24.5,24.5,24.15
07/24/2020,24.54,"2,722,229",24.88,25.31,24.41
07/23/2020,24.74,"3,559,152",24.64,24.82,24.46
07/22/2020,24.64,"3,395,339",23.77,24.815,23.525
07/21/2020,23.81,"3,085,162",23.7,24.2,23.69
07/20/2020,23.75,"2,535,926",24.22,24.23,23.72
07/17/2020,24.34,"1,867,324",23.99,24.41,23.89
07/16/2020,23.85,"1,749,507",23.74,24.16,23.66
07/15/2020,23.72,"3,111,223",23.97,24.24,23.69
07/14/2020,23.75,"5,504,811",24.08,24.26,23.61
07/13/2020,24.02,"5,628,451",23.58,24.13,23.51
07/10/2020,23.57,"3,070,824",22.89,23.615,22.89
07/09/2020,22.95,"2,886,076",23.19,23.2888,22.63
07/08/2020,23.38,"3,755,550",23.3,23.445,23.08
07/07/2020,23.33,"3,190,874",23.02,23.4,22.91
07/06/2020,23.29,"2,576,426",23.49,23.78,22.95
07/02/2020,23.36,"2,353,938",23.6,23.78,23.3
07/01/2020,23.46,"3,927,665",22.73,23.61,22.72
06/30/2020,22.74,"3,340,312",22.7,22.96,22.522
06/29/2020,22.69,"1,892,511",22.57,22.75,22.345
06/26/2020,22.35,"7,111,333",22.34,22.49,22.0
06/25/2020,22.33,"3,687,074",22.34,22.37,21.51
06/24/2020,22.4,"2,590,022",22.62,22.75,22.09
06/23/2020,22.85,"2,729,870",23.55,23.55,22.76
06/22/2020,23.23,"2,114,232",22.89,23.3,22.66
06/19/2020,22.97,"5,728,310",24.16,24.16,22.94
06/18/2020,23.73,"1,997,262",23.37,23.77,23.35
06/17/2020,23.55,"2,036,943",23.7,23.755,23.29
06/16/2020,23.64,"2,606,408",24.12,24.42,23.515
06/15/2020,23.48,"3,139,457",22.84,23.61,22.48
06/12/2020,23.26,"2,521,738",23.64,23.71,22.72
06/11/2020,23.12,"2,414,892",23.87,23.98,22.98
06/10/2020,24.41,"2,504,332",24.84,25.02,24.38
06/09/2020,24.83,"2,028,694",25.33,25.33,24.66
06/08/2020,25.61,"1,945,240",25.12,25.67,24.78
06/05/2020,25.08,"2,665,559",25.04,25.68,25.01
06/04/2020,24.62,"3,247,076",25.06,25.16,24.33
06/03/2020,25.32,"3,984,020",24.9,25.615,24.81
06/02/2020,24.72,"3,544,611",24.47,24.77,24.27
06/01/2020,24.21,"2,402,420",23.8,24.43,23.69
05/29/2020,23.83,"5,885,783",23.85,24.09,23.63
05/28/2020,24.02,"3,594,637",23.69,24.07,23.56
05/27/2020,23.32,"4,091,811",23.75,23.86,23.02
05/26/2020,23.39,"1,890,702",23.44,23.8301,23.3
05/22/2020,23.09,"1,899,231",22.93,23.13,22.84
05/21/2020,22.99,"2,284,909",22.98,23.46,22.93
05/20/2020,23.08,"1,895,159",23.11,23.475,22.96
05/19/2020,23.05,"2,647,046",23.07,23.37,22.91
05/18/2020,23.17,"3,931,799",22.94,23.58,22.92
05/15/2020,22.37,"9,315,567",22.36,22.6,21.445
05/14/2020,22.49,"3,434,655",22.27,22.58,21.57
05/13/2020,22.41,"4,270,651",22.68,22.68,21.99
05/12/2020,22.77,"3,727,612",23.52,23.565,22.685
05/11/2020,23.49,"5,410,316",23.12,23.725,22.73
05/08/2020,23.27,"3,748,904",23.13,23.385,22.97
05/07/2020,22.9,"4,612,803",23.34,23.62,22.85
05/06/2020,22.92,"4,410,155",24.63,24.64,22.86
05/05/2020,24.53,"3,466,556",24.48,24.845,24.43
05/04/2020,24.4,"2,369,543",24.42,24.66,24.1
05/01/2020,24.47,"2,207,349",24.87,24.88,24.17
04/30/2020,25.11,"2,955,662",25.68,25.71,24.98
04/29/2020,25.93,"3,219,721",27.24,27.24,25.85
04/28/2020,26.85,"3,014,833",26.81,27.04,26.59
04/27/2020,26.25,"2,151,280",26.18,26.42,25.95
04/24/2020,26.03,"3,993,112",25.48,26.11,25.31
04/23/2020,25.85,"3,341,663",25.91,26.15,25.46
04/22/2020,26.01,"2,917,618",25.84,26.17,25.41
04/21/2020,25.38,"2,636,299",24.96,25.69,24.96
04/20/2020,25.48,"2,644,328",26.14,26.36,25.29
04/17/2020,26.38,"2,435,448",26.55,26.87,25.89
04/16/2020,25.93,"4,369,550",25.66,26.2,25.23
04/15/2020,25.45,"2,286,696",26.07,26.07,25.34
04/14/2020,26.62,"2,106,761",26.27,26.67,26.01
04/13/2020,25.71,"1,527,698",26.17,26.44,25.53
04/09/2020,26.58,"2,784,648",25.76,27.05,25.76
04/08/2020,25.47,"1,920,245",24.24,25.64,23.94
04/07/2020,24.11,"3,168,653",25.11,25.28,23.92
04/06/2020,24.55,"2,894,609",23.36,24.885,23.23
04/03/2020,22.49,"4,164,967",23.2,23.365,22.34
04/02/2020,23.49,"4,229,432",22.74,23.945,22.725
04/01/2020,23.06,"3,460,648",23.99,24.54,22.48
03/31/2020,24.97,"3,857,023",25.65,25.89,24.83
03/30/2020,26.08,"3,376,558",25.14,26.245,24.72
03/27/2020,24.76,"4,955,109",23.79,25.58,23.66
03/26/2020,24.55,"3,938,670",22.74,24.81,22.74
03/25/2020,22.83,"4,885,522",21.81,23.5,20.26
03/24/2020,21.94,"4,950,834",21.46,22.14,20.39
03/23/2020,20.86,"5,597,879",20.82,21.59,20.25
03/20/2020,21.0,"3,988,134",23.49,24.21,20.79
03/19/2020,23.36,"4,183,289",23.58,24.032,21.235
03/18/2020,23.6,"5,782,387",23.31,23.93,22.16
03/17/2020,24.57,"6,849,439",21.53,24.88,20.43
03/16/2020,20.94,"5,235,900",20.76,23.74,19.56
03/13/2020,25.18,"3,373,562",25.16,25.19,23.42
03/12/2020,24.02,"5,799,233",25.47,26.02,23.94
03/11/2020,27.1,"4,057,353",27.89,28.05,26.755
03/10/2020,28.52,"7,176,098",27.91,28.62,27.1
03/09/2020,27.69,"7,440,055",28.02,28.49,26.85
03/06/2020,29.46,"6,803,996",28.85,29.63,28.52
03/05/2020,29.63,"4,713,423",29.38,30.1,29.19
03/04/2020,29.86,"3,591,575",28.75,29.88,28.71
03/03/2020,28.38,"4,823,067",28.58,29.1,28.14
03/02/2020,28.56,"7,194,574",27.02,28.56,26.89
02/28/2020,27.02,"12,727,810",27.05,27.56,26.21
02/27/2020,27.3,"6,725,876",27.7,28.73,27.3
02/26/2020,27.75,"10,577,960",27.66,29.21,26.51
02/25/2020,28.38,"4,048,250",29.26,29.29,28.38
02/24/2020,29.25,"3,224,675",29.74,29.82,29.105
02/21/2020,29.88,"3,735,244",30.02,30.225,29.8
02/20/2020,30.05,"1,998,667",29.98,30.095,29.865
02/19/2020,30.02,"1,511,740",30.14,30.24,30.01
02/18/2020,30.21,"2,740,977",30.35,30.46,30.12
02/14/2020,30.21,"3,826,172",30.26,30.29,30.06
02/13/2020,30.19,"1,825,317",29.83,30.19,29.78
02/12/2020,29.83,"2,272,376",29.72,29.85,29.58
02/11/2020,29.93,"2,265,494",29.92,30.15,29.84
02/10/2020,29.86,"2,213,719",29.71,29.86,29.49
02/07/2020,29.8,"2,802,245",29.95,30.11,29.76
02/06/2020,29.85,"2,680,932",29.8,30.01,29.69
02/05/2020,29.77,"3,080,430",29.41,29.82,29.37
02/04/2020,29.48,"3,965,019",29.78,29.915,29.41
02/03/2020,29.79,"3,292,506",29.4,29.835,29.31
01/31/2020,29.31,"3,712,437",29.0,29.34,28.96
01/30/2020,29.1,"3,215,863",29.14,29.27,28.87
01/29/2020,29.19,"2,303,363",29.11,29.235,28.95
01/28/2020,29.12,"2,205,437",28.91,29.24,28.84
01/27/2020,28.89,"2,547,244",29.18,29.34,28.8
01/24/2020,29.08,"3,224,728",29.15,29.205,28.94
01/23/2020,29.19,"3,374,694",29.04,29.2,28.89
01/22/2020,29.06,"2,107,073",29.22,29.25,29.02
01/21/2020,29.19,"2,562,161",29.02,29.22,28.795
01/17/2020,29.04,"2,226,428",28.96,29.13,28.82
01/16/2020,28.84,"2,507,361",28.72,28.92,28.66
01/15/2020,28.69,"3,251,360",28.35,28.885,28.32
01/14/2020,28.18,"2,902,856",27.87,28.18,27.75
01/13/2020,27.86,"3,127,413",27.61,28.05,27.58
01/10/2020,27.64,"2,632,904",27.76,27.86,27.62
01/09/2020,27.75,"3,230,115",27.65,27.86,27.5619
01/08/2020,27.66,"4,566,451",27.68,27.9,27.595
01/07/2020,27.63,"2,937,083",27.64,27.64,27.38
01/06/2020,27.39,"4,366,865",27.43,27.55,27.37
01/03/2020,27.4,"3,440,360",27.12,27.425,27.11
01/02/2020,27.18,"4,197,853",27.93,28.0,27.08
12/31/2019,27.84,"5,308,187",27.55,27.85,27.45
12/30/2019,27.52,"5,741,258",27.2,27.54,27.17
12/27/2019,27.29,"2,893,520",27.34,27.38,27.08
12/26/2019,27.35,"1,472,200",27.45,27.53,27.21
12/24/2019,27.43,"711,834",27.45,27.51,27.29
12/23/2019,27.45,"3,109,474",27.81,27.835,27.215
12/20/2019,27.76,"6,049,902",27.66,27.9,27.49
12/19/2019,27.61,"2,629,849",27.54,27.665,27.4623
12/18/2019,27.55,"3,915,359",27.36,27.575,27.2
12/17/2019,27.26,"2,421,015",27.24,27.44,27.12
12/16/2019,27.17,"2,896,112",26.93,27.17,26.93
12/13/2019,26.88,"3,408,054",26.58,26.9,26.52
12/12/2019,26.67,"3,279,376",26.86,26.985,26.565
12/11/2019,26.89,"3,743,848",27.05,27.105,26.84
12/10/2019,27.0,"4,389,038",26.78,27.03,26.74
12/09/2019,26.72,"2,528,616",26.85,26.99,26.66
12/06/2019,26.8,"3,332,223",26.55,26.81,26.55
12/05/2019,26.65,"3,241,218",26.45,26.66,26.38
12/04/2019,26.5,"3,245,963",26.37,26.61,26.27
12/03/2019,26.41,"3,198,364",26.31,26.48,26.265
12/02/2019,26.18,"4,224,524",26.34,26.37,26.1402
11/29/2019,26.45,"2,098,169",26.58,26.77,26.38
11/27/2019,26.53,"5,700,211",26.44,26.565,26.37
11/26/2019,26.46,"3,807,979",26.55,26.695,26.39
11/25/2019,26.55,"10,147,660",26.41,26.58,26.33
11/22/2019,26.36,"4,076,530",26.3,26.47,26.17
11/21/2019,26.22,"4,694,644",26.07,26.28,25.98
11/20/2019,26.06,"5,497,264",26.04,26.2,25.94
11/19/2019,26.04,"4,890,615",26.24,26.365,26.03
11/18/2019,26.25,"4,019,429",26.52,26.65,26.16
11/15/2019,26.5,"5,107,310",26.3,26.51,26.17
11/14/2019,26.32,"4,103,524",26.42,26.57,26.23
11/13/2019,26.4,"5,105,572",26.16,26.61,26.1
11/12/2019,26.09,"4,460,104",26.05,26.27,25.95
11/11/2019,26.09,"2,841,358",26.44,26.51,26.05
11/08/2019,26.41,"3,582,815",26.57,26.71,26.28
11/07/2019,26.68,"4,038,415",27.05,27.1,26.53
11/06/2019,27.09,"3,722,046",27.06,27.29,26.9
11/05/2019,26.94,"4,674,279",27.17,27.24,26.86
11/04/2019,27.31,"4,059,106",27.68,27.82,27.18
11/01/2019,27.65,"3,134,896",28.04,28.08,27.64
10/31/2019,28.04,"5,399,649",27.72,28.21,27.64
10/30/2019,27.51,"4,860,469",26.99,27.52,26.83
10/29/2019,27.31,"4,105,854",27.5,27.5,27.3
10/28/2019,27.45,"2,759,738",27.88,28.01,27.44
10/25/2019,28.04,"3,278,511",28.23,28.32,27.96
10/24/2019,28.2,"3,678,302",28.19,28.42,28.075
10/23/2019,28.15,"3,686,338",28.36,28.46,28.07
10/22/2019,28.27,"2,687,645",28.22,28.34,28.07
10/21/2019,28.05,"3,267,331",27.96,28.16,27.92
10/18/2019,27.98,"2,696,351",27.97,28.12,27.78
10/17/2019,27.95,"3,537,146",27.97,28.2,27.75
10/16/2019,27.97,"9,406,857",28.1,28.2565,27.8
10/15/2019,28.14,"3,562,791",28.53,28.67,28.0
10/14/2019,28.54,"2,205,431",29.24,29.24,28.41
10/11/2019,29.14,"2,204,967",28.96,29.385,28.895
10/10/2019,29.01,"1,790,679",29.0,29.125,28.775
10/09/2019,29.04,"2,244,040",28.88,29.12,28.725
10/08/2019,28.83,"2,730,903",29.32,29.32,28.82
10/07/2019,29.33,"1,874,698",29.59,29.63,29.295
10/04/2019,29.63,"2,635,513",29.37,29.65,29.19
10/03/2019,29.37,"3,521,650",29.49,29.49,29.14
10/02/2019,29.41,"2,529,366",29.61,29.75,29.37
10/01/2019,29.73,"2,278,906",29.9,29.98,29.68
09/30/2019,29.92,"3,700,614",30.03,30.11,29.82
09/27/2019,30.03,"2,917,053",30.57,30.61,29.75
09/26/2019,30.56,"2,661,601",30.2,30.67,30.16
09/25/2019,30.07,"1,893,632",29.92,30.17,29.855
09/24/2019,29.96,"2,417,340",29.74,30.16,29.66
09/23/2019,29.62,"1,382,237",29.54,29.67,29.45
09/20/2019,29.48,"3,299,202",29.53,29.62,29.35
09/19/2019,29.44,"2,221,773",29.6,29.67,29.33
09/18/2019,29.47,"2,610,377",29.58,29.6,29.29
09/17/2019,29.43,"1,912,270",29.07,29.62,29.07
09/16/2019,29.04,"1,561,454",29.18,29.31,28.99
09/13/2019,29.04,"2,494,495",28.94,29.275,28.86
09/12/2019,29.11,"2,433,962",29.36,29.51,29.05
09/11/2019,29.14,"2,775,512",28.89,29.2675,28.75
09/10/2019,28.97,"3,402,018",28.88,28.97,28.56
09/09/2019,28.91,"1,719,704",29.19,29.32,28.8
09/06/2019,29.33,"3,532,906",29.67,29.72,29.12
09/05/2019,29.67,"2,595,163",29.89,30.15,29.65
09/04/2019,30.21,"1,714,575",30.12,30.33,29.9
09/03/2019,30.06,"3,530,856",29.68,30.07,29.48
08/30/2019,29.55,"1,600,914",29.56,29.675,29.33
08/29/2019,29.44,"2,327,004",29.22,29.53,29.09
08/28/2019,29.1,"3,951,716",29.22,29.35,29.085
08/27/2019,29.24,"1,967,963",29.58,29.62,29.22
08/26/2019,29.42,"1,535,416",29.05,29.43,29.0
08/23/2019,29.02,"2,038,969",29.74,29.78,28.94
08/22/2019,29.64,"1,563,450",29.69,29.75,29.41
08/21/2019,29.66,"1,809,192",29.32,29.665,29.13
08/20/2019,29.32,"2,547,276",29.73,29.73,29.27
08/19/2019,29.63,"2,716,030",29.4,29.76,29.23
08/16/2019,29.42,"9,031,926",29.05,29.53,28.96
08/15/2019,29.03,"3,283,223",28.73,29.16,28.6
08/14/2019,28.69,"4,260,624",28.8,29.08,28.68
08/13/2019,28.71,"4,202,092",28.55,28.82,28.46
08/12/2019,28.65,"4,147,616",28.56,28.91,28.51
08/09/2019,28.57,"3,227,024",28.84,28.95,28.55
08/08/2019,28.8,"8,534,523",27.61,28.84,27.44
08/07/2019,27.63,"5,241,976",28.01,28.01,27.385
08/06/2019,28.1,"11,314,620",28.17,28.265,27.775
08/05/2019,28.11,"7,003,773",29.16,29.35,28.05
08/02/2019,29.71,"3,979,412",29.96,30.18,29.63
08/01/2019,30.04,"3,812,111",29.73,30.34,29.595
07/31/2019,29.69,"3,349,097",29.5,29.955,29.33
07/30/2019,29.58,"2,972,771",29.58,29.8033,29.38
07/29/2019,29.81,"2,258,519",29.65,29.85,29.5
07/26/2019,29.5,"2,028,609",29.42,29.65,29.32
07/25/2019,29.39,"2,024,979",29.57,29.665,29.305
07/24/2019,29.46,"2,921,475",29.61,29.61,29.1
07/23/2019,29.22,"2,159,204",29.12,29.31,29.01
07/22/2019,29.14,"1,649,313",29.34,29.35,29.02
07/19/2019,29.2,"2,245,424",29.55,29.6,29.2
07/18/2019,29.59,"1,788,025",29.26,29.62,29.075
07/17/2019,29.26,"1,327,221",29.23,29.47,29.168
07/16/2019,29.14,"1,646,554",29.31,29.41,28.96
07/15/2019,29.42,"1,070,360",29.25,29.455,29.14
07/12/2019,29.34,"1,161,184",29.57,29.57,29.12
07/11/2019,29.52,"1,218,986",29.56,29.6,29.26
07/10/2019,29.5,"1,977,458",29.56,29.65,29.43
07/09/2019,29.56,"2,066,847",29.43,29.57,29.18
07/08/2019,29.4,"1,758,269",29.46,29.62,29.22
07/05/2019,29.45,"1,476,093",29.22,29.46,28.935
07/03/2019,29.51,"1,344,275",29.18,29.615,29.12
07/02/2019,29.08,"2,648,241",28.63,29.1,28.63
07/01/2019,28.59,"2,467,440",28.75,28.775,28.33
06/28/2019,28.8,"3,556,870",28.56,28.92,28.56
06/27/2019,28.61,"1,933,673",28.75,28.84,28.54
06/26/2019,28.69,"2,871,025",29.25,29.25,28.65
06/25/2019,29.34,"2,175,635",29.4,29.53,29.26
06/24/2019,29.33,"1,575,933",29.46,29.53,29.28
06/21/2019,29.36,"3,722,125",29.35,29.49,29.15
06/20/2019,29.42,"2,652,199",29.6,29.75,29.175
06/19/2019,29.44,"3,563,508",28.89,29.595,28.89
06/18/2019,28.99,"2,961,953",29.41,29.51,28.86
06/17/2019,29.16,"6,361,296",28.8,29.35,28.54
06/14/2019,28.75,"2,390,488",28.52,28.825,28.31
06/13/2019,28.48,"2,594,043",28.6,28.72,28.385
06/12/2019,28.53,"2,116,224",28.32,28.62,28.32
06/11/2019,28.17,"2,084,138",28.42,28.5,28.085
06/10/2019,28.42,"1,558,226",28.47,28.475,28.195
06/07/2019,28.54,"3,615,926",28.83,28.89,28.47
06/06/2019,28.62,"2,108,802",28.57,28.72,28.47
06/05/2019,28.51,"2,877,008",28.22,28.635,27.99
06/04/2019,28.08,"2,103,865",28.08,28.11,27.45
06/03/2019,28.13,"2,800,936",27.95,28.14,27.71
05/31/2019,27.85,"4,042,419",27.61,27.89,27.43
05/30/2019,27.55,"2,436,434",27.43,27.63,27.36
05/29/2019,27.44,"2,757,261",27.97,27.97,27.255
05/28/2019,27.87,"2,744,296",28.51,28.58,27.86
05/24/2019,28.51,"1,705,794",28.54,28.715,28.48
05/23/2019,28.46,"1,973,600",28.4,28.4754,28.1638
05/22/2019,28.38,"1,462,842",28.21,28.42,28.09
05/21/2019,28.12,"1,653,054",28.14,28.34,28.06
05/20/2019,28.16,"2,863,828",28.37,28.49,28.1
05/17/2019,28.29,"8,279,353",28.13,28.425,28.115
05/16/2019,28.19,"2,178,575",28.02,28.33,27.92
05/15/2019,28.06,"1,732,696",28.11,28.28,27.99
05/14/2019,28.04,"2,260,433",28.27,28.39,27.99
05/13/2019,28.3,"2,798,724",28.02,28.35,28.0
05/10/2019,28.08,"2,047,168",27.5,28.1,27.41
05/09/2019,27.51,"2,568,073",27.53,27.66,27.375
05/08/2019,27.47,"3,413,730",27.7,27.73,27.42
05/07/2019,27.74,"2,673,966",27.91,27.93,27.63
05/06/2019,27.88,"2,968,434",27.89,28.18,27.78
05/03/2019,27.86,"2,807,902",27.53,28.01,27.52
05/02/2019,27.58,"5,019,863",27.45,27.83,27.4
05/01/2019,27.4,"5,158,766",27.42,27.766,27.16
04/30/2019,27.78,"7,675,262",27.51,27.87,27.41
04/29/2019,27.46,"2,332,034",27.58,27.605,27.33
04/26/2019,27.88,"1,893,844",27.96,28.1,27.8
04/25/2019,27.84,"2,643,384",27.38,27.87,27.29
04/24/2019,27.51,"2,247,504",27.34,27.61,27.27
04/23/2019,27.3,"3,440,947",27.37,27.47,27.08
04/22/2019,27.31,"2,067,285",27.38,27.47,27.11
04/18/2019,27.56,"1,878,833",27.6,27.76,27.55
04/17/2019,27.59,"2,158,561",27.66,27.725,27.45
04/16/2019,27.6,"2,511,457",27.95,28.05,27.505
04/15/2019,27.98,"2,041,278",28.14,28.21,27.93
04/12/2019,28.07,"2,055,956",28.07,28.08,27.84
04/11/2019,28.04,"1,984,241",27.89,28.06,27.805
04/10/2019,27.87,"2,176,296",28.06,28.19,27.775
04/09/2019,27.96,"1,776,065",28.04,28.155,27.93
04/08/2019,28.01,"2,687,560",28.29,28.37,27.96
04/05/2019,28.26,"2,469,709",27.95,28.28,27.89
04/04/2019,27.91,"1,684,267",28.18,28.19,27.78
04/03/2019,28.07,"2,109,894",28.14,28.24,27.905
04/02/2019,28.22,"2,115,295",28.32,28.36,28.06
04/01/2019,28.18,"2,909,204",28.32,28.67,28.13
03/29/2019,28.66,"3,744,729",28.54,28.78,28.44
03/28/2019,28.54,"3,207,709",28.68,28.81,28.3748
03/27/2019,28.68,"1,735,782",28.82,28.85,28.41
03/26/2019,28.82,"1,751,737",28.63,28.82,28.52
03/25/2019,28.64,"1,775,593",28.59,28.76,28.51
03/22/2019,28.61,"2,561,977",28.47,28.8,28.32
03/21/2019,28.41,"2,472,152",27.93,28.42,27.84
03/20/2019,27.95,"2,038,746",27.87,28.09,27.69
03/19/2019,27.8,"1,874,776",28.02,28.15,27.73
03/18/2019,28.05,"2,177,312",27.93,28.095,27.91
03/15/2019,27.89,"6,268,136",27.78,27.98,27.75
03/14/2019,27.87,"2,864,872",27.96,28.075,27.83
03/13/2019,27.98,"1,693,763",28.01,28.125,27.95
03/12/2019,28.0,"2,079,489",27.81,28.06,27.76
03/11/2019,27.78,"3,008,038",27.42,27.79,27.42
03/08/2019,27.42,"2,183,398",27.33,27.44,27.08
03/07/2019,27.26,"2,217,080",27.14,27.41,27.14
03/06/2019,27.07,"2,664,820",26.96,27.16,26.835
03/05/2019,26.91,"2,328,486",26.96,27.03,26.83
03/04/2019,26.96,"2,405,931",26.96,27.09,26.73
03/01/2019,26.91,"2,451,350",26.9,26.9654,26.5
02/28/2019,26.98,"3,346,469",26.94,27.23,26.87
02/27/2019,26.94,"4,135,279",26.62,27.065,26.59
02/26/2019,26.74,"3,233,653",26.53,26.87,26.44
02/25/2019,26.46,"3,286,809",26.59,26.65,26.28
02/22/2019,26.64,"3,718,508",26.44,26.73,26.35
02/21/2019,26.44,"4,639,921",26.13,26.515,25.915
02/20/2019,26.28,"4,932,826",26.8,26.8,26.15
02/19/2019,26.94,"6,086,523",27.02,27.17,26.4
02/15/2019,27.08,"7,027,384",26.91,27.1,26.85
02/14/2019,26.78,"2,397,207",26.9,26.97,26.62
02/13/2019,26.77,"4,232,707",26.68,26.84,26.61
02/12/2019,26.78,"3,561,167",26.59,26.955,26.425
02/11/2019,26.51,"2,725,571",26.52,26.66,26.34
02/08/2019,26.58,"2,721,371",26.44,26.595,26.34
02/07/2019,26.61,"2,453,666",26.34,26.625,26.22
02/06/2019,26.31,"3,017,457",26.31,26.485,26.205
02/05/2019,26.4,"3,513,593",26.17,26.445,26.02
02/04/2019,26.23,"3,988,156",26.62,26.62,26.02
02/01/2019,26.79,"3,619,817",27.21,27.21,26.59
01/31/2019,27.28,"3,486,199",26.72,27.295,26.53
01/30/2019,26.75,"2,361,279",26.26,26.8,26.26
01/29/2019,26.35,"3,340,542",26.28,26.395,26.175
01/28/2019,26.19,"2,702,882",26.4,26.44,26.095
01/25/2019,26.36,"2,402,822",26.74,26.87,26.33
01/24/2019,26.85,"1,851,531",26.88,26.95,26.58
01/23/2019,26.83,"1,913,251",26.53,26.86,26.39
01/22/2019,26.55,"2,452,964",26.75,26.84,26.29
01/18/2019,26.65,"2,661,217",26.7,26.89,26.5
01/17/2019,26.73,"3,284,707",26.37,26.8,26.36
01/16/2019,26.45,"2,742,432",26.26,26.54,26.16
01/15/2019,26.34,"2,823,781",25.89,26.46,25.86
01/14/2019,25.92,"3,024,949",26.23,26.24,25.59
01/11/2019,26.39,"3,032,938",26.65,26.66,26.15
01/10/2019,26.67,"2,397,748",26.29,26.73,26.06
01/09/2019,26.14,"2,183,081",26.13,26.22,25.87
01/08/2019,26.16,"2,554,922",25.66,26.23,25.6
01/07/2019,25.68,"2,434,000",25.67,25.895,25.43
01/04/2019,25.54,"2,047,091",24.93,25.55,24.93
01/03/2019,25.1,"2,372,224",25.13,25.435,24.98
01/02/2019,25.07,"2,715,244",25.29,25.29,24.69
12/31/2018,25.35,"3,537,518",25.47,25.55,25.16
12/28/2018,25.48,"2,023,893",25.39,25.68,25.275
12/27/2018,25.33,"2,842,529",25.06,25.34,24.57
12/26/2018,25.06,"2,901,914",24.94,25.095,24.365
12/24/2018,24.89,"2,130,198",26.13,26.28,24.605
12/21/2018,26.05,"4,954,254",25.92,26.83,25.85
12/20/2018,26.28,"4,650,742",26.41,26.625,25.8799
12/19/2018,26.37,"3,538,590",26.64,26.64,26.11
12/18/2018,26.48,"2,720,878",26.67,26.915,26.4
12/17/2018,26.64,"3,752,726",27.62,27.65,26.52
12/14/2018,27.49,"2,768,202",27.68,27.69,27.3
12/13/2018,27.62,"1,665,955",27.2,27.73,27.2
12/12/2018,27.19,"2,547,794",27.54,27.64,27.14
12/11/2018,27.5,"2,334,095",27.31,27.63,27.1
12/10/2018,27.26,"2,680,151",27.16,27.38,26.6
12/07/2018,27.14,"3,112,789",26.84,27.25,26.62
12/06/2018,26.81,"3,732,706",27.09,27.19,26.425
12/04/2018,27.09,"3,881,449",26.98,27.53,26.955
12/03/2018,26.94,"2,689,792",26.47,26.945,26.26
11/30/2018,26.42,"4,024,676",26.09,26.45,25.875
11/29/2018,26.05,"3,096,953",25.78,26.05,25.5
11/28/2018,25.76,"3,131,656",25.95,26.13,25.71
11/27/2018,25.98,"2,169,673",25.82,26.04,25.695
11/26/2018,25.79,"2,741,557",25.72,25.83,25.51
11/23/2018,25.67,"1,122,054",25.58,25.86,25.44
11/21/2018,25.56,"2,192,778",25.67,25.77,25.415
11/20/2018,25.75,"3,597,888",25.89,26.19,25.66
11/19/2018,25.93,"3,099,001",25.7,26.11,25.69
11/16/2018,25.69,"10,073,370",25.57,25.86,25.23
11/15/2018,25.31,"6,423,890",25.5,25.64,25.13
11/14/2018,25.59,"4,773,852",25.9,26.02,25.57
11/13/2018,25.96,"5,580,250",26.05,26.11,25.67
11/12/2018,26.1,"3,963,742",26.07,26.35,25.88
11/09/2018,26.16,"3,057,783",25.95,26.255,25.92
11/08/2018,25.96,"2,657,921",26.18,26.26,25.795
11/07/2018,26.16,"3,132,326",26.25,26.31,25.97
11/06/2018,26.1,"3,016,816",25.95,26.15,25.83
11/05/2018,25.93,"3,495,402",25.56,26.02,25.44
11/02/2018,25.43,"5,552,070",25.47,25.54,25.06
11/01/2018,25.37,"5,346,626",25.19,25.9,25.01
10/31/2018,25.36,"4,491,843",25.66,25.68,25.26
10/30/2018,25.88,"4,449,412",25.73,25.98,25.57
10/29/2018,25.81,"2,793,164",25.46,25.905,25.46
10/26/2018,25.44,"3,315,645",26.04,26.16,25.235
10/25/2018,25.92,"5,957,408",25.94,26.24,25.76
10/24/2018,26.19,"4,193,098",25.41,26.3,25.15
10/23/2018,25.3,"3,143,627",25.29,25.4,25.08
10/22/2018,25.18,"1,962,939",25.44,25.5101,25.07
10/19/2018,25.4,"2,537,533",25.1,25.51,24.93
10/18/2018,25.24,"2,707,830",25.08,25.34,24.99
10/17/2018,25.03,"1,441,231",25.16,25.25,24.91
10/16/2018,25.16,"3,510,277",24.64,25.25,24.48
10/15/2018,24.75,"4,882,590",24.29,24.955,24.29
10/12/2018,24.31,"2,936,098",24.64,24.695,24.19
10/11/2018,24.65,"4,422,379",25.17,25.27,24.47
10/10/2018,25.08,"4,296,939",24.91,25.42,24.875
10/09/2018,24.99,"2,543,223",25.13,25.3,24.93
10/08/2018,25.05,"3,009,602",25.05,25.26,24.875
10/05/2018,24.97,"3,706,559",24.96,25.0985,24.9
10/04/2018,25.05,"2,149,080",24.74,25.07,24.53
10/03/2018,24.81,"1,776,204",25.1,25.19,24.62
10/02/2018,25.06,"2,126,329",24.92,25.18,24.81
10/01/2018,24.79,"1,603,061",24.86,24.9,24.71
09/28/2018,24.92,"5,195,036",24.78,24.94,24.7
09/27/2018,24.78,"2,443,935",24.59,24.95,24.57
09/26/2018,24.56,"2,394,777",24.88,24.99,24.56
09/25/2018,24.89,"2,837,400",25.12,25.28,24.81
09/24/2018,25.29,"3,343,531",25.42,25.82,25.285
09/21/2018,25.55,"11,591,780",24.98,25.625,24.72
09/20/2018,25.23,"5,165,292",25.59,25.59,25.13
09/19/2018,25.54,"6,470,425",25.89,25.89,25.26
09/18/2018,25.92,"6,549,143",25.54,25.96,25.45
09/17/2018,25.73,"15,104,460",24.8,26.0,24.79
09/14/2018,24.79,"33,133,980",25.52,25.91,24.68
09/13/2018,28.08,"1,930,428",27.93,28.11,27.67
09/12/2018,27.89,"3,913,757",27.71,28.005,27.66
09/11/2018,27.73,"1,872,361",27.64,27.79,27.525
09/10/2018,27.62,"2,421,785",27.24,27.755,27.24
09/07/2018,27.35,"1,913,711",27.5,27.65,27.295
09/06/2018,27.68,"1,135,207",27.53,27.75,27.37
09/05/2018,27.54,"1,986,895",27.11,27.56,27.055
09/04/2018,27.12,"1,884,118",27.13,27.36,27.1
08/31/2018,27.07,"2,246,218",27.18,27.32,27.02
08/30/2018,27.15,"1,656,740",27.28,27.32,27.05
08/29/2018,27.25,"2,388,999",27.01,27.28,27.0
08/28/2018,26.95,"1,744,162",26.89,26.985,26.81
08/27/2018,26.95,"1,826,522",27.1,27.14,26.75
08/24/2018,27.06,"1,866,849",26.99,27.09,26.86
08/23/2018,27.04,"1,412,632",27.01,27.2,26.955
08/22/2018,27.0,"1,346,093",27.2,27.2,26.9
08/21/2018,27.17,"1,822,549",27.4,27.45,27.08
08/20/2018,27.43,"1,987,425",27.64,27.68,27.37
08/17/2018,27.6,"2,372,669",27.48,27.76,27.41
08/16/2018,27.52,"2,062,854",27.2,27.585,27.113
08/15/2018,27.19,"3,563,454",26.99,27.445,26.95
08/14/2018,26.96,"2,679,483",26.8,27.1,26.8
08/13/2018,26.83,"3,024,467",26.61,26.86,26.53
08/10/2018,26.61,"2,979,056",26.57,26.84,26.48
08/09/2018,26.51,"1,693,740",26.47,26.61,26.35
08/08/2018,26.47,"1,826,902",26.5,26.66,26.41
08/07/2018,26.54,"1,778,788",26.72,26.72,26.335
08/06/2018,26.79,"3,528,544",26.58,26.91,26.53
08/03/2018,26.59,"2,646,573",26.29,26.67,26.14
08/02/2018,26.29,"3,697,020",25.97,26.42,25.87
08/01/2018,25.9,"3,274,783",25.66,26.03,25.43
07/31/2018,26.18,"3,114,703",25.84,26.215,25.68
07/30/2018,25.72,"3,356,754",25.95,26.01,25.675
07/27/2018,26.17,"2,212,710",26.12,26.27,26.01
07/26/2018,26.12,"1,844,509",25.93,26.145,25.89
07/25/2018,25.79,"1,831,853",25.83,25.95,25.72
07/24/2018,25.79,"3,561,632",25.69,25.89,25.31
07/23/2018,25.74,"2,356,006",25.97,26.01,25.61
07/20/2018,25.95,"2,724,111",25.99,26.16,25.76
07/19/2018,26.15,"2,410,413",26.03,26.28,25.91
07/18/2018,25.9,"2,323,331",26.1,26.16,25.8
07/17/2018,26.12,"2,075,054",26.35,26.35,26.05
07/16/2018,26.26,"1,404,805",26.31,26.35,26.08
07/13/2018,26.3,"1,679,898",26.32,26.425,26.155
07/12/2018,26.3,"2,238,963",26.4,26.41,26.23
07/11/2018,26.38,"1,897,815",26.24,26.41,26.19
07/10/2018,26.24,"3,181,459",25.9,26.37,25.76
07/09/2018,26.06,"3,371,819",26.88,26.88,25.99
07/06/2018,26.88,"2,351,323",26.86,27.01,26.8
07/05/2018,26.8,"4,200,469",26.72,26.865,26.52
07/03/2018,26.73,"1,450,197",26.49,26.84,26.34
07/02/2018,26.52,"4,150,036",26.3,26.56,26.25
06/29/2018,26.28,"4,245,115",26.07,26.31,25.86
06/28/2018,26.12,"4,218,641",25.87,26.245,25.87
06/27/2018,25.83,"1,645,563",25.53,25.875,25.48
06/26/2018,25.57,"2,382,337",25.61,25.8676,25.51
06/25/2018,25.67,"2,991,058",25.04,25.79,24.99
06/22/2018,25.06,"2,958,185",24.79,25.115,24.73
06/21/2018,24.78,"2,830,534",24.79,24.93,24.48
06/20/2018,24.8,"1,593,002",24.72,24.835,24.54
06/19/2018,24.67,"2,272,745",24.34,24.68,24.34
06/18/2018,24.39,"2,101,357",24.24,24.43,24.18
06/15/2018,24.26,"4,875,036",24.01,24.3,23.65
06/14/2018,23.99,"2,632,252",23.83,24.06,23.8
06/13/2018,23.8,"3,376,171",23.79,24.07,23.72
06/12/2018,23.73,"2,499,353",23.26,23.76,23.235
06/11/2018,23.27,"1,958,514",23.55,23.69,23.23
06/08/2018,23.52,"2,628,655",23.62,23.72,23.39
06/07/2018,23.56,"3,157,725",23.57,23.78,23.36
06/06/2018,23.54,"2,984,664",24.26,24.45,23.49
06/05/2018,24.25,"2,787,690",24.49,24.51,24.25
06/04/2018,24.49,"3,543,544",24.81,24.935,24.37
06/01/2018,24.74,"2,873,514",25.26,25.27,24.74
05/31/2018,25.3,"2,408,540",25.22,25.48,25.06
05/30/2018,25.31,"2,464,913",25.03,25.37,24.94
05/29/2018,25.07,"2,625,299",25.36,25.36,24.92
05/25/2018,25.1,"2,592,192",24.9,25.17,24.82
05/24/2018,24.85,"1,962,482",24.66,24.905,24.61
05/23/2018,24.67,"2,282,060",24.48,24.69,24.41
05/22/2018,24.4,"2,229,256",24.34,24.54,24.31
05/21/2018,24.4,"2,141,054",24.44,24.49,24.18
05/18/2018,24.43,"3,273,452",24.45,24.59,24.28
05/17/2018,24.36,"3,053,738",24.62,24.98,24.35
05/16/2018,24.4,"3,740,159",24.74,24.75,24.35
05/15/2018,24.69,"2,622,596",24.82,24.86,24.5
05/14/2018,24.85,"2,270,373",24.92,25.01,24.7
05/11/2018,24.93,"2,161,718",24.95,25.03,24.805
05/10/2018,24.91,"2,152,049",24.8,24.95,24.67
05/09/2018,24.65,"3,009,008",25.14,25.15,24.59
05/08/2018,25.1,"3,627,415",25.36,25.37,25.02
05/07/2018,25.48,"3,289,072",25.61,25.75,25.31
05/04/2018,25.41,"2,840,296",25.58,25.63,25.29
05/03/2018,25.57,"4,622,153",25.29,25.63,25.11
05/02/2018,25.38,"7,217,336",24.75,25.455,24.75
05/01/2018,24.52,"3,922,457",24.36,24.57,24.36
04/30/2018,24.39,"2,150,618",24.56,24.6209,24.39
04/27/2018,24.51,"2,565,732",24.06,24.59,24.01
04/26/2018,24.28,"2,361,479",23.88,24.28,23.75
04/25/2018,23.91,"2,172,810",23.83,24.025,23.715
04/24/2018,23.93,"3,261,839",23.89,24.07,23.68
04/23/2018,23.87,"1,812,967",23.79,24.04,23.73
04/20/2018,23.75,"3,177,688",24.03,24.09,23.67
04/19/2018,24.0,"2,962,591",23.81,24.02,23.71
04/18/2018,23.95,"2,504,054",24.18,24.36,23.93
04/17/2018,24.14,"1,321,154",23.99,24.23,23.87
04/16/2018,23.89,"2,436,000",23.6,23.95,23.53
04/13/2018,23.55,"2,690,003",23.58,23.69,23.46
04/12/2018,23.52,"2,119,862",23.99,24.06,23.51
04/11/2018,23.98,"3,608,322",24.08,24.26,23.95
04/10/2018,24.11,"4,189,993",24.13,24.275,24.07
04/09/2018,24.15,"3,818,480",24.25,24.43,24.1
04/06/2018,24.25,"5,764,278",24.5,24.64,24.08
04/05/2018,24.43,"3,588,943",24.17,24.54,23.925
04/04/2018,24.19,"5,142,056",23.94,24.26,23.83
04/03/2018,24.02,"2,808,730",23.8,24.17,23.65
04/02/2018,23.85,"3,460,681",23.96,24.1199,23.63
03/29/2018,23.91,"2,609,304",23.79,24.005,23.73
03/28/2018,23.72,"3,655,423",23.74,23.83,23.52
03/27/2018,23.79,"6,568,194",23.38,23.985,23.26
03/26/2018,23.39,"3,653,434",23.14,23.48,23.13
03/23/2018,23.06,"3,828,971",23.61,23.74,23.04
03/22/2018,23.39,"5,266,935",23.27,23.815,23.2
03/21/2018,23.29,"3,172,189",23.2,23.64,23.14
03/20/2018,23.18,"3,244,214",23.26,23.345,23.1
03/19/2018,23.24,"2,236,358",23.39,23.505,23.13
03/16/2018,23.43,"13,263,520",23.38,23.545,23.13
03/15/2018,23.39,"4,420,170",23.33,23.565,23.16
03/14/2018,23.31,"3,546,068",23.2,23.48,23.1
03/13/2018,23.14,"3,771,845",23.2,23.42,23.08
03/12/2018,23.14,"5,725,475",22.99,23.19,22.96
03/09/2018,22.96,"4,872,471",23.09,23.12,22.74
03/08/2018,23.08,"2,408,086",22.95,23.18,22.87
03/07/2018,22.95,"4,216,249",23.25,23.29,22.81
03/06/2018,23.21,"5,253,283",23.48,23.535,23.195
03/05/2018,23.53,"3,738,635",23.18,23.61,23.06
03/02/2018,23.17,"4,702,544",23.19,23.3999,22.99
03/01/2018,23.17,"5,428,375",23.16,23.53,23.08
02/28/2018,23.13,"5,825,031",23.34,23.46,23.105
02/27/2018,23.32,"3,909,572",23.66,23.7,23.21
02/26/2018,23.59,"4,486,264",23.67,23.75,23.43
02/23/2018,23.6,"3,767,857",23.11,23.63,23.105
02/22/2018,23.08,"4,097,983",22.89,23.285,22.84
02/21/2018,22.8,"2,851,903",22.95,23.28,22.8
02/20/2018,23.02,"4,071,924",23.56,23.77,22.805
02/16/2018,23.48,"3,759,363",23.32,23.63,23.26
02/15/2018,23.37,"6,153,441",22.83,23.37,22.77
02/14/2018,22.74,"3,187,896",22.98,23.04,22.74
02/13/2018,23.13,"2,484,062",23.04,23.215,22.79
02/12/2018,23.11,"3,442,417",23.14,23.23,22.81
02/09/2018,23.09,"4,944,463",22.58,23.27,22.49
02/08/2018,22.51,"6,346,338",22.89,23.2,22.44
02/07/2018,23.09,"4,023,961",23.27,23.65,23.08
02/06/2018,23.28,"4,925,081",23.21,23.42,22.695
02/05/2018,23.52,"3,916,195",23.95,24.2,23.52
02/02/2018,23.97,"2,915,597",24.15,24.22,23.94
02/01/2018,24.24,"3,907,721",24.7,24.77,24.105
01/31/2018,24.68,"4,421,969",24.5,24.69,24.31
01/30/2018,24.45,"2,758,874",24.23,24.55,24.16
01/29/2018,24.22,"2,999,581",24.42,24.49,24.15
01/26/2018,24.5,"4,492,640",24.49,24.59,24.28
01/25/2018,24.42,"2,761,780",24.1,24.45,24.05
01/24/2018,24.18,"3,621,132",24.03,24.2,23.87
01/23/2018,24.17,"2,313,900",24.02,24.28,23.98
01/22/2018,23.95,"3,595,024",24.01,24.1,23.87
01/19/2018,23.94,"2,586,188",24.06,24.155,23.85
01/18/2018,23.98,"3,983,865",24.14,24.22,23.915
01/17/2018,24.15,"2,073,657",24.12,24.255,24.06
01/16/2018,24.03,"2,370,438",24.16,24.23,23.77
01/12/2018,24.07,"2,661,419",24.08,24.27,23.96
01/11/2018,24.13,"3,112,630",24.38,24.505,24.02
01/10/2018,24.13,"3,862,391",24.6,24.69,24.08
01/09/2018,24.7,"2,334,199",24.98,25.075,24.645
01/08/2018,25.0,"2,803,678",24.87,25.01,24.79
01/05/2018,24.79,"3,340,118",25.13,25.21,24.56
01/04/2018,25.09,"3,428,804",25.17,25.36,25.0
01/03/2018,25.2,"2,130,609",25.28,25.52,25.08
01/02/2018,25.36,"2,695,104",25.64,25.69,25.31
12/29/2017,25.67,"2,798,281",25.61,25.71,25.44
12/28/2017,25.56,"2,652,617",25.32,25.57,25.2
12/27/2017,25.24,"1,765,377",25.14,25.3,25.1
12/26/2017,25.06,"1,694,059",25.26,25.38,25.03
12/22/2017,25.28,"3,610,240",24.79,25.31,24.79
12/21/2017,24.66,"2,784,115",24.88,25.03,24.63
12/20/2017,24.96,"3,390,676",25.31,25.41,24.85
12/19/2017,25.3,"1,967,462",26.03,26.074,25.28
12/18/2017,25.98,"2,537,656",26.48,26.53,25.92
12/15/2017,26.51,"6,153,663",26.52,26.69,26.45
12/14/2017,26.48,"3,290,216",26.39,26.65,26.2
12/13/2017,26.43,"2,896,200",26.43,26.66,26.34
12/12/2017,26.39,"6,008,143",27.17,27.2,26.32
12/11/2017,27.18,"2,890,537",27.06,27.19,26.94
12/08/2017,27.14,"3,960,328",26.97,27.15,26.87
12/07/2017,27.03,"2,488,136",27.02,27.08,26.84
12/06/2017,27.0,"1,945,015",26.82,27.07,26.82
12/05/2017,26.8,"1,817,873",27.09,27.11,26.72
12/04/2017,27.03,"2,093,865",27.3,27.435,27.0
12/01/2017,27.33,"2,796,707",27.6,27.68,27.075
11/30/2017,27.53,"3,579,706",27.26,27.575,27.21
11/29/2017,27.17,"2,689,151",27.1,27.26,26.97
11/28/2017,27.2,"2,397,417",27.2,27.33,27.08
11/27/2017,27.1,"2,736,967",27.08,27.15,26.875
11/24/2017,27.04,"611,330",27.11,27.195,27.02
11/22/2017,27.04,"2,272,096",27.26,27.35,26.97
11/21/2017,27.22,"2,049,810",27.18,27.32,27.13
11/20/2017,27.09,"3,020,896",27.14,27.24,26.92
11/17/2017,27.08,"6,277,742",27.23,27.45,27.02
11/16/2017,27.32,"3,609,537",27.18,27.47,27.015
11/15/2017,27.24,"2,329,118",27.64,27.76,27.21
11/14/2017,27.58,"4,529,528",27.22,27.61,27.14
11/13/2017,27.32,"2,071,976",27.25,27.47,27.1501
11/10/2017,27.2,"1,700,122",27.36,27.45,27.09
11/09/2017,27.52,"1,940,639",27.41,27.6,27.32
11/08/2017,27.52,"1,462,035",27.43,27.605,27.34
11/07/2017,27.47,"1,757,849",27.24,27.61,27.2
11/06/2017,27.21,"2,241,575",27.35,27.3552,27.15
11/03/2017,27.33,"3,699,443",26.85,27.41,26.79
11/02/2017,26.94,"3,368,182",26.65,26.985,26.39
11/01/2017,26.58,"3,384,354",26.99,26.99,26.41
10/31/2017,26.37,"2,200,327",26.23,26.54,26.23
10/30/2017,26.25,"1,867,308",26.24,26.37,26.165
10/27/2017,26.44,"2,724,735",26.42,26.585,26.23
10/26/2017,26.47,"1,881,154",26.62,26.77,26.4
10/25/2017,26.54,"2,197,702",26.52,26.56,26.04
10/24/2017,26.67,"1,401,977",26.75,26.86,26.49
10/23/2017,26.82,"1,225,905",26.73,26.85,26.58
10/20/2017,26.66,"1,847,664",26.74,26.77,26.47
10/19/2017,26.76,"1,522,486",26.51,26.77,26.345
10/18/2017,26.43,"1,241,166",26.4,26.49,26.35
10/17/2017,26.45,"1,720,422",26.33,26.48,26.225
10/16/2017,26.37,"2,088,375",26.65,26.67,26.33
10/13/2017,26.6,"1,541,922",26.6,26.745,26.52
10/12/2017,26.57,"2,405,390",26.5,26.69,26.49
10/11/2017,26.42,"2,757,489",26.35,26.69,26.325
10/10/2017,26.35,"2,027,844",25.97,26.37,25.91
10/09/2017,25.91,"1,610,604",25.79,26.0,25.75
10/06/2017,25.72,"3,089,634",25.65,25.73,25.455
10/05/2017,25.72,"1,893,473",25.65,25.8,25.51
10/04/2017,25.71,"2,965,241",25.4,25.73,25.32
10/03/2017,25.37,"2,452,494",25.51,25.51,25.25
10/02/2017,25.51,"1,618,759",25.61,25.685,25.38
09/29/2017,25.59,"1,643,319",25.47,25.68,25.4
09/28/2017,25.5,"1,590,960",25.35,25.5,25.24
09/27/2017,25.42,"2,290,549",25.96,25.96,25.22
09/26/2017,26.07,"1,624,848",25.91,26.17,25.81
09/25/2017,25.91,"3,279,061",25.71,25.97,25.56
09/22/2017,25.69,"2,014,187",26.16,26.19,25.68
09/21/2017,26.12,"895,630",26.18,26.325,26.07
09/20/2017,26.19,"1,964,159",26.49,26.57,26.09
09/19/2017,26.4,"1,410,826",26.58,26.63,26.32
09/18/2017,26.54,"2,303,262",26.99,26.99,26.39
09/15/2017,26.99,"3,532,635",26.88,27.05,26.75
09/14/2017,26.92,"1,528,802",26.66,26.92,26.58
09/13/2017,26.68,"1,189,272",26.72,26.83,26.64
09/12/2017,26.79,"1,199,258",27.26,27.29,26.62
09/11/2017,27.23,"1,454,853",27.06,27.25,27.02
09/08/2017,27.11,"1,657,098",26.95,27.16,26.84
09/07/2017,26.99,"1,015,267",26.83,27.02,26.76
09/06/2017,26.79,"904,126",26.92,26.98,26.69
09/05/2017,26.87,"1,207,701",26.88,26.91,26.75
09/01/2017,26.86,"762,900",26.95,26.99,26.76
08/31/2017,26.87,"1,699,814",26.89,26.98,26.83
08/30/2017,26.91,"810,254",26.92,27.0,26.87
08/29/2017,26.98,"940,348",27.12,27.2,26.97
08/28/2017,27.09,"1,073,021",27.14,27.25,27.0
08/25/2017,27.11,"1,393,070",27.07,27.215,27.01
08/24/2017,26.94,"9,490,610",27.03,27.1,26.87
08/23/2017,27.03,"1,033,588",26.92,27.06,26.82
08/22/2017,26.94,"1,663,448",26.78,26.99,26.61
08/21/2017,26.78,"1,430,404",26.79,26.84,26.71
08/18/2017,26.79,"2,622,821",26.6,26.875,26.46
08/17/2017,26.69,"2,123,839",26.98,27.015,26.65
08/16/2017,26.96,"1,737,060",26.67,26.99,26.62
08/15/2017,26.66,"1,537,483",26.64,26.78,26.58
08/14/2017,26.64,"1,751,475",26.51,26.72,26.37
08/11/2017,26.35,"1,378,390",26.34,26.41,26.1453
08/10/2017,26.37,"1,328,543",26.38,26.45,26.19
08/09/2017,26.38,"1,978,415",26.41,26.55,26.35
08/08/2017,26.32,"1,891,805",26.32,26.38,26.19
08/07/2017,26.36,"1,514,117",26.35,26.37,26.2
08/04/2017,26.4,"1,360,123",26.41,26.53,26.3
08/03/2017,26.5,"3,082,153",26.68,26.69,26.19
08/02/2017,26.67,"2,791,320",25.9,26.67,25.75
08/01/2017,26.24,"2,842,323",26.16,26.455,26.09
07/31/2017,26.06,"1,727,037",26.09,26.185,26.01
07/28/2017,26.07,"1,665,035",26.26,26.34,25.935
07/27/2017,26.29,"2,275,134",26.3,26.39,26.22
07/26/2017,26.51,"3,763,598",26.02,26.56,25.93
07/25/2017,26.02,"2,334,105",26.12,26.16,25.925
07/24/2017,26.09,"1,808,679",25.99,26.24,25.875
07/21/2017,25.98,"3,139,031",25.81,26.02,25.72
07/20/2017,25.82,"2,278,443",25.77,25.91,25.64
07/19/2017,25.65,"1,534,783",25.72,25.78,25.625
07/18/2017,25.69,"2,131,716",25.86,25.88,25.67
07/17/2017,25.81,"893,915",25.75,25.81,25.66
07/14/2017,25.75,"1,707,108",25.57,25.82,25.55
07/13/2017,25.35,"1,231,286",25.51,25.5399,25.24
07/12/2017,25.57,"2,107,846",25.39,25.65,25.34
07/11/2017,25.17,"3,813,399",25.22,25.27,24.96
07/10/2017,25.21,"1,080,339",25.35,25.51,25.2
07/07/2017,25.32,"1,046,054",25.22,25.46,25.22
07/06/2017,25.2,"1,706,984",25.27,25.34,25.105
07/05/2017,25.35,"2,750,809",25.31,25.425,25.24
07/03/2017,25.32,"976,025",25.44,25.53,25.23
06/30/2017,25.36,"2,124,724",25.44,25.64,25.36
06/29/2017,25.39,"1,971,015",25.26,25.46,25.19
06/28/2017,25.49,"2,109,211",26.0,26.05,25.49
06/27/2017,25.88,"3,499,408",25.91,26.01,25.735
06/26/2017,26.08,"1,553,301",25.85,26.15,25.7827
06/23/2017,25.81,"2,056,243",25.89,26.01,25.77
06/22/2017,25.92,"3,070,239",25.96,26.18,25.92
06/21/2017,26.02,"1,677,647",26.2,26.23,25.83
06/20/2017,26.23,"1,463,593",26.17,26.235,26.06
06/19/2017,26.17,"1,967,452",26.1,26.24,25.995
06/16/2017,26.06,"4,571,688",26.04,26.12,25.78
06/15/2017,26.05,"1,797,865",25.87,26.06,25.76
06/14/2017,25.92,"2,046,502",26.03,26.14,25.82
06/13/2017,25.82,"1,627,468",25.63,25.85,25.56
06/12/2017,25.67,"1,774,338",25.82,25.82,25.5
06/09/2017,25.77,"2,394,318",25.72,25.81,25.46
06/08/2017,25.83,"3,296,356",26.37,26.37,25.69
06/07/2017,26.44,"3,433,902",26.3,26.56,26.25
06/06/2017,26.26,"3,153,181",26.42,26.56,26.25
06/05/2017,26.38,"3,854,658",26.34,26.44,26.23
06/02/2017,26.35,"2,223,035",26.33,26.44,26.19
06/01/2017,26.24,"3,261,963",26.07,26.24,25.94
05/31/2017,26.07,"3,414,796",25.88,26.15,25.87
05/30/2017,25.82,"3,321,918",25.56,25.85,25.5
05/26/2017,25.56,"2,544,067",25.45,25.59,25.45
05/25/2017,25.53,"1,445,282",25.27,25.56,25.24
05/24/2017,25.22,"2,374,609",25.17,25.23,25.08
05/23/2017,25.14,"2,433,901",25.06,25.33,24.96
05/22/2017,25.01,"3,006,919",24.67,25.05,24.65
