date,close,volume,open,high,low
05/15/2026,5563.62,"34,185",5700.01,5700.01,5501.01
05/14/2026,5680.61,"24,040",5776.47,5797.725,5671.26
05/13/2026,5720.1,"21,514",5749.12,5805.4499,5650.1704
05/12/2026,5795.66,"19,986",5955.55,5955.55,5790.2194
05/11/2026,5910.67,"19,268",6008.99,6008.99,5887.06
05/08/2026,5974.07,"13,438",6032.23,6065.0,5937.01
05/07/2026,6008.85,"17,759",6125.2,6195.0,5995.4
05/06/2026,6099.8,"19,511",6279.24,6279.24,6060.01
05/05/2026,6004.33,"18,376",6108.73,6108.73,5961.625
05/04/2026,5932.12,"18,380",6110.46,6183.455,5930.0
05/01/2026,6154.14,"19,794",6338.89,6340.2,6151.52
04/30/2026,6315.87,"23,987",6205.3,6335.0,6205.3
04/29/2026,6207.5,"24,349",6402.25,6442.99,6195.15
04/28/2026,6442.36,"18,917",6514.2,6517.81,6400.09
04/27/2026,6482.53,"15,700",6485.1,6554.305,6440.07
04/24/2026,6503.95,"15,137",6888.72,6888.72,6503.95
04/23/2026,6669.01,"28,507",6632.07,6669.01,6493.42
04/22/2026,6610.77,"36,955",6640.24,6677.0447,6408.65
04/21/2026,6933.5,"29,220",7250.14,7294.5,6924.45
04/20/2026,7096.97,"23,727",7000.2,7096.97,6957.4
04/17/2026,7000.92,"34,092",6772.1,7057.88,6772.1
04/16/2026,6703.59,"22,478",6800.0,6836.495,6696.79
04/15/2026,6767.21,"22,883",6824.95,6850.0,6730.46
04/14/2026,6843.71,"20,661",6750.02,6866.68,6750.02
04/13/2026,6781.69,"17,018",6743.43,6796.17,6691.35
04/10/2026,6750.04,"13,284",6784.72,6829.74,6711.94
04/09/2026,6798.75,"24,043",6703.77,6891.89,6703.77
04/08/2026,6755.5,"23,807",6656.92,6829.609,6639.3
04/07/2026,6492.24,"24,324",6620.0,6704.235,6465.12
04/06/2026,6715.45,"18,106",6638.53,6735.79,6609.25
04/02/2026,6663.14,"20,727",6622.92,6780.0,6582.18
04/01/2026,6664.19,"23,794",6584.95,6748.98,6532.51
03/31/2026,6589.83,"31,420",6597.0,6658.0,6468.655
03/30/2026,6499.34,"22,738",6532.53,6589.0,6463.4301
03/27/2026,6450.76,"20,930",6502.0,6574.715,6448.84
03/26/2026,6530.22,"21,035",6516.17,6631.0,6493.09
03/25/2026,6552.2,"17,574",6511.02,6552.2,6400.0
03/24/2026,6499.93,"26,099",6480.0,6542.1499,6453.735
03/23/2026,6530.69,"37,264",6460.2,6595.095,6456.27
03/20/2026,6369.38,"46,082",6427.9,6427.9,6301.025
03/19/2026,6417.9,"30,739",6505.0,6505.0,6357.45
03/18/2026,6482.82,"19,546",6541.95,6617.65,6450.0
03/17/2026,6596.75,"19,197",6601.02,6659.36,6544.14
03/16/2026,6565.94,"21,887",6495.49,6570.02,6432.9
03/13/2026,6466.56,"28,327",6494.26,6542.02,6368.7001
03/12/2026,6439.0,"33,032",6557.04,6573.48,6438.805
03/11/2026,6610.91,"34,327",6782.96,6782.96,6610.34
03/10/2026,6783.24,"30,017",6795.0,6907.0,6702.2
03/09/2026,6872.03,"25,679",6876.49,6909.1999,6697.9807
03/06/2026,6958.83,"27,278",7019.98,7030.15,6842.7
03/05/2026,7074.84,"23,647",7213.425,7266.49,7061.43
03/04/2026,7251.27,"18,550",7335.0,7335.0,7202.02
03/03/2026,7361.1,"18,969",7309.32,7409.48,7246.29
03/02/2026,7415.75,"24,083",7371.05,7445.58,7327.585
02/27/2026,7517.79,"24,037",7412.7,7568.26,7369.41
02/26/2026,7434.14,"21,380",7320.0,7452.51,7309.92
02/25/2026,7283.14,"25,681",7481.38,7507.8,7242.025
02/24/2026,7504.79,"26,501",7465.1,7561.365,7440.925
02/23/2026,7456.83,"29,942",7594.21,7663.17,7419.07
02/20/2026,7580.6,"22,659",7553.0,7703.615,7496.911
02/19/2026,7526.14,"24,285",7515.0,7584.62,7470.14
02/18/2026,7523.12,"22,465",7394.38,7544.79,7360.38
02/17/2026,7421.0,"30,567",7453.38,7468.5,7265.99
02/13/2026,7507.43,"39,528",8125.125,8125.125,7498.42
02/12/2026,8096.16,"30,928",8150.0,8200.0,8071.26
02/11/2026,8097.25,"24,688",8060.0,8125.0,7991.005
02/10/2026,8094.28,"19,014",7964.87,8125.07,7949.34
02/09/2026,7882.25,"19,154",8034.78,8049.78,7876.45
02/06/2026,8009.84,"34,383",8062.2,8099.0,7785.09
02/05/2026,8044.79,"24,636",8050.0,8144.2,8000.0
02/04/2026,8025.84,"34,363",7820.0,8098.33,7801.2
02/03/2026,7770.86,"22,919",7689.57,8000.0,7680.57
02/02/2026,7718.38,"25,640",7576.01,7727.645,7546.735
01/30/2026,7635.73,"34,065",7567.98,7650.67,7419.915
01/29/2026,7623.76,"22,541",7685.96,7793.7,7544.4
01/28/2026,7626.08,"30,066",7598.62,7851.215,7581.2
01/27/2026,7499.76,"39,954",7665.0,7665.0,7453.85
01/26/2026,7664.48,"24,731",7670.52,7723.595,7558.0901
01/23/2026,7645.15,"27,133",7777.32,7948.78,7591.3
01/22/2026,7762.31,"33,042",7820.0,7898.01,7760.39
01/21/2026,7796.75,"31,640",7556.98,7835.57,7553.99
01/20/2026,7536.28,"37,203",7450.02,7554.44,7421.735
01/16/2026,7561.54,"79,475",7608.34,7622.6925,7420.54
01/15/2026,7623.01,"21,765",7620.25,7656.2734,7494.17
01/14/2026,7580.76,"23,533",7617.97,7690.82,7558.7
01/13/2026,7673.32,"22,121",7610.25,7678.35,7500.0
01/12/2026,7591.75,"33,270",7608.97,7713.31,7483.34
01/09/2026,7581.67,"46,526",7499.99,7625.15,7340.0
01/08/2026,7385.58,"31,010",7113.0,7390.0,7113.0
01/07/2026,7146.45,"28,812",7280.6,7331.99,7130.51
01/06/2026,7239.73,"56,584",7250.0,7252.86,7022.0
01/05/2026,7321.21,"22,239",7251.1,7425.5299,7251.1
01/02/2026,7278.87,"21,573",7287.27,7388.0,7240.0
12/31/2025,7292.77,"14,767",7331.43,7391.64,7280.0
12/30/2025,7327.2,"11,692",7352.56,7365.0,7283.96
12/29/2025,7355.26,"17,168",7380.0,7420.0,7329.8
12/26/2025,7382.16,"12,361",7399.02,7426.24,7342.41
12/24/2025,7385.29,"10,678",7309.24,7435.0,7301.0
12/23/2025,7338.05,"19,588",7439.98,7439.98,7266.78
12/22/2025,7397.07,"24,475",7450.0,7495.0,7369.61
12/19/2025,7399.71,"66,254",7531.34,7596.455,7369.0
12/18/2025,7561.62,"30,328",7581.68,7611.6925,7496.02
12/17/2025,7472.55,"21,085",7444.98,7605.0,7418.655
12/16/2025,7530.24,"18,790",7628.42,7655.02,7519.66
12/15/2025,7632.35,"18,292",7569.32,7632.35,7532.02
12/12/2025,7517.81,"22,331",7510.0,7589.84,7471.39
12/11/2025,7511.16,"17,421",7541.68,7609.99,7480.18
12/10/2025,7504.37,"17,057",7345.0,7525.0,7345.0
12/09/2025,7318.29,"17,538",7415.5,7458.415,7294.8
12/08/2025,7438.36,"20,472",7501.19,7540.515,7435.88
12/05/2025,7538.08,"16,798",7473.42,7578.675,7473.42
12/04/2025,7519.67,"20,401",7644.95,7666.1575,7483.62
12/03/2025,7679.42,"23,115",7648.01,7746.79,7628.04
12/02/2025,7601.1,"23,077",7563.28,7655.0,7517.09
12/01/2025,7517.09,"17,324",7450.0,7614.53,7450.0
11/28/2025,7507.29,"6,546",7607.46,7607.46,7487.675
11/26/2025,7566.67,"15,020",7435.94,7593.8,7435.94
11/25/2025,7453.38,"18,821",7340.0,7478.5,7335.22
11/24/2025,7263.52,"36,240",7224.3,7354.985,7224.3
11/21/2025,7388.82,"18,119",7230.76,7461.22,7230.76
11/20/2025,7163.33,"17,074",7189.81,7203.6899,7082.07
11/19/2025,7119.9,"15,213",7116.81,7207.735,7093.64
11/18/2025,7147.13,"19,923",7105.49,7157.93,7030.0
11/17/2025,7156.64,"17,364",7259.17,7285.89,7145.26
11/14/2025,7271.89,"16,911",7300.0,7315.0,7215.0
11/13/2025,7255.57,"27,434",7256.69,7365.065,7249.5701
11/12/2025,7287.38,"23,931",7334.0,7378.98,7251.99
11/11/2025,7301.21,"45,040",7370.0,7370.0,7263.22
11/10/2025,7336.81,"22,998",7232.59,7366.005,7213.175
11/07/2025,7251.24,"17,101",7179.9,7258.67,7159.41
11/06/2025,7195.05,"15,741",7164.98,7237.095,7134.86
11/05/2025,7181.87,"19,591",7143.97,7250.515,7110.55
11/04/2025,7146.03,"14,590",7070.0,7160.04,7003.47
11/03/2025,7072.32,"18,586",7146.42,7150.0,7040.0
10/31/2025,7210.82,"14,204",7178.96,7267.07,7178.96
10/30/2025,7245.71,"19,616",7335.0,7390.115,7184.0
10/29/2025,7333.31,"28,747",7381.2,7500.0,7278.89
10/28/2025,7461.33,"16,821",7301.52,7469.02,7275.43
10/27/2025,7438.33,"18,976",7460.0,7479.39,7399.68
10/24/2025,7430.92,"22,002",7718.0,7718.0,7425.44
10/23/2025,7679.41,"17,453",7648.06,7723.76,7629.0
10/22/2025,7697.16,"15,314",7728.17,7790.0,7615.0
10/21/2025,7792.13,"23,963",7640.91,7827.92,7600.22
10/20/2025,7681.08,"21,528",7673.25,7746.81,7605.365
10/17/2025,7639.06,"54,302",7609.02,7686.6,7599.305
10/16/2025,7605.88,"26,591",7643.0,7657.45,7535.83
10/15/2025,7645.22,"21,962",7758.09,7780.0,7640.0
10/14/2025,7737.01,"22,069",7535.55,7779.98,7532.665
10/13/2025,7584.9,"24,491",7443.91,7626.37,7443.91
10/10/2025,7450.9,"23,459",7640.0,7655.5991,7446.54
10/09/2025,7619.24,"25,155",7690.0,7717.81,7515.24
10/08/2025,7756.83,"25,564",7805.0,7805.0,7700.0
10/07/2025,7840.11,"25,342",7987.1,7996.58,7814.9424
10/06/2025,8068.75,"12,956",8199.0,8199.0,8033.305
10/03/2025,8178.0,"17,720",8080.76,8188.57,8080.76
10/02/2025,8071.61,"11,933",8041.93,8130.365,7985.49
10/01/2025,8036.48,"15,978",8066.56,8129.73,7973.0
09/30/2025,8034.66,"20,415",8040.75,8074.995,7998.945
09/29/2025,8095.14,"14,217",8100.0,8113.155,7981.07
09/26/2025,8032.78,"12,107",7953.87,8069.705,7921.69
09/25/2025,7906.69,"14,205",7993.86,8025.315,7906.52
09/24/2025,8036.63,"22,171",7915.02,8098.0,7915.02
09/23/2025,7980.11,"12,009",7950.0,8016.087,7900.3434
09/22/2025,7925.23,"19,903",8067.0,8067.0,7907.32
09/19/2025,8094.7,"45,305",8135.44,8200.01,8077.72
09/18/2025,8178.48,"21,636",8190.0,8192.555,8055.0
09/17/2025,8137.31,"19,493",8240.01,8429.99,8090.0
09/16/2025,8209.98,"17,104",8277.1,8282.91,8127.85
09/15/2025,8277.95,"17,446",8422.0,8489.8478,8207.57
09/12/2025,8414.82,"15,875",8506.35,8544.39,8377.63
09/11/2025,8532.98,"22,439",8384.31,8563.7872,8344.045
09/10/2025,8335.89,"21,854",8245.66,8335.89,8225.46
09/09/2025,8276.25,"22,241",8459.98,8475.0,8217.49
09/08/2025,8543.0,"15,203",8509.4,8562.5,8420.895
09/05/2025,8502.0,"13,290",8499.76,8618.28,8442.11
09/04/2025,8407.77,"17,721",8300.0,8409.34,8204.9
09/03/2025,8190.23,"15,793",8148.88,8287.785,8148.88
09/02/2025,8169.85,"18,450",8027.53,8194.9999,8027.53
08/29/2025,8117.65,"13,392",8066.5,8146.99,8027.79
08/28/2025,8074.8,"12,405",8040.0,8076.48,7968.39
08/27/2025,8033.82,"11,193",8049.31,8079.0,7985.5
08/26/2025,8068.25,"35,433",8083.0,8167.75,8042.48
08/25/2025,8126.71,"10,540",8193.0,8229.27,8110.99
08/22/2025,8212.81,"17,365",7980.2,8303.3,7909.12
08/21/2025,7953.9,"12,507",7980.62,7980.62,7836.85
08/20/2025,8031.97,"17,843",8273.31,8319.9999,8011.755
08/19/2025,8246.89,"22,951",8199.32,8341.41,8141.78
08/18/2025,8151.74,"20,686",8236.39,8264.16,8141.16
08/15/2025,8235.0,"14,918",8265.66,8292.9163,8180.725
08/14/2025,8198.55,"14,344",8212.81,8228.0,8150.19
08/13/2025,8296.64,"21,145",8019.37,8337.9,8017.62
08/12/2025,7962.3,"14,682",7817.59,8005.12,7785.865
08/11/2025,7793.29,"12,117",7868.18,7916.2,7695.32
08/08/2025,7858.68,"13,301",7877.98,7897.6699,7790.975
08/07/2025,7830.44,"18,288",7935.34,8000.0,7815.34
08/06/2025,7870.2,"11,785",7949.8,7995.0,7862.08
08/05/2025,7906.91,"13,229",7851.51,8000.0,7851.51
08/04/2025,7871.02,"14,272",7771.02,7883.24,7752.995
08/01/2025,7760.68,"15,030",7619.21,7799.03,7605.0
07/31/2025,7549.49,"20,537",7570.0,7656.785,7515.01
07/30/2025,7633.4,"17,405",7800.0,7845.33,7595.9085
07/29/2025,7821.05,"11,890",7824.02,7856.79,7769.3
07/28/2025,7845.3,"15,486",7762.56,7907.26,7697.415
07/25/2025,7792.93,"12,659",7800.0,7800.0,7655.0
07/24/2025,7789.39,"20,482",7871.78,7930.0,7741.13
07/23/2025,7899.84,"26,290",8000.0,8042.5,7856.34
07/22/2025,7909.52,"28,702",7506.89,7945.065,7506.89
07/21/2025,7376.2,"16,711",7461.88,7511.45,7371.39
07/18/2025,7422.83,"19,945",7488.97,7488.97,7371.85
07/17/2025,7438.25,"14,102",7368.21,7475.86,7368.21
07/16/2025,7376.09,"18,099",7336.27,7407.94,7274.19
07/15/2025,7301.0,"29,356",7609.99,7622.99,7301.0
07/14/2025,7592.2,"18,716",7581.02,7609.75,7491.75
07/11/2025,7632.24,"13,988",7610.3,7675.595,7550.0
07/10/2025,7689.72,"16,104",7632.2,7800.0,7632.2
07/09/2025,7700.93,"17,106",7545.89,7721.66,7510.02
07/08/2025,7518.37,"24,515",7540.0,7595.56,7518.37
07/07/2025,7575.0,"21,589",7636.08,7636.08,7462.43
07/03/2025,7623.24,"17,832",7747.0,7754.82,7560.0
07/02/2025,7768.51,"21,135",7684.52,7812.4,7684.52
07/01/2025,7667.85,"25,394",7369.91,7793.435,7369.91
06/30/2025,7385.66,"21,163",7385.2,7453.0175,7327.57
06/27/2025,7375.51,"27,518",7304.86,7432.28,7281.47
06/26/2025,7280.44,"24,617",7186.83,7289.425,7138.2
06/25/2025,7193.18,"19,343",7243.97,7286.61,7166.555
06/24/2025,7277.59,"41,310",7340.63,7363.483,7235.985
06/23/2025,7339.17,"21,910",7117.18,7347.62,7071.57
06/20/2025,7157.94,"50,412",7002.48,7179.69,7000.0
06/18/2025,6979.67,"30,242",7044.66,7090.0,6941.46
06/17/2025,6992.93,"23,596",7177.64,7291.835,6966.46
06/16/2025,7221.25,"16,547",7338.82,7338.82,7153.8
06/13/2025,7225.67,"17,700",7335.0,7376.65,7184.5
06/12/2025,7386.32,"16,673",7295.0,7407.545,7231.5
06/11/2025,7296.57,"23,761",7452.01,7495.0,7270.9
06/10/2025,7398.68,"14,729",7170.38,7401.06,7164.8025
06/09/2025,7138.62,"22,682",7125.12,7179.52,7052.23
06/06/2025,7116.53,"14,827",7194.0,7204.92,7081.02
06/05/2025,7194.47,"9,865",7189.17,7227.58,7153.335
06/04/2025,7210.87,"17,381",7086.25,7254.87,7083.5
06/03/2025,7068.94,"14,136",7035.0,7091.565,7011.8
06/02/2025,7043.41,"22,283",7058.68,7064.605,6944.21
05/30/2025,7115.93,"35,624",7120.0,7132.25,7014.9501
05/29/2025,7097.64,"13,660",7045.0,7102.775,7028.6
05/28/2025,7000.12,"15,739",7197.8,7249.99,7000.12
05/27/2025,7210.65,"22,129",7099.77,7235.82,7026.5
05/23/2025,7066.39,"18,613",7000.0,7103.18,7000.0
05/22/2025,7071.2,"14,060",7040.0,7094.0,7001.0
05/21/2025,7078.09,"20,314",7180.0,7238.37,7009.58
05/20/2025,7206.78,"20,913",7284.22,7318.29,7186.93
05/19/2025,7313.52,"15,190",7275.0,7351.015,7228.545
05/16/2025,7370.41,"17,118",7253.05,7370.41,7232.09
05/15/2025,7246.62,"15,695",7190.0,7252.5,7103.74
05/14/2025,7167.58,"17,807",7425.0,7434.92,7161.07
05/13/2025,7402.64,"18,423",7415.0,7513.78,7383.56
05/12/2025,7382.37,"16,726",7350.14,7563.905,7306.89
05/09/2025,7150.19,"13,164",7229.27,7299.59,7146.6
05/08/2025,7227.75,"18,792",7107.8,7307.33,7103.0
05/07/2025,7095.64,"16,945",7015.0,7130.3,7015.0
05/06/2025,6961.09,"14,869",7059.66,7102.0,6955.16
05/05/2025,7076.41,"14,362",7069.14,7185.2,7060.0
05/02/2025,7124.0,"15,013",7135.36,7193.45,7078.87
05/01/2025,7034.89,"13,245",7102.0,7154.33,7024.24
04/30/2025,7125.75,"16,789",6995.06,7126.86,6986.63
04/29/2025,7113.94,"15,222",7027.13,7127.83,7001.3871
04/28/2025,7040.35,"17,299",7079.94,7118.2,6983.34
04/25/2025,7071.42,"12,082",7113.06,7135.54,7021.19
04/24/2025,7146.88,"17,199",7045.25,7185.0,7007.57
04/23/2025,7083.09,"28,259",7283.67,7369.81,7049.82
04/22/2025,7166.92,"33,501",7000.0,7173.63,6824.97
04/21/2025,7133.84,"17,943",7135.1,7210.0,7008.2701
04/17/2025,7190.07,"23,350",7167.45,7212.12,7093.2001
04/16/2025,7045.01,"23,278",7197.32,7284.1399,7015.32
04/15/2025,7205.17,"22,598",7239.87,7329.93,7160.0001
04/14/2025,7240.98,"24,869",7292.5,7350.31,7162.7401
04/11/2025,7203.3,"23,059",6998.83,7240.81,6880.32
04/10/2025,6998.83,"25,349",7089.98,7142.09,6752.6501
04/09/2025,7121.09,"31,310",6599.82,7150.37,6562.8531
04/08/2025,6700.0,"31,179",7116.53,7206.58,6639.18
04/07/2025,7046.73,"30,151",7281.35,7355.88,6999.99
04/04/2025,7410.93,"41,777",7000.0,7743.8,7000.0
04/03/2025,7109.99,"33,574",7139.55,7208.32,7015.41
04/02/2025,7302.07,"14,646",7175.0,7328.41,7175.0
04/01/2025,7213.62,"17,767",7265.11,7301.0,7166.2
03/31/2025,7244.39,"34,251",7181.0,7286.325,7140.0
03/28/2025,7181.68,"19,501",7330.0,7386.7655,7154.835
03/27/2025,7314.44,"14,079",7325.95,7366.02,7275.785
03/26/2025,7314.92,"15,566",7305.02,7415.965,7258.6
03/25/2025,7321.35,"19,029",7302.07,7390.895,7260.445
03/24/2025,7361.52,"24,820",7229.46,7361.52,7229.46
03/21/2025,7184.79,"62,750",7190.91,7257.53,7120.5
03/20/2025,7287.92,"27,425",7265.07,7415.11,7265.07
03/19/2025,7274.85,"23,951",7198.42,7300.5,7136.12
03/18/2025,7182.51,"19,965",7200.74,7262.1,7128.73
03/17/2025,7213.25,"19,967",7236.47,7305.5872,7174.47
03/14/2025,7236.53,"18,518",7200.0,7264.443,7164.105
03/13/2025,7130.75,"40,245",7299.0,7374.4,7017.64
03/12/2025,7350.48,"30,289",7375.0,7480.0,7247.39
03/11/2025,7361.22,"27,607",7521.55,7546.325,7330.94
03/10/2025,7503.42,"32,719",7401.34,7626.1412,7401.34
03/07/2025,7393.21,"33,092",7519.09,7551.24,7315.43
03/06/2025,7494.92,"32,882",7399.0,7557.002,7396.515
03/05/2025,7387.79,"35,706",7221.04,7416.71,7220.89
03/04/2025,7201.71,"27,940",7184.98,7283.93,7127.6
03/03/2025,7200.29,"24,903",7300.0,7333.35,7156.24
02/28/2025,7245.58,"38,773",7204.98,7250.8,7150.1
02/27/2025,7181.95,"23,978",7213.0,7275.0,7174.18
02/26/2025,7209.67,"29,526",7288.87,7316.645,7172.21
02/25/2025,7335.4,"25,918",7104.14,7394.335,7104.14
02/24/2025,7062.02,"23,148",7094.8,7110.48,7015.0
02/21/2025,7094.8,"34,580",7280.0,7280.0,7075.0
02/20/2025,7258.0,"19,901",7147.03,7263.81,7115.02
02/19/2025,7176.91,"40,025",7100.24,7202.3,7073.38
02/18/2025,7263.4,"40,762",7340.0,7347.81,7192.17
02/14/2025,7365.72,"21,327",7385.0,7450.0,7336.55
02/13/2025,7341.48,"25,721",7330.0,7361.8199,7297.31
02/12/2025,7300.37,"19,887",7381.25,7439.85,7278.605
02/11/2025,7494.36,"19,182",7472.15,7585.38,7455.34
02/10/2025,7518.0,"29,261",7620.0,7640.89,7475.2
02/07/2025,7558.05,"29,675",7730.0,7773.91,7515.35
02/06/2025,7739.75,"26,265",7798.0,7855.18,7729.33
02/05/2025,7790.0,"22,224",7830.0,7891.59,7768.47
02/04/2025,7788.55,"22,876",7710.0,7804.72,7666.0
02/03/2025,7737.5,"25,028",7915.02,7915.02,7712.52
01/31/2025,8016.18,"24,513",8126.08,8179.95,7992.75
01/30/2025,8140.57,"22,062",7998.0,8205.765,7998.0
01/29/2025,7965.01,"20,828",8064.09,8065.02,7961.0752
01/28/2025,8064.09,"30,007",8474.24,8474.24,8030.31
01/27/2025,8382.63,"37,694",8265.0,8480.36,8265.0
01/24/2025,8200.56,"25,284",8350.0,8400.0,8200.56
01/23/2025,8345.35,"16,141",8334.17,8411.61,8276.9
01/22/2025,8381.5,"21,869",8296.6,8392.645,8286.0
01/21/2025,8347.05,"28,429",8459.48,8602.13,8304.7701
01/17/2025,8362.86,"56,741",8500.0,8500.05,8340.8
01/16/2025,8355.81,"31,693",8226.46,8372.635,8164.63
01/15/2025,8259.08,"21,978",8341.15,8387.9999,8225.0
01/14/2025,8143.64,"23,919",8083.6,8174.11,8063.5
01/13/2025,7962.0,"27,212",7814.0,7992.97,7814.0
01/10/2025,7845.22,"25,827",7918.69,7918.69,7802.43
01/08/2025,8005.95,"29,320",7902.0,8060.4999,7833.0
01/07/2025,7897.0,"27,226",8010.6,8059.95,7866.87
01/06/2025,7988.67,"47,144",8119.54,8226.05,7907.49
01/03/2025,8070.6,"18,044",8000.0,8164.9,8000.0
01/02/2025,7989.89,"27,571",8222.2,8255.5,7920.245
12/31/2024,8178.9,"18,135",8218.82,8245.55,8160.0
12/30/2024,8176.46,"22,329",8178.0,8207.5,8086.58
12/27/2024,8208.39,"14,570",8217.38,8338.7999,8147.32
12/26/2024,8243.99,"14,943",8188.97,8299.25,8130.5
12/24/2024,8259.37,"8,834",8211.76,8277.55,8175.01
12/23/2024,8222.52,"18,813",8249.99,8267.93,8141.18
12/20/2024,8276.78,"60,867",8121.58,8323.245,8105.0
12/19/2024,8101.21,"29,479",8075.01,8165.015,7986.0
12/18/2024,8217.15,"32,789",8468.0,8604.9999,8188.67
12/17/2024,8468.49,"27,639",8500.0,8598.995,8456.44
12/16/2024,8512.39,"22,467",8602.11,8724.65,8512.39
12/13/2024,8587.63,"23,868",8750.0,8780.0,8551.5
12/12/2024,8796.6,"20,552",8830.0,8915.67,8769.96
12/11/2024,8848.69,"31,363",8965.0,8989.75,8805.0
12/10/2024,8857.62,"20,740",9045.24,9068.15,8840.77
12/09/2024,9120.01,"18,970",8968.89,9127.45,8967.12
12/06/2024,8946.33,"21,527",9040.0,9099.99,8900.0
12/05/2024,8955.01,"15,926",9056.45,9143.275,8949.55
12/04/2024,9049.96,"18,493",9100.65,9200.0,9038.0
12/03/2024,9184.92,"17,752",9213.02,9256.14,9111.7
12/02/2024,9180.0,"22,811",9229.61,9245.7312,9100.0
11/29/2024,9235.58,"13,607",9237.0,9280.15,9197.14
11/27/2024,9193.62,"12,409",9294.0,9300.0,9171.06
11/26/2024,9222.0,"19,996",9200.0,9260.99,9150.0
11/25/2024,9293.06,"50,972",9087.34,9376.75,9060.415
11/22/2024,9007.24,"32,317",8972.0,9052.525,8850.0
11/21/2024,8946.53,"22,290",9045.0,9174.97,8917.99
11/20/2024,9000.0,"25,972",8960.02,9021.51,8896.265
11/19/2024,8955.13,"21,717",8821.44,8975.0,8734.36
11/18/2024,8865.63,"25,776",8989.98,9030.4026,8810.0
11/15/2024,9026.0,"18,205",9193.08,9193.08,8978.51
11/14/2024,9179.61,"20,592",9160.0,9257.57,9135.005
11/13/2024,9105.67,"13,567",9205.0,9246.35,9102.22
11/12/2024,9114.26,"25,304",9204.26,9204.26,9041.12
11/11/2024,9249.26,"18,146",9275.0,9367.26,9187.49
11/08/2024,9306.94,"16,275",9229.3,9347.78,9187.5
11/07/2024,9221.23,"14,295",9243.31,9349.14,9075.0
11/06/2024,9202.54,"20,519",9325.53,9344.86,9038.7
11/05/2024,9455.81,"11,707",9200.0,9527.85,9198.43
11/04/2024,9258.34,"16,267",9165.35,9435.195,9165.35
11/01/2024,9139.39,"24,096",9213.28,9400.95,9122.77
10/31/2024,9152.81,"16,769",9050.0,9228.97,9010.002
10/30/2024,9083.14,"14,695",9157.99,9226.08,9057.55
10/29/2024,9140.62,"28,228",8949.0,9163.41,8828.81
10/28/2024,9307.8,"16,551",9400.0,9467.81,9235.905
10/25/2024,9329.74,"10,833",9469.0,9490.0,9298.5
10/24/2024,9456.4,"16,406",9455.0,9573.035,9407.1325
10/23/2024,9411.06,"13,322",9407.69,9465.69,9349.99
10/22/2024,9438.35,"25,469",9600.0,9645.0,9276.5
10/21/2024,9655.67,"15,082",9824.01,9867.0,9622.16
10/18/2024,9924.4,"11,719",9914.17,9964.77,9794.0
10/17/2024,9773.58,"17,371",9870.0,9870.0,9750.0
10/16/2024,9875.58,"19,550",9833.68,9934.54,9742.66
10/15/2024,9768.29,"15,433",9775.0,9898.99,9768.29
10/14/2024,9732.45,"9,554",9528.35,9876.86,9505.81
10/11/2024,9534.19,"9,758",9511.66,9607.0671,9498.19
10/10/2024,9485.55,"11,871",9541.89,9606.27,9482.31
10/09/2024,9627.6,"12,916",9563.94,9644.28,9518.2219
10/08/2024,9559.2,"11,950",9485.98,9623.1535,9423.025
10/07/2024,9421.74,"15,145",9410.0,9464.07,9337.9
10/04/2024,9515.0,"18,927",9619.79,9619.79,9405.0
10/03/2024,9636.06,"25,049",9740.05,9760.03,9549.14
10/02/2024,9732.63,"15,297",9839.98,9842.2,9728.991
10/01/2024,9892.3,"18,885",9811.8,9912.56,9719.1501
09/30/2024,9811.8,"16,165",9729.76,9844.73,9672.5
09/27/2024,9734.55,"12,715",9640.37,9820.0,9593.13
09/26/2024,9559.97,"24,980",9555.01,9680.4417,9519.5542
09/25/2024,9516.84,"19,848",9575.0,9619.19,9460.365
09/24/2024,9644.09,"21,088",9693.62,9764.16,9590.0
09/23/2024,9707.71,"27,726",9510.35,9730.21,9486.49
09/20/2024,9473.01,"50,134",9612.04,9612.59,9411.5
09/19/2024,9659.65,"20,833",9600.0,9696.86,9542.505
09/18/2024,9461.98,"17,566",9475.01,9607.745,9426.0
09/17/2024,9485.57,"17,874",9469.17,9560.0,9381.7999
09/16/2024,9425.37,"17,138",9390.0,9488.4401,9315.0101
09/13/2024,9369.58,"21,189",9252.0,9422.9999,9237.5
09/12/2024,9179.38,"16,189",9085.03,9258.355,9050.515
09/11/2024,9088.12,"19,810",9128.29,9128.29,8920.25
09/10/2024,9112.89,"13,728",9202.36,9202.36,9085.0
09/09/2024,9149.74,"18,916",9080.0,9303.68,9010.0
09/06/2024,9068.54,"19,999",9098.48,9261.5,9046.88
09/05/2024,9044.72,"17,170",9178.56,9178.56,9029.99
09/04/2024,9150.4,"20,185",9086.76,9168.09,9028.63
09/03/2024,9053.67,"21,606",9214.33,9235.4675,8989.62
08/30/2024,9172.46,"18,456",9110.0,9215.0,9005.23
08/29/2024,9047.0,"18,233",9070.0,9099.5,8969.94
08/28/2024,9029.53,"16,571",9056.97,9103.065,8930.0
08/27/2024,9076.03,"14,572",9104.84,9121.4225,9051.57
08/26/2024,9153.11,"16,737",9325.0,9360.0,9122.31
08/23/2024,9321.27,"30,778",9073.05,9352.5,8959.58
08/22/2024,8983.56,"19,153",8961.9,9000.0,8892.8
08/21/2024,8918.01,"22,690",8820.0,9042.39,8820.0
08/20/2024,8784.15,"14,734",8874.99,8950.72,8750.35
08/19/2024,8854.82,"21,663",8719.97,8873.27,8696.01
08/16/2024,8668.93,"13,398",8631.07,8703.06,8584.95
08/15/2024,8601.04,"12,118",8602.15,8620.0099,8520.0
08/14/2024,8571.48,"15,194",8568.0,8599.0,8484.0
08/13/2024,8568.02,"15,766",8556.03,8650.0,8464.6
08/12/2024,8558.81,"35,428",8500.0,8672.36,8479.0
08/09/2024,8506.24,"20,723",8453.0,8516.94,8366.99
08/08/2024,8425.41,"15,942",8338.0,8446.22,8305.0
08/07/2024,8265.31,"23,888",8360.0,8462.0,8262.78
08/06/2024,8309.34,"14,940",8275.84,8495.0,8160.0001
08/05/2024,8275.84,"18,220",8271.53,8417.035,8100.0
08/02/2024,8546.26,"20,502",8477.0,8546.26,8394.545
08/01/2024,8554.51,"23,381",8614.03,8636.0,8432.265
07/31/2024,8607.48,"19,125",8700.0,8700.0,8570.51
07/30/2024,8661.98,"15,586",8617.14,8700.0,8566.875
07/29/2024,8600.84,"16,884",8617.37,8630.0,8530.6901
07/26/2024,8600.6,"22,269",8553.03,8683.95,8480.27
07/25/2024,8471.88,"21,305",8420.0,8650.0,8352.09
07/24/2024,8404.49,"18,917",8571.98,8695.0,8367.415
07/23/2024,8599.92,"30,576",8512.0,8687.055,8358.93
07/22/2024,8641.12,"24,103",8477.99,8641.12,8367.04
07/19/2024,8428.58,"13,871",8495.0,8507.74,8350.08
07/18/2024,8407.66,"27,710",8350.0,8662.86,8350.0
07/17/2024,8312.35,"19,769",8457.64,8468.865,8301.885
07/16/2024,8500.0,"25,616",8140.0,8539.9999,8140.0
07/15/2024,8068.96,"17,573",8080.0,8200.0,8000.05
07/12/2024,8062.27,"23,979",8062.0,8243.13,8041.97
07/11/2024,8069.89,"25,411",7783.66,8119.9799,7783.66
07/10/2024,7623.76,"16,233",7530.0,7634.71,7510.0
07/09/2024,7484.08,"15,999",7444.06,7570.0,7426.82
07/08/2024,7454.06,"16,894",7465.56,7508.5,7400.0
07/05/2024,7421.51,"15,895",7436.89,7475.02,7390.0
07/03/2024,7456.99,"12,760",7447.32,7528.0,7412.99
07/02/2024,7460.7,"14,289",7444.32,7512.0,7424.0
07/01/2024,7482.16,"14,633",7636.99,7695.13,7476.06
06/28/2024,7588.56,"31,392",7664.71,7756.0,7550.0
06/27/2024,7656.92,"13,389",7674.9,7716.3856,7637.015
06/26/2024,7656.13,"15,762",7556.52,7668.95,7540.0
06/25/2024,7571.67,"20,164",7737.96,7737.96,7526.25
06/24/2024,7740.78,"22,632",7650.0,7785.01,7629.99
06/21/2024,7626.42,"84,303",7570.0,7693.91,7497.5
06/20/2024,7514.88,"22,542",7507.57,7562.2999,7422.33
06/18/2024,7539.76,"20,414",7634.68,7676.13,7505.71
06/17/2024,7687.98,"19,358",7560.66,7704.89,7555.005
06/14/2024,7602.33,"16,562",7616.91,7616.91,7505.04
06/13/2024,7657.85,"14,924",7590.57,7694.65,7557.32
06/12/2024,7655.06,"21,763",7663.2,7929.49,7581.61
06/11/2024,7494.77,"12,358",7535.0,7535.0,7437.283
06/10/2024,7544.2,"18,387",7468.12,7568.53,7430.05
06/07/2024,7497.67,"19,321",7498.2,7573.0,7480.35
06/06/2024,7590.42,"15,509",7651.71,7666.61,7494.7801
06/05/2024,7644.0,"17,087",7550.0,7651.58,7460.35
06/04/2024,7543.18,"21,747",7588.86,7650.26,7508.4
06/03/2024,7627.32,"17,033",7677.18,7754.88,7596.7528
05/31/2024,7680.73,"43,402",7460.44,7712.3,7454.11
05/30/2024,7455.31,"18,883",7356.41,7477.33,7356.41
05/29/2024,7335.26,"16,257",7304.92,7354.29,7227.09
05/28/2024,7356.13,"20,515",7434.0,7485.28,7330.39
05/24/2024,7416.32,"13,848",7447.78,7475.615,7350.0
05/23/2024,7392.14,"16,823",7458.02,7498.86,7360.82
05/22/2024,7457.73,"19,171",7580.14,7632.04,7432.68
05/21/2024,7620.22,"12,026",7678.91,7678.91,7620.0
05/20/2024,7677.76,"12,938",7685.57,7754.09,7665.39
05/17/2024,7669.0,"14,362",7757.08,7757.08,7620.0
05/16/2024,7702.96,"23,143",7798.03,7798.03,7635.81
05/15/2024,7818.73,"17,781",7679.07,7867.31,7679.07
05/14/2024,7551.47,"18,272",7590.66,7649.47,7522.59
05/13/2024,7557.24,"19,259",7695.0,7749.3833,7545.87
05/10/2024,7655.39,"19,817",7672.88,7692.0699,7596.0
05/09/2024,7670.9,"16,588",7568.99,7708.04,7500.5
05/08/2024,7575.0,"17,356",7752.0,7800.0,7561.09
05/07/2024,7754.42,"19,649",7620.0,7786.46,7562.935
05/06/2024,7624.83,"11,799",7663.35,7663.35,7600.02
05/03/2024,7586.55,"15,561",7595.53,7684.97,7495.24
05/02/2024,7479.01,"13,313",7485.02,7528.89,7407.59
05/01/2024,7457.0,"16,735",7451.79,7625.0775,7398.01
04/30/2024,7438.85,"22,692",7489.0,7543.11,7438.85
04/29/2024,7540.0,"26,115",7676.82,7705.005,7500.0
04/26/2024,7647.04,"24,587",7730.0,7778.75,7613.05
04/25/2024,7725.0,"24,303",7726.12,7804.31,7594.0
04/24/2024,7798.28,"12,631",7818.0,7937.505,7747.46
04/23/2024,7835.11,"21,336",7833.0,7870.27,7603.01
04/22/2024,7806.79,"18,192",7710.0,7825.0,7647.025
04/19/2024,7685.0,"27,578",7765.0,7816.115,7667.355
04/18/2024,7702.26,"21,481",7742.55,7859.0,7700.37
04/17/2024,7669.94,"20,118",7726.37,7739.23,7632.44
04/16/2024,7657.0,"23,127",7730.0,7791.78,7593.52
04/15/2024,7761.44,"25,260",7870.0,7949.99,7744.0
04/12/2024,7817.98,"17,793",7750.0,7819.94,7708.33
04/11/2024,7757.18,"14,895",7727.0,7839.7,7727.0
04/10/2024,7658.13,"20,974",7780.0,7808.04,7650.0
04/09/2024,7972.85,"16,883",7933.0,7972.85,7813.85
04/08/2024,7871.15,"14,806",7928.0,7959.94,7841.59
04/05/2024,7907.89,"12,593",7801.38,7921.76,7801.38
04/04/2024,7790.0,"15,324",8000.0,8000.0,7780.8701
04/03/2024,7914.3,"18,391",7840.0,7972.09,7823.4485
04/02/2024,7852.9,"17,897",7925.34,7930.02,7810.01
04/01/2024,8026.27,"14,447",8097.98,8211.4,7978.28
03/28/2024,8099.96,"17,635",8010.0,8158.99,8010.0
03/27/2024,7980.74,"14,800",7910.0,8023.87,7852.75
03/26/2024,7865.0,"16,607",7920.05,7999.54,7842.33
03/25/2024,7907.05,"14,232",7967.7,8014.77,7907.05
03/22/2024,7971.71,"19,122",7987.0,8035.135,7861.6
03/21/2024,8001.96,"23,874",8022.92,8118.23,7963.8865
03/20/2024,7958.45,"21,379",7806.42,7981.37,7783.21
03/19/2024,7791.54,"19,679",7653.98,7819.65,7647.58
03/18/2024,7630.84,"17,945",7635.0,7683.27,7526.79
03/15/2024,7565.87,"39,310",7499.05,7671.23,7499.05
03/14/2024,7559.53,"24,952",7793.58,7840.0,7511.55
03/13/2024,7746.3,"18,458",7723.87,7820.0,7721.47
03/12/2024,7723.0,"15,773",7612.59,7772.945,7547.07
03/11/2024,7625.0,"18,496",7640.0,7655.795,7537.11
03/08/2024,7654.99,"18,226",7693.67,7761.255,7633.42
03/07/2024,7682.3,"27,650",7760.0,7825.0,7679.6
03/06/2024,7709.27,"16,582",7679.98,7754.0,7634.28
03/05/2024,7595.1,"15,278",7651.83,7770.0,7583.62
03/04/2024,7651.83,"16,312",7698.43,7776.17,7651.83
03/01/2024,7687.1,"14,982",7531.02,7712.0,7531.02
02/29/2024,7625.57,"27,980",7600.75,7700.0,7570.1
02/28/2024,7584.99,"12,369",7532.0,7605.645,7532.0
02/27/2024,7543.11,"10,588",7561.41,7635.0,7506.13
02/26/2024,7569.56,"9,788",7612.25,7628.535,7569.56
02/23/2024,7584.75,"13,832",7538.0,7615.0,7530.0
02/22/2024,7533.29,"12,755",7460.0,7540.205,7442.46
02/21/2024,7397.52,"15,466",7486.64,7510.0,7339.79
02/20/2024,7420.02,"13,299",7365.0,7451.435,7329.69
02/16/2024,7390.65,"9,855",7450.0,7497.9999,7390.59
02/15/2024,7534.72,"15,059",7541.88,7543.835,7449.36
02/14/2024,7501.73,"14,568",7409.61,7511.21,7327.25
02/13/2024,7349.02,"17,558",7378.8,7439.4125,7285.05
02/12/2024,7617.24,"17,326",7449.69,7617.24,7420.0
02/09/2024,7447.99,"17,991",7470.05,7476.605,7364.16
02/08/2024,7486.69,"23,250",7398.95,7497.99,7398.95
02/07/2024,7420.71,"17,028",7399.5,7439.98,7332.585
02/06/2024,7332.82,"31,996",7240.0,7338.11,7209.12
02/05/2024,7166.9,"23,687",7251.0,7289.0,7166.9
02/02/2024,7319.98,"25,220",7170.67,7400.0,7129.1
02/01/2024,7211.31,"22,198",7130.0,7220.145,7029.68
01/31/2024,7075.29,"25,471",7116.0,7210.1,7018.031
01/30/2024,7120.67,"15,827",7130.29,7219.99,7096.04
01/29/2024,7106.33,"17,864",7024.0,7140.64,6999.44
01/26/2024,7035.81,"14,990",6995.21,7088.86,6980.0
01/25/2024,7019.11,"25,316",6829.77,7038.13,6800.0
01/24/2024,6857.43,"29,980",6999.11,7039.0,6820.45
01/23/2024,6938.4,"31,002",7365.77,7399.7,6927.5
01/22/2024,7416.01,"20,462",7259.0,7423.73,7256.835
01/19/2024,7207.99,"15,374",7192.75,7250.0,7136.3
01/18/2024,7184.96,"13,826",7180.5,7210.0475,7070.055
01/17/2024,7104.6,"17,564",7118.25,7193.38,7079.0
01/16/2024,7160.73,"18,578",7176.0,7251.195,7126.01
01/12/2024,7208.9,"14,229",7242.24,7267.02,7189.16
01/11/2024,7242.24,"17,707",7149.7,7261.01,7129.76
01/10/2024,7147.31,"21,019",7070.0,7191.63,6975.0
01/09/2024,7034.76,"17,285",7047.0,7076.11,6999.495
01/08/2024,7066.93,"19,380",6975.0,7077.43,6961.825
01/05/2024,6937.75,"20,558",6900.95,7010.14,6900.95
01/04/2024,6912.71,"20,126",6925.0,7031.0,6893.495
01/03/2024,6948.94,"28,039",6890.0,7000.0,6801.37
01/02/2024,6969.0,"21,220",6901.205,6977.73,6877.9
12/29/2023,7000.45,"14,376",6982.3,7027.0,6940.5
12/28/2023,6981.71,"13,753",7007.77,7023.78,6952.02
12/27/2023,7024.82,"14,728",7028.5,7075.0,6997.91
12/26/2023,7008.2,"11,140",6998.0,7049.0,6981.34
12/22/2023,6980.17,"13,813",6962.98,6998.72,6943.39
12/21/2023,6939.98,"16,157",6916.92,6944.16,6845.0
12/20/2023,6847.14,"22,290",6920.0,7000.0,6847.14
12/19/2023,6936.65,"33,022",6882.72,6979.59,6865.05
12/18/2023,6840.0,"24,588",6860.73,6860.73,6768.0175
12/15/2023,6880.73,"59,520",6896.67,6997.07,6853.19
12/14/2023,6934.4,"29,630",6785.79,6987.72,6774.08
12/13/2023,6684.86,"24,739",6568.83,6749.96,6521.06
12/12/2023,6538.24,"24,142",6542.16,6570.0,6500.61
12/11/2023,6529.1,"22,883",6493.01,6561.315,6452.58
12/08/2023,6535.89,"16,843",6450.0,6538.36,6434.99
12/07/2023,6444.8,"27,275",6377.97,6444.99,6330.74
12/06/2023,6364.66,"27,036",6442.0,6505.0,6335.045
12/05/2023,6359.08,"21,277",6371.65,6396.96,6334.92
12/04/2023,6388.05,"16,944",6286.46,6414.37,6286.46
12/01/2023,6320.35,"18,676",6155.39,6332.9,6105.02
11/30/2023,6155.39,"29,877",6107.11,6159.54,6052.575
11/29/2023,6107.11,"22,705",6164.0,6166.0657,6089.625
11/28/2023,6128.66,"24,414",6148.0,6150.52,6088.72
11/27/2023,6146.9,"14,740",6199.0,6199.0,6126.87
11/24/2023,6195.06,"6,712",6196.01,6232.83,6143.23
11/22/2023,6222.89,"12,831",6276.77,6350.0,6194.065
11/21/2023,6244.22,"20,482",6290.01,6344.905,6239.37
11/20/2023,6307.12,"22,406",6280.96,6335.57,6203.1
11/17/2023,6298.0,"23,048",6332.97,6332.97,6253.52
11/16/2023,6290.59,"25,024",6293.5,6349.49,6236.84
11/15/2023,6292.17,"19,286",6275.0,6350.0,6267.09
11/14/2023,6290.72,"22,190",6170.0,6356.185,6170.0
11/13/2023,6030.44,"9,864",5973.97,6056.78,5950.21
11/10/2023,6035.29,"20,254",5885.53,6051.17,5857.09
11/09/2023,5836.52,"17,823",5927.07,5945.04,5818.01
11/08/2023,5901.82,"17,450",5977.17,5995.03,5892.0
11/07/2023,6002.44,"25,006",5937.0,6042.51,5919.77
11/06/2023,5920.37,"18,231",5861.55,5934.2,5860.01
11/03/2023,5890.63,"22,002",5830.19,5961.82,5811.71
11/02/2023,5698.91,"26,400",5683.0,5722.385,5600.56
11/01/2023,5560.55,"26,840",5444.16,5578.0,5419.0
10/31/2023,5412.62,"21,388",5415.64,5484.62,5410.74
10/30/2023,5401.76,"13,766",5427.0,5427.0,5326.1557
10/27/2023,5382.22,"15,042",5420.25,5434.045,5332.655
10/26/2023,5426.82,"19,586",5379.73,5475.92,5379.73
10/25/2023,5377.29,"26,120",5353.5,5458.76,5210.49
10/24/2023,5385.52,"25,851",5505.66,5539.8,5341.26
10/23/2023,5505.69,"41,022",5513.25,5619.95,5471.48
10/20/2023,5488.1,"65,524",5625.0,5640.0,5452.085
10/19/2023,5563.55,"31,179",5743.51,5788.63,5550.0
10/18/2023,5746.59,"28,707",5800.0,5858.82,5736.46
10/17/2023,5840.0,"34,278",5865.83,5939.0,5839.76
10/16/2023,5916.22,"34,784",5981.32,6004.08,5898.89
10/13/2023,5932.1,"23,651",5925.0,5999.99,5882.0381
10/12/2023,5896.22,"29,341",6138.0,6162.55,5863.0
10/11/2023,6178.66,"26,727",6158.0,6280.0,6142.42
10/10/2023,6112.83,"30,850",6167.0,6271.61,6111.67
10/09/2023,6164.97,"23,744",6030.0,6185.61,6000.0
10/06/2023,6049.21,"22,984",5930.22,6106.01,5872.375
10/05/2023,5951.68,"18,922",5940.0,6008.22,5924.25
10/04/2023,5939.54,"23,125",5865.33,5965.74,5832.04
10/03/2023,5856.63,"26,526",5939.0,5965.475,5842.0
10/02/2023,5960.95,"20,921",5915.0,6058.05,5912.05
09/29/2023,5963.3,"21,743",6120.5,6137.805,5940.02
09/28/2023,6061.92,"17,124",5951.0,6065.28,5940.91
09/27/2023,5941.0,"16,703",5940.01,6010.67,5922.475
09/26/2023,5890.56,"18,111",5939.64,6000.0,5880.8
09/25/2023,5965.09,"16,389",5948.0,6043.95,5939.1
09/22/2023,5962.59,"17,502",5928.0,5991.68,5906.97
09/21/2023,5888.47,"25,365",6059.65,6059.65,5848.58
09/20/2023,6132.13,"18,208",6221.0,6289.09,6127.85
09/19/2023,6182.87,"15,246",6133.72,6190.33,6086.035
09/18/2023,6126.91,"17,407",6097.97,6187.73,6090.14
09/15/2023,6076.59,"78,466",6200.0,6200.0,5993.79
09/14/2023,6201.25,"20,254",6155.99,6221.2,6091.0
09/13/2023,6098.86,"28,307",6180.38,6220.0,6032.095
09/12/2023,6168.97,"22,015",6348.91,6424.56,6163.81
09/11/2023,6353.5,"18,317",6350.01,6439.9,6320.0
09/08/2023,6307.19,"27,206",6390.0,6470.81,6285.01
09/07/2023,6405.81,"38,068",6305.0,6414.26,6283.0
09/06/2023,6318.15,"30,085",6199.98,6349.95,6199.98
09/05/2023,6181.67,"32,396",6490.26,6509.74,6179.51
09/01/2023,6509.35,"19,989",6422.2,6525.0,6393.92
08/31/2023,6377.33,"28,912",6365.35,6416.2,6335.495
08/30/2023,6368.96,"22,315",6292.65,6386.9788,6292.65
08/29/2023,6294.16,"25,006",6111.0,6305.08,6092.995
08/28/2023,6139.85,"18,643",6096.61,6146.345,6052.02
08/25/2023,6081.14,"25,905",6097.69,6123.0,5989.11
08/24/2023,6070.01,"15,590",6147.99,6175.005,6065.61
08/23/2023,6133.95,"16,872",6139.98,6218.47,6130.0
08/22/2023,6100.44,"17,712",6017.11,6139.9815,6017.11
08/21/2023,6009.22,"17,156",6093.02,6104.57,5951.318
08/18/2023,6078.96,"16,643",6000.0,6085.89,6000.0
08/17/2023,6022.0,"24,240",6133.48,6187.28,6000.02
08/16/2023,6147.94,"18,941",6201.5,6244.7,6140.61
08/15/2023,6190.99,"15,685",6201.37,6286.88,6116.7
08/14/2023,6158.7,"8,675",6130.75,6164.4,6080.03
08/11/2023,6156.73,"9,613",6078.46,6201.86,6078.46
08/10/2023,6119.33,"13,987",6280.0,6319.58,6080.925
08/09/2023,6261.61,"11,357",6330.0,6350.0,6251.82
08/08/2023,6348.76,"15,728",6338.0,6369.935,6276.66
08/07/2023,6387.74,"18,592",6321.0,6391.42,6305.0
08/04/2023,6320.97,"23,648",6274.43,6339.0,6246.78
08/03/2023,6248.02,"19,559",6283.84,6290.0,6180.0
08/02/2023,6303.84,"18,318",6288.0,6326.95,6200.0
08/01/2023,6324.0,"16,906",6310.0,6350.0,6283.0
07/31/2023,6306.44,"16,639",6369.72,6369.72,6262.73
07/28/2023,6343.33,"21,456",6374.98,6374.98,6300.0
07/27/2023,6301.71,"36,051",6362.09,6389.0,6265.21
07/26/2023,6382.98,"15,192",6373.87,6443.9,6340.5
07/25/2023,6361.13,"17,497",6211.76,6383.17,6211.76
07/24/2023,6230.69,"14,645",6235.0,6298.03,6218.875
07/21/2023,6244.69,"13,418",6280.32,6309.97,6189.22
07/20/2023,6226.08,"16,332",6474.53,6474.53,6190.01
07/19/2023,6445.95,"16,995",6449.79,6469.68,6405.0
07/18/2023,6466.0,"13,969",6402.24,6470.87,6391.0
07/17/2023,6408.98,"13,244",6368.39,6445.0,6349.37
07/14/2023,6396.55,"13,856",6358.25,6425.5091,6339.74
07/13/2023,6325.78,"15,112",6367.77,6391.1,6322.4
07/12/2023,6348.69,"15,988",6245.5,6392.26,6223.67
07/11/2023,6204.76,"12,098",6252.01,6270.94,6195.01
07/10/2023,6213.8,"23,189",6079.64,6216.85,6079.64
07/07/2023,6062.78,"22,047",6051.53,6148.93,6051.53
07/06/2023,6081.2,"28,067",6164.95,6193.285,6009.32
07/05/2023,6231.03,"22,963",6280.0,6302.645,6188.495
07/03/2023,6286.48,"9,624",6320.0,6347.06,6263.455
06/30/2023,6350.62,"21,439",6344.8,6361.72,6277.155
06/29/2023,6295.61,"22,129",6285.6,6332.035,6200.95
06/28/2023,6312.91,"22,009",6306.92,6386.62,6275.1
06/27/2023,6330.2,"25,998",6155.02,6357.53,6155.02
06/26/2023,6149.08,"21,803",6184.0,6253.47,6139.16
06/23/2023,6160.21,"63,640",6045.0,6169.37,6045.0
06/22/2023,6062.57,"18,151",6029.9,6062.98,6004.42
06/21/2023,6025.4,"14,587",5936.99,6030.155,5924.995
06/20/2023,5982.43,"28,470",5973.0,6079.055,5960.0
06/16/2023,5990.38,"50,802",6000.0,6000.0,5907.36
06/15/2023,5944.96,"21,225",5895.0,5961.14,5888.755
06/14/2023,5886.57,"18,651",5918.0,5979.117,5871.885
06/13/2023,5929.63,"21,017",5882.0,5960.35,5882.0
06/12/2023,5868.86,"17,003",5816.11,5903.66,5783.71
06/09/2023,5817.96,"14,639",5817.63,5866.04,5770.0
06/08/2023,5806.16,"21,987",5754.0,5829.385,5754.0
06/07/2023,5771.12,"24,891",5794.6,5851.18,5757.15
06/06/2023,5794.6,"14,833",5687.02,5804.94,5676.32
06/05/2023,5661.56,"14,525",5806.315,5806.315,5641.02
06/02/2023,5711.0,"24,148",5608.0,5732.09,5579.96
06/01/2023,5570.61,"25,417",5550.0,5588.65,5520.48
05/31/2023,5554.22,"93,665",5603.68,5643.57,5528.09
05/30/2023,5621.21,"35,366",5632.22,5671.18,5593.705
05/26/2023,5617.56,"23,935",5660.0,5660.0,5577.0101
05/25/2023,5635.22,"26,436",5591.26,5689.03,5591.26
05/24/2023,5585.7,"30,261",5609.0,5668.56,5566.785
05/23/2023,5611.29,"23,930",5663.12,5688.53,5589.6
05/22/2023,5705.32,"35,598",5845.0,5899.43,5705.32
05/19/2023,5846.52,"18,969",5860.23,5889.98,5771.905
05/18/2023,5883.17,"26,650",5800.0,5892.56,5800.0
05/17/2023,5833.16,"19,431",5880.14,5900.0,5795.6
05/16/2023,5887.48,"19,827",5855.79,5900.0,5796.18
05/15/2023,5898.82,"22,406",5813.61,5900.0,5768.2
05/12/2023,5822.41,"16,044",5850.0,5868.0,5774.13
05/11/2023,5837.83,"17,248",5819.23,5873.92,5800.6
05/10/2023,5836.51,"20,497",5913.0,5933.78,5782.395
05/09/2023,5875.45,"17,817",5830.71,5933.0,5810.0
05/08/2023,5853.47,"15,073",5833.92,5855.91,5802.6625
05/05/2023,5852.47,"19,005",5826.49,5879.25,5712.0
05/04/2023,5801.35,"16,095",5846.92,5852.66,5793.92
05/03/2023,5894.82,"30,757",5900.0,5985.48,5822.02
05/02/2023,5886.56,"18,339",5856.0,5898.89,5787.08
05/01/2023,5870.49,"18,582",5845.0,5899.0,5820.1
04/28/2023,5840.0,"18,445",5798.7,5846.06,5776.97
04/27/2023,5799.52,"27,645",5713.12,5810.0,5692.98
04/26/2023,5681.59,"27,893",5736.97,5837.98,5652.23
04/25/2023,5754.71,"41,111",5979.36,5980.01,5725.45
04/24/2023,5967.22,"23,485",5925.0,5983.235,5908.0
04/21/2023,5924.2,"92,772",5905.0,5928.98,5827.69
04/20/2023,5892.71,"20,032",5862.5,5986.96,5813.5
04/19/2023,5861.13,"13,346",5818.0,5873.03,5792.93
04/18/2023,5829.84,"16,143",5722.0,5844.56,5696.1
04/17/2023,5693.04,"19,952",5650.48,5743.175,5650.48
04/14/2023,5632.55,"13,601",5571.05,5646.93,5571.05
04/13/2023,5579.47,"21,707",5629.0,5643.955,5565.69
04/12/2023,5590.22,"14,473",5620.0,5655.0,5579.95
04/11/2023,5578.01,"13,981",5520.51,5606.16,5520.51
04/10/2023,5479.87,"13,049",5450.67,5530.475,5450.0
04/06/2023,5468.08,"20,126",5538.16,5538.16,5444.06
04/05/2023,5542.84,"18,395",5539.3,5570.0,5486.5
04/04/2023,5526.81,"20,786",5582.0,5620.0,5480.05
04/03/2023,5576.7,"20,079",5572.19,5613.92,5534.0
03/31/2023,5572.19,"21,579",5425.72,5586.325,5418.17
03/30/2023,5417.11,"22,648",5429.96,5480.97,5410.91
03/29/2023,5433.99,"16,523",5450.0,5450.0,5382.585
03/28/2023,5413.56,"11,748",5404.12,5449.96,5385.25
03/27/2023,5375.45,"12,707",5426.0,5429.26,5302.61
03/24/2023,5413.0,"20,890",5342.29,5443.79,5275.0
03/23/2023,5354.43,"23,357",5410.1,5520.08,5346.59
03/22/2023,5426.07,"24,767",5460.41,5549.43,5411.28
03/21/2023,5482.24,"18,330",5530.0,5542.72,5460.13
03/20/2023,5494.47,"22,968",5497.08,5538.74,5450.0
03/17/2023,5503.0,"54,767",5500.0,5537.72,5423.06
03/16/2023,5478.12,"21,195",5299.06,5499.99,5299.06
03/15/2023,5322.89,"32,053",5345.05,5434.93,5285.0
03/14/2023,5371.72,"22,616",5300.0,5386.21,5212.12
03/13/2023,5266.68,"28,595",5176.02,5299.97,5150.32
03/10/2023,5235.47,"19,588",5298.18,5310.8,5182.27
03/09/2023,5308.12,"27,090",5339.0,5396.69,5295.57
03/08/2023,5336.76,"30,090",5300.0,5358.1029,5268.6448
03/07/2023,5302.94,"23,772",5280.0,5347.52,5260.0
03/06/2023,5244.98,"22,792",5265.0,5297.99,5230.0
03/03/2023,5247.1,"15,971",5260.0,5268.0,5218.22
03/02/2023,5217.41,"22,503",5122.7,5237.335,5089.44
03/01/2023,5138.91,"17,630",5154.0,5213.9,5125.57
02/28/2023,5173.62,"29,666",5121.3,5225.9,5120.16
02/27/2023,5166.93,"21,104",5197.13,5215.6357,5133.8
02/24/2023,5132.47,"26,197",5030.2,5213.65,5021.73
02/23/2023,5129.59,"25,283",5078.3,5143.02,5044.975
02/22/2023,5057.73,"17,764",5058.43,5095.17,5039.995
02/21/2023,5018.23,"27,786",5070.05,5139.99,5000.9
02/17/2023,5098.14,"24,349",5085.66,5112.6,5015.2
02/16/2023,5119.96,"18,865",5097.49,5156.25,5056.51
02/15/2023,5160.96,"19,831",5074.78,5197.925,5067.29
02/14/2023,5119.91,"21,432",5160.62,5208.1,5112.89
02/13/2023,5199.99,"22,626",5092.91,5200.0,5090.7
02/10/2023,5078.25,"14,677",5032.88,5099.525,5019.71
02/09/2023,5050.46,"26,201",5069.45,5110.0,5045.62
02/08/2023,5014.96,"25,011",5132.25,5132.25,4988.99
02/07/2023,5164.9,"37,788",5112.0,5214.42,5039.02
02/06/2023,5149.44,"51,963",5245.0,5245.0,5116.99
02/03/2023,5281.34,"39,523",5307.31,5359.72,5200.0
02/02/2023,5405.67,"43,434",5330.51,5500.0,5304.28
02/01/2023,5357.92,"24,423",5276.26,5376.0,5185.115
01/31/2023,5270.0,"32,671",5199.0,5349.99,5151.16
01/30/2023,5021.42,"18,482",5101.21,5131.925,5001.01
01/27/2023,5122.01,"10,079",5067.82,5149.99,5067.82
01/26/2023,5112.22,"9,457",5100.0,5176.19,5037.5
01/25/2023,5069.06,"10,147",4990.22,5089.0,4990.22
01/24/2023,5039.19,"13,283",5033.0,5075.61,4953.1656
01/23/2023,5020.29,"16,132",5028.0,5081.69,4995.9301
01/20/2023,5024.07,"14,501",4960.0,5037.0,4900.99
01/19/2023,4928.9,"17,165",4981.0,5014.99,4922.94
01/18/2023,4999.16,"13,601",5038.8,5106.47,4974.55
01/17/2023,4989.72,"17,433",4992.24,5058.26,4970.615
01/13/2023,4992.24,"16,029",4873.14,5047.79,4873.14
01/12/2023,4934.0,"13,330",4960.0,4973.43,4832.34
01/11/2023,4914.51,"22,282",4850.0,4934.99,4794.32
01/10/2023,4828.53,"14,565",4717.46,4849.965,4717.46
01/09/2023,4763.17,"15,899",4817.46,4828.27,4758.0
01/06/2023,4796.82,"20,555",4668.28,4821.27,4668.28
01/05/2023,4639.53,"16,258",4605.92,4670.0,4590.0
01/04/2023,4674.22,"13,955",4635.74,4689.62,4610.0
01/03/2023,4589.32,"24,850",4647.44,4690.0,4519.05
12/30/2022,4612.58,"8,642",4594.01,4644.6,4581.42
12/29/2022,4648.06,"6,413",4578.0,4674.98,4570.01
12/28/2022,4564.07,"8,582",4669.98,4719.5,4558.11
12/27/2022,4653.85,"7,434",4627.0,4683.445,4609.35
12/23/2022,4645.0,"9,820",4684.53,4695.0,4617.46
12/22/2022,4674.99,"9,762",4670.0,4680.0,4595.7
12/21/2022,4704.96,"10,464",4711.11,4724.99,4684.31
12/20/2022,4635.55,"17,366",4643.35,4699.9999,4599.75
12/19/2022,4685.2,"17,783",4791.89,4850.0,4663.36
12/16/2022,4815.88,"51,494",4813.62,4830.83,4750.82
12/15/2022,4842.32,"28,452",4665.31,4882.68,4650.1
12/14/2022,4746.65,"19,318",4735.0,4806.1,4693.2
12/13/2022,4729.98,"29,965",4941.1,4973.0,4696.8
12/12/2022,4703.25,"18,505",4649.09,4725.775,4574.01
12/09/2022,4648.53,"12,047",4661.66,4700.0,4640.0
12/08/2022,4694.28,"22,650",4714.12,4743.46,4671.5
12/07/2022,4725.0,"21,458",4617.21,4726.0,4597.69
12/06/2022,4600.0,"24,076",4672.75,4672.75,4559.415
12/05/2022,4649.98,"20,601",4614.91,4659.16,4515.2
12/02/2022,4687.6,"19,217",4655.93,4742.69,4652.02
12/01/2022,4739.86,"27,215",4714.15,4782.88,4612.03
11/30/2022,4639.01,"41,712",4545.0,4657.87,4488.03
11/29/2022,4557.92,"21,909",4434.41,4570.885,4420.02
11/28/2022,4444.95,"18,683",4458.44,4462.62,4412.79
11/25/2022,4498.76,"16,150",4500.0,4546.0,4472.46
11/23/2022,4500.67,"12,269",4452.2,4519.625,4422.82
11/22/2022,4454.67,"14,979",4392.64,4464.07,4361.87
11/21/2022,4334.73,"12,701",4388.01,4412.94,4308.0502
11/18/2022,4392.59,"10,561",4408.68,4432.99,4320.3032
11/17/2022,4391.08,"13,718",4400.0,4406.5,4295.51
11/16/2022,4470.97,"16,254",4502.36,4504.94,4446.0
11/15/2022,4510.99,"27,292",4429.95,4516.98,4383.2
11/14/2022,4354.74,"19,083",4491.44,4491.44,4349.43
11/11/2022,4491.44,"18,115",4496.06,4555.7,4479.99
11/10/2022,4529.73,"34,633",4250.0,4547.43,4250.0
11/09/2022,4071.94,"18,779",4103.79,4229.38,4050.71
11/08/2022,4129.8,"16,742",4142.02,4204.185,4082.21
11/07/2022,4137.04,"13,704",4184.2,4184.2,4070.0
11/04/2022,4161.9,"14,217",4130.45,4221.6804,4065.9508
11/03/2022,4063.63,"17,038",4060.0,4112.22,4027.04
11/02/2022,4129.72,"17,146",4255.76,4295.21,4100.07
11/01/2022,4249.29,"14,668",4300.0,4300.0,4211.0
10/31/2022,4237.75,"16,104",4232.44,4273.01,4174.0
10/28/2022,4275.36,"12,488",4124.83,4288.98,4124.83
10/27/2022,4159.52,"21,716",4215.2,4260.27,4138.1
10/26/2022,4185.18,"17,114",4258.05,4344.55,4169.68
10/25/2022,4278.07,"20,473",4050.03,4319.0,4050.03
10/24/2022,4047.04,"14,871",4030.43,4100.0,4009.54
10/21/2022,4046.65,"18,953",4018.0,4089.51,3965.0
10/20/2022,3959.55,"21,890",3980.0,4053.69,3945.37
10/19/2022,3977.85,"20,002",4097.72,4097.72,3935.0
10/18/2022,4160.81,"20,482",4132.07,4174.95,4095.01
10/17/2022,4034.74,"16,978",4004.43,4075.0,4000.54
10/14/2022,3945.82,"17,759",4066.01,4074.04,3942.02
10/13/2022,4037.08,"20,155",3910.0,4109.295,3816.555
10/12/2022,4009.25,"23,244",4156.76,4156.76,4007.51
10/11/2022,4167.68,"23,931",4156.81,4260.63,4123.0
10/10/2022,4192.93,"18,806",4280.93,4280.93,4149.97
10/07/2022,4255.08,"17,816",4249.7,4289.0,4172.0801
10/06/2022,4311.13,"18,700",4278.07,4348.99,4269.61
10/05/2022,4292.96,"19,400",4252.0,4329.05,4215.31
10/04/2022,4320.65,"17,191",4207.63,4331.18,4162.49
10/03/2022,4133.14,"21,387",4074.23,4176.42,4040.0
09/30/2022,3987.08,"19,260",3999.23,4064.035,3960.065
09/29/2022,3987.16,"13,961",4046.54,4060.7495,3980.02
09/28/2022,4098.03,"21,398",3968.07,4127.25,3968.07
09/27/2022,3917.75,"20,244",3990.2,4015.75,3864.34
09/26/2022,3951.54,"25,480",4038.06,4056.98,3940.0
09/23/2022,4057.67,"20,263",3988.91,4064.89,3970.64
09/22/2022,4009.58,"14,112",3992.2,4057.95,3990.5
09/21/2022,4031.49,"15,125",4100.0,4168.0,4023.42
09/20/2022,4084.53,"13,999",4077.39,4115.22,4058.186
09/19/2022,4133.2,"19,977",4067.31,4154.57,4067.31
09/16/2022,4085.72,"29,007",4028.0,4090.87,4000.79
09/15/2022,4007.5,"19,049",4014.02,4093.507,3953.02
09/14/2022,4035.83,"25,974",4075.0,4082.34,3978.0
09/13/2022,4066.02,"18,623",4205.0,4205.0,4062.4
09/12/2022,4290.57,"14,450",4303.94,4350.25,4243.85
09/09/2022,4263.82,"12,635",4210.7,4302.64,4194.76
09/08/2022,4191.61,"17,444",4085.05,4191.61,4085.05
09/07/2022,4133.51,"20,769",4057.4,4142.11,4053.0997
09/06/2022,4040.01,"20,496",4097.0,4097.0,3994.08
09/02/2022,4093.13,"16,659",4099.0,4189.62,4058.0
09/01/2022,4116.66,"21,237",4101.75,4167.7,4054.62
08/31/2022,4140.06,"34,306",4194.32,4222.98,4136.49
08/30/2022,4156.53,"20,033",4250.0,4269.51,4147.38
08/29/2022,4213.05,"19,254",4190.0,4249.01,4190.0
08/26/2022,4224.99,"17,418",4388.49,4389.0,4192.1101
08/25/2022,4364.99,"14,189",4286.1,4407.9673,4286.1
08/24/2022,4289.01,"15,818",4177.6,4330.0,4177.6
08/23/2022,4200.91,"15,501",4234.46,4282.44,4200.0
08/22/2022,4208.61,"19,555",4268.48,4286.0,4205.165
08/19/2022,4273.29,"19,145",4415.34,4437.6,4253.5
08/18/2022,4440.13,"10,596",4438.51,4458.02,4399.97
08/17/2022,4420.31,"14,978",4410.0,4459.0,4355.65
08/16/2022,4445.0,"18,095",4404.0,4490.02,4360.0
08/15/2022,4407.2,"9,773",4438.08,4490.5,4378.0005
08/12/2022,4454.72,"11,007",4406.89,4475.75,4385.55
08/11/2022,4388.31,"10,867",4425.0,4456.8,4353.94
08/10/2022,4393.99,"13,140",4300.0,4424.0,4295.0
08/09/2022,4193.24,"22,995",4350.05,4360.0,4174.795
08/08/2022,4374.0,"12,197",4351.82,4444.565,4351.82
08/05/2022,4359.73,"9,379",4305.17,4375.5,4305.0
08/04/2022,4381.87,"14,887",4286.0,4440.77,4286.0
08/03/2022,4279.62,"20,712",4228.01,4322.8,4213.55
08/02/2022,4246.8,"13,443",4398.0,4420.0,4243.53
08/01/2022,4419.44,"14,545",4370.0,4508.0,4335.1
07/29/2022,4393.1,"19,737",4388.0,4412.2,4303.9087
07/28/2022,4389.84,"19,749",4414.9,4458.14,4325.6893
07/27/2022,4372.53,"23,728",4364.96,4419.19,4239.85
07/26/2022,4360.02,"17,162",4440.27,4463.85,4350.0101
07/25/2022,4464.83,"13,060",4535.63,4535.63,4425.6
07/22/2022,4552.61,"13,381",4557.0,4625.835,4492.38
07/21/2022,4552.68,"13,629",4430.0,4565.6695,4362.5125
07/20/2022,4442.2,"14,907",4414.35,4466.0,4351.33
07/19/2022,4458.29,"11,928",4391.7,4487.97,4350.0
07/18/2022,4363.97,"13,155",4380.0,4442.0,4349.26
07/15/2022,4363.43,"17,342",4379.74,4410.37,4313.76
07/14/2022,4361.53,"13,725",4283.0,4383.06,4265.2
07/13/2022,4387.66,"14,515",4260.46,4493.04,4235.72
07/12/2022,4363.02,"17,870",4407.05,4516.07,4317.27
07/11/2022,4372.64,"14,358",4340.0,4412.02,4340.0
07/08/2022,4370.8,"13,027",4353.12,4408.24,4318.105
07/07/2022,4366.93,"17,592",4354.64,4376.78,4272.76
07/06/2022,4348.44,"19,525",4367.5,4404.94,4245.95
07/05/2022,4369.0,"25,845",4118.72,4393.67,4100.05
07/01/2022,4168.91,"23,520",3995.0,4217.25,3995.0
06/30/2022,4004.14,"21,656",3909.0,4046.34,3909.0
06/29/2022,3965.98,"9,589",3945.03,3998.71,3904.84
06/28/2022,3951.32,"15,735",4062.5,4070.455,3948.8
06/27/2022,4046.53,"12,149",4029.0,4082.43,3982.03
06/24/2022,4049.72,"27,339",3979.37,4080.74,3926.02
06/23/2022,3941.82,"20,304",3864.0,3978.0,3864.0
06/22/2022,3827.85,"19,548",3737.31,3884.4564,3737.31
06/21/2022,3803.5,"26,241",3764.63,3900.1139,3664.54
06/17/2022,3699.92,"81,339",3749.03,3749.03,3576.01
06/16/2022,3670.0,"34,425",3806.8,3820.01,3609.16
06/15/2022,3909.85,"15,413",3964.53,3994.5,3829.99
06/14/2022,3905.08,"19,573",3943.99,3964.9838,3875.0
06/13/2022,3943.96,"24,416",4073.2,4111.99,3901.95
06/10/2022,4173.59,"15,382",4310.39,4310.39,4163.03
06/09/2022,4338.02,"19,253",4356.5,4395.95,4335.82
06/08/2022,4351.72,"24,997",4404.55,4404.55,4310.73
06/07/2022,4412.89,"23,536",4358.52,4417.1,4301.9
06/06/2022,4418.51,"13,774",4440.0,4447.89,4382.635
06/03/2022,4428.0,"14,119",4424.35,4475.95,4400.0
06/02/2022,4462.76,"15,429",4389.19,4469.17,4366.57
06/01/2022,4387.68,"18,995",4450.62,4463.605,4367.31
05/31/2022,4450.62,"37,354",4416.02,4484.545,4354.73
05/27/2022,4467.76,"15,550",4390.35,4477.48,4352.6681
05/26/2022,4350.02,"15,187",4264.82,4379.6303,4212.0
05/25/2022,4189.78,"15,270",4100.89,4208.5,4089.82
05/24/2022,4061.0,"20,559",4172.91,4177.921,3998.0
05/23/2022,4211.33,"18,643",4288.75,4334.065,4166.15
05/20/2022,4262.41,"17,659",4207.74,4267.29,4122.475
05/19/2022,4155.68,"23,227",4110.0,4227.02,4100.01
05/18/2022,4136.52,"15,052",4306.11,4306.11,4122.01
05/17/2022,4368.39,"16,790",4306.85,4380.56,4241.0
05/16/2022,4231.79,"17,550",4262.32,4290.0,4160.0
05/13/2022,4293.57,"21,145",4285.2,4329.13,4213.871
05/12/2022,4247.75,"23,100",4100.0,4295.05,4087.17
05/11/2022,4110.99,"22,056",4249.95,4298.43,4100.72
05/10/2022,4274.21,"20,979",4450.63,4450.63,4259.08
05/09/2022,4370.16,"20,350",4344.0,4467.96,4325.01
05/06/2022,4415.62,"21,261",4403.8,4450.895,4310.64
05/05/2022,4446.0,"32,513",4595.68,4629.0,4402.04
05/04/2022,4685.09,"31,138",4442.62,4692.6,4360.3485
05/03/2022,4475.53,"22,979",4400.2,4514.85,4369.02
05/02/2022,4432.65,"27,824",4397.43,4469.37,4318.49
04/29/2022,4376.21,"15,503",4496.6,4526.53,4355.35
04/28/2022,4492.81,"20,252",4409.68,4529.8,4345.0
04/27/2022,4360.37,"19,024",4437.4,4494.53,4326.99
04/26/2022,4415.18,"36,094",4427.0,4562.94,4368.04
04/25/2022,4353.28,"27,452",4271.39,4356.76,4224.65
04/22/2022,4282.88,"20,601",4395.94,4395.94,4269.64
04/21/2022,4411.74,"21,257",4493.63,4525.74,4394.1
04/20/2022,4468.0,"21,202",4488.0,4570.0,4461.0
04/19/2022,4444.64,"17,476",4356.98,4461.44,4356.98
04/18/2022,4320.62,"13,785",4308.98,4374.96,4293.58
04/14/2022,4335.45,"18,771",4453.16,4480.0,4312.01
04/13/2022,4419.99,"20,773",4354.03,4449.97,4311.0
04/12/2022,4352.02,"29,126",4400.0,4499.94,4332.85
04/11/2022,4324.68,"20,428",4268.52,4375.0,4255.96
04/08/2022,4293.89,"18,405",4349.97,4426.87,4284.2
04/07/2022,4324.3,"35,852",4340.0,4361.14,4250.01
04/06/2022,4358.64,"26,210",4326.0,4401.87,4310.4452
04/05/2022,4390.86,"38,017",4469.77,4530.0,4378.28
04/04/2022,4548.42,"24,436",4535.95,4585.3,4509.99
04/01/2022,4531.41,"25,100",4519.58,4557.6,4480.04
03/31/2022,4467.27,"47,975",4640.13,4710.82,4466.07
03/30/2022,4672.05,"21,641",4730.0,4736.6,4643.39
03/29/2022,4748.81,"29,463",4733.45,4830.0,4690.195
03/28/2022,4638.44,"36,822",4665.17,4718.5,4617.95
03/25/2022,4668.04,"27,178",4770.0,4777.0,4621.3
03/24/2022,4739.65,"23,961",4777.97,4803.185,4690.4
03/23/2022,4793.17,"21,865",4885.0,4906.0,4775.06
03/22/2022,4902.29,"20,868",4910.0,4949.99,4836.23
03/21/2022,4892.76,"26,167",4957.47,4964.96,4838.66
03/18/2022,4988.73,"52,651",4978.67,4999.99,4852.0
03/17/2022,4924.93,"14,578",4854.43,4952.77,4815.3
03/16/2022,4854.43,"24,745",4838.55,4878.0,4680.1
03/15/2022,4813.61,"16,736",4675.07,4838.4,4596.37
03/14/2022,4622.0,"30,888",4747.99,4770.0,4554.45
03/11/2022,4752.54,"16,822",4814.0,4830.0,4743.11
03/10/2022,4776.56,"21,903",4721.91,4818.4,4721.86
03/09/2022,4814.16,"23,522",4720.4,4885.42,4671.05
03/08/2022,4648.43,"37,578",4700.0,4891.88,4633.0
03/07/2022,4706.88,"32,304",4905.47,4913.16,4700.0
03/04/2022,4919.81,"24,246",4889.65,4932.87,4820.56
03/03/2022,4929.38,"19,851",5021.03,5063.7839,4912.0
03/02/2022,5012.42,"16,752",4926.23,5060.09,4922.035
03/01/2022,4906.68,"17,369",4982.3,5001.0,4881.335
02/28/2022,4958.44,"25,054",4875.0,4958.83,4830.01
02/25/2022,4917.49,"18,761",4766.29,4948.71,4722.04
02/24/2022,4775.44,"29,041",4526.94,4801.66,4518.32
02/23/2022,4636.58,"28,195",4810.15,4847.94,4634.66
02/22/2022,4792.79,"33,770",4948.02,4987.05,4745.04
02/18/2022,4996.04,"20,795",5001.4,5058.01,4933.66
02/17/2022,5001.33,"22,705",5085.52,5100.0,4986.78
02/16/2022,5113.01,"15,899",5039.58,5134.0,5031.5
02/15/2022,5062.18,"54,497",5049.45,5097.0,4980.69
02/14/2022,4977.94,"46,708",5055.51,5090.01,4931.71
02/11/2022,5037.5,"33,167",5197.75,5247.94,4984.48
02/10/2022,5166.47,"29,931",5220.18,5376.395,5141.19
02/09/2022,5348.93,"15,065",5336.0,5430.5536,5305.01
02/08/2022,5299.55,"30,957",5282.57,5344.98,5264.11
02/07/2022,5287.32,"29,171",5311.46,5352.27,5233.62
02/04/2022,5275.03,"31,327",5390.81,5395.45,5268.025
02/03/2022,5431.38,"39,780",5488.0,5569.8,5420.01
02/02/2022,5493.75,"23,136",5400.0,5512.93,5366.1
02/01/2022,5365.27,"29,732",5271.21,5384.86,5134.42
01/31/2022,5327.22,"31,882",5176.0,5356.3,5176.0
01/28/2022,5206.97,"26,957",5078.0,5227.8,5018.61
01/27/2022,5056.24,"25,097",5019.66,5140.0,5015.0
01/26/2022,5051.56,"27,666",5213.42,5297.44,5001.01
01/25/2022,5150.08,"32,383",5214.05,5222.09,5132.02
01/24/2022,5287.17,"30,564",5094.78,5296.88,5033.08
01/21/2022,5154.98,"27,446",5219.61,5280.505,5151.23
01/20/2022,5187.72,"35,123",5342.01,5380.345,5179.94
01/19/2022,5355.0,"31,913",5475.0,5516.0,5350.82
01/18/2022,5496.83,"25,412",5624.26,5669.0,5488.67
01/14/2022,5718.0,"22,196",5662.7,5750.0,5597.885
01/13/2022,5692.03,"31,348",5655.0,5822.285,5615.22
01/12/2022,5566.99,"22,189",5570.05,5645.9,5456.0
01/11/2022,5567.49,"21,917",5506.22,5620.0,5400.0001
01/10/2022,5515.36,"19,270",5418.75,5528.2,5250.6333
01/07/2022,5438.88,"33,625",5670.75,5683.15,5427.32
01/06/2022,5690.84,"21,631",5727.3,5744.9599,5641.34
01/05/2022,5729.11,"18,293",5839.99,5885.0,5719.3
01/04/2022,5819.68,"19,619",5748.1,5837.14,5739.95
01/03/2022,5757.01,"24,414",5870.0,5874.95,5715.97
12/31/2021,5908.87,"6,347",5884.1,5917.7,5850.5
12/30/2021,5906.03,"8,334",5977.61,5978.1553,5884.06
12/29/2021,5959.33,"7,797",5880.48,5962.43,5861.79
12/28/2021,5869.47,"7,855",5820.5,5893.5,5820.5
12/27/2021,5820.07,"12,648",5817.0,5830.97,5763.48
12/23/2021,5784.63,"7,350",5826.67,5847.8,5779.89
12/22/2021,5813.38,"9,990",5755.1,5827.33,5717.995
12/21/2021,5747.05,"17,243",5642.83,5756.38,5600.62
12/20/2021,5602.74,"22,221",5578.82,5628.15,5537.94
12/17/2021,5636.78,"43,863",5752.27,5752.27,5609.2901
12/16/2021,5760.35,"17,390",5890.5,5894.9799,5752.5
12/15/2021,5907.37,"19,666",5839.3,5917.7,5802.55
12/14/2021,5832.05,"32,853",5744.99,5907.5,5744.99
12/13/2021,5785.9,"19,508",5935.0,5939.91,5775.975
12/10/2021,5935.72,"12,803",5874.55,5948.28,5821.95
12/09/2021,5863.52,"23,038",5890.21,5982.445,5852.4
12/08/2021,5892.58,"42,373",5705.14,5908.16,5660.9
12/07/2021,5671.38,"15,004",5673.0,5717.7575,5647.665
12/06/2021,5626.14,"16,043",5522.9,5666.03,5480.0
12/03/2021,5480.86,"24,597",5589.0,5620.53,5465.5
12/02/2021,5549.18,"26,577",5429.48,5583.72,5350.1
12/01/2021,5404.56,"60,875",5268.52,5410.0,5193.685
11/30/2021,5225.34,"53,972",5252.58,5301.15,5170.28
11/29/2021,5281.73,"18,481",5320.0,5343.46,5260.535
11/26/2021,5291.1,"14,974",5263.95,5325.18,5222.785
11/24/2021,5351.4,"12,734",5327.11,5364.035,5286.11
11/23/2021,5320.0,"19,901",5222.0,5324.6,5190.85
11/22/2021,5210.82,"24,128",5248.0,5280.005,5187.38
11/19/2021,5216.01,"27,585",5165.9,5260.09,5116.8
11/18/2021,5109.99,"16,255",5178.1,5178.1,5080.55
11/17/2021,5160.0,"64,382",5165.76,5196.8,5050.0
11/16/2021,5166.0,"30,272",5289.0,5289.0,5150.0
11/15/2021,5277.98,"16,628",5254.98,5295.0,5216.34
11/12/2021,5253.81,"10,946",5170.0,5265.98,5131.33
11/11/2021,5149.53,"12,786",5114.95,5179.5,5055.0
11/10/2021,5114.95,"15,008",5202.0,5249.43,5101.45
11/09/2021,5200.27,"13,345",5104.82,5224.0,5058.585
11/08/2021,5087.93,"11,710",5097.7,5113.76,5040.0
11/05/2021,5089.24,"10,602",5071.25,5125.9385,5059.01
11/04/2021,5052.38,"15,903",5055.99,5173.75,5028.5
11/03/2021,5020.02,"14,574",4910.0,5049.98,4910.0
11/02/2021,4908.31,"13,891",4920.0,4929.93,4875.02
11/01/2021,4927.67,"13,065",4877.0,4942.8,4844.0
10/29/2021,4894.8,"14,761",4878.1,4916.04,4867.91
10/28/2021,4900.0,"13,815",4835.19,4919.97,4825.0
10/27/2021,4815.0,"20,476",4899.81,4923.95,4803.91
10/26/2021,4870.98,"15,764",4894.61,4907.5,4855.5
10/25/2021,4878.42,"16,028",4855.72,4920.32,4840.0
10/22/2021,4875.5,"14,718",4929.19,4934.16,4875.21
10/21/2021,4900.0,"23,588",5021.89,5021.89,4838.0
10/20/2021,5051.09,"18,867",5028.39,5094.0,5023.0
10/19/2021,5034.7,"7,290",5035.0,5068.53,4984.34
10/18/2021,5010.79,"8,788",4951.85,5024.52,4951.85
10/15/2021,4966.53,"9,895",5058.74,5058.74,4950.01
10/14/2021,4998.37,"9,898",4895.72,5007.71,4895.72
10/13/2021,4873.72,"10,036",4864.22,4891.0,4836.01
10/12/2021,4856.25,"9,519",4852.61,4877.0,4812.76
10/11/2021,4840.86,"10,653",4806.07,4875.95,4806.07
10/08/2021,4838.24,"11,945",4864.9,4887.695,4822.34
10/07/2021,4869.78,"16,485",4826.23,4895.08,4805.38
10/06/2021,4803.5,"18,873",4750.01,4841.92,4750.01
10/05/2021,4781.82,"19,401",4800.0,4824.83,4778.14
10/04/2021,4781.86,"15,092",4788.41,4834.79,4774.9557
10/01/2021,4785.33,"21,872",4810.0,4854.99,4765.985
09/30/2021,4794.08,"21,776",4942.32,4985.6818,4787.53
09/29/2021,4942.25,"12,998",4895.85,5013.76,4895.85
09/28/2021,4885.96,"17,414",4989.99,4993.2473,4851.83
09/27/2021,4987.31,"12,276",4918.92,5014.91,4918.92
09/24/2021,4952.96,"18,523",4989.78,4995.31,4925.3978
09/23/2021,4977.34,"17,892",5027.45,5055.7,4966.72
09/22/2021,5017.45,"15,097",4972.2,5068.39,4971.0
09/21/2021,4966.72,"19,006",4968.78,5008.95,4922.04
09/20/2021,4968.15,"25,695",4998.0,5035.0,4921.15
09/17/2021,5070.74,"42,691",5060.98,5094.96,5042.0
09/16/2021,5024.0,"11,825",4936.03,5054.98,4936.03
09/15/2021,4935.38,"22,388",4961.0,4987.13,4924.0
09/14/2021,4958.59,"17,814",5033.4,5062.4,4950.53
09/13/2021,5033.38,"29,487",5165.0,5165.0,4983.31
09/10/2021,5132.13,"15,808",5148.33,5174.99,5092.0
09/09/2021,5098.43,"23,161",5073.42,5124.99,5037.665
09/08/2021,5052.47,"20,983",5048.55,5110.0,5040.0
09/07/2021,5102.22,"17,670",5097.15,5167.575,5091.57
09/03/2021,5100.64,"15,085",5116.9,5157.04,5062.6725
09/02/2021,5139.18,"11,860",5175.91,5186.555,5136.25
09/01/2021,5177.38,"11,488",5186.61,5197.035,5140.0
08/31/2021,5179.94,"26,142",5133.01,5213.67,5110.0
08/30/2021,5125.02,"8,126",5152.14,5174.4,5121.365
08/27/2021,5139.27,"10,346",5123.65,5170.03,5123.65
08/26/2021,5103.03,"10,474",5187.99,5187.99,5077.975
08/25/2021,5185.64,"8,475",5170.0,5224.75,5170.0
08/24/2021,5175.0,"11,451",5158.0,5237.2975,5115.92
08/23/2021,5130.27,"13,440",5174.45,5189.55,5043.57
08/20/2021,5160.73,"11,212",5094.91,5174.7499,5078.009
08/19/2021,5072.27,"11,735",5070.0,5117.05,5047.87
08/18/2021,5101.37,"14,500",5093.0,5175.0,5091.24
08/17/2021,5114.17,"15,476",5209.92,5211.52,5079.62
08/16/2021,5252.1,"9,770",5249.99,5283.596,5204.01
08/13/2021,5252.49,"8,162",5250.0,5285.19,5196.15
08/12/2021,5265.02,"10,519",5320.0,5324.99,5213.0
08/11/2021,5305.75,"17,256",5193.42,5323.78,5170.0
08/10/2021,5195.01,"10,177",5150.0,5249.96,5140.0
08/09/2021,5154.97,"17,574",5204.6,5232.41,5139.63
08/06/2021,5212.95,"13,948",5320.0,5332.08,5201.91
08/05/2021,5313.57,"16,477",5280.0,5329.99,5242.09
08/04/2021,5243.56,"15,599",5253.21,5299.9899,5213.02
08/03/2021,5295.23,"12,834",5244.8,5295.23,5190.23
08/02/2021,5227.42,"9,082",5267.59,5270.01,5210.01
07/30/2021,5222.6,"12,694",5240.0,5292.0,5209.43
07/29/2021,5244.89,"16,144",5100.0,5255.83,5100.0
07/28/2021,5064.95,"12,479",5119.25,5143.8599,5045.9136
07/27/2021,5106.14,"12,445",5013.22,5114.17,4988.62
07/26/2021,5032.69,"19,022",5114.88,5114.88,5013.58
07/23/2021,5130.03,"10,847",5015.69,5130.03,4998.6
07/22/2021,5014.64,"20,571",4860.0,5036.01,4842.03
07/21/2021,4893.76,"23,283",4901.49,5049.99,4800.0
07/20/2021,4900.27,"24,276",4820.16,4910.97,4790.23
07/19/2021,4788.01,"22,589",4764.0,4854.21,4751.0
07/16/2021,4800.0,"15,325",4849.16,4915.27,4799.59
07/15/2021,4824.31,"20,429",4836.86,4858.85,4737.23
07/14/2021,4862.35,"16,479",4836.0,4920.34,4813.155
07/13/2021,4820.29,"25,111",4933.46,4945.6595,4800.17
07/12/2021,4961.67,"25,344",5012.0,5047.48,4941.2
07/09/2021,5060.84,"15,944",5114.0,5161.7783,5050.0
07/08/2021,5053.02,"16,728",5129.0,5140.53,5039.33
07/07/2021,5202.21,"16,670",5179.73,5263.16,5138.79
07/06/2021,5185.87,"23,954",5109.0,5197.19,5016.28
07/02/2021,5114.38,"12,603",5123.0,5123.0,5075.96
07/01/2021,5111.89,"20,759",4962.31,5123.0,4956.985
06/30/2021,4973.3,"26,665",4945.2,5000.0,4932.395
06/29/2021,4964.41,"25,552",4909.9,4982.81,4890.12
06/28/2021,4884.42,"28,120",4846.88,4911.3,4805.7
06/25/2021,4844.5,"66,135",4816.76,4899.0,4807.35
06/24/2021,4818.45,"21,001",4783.35,4825.76,4728.0
06/23/2021,4783.29,"19,893",4805.0,4816.15,4711.995
06/22/2021,4821.27,"17,672",4830.0,4847.04,4800.0
06/21/2021,4817.69,"18,837",4780.62,4826.97,4737.92
06/18/2021,4785.14,"40,146",4676.18,4799.38,4670.29
06/17/2021,4697.55,"27,452",4650.0,4749.4,4631.5
06/16/2021,4656.08,"20,554",4718.92,4729.52,4645.0
06/15/2021,4711.48,"23,599",4674.35,4744.0,4653.03
06/14/2021,4671.74,"29,367",4654.0,4703.34,4621.3433
06/11/2021,4669.79,"21,721",4625.0,4699.68,4625.0
06/10/2021,4602.94,"40,887",4787.8,4787.8,4596.97
06/09/2021,4792.95,"16,183",4851.8,4851.8,4770.0
06/08/2021,4838.13,"14,440",4818.45,4864.2,4777.78
06/07/2021,4808.51,"13,711",4824.45,4824.45,4760.91
06/04/2021,4810.0,"13,418",4785.0,4827.43,4702.0
06/03/2021,4747.07,"16,556",4755.61,4793.99,4696.115
06/02/2021,4795.49,"13,793",4841.0,4841.0,4785.895
06/01/2021,4841.02,"11,693",4925.33,4925.33,4817.88
05/28/2021,4887.23,"13,231",4858.95,4918.14,4826.65
05/27/2021,4861.29,"23,995",4859.04,4908.855,4813.93
05/26/2021,4847.26,"17,975",4845.0,4900.0,4809.13
05/25/2021,4836.36,"33,361",4697.57,4852.89,4660.01
05/24/2021,4652.72,"15,561",4691.86,4694.9999,4627.01
05/21/2021,4655.22,"19,430",4721.07,4772.8399,4640.91
05/20/2021,4722.7,"13,285",4742.37,4770.0,4686.71
05/19/2021,4705.67,"25,408",4622.0,4723.35,4565.81
05/18/2021,4726.01,"17,754",4872.05,4883.198,4717.81
05/17/2021,4871.49,"16,480",4947.1,4969.0,4840.99
05/14/2021,4949.71,"16,199",4937.84,4988.55,4920.0
05/13/2021,4925.73,"20,277",4810.0,4955.5,4799.9
05/12/2021,4749.37,"21,670",4950.01,4954.98,4749.34
05/11/2021,4988.03,"21,077",5187.83,5198.84,4970.01
05/10/2021,5215.81,"15,314",5209.55,5308.475,5150.0
05/07/2021,5211.38,"17,688",5109.32,5234.27,5109.32
05/06/2021,5134.44,"13,349",5149.68,5151.35,5075.51
05/05/2021,5142.42,"9,810",5125.0,5155.99,5075.01
05/04/2021,5104.95,"15,674",5127.57,5173.76,5055.0
05/03/2021,5124.07,"12,559",5076.11,5144.0,5015.36
04/30/2021,5018.1,"14,406",4990.01,5047.97,4942.0
04/29/2021,5023.91,"15,016",5020.0,5107.1,5000.31
04/28/2021,5005.63,"20,574",4978.81,5019.8,4951.15
04/27/2021,4978.81,"27,868",4938.5,5023.0,4863.4
04/26/2021,4929.53,"19,045",4859.34,4938.96,4825.34
04/23/2021,4862.59,"16,893",4830.0,4916.805,4760.27
04/22/2021,4826.37,"23,442",4787.0,4836.205,4757.5
04/21/2021,4800.0,"40,177",4880.0,4895.0,4700.0
04/20/2021,4906.22,"17,560",4994.0,5028.855,4836.38
04/19/2021,4984.42,"20,983",4979.51,4994.13,4936.2301
04/16/2021,4984.85,"26,555",4880.0,5008.36,4880.0
04/15/2021,4844.22,"11,752",4850.0,4891.72,4800.0
04/14/2021,4821.44,"13,198",4784.0,4859.72,4784.0
04/13/2021,4821.02,"21,569",4844.22,4888.0,4762.5
04/12/2021,4873.73,"20,626",4900.3,4944.98,4838.32
04/09/2021,4902.13,"21,097",4776.69,4922.69,4724.7
04/08/2021,4748.49,"11,883",4768.85,4799.99,4748.32
04/07/2021,4776.41,"19,451",4840.99,4874.64,4758.91
04/06/2021,4837.78,"14,037",4815.2,4849.49,4720.02
04/05/2021,4827.44,"14,755",4810.63,4844.86,4790.11
04/01/2021,4785.18,"15,334",4740.005,4810.22,4705.01
03/31/2021,4710.93,"24,251",4670.28,4775.0,4670.28
03/30/2021,4706.11,"16,932",4655.68,4740.83,4628.695
03/29/2021,4668.26,"18,505",4730.0,4753.32,4666.7
03/26/2021,4722.74,"23,087",4569.04,4749.99,4561.52
03/25/2021,4567.86,"19,438",4495.2,4600.0,4442.56
03/24/2021,4539.65,"24,564",4473.23,4604.98,4465.0
03/23/2021,4463.1,"15,956",4480.81,4565.0,4438.87
03/22/2021,4503.64,"32,503",4430.01,4515.0,4397.615
03/19/2021,4434.99,"73,349",4402.1,4570.0,4363.32
03/18/2021,4421.85,"37,848",4635.73,4645.44,4380.02
03/17/2021,4662.33,"32,459",4600.0,4701.6445,4529.0
03/16/2021,4629.04,"20,723",4645.74,4740.0,4629.04
03/15/2021,4670.25,"18,762",4540.08,4674.99,4497.5625
03/12/2021,4538.83,"27,565",4564.44,4564.44,4450.01
03/11/2021,4584.74,"29,462",4733.5,4832.8,4571.05
03/10/2021,4776.41,"21,270",4731.41,4823.0,4688.75
03/09/2021,4702.09,"16,924",4742.61,4784.77,4683.8747
03/08/2021,4699.76,"18,704",4638.47,4771.99,4622.47
03/05/2021,4624.62,"18,659",4466.65,4644.0,4378.485
03/04/2021,4441.3,"24,375",4460.96,4580.41,4330.0
03/03/2021,4483.85,"24,743",4630.54,4647.92,4474.91
03/02/2021,4657.96,"22,202",4583.0,4687.55,4538.85
03/01/2021,4572.96,"18,575",4528.0,4650.0,4503.12
02/26/2021,4500.84,"26,122",4508.53,4562.8478,4462.95
02/25/2021,4491.42,"21,328",4682.08,4682.08,4469.99
02/24/2021,4699.97,"19,737",4668.0,4714.0,4525.01
02/23/2021,4699.58,"18,516",4645.55,4728.6,4586.3
02/22/2021,4656.03,"17,778",4680.0,4724.2,4652.17
02/19/2021,4705.45,"18,648",4718.0,4782.99,4690.75
02/18/2021,4705.98,"19,012",4662.19,4733.21,4651.0
02/17/2021,4704.4,"22,175",4626.14,4727.575,4600.0
02/16/2021,4650.0,"27,505",4675.0,4694.255,4600.0
02/12/2021,4700.02,"19,792",4700.0,4725.9,4671.501
02/11/2021,4708.33,"18,663",4723.8,4790.0,4700.0
02/10/2021,4701.83,"19,894",4699.0,4769.182,4661.24
02/09/2021,4699.74,"15,776",4724.0,4740.0,4655.34
02/08/2021,4740.93,"22,256",4695.47,4806.5444,4675.0
02/05/2021,4668.41,"19,167",4573.39,4693.59,4573.39
02/04/2021,4552.11,"17,317",4492.0,4585.64,4438.13
02/03/2021,4499.57,"35,964",4491.96,4523.2,4448.0
02/02/2021,4509.98,"42,238",4511.73,4556.11,4470.55
02/01/2021,4530.0,"39,525",4489.96,4549.98,4437.2572
01/29/2021,4446.48,"37,746",4495.0,4516.6,4404.55
01/28/2021,4518.21,"43,176",4562.66,4562.66,4361.69
01/27/2021,4535.0,"40,997",4496.11,4570.42,4455.0
01/26/2021,4545.72,"43,372",4547.47,4610.0,4479.63
01/25/2021,4540.0,"30,996",4499.0,4545.0,4468.0
01/22/2021,4485.91,"28,053",4437.0,4498.99,4365.51
01/21/2021,4451.5,"37,026",4287.73,4464.61,4280.0
01/20/2021,4278.82,"37,009",4160.0,4364.75,4140.03
01/19/2021,4160.0,"31,919",4021.0,4168.0,4017.95
01/15/2021,4009.95,"18,583",3964.65,4030.0,3950.62
01/14/2021,3975.05,"20,821",3976.0,4013.72,3955.86
01/13/2021,3971.4,"22,184",3985.0,4088.5163,3971.39
01/12/2021,3963.19,"30,736",3982.01,4006.32,3936.43
01/11/2021,3986.87,"34,259",3900.0,4016.1,3885.0
01/08/2021,3930.0,"44,634",4040.69,4077.0,3892.67
01/07/2021,4025.93,"29,572",3997.48,4080.73,3977.03
01/06/2021,3966.49,"29,433",3970.0,4021.49,3892.0
01/05/2021,4008.91,"26,792",4025.2,4049.99,3965.0
01/04/2021,4040.65,"23,709",4089.98,4106.79,3988.0
12/31/2020,4079.86,"12,398",4140.86,4140.86,4071.84
12/30/2020,4127.66,"9,354",4130.02,4187.89,4121.89
12/29/2020,4126.82,"11,529",4169.93,4180.0,4101.0
12/28/2020,4156.6,"13,698",4262.92,4274.99,4144.0
12/24/2020,4216.39,"4,269",4128.0,4220.0,4119.86
12/23/2020,4141.57,"12,507",4210.0,4210.0,4137.49
12/22/2020,4202.3,"13,174",4225.28,4260.0,4170.0
12/21/2020,4224.64,"20,467",4155.63,4268.015,4123.6
12/18/2020,4226.87,"58,930",4234.63,4315.0,4205.03
12/17/2020,4219.8,"26,037",4102.0,4316.86,4102.0
12/16/2020,4061.54,"20,681",4057.32,4085.0,4016.85
12/15/2020,4025.0,"17,465",4039.0,4074.93,4007.07
12/14/2020,4022.0,"22,334",4021.18,4078.87,4012.005
12/11/2020,4003.66,"17,037",3980.97,4026.78,3980.97
12/10/2020,3991.18,"11,204",3994.13,4038.47,3978.695
12/09/2020,4034.32,"28,391",3964.52,4034.34,3962.475
12/08/2020,3929.78,"36,933",3960.0,3999.9,3925.56
12/07/2020,4000.0,"21,439",3989.19,4059.59,3955.54
12/04/2020,3999.99,"30,768",3998.4,4029.53,3943.025
12/03/2020,4000.0,"30,588",3900.0,4049.9999,3875.2
12/02/2020,3899.1,"30,337",3980.58,3999.34,3893.0
12/01/2020,3994.22,"27,938",4016.0,4047.67,3978.8
11/30/2020,3997.18,"38,855",4097.93,4100.0,3950.01
11/27/2020,4120.22,"6,872",4130.6,4161.2683,4070.02
11/25/2020,4110.76,"23,263",4166.1,4207.5,4095.86
11/24/2020,4162.03,"18,087",4229.0,4229.0,4127.4
11/23/2020,4194.58,"13,586",4180.0,4205.0,4125.66
11/20/2020,4160.1,"17,835",4235.2,4239.48,4150.0
11/19/2020,4215.53,"21,922",4300.0,4308.0,4182.2
11/18/2020,4290.27,"15,458",4253.52,4358.12,4253.52
11/17/2020,4277.26,"17,283",4286.26,4424.95,4254.57
11/16/2020,4318.03,"25,939",4290.0,4372.0,4190.48
11/13/2020,4247.94,"17,786",4180.0,4311.0,4112.02
11/12/2020,4149.71,"24,798",4280.0,4280.0,4090.4
11/11/2020,4240.49,"26,853",4150.0,4317.82,4101.63
11/10/2020,4139.0,"32,067",4025.0,4188.58,3975.47
11/09/2020,3974.91,"48,037",4248.42,4248.42,3961.23
11/06/2020,4146.33,"19,316",4232.33,4232.33,4123.07
11/05/2020,4261.9,"17,292",4250.0,4371.0,4249.98
11/04/2020,4218.06,"29,556",4160.0,4314.98,4140.0
11/03/2020,4118.98,"20,621",3997.99,4156.025,3980.01
11/02/2020,4029.27,"20,502",4032.0,4094.975,3939.97
10/30/2020,3953.09,"21,041",3992.56,4049.075,3936.36
10/29/2020,3996.27,"20,610",4020.16,4052.8,3897.93
10/28/2020,3983.38,"19,906",3911.93,4071.12,3868.0087
10/27/2020,4000.66,"25,625",4040.0,4080.0,3947.54
10/26/2020,4037.52,"15,643",4144.92,4150.01,4014.745
10/23/2020,4205.99,"21,698",4167.23,4220.86,4130.0
10/22/2020,4135.03,"24,930",4281.42,4289.95,4102.0
10/21/2020,4244.75,"21,682",4385.0,4423.2,4207.73
10/20/2020,4399.77,"45,262",4450.0,4501.0,4345.0
10/19/2020,4251.18,"17,193",4384.67,4413.71,4251.18
10/16/2020,4372.19,"17,451",4450.1,4530.0,4355.0
10/15/2020,4446.65,"14,841",4300.0,4480.0,4295.9803
10/14/2020,4360.77,"18,330",4433.01,4466.0,4350.38
10/13/2020,4446.88,"27,625",4407.0,4490.0,4360.0
10/12/2020,4429.24,"12,089",4410.0,4457.5,4375.0001
10/09/2020,4399.01,"18,128",4392.7,4428.1,4327.19
10/08/2020,4348.4,"14,944",4243.81,4376.78,4208.82
10/07/2020,4208.82,"17,262",4188.0,4252.6987,4105.88
10/06/2020,4145.26,"24,337",4228.6,4268.0,4085.1
10/05/2020,4215.58,"16,990",4242.7,4265.2598,4133.015
10/02/2020,4194.98,"13,452",4188.0,4250.0,4120.0
10/01/2020,4228.31,"19,101",4117.34,4240.0,4070.01
09/30/2020,4083.12,"22,352",4035.17,4152.15,4018.995
09/29/2020,4001.56,"11,104",4060.01,4065.66,3983.485
09/28/2020,4078.55,"14,126",3971.0,4104.1,3971.0
09/25/2020,3930.51,"12,333",3918.0,3963.05,3848.0
09/24/2020,3909.0,"14,581",3858.34,3977.53,3823.31
09/23/2020,3853.15,"19,998",4014.85,4032.02,3831.25
09/22/2020,4044.52,"17,798",3962.09,4052.94,3930.01
09/21/2020,3931.29,"23,118",3962.12,4017.57,3890.01
09/18/2020,4033.3,"54,362",4197.0,4197.2,4030.01
09/17/2020,4147.88,"30,762",4166.62,4182.2,4100.0
09/16/2020,4219.53,"25,589",4057.76,4239.55,4042.13
09/15/2020,4020.99,"20,481",4148.0,4242.41,4013.44
09/14/2020,4142.22,"25,428",4098.48,4146.38,4040.0
09/11/2020,4047.27,"15,415",3975.61,4068.0,3954.13
09/10/2020,3953.96,"14,145",4015.0,4059.0,3921.01
09/09/2020,4012.24,"11,442",3951.0,4040.0,3936.545
09/08/2020,3915.61,"16,372",3845.97,3998.1,3845.97
09/04/2020,3931.93,"22,144",4062.62,4080.745,3861.9701
09/03/2020,4030.8,"24,255",4209.39,4209.39,4007.2
09/02/2020,4219.21,"12,725",4187.0,4247.425,4111.55
09/01/2020,4186.88,"16,240",4140.0,4199.87,4138.085
08/31/2020,4168.34,"22,961",4185.2,4218.0,4116.55
08/28/2020,4207.18,"14,188",4164.22,4260.02,4164.22
08/27/2020,4218.28,"21,746",4261.03,4318.0,4191.9274
08/26/2020,4220.0,"23,888",4200.01,4242.87,4100.0
08/25/2020,4224.28,"17,382",4295.11,4295.11,4189.31
08/24/2020,4310.09,"31,207",4245.01,4317.58,4198.0
08/21/2020,4223.76,"20,859",4137.78,4247.97,4117.0
08/20/2020,4155.62,"13,118",4147.88,4196.99,4115.0
08/19/2020,4151.03,"17,923",4167.7,4197.0,4104.5519
08/18/2020,4197.05,"29,047",4181.26,4222.2438,4125.02
08/17/2020,4145.39,"18,340",4045.0,4185.24,4045.0
08/14/2020,4044.81,"17,132",4049.0,4051.08,3990.18
08/13/2020,4050.0,"14,372",3992.99,4074.17,3980.0
08/12/2020,4035.47,"31,441",3946.58,4059.5,3920.0
08/11/2020,3934.4,"36,221",3935.51,3983.62,3859.935
08/10/2020,3910.01,"23,826",3865.0,4001.3203,3858.04
08/07/2020,3875.01,"22,550",3895.0,3942.55,3796.87
08/06/2020,3873.98,"17,916",3818.44,3877.52,3770.02
08/05/2020,3831.69,"23,582",3874.56,3874.56,3803.53
08/04/2020,3867.47,"11,689",3858.0,3869.85,3820.0
08/03/2020,3874.2,"18,736",3935.0,3988.55,3867.56
07/31/2020,3930.15,"14,211",3945.0,3979.495,3850.11
07/30/2020,3943.55,"23,071",3872.0,4000.0,3872.0
07/29/2020,3934.0,"19,511",3817.0,3937.36,3807.01
07/28/2020,3787.8,"27,774",3931.5,3936.96,3778.08
07/27/2020,3912.0,"31,040",3817.67,3961.24,3760.25
07/24/2020,3810.39,"27,234",3712.0,3837.87,3658.0
07/23/2020,3726.19,"25,104",3757.86,3899.99,3682.0
07/22/2020,3733.8,"51,561",3510.25,3770.0,3500.0
07/21/2020,3373.46,"23,512",3460.1,3470.0,3350.0
07/20/2020,3397.12,"16,180",3359.97,3417.53,3277.85
07/17/2020,3342.8,"18,405",3399.45,3460.57,3330.98
07/16/2020,3345.05,"15,139",3329.47,3365.98,3302.775
07/15/2020,3337.32,"21,919",3366.99,3366.99,3260.0
07/14/2020,3306.49,"15,300",3199.53,3306.5,3199.53
07/13/2020,3214.63,"15,642",3280.0,3340.0,3205.05
07/10/2020,3270.71,"12,899",3250.01,3282.95,3230.0919
07/09/2020,3244.48,"15,677",3330.0,3330.0,3216.6
07/08/2020,3331.42,"19,318",3265.0,3339.4,3263.11
07/07/2020,3241.07,"16,180",3275.0,3320.0,3221.68
07/06/2020,3306.47,"23,675",3224.65,3316.15,3204.985
07/02/2020,3170.0,"26,362",3247.8,3274.0,3158.88
07/01/2020,3185.9,"21,667",3254.88,3269.47,3175.55
06/30/2020,3258.75,"32,233",3194.88,3270.0,3194.88
06/29/2020,3190.77,"22,778",3188.0,3210.42,3114.88
06/26/2020,3167.64,"71,890",3169.75,3187.0,3113.7
06/25/2020,3193.2,"24,348",3150.0,3223.9999,3120.0
06/24/2020,3186.84,"28,317",3240.87,3240.87,3103.24
06/23/2020,3270.74,"16,313",3320.0,3320.0,3254.94
06/22/2020,3278.11,"28,146",3278.64,3301.12,3240.39
06/19/2020,3298.28,"30,965",3435.0,3435.0,3255.7
06/18/2020,3360.97,"23,358",3431.86,3463.1,3335.0
06/17/2020,3482.1,"40,915",3470.0,3510.0,3440.0201
06/16/2020,3450.06,"47,136",3299.15,3462.505,3299.15
06/15/2020,3236.34,"54,222",3050.0,3278.88,3050.0
06/12/2020,3175.37,"24,368",3207.92,3273.44,3101.05
06/11/2020,3098.63,"30,767",3315.2,3339.97,3098.63
06/10/2020,3420.34,"19,273",3420.0,3473.0,3309.53
06/09/2020,3428.69,"18,841",3497.0,3500.0,3405.27
06/08/2020,3524.75,"24,384",3500.0,3619.26,3499.5025
06/05/2020,3491.07,"26,707",3475.0,3506.63,3397.0
06/04/2020,3396.38,"27,049",3386.79,3473.97,3378.0
06/03/2020,3423.81,"27,588",3294.45,3455.66,3294.45
06/02/2020,3263.4,"24,024",3270.0,3290.39,3230.005
06/01/2020,3204.14,"19,397",3245.08,3299.2,3185.595
05/29/2020,3221.61,"71,587",3175.55,3285.76,3163.05
05/28/2020,3220.41,"29,722",3365.79,3417.56,3212.62
05/27/2020,3350.55,"36,708",3280.0,3351.6925,3260.1
05/26/2020,3214.42,"35,029",3202.0,3309.2,3190.0
05/22/2020,3133.86,"18,198",3114.0,3160.33,3056.01
05/21/2020,3124.0,"26,932",3068.93,3179.04,3052.24
05/20/2020,3086.0,"25,944",3174.13,3239.82,3034.63
05/19/2020,3137.09,"38,158",3078.55,3200.0,3010.0
05/18/2020,3100.63,"39,461",2922.03,3130.0,2847.15
05/15/2020,2795.06,"26,446",2758.52,2841.36,2733.0
05/14/2020,2800.06,"26,654",2750.0,2803.51,2660.0
05/13/2020,2768.01,"30,492",2901.1,2960.0,2737.0
05/12/2020,2877.38,"34,697",3060.0,3067.0,2877.38
05/11/2020,3055.83,"15,970",3076.9,3103.72,3048.39
05/08/2020,3119.67,"27,329",3030.0,3144.83,3015.0
05/07/2020,3000.0,"38,347",3105.0,3135.0,3000.0
05/06/2020,3065.0,"28,330",3115.0,3150.0,3025.63
05/05/2020,3100.0,"24,329",3042.38,3162.715,3042.38
05/04/2020,3062.68,"34,958",3014.97,3087.79,2955.72
05/01/2020,3036.9,"20,834",3000.0,3067.11,2959.0
04/30/2020,3100.0,"27,978",3121.23,3162.04,3027.48
04/29/2020,3196.53,"35,670",3248.1,3349.97,3192.5
04/28/2020,3163.84,"39,292",3043.33,3212.67,3043.33
04/27/2020,2990.7,"41,759",2899.37,3037.38,2869.745
04/24/2020,2847.37,"46,467",2750.0,2875.0,2728.375
04/23/2020,2746.33,"55,869",2809.55,2840.0,2718.01
04/22/2020,2847.6,"46,811",2874.45,2927.9,2813.0
04/21/2020,2805.44,"41,629",2782.0,2879.62,2782.0
04/20/2020,2846.86,"32,468",2836.97,2959.17,2800.55
04/17/2020,2917.75,"29,983",2821.0,2920.0,2793.51
04/16/2020,2750.06,"35,096",2754.28,2818.99,2716.05
04/15/2020,2792.95,"28,727",2850.17,2853.47,2741.52
04/14/2020,2900.44,"21,705",2847.52,2929.9899,2820.0
04/13/2020,2764.8,"18,683",2869.38,2869.38,2697.24
04/09/2020,2928.01,"27,471",2999.33,3207.62,2880.0
04/08/2020,2934.65,"27,489",2793.21,2971.15,2760.0
04/07/2020,2712.71,"29,915",2782.56,2890.99,2701.97
04/06/2020,2691.4,"31,258",2500.0,2768.72,2500.0
04/03/2020,2362.94,"31,472",2330.0,2416.99,2294.7165
04/02/2020,2369.97,"34,024",2380.81,2484.43,2310.03
04/01/2020,2410.0,"54,144",2502.0,2558.93,2369.36
03/31/2020,2569.11,"54,984",2673.0,2682.43,2526.81
03/30/2020,2714.31,"37,282",2880.25,2900.0,2673.79
03/27/2020,2871.62,"34,879",2929.7,2975.0,2800.0
03/26/2020,2941.47,"59,405",2854.21,3000.0,2805.62
03/25/2020,2915.0,"53,044",2646.28,2960.9981,2646.05
03/24/2020,2633.49,"51,641",2284.93,2649.5113,2284.93
03/23/2020,2175.0,"42,865",2280.24,2336.0,2125.0
03/20/2020,2326.89,"56,821",2733.94,2810.8035,2318.87
03/19/2020,2709.42,"71,416",2266.63,2865.985,2208.7805
03/18/2020,2286.27,"97,458",2151.85,2498.5494,2043.01
03/17/2020,2271.55,"99,701",2386.07,2403.6,2100.497
03/16/2020,2321.78,"82,365",2600.0,2684.03,2258.0001
03/13/2020,2922.28,"58,324",2991.0,2998.21,2600.0701
03/12/2020,2947.2,"59,790",3120.0,3276.53,2729.53
03/11/2020,3411.9,"41,231",3679.59,3737.66,3400.0
03/10/2020,3750.0,"45,541",3686.3,3750.0,3570.013
03/09/2020,3632.35,"38,467",3725.0,3757.36,3620.36
03/06/2020,3845.23,"27,130",3824.35,3877.5,3758.36
03/05/2020,3923.61,"26,297",3988.16,3988.16,3885.0
03/04/2020,4017.0,"25,743",3930.55,4034.99,3881.94
03/03/2020,3843.84,"35,897",3788.0,3962.46,3760.02
03/02/2020,3788.31,"31,171",3689.3,3788.31,3647.235
02/28/2020,3667.18,"47,503",3678.06,3710.605,3585.19
02/27/2020,3746.04,"45,428",3814.67,3919.67,3702.85
02/26/2020,3849.5,"31,105",3857.0,3953.535,3792.75
02/25/2020,3860.28,"25,790",4010.88,4027.28,3853.7
02/24/2020,3988.41,"21,828",3994.48,4037.25,3975.55
02/21/2020,4031.14,"37,777",4011.0,4071.13,3986.9521
02/20/2020,4037.77,"16,664",3968.05,4042.0,3939.4155
02/19/2020,3965.95,"21,585",3975.3,4015.66,3953.04
02/18/2020,3960.0,"28,163",3971.72,4035.27,3952.57
02/14/2020,3993.63,"10,686",4021.2,4024.19,3975.52
02/13/2020,4021.75,"26,219",3969.57,4039.0,3945.335
02/12/2020,3976.78,"27,154",3968.56,3997.9,3857.9
02/11/2020,3981.86,"27,734",3960.0,4000.0,3943.5
02/10/2020,3952.21,"24,623",3891.35,3960.0,3891.35
02/07/2020,3921.63,"20,769",3919.8,3955.0,3890.7
02/06/2020,3886.96,"25,422",3861.24,3920.16,3833.0
02/05/2020,3853.48,"26,073",3792.4,3880.0,3776.09
02/04/2020,3791.77,"18,171",3821.66,3861.49,3790.27
02/03/2020,3810.0,"22,646",3842.76,3863.45,3796.65
01/31/2020,3816.97,"28,421",3896.0,3913.8,3802.11
01/30/2020,3966.76,"26,723",3916.54,3974.99,3882.37
01/29/2020,3898.56,"46,174",4000.0,4011.0,3825.001
01/28/2020,4030.0,"24,398",3960.0,4057.9499,3915.93
01/27/2020,3946.22,"34,060",3908.0,3984.22,3887.0
01/24/2020,3983.6,"21,362",4025.0,4058.0,3951.62
01/23/2020,4028.24,"37,638",3930.0,4050.0,3930.0
01/22/2020,3932.0,"17,927",3910.0,3957.1262,3887.0
01/21/2020,3905.14,"29,963",3893.41,3918.6862,3884.14
01/17/2020,3893.41,"21,512",3879.21,3919.0,3852.0
01/16/2020,3870.52,"20,150",3900.1,3935.0,3865.0
01/15/2020,3903.99,"31,422",3829.0,3910.18,3829.0
01/14/2020,3819.04,"20,127",3804.47,3828.275,3800.0
01/13/2020,3809.51,"24,484",3780.89,3821.45,3765.13
01/10/2020,3781.31,"24,603",3752.48,3799.29,3735.0
01/09/2020,3741.7,"60,482",3786.0,3818.0,3696.5423
01/08/2020,3785.81,"35,135",3818.63,3849.69,3775.01
01/07/2020,3806.12,"23,914",3775.94,3810.0,3774.0
01/06/2020,3783.27,"34,475",3779.85,3820.0,3771.39
01/03/2020,3781.43,"30,392",3699.0,3825.0,3699.0
01/02/2020,3735.5,"39,621",3777.0,3819.94,3701.01
12/31/2019,3808.41,"17,064",3820.9,3844.98,3777.895
12/30/2019,3823.0,"13,233",3814.9,3834.89,3786.99
12/27/2019,3816.37,"11,090",3811.66,3828.82,3794.92
12/26/2019,3810.55,"10,715",3816.46,3830.0,3785.36
12/24/2019,3817.15,"8,040",3791.87,3818.46,3791.87
12/23/2019,3786.71,"22,829",3855.79,3873.0,3782.56
12/20/2019,3840.74,"87,476",3730.91,3847.73,3718.922
12/19/2019,3705.49,"30,763",3756.78,3760.75,3689.4
12/18/2019,3735.75,"35,407",3820.0,3824.925,3716.03
12/17/2019,3817.27,"37,326",3888.7,3906.0,3789.43
12/16/2019,3860.0,"33,332",3785.52,3912.47,3785.52
12/13/2019,3798.35,"24,038",3740.0,3812.94,3740.0
12/12/2019,3752.95,"30,044",3829.25,3842.01,3746.1
12/11/2019,3838.02,"18,099",3820.4,3855.12,3815.495
12/10/2019,3820.0,"24,053",3810.62,3855.58,3773.5
12/09/2019,3804.1,"23,731",3748.63,3833.88,3745.02
12/06/2019,3760.62,"34,773",3894.95,3899.98,3722.0
12/05/2019,3854.48,"25,780",3789.09,3868.2457,3777.85
12/04/2019,3783.35,"35,426",3724.46,3798.8,3689.4
12/03/2019,3720.28,"26,554",3750.0,3778.95,3711.01
12/02/2019,3758.0,"25,854",3771.11,3783.75,3675.85
11/29/2019,3791.89,"12,447",3770.55,3820.96,3770.55
11/27/2019,3803.18,"32,765",3807.2,3827.72,3755.82
11/26/2019,3806.99,"70,422",3734.98,3810.11,3709.19
11/25/2019,3720.88,"29,826",3704.32,3742.0,3685.96
11/22/2019,3689.54,"25,412",3670.14,3729.78,3665.7
11/21/2019,3665.55,"25,462",3631.06,3693.98,3614.255
11/20/2019,3632.19,"33,282",3677.7,3759.22,3603.479
11/19/2019,3657.3,"34,322",3692.94,3725.0,3636.205
11/18/2019,3652.64,"28,651",3595.0,3700.15,3576.355
11/15/2019,3595.17,"27,244",3694.03,3705.0,3565.0
11/14/2019,3687.42,"36,315",3585.3,3693.54,3580.27
11/13/2019,3594.07,"20,460",3588.06,3641.15,3572.15
11/12/2019,3588.06,"42,200",3614.27,3654.9,3520.0
11/11/2019,3590.39,"37,791",3424.8,3593.05,3424.8
11/08/2019,3423.25,"25,216",3423.83,3464.0,3386.11
11/07/2019,3427.42,"50,745",3499.81,3520.21,3400.0
11/06/2019,3515.0,"52,086",3408.88,3555.4405,3408.88
11/05/2019,3390.44,"54,033",3412.9,3412.9,3315.605
11/04/2019,3422.48,"46,017",3689.02,3689.02,3402.0
11/01/2019,3669.51,"18,298",3651.9,3702.68,3650.6357
10/31/2019,3636.59,"29,265",3614.47,3659.8,3614.47
10/30/2019,3622.09,"32,230",3617.22,3628.69,3555.1
10/29/2019,3631.51,"33,058",3643.65,3670.0,3617.42
10/28/2019,3643.65,"36,669",3723.0,3733.65,3635.445
10/25/2019,3727.75,"21,829",3740.12,3786.495,3699.98
10/24/2019,3759.51,"14,708",3801.0,3801.13,3750.0
10/23/2019,3775.06,"16,241",3796.18,3829.94,3766.0
10/22/2019,3779.0,"21,349",3834.13,3844.76,3779.0
10/21/2019,3820.0,"29,381",3900.0,3946.5,3807.5916
10/18/2019,3892.89,"31,203",3776.2,3894.67,3731.41
10/17/2019,3779.41,"31,845",3715.86,3799.0,3697.775
10/16/2019,3705.84,"21,650",3641.0,3706.36,3630.93
10/15/2019,3650.13,"19,725",3634.1,3680.0,3634.1
10/14/2019,3621.82,"22,317",3594.88,3627.0,3584.04
10/11/2019,3572.04,"27,397",3619.7,3619.89,3566.43
10/10/2019,3602.6,"27,154",3642.49,3642.49,3566.07
10/09/2019,3654.92,"17,690",3701.5,3722.49,3636.28
10/08/2019,3693.91,"22,720",3660.0,3738.53,3660.0
10/07/2019,3676.75,"21,256",3685.15,3710.0,3663.625
10/04/2019,3706.34,"22,834",3606.0,3718.61,3606.0
10/03/2019,3603.85,"24,365",3638.0,3668.5,3576.59
10/02/2019,3634.93,"31,230",3734.9,3747.5,3631.0005
10/01/2019,3718.71,"28,035",3715.1,3794.1,3691.2
09/30/2019,3717.35,"29,892",3643.0,3728.75,3631.04
09/27/2019,3626.69,"39,261",3619.03,3647.85,3609.52
09/26/2019,3611.92,"37,550",3591.55,3656.45,3591.55
09/25/2019,3575.0,"788,944",3528.28,3624.99,3472.0
09/24/2019,3523.38,"78,999",3503.77,3546.0,3496.74
09/23/2019,3502.99,"77,112",3573.5,3618.96,3457.92
09/20/2019,3635.25,"34,990",3672.5,3722.26,3632.55
09/19/2019,3665.66,"21,527",3698.2,3719.5,3658.0
09/18/2019,3698.69,"26,140",3625.1,3725.0,3617.5
09/17/2019,3636.49,"18,591",3569.9,3662.5,3568.0
09/16/2019,3576.34,"23,778",3612.37,3625.0,3574.94
09/13/2019,3624.81,"14,796",3680.25,3719.8725,3615.85
09/12/2019,3680.06,"16,535",3715.0,3730.0,3666.06
09/11/2019,3675.0,"21,768",3688.0,3710.5399,3640.24
09/10/2019,3674.9,"31,906",3753.0,3770.0,3631.32
09/09/2019,3766.27,"46,614",3670.0,3767.0,3652.2
09/06/2019,3649.75,"25,604",3589.0,3749.21,3580.03
09/05/2019,3585.6,"25,492",3700.0,3700.0,3543.58
09/04/2019,3671.0,"30,269",3600.3,3688.35,3600.3
09/03/2019,3599.23,"17,405",3598.85,3620.49,3550.0
08/30/2019,3599.0,"15,628",3646.0,3646.0,3581.73
08/29/2019,3632.09,"11,240",3625.3,3648.1215,3583.65
08/28/2019,3608.66,"14,054",3561.0,3639.98,3548.0
08/27/2019,3591.89,"26,812",3600.0,3637.0,3571.0
08/26/2019,3598.64,"20,705",3554.0,3615.94,3540.0
08/23/2019,3546.23,"24,880",3652.0,3685.39,3536.3
08/22/2019,3662.73,"20,122",3630.61,3720.0,3611.0
08/21/2019,3609.24,"19,756",3582.02,3649.45,3568.0
08/20/2019,3575.0,"20,656",3535.0,3600.0,3512.52
08/19/2019,3551.38,"24,009",3500.0,3572.37,3500.0
08/16/2019,3499.9,"22,780",3491.0,3508.93,3435.74
08/15/2019,3490.0,"22,016",3480.01,3523.98,3473.01
08/14/2019,3496.93,"19,147",3525.0,3559.0,3443.16
08/13/2019,3559.37,"22,049",3489.58,3566.2179,3463.7
08/12/2019,3483.69,"9,962",3502.67,3506.9,3417.12
08/09/2019,3524.56,"14,757",3537.0,3576.28,3524.56
08/08/2019,3543.3,"63,430",3483.1,3546.89,3473.41
08/07/2019,3485.16,"28,795",3379.83,3500.0,3374.8
08/06/2019,3394.07,"12,890",3356.58,3404.8,3323.9
08/05/2019,3340.14,"37,539",3379.18,3399.9,3305.0
08/02/2019,3404.29,"18,762",3383.49,3432.7173,3351.0
08/01/2019,3387.96,"20,646",3325.2,3433.99,3317.0
07/31/2019,3344.14,"27,199",3285.0,3390.0,3279.14
07/30/2019,3288.09,"32,778",3280.1,3350.0,3271.5
07/29/2019,3301.35,"40,292",3313.0,3325.02,3245.68
07/26/2019,3309.81,"37,230",3435.0,3446.0,3291.0
07/25/2019,3419.93,"21,329",3388.0,3435.255,3388.0
07/24/2019,3382.06,"18,283",3377.2,3414.8,3365.4
07/23/2019,3381.53,"31,348",3419.65,3482.0,3368.02
07/22/2019,3498.3,"20,203",3485.2,3558.0,3476.0
07/19/2019,3520.01,"17,370",3550.0,3582.99,3495.63
07/18/2019,3507.74,"22,794",3496.8,3548.46,3451.94
07/17/2019,3501.86,"14,216",3502.2,3535.0,3483.03
07/16/2019,3497.1,"18,617",3444.55,3514.97,3444.55
07/15/2019,3450.0,"12,227",3495.8,3500.0,3430.0
07/12/2019,3489.63,"13,910",3476.0,3528.3194,3474.06
07/11/2019,3468.68,"27,685",3464.9,3509.01,3450.0
07/10/2019,3468.15,"19,470",3390.59,3468.15,3370.0
07/09/2019,3371.04,"17,861",3339.01,3374.76,3339.01
07/08/2019,3343.31,"16,187",3327.93,3378.45,3312.52
07/05/2019,3348.0,"10,627",3379.65,3399.8,3306.0
07/03/2019,3396.46,"9,240",3374.0,3412.69,3374.0
07/02/2019,3396.38,"11,196",3363.08,3402.68,3350.51
07/01/2019,3367.75,"15,829",3396.99,3415.0,3341.45
06/28/2019,3370.25,"25,605",3358.21,3384.0,3301.2
06/27/2019,3333.62,"28,017",3246.0,3339.73,3244.98
06/26/2019,3236.74,"33,224",3265.11,3296.6482,3236.74
06/25/2019,3271.64,"24,674",3346.99,3372.5,3249.0
06/24/2019,3334.23,"17,534",3344.53,3369.0,3312.745
06/21/2019,3313.24,"41,683",3391.56,3391.56,3312.0
06/20/2019,3411.99,"20,333",3386.7,3411.99,3342.1825
06/19/2019,3375.87,"43,184",3441.13,3441.13,3346.28
06/18/2019,3449.95,"24,274",3440.24,3484.29,3399.5896
06/17/2019,3430.0,"22,076",3480.0,3485.23,3374.0
06/14/2019,3459.62,"19,757",3388.8,3489.0,3368.02
06/13/2019,3395.81,"18,532",3395.1,3420.0,3362.0
06/12/2019,3395.0,"19,931",3361.65,3411.69,3341.2
06/11/2019,3370.82,"16,403",3410.0,3413.03,3323.0
06/10/2019,3402.35,"17,781",3400.0,3439.18,3366.5
06/07/2019,3391.0,"16,915",3375.0,3406.38,3370.1
06/06/2019,3362.49,"21,142",3356.78,3417.53,3327.25
06/05/2019,3356.68,"21,427",3322.0,3374.25,3301.73
06/04/2019,3317.55,"25,061",3281.12,3317.55,3240.0
06/03/2019,3266.7,"25,329",3190.0,3294.7,3170.0
05/31/2019,3201.57,"27,449",3204.95,3264.34,3151.2
05/30/2019,3226.18,"16,378",3223.0,3259.54,3209.003
05/29/2019,3219.76,"24,367",3183.21,3235.66,3162.9
05/28/2019,3214.32,"43,742",3281.92,3293.5,3202.85
05/24/2019,3272.72,"34,852",3231.94,3279.03,3216.52
05/23/2019,3215.28,"29,522",3229.85,3249.775,3194.83
05/22/2019,3246.78,"22,895",3279.75,3318.0,3235.0
05/21/2019,3309.32,"26,271",3267.8,3324.69,3250.0
05/20/2019,3261.18,"25,002",3311.25,3321.435,3247.58
05/17/2019,3320.0,"18,184",3323.16,3364.86,3311.92
05/16/2019,3344.65,"20,767",3319.9,3381.98,3312.54
05/15/2019,3315.58,"26,309",3290.42,3323.54,3275.56
05/14/2019,3286.04,"23,544",3255.0,3325.0,3249.35
05/13/2019,3249.35,"29,201",3251.24,3270.0,3190.07
05/10/2019,3290.79,"19,908",3310.68,3318.59,3274.05
05/09/2019,3307.48,"22,054",3215.24,3307.48,3213.26
05/08/2019,3228.0,"20,656",3236.0,3284.9,3217.53
05/07/2019,3251.41,"23,006",3317.03,3317.03,3217.69
05/06/2019,3292.37,"23,813",3230.73,3311.0,3225.2695
05/03/2019,3270.0,"21,702",3258.0,3284.37,3243.06
05/02/2019,3247.87,"21,421",3174.1,3262.0,3156.0
05/01/2019,3183.53,"59,220",3160.0,3244.0,3160.0
04/30/2019,3152.48,"20,853",3121.49,3176.08,3080.0
04/29/2019,3132.6,"25,364",3127.57,3149.98,3070.01
04/26/2019,3116.14,"28,316",3147.0,3147.0,3078.57
04/25/2019,3145.78,"28,808",3179.95,3200.0,3115.08
04/24/2019,3215.77,"34,083",3198.01,3229.88,3146.1501
04/23/2019,3215.0,"42,088",3281.65,3335.23,3189.5416
04/22/2019,3271.95,"48,335",3130.0,3282.8,3087.552
04/18/2019,3084.12,"23,895",3051.0,3100.0,3015.25
04/17/2019,3044.62,"15,742",3038.31,3049.83,3024.05
04/16/2019,3022.16,"19,891",3000.0,3034.14,2981.82
04/15/2019,2998.7,"19,674",2992.9,2998.72,2967.0
04/12/2019,2970.1,"18,572",2946.0,2985.28,2938.0395
04/11/2019,2944.25,"19,266",2926.59,2961.79,2895.0
04/10/2019,2910.42,"11,455",2890.0,2920.0,2876.01
04/09/2019,2878.06,"22,278",2870.0,2902.78,2860.0
04/08/2019,2881.27,"16,247",2856.08,2897.305,2855.6202
04/05/2019,2870.47,"11,797",2878.0,2895.0,2860.0
04/04/2019,2869.9,"12,557",2789.55,2869.9,2789.55
04/03/2019,2793.88,"15,393",2771.07,2829.9,2755.55
04/02/2019,2768.0,"13,686",2750.72,2781.78,2745.075
04/01/2019,2766.99,"22,951",2776.99,2799.95,2744.73
03/29/2019,2767.0,"21,465",2819.76,2829.59,2757.51
03/28/2019,2807.32,"21,249",2875.53,2876.69,2778.57
03/27/2019,2860.24,"38,318",2859.2,2893.75,2840.57
03/26/2019,2826.21,"21,319",2831.8,2846.05,2787.1818
03/25/2019,2832.78,"13,601",2779.9,2845.94,2770.0
03/22/2019,2780.91,"19,118",2743.5,2815.0,2739.1044
03/21/2019,2760.73,"20,328",2741.26,2813.425,2741.26
03/20/2019,2741.74,"25,987",2723.41,2764.98,2687.68
03/19/2019,2732.32,"25,727",2770.53,2774.49,2721.11
03/18/2019,2760.06,"14,479",2757.9,2779.74,2729.96
03/15/2019,2724.21,"28,102",2727.02,2790.69,2716.78
03/14/2019,2722.77,"15,936",2738.0,2758.7921,2721.48
03/13/2019,2739.0,"18,400",2775.0,2800.0,2735.5
03/12/2019,2769.46,"18,037",2742.0,2773.61,2726.0
03/11/2019,2738.93,"18,578",2711.73,2758.99,2711.0
03/08/2019,2710.0,"15,368",2732.83,2768.39,2699.29
03/07/2019,2751.72,"41,198",2684.0,2822.0,2684.0
03/06/2019,2692.35,"27,080",2639.63,2713.0,2639.63
03/05/2019,2639.25,"22,597",2649.0,2669.84,2612.1
03/04/2019,2660.66,"25,836",2603.0,2661.68,2602.2
03/01/2019,2601.0,"25,783",2623.92,2640.0,2586.54
02/28/2019,2620.0,"26,058",2639.4,2656.1,2601.73
02/27/2019,2643.1,"23,639",2626.02,2665.0,2595.35
02/26/2019,2632.97,"39,424",2634.65,2677.0,2606.96
02/25/2019,2647.74,"15,483",2681.0,2701.962,2630.0
02/22/2019,2680.0,"18,410",2667.88,2706.85,2652.5754
02/21/2019,2643.85,"23,598",2570.0,2653.87,2562.02
02/20/2019,2590.3,"36,904",2600.0,2642.86,2575.01
02/19/2019,2622.7,"43,191",2668.0,2699.38,2606.17
02/15/2019,2662.85,"18,339",2669.1,2698.0,2650.1
02/14/2019,2656.58,"23,682",2579.33,2676.27,2579.33
02/13/2019,2600.8,"19,847",2700.45,2700.45,2598.61
02/12/2019,2691.46,"31,338",2613.68,2705.46,2613.68
02/11/2019,2602.0,"18,432",2598.2,2625.13,2577.2
02/08/2019,2579.08,"44,168",2613.0,2625.0,2565.09
02/07/2019,2616.61,"18,825",2513.82,2616.61,2513.82
02/06/2019,2535.21,"18,197",2645.8,2645.8,2522.6
02/05/2019,2612.37,"16,857",2631.61,2649.6058,2604.58
02/04/2019,2628.45,"20,994",2649.7,2668.0,2598.0
02/01/2019,2635.74,"20,544",2653.55,2686.5,2618.38
01/31/2019,2660.0,"28,923",2651.1,2710.89,2640.0
01/30/2019,2649.77,"26,948",2637.1,2694.495,2619.95
01/29/2019,2625.31,"31,404",2550.0,2651.28,2488.805
01/28/2019,2560.43,"23,889",2470.0,2609.77,2470.0
01/25/2019,2517.06,"37,762",2598.0,2633.13,2495.3
01/24/2019,2521.3,"19,016",2500.0,2536.955,2485.3
01/23/2019,2499.76,"28,214",2492.0,2524.8137,2470.0
01/22/2019,2467.03,"27,540",2497.89,2519.23,2452.42
01/18/2019,2490.45,"24,420",2535.95,2555.12,2480.56
01/17/2019,2527.38,"17,392",2518.8,2567.98,2500.03
01/16/2019,2530.49,"21,349",2575.0,2576.6299,2519.0
01/15/2019,2561.52,"11,567",2526.05,2574.3717,2524.86
01/14/2019,2545.82,"19,636",2579.8,2595.0,2535.2863
01/11/2019,2586.1,"20,086",2565.0,2601.97,2545.03
01/10/2019,2563.37,"29,322",2500.27,2599.98,2500.27
01/09/2019,2531.53,"42,356",2485.0,2567.6,2466.46
01/08/2019,2494.96,"54,641",2452.2,2494.96,2425.0
01/07/2019,2471.01,"42,631",2406.81,2480.0,2394.0
01/04/2019,2412.83,"29,132",2384.05,2449.44,2364.52
01/03/2019,2381.94,"26,497",2425.0,2425.0,2358.42
01/02/2019,2420.82,"29,827",2387.35,2425.0,2285.0
12/31/2018,2436.99,"11,905",2422.0,2447.394,2386.22
12/28/2018,2419.59,"16,786",2456.8,2474.45,2385.42
12/27/2018,2441.0,"23,971",2398.0,2441.0,2343.04
12/26/2018,2431.64,"18,613",2345.8,2440.0,2297.46
12/24/2018,2319.12,"19,984",2344.47,2360.0,2301.62
12/21/2018,2346.14,"64,458",2441.01,2492.55,2346.14
12/20/2018,2452.92,"27,045",2425.5,2488.88,2408.0
12/19/2018,2441.44,"30,107",2501.35,2549.59,2440.48
12/18/2018,2479.81,"28,171",2451.15,2520.0,2414.87
12/17/2018,2453.38,"34,784",2459.0,2494.7,2414.71
12/14/2018,2446.01,"22,408",2422.0,2500.0,2422.0
12/13/2018,2441.93,"20,785",2480.6,2498.77,2440.0
12/12/2018,2443.77,"19,506",2433.75,2494.62,2377.2
12/11/2018,2411.27,"23,647",2465.0,2465.0,2401.02
12/10/2018,2391.66,"46,066",2449.92,2472.0,2327.7452
12/07/2018,2456.76,"28,382",2499.79,2529.45,2450.43
12/06/2018,2492.39,"30,762",2415.5,2499.7,2395.77
12/04/2018,2437.95,"41,297",2508.0,2508.0,2420.0
12/03/2018,2533.73,"32,925",2470.8,2549.89,2412.17
11/30/2018,2450.0,"37,813",2480.0,2498.0,2439.84
11/29/2018,2473.77,"20,424",2547.5,2569.8499,2457.1
11/28/2018,2562.71,"33,065",2486.95,2580.96,2432.0
11/27/2018,2468.76,"22,734",2487.37,2494.11,2459.0
11/26/2018,2484.12,"47,222",2521.33,2524.0,2460.73
11/23/2018,2485.84,"12,508",2480.0,2509.58,2465.0
11/21/2018,2482.54,"34,070",2461.15,2493.5,2420.1
11/20/2018,2444.19,"36,909",2420.0,2482.1,2420.0
11/19/2018,2435.33,"38,500",2417.7,2451.29,2376.03
11/16/2018,2401.28,"27,560",2365.0,2425.0,2323.57
11/15/2018,2365.68,"37,722",2290.02,2380.0,2257.04
11/14/2018,2347.66,"27,622",2396.44,2419.06,2344.81
11/13/2018,2359.33,"41,471",2336.2,2405.465,2336.2
11/12/2018,2323.74,"23,846",2316.99,2351.54,2298.21
11/09/2018,2315.05,"25,389",2293.79,2344.0,2275.0
11/08/2018,2291.55,"48,161",2279.23,2358.8,2185.1
11/07/2018,2302.26,"23,976",2371.34,2371.34,2263.1
11/06/2018,2339.89,"32,377",2341.5,2375.0,2334.0005
11/05/2018,2341.54,"49,886",2284.0,2358.75,2282.76
11/02/2018,2258.34,"40,952",2359.54,2359.54,2245.0
11/01/2018,2350.39,"35,353",2248.09,2371.81,2218.57
10/31/2018,2239.03,"35,182",2273.86,2289.95,2175.18
10/30/2018,2242.04,"31,855",2165.6,2284.0,2165.6
10/29/2018,2174.5,"33,087",2270.0,2270.0,2123.61
10/26/2018,2211.8,"45,812",2133.6,2291.6,2122.56
10/25/2018,2164.26,"46,954",2121.26,2198.38,2101.0
10/24/2018,2101.38,"40,599",2171.62,2249.99,2101.38
10/23/2018,2173.24,"69,645",2111.22,2241.0,2095.66
10/22/2018,2129.9,"47,639",2170.87,2223.47,2114.08
10/19/2018,2170.0,"42,216",2184.94,2199.75,2135.91
10/18/2018,2165.43,"93,670",2175.0,2196.535,2040.71
10/17/2018,2250.37,"44,052",2245.0,2257.57,2166.95
10/16/2018,2262.52,"52,679",2231.28,2284.3,2220.0
10/15/2018,2234.0,"21,743",2242.27,2254.3,2210.01
10/12/2018,2246.66,"31,114",2299.9,2299.9,2190.0
10/11/2018,2272.88,"23,120",2322.0,2349.01,2270.33
10/10/2018,2349.29,"48,795",2371.0,2433.2,2343.27
10/09/2018,2373.47,"48,402",2436.26,2448.99,2373.47
10/08/2018,2447.82,"23,797",2395.82,2475.0,2382.02
10/05/2018,2401.58,"41,145",2393.0,2433.61,2321.1
10/04/2018,2388.65,"28,605",2408.11,2413.85,2350.01
10/03/2018,2423.5,"30,354",2486.0,2490.8,2400.01
10/02/2018,2479.76,"32,195",2466.0,2515.31,2466.0
10/01/2018,2478.15,"21,414",2475.35,2508.27,2471.0
09/28/2018,2470.8,"28,862",2543.51,2574.0,2465.01
09/27/2018,2543.25,"32,700",2520.0,2553.79,2489.09
09/26/2018,2520.2,"23,376",2562.1,2572.36,2520.1
09/25/2018,2557.39,"23,217",2570.0,2588.42,2551.5
09/24/2018,2572.0,"40,445",2580.0,2631.8,2560.85
09/21/2018,2583.92,"58,854",2591.0,2608.03,2558.27
09/20/2018,2608.53,"39,587",2638.8,2661.0,2589.21
09/19/2018,2617.81,"21,269",2665.0,2681.57,2616.25
09/18/2018,2672.41,"16,859",2613.1,2683.2,2613.1
09/17/2018,2620.98,"18,115",2653.0,2661.88,2614.48
09/14/2018,2643.0,"19,233",2621.09,2665.05,2604.3
09/13/2018,2638.17,"20,284",2664.0,2664.0,2595.2325
09/12/2018,2657.3,"14,308",2599.0,2661.05,2567.95
09/11/2018,2603.0,"25,694",2574.15,2648.99,2558.27
09/10/2018,2591.66,"18,946",2615.6,2625.3611,2583.355
09/07/2018,2607.2,"24,192",2643.41,2653.99,2606.21
09/06/2018,2653.88,"16,105",2652.05,2689.85,2649.74
09/05/2018,2655.87,"25,375",2630.65,2674.5,2630.65
09/04/2018,2638.06,"24,478",2656.4,2685.0,2630.0
08/31/2018,2668.45,"20,705",2671.52,2689.66,2657.0
08/30/2018,2679.62,"14,875",2642.0,2689.5,2642.0
08/29/2018,2658.56,"15,667",2668.0,2699.0,2634.33
08/28/2018,2670.05,"18,677",2714.87,2739.75,2664.55
08/27/2018,2704.71,"25,007",2650.32,2714.7,2631.0
08/24/2018,2652.22,"24,625",2649.97,2685.655,2642.5
08/23/2018,2658.0,"13,533",2689.52,2689.52,2650.0
08/22/2018,2694.89,"16,432",2737.0,2738.42,2687.16
08/21/2018,2750.95,"41,039",2650.0,2772.78,2650.0
08/20/2018,2622.73,"38,294",2616.04,2648.98,2615.0
08/17/2018,2627.75,"37,061",2639.14,2659.96,2598.9
08/16/2018,2650.0,"24,043",2686.88,2710.0,2634.52
08/15/2018,2670.25,"25,007",2687.03,2691.86,2625.52
08/14/2018,2696.29,"22,237",2665.16,2724.45,2646.97
08/13/2018,2665.47,"45,620",2698.1,2719.0,2620.11
08/10/2018,2723.47,"18,804",2740.0,2740.0,2700.0
08/09/2018,2757.0,"32,768",2735.68,2791.11,2730.01
08/08/2018,2726.09,"20,665",2742.0,2748.0,2720.0
08/07/2018,2747.02,"23,785",2694.97,2750.0,2689.16
08/06/2018,2695.06,"20,466",2683.11,2713.65,2640.9
08/03/2018,2690.61,"29,639",2740.5,2751.9,2683.0
08/02/2018,2752.88,"29,206",2708.71,2759.7,2692.91
08/01/2018,2725.0,"29,496",2759.92,2776.7,2694.25
07/31/2018,2759.43,"39,882",2712.83,2772.92,2694.0
07/30/2018,2710.55,"35,917",2800.0,2827.99,2710.55
07/27/2018,2807.07,"23,703",2840.45,2849.45,2762.945
07/26/2018,2845.31,"24,168",2775.0,2857.98,2765.64
07/25/2018,2790.44,"32,824",2823.86,2823.86,2740.0
07/24/2018,2817.53,"44,862",2920.0,2930.0,2815.01
07/23/2018,2892.5,"55,681",2905.36,2928.0,2855.0
07/20/2018,2910.0,"62,063",3085.57,3100.03,2867.66
07/19/2018,3173.29,"18,897",3138.85,3188.18,3133.62
07/18/2018,3130.21,"18,951",3154.78,3154.78,3075.05
07/17/2018,3168.2,"22,231",3057.0,3175.0,3057.0
07/16/2018,3070.88,"15,081",3076.01,3098.14,3057.91
07/13/2018,3102.72,"7,483",3081.11,3112.42,3068.42
07/12/2018,3081.11,"14,115",3057.05,3086.5,3020.42
07/11/2018,3063.63,"14,160",3077.23,3121.3501,3055.51
07/10/2018,3103.56,"25,802",3060.5,3109.23,3054.75
07/09/2018,3067.0,"23,192",3027.0,3078.325,3018.59
07/06/2018,3017.04,"14,270",3053.91,3101.0,3014.72
07/05/2018,3063.2,"12,001",3059.7,3073.4,3014.4
07/03/2018,3033.5,"7,896",2998.12,3038.0,2995.05
07/02/2018,2990.64,"13,763",2938.58,3003.94,2938.58
06/29/2018,2970.35,"24,012",2975.0,3019.269,2970.35
06/28/2018,2962.22,"21,239",2932.2,2977.99,2919.4119
06/27/2018,2940.92,"19,548",2984.83,2989.7,2932.31
06/26/2018,2973.1,"44,231",2981.01,3025.755,2954.17
06/25/2018,2965.14,"31,595",2980.2,3012.2,2955.23
06/22/2018,3000.65,"47,182",3060.55,3065.0095,2983.0
06/21/2018,3065.51,"30,488",3095.01,3106.58,3059.54
06/20/2018,3099.92,"16,787",3114.35,3126.07,3042.55
06/19/2018,3099.0,"35,322",3096.05,3130.98,3093.02
06/18/2018,3106.0,"24,922",3134.0,3170.3,3094.58
06/15/2018,3182.39,"53,677",3106.99,3182.39,3070.0
06/14/2018,3114.64,"17,430",3108.55,3131.4,3060.741
06/13/2018,3104.38,"27,883",3210.22,3210.22,3093.01
06/12/2018,3210.21,"27,763",3172.1,3233.0,3133.92
06/11/2018,3161.23,"29,555",3196.0,3217.5,3147.91
06/08/2018,3196.45,"33,274",3120.0,3198.95,3098.03
06/07/2018,3125.29,"32,316",3102.0,3125.29,3068.24
06/06/2018,3111.0,"27,655",3084.0,3112.4,3031.2498
06/05/2018,3067.13,"39,645",3024.58,3067.13,3024.58
06/04/2018,3033.94,"19,738",3048.25,3066.0299,3022.0
06/01/2018,3035.36,"16,266",2996.12,3061.36,2996.12
05/31/2018,2990.54,"32,251",3058.0,3058.56,2985.15
05/30/2018,3058.1,"38,228",3090.0,3103.74,3027.41
05/29/2018,3085.95,"23,667",3024.0,3086.0,3001.0
05/25/2018,3025.0,"23,345",2983.46,3073.78,2983.11
05/24/2018,2975.05,"44,676",3004.87,3009.94,2946.78
05/23/2018,2992.02,"32,344",2952.33,3010.0,2924.3075
05/22/2018,2955.09,"26,208",3015.0,3024.0,2944.285
05/21/2018,3025.03,"26,465",2981.45,3038.65,2981.45
05/18/2018,2963.65,"26,126",2988.8,2988.8,2948.0675
05/17/2018,2980.32,"22,622",2918.57,2995.468,2916.0005
05/16/2018,2917.0,"29,413",2901.02,2936.9,2878.25
05/15/2018,2902.0,"32,032",3025.16,3063.97,2892.6436
05/14/2018,3052.0,"30,530",3055.9,3079.0,3039.03
05/11/2018,3053.61,"44,691",3014.0,3075.0,3014.0
05/10/2018,3022.0,"22,585",3024.17,3040.0,3005.42
05/09/2018,3022.99,"36,078",3089.0,3089.0,2983.1866
05/08/2018,3089.76,"33,216",3094.8,3125.0,3067.855
05/07/2018,3108.62,"24,971",3162.93,3171.0783,3100.95
05/04/2018,3158.59,"12,977",3140.19,3184.56,3117.54
05/03/2018,3163.07,"20,611",3097.65,3180.05,3097.65
05/02/2018,3093.22,"17,787",3121.51,3163.11,3083.29
05/01/2018,3132.39,"21,313",3075.6,3149.98,3065.15
04/30/2018,3100.0,"29,365",3156.03,3173.1875,3086.78
04/27/2018,3157.93,"17,811",3184.96,3190.37,3109.94
04/26/2018,3144.12,"29,914",3118.39,3148.0,3044.21
04/25/2018,3101.2,"22,909",3069.09,3105.56,3020.55
04/24/2018,3069.09,"37,528",3060.25,3128.2,3042.97
04/23/2018,3049.57,"31,668",3059.7,3126.85,2995.0
04/20/2018,3058.36,"26,615",3083.0,3119.18,3040.335
04/19/2018,3052.23,"35,504",3150.0,3151.0,2908.9
04/18/2018,3041.0,"27,005",3067.13,3123.46,3032.0
04/17/2018,3057.33,"24,845",3002.2,3059.15,2951.1
04/16/2018,2999.99,"18,394",3025.1,3053.289,2989.0
04/13/2018,3022.4,"21,211",3001.71,3031.235,2954.88
04/12/2018,2988.02,"23,359",3077.0,3096.0,2985.01
04/11/2018,3090.0,"28,563",3182.85,3182.85,3066.33
04/10/2018,3174.22,"20,534",3145.1,3189.7,3129.99
04/09/2018,3116.44,"20,783",3146.4,3179.55,3096.64
04/06/2018,3122.0,"32,916",3147.1,3185.12,3074.94
04/05/2018,3185.22,"23,669",3145.71,3223.9,3140.0
04/04/2018,3126.57,"30,512",2951.57,3145.0,2951.57
04/03/2018,2989.36,"27,683",2938.05,3001.045,2888.45
04/02/2018,2922.07,"38,501",2930.0,2989.2,2862.2
03/29/2018,2800.0,"32,568",2977.4,3050.0,2800.0
03/28/2018,2977.89,"27,964",3015.43,3029.55,2960.02
03/27/2018,3028.13,"18,350",3073.94,3076.74,2996.07
03/26/2018,3068.97,"30,999",3038.91,3083.97,2981.61
03/23/2018,2989.84,"21,465",3021.0,3084.99,2970.0
03/22/2018,3011.22,"21,526",3072.0,3131.45,3011.22
03/21/2018,3104.55,"30,293",3089.89,3125.99,3058.66
03/20/2018,3073.96,"35,226",3135.47,3169.95,3051.025
03/19/2018,3128.46,"36,067",3048.4,3135.2,3041.06
03/16/2018,3060.45,"48,840",3030.0,3068.14,3001.73
03/15/2018,3027.24,"23,709",3063.15,3089.0,3000.61
03/14/2018,3054.74,"35,521",3133.5,3141.795,3041.88
03/13/2018,3131.2,"25,974",3109.0,3168.51,3096.61
03/12/2018,3090.0,"33,141",3056.98,3127.79,3052.85
03/09/2018,3056.98,"24,042",3022.56,3078.11,2969.87
03/08/2018,3001.73,"33,222",2991.55,3018.24,2940.0
03/07/2018,2989.02,"30,770",2917.8,2993.45,2906.89
03/06/2018,2959.97,"26,265",2906.15,2965.0,2875.0
03/05/2018,2891.36,"20,643",2878.85,2924.49,2850.02
03/02/2018,2900.02,"23,890",2862.07,2909.97,2824.76
03/01/2018,2875.0,"31,171",2856.0,2899.0,2822.15
02/28/2018,2843.17,"48,116",2904.5,2904.5,2808.01
02/27/2018,2906.07,"33,289",2991.56,3024.78,2906.07
02/26/2018,2983.0,"29,299",3005.35,3028.58,2939.475
02/23/2018,2998.8,"34,059",3090.0,3090.0,2985.11
02/22/2018,3093.68,"52,787",3179.42,3179.42,3074.1
02/21/2018,3185.01,"44,561",3188.0,3250.0,3138.035
02/20/2018,3194.63,"44,262",3190.58,3207.88,3120.0
02/16/2018,3208.23,"49,890",3079.83,3224.99,3077.01
02/15/2018,3077.0,"67,765",3101.9,3182.71,3014.2715
02/14/2018,3060.01,"37,087",2901.67,3070.51,2901.67
02/13/2018,2915.02,"33,003",2864.0,2925.8,2850.0
02/12/2018,2873.51,"30,057",2812.52,2894.37,2784.42
02/09/2018,2800.0,"38,044",2822.46,2863.48,2738.76
02/08/2018,2788.97,"49,482",2988.94,3009.7668,2788.731
02/07/2018,2983.71,"30,832",3033.27,3097.5,2983.7
02/06/2018,3036.69,"54,357",2852.0,3071.72,2846.6
02/05/2018,2918.56,"55,108",3033.95,3068.4568,2888.0
02/02/2018,3072.91,"43,403",3116.0,3140.0,3063.0
02/01/2018,3144.24,"38,385",3110.05,3240.19,3110.05
01/31/2018,3178.17,"43,023",3266.8,3286.02,3165.14
01/30/2018,3206.77,"63,952",3139.64,3246.83,3058.14
01/29/2018,3177.89,"61,666",3252.99,3264.0,3177.0
01/26/2018,3285.0,"39,917",3374.99,3375.51,3243.1
01/25/2018,3350.0,"61,230",3417.25,3519.96,3275.17
01/24/2018,3587.2,"21,922",3648.19,3682.8,3573.54
01/23/2018,3640.42,"18,998",3671.87,3692.45,3627.98
01/22/2018,3655.0,"39,780",3698.85,3700.0,3610.0
01/19/2018,3700.0,"20,811",3628.7,3700.0,3617.0714
01/18/2018,3610.23,"24,243",3663.0,3695.0,3610.02
01/17/2018,3646.69,"28,321",3554.49,3663.8,3550.41
01/16/2018,3541.0,"26,506",3578.05,3644.5,3540.01
01/12/2018,3558.23,"41,283",3547.8,3573.32,3523.2
01/11/2018,3550.89,"33,327",3525.12,3572.0,3520.01
01/10/2018,3515.85,"27,488",3606.92,3608.0,3496.98
01/09/2018,3625.0,"16,656",3631.14,3650.0,3608.45
01/08/2018,3624.8,"35,945",3575.43,3637.8,3559.71
01/05/2018,3567.0,"19,503",3538.65,3677.1,3500.0001
01/04/2018,3520.51,"34,119",3550.0,3562.82,3499.3112
01/03/2018,3562.83,"27,067",3542.0,3599.7,3523.8
01/02/2018,3529.61,"52,956",3410.0,3535.3353,3404.0
12/29/2017,3508.22,"18,557",3510.55,3536.97,3497.25
12/28/2017,3525.73,"21,027",3465.71,3525.94,3465.3
12/27/2017,3462.0,"17,727",3468.6,3492.27,3456.03
12/26/2017,3471.0,"16,686",3480.01,3498.92,3464.0
12/22/2017,3480.0,"18,492",3503.0,3530.93,3465.0
12/21/2017,3496.2,"39,363",3417.25,3505.0,3417.25
12/20/2017,3420.0,"24,041",3398.49,3435.26,3380.24
12/19/2017,3387.63,"17,087",3405.33,3414.25,3382.1
12/18/2017,3400.82,"25,866",3416.07,3441.8658,3397.27
12/15/2017,3398.63,"37,167",3393.07,3439.0,3376.0
12/14/2017,3405.54,"27,754",3379.95,3406.5,3345.0
12/13/2017,3370.0,"25,224",3381.5,3394.7,3360.45
12/12/2017,3368.97,"43,895",3415.0,3429.16,3343.8
12/11/2017,3423.26,"34,795",3385.5,3423.26,3385.5
12/08/2017,3392.68,"41,567",3393.03,3403.8,3353.01
12/07/2017,3387.93,"55,011",3363.17,3387.93,3296.49
12/06/2017,3373.84,"27,987",3384.06,3416.98,3365.59
12/05/2017,3400.52,"44,201",3428.05,3444.48,3367.22
12/04/2017,3456.42,"28,926",3499.0,3508.749,3428.4
12/01/2017,3480.0,"27,759",3479.9,3509.88,3427.1201
11/30/2017,3475.0,"41,320",3468.0,3508.38,3455.0
11/29/2017,3468.4,"31,653",3400.1,3468.4,3393.31
11/28/2017,3397.01,"36,509",3410.0,3435.12,3385.01
11/27/2017,3404.02,"35,408",3407.0,3467.8,3398.27
11/24/2017,3401.38,"12,796",3434.99,3434.99,3393.42
11/22/2017,3417.22,"25,846",3377.0,3421.9,3350.95
11/21/2017,3377.0,"26,981",3329.75,3415.7,3329.5
11/20/2017,3317.31,"57,520",3276.8,3328.0,3271.1901
11/17/2017,3258.47,"36,171",3276.26,3307.54,3249.86
11/16/2017,3276.35,"24,864",3305.66,3305.66,3262.98
11/15/2017,3299.8,"34,122",3316.05,3328.59,3293.69
11/14/2017,3325.67,"17,298",3275.01,3333.26,3275.01
11/13/2017,3300.0,"23,441",3278.12,3335.04,3270.01
11/10/2017,3289.64,"18,751",3299.0,3308.505,3239.11
11/09/2017,3300.0,"28,478",3277.38,3362.85,3233.84
11/08/2017,3295.47,"28,432",3248.0,3297.7118,3230.2
11/07/2017,3244.19,"32,790",3260.0,3273.7,3230.83
11/06/2017,3263.58,"24,044",3224.51,3277.93,3196.89
11/03/2017,3210.65,"32,491",3199.99,3227.41,3170.0
11/02/2017,3199.93,"27,622",3255.58,3282.54,3162.02
11/01/2017,3262.29,"25,759",3300.0,3300.0,3240.0
10/31/2017,3281.37,"34,669",3239.99,3320.18,3237.83
10/30/2017,3240.0,"27,860",3241.37,3286.82,3211.1
10/27/2017,3240.0,"22,562",3210.0,3245.0,3190.05
10/26/2017,3203.0,"41,322",3160.35,3212.48,3140.0
10/25/2017,3159.14,"33,606",3224.95,3228.0,3146.485
10/24/2017,3205.91,"43,196",3208.24,3239.99,3186.13
10/23/2017,3190.04,"25,188",3249.7,3255.0,3160.57
10/20/2017,3223.25,"37,388",3149.8,3294.5,3149.8
10/19/2017,3127.53,"38,012",2989.4,3155.0,2962.0
10/18/2017,2900.08,"20,663",2904.05,2919.69,2885.3793
10/17/2017,2902.98,"20,648",2951.6,2970.0,2898.19
10/16/2017,2945.56,"16,793",2944.93,2956.04,2938.175
10/13/2017,2939.91,"18,693",2941.0,2945.9,2926.09
10/12/2017,2928.11,"19,398",2934.0,2968.97,2912.56
10/11/2017,2923.15,"18,385",2906.27,2936.74,2897.4824
10/10/2017,2905.0,"13,857",2899.0,2908.76,2862.0
10/09/2017,2889.61,"26,585",2893.56,2914.48,2876.8
10/06/2017,2890.89,"30,965",2873.55,2912.0,2850.55
10/05/2017,2876.65,"33,107",2926.2,2933.08,2856.77
10/04/2017,2941.64,"22,537",2899.99,2949.5,2877.005
10/03/2017,2894.24,"32,565",2857.37,2903.9,2845.0
10/02/2017,2836.07,"27,391",2862.0,2863.9899,2828.0
09/29/2017,2855.0,"26,093",2859.05,2891.43,2847.68
09/28/2017,2873.37,"24,809",2846.22,2885.0,2840.0
09/27/2017,2843.49,"25,467",2855.0,2872.5,2826.05
09/26/2017,2846.06,"16,940",2816.0,2850.75,2816.0
09/25/2017,2811.5,"22,950",2836.4,2844.99,2805.0
09/22/2017,2837.55,"13,033",2810.0,2839.86,2806.79
09/21/2017,2808.49,"19,375",2799.98,2827.98,2788.78
09/20/2017,2795.44,"18,442",2846.8,2863.27,2783.8
09/19/2017,2835.95,"24,305",2805.5,2846.74,2794.58
09/18/2017,2794.55,"24,754",2790.0,2798.7,2769.1
09/15/2017,2750.19,"30,280",2779.0,2808.5,2750.19
09/14/2017,2778.83,"26,242",2777.01,2795.0,2726.1
09/13/2017,2791.58,"18,447",2797.92,2806.0,2751.61
09/12/2017,2799.61,"17,920",2824.9,2842.97,2778.41
09/11/2017,2818.99,"33,996",2769.0,2821.07,2754.42
09/08/2017,2751.7,"19,860",2700.6,2753.83,2700.0
09/07/2017,2712.7,"19,278",2708.9,2718.56,2695.86
09/06/2017,2704.0,"22,223",2712.0,2718.9574,2687.5303
09/05/2017,2704.95,"11,239",2705.95,2707.18,2674.99
09/01/2017,2708.21,"19,192",2715.2,2733.2715,2702.6501
08/31/2017,2720.85,"43,659",2666.18,2720.85,2648.2
08/30/2017,2659.33,"21,417",2640.0,2676.335,2640.0
08/29/2017,2645.36,"42,985",2664.49,2677.77,2606.85
08/28/2017,2670.0,"13,151",2698.0,2702.0,2664.17
08/25/2017,2694.11,"21,476",2689.0,2711.77,2685.74
08/24/2017,2682.96,"27,719",2695.0,2697.37,2673.3
08/23/2017,2691.54,"11,965",2703.1,2715.46,2684.77
08/22/2017,2711.88,"12,363",2712.85,2732.0,2698.0
08/21/2017,2702.89,"18,129",2676.17,2709.95,2661.4701
08/18/2017,2683.55,"32,574",2737.02,2760.0,2682.0
08/17/2017,2749.74,"18,300",2752.11,2775.52,2741.98
08/16/2017,2760.18,"15,457",2734.0,2760.18,2722.62
08/15/2017,2735.5,"20,098",2740.92,2758.0,2720.12
08/14/2017,2742.09,"33,100",2712.01,2767.3,2712.01
08/11/2017,2705.7,"12,935",2663.0,2708.7,2650.0
08/10/2017,2665.93,"46,859",2734.84,2745.0,2663.8482
08/09/2017,2741.03,"15,649",2719.83,2748.57,2716.83
08/08/2017,2733.42,"15,263",2696.94,2734.4,2680.34
08/07/2017,2695.57,"19,429",2678.25,2701.34,2657.38
08/04/2017,2675.52,"19,244",2704.7,2723.4884,2674.93
08/03/2017,2704.7,"24,140",2638.77,2705.0,2638.77
08/02/2017,2675.61,"22,751",2644.55,2683.73,2638.0
08/01/2017,2646.01,"34,264",2612.0,2651.59,2606.76
07/31/2017,2610.44,"20,239",2636.0,2645.0,2584.29
07/28/2017,2625.0,"26,028",2634.0,2642.98,2604.2
07/27/2017,2643.44,"22,117",2680.55,2685.35,2619.0
07/26/2017,2678.94,"28,145",2690.85,2705.16,2660.0
07/25/2017,2673.51,"49,440",2672.25,2693.0,2665.0
07/24/2017,2664.69,"31,463",2652.61,2679.859,2622.6
07/21/2017,2648.45,"91,262",2530.99,2660.32,2501.85
07/20/2017,2447.29,"33,517",2491.79,2491.79,2420.75
07/19/2017,2482.73,"28,406",2498.0,2519.0,2475.08
07/18/2017,2483.21,"29,257",2534.0,2534.0,2463.14
07/17/2017,2536.79,"11,417",2529.65,2544.5,2519.2
07/14/2017,2530.8,"14,348",2526.0,2541.46,2524.34
07/13/2017,2526.19,"10,651",2528.9,2536.43,2516.93
07/12/2017,2524.8,"25,871",2520.0,2533.17,2495.01
07/11/2017,2514.7,"22,689",2521.54,2541.26,2491.0
07/10/2017,2526.92,"22,701",2475.0,2529.2,2475.0
07/07/2017,2497.79,"24,563",2449.02,2521.7,2449.02
07/06/2017,2448.88,"36,522",2414.95,2454.76,2405.41
07/05/2017,2422.44,"19,225",2397.91,2433.46,2393.8201
07/03/2017,2410.61,"11,539",2413.11,2440.61,2397.86
06/30/2017,2410.61,"32,563",2328.4,2426.75,2315.91
06/29/2017,2340.0,"63,329",2443.49,2443.49,2311.11
06/28/2017,2445.18,"18,482",2438.3,2459.7,2435.14
06/27/2017,2434.18,"23,990",2441.8,2451.91,2431.05
06/26/2017,2444.12,"18,927",2426.6,2455.02,2426.6
06/23/2017,2426.6,"34,278",2461.8,2467.24,2426.6
06/22/2017,2452.09,"16,063",2494.8,2500.98,2449.83
06/21/2017,2488.59,"21,774",2477.8,2510.76,2470.26
06/20/2017,2477.37,"20,227",2479.0,2499.99,2462.21
06/19/2017,2467.82,"25,368",2426.22,2467.99,2426.22
06/16/2017,2444.68,"35,388",2434.05,2448.03,2420.03
06/15/2017,2440.62,"24,651",2442.0,2449.99,2416.91
06/14/2017,2457.97,"23,587",2420.51,2463.0,2419.81
06/13/2017,2431.28,"29,626",2407.0,2434.98,2399.79
06/12/2017,2396.07,"25,217",2375.0,2404.0,2371.41
06/09/2017,2376.09,"28,681",2390.0,2407.46,2373.6
06/08/2017,2395.57,"26,218",2385.0,2415.939,2361.11
06/07/2017,2377.67,"31,843",2342.12,2379.7424,2339.2
06/06/2017,2339.16,"26,812",2344.99,2358.7,2335.01
06/05/2017,2349.38,"24,697",2330.03,2360.57,2330.03
06/02/2017,2331.89,"36,057",2311.99,2346.01,2298.05
06/01/2017,2317.99,"61,327",2297.0,2317.99,2275.2
05/31/2017,2282.38,"181,849",2270.0,2301.2,2270.0
05/30/2017,2284.03,"49,936",2286.0,2295.9799,2256.41
05/26/2017,2285.63,"37,654",2283.34,2290.0,2253.55
05/25/2017,2294.94,"25,332",2304.33,2325.0,2283.52
05/24/2017,2307.33,"25,649",2291.99,2318.23,2280.99
05/23/2017,2296.0,"48,886",2357.27,2368.66,2271.65
05/22/2017,2357.27,"31,903",2326.01,2362.48,2313.12
