date,close,volume,open,high,low
05/15/2026,199.73,"3,297,683",199.12,202.66,198.785
05/14/2026,196.88,"2,074,565",196.76,198.85,196.4801
05/13/2026,195.96,"2,559,842",196.64,200.58,195.69
05/12/2026,198.42,"2,492,568",196.79,200.39,195.74
05/11/2026,196.91,"2,387,555",195.62,196.9799,194.0
05/08/2026,194.0,"3,308,998",195.68,196.59,191.75
05/07/2026,195.75,"3,226,019",195.66,197.86,194.2
05/06/2026,196.8,"3,063,303",197.84,200.65,196.78
05/05/2026,197.74,"2,860,957",198.63,199.8,196.25
05/04/2026,199.24,"2,296,328",199.0,201.63,197.72
05/01/2026,199.31,"1,670,206",202.99,203.3,199.3
04/30/2026,201.28,"2,467,687",198.24,201.56,196.15
04/29/2026,200.66,"1,886,547",203.09,203.71,200.061
04/28/2026,203.03,"1,879,148",204.37,204.76,200.93
04/27/2026,201.98,"2,090,648",199.37,204.415,199.37
04/24/2026,200.89,"1,916,523",203.75,204.98,200.2701
04/23/2026,205.33,"2,041,024",202.86,206.86,202.0
04/22/2026,202.71,"2,427,428",206.72,207.95,202.31
04/21/2026,207.5,"2,900,729",204.175,208.46,203.0
04/20/2026,203.78,"2,541,144",202.82,206.21,201.95
04/17/2026,202.58,"3,150,512",203.41,206.12,202.43
04/16/2026,203.47,"2,914,118",201.01,205.29,200.25
04/15/2026,201.23,"4,866,104",199.16,203.12,195.51
04/14/2026,196.59,"3,276,352",198.14,199.58,196.57
04/13/2026,199.57,"2,844,243",194.0,199.8,193.84
04/10/2026,194.13,"3,126,501",199.68,200.255,193.06
04/09/2026,199.88,"2,398,467",196.51,200.33,196.21
04/08/2026,198.09,"1,883,151",197.12,199.526,195.375
04/07/2026,196.85,"2,877,407",196.63,198.32,194.585
04/06/2026,196.38,"1,608,900",194.66,196.48,194.155
04/02/2026,195.25,"2,177,466",193.75,195.64,192.18
04/01/2026,193.36,"3,182,762",197.16,197.7,192.02
03/31/2026,198.24,"3,161,702",201.74,201.74,196.375
03/30/2026,201.39,"2,687,622",199.57,203.565,199.11
03/27/2026,198.84,"2,218,806",203.25,203.74,198.05
03/26/2026,202.9,"2,079,791",204.35,206.31,202.71
03/25/2026,202.84,"2,932,044",204.93,207.7,202.185
03/24/2026,206.21,"3,521,502",205.24,208.1,204.51
03/23/2026,205.1,"3,793,423",206.09,207.6701,202.81
03/20/2026,206.0,"7,866,359",202.39,207.0056,202.26
03/19/2026,202.68,"3,158,636",203.54,204.66,198.75
03/18/2026,201.17,"2,887,804",203.64,206.37,200.82
03/17/2026,203.79,"2,831,934",206.37,208.38,203.41
03/16/2026,204.71,"2,715,273",205.37,207.67,204.405
03/13/2026,205.17,"2,553,200",206.47,207.6,204.84
03/12/2026,205.18,"3,680,413",202.33,205.29,200.01
03/11/2026,201.22,"3,019,584",206.65,207.88,200.12
03/10/2026,206.96,"2,996,870",207.29,209.3148,205.925
03/09/2026,206.8,"2,596,017",209.81,210.84,205.051
03/06/2026,210.6,"2,698,939",210.7,211.54,207.52
03/05/2026,210.58,"3,376,224",210.4,213.235,209.48
03/04/2026,211.4,"3,300,828",212.44,213.22,209.99
03/03/2026,213.35,"2,960,116",211.64,214.33,209.4699
03/02/2026,213.41,"2,594,649",213.77,214.965,211.97
02/27/2026,213.66,"3,364,994",211.38,214.37,211.03
02/26/2026,211.73,"3,088,994",206.6,212.145,205.05
02/25/2026,204.54,"3,047,771",205.75,207.27,202.89
02/24/2026,206.08,"2,917,044",203.02,206.33,201.0501
02/23/2026,203.69,"2,869,033",203.05,205.0,201.98
02/20/2026,204.08,"2,527,207",203.69,204.15,200.391
02/19/2026,201.77,"2,112,484",203.105,204.045,200.81
02/18/2026,203.28,"4,099,409",208.4,208.9,201.24
02/17/2026,207.9,"3,074,567",207.88,210.1,205.67
02/13/2026,204.53,"3,489,720",206.98,208.83,202.0
02/12/2026,205.45,"4,096,224",208.16,208.88,205.36
02/11/2026,208.37,"4,840,615",201.73,209.7,200.27
02/10/2026,202.6,"2,871,787",201.44,202.67,198.83
02/09/2026,201.53,"3,459,597",201.57,202.62,199.94
02/06/2026,202.29,"2,666,254",208.78,209.665,201.725
02/05/2026,207.56,"3,293,844",207.77,210.88,206.775
02/04/2026,205.54,"5,384,791",200.79,207.75,197.92
02/03/2026,201.03,"3,116,065",202.87,205.73,200.9
02/02/2026,203.04,"4,248,325",206.99,208.7,202.93
01/30/2026,208.0,"3,196,744",208.25,209.446,206.4701
01/29/2026,208.26,"6,250,170",212.09,213.42,204.44
01/28/2026,212.74,"5,058,876",205.92,215.245,203.97
01/27/2026,208.08,"3,527,482",207.28,209.64,206.0
01/26/2026,208.0,"3,480,948",206.11,208.01,204.985
01/23/2026,206.03,"3,999,871",205.33,207.32,204.62
01/22/2026,206.92,"4,316,864",201.74,207.17,201.39
01/21/2026,203.0,"4,983,537",204.35,205.8,200.06
01/20/2026,203.92,"3,647,348",200.64,204.14,198.5001
01/16/2026,202.37,"3,796,464",203.23,204.675,200.735
01/15/2026,203.52,"4,061,805",206.13,208.39,202.67
01/14/2026,205.5,"3,933,492",204.25,208.745,203.83
01/13/2026,205.06,"4,101,225",215.22,215.99,204.46
01/12/2026,216.5,"3,251,111",215.1,217.39,213.0
01/09/2026,215.16,"3,409,836",212.72,216.7099,212.25
01/08/2026,213.15,"4,362,455",210.63,215.0,210.05
01/07/2026,209.1,"3,314,413",211.31,214.93,209.08
01/06/2026,212.35,"3,441,599",212.0,214.37,210.85
01/05/2026,212.92,"3,942,937",210.8,214.4925,209.4
01/02/2026,212.12,"3,321,789",214.34,214.34,210.41
12/31/2025,227.72,"2,134,025",230.17,230.5399,227.68
12/30/2025,229.97,"2,018,067",228.4,230.4295,227.49
12/29/2025,228.51,"2,877,892",227.83,228.6,226.01
12/26/2025,227.13,"1,306,220",227.64,228.41,226.67
12/24/2025,227.66,"1,111,572",227.62,228.448,226.86
12/23/2025,227.89,"2,272,587",227.95,228.71,227.1
12/22/2025,227.36,"3,197,223",224.28,227.51,223.3
12/19/2025,224.28,"6,280,595",224.8,226.27,223.2532
12/18/2025,224.86,"3,691,962",226.75,226.9445,222.42
12/17/2025,227.27,"5,574,534",223.65,227.46,218.8263
12/16/2025,231.81,"3,093,214",236.53,237.44,230.92
12/15/2025,236.36,"3,102,803",235.28,236.5,234.7751
12/12/2025,234.85,"2,991,638",231.31,235.09,231.0
12/11/2025,230.44,"3,452,269",223.53,231.06,223.275
12/10/2025,222.81,"2,650,799",226.36,228.0,222.44
12/09/2025,226.35,"2,486,480",224.44,226.62,224.29
12/08/2025,223.16,"2,756,737",222.49,225.19,219.26
12/05/2025,222.89,"2,100,175",226.5,226.62,222.57
12/04/2025,227.09,"1,982,452",227.63,228.82,226.86
12/03/2025,227.18,"2,961,717",228.72,229.56,226.03
12/02/2025,228.76,"3,953,920",226.91,229.31,225.04
12/01/2025,227.82,"3,475,509",229.0,231.9099,227.625
11/28/2025,228.79,"1,250,158",228.48,230.1,227.96
11/26/2025,229.15,"2,824,221",226.56,229.835,225.8899
11/25/2025,226.41,"2,361,440",226.91,228.4999,225.84
11/24/2025,225.08,"5,848,511",227.33,227.98,224.83
11/21/2025,226.91,"3,405,622",228.29,229.92,225.67
11/20/2025,226.0,"2,785,147",223.24,226.2,220.8
11/19/2025,222.93,"3,814,049",226.52,229.49,222.13
11/18/2025,224.88,"3,765,023",226.62,228.84,224.745
11/17/2025,225.35,"3,238,898",227.3,227.8265,223.93
11/14/2025,225.18,"3,227,334",222.08,227.05,220.99
11/13/2025,223.15,"2,674,322",222.28,224.72,221.76
11/12/2025,221.87,"2,783,190",219.63,222.2475,218.0
11/11/2025,219.91,"2,390,488",218.47,220.77,218.11
11/10/2025,217.53,"3,275,659",215.0,217.91,213.71
11/07/2025,217.27,"5,261,099",211.06,217.43,210.5
11/06/2025,209.61,"3,326,963",208.3,210.4834,207.6644
11/05/2025,208.94,"3,520,569",209.6,212.37,207.8449
11/04/2025,209.59,"4,712,833",205.99,210.71,202.6
11/03/2025,203.7,"5,635,101",205.21,205.59,199.9
10/31/2025,206.0,"3,977,902",205.76,207.55,205.55
10/30/2025,206.97,"6,354,036",207.9,208.785,206.41
10/29/2025,207.97,"5,050,913",210.29,211.07,206.58
10/28/2025,211.91,"3,808,358",216.0,217.58,211.53
10/27/2025,216.59,"3,809,119",219.66,220.0,216.1
10/24/2025,219.09,"3,347,311",219.25,220.0,217.4487
10/23/2025,220.59,"2,864,417",224.26,224.54,219.97
10/22/2025,222.63,"3,328,557",222.66,223.19,220.355
10/21/2025,221.6,"2,746,628",220.0,222.64,218.01
10/20/2025,219.38,"4,986,939",223.47,224.82,218.41
10/17/2025,225.61,"3,504,785",222.06,226.43,221.41
10/16/2025,221.74,"6,017,988",224.75,226.66,220.545
10/15/2025,226.5,"11,533,970",226.14,230.0,217.2
10/14/2025,240.4,"2,680,358",236.37,241.01,236.3
10/13/2025,236.28,"3,000,083",237.93,239.29,235.43
10/10/2025,240.0,"2,677,115",243.32,243.81,239.15
10/09/2025,242.16,"2,567,019",243.78,245.64,241.6
10/08/2025,243.06,"2,559,860",243.0,245.2,242.07
10/07/2025,243.89,"2,641,361",240.745,244.0,239.16
10/06/2025,240.5,"4,322,201",244.56,245.0,239.412
10/03/2025,245.7,"2,075,055",242.12,247.49,242.12
10/02/2025,243.5,"2,495,776",244.45,245.705,242.216
10/01/2025,246.46,"2,441,907",245.84,248.17,245.0
09/30/2025,246.95,"2,397,039",244.41,247.09,244.22
09/29/2025,244.4,"2,911,887",244.52,244.88,241.8601
09/26/2025,243.48,"2,888,914",243.99,245.61,241.72
09/25/2025,242.19,"2,832,446",241.12,242.43,238.59
09/24/2025,240.0,"2,812,569",238.0,240.4992,236.75
09/23/2025,238.61,"3,971,996",240.735,241.03,237.14
09/22/2025,241.15,"2,330,324",241.84,242.18,239.25
09/19/2025,242.34,"4,783,431",241.29,243.59,241.08
09/18/2025,242.0,"3,365,974",243.43,244.83,240.69
09/17/2025,243.61,"3,363,065",241.0,243.9,239.2
09/16/2025,244.97,"2,835,719",243.72,245.56,241.03
09/15/2025,245.65,"2,944,469",248.01,249.14,244.93
09/12/2025,248.28,"2,612,142",248.75,249.71,247.67
09/11/2025,248.8,"1,647,314",246.73,249.11,245.18
09/10/2025,246.41,"2,170,710",242.41,246.625,240.5
09/09/2025,243.26,"2,849,439",245.69,245.75,241.91
09/08/2025,245.94,"2,611,916",243.5,246.48,240.15
09/05/2025,243.86,"1,690,910",248.74,249.0,242.87
09/04/2025,249.01,"2,005,114",248.37,249.83,247.4361
09/03/2025,246.72,"2,581,974",244.71,247.62,243.25
09/02/2025,245.86,"2,353,262",247.91,247.91,244.81
08/29/2025,247.06,"2,408,282",246.71,248.3326,245.805
08/28/2025,246.11,"2,316,578",243.98,246.52,243.2
08/27/2025,244.69,"1,736,361",245.82,247.05,244.05
08/26/2025,246.03,"4,410,723",243.5,246.18,243.07
08/25/2025,244.09,"2,226,094",248.48,248.545,243.79
08/22/2025,249.21,"2,532,988",250.78,252.82,248.09
08/21/2025,248.95,"2,628,530",252.22,252.745,248.02
08/20/2025,252.68,"3,662,133",252.05,254.93,250.37
08/19/2025,250.64,"2,744,626",246.99,251.37,246.51
08/18/2025,247.09,"2,164,028",246.06,247.63,244.37
08/15/2025,247.15,"3,425,723",251.44,252.38,246.645
08/14/2025,250.95,"4,574,145",249.94,252.81,249.0
08/13/2025,249.19,"3,940,896",244.65,249.21,243.2901
08/12/2025,243.04,"2,397,463",245.26,245.64,241.549
08/11/2025,244.88,"2,523,432",245.92,246.675,244.2
08/08/2025,246.51,"2,118,731",245.82,247.76,245.26
08/07/2025,245.31,"2,042,497",247.24,249.14,244.62
08/06/2025,247.52,"2,620,849",244.5,249.2,243.5564
08/05/2025,242.94,"3,362,343",241.41,245.38,241.41
08/04/2025,241.58,"2,284,730",240.82,242.41,240.05
08/01/2025,241.09,"3,201,251",243.32,243.47,239.59
07/31/2025,242.04,"3,545,477",241.76,244.69,240.49
07/30/2025,241.71,"3,538,227",242.15,242.565,240.43
07/29/2025,241.49,"4,691,947",242.17,242.37,240.11
07/28/2025,240.97,"5,550,240",249.24,249.83,239.11
07/25/2025,250.1,"2,805,591",247.3,251.8,247.07
07/24/2025,247.38,"3,217,893",246.39,248.67,245.25
07/23/2025,247.53,"2,177,035",247.66,247.94,244.915
07/22/2025,247.37,"2,642,380",246.04,247.62,244.89
07/21/2025,245.13,"3,481,379",245.22,247.39,244.915
07/18/2025,246.41,"2,966,527",247.54,248.55,245.1
07/17/2025,247.27,"4,470,655",244.54,247.34,242.58
07/16/2025,246.46,"6,060,636",245.0,248.44,242.42
07/15/2025,242.2,"5,200,309",246.71,247.01,240.92
07/14/2025,247.37,"4,758,109",245.0,247.53,243.68
07/11/2025,244.98,"3,182,535",248.08,249.13,244.56
07/10/2025,249.38,"4,289,875",250.11,250.3,246.75
07/09/2025,250.41,"2,534,693",252.185,252.99,249.77
07/08/2025,251.64,"4,960,498",252.69,253.5566,249.7
07/07/2025,253.54,"5,032,935",258.795,260.1,251.79
07/03/2025,261.66,"2,685,585",257.86,261.66,256.95
07/02/2025,257.8,"3,495,473",263.44,263.825,256.015
07/01/2025,264.3,"3,042,325",266.86,267.0,260.44
06/30/2025,266.86,"4,016,511",263.79,267.925,263.05
06/27/2025,263.99,"12,464,490",262.34,264.39,261.71
06/26/2025,261.62,"4,008,586",260.47,261.88,258.6
06/25/2025,259.67,"2,957,807",264.08,265.365,259.13
06/24/2025,266.01,"3,540,580",265.87,267.305,264.34
06/23/2025,266.38,"3,006,510",262.78,267.02,262.78
06/20/2025,262.01,"8,887,134",260.505,264.2389,259.1
06/18/2025,260.33,"4,771,921",265.15,266.255,257.61
06/17/2025,265.77,"2,495,199",265.505,266.85,262.9
06/16/2025,266.43,"3,509,396",268.49,269.7844,265.68
06/13/2025,267.85,"3,152,306",268.5,269.8374,266.6254
06/12/2025,268.42,"3,045,960",263.345,268.45,262.93
06/11/2025,263.22,"3,013,618",264.96,265.495,262.11
06/10/2025,265.49,"3,987,446",270.1,271.0,264.55
06/09/2025,271.31,"5,886,142",278.0,278.71,266.01
06/06/2025,279.32,"2,442,338",282.1,283.9467,278.68
06/05/2025,280.2,"2,520,941",283.26,283.75,279.48
06/04/2025,282.17,"2,432,116",288.35,288.35,281.68
06/03/2025,287.25,"2,896,501",287.84,289.96,281.1711
06/02/2025,288.74,"2,107,659",283.22,288.83,281.6
05/30/2025,284.93,"5,075,120",277.12,285.24,276.5
05/29/2025,277.3,"2,270,718",276.39,277.37,275.38
05/28/2025,277.03,"3,182,916",275.37,280.4397,275.35
05/27/2025,278.75,"3,468,228",276.81,280.3616,273.42
05/23/2025,277.3,"1,677,890",277.81,278.87,276.5
05/22/2025,277.12,"2,505,703",280.14,281.004,275.96
05/21/2025,281.0,"3,127,573",283.84,285.8,278.335
05/20/2025,285.63,"1,844,832",286.92,288.92,285.3
05/19/2025,288.24,"1,826,028",286.64,289.1,284.75
05/16/2025,286.03,"2,779,577",280.845,286.13,280.8
05/15/2025,281.15,"4,913,713",278.845,281.84,277.88
05/14/2025,278.17,"2,422,835",283.73,284.48,277.48
05/13/2025,282.59,"3,014,582",280.31,285.08,279.4
05/12/2025,280.25,"3,349,205",284.04,286.26,274.71
05/09/2025,284.51,"1,542,755",283.58,287.0,283.11
05/08/2025,283.92,"2,147,005",285.1,286.2,283.13
05/07/2025,286.38,"2,304,668",283.58,287.49,282.9075
05/06/2025,283.66,"1,927,180",281.5,284.44,280.69
05/05/2025,282.16,"2,229,343",282.43,284.0,279.3501
05/02/2025,282.81,"1,566,148",279.06,283.44,278.585
05/01/2025,277.66,"2,474,473",278.86,280.0,276.0
04/30/2025,281.74,"3,124,921",277.39,282.6,274.0
04/29/2025,276.31,"2,690,612",270.25,277.09,269.65
04/28/2025,269.58,"2,104,325",268.59,270.3,266.08
04/25/2025,265.01,"1,827,145",265.03,265.71,260.745
04/24/2025,265.19,"1,821,704",264.78,266.01,262.2
04/23/2025,265.03,"2,001,285",265.08,267.01,263.115
04/22/2025,265.08,"3,712,259",260.24,265.85,258.735
04/21/2025,257.41,"2,775,521",264.18,264.97,254.205
04/17/2025,265.45,"3,648,955",272.52,274.44,265.0
04/16/2025,275.13,"3,069,026",280.98,283.5,274.03
04/15/2025,276.11,"2,369,338",279.07,282.0,275.73
04/14/2025,278.56,"2,486,855",277.79,281.4288,275.79
04/11/2025,275.64,"3,052,682",272.34,276.6475,268.5
04/10/2025,273.18,"4,346,359",270.71,275.83,266.0
04/09/2025,270.11,"6,074,555",257.24,272.853,255.81
04/08/2025,260.38,"5,763,684",264.0,270.25,256.94
04/07/2025,255.27,"5,910,760",252.8,261.28,247.9822
04/04/2025,257.64,"7,338,631",276.1,281.55,256.555
04/03/2025,287.0,"3,831,425",278.31,289.88,277.25
04/02/2025,281.23,"2,710,049",283.02,284.315,276.21
04/01/2025,284.29,"4,740,303",283.51,286.417,281.02
03/31/2025,283.01,"4,886,757",278.95,284.71,278.81
03/28/2025,278.86,"4,346,881",275.22,279.81,274.17
03/27/2025,274.67,"3,117,311",273.66,275.13,271.0
03/26/2025,272.54,"3,463,184",276.25,277.37,271.85
03/25/2025,274.43,"2,911,599",275.04,275.94,272.14
03/24/2025,274.0,"2,553,669",275.48,276.01,272.53
03/21/2025,272.86,"7,280,219",275.3,278.33,272.53
03/20/2025,274.62,"3,630,634",272.88,278.34,272.43
03/19/2025,273.29,"6,077,064",276.5,278.375,267.39
03/18/2025,283.28,"3,548,890",290.14,291.635,282.2
03/17/2025,291.22,"3,454,796",282.66,292.99,282.44
03/14/2025,283.69,"2,223,469",280.2,284.28,277.57
03/13/2025,279.4,"3,046,614",278.19,281.16,276.08
03/12/2025,277.55,"2,879,131",278.89,280.0,273.3512
03/11/2025,276.94,"3,353,770",277.77,279.1,273.52
03/10/2025,278.69,"4,159,939",279.22,286.85,277.36
03/07/2025,279.82,"2,885,772",278.57,281.93,277.78
03/06/2025,281.17,"2,309,011",281.0,281.55,276.1401
03/05/2025,281.86,"2,485,868",280.91,283.5299,278.9901
03/04/2025,283.19,"3,363,389",285.85,287.49,281.71
03/03/2025,285.08,"2,871,775",282.38,285.28,282.08
02/28/2025,282.0,"3,509,516",279.94,282.4,276.64
02/27/2025,278.77,"2,339,133",274.59,279.95,274.01
02/26/2025,273.43,"3,386,879",278.47,280.25,272.46
02/25/2025,278.52,"3,541,208",277.64,279.93,274.39
02/24/2025,272.63,"3,952,064",266.48,275.52,266.48
02/21/2025,266.19,"2,567,349",266.92,269.09,265.75
02/20/2025,267.67,"1,934,070",268.57,269.225,263.98
02/19/2025,269.62,"3,223,346",263.01,270.79,262.45
02/18/2025,263.93,"2,609,924",263.12,266.4562,262.04
02/14/2025,262.6,"2,852,141",261.29,264.35,260.36
02/13/2025,262.13,"2,781,150",257.79,262.32,256.945
02/12/2025,256.79,"2,164,739",256.36,257.95,255.13
02/11/2025,257.57,"2,794,886",253.0,258.73,248.59
02/10/2025,249.69,"1,916,468",252.0,252.47,248.51
02/07/2025,250.6,"1,710,714",251.59,253.345,249.6284
02/06/2025,251.35,"1,589,078",250.79,252.6503,250.3401
02/05/2025,249.0,"1,508,559",249.76,250.38,247.255
02/04/2025,248.0,"1,775,232",247.21,251.5,247.1091
02/03/2025,248.92,"2,050,376",247.52,250.71,245.51
01/31/2025,246.44,"3,047,701",250.2,251.26,246.43
01/30/2025,249.22,"2,374,399",247.39,249.69,244.18
01/29/2025,246.4,"3,564,846",238.42,252.0,237.731
01/28/2025,245.05,"2,724,380",246.69,246.69,243.03
01/27/2025,246.91,"2,252,087",240.44,247.02,240.11
01/24/2025,238.82,"2,324,310",238.63,239.93,236.01
01/23/2025,239.51,"2,590,118",240.0,241.5,238.1505
01/22/2025,239.17,"3,657,353",243.29,243.485,236.9
01/21/2025,241.01,"3,204,767",244.01,246.93,239.755
01/17/2025,243.68,"1,967,906",245.73,246.83,243.61
01/16/2025,245.54,"1,897,626",242.69,246.35,242.0
01/15/2025,242.47,"3,498,040",240.91,242.94,238.4275
01/14/2025,239.76,"2,256,921",235.48,239.83,233.11
01/13/2025,235.78,"3,023,805",230.36,236.315,228.5409
01/10/2025,235.61,"3,692,744",237.23,241.57,234.72
01/08/2025,243.59,"2,601,380",243.23,247.74,241.5
01/07/2025,242.28,"2,346,339",239.89,243.34,238.94
01/06/2025,239.59,"2,129,668",242.77,243.61,239.2403
01/03/2025,242.22,"1,461,969",242.31,244.445,240.42
01/02/2025,240.65,"3,107,474",240.49,241.75,238.86
12/31/2024,239.61,"1,774,078",239.52,240.47,238.65
12/30/2024,239.6,"2,257,452",238.66,241.55,237.2
12/27/2024,241.02,"1,410,584",241.64,243.48,240.04
12/26/2024,243.19,"952,312",243.49,244.04,241.85
12/24/2024,243.24,"680,226",241.27,243.25,240.35
12/23/2024,241.01,"1,847,347",239.69,241.52,238.47
12/20/2024,239.97,"5,587,624",237.97,243.36,236.9
12/19/2024,239.71,"2,722,865",241.04,243.53,239.37
12/18/2024,240.28,"2,872,606",247.65,248.0,240.02
12/17/2024,247.53,"2,481,833",247.94,249.01,245.39
12/16/2024,250.25,"2,496,551",253.7,254.125,249.75
12/13/2024,251.8,"3,286,188",249.0,254.68,248.04
12/12/2024,242.76,"3,608,952",245.32,246.99,241.33
12/11/2024,243.73,"3,615,892",247.08,248.12,242.4701
12/10/2024,247.27,"2,396,339",248.59,249.37,245.0
12/09/2024,247.86,"3,364,700",252.02,253.98,246.0
12/06/2024,254.56,"3,151,393",261.04,262.41,252.8601
12/05/2024,261.29,"2,972,026",260.87,264.3999,260.44
12/04/2024,260.35,"1,852,981",262.0,262.93,259.49
12/03/2024,262.61,"2,844,687",265.2,266.315,262.095
12/02/2024,264.04,"3,095,371",268.3,270.17,263.78
11/29/2024,268.88,"1,427,293",268.09,270.17,267.27
11/27/2024,266.86,"2,862,937",268.02,270.62,266.59
11/26/2024,268.02,"2,114,818",265.19,268.16,263.63
11/25/2024,265.88,"5,405,495",265.27,266.8935,261.72
11/22/2024,266.06,"2,321,352",264.22,266.18,263.23
11/21/2024,263.44,"2,280,517",259.4,263.51,257.2
11/20/2024,257.02,"1,638,458",254.84,257.615,253.26
11/19/2024,254.51,"1,766,552",254.59,257.13,252.74
11/18/2024,256.52,"1,658,337",255.68,257.51,254.3
11/15/2024,255.78,"3,259,995",260.08,260.92,253.01
11/14/2024,257.5,"1,885,978",260.085,261.0,255.5065
11/13/2024,261.37,"1,427,865",263.655,263.655,260.84
11/12/2024,262.34,"1,617,504",260.98,263.59,258.26
11/11/2024,259.89,"2,177,661",262.6,263.85,259.4
11/08/2024,261.52,"2,603,589",259.46,263.39,257.385
11/07/2024,255.27,"2,432,664",257.81,260.365,253.18
11/06/2024,258.75,"3,712,520",259.79,259.86,250.67
11/05/2024,248.07,"2,002,739",240.25,248.13,239.5
11/04/2024,241.48,"2,209,148",243.48,243.93,240.25
11/01/2024,242.72,"3,237,950",243.35,245.86,242.55
10/31/2024,242.83,"3,362,666",242.1,245.6,240.1813
10/30/2024,243.0,"1,560,056",242.5,243.415,241.37
10/29/2024,241.68,"1,472,884",244.46,245.45,241.64
10/28/2024,244.31,"1,322,769",244.84,245.68,243.6001
10/25/2024,243.78,"1,594,653",246.33,246.57,242.38
10/24/2024,246.87,"1,273,619",248.2,249.96,246.405
10/23/2024,247.25,"1,240,948",247.99,249.35,246.3488
10/22/2024,248.25,"1,633,649",248.39,249.83,245.38
10/21/2024,250.74,"2,566,948",251.15,252.71,249.425
10/18/2024,251.12,"2,089,962",252.2,252.94,249.87
10/17/2024,251.34,"2,866,595",257.01,259.59,250.88
10/16/2024,255.37,"2,461,092",252.11,255.996,251.31
10/15/2024,251.6,"3,897,815",254.0,255.41,249.74
10/14/2024,251.88,"2,413,596",254.64,254.64,250.39
10/11/2024,254.09,"1,643,750",251.55,254.17,251.47
10/10/2024,251.78,"1,731,458",254.77,255.8792,251.03
10/09/2024,250.76,"1,920,702",248.25,252.545,247.9101
10/08/2024,249.02,"2,008,498",247.65,249.89,247.2593
10/07/2024,245.52,"2,757,451",254.85,255.86,243.185
10/04/2024,255.36,"1,951,766",251.73,256.17,251.49
10/03/2024,252.27,"1,887,217",254.04,254.92,250.22
10/02/2024,254.43,"1,476,100",253.51,254.86,252.89
10/01/2024,254.27,"1,569,471",251.41,256.17,251.14
09/30/2024,253.76,"2,233,871",252.89,253.94,248.93
09/27/2024,251.1,"2,011,861",251.06,252.8818,250.55
09/26/2024,252.38,"2,115,191",255.45,255.87,251.745
09/25/2024,256.99,"2,430,851",258.12,258.73,256.47
09/24/2024,256.54,"1,774,948",256.92,257.12,254.01
09/23/2024,257.6,"2,629,844",260.0,260.385,256.69
09/20/2024,259.24,"4,476,729",255.21,259.51,254.2
09/19/2024,255.3,"2,699,014",256.89,257.11,252.745
09/18/2024,257.66,"1,710,380",256.99,259.045,255.4974
09/17/2024,256.91,"1,736,074",256.02,257.18,253.57
09/16/2024,256.31,"2,752,635",257.31,260.46,255.55
09/13/2024,255.46,"3,078,947",256.31,256.745,249.68
09/12/2024,249.48,"2,118,170",247.85,250.08,246.515
09/11/2024,249.59,"2,509,799",248.96,249.86,245.3001
09/10/2024,249.13,"1,997,351",252.58,254.73,249.0
09/09/2024,251.31,"2,457,068",249.76,252.8,248.52
09/06/2024,248.69,"2,429,465",250.09,252.03,248.0519
09/05/2024,249.54,"2,328,981",253.17,253.91,247.29
09/04/2024,253.91,"1,631,396",253.79,254.53,251.33
09/03/2024,252.32,"2,449,117",252.2,254.83,251.08
08/30/2024,252.2,"2,817,633",249.62,254.35,248.8
08/29/2024,250.01,"1,982,700",247.39,250.23,245.99
08/28/2024,248.26,"2,482,306",245.96,248.34,245.35
08/27/2024,245.57,"2,883,306",243.11,245.93,242.05
08/26/2024,242.45,"2,087,177",242.37,245.0,241.745
08/23/2024,241.25,"1,544,660",239.95,241.43,238.95
08/22/2024,240.22,"1,563,125",237.62,240.405,236.985
08/21/2024,237.32,"1,813,982",240.44,240.8,235.42
08/20/2024,238.75,"1,436,892",238.96,239.1615,237.145
08/19/2024,237.78,"1,366,339",235.19,237.83,234.75
08/16/2024,235.88,"2,600,504",237.16,238.04,234.06
08/15/2024,236.77,"3,898,122",237.5,238.45,234.51
08/14/2024,234.34,"2,915,103",227.0,234.74,226.52
08/13/2024,222.33,"1,649,898",222.67,224.46,220.33
08/12/2024,222.99,"2,350,292",224.79,225.75,221.5101
08/09/2024,221.73,"1,730,730",219.3,221.89,217.915
08/08/2024,218.36,"2,482,632",214.99,219.72,214.99
08/07/2024,215.88,"2,082,119",213.61,218.31,213.47
08/06/2024,214.05,"2,705,103",213.2,217.2985,212.27
08/05/2024,210.91,"2,820,299",216.94,218.035,208.13
08/02/2024,216.94,"1,769,793",216.52,219.51,214.51
08/01/2024,215.28,"2,208,041",216.5,217.43,212.38
07/31/2024,214.12,"2,321,997",214.79,215.62,212.67
07/30/2024,215.68,"1,595,511",214.1,217.68,213.81
07/29/2024,213.63,"1,793,759",215.86,216.99,213.41
07/26/2024,215.68,"1,972,284",213.09,216.32,213.09
07/25/2024,212.77,"2,288,805",215.99,217.23,212.09
07/24/2024,215.44,"2,312,822",216.55,217.425,214.87
07/23/2024,215.9,"3,085,037",216.31,216.4522,214.71
07/22/2024,216.3,"2,945,697",214.01,218.62,213.17
07/19/2024,219.35,"3,207,517",224.5,224.79,218.7181
07/18/2024,224.53,"3,522,290",223.31,229.0,223.31
07/17/2024,221.35,"4,422,764",214.8,221.46,214.64
07/16/2024,210.0,"3,736,053",222.52,223.84,208.37
07/15/2024,217.1,"2,415,349",214.32,217.24,214.32
07/12/2024,213.3,"2,315,725",212.43,214.44,210.79
07/11/2024,211.82,"2,546,670",208.29,212.38,207.5
07/10/2024,209.99,"1,988,312",209.5,210.99,208.5
07/09/2024,209.49,"2,372,257",209.96,212.7292,209.29
07/08/2024,209.71,"2,706,449",211.17,212.87,209.555
07/05/2024,210.18,"1,699,389",210.38,210.56,207.99
07/03/2024,210.27,"1,284,908",210.91,211.165,208.67
07/02/2024,211.12,"2,277,747",208.06,211.22,207.48
07/01/2024,209.46,"2,264,025",209.27,210.5,207.91
06/28/2024,207.71,"4,068,275",210.4,211.84,207.53
06/27/2024,211.35,"1,987,629",208.88,211.4,207.77
06/26/2024,208.19,"3,213,055",207.22,208.41,204.88
06/25/2024,208.28,"2,331,508",210.97,212.54,207.8
06/24/2024,210.68,"2,927,354",209.81,212.8,209.57
06/21/2024,209.19,"3,950,714",209.08,210.27,206.67
06/20/2024,210.85,"2,545,421",210.87,212.22,209.19
06/18/2024,210.75,"2,722,082",209.1,211.87,208.17
06/17/2024,208.24,"2,489,402",204.62,208.31,204.62
06/14/2024,203.92,"2,913,816",205.8,208.9079,203.39
06/13/2024,203.6,"2,520,547",203.45,204.74,202.3
06/12/2024,202.44,"3,002,083",207.07,208.0,201.34
06/11/2024,208.49,"2,298,060",209.91,210.04,207.34
06/10/2024,210.28,"2,629,182",211.75,212.49,209.3
06/07/2024,212.53,"2,113,087",215.01,216.5,211.75
06/06/2024,213.19,"1,756,411",213.47,214.45,211.54
06/05/2024,212.61,"2,126,037",212.4,213.3,210.3
06/04/2024,211.97,"2,768,573",208.88,212.42,208.62
06/03/2024,209.38,"1,827,260",211.46,211.75,207.17
05/31/2024,211.18,"4,520,787",207.45,211.35,207.22
05/30/2024,206.93,"2,588,979",203.15,207.11,203.1
05/29/2024,203.15,"3,075,847",204.43,205.04,201.7765
05/28/2024,205.18,"2,876,229",202.98,205.6599,202.85
05/24/2024,203.91,"1,721,272",203.46,204.94,202.95
05/23/2024,203.18,"2,469,322",205.75,207.465,203.02
05/22/2024,206.34,"1,684,075",209.39,209.87,206.33
05/21/2024,209.38,"2,669,070",207.99,211.2799,207.785
05/20/2024,206.98,"2,172,584",209.0,209.51,206.9
05/17/2024,209.22,"2,005,043",209.31,209.68,207.28
05/16/2024,207.01,"3,419,037",209.99,211.41,205.64
05/15/2024,209.25,"3,641,996",207.36,213.23,207.05
05/14/2024,213.67,"1,777,107",212.11,214.39,211.51
05/13/2024,212.41,"1,549,402",216.5,217.65,212.41
05/10/2024,215.76,"2,128,384",214.39,216.1,213.73
05/09/2024,213.72,"1,923,310",214.55,215.125,213.52
05/08/2024,215.9,"1,840,004",216.46,217.77,215.865
05/07/2024,215.46,"2,706,273",216.33,216.33,213.26
05/06/2024,215.51,"2,644,736",209.21,215.54,209.07
05/03/2024,208.72,"2,150,779",207.8,209.26,204.65
05/02/2024,209.03,"2,023,100",211.75,212.78,208.32
05/01/2024,211.8,"2,360,867",209.16,213.74,208.48
04/30/2024,208.25,"3,578,504",206.84,210.78,206.2
04/29/2024,206.67,"2,691,605",208.0,208.03,205.24
04/26/2024,208.03,"2,628,749",209.01,209.91,205.5
04/25/2024,210.07,"1,882,583",212.14,212.31,209.08
04/24/2024,212.2,"2,633,168",213.81,215.095,209.79
04/23/2024,214.02,"2,576,062",213.73,215.215,212.36
04/22/2024,213.0,"2,732,551",215.06,216.21,212.87
04/19/2024,214.69,"4,191,546",210.9,215.18,210.535
04/18/2024,209.75,"2,116,565",209.36,210.05,208.02
04/17/2024,209.12,"3,554,574",209.08,210.03,207.5862
04/16/2024,208.35,"2,916,807",207.66,210.62,206.715
04/15/2024,206.59,"3,842,041",207.76,208.78,205.13
04/12/2024,203.9,"5,368,049",208.0,209.5,203.26
04/11/2024,202.26,"3,896,401",206.25,207.09,202.09
04/10/2024,206.15,"2,367,313",203.95,207.09,203.2078
04/09/2024,204.81,"2,662,347",210.56,211.045,204.19
04/08/2024,210.39,"2,793,841",210.7,210.9593,208.7
04/05/2024,211.0,"3,036,045",210.24,212.045,209.28
04/04/2024,209.24,"2,581,398",211.2,212.24,208.3663
04/03/2024,210.77,"2,526,869",210.29,211.745,209.595
04/02/2024,210.03,"1,919,201",209.96,210.71,208.9506
04/01/2024,209.95,"2,324,259",207.19,210.05,205.92
03/28/2024,206.82,"3,163,452",207.23,208.19,206.385
03/27/2024,206.15,"3,509,309",205.16,206.3,204.26
03/26/2024,204.65,"3,546,233",205.79,207.8025,204.3
03/25/2024,206.02,"3,491,736",205.83,206.89,204.66
03/22/2024,205.7,"2,557,922",205.85,207.3975,205.24
03/21/2024,205.57,"3,418,789",204.5,207.2,203.54
03/20/2024,205.72,"1,729,903",205.0,206.8585,204.68
03/19/2024,205.49,"2,025,036",207.53,207.87,204.175
03/18/2024,206.41,"2,289,861",204.57,207.2,204.07
03/15/2024,204.88,"5,740,556",199.57,205.83,199.57
03/14/2024,201.87,"3,537,890",201.63,202.7,199.54
03/13/2024,199.74,"2,101,540",199.63,199.87,197.77
03/12/2024,198.94,"1,515,096",197.0,199.07,195.57
03/11/2024,196.74,"2,178,245",198.2,198.255,195.43
03/08/2024,198.41,"2,803,588",195.13,198.98,194.485
03/07/2024,196.12,"2,964,864",196.0,196.94,193.855
03/06/2024,196.01,"3,431,512",193.4,196.3,191.0
03/05/2024,189.81,"2,445,832",189.49,190.88,189.4
03/04/2024,189.24,"2,931,044",187.76,189.83,187.32
03/01/2024,187.83,"3,677,454",189.2,190.16,186.94
02/29/2024,189.56,"4,203,657",192.12,192.36,188.8
02/28/2024,192.03,"2,533,706",192.73,193.39,191.48
02/27/2024,192.18,"2,502,742",193.63,193.95,189.66
02/26/2024,193.58,"2,194,227",192.15,193.67,191.33
02/23/2024,191.3,"1,826,477",191.84,192.6,190.52
02/22/2024,191.69,"1,997,761",190.73,192.31,189.25
02/21/2024,190.25,"2,253,134",190.26,191.32,187.785
02/20/2024,189.48,"2,497,968",189.63,191.95,189.0
02/16/2024,189.09,"2,113,118",189.86,191.92,188.58
02/15/2024,189.24,"1,939,681",187.73,189.85,187.095
02/14/2024,187.95,"3,434,410",184.17,188.2,182.23
02/13/2024,182.08,"3,251,298",184.14,184.91,180.72
02/12/2024,182.36,"1,748,897",182.72,183.12,181.65
02/09/2024,182.72,"1,968,752",182.56,184.0,182.3
02/08/2024,182.96,"1,762,390",182.21,184.275,181.89
02/07/2024,182.17,"1,586,600",181.45,182.85,180.68
02/06/2024,180.27,"1,579,615",182.0,182.62,179.905
02/05/2024,182.18,"1,819,291",180.48,182.64,180.48
02/02/2024,180.69,"1,791,639",180.17,181.9,179.68
02/01/2024,178.71,"2,839,173",176.77,179.65,176.37
01/31/2024,178.25,"1,978,847",180.46,180.8582,177.69
01/30/2024,179.71,"1,834,684",176.38,179.82,175.5
01/29/2024,177.76,"2,000,825",178.75,180.46,176.73
01/26/2024,179.42,"2,354,350",178.2,180.0,177.27
01/25/2024,178.01,"2,887,277",178.41,180.49,176.15
01/24/2024,178.36,"4,566,015",181.6,182.35,176.51
01/23/2024,170.32,"2,932,614",169.68,172.04,169.565
01/22/2024,170.28,"2,643,223",170.72,171.97,170.21
01/19/2024,170.14,"2,722,301",171.0,172.51,170.08
01/18/2024,169.91,"2,530,183",167.47,170.27,166.92
01/17/2024,169.89,"2,373,788",169.24,171.71,168.89
01/16/2024,168.57,"2,186,260",169.84,169.84,168.02
01/12/2024,168.9,"1,649,872",169.38,169.96,167.7
01/11/2024,168.02,"2,275,560",166.0,168.29,164.98
01/10/2024,165.51,"1,582,558",166.08,168.22,164.17
01/09/2024,166.67,"1,927,822",165.95,166.83,164.16
01/08/2024,165.37,"1,994,216",163.44,165.51,162.35
01/05/2024,162.71,"1,545,046",164.31,164.57,161.56
01/04/2024,163.0,"1,937,188",164.68,166.28,162.955
01/03/2024,163.17,"2,208,612",162.26,165.31,162.115
01/02/2024,161.63,"1,912,312",159.8,161.7,159.34
12/29/2023,159.28,"1,637,512",158.47,159.82,158.1
12/28/2023,158.34,"1,139,747",158.0,159.18,157.61
12/27/2023,157.66,"1,217,644",156.78,157.95,156.06
12/26/2023,157.38,"1,066,698",157.77,157.9,156.73
12/22/2023,157.76,"1,006,030",156.92,158.19,156.35
12/21/2023,156.48,"1,139,205",154.93,156.56,154.38
12/20/2023,155.56,"1,716,002",157.54,157.68,155.54
12/19/2023,157.68,"2,776,024",155.36,157.84,154.75
12/18/2023,156.0,"2,346,773",154.86,156.77,154.43
12/15/2023,153.41,"6,746,516",151.68,156.33,149.14
12/14/2023,153.55,"5,633,767",160.19,160.81,152.82
12/13/2023,160.55,"2,742,791",165.31,165.57,160.27
12/12/2023,165.13,"2,204,066",163.11,165.16,162.8101
12/11/2023,163.42,"2,060,641",162.87,164.37,162.275
12/08/2023,161.17,"2,614,634",161.81,162.35,159.82
12/07/2023,161.71,"2,622,995",162.35,162.96,161.67
12/06/2023,161.49,"2,146,520",163.05,164.285,160.62
12/05/2023,163.53,"1,419,221",163.41,164.35,162.56
12/04/2023,163.41,"1,569,738",161.93,163.58,161.58
12/01/2023,162.46,"2,630,042",164.16,164.85,162.24
11/30/2023,164.03,"3,561,739",163.05,164.46,162.68
11/29/2023,163.0,"1,519,872",162.78,163.76,162.01
11/28/2023,163.26,"1,656,052",164.28,164.73,162.58
11/27/2023,164.41,"1,692,878",163.87,164.48,163.0
11/24/2023,163.72,"680,013",163.14,164.1,163.14
11/22/2023,162.61,"1,518,599",161.35,163.005,161.0
11/21/2023,161.81,"1,954,569",160.12,162.85,160.07
11/20/2023,159.35,"2,019,059",158.0,160.58,157.68
11/17/2023,157.57,"2,402,535",159.84,160.83,157.51
11/16/2023,159.94,"2,781,309",158.16,160.1,158.16
11/15/2023,157.67,"3,421,699",159.28,159.53,156.23
11/14/2023,159.53,"3,080,429",160.99,161.41,159.18
11/13/2023,161.92,"2,908,151",161.19,161.98,159.54
11/10/2023,160.39,"2,988,121",160.97,161.7241,160.06
11/09/2023,160.35,"2,274,630",159.21,161.28,159.03
11/08/2023,158.61,"1,757,154",158.15,159.12,157.39
11/07/2023,158.61,"1,874,720",159.0,159.0,157.2
11/06/2023,158.23,"2,067,336",157.31,158.5,156.86
11/03/2023,156.21,"4,047,007",159.11,159.11,155.61
11/02/2023,158.77,"2,996,836",158.71,160.69,156.93
11/01/2023,159.61,"2,264,439",159.0,160.62,157.91
10/31/2023,158.09,"2,353,340",155.13,158.445,154.71
10/30/2023,155.19,"2,253,048",153.63,155.365,153.22
10/27/2023,153.06,"2,147,621",153.0,153.31,151.55
10/26/2023,153.86,"2,754,246",156.68,157.42,153.38
10/25/2023,156.43,"2,219,051",157.82,158.0,156.05
10/24/2023,156.24,"1,683,337",154.04,156.41,153.48
10/23/2023,153.48,"1,844,161",155.0,155.0,153.28
10/20/2023,154.84,"3,051,868",158.4,158.63,154.59
10/19/2023,157.8,"2,587,008",158.98,160.5,157.55
10/18/2023,159.18,"2,898,121",160.0,161.0,158.49
10/17/2023,158.94,"2,720,410",158.25,158.99,157.51
10/16/2023,157.05,"4,257,916",156.04,158.17,154.82
10/13/2023,154.95,"6,481,497",150.0,155.3764,149.64
10/12/2023,143.3,"2,403,680",144.37,144.59,142.87
10/11/2023,143.86,"3,099,204",142.09,144.2,142.07
10/10/2023,142.25,"2,391,397",143.5,144.27,141.84
10/09/2023,143.26,"1,369,215",142.53,143.375,141.93
10/06/2023,142.86,"2,207,193",142.8,143.83,142.01
10/05/2023,142.5,"1,936,114",142.3,143.7,141.73
10/04/2023,142.16,"2,161,137",139.41,142.33,138.69
10/03/2023,139.4,"2,105,688",140.0,142.35,138.5
10/02/2023,138.97,"1,795,693",138.89,139.54,137.59
09/29/2023,139.3,"2,434,938",140.09,140.5,138.84
09/28/2023,140.41,"1,641,526",141.13,141.845,140.105
09/27/2023,140.62,"1,978,982",140.35,140.72,139.03
09/26/2023,140.75,"1,848,568",142.5,142.935,140.665
09/25/2023,142.42,"1,889,583",142.84,143.04,140.79
09/22/2023,143.26,"1,679,654",142.52,143.68,142.14
09/21/2023,142.4,"3,993,885",143.24,144.31,141.95
09/20/2023,142.69,"1,637,138",142.77,143.97,142.51
09/19/2023,142.47,"1,877,300",141.37,142.645,140.43
09/18/2023,140.56,"1,713,011",138.92,140.99,138.4
09/15/2023,138.74,"4,508,045",134.7,139.72,134.34
09/14/2023,139.57,"2,429,302",140.0,140.185,138.28
09/13/2023,139.17,"2,302,762",139.26,139.92,138.84
09/12/2023,138.65,"2,388,994",137.62,140.21,137.62
09/11/2023,137.26,"1,549,823",136.08,138.48,136.08
09/08/2023,135.76,"1,619,414",137.36,137.9,135.69
09/07/2023,137.41,"2,188,343",135.7,138.37,135.27
09/06/2023,134.84,"1,641,496",133.73,135.17,133.51
09/05/2023,133.52,"2,285,997",135.7,135.84,133.155
09/01/2023,135.48,"1,357,751",134.37,135.885,133.42
08/31/2023,133.47,"2,879,568",134.4,134.46,133.19
08/30/2023,134.03,"1,408,282",132.46,134.36,131.87
08/29/2023,132.25,"1,485,437",131.85,132.36,130.27
08/28/2023,131.58,"1,036,974",132.6,132.89,130.73
08/25/2023,132.58,"1,447,354",131.87,133.735,131.5903
08/24/2023,131.9,"1,519,118",130.29,132.97,130.29
08/23/2023,130.39,"2,855,399",130.38,130.6,129.31
08/22/2023,130.53,"2,181,804",132.23,132.545,129.72
08/21/2023,132.18,"2,016,773",134.06,134.755,132.12
08/18/2023,133.93,"2,549,203",134.4,135.42,133.75
08/17/2023,135.21,"2,207,223",136.52,137.28,134.91
08/16/2023,136.14,"6,250,015",133.02,137.23,131.5
08/15/2023,125.05,"2,866,779",125.42,126.48,124.06
08/14/2023,125.92,"2,230,685",127.82,128.34,125.55
08/11/2023,127.84,"1,188,740",126.34,128.23,126.34
08/10/2023,126.14,"1,871,061",126.79,128.08,125.76
08/09/2023,126.5,"1,617,710",126.44,127.735,126.29
08/08/2023,126.5,"1,778,641",127.24,127.41,126.01
08/07/2023,127.66,"1,473,034",127.45,128.33,126.0
08/04/2023,126.54,"2,187,393",128.67,128.67,126.34
08/03/2023,128.85,"3,886,235",125.55,129.96,124.72
08/02/2023,125.36,"3,446,040",127.54,130.0,124.455
08/01/2023,127.42,"2,729,417",126.42,127.94,125.11
07/31/2023,125.98,"2,898,168",124.83,126.91,124.83
07/28/2023,125.03,"1,876,105",126.41,126.41,124.23
07/27/2023,125.31,"2,301,193",126.51,126.64,124.51
07/26/2023,126.23,"2,810,997",124.45,127.14,123.82
07/25/2023,123.55,"3,679,515",123.39,123.69,121.87
07/24/2023,125.24,"2,699,585",124.31,126.3,124.305
07/21/2023,124.39,"3,288,553",124.18,124.79,122.1
07/20/2023,123.96,"3,542,200",119.08,124.06,118.75
07/19/2023,118.22,"2,946,793",119.48,120.26,117.64
07/18/2023,119.81,"4,844,403",121.22,122.25,119.63
07/17/2023,121.95,"6,039,482",117.99,122.66,117.795
07/14/2023,116.79,"10,076,720",114.2,117.3752,111.41
07/13/2023,114.78,"15,043,070",122.5,124.99,114.56
07/12/2023,132.11,"2,623,989",132.9,134.06,131.485
07/11/2023,132.17,"1,973,917",131.38,132.75,131.36
07/10/2023,131.08,"1,737,006",131.35,131.98,130.02
07/07/2023,131.26,"1,682,669",131.1,131.545,129.565
07/06/2023,131.67,"1,834,590",130.68,131.85,130.48
07/05/2023,131.43,"1,864,432",131.14,132.26,130.555
07/03/2023,132.59,"1,131,800",132.05,133.1275,131.08
06/30/2023,132.37,"2,421,123",132.45,132.96,131.4
06/29/2023,132.07,"1,959,921",131.81,132.67,131.655
06/28/2023,131.69,"1,544,432",132.07,132.29,130.61
06/27/2023,132.65,"1,268,528",132.55,133.66,131.96
06/26/2023,131.95,"1,641,258",132.34,132.71,131.64
06/23/2023,132.77,"3,616,743",131.85,133.5,131.32
06/22/2023,131.76,"1,598,026",131.34,131.86,130.66
06/21/2023,130.6,"2,034,351",129.34,130.705,128.18
06/20/2023,129.48,"2,151,762",129.13,129.85,128.54
06/16/2023,129.99,"3,355,872",129.06,130.835,128.53
06/15/2023,128.36,"2,681,572",127.67,128.61,126.99
06/14/2023,126.93,"4,474,937",128.99,129.28,126.28
06/13/2023,131.68,"1,529,492",130.47,132.6106,130.405
06/12/2023,130.69,"1,833,161",130.86,131.31,129.97
06/09/2023,130.9,"1,673,090",130.85,132.24,130.81
06/08/2023,131.08,"1,534,166",130.84,131.85,129.59
06/07/2023,130.84,"1,982,079",129.85,131.175,128.5
06/06/2023,129.8,"1,514,870",129.3,129.86,128.455
06/05/2023,129.03,"1,576,215",129.65,130.505,128.99
06/02/2023,129.5,"1,726,454",128.58,129.85,128.27
06/01/2023,128.33,"2,978,878",128.27,128.49,126.16
05/31/2023,127.91,"6,673,585",127.55,128.91,127.39
05/30/2023,128.07,"4,230,112",128.43,128.47,126.47
05/26/2023,128.49,"3,149,710",129.03,131.78,128.26
05/25/2023,128.93,"2,584,264",131.05,131.61,128.81
05/24/2023,131.5,"1,928,832",132.85,133.235,130.94
05/23/2023,133.35,"2,988,987",135.01,135.345,133.21
05/22/2023,135.63,"2,857,102",135.7,136.76,134.83
05/19/2023,135.06,"4,874,505",136.5,136.91,134.7
05/18/2023,136.11,"3,451,163",137.0,137.34,134.49
05/17/2023,136.6,"4,312,223",131.79,137.9,131.725
05/16/2023,129.76,"2,928,025",131.81,132.22,129.37
05/15/2023,132.0,"2,204,940",133.79,134.005,130.97
05/12/2023,133.43,"2,155,854",135.02,135.52,133.135
05/11/2023,133.94,"2,037,772",133.36,134.35,131.43
05/10/2023,134.38,"2,644,570",135.05,135.81,132.94
05/09/2023,135.7,"3,595,051",133.97,137.29,133.78
05/08/2023,134.09,"4,254,385",130.1,135.01,129.315
05/05/2023,129.52,"3,124,071",126.93,130.15,126.63
05/04/2023,126.1,"4,909,944",124.17,126.72,122.72
05/03/2023,125.05,"8,019,242",126.91,127.38,120.73
05/02/2023,128.31,"6,752,060",135.0,135.59,125.4
05/01/2023,135.89,"1,774,058",136.28,137.34,135.45
04/28/2023,136.4,"2,188,010",134.31,136.49,133.9508
04/27/2023,134.71,"1,918,095",132.4,135.22,132.33
04/26/2023,133.84,"1,648,847",133.92,134.86,133.21
04/25/2023,134.87,"1,982,936",135.0,136.26,134.17
04/24/2023,135.4,"2,139,878",137.29,137.51,135.06
04/21/2023,137.02,"2,358,450",137.79,138.39,135.99
04/20/2023,138.39,"2,234,973",138.95,139.91,137.42
04/19/2023,138.91,"2,044,080",139.26,140.81,138.72
04/18/2023,138.6,"2,143,120",137.96,138.9,137.285
04/17/2023,138.41,"2,988,715",136.94,138.5,136.0
04/14/2023,135.85,"4,298,914",138.0,138.99,135.08
04/13/2023,138.21,"7,196,095",140.89,141.65,135.9505
04/12/2023,148.15,"2,965,103",148.22,149.84,147.75
04/11/2023,148.62,"2,769,222",148.145,149.87,147.075
04/10/2023,149.0,"2,108,714",147.44,149.0768,147.35
04/06/2023,147.29,"1,902,932",146.47,147.85,146.42
04/05/2023,146.43,"2,225,634",143.64,146.99,143.64
04/04/2023,144.28,"1,578,800",144.68,145.46,142.47
04/03/2023,145.1,"1,968,814",142.74,145.4762,142.74
03/31/2023,143.06,"2,344,477",144.18,144.84,142.39
03/30/2023,143.79,"2,122,884",144.57,145.0,142.42
03/29/2023,144.48,"2,041,405",143.51,144.73,143.1
03/28/2023,142.85,"2,021,230",141.14,143.085,141.08
03/27/2023,141.12,"3,181,762",141.31,142.4,139.88
03/24/2023,140.43,"3,227,316",136.69,140.52,135.77
03/23/2023,137.83,"2,445,411",136.61,137.98,136.09
03/22/2023,136.69,"2,216,021",140.11,140.72,136.63
03/21/2023,140.23,"2,451,084",141.4,141.63,139.61
03/20/2023,139.07,"2,293,279",136.61,139.85,136.23
03/17/2023,136.32,"6,382,876",142.16,142.51,135.86
03/16/2023,142.87,"4,785,973",138.67,143.565,137.4
03/15/2023,135.06,"4,090,998",137.3,141.13,133.68
03/14/2023,141.84,"3,309,742",141.03,141.96,138.865
03/13/2023,139.53,"3,646,202",138.4,141.4,138.04
03/10/2023,140.65,"2,623,113",140.98,142.66,140.45
03/09/2023,142.06,"2,671,489",144.19,144.77,141.12
03/08/2023,143.76,"1,495,508",145.81,146.13,142.5827
03/07/2023,144.83,"2,086,487",145.95,146.3444,144.4625
03/06/2023,145.64,"2,348,998",145.33,146.5,145.04
03/03/2023,145.6,"2,536,484",143.75,145.7,143.14
03/02/2023,142.25,"1,425,722",141.58,142.705,140.91
03/01/2023,142.23,"2,346,551",142.9,143.65,141.57
02/28/2023,143.52,"3,618,552",142.26,144.38,141.955
02/27/2023,141.69,"1,807,621",142.1,142.896,141.03
02/24/2023,141.81,"1,764,912",141.64,142.12,141.21
02/23/2023,142.36,"1,690,454",142.49,143.9412,141.595
02/22/2023,142.49,"1,660,189",143.0,143.76,141.96
02/21/2023,142.58,"2,638,755",141.51,143.35,141.415
02/17/2023,141.52,"3,862,461",142.43,142.92,140.92
02/16/2023,142.54,"2,426,868",141.99,143.67,141.51
02/15/2023,141.96,"2,416,254",139.2,142.01,139.2
02/14/2023,139.27,"1,661,978",140.26,141.21,138.58
02/13/2023,139.71,"1,973,198",139.04,140.58,139.0
02/10/2023,138.73,"1,723,057",137.42,139.35,137.09
02/09/2023,137.18,"1,976,858",138.85,139.51,137.12
02/08/2023,138.37,"1,748,222",137.96,139.89,137.81
02/07/2023,138.7,"1,975,227",136.66,139.0,136.33
02/06/2023,137.67,"1,598,382",136.82,138.54,136.73
02/03/2023,136.31,"2,196,997",135.41,137.355,134.643
02/02/2023,134.97,"3,763,449",137.58,137.58,131.52
02/01/2023,137.98,"3,088,017",135.47,139.18,135.35
01/31/2023,136.35,"3,002,894",135.73,136.35,135.1
01/30/2023,135.4,"2,689,771",135.4,136.09,134.54
01/27/2023,135.07,"2,215,267",134.94,135.64,134.07
01/26/2023,134.91,"2,724,405",135.87,136.37,134.335
01/25/2023,135.47,"3,024,636",128.5,135.5,128.5
01/24/2023,129.19,"2,447,651",127.55,129.525,126.59
01/23/2023,127.12,"2,624,518",127.57,128.09,126.72
01/20/2023,127.63,"2,647,009",126.54,128.3,125.815
01/19/2023,125.92,"2,305,844",127.99,128.2,125.31
01/18/2023,128.23,"1,813,188",129.91,130.77,128.02
01/17/2023,130.69,"2,293,881",134.0,134.33,130.55
01/13/2023,133.65,"1,448,461",132.8,134.18,132.18
01/12/2023,132.94,"1,795,621",132.01,134.14,131.21
01/11/2023,132.25,"2,125,746",133.0,133.4,131.39
01/10/2023,133.02,"1,500,348",131.78,133.09,131.6
01/09/2023,132.01,"2,752,277",134.99,135.45,131.965
01/06/2023,134.61,"2,116,326",133.13,134.84,132.67
01/05/2023,131.53,"1,624,926",131.14,131.99,130.04
01/04/2023,131.24,"1,905,009",130.36,131.62,129.755
01/03/2023,130.14,"1,502,886",129.37,130.21,128.85
12/30/2022,129.71,"1,591,318",130.04,130.94,128.43
12/29/2022,130.56,"898,041",130.2,131.1,129.735
12/28/2022,129.72,"1,337,825",130.79,132.03,129.69
12/27/2022,130.17,"1,624,991",129.85,130.79,129.185
12/23/2022,129.44,"1,277,708",128.68,129.58,127.6625
12/22/2022,128.6,"2,248,568",129.14,129.29,126.32
12/21/2022,129.12,"1,744,836",127.8,129.635,127.78
12/20/2022,127.19,"1,744,001",127.58,129.26,127.1
12/19/2022,127.07,"2,342,184",126.55,128.4799,125.62
12/16/2022,126.45,"6,129,690",127.07,127.47,125.36
12/15/2022,127.66,"3,067,540",125.31,128.66,124.8215
12/14/2022,126.58,"3,429,571",127.16,128.67,126.26
12/13/2022,128.28,"2,566,368",131.18,131.18,128.145
12/12/2022,129.94,"2,568,181",129.5,130.25,128.9
12/09/2022,129.38,"1,313,967",131.12,131.93,129.26
12/08/2022,131.18,"1,240,229",130.49,132.41,130.42
12/07/2022,130.48,"1,783,263",131.12,132.35,130.04
12/06/2022,130.97,"1,578,107",131.26,131.66,130.24
12/05/2022,131.26,"1,198,829",131.74,132.06,130.27
12/02/2022,132.51,"1,253,232",130.74,132.79,130.0
12/01/2022,131.26,"2,325,585",133.96,134.5,129.03
11/30/2022,132.15,"4,446,542",130.68,132.61,129.12
11/29/2022,131.12,"1,751,307",128.74,131.67,127.6
11/28/2022,130.02,"1,992,963",131.29,132.49,129.95
11/25/2022,131.57,"1,029,864",131.5,132.93,130.68
11/23/2022,131.09,"1,371,680",130.0,131.37,129.85
11/22/2022,130.09,"1,546,012",130.44,131.49,129.69
11/21/2022,129.81,"1,525,455",128.51,130.14,127.78
11/18/2022,128.36,"3,370,312",129.59,129.95,127.29
11/17/2022,128.02,"2,014,426",125.45,128.6298,125.29
11/16/2022,125.91,"4,295,900",122.82,126.35,120.26
11/15/2022,123.06,"4,372,024",123.72,124.26,121.96
11/14/2022,122.98,"3,874,048",126.71,127.12,122.92
11/11/2022,126.23,"3,761,143",129.92,131.0,125.13
11/10/2022,129.74,"2,488,452",130.61,130.95,128.08
11/09/2022,127.7,"1,762,092",129.1,130.2,127.49
11/08/2022,129.1,"1,903,092",127.27,130.07,127.02
11/07/2022,127.3,"2,555,789",126.62,127.56,125.99
11/04/2022,126.62,"2,818,848",128.9,129.26,124.84
11/03/2022,127.32,"1,786,942",127.18,128.68,126.44
11/02/2022,127.73,"2,151,688",128.7,130.31,127.43
11/01/2022,129.02,"2,443,429",128.87,129.91,127.95
10/31/2022,128.4,"2,062,914",129.03,129.47,128.05
10/28/2022,129.7,"2,483,375",125.36,129.9,125.18
10/27/2022,124.38,"2,173,573",123.87,126.55,123.68
10/26/2022,122.93,"1,893,133",122.93,124.44,122.05
10/25/2022,122.11,"2,473,254",121.84,122.57,120.27
10/24/2022,123.26,"2,607,834",123.67,125.77,122.1
10/21/2022,122.45,"2,985,148",119.59,122.5,118.67
10/20/2022,118.86,"2,502,012",118.88,120.52,118.01
10/19/2022,121.2,"2,001,355",120.25,122.62,120.11
10/18/2022,120.26,"2,615,681",121.58,121.92,119.3
10/17/2022,119.59,"2,643,992",116.74,120.23,116.59
10/14/2022,115.89,"3,681,739",123.74,123.845,115.64
10/13/2022,122.42,"7,584,799",113.53,122.95,110.04
10/12/2022,121.4,"2,225,910",123.67,124.565,121.37
10/11/2022,123.45,"2,629,531",123.32,125.3099,122.6
10/10/2022,123.73,"2,571,095",122.15,124.4,121.83
10/07/2022,121.96,"2,521,818",121.94,122.77,120.82
10/06/2022,121.92,"2,750,533",121.43,122.95,121.42
10/05/2022,122.34,"2,600,565",122.98,123.61,122.08
10/04/2022,123.94,"2,425,851",121.13,124.08,120.46
10/03/2022,120.5,"2,427,913",117.41,120.66,116.39
09/30/2022,116.21,"2,814,220",118.26,118.825,116.14
09/29/2022,118.39,"2,303,603",118.85,119.21,117.16
09/28/2022,119.05,"4,193,502",119.6,120.045,118.02
09/27/2022,119.1,"2,118,271",119.7,120.54,118.285
09/26/2022,118.88,"2,435,269",120.69,121.18,118.47
09/23/2022,121.53,"2,004,324",121.96,122.23,120.48
09/22/2022,122.42,"2,279,988",121.8,123.48,120.55
09/21/2022,121.36,"2,768,246",125.81,126.05,121.36
09/20/2022,125.1,"2,049,392",126.01,126.45,123.5
09/19/2022,127.29,"1,858,401",124.24,127.36,123.81
09/16/2022,124.89,"4,036,875",126.68,127.02,124.64
09/15/2022,127.09,"2,071,353",128.14,129.15,127.0
09/14/2022,128.04,"2,941,801",127.4,128.59,127.13
09/13/2022,126.71,"3,045,234",127.74,128.755,126.51
09/12/2022,129.1,"2,445,608",128.67,129.765,127.515
09/09/2022,128.68,"2,544,321",128.45,129.0,127.39
09/08/2022,129.22,"1,998,701",126.95,129.24,125.87
09/07/2022,127.2,"2,448,834",122.71,127.35,121.96
09/06/2022,122.48,"2,219,788",122.48,123.89,122.0
09/02/2022,122.41,"1,826,456",124.42,125.42,121.86
09/01/2022,123.7,"2,382,558",122.65,124.19,122.3431
08/31/2022,122.65,"2,103,898",124.63,125.09,122.57
08/30/2022,124.24,"1,526,092",124.69,125.16,123.86
08/29/2022,125.02,"1,591,899",124.96,126.24,123.9708
08/26/2022,125.16,"1,827,279",126.43,126.75,125.09
08/25/2022,126.43,"1,192,163",125.98,126.5,125.39
08/24/2022,125.48,"1,567,883",124.1,125.76,123.78
08/23/2022,124.4,"1,757,357",125.67,126.03,124.34
08/22/2022,125.94,"1,584,411",127.18,127.65,125.745
08/19/2022,127.48,"2,058,718",128.09,128.175,127.0951
08/18/2022,128.21,"2,241,010",127.12,128.58,126.97
08/17/2022,127.06,"4,100,017",122.49,127.425,122.13
08/16/2022,122.49,"1,916,166",121.64,122.7708,121.445
08/15/2022,122.01,"1,690,047",120.93,122.18,120.33
08/12/2022,121.77,"1,619,342",120.84,121.8,120.715
08/11/2022,120.46,"2,376,863",121.33,122.145,120.26
08/10/2022,120.89,"2,189,484",120.72,120.97,119.8425
08/09/2022,119.66,"1,583,772",119.28,120.24,119.0173
08/08/2022,118.49,"1,574,144",118.59,119.38,118.13
08/05/2022,118.28,"1,525,697",116.49,118.3996,116.04
08/04/2022,116.78,"2,628,721",114.84,117.44,114.49
08/03/2022,114.75,"2,378,428",113.66,115.0,111.32
08/02/2022,113.19,"3,281,314",112.89,115.035,112.36
08/01/2022,113.26,"2,294,003",114.5,115.0525,112.43
07/29/2022,115.06,"2,750,325",114.42,115.41,114.34
07/28/2022,114.19,"2,078,942",113.98,114.72,111.61
07/27/2022,113.12,"1,463,993",112.7,113.65,111.88
07/26/2022,112.59,"1,925,857",112.64,113.39,111.945
07/25/2022,112.64,"2,247,843",111.77,112.98,111.59
07/22/2022,111.19,"1,697,854",111.58,112.27,110.75
07/21/2022,111.29,"3,277,394",110.96,112.12,109.415
07/20/2022,111.34,"2,801,628",112.49,112.76,110.3416
07/19/2022,111.96,"3,118,700",111.26,112.34,110.5
07/18/2022,110.29,"3,808,554",116.2,116.4635,110.08
07/15/2022,116.08,"7,515,751",115.2,116.72,113.74
07/14/2022,112.33,"4,881,129",114.83,115.37,111.13
07/13/2022,117.42,"3,411,008",116.55,118.94,116.23
07/12/2022,117.05,"2,484,243",119.35,119.57,116.5
07/11/2022,120.32,"2,338,336",119.89,120.93,119.78
07/08/2022,120.38,"2,801,957",120.87,121.6,120.2
07/07/2022,120.62,"3,006,870",120.86,122.235,120.07
07/06/2022,120.04,"3,466,558",117.0,120.445,116.76
07/05/2022,117.14,"2,518,064",117.49,117.88,114.79
07/01/2022,118.48,"2,895,186",116.39,118.95,115.7
06/30/2022,116.27,"3,913,778",113.06,116.4,112.25
06/29/2022,113.64,"2,177,521",116.06,116.775,113.51
06/28/2022,115.42,"3,272,272",117.24,118.36,115.27
06/27/2022,116.56,"1,938,369",115.94,116.855,114.99
06/24/2022,115.99,"10,282,350",111.38,116.37,110.61
06/23/2022,109.75,"3,162,007",112.5,112.98,108.64
06/22/2022,111.85,"2,463,988",111.37,113.315,111.09
06/21/2022,112.18,"2,918,239",110.93,112.48,110.4
06/17/2022,109.56,"4,699,609",110.24,111.08,108.86
06/16/2022,110.21,"2,304,964",111.02,111.99,109.84
06/15/2022,112.57,"2,280,043",113.05,114.34,111.06
06/14/2022,112.41,"2,595,192",114.02,114.62,111.68
06/13/2022,113.54,"2,852,676",111.72,114.94,111.44
06/10/2022,113.56,"2,020,282",113.8,114.815,112.81
06/09/2022,115.54,"2,344,632",119.45,119.91,115.47
06/08/2022,119.63,"2,159,670",120.86,120.94,118.78
06/07/2022,121.19,"3,117,495",119.3,121.36,118.92
06/06/2022,120.07,"1,992,438",120.27,120.545,119.66
06/03/2022,119.11,"1,575,397",118.5,119.77,118.23
06/02/2022,119.38,"2,131,464",119.38,119.75,117.93
06/01/2022,118.47,"2,979,444",119.05,119.36,117.19
05/31/2022,119.38,"8,747,249",119.38,120.48,118.17
05/27/2022,120.34,"3,107,949",117.02,120.38,116.6
05/26/2022,116.81,"3,339,706",116.34,117.575,115.46
05/25/2022,115.62,"4,408,206",114.49,116.76,113.8
05/24/2022,114.73,"2,698,818",112.94,115.06,111.56
05/23/2022,112.94,"2,087,596",112.46,113.8,111.3506
05/20/2022,110.99,"3,812,858",110.77,111.36,108.61
05/19/2022,110.42,"3,130,368",110.79,111.355,108.63
05/18/2022,111.9,"3,545,103",111.09,113.4,109.77
05/17/2022,111.19,"2,947,233",109.95,111.37,107.32
05/16/2022,109.75,"4,149,931",108.49,110.875,108.32
05/13/2022,107.82,"2,253,009",109.56,109.72,107.1
05/12/2022,108.8,"3,275,904",108.01,109.03,106.95
05/11/2022,107.87,"2,404,361",107.77,110.14,107.38
05/10/2022,108.27,"3,449,634",110.17,110.94,107.515
05/09/2022,108.75,"2,743,711",109.5,110.18,107.86
05/06/2022,109.46,"3,653,168",112.0,112.95,108.31
05/05/2022,112.41,"2,202,892",114.98,115.66,111.56
05/04/2022,115.84,"2,960,149",112.59,115.91,111.875
05/03/2022,112.23,"3,121,976",110.55,113.26,110.36
05/02/2022,110.33,"4,227,740",108.16,110.48,107.31
04/29/2022,107.36,"2,771,063",109.66,109.71,107.22
04/28/2022,110.42,"2,696,503",107.69,110.62,106.35
04/27/2022,106.95,"3,365,356",108.83,109.3,106.7
04/26/2022,108.41,"2,502,352",109.51,110.995,108.41
04/25/2022,110.56,"2,662,072",108.19,110.885,107.01
04/22/2022,108.34,"2,263,679",112.57,112.71,108.23
04/21/2022,113.02,"2,824,975",113.59,116.21,112.91
04/20/2022,113.04,"2,147,663",111.64,113.17,111.38
04/19/2022,111.15,"2,639,144",109.56,111.45,108.89
04/18/2022,109.64,"2,221,551",109.59,110.7684,108.9048
04/14/2022,112.11,"3,918,261",112.28,113.28,110.87
04/13/2022,113.91,"2,208,461",115.01,115.61,113.37
04/12/2022,115.3,"2,417,278",117.38,117.89,114.98
04/11/2022,118.43,"2,851,871",118.59,119.09,117.564
04/08/2022,118.51,"3,215,993",119.6,120.17,117.965
04/07/2022,119.53,"5,093,511",117.0,120.085,115.62
04/06/2022,116.87,"2,850,295",114.24,116.95,114.09
04/05/2022,114.23,"1,946,603",114.22,115.91,113.81
04/04/2022,114.1,"2,307,012",115.0,116.07,113.92
04/01/2022,115.19,"1,735,059",114.14,115.33,113.42
03/31/2022,113.99,"3,354,091",117.02,117.58,113.96
03/30/2022,117.17,"1,650,329",116.4,117.19,115.52
03/29/2022,116.19,"1,628,655",117.07,117.32,114.8704
03/28/2022,116.88,"1,836,059",117.0,117.22,115.94
03/25/2022,116.67,"1,965,262",114.2,116.74,114.14
03/24/2022,114.1,"2,185,261",114.28,114.99,113.51
03/23/2022,114.0,"1,935,198",113.44,114.62,112.76
03/22/2022,113.35,"2,316,110",112.87,113.55,111.82
03/21/2022,112.18,"1,977,889",111.78,113.54,110.91
03/18/2022,111.22,"3,946,707",111.08,111.53,109.15
03/17/2022,109.52,"2,261,762",106.22,109.94,105.96
03/16/2022,106.14,"2,716,219",107.4,107.95,104.01
03/15/2022,107.31,"1,776,289",106.64,107.54,105.44
03/14/2022,105.71,"2,019,659",106.87,107.87,105.415
03/11/2022,105.54,"1,652,611",104.51,106.75,104.48
03/10/2022,104.67,"1,943,740",103.84,105.21,103.47
03/09/2022,104.1,"2,447,839",104.43,105.61,102.295
03/08/2022,103.76,"3,411,022",106.43,108.81,103.75
03/07/2022,106.52,"3,138,364",106.16,108.68,105.22
03/04/2022,107.19,"2,018,262",104.02,107.25,103.34
03/03/2022,105.08,"1,797,549",105.34,106.27,104.79
03/02/2022,104.92,"2,181,643",103.26,105.32,103.25
03/01/2022,103.24,"3,738,883",105.23,105.87,103.19
02/28/2022,105.93,"2,841,879",103.73,106.72,103.73
02/25/2022,107.24,"2,206,198",102.64,107.31,102.64
02/24/2022,102.88,"3,184,869",103.43,103.92,100.81
02/23/2022,104.62,"1,964,949",106.65,106.76,104.52
02/22/2022,106.25,"1,991,656",106.82,107.69,105.45
02/18/2022,106.41,"5,612,209",105.14,106.89,104.99
02/17/2022,105.23,"2,347,468",105.84,105.99,104.41
02/16/2022,106.08,"2,490,401",105.68,107.99,105.36
02/15/2022,105.78,"2,224,344",106.71,107.62,105.49
02/14/2022,106.21,"3,541,027",105.36,106.53,104.11
02/11/2022,106.2,"2,925,845",106.3,107.51,105.52
02/10/2022,106.51,"3,173,228",107.82,108.37,106.07
02/09/2022,108.43,"1,735,590",109.0,109.67,108.22
02/08/2022,109.2,"2,552,056",109.52,109.7,108.48
02/07/2022,109.1,"2,229,243",109.33,109.74,108.13
02/04/2022,109.07,"1,895,450",109.49,110.145,108.49
02/03/2022,109.7,"1,974,873",109.7,110.51,108.76
02/02/2022,109.48,"2,330,846",107.79,109.78,107.71
02/01/2022,108.1,"2,646,307",108.25,108.25,106.64
01/31/2022,108.66,"2,589,150",107.86,108.79,106.91
01/28/2022,108.72,"3,020,675",107.95,108.73,106.8518
01/27/2022,107.64,"3,107,656",108.16,110.04,106.96
01/26/2022,107.63,"4,566,778",111.85,111.85,105.28
01/25/2022,109.3,"3,371,547",109.65,110.42,107.7
01/24/2022,109.88,"5,949,734",108.38,111.13,106.86
01/21/2022,108.02,"4,086,789",107.88,108.76,107.57
01/20/2022,107.17,"2,506,969",107.85,108.9,106.9
01/19/2022,107.63,"2,578,384",109.57,109.85,107.51
01/18/2022,109.87,"3,228,422",109.54,109.98,108.02
01/14/2022,109.75,"2,993,685",109.02,109.94,108.54
01/13/2022,109.26,"2,662,552",110.01,110.835,108.96
01/12/2022,109.85,"3,486,932",108.33,110.45,108.33
01/11/2022,108.92,"4,137,560",110.37,110.91,107.48
01/10/2022,110.0,"5,015,076",109.68,110.6781,108.62
01/07/2022,109.18,"4,861,024",105.57,109.29,105.14
01/06/2022,105.25,"3,669,772",104.46,105.405,104.03
01/05/2022,102.89,"2,731,712",102.4,104.045,102.225
01/04/2022,102.16,"2,773,019",102.24,102.62,101.48
01/03/2022,102.0,"2,088,662",102.5,102.83,101.32
12/31/2021,102.65,"1,347,574",103.23,103.69,102.63
12/30/2021,103.05,"1,165,170",104.23,104.656,102.96
12/29/2021,103.97,"1,785,499",103.42,104.59,103.42
12/28/2021,103.35,"1,833,643",103.3,104.07,103.255
12/27/2021,103.32,"1,306,118",101.46,103.34,101.375
12/23/2021,101.25,"2,133,269",101.5,102.21,101.07
12/22/2021,101.16,"1,629,655",101.35,101.35,100.09
12/21/2021,101.22,"3,429,445",102.03,103.1,100.67
12/20/2021,101.52,"2,560,750",100.2,101.67,99.28
12/17/2021,100.97,"5,848,271",101.7,102.3,99.73
12/16/2021,103.02,"4,065,453",101.18,103.77,101.16
12/15/2021,101.81,"5,645,211",98.0,103.17,97.74
12/14/2021,97.14,"2,939,407",96.86,98.0,96.7
12/13/2021,96.69,"3,029,795",94.71,97.29,94.63
12/10/2021,95.06,"2,385,848",95.76,95.91,94.74
12/09/2021,95.25,"2,584,794",94.36,95.575,94.11
12/08/2021,95.12,"2,397,350",96.94,97.28,94.88
12/07/2021,96.81,"2,876,846",97.155,97.42,96.3
12/06/2021,96.79,"2,788,372",96.43,97.13,95.96
12/03/2021,95.22,"2,605,771",96.13,96.31,94.17
12/02/2021,96.0,"2,787,058",93.6,96.88,93.36
12/01/2021,93.13,"2,961,527",93.96,95.36,93.11
11/30/2021,92.94,"6,405,102",94.15,94.66,92.44
11/29/2021,94.97,"2,134,011",95.21,95.62,93.4
11/26/2021,94.59,"1,817,423",94.35,95.905,94.06
11/24/2021,95.64,"2,449,619",94.43,95.905,93.98
11/23/2021,94.52,"3,257,578",92.89,94.745,92.09
11/22/2021,92.05,"2,659,941",90.61,92.84,90.48
11/19/2021,90.3,"2,581,429",90.35,91.23,89.66
11/18/2021,90.72,"2,663,514",90.51,91.78,89.86
11/17/2021,90.73,"4,601,689",93.62,94.14,90.7
11/16/2021,93.88,"2,256,225",94.1,95.08,93.83
11/15/2021,93.98,"2,304,233",96.45,96.49,93.71
11/12/2021,96.17,"1,778,882",96.02,96.44,95.3
11/11/2021,95.86,"1,566,873",95.11,96.11,94.89
11/10/2021,95.71,"1,693,984",95.5,96.25,95.24
11/09/2021,95.45,"2,807,868",96.01,96.36,94.725
11/08/2021,96.41,"2,074,445",95.94,96.61,95.54
11/05/2021,95.84,"2,170,212",94.86,96.68,94.59
11/04/2021,94.57,"3,018,366",94.72,95.97,94.13
11/03/2021,95.15,"2,139,654",94.48,95.5,93.81
11/02/2021,94.62,"2,053,921",94.92,94.94,94.21
11/01/2021,94.7,"1,945,385",94.84,95.09,93.08
10/29/2021,94.88,"2,128,165",95.89,95.985,94.67
10/28/2021,95.69,"1,314,999",94.55,95.82,94.42
10/27/2021,94.3,"1,739,304",96.52,96.52,94.2
10/26/2021,96.25,"1,989,675",96.41,96.9,96.14
10/25/2021,96.35,"2,235,521",95.63,96.65,95.21
10/22/2021,95.62,"2,542,795",94.89,96.49,94.68
10/21/2021,94.63,"3,149,827",94.71,94.79,93.295
10/20/2021,94.5,"2,562,084",92.93,94.54,92.815
10/19/2021,92.62,"2,674,140",90.88,92.73,90.6
10/18/2021,90.34,"2,419,356",90.99,91.05,89.94
10/15/2021,91.25,"3,179,671",90.53,92.27,89.88
10/14/2021,90.01,"3,635,121",90.25,91.1788,89.35
10/13/2021,90.82,"1,887,916",90.43,90.93,89.5
10/12/2021,90.52,"2,356,694",91.21,91.45,89.97
10/11/2021,91.2,"1,842,101",91.07,92.43,91.07
10/08/2021,90.93,"2,023,645",91.25,91.735,90.32
10/07/2021,91.14,"3,075,224",92.66,93.33,91.07
10/06/2021,92.27,"2,269,736",91.01,92.4,90.68
10/05/2021,91.26,"2,973,346",90.95,91.655,90.48
10/04/2021,90.31,"2,831,078",90.9,91.5,89.92
10/01/2021,90.94,"2,685,782",90.7,91.64,89.68
09/30/2021,90.39,"2,472,874",91.51,92.015,90.35
09/29/2021,91.14,"2,531,324",89.73,91.99,89.73
09/28/2021,90.35,"3,803,847",90.65,91.0,89.88
09/27/2021,90.68,"2,154,998",91.46,92.29,90.65
09/24/2021,91.56,"1,690,076",91.93,92.29,91.3
09/23/2021,91.57,"2,424,553",92.27,92.48,91.48
09/22/2021,92.04,"1,894,868",92.75,92.76,91.82
09/21/2021,92.07,"1,882,078",92.39,93.26,92.03
09/20/2021,92.21,"2,250,407",91.94,92.47,91.14
09/17/2021,92.61,"4,029,654",92.67,92.96,92.171
09/16/2021,92.99,"1,482,103",93.37,93.37,92.54
09/15/2021,93.31,"2,546,211",93.31,93.71,92.62
09/14/2021,93.2,"2,455,915",93.91,94.23,92.91
09/13/2021,94.0,"2,506,698",93.65,94.34,92.97
09/10/2021,93.12,"1,943,187",93.27,93.765,92.35
09/09/2021,93.22,"2,095,846",94.18,94.47,93.19
09/08/2021,94.29,"2,279,778",94.26,94.74,94.05
09/07/2021,94.26,"1,803,517",95.73,95.9,94.13
09/03/2021,96.23,"1,405,349",96.17,96.68,95.5
09/02/2021,96.35,"2,193,893",96.44,97.05,95.98
09/01/2021,96.41,"1,872,277",96.24,96.63,95.19
08/31/2021,96.34,"2,547,139",96.34,97.3,96.05
08/30/2021,96.15,"1,922,744",97.57,97.73,96.04
08/27/2021,97.49,"2,913,320",96.55,97.65,96.02
08/26/2021,96.23,"2,663,876",96.16,96.47,95.75
08/25/2021,96.22,"1,669,920",96.54,97.0,96.15
08/24/2021,96.63,"1,601,095",97.39,97.79,96.275
08/23/2021,97.29,"1,898,478",97.37,98.21,97.24
08/20/2021,97.57,"3,638,810",96.37,98.61,95.945
08/19/2021,96.2,"1,750,409",95.47,96.97,95.3373
08/18/2021,95.57,"3,890,089",94.94,96.27,94.39
08/17/2021,95.67,"3,631,895",96.5,96.53,94.56
08/16/2021,97.1,"3,565,154",95.69,97.22,95.23
08/13/2021,96.12,"1,413,398",97.07,97.17,96.01
08/12/2021,96.94,"1,803,137",97.1,97.47,96.53
08/11/2021,97.09,"2,050,723",96.5,97.15,95.7789
08/10/2021,96.35,"2,120,450",96.95,97.38,96.26
08/09/2021,97.12,"1,522,062",97.17,97.59,96.71
08/06/2021,96.92,"3,067,688",95.88,97.44,95.4
08/05/2021,95.42,"2,403,014",95.59,95.59,94.165
08/04/2021,95.35,"1,871,120",96.35,96.36,95.24
08/03/2021,96.61,"2,069,866",95.52,96.79,95.01
08/02/2021,95.04,"1,510,599",95.64,96.24,94.94
07/30/2021,95.16,"2,355,115",95.66,96.01,94.85
07/29/2021,95.76,"1,867,218",94.97,96.09,94.72
07/28/2021,94.52,"2,894,779",95.88,95.95,94.49
07/27/2021,95.88,"2,216,084",94.41,96.25,93.98
07/26/2021,94.64,"1,836,135",94.4,94.965,94.28
07/23/2021,94.73,"2,095,693",93.69,94.82,93.45
07/22/2021,93.4,"3,876,788",93.82,93.895,92.92
07/21/2021,94.01,"2,576,104",94.51,95.4,93.95
07/20/2021,94.42,"3,198,126",94.83,96.0,94.04
07/19/2021,94.57,"3,959,619",95.29,95.7,93.66
07/16/2021,96.18,"4,555,933",93.41,96.31,92.9675
07/15/2021,94.95,"7,070,212",90.0,95.5,89.6
07/14/2021,97.45,"2,377,759",98.0,98.62,96.6444
07/13/2021,97.79,"3,251,021",99.55,99.65,97.72
07/12/2021,99.88,"2,487,452",99.5,100.35,98.92
07/09/2021,99.63,"3,426,354",99.9,101.37,98.98
07/08/2021,98.49,"3,565,771",98.21,99.45,97.925
07/07/2021,99.11,"2,300,635",97.64,99.52,97.46
07/06/2021,97.86,"2,659,349",98.86,98.9,97.03
07/02/2021,98.97,"1,873,605",98.97,99.23,98.44
07/01/2021,98.84,"2,436,986",98.52,99.49,97.93
06/30/2021,98.21,"2,570,824",98.49,98.86,98.02
06/29/2021,98.44,"2,569,296",97.7,98.765,97.65
06/28/2021,97.33,"2,395,838",96.77,97.94,96.38
06/25/2021,96.85,"5,359,099",95.88,96.98,95.46
06/24/2021,95.69,"2,643,459",95.32,95.85,94.9
06/23/2021,94.92,"1,923,167",94.91,95.59,94.6
06/22/2021,94.95,"2,381,404",94.56,95.41,94.385
06/21/2021,94.6,"4,757,246",92.71,94.79,92.7
06/18/2021,92.31,"9,156,010",90.78,92.48,90.215
06/17/2021,91.84,"4,415,888",92.86,93.2392,91.02
06/16/2021,92.92,"4,435,868",93.21,94.48,92.1301
06/15/2021,93.76,"3,447,552",93.28,94.085,92.27
06/14/2021,93.12,"3,646,977",93.24,93.4,92.3
06/11/2021,93.6,"2,641,236",94.29,94.425,93.25
06/10/2021,94.02,"3,269,462",95.06,95.74,93.41
06/09/2021,94.82,"2,628,785",95.88,96.25,94.79
06/08/2021,95.86,"3,198,662",96.41,96.65,95.43
06/07/2021,96.39,"4,923,890",98.75,98.75,95.9
06/04/2021,100.36,"1,318,244",100.26,100.56,99.555
06/03/2021,99.96,"2,051,943",100.24,101.14,99.955
06/02/2021,100.47,"2,447,773",99.58,100.66,98.35
06/01/2021,99.31,"2,071,505",99.46,100.32,98.52
05/28/2021,99.08,"2,109,041",99.71,100.06,99.04
05/27/2021,99.15,"4,817,258",98.72,99.29,97.9
05/26/2021,98.4,"3,201,565",98.23,99.02,97.42
05/25/2021,97.28,"3,001,807",96.71,98.175,96.45
05/24/2021,97.46,"3,506,377",99.22,100.1,97.18
05/21/2021,99.14,"3,469,017",102.06,102.34,99.1
05/20/2021,102.04,"3,446,070",99.17,102.83,99.0
05/19/2021,101.0,"5,700,957",105.35,105.7,99.605
05/18/2021,105.98,"1,787,083",106.39,106.67,105.46
05/17/2021,106.56,"1,437,084",107.1,107.53,106.42
05/14/2021,107.1,"1,573,908",106.51,107.585,106.2825
05/13/2021,106.05,"2,210,974",104.4,106.81,104.06
05/12/2021,104.76,"2,683,581",105.1,105.99,104.6
05/11/2021,105.08,"3,404,340",107.44,107.44,104.75
05/10/2021,105.74,"2,265,024",105.57,107.15,105.52
05/07/2021,105.18,"2,158,287",103.8,105.42,103.45
05/06/2021,104.2,"2,167,354",104.5,104.79,103.81
05/05/2021,103.8,"1,789,022",103.14,104.055,102.55
05/04/2021,103.13,"3,055,819",102.31,103.17,102.08
05/03/2021,102.56,"2,182,265",101.79,102.95,101.03
04/30/2021,100.74,"2,364,347",101.78,102.2388,100.67
04/29/2021,101.95,"1,724,033",100.4,102.04,100.36
04/28/2021,100.36,"1,386,821",100.38,100.6,99.42
04/27/2021,99.91,"1,480,906",99.72,100.07,99.4301
04/26/2021,99.86,"2,702,385",100.82,101.04,99.75
04/23/2021,100.76,"1,788,541",100.26,101.0,99.94
04/22/2021,100.15,"1,621,113",100.73,100.92,99.52
04/21/2021,101.21,"2,412,871",100.37,101.31,100.0
04/20/2021,99.79,"1,606,482",99.39,100.56,99.195
04/19/2021,99.29,"2,000,135",98.51,99.36,97.36
04/16/2021,98.76,"4,278,511",100.26,100.61,98.68
04/15/2021,100.4,"4,481,298",97.74,101.49,97.51
04/14/2021,97.18,"2,194,908",97.21,97.65,96.93
04/13/2021,97.29,"3,404,034",96.3,97.9,96.06
04/12/2021,96.43,"2,537,583",95.8,96.47,95.42
04/09/2021,95.68,"2,197,029",95.55,95.97,95.12
04/08/2021,94.98,"2,319,532",95.69,96.17,94.2038
04/07/2021,95.86,"2,146,611",95.49,96.225,95.23
04/06/2021,95.43,"2,478,470",96.79,96.86,95.22
04/05/2021,96.72,"2,139,570",95.9,97.29,95.81
04/01/2021,95.55,"2,487,909",95.45,95.84,94.75
03/31/2021,95.61,"3,383,039",95.55,95.68,94.69
03/30/2021,95.55,"2,162,230",96.03,96.37,94.81
03/29/2021,96.2,"2,410,475",95.03,96.98,94.12
03/26/2021,95.25,"2,874,885",94.34,95.47,93.835
03/25/2021,94.23,"4,315,905",93.05,94.515,92.65
03/24/2021,92.49,"3,203,815",90.87,93.88,90.25
03/23/2021,90.75,"1,936,087",89.98,91.35,89.98
03/22/2021,90.13,"1,684,135",90.27,91.26,89.79
03/19/2021,90.94,"5,568,739",90.78,91.59,89.53
03/18/2021,90.35,"2,491,869",91.4,91.44,90.01
03/17/2021,91.1,"3,543,570",91.3,92.8099,90.29
03/16/2021,93.37,"1,955,012",92.79,93.54,92.04
03/15/2021,93.38,"1,869,668",93.33,93.7,92.7
03/12/2021,93.04,"1,766,837",93.34,93.43,92.53
03/11/2021,92.79,"2,998,323",92.12,93.575,91.3
03/10/2021,92.22,"2,869,700",90.43,92.86,90.115
03/09/2021,90.18,"2,919,444",90.48,91.23,90.11
03/08/2021,91.02,"3,192,882",89.52,92.595,88.69
03/05/2021,89.56,"3,341,538",87.95,89.8,86.84
03/04/2021,86.99,"3,305,375",88.68,89.3,86.76
03/03/2021,88.86,"2,788,946",88.41,90.38,87.87
03/02/2021,88.71,"2,911,465",87.77,89.24,87.33
03/01/2021,87.64,"2,193,161",86.48,88.25,86.48
02/26/2021,85.95,"4,540,226",87.61,87.68,85.5
02/25/2021,87.11,"3,552,821",87.74,88.64,86.63
02/24/2021,87.74,"3,659,514",89.75,91.0,87.73
02/23/2021,89.75,"4,797,088",88.44,90.49,88.0
02/22/2021,87.79,"2,646,866",87.0,88.11,86.43
02/19/2021,87.06,"2,580,702",88.45,88.72,87.04
02/18/2021,88.1,"2,920,988",86.28,88.52,86.01
02/17/2021,86.25,"4,094,048",85.08,86.43,85.08
02/16/2021,85.13,"3,846,903",86.5,87.16,84.89
02/12/2021,86.27,"2,326,852",86.0,86.62,85.75
02/11/2021,86.37,"2,475,761",85.61,86.75,85.13
02/10/2021,85.53,"3,265,321",86.79,86.97,85.04
02/09/2021,86.27,"4,551,510",86.44,86.855,85.33
02/08/2021,86.17,"3,958,323",87.92,88.02,85.9
02/05/2021,87.47,"2,216,318",88.33,88.95,87.45
02/04/2021,88.14,"3,279,967",86.95,88.22,86.31
02/03/2021,86.96,"2,726,316",86.17,87.09,85.88
02/02/2021,86.75,"3,261,257",86.94,88.27,86.55
02/01/2021,86.19,"5,151,698",87.49,88.12,85.47
01/29/2021,87.19,"4,756,746",88.18,89.07,86.72
01/28/2021,88.49,"6,292,494",87.52,89.7,86.8
01/27/2021,87.04,"4,866,917",90.79,91.33,86.71
01/26/2021,91.72,"2,595,764",92.53,92.83,91.14
01/25/2021,92.42,"3,119,588",92.27,93.59,91.38
01/22/2021,92.31,"2,688,327",94.0,94.27,92.3
01/21/2021,94.26,"1,695,304",96.15,96.64,94.26
01/20/2021,96.06,"1,474,935",95.94,96.85,95.33
01/19/2021,96.19,"3,463,315",95.0,97.145,94.25
01/15/2021,94.8,"3,053,270",93.45,95.01,92.87
01/14/2021,93.45,"1,602,326",95.31,95.61,93.36
01/13/2021,94.93,"2,072,529",95.08,95.51,94.42
01/12/2021,95.07,"2,090,188",94.87,96.04,94.54
01/11/2021,95.09,"1,759,696",94.21,95.13,93.87
01/08/2021,94.5,"1,685,399",92.99,94.85,92.8366
01/07/2021,94.74,"2,698,279",94.54,95.33,94.09
01/06/2021,98.79,"2,833,646",96.6,98.91,96.0
01/05/2021,96.95,"2,623,234",97.44,97.63,95.21
01/04/2021,97.13,"2,485,336",97.58,98.22,95.93
12/31/2020,98.88,"1,440,170",97.82,98.94,97.25
12/30/2020,97.41,"1,477,859",98.29,98.5,97.3
12/29/2020,97.69,"1,221,706",98.49,98.94,97.58
12/28/2020,98.12,"1,338,798",98.72,98.96,97.2
12/24/2020,98.31,"724,657",97.4,98.46,97.265
12/23/2020,97.51,"3,062,721",98.68,98.85,97.33
12/22/2020,97.99,"1,751,030",97.7,98.66,97.54
12/21/2020,97.94,"2,486,158",96.84,98.07,95.68
12/18/2020,96.95,"5,330,301",96.36,97.26,95.66
12/17/2020,96.31,"3,615,392",96.66,98.56,96.12
12/16/2020,96.36,"2,446,175",97.17,98.03,95.64
12/15/2020,96.69,"2,876,953",94.61,96.71,94.5
12/14/2020,94.1,"2,608,082",94.63,96.06,94.09
12/11/2020,94.39,"1,968,103",93.84,95.06,93.84
12/10/2020,94.2,"3,402,719",93.57,94.62,92.72
12/09/2020,93.6,"2,833,617",92.32,93.93,92.12
12/08/2020,92.84,"4,211,786",88.91,94.4,88.7
12/07/2020,90.25,"3,141,846",90.51,91.32,89.44
12/04/2020,89.52,"2,229,099",88.29,89.6,87.545
12/03/2020,88.3,"3,240,665",88.61,89.3,87.78
12/02/2020,89.2,"2,524,509",89.95,90.94,88.78
12/01/2020,89.16,"3,097,981",87.85,89.21,87.63
11/30/2020,87.11,"4,022,304",88.5,88.66,86.22
11/27/2020,88.43,"1,113,468",88.89,89.465,87.21
11/25/2020,89.4,"2,250,170",88.75,89.46,88.03
11/24/2020,88.63,"5,955,151",91.08,91.5,87.46
11/23/2020,92.93,"2,492,601",93.13,93.49,92.03
11/20/2020,93.14,"2,562,339",94.5,95.03,92.84
11/19/2020,94.27,"2,129,648",93.56,94.89,93.01
11/18/2020,94.45,"1,942,011",94.69,95.45,93.88
11/17/2020,94.93,"2,272,625",95.1,95.64,93.75
11/16/2020,95.9,"2,291,244",94.96,96.24,94.96
11/13/2020,95.66,"2,018,875",95.0,95.96,94.53
11/12/2020,94.68,"2,740,321",93.09,94.83,92.33
11/11/2020,92.72,"2,612,707",93.2,94.18,92.09
11/10/2020,92.65,"4,402,526",90.82,93.37,88.67
11/09/2020,90.39,"5,748,834",99.82,100.34,90.37
11/06/2020,97.91,"1,976,843",97.91,98.48,96.53
11/05/2020,97.29,"2,268,511",96.82,98.04,96.02
11/04/2020,95.86,"2,979,399",94.01,97.54,94.01
11/03/2020,94.47,"2,678,690",94.68,96.18,94.16
11/02/2020,94.4,"1,913,922",93.09,94.66,92.58
10/30/2020,91.9,"2,205,577",90.97,92.09,90.11
10/29/2020,91.06,"2,176,823",91.52,91.98,90.08
10/28/2020,91.57,"1,978,500",92.5,93.49,91.14
10/27/2020,93.8,"1,505,476",93.92,94.8,93.55
10/26/2020,93.84,"1,699,973",93.88,94.51,92.58
10/23/2020,94.62,"1,562,571",94.56,95.17,94.315
10/22/2020,94.39,"1,918,242",93.35,95.215,92.87
10/21/2020,93.6,"2,098,530",94.85,95.78,93.33
10/20/2020,94.59,"1,934,682",96.42,96.73,94.23
10/19/2020,95.78,"1,459,949",97.45,97.8,95.48
10/16/2020,96.52,"2,815,676",98.18,98.18,96.17
10/15/2020,97.51,"2,740,769",96.14,99.06,96.0135
10/14/2020,99.65,"2,107,837",100.57,102.0,99.56
10/13/2020,100.27,"2,206,865",101.35,102.05,99.96
10/12/2020,101.38,"2,081,191",99.99,101.51,99.48
10/09/2020,99.88,"1,919,552",98.04,99.9,97.68
10/08/2020,97.97,"1,392,953",96.79,98.02,96.31
10/07/2020,96.41,"2,305,569",95.25,97.0,95.25
10/06/2020,95.12,"1,971,317",96.1,96.38,94.45
10/05/2020,95.98,"1,325,172",95.18,96.075,94.28
10/02/2020,94.21,"1,586,944",92.87,95.3,92.4
10/01/2020,93.46,"2,006,342",95.08,95.44,92.72
09/30/2020,94.67,"3,119,620",94.375,94.99,93.49
09/29/2020,94.15,"1,744,740",94.13,94.77,93.59
09/28/2020,93.98,"1,826,941",93.56,94.965,93.25
09/25/2020,92.6,"1,676,776",91.32,92.82,91.2
09/24/2020,92.2,"1,810,422",91.73,92.91,90.89
09/23/2020,91.19,"2,881,259",94.44,94.7,91.14
09/22/2020,94.42,"2,923,131",96.71,97.81,93.48
09/21/2020,97.36,"2,740,777",95.69,97.38,95.36
09/18/2020,96.86,"3,894,584",95.12,97.52,94.94
09/17/2020,95.43,"2,322,295",94.39,95.99,93.81
09/16/2020,95.08,"1,808,456",95.89,96.25,95.05
09/15/2020,95.08,"1,764,153",96.37,96.9,94.94
09/14/2020,96.26,"1,838,728",95.68,96.58,95.37
09/11/2020,94.98,"1,494,686",94.3,95.67,94.18
09/10/2020,94.35,"1,912,046",94.47,95.59,94.15
09/09/2020,94.67,"1,826,886",92.34,95.4096,92.34
09/08/2020,91.81,"2,398,180",93.09,93.09,90.625
09/04/2020,92.94,"2,059,469",93.99,95.05,92.425
09/03/2020,93.29,"2,378,030",95.59,96.2,92.66
09/02/2020,95.0,"1,774,056",94.11,95.365,93.2501
09/01/2020,93.87,"2,426,199",94.8,95.29,93.075
08/31/2020,95.04,"2,169,154",93.71,95.35,93.1
08/28/2020,93.68,"1,425,815",93.68,93.82,93.115
08/27/2020,93.31,"1,407,342",92.49,93.9,92.49
08/26/2020,92.17,"1,603,644",92.07,92.735,91.52
08/25/2020,92.77,"2,443,850",92.45,93.03,91.72
08/24/2020,92.0,"2,535,029",92.0,92.34,91.43
08/21/2020,91.82,"2,085,578",91.22,91.9941,90.81
08/20/2020,90.84,"1,663,186",90.28,91.05,90.09
08/19/2020,90.41,"2,728,041",90.16,91.02,89.95
08/18/2020,89.74,"1,510,248",88.96,89.96,88.9
08/17/2020,88.83,"1,709,131",88.55,89.78,88.47
08/14/2020,88.97,"1,731,176",89.0,89.5572,88.6
08/13/2020,89.04,"1,994,849",88.38,89.05,87.93
08/12/2020,89.01,"2,058,888",90.03,90.48,88.72
08/11/2020,89.02,"2,468,168",90.93,91.12,88.87
08/10/2020,90.12,"2,410,688",90.99,91.14,89.71
08/07/2020,90.73,"1,735,406",89.31,90.77,89.31
08/06/2020,89.61,"2,514,610",90.7,91.38,88.91
08/05/2020,90.62,"2,446,491",91.03,91.81,90.555
08/04/2020,90.25,"2,198,087",89.58,90.47,89.43
08/03/2020,89.89,"2,134,399",90.7,91.23,89.65
07/31/2020,90.34,"4,016,496",88.2,90.41,88.11
07/30/2020,88.52,"2,119,893",87.89,89.325,87.68
07/29/2020,88.92,"1,880,520",87.01,89.26,87.01
07/28/2020,87.42,"2,470,202",87.53,87.83,86.66
07/27/2020,87.3,"2,060,079",87.84,88.3,86.8
07/24/2020,87.86,"2,204,357",88.86,89.165,87.51
07/23/2020,88.64,"1,999,907",89.97,90.72,88.34
07/22/2020,90.14,"1,789,059",89.15,90.22,88.52
07/21/2020,88.85,"1,712,591",88.05,89.39,88.05
07/20/2020,88.13,"1,825,413",87.7,88.41,87.43
07/17/2020,87.63,"2,659,045",87.36,87.76,86.39
07/16/2020,87.11,"2,652,358",85.85,87.59,85.72
07/15/2020,85.89,"3,965,169",85.0,86.49,84.35
07/14/2020,84.5,"6,820,732",80.63,84.51,80.45
07/13/2020,80.33,"2,266,415",80.92,81.32,79.6802
07/10/2020,80.76,"2,313,792",78.27,80.96,78.25
07/09/2020,77.79,"2,764,986",77.38,77.97,76.16
07/08/2020,77.37,"3,326,515",78.06,78.5,76.32
07/07/2020,78.02,"2,559,719",79.1,79.25,77.72
07/06/2020,79.42,"2,312,855",80.19,80.49,79.19
07/02/2020,79.23,"2,493,819",80.49,80.49,78.8
07/01/2020,79.8,"2,970,042",79.96,80.8,79.64
06/30/2020,80.11,"2,597,997",78.5,80.5,78.41
06/29/2020,78.4,"2,806,329",78.12,79.26,77.875
06/26/2020,77.89,"3,733,595",79.18,80.29,77.35
06/25/2020,79.9,"2,242,569",77.41,79.97,77.26
06/24/2020,77.29,"3,611,633",79.39,79.68,77.18
06/23/2020,80.06,"1,786,390",81.52,81.93,79.98
06/22/2020,80.82,"1,869,976",80.54,81.725,80.28
06/19/2020,80.99,"4,509,782",83.16,83.16,79.89
06/18/2020,80.87,"2,863,510",78.91,81.65,78.59
06/17/2020,79.21,"2,714,127",80.82,81.26,79.151
06/16/2020,80.43,"3,456,165",81.19,81.6,78.91
06/15/2020,79.29,"3,258,666",75.38,79.51,75.25
06/12/2020,76.6,"2,344,430",77.41,78.27,75.0
06/11/2020,75.92,"3,302,477",78.77,79.18,75.82
06/10/2020,80.28,"2,413,791",80.81,81.835,79.94
06/09/2020,81.02,"2,468,568",81.0,81.56,80.2
06/08/2020,81.51,"3,052,283",81.53,81.69,80.49
06/05/2020,81.87,"3,837,965",80.33,82.7,78.78
06/04/2020,78.8,"2,766,445",78.59,78.97,77.57
06/03/2020,79.11,"2,288,448",79.83,79.83,78.3
06/02/2020,79.08,"2,205,154",78.57,79.28,78.29
06/01/2020,78.34,"1,749,282",77.75,78.88,77.22
05/29/2020,77.68,"4,412,423",76.77,77.88,76.45
05/28/2020,76.59,"2,613,762",77.32,77.46,75.91
05/27/2020,76.47,"4,687,927",75.32,77.32,74.065
05/26/2020,74.13,"5,212,724",75.9,76.365,73.66
05/22/2020,74.72,"2,165,979",75.16,75.74,74.27
05/21/2020,75.02,"3,899,842",74.52,75.455,72.71
05/20/2020,74.89,"2,902,941",76.42,76.75,74.65
05/19/2020,75.87,"2,610,530",76.1,77.86,75.83
05/18/2020,76.62,"3,360,503",77.32,77.83,75.63
05/15/2020,76.21,"5,593,003",73.61,76.44,72.71
05/14/2020,73.74,"4,001,810",72.27,73.85,71.92
05/13/2020,72.76,"3,968,678",71.82,73.51,71.25
05/12/2020,72.19,"3,300,758",73.36,73.515,71.6
05/11/2020,73.17,"2,808,299",73.65,74.04,73.015
05/08/2020,74.27,"4,333,816",75.75,75.93,73.93
05/07/2020,74.93,"3,725,317",77.0,77.5,74.19
05/06/2020,76.19,"2,548,699",78.61,78.8,75.92
05/05/2020,78.04,"2,475,826",76.03,78.59,76.03
05/04/2020,75.85,"2,928,818",75.87,76.07,74.81
05/01/2020,76.18,"2,869,109",76.4,77.16,75.51
04/30/2020,77.3,"3,852,553",78.8,79.38,76.86
04/29/2020,79.8,"4,780,564",81.76,81.76,79.32
04/28/2020,81.14,"3,263,959",83.59,83.83,80.97
04/27/2020,82.96,"5,399,643",83.0,83.3,82.24
04/24/2020,82.87,"2,439,619",82.18,82.97,80.88
04/23/2020,81.61,"2,667,675",82.73,82.73,81.19
04/22/2020,82.49,"2,323,866",82.54,82.84,81.535
04/21/2020,81.25,"4,441,940",80.04,82.52,79.77
04/20/2020,81.94,"2,881,678",81.68,82.2,80.87
04/17/2020,82.5,"3,507,681",81.03,82.91,79.2607
04/16/2020,79.09,"2,877,770",79.12,79.84,77.88
04/15/2020,79.25,"3,223,844",74.31,80.085,72.68
04/14/2020,80.47,"2,912,498",79.07,81.45,78.72
04/13/2020,77.1,"2,625,311",80.0,80.0,76.87
04/09/2020,80.39,"4,811,819",78.91,80.76,78.12
04/08/2020,77.81,"4,076,358",76.1,78.55,74.64
04/07/2020,75.6,"4,580,982",77.88,78.6,75.41
04/06/2020,75.99,"4,435,294",77.75,78.43,74.08
04/03/2020,75.94,"2,745,934",76.23,76.75,74.922
04/02/2020,76.56,"3,836,411",71.87,77.54,71.74
04/01/2020,72.36,"4,397,332",71.36,73.1,70.725
03/31/2020,73.84,"3,865,774",75.39,75.8,73.36
03/30/2020,76.18,"4,367,625",74.17,76.83,73.12
03/27/2020,73.54,"4,481,936",72.77,74.74,71.6
03/26/2020,75.82,"4,861,681",70.86,76.6,70.11
03/25/2020,69.95,"4,536,418",68.99,72.78,68.11
03/24/2020,69.04,"5,913,125",70.17,71.89,67.12
03/23/2020,66.55,"5,880,342",67.0,68.73,62.18
03/20/2020,68.28,"6,943,398",67.2,71.87,65.19
03/19/2020,67.04,"6,030,089",71.35,71.75,66.22
03/18/2020,72.15,"4,979,201",73.28,74.688,68.795
03/17/2020,77.29,"6,868,752",75.11,78.64,72.925
03/16/2020,73.0,"5,809,895",67.52,75.045,66.59
03/13/2020,78.07,"5,919,198",73.43,78.14,71.01
03/12/2020,69.62,"7,255,090",69.77,73.35,68.13
03/11/2020,75.11,"5,388,130",75.54,75.655,73.24
03/10/2020,77.96,"4,653,636",77.26,78.0,74.6
03/09/2020,75.29,"6,472,611",75.42,77.48,73.4
03/06/2020,80.52,"4,836,079",77.93,80.98,77.62
03/05/2020,80.54,"4,157,784",78.78,80.97,78.52
03/04/2020,81.05,"3,717,090",78.03,81.2,77.8
03/03/2020,77.24,"3,930,595",78.69,79.97,76.21
03/02/2020,78.88,"4,671,555",73.6,78.91,73.59
02/28/2020,73.16,"7,029,908",74.88,75.93,71.65
02/27/2020,76.28,"3,188,236",79.14,79.91,76.23
02/26/2020,79.65,"3,293,675",80.41,81.525,79.46
02/25/2020,80.0,"4,476,323",80.93,81.03,79.58
02/24/2020,80.97,"3,660,376",80.15,81.25,79.71
02/21/2020,81.46,"2,730,523",80.62,81.72,80.26
02/20/2020,80.84,"2,835,614",80.72,81.61,80.52
02/19/2020,81.42,"4,417,545",81.73,83.3,80.99
02/18/2020,83.4,"2,719,993",83.78,84.2,83.009
02/14/2020,83.77,"1,709,113",83.86,84.09,83.33
02/13/2020,83.86,"1,689,711",83.2,83.9477,82.855
02/12/2020,83.24,"2,887,747",83.8,83.83,82.12
02/11/2020,83.66,"2,709,365",83.6,84.06,83.33
02/10/2020,83.59,"1,512,479",83.28,83.75,83.2
02/07/2020,83.26,"2,211,883",83.0,83.66,82.67
02/06/2020,83.06,"2,804,962",83.03,83.765,82.73
02/05/2020,83.0,"2,184,470",81.6,83.0,81.37
02/04/2020,80.92,"2,166,868",81.31,81.63,80.6
02/03/2020,80.57,"2,745,540",81.13,82.07,80.35
01/31/2020,80.69,"6,531,323",81.53,82.29,80.495
01/30/2020,81.77,"4,016,651",79.74,81.87,78.95
01/29/2020,80.81,"5,230,497",80.2,81.24,78.28
01/28/2020,76.45,"4,004,074",76.07,76.73,75.89
01/27/2020,75.77,"2,490,018",75.77,76.4432,75.49
01/24/2020,76.75,"1,695,144",76.51,76.86,76.2909
01/23/2020,76.33,"2,190,011",75.71,76.37,75.23
01/22/2020,76.16,"2,167,308",76.58,77.17,76.15
01/21/2020,76.43,"2,686,693",76.04,76.715,75.85
01/17/2020,76.3,"4,265,100",76.04,76.99,75.9
01/16/2020,75.44,"3,180,912",75.81,75.97,74.93
01/15/2020,75.72,"4,078,695",74.19,75.97,74.04
01/14/2020,74.25,"3,191,356",74.82,75.0,74.02
01/13/2020,74.92,"3,795,912",73.7,74.93,73.7
01/10/2020,73.7,"3,650,687",74.0,74.125,73.45
01/09/2020,73.94,"2,199,516",73.5,73.94,73.19
01/08/2020,73.19,"4,073,671",72.92,73.96,72.87
01/07/2020,72.76,"4,868,088",73.0,73.12,72.16
01/06/2020,75.67,"5,897,171",73.89,75.72,73.83
01/03/2020,74.32,"4,155,795",73.52,74.78,73.28
01/02/2020,74.33,"2,880,738",73.92,74.35,73.26
12/31/2019,72.39,"1,724,537",72.32,72.71,71.9
12/30/2019,72.32,"1,298,765",72.22,72.35,71.86
12/27/2019,72.15,"1,570,626",71.93,72.42,71.63
12/26/2019,71.73,"1,612,925",71.76,71.855,71.45
12/24/2019,71.87,"778,163",71.86,72.02,71.62
12/23/2019,71.69,"2,831,895",71.86,71.91,71.1686
12/20/2019,71.76,"5,417,782",72.36,73.56,71.395
12/19/2019,71.11,"2,985,383",71.21,71.55,70.79
12/18/2019,71.3,"2,604,564",72.25,72.47,71.23
12/17/2019,72.0,"5,011,797",71.01,72.26,71.0
12/16/2019,71.1,"4,387,838",71.36,71.68,70.43
12/13/2019,72.17,"3,289,001",72.47,73.41,71.63
12/12/2019,72.69,"3,925,806",71.16,73.08,71.01
12/11/2019,71.16,"7,803,983",69.16,71.19,69.03
12/10/2019,72.85,"3,023,391",73.46,73.77,72.74
12/09/2019,73.34,"3,267,703",72.98,73.52,72.69
12/06/2019,72.98,"2,932,768",72.7,73.15,72.5
12/05/2019,72.44,"3,500,595",72.03,72.52,71.74
12/04/2019,71.84,"2,932,097",70.56,72.025,70.36
12/03/2019,70.65,"2,652,688",71.09,71.36,70.44
12/02/2019,71.65,"2,583,053",73.21,73.21,71.645
11/29/2019,73.05,"1,077,361",73.12,73.4,72.75
11/27/2019,73.14,"1,955,497",73.17,73.57,72.9
11/26/2019,72.94,"6,613,940",71.4,73.06,71.18
11/25/2019,71.5,"2,746,433",71.14,71.74,70.93
11/22/2019,70.83,"2,378,774",70.11,71.0,69.9
11/21/2019,70.09,"3,680,988",70.82,70.82,69.13
11/20/2019,70.53,"3,507,975",71.28,71.53,70.41
11/19/2019,71.56,"3,054,618",71.74,72.03,70.955
11/18/2019,71.23,"3,978,033",71.67,72.47,70.58
11/15/2019,72.9,"3,052,139",73.14,73.36,72.52
11/14/2019,72.95,"3,657,354",71.5,73.01,71.3303
11/13/2019,71.67,"4,803,309",72.96,73.39,71.67
11/12/2019,74.46,"4,094,974",73.7,74.47,73.56
11/11/2019,73.73,"2,722,609",73.17,73.77,72.8
11/08/2019,73.67,"5,196,906",72.38,74.04,72.38
11/07/2019,72.56,"8,525,225",71.11,72.78,71.04
11/06/2019,70.93,"3,513,210",69.01,71.115,68.91
11/05/2019,68.9,"4,109,979",68.99,69.65,68.86
11/04/2019,68.82,"3,056,669",70.22,70.33,68.75
11/01/2019,69.78,"2,268,011",70.12,70.21,69.13
10/31/2019,69.7,"2,400,195",69.17,69.75,68.95
10/30/2019,69.38,"2,780,330",69.72,69.72,68.6
10/29/2019,69.79,"2,834,407",68.55,69.91,68.55
10/28/2019,68.82,"2,213,206",69.38,69.62,68.68
10/25/2019,69.3,"1,993,126",69.66,69.76,69.06
10/24/2019,69.59,"4,214,120",68.63,70.08,68.47
10/23/2019,68.4,"3,884,756",68.82,69.26,67.945
10/22/2019,68.77,"4,383,565",69.79,70.12,68.29
10/21/2019,70.0,"4,944,524",70.48,70.54,69.67
10/18/2019,70.2,"3,872,131",71.34,71.64,70.18
10/17/2019,71.47,"6,074,818",73.54,73.85,71.235
10/16/2019,72.87,"7,430,927",71.02,73.47,69.38
10/15/2019,74.97,"3,860,917",75.87,75.97,74.72
10/14/2019,75.71,"1,375,982",75.19,75.935,75.0
10/11/2019,75.22,"3,625,820",75.34,76.09,75.17
10/10/2019,74.76,"2,945,870",74.92,75.72,74.7
10/09/2019,75.01,"2,128,714",75.0,75.18,74.58
10/08/2019,74.4,"2,995,245",75.3,75.51,74.37
10/07/2019,75.76,"2,133,997",76.74,76.79,75.67
10/04/2019,76.9,"1,959,203",75.49,77.05,75.45
10/03/2019,75.39,"2,444,682",75.06,75.545,74.63
10/02/2019,74.99,"3,667,723",75.58,75.93,74.55
10/01/2019,75.93,"2,926,886",77.59,77.8299,75.76
09/30/2019,77.25,"2,892,708",77.27,77.74,76.73
09/27/2019,77.1,"4,643,734",77.29,77.46,76.42
09/26/2019,77.03,"4,500,720",76.95,77.235,76.58
09/25/2019,76.91,"2,940,260",76.71,77.11,75.71
09/24/2019,76.56,"4,437,688",76.68,77.32,75.95
09/23/2019,76.38,"3,192,991",75.61,76.62,75.6
09/20/2019,76.01,"5,368,935",75.91,76.61,75.23
09/19/2019,75.78,"3,504,013",75.11,76.1956,74.92
09/18/2019,75.18,"3,634,426",74.21,75.21,73.51
09/17/2019,74.02,"3,757,919",73.53,74.21,73.21
09/16/2019,73.4,"3,769,054",72.68,73.83,72.31
09/13/2019,72.68,"13,251,870",73.51,73.91,71.1664
09/12/2019,76.98,"2,226,820",76.76,77.485,76.215
09/11/2019,76.28,"1,997,953",76.08,76.46,75.61
09/10/2019,76.13,"2,869,020",76.74,76.76,75.4
09/09/2019,76.74,"1,738,250",77.98,77.98,76.7
09/06/2019,77.39,"2,509,288",76.73,77.86,76.54
09/05/2019,76.53,"3,631,125",77.11,77.6,76.328
09/04/2019,76.26,"1,441,673",75.98,76.42,75.71
09/03/2019,75.62,"2,024,337",75.11,76.21,74.91
08/30/2019,75.8,"1,897,142",76.47,76.8,75.24
08/29/2019,75.79,"3,340,438",75.28,76.08,74.85
08/28/2019,74.86,"1,621,055",74.69,75.24,74.28
08/27/2019,74.96,"2,315,081",76.24,76.465,74.96
08/26/2019,75.79,"1,844,876",75.63,75.9,74.68
08/23/2019,75.15,"2,249,396",76.96,77.97,74.67
08/22/2019,77.07,"2,328,653",77.56,78.15,76.71
08/21/2019,77.3,"1,523,907",77.46,77.665,77.02
08/20/2019,76.73,"2,824,681",77.75,77.75,76.66
08/19/2019,77.91,"1,588,743",78.73,78.73,77.87
08/16/2019,77.49,"1,894,149",77.64,78.07,77.14
08/15/2019,77.04,"2,957,411",75.83,77.27,75.14
08/14/2019,75.58,"5,660,071",78.0,79.345,75.08
08/13/2019,79.46,"3,195,597",78.58,80.02,78.41
08/12/2019,79.02,"2,081,845",80.3,80.805,78.51
08/09/2019,80.6,"2,636,365",79.84,81.11,79.62
08/08/2019,79.83,"2,641,014",78.86,80.05,78.2325
08/07/2019,78.47,"2,368,137",78.72,79.21,77.22
08/06/2019,79.55,"2,303,949",77.5,79.57,77.16
08/05/2019,77.34,"2,660,480",78.77,79.27,77.03
08/02/2019,79.76,"1,648,813",80.13,80.7,79.46
08/01/2019,80.12,"2,608,047",81.0,81.24,79.97
07/31/2019,80.98,"2,453,863",81.12,81.77,80.48
07/30/2019,80.71,"1,317,631",80.91,81.4,80.585
07/29/2019,81.2,"2,015,511",81.86,82.4,80.81
07/26/2019,81.7,"1,273,166",81.12,81.74,80.71
07/25/2019,81.18,"1,951,186",79.51,81.69,79.4
07/24/2019,81.02,"2,227,911",80.56,81.1,79.525
07/23/2019,80.56,"2,887,170",80.78,80.93,79.64
07/22/2019,81.02,"3,037,547",80.03,81.67,79.95
07/19/2019,79.98,"3,127,201",81.27,81.35,79.95
07/18/2019,81.19,"3,402,926",80.05,81.19,79.86
07/17/2019,80.2,"6,544,120",82.0,82.22,79.86
07/16/2019,84.12,"3,254,202",84.22,84.4,83.68
07/15/2019,83.97,"2,158,855",84.49,84.96,83.79
07/12/2019,84.39,"1,418,381",84.11,84.41,83.27
07/11/2019,83.75,"1,557,259",83.42,83.86,82.65
07/10/2019,83.43,"2,336,936",83.62,84.09,82.8
07/09/2019,83.48,"1,962,314",83.33,83.91,82.86
07/08/2019,83.62,"2,017,776",83.84,84.15,83.46
07/05/2019,83.99,"1,875,762",83.63,84.195,83.27
07/03/2019,83.65,"1,678,385",82.87,83.92,82.7668
07/02/2019,82.64,"2,523,962",81.69,83.24,81.69
07/01/2019,81.75,"2,528,754",80.94,81.79,80.08
06/28/2019,79.93,"7,799,636",80.12,80.48,79.51
06/27/2019,79.69,"2,783,641",79.07,79.84,78.71
06/26/2019,78.59,"3,561,066",79.9,80.4,78.5
06/25/2019,79.56,"3,015,463",80.38,80.57,79.47
06/24/2019,80.36,"2,266,895",80.55,80.99,80.3
06/21/2019,80.12,"5,146,832",82.0,82.3982,80.12
06/20/2019,81.87,"2,697,953",82.05,82.37,81.29
06/19/2019,81.74,"1,696,207",81.38,81.975,81.09
06/18/2019,81.33,"1,730,802",81.76,81.835,81.12
06/17/2019,81.46,"2,082,640",82.23,82.33,81.34
06/14/2019,81.96,"1,991,883",81.44,82.17,81.06
06/13/2019,81.64,"1,801,762",81.32,82.0,81.01
06/12/2019,81.13,"2,914,703",82.99,83.0,80.78
06/11/2019,82.57,"2,124,189",83.25,83.56,82.31
06/10/2019,82.59,"2,111,569",83.44,83.6,82.36
06/07/2019,83.18,"2,059,706",83.35,84.3,83.04
06/06/2019,83.15,"2,602,848",83.35,83.51,82.64
06/05/2019,83.34,"3,922,307",81.88,83.58,81.82
06/04/2019,81.82,"4,058,283",80.6,81.85,80.25
06/03/2019,79.83,"2,792,690",79.28,80.06,78.85
05/31/2019,79.28,"2,245,604",79.55,80.06,78.95
05/30/2019,80.14,"1,622,889",80.14,80.415,79.79
05/29/2019,79.94,"2,663,392",79.19,80.0,78.39
05/28/2019,79.49,"3,429,413",80.33,81.0,79.23
05/24/2019,80.22,"4,398,356",80.11,80.63,79.845
05/23/2019,79.71,"2,846,293",79.98,80.08,79.27
05/22/2019,80.45,"2,467,716",80.06,80.53,79.74
05/21/2019,80.07,"3,842,253",78.65,80.35,78.65
05/20/2019,78.3,"2,238,172",77.65,78.32,77.27
05/17/2019,77.72,"2,196,750",77.27,78.46,77.0254
05/16/2019,77.85,"2,772,919",77.61,78.448,77.36
05/15/2019,77.5,"5,317,067",74.18,77.78,73.83
05/14/2019,73.64,"3,011,188",72.6,74.57,72.6
05/13/2019,72.54,"3,182,582",72.28,72.63,71.61
05/10/2019,73.43,"1,851,624",72.5,73.59,71.83
05/09/2019,72.85,"2,415,563",73.08,73.23,72.59
05/08/2019,73.52,"3,971,289",72.54,73.84,72.36
05/07/2019,72.79,"3,665,900",73.76,74.1,72.631
05/06/2019,74.24,"4,413,238",73.43,74.54,73.4
05/03/2019,74.43,"4,016,064",75.91,76.0,73.94
05/02/2019,75.56,"3,902,398",77.15,77.19,75.21
05/01/2019,76.91,"3,305,966",78.1,78.585,76.79
04/30/2019,78.15,"2,568,664",77.18,78.21,76.835
04/29/2019,77.11,"2,152,804",76.44,77.3048,76.4
04/26/2019,76.19,"1,791,285",75.73,76.2,75.5
04/25/2019,75.6,"2,209,613",75.0,75.85,74.555
04/24/2019,75.07,"1,879,747",75.67,75.8,74.98
04/23/2019,75.69,"2,281,948",74.65,75.83,74.355
04/22/2019,74.56,"1,931,381",74.63,74.83,74.26
04/18/2019,75.0,"3,002,731",76.17,76.47,74.92
04/17/2019,76.16,"3,267,148",77.25,77.34,75.94
04/16/2019,77.26,"6,384,777",74.25,77.3,74.22
04/15/2019,72.26,"2,544,368",72.6,72.99,72.13
04/12/2019,72.61,"2,086,254",72.13,72.645,71.96
04/11/2019,71.77,"2,657,152",72.33,72.48,71.455
04/10/2019,72.07,"1,653,280",71.77,72.15,71.4
04/09/2019,71.53,"1,937,951",71.63,71.97,71.385
04/08/2019,72.01,"2,220,902",72.39,72.54,71.45
04/05/2019,72.7,"1,719,501",72.67,73.06,72.38
04/04/2019,72.53,"1,453,932",73.11,73.12,72.45
04/03/2019,73.03,"2,787,404",72.98,73.13,71.99
04/02/2019,72.69,"1,537,958",72.77,72.92,72.37
04/01/2019,72.76,"2,251,363",72.65,73.05,72.39
03/29/2019,72.09,"4,400,387",72.88,72.91,72.01
03/28/2019,72.42,"1,810,063",72.83,73.05,71.71
03/27/2019,72.71,"2,964,083",73.06,73.38,72.34
03/26/2019,73.18,"2,304,923",73.11,73.2,72.51
03/25/2019,72.72,"1,950,606",72.8,73.1,72.505
03/22/2019,72.78,"2,544,199",72.71,73.42,72.625
03/21/2019,73.13,"2,090,724",71.66,73.3,71.57
03/20/2019,72.01,"2,590,111",72.43,72.77,71.885
03/19/2019,72.4,"3,365,793",73.38,73.45,72.21
03/18/2019,73.06,"3,705,178",73.55,73.69,72.91
03/15/2019,73.61,"8,243,442",72.63,73.66,72.52
03/14/2019,72.86,"2,222,840",72.31,73.009,71.95
03/13/2019,72.32,"3,829,526",73.24,73.3,72.22
03/12/2019,73.58,"3,425,679",73.0,73.73,72.93
03/11/2019,72.85,"1,901,728",72.49,72.925,72.295
03/08/2019,72.27,"2,436,553",71.72,72.43,71.7
03/07/2019,72.22,"3,048,393",71.92,72.55,71.49
03/06/2019,71.91,"2,214,998",72.58,72.82,71.83
03/05/2019,72.5,"1,722,966",72.77,72.975,72.39
03/04/2019,72.71,"2,499,597",73.08,73.69,72.06
03/01/2019,73.02,"3,142,169",73.44,73.775,72.68
02/28/2019,72.9,"3,371,908",72.8,73.42,72.58
02/27/2019,72.71,"2,498,993",72.16,72.98,72.07
02/26/2019,72.32,"2,695,933",72.41,72.95,72.17
02/25/2019,72.73,"2,658,973",72.53,72.93,72.1
02/22/2019,72.27,"2,749,937",72.24,72.51,71.96
02/21/2019,72.11,"3,195,742",72.48,72.69,71.83
02/20/2019,72.48,"3,815,768",72.05,72.48,71.685
02/19/2019,71.81,"3,478,273",71.22,72.05,71.1731
02/15/2019,71.26,"4,789,680",71.4,71.77,71.05
02/14/2019,70.71,"5,961,791",70.31,71.08,69.8139
02/13/2019,70.8,"4,510,040",70.0,71.0,69.685
02/12/2019,69.3,"4,762,467",69.56,70.02,69.25
02/11/2019,69.16,"3,861,622",68.46,69.22,68.02
02/08/2019,68.36,"2,564,102",67.3,68.37,67.21
02/07/2019,67.72,"3,050,977",67.23,67.88,66.98
02/06/2019,67.57,"3,163,303",66.49,67.66,66.23
02/05/2019,66.53,"3,134,786",66.17,66.75,65.98
02/04/2019,66.03,"2,537,906",65.6,66.04,65.16
02/01/2019,65.8,"3,882,919",65.26,65.86,64.7
01/31/2019,67.29,"5,243,703",66.62,67.365,66.47
01/30/2019,66.75,"4,128,236",65.97,66.955,65.495
01/29/2019,65.81,"4,549,615",65.23,65.855,65.2
01/28/2019,65.2,"2,927,547",65.04,65.28,64.7
01/25/2019,65.3,"3,193,279",65.79,65.82,64.83
01/24/2019,65.24,"3,961,419",64.58,65.26,64.14
01/23/2019,64.99,"4,965,047",62.9,65.22,62.65
01/22/2019,63.29,"4,354,993",64.07,64.51,62.96
01/18/2019,64.42,"3,817,593",63.6,64.62,63.06
01/17/2019,63.25,"2,899,327",62.33,63.305,62.25
01/16/2019,62.6,"2,489,753",62.28,62.65,61.84
01/15/2019,62.03,"1,746,173",61.47,62.2,61.4488
01/14/2019,61.58,"2,059,434",61.31,61.96,61.13
01/11/2019,61.68,"1,744,521",61.57,61.81,60.84
01/10/2019,61.97,"2,038,981",61.18,61.99,60.735
01/09/2019,61.3,"4,193,198",61.48,62.08,61.19
01/08/2019,60.73,"2,818,319",60.73,61.38,59.959
01/07/2019,60.04,"2,982,987",59.4,60.62,59.2
01/04/2019,59.56,"2,633,452",59.05,60.04,58.82
01/03/2019,58.23,"3,746,740",58.96,59.51,58.1
01/02/2019,59.23,"4,142,074",59.28,59.74,58.77
12/31/2018,60.33,"2,420,558",60.07,60.34,59.68
12/28/2018,59.65,"2,670,513",60.33,60.79,59.41
12/27/2018,60.2,"2,938,325",58.56,60.21,57.98
12/26/2018,59.33,"2,953,558",57.16,59.39,56.71
12/24/2018,57.07,"2,232,490",58.77,59.24,57.07
12/21/2018,59.42,"7,318,848",59.63,61.46,59.225
12/20/2018,59.8,"3,566,153",60.27,60.78,59.22
12/19/2018,60.87,"3,960,990",61.28,62.89,60.55
12/18/2018,61.08,"3,607,495",61.39,61.92,60.461
12/17/2018,61.07,"4,626,170",61.89,62.1,60.79
12/14/2018,62.0,"3,548,702",62.43,62.84,61.77
12/13/2018,63.15,"3,169,453",64.01,64.31,62.555
12/12/2018,64.06,"3,895,938",64.42,65.16,63.98
12/11/2018,63.47,"3,978,890",64.89,65.3,62.97
12/10/2018,63.65,"5,100,434",63.2,64.13,61.79
12/07/2018,63.42,"3,435,795",64.56,65.39,63.09
12/06/2018,64.83,"4,203,372",63.66,64.93,62.53
12/04/2018,64.63,"4,601,249",66.78,66.88,64.42
12/03/2018,66.81,"5,382,478",67.19,67.56,65.655
11/30/2018,66.29,"5,104,284",65.09,66.41,65.03
11/29/2018,65.19,"3,890,111",63.8,65.53,63.76
11/28/2018,64.25,"4,587,812",62.14,64.25,62.14
11/27/2018,61.89,"3,947,134",63.04,63.44,61.48
11/26/2018,63.23,"3,351,777",63.45,63.68,62.985
11/23/2018,62.95,"1,350,545",63.16,63.46,62.87
11/21/2018,63.69,"3,360,963",64.38,64.6908,63.67
11/20/2018,64.38,"6,418,699",64.17,65.12,63.35
11/19/2018,65.01,"4,322,958",66.67,66.715,64.43
11/16/2018,66.34,"3,753,394",66.0,66.84,65.72
11/15/2018,66.3,"6,514,669",64.51,66.31,64.51
11/14/2018,64.8,"8,963,273",69.33,69.5,64.69
11/13/2018,71.59,"3,227,530",71.73,72.28,71.15
11/12/2018,71.9,"1,957,731",73.18,73.44,71.77
11/09/2018,73.19,"2,305,182",73.32,73.65,72.91
11/08/2018,73.46,"2,469,326",72.74,73.61,72.73
11/07/2018,73.12,"4,782,620",71.45,73.69,71.26
11/06/2018,69.78,"2,169,085",69.62,70.14,69.44
11/05/2018,69.73,"2,218,625",68.61,69.95,68.53
11/02/2018,68.38,"3,448,510",69.62,70.09,67.95
11/01/2018,69.04,"5,114,215",69.18,69.55,68.21
10/31/2018,69.7,"3,676,469",70.16,70.59,69.65
10/30/2018,69.79,"2,700,633",69.13,70.03,68.4
10/29/2018,68.87,"2,236,129",68.94,69.95,68.09
10/26/2018,68.11,"2,597,400",68.33,68.76,67.48
10/25/2018,68.96,"2,542,448",68.12,69.62,67.89
10/24/2018,67.74,"3,564,268",69.24,69.8,67.62
10/23/2018,69.44,"4,210,756",69.29,70.0,68.68
10/22/2018,70.26,"3,447,896",70.78,71.18,70.0125
10/19/2018,70.55,"4,438,056",71.05,71.29,70.28
10/18/2018,71.8,"4,916,475",70.43,72.72,70.43
10/17/2018,70.63,"3,182,498",70.33,70.87,69.53
10/16/2018,70.27,"5,447,950",68.1,70.34,67.95
10/15/2018,66.24,"2,881,890",66.79,67.23,66.22
10/12/2018,66.86,"4,787,345",67.48,67.91,65.8
10/11/2018,66.97,"5,579,128",68.1,68.68,66.76
10/10/2018,68.52,"6,312,498",70.59,71.0,68.48
10/09/2018,71.83,"3,640,976",71.09,72.02,70.95
10/08/2018,71.03,"2,335,271",70.81,71.2864,70.43
10/05/2018,70.67,"2,220,772",71.03,71.21,70.41
10/04/2018,71.11,"2,681,208",71.1,71.3,70.53
10/03/2018,71.06,"2,256,915",71.16,71.51,70.975
10/02/2018,70.96,"2,504,370",70.84,71.09,70.55
10/01/2018,70.7,"2,336,685",71.36,71.77,70.57
09/28/2018,71.04,"2,436,732",70.15,71.08,70.0788
09/27/2018,70.32,"1,698,781",70.8,71.26,70.17
09/26/2018,70.88,"2,647,917",71.47,71.61,70.7872
09/25/2018,71.2,"2,985,583",70.23,71.24,70.08
09/24/2018,70.37,"1,642,150",70.77,70.855,70.26
09/21/2018,70.72,"4,090,893",71.2,71.23,70.64
09/20/2018,70.78,"2,292,499",70.14,70.82,70.0
09/19/2018,69.88,"3,017,569",69.68,70.61,69.65
09/18/2018,69.68,"2,331,782",68.7,69.73,68.53
09/17/2018,68.53,"1,882,773",68.37,68.68,68.03
09/14/2018,68.24,"3,783,645",68.97,68.97,67.99
09/13/2018,68.74,"2,183,611",68.7,68.845,68.05
09/12/2018,68.36,"2,866,500",68.14,68.63,67.83
09/11/2018,67.99,"2,763,790",67.21,68.28,66.8
09/10/2018,67.79,"2,415,354",68.76,68.76,67.645
09/07/2018,68.87,"2,045,709",68.76,69.01,68.56
09/06/2018,68.82,"1,771,384",68.69,68.92,68.4629
09/05/2018,68.79,"2,256,867",68.46,68.95,68.41
09/04/2018,68.39,"2,068,924",67.6,68.41,67.53
08/31/2018,67.53,"2,569,192",67.17,67.59,66.9136
08/30/2018,67.17,"1,942,120",67.71,67.71,66.97
08/29/2018,67.67,"2,296,694",67.4,67.88,67.2
08/28/2018,67.15,"1,818,481",67.28,67.43,66.95
08/27/2018,67.26,"1,746,194",67.04,67.36,66.882
08/24/2018,66.92,"2,010,814",66.8,66.98,66.4201
08/23/2018,66.81,"1,920,017",66.78,66.97,66.68
08/22/2018,66.72,"3,503,538",67.08,67.33,66.64
08/21/2018,67.22,"3,989,150",66.84,67.63,66.781
08/20/2018,66.9,"4,467,778",66.54,67.02,66.43
08/17/2018,66.28,"5,676,140",65.01,66.42,64.995
08/16/2018,65.05,"3,784,091",64.49,65.32,63.72
08/15/2018,64.06,"3,369,716",62.36,64.19,61.98
08/14/2018,62.29,"5,645,651",61.92,62.55,61.8
08/13/2018,61.96,"2,578,474",62.38,62.95,61.93
08/10/2018,62.44,"2,443,572",62.18,62.65,61.92
08/09/2018,62.54,"2,167,938",61.94,62.9,61.84
08/08/2018,61.91,"2,091,743",61.71,62.02,61.47
08/07/2018,61.82,"3,744,683",61.48,62.26,61.31
08/06/2018,61.43,"2,317,796",61.54,61.71,61.26
08/03/2018,61.55,"3,832,774",61.5,61.73,60.85
08/02/2018,61.68,"4,200,401",60.41,61.775,60.39
08/01/2018,60.52,"3,347,954",60.01,60.63,59.78
07/31/2018,60.01,"4,224,365",59.67,60.07,59.19
07/30/2018,59.42,"2,172,816",59.86,60.17,59.34
07/27/2018,59.87,"2,013,006",60.53,60.95,59.72
07/26/2018,60.12,"3,219,857",59.76,60.53,59.67
07/25/2018,59.52,"3,190,920",59.32,59.68,59.15
07/24/2018,59.39,"3,016,402",59.64,59.83,59.18
07/23/2018,59.58,"3,026,773",59.8,59.91,59.18
07/20/2018,59.83,"3,081,635",59.43,60.05,59.22
07/19/2018,59.51,"5,577,153",59.93,60.13,59.37
07/18/2018,60.39,"8,753,671",59.56,60.5,59.13
07/17/2018,59.4,"6,136,088",59.0,60.23,58.75
07/16/2018,58.42,"4,640,088",58.73,58.89,58.33
07/13/2018,58.44,"3,121,186",58.64,58.76,58.3
07/12/2018,58.66,"3,565,691",59.61,59.67,58.63
07/11/2018,59.23,"2,682,347",59.38,59.7,59.165
07/10/2018,59.65,"3,386,282",59.66,60.29,59.55
07/09/2018,59.57,"2,626,697",59.53,59.74,59.3
07/06/2018,59.19,"1,961,864",58.99,59.61,58.87
07/05/2018,59.06,"2,691,876",59.59,59.77,58.92
07/03/2018,59.33,"1,198,864",59.86,60.19,59.3
07/02/2018,59.74,"3,014,068",58.97,59.76,58.93
06/29/2018,59.15,"3,864,834",59.68,59.905,59.13
06/28/2018,59.53,"2,824,758",58.73,59.87,58.695
06/27/2018,58.71,"3,769,190",60.1,60.15,58.68
06/26/2018,59.75,"3,433,950",60.36,60.48,59.735
06/25/2018,60.18,"3,853,856",60.85,61.14,60.1
06/22/2018,60.78,"9,353,137",61.32,61.39,60.64
06/21/2018,61.05,"1,719,276",61.24,61.53,60.9
06/20/2018,61.42,"2,578,899",62.34,62.34,61.38
06/19/2018,61.96,"5,244,157",61.01,62.24,61.0
06/18/2018,61.5,"2,041,155",61.91,61.99,61.345
06/15/2018,62.36,"4,190,070",61.85,62.38,61.36
06/14/2018,61.89,"3,327,759",62.81,62.97,61.7
06/13/2018,62.52,"4,679,034",62.25,64.77,62.15
06/12/2018,61.92,"3,697,022",62.85,63.0,61.775
06/11/2018,62.74,"1,885,247",62.93,63.14,62.33
06/08/2018,62.84,"2,085,024",62.65,62.87,62.39
06/07/2018,62.61,"3,562,261",62.63,62.82,61.92
06/06/2018,62.59,"3,819,358",63.08,63.3933,61.1
06/05/2018,62.99,"3,009,630",62.78,63.55,62.66
06/04/2018,62.83,"4,136,084",62.61,62.97,62.48
06/01/2018,62.43,"2,669,824",62.56,62.69,61.96
05/31/2018,62.09,"6,636,475",62.91,62.91,61.99
05/30/2018,63.0,"2,260,499",62.04,63.28,62.01
05/29/2018,61.71,"2,880,974",62.04,62.09,61.32
05/25/2018,62.35,"2,078,370",62.54,62.67,62.19
05/24/2018,62.63,"1,937,066",62.24,62.63,61.82
05/23/2018,62.23,"3,086,089",61.85,62.36,61.75
05/22/2018,61.99,"2,895,423",61.8,62.8,61.62
05/21/2018,61.66,"2,861,484",61.31,61.915,61.01
05/18/2018,60.93,"4,816,183",60.49,61.04,60.28
05/17/2018,60.36,"3,644,643",61.09,61.235,60.195
05/16/2018,61.61,"3,131,690",62.1,62.3,61.03
05/15/2018,61.91,"3,991,167",61.59,62.52,61.55
05/14/2018,61.72,"2,962,112",62.48,62.59,61.615
05/11/2018,62.43,"2,073,874",62.34,62.99,62.22
05/10/2018,62.37,"2,519,068",61.9,62.61,61.65
05/09/2018,61.79,"1,557,853",61.13,61.8,61.02
05/08/2018,61.16,"2,451,916",60.53,61.28,60.48
05/07/2018,60.7,"2,675,934",59.84,61.01,59.81
05/04/2018,59.81,"2,453,911",59.03,60.11,58.64
05/03/2018,59.27,"3,764,383",58.72,59.62,58.23
05/02/2018,58.98,"3,645,659",60.15,60.24,58.11
05/01/2018,60.5,"1,929,271",60.32,60.53,59.92
04/30/2018,60.29,"2,506,598",61.1,61.25,60.29
04/27/2018,60.98,"1,458,535",60.53,61.01,60.43
04/26/2018,60.63,"1,600,951",60.36,60.88,59.98
04/25/2018,60.3,"3,056,910",60.8,60.97,59.96
04/24/2018,60.71,"2,819,952",61.33,61.49,60.26
04/23/2018,61.22,"2,146,645",61.5,61.59,60.961
04/20/2018,61.05,"2,885,165",61.23,61.39,60.8
04/19/2018,61.13,"2,973,258",61.18,61.74,60.86
04/18/2018,61.18,"3,950,798",62.39,62.43,60.83
04/17/2018,62.28,"5,132,072",61.45,62.78,61.01
04/16/2018,60.93,"4,646,465",60.58,61.42,60.46
04/13/2018,60.07,"2,626,889",60.92,60.98,59.92
04/12/2018,60.5,"2,150,476",60.39,60.76,60.22
04/11/2018,59.99,"2,305,502",59.96,60.33,59.81
04/10/2018,60.39,"3,036,381",60.81,60.98,60.32
04/09/2018,60.0,"2,795,238",60.4,60.9,59.8941
04/06/2018,60.04,"3,638,904",60.86,61.39,59.7
04/05/2018,61.25,"2,476,960",61.65,61.97,61.05
04/04/2018,61.41,"3,687,408",60.13,61.55,60.04
04/03/2018,60.69,"3,498,736",60.07,60.96,59.85
04/02/2018,59.81,"3,481,517",60.99,61.27,59.17
03/29/2018,60.93,"3,251,847",60.77,61.46,60.44
03/28/2018,60.44,"3,398,637",60.35,60.87,59.78
03/27/2018,60.29,"2,969,185",61.09,61.43,59.93
03/26/2018,60.85,"3,673,749",60.09,60.98,59.51
03/23/2018,59.68,"3,369,352",60.51,61.0,59.61
03/22/2018,60.55,"2,673,213",61.49,61.985,60.47
03/21/2018,62.01,"2,226,277",62.39,62.71,61.73
03/20/2018,62.33,"2,608,375",62.06,62.74,62.02
03/19/2018,61.87,"2,281,624",61.92,62.5199,61.395
03/16/2018,61.92,"3,085,499",61.81,62.14,61.63
03/15/2018,61.58,"2,753,065",61.55,61.71,60.8
03/14/2018,61.4,"3,319,352",61.3,61.63,60.72
03/13/2018,60.01,"2,560,669",60.06,60.69,59.96
03/12/2018,59.97,"2,552,298",60.35,60.43,59.74
03/09/2018,60.37,"1,860,646",59.37,60.38,59.17
03/08/2018,59.02,"1,400,200",58.53,59.085,58.4
03/07/2018,58.42,"2,259,759",58.2,58.67,58.17
03/06/2018,58.62,"2,872,152",58.86,58.97,57.68
03/05/2018,58.79,"3,178,584",57.32,58.945,57.025
03/02/2018,57.58,"3,792,362",57.4,57.84,56.976
03/01/2018,57.79,"3,157,908",57.75,58.6,57.28
02/28/2018,57.58,"4,027,923",58.88,59.36,57.57
02/27/2018,58.53,"4,889,080",58.8,59.26,58.53
02/26/2018,58.85,"3,289,980",57.8,59.06,57.74
02/23/2018,57.71,"1,963,974",56.99,57.76,56.92
02/22/2018,56.85,"3,306,000",57.28,57.79,56.67
02/21/2018,57.17,"3,643,069",56.73,58.1,56.59
02/20/2018,56.54,"3,428,506",57.06,57.29,56.47
02/16/2018,57.35,"3,704,703",56.59,57.53,56.59
02/15/2018,56.78,"4,204,437",56.9,57.0,56.24
02/14/2018,56.3,"6,304,257",53.77,56.35,53.57
02/13/2018,53.22,"3,004,604",52.11,53.24,51.99
02/12/2018,52.38,"2,850,833",52.42,52.79,51.47
02/09/2018,52.22,"5,082,964",51.6,52.55,51.22
02/08/2018,51.07,"5,400,728",53.47,53.51,51.04
02/07/2018,53.4,"4,309,608",52.78,54.1,52.55
02/06/2018,52.87,"5,819,106",51.44,53.11,50.79
02/05/2018,51.95,"4,410,841",52.96,54.37,51.94
02/02/2018,53.24,"2,994,457",53.56,54.45,53.16
02/01/2018,53.58,"4,419,815",53.15,54.41,53.1
01/31/2018,54.1,"6,673,890",53.82,54.5,53.5
01/30/2018,53.49,"5,233,570",53.15,54.47,53.15
01/29/2018,53.13,"7,762,696",54.76,54.85,53.09
01/26/2018,54.83,"5,740,728",55.98,56.76,54.05
01/25/2018,55.76,"4,762,171",55.7,55.81,55.08
01/24/2018,55.33,"7,594,762",57.63,57.63,54.01
01/23/2018,57.05,"4,590,609",58.17,58.25,56.33
01/22/2018,58.22,"2,632,899",57.85,58.25,57.79
01/19/2018,57.66,"3,823,110",57.51,57.85,57.34
01/18/2018,57.29,"2,042,859",57.24,57.44,56.91
01/17/2018,57.23,"3,169,878",56.48,57.4,56.23
01/16/2018,56.27,"3,800,449",56.08,56.53,55.88
01/12/2018,55.94,"2,659,776",55.82,56.1,55.37
01/11/2018,55.66,"2,087,117",55.84,56.04,55.5
01/10/2018,55.68,"3,212,949",56.06,56.2,55.44
01/09/2018,56.17,"3,823,617",55.81,56.57,55.77
01/08/2018,55.7,"3,075,619",55.61,55.815,55.32
01/05/2018,55.53,"3,264,793",55.44,55.59,54.87
01/04/2018,55.32,"2,573,296",55.43,55.8,55.095
01/03/2018,55.33,"3,247,332",55.32,55.56,54.86
01/02/2018,55.36,"2,715,475",56.46,56.46,55.07
12/29/2017,56.32,"1,375,219",56.52,56.64,56.32
12/28/2017,56.51,"1,314,720",56.53,56.7,56.135
12/27/2017,56.36,"1,865,601",56.3,56.69,56.22
12/26/2017,56.22,"1,235,654",56.03,56.3,55.99
12/22/2017,56.09,"1,714,783",55.95,56.18,55.64
12/21/2017,55.8,"2,607,766",56.51,57.18,55.65
12/20/2017,56.17,"2,691,183",55.94,56.28,55.79
12/19/2017,55.79,"2,441,564",55.51,55.91,55.31
12/18/2017,55.2,"2,511,204",55.51,55.78,55.095
12/15/2017,55.46,"5,616,812",55.33,55.8,55.2
12/14/2017,55.14,"3,069,146",56.18,56.185,55.0
12/13/2017,55.86,"3,407,800",55.24,56.23,55.15
12/12/2017,55.15,"3,960,022",55.18,55.81,55.03
12/11/2017,54.88,"2,569,592",54.88,54.99,54.45
12/08/2017,54.99,"1,559,881",54.77,54.99,54.57
12/07/2017,54.52,"1,993,232",54.52,54.835,54.395
12/06/2017,54.59,"1,505,756",54.27,54.6749,54.083
12/05/2017,54.25,"3,880,734",54.5,54.75,54.14
12/04/2017,54.36,"3,373,566",54.19,54.54,54.04
12/01/2017,53.6,"3,226,885",53.33,54.0,52.55
11/30/2017,53.18,"5,774,255",52.74,53.71,52.51
11/29/2017,52.45,"3,706,111",52.92,53.29,52.4
11/28/2017,52.78,"3,747,837",52.05,52.82,52.02
11/27/2017,52.07,"2,082,173",51.93,52.24,51.8601
11/24/2017,51.85,"1,726,318",51.86,51.95,51.61
11/22/2017,51.68,"2,078,667",51.88,51.88,51.48
11/21/2017,51.87,"3,611,652",52.0,52.26,51.75
11/20/2017,51.82,"2,015,760",51.65,51.9,51.55
11/17/2017,51.55,"2,240,270",51.39,51.68,51.32
11/16/2017,51.57,"2,755,656",52.0,52.08,51.43
11/15/2017,51.65,"3,019,131",51.17,51.89,50.95
11/14/2017,51.28,"2,894,777",50.8,51.54,50.72
11/13/2017,51.1,"3,418,131",50.55,51.21,50.4
11/10/2017,50.75,"1,292,349",50.48,50.86,50.18
11/09/2017,50.64,"1,939,231",50.39,50.73,50.14
11/08/2017,50.55,"1,778,767",50.4,50.72,50.28
11/07/2017,50.49,"1,830,999",50.31,51.0,50.29
11/06/2017,50.21,"3,272,613",49.81,50.4,49.74
11/03/2017,50.15,"3,884,802",49.18,50.27,49.15
11/02/2017,49.31,"3,538,325",48.88,50.14,48.84
11/01/2017,48.8,"1,871,855",48.85,48.93,48.69
10/31/2017,48.65,"2,614,054",48.7,48.93,48.59
10/30/2017,48.66,"2,385,075",48.79,49.11,48.655
10/27/2017,48.9,"2,683,153",48.95,49.12,48.66
10/26/2017,49.15,"2,883,147",48.87,49.25,48.67
10/25/2017,48.61,"2,827,889",48.9,49.01,48.56
10/24/2017,49.03,"3,210,189",48.99,49.28,48.84
10/23/2017,48.9,"3,002,881",48.98,49.06,48.755
10/20/2017,48.91,"3,089,680",48.97,49.02,48.52
10/19/2017,48.69,"2,502,737",48.04,48.7,47.92
10/18/2017,48.09,"4,104,074",48.86,48.98,47.89
10/17/2017,48.55,"5,515,290",49.0,49.4699,48.08
10/16/2017,48.98,"3,142,701",48.67,49.12,48.67
10/13/2017,48.67,"3,216,581",48.84,49.16,48.635
10/12/2017,48.75,"3,063,663",49.32,49.41,48.7
10/11/2017,49.25,"2,336,388",49.29,49.36,48.96
10/10/2017,49.37,"2,198,168",49.44,49.63,49.16
10/09/2017,49.45,"2,292,195",49.34,49.75,49.165
10/06/2017,49.28,"1,815,892",49.1,49.41,48.94
10/05/2017,49.05,"2,757,466",49.21,49.26,48.99
10/04/2017,49.17,"3,551,426",49.01,49.3,48.94
10/03/2017,49.07,"2,542,803",48.92,49.1,48.79
10/02/2017,49.03,"3,457,406",48.39,49.19,48.36
09/29/2017,48.42,"1,968,164",47.96,48.44,47.855
09/28/2017,48.06,"4,015,715",47.69,48.08,47.57
09/27/2017,47.71,"2,794,843",48.13,48.2999,47.61
09/26/2017,47.85,"2,811,899",47.91,48.29,47.8
09/25/2017,48.0,"4,710,047",47.93,48.06,47.61
09/22/2017,47.98,"2,795,385",47.61,48.02,47.42
09/21/2017,47.68,"3,791,695",47.64,48.13,47.58
09/20/2017,47.7,"5,027,159",47.67,48.01,47.5
09/19/2017,47.63,"6,611,399",47.14,48.3,47.14
09/18/2017,46.31,"3,153,069",46.17,46.33,45.9
09/15/2017,46.02,"3,631,638",46.07,46.45,45.96
09/14/2017,46.07,"3,167,825",46.09,46.09,45.43
09/13/2017,46.14,"3,098,589",46.23,46.37,45.74
09/12/2017,46.58,"4,303,500",46.3,46.62,45.96
09/11/2017,46.42,"7,352,395",46.49,47.55,46.24
09/08/2017,45.41,"7,058,858",43.6,45.505,43.6
09/07/2017,43.73,"5,818,043",44.92,44.92,43.59
09/06/2017,44.94,"5,857,952",44.2,45.535,44.12
09/05/2017,44.11,"7,658,888",45.28,45.3324,43.98
09/01/2017,45.66,"6,624,814",46.52,46.683,45.64
08/31/2017,46.48,"4,557,229",46.52,46.8,46.38
08/30/2017,46.57,"5,079,170",47.6,47.775,46.4
08/29/2017,47.63,"3,207,604",47.15,47.64,47.14
08/28/2017,47.31,"6,049,895",47.45,47.7536,46.98
08/25/2017,48.4,"2,406,476",48.43,48.74,48.38
08/24/2017,48.26,"2,618,883",48.94,48.94,48.24
08/23/2017,48.83,"1,612,878",48.73,49.01,48.73
08/22/2017,48.89,"2,500,973",48.71,48.98,48.59
08/21/2017,48.69,"2,504,289",48.63,48.765,48.1
08/18/2017,48.63,"3,466,061",48.43,48.895,48.3
08/17/2017,48.51,"3,850,019",48.76,48.98,48.44
08/16/2017,48.71,"3,892,326",47.95,48.95,47.65
08/15/2017,47.59,"2,158,060",47.79,47.86,47.48
08/14/2017,47.77,"1,480,998",47.51,47.81,47.4
08/11/2017,47.23,"2,943,218",47.7,47.94,47.17
08/10/2017,47.71,"2,485,540",47.83,47.94,47.545
08/09/2017,48.04,"2,786,170",47.61,48.04,47.585
08/08/2017,47.64,"2,375,440",47.58,47.77,47.5
08/07/2017,47.67,"1,965,098",47.73,47.75,47.53
08/04/2017,47.71,"1,817,557",47.75,47.75,47.52
08/03/2017,47.61,"3,017,238",47.23,47.6766,47.085
08/02/2017,47.22,"2,492,041",47.32,47.52,47.13
08/01/2017,47.26,"2,130,304",47.26,47.28,47.015
07/31/2017,47.13,"2,743,973",47.3,47.3799,47.04
07/28/2017,47.22,"3,113,015",46.33,47.28,46.33
07/27/2017,46.28,"2,915,726",46.5,46.56,46.08
07/26/2017,46.51,"2,226,566",46.97,47.0,46.385
07/25/2017,46.91,"1,765,184",47.12,47.18,46.68
07/24/2017,46.78,"1,908,239",46.42,46.88,46.36
07/21/2017,46.36,"2,876,792",46.38,46.46,46.21
07/20/2017,46.48,"3,097,411",45.67,46.53,45.55
07/19/2017,45.67,"2,349,165",45.48,45.67,45.28
07/18/2017,45.34,"4,987,589",45.25,45.94,45.24
07/17/2017,45.45,"5,069,748",45.58,45.58,45.17
07/14/2017,45.58,"2,982,214",45.08,45.63,44.9999
07/13/2017,45.2,"4,589,801",46.33,46.33,44.87
07/12/2017,44.86,"2,784,180",44.67,44.95,44.5
07/11/2017,44.58,"2,248,945",45.03,45.11,44.5499
07/10/2017,45.0,"3,246,135",44.76,45.11,44.76
07/07/2017,44.99,"2,140,358",44.47,45.165,44.43
07/06/2017,44.43,"4,703,329",44.75,44.85,44.38
07/05/2017,44.76,"2,891,156",44.43,44.8,44.16
07/03/2017,44.31,"1,208,184",44.21,44.81,44.21
06/30/2017,44.09,"2,448,989",44.35,44.51,44.065
06/29/2017,44.15,"2,081,378",44.7,44.74,43.985
06/28/2017,44.53,"2,294,948",44.83,44.86,44.45
06/27/2017,44.63,"2,587,936",44.53,44.71,44.4
06/26/2017,44.56,"2,348,501",44.46,44.67,44.31
06/23/2017,44.39,"14,861,470",44.15,44.48,43.94
06/22/2017,44.09,"2,472,204",44.27,44.42,43.99
06/21/2017,44.47,"2,748,513",44.56,44.56,44.36
06/20/2017,44.41,"1,915,054",44.72,44.82,44.37
06/19/2017,44.7,"4,931,657",45.03,45.03,44.41
06/16/2017,44.83,"3,083,921",44.76,44.88,44.53
06/15/2017,44.74,"2,360,409",44.38,44.74,44.28
06/14/2017,44.41,"3,245,648",43.53,44.52,43.47
06/13/2017,43.61,"2,687,034",43.65,43.82,43.54
06/12/2017,43.68,"2,727,594",43.44,43.7,43.14
06/09/2017,43.48,"2,433,231",43.12,43.52,43.02
06/08/2017,43.06,"3,603,827",43.04,43.13,42.8
06/07/2017,42.95,"2,042,219",43.21,43.23,42.93
06/06/2017,42.96,"2,488,613",42.91,43.26,42.85
06/05/2017,43.06,"1,911,843",43.04,43.22,42.89
06/02/2017,43.08,"2,515,536",42.79,43.14,42.69
06/01/2017,42.76,"2,359,849",42.49,42.76,42.32
05/31/2017,42.43,"4,755,096",42.26,42.46,42.171
05/30/2017,42.22,"1,496,492",42.14,42.33,42.1
05/26/2017,42.3,"2,430,894",42.32,42.435,42.13
05/25/2017,42.27,"1,906,076",41.93,42.35,41.84
05/24/2017,41.82,"2,230,318",41.57,41.85,41.53
05/23/2017,41.55,"3,944,243",41.54,41.65,41.37
05/22/2017,41.52,"2,875,088",41.26,41.785,41.26
