date,close,volume,open,high,low
05/15/2026,190.07,"1,958,283",192.3,192.94,187.73
05/14/2026,192.5,"2,021,570",187.0,196.75,186.0201
05/13/2026,183.7,"885,838",182.96,186.495,182.0
05/12/2026,183.33,"1,036,777",185.55,186.88,182.24
05/11/2026,184.5,"2,567,462",186.12,187.5096,183.38
05/08/2026,186.79,"1,875,791",189.74,193.59,185.04
05/07/2026,187.51,"2,043,402",191.46,193.485,183.37
05/06/2026,190.47,"2,209,602",188.37,191.98,186.67
05/05/2026,186.94,"1,562,147",186.05,187.595,182.37
05/04/2026,186.0,"868,208",185.21,187.11,184.405
05/01/2026,185.95,"1,028,193",188.92,190.005,184.1
04/30/2026,186.09,"1,001,298",184.18,186.52,180.527
04/29/2026,183.71,"838,966",183.1,184.78,181.12
04/28/2026,184.58,"828,596",187.03,187.18,183.41
04/27/2026,186.2,"1,409,618",186.0,190.19,183.92
04/24/2026,186.5,"980,951",185.35,188.035,182.12
04/23/2026,186.26,"1,050,661",187.72,189.195,182.46
04/22/2026,186.26,"1,168,750",184.23,187.25,183.23
04/21/2026,183.1,"1,149,140",184.0,186.55,183.05
04/20/2026,184.7,"1,293,242",183.52,185.545,180.63
04/17/2026,186.31,"1,369,895",186.57,188.88,184.62
04/16/2026,184.44,"2,413,402",193.71,194.32,180.58
04/15/2026,193.1,"1,258,339",195.14,197.4738,192.0
04/14/2026,195.37,"1,738,649",195.56,198.94,194.19
04/13/2026,195.47,"898,612",196.36,197.87,193.56
04/10/2026,197.37,"648,505",197.35,199.67,196.62
04/09/2026,197.07,"804,755",194.28,198.108,193.005
04/08/2026,197.05,"2,313,400",198.6,200.395,194.77
04/07/2026,192.96,"1,658,073",195.53,196.495,188.47
04/06/2026,197.02,"1,273,929",203.73,203.84,196.895
04/02/2026,203.76,"779,535",199.31,205.28,198.555
04/01/2026,201.07,"1,333,308",203.25,204.81,200.055
03/31/2026,201.65,"6,091,135",198.34,208.57,195.72
03/30/2026,195.41,"2,612,633",187.78,197.23,187.24
03/27/2026,189.2,"1,541,766",192.03,193.615,183.77
03/26/2026,192.64,"613,130",191.03,194.1,191.03
03/25/2026,193.94,"735,081",195.65,198.54,190.56
03/24/2026,193.48,"1,055,381",192.66,194.955,192.27
03/23/2026,194.28,"1,128,988",192.54,198.29,192.5
03/20/2026,188.38,"2,068,835",195.03,196.77,186.95
03/19/2026,197.31,"1,318,798",199.67,202.16,193.655
03/18/2026,201.03,"1,129,783",199.34,203.98,198.44
03/17/2026,200.39,"766,817",201.27,202.37,199.56
03/16/2026,199.77,"1,262,388",195.36,200.03,195.34
03/13/2026,194.57,"1,389,179",202.53,202.53,192.91
03/12/2026,201.27,"2,620,764",202.06,204.77,200.02
03/11/2026,202.03,"2,344,784",204.11,205.9,198.85
03/10/2026,205.58,"1,168,315",206.34,210.86,205.11
03/09/2026,204.07,"1,228,977",199.15,204.77,197.54
03/06/2026,202.68,"944,489",209.84,209.84,201.7
03/05/2026,211.75,"1,443,221",212.1,215.79,207.711
03/04/2026,216.23,"880,649",219.45,220.11,214.13
03/03/2026,219.94,"954,101",221.91,222.49,217.955
03/02/2026,224.96,"995,248",223.9,226.34,218.88
02/27/2026,223.87,"1,161,274",218.27,226.085,212.57
02/26/2026,223.81,"2,030,420",217.67,226.94,208.0
02/25/2026,207.21,"1,389,092",210.62,210.62,203.16
02/24/2026,209.39,"763,573",206.39,212.33,204.23
02/23/2026,205.95,"535,145",210.0,210.0,204.5
02/20/2026,211.12,"556,489",209.09,212.94,208.08
02/19/2026,208.68,"599,915",212.0,212.8499,207.59
02/18/2026,213.28,"522,156",209.94,214.6,208.49
02/17/2026,210.14,"733,096",208.01,211.51,206.98
02/13/2026,206.75,"783,298",200.47,207.16,199.2
02/12/2026,199.99,"848,946",209.67,214.03,199.37
02/11/2026,210.38,"639,281",215.17,216.66,209.84
02/10/2026,214.11,"821,073",211.81,216.005,209.55
02/09/2026,209.39,"790,716",211.54,212.105,208.1845
02/06/2026,211.9,"703,382",210.16,212.19,207.14
02/05/2026,208.16,"938,106",206.46,208.32,203.43
02/04/2026,206.53,"921,449",204.36,207.035,201.79
02/03/2026,203.12,"800,655",200.74,205.03,196.82
02/02/2026,200.52,"534,655",201.86,205.0,200.18
01/30/2026,202.58,"1,092,725",199.95,204.57,199.84
01/29/2026,201.1,"1,132,332",194.77,201.91,192.515
01/28/2026,194.88,"844,370",199.21,199.51,194.32
01/27/2026,199.19,"732,444",203.26,203.75,199.13
01/26/2026,203.5,"807,076",203.44,204.755,200.71
01/23/2026,204.91,"1,025,558",201.8,207.6399,200.3075
01/22/2026,200.13,"970,003",205.61,205.895,197.59
01/21/2026,204.42,"1,106,828",203.27,204.77,196.91
01/20/2026,203.41,"837,962",203.77,206.11,202.33
01/16/2026,203.27,"1,271,251",207.71,209.18,201.54
01/15/2026,208.88,"1,275,357",209.5,213.02,207.495
01/14/2026,207.98,"846,222",206.77,211.66,206.312
01/13/2026,208.89,"1,218,115",197.99,208.92,197.99
01/12/2026,199.09,"531,366",198.29,200.21,197.95
01/09/2026,199.63,"866,421",203.02,204.76,198.14
01/08/2026,202.09,"673,831",201.9,202.44,199.03
01/07/2026,202.91,"824,926",202.78,203.37,200.59
01/06/2026,202.81,"1,052,966",203.65,204.47,201.38
01/05/2026,203.65,"1,279,611",205.05,205.975,202.32
01/02/2026,206.94,"1,131,608",209.93,211.37,206.36
12/31/2025,209.0,"765,699",214.21,214.735,208.15
12/30/2025,214.17,"694,243",215.56,216.51,213.64
12/29/2025,216.11,"893,743",216.36,217.91,215.851
12/26/2025,217.44,"393,670",217.76,217.96,216.4
12/24/2025,217.98,"197,934",215.57,218.11,215.57
12/23/2025,215.7,"556,612",216.05,217.51,215.06
12/22/2025,215.49,"801,345",214.08,216.41,212.8
12/19/2025,213.44,"3,058,870",211.44,215.17,211.06
12/18/2025,211.61,"1,298,403",212.13,215.41,210.87
12/17/2025,211.62,"1,212,347",210.61,216.14,210.61
12/16/2025,210.65,"1,654,507",208.03,213.2285,207.785
12/15/2025,207.45,"1,682,163",206.44,208.48,201.6
12/12/2025,208.42,"1,143,387",205.27,209.73,204.51
12/11/2025,204.3,"1,112,059",195.5,205.6793,194.315
12/10/2025,196.94,"2,333,786",197.0,200.28,190.21
12/09/2025,197.11,"1,217,587",203.53,205.44,196.52
12/08/2025,203.82,"1,101,766",202.41,206.7,200.84
12/05/2025,202.22,"808,272",201.46,202.6,199.75
12/04/2025,200.87,"660,972",196.03,201.08,194.58
12/03/2025,194.9,"1,318,817",194.81,196.42,193.59
12/02/2025,194.64,"1,000,277",193.98,195.96,192.49
12/01/2025,193.98,"837,437",192.82,194.15,192.07
11/28/2025,193.89,"699,315",193.23,194.86,190.23
11/26/2025,193.37,"873,770",188.1,194.09,188.03
11/25/2025,187.42,"1,109,582",182.61,188.335,182.01
11/24/2025,181.65,"1,048,134",178.32,182.63,177.47
11/21/2025,178.17,"1,052,411",176.835,180.24,176.0
11/20/2025,176.49,"1,417,713",189.72,190.25,176.38
11/19/2025,188.37,"1,193,312",187.41,191.1,187.13
11/18/2025,186.56,"1,787,924",184.48,186.97,181.46
11/17/2025,184.75,"2,254,901",183.56,184.98,181.0
11/14/2025,184.09,"1,159,664",181.99,184.83,181.02
11/13/2025,182.64,"1,126,494",181.38,187.005,179.7
11/12/2025,181.68,"741,347",179.75,181.8287,179.6125
11/11/2025,179.68,"972,589",179.55,180.2799,177.115
11/10/2025,179.17,"1,378,999",184.34,184.73,177.625
11/07/2025,182.56,"1,170,151",180.2,183.195,179.22
11/06/2025,181.0,"3,359,233",185.875,188.07,177.405
11/05/2025,187.24,"1,575,728",186.91,190.235,185.76
11/04/2025,187.35,"1,292,019",186.04,188.23,184.38
11/03/2025,187.71,"1,489,356",186.94,189.875,186.06
10/31/2025,188.4,"1,103,474",188.395,190.84,188.225
10/30/2025,187.78,"860,728",186.13,190.0,186.0
10/29/2025,186.6,"1,113,421",187.08,189.58,186.24
10/28/2025,187.45,"602,426",187.36,187.89,185.74
10/27/2025,187.51,"1,202,668",187.31,189.495,187.01
10/24/2025,186.85,"760,339",186.99,190.305,186.74
10/23/2025,186.85,"1,085,240",187.31,188.56,186.36
10/22/2025,186.97,"1,017,475",187.0,187.6,184.28
10/21/2025,186.16,"952,973",188.19,189.28,186.08
10/20/2025,186.82,"1,128,704",190.2,191.36,186.73
10/17/2025,189.28,"850,851",187.24,190.56,187.08
10/16/2025,187.83,"1,403,226",193.52,193.52,187.75
10/15/2025,191.21,"1,375,240",191.44,192.25,190.31
10/14/2025,189.97,"701,379",187.43,193.07,186.72
10/13/2025,188.6,"898,620",188.0,190.935,187.82
10/10/2025,187.05,"1,422,122",186.47,190.815,186.1
10/09/2025,186.47,"1,122,438",194.57,194.95,185.93
10/08/2025,194.15,"1,241,530",198.48,199.83,194.09
10/07/2025,197.96,"1,154,821",198.96,203.25,197.9
10/06/2025,198.15,"1,573,108",198.5,198.59,194.1138
10/03/2025,197.35,"981,778",198.17,199.76,196.45
10/02/2025,198.0,"1,269,546",198.71,199.505,196.515
10/01/2025,198.76,"1,485,373",200.08,201.1,193.6627
09/30/2025,201.96,"3,160,617",205.49,208.48,201.77
09/29/2025,205.33,"1,837,699",200.55,206.27,198.911
09/26/2025,199.04,"1,008,225",196.57,200.02,196.185
09/25/2025,195.79,"912,651",195.99,196.565,194.66
09/24/2025,195.79,"1,958,846",202.0,202.98,195.68
09/23/2025,202.29,"1,831,173",200.0,202.84,199.67
09/22/2025,199.67,"1,661,525",200.31,201.26,197.51
09/19/2025,201.11,"2,052,723",202.29,203.36,200.98
09/18/2025,202.8,"1,320,272",202.48,203.41,200.0
09/17/2025,201.38,"1,933,879",203.66,204.095,200.4
09/16/2025,200.29,"3,259,058",204.23,204.23,199.84
09/15/2025,204.49,"2,302,446",206.51,212.49,200.96
09/12/2025,202.44,"897,138",201.76,204.1,200.7
09/11/2025,202.24,"977,033",195.14,203.17,194.968
09/10/2025,195.13,"602,001",197.51,197.51,193.22
09/09/2025,196.43,"794,865",198.46,198.78,192.84
09/08/2025,200.47,"1,098,495",194.66,200.71,194.555
09/05/2025,194.0,"713,173",190.6,195.63,190.6
09/04/2025,190.08,"786,472",186.65,190.63,186.04
09/03/2025,186.61,"694,666",186.71,189.58,185.31
09/02/2025,185.35,"681,723",187.28,190.029,184.67
08/29/2025,189.56,"559,159",190.02,190.2799,188.35
08/28/2025,190.14,"801,699",185.47,190.2,185.3
08/27/2025,185.65,"536,170",184.8,187.15,184.42
08/26/2025,185.16,"750,503",183.28,185.97,181.44
08/25/2025,183.72,"647,029",186.0,186.26,183.32
08/22/2025,186.17,"774,238",185.11,187.9929,184.355
08/21/2025,184.24,"435,836",182.8,184.55,182.46
08/20/2025,182.61,"753,943",183.47,184.85,180.0
08/19/2025,184.9,"639,111",184.79,186.9099,183.46
08/18/2025,185.56,"706,850",188.12,188.415,184.28
08/15/2025,188.85,"719,259",191.81,192.705,188.44
08/14/2025,191.0,"1,169,636",190.08,194.76,190.08
08/13/2025,191.28,"1,348,745",188.0,191.51,185.855
08/12/2025,186.02,"1,240,861",181.0,187.01,178.82
08/11/2025,180.0,"2,654,995",164.21,181.5,164.0
08/08/2025,163.29,"1,539,924",161.19,165.5064,160.43
08/07/2025,160.74,"1,909,283",157.75,161.68,152.29
08/06/2025,155.61,"2,660,648",167.385,167.39,154.05
08/05/2025,163.45,"765,515",166.46,167.155,162.585
08/04/2025,165.76,"630,854",166.77,168.285,165.52
08/01/2025,165.61,"675,960",168.55,168.55,164.3
07/31/2025,168.01,"665,150",168.37,169.66,167.615
07/30/2025,167.81,"531,075",167.33,169.33,166.4401
07/29/2025,168.15,"529,575",170.98,170.98,166.745
07/28/2025,170.74,"534,853",170.02,171.05,167.89
07/25/2025,170.05,"626,275",167.92,170.33,167.38
07/24/2025,168.0,"816,492",167.5,168.4,163.66
07/23/2025,167.71,"522,162",166.92,167.88,165.26
07/22/2025,166.49,"762,601",168.0,168.91,166.445
07/21/2025,168.7,"861,003",170.56,171.78,168.36
07/18/2025,170.79,"951,022",170.3,172.4,167.41
07/17/2025,169.35,"850,955",168.85,169.825,167.51
07/16/2025,169.13,"906,327",168.79,169.58,163.77
07/15/2025,168.79,"986,570",173.67,174.87,168.315
07/14/2025,174.48,"757,429",172.43,176.51,172.145
07/11/2025,172.0,"704,875",172.5,172.9025,168.36
07/10/2025,172.89,"902,849",171.54,173.04,169.13
07/09/2025,171.8,"725,722",172.16,172.95,170.53
07/08/2025,172.97,"1,044,758",175.89,175.89,169.49
07/07/2025,176.34,"568,880",177.05,177.2075,174.55
07/03/2025,177.14,"405,893",177.28,178.62,176.25
07/02/2025,177.46,"736,604",175.5,178.0,174.805
07/01/2025,175.61,"1,169,322",181.34,181.34,172.66
06/30/2025,181.95,"1,048,108",180.0,182.6,178.66
06/27/2025,179.35,"2,282,710",176.58,179.39,176.21
06/26/2025,176.16,"828,715",175.2,176.67,173.23
06/25/2025,174.94,"605,497",176.7,177.33,174.43
06/24/2025,176.89,"769,556",176.03,177.2226,174.3
06/23/2025,175.53,"727,976",175.6,176.025,171.77
06/20/2025,174.96,"2,884,785",178.72,178.72,173.4
06/18/2025,175.95,"1,861,927",168.35,178.6799,168.24
06/17/2025,167.96,"865,509",167.41,167.97,165.89
06/16/2025,168.41,"896,644",164.43,169.08,163.54
06/13/2025,163.08,"503,163",162.54,164.25,160.94
06/12/2025,163.93,"493,194",164.54,165.29,163.32
06/11/2025,164.92,"542,885",164.77,165.5033,163.615
06/10/2025,164.6,"834,615",163.66,165.3,161.8
06/09/2025,163.33,"658,915",165.92,166.905,162.5265
06/06/2025,165.94,"789,603",169.19,170.0,165.71
06/05/2025,168.92,"871,809",168.25,169.81,166.78
06/04/2025,165.9,"816,785",163.69,166.11,161.34
06/03/2025,163.11,"900,308",159.55,163.655,159.525
06/02/2025,159.55,"799,503",157.38,159.7,156.43
05/30/2025,157.81,"821,429",156.17,158.26,155.08
05/29/2025,156.74,"689,555",159.11,159.69,155.9
05/28/2025,158.81,"584,974",159.28,159.659,157.82
05/27/2025,158.95,"1,807,802",159.86,160.125,158.42
05/23/2025,157.72,"1,314,997",155.86,158.51,154.95
05/22/2025,156.23,"1,460,877",159.78,159.9,154.78
05/21/2025,159.84,"653,134",162.09,162.84,159.46
05/20/2025,162.74,"486,729",163.76,164.11,162.24
05/19/2025,163.99,"732,454",162.55,165.495,161.66
05/16/2025,163.48,"748,789",162.05,164.15,161.805
05/15/2025,161.46,"866,793",162.15,162.81,159.255
05/14/2025,162.21,"798,667",164.5,165.22,161.56
05/13/2025,164.48,"934,749",162.02,165.21,161.09
05/12/2025,160.6,"1,295,208",162.82,163.198,158.67
05/09/2025,159.66,"1,867,626",171.58,172.44,158.83
05/08/2025,168.96,"1,462,489",170.71,171.26,168.21
05/07/2025,169.68,"1,387,073",168.22,170.46,167.51
05/06/2025,167.94,"724,324",165.0,168.56,164.905
05/05/2025,166.83,"741,196",163.0,167.92,161.88
05/02/2025,166.43,"1,038,453",164.23,166.915,163.59
05/01/2025,163.16,"1,180,021",163.84,165.56,162.54
04/30/2025,162.91,"903,241",160.79,163.71,159.03
04/29/2025,162.96,"1,016,718",159.54,163.335,159.0578
04/28/2025,160.43,"1,292,448",157.9,161.2,157.688
04/25/2025,157.1,"1,430,599",155.35,157.44,154.2951
04/24/2025,155.28,"1,009,934",151.07,156.585,151.07
04/23/2025,150.99,"1,069,298",151.0,154.515,149.75
04/22/2025,148.13,"1,136,664",145.19,148.43,144.0
04/21/2025,143.09,"1,192,266",149.39,149.39,141.44
04/17/2025,149.22,"705,733",148.52,150.31,147.375
04/16/2025,147.96,"726,416",148.79,150.86,146.34
04/15/2025,149.65,"796,894",148.84,150.8,147.9
04/14/2025,148.13,"904,525",146.57,150.15,145.7128
04/11/2025,144.35,"1,233,872",145.11,145.915,141.76
04/10/2025,145.09,"1,106,098",146.49,147.21,141.06
04/09/2025,148.54,"1,637,436",138.28,150.3,136.11
04/08/2025,138.96,"1,346,776",146.2,147.69,137.125
04/07/2025,141.18,"1,771,132",134.78,145.295,133.07
04/04/2025,139.58,"2,356,012",145.06,146.91,139.41
04/03/2025,150.44,"1,527,242",154.0,158.14,150.29
04/02/2025,158.58,"1,786,798",153.23,159.0,152.1199
04/01/2025,152.99,"963,910",152.63,154.14,149.67
03/31/2025,152.81,"2,749,890",148.0,153.47,146.69
03/28/2025,149.7,"1,144,538",151.84,152.33,147.98
03/27/2025,151.88,"1,019,382",153.83,154.485,151.625
03/26/2025,154.61,"1,042,560",154.91,158.0,154.1301
03/25/2025,154.6,"1,239,022",152.75,154.84,149.605
03/24/2025,152.91,"2,185,048",150.64,153.32,146.75
03/21/2025,149.88,"19,094,650",149.23,151.24,148.19
03/20/2025,150.4,"1,768,047",148.58,151.91,148.495
03/19/2025,149.85,"1,427,312",146.09,150.92,144.5
03/18/2025,145.47,"1,395,355",144.85,146.724,143.1
03/17/2025,145.63,"2,329,743",140.43,147.03,140.43
03/14/2025,139.62,"2,482,515",142.03,145.6,138.075
03/13/2025,140.85,"2,229,174",146.54,146.735,139.93
03/12/2025,147.27,"1,242,702",147.46,149.06,144.97
03/11/2025,145.15,"2,057,325",145.15,149.26,142.4
03/10/2025,142.12,"2,456,627",139.44,144.73,137.63
03/07/2025,143.73,"2,568,396",146.25,146.58,138.64
03/06/2025,146.99,"1,913,991",150.22,152.49,145.92
03/05/2025,152.3,"1,646,532",147.22,153.7313,147.22
03/04/2025,146.7,"1,800,113",146.24,148.43,142.92
03/03/2025,147.79,"1,209,743",152.0,154.3157,147.42
02/28/2025,150.64,"1,345,092",148.17,153.05,147.71
02/27/2025,150.23,"3,935,361",153.59,154.08,145.265
02/26/2025,159.55,"1,158,907",156.43,161.255,156.43
02/25/2025,156.02,"1,772,507",160.51,160.58,154.89
02/24/2025,160.76,"1,135,620",159.0,163.43,158.31
02/21/2025,158.82,"1,714,424",163.83,165.5,157.71
02/20/2025,163.81,"1,037,060",166.13,166.69,161.47
02/19/2025,166.57,"1,888,825",171.9,171.905,163.25
02/18/2025,172.07,"1,118,833",175.5,176.985,171.51
02/14/2025,175.5,"1,453,563",174.74,177.21,171.745
02/13/2025,174.49,"2,470,898",176.03,179.09,173.7
02/12/2025,176.64,"1,558,612",171.59,177.9,171.102
02/11/2025,176.53,"1,848,251",171.71,178.13,170.73
02/10/2025,173.11,"1,999,420",168.0,174.6,166.31
02/07/2025,166.37,"2,463,727",161.91,168.25,161.9
02/06/2025,161.21,"654,606",161.0,161.47,159.57
02/05/2025,161.02,"904,844",159.4,161.27,157.19
02/04/2025,157.74,"733,573",158.11,159.0,156.285
02/03/2025,157.05,"900,571",153.16,159.02,152.58
01/31/2025,155.21,"806,705",158.9,159.32,154.77
01/30/2025,157.47,"501,661",159.11,159.72,156.92
01/29/2025,156.92,"742,312",158.26,159.17,154.56
01/28/2025,158.44,"1,174,493",155.0,159.53,154.14
01/27/2025,153.45,"771,678",151.76,154.09,150.29
01/24/2025,153.08,"957,638",151.97,154.25,151.06
01/23/2025,151.97,"1,967,339",147.04,153.89,146.55
01/22/2025,142.93,"682,197",144.73,146.355,142.39
01/21/2025,144.53,"709,077",142.03,144.7,141.65
01/17/2025,142.2,"803,302",142.0,144.0,141.28
01/16/2025,141.8,"611,174",144.26,145.0,141.53
01/15/2025,143.91,"694,332",143.94,144.455,140.94
01/14/2025,143.11,"610,620",143.26,144.54,142.47
01/13/2025,142.38,"695,431",138.92,143.5,137.5
01/10/2025,140.18,"1,047,028",142.29,146.38,139.61
01/08/2025,142.34,"975,537",141.57,146.51,139.62
01/07/2025,141.81,"912,311",144.42,147.445,141.26
01/06/2025,141.63,"741,062",142.64,143.8569,140.165
01/03/2025,142.4,"622,981",142.47,143.64,141.03
01/02/2025,142.73,"404,400",142.25,143.8363,141.415
12/31/2024,142.11,"580,045",143.28,144.02,142.07
12/30/2024,143.37,"702,567",142.78,144.41,141.42
12/27/2024,144.02,"360,032",143.76,144.29,142.31
12/26/2024,144.74,"433,273",143.67,144.87,143.41
12/24/2024,144.86,"279,521",141.79,145.24,141.79
12/23/2024,141.75,"471,558",143.54,143.91,141.22
12/20/2024,143.54,"1,679,657",142.1,144.43,140.0
12/19/2024,143.79,"1,110,765",147.0,147.35,141.31
12/18/2024,142.14,"867,709",148.36,148.375,141.46
12/17/2024,147.25,"1,335,709",147.05,148.57,145.4
12/16/2024,147.05,"1,755,933",143.5,149.4,142.07
12/13/2024,141.92,"855,177",143.95,143.95,141.16
12/12/2024,143.43,"874,528",143.07,144.4,142.38
12/11/2024,141.33,"900,282",141.88,142.8799,140.61
12/10/2024,141.0,"784,661",140.72,141.77,139.83
12/09/2024,139.72,"891,679",143.45,145.6545,138.47
12/06/2024,144.09,"1,391,992",144.44,145.69,142.87
12/05/2024,144.16,"2,104,743",137.96,145.62,137.66
12/04/2024,138.08,"998,933",137.55,139.2399,136.79
12/03/2024,137.04,"734,132",133.84,137.26,133.64
12/02/2024,134.95,"752,019",137.51,138.16,134.9
11/29/2024,137.96,"311,708",139.24,139.45,137.82
11/27/2024,138.21,"828,547",138.2,139.45,137.3
11/26/2024,137.28,"907,465",137.23,138.57,135.58
11/25/2024,136.79,"1,136,201",136.05,137.69,135.095
11/22/2024,135.77,"1,406,401",136.99,139.09,134.73
11/21/2024,136.89,"1,257,989",133.17,137.25,132.71
11/20/2024,132.79,"1,623,765",131.67,134.11,130.165
11/19/2024,130.89,"1,130,130",125.15,130.96,123.54
11/18/2024,125.01,"1,112,871",120.32,126.01,119.93
11/15/2024,119.24,"706,127",116.94,119.97,116.59
11/14/2024,117.77,"562,962",117.62,118.61,115.77
11/13/2024,117.8,"593,689",116.7,119.14,116.45
11/12/2024,116.45,"564,256",119.78,120.14,115.919
11/11/2024,119.04,"563,518",120.94,120.94,118.52
11/08/2024,120.18,"618,231",117.94,120.435,117.08
11/07/2024,117.88,"1,769,182",118.4,120.18,115.12
11/06/2024,120.22,"1,811,359",121.51,121.935,118.71
11/05/2024,118.89,"801,096",118.25,119.15,117.91
11/04/2024,118.17,"757,137",118.94,119.89,117.36
11/01/2024,119.07,"1,219,960",117.4,119.15,116.21
10/31/2024,116.77,"638,615",116.58,117.33,116.19
10/30/2024,116.72,"1,588,493",115.61,117.4899,115.21
10/29/2024,115.87,"1,408,935",116.98,116.98,114.9
10/28/2024,116.25,"993,142",116.07,116.64,114.01
10/25/2024,115.25,"1,037,848",114.89,117.03,114.7
10/24/2024,115.0,"3,971,952",119.0,121.89,114.35
10/23/2024,126.0,"668,508",127.71,128.66,125.83
10/22/2024,128.5,"534,485",128.77,129.57,128.1415
10/21/2024,128.87,"359,966",129.7,130.5032,128.65
10/18/2024,129.93,"767,204",128.51,130.95,127.56
10/17/2024,128.03,"383,160",128.39,129.06,127.31
10/16/2024,127.66,"551,096",126.41,128.14,125.9706
10/15/2024,125.36,"558,792",126.0,126.96,125.2
10/14/2024,126.31,"278,839",127.41,128.0255,126.15
10/11/2024,127.52,"435,878",126.57,128.17,126.57
10/10/2024,126.89,"355,499",127.2,127.6,126.34
10/09/2024,127.37,"490,429",127.1,128.2899,126.71
10/08/2024,127.0,"414,168",126.05,127.495,125.52
10/07/2024,126.13,"463,078",126.62,126.69,125.425
10/04/2024,127.14,"878,929",126.73,128.31,126.61
10/03/2024,126.39,"675,650",124.14,126.51,123.08
10/02/2024,124.08,"544,446",122.8,124.43,122.27
10/01/2024,122.26,"1,190,031",124.11,124.58,121.32
09/30/2024,123.71,"622,467",125.41,125.41,123.62
09/27/2024,125.0,"463,596",124.0,125.14,123.41
09/26/2024,123.7,"659,833",121.76,123.77,120.68
09/25/2024,121.11,"893,417",122.01,122.71,120.58
09/24/2024,121.89,"1,429,897",122.73,122.77,121.25
09/23/2024,122.0,"705,629",122.43,122.6407,120.47
09/20/2024,121.94,"3,037,976",124.5,124.76,121.18
09/19/2024,124.5,"1,046,629",123.8,125.49,123.07
09/18/2024,122.45,"1,058,735",121.5,123.99,120.89
09/17/2024,121.03,"1,058,440",117.51,121.18,117.51
09/16/2024,117.26,"1,153,979",114.76,117.61,114.76
09/13/2024,115.34,"820,677",115.5,116.685,114.78
09/12/2024,114.99,"488,628",114.0,115.32,113.63
09/11/2024,113.69,"560,641",113.75,114.75,113.16
09/10/2024,113.8,"980,689",115.37,115.46,113.33
09/09/2024,114.95,"711,126",115.74,116.98,114.78
09/06/2024,115.44,"564,428",116.53,117.28,115.02
09/05/2024,116.19,"608,993",118.57,118.57,115.69
09/04/2024,117.96,"745,725",117.4,120.64,117.4
09/03/2024,118.04,"495,008",117.49,119.37,116.95
08/30/2024,118.23,"510,178",117.19,118.54,116.94
08/29/2024,116.72,"580,248",118.04,118.36,116.6
08/28/2024,117.6,"385,062",117.41,117.86,116.69
08/27/2024,117.99,"909,937",116.82,118.21,116.6
08/26/2024,117.24,"677,969",118.0,118.375,117.18
08/23/2024,118.03,"966,279",118.22,118.465,116.18
08/22/2024,117.76,"458,656",119.72,119.85,117.38
08/21/2024,119.78,"565,340",118.93,120.7,118.72
08/20/2024,118.87,"754,604",119.38,119.52,117.69
08/19/2024,117.98,"432,787",116.93,118.33,116.93
08/16/2024,116.79,"982,552",117.27,118.55,114.76
08/15/2024,117.11,"705,863",118.94,119.24,116.52
08/14/2024,118.73,"583,736",118.52,120.12,117.3
08/13/2024,118.7,"656,407",120.0,120.4,118.03
08/12/2024,120.0,"793,328",118.78,120.06,117.215
08/09/2024,117.67,"1,288,516",118.51,119.94,115.32
08/08/2024,116.92,"2,531,511",112.38,120.08,112.38
08/07/2024,109.5,"1,263,082",109.2,110.46,108.71
08/06/2024,109.04,"1,271,739",107.89,110.3,107.67
08/05/2024,107.5,"592,863",104.02,107.585,102.46
08/02/2024,107.85,"581,056",108.43,109.74,107.35
08/01/2024,109.41,"827,770",109.39,110.3,107.32
07/31/2024,109.35,"1,552,912",106.0,110.07,104.76
07/30/2024,109.74,"730,830",108.07,110.07,107.74
07/29/2024,108.28,"576,264",108.11,108.68,107.71
07/26/2024,107.65,"545,517",108.45,109.48,107.12
07/25/2024,107.7,"641,563",107.23,109.3,106.63
07/24/2024,107.05,"714,200",105.07,108.07,104.675
07/23/2024,105.58,"719,480",105.69,106.61,105.19
07/22/2024,105.63,"552,895",105.9,106.26,104.77
07/19/2024,104.34,"680,692",106.06,106.08,104.02
07/18/2024,105.66,"944,262",105.99,106.68,105.435
07/17/2024,104.82,"692,125",106.09,106.55,104.57
07/16/2024,106.79,"1,111,294",106.92,107.69,105.71
07/15/2024,106.54,"1,221,781",111.22,111.39,106.4
07/12/2024,111.06,"595,478",110.78,111.735,109.94
07/11/2024,109.94,"552,065",110.39,111.1949,109.65
07/10/2024,109.97,"510,301",110.64,111.69,109.655
07/09/2024,110.75,"406,648",112.33,112.93,110.6
07/08/2024,112.18,"566,314",111.16,112.879,110.78
07/05/2024,110.78,"1,471,006",112.56,113.3,110.77
07/03/2024,112.52,"632,142",110.58,112.934,110.58
07/02/2024,110.15,"676,494",107.8,110.16,107.47
07/01/2024,107.57,"611,214",108.06,108.32,107.02
06/28/2024,107.99,"2,525,281",108.36,108.62,106.75
06/27/2024,108.03,"381,191",107.78,108.27,107.08
06/26/2024,107.65,"984,391",106.14,108.44,106.14
06/25/2024,107.11,"650,627",106.93,107.14,105.91
06/24/2024,106.77,"788,223",106.87,108.68,105.97
06/21/2024,106.89,"1,483,818",104.73,107.46,103.75
06/20/2024,105.37,"926,858",104.46,106.07,103.4
06/18/2024,104.52,"715,966",103.91,104.93,103.265
06/17/2024,104.0,"1,479,658",104.95,106.1,100.76
06/14/2024,105.17,"760,996",106.98,106.98,104.66
06/13/2024,107.43,"474,537",107.41,107.5958,106.195
06/12/2024,107.94,"652,081",107.99,108.64,107.3929
06/11/2024,107.67,"768,104",107.44,108.46,106.21
06/10/2024,107.92,"531,183",107.42,108.575,106.63
06/07/2024,107.77,"503,359",107.59,108.65,107.305
06/06/2024,108.3,"689,427",107.51,109.53,107.51
06/05/2024,107.28,"831,185",107.585,108.46,107.15
06/04/2024,107.58,"652,213",108.02,108.57,106.61
06/03/2024,108.18,"729,354",110.99,110.99,107.495
05/31/2024,109.07,"774,556",107.88,109.985,107.43
05/30/2024,107.77,"1,107,990",108.81,111.07,107.25
05/29/2024,108.83,"641,338",108.21,110.51,107.7
05/28/2024,108.61,"1,073,389",107.5,108.85,106.805
05/24/2024,107.49,"559,404",106.16,108.58,106.085
05/23/2024,105.74,"539,276",106.87,107.19,104.95
05/22/2024,106.97,"908,487",107.82,108.7,106.31
05/21/2024,107.53,"952,555",106.93,108.72,106.85
05/20/2024,107.6,"986,931",105.19,107.8,104.835
05/17/2024,105.35,"519,197",105.25,105.98,104.52
05/16/2024,104.7,"687,325",105.44,105.7,104.095
05/15/2024,105.08,"1,067,443",104.51,105.46,102.755
05/14/2024,102.24,"1,026,905",99.69,102.49,99.44
05/13/2024,99.39,"699,745",100.12,101.06,98.9938
05/10/2024,100.0,"1,213,207",98.72,101.4,98.52
05/09/2024,98.2,"1,043,718",100.0,100.9,97.37
05/08/2024,98.27,"1,313,517",98.35,99.485,97.5
05/07/2024,98.8,"1,055,232",98.5,99.0889,98.0
05/06/2024,98.51,"1,110,029",98.53,100.27,98.0
05/03/2024,98.32,"1,323,653",95.73,98.99,95.73
05/02/2024,95.33,"611,738",96.34,96.67,95.2
05/01/2024,95.71,"835,973",94.76,96.64,94.72
04/30/2024,94.67,"683,545",95.75,96.22,94.63
04/29/2024,96.49,"607,052",96.76,97.23,95.7
04/26/2024,96.76,"423,293",96.66,96.985,95.12
04/25/2024,96.2,"591,071",94.9,96.72,94.32
04/24/2024,95.89,"498,196",95.74,96.8,94.5
04/23/2024,95.66,"527,598",95.38,96.48,95.21
04/22/2024,95.5,"1,156,053",95.75,96.02,94.57
04/19/2024,95.52,"789,748",95.58,95.93,94.56
04/18/2024,95.79,"760,572",97.13,97.28,95.22
04/17/2024,96.32,"657,030",97.78,98.84,96.25
04/16/2024,97.43,"808,137",97.14,97.72,95.78
04/15/2024,97.6,"1,100,875",98.56,98.56,96.385
04/12/2024,98.0,"1,509,286",99.3,99.4,96.75
04/11/2024,97.66,"584,409",98.48,98.48,96.265
04/10/2024,97.55,"838,946",97.37,97.64,95.68
04/09/2024,97.5,"1,559,119",96.3,97.58,95.64
04/08/2024,95.87,"1,714,754",93.5,96.18,93.5
04/05/2024,92.51,"789,595",92.22,93.01,91.375
04/04/2024,91.79,"1,097,792",92.74,93.75,91.72
04/03/2024,92.62,"3,322,695",89.51,92.72,89.1
04/02/2024,90.63,"4,010,338",86.16,91.14,85.01
04/01/2024,86.18,"884,812",87.2,87.53,85.77
03/28/2024,86.41,"736,118",86.7,87.33,85.93
03/27/2024,86.39,"784,563",86.67,86.78,85.56
03/26/2024,86.23,"747,110",86.03,86.44,85.215
03/25/2024,85.81,"1,526,182",86.8,87.19,84.88
03/22/2024,86.63,"1,119,365",86.3,87.5,86.04
03/21/2024,86.42,"1,596,287",87.0,87.42,85.4501
03/20/2024,87.37,"4,944,530",81.15,87.5,80.885
03/19/2024,81.02,"1,035,279",81.05,81.71,80.03
03/18/2024,80.81,"1,339,259",79.8,81.67,79.65
03/15/2024,79.79,"1,413,304",80.31,80.86,79.44
03/14/2024,79.7,"1,196,916",81.08,81.43,79.32
03/13/2024,80.77,"1,834,258",81.3,81.5849,80.11
03/12/2024,81.28,"903,059",80.5,81.44,80.22
03/11/2024,81.3,"1,180,817",81.86,81.86,80.41
03/08/2024,81.39,"843,615",80.24,81.82,80.0
03/07/2024,80.61,"1,282,791",81.25,81.83,80.47
03/06/2024,79.29,"1,441,052",81.0,81.3,78.93
03/05/2024,80.58,"3,632,044",78.85,81.54,78.69
03/04/2024,81.67,"733,756",82.34,83.215,81.07
03/01/2024,82.31,"1,108,636",83.71,83.91,81.783
02/29/2024,83.73,"1,135,936",82.41,85.165,82.355
02/28/2024,82.93,"2,118,693",83.25,86.7367,82.9
02/27/2024,86.3,"1,002,811",84.46,86.64,83.93
02/26/2024,84.46,"1,173,281",86.28,86.4,84.42
02/23/2024,85.81,"858,932",86.57,86.8,85.3
02/22/2024,86.15,"876,415",85.61,86.29,85.29
02/21/2024,85.57,"1,413,409",85.65,85.8435,84.38
02/20/2024,85.76,"921,893",85.71,86.95,85.5
02/16/2024,85.63,"1,023,510",86.63,87.02,85.63
02/15/2024,87.0,"1,501,755",87.82,88.575,86.61
02/14/2024,87.56,"851,520",87.1,87.9,86.2
02/13/2024,87.5,"1,460,240",86.65,88.32,86.015
02/12/2024,87.08,"694,981",87.69,87.83,86.71
02/09/2024,86.13,"850,685",86.01,86.52,85.73
02/08/2024,85.93,"933,739",87.62,87.6425,85.44
02/07/2024,87.3,"1,291,000",86.46,88.02,85.83
02/06/2024,87.17,"1,183,754",86.93,87.84,86.0
02/05/2024,85.55,"1,003,151",84.86,85.89,84.285
02/02/2024,85.09,"855,678",85.97,85.97,83.7017
02/01/2024,85.56,"989,416",84.47,85.79,83.79
01/31/2024,83.69,"970,674",85.24,85.5,83.43
01/30/2024,85.0,"1,938,335",82.4,85.97,82.4
01/29/2024,82.73,"2,950,832",85.0,85.34,82.455
01/26/2024,86.54,"1,341,818",87.76,87.77,85.76
01/25/2024,87.51,"1,833,365",88.47,89.5,86.79
01/24/2024,87.91,"2,702,547",89.57,90.26,87.22
01/23/2024,89.63,"11,818,030",95.44,95.92,86.75
01/22/2024,77.41,"878,503",77.96,79.135,77.4
01/19/2024,77.55,"1,056,889",76.2,78.08,76.04
01/18/2024,75.84,"947,475",77.12,77.16,75.345
01/17/2024,76.32,"663,285",76.28,77.44,76.22
01/16/2024,76.93,"1,385,977",77.09,77.66,75.96
01/12/2024,77.12,"1,687,385",81.5,81.62,76.94
01/11/2024,81.6,"831,742",80.8,81.785,80.0
01/10/2024,80.52,"563,479",80.42,80.76,79.86
01/09/2024,80.25,"650,130",80.04,80.515,79.47
01/08/2024,80.08,"1,249,933",79.05,80.25,78.46
01/05/2024,78.63,"1,070,493",78.7,79.34,78.08
01/04/2024,78.87,"738,391",79.77,80.0,78.55
01/03/2024,79.38,"1,019,770",79.93,80.27,78.94
01/02/2024,80.34,"768,383",81.02,81.5,79.86
12/29/2023,81.58,"927,775",81.18,81.83,80.09
12/28/2023,81.44,"1,016,419",81.03,81.85,80.79
12/27/2023,80.99,"735,349",79.9,81.0,79.9
12/26/2023,79.72,"1,361,081",78.76,80.02,78.6
12/22/2023,78.84,"656,419",79.58,79.79,78.51
12/21/2023,79.02,"701,090",77.95,79.22,77.49
12/20/2023,77.66,"961,460",78.7,79.78,77.64
12/19/2023,79.03,"2,130,346",75.8,79.44,75.78
12/18/2023,76.69,"1,152,375",76.3,77.6,75.63
12/15/2023,75.99,"2,639,285",75.01,76.17,74.56
12/14/2023,75.13,"1,800,332",74.59,75.3,74.25
12/13/2023,73.63,"1,328,008",73.72,73.83,72.3416
12/12/2023,73.82,"1,023,067",73.46,74.73,72.625
12/11/2023,73.3,"1,104,314",73.77,74.1,72.87
12/08/2023,73.77,"1,035,208",72.46,73.98,72.335
12/07/2023,72.8,"1,075,833",73.43,73.62,72.34
12/06/2023,73.17,"1,100,488",74.22,74.76,73.155
12/05/2023,73.95,"1,962,989",75.35,75.355,73.43
12/04/2023,75.5,"1,217,068",78.23,78.23,75.44
12/01/2023,78.24,"769,476",77.06,78.25,76.385
11/30/2023,77.33,"1,397,970",77.41,77.89,76.265
11/29/2023,77.68,"1,064,492",78.0,78.56,76.62
11/28/2023,78.18,"923,244",79.23,79.23,77.59
11/27/2023,79.23,"2,219,945",78.27,79.26,78.0792
11/24/2023,78.5,"409,111",78.1,79.25,77.5001
11/22/2023,78.46,"912,128",78.19,79.54,77.89
11/21/2023,78.31,"1,059,607",77.87,78.5406,77.5
11/20/2023,77.86,"1,366,898",78.35,78.98,76.5
11/17/2023,78.32,"877,672",78.29,78.6,77.103
11/16/2023,78.12,"1,360,836",78.04,78.52,77.55
11/15/2023,78.05,"2,742,535",79.3,79.39,76.26
11/14/2023,79.9,"1,848,129",81.0,81.0,79.04
11/13/2023,79.97,"4,245,022",78.78,80.35,78.38
11/10/2023,79.26,"7,239,153",77.24,79.78,77.0
11/09/2023,84.9,"938,140",85.55,86.1,84.63
11/08/2023,84.6,"1,182,474",86.675,87.67,84.27
11/07/2023,85.66,"958,957",84.41,86.55,84.06
11/06/2023,84.61,"955,879",85.61,85.61,84.03
11/03/2023,84.93,"641,803",84.98,85.45,83.93
11/02/2023,83.46,"484,000",83.11,84.29,82.335
11/01/2023,82.39,"642,633",82.04,83.0,81.42
10/31/2023,81.98,"652,372",82.82,83.17,81.5
10/30/2023,82.91,"548,318",82.42,83.51,81.55
10/27/2023,81.97,"912,065",82.54,85.4,81.31
10/26/2023,81.11,"1,454,251",79.17,82.5,78.62
10/25/2023,78.64,"471,426",78.73,80.15,78.01
10/24/2023,80.5,"1,121,440",79.77,80.53,78.47
10/23/2023,78.84,"715,307",77.2,79.73,77.07
10/20/2023,77.97,"702,021",76.6,78.04,76.31
10/19/2023,76.57,"1,474,445",76.74,78.0,76.31
10/18/2023,76.87,"573,086",79.0,80.05,76.82
10/17/2023,79.87,"1,122,222",79.6,80.91,79.34
10/16/2023,80.3,"1,014,110",78.23,80.75,78.23
10/13/2023,77.63,"1,330,345",80.72,80.74,77.61
10/12/2023,79.93,"855,336",80.09,80.78,79.41
10/11/2023,80.23,"1,813,012",81.99,81.99,79.13
10/10/2023,82.06,"445,263",82.96,83.25,82.02
10/09/2023,82.92,"464,118",81.42,83.504,81.42
10/06/2023,81.99,"570,515",81.99,82.71,80.95
10/05/2023,82.17,"661,801",83.37,85.1,82.02
10/04/2023,83.43,"977,278",84.23,84.23,82.0401
10/03/2023,84.49,"1,025,517",84.5,85.58,84.1
10/02/2023,85.0,"1,166,736",84.35,85.27,82.8701
09/29/2023,84.06,"1,225,368",82.53,84.95,82.33
09/28/2023,82.47,"1,091,572",80.71,82.5275,80.43
09/27/2023,80.82,"1,254,620",81.33,82.06,80.535
09/26/2023,81.06,"1,325,208",81.49,82.05,80.43
09/25/2023,82.17,"1,315,499",83.43,83.87,81.75
09/22/2023,83.79,"1,932,891",86.43,86.94,83.08
09/21/2023,85.97,"5,660,193",96.16,96.16,84.83
09/20/2023,104.73,"812,525",105.71,105.94,104.24
09/19/2023,105.5,"1,280,008",103.96,106.16,102.98
09/18/2023,104.13,"1,226,948",100.51,104.46,100.5
09/15/2023,100.11,"2,453,515",101.28,102.3,98.65
09/14/2023,100.76,"1,160,691",101.06,102.98,100.08
09/13/2023,101.0,"1,733,567",104.5,104.5,100.0
09/12/2023,103.05,"617,793",102.0,103.98,100.0
09/11/2023,100.65,"1,642,135",99.51,101.94,98.07
09/08/2023,98.05,"1,327,552",101.04,101.35,97.07
09/07/2023,99.41,"1,043,837",99.29,101.41,98.55
09/06/2023,100.0,"1,164,664",100.7,100.8,98.04
09/05/2023,100.07,"1,692,387",103.0,103.0,96.115
09/01/2023,104.58,"1,922,400",98.0,104.86,97.32
08/31/2023,96.55,"5,056,652",110.05,110.05,93.93
08/30/2023,110.05,"930,926",115.47,115.56,109.61
08/29/2023,115.34,"381,337",115.44,116.48,114.82
08/28/2023,115.93,"315,631",113.48,116.375,113.48
08/25/2023,113.69,"350,007",114.12,114.92,112.89
08/24/2023,113.76,"399,242",114.56,118.04,113.17
08/23/2023,115.14,"297,665",115.68,116.86,114.56
08/22/2023,115.14,"613,319",113.36,115.66,113.36
08/21/2023,113.88,"470,611",112.33,113.93,111.25
08/18/2023,112.33,"472,613",109.48,112.72,108.98
08/17/2023,109.49,"511,305",112.48,113.23,108.5
08/16/2023,112.76,"378,357",113.5,114.26,112.1
08/15/2023,112.9,"566,781",111.97,114.5384,111.17
08/14/2023,111.75,"553,972",112.04,112.9,111.32
08/11/2023,111.7,"460,738",113.88,114.465,111.6
08/10/2023,114.0,"918,777",110.22,114.83,110.22
08/09/2023,109.3,"709,176",107.49,110.825,107.11
08/08/2023,107.04,"319,363",108.03,108.38,105.845
08/07/2023,107.56,"428,756",105.62,107.72,105.0
08/04/2023,105.62,"556,302",105.96,107.11,105.32
08/03/2023,105.88,"427,121",105.13,107.4499,104.2
08/02/2023,105.77,"832,809",102.95,106.41,101.81
08/01/2023,104.06,"599,524",104.74,106.03,103.785
07/31/2023,105.0,"554,644",105.83,107.75,104.78
07/28/2023,105.91,"246,295",105.1,106.26,104.79
07/27/2023,105.07,"1,000,189",106.18,106.825,104.5
07/26/2023,105.75,"666,711",105.35,105.87,104.78
07/25/2023,106.01,"821,860",106.03,106.3125,105.62
07/24/2023,106.42,"324,788",105.28,106.65,104.6964
07/21/2023,105.87,"457,638",107.77,108.3886,104.97
07/20/2023,108.23,"475,143",105.61,108.34,104.34
07/19/2023,105.9,"352,865",106.73,107.91,105.7
07/18/2023,106.73,"423,286",107.32,108.0899,105.85
07/17/2023,107.12,"859,217",107.65,107.99,105.4
07/14/2023,108.03,"623,825",107.64,109.045,107.32
07/13/2023,107.86,"596,644",109.16,109.79,107.2
07/12/2023,109.21,"1,061,809",111.5,112.0,108.5855
07/11/2023,111.0,"772,030",109.52,112.215,109.05
07/10/2023,109.0,"551,714",107.34,109.9584,106.8501
07/07/2023,107.84,"361,328",107.29,108.053,107.035
07/06/2023,107.29,"541,489",108.11,108.28,106.67
07/05/2023,108.45,"265,853",108.69,108.815,107.27
07/03/2023,108.54,"207,626",108.17,109.24,107.59
06/30/2023,108.47,"346,185",108.18,108.87,107.37
06/29/2023,107.87,"509,614",107.93,108.32,106.29
06/28/2023,108.03,"470,055",107.22,108.319,106.3
06/27/2023,107.56,"1,249,966",105.48,108.35,104.5
06/26/2023,105.2,"1,034,393",100.85,105.71,100.825
06/23/2023,100.81,"433,521",101.1,101.61,99.96
06/22/2023,101.46,"334,488",100.83,101.79,100.37
06/21/2023,101.31,"395,700",101.09,101.68,100.34
06/20/2023,101.01,"512,171",102.39,102.68,100.68
06/16/2023,102.72,"698,886",104.04,104.71,101.315
06/15/2023,103.42,"526,530",102.06,103.61,101.25
06/14/2023,101.98,"503,771",101.7,102.97,101.41
06/13/2023,101.44,"366,583",100.41,102.42,100.41
06/12/2023,100.79,"500,069",99.0,101.86,98.76
06/09/2023,98.54,"1,034,570",98.02,99.61,97.72
06/08/2023,97.96,"994,065",99.0,99.76,95.56
06/07/2023,98.71,"671,982",100.0,100.9405,98.21
06/06/2023,99.93,"360,696",100.08,100.36,99.25
06/05/2023,100.22,"429,073",101.65,101.97,99.65
06/02/2023,101.65,"373,915",99.75,102.71,99.75
06/01/2023,99.63,"647,145",101.94,102.41,99.6
05/31/2023,101.32,"703,684",101.0,102.195,100.15
05/30/2023,101.13,"391,861",99.99,102.18,99.99
05/26/2023,100.1,"514,876",101.9,101.9,99.77
05/25/2023,101.53,"479,465",101.51,102.58,100.34
05/24/2023,102.13,"604,902",101.3,103.02,100.71
05/23/2023,101.18,"659,638",101.08,102.06,100.235
05/22/2023,101.94,"805,844",101.95,104.27,100.91
05/19/2023,101.64,"938,811",103.58,103.793,100.0057
05/18/2023,103.99,"1,299,941",101.28,104.695,101.28
05/17/2023,100.91,"2,367,728",107.0,107.745,98.93
05/16/2023,108.84,"1,120,026",107.0,109.235,105.54
05/15/2023,107.19,"828,042",104.55,108.97,104.13
05/12/2023,105.17,"429,632",104.41,105.81,104.08
05/11/2023,104.71,"483,718",105.66,105.66,104.36
05/10/2023,105.05,"659,941",106.25,107.39,104.72
05/09/2023,105.78,"669,758",106.42,108.49,105.75
05/08/2023,106.34,"499,501",107.25,107.32,106.16
05/05/2023,106.86,"999,302",106.52,107.8101,104.6204
05/04/2023,105.44,"683,815",108.08,109.84,105.37
05/03/2023,108.14,"1,018,668",106.34,108.61,106.2
05/02/2023,105.72,"836,358",108.14,108.5,105.69
05/01/2023,108.47,"477,341",106.88,108.68,106.88
04/28/2023,107.17,"822,567",106.88,108.03,106.54
04/27/2023,105.63,"986,188",105.76,107.04,105.08
04/26/2023,105.94,"858,640",107.68,108.1968,105.92
04/25/2023,108.2,"800,185",108.91,109.18,107.75
04/24/2023,109.17,"885,482",108.68,110.235,108.27
04/21/2023,109.35,"1,515,506",105.88,109.8,105.41
04/20/2023,106.2,"979,157",105.9,107.0994,105.38
04/19/2023,105.88,"739,617",105.32,105.9,104.65
04/18/2023,105.65,"696,017",105.36,105.69,104.3501
04/17/2023,105.46,"946,885",104.8,105.52,103.94
04/14/2023,104.69,"641,162",102.89,104.72,102.23
04/13/2023,103.15,"1,177,751",104.88,104.89,102.13
04/12/2023,102.78,"1,385,652",103.45,103.97,101.82
04/11/2023,102.87,"1,676,172",102.57,103.09,99.45
04/10/2023,102.81,"1,976,470",100.44,103.56,100.28
04/06/2023,100.38,"1,693,406",98.92,101.084,98.22
04/05/2023,98.88,"3,082,848",97.34,99.7,96.52
04/04/2023,97.23,"9,153,641",89.33,97.68,89.0
04/03/2023,89.3,"9,777,572",85.6,90.15,82.81
03/31/2023,91.26,"1,825,275",91.01,92.45,90.7993
03/30/2023,90.6,"1,321,317",89.26,92.0,89.26
03/29/2023,89.32,"1,224,200",88.12,90.35,87.61
03/28/2023,87.98,"2,025,886",86.94,92.1994,86.69
03/27/2023,87.37,"870,576",85.17,87.81,85.0006
03/24/2023,84.95,"392,211",84.08,85.145,83.98
03/23/2023,84.35,"461,701",84.48,86.2,83.9
03/22/2023,84.18,"439,046",86.26,86.395,84.15
03/21/2023,86.12,"491,714",85.36,86.15,85.36
03/20/2023,84.79,"692,133",83.74,85.42,83.36
03/17/2023,83.33,"983,788",84.55,84.55,82.15
03/16/2023,84.35,"771,613",82.59,84.88,82.51
03/15/2023,83.56,"1,473,876",81.17,84.11,81.17
03/14/2023,81.76,"1,781,111",80.52,82.3399,80.42
03/13/2023,80.16,"1,157,316",80.54,80.92,79.27
03/10/2023,81.15,"812,506",80.78,81.48,80.595
03/09/2023,81.0,"985,783",81.71,81.795,80.32
03/08/2023,81.66,"993,130",81.21,82.39,80.46
03/07/2023,81.37,"381,666",81.88,82.455,81.255
03/06/2023,81.79,"656,134",83.56,83.57,81.79
03/03/2023,83.58,"615,717",83.48,84.12,83.21
03/02/2023,83.55,"454,738",82.96,84.069,82.46
03/01/2023,83.67,"850,521",84.11,84.84,83.55
02/28/2023,84.0,"1,010,374",86.0,86.31,83.94
02/27/2023,86.01,"658,794",85.48,86.525,85.01
02/24/2023,85.79,"700,311",85.32,86.61,85.0
02/23/2023,86.52,"524,408",85.19,86.53,85.07
02/22/2023,85.07,"693,747",86.13,87.26,85.05
02/21/2023,86.44,"819,085",87.46,88.4,85.88
02/17/2023,87.98,"3,005,363",87.41,91.48,87.14
02/16/2023,87.17,"589,236",87.1,87.65,86.435
02/15/2023,87.41,"272,177",87.29,87.61,86.91
02/14/2023,87.29,"622,442",86.99,87.87,86.62
02/13/2023,87.49,"387,394",87.86,88.19,87.31
02/10/2023,87.84,"367,636",88.09,89.04,87.6
02/09/2023,88.5,"577,285",89.59,89.65,87.53
02/08/2023,89.15,"357,328",90.42,91.0,89.08
02/07/2023,90.42,"518,421",90.37,90.54,88.71
02/06/2023,90.55,"778,351",89.23,90.56,88.11
02/03/2023,89.72,"1,971,742",86.0,90.675,86.0
02/02/2023,85.31,"1,142,452",86.38,86.38,84.4
02/01/2023,86.2,"701,944",84.45,86.71,84.02
01/31/2023,84.62,"665,872",84.75,85.53,83.92
01/30/2023,84.95,"634,625",84.41,85.67,84.195
01/27/2023,84.63,"541,996",85.4,86.25,84.51
01/26/2023,85.79,"501,779",86.35,87.04,85.67
01/25/2023,86.77,"526,768",87.3,88.06,86.48
01/24/2023,87.12,"584,443",88.0,88.56,87.09
01/23/2023,88.4,"1,109,243",88.5,88.84,87.78
01/20/2023,88.69,"639,975",89.48,90.035,88.38
01/19/2023,88.85,"564,701",89.0,89.485,88.2412
01/18/2023,88.84,"681,103",89.96,90.38,88.6304
01/17/2023,89.66,"1,612,709",90.99,91.06,87.9
01/13/2023,89.4,"1,386,104",89.17,90.61,87.77
01/12/2023,89.34,"2,323,993",89.51,90.3899,88.0101
01/11/2023,89.5,"3,194,147",92.5,93.63,87.65
01/10/2023,90.24,"1,479,011",88.72,90.76,87.76
01/09/2023,87.82,"3,400,349",84.4,89.5,83.49
01/06/2023,84.27,"8,427,174",80.05,89.4299,80.05
01/05/2023,72.04,"1,163,084",70.31,72.12,69.9
01/04/2023,70.45,"625,343",68.74,70.74,68.74
01/03/2023,68.58,"906,500",68.73,69.37,68.05
12/30/2022,68.52,"432,899",68.06,68.53,67.31
12/29/2022,68.52,"364,853",67.99,68.57,67.47
12/28/2022,67.51,"384,679",68.84,68.86,67.41
12/27/2022,69.14,"267,443",69.43,69.96,68.94
12/23/2022,69.74,"405,746",70.89,71.25,69.12
12/22/2022,71.24,"407,740",69.96,71.27,69.92
12/21/2022,70.45,"355,102",70.81,71.0,70.12
12/20/2022,70.7,"793,860",70.62,71.72,70.55
12/19/2022,70.43,"711,913",73.67,73.67,69.81
12/16/2022,73.78,"945,019",72.22,73.97,72.0692
12/15/2022,72.38,"403,530",73.22,73.22,72.25
12/14/2022,73.69,"556,260",73.11,74.04,72.71
12/13/2022,73.73,"1,000,791",76.26,76.4958,73.67
12/12/2022,75.41,"887,439",75.85,76.18,73.58
12/09/2022,75.73,"696,542",76.71,77.56,75.63
12/08/2022,76.82,"557,871",77.71,77.71,75.96
12/07/2022,77.27,"471,136",77.78,78.74,77.23
12/06/2022,77.85,"445,598",78.57,78.975,77.5
12/05/2022,78.8,"445,105",79.89,80.33,78.37
12/02/2022,80.5,"536,198",78.56,80.715,78.44
12/01/2022,79.11,"658,546",79.96,79.99,76.36
11/30/2022,79.88,"1,546,737",79.22,80.43,78.01
11/29/2022,79.39,"649,563",81.08,81.08,78.855
11/28/2022,80.8,"719,214",80.39,81.63,79.41
11/25/2022,80.71,"139,735",80.34,80.87,80.33
11/23/2022,80.43,"298,569",79.61,80.98,79.61
11/22/2022,79.55,"399,540",78.82,80.09,78.81
11/21/2022,78.81,"332,514",79.17,79.59,77.81
11/18/2022,78.38,"682,406",77.37,78.79,77.37
11/17/2022,77.0,"410,444",77.13,77.47,76.535
11/16/2022,77.8,"679,489",76.99,77.99,76.394
11/15/2022,76.91,"748,211",75.8,77.62,74.84
11/14/2022,75.28,"593,643",75.34,77.42,75.16
11/11/2022,75.32,"498,383",76.03,76.16,74.32
11/10/2022,75.61,"514,318",76.13,76.23,74.29
11/09/2022,74.88,"337,871",75.11,75.99,74.5136
11/08/2022,75.31,"395,141",74.5,75.89,73.89
11/07/2022,74.19,"623,625",74.1,74.86,73.4
11/04/2022,74.02,"736,658",74.07,74.425,72.7
11/03/2022,74.03,"1,531,750",76.1,77.13,72.01
11/02/2022,77.54,"568,601",78.38,79.41,77.29
11/01/2022,78.71,"473,780",78.92,79.4799,78.185
10/31/2022,78.89,"763,121",78.75,79.58,78.22
10/28/2022,78.72,"489,098",78.73,78.87,77.26
10/27/2022,78.44,"822,472",79.15,79.68,78.21
10/26/2022,78.84,"548,207",78.58,79.57,78.5
10/25/2022,77.9,"914,976",77.67,78.47,76.76
10/24/2022,77.5,"1,026,082",78.66,79.83,77.25
10/21/2022,78.11,"682,748",76.48,78.245,76.28
10/20/2022,76.48,"454,322",76.89,77.34,75.8948
10/19/2022,77.02,"547,239",77.0,77.3625,76.02
10/18/2022,76.31,"771,922",76.12,76.72,75.035
10/17/2022,75.42,"588,751",76.01,76.9,75.24
10/14/2022,75.71,"534,414",76.1,76.73,75.02
10/13/2022,75.49,"471,975",73.85,75.71,73.03
10/12/2022,74.55,"651,533",75.0,75.49,73.54
10/11/2022,74.94,"1,796,483",73.4,76.13,73.14
10/10/2022,73.95,"624,382",72.88,74.24,72.58
10/07/2022,72.73,"529,267",73.05,73.8331,72.1
10/06/2022,73.21,"532,528",73.59,74.06,72.11
10/05/2022,73.73,"1,306,240",73.82,75.44,73.46
10/04/2022,74.12,"1,853,132",72.57,74.15,72.365
10/03/2022,72.11,"796,603",70.94,72.91,70.2933
09/30/2022,70.17,"1,168,729",68.95,71.42,68.95
09/29/2022,69.19,"485,780",68.7,69.2,67.93
09/28/2022,68.79,"1,467,727",68.38,70.23,68.37
09/27/2022,68.2,"777,162",68.09,69.95,67.45
09/26/2022,67.69,"1,084,081",67.32,68.445,66.655
09/23/2022,67.96,"960,063",68.0,68.48,66.43
09/22/2022,68.2,"733,023",67.59,68.23,66.515
09/21/2022,67.15,"641,110",67.36,68.45,66.9275
09/20/2022,67.67,"329,066",68.54,68.55,66.88
09/19/2022,68.76,"377,707",67.41,68.76,67.25
09/16/2022,67.64,"688,858",67.74,67.74,66.13
09/15/2022,68.2,"355,470",69.13,69.88,67.885
09/14/2022,68.8,"418,939",68.22,68.9381,67.47
09/13/2022,68.26,"553,720",68.93,69.83,68.14
09/12/2022,70.1,"396,592",69.38,70.62,69.26
09/09/2022,69.26,"424,560",68.37,69.41,68.0701
09/08/2022,68.1,"792,484",66.99,69.49,66.65
09/07/2022,66.54,"759,846",67.28,68.06,65.0401
09/06/2022,67.67,"576,217",68.0,68.04,66.77
09/02/2022,67.8,"613,448",67.92,68.48,67.48
09/01/2022,67.5,"381,750",67.72,68.2,66.56
08/31/2022,68.01,"632,264",67.23,68.15,66.99
08/30/2022,67.15,"573,280",67.1,67.39,65.84
08/29/2022,67.36,"297,949",67.12,67.91,66.98
08/26/2022,67.62,"272,507",69.2,69.81,67.62
08/25/2022,69.69,"237,586",69.52,70.12,69.225
08/24/2022,68.85,"444,268",68.79,69.62,68.05
08/23/2022,68.84,"508,876",70.1,70.28,68.38
08/22/2022,69.7,"367,424",70.42,70.91,69.62
08/19/2022,70.89,"465,982",70.04,71.15,69.95
08/18/2022,70.66,"555,009",71.53,71.56,70.23
08/17/2022,71.81,"594,418",73.19,73.28,71.01
08/16/2022,73.26,"935,873",73.01,75.23,72.98
08/15/2022,72.17,"447,182",72.31,73.15,71.42
08/12/2022,72.54,"301,263",72.22,73.09,71.6
08/11/2022,72.44,"1,005,797",72.67,73.69,72.0
08/10/2022,72.21,"581,704",72.81,73.48,71.84
08/09/2022,72.13,"441,237",71.53,72.16,70.75
08/08/2022,71.66,"436,027",71.0,72.17,70.38
08/05/2022,70.85,"431,175",70.58,71.445,69.58
08/04/2022,71.23,"342,204",70.78,71.875,70.3
08/03/2022,70.98,"305,340",71.04,71.46,70.41
08/02/2022,70.73,"415,226",70.69,71.19,69.94
08/01/2022,70.71,"758,197",69.72,71.37,69.03
07/29/2022,69.31,"1,250,257",69.42,70.4,67.83
07/28/2022,69.49,"790,024",67.86,69.51,67.16
07/27/2022,68.15,"991,960",69.29,69.98,67.73
07/26/2022,69.39,"2,049,323",71.74,72.71,67.81
07/25/2022,71.81,"3,662,907",69.81,73.34,69.04
07/22/2022,66.22,"498,505",65.93,66.6,65.56
07/21/2022,65.81,"389,878",65.51,66.46,65.06
07/20/2022,66.27,"474,374",65.02,66.35,64.56
07/19/2022,64.51,"958,698",63.59,64.98,63.59
07/18/2022,63.29,"484,801",63.85,64.36,63.1
07/15/2022,63.63,"412,573",63.23,63.78,62.8
07/14/2022,62.78,"437,882",62.44,63.09,61.84
07/13/2022,63.08,"402,414",62.99,63.9,62.03
07/12/2022,63.72,"412,271",62.8,64.42,62.8
07/11/2022,62.96,"419,098",63.39,63.76,62.86
07/08/2022,63.76,"616,890",65.09,65.44,63.56
07/07/2022,65.07,"480,254",63.95,65.085,63.79
07/06/2022,63.49,"533,533",62.54,63.78,62.53
07/05/2022,62.12,"921,459",61.74,62.18,60.01
07/01/2022,62.56,"677,339",62.21,62.73,61.14
06/30/2022,62.49,"953,256",61.67,64.24,61.38
06/29/2022,62.01,"538,011",61.21,62.13,60.81
06/28/2022,61.15,"674,529",61.37,62.0,60.94
06/27/2022,61.0,"504,027",60.71,61.2,60.02
06/24/2022,60.62,"592,092",59.93,61.21,59.7912
06/23/2022,59.43,"774,693",60.35,60.83,58.72
06/22/2022,60.31,"905,743",60.27,61.07,59.89
06/21/2022,61.02,"1,180,347",62.5,63.09,60.95
06/17/2022,62.51,"1,568,455",64.49,64.67,61.97
06/16/2022,64.87,"1,515,773",66.19,67.73,64.45
06/15/2022,67.18,"2,131,037",65.05,68.73,64.56
06/14/2022,64.01,"548,456",64.0,64.09,62.81
06/13/2022,63.85,"830,852",62.36,63.91,62.201
06/10/2022,63.64,"882,170",65.24,65.3559,63.6
06/09/2022,66.47,"1,089,124",66.01,67.5,65.9047
06/08/2022,66.15,"530,947",66.84,67.37,65.81
06/07/2022,67.02,"382,619",66.23,67.15,65.8013
06/06/2022,66.56,"544,654",67.1,68.0,66.54
06/03/2022,66.7,"376,650",66.45,67.27,66.33
06/02/2022,67.3,"503,641",67.33,67.48,65.5
06/01/2022,67.08,"855,824",67.22,68.72,66.46
05/31/2022,66.77,"550,762",66.82,67.43,65.77
05/27/2022,67.14,"1,292,901",66.84,67.49,65.41
05/26/2022,66.09,"1,579,013",64.15,66.59,64.0
05/25/2022,63.76,"1,073,145",61.3,64.59,61.3
05/24/2022,61.66,"680,057",61.47,62.09,60.455
05/23/2022,61.68,"579,651",61.26,62.58,60.36
05/20/2022,60.91,"706,607",60.47,60.97,59.6
05/19/2022,60.32,"630,617",59.84,60.885,59.47
05/18/2022,60.2,"633,936",59.08,60.62,58.85
05/17/2022,59.88,"447,121",58.63,59.9699,58.31
05/16/2022,58.04,"455,671",58.61,59.315,57.87
05/13/2022,58.25,"452,363",58.06,58.54,57.59
05/12/2022,57.35,"545,122",57.23,58.04,56.2909
05/11/2022,57.01,"535,365",57.81,59.225,56.915
05/10/2022,57.92,"725,896",56.27,58.33,56.27
05/09/2022,55.51,"988,395",57.78,58.31,55.09
05/06/2022,58.58,"1,404,366",59.91,60.05,56.3649
05/05/2022,59.49,"394,825",60.82,60.82,59.15
05/04/2022,61.54,"738,664",60.39,61.57,59.46
05/03/2022,60.17,"464,092",59.84,60.45,59.36
05/02/2022,59.81,"555,935",58.3,59.89,58.0
04/29/2022,58.39,"565,213",60.6,61.31,58.36
04/28/2022,60.65,"605,819",59.46,60.7,58.87
04/27/2022,59.59,"732,804",60.15,60.68,58.87
04/26/2022,60.61,"570,760",60.49,61.0733,60.1
04/25/2022,60.81,"588,235",61.06,61.43,59.37
04/22/2022,60.99,"721,257",61.415,61.77,60.17
04/21/2022,61.51,"699,841",61.57,62.15,60.73
04/20/2022,60.78,"791,348",60.1,61.03,59.37
04/19/2022,60.27,"367,737",59.82,60.56,59.76
04/18/2022,59.86,"433,507",59.73,60.27,59.04
04/14/2022,60.01,"306,584",60.62,60.86,59.98
04/13/2022,60.5,"261,328",59.83,60.78,59.83
04/12/2022,59.99,"517,638",61.46,62.17,59.87
04/11/2022,61.29,"357,438",61.03,61.76,60.76
04/08/2022,61.49,"473,980",61.75,62.08,61.2
04/07/2022,61.76,"1,261,778",62.09,62.48,60.55
04/06/2022,61.78,"376,071",61.91,62.36,61.23
04/05/2022,62.42,"565,430",62.94,63.43,62.09
04/04/2022,62.94,"334,562",62.93,63.5,62.22
04/01/2022,62.41,"300,252",62.39,63.08,62.1
03/31/2022,62.44,"415,188",62.61,63.035,62.04
03/30/2022,62.38,"588,559",62.7,63.17,62.23
03/29/2022,63.1,"580,737",61.54,63.71,61.42
03/28/2022,61.0,"705,879",61.0,61.4105,60.11
03/25/2022,61.06,"335,598",61.25,61.71,60.8223
03/24/2022,61.43,"609,030",61.61,62.16,60.94
03/23/2022,61.38,"674,655",59.84,62.29,59.84
03/22/2022,60.82,"879,753",59.53,61.49,59.53
03/21/2022,59.59,"788,911",59.92,60.26,58.99
03/18/2022,59.75,"1,083,968",58.99,60.26,58.34
03/17/2022,58.84,"649,139",58.4,59.08,58.0
03/16/2022,58.23,"1,130,371",56.12,58.33,56.12
03/15/2022,55.96,"788,258",56.01,56.3,54.66
03/14/2022,55.96,"987,790",56.38,56.74,55.45
03/11/2022,56.6,"412,524",57.13,57.36,56.306
03/10/2022,57.08,"428,379",56.25,57.32,55.854
03/09/2022,56.53,"338,380",57.59,57.7199,56.356
03/08/2022,56.69,"647,130",57.23,58.23,56.67
03/07/2022,57.53,"781,603",58.19,58.4,56.72
03/04/2022,58.69,"619,606",59.15,59.315,57.43
03/03/2022,59.72,"449,329",60.62,60.62,59.23
03/02/2022,60.48,"714,676",59.81,60.84,59.46
03/01/2022,59.35,"717,834",59.42,60.23,58.88
02/28/2022,59.26,"997,268",58.42,59.53,57.81
02/25/2022,58.6,"603,211",57.84,59.1,57.21
02/24/2022,58.29,"1,061,424",56.36,58.65,55.99
02/23/2022,57.58,"544,854",57.96,58.41,57.26
02/22/2022,57.79,"537,350",57.91,58.85,57.425
02/18/2022,58.55,"1,078,195",58.58,60.58,57.8
02/17/2022,58.63,"1,089,097",56.91,59.2,56.72
02/16/2022,57.45,"1,000,720",57.67,58.22,57.14
02/15/2022,58.29,"1,425,232",56.26,58.67,56.26
02/14/2022,56.04,"708,352",55.51,56.53,55.51
02/11/2022,55.7,"522,095",55.11,56.9,55.03
02/10/2022,55.33,"640,191",54.78,56.6,54.69
02/09/2022,54.97,"749,070",52.79,55.2999,52.79
02/08/2022,52.74,"540,100",52.435,53.56,51.97
02/07/2022,52.58,"607,654",51.49,52.62,51.18
02/04/2022,51.71,"1,528,180",50.92,53.13,49.92
02/03/2022,47.81,"650,771",49.18,49.62,47.72
02/02/2022,49.42,"470,581",50.46,50.46,49.08
02/01/2022,49.97,"737,776",50.11,50.43,49.21
01/31/2022,49.94,"559,735",48.52,50.215,48.52
01/28/2022,48.7,"377,265",48.59,49.31,47.71
01/27/2022,48.83,"545,611",49.07,50.3799,48.64
01/26/2022,48.55,"612,601",49.59,50.31,48.41
01/25/2022,49.05,"421,313",49.62,49.62,48.01
01/24/2022,50.0,"664,922",49.1,50.21,47.91
01/21/2022,49.65,"551,227",50.24,50.29,49.32
01/20/2022,50.5,"694,069",51.63,52.4,50.39
01/19/2022,51.42,"736,317",52.41,52.685,51.27
01/18/2022,52.45,"569,285",53.46,53.66,51.79
01/14/2022,53.17,"488,792",51.81,53.2,51.28
01/13/2022,52.38,"441,412",51.41,52.8,51.22
01/12/2022,51.12,"586,233",51.68,51.68,50.11
01/11/2022,51.54,"400,704",51.2,52.079,50.5
01/10/2022,51.16,"497,192",49.8,51.26,49.27
01/07/2022,50.02,"399,763",49.19,50.37,49.18
01/06/2022,49.02,"372,596",48.56,49.35,47.855
01/05/2022,48.67,"737,210",49.94,50.95,48.515
01/04/2022,50.52,"820,017",49.76,51.26,49.28
01/03/2022,49.86,"456,044",49.65,50.75,49.47
12/31/2021,49.34,"394,513",48.79,49.58,48.67
12/30/2021,48.98,"330,175",49.69,50.37,48.81
12/29/2021,49.51,"426,305",48.94,49.71,48.51
12/28/2021,48.97,"316,466",48.5,49.58,48.5
12/27/2021,48.69,"280,101",48.42,49.1,48.01
12/23/2021,48.36,"301,441",47.91,48.76,47.79
12/22/2021,47.75,"293,628",47.7,48.59,47.5
12/21/2021,47.59,"429,519",47.96,48.7299,47.26
12/20/2021,47.78,"573,965",47.6,48.41,47.0
12/17/2021,48.16,"709,688",47.59,48.39,46.91
12/16/2021,47.6,"461,751",48.45,48.82,47.31
12/15/2021,48.26,"434,321",47.47,48.665,47.095
12/14/2021,47.54,"576,842",47.7,48.62,47.3567
12/13/2021,48.12,"433,982",48.66,48.69,47.75
12/10/2021,49.12,"315,023",49.39,49.7,48.79
12/09/2021,48.71,"380,122",49.31,50.32,48.68
12/08/2021,49.76,"452,002",49.96,50.9,49.58
12/07/2021,49.76,"491,953",49.84,50.69,49.45
12/06/2021,49.34,"755,841",50.06,50.17,48.93
12/03/2021,49.42,"516,393",49.51,49.76,48.335
12/02/2021,49.13,"1,096,980",47.81,49.779,47.26
12/01/2021,47.71,"629,827",49.8,50.64,47.66
11/30/2021,49.36,"947,483",50.31,50.57,49.18
11/29/2021,50.8,"707,328",51.53,51.99,50.59
11/26/2021,51.37,"461,213",51.6,52.29,51.17
11/24/2021,53.08,"472,023",52.4,53.12,51.62
11/23/2021,52.5,"577,841",51.54,52.6,50.7
11/22/2021,51.2,"812,125",52.54,52.54,51.03
11/19/2021,52.66,"432,838",53.3,53.9,52.62
11/18/2021,53.33,"591,476",53.8,53.86,52.88
11/17/2021,53.88,"555,209",56.21,56.22,53.86
11/16/2021,56.23,"526,431",55.87,56.3,54.75
11/15/2021,56.15,"462,141",55.98,57.19,55.95
11/12/2021,55.91,"607,409",55.86,56.74,55.54
11/11/2021,55.78,"447,803",55.4,56.31,54.92
11/10/2021,55.29,"616,411",56.64,57.1,55.17
11/09/2021,56.79,"726,605",59.13,59.31,56.75
11/08/2021,59.03,"1,368,907",58.79,59.06,57.1
11/05/2021,58.66,"1,037,058",59.055,61.3,56.43
11/04/2021,60.34,"537,725",61.0,61.3,60.34
11/03/2021,60.94,"566,360",61.73,62.29,60.67
11/02/2021,61.79,"688,293",62.08,62.08,61.04
11/01/2021,61.82,"478,672",61.58,62.15,61.39
10/29/2021,61.09,"351,561",61.0,61.66,60.55
10/28/2021,61.27,"435,765",59.8,61.31,59.79
10/27/2021,59.86,"965,027",60.18,60.98,59.49
10/26/2021,60.58,"687,400",60.42,60.88,59.35
10/25/2021,60.29,"473,533",60.0,60.33,59.33
10/22/2021,60.05,"285,360",60.17,60.505,59.57
10/21/2021,60.24,"226,357",60.18,60.729,59.96
10/20/2021,60.27,"209,618",59.99,60.48,59.52
10/19/2021,59.97,"291,773",60.25,60.99,59.83
10/18/2021,59.7,"383,320",59.52,60.139,59.29
10/15/2021,59.49,"355,936",59.85,60.15,59.46
10/14/2021,59.48,"181,530",59.14,59.67,58.62
10/13/2021,58.88,"475,038",59.23,60.3,58.83
10/12/2021,59.22,"353,039",58.24,59.31,57.85
10/11/2021,58.28,"264,582",59.0,59.0,57.87
10/08/2021,58.82,"315,386",58.59,59.79,58.39
10/07/2021,58.24,"898,289",58.81,59.37,58.23
10/06/2021,58.28,"348,753",57.59,58.35,57.32
10/05/2021,57.94,"809,515",57.68,58.35,57.53
10/04/2021,57.58,"348,175",57.47,57.975,57.13
10/01/2021,57.65,"676,207",56.71,57.9674,56.23
09/30/2021,56.26,"272,582",56.34,57.0,55.8
09/29/2021,56.09,"394,167",56.39,57.1,55.71
09/28/2021,55.59,"371,728",55.97,56.19,55.35
09/27/2021,56.03,"429,515",56.0,56.62,55.71
09/24/2021,55.96,"536,356",55.71,56.06,55.25
09/23/2021,55.78,"317,256",55.31,56.09,55.15
09/22/2021,55.38,"329,329",56.13,56.19,54.87
09/21/2021,55.71,"532,029",55.0,56.17,54.75
09/20/2021,54.77,"670,832",54.32,54.82,53.77
09/17/2021,55.09,"1,028,613",55.5,56.23,55.0
09/16/2021,55.0,"678,421",54.89,55.26,52.72
09/15/2021,55.08,"1,303,685",53.88,55.19,53.83
09/14/2021,54.02,"756,053",54.12,54.57,53.445
09/13/2021,53.98,"801,069",52.32,54.16,51.66
09/10/2021,51.91,"1,709,339",50.55,53.41,50.51
09/09/2021,50.08,"341,016",50.52,50.52,49.41
09/08/2021,50.55,"544,688",50.92,51.29,50.2
09/07/2021,50.91,"307,788",51.62,51.89,50.73
09/03/2021,52.0,"368,739",52.3,52.3986,51.49
09/02/2021,52.59,"296,216",52.83,52.96,52.02
09/01/2021,52.35,"355,226",52.33,52.92,51.77
08/31/2021,52.11,"841,174",51.77,52.31,51.6
08/30/2021,51.93,"383,667",52.41,52.41,51.33
08/27/2021,52.0,"482,621",51.21,52.11,50.85
08/26/2021,51.34,"1,054,524",50.0,51.74,49.885
08/25/2021,50.21,"323,399",50.25,50.56,49.71
08/24/2021,50.02,"402,347",49.12,50.31,49.12
08/23/2021,49.05,"404,016",48.63,49.53,48.63
08/20/2021,48.51,"1,015,114",46.88,49.2,46.88
08/19/2021,47.25,"489,639",47.27,47.72,46.81
08/18/2021,47.94,"569,066",48.98,49.35,47.87
08/17/2021,48.95,"255,642",49.31,49.95,48.76
08/16/2021,49.8,"418,386",50.19,50.29,49.28
08/13/2021,50.26,"240,332",50.62,50.91,50.17
08/12/2021,50.47,"314,492",50.98,51.0,49.87
08/11/2021,50.68,"475,216",50.1,50.93,49.91
08/10/2021,50.24,"630,710",50.13,51.09,49.99
08/09/2021,49.76,"609,784",50.34,50.56,49.63
08/06/2021,50.33,"486,041",50.34,50.82,49.93
08/05/2021,50.1,"405,668",48.84,50.13,48.84
08/04/2021,48.59,"421,561",48.52,49.62,48.52
08/03/2021,48.66,"608,048",48.88,48.88,47.69
08/02/2021,49.15,"832,815",49.56,50.915,49.09
07/30/2021,49.38,"816,948",48.025,50.16,47.5298
07/29/2021,48.1,"593,889",49.22,49.725,48.1
07/28/2021,49.19,"406,513",49.59,49.69,48.605
07/27/2021,49.2,"455,536",49.55,49.73,48.95
07/26/2021,49.61,"419,840",49.02,50.1,48.77
07/23/2021,49.02,"339,951",49.7,49.7,48.46
07/22/2021,49.61,"546,581",49.54,50.11,48.555
07/21/2021,49.59,"1,545,570",48.94,50.2,48.67
07/20/2021,48.68,"873,021",49.06,50.0,48.63
07/19/2021,49.03,"971,466",49.6,50.01,48.3
07/16/2021,50.56,"1,302,626",51.64,51.64,50.22
07/15/2021,51.47,"2,264,318",54.96,55.12,50.415
07/14/2021,55.33,"271,228",56.0,56.09,55.26
07/13/2021,55.63,"364,107",55.61,56.26,55.19
07/12/2021,55.9,"458,653",56.54,56.54,55.56
07/09/2021,56.34,"500,564",55.64,56.43,55.06
07/08/2021,55.72,"506,445",55.62,56.2,55.02
07/07/2021,56.3,"442,656",56.49,57.27,55.75
07/06/2021,56.47,"680,905",57.69,57.69,55.79
07/02/2021,57.76,"335,505",58.31,58.35,57.1
07/01/2021,58.36,"340,133",58.0,58.485,57.66
06/30/2021,57.89,"1,132,370",57.66,58.36,57.44
06/29/2021,57.96,"534,910",58.75,59.14,57.82
06/28/2021,59.01,"413,055",59.8,60.1835,58.42
06/25/2021,59.94,"814,237",58.89,59.98,58.89
06/24/2021,58.79,"453,860",59.1,59.33,58.14
06/23/2021,58.6,"789,018",58.76,59.42,58.33
06/22/2021,59.16,"1,334,663",57.38,59.66,56.98
06/21/2021,57.78,"533,450",57.67,58.17,57.09
06/18/2021,57.83,"935,851",58.55,58.83,57.52
06/17/2021,58.78,"746,265",59.49,59.6,58.33
06/16/2021,59.73,"567,006",61.88,62.15,59.49
06/15/2021,61.69,"1,376,619",63.14,63.22,61.45
06/14/2021,63.44,"844,368",62.36,64.285,61.83
06/11/2021,62.55,"1,225,881",65.25,65.25,61.48
06/10/2021,64.88,"1,244,875",64.48,66.55,64.02
06/09/2021,64.48,"7,069,368",63.01,70.72,62.99
06/08/2021,58.15,"542,487",56.54,58.2,56.18
06/07/2021,56.29,"475,081",56.86,57.21,56.04
06/04/2021,56.83,"896,602",57.0,57.57,56.62
06/03/2021,56.77,"856,720",55.66,56.96,55.0
06/02/2021,56.01,"955,299",55.56,56.06,54.34
06/01/2021,55.66,"1,219,190",56.16,56.36,54.75
05/28/2021,55.84,"1,066,124",56.67,56.935,55.8
05/27/2021,56.67,"778,901",57.08,57.2,56.13
05/26/2021,56.88,"353,256",57.5,57.9,56.39
05/25/2021,57.28,"517,415",58.2,58.35,57.09
05/24/2021,57.92,"878,490",57.43,58.2,56.83
05/21/2021,57.55,"1,708,983",55.4,58.0,55.19
05/20/2021,54.63,"1,075,487",52.96,55.33,52.96
05/19/2021,52.69,"505,135",52.31,53.0,51.79
05/18/2021,52.97,"1,072,220",53.83,53.93,52.91
05/17/2021,53.9,"855,958",53.81,54.38,53.35
05/14/2021,53.69,"419,342",52.97,53.81,52.86
05/13/2021,52.81,"521,171",53.01,53.81,52.2
05/12/2021,52.81,"415,900",53.62,54.0,52.55
05/11/2021,54.05,"404,654",54.01,54.36,53.28
05/10/2021,54.59,"299,768",55.28,55.53,54.39
05/07/2021,54.87,"268,345",55.1,55.79,54.82
05/06/2021,54.96,"338,595",54.65,55.03,54.24
05/05/2021,54.21,"371,111",54.47,54.98,54.02
05/04/2021,54.34,"605,276",55.79,55.85,53.9
05/03/2021,55.89,"650,940",55.45,56.2328,55.15
04/30/2021,55.11,"992,599",55.38,55.925,54.86
04/29/2021,55.68,"379,022",55.41,55.81,54.91
04/28/2021,55.55,"242,212",55.79,55.965,55.01
04/27/2021,55.75,"382,802",56.1,56.35,55.2
04/26/2021,55.62,"860,659",54.52,56.05,53.77
04/23/2021,54.23,"1,083,202",56.05,56.65,54.17
04/22/2021,56.22,"1,339,872",56.47,56.91,55.72
04/21/2021,56.94,"501,470",56.65,57.655,56.18
04/20/2021,56.58,"708,519",57.22,57.22,55.4
04/19/2021,56.74,"709,230",56.69,57.41,56.1902
04/16/2021,56.36,"491,553",57.05,57.05,55.81
04/15/2021,56.74,"468,428",56.75,57.165,56.33
04/14/2021,56.23,"863,861",56.2,56.76,55.68
04/13/2021,56.35,"628,484",56.78,56.92,55.8
04/12/2021,56.8,"700,113",58.29,58.435,56.6042
04/09/2021,58.36,"1,073,753",56.21,58.5,56.21
04/08/2021,56.09,"493,512",56.78,57.1299,55.73
04/07/2021,56.5,"436,677",56.07,56.5,55.16
04/06/2021,56.05,"755,317",55.22,56.31,55.13
04/05/2021,55.49,"641,799",56.24,56.4,55.09
04/01/2021,55.59,"591,137",54.53,55.655,54.26
03/31/2021,54.26,"652,011",56.19,56.67,54.2
03/30/2021,55.95,"856,943",55.91,57.07,55.51
03/29/2021,56.09,"470,754",54.82,56.4,54.77
03/26/2021,55.0,"1,860,912",55.53,56.165,53.55
03/25/2021,55.25,"1,025,554",56.0,57.27,55.17
03/24/2021,56.59,"2,890,710",56.68,61.3199,55.17
03/23/2021,56.37,"771,729",57.38,57.54,55.82
03/22/2021,57.74,"560,911",56.99,58.08,56.84
03/19/2021,57.12,"840,633",55.93,57.89,55.57
03/18/2021,55.96,"528,226",56.31,56.69,55.56
03/17/2021,56.57,"591,645",57.54,57.54,55.53
03/16/2021,57.72,"440,798",57.71,57.955,57.04
03/15/2021,57.67,"642,955",57.29,58.16,56.705
03/12/2021,57.21,"882,517",57.91,58.16,57.12
03/11/2021,58.28,"1,811,659",57.45,59.18,57.1
03/10/2021,57.22,"813,539",56.32,57.26,55.66
03/09/2021,56.07,"1,197,909",57.39,57.44,55.36
03/08/2021,56.75,"850,602",54.84,56.91,54.36
03/05/2021,54.5,"1,357,276",52.96,54.78,52.12
03/04/2021,52.58,"1,395,189",52.11,53.095,51.24
03/03/2021,51.82,"1,488,875",52.78,52.91,51.23
03/02/2021,52.9,"1,572,618",52.71,54.35,52.5
03/01/2021,52.49,"2,468,497",50.23,52.77,50.06
02/26/2021,49.4,"957,154",48.49,50.14,48.38
02/25/2021,48.9,"1,565,878",49.97,51.84,48.51
02/24/2021,49.81,"1,221,794",48.16,49.97,48.04
02/23/2021,48.24,"1,002,786",47.33,48.74,46.67
02/22/2021,47.73,"921,162",46.5,47.98,46.46
02/19/2021,46.81,"711,265",47.1,47.78,46.71
02/18/2021,47.27,"1,380,481",47.19,48.58,47.19
02/17/2021,47.49,"2,088,300",46.5,47.7799,45.92
02/16/2021,46.5,"1,138,740",46.78,47.25,45.9
02/12/2021,46.41,"2,650,056",47.12,47.2186,45.89
02/11/2021,47.06,"2,244,730",46.62,47.39,45.87
02/10/2021,46.68,"2,055,894",47.66,47.74,46.32
02/09/2021,47.24,"1,747,225",47.3,47.78,46.41
02/08/2021,47.42,"3,642,152",49.41,50.008,46.05
02/05/2021,49.23,"2,705,146",53.02,54.75,48.87
02/04/2021,56.0,"1,737,956",56.5,56.98,55.46
02/03/2021,56.51,"1,718,166",56.95,58.02,56.44
02/02/2021,57.16,"947,268",58.15,58.28,56.47
02/01/2021,57.58,"775,869",57.09,57.67,55.2014
01/29/2021,56.33,"1,573,882",56.42,58.32,56.33
01/28/2021,56.49,"912,600",57.25,58.12,55.88
01/27/2021,57.44,"3,616,541",57.07,60.0,56.8801
01/26/2021,57.46,"1,671,665",55.69,57.66,54.51
01/25/2021,53.96,"2,631,564",56.25,56.99,53.26
01/22/2021,55.52,"1,084,777",52.6,55.6,52.23
01/21/2021,52.59,"1,070,275",51.57,52.89,50.2
01/20/2021,51.55,"568,210",52.38,52.69,50.9
01/19/2021,52.08,"1,351,617",52.28,53.38,51.77
01/15/2021,50.83,"887,607",51.66,52.09,50.45
01/14/2021,51.68,"836,621",50.32,52.48,50.32
01/13/2021,50.18,"1,149,176",48.99,51.34,48.875
01/12/2021,48.71,"699,264",47.01,48.72,47.01
01/11/2021,47.25,"596,605",47.95,48.48,46.83
01/08/2021,48.24,"574,159",48.75,49.41,47.87
01/07/2021,48.43,"573,869",48.93,49.165,47.88
01/06/2021,48.5,"740,706",48.15,49.4167,48.04
01/05/2021,48.02,"549,819",46.99,48.13,46.99
01/04/2021,47.22,"744,771",48.37,48.6122,46.44
12/31/2020,48.05,"756,397",48.38,48.76,47.73
12/30/2020,48.38,"1,183,381",48.47,49.11,48.06
12/29/2020,48.17,"608,063",48.11,48.6,47.86
12/28/2020,47.92,"432,453",47.14,48.77,47.14
12/24/2020,47.32,"194,392",47.79,47.88,47.02
12/23/2020,47.76,"757,148",47.42,48.8299,47.2
12/22/2020,47.14,"540,087",46.17,47.49,45.74
12/21/2020,46.19,"684,342",45.26,46.67,44.89
12/18/2020,46.43,"1,318,161",47.8,48.0,46.02
12/17/2020,47.49,"1,503,461",45.59,47.55,45.59
12/16/2020,45.53,"825,530",45.88,46.36,45.285
12/15/2020,45.68,"1,698,915",44.92,45.75,44.7554
12/14/2020,44.61,"431,261",44.5,44.825,44.2
12/11/2020,44.25,"632,575",44.57,44.99,44.06
12/10/2020,44.44,"737,307",43.4,44.53,43.2
12/09/2020,43.82,"551,079",44.07,45.09,43.6
12/08/2020,43.77,"663,004",44.13,44.38,43.33
12/07/2020,44.3,"771,145",44.5,45.24,43.84
12/04/2020,44.97,"717,616",44.51,45.07,44.04
12/03/2020,44.12,"1,058,402",44.3,44.47,43.55
12/02/2020,44.48,"711,616",44.48,45.325,44.21
12/01/2020,44.86,"1,244,286",43.51,44.89,43.12
11/30/2020,43.04,"1,494,266",41.64,43.43,41.52
11/27/2020,41.8,"492,897",42.12,42.85,41.58
11/25/2020,41.97,"779,979",42.2,43.09,41.65
11/24/2020,42.03,"1,024,806",41.56,42.135,41.3
11/23/2020,41.3,"542,514",41.33,41.78,40.78
11/20/2020,40.97,"960,518",42.07,42.35,40.81
11/19/2020,41.95,"1,602,047",41.24,42.74,41.0
11/18/2020,41.47,"655,937",42.2,42.41,41.43
11/17/2020,42.23,"912,425",41.94,42.68,41.85
11/16/2020,42.26,"574,336",41.73,42.74,41.325
11/13/2020,40.88,"341,354",40.49,41.1,40.24
11/12/2020,40.3,"550,825",40.87,41.23,40.02
11/11/2020,41.11,"514,825",40.73,41.75,40.63
11/10/2020,40.53,"738,715",40.53,40.75,39.15
11/09/2020,40.23,"1,346,064",41.5,42.96,40.18
11/06/2020,38.92,"1,200,096",37.7,39.41,37.4901
11/05/2020,37.78,"1,386,657",39.48,39.91,37.59
11/04/2020,39.1,"687,240",38.77,39.75,38.305
11/03/2020,38.5,"680,796",38.74,39.8,38.34
11/02/2020,38.41,"1,315,152",36.91,38.43,36.16
10/30/2020,36.36,"1,364,213",37.19,39.475,35.44
10/29/2020,37.33,"1,026,505",36.77,37.88,36.02
10/28/2020,36.65,"733,955",36.88,37.65,36.51
10/27/2020,37.48,"627,914",37.45,37.66,36.76
10/26/2020,37.65,"662,994",38.03,38.63,37.35
10/23/2020,38.28,"572,333",38.83,39.26,38.125
10/22/2020,38.6,"503,363",39.15,39.68,38.3
10/21/2020,38.99,"505,701",38.66,39.29,38.1075
10/20/2020,38.71,"378,924",39.04,39.43,38.62
10/19/2020,38.65,"886,750",40.09,40.27,38.49
10/16/2020,39.78,"916,969",40.95,41.74,39.77
10/15/2020,40.96,"1,307,933",41.34,41.65,40.51
10/14/2020,41.65,"635,528",40.48,41.87,40.48
10/13/2020,40.57,"331,429",40.0,40.745,39.43
10/12/2020,40.08,"522,099",40.42,40.81,39.97
10/09/2020,40.16,"340,145",39.96,40.335,39.51
10/08/2020,39.85,"288,321",40.33,40.54,39.55
10/07/2020,40.08,"544,515",39.94,40.44,39.38
10/06/2020,39.76,"607,226",39.76,40.9,39.47
10/05/2020,39.22,"513,079",40.43,40.48,38.945
10/02/2020,40.16,"863,258",39.89,40.5,39.34
10/01/2020,40.37,"702,801",40.84,41.22,39.97
09/30/2020,40.47,"941,800",40.64,41.09,40.11
09/29/2020,40.03,"406,164",39.95,40.15,39.44
09/28/2020,39.87,"520,532",39.8,40.36,39.21
09/25/2020,39.15,"485,349",38.83,39.47,38.5
09/24/2020,38.82,"814,093",38.11,39.39,37.9
09/23/2020,38.35,"1,057,166",38.99,39.07,37.88
09/22/2020,39.21,"386,813",39.41,39.94,38.775
09/21/2020,39.36,"821,717",40.15,40.525,38.25
09/18/2020,40.16,"735,075",40.72,41.07,40.06
09/17/2020,40.73,"544,697",40.49,41.015,39.95
09/16/2020,41.08,"423,599",41.23,41.795,40.99
09/15/2020,41.15,"324,901",41.41,41.81,40.69
09/14/2020,41.12,"479,455",42.12,42.26,40.54
09/11/2020,41.4,"626,169",42.0,42.435,40.77
09/10/2020,42.46,"451,932",42.38,43.61,42.38
09/09/2020,42.26,"392,280",42.98,43.09,41.82
09/08/2020,42.72,"420,696",42.36,43.77,42.08
09/04/2020,43.08,"618,906",42.74,43.35,41.04
09/03/2020,42.52,"1,011,785",44.14,45.49,42.12
09/02/2020,44.36,"388,900",43.54,44.69,43.54
09/01/2020,43.53,"398,706",44.0,44.29,43.32
08/31/2020,44.07,"430,743",44.49,44.78,44.03
08/28/2020,44.92,"274,853",45.18,45.35,44.82
08/27/2020,45.14,"350,806",45.73,46.25,45.02
08/26/2020,45.46,"568,428",44.29,46.04,44.16
08/25/2020,44.5,"402,552",44.71,45.5,44.165
08/24/2020,44.98,"729,918",42.97,45.04,42.72
08/21/2020,42.73,"597,673",43.85,44.17,42.38
08/20/2020,44.03,"321,636",44.44,44.44,43.77
08/19/2020,44.68,"329,271",44.7,45.62,44.52
08/18/2020,44.77,"433,599",44.81,45.1,44.19
08/17/2020,44.89,"420,370",45.49,45.49,44.09
08/14/2020,45.37,"294,072",45.72,46.105,45.23
08/13/2020,45.83,"420,642",45.48,46.27,45.41
08/12/2020,45.51,"524,999",45.8,46.54,45.0
08/11/2020,45.41,"724,266",44.6,46.35,44.45
08/10/2020,44.09,"582,868",43.85,44.74,43.685
08/07/2020,43.7,"709,905",45.5,45.76,43.41
08/06/2020,45.42,"411,632",45.25,45.64,44.76
08/05/2020,45.26,"638,056",44.44,45.45,44.33
08/04/2020,44.31,"638,932",44.18,44.99,43.8301
08/03/2020,44.17,"1,142,199",46.66,47.0,43.7952
07/31/2020,46.61,"1,593,899",48.25,48.9,45.07
07/30/2020,45.43,"651,624",44.17,45.76,43.941
07/29/2020,44.56,"545,690",45.12,45.35,44.19
07/28/2020,44.9,"476,590",44.7,45.94,44.52
07/27/2020,44.91,"1,175,595",45.0,45.17,44.25
07/24/2020,44.72,"827,630",45.45,45.6,44.24
07/23/2020,45.56,"1,322,408",45.85,46.35,45.105
07/22/2020,45.93,"314,211",46.0,46.54,45.51
07/21/2020,45.84,"393,476",46.3,46.93,45.8
07/20/2020,46.26,"350,413",46.17,46.75,45.31
07/17/2020,46.06,"510,605",46.73,46.79,45.54
07/16/2020,46.73,"489,400",46.86,47.36,46.02
07/15/2020,47.12,"550,059",46.46,47.58,46.0256
07/14/2020,45.57,"569,755",44.67,45.91,44.07
07/13/2020,44.48,"667,794",46.4,46.44,44.44
07/10/2020,46.25,"381,017",45.0,46.405,45.0
07/09/2020,45.17,"280,685",46.36,46.38,44.48
07/08/2020,45.86,"317,991",45.21,46.04,45.0
07/07/2020,45.0,"560,075",46.17,46.39,44.97
07/06/2020,46.38,"400,859",46.22,46.96,45.805
07/02/2020,45.51,"509,809",45.55,45.99,44.96
07/01/2020,44.82,"979,145",43.98,45.15,43.27
06/30/2020,43.45,"469,950",43.62,43.785,42.91
06/29/2020,43.59,"537,514",41.71,43.81,41.1341
06/26/2020,41.36,"1,123,358",42.84,43.0,41.35
06/25/2020,43.02,"1,014,217",43.72,43.74,42.45
06/24/2020,43.85,"496,817",44.31,44.77,42.6675
06/23/2020,44.74,"553,278",45.41,45.49,44.64
06/22/2020,44.84,"380,485",45.3,45.36,44.26
06/19/2020,45.21,"715,595",45.52,46.55,44.86
06/18/2020,45.25,"593,352",44.86,45.32,44.44
06/17/2020,44.84,"391,010",45.0,45.64,44.61
06/16/2020,44.61,"591,088",46.23,46.48,43.81
06/15/2020,45.25,"872,315",43.38,45.67,43.13
06/12/2020,44.47,"786,391",44.67,45.58,43.13
06/11/2020,43.94,"1,076,736",45.39,45.6,43.65
06/10/2020,46.7,"405,662",47.26,47.26,46.1
06/09/2020,46.69,"768,204",48.34,48.42,46.06
06/08/2020,48.76,"685,422",48.9,48.9,47.59
06/05/2020,48.19,"815,056",47.92,49.505,47.92
06/04/2020,47.02,"544,855",47.7,47.82,46.5
06/03/2020,47.73,"543,024",47.45,48.25,47.15
06/02/2020,47.39,"861,649",47.5,48.58,46.785
06/01/2020,47.15,"836,718",46.3,47.89,46.3
05/29/2020,46.27,"998,180",45.23,46.94,45.23
05/28/2020,45.03,"457,733",45.94,46.48,44.84
05/27/2020,45.87,"696,516",45.56,45.99,44.55
05/26/2020,44.98,"682,707",45.77,45.77,44.81
05/22/2020,44.51,"371,319",44.88,45.19,44.08
05/21/2020,44.77,"678,640",45.68,45.9,44.5
05/20/2020,45.75,"737,289",44.41,45.94,44.09
05/19/2020,43.48,"525,106",43.56,44.54,43.0
05/18/2020,43.56,"826,875",42.78,44.22,42.745
05/15/2020,41.64,"550,443",41.71,42.29,40.9525
05/14/2020,42.04,"647,313",41.0,42.54,40.4
05/13/2020,41.47,"1,036,720",43.04,43.348,40.84
05/12/2020,43.04,"1,070,753",44.64,45.0,43.0
05/11/2020,44.43,"788,737",45.71,46.23,44.42
05/08/2020,46.06,"944,133",44.41,46.08,44.235
05/07/2020,43.81,"639,501",43.97,44.885,43.68
05/06/2020,43.51,"610,653",44.7,45.0,43.5
05/05/2020,44.31,"606,306",44.81,45.18,43.8
05/04/2020,44.0,"623,012",43.13,44.91,43.03
05/01/2020,43.92,"1,014,209",43.5,44.36,43.07
04/30/2020,44.47,"1,075,309",44.6,45.02,43.8
04/29/2020,45.18,"1,420,231",45.47,46.11,45.07
04/28/2020,44.37,"1,344,774",45.0,46.98,44.31
04/27/2020,44.08,"1,620,848",45.4,46.52,43.63
04/24/2020,44.79,"5,818,009",46.08,46.52,43.71
04/23/2020,39.07,"1,258,263",39.48,40.89,39.0
04/22/2020,39.48,"737,727",40.34,41.235,39.25
04/21/2020,39.53,"949,897",39.9,40.64,38.36
04/20/2020,40.57,"1,265,267",39.76,41.38,39.66
04/17/2020,40.54,"1,342,118",41.81,42.33,40.27
04/16/2020,39.67,"1,052,318",39.05,40.94,38.875
04/15/2020,38.9,"913,871",37.72,39.33,37.01
04/14/2020,38.37,"747,129",38.33,38.8,37.68
04/13/2020,37.46,"1,190,052",37.41,38.0599,36.21
04/09/2020,37.42,"2,329,766",37.0,38.505,36.5
04/08/2020,36.27,"973,658",36.23,36.725,35.23
04/07/2020,35.93,"761,220",36.69,37.79,35.59
04/06/2020,35.08,"1,149,049",35.64,37.14,34.65
04/03/2020,34.13,"721,772",34.43,34.75,32.99
04/02/2020,34.65,"1,022,183",33.18,35.39,33.1259
04/01/2020,33.6,"1,194,887",33.25,34.78,32.33
03/31/2020,33.93,"1,494,804",33.4,35.57,33.14
03/30/2020,33.44,"1,404,309",34.03,34.73,32.8
03/27/2020,33.8,"1,938,849",34.42,34.98,32.41
03/26/2020,34.95,"1,675,456",34.57,35.93,33.27
03/25/2020,34.38,"2,181,972",36.14,37.62,34.185
03/24/2020,39.04,"1,554,374",39.6,41.79,37.34
03/23/2020,37.72,"1,417,793",36.25,38.93,35.1
03/20/2020,36.5,"2,118,262",36.3,39.14,35.7
03/19/2020,36.03,"1,678,579",33.57,36.56,31.77
03/18/2020,33.94,"2,555,971",30.58,35.76,30.58
03/17/2020,32.75,"2,388,445",31.02,35.0,29.1
03/16/2020,30.44,"2,319,577",31.2,32.44,30.0
03/13/2020,35.86,"3,179,041",34.51,35.94,31.0501
03/12/2020,32.38,"2,664,398",36.0,36.0,32.12
03/11/2020,38.72,"1,965,469",40.37,40.66,36.935
03/10/2020,41.19,"1,865,287",42.29,42.66,39.01
03/09/2020,41.16,"1,302,955",39.15,42.63,39.15
03/06/2020,42.7,"1,691,098",43.23,44.51,42.44
03/05/2020,44.91,"1,307,584",44.12,45.44,43.7738
03/04/2020,44.98,"1,705,662",45.69,46.0,44.43
03/03/2020,45.2,"1,629,271",46.58,47.82,44.48
03/02/2020,46.36,"2,025,928",47.0,47.1,45.105
02/28/2020,46.77,"2,127,707",42.21,46.88,42.21
02/27/2020,45.86,"2,541,408",46.91,47.18,45.73
02/26/2020,48.41,"2,135,243",48.81,50.0899,48.26
02/25/2020,48.81,"2,195,971",48.65,49.77,47.76
02/24/2020,48.73,"3,036,124",47.74,49.2812,47.2307
02/21/2020,50.23,"4,485,493",47.25,52.46,47.25
02/20/2020,47.74,"2,072,003",46.51,47.825,46.09
02/19/2020,46.52,"1,538,870",46.36,46.89,45.5
02/18/2020,45.96,"2,312,209",45.33,46.815,45.27
02/14/2020,44.93,"1,353,342",44.0,45.07,43.91
02/13/2020,43.76,"2,248,075",42.23,44.12,42.2
02/12/2020,42.24,"1,886,701",43.34,43.72,42.0656
02/11/2020,42.74,"1,786,688",41.53,43.17,41.42
02/10/2020,42.05,"3,907,132",41.58,42.85,40.88
02/07/2020,42.53,"4,601,620",44.85,44.98,42.47
02/06/2020,44.5,"15,577,300",40.24,47.97,40.24
02/05/2020,49.0,"2,998,527",47.75,49.37,47.7201
02/04/2020,47.36,"2,774,487",46.61,47.4998,46.4
02/03/2020,46.08,"4,461,889",48.96,49.43,45.92
01/31/2020,48.88,"19,477,040",45.3,51.33,45.1
01/30/2020,62.3,"951,744",60.54,62.45,60.08
01/29/2020,60.94,"635,179",60.68,61.35,60.53
01/28/2020,60.43,"923,244",59.93,60.64,59.865
01/27/2020,59.09,"894,913",58.14,59.45,57.6
01/24/2020,59.66,"1,304,085",62.53,62.53,58.59
01/23/2020,62.46,"3,323,919",62.77,63.0,61.77
01/22/2020,62.91,"1,144,191",61.88,63.26,61.88
01/21/2020,61.93,"603,519",62.67,62.73,61.73
01/17/2020,62.85,"698,306",64.25,64.41,62.55
01/16/2020,63.8,"1,390,238",62.85,64.45,62.85
01/15/2020,62.09,"974,086",62.75,64.2,61.83
01/14/2020,62.68,"1,172,716",61.5,63.67,61.47
01/13/2020,61.4,"1,113,815",60.7,61.54,59.78
01/10/2020,60.69,"2,211,677",63.78,63.8197,60.5594
01/09/2020,63.67,"2,434,479",63.27,64.4,61.8
01/08/2020,62.83,"2,118,851",66.31,66.5383,62.71
01/07/2020,66.4,"738,992",65.26,67.53,65.16
01/06/2020,65.14,"1,250,809",64.41,65.27,63.94
01/03/2020,64.76,"825,562",63.43,65.19,63.22
01/02/2020,64.22,"985,269",65.42,65.69,63.78
12/31/2019,64.87,"544,731",64.0,65.31,63.65
12/30/2019,64.18,"468,927",65.08,65.14,64.03
12/27/2019,64.92,"419,177",65.6,65.78,64.19
12/26/2019,65.44,"343,706",65.01,65.57,64.48
12/24/2019,64.92,"279,327",65.18,65.5,64.28
12/23/2019,65.18,"931,437",65.13,65.9,64.5
12/20/2019,64.95,"1,221,222",64.92,65.33,64.15
12/19/2019,64.57,"881,846",64.13,64.68,63.39
12/18/2019,64.0,"769,906",64.0,64.7,63.63
12/17/2019,64.1,"995,258",63.9,64.46,62.51
12/16/2019,63.69,"1,171,866",63.3,64.45,62.58
12/13/2019,62.86,"989,733",61.61,63.41,61.54
12/12/2019,61.26,"948,648",62.96,62.96,61.09
12/11/2019,62.86,"1,127,864",61.66,62.93,61.02
12/10/2019,61.66,"647,512",62.49,63.01,61.45
12/09/2019,62.69,"737,578",63.0,63.105,61.89
12/06/2019,63.21,"1,202,071",62.87,63.65,62.36
12/05/2019,62.26,"830,407",62.14,63.09,61.52
12/04/2019,61.74,"837,489",61.71,62.59,61.28
12/03/2019,61.88,"684,785",60.97,62.03,60.0
12/02/2019,61.52,"879,657",62.03,62.16,60.57
11/29/2019,62.02,"409,786",62.25,62.355,61.33
11/27/2019,62.46,"616,608",61.44,62.61,61.02
11/26/2019,61.0,"949,237",60.47,61.99,60.12
11/25/2019,60.51,"1,077,605",60.75,61.0,59.23
11/22/2019,60.25,"652,715",59.07,60.37,58.59
11/21/2019,59.09,"830,331",60.54,60.8523,58.99
11/20/2019,60.26,"1,086,853",59.92,61.55,59.67
11/19/2019,60.45,"993,887",58.96,60.47,58.13
11/18/2019,58.7,"1,275,857",57.78,58.99,56.93
11/15/2019,57.66,"1,275,431",56.63,57.69,56.19
11/14/2019,56.27,"1,847,769",54.2,56.58,53.73
11/13/2019,54.38,"1,939,911",55.26,56.08,54.25
11/12/2019,55.22,"2,273,778",55.7,56.34,54.82
11/11/2019,55.9,"2,542,007",54.73,56.72,54.28
11/08/2019,54.72,"2,874,416",55.57,56.75,53.95
11/07/2019,54.59,"2,013,055",55.54,56.27,54.55
11/06/2019,55.42,"1,786,141",55.1,56.959,54.97
11/05/2019,55.77,"2,965,644",56.08,57.54,55.56
11/04/2019,53.16,"3,932,062",54.61,55.05,52.6875
11/01/2019,55.96,"2,266,486",56.05,57.7,55.81
10/31/2019,56.04,"7,572,776",58.65,60.0,53.25
10/30/2019,66.44,"1,026,062",68.34,68.34,65.89
10/29/2019,68.16,"555,997",68.8,68.8,67.01
10/28/2019,68.91,"650,408",68.5,69.7678,67.895
10/25/2019,68.37,"1,308,242",66.58,68.93,66.02
10/24/2019,66.93,"529,503",66.82,67.42,65.63
10/23/2019,66.62,"768,252",67.21,67.99,65.75
10/22/2019,66.75,"527,612",69.4,69.47,66.51
10/21/2019,69.04,"1,049,133",67.57,69.49,67.38
10/18/2019,67.0,"1,244,668",70.56,70.56,65.985
10/17/2019,70.26,"421,307",70.58,70.89,69.92
10/16/2019,70.16,"456,934",69.21,70.47,68.55
10/15/2019,69.49,"1,191,758",69.75,70.79,69.25
10/14/2019,69.62,"473,524",69.85,69.98,68.95
10/11/2019,70.02,"1,009,471",69.15,70.81,68.28
10/10/2019,67.62,"788,853",66.64,68.0,66.07
10/09/2019,66.63,"995,537",68.03,68.22,65.26
10/08/2019,67.7,"983,240",69.0,69.21,66.54
10/07/2019,69.35,"1,770,476",71.4,72.36,69.0
10/04/2019,70.25,"1,435,841",69.08,70.87,69.08
10/03/2019,68.74,"1,777,515",66.26,69.04,64.61
10/02/2019,66.38,"1,989,619",70.51,71.05,65.18
10/01/2019,71.16,"692,236",71.84,73.32,71.16
09/30/2019,71.15,"1,027,619",71.42,72.04,70.11
09/27/2019,71.2,"686,932",71.0,71.65,69.63
09/26/2019,70.99,"677,002",71.17,71.41,69.59
09/25/2019,71.01,"1,383,909",69.01,71.03,69.01
09/24/2019,69.0,"948,699",71.88,72.88,68.99
09/23/2019,71.61,"713,175",73.53,73.97,70.66
09/20/2019,73.65,"1,094,615",73.25,73.88,72.63
09/19/2019,73.04,"607,781",73.68,74.08,72.04
09/18/2019,73.59,"926,131",75.66,75.66,72.33
09/17/2019,75.91,"706,638",73.43,76.44,73.43
09/16/2019,74.12,"491,291",72.1,74.54,72.1
09/13/2019,72.32,"428,146",73.8,73.94,72.28
09/12/2019,73.78,"750,722",72.25,74.12,71.99
09/11/2019,71.92,"446,529",71.79,72.379,71.345
09/10/2019,71.12,"600,319",69.66,71.17,69.08
09/09/2019,70.39,"875,608",73.84,73.9,70.035
09/06/2019,73.57,"679,501",71.76,74.17,71.76
09/05/2019,71.37,"804,794",71.45,71.75,70.57
09/04/2019,70.99,"613,122",70.13,71.08,69.17
09/03/2019,69.37,"2,111,977",70.74,71.3137,68.46
08/30/2019,71.43,"736,326",71.77,71.87,69.37
08/29/2019,71.47,"663,911",73.4,73.94,71.405
08/28/2019,73.07,"924,785",73.7,73.8833,72.775
08/27/2019,73.94,"852,449",74.66,75.0,73.87
08/26/2019,74.35,"595,909",74.57,74.89,73.75
08/23/2019,73.81,"1,032,251",74.0,74.66,73.4
08/22/2019,74.25,"917,383",74.5,75.485,73.75
08/21/2019,74.07,"1,232,364",74.6,74.76,72.56
08/20/2019,74.51,"2,030,851",73.46,75.87,72.095
08/19/2019,71.93,"1,672,608",70.67,72.49,69.03
08/16/2019,69.61,"1,001,741",69.6,70.24,68.76
08/15/2019,68.95,"1,648,555",67.59,70.29,66.92
08/14/2019,67.42,"1,452,269",66.87,67.84,65.44
08/13/2019,66.7,"2,037,476",63.59,67.26,63.04
08/12/2019,63.47,"1,325,777",66.45,66.58,63.46
08/09/2019,67.25,"862,241",68.67,68.67,66.75
08/08/2019,68.98,"1,279,069",68.56,70.03,68.31
08/07/2019,67.94,"962,308",66.59,68.22,66.2516
08/06/2019,67.61,"890,728",66.88,67.75,66.29
08/05/2019,66.11,"1,477,780",67.62,68.56,65.77
08/02/2019,69.37,"1,071,829",70.42,70.62,68.51
08/01/2019,70.92,"1,237,002",72.87,73.8,70.92
07/31/2019,72.78,"933,809",72.86,73.58,72.27
07/30/2019,73.15,"1,295,557",73.53,73.88,72.2
07/29/2019,74.22,"2,249,899",75.55,75.92,73.02
07/26/2019,75.99,"2,224,172",76.43,78.76,75.6
07/25/2019,74.68,"4,181,743",70.51,76.055,70.27
07/24/2019,68.73,"2,359,227",68.05,69.46,67.91
07/23/2019,68.32,"1,381,781",70.17,70.3,67.66
07/22/2019,69.62,"1,192,738",70.41,70.62,69.42
07/19/2019,70.23,"1,462,643",70.54,71.67,70.17
07/18/2019,70.2,"1,809,637",71.92,71.92,69.9
07/17/2019,72.08,"1,137,388",72.38,72.92,72.02
07/16/2019,72.38,"716,048",73.01,73.38,72.31
07/15/2019,73.12,"642,453",73.59,73.89,72.45
07/12/2019,73.18,"805,982",73.2,73.8,72.64
07/11/2019,73.05,"660,499",73.13,74.11,72.75
07/10/2019,73.22,"640,609",73.48,74.63,72.78
07/09/2019,72.98,"1,016,518",72.65,73.94,72.53
07/08/2019,72.66,"765,886",74.67,74.67,72.49
07/05/2019,75.15,"800,215",74.41,75.75,73.19
07/03/2019,74.64,"447,884",74.53,75.75,74.33
07/02/2019,74.63,"572,812",73.43,75.04,73.31
07/01/2019,73.45,"809,600",73.35,74.085,72.86
06/28/2019,72.21,"5,422,538",72.09,73.17,71.75
06/27/2019,72.2,"773,867",71.22,72.5,71.09
06/26/2019,71.11,"550,102",72.31,72.94,71.09
06/25/2019,72.08,"804,082",72.7,73.07,72.06
06/24/2019,73.15,"1,051,825",73.02,73.49,71.69
06/21/2019,73.49,"1,358,837",75.22,75.25,73.21
06/20/2019,75.37,"1,221,558",77.66,78.29,74.02
06/19/2019,76.93,"525,206",77.09,77.23,75.83
06/18/2019,76.98,"1,013,341",76.03,78.44,75.68
06/17/2019,75.55,"630,163",74.32,75.945,74.14
06/14/2019,74.54,"672,988",75.25,75.33,73.8
06/13/2019,75.55,"1,116,384",72.37,76.26,72.01
06/12/2019,72.98,"806,564",73.18,73.64,72.53
06/11/2019,72.94,"940,579",71.46,73.14,71.45
06/10/2019,71.51,"996,775",74.15,74.15,71.39
06/07/2019,73.28,"736,946",73.95,74.59,73.12
06/06/2019,73.48,"859,041",73.37,73.99,71.51
06/05/2019,73.68,"1,094,236",73.24,74.84,72.01
06/04/2019,73.1,"832,233",73.52,73.99,72.36
06/03/2019,72.76,"1,273,160",72.75,74.5,72.34
05/31/2019,72.74,"1,090,081",71.42,73.17,71.0917
05/30/2019,72.5,"583,289",72.44,73.34,72.186
05/29/2019,72.51,"954,089",73.17,73.59,71.82
05/28/2019,74.1,"951,091",76.37,77.23,74.03
05/24/2019,75.87,"539,134",77.26,77.64,75.55
05/23/2019,76.64,"1,005,199",76.24,76.98,75.71
05/22/2019,77.46,"1,554,258",78.65,79.25,76.2415
05/21/2019,79.1,"795,865",79.19,79.95,78.625
05/20/2019,78.56,"673,794",79.2,80.26,78.09
05/17/2019,80.08,"1,215,694",80.88,81.91,79.78
05/16/2019,81.65,"935,891",81.7,83.38,81.25
05/15/2019,81.22,"997,324",79.35,81.71,79.22
05/14/2019,79.99,"1,097,649",81.4,81.58,79.32
05/13/2019,80.78,"1,044,031",82.22,82.44,80.26
05/10/2019,84.03,"607,059",83.52,84.64,81.9003
05/09/2019,83.87,"898,965",83.71,84.55,82.72
05/08/2019,84.28,"615,555",84.95,85.64,84.09
05/07/2019,84.93,"1,187,089",86.75,87.81,83.71
05/06/2019,87.16,"1,029,992",84.1,87.4,83.62
05/03/2019,85.8,"1,119,060",85.56,86.6984,84.65
05/02/2019,85.6,"1,695,909",83.52,85.68,83.01
05/01/2019,82.63,"1,310,273",84.24,85.4,82.62
04/30/2019,83.85,"1,922,821",82.5,85.16,82.48
04/29/2019,82.48,"2,665,132",84.0,84.0,81.92
04/26/2019,83.52,"3,097,090",85.02,85.83,82.0
04/25/2019,85.38,"10,064,410",90.0,93.37,83.75
04/24/2019,98.5,"1,083,110",99.43,100.45,97.74
04/23/2019,99.25,"910,627",96.95,100.1,96.38
04/22/2019,96.11,"872,636",96.13,96.52,94.58
04/18/2019,96.71,"499,766",95.74,97.15,95.04
04/17/2019,96.11,"1,495,071",98.37,98.55,95.67
04/16/2019,98.1,"1,211,431",97.98,99.25,97.7
04/15/2019,97.25,"1,165,273",95.72,97.96,94.98
04/12/2019,96.1,"741,384",95.5,96.28,94.57
04/11/2019,95.06,"1,630,437",94.42,95.505,93.78
04/10/2019,94.18,"1,627,853",91.34,94.68,91.3
04/09/2019,91.04,"1,335,698",89.5,91.19,89.2081
04/08/2019,90.03,"1,024,535",89.16,90.15,87.87
04/05/2019,89.15,"820,699",90.14,90.79,88.91
04/04/2019,89.73,"1,478,450",89.83,90.07,87.4825
04/03/2019,89.1,"731,785",88.37,89.38,87.175
04/02/2019,87.45,"808,763",87.5,88.5,86.1
04/01/2019,87.2,"2,452,659",86.95,87.7,84.29
03/29/2019,86.78,"1,430,413",86.1,86.89,85.185
03/28/2019,86.0,"2,739,215",84.4,86.16,83.9
03/27/2019,84.87,"897,392",87.82,88.3128,83.86
03/26/2019,88.29,"1,169,447",89.79,91.1,87.03
03/25/2019,87.23,"1,021,916",86.99,87.34,85.7701
03/22/2019,86.71,"959,424",91.28,91.28,86.01
03/21/2019,92.12,"597,051",89.84,92.87,89.57
03/20/2019,90.0,"477,296",88.78,90.81,87.84
03/19/2019,89.4,"492,643",90.44,91.32,89.19
03/18/2019,90.15,"785,719",91.85,92.765,90.04
03/15/2019,92.37,"1,224,482",91.08,93.68,89.88
03/14/2019,90.63,"1,235,664",88.45,91.81,88.33
03/13/2019,87.56,"512,423",89.0,89.17,87.5
03/12/2019,88.12,"572,704",88.24,89.16,87.54
03/11/2019,88.04,"730,956",84.34,88.13,84.34
03/08/2019,83.93,"492,988",81.91,84.1,80.16
03/07/2019,82.57,"494,855",83.26,84.31,82.0913
03/06/2019,82.86,"385,857",83.05,83.65,82.29
03/05/2019,83.15,"419,301",84.06,84.46,82.79
03/04/2019,83.98,"671,092",86.0,86.83,82.12
03/01/2019,85.58,"625,873",84.33,86.61,84.155
02/28/2019,83.7,"623,971",83.58,84.59,83.4
02/27/2019,83.67,"426,273",84.07,84.98,83.24
02/26/2019,84.69,"620,998",84.82,85.09,83.57
02/25/2019,85.12,"452,248",86.65,87.11,84.4638
02/22/2019,86.54,"486,272",86.79,86.96,85.63
02/21/2019,86.48,"358,764",86.1,86.88,85.57
02/20/2019,86.27,"783,259",86.28,88.24,85.72
02/19/2019,86.6,"549,412",86.98,87.64,86.26
02/15/2019,87.46,"862,966",89.23,89.23,86.2
02/14/2019,88.87,"694,083",88.11,89.53,87.41
02/13/2019,88.22,"1,207,210",87.66,89.63,86.99
02/12/2019,87.25,"1,024,699",87.61,89.09,86.785
02/11/2019,86.82,"1,023,175",86.23,87.9039,86.02
02/08/2019,85.82,"1,086,968",82.43,85.96,82.43
02/07/2019,83.51,"1,907,700",82.93,83.89,74.5
02/06/2019,79.76,"931,335",81.73,82.3899,79.09
02/05/2019,81.71,"600,097",82.67,83.11,81.65
02/04/2019,82.51,"484,212",82.09,83.45,81.81
02/01/2019,82.23,"589,366",82.4,82.87,81.36
01/31/2019,82.34,"874,277",83.16,84.5249,81.78
01/30/2019,83.05,"598,175",82.03,84.04,81.0
01/29/2019,81.69,"456,120",82.0,82.37,80.59
01/28/2019,81.84,"560,371",82.57,82.57,80.81
01/25/2019,83.36,"453,556",82.24,83.46,81.608
01/24/2019,81.57,"627,128",81.17,83.0,80.55
01/23/2019,81.13,"779,179",80.94,82.36,79.54
01/22/2019,80.09,"1,494,712",82.56,82.59,78.875
01/18/2019,83.43,"1,457,894",82.66,83.51,81.06
01/17/2019,81.65,"665,507",81.71,82.79,81.19
01/16/2019,81.51,"804,931",81.14,82.9,80.97
01/15/2019,81.17,"842,847",81.55,82.5864,80.18
01/14/2019,80.94,"958,959",78.42,81.19,77.75
01/11/2019,78.99,"1,144,876",78.24,80.03,78.02
01/10/2019,78.83,"606,506",78.51,79.6,77.09
01/09/2019,78.92,"1,060,306",81.22,81.71,77.92
01/08/2019,80.74,"1,361,993",80.82,81.5799,78.61
01/07/2019,79.73,"1,068,859",77.3,81.34,76.56
01/04/2019,77.08,"949,503",74.42,77.91,73.8
01/03/2019,73.1,"682,588",73.57,75.25,71.73
01/02/2019,74.19,"962,582",73.3,75.44,73.08
12/31/2018,74.72,"755,982",73.56,74.91,73.11
12/28/2018,73.06,"655,978",73.54,74.29,71.6
12/27/2018,73.05,"1,005,878",72.11,73.06,69.58
12/26/2018,73.2,"918,531",67.27,73.35,67.06
12/24/2018,66.77,"732,142",68.69,68.9,65.48
12/21/2018,69.73,"1,474,729",73.15,73.77,68.93
12/20/2018,73.56,"945,077",73.12,74.58,71.19
12/19/2018,73.93,"1,190,755",73.59,76.78,72.66
12/18/2018,73.56,"862,233",71.84,73.85,71.0
12/17/2018,71.25,"782,023",72.14,74.0385,70.83
12/14/2018,72.66,"649,286",72.86,74.18,72.23
12/13/2018,73.68,"764,969",74.33,75.49,72.92
12/12/2018,73.95,"1,075,778",76.67,77.0,73.6478
12/11/2018,75.44,"1,710,113",77.07,78.08,75.4
12/10/2018,76.0,"1,106,137",74.68,76.04,73.44
12/07/2018,75.05,"1,484,884",76.45,77.76,74.14
12/06/2018,76.57,"1,619,819",70.38,76.7575,68.64
12/04/2018,71.56,"1,177,551",73.11,74.11,70.9975
12/03/2018,73.59,"1,974,319",75.69,76.5,71.65
11/30/2018,73.96,"2,806,246",74.42,77.22,73.3
11/29/2018,72.08,"1,283,094",70.48,72.26,68.71
11/28/2018,71.01,"2,008,861",67.2,71.12,65.35
11/27/2018,65.28,"1,214,036",65.85,65.91,64.06
11/26/2018,65.52,"1,368,937",63.2,66.04,62.43
11/23/2018,62.6,"273,259",62.45,63.7,62.45
11/21/2018,63.09,"928,290",62.5,63.65,62.19
11/20/2018,61.69,"1,955,760",59.6,62.93,58.5
11/19/2018,61.82,"1,380,721",65.39,65.4399,61.58
11/16/2018,65.5,"785,210",67.39,68.21,64.75
11/15/2018,68.1,"800,332",67.15,69.115,65.6778
11/14/2018,67.58,"718,804",67.82,69.63,67.18
11/13/2018,67.18,"1,047,211",67.35,69.29,66.63
11/12/2018,67.4,"632,542",69.59,69.65,66.58
11/09/2018,69.57,"1,190,849",69.51,70.035,67.86
11/08/2018,70.07,"1,140,646",75.07,75.08,69.76
11/07/2018,75.28,"953,652",73.5,75.5,73.15
11/06/2018,73.0,"790,410",73.13,73.85,71.16
11/05/2018,73.15,"988,488",70.26,73.42,70.0
11/02/2018,70.16,"869,929",72.33,72.79,69.36
11/01/2018,71.74,"1,059,313",72.4,73.3075,69.64
10/31/2018,72.59,"1,455,457",69.64,73.85,69.64
10/30/2018,68.54,"1,532,637",66.0,68.92,65.6
10/29/2018,66.16,"1,725,755",70.69,71.91,64.7875
10/26/2018,69.78,"2,418,391",74.51,74.63,69.1
10/25/2018,75.68,"2,629,427",77.58,80.97,72.78
10/24/2018,77.37,"1,408,270",82.05,82.89,76.75
10/23/2018,82.24,"995,142",81.25,83.0,80.06
10/22/2018,83.25,"997,089",82.17,83.82,81.17
10/19/2018,82.03,"1,478,389",83.88,85.57,81.93
10/18/2018,83.5,"898,379",83.76,85.25,81.84
10/17/2018,83.98,"978,339",84.89,85.04,82.04
10/16/2018,84.29,"1,240,925",85.99,86.27,83.35
10/15/2018,84.97,"721,110",85.09,86.1,83.356
10/12/2018,85.55,"1,132,557",85.47,86.14,83.77
10/11/2018,82.99,"1,702,402",82.33,86.94,81.9
10/10/2018,82.68,"3,380,807",86.73,87.0,77.78
10/09/2018,86.99,"1,646,917",88.5,90.85,86.37
10/08/2018,90.75,"902,423",90.9,92.025,88.12
10/05/2018,91.34,"1,592,702",88.65,92.25,87.99
10/04/2018,90.7,"907,743",92.76,93.11,90.07
10/03/2018,92.87,"842,608",92.33,93.28,90.85
10/02/2018,91.87,"2,007,191",93.18,93.66,88.71
10/01/2018,94.22,"1,726,485",97.36,97.64,93.23
09/28/2018,96.73,"607,864",96.0,97.69,95.6002
09/27/2018,96.08,"735,878",95.18,96.6862,95.0
09/26/2018,95.04,"970,790",94.35,96.23,93.75
09/25/2018,94.05,"1,240,544",92.77,94.44,92.2
09/24/2018,92.47,"882,163",90.11,92.9,89.43
09/21/2018,90.1,"1,283,036",89.6,90.65,89.1725
09/20/2018,89.54,"688,496",88.535,90.0,87.71
09/19/2018,88.01,"846,399",89.53,90.77,85.9
09/18/2018,89.57,"780,822",87.67,90.16,87.67
09/17/2018,87.75,"697,205",88.66,89.95,87.57
09/14/2018,88.4,"1,055,676",87.2,88.65,87.14
09/13/2018,87.34,"603,696",86.09,87.7,85.49
09/12/2018,86.09,"789,168",86.68,87.04,83.9
09/11/2018,86.41,"770,996",87.75,88.57,86.07
09/10/2018,87.64,"740,267",86.78,87.99,86.78
09/07/2018,87.02,"710,610",86.94,89.2092,86.58
09/06/2018,87.1,"573,131",86.5,87.4299,85.5
09/05/2018,86.06,"949,996",88.58,88.66,84.6392
09/04/2018,88.75,"1,244,915",87.26,88.95,86.1721
08/31/2018,87.41,"622,799",85.97,87.9,85.793
08/30/2018,86.27,"938,055",86.16,87.71,85.12
08/29/2018,85.93,"1,319,801",84.11,86.8562,83.7
08/28/2018,83.75,"590,711",82.29,84.16,82.22
08/27/2018,82.19,"670,455",83.02,83.66,82.03
08/24/2018,82.27,"707,491",80.77,82.57,80.77
08/23/2018,80.64,"658,896",79.97,81.76,79.75
08/22/2018,80.01,"621,025",80.72,81.42,78.6
08/21/2018,80.92,"435,229",80.54,81.8831,80.5
08/20/2018,80.36,"897,008",79.75,82.08,79.75
08/17/2018,79.49,"1,462,602",79.09,79.79,78.2
08/16/2018,79.01,"580,016",78.04,79.405,77.7
08/15/2018,77.82,"686,142",78.31,78.66,76.75
08/14/2018,78.53,"613,069",77.89,79.4,77.52
08/13/2018,77.67,"669,548",79.85,79.85,76.61
08/10/2018,79.36,"688,251",78.92,80.49,78.7501
08/09/2018,79.06,"542,257",79.49,79.9,78.31
08/08/2018,79.14,"578,341",79.0,79.44,77.8
08/07/2018,79.18,"828,369",80.63,81.6199,79.0603
08/06/2018,80.27,"1,144,054",78.68,80.69,77.92
08/03/2018,78.54,"1,112,556",78.8,79.95,76.66
08/02/2018,78.8,"1,395,878",77.3,78.98,77.145
08/01/2018,77.6,"2,086,905",78.52,80.0,77.22
07/31/2018,79.11,"8,450,824",78.81,80.73,78.17
07/30/2018,78.5,"2,649,179",80.93,81.75,77.79
07/27/2018,81.75,"2,350,305",84.19,85.929,79.35
07/26/2018,83.84,"2,285,419",81.9,85.73,81.1737
07/25/2018,81.28,"1,120,783",80.61,82.35,80.5168
07/24/2018,81.03,"781,148",83.71,83.71,80.3501
07/23/2018,82.52,"1,609,201",82.9,83.2,80.46
07/20/2018,82.92,"591,492",82.25,83.18,81.27
07/19/2018,82.12,"1,259,059",80.52,83.119,80.031
07/18/2018,80.52,"897,059",80.6,81.28,79.89
07/17/2018,80.53,"1,061,473",79.07,80.75,78.31
07/16/2018,79.39,"1,609,921",77.33,79.91,76.64
07/13/2018,76.9,"1,793,378",77.15,79.95,75.14
07/12/2018,74.54,"478,739",74.4,75.19,73.82
07/11/2018,74.61,"574,094",74.25,75.92,74.16
07/10/2018,74.97,"586,920",75.0,76.349,74.15
07/09/2018,75.07,"1,163,762",77.0,77.46,74.52
07/06/2018,76.68,"733,874",76.03,77.13,75.01
07/05/2018,75.37,"491,075",74.22,75.39,73.6
07/03/2018,74.04,"423,437",75.0,75.06,73.93
07/02/2018,74.78,"755,466",72.22,74.81,71.66
06/29/2018,72.82,"1,624,234",74.86,75.07,72.3019
06/28/2018,74.35,"2,484,656",71.0,74.749,70.77
06/27/2018,70.85,"4,874,630",74.17,74.72,69.14
06/26/2018,66.62,"453,656",66.76,67.14,66.5
06/25/2018,66.46,"602,964",67.09,67.11,65.76
06/22/2018,67.14,"1,375,414",67.93,67.9899,66.73
06/21/2018,66.54,"716,704",67.55,67.85,65.84
06/20/2018,67.7,"1,135,722",66.52,68.25,66.4
06/19/2018,66.14,"1,066,741",63.22,66.15,63.0
06/18/2018,63.93,"873,232",62.51,64.89,62.3937
06/15/2018,62.67,"1,561,130",62.29,63.51,62.205
06/14/2018,61.99,"1,237,767",61.66,62.575,61.4
06/13/2018,61.7,"1,327,476",62.21,62.73,61.29
06/12/2018,62.0,"640,427",62.1,62.57,61.73
06/11/2018,62.08,"678,371",61.63,63.47,61.63
06/08/2018,61.78,"417,736",62.06,62.31,61.15
06/07/2018,62.0,"734,435",62.5,62.92,61.13
06/06/2018,62.66,"872,285",61.5,62.98,61.315
06/05/2018,61.5,"554,269",61.3,61.75,60.8
06/04/2018,61.24,"819,342",60.36,61.89,59.94
06/01/2018,58.95,"795,286",57.95,59.35,57.65
05/31/2018,57.89,"806,564",59.1,59.13,57.68
05/30/2018,58.96,"836,019",59.42,60.51,58.945
05/29/2018,59.19,"701,157",58.05,59.42,58.05
05/25/2018,58.08,"805,807",58.71,59.2266,57.544
05/24/2018,58.78,"1,244,491",57.5,59.37,57.267
05/23/2018,57.21,"1,199,557",56.81,58.58,56.76
05/22/2018,56.87,"2,321,519",58.52,59.91,56.7808
05/21/2018,57.86,"9,113,772",51.8,59.4499,51.58
05/18/2018,51.42,"2,254,360",50.31,51.87,49.27
05/17/2018,50.31,"10,080,450",50.45,51.33,48.46
05/16/2018,43.59,"465,551",43.76,43.86,43.43
05/15/2018,43.65,"512,702",43.25,43.9601,43.01
05/14/2018,43.57,"882,682",43.69,43.88,42.925
05/11/2018,43.51,"370,422",43.22,43.525,42.96
05/10/2018,43.08,"732,988",42.78,43.67,42.7621
05/09/2018,42.59,"548,822",42.12,42.86,42.01
05/08/2018,42.06,"706,097",41.82,42.72,41.73
05/07/2018,42.07,"898,882",41.19,42.08,40.89
05/04/2018,41.01,"821,133",40.77,41.09,40.39
05/03/2018,41.39,"1,613,294",39.0,41.6,38.5
05/02/2018,39.78,"678,086",39.93,40.2,39.78
05/01/2018,39.77,"544,370",39.72,40.0,39.12
04/30/2018,39.79,"438,353",40.31,40.64,39.78
04/27/2018,40.3,"721,083",40.48,40.599,40.1
04/26/2018,40.31,"486,574",39.6,40.48,39.48
04/25/2018,39.53,"1,925,409",38.43,40.18,38.31
04/24/2018,38.43,"576,831",39.35,39.4256,38.28
04/23/2018,39.15,"473,763",39.3,39.64,38.99
04/20/2018,39.33,"635,197",39.05,39.57,38.92
04/19/2018,38.9,"666,899",38.87,39.3,38.43
04/18/2018,38.9,"666,307",39.0,39.5499,38.85
04/17/2018,38.96,"730,622",38.98,39.33,38.34
04/16/2018,39.48,"1,012,884",38.91,39.56,38.44
04/13/2018,38.69,"751,327",38.66,39.218,38.52
04/12/2018,38.52,"411,095",38.65,38.95,38.11
04/11/2018,38.51,"545,682",38.52,38.79,38.06
04/10/2018,38.68,"1,436,809",37.88,38.91,37.88
04/09/2018,37.03,"1,219,053",37.59,37.88,36.28
04/06/2018,37.52,"900,911",36.96,38.02,36.86
04/05/2018,37.06,"847,218",36.2,37.13,36.1175
04/04/2018,36.1,"524,380",35.01,36.15,34.69
04/03/2018,35.5,"616,387",35.17,35.82,35.17
04/02/2018,34.94,"693,772",35.94,36.32,34.89
03/29/2018,36.01,"552,754",36.14,36.55,35.935
03/28/2018,36.12,"409,841",36.16,36.5,35.961
03/27/2018,36.18,"493,163",36.95,37.125,36.06
03/26/2018,36.9,"977,104",36.12,37.01,36.06
03/23/2018,35.82,"460,523",35.92,36.39,35.8
03/22/2018,35.9,"439,084",36.05,36.46,35.83
03/21/2018,36.3,"425,113",36.49,36.81,36.29
03/20/2018,36.49,"466,056",36.45,36.87,36.45
03/19/2018,36.48,"521,025",36.77,36.96,36.1499
03/16/2018,36.98,"1,250,823",37.07,37.33,36.78
03/15/2018,37.1,"1,028,219",37.27,37.76,36.81
03/14/2018,37.34,"551,586",37.4,37.65,36.92
03/13/2018,37.36,"1,002,262",37.87,38.08,37.26
03/12/2018,37.83,"612,256",38.17,38.33,37.52
03/09/2018,38.22,"756,198",38.0,38.52,38.0
03/08/2018,37.91,"666,129",38.49,38.77,37.8
03/07/2018,38.5,"1,082,862",38.41,39.09,38.03
03/06/2018,38.41,"848,797",38.37,38.55,37.37
03/05/2018,38.34,"1,200,151",38.0,38.58,37.58
03/02/2018,38.19,"1,140,133",37.67,38.42,37.48
03/01/2018,37.86,"1,334,269",38.09,38.59,37.48
02/28/2018,38.15,"2,037,098",36.9,38.69,36.86
02/27/2018,36.82,"1,155,588",38.17,38.21,36.4
02/26/2018,38.28,"1,880,627",37.12,38.46,37.1
02/23/2018,37.0,"787,843",36.1,37.13,36.1
02/22/2018,35.96,"693,211",35.81,36.535,35.74
02/21/2018,35.53,"641,231",36.31,36.52,35.51
02/20/2018,36.39,"962,092",36.3,36.9,36.09
02/16/2018,36.48,"837,787",36.43,36.855,36.235
02/15/2018,36.41,"615,209",36.33,36.67,35.93
02/14/2018,36.07,"772,531",35.11,36.2,35.1
02/13/2018,35.42,"707,165",35.21,35.61,34.89
02/12/2018,35.36,"992,220",35.51,36.06,35.24
02/09/2018,34.84,"842,870",34.19,35.03,33.4
02/08/2018,33.84,"2,019,136",35.13,36.91,33.8
02/07/2018,33.99,"1,128,966",34.54,34.68,33.88
02/06/2018,34.56,"1,149,841",33.58,34.77,33.23
02/05/2018,34.12,"655,966",34.43,35.17,34.041
02/02/2018,34.52,"770,949",35.25,35.66,34.45
02/01/2018,35.44,"807,433",35.28,35.75,35.23
01/31/2018,35.35,"752,302",35.34,35.85,35.06
01/30/2018,35.16,"1,139,465",34.74,35.19,34.43
01/29/2018,34.23,"630,188",34.38,34.64,34.02
01/26/2018,34.35,"632,924",34.34,34.44,33.76
01/25/2018,34.13,"970,730",33.61,34.18,33.39
01/24/2018,33.49,"732,637",33.82,33.93,33.33
01/23/2018,33.35,"689,278",33.47,33.62,32.955
01/22/2018,33.47,"834,751",33.93,34.05,32.625
01/19/2018,33.85,"887,891",33.23,34.03,33.2
01/18/2018,33.2,"436,904",32.78,33.33,32.58
01/17/2018,32.82,"643,292",31.98,32.9,31.9016
01/16/2018,31.89,"1,766,841",32.42,32.51,31.62
01/12/2018,32.18,"690,729",31.91,32.47,31.91
01/11/2018,31.8,"866,157",32.0,32.365,31.78
01/10/2018,31.87,"545,511",31.4,31.94,31.18
01/09/2018,31.59,"958,854",31.42,31.73,31.25
01/08/2018,31.3,"622,746",31.37,31.47,30.7
01/05/2018,31.05,"994,828",30.98,31.17,30.68
01/04/2018,30.88,"1,047,538",32.34,32.34,30.85
01/03/2018,30.77,"777,079",31.44,31.5,30.61
01/02/2018,31.41,"826,090",30.77,31.63,30.77
12/29/2017,30.58,"502,908",30.39,30.75,30.23
12/28/2017,30.34,"422,138",30.38,30.47,30.22
12/27/2017,30.29,"509,047",29.61,30.64,29.52
12/26/2017,29.59,"831,011",29.43,29.93,29.23
12/22/2017,29.55,"2,477,096",29.38,30.11,28.8
12/21/2017,31.87,"692,118",32.27,32.38,31.855
12/20/2017,32.07,"688,146",32.85,32.85,31.9
12/19/2017,32.72,"1,041,639",32.95,33.275,32.64
12/18/2017,32.92,"646,148",32.63,33.01,32.43
12/15/2017,32.41,"1,260,238",32.14,32.67,31.96
12/14/2017,32.01,"1,225,141",31.83,32.38,31.77
12/13/2017,31.88,"1,785,753",31.24,32.1,30.43
12/12/2017,30.54,"407,617",30.72,31.0,30.53
12/11/2017,30.7,"695,311",30.29,30.78,30.26
12/08/2017,30.33,"527,042",30.22,30.395,30.01
12/07/2017,30.15,"613,729",29.52,30.396,29.46
12/06/2017,29.53,"806,481",29.28,29.56,28.94
12/05/2017,28.77,"673,094",29.2,29.68,28.73
12/04/2017,29.1,"602,664",29.07,29.34,28.93
12/01/2017,28.76,"455,703",28.55,28.77,28.18
11/30/2017,28.49,"585,342",28.32,28.55,27.81
11/29/2017,28.02,"325,281",28.0,28.28,27.87
11/28/2017,28.01,"721,470",27.57,28.06,27.52
11/27/2017,27.54,"948,811",28.11,28.11,27.28
11/24/2017,28.12,"412,402",27.69,28.36,27.64
11/22/2017,27.56,"317,725",27.72,27.99,27.54
11/21/2017,27.74,"487,939",27.65,28.0,27.53
11/20/2017,27.59,"537,846",27.5,27.71,27.26
11/17/2017,27.54,"337,234",27.33,27.6,27.23
11/16/2017,27.39,"572,795",27.4,27.66,27.16
11/15/2017,27.38,"493,130",27.28,27.48,27.1
11/14/2017,27.46,"849,471",27.45,27.79,27.31
11/13/2017,27.64,"623,669",27.18,27.71,27.135
11/10/2017,27.3,"510,211",27.14,27.62,27.1
11/09/2017,27.1,"627,491",27.09,27.46,26.91
11/08/2017,27.26,"628,107",27.15,27.41,26.96
11/07/2017,27.11,"876,162",26.73,27.29,26.73
11/06/2017,26.74,"625,497",26.29,26.77,26.0
11/03/2017,26.38,"768,146",26.22,26.7,26.14
11/02/2017,26.26,"813,110",26.42,26.545,25.92
11/01/2017,26.5,"916,138",26.75,26.869,26.27
10/31/2017,26.53,"1,069,544",25.5,26.73,25.485
10/30/2017,25.31,"1,017,445",25.16,25.79,24.85
10/27/2017,26.09,"1,941,162",24.72,26.255,24.6
10/26/2017,24.4,"2,273,548",22.25,24.48,21.89
10/25/2017,21.55,"1,104,446",22.01,22.05,21.22
10/24/2017,22.06,"473,927",22.47,22.54,21.89
10/23/2017,22.48,"467,553",22.64,22.81,22.455
10/20/2017,22.62,"206,664",22.76,22.89,22.57
10/19/2017,22.62,"189,236",22.34,22.63,22.3
10/18/2017,22.54,"286,454",22.69,22.86,22.46
10/17/2017,22.54,"326,232",22.6,22.71,22.48
10/16/2017,22.59,"190,801",22.68,22.75,22.49
10/13/2017,22.54,"508,381",22.33,22.65,22.24
10/12/2017,22.3,"1,501,728",22.99,23.0,22.29
10/11/2017,23.09,"352,472",23.23,23.34,22.99
10/10/2017,23.29,"324,899",23.49,23.65,23.29
10/09/2017,23.46,"341,143",23.46,23.64,23.345
10/06/2017,23.51,"311,993",23.43,23.63,23.39
10/05/2017,23.42,"428,009",23.65,23.68,23.33
10/04/2017,23.64,"366,838",23.54,23.88,23.53
10/03/2017,23.63,"522,470",23.74,23.765,23.49
10/02/2017,23.72,"739,302",23.74,23.87,23.59
09/29/2017,23.55,"547,014",23.07,23.57,23.0
09/28/2017,23.06,"327,462",22.98,23.1,22.8
09/27/2017,23.06,"456,213",22.69,23.215,22.59
09/26/2017,22.65,"357,073",22.5,22.82,22.42
09/25/2017,22.54,"255,122",22.59,22.73,22.5
09/22/2017,22.6,"192,274",22.5,22.75,22.45
09/21/2017,22.5,"194,177",22.49,22.81,22.45
09/20/2017,22.52,"276,369",22.6,22.86,22.43
09/19/2017,22.52,"336,833",22.84,22.84,22.39
09/18/2017,22.83,"727,045",22.49,22.915,22.38
09/15/2017,22.44,"752,848",22.09,22.44,21.96
09/14/2017,22.06,"271,421",21.94,22.075,21.69
09/13/2017,22.06,"761,753",21.87,22.27,21.77
09/12/2017,21.88,"285,596",21.6,21.94,21.5301
09/11/2017,21.56,"288,309",21.73,21.82,21.49
09/08/2017,21.61,"293,697",21.97,21.97,21.56
09/07/2017,22.03,"334,199",22.12,22.3186,21.99
09/06/2017,22.1,"452,710",21.99,22.14,21.9
09/05/2017,21.94,"564,512",22.12,22.4799,21.87
09/01/2017,22.15,"576,575",21.8,22.23,21.74
08/31/2017,21.8,"349,858",21.58,21.835,21.58
08/30/2017,21.6,"303,644",21.28,21.67,21.28
08/29/2017,21.27,"387,866",21.34,21.47,21.23
08/28/2017,21.49,"531,785",20.93,21.55,20.9
08/25/2017,20.89,"384,485",21.08,21.08,20.6223
08/24/2017,20.96,"318,123",20.81,21.14,20.7718
08/23/2017,20.75,"159,683",20.89,21.02,20.74
08/22/2017,20.98,"341,114",20.84,21.02,20.74
08/21/2017,20.79,"267,194",20.91,20.91,20.64
08/18/2017,20.9,"248,411",20.98,21.23,20.73
08/17/2017,21.1,"349,002",21.47,21.61,21.08
08/16/2017,21.55,"445,815",21.22,21.56,21.2106
08/15/2017,21.13,"472,482",21.1,21.22,20.94
08/14/2017,21.04,"671,202",21.18,21.5,21.02
08/11/2017,21.06,"505,647",20.79,21.35,20.69
08/10/2017,21.29,"754,268",20.88,21.5,20.85
08/09/2017,20.84,"338,828",20.69,20.8958,20.56
08/08/2017,20.9,"439,298",21.07,21.23,20.8
08/07/2017,21.01,"314,019",21.01,21.16,20.741
08/04/2017,20.99,"402,734",21.23,21.34,20.82
08/03/2017,21.23,"523,060",21.1,21.27,21.05
08/02/2017,21.05,"838,155",21.25,21.25,20.86
08/01/2017,21.29,"725,589",21.22,21.355,21.07
07/31/2017,21.16,"918,862",21.47,21.55,20.95
07/28/2017,21.38,"3,898,306",20.8,21.41,20.79
07/27/2017,21.89,"1,284,379",22.35,22.46,21.131
07/26/2017,21.68,"534,702",21.73,21.945,21.61
07/25/2017,21.74,"644,537",21.77,22.17,21.56
07/24/2017,21.77,"1,167,020",21.36,22.16,21.24
07/21/2017,21.21,"537,946",21.41,21.43,21.08
07/20/2017,21.29,"338,481",21.18,21.48,21.12
07/19/2017,21.29,"779,852",20.83,21.57,20.81
07/18/2017,20.81,"293,146",20.6,20.83,20.51
07/17/2017,20.68,"306,876",20.9,20.91,20.53
07/14/2017,20.89,"319,671",20.65,20.97,20.64
07/13/2017,20.68,"325,822",20.55,20.69,20.46
07/12/2017,20.6,"315,788",20.63,20.7362,20.48
07/11/2017,20.53,"334,601",20.57,20.7,20.48
07/10/2017,20.59,"303,597",20.55,20.815,20.44
07/07/2017,20.56,"352,782",20.53,20.78,20.45
07/06/2017,20.51,"580,312",20.36,20.59,20.21
07/05/2017,20.49,"250,733",20.31,20.59,20.21
07/03/2017,20.33,"184,633",20.42,20.46,20.09
06/30/2017,20.37,"505,896",20.47,21.05,20.36
06/29/2017,20.54,"213,246",20.71,20.74,20.38
06/28/2017,20.69,"214,688",20.48,20.78,20.34
06/27/2017,20.38,"284,282",20.64,20.72,20.35
06/26/2017,20.64,"204,182",20.46,20.74,20.38
06/23/2017,20.41,"367,564",20.21,20.45,20.13
06/22/2017,20.21,"228,342",20.35,20.47,20.171
06/21/2017,20.38,"295,263",20.18,20.45,20.1245
06/20/2017,20.15,"300,175",20.67,20.68,20.09
06/19/2017,20.7,"290,822",20.91,20.91,20.575
06/16/2017,20.91,"510,286",20.71,20.91,20.59
06/15/2017,20.85,"176,182",20.53,20.88,20.53
06/14/2017,20.71,"212,587",20.94,20.99,20.685
06/13/2017,20.92,"662,034",20.69,21.03,20.69
06/12/2017,20.77,"310,979",20.39,20.8,20.3
06/09/2017,20.4,"345,491",20.7,20.79,20.29
06/08/2017,20.56,"218,533",20.42,20.77,20.3766
06/07/2017,20.43,"174,776",20.46,20.6,20.37
06/06/2017,20.45,"167,472",20.48,20.55,20.26
06/05/2017,20.59,"267,034",20.68,20.82,20.52
06/02/2017,20.7,"318,569",20.93,21.0,20.642
06/01/2017,20.91,"582,914",20.44,21.07,20.4
05/31/2017,20.41,"360,026",20.07,20.45,19.94
05/30/2017,20.03,"366,683",19.9,20.08,19.87
05/26/2017,19.91,"187,680",19.88,20.01,19.83
05/25/2017,19.91,"269,216",19.84,19.96,19.77
05/24/2017,19.75,"165,868",19.78,19.94,19.68
05/23/2017,19.76,"286,730",19.84,19.92,19.69
05/22/2017,19.8,"287,036",19.7,19.85,19.59
