date,close,volume,open,high,low
05/15/2026,385.17,"436,560",384.97,391.02,383.0001
05/14/2026,388.5,"347,942",385.0,395.4151,378.3
05/13/2026,386.51,"441,327",396.59,396.59,375.315
05/12/2026,401.39,"374,143",405.18,409.99,389.385
05/11/2026,402.63,"345,861",396.5,408.7699,393.39
05/08/2026,394.2,"395,478",395.58,405.79,390.22
05/07/2026,399.08,"648,898",425.02,454.84,396.1
05/06/2026,419.75,"476,866",417.4,426.95,414.88
05/05/2026,430.44,"348,230",431.89,437.09,423.44
05/04/2026,432.83,"286,731",433.6,442.29,432.13
05/01/2026,433.62,"373,883",442.34,443.0,429.32
04/30/2026,443.67,"423,322",432.15,443.95,425.93
04/29/2026,439.03,"319,208",436.07,440.89,426.13
04/28/2026,430.9,"353,724",443.44,445.01,427.77
04/27/2026,436.9,"342,931",442.16,449.52,429.81
04/24/2026,438.91,"266,490",437.6,439.455,427.385
04/23/2026,439.15,"288,115",440.82,445.4451,432.36
04/22/2026,439.5,"303,006",446.01,449.0,432.7386
04/21/2026,437.72,"300,816",437.78,444.75,436.5
04/20/2026,434.82,"317,070",425.0,436.01,420.785
04/17/2026,422.58,"469,048",419.61,427.26,404.715
04/16/2026,426.27,"311,048",418.47,429.9999,417.65
04/15/2026,417.3,"351,567",413.63,423.98,406.1938
04/14/2026,412.2,"499,357",412.79,420.8,408.52
04/13/2026,416.77,"523,782",410.0,422.19,405.61
04/10/2026,409.97,"1,261,112",387.26,417.95,386.8901
04/09/2026,377.97,"1,633,573",446.99,446.99,370.41
04/08/2026,448.28,"504,950",436.35,458.365,432.071
04/07/2026,449.79,"326,259",445.88,454.36,442.3
04/06/2026,448.86,"278,776",442.02,449.0,436.58
04/02/2026,444.24,"390,316",449.12,456.49,433.935
04/01/2026,439.2,"606,729",465.0,474.839,438.78
03/31/2026,474.56,"495,622",468.77,480.0,465.81
03/30/2026,467.37,"609,301",519.07,520.0,465.59
03/27/2026,511.75,"410,772",523.06,526.4282,509.33
03/26/2026,522.28,"335,852",531.37,538.3,521.06
03/25/2026,530.36,"336,634",535.26,541.88,530.0
03/24/2026,535.26,"394,566",529.06,545.0,527.05
03/23/2026,527.87,"415,577",514.28,533.84,508.4
03/20/2026,519.41,"1,470,275",533.46,543.03,519.2
03/19/2026,532.52,"426,829",528.84,539.69,520.41
03/18/2026,530.08,"397,244",531.08,539.1,526.585
03/17/2026,529.18,"429,285",532.38,534.0,518.11
03/16/2026,526.89,"398,563",531.0,531.88,517.2001
03/13/2026,531.13,"392,083",525.0,542.62,521.21
03/12/2026,528.97,"453,788",524.37,540.04,522.665
03/11/2026,524.83,"431,537",518.0,526.99,510.0
03/10/2026,520.76,"530,415",532.3,537.0,508.4
03/09/2026,539.79,"560,470",528.06,544.9999,520.0
03/06/2026,525.03,"378,423",524.58,535.1,517.18
03/05/2026,523.31,"445,890",532.75,543.99,511.7701
03/04/2026,536.11,"492,653",520.2,541.01,515.365
03/03/2026,523.64,"569,606",530.4,530.4,511.16
03/02/2026,531.09,"749,953",538.0,540.0,513.19
02/27/2026,524.29,"794,921",515.94,528.15,510.99
02/26/2026,512.54,"684,819",505.0,512.54,491.0
02/25/2026,510.3,"931,332",534.77,539.0,498.86
02/24/2026,531.95,"877,330",503.7,533.84,494.52
02/23/2026,502.85,"1,206,059",513.99,547.2,502.18
02/20/2026,499.88,"1,021,071",488.0,518.79,480.0
02/19/2026,486.56,"820,075",430.0,491.4,430.0
02/18/2026,440.71,"935,883",430.0,445.61,425.05
02/17/2026,426.42,"839,241",433.08,438.05,415.9
02/13/2026,432.31,"584,791",411.7,436.12,411.7
02/12/2026,411.4,"458,141",414.4,418.0,406.8
02/11/2026,413.54,"542,753",408.0,419.4,400.2501
02/10/2026,401.62,"918,784",378.6,404.7224,378.6
02/09/2026,374.51,"542,224",367.11,378.26,365.9801
02/06/2026,366.03,"447,993",350.46,366.6499,347.675
02/05/2026,345.35,"339,295",346.41,347.99,336.29
02/04/2026,346.47,"388,351",335.05,348.28,335.05
02/03/2026,336.12,"442,712",335.0,343.2575,326.68
02/02/2026,336.68,"341,786",340.0,344.515,335.5
01/30/2026,348.36,"392,737",349.61,352.0,339.76
01/29/2026,353.21,"385,600",363.24,372.805,350.29
01/28/2026,354.78,"317,784",351.01,357.18,344.4704
01/27/2026,345.2,"251,834",341.75,346.5399,336.39
01/26/2026,341.74,"280,060",351.04,352.69,338.5
01/23/2026,346.94,"436,352",349.52,358.21,344.52
01/22/2026,345.78,"403,471",344.59,351.96,342.3701
01/21/2026,346.23,"474,430",331.3,348.0,331.3
01/20/2026,327.87,"388,516",354.43,355.98,327.59
01/16/2026,337.48,"368,669",330.79,338.52,325.56
01/15/2026,330.94,"237,803",325.04,331.9999,320.5333
01/14/2026,326.93,"316,306",323.36,332.8,322.76
01/13/2026,321.83,"346,003",315.0,325.555,313.6
01/12/2026,310.08,"242,277",312.0,314.789,308.6
01/09/2026,311.87,"468,386",307.0,314.775,305.98
01/08/2026,302.95,"406,824",281.0,305.81,281.0
01/07/2026,281.39,"288,233",293.8,294.36,281.35
01/06/2026,293.81,"393,668",297.66,301.7219,288.81
01/05/2026,297.54,"519,982",306.91,307.435,292.53
01/02/2026,297.97,"389,077",286.0,298.27,280.95
12/31/2025,287.22,"297,948",291.69,293.225,286.44
12/30/2025,292.68,"255,125",296.97,298.0,292.06
12/29/2025,294.53,"289,340",290.0,295.92,289.495
12/26/2025,287.54,"292,680",294.12,294.12,283.0
12/24/2025,296.0,"124,023",298.22,299.56,291.0
12/23/2025,297.33,"342,270",305.48,310.44,294.865
12/22/2025,302.8,"439,365",304.0,309.9833,302.3333
12/19/2025,299.62,"1,221,987",299.94,303.7683,297.1003
12/18/2025,298.47,"747,261",296.8866,306.1666,295.3166
12/17/2025,294.3333,"784,020",278.3333,297.3333,276.4633
12/16/2025,273.5633,"657,360",278.2633,278.3133,269.2333
12/15/2025,279.8766,"630,108",281.5566,281.9754,270.6668
12/12/2025,279.5466,"527,868",298.46,298.8533,278.485
12/11/2025,296.7666,"322,029",295.06,298.8466,291.9933
12/10/2025,297.5,"486,579",293.34,297.79,287.7916
12/09/2025,293.6066,"289,905",301.3333,304.1637,291.8966
12/08/2025,301.3833,"426,210",305.02,308.2488,298.07
12/05/2025,308.36,"290,952",303.9,311.4872,303.6466
12/04/2025,306.5833,"313,461",302.0566,307.985,299.3933
12/03/2025,304.9066,"397,761",289.8333,306.17,287.9166
12/02/2025,288.2233,"459,837",291.2266,293.0,284.19
12/01/2025,284.58,"412,644",287.8433,290.9233,284.2266
11/28/2025,288.0966,"136,467",288.3333,291.2348,285.9533
11/26/2025,287.6366,"267,702",288.6666,292.1833,286.6666
11/25/2025,288.1366,"505,035",290.8333,291.6866,279.4216
11/24/2025,292.24,"782,940",296.77,298.7466,290.8033
11/21/2025,298.81,"401,454",294.38,303.2719,293.5
11/20/2025,294.52,"351,855",304.79,308.0,294.1133
11/19/2025,301.92,"262,224",300.57,305.17,298.2633
11/18/2025,306.7066,"407,964",312.0166,315.3333,297.3333
11/17/2025,319.1566,"513,894",340.0,340.9233,317.9166
11/14/2025,340.8833,"434,772",326.1933,344.165,326.1933
11/13/2025,329.6566,"380,394",333.3333,342.0433,328.8333
11/12/2025,335.4666,"373,035",326.97,336.5733,326.97
11/11/2025,329.73,"205,755",332.8033,335.6033,328.3666
11/10/2025,331.2866,"296,331",328.5633,333.3333,320.0
11/07/2025,327.23,"521,364",339.9766,339.9766,312.545
11/06/2025,337.0433,"974,955",305.6666,349.6266,305.6666
11/05/2025,306.35,"282,018",302.4833,312.2533,302.36
11/04/2025,304.81,"266,322",305.0,307.8983,300.0066
11/03/2025,308.22,"314,835",314.3333,314.4683,305.4466
10/31/2025,314.46,"501,303",308.6366,316.6666,308.6366
10/30/2025,309.5,"331,011",308.5666,316.25,308.5666
10/29/2025,308.1333,"286,935",305.0,313.5616,303.73
10/28/2025,305.0033,"235,821",309.0,309.875,304.3533
10/27/2025,309.8,"195,762",312.2066,313.7866,307.3617
10/24/2025,309.5433,"218,583",315.0,317.42,309.4433
10/23/2025,312.5466,"226,533",319.1166,319.1166,311.9
10/22/2025,308.62,"424,143",310.2933,312.3416,303.2739
10/21/2025,309.5433,"283,434",309.9533,316.6383,309.5433
10/20/2025,311.4866,"384,366",316.1966,317.7507,310.9866
10/17/2025,312.9933,"420,618",310.42,313.3783,306.18
10/16/2025,312.7266,"466,134",308.8466,314.9483,306.4383
10/15/2025,308.9166,"440,607",305.0,314.48,305.0
10/14/2025,302.5066,"415,692",291.4333,306.9016,287.51
10/13/2025,297.41,"317,292",299.2066,303.75,296.71
10/10/2025,296.4166,"411,702",300.0,303.7516,293.3333
10/09/2025,303.2633,"372,462",316.9066,320.7369,302.0833
10/08/2025,317.64,"364,053",321.97,321.97,310.0
10/07/2025,319.87,"245,622",325.1333,325.1333,315.7566
10/06/2025,325.1333,"407,481",318.0066,327.7433,315.722
10/03/2025,315.2966,"345,084",322.6833,326.6666,314.6399
10/02/2025,322.58,"367,521",319.2733,325.265,318.0066
10/01/2025,319.3266,"398,601",309.41,321.1033,308.8716
09/30/2025,311.2133,"366,330",303.31,312.4883,301.8887
09/29/2025,306.88,"285,978",315.31,315.31,305.9966
09/26/2025,318.0933,"382,548",308.8166,320.8916,308.8166
09/25/2025,308.5233,"296,055",311.61,312.2633,306.2433
09/24/2025,311.6666,"392,730",315.3366,320.3233,311.4333
09/23/2025,310.4266,"658,347",292.6,312.3333,292.6
09/22/2025,292.32,"460,488",289.4766,295.3983,286.6767
09/19/2025,291.7,"1,280,640",302.9833,304.12,289.8966
09/18/2025,304.4233,"386,856",305.2566,310.61,303.9383
09/17/2025,304.3333,"450,987",310.1266,314.4433,304.3333
09/16/2025,311.89,"328,692",308.8433,314.7133,308.7933
09/15/2025,307.84,"346,425",314.12,318.31,304.4533
09/12/2025,312.39,"326,892",315.9266,318.6633,311.2716
09/11/2025,312.9966,"287,211",309.4166,313.9866,308.6083
09/10/2025,312.5433,"278,250",302.7233,312.5466,302.7233
09/09/2025,300.04,"322,527",304.1933,306.9766,299.9666
09/08/2025,304.1933,"427,209",300.8166,305.76,298.5783
09/05/2025,296.3966,"413,202",305.1833,308.385,296.35
09/04/2025,309.6433,"271,017",300.52,309.6433,300.4566
09/03/2025,303.16,"316,923",311.4466,311.4466,303.1266
09/02/2025,314.1066,"511,665",310.4133,324.2466,310.4133
08/29/2025,311.16,"320,088",307.0066,312.9503,307.0066
08/28/2025,307.2966,"429,726",303.69,309.7445,301.8266
08/27/2025,302.9,"326,085",300.88,306.8416,300.88
08/26/2025,303.68,"716,304",299.2533,303.87,296.28
08/25/2025,300.2133,"315,645",304.7666,305.0333,300.0
08/22/2025,303.8766,"312,633",294.63,306.6366,293.92
08/21/2025,293.4266,"392,532",297.1366,298.7546,291.1066
08/20/2025,298.2566,"312,261",301.0,302.7066,297.4074
08/19/2025,300.7266,"301,569",296.6666,300.7266,295.4216
08/18/2025,297.35,"372,882",293.2666,299.0233,290.2966
08/15/2025,294.05,"557,460",304.0766,304.205,292.6133
08/14/2025,304.1833,"602,508",292.5266,308.77,290.0
08/13/2025,294.13,"467,133",285.0,294.5833,281.8533
08/12/2025,285.6033,"359,562",284.09,288.6131,282.5266
08/11/2025,284.9433,"387,114",288.5933,293.12,283.8266
08/08/2025,287.3666,"480,600",292.9,293.21,285.8433
08/07/2025,289.1533,"902,652",319.4433,320.3333,287.87
08/06/2025,316.8733,"384,402",323.1666,323.1666,315.6666
08/05/2025,319.6033,"391,050",317.7,321.98,313.3216
08/04/2025,317.3466,"389,961",311.92,319.6933,311.92
08/01/2025,311.6,"285,966",318.3,318.3,310.8816
07/31/2025,322.71,"479,829",326.1,329.0666,320.5
07/30/2025,328.6966,"451,431",330.6566,332.5633,326.2433
07/29/2025,331.2066,"387,513",326.2066,332.01,319.6666
07/28/2025,325.5233,"422,334",330.0666,333.825,321.3966
07/25/2025,326.43,"548,877",321.9566,327.2066,316.73
07/24/2025,323.1466,"950,439",308.8466,324.3466,302.6067
07/23/2025,310.4266,"651,069",312.6,313.8833,305.5733
07/22/2025,312.4566,"761,871",325.0,325.0,310.07
07/21/2025,323.32,"440,037",333.94,334.9029,318.91
07/18/2025,332.37,"413,787",336.1,337.3266,331.7966
07/17/2025,330.74,"383,844",326.7666,335.66,326.44
07/16/2025,328.8866,"584,742",327.23,330.9816,319.5833
07/15/2025,327.55,"523,917",346.7166,346.7166,327.0666
07/14/2025,345.8833,"404,457",345.0033,346.9633,341.2916
07/11/2025,348.9266,"329,112",348.1133,354.6233,348.0266
07/10/2025,350.3433,"379,782",346.9833,350.3916,343.4233
07/09/2025,349.1833,"269,433",350.64,351.3433,343.6375
07/08/2025,348.8233,"433,305",344.33,354.0636,343.6833
07/07/2025,344.64,"351,318",354.66,355.29,341.7833
07/03/2025,358.6566,"169,209",360.0833,360.1571,354.5535
07/02/2025,357.3166,"312,837",357.3033,359.6666,349.6366
07/01/2025,356.2266,"383,421",351.72,358.7466,346.5166
06/30/2025,352.13,"427,995",353.1866,354.2566,348.8233
06/27/2025,351.8133,"629,274",357.0,358.18,347.3933
06/26/2025,358.4833,"483,192",345.6066,361.6466,345.4016
06/25/2025,345.4266,"371,961",354.6766,354.6766,343.3366
06/24/2025,353.3133,"563,055",343.7966,356.4533,340.4554
06/23/2025,350.0,"537,708",366.3333,366.3333,346.8733
06/20/2025,361.4033,"943,452",360.6033,364.7162,356.2966
06/18/2025,359.9133,"405,360",360.1,365.49,357.3333
06/17/2025,362.5333,"463,734",368.4,373.0666,359.4333
06/16/2025,364.3333,"497,190",368.1933,376.0,360.3333
06/13/2025,373.1933,"445,248",373.2866,374.3566,363.5694
06/12/2025,365.8333,"336,858",363.4333,368.6666,360.29
06/11/2025,366.67,"513,924",370.6333,373.01,364.4866
06/10/2025,366.5266,"461,970",371.7966,376.7966,362.0866
06/09/2025,368.3466,"407,271",374.4516,375.59,364.0
06/06/2025,371.0866,"327,630",370.9033,379.4733,367.5
06/05/2025,364.3533,"412,065",370.9866,370.9866,362.6233
06/04/2025,367.51,"520,497",373.5066,377.4966,363.4816
06/03/2025,375.4566,"457,044",370.0833,380.8233,356.2183
06/02/2025,370.0466,"470,025",381.9633,390.17,367.6523
05/30/2025,371.3433,"1,115,289",395.7333,395.7333,369.4733
05/29/2025,399.4433,"476,406",406.5133,406.5133,395.8666
05/28/2025,406.5133,"299,685",416.13,420.8063,405.4733
05/27/2025,414.5133,"371,136",433.3333,433.3333,412.1266
05/23/2025,424.1366,"253,863",418.7333,429.1533,418.7333
05/22/2025,426.3,"462,882",447.12,447.12,424.7466
05/21/2025,451.8866,"317,565",461.6833,472.02,451.4566
05/20/2025,456.9033,"396,945",472.76,472.76,456.9033
05/19/2025,473.3866,"277,887",468.4833,473.3866,462.58
05/16/2025,476.85,"327,006",475.4233,477.3933,461.97
05/15/2025,472.3666,"386,175",460.6133,473.3116,449.9033
05/14/2025,468.64,"393,858",459.1633,469.7233,453.3333
05/13/2025,459.5466,"304,512",449.4666,462.492,449.0633
05/12/2025,447.04,"295,230",456.3233,456.3233,438.3133
05/09/2025,433.8,"249,132",432.78,438.07,423.5333
05/08/2025,429.1633,"544,293",456.6666,459.86,427.1733
05/07/2025,447.7933,"326,718",444.0666,449.1548,438.3333
05/06/2025,444.7133,"325,407",442.0866,450.91,434.9967
05/05/2025,440.5366,"211,794",439.4466,443.5733,432.6666
05/02/2025,448.7966,"305,700",443.0666,453.0066,431.03
05/01/2025,435.3766,"328,098",426.0,442.745,424.0433
04/30/2025,429.6233,"360,165",435.31,437.0866,422.9833
04/29/2025,443.43,"181,092",443.61,448.59,438.3333
04/28/2025,450.1266,"181,164",441.1466,451.59,440.7053
04/25/2025,444.8766,"167,160",441.3166,445.0,437.39
04/24/2025,445.2633,"260,163",447.8666,451.7633,440.5878
04/23/2025,443.5666,"327,312",441.6666,457.115,435.88
04/22/2025,436.81,"287,817",425.64,437.51,420.9967
04/21/2025,416.3233,"259,884",424.74,427.9333,406.7933
04/17/2025,432.88,"312,471",433.3333,440.6333,427.67
04/16/2025,425.86,"343,275",420.2466,430.73,419.3366
04/15/2025,421.4233,"241,482",415.8433,431.4933,415.8433
04/14/2025,415.8433,"340,668",424.2766,424.2766,411.6666
04/11/2025,412.0333,"302,541",395.6666,413.4866,385.6266
04/10/2025,395.5566,"422,811",405.3633,405.3633,380.1316
04/09/2025,421.1633,"615,792",367.9033,432.1966,356.92
04/08/2025,372.4966,"576,783",404.08,404.47,359.3283
04/07/2025,384.6366,"1,100,286",339.4933,395.5633,328.9766
04/04/2025,359.6666,"858,462",393.1666,393.1666,349.4666
04/03/2025,406.9933,"543,096",430.5166,431.4333,406.82
04/02/2025,463.81,"304,743",440.57,464.0,440.57
04/01/2025,450.9466,"399,516",438.1866,451.9916,428.6642
03/31/2025,441.6633,"388,281",431.6666,445.59,423.3333
03/28/2025,435.2366,"309,180",442.44,447.41,433.31
03/27/2025,443.97,"268,350",455.1533,455.1533,439.9033
03/26/2025,452.9166,"315,351",459.9566,470.39,449.9833
03/25/2025,454.12,"304,386",448.5666,456.8933,446.6007
03/24/2025,448.3266,"442,869",429.76,452.9116,424.3716
03/21/2025,424.3833,"1,185,552",453.0666,453.0666,403.86
03/20/2025,457.16,"287,076",456.6666,462.2234,451.615
03/19/2025,461.6633,"426,795",450.0,464.4666,448.6666
03/18/2025,447.91,"241,752",448.0,448.0,441.945
03/17/2025,446.53,"244,515",438.61,449.39,436.3266
03/14/2025,440.3566,"295,809",423.2366,441.7205,420.8023
03/13/2025,418.28,"455,322",448.0166,451.5233,416.5033
03/12/2025,449.31,"291,513",450.5266,457.275,437.89
03/11/2025,442.4766,"381,564",446.68,459.5333,433.3266
03/10/2025,443.7566,"462,135",457.9933,461.175,433.3333
03/07/2025,458.2466,"413,610",441.6716,462.7083,435.1999
03/06/2025,434.9933,"357,594",446.7866,449.7661,428.5633
03/05/2025,456.3766,"445,950",443.3333,456.3766,436.6666
03/04/2025,455.8133,"495,627",443.3333,465.3,428.1593
03/03/2025,452.1266,"534,642",478.4766,487.5933,446.1466
02/28/2025,475.9833,"609,996",449.9066,478.3333,449.0866
02/27/2025,452.0066,"267,792",456.71,461.8216,446.2583
02/26/2025,450.49,"346,371",433.7233,458.0833,433.7233
02/25/2025,429.7433,"416,862",429.51,432.5433,411.5966
02/24/2025,431.3066,"362,829",449.7333,449.7483,430.2433
02/21/2025,448.52,"547,311",470.36,471.35,446.5383
02/20/2025,477.0033,"447,021",480.75,484.5733,459.0307
02/19/2025,468.29,"364,146",473.3333,480.0,466.87
02/18/2025,470.28,"363,111",462.8433,472.44,459.1483
02/14/2025,457.4666,"257,412",455.1433,463.3333,449.8833
02/13/2025,451.06,"204,033",445.3933,457.33,443.3333
02/12/2025,447.72,"329,910",447.0,455.3633,441.6816
02/11/2025,454.7066,"180,642",461.0833,461.2933,452.4033
02/10/2025,460.3966,"227,838",454.5,463.4733,454.5
02/07/2025,448.4166,"204,519",448.69,455.42,446.9266
02/06/2025,446.1933,"356,841",466.6666,466.6666,436.6888
02/05/2025,464.7733,"230,217",457.4566,469.4666,456.5666
02/04/2025,452.42,"291,696",444.0333,455.3933,435.2301
02/03/2025,444.2666,"374,955",427.1966,446.6666,425.34
01/31/2025,432.39,"474,291",434.3966,442.435,429.5523
01/30/2025,431.4633,"270,387",430.94,439.74,426.6233
01/29/2025,423.9966,"251,730",423.3333,431.1066,420.9733
01/28/2025,425.0766,"434,832",419.8266,429.7633,412.03
01/27/2025,418.5733,"775,032",443.9166,447.63,394.9966
01/24/2025,453.3533,"381,447",466.5066,469.1333,452.81
01/23/2025,468.4333,"356,697",477.3566,481.6966,463.85
01/22/2025,471.8933,"320,454",477.2033,482.1733,468.3333
01/21/2025,472.5533,"396,381",472.0,475.425,459.05
01/17/2025,470.9333,"355,008",464.3333,472.4466,463.5175
01/16/2025,464.33,"377,523",457.2766,467.9366,457.2766
01/15/2025,458.33,"593,616",449.9666,476.7666,449.9666
01/14/2025,442.77,"380,259",430.3233,443.325,428.3766
01/13/2025,433.5233,"466,131",433.3333,446.3633,429.0167
01/10/2025,433.6433,"418,302",429.3166,438.2866,423.3333
01/08/2025,425.3133,"630,120",417.99,429.8666,413.3333
01/07/2025,419.43,"527,202",413.0666,430.835,407.9566
01/06/2025,408.8766,"377,919",406.2566,413.2,405.0968
01/03/2025,403.6766,"341,421",395.9666,408.4508,395.9666
01/02/2025,393.36,"411,924",373.52,395.685,373.0766
12/31/2024,368.6533,"388,311",370.6666,379.4433,367.8166
12/30/2024,369.1433,"830,928",380.8033,384.8266,367.1
12/27/2024,381.7066,"264,705",388.3333,389.6666,379.2083
12/26/2024,389.0033,"208,701",386.4733,389.8318,382.4066
12/24/2024,387.0666,"171,333",382.5766,389.8766,378.0005
12/23/2024,379.8166,"284,163",380.0933,384.9033,367.7133
12/20/2024,377.7066,"1,661,388",362.9166,378.6133,362.9166
12/19/2024,365.4433,"538,737",379.3333,383.0,363.9166
12/18/2024,371.4866,"499,989",405.1933,406.87,369.86
12/17/2024,401.22,"613,770",400.27,402.07,392.4733
12/16/2024,405.3133,"617,220",400.3,413.0,391.6667
12/13/2024,399.6566,"376,962",401.1766,404.8466,390.9466
12/12/2024,398.9533,"771,501",400.0,407.2933,380.7366
12/11/2024,402.3333,"801,027",439.4133,439.4133,398.4666
12/10/2024,432.03,"471,612",443.3333,445.5683,431.14
12/09/2024,442.3466,"514,464",450.5466,458.1,439.5766
12/06/2024,446.1466,"557,493",447.6833,447.6833,423.42
12/05/2024,448.88,"641,016",466.9466,469.795,442.1366
12/04/2024,462.64,"967,725",521.6666,521.6666,445.8233
12/03/2024,523.3099,"629,262",504.6533,524.7033,504.6533
12/02/2024,500.1166,"690,834",534.5699,536.9866,493.0
11/29/2024,533.3633,"410,394",558.6299,564.1683,531.0033
11/27/2024,545.5633,"1,267,131",524.3166,551.5099,512.441
11/26/2024,523.9233,"958,860",538.2666,539.5233,511.1299
11/25/2024,537.9999,"13,709,335",578.6966,589.7133,519.9213
11/22/2024,576.6666,"2,207,613",536.3299,583.1466,528.9466
11/21/2024,505.1766,"599,541",486.2633,508.6799,480.8857
11/20/2024,483.5666,"284,910",471.4966,485.61,471.4966
11/19/2024,473.3766,"238,542",462.2333,473.885,462.2333
11/18/2024,466.25,"250,497",459.0,469.23,456.0933
11/15/2024,453.3133,"189,657",449.1966,454.43,446.59
11/14/2024,453.7333,"303,591",458.3266,458.3266,442.12
11/13/2024,455.4733,"283,656",469.17,471.91,452.3566
11/12/2024,468.92,"282,045",468.6833,473.7399,461.69
11/11/2024,466.6266,"286,509",459.7433,467.16,451.1166
11/08/2024,458.02,"492,585",446.3333,472.5733,446.3333
11/07/2024,445.1033,"573,018",418.1966,445.8166,414.69
11/06/2024,443.2066,"615,639",435.6833,453.3516,429.1266
11/05/2024,414.3833,"285,966",402.9233,416.3133,402.9233
11/04/2024,402.5266,"420,246",391.5666,413.35,390.9805
11/01/2024,390.8733,"337,035",387.8666,396.6366,385.3866
10/31/2024,388.6666,"270,363",386.6666,391.3666,381.2916
10/30/2024,384.5433,"300,951",372.3033,385.8766,372.3033
10/29/2024,369.6333,"146,523",363.9566,369.6333,362.6033
10/28/2024,363.4366,"139,026",358.5933,364.11,355.89
10/25/2024,366.0033,"166,794",366.64,368.9566,362.7833
10/24/2024,363.3233,"116,406",362.9333,364.725,361.3766
10/23/2024,361.42,"178,302",361.2266,363.64,355.46
10/22/2024,363.91,"209,817",361.17,365.25,357.44
10/21/2024,358.19,"250,371",356.5833,361.17,353.3333
10/18/2024,352.8433,"238,521",354.59,354.59,350.2694
10/17/2024,355.34,"195,255",350.4633,359.0833,350.4633
10/16/2024,349.32,"231,552",349.65,353.6116,347.27
10/15/2024,345.5566,"283,848",348.8433,349.6165,340.9466
10/14/2024,355.3966,"335,094",352.8066,358.77,350.1766
10/11/2024,352.8066,"525,648",334.6666,356.7433,334.6666
10/10/2024,334.0666,"312,837",326.68,335.3333,325.4833
10/09/2024,326.7166,"178,029",320.0966,326.9,318.8066
10/08/2024,323.62,"223,275",325.3333,325.3333,317.34
10/07/2024,328.5233,"284,577",327.6666,331.9025,326.81
10/04/2024,327.1233,"301,488",325.84,330.2783,322.8033
10/03/2024,323.4866,"334,197",310.9833,325.0,309.305
10/02/2024,310.0033,"174,831",308.2533,310.37,305.6733
10/01/2024,304.78,"289,896",291.14,305.6916,289.48
09/30/2024,294.9133,"320,865",297.4766,299.6964,290.3
09/27/2024,295.6933,"188,823",293.7666,298.3733,292.2366
09/26/2024,291.3,"304,515",305.0533,307.2066,289.385
09/25/2024,309.2433,"369,087",313.0866,315.8333,307.0633
09/24/2024,313.5333,"268,368",319.8333,319.8333,313.5266
09/23/2024,317.3766,"402,333",311.0666,319.37,309.82
09/20/2024,312.0933,"946,980",304.46,313.8766,301.7666
09/19/2024,305.22,"474,213",298.71,308.3833,296.0933
09/18/2024,293.9333,"331,266",291.3333,300.0,289.7
09/17/2024,291.17,"332,817",281.5666,293.6666,281.5666
09/16/2024,279.5366,"354,579",271.7,280.8766,270.06
09/13/2024,269.6633,"135,507",267.5333,270.7416,267.1316
09/12/2024,264.8966,"131,769",264.0,266.6266,263.0579
09/11/2024,263.0833,"297,762",262.68,264.16,255.5016
09/10/2024,262.55,"202,743",265.7733,265.7733,260.0
09/09/2024,263.84,"199,302",266.6866,266.6866,261.96
09/06/2024,266.17,"193,341",266.6966,269.9333,264.135
09/05/2024,264.2433,"233,445",270.1466,270.1769,263.1768
09/04/2024,267.92,"212,442",271.68,275.145,266.4166
09/03/2024,271.68,"312,183",284.59,284.59,270.5766
08/30/2024,289.63,"404,325",289.3066,290.9916,284.8266
08/29/2024,290.2566,"247,431",290.26,293.7066,289.64
08/28/2024,291.0033,"304,752",288.1466,293.4633,287.9066
08/27/2024,286.1066,"162,201",285.9,287.0,282.9
08/26/2024,287.3266,"141,258",288.3333,290.0933,284.3866
08/23/2024,286.3366,"232,194",278.0666,287.1483,278.0666
08/22/2024,276.6433,"184,455",275.7,278.6933,273.87
08/21/2024,275.12,"252,021",274.9966,278.5733,271.98
08/20/2024,272.5033,"152,721",278.9266,278.9266,269.6966
08/19/2024,280.7666,"273,207",274.5133,281.2566,274.2366
08/16/2024,273.83,"187,488",272.5733,276.1133,271.7666
08/15/2024,276.2733,"337,578",275.0,278.0766,273.4633
08/14/2024,273.1,"230,364",275.4033,275.4033,271.8216
08/13/2024,273.1933,"189,861",276.3233,276.635,270.1083
08/12/2024,277.57,"233,505",275.01,278.23,272.1466
08/09/2024,274.19,"221,151",275.3866,275.81,270.3266
08/08/2024,275.9266,"612,951",261.1633,279.9833,250.9
08/07/2024,257.6633,"699,873",262.21,268.0,257.1933
08/06/2024,257.64,"244,413",254.06,261.225,254.06
08/05/2024,252.0166,"339,786",251.01,256.9,245.5833
08/02/2024,260.93,"280,080",270.4033,270.485,254.56
08/01/2024,274.3366,"216,996",283.3266,284.8866,268.18
07/31/2024,281.6333,"288,138",279.8066,284.0733,277.8966
07/30/2024,275.4433,"207,054",272.78,276.6333,271.2733
07/29/2024,272.31,"238,338",273.7133,273.7133,268.34
07/26/2024,272.95,"169,830",269.63,273.7333,269.1866
07/25/2024,269.1866,"275,901",263.3366,270.9216,260.8822
07/24/2024,264.49,"287,382",267.0733,271.0033,264.49
07/23/2024,266.65,"170,403",269.5366,271.1633,265.3206
07/22/2024,269.13,"231,540",271.6866,271.6866,266.0866
07/19/2024,271.4933,"238,947",271.9166,272.87,270.4666
07/18/2024,272.32,"300,954",273.3833,276.7133,271.0533
07/17/2024,272.84,"284,949",275.5133,277.94,272.38
07/16/2024,274.69,"361,053",273.85,278.1716,273.3333
07/15/2024,274.2566,"422,784",270.01,277.33,268.15
07/12/2024,267.0866,"328,590",265.0,267.7266,261.7066
07/11/2024,261.7033,"313,623",259.7633,264.1,258.6333
07/10/2024,258.9866,"311,304",249.6,259.3433,249.1666
07/09/2024,250.0,"330,930",249.3333,251.0416,246.7333
07/08/2024,250.4966,"314,319",249.0766,253.46,249.0133
07/05/2024,249.18,"228,780",248.5266,253.4483,247.017
07/03/2024,249.2666,"216,063",243.7733,251.6366,243.7733
07/02/2024,245.0,"269,526",244.9333,246.9565,241.82
07/01/2024,241.62,"299,640",245.4866,247.0833,241.5833
06/28/2024,244.7566,"595,920",246.6166,250.0,244.0233
06/27/2024,244.6133,"336,837",246.77,247.4666,242.8466
06/26/2024,247.6733,"468,345",250.0733,251.0,245.875
06/25/2024,250.0733,"616,731",247.3166,253.9633,246.3242
06/24/2024,249.2333,"821,811",250.2033,251.4583,247.0233
06/21/2024,251.6033,"8,224,315",258.9433,258.9433,247.2666
06/20/2024,258.7533,"572,859",256.74,261.05,256.005
06/18/2024,255.9066,"500,790",254.56,258.8033,253.82
06/17/2024,253.3366,"573,534",252.2433,256.1566,247.6033
06/14/2024,250.0,"679,338",255.2433,258.0433,247.4233
06/13/2024,254.6666,"800,517",257.2033,262.5733,250.0
06/12/2024,259.09,"874,329",258.3333,266.4866,253.4833
06/11/2024,255.57,"1,154,526",238.3333,257.8333,235.62
06/10/2024,241.0933,"1,687,707",204.8533,244.0866,204.8533
06/07/2024,194.0233,"141,168",195.8866,197.0416,193.85
06/06/2024,197.5833,"111,555",198.4766,198.6583,196.0712
06/05/2024,197.6733,"184,209",196.4633,197.8966,195.9383
06/04/2024,194.8266,"163,929",197.35,197.35,192.8533
06/03/2024,198.5966,"214,389",206.1066,206.1066,196.77
05/31/2024,204.77,"715,569",204.83,208.3266,203.99
05/30/2024,204.8466,"142,539",204.5133,206.8466,203.74
05/29/2024,204.59,"217,035",205.13,205.1566,201.0533
05/28/2024,205.71,"164,499",205.03,207.0516,204.2733
05/24/2024,203.7533,"84,669",204.3333,204.5,202.6244
05/23/2024,202.81,"135,099",204.8233,204.85,201.41
05/22/2024,202.6733,"122,052",206.05,207.3333,202.32
05/21/2024,206.0933,"134,949",205.0,206.5666,204.68
05/20/2024,205.7,"106,953",203.9266,206.1816,202.7766
05/17/2024,203.4066,"121,413",204.2566,205.2482,202.9466
05/16/2024,202.84,"186,423",200.74,203.8666,199.17
05/15/2024,200.5133,"214,353",202.1033,202.11,199.1966
05/14/2024,202.56,"168,420",202.1333,203.3766,200.415
05/13/2024,201.76,"169,188",208.3266,208.7666,201.4366
05/10/2024,207.9066,"214,959",204.0433,208.3333,204.0433
05/09/2024,205.0766,"421,689",194.37,208.3333,194.37
05/08/2024,187.8333,"187,533",189.7433,190.48,187.3466
05/07/2024,189.9066,"174,693",190.7033,193.9,189.86
05/06/2024,190.48,"168,324",188.1866,193.24,188.1866
05/03/2024,187.2066,"132,087",187.3666,188.9466,186.4377
05/02/2024,186.1866,"148,656",187.9833,188.6266,186.0
05/01/2024,186.23,"174,918",191.8333,194.0685,185.2366
04/30/2024,192.1,"299,511",199.78,200.0,191.41
04/29/2024,200.8,"208,443",198.7166,202.63,198.4633
04/26/2024,198.5566,"170,796",197.1,199.6666,195.6666
04/25/2024,197.34,"145,980",196.46,199.4466,193.1766
04/24/2024,196.3366,"157,821",195.5633,196.6383,193.3133
04/23/2024,195.9366,"124,329",193.6366,197.4633,193.6366
04/22/2024,195.27,"122,844",193.1833,197.8295,192.7866
04/19/2024,194.2,"189,216",193.8533,196.3566,192.5233
04/18/2024,194.1333,"189,345",195.1733,198.0666,193.0
04/17/2024,194.9866,"199,353",195.3433,199.1066,193.1
04/16/2024,195.6433,"151,311",193.37,197.2133,192.3033
04/15/2024,194.6366,"286,689",202.9366,203.6433,194.1083
04/12/2024,201.9066,"226,161",201.9666,211.0233,201.2766
04/11/2024,200.5066,"353,208",198.0733,201.5033,195.54
04/10/2024,198.0733,"312,654",195.0,198.67,190.7333
04/09/2024,196.47,"196,398",193.24,197.1633,193.24
04/08/2024,193.04,"214,959",198.3633,198.3633,192.59
04/05/2024,198.74,"148,092",199.6433,199.7516,195.0
04/04/2024,199.0533,"299,079",195.6666,200.41,195.6666
04/03/2024,195.6333,"193,848",192.6666,196.3966,191.4966
04/02/2024,191.8866,"258,276",191.55,195.6366,188.813
04/01/2024,190.3633,"198,264",193.6133,193.7366,188.96
03/28/2024,192.8366,"317,481",192.1666,193.13,189.9966
03/27/2024,192.11,"225,789",188.3333,193.9266,186.66
03/26/2024,186.5755,"351,855",192.37,194.3122,185.9955
03/25/2024,191.6178,"122,040",189.7778,191.6178,189.0966
03/22/2024,187.3189,"246,726",189.4678,190.11,186.2166
03/21/2024,188.8844,"223,506",188.8889,189.2478,187.0422
03/20/2024,187.9778,"231,012",187.3333,188.37,184.4444
03/19/2024,187.3333,"232,443",188.43,189.7778,185.2361
03/18/2024,185.5666,"280,674",186.3378,189.7244,184.8022
03/15/2024,185.1655,"588,618",182.3333,185.5922,182.3333
03/14/2024,182.5344,"305,901",180.5555,183.5289,180.0
03/13/2024,178.4966,"312,930",176.3444,180.1144,176.3444
03/12/2024,175.0522,"207,036",172.1111,175.3322,169.7955
03/11/2024,172.5578,"202,464",169.7722,175.1433,167.6933
03/08/2024,169.7466,"271,971",170.6666,173.2011,168.4544
03/07/2024,166.8466,"210,906",164.6567,169.4117,164.6567
03/06/2024,165.0489,"233,730",169.9789,169.9789,164.4667
03/05/2024,168.4111,"195,363",169.1633,172.6266,168.2039
03/04/2024,170.9211,"176,067",173.75,173.75,170.5055
03/01/2024,173.9689,"181,161",175.1889,176.2511,173.1766
02/29/2024,175.0466,"336,726",173.892,176.0066,173.2466
02/28/2024,171.3633,"195,498",175.6908,175.6908,170.6066
02/27/2024,176.3444,"206,082",173.6189,176.3444,173.6189
02/26/2024,173.3589,"324,693",172.6822,174.7233,171.2378
02/23/2024,173.4844,"171,684",172.91,174.0589,171.1111
02/22/2024,173.7133,"279,891",174.0733,174.8489,171.1211
02/21/2024,169.1533,"282,942",164.9111,172.635,164.9111
02/20/2024,165.6644,"196,002",167.6644,169.0322,165.6644
02/16/2024,167.9789,"204,084",165.7633,169.83,165.7633
02/15/2024,165.2844,"325,134",163.2533,168.1111,163.155
02/14/2024,159.6311,"214,164",160.7922,161.1111,157.3833
02/13/2024,158.2822,"139,410",163.41,163.41,157.02
02/12/2024,162.9278,"191,079",163.9978,164.5511,160.9433
02/09/2024,162.9011,"150,165",164.3922,165.0,162.1789
02/08/2024,164.6467,"223,749",166.6667,168.8466,163.0967
02/07/2024,165.65,"209,457",161.8955,167.6633,161.1111
02/06/2024,160.4922,"239,715",159.4989,161.47,159.4367
02/05/2024,158.7755,"185,049",159.4444,161.325,157.4144
02/02/2024,159.7933,"177,435",159.8622,160.5,155.8722
02/01/2024,161.0689,"203,409",163.9744,163.9744,158.0833
01/31/2024,162.37,"204,507",168.26,168.26,161.6489
01/30/2024,167.1011,"148,806",166.6233,169.3578,166.6233
01/29/2024,168.9833,"121,995",166.3989,168.9833,166.3989
01/26/2024,165.41,"100,683",166.5,166.5544,164.0311
01/25/2024,166.0467,"211,239",166.6655,167.7778,163.8889
01/24/2024,167.2766,"110,340",166.6667,167.8589,166.5433
01/23/2024,165.6511,"126,783",164.2744,165.9022,163.0211
01/22/2024,165.4433,"147,834",163.8078,167.3594,163.7955
01/19/2024,165.2955,"129,825",164.76,165.2955,163.3344
01/18/2024,164.93,"275,346",163.3611,165.9633,161.1089
01/17/2024,163.4889,"154,890",162.3422,165.4644,161.4194
01/16/2024,163.9044,"147,798",170.4444,170.4444,163.8889
01/12/2024,170.1355,"148,113",169.83,170.5555,167.7233
01/11/2024,167.6022,"160,668",169.6844,170.2911,166.8355
01/10/2024,168.0322,"170,199",169.58,169.58,165.5555
01/09/2024,170.2133,"209,376",169.2266,171.1589,168.2611
01/08/2024,170.7522,"273,195",170.1566,171.6833,168.8246
01/05/2024,172.8055,"166,167",172.7755,173.7166,171.3516
01/04/2024,172.2778,"213,075",177.2866,177.2866,172.2778
01/03/2024,177.2866,"168,678",176.8111,178.4,175.9572
01/02/2024,178.29,"210,618",176.9766,180.6611,176.3778
12/29/2023,174.7166,"208,449",177.1766,177.5555,174.1944
12/28/2023,177.5689,"144,243",181.2878,181.6666,177.5172
12/27/2023,181.8922,"100,251",181.3889,181.9933,181.1222
12/26/2023,182.0566,"112,392",179.5222,182.2955,178.8078
12/22/2023,179.5333,"141,660",179.7955,180.6666,177.3989
12/21/2023,179.78,"249,633",179.3055,179.78,176.3933
12/20/2023,179.2989,"237,807",182.6433,184.7789,178.95
12/19/2023,180.8189,"257,877",178.1222,181.0322,177.3144
12/18/2023,178.0411,"211,059",179.7611,180.8811,177.2844
12/15/2023,177.47,"859,023",178.5678,178.7778,175.9839
12/14/2023,178.2166,"264,213",177.6555,180.4655,177.3333
12/13/2023,174.9344,"331,902",171.5733,175.5211,171.3554
12/12/2023,171.7455,"290,592",170.7066,172.04,168.3333
12/11/2023,172.7389,"216,504",171.8578,174.27,171.1551
12/08/2023,171.7911,"251,325",169.9266,171.9733,169.4968
12/07/2023,168.5022,"274,797",167.5555,169.5689,166.4444
12/06/2023,165.0755,"430,650",164.8978,167.6411,163.2211
12/05/2023,165.3111,"518,202",177.4089,177.7789,164.6711
12/04/2023,177.4622,"539,082",192.2233,192.3666,177.22
12/01/2023,194.0311,"500,715",185.9022,196.1111,185.1111
11/30/2023,185.7722,"824,346",183.54,187.0744,181.94
11/29/2023,183.5633,"240,552",180.7766,183.9855,179.3933
11/28/2023,179.7911,"352,530",182.1111,184.0044,179.0
11/27/2023,181.8911,"472,914",183.8666,183.8666,180.8889
11/24/2023,183.3333,"145,224",183.3111,185.1111,183.3111
11/22/2023,182.4444,"200,772",179.4444,182.5833,179.4444
11/21/2023,182.3866,"217,242",181.6666,183.7816,180.2646
11/20/2023,182.1555,"244,593",183.6111,187.0555,181.3
11/17/2023,183.5555,"174,672",180.2444,184.5533,180.2444
11/16/2023,179.1755,"287,235",184.7778,186.4444,177.8194
11/15/2023,186.9766,"228,258",188.9111,191.5444,186.3205
11/14/2023,189.3278,"166,986",186.9233,192.4411,186.9233
11/13/2023,184.5966,"214,056",182.9733,186.9722,181.7111
11/10/2023,182.3333,"195,795",186.2222,186.2222,181.0278
11/09/2023,184.2722,"645,840",183.6966,186.3078,180.8378
11/08/2023,183.3944,"362,214",189.1433,189.81,182.8444
11/07/2023,188.5344,"315,486",194.1111,194.1111,183.8011
11/06/2023,195.4978,"394,749",202.1889,203.7444,194.4696
11/03/2023,201.0011,"375,759",199.4766,204.94,198.2578
11/02/2023,199.7555,"415,827",204.5333,208.6666,199.1683
11/01/2023,204.7489,"759,438",208.1333,210.0355,204.7489
10/31/2023,205.1055,"283,779",203.4578,207.4589,203.4333
10/30/2023,204.04,"428,490",203.2911,205.0,200.9333
10/27/2023,202.1744,"287,802",205.0533,205.0533,199.3411
10/26/2023,206.2478,"421,605",204.5555,207.9,199.5078
10/25/2023,206.5566,"324,702",200.5555,207.2222,200.5555
10/24/2023,201.35,"525,915",207.2222,208.1778,201.0844
10/23/2023,206.26,"439,263",209.4666,211.6822,205.8822
10/20/2023,212.6389,"401,598",215.6666,217.7778,212.6389
10/19/2023,218.3355,"331,407",218.8666,218.8666,216.2462
10/18/2023,219.8133,"291,231",217.01,220.1111,216.4978
10/17/2023,215.3589,"384,786",213.3483,222.2222,213.3378
10/16/2023,212.2255,"258,066",208.9,213.2411,208.9
10/13/2023,208.3089,"463,725",209.4444,214.5555,208.3089
10/12/2023,206.9966,"528,192",205.5666,207.2344,204.5555
10/11/2023,205.2833,"414,225",202.4711,206.6433,201.2778
10/10/2023,203.9211,"477,090",199.6144,206.1261,199.6144
10/09/2023,201.0111,"596,016",198.6755,205.4711,198.6755
10/06/2023,196.3911,"411,516",196.4778,201.1522,196.2111
10/05/2023,196.4766,"258,804",193.3511,198.8844,193.3511
10/04/2023,195.1855,"326,115",196.2622,197.6089,193.53
10/03/2023,198.1144,"303,579",193.0322,198.5966,193.0322
10/02/2023,194.3255,"328,653",203.3333,203.6789,190.4789
09/29/2023,202.6178,"450,882",211.5555,211.5555,202.6178
09/28/2023,210.1622,"481,140",208.5555,211.5289,208.5555
09/27/2023,207.8222,"299,394",207.4444,212.7455,206.5078
09/26/2023,205.2933,"343,161",206.3355,207.1111,203.9866
09/25/2023,206.6589,"153,648",206.0611,207.93,204.73
09/22/2023,204.5211,"202,482",210.7778,210.7778,204.4943
09/21/2023,207.83,"348,561",208.0478,209.4655,203.4797
09/20/2023,207.6922,"359,910",204.0,212.1544,203.7644
09/19/2023,203.9555,"279,882",204.2478,205.6611,200.6166
09/18/2023,202.1766,"180,702",196.7,203.6555,196.7
09/15/2023,196.7911,"661,185",197.8078,199.26,194.1527
09/14/2023,199.3244,"247,905",200.0189,201.1083,197.9789
09/13/2023,196.9911,"237,762",201.9,202.0878,196.9144
09/12/2023,201.2289,"210,987",196.88,202.7778,196.8093
09/11/2023,193.6789,"300,537",206.0155,206.0155,191.9411
09/08/2023,205.4989,"273,465",206.1144,206.3489,204.2822
09/07/2023,204.0433,"261,225",203.61,207.1411,201.9539
09/06/2023,203.4411,"283,743",202.4444,206.2,200.7344
09/05/2023,200.8889,"508,068",211.3022,211.63,198.98
09/01/2023,212.0366,"499,293",209.6433,212.69,206.9133
08/31/2023,209.4166,"597,096",217.77,217.77,208.3344
08/30/2023,215.8444,"248,832",216.4855,217.7778,215.0
08/29/2023,214.88,"127,692",214.9689,214.9689,211.2844
08/28/2023,213.25,"135,000",213.2411,213.5678,210.2455
08/25/2023,211.3511,"194,715",212.6155,212.6155,208.4789
08/24/2023,209.6889,"154,935",207.3555,211.6644,207.3555
08/23/2023,208.4789,"163,395",209.2822,210.6555,206.5555
08/22/2023,209.1266,"171,000",209.8966,211.8311,206.8733
08/21/2023,208.4933,"283,509",213.7078,214.9689,207.1511
08/18/2023,211.97,"342,720",212.3322,212.3322,206.2322
08/17/2023,212.0533,"273,456",210.1189,213.7766,210.1189
08/16/2023,206.4866,"214,956",205.1722,209.6733,204.6611
08/15/2023,205.4266,"300,258",208.3333,208.3333,203.9589
08/14/2023,208.4566,"293,274",208.5933,213.2822,206.6267
08/11/2023,209.4455,"308,799",203.5244,213.0833,200.05
08/10/2023,202.0111,"259,236",200.0,203.0111,198.7811
08/09/2023,197.8189,"270,990",197.8666,199.4944,195.6233
08/08/2023,196.14,"282,213",191.2033,196.73,189.3981
08/07/2023,194.0022,"347,013",190.3644,196.1,190.3644
08/04/2023,190.2489,"553,680",181.1111,194.7472,179.4444
08/03/2023,179.0255,"355,302",166.1111,179.8866,166.1111
08/02/2023,162.8111,"342,126",170.7689,170.7689,162.6655
08/01/2023,165.0622,"199,269",166.17,166.17,162.4667
07/31/2023,167.3666,"274,914",168.9133,171.1633,167.36
07/28/2023,167.0566,"141,048",167.0378,168.5689,166.0
07/27/2023,166.8766,"216,882",169.3044,170.1,165.2622
07/26/2023,167.5822,"201,897",165.8889,168.4433,165.6467
07/25/2023,168.0055,"193,149",166.1211,168.71,165.5544
07/24/2023,165.6922,"244,233",163.8889,169.3744,163.8889
07/21/2023,163.2511,"163,332",162.66,163.2511,160.8539
07/20/2023,160.5922,"222,561",160.1744,161.5844,157.95
07/19/2023,160.3444,"244,755",159.1122,162.0611,159.0055
07/18/2023,158.8222,"177,102",154.7655,160.05,154.7655
07/17/2023,155.6955,"220,122",152.6667,156.2755,151.3467
07/14/2023,152.1111,"302,778",158.3333,158.3333,152.1111
07/13/2023,159.5744,"236,979",160.43,164.5655,159.1828
07/12/2023,158.7833,"258,003",159.3533,160.5755,155.5556
07/11/2023,156.8289,"253,863",152.5555,158.4844,152.5555
07/10/2023,149.6189,"189,657",149.4167,150.5422,148.6667
07/07/2023,149.8667,"267,147",143.5889,151.5555,143.5889
07/06/2023,144.7967,"193,590",146.9711,149.8289,143.1855
07/05/2023,148.8267,"222,624",150.4678,150.4678,147.0422
07/03/2023,149.9255,"143,118",146.7167,151.0039,146.7167
06/30/2023,146.2778,"226,710",147.98,147.98,146.1233
06/29/2023,146.6344,"182,223",144.28,146.8992,143.4367
06/28/2023,144.4167,"184,644",143.1989,145.5511,142.7778
06/27/2023,142.9767,"201,852",145.2411,145.2411,142.9767
06/26/2023,144.2244,"192,744",142.8889,146.2222,142.8889
06/23/2023,142.5178,"459,810",142.2222,143.75,140.69
06/22/2023,144.1855,"202,221",145.8889,145.8889,143.5789
06/21/2023,147.8889,"139,968",147.9233,150.2278,145.7829
06/20/2023,147.4189,"212,085",149.1667,149.1667,145.0389
06/16/2023,150.9555,"557,856",151.8,152.9259,149.7367
06/15/2023,151.3444,"205,947",148.6667,153.7633,148.6667
06/14/2023,147.8189,"264,600",149.3567,149.9233,145.4222
06/13/2023,148.7589,"399,636",151.8878,153.8889,147.8433
06/12/2023,149.9044,"253,008",153.3711,153.3711,149.1522
06/09/2023,154.7711,"195,345",157.4967,157.4967,153.4789
06/08/2023,156.6978,"167,958",157.8744,157.8744,153.9922
06/07/2023,158.6633,"317,772",154.5578,161.5436,154.1733
06/06/2023,152.8678,"203,472",147.7778,153.0133,147.7778
06/05/2023,149.4722,"362,223",154.4078,155.5533,147.3122
06/02/2023,152.4444,"294,597",151.2911,153.0805,148.265
06/01/2023,147.7,"292,068",145.34,152.2524,144.8555
05/31/2023,144.8555,"926,658",144.0,145.8494,143.0555
05/30/2023,145.1922,"408,393",143.5822,145.9089,141.7622
05/26/2023,146.1122,"257,346",146.9822,146.9822,142.8342
05/25/2023,144.9511,"193,275",147.7778,148.3333,144.4444
05/24/2023,149.5544,"199,035",151.9722,153.7531,149.4989
05/23/2023,150.4667,"171,315",151.73,152.3855,149.7112
05/22/2023,151.7133,"208,692",149.1478,152.9489,149.1478
05/19/2023,149.5578,"344,205",152.5789,152.7778,147.3355
05/18/2023,150.2033,"163,197",149.5322,150.8889,149.2633
05/17/2023,149.5744,"183,447",148.0078,151.4044,147.5555
05/16/2023,147.4089,"259,020",151.9655,152.0355,147.2589
05/15/2023,152.2867,"215,964",152.3633,153.6661,151.5778
05/12/2023,151.7555,"143,118",153.5844,153.7067,151.5844
05/11/2023,151.5855,"174,555",152.2222,152.6611,150.54
05/10/2023,154.0211,"217,494",155.7955,156.9989,153.4539
05/09/2023,154.8455,"345,726",155.4433,156.6722,153.3333
05/08/2023,155.52,"397,602",160.4667,160.4667,154.3211
05/05/2023,156.9055,"342,378",158.1089,160.0111,154.5161
05/04/2023,153.4667,"395,028",156.1111,158.0986,153.4667
05/03/2023,159.2389,"399,447",157.5367,160.2,156.6767
05/02/2023,159.5533,"301,275",161.2755,162.71,158.1967
05/01/2023,164.1267,"201,276",163.1689,165.3716,162.71
04/28/2023,164.1833,"239,184",162.3367,166.6667,162.2222
04/27/2023,161.83,"446,094",163.9011,164.5478,160.3422
04/26/2023,163.7555,"181,854",165.4844,166.7866,163.4078
04/25/2023,168.1144,"240,534",172.7355,172.7355,164.7967
04/24/2023,174.7789,"182,763",172.2222,176.5355,172.2222
04/21/2023,173.0011,"217,359",173.1066,173.54,171.2611
04/20/2023,173.3044,"306,198",172.9855,174.094,169.03
04/19/2023,175.2844,"235,962",178.2222,178.2222,174.6389
04/18/2023,179.5944,"306,756",181.5933,181.5933,178.3022
04/17/2023,183.9222,"192,402",188.8666,188.8666,183.3855
04/14/2023,190.5044,"215,892",192.0233,192.5555,188.4744
04/13/2023,191.9722,"227,160",191.5578,193.8722,190.0587
04/12/2023,192.8778,"459,459",199.9133,204.1844,192.0839
04/11/2023,200.4644,"297,099",199.9742,200.4644,195.6189
04/10/2023,195.7655,"391,419",193.3111,195.9611,192.3055
04/06/2023,192.5044,"324,882",196.96,196.96,192.1166
04/05/2023,196.1089,"631,161",191.4278,196.1089,190.5
04/04/2023,192.9178,"589,878",199.5878,199.5878,191.4578
04/03/2023,199.4544,"618,570",194.5566,200.8533,194.5566
03/31/2023,189.0022,"626,013",189.8411,190.3222,185.08
03/30/2023,188.3155,"302,877",189.7044,190.0,187.45
03/29/2023,188.0055,"331,983",190.5666,190.5666,188.0055
03/28/2023,188.6489,"389,250",184.23,188.7644,184.23
03/27/2023,186.0022,"508,293",185.8278,188.6633,183.8889
03/24/2023,183.4811,"579,267",178.8711,183.6033,176.6644
03/23/2023,182.2066,"361,251",183.5689,186.0522,179.5678
03/22/2023,182.8966,"380,934",189.9433,189.9433,182.8955
03/21/2023,189.6111,"554,382",189.9778,190.6418,184.2866
03/20/2023,186.6978,"892,413",181.8,190.24,181.8
03/17/2023,181.4778,"1,770,984",187.0911,187.0911,179.3611
03/16/2023,184.3733,"707,598",172.4178,184.7078,171.8955
03/15/2023,177.0922,"753,462",177.2533,180.0044,171.0211
03/14/2023,183.2933,"512,073",188.8889,191.3655,180.8255
03/13/2023,186.4355,"332,487",185.3233,191.2122,185.0254
03/10/2023,189.3344,"405,990",194.3411,195.5555,187.8177
03/09/2023,194.34,"355,356",200.7255,200.8889,192.8572
03/08/2023,197.2044,"592,794",196.5044,198.8111,196.0666
03/07/2023,197.6011,"709,011",199.3033,199.3911,195.0111
03/06/2023,202.4478,"395,631",199.4044,202.7211,199.4044
03/03/2023,201.88,"368,766",199.6211,202.2322,199.1655
03/02/2023,201.4411,"403,425",199.1933,203.7389,197.2089
03/01/2023,199.4811,"387,135",199.0533,202.1689,198.4455
02/28/2023,197.7989,"666,792",198.8,200.8955,197.0205
02/27/2023,197.7278,"385,587",197.9122,202.1178,196.9316
02/24/2023,196.2989,"592,605",194.0289,198.4955,193.4944
02/23/2023,196.5833,"474,408",196.1111,200.8035,192.0133
02/22/2023,198.7611,"346,950",199.9978,199.9978,195.6766
02/21/2023,199.9989,"540,225",197.5022,202.9889,196.6678
02/17/2023,199.4166,"492,138",205.5266,205.5266,196.13
02/16/2023,208.28,"287,487",210.8989,214.4333,208.28
02/15/2023,210.8789,"370,512",209.9989,211.1033,203.8922
02/14/2023,214.2844,"375,426",210.5333,215.7755,208.7378
02/13/2023,211.0678,"186,957",213.7778,213.7778,207.6078
02/10/2023,213.7533,"555,057",210.2944,217.0055,209.6571
02/09/2023,208.51,"250,785",210.0022,215.4344,207.2755
02/08/2023,210.9578,"441,783",218.2844,218.5978,208.35
02/07/2023,221.0566,"281,295",215.65,221.7622,209.1922
02/06/2023,212.7078,"425,583",222.3566,222.3566,204.38
02/03/2023,223.26,"701,775",215.1522,223.2744,215.1522
02/02/2023,214.8755,"626,130",217.9922,217.9922,208.3
02/01/2023,216.7411,"812,934",216.6678,219.1728,206.7622
01/31/2023,221.7611,"403,488",220.0,223.9094,218.89
01/30/2023,220.8655,"288,900",224.4111,224.4111,218.31
01/27/2023,227.4022,"197,298",232.8,234.4022,227.17
01/26/2023,232.4522,"235,062",234.6744,234.7869,227.8866
01/25/2023,231.6,"210,501",227.8622,233.0061,227.8622
01/24/2023,230.0533,"230,841",230.4678,230.8889,227.1111
01/23/2023,229.1122,"252,306",235.68,235.68,228.6878
01/20/2023,232.7211,"180,144",236.4222,236.4222,228.8455
01/19/2023,232.3055,"166,770",228.8855,237.8694,228.8855
01/18/2023,229.4222,"293,211",236.18,239.0178,227.9155
01/17/2023,234.2833,"280,944",234.2222,237.7866,234.2222
01/13/2023,234.2766,"89,280",228.5078,234.2766,228.5078
01/12/2023,232.7078,"161,316",232.2444,237.0711,230.7778
01/11/2023,229.6766,"280,386",233.6889,235.1555,222.3644
01/10/2023,232.6011,"217,917",230.7655,238.3111,228.2878
01/09/2023,229.3555,"257,202",231.64,237.7778,227.2222
01/06/2023,229.7566,"231,039",227.2044,234.3611,225.2178
01/05/2023,224.4678,"536,175",228.5766,238.5366,223.7589
01/04/2023,228.5678,"371,322",227.7822,237.9833,225.6011
01/03/2023,233.6233,"408,816",256.3522,256.3522,228.98
12/30/2022,260.47,"308,997",256.5666,263.5655,256.1311
12/29/2022,259.04,"235,872",261.2222,267.5633,255.8411
12/28/2022,260.2266,"244,908",273.2222,273.2222,258.6755
12/27/2022,275.5966,"184,806",277.5722,279.2222,274.7844
12/23/2022,278.7711,"220,455",272.1644,279.45,272.1644
12/22/2022,273.3311,"233,568",288.9433,288.9433,270.5378
12/21/2022,288.8877,"208,170",285.8311,288.8877,282.2333
12/20/2022,280.4622,"505,602",273.0,281.7577,272.4111
12/19/2022,274.9855,"513,216",280.1144,282.9076,270.0822
12/16/2022,279.6655,"1,036,359",287.3844,290.5555,277.3422
12/15/2022,294.1533,"582,462",282.6255,295.4922,281.6666
12/14/2022,288.0066,"493,029",287.4155,291.5555,281.0355
12/13/2022,285.91,"421,866",283.55,291.6005,281.4333
12/12/2022,279.6244,"337,428",266.5378,279.9555,264.7733
12/09/2022,264.4533,"221,598",270.8878,270.8878,264.4533
12/08/2022,268.0744,"211,887",274.5111,274.5111,264.8833
12/07/2022,270.8678,"299,349",272.7844,275.3011,266.3333
12/06/2022,274.7478,"256,491",282.21,282.6222,269.0011
12/05/2022,282.0,"235,044",287.2222,288.7033,277.7955
12/02/2022,288.9566,"199,008",285.9144,292.0966,285.9144
12/01/2022,284.2555,"343,431",287.6589,290.5558,283.26
11/30/2022,288.06,"1,871,703",277.7778,288.9622,276.0978
11/29/2022,278.4866,"398,727",281.1111,282.6933,275.2722
11/28/2022,278.2466,"417,672",284.3711,286.7677,276.8955
11/25/2022,289.2477,"214,155",283.6933,296.5533,283.6933
11/23/2022,286.31,"291,429",292.2222,295.9333,284.1111
11/22/2022,292.9789,"342,648",283.3333,294.9211,283.3333
11/21/2022,280.8155,"460,530",295.4311,295.4311,277.7789
11/18/2022,300.4322,"278,622",289.4444,300.8033,288.9955
11/17/2022,294.0644,"238,725",286.3966,294.4444,286.3966
11/16/2022,291.7844,"248,463",297.4677,298.2763,291.7844
11/15/2022,299.9889,"245,592",292.0977,300.1277,291.9777
11/14/2022,293.3155,"300,852",293.1111,300.1166,292.7822
11/11/2022,297.3311,"320,904",299.8366,304.3333,285.9266
11/10/2022,298.4277,"348,588",296.0,298.4277,286.4066
11/09/2022,290.1833,"307,350",298.2955,300.6489,288.9289
11/08/2022,299.1777,"436,266",302.4444,302.7777,292.2233
11/07/2022,301.6733,"468,288",284.3911,302.0333,283.9608
11/04/2022,285.1111,"416,709",273.9344,285.1111,268.8889
11/03/2022,266.1378,"392,769",256.1111,276.9884,256.1111
11/02/2022,258.7822,"301,248",260.0,262.9405,254.7582
11/01/2022,260.2466,"292,734",259.9255,263.6922,252.7134
10/31/2022,255.9855,"408,078",254.5455,258.4444,249.0528
10/28/2022,257.68,"411,219",249.0978,257.7766,242.5733
10/27/2022,247.6678,"341,694",241.6789,247.6678,240.4711
10/26/2022,239.0778,"192,150",232.7655,239.38,232.7655
10/25/2022,229.6578,"245,070",242.1822,242.9555,227.2244
10/24/2022,241.1511,"213,822",238.0,242.8711,237.7111
10/21/2022,237.5511,"210,924",228.3144,237.7855,226.5977
10/20/2022,227.7833,"264,024",233.0211,237.4819,225.19
10/19/2022,232.5366,"159,777",229.4444,233.3333,227.7778
10/18/2022,227.78,"245,115",227.7655,231.63,220.5078
10/17/2022,227.2922,"335,124",223.0389,228.835,222.2222
10/14/2022,222.7489,"209,664",230.1678,232.6166,221.6822
10/13/2022,233.1055,"303,840",225.5333,234.2478,225.5333
10/12/2022,228.3744,"170,298",227.0333,228.4989,223.1178
10/11/2022,228.5278,"400,788",220.6666,229.7611,218.2239
10/10/2022,222.3755,"258,831",222.1989,224.6178,216.9111
10/07/2022,220.1544,"488,646",226.5544,228.6889,218.3478
10/06/2022,224.9489,"368,685",221.1122,230.68,221.1122
10/05/2022,223.72,"507,051",219.2722,224.8844,214.0622
10/04/2022,218.8878,"435,195",210.3233,219.61,210.3233
10/03/2022,207.3333,"339,705",202.2889,208.9244,200.6366
09/30/2022,197.47,"237,501",196.5055,200.0,194.6955
09/29/2022,197.5222,"204,678",193.7733,199.1072,191.5458
09/28/2022,196.28,"190,854",187.5555,198.2911,187.5555
09/27/2022,187.3166,"192,420",182.5555,189.2755,182.5555
09/26/2022,180.7611,"313,857",182.5833,186.1111,179.2144
09/23/2022,182.2433,"394,884",191.1111,191.1111,178.7433
09/22/2022,197.7411,"184,743",198.7633,199.7922,195.5539
09/21/2022,197.0878,"185,094",205.4166,205.4166,196.2922
09/20/2022,202.0555,"229,491",203.0522,203.0522,195.2222
09/19/2022,201.82,"347,328",193.7833,201.83,193.7833
09/16/2022,197.0111,"498,024",197.0511,197.3955,190.5322
09/15/2022,196.3489,"360,639",205.9133,206.06,193.2222
09/14/2022,206.4789,"502,245",197.7944,208.2211,197.7944
09/13/2022,194.59,"337,878",201.5555,201.5555,193.3333
09/12/2022,203.0178,"296,433",203.2333,206.2622,200.7378
09/09/2022,202.5333,"205,191",202.5489,205.1209,200.4178
09/08/2022,200.8211,"253,719",205.4211,207.2539,199.6522
09/07/2022,203.8322,"291,474",202.7922,204.6378,199.695
09/06/2022,206.5766,"319,545",209.7944,210.9589,205.7922
09/02/2022,209.7789,"360,909",203.3811,210.5555,201.22
09/01/2022,198.86,"384,687",198.7311,202.1266,195.4366
08/31/2022,204.4955,"4,065,327",189.4322,205.6666,188.9122
08/30/2022,190.7555,"420,471",204.8444,204.8444,190.6022
08/29/2022,205.81,"448,353",201.4989,211.0011,199.9455
08/26/2022,203.8089,"287,388",201.2155,206.0,201.2155
08/25/2022,198.5011,"297,027",202.5,202.5544,196.1233
08/24/2022,201.5911,"249,228",199.0366,202.7222,197.2222
08/23/2022,196.9233,"260,667",194.6322,201.1333,194.6322
08/22/2022,193.2778,"202,977",191.0555,195.4022,189.9266
08/19/2022,191.1844,"225,495",197.1011,197.4444,189.9066
08/18/2022,198.9378,"286,497",191.6678,198.9378,191.6678
08/17/2022,191.6666,"180,198",184.8,191.75,184.8
08/16/2022,184.3166,"227,466",185.7333,189.8889,178.9722
08/15/2022,187.4778,"279,792",180.7555,190.0522,180.7555
08/12/2022,186.2711,"430,101",192.0,192.0,180.5667
08/11/2022,193.8444,"172,845",195.9044,198.5978,192.8111
08/10/2022,192.25,"122,373",192.0966,193.8866,191.2289
08/09/2022,190.1111,"131,778",192.4444,192.4444,186.8022
08/08/2022,190.1044,"314,784",182.4666,192.2833,182.4666
08/05/2022,184.0911,"264,708",182.8866,187.6822,182.4411
08/04/2022,182.3944,"413,433",196.3333,199.4033,182.3944
08/03/2022,196.6011,"196,875",204.6733,204.6733,192.5472
08/02/2022,202.4744,"203,382",201.1133,204.9322,199.2578
08/01/2022,202.4378,"272,322",202.1111,204.8889,197.9178
07/29/2022,203.7611,"349,209",206.3555,209.56,203.1711
07/28/2022,203.3878,"242,019",203.6844,204.4444,196.1978
07/27/2022,203.2133,"250,047",200.0,203.2133,197.6666
07/26/2022,197.04,"250,182",199.4222,200.0855,194.5194
07/25/2022,196.6589,"248,463",195.1678,199.1755,195.1678
07/22/2022,191.1111,"168,786",194.1755,199.8311,188.9578
07/21/2022,194.9266,"300,249",194.4444,198.9811,190.5555
07/20/2022,201.3266,"427,887",191.2244,202.0744,188.6078
07/19/2022,192.8,"214,119",188.1578,193.5744,188.1578
07/18/2022,188.0633,"244,674",187.7778,194.2533,185.9194
07/15/2022,185.1855,"242,064",183.3333,185.2533,178.6666
07/14/2022,183.3333,"297,072",172.2222,183.3333,170.7455
07/13/2022,177.7078,"232,083",169.2222,180.7889,169.2222
07/12/2022,172.0544,"316,152",167.9511,174.0689,167.9511
07/11/2022,171.8889,"148,248",169.2222,172.0222,167.4966
07/08/2022,171.3722,"132,930",171.2389,173.6467,167.9589
07/07/2022,170.2489,"265,833",166.2278,175.3255,166.2278
07/06/2022,160.6133,"347,355",161.4444,162.7583,154.4033
07/05/2022,163.15,"357,678",164.57,165.27,158.6422
07/01/2022,169.6633,"205,002",166.9544,170.6666,163.6133
06/30/2022,165.3355,"207,495",164.1622,166.1499,162.444
06/29/2022,167.31,"209,916",181.8389,181.8389,166.5444
06/28/2022,181.4155,"313,371",174.3978,182.2922,174.3978
06/27/2022,170.96,"175,752",171.5555,171.5555,168.1133
06/24/2022,168.8844,"528,885",165.3333,171.7778,165.3333
06/23/2022,162.0133,"356,544",164.1333,164.1333,153.5667
06/22/2022,161.8911,"243,675",164.7144,167.4955,160.7411
06/21/2022,171.3955,"291,690",166.6211,172.2222,165.9722
06/17/2022,161.7978,"587,997",174.4533,174.4533,161.6667
06/16/2022,172.4511,"310,923",177.1622,177.1622,171.208
06/15/2022,180.4444,"193,473",183.2555,187.1484,179.7833
06/14/2022,181.8133,"268,299",181.7555,185.6511,179.0015
06/13/2022,178.1666,"333,234",185.7122,185.7122,172.3766
06/10/2022,190.3244,"285,597",184.6522,192.8711,184.3594
06/09/2022,191.05,"198,711",188.0844,194.7866,188.0844
06/08/2022,191.0955,"252,090",194.4444,195.0422,189.45
06/07/2022,194.0255,"311,319",182.4533,195.1111,182.4533
06/06/2022,186.8633,"198,675",186.3889,187.5555,182.9811
06/03/2022,186.4289,"214,749",180.9755,187.1178,176.4444
06/02/2022,181.4078,"260,874",177.2222,183.8889,176.7778
06/01/2022,177.5378,"223,137",173.3611,178.9422,173.3611
05/31/2022,173.9989,"417,501",176.5544,177.3333,171.5355
05/27/2022,174.8911,"206,847",170.5555,175.5555,170.5555
05/26/2022,169.6611,"176,490",165.0344,170.3878,165.0344
05/25/2022,165.2044,"199,971",160.0,165.8111,159.9989
05/24/2022,158.5189,"153,648",154.2244,158.5189,152.76
05/23/2022,156.28,"148,050",155.2978,156.9183,153.4455
05/20/2022,152.4778,"123,372",150.9211,152.4844,148.9322
05/19/2022,150.72,"240,318",150.949,152.8381,147.9546
05/18/2022,150.4711,"211,095",155.4444,155.4444,148.8889
05/17/2022,155.4344,"176,166",152.9255,156.2589,151.5183
05/16/2022,152.1467,"163,620",150.0011,152.7778,150.0011
05/13/2022,150.2144,"178,335",146.6667,150.8367,146.3744
05/12/2022,143.9655,"294,525",142.5689,145.11,138.89
05/11/2022,141.7411,"208,071",147.7011,150.5889,140.7011
05/10/2022,146.2122,"240,534",145.4444,149.0628,142.2222
05/09/2022,144.11,"256,014",154.1111,154.1111,143.3333
05/06/2022,158.2044,"198,477",156.1111,158.2044,150.7078
05/05/2022,156.0167,"213,840",150.6333,156.3055,150.6333
05/04/2022,158.3233,"291,186",155.6722,159.0844,149.9205
05/03/2022,153.3489,"204,309",153.2689,154.8044,151.7111
05/02/2022,150.8355,"212,022",150.8189,152.0505,145.7544
04/29/2022,151.8444,"187,542",154.1467,156.1467,151.3767
04/28/2022,152.8867,"145,512",150.3867,155.1028,146.4444
04/27/2022,148.07,"143,973",147.5133,150.6678,145.79
04/26/2022,148.24,"166,509",149.8889,154.3211,147.7878
04/25/2022,152.3955,"267,750",148.8889,153.12,145.5555
04/22/2022,153.1478,"232,992",157.2455,158.9989,152.2222
04/21/2022,159.1955,"137,142",168.9989,168.9989,159.1955
04/20/2022,167.3655,"188,964",166.3322,168.3278,164.1378
04/19/2022,164.2778,"172,890",166.5544,166.6639,162.7544
04/18/2022,165.4233,"246,483",163.4444,167.2222,163.4444
04/14/2022,162.4722,"201,285",160.8411,164.41,160.8411
04/13/2022,162.0611,"186,345",157.2433,162.1833,156.91
04/12/2022,156.2855,"253,350",157.0944,160.0555,155.7522
04/11/2022,154.5367,"255,024",155.9467,157.7778,152.7489
04/08/2022,158.4778,"157,761",160.0333,160.0333,157.5222
04/07/2022,158.9733,"218,439",158.9878,160.2467,155.6667
04/06/2022,157.0833,"292,653",153.3355,158.2055,152.3333
04/05/2022,157.5255,"470,718",165.5555,166.1111,157.5255
04/04/2022,164.3667,"403,191",161.1111,164.7778,157.9411
04/01/2022,157.9289,"279,486",149.5889,158.5955,148.9989
03/31/2022,150.2344,"533,655",161.0889,162.0467,149.0289
03/30/2022,161.15,"272,799",159.2222,161.7817,159.1831
03/29/2022,158.9967,"221,481",154.8311,158.9967,153.6983
03/28/2022,155.7667,"220,689",158.4333,158.4333,153.4889
03/25/2022,161.6111,"319,572",155.6133,161.75,155.4445
03/24/2022,156.8789,"172,737",157.1111,158.8889,155.4444
03/23/2022,157.7789,"209,565",155.5555,158.3278,153.3934
03/22/2022,154.3944,"279,333",155.1667,156.3111,153.5533
03/21/2022,155.0822,"418,185",151.1111,155.8889,151.1111
03/18/2022,149.8278,"865,134",149.4711,152.5,146.8289
03/17/2022,150.6111,"328,437",143.5933,151.1111,143.274
03/16/2022,141.63,"398,196",137.8544,145.2778,137.8544
03/15/2022,138.1322,"503,586",140.9078,140.9078,138.1111
03/14/2022,142.6767,"287,649",145.9078,149.7767,140.5144
03/11/2022,146.2355,"274,563",144.6789,149.2528,144.1944
03/10/2022,143.69,"254,457",144.1933,147.6567,141.9111
03/09/2022,142.8855,"246,528",139.5955,142.8889,138.5444
03/08/2022,142.8244,"365,337",145.0755,150.0,140.1189
03/07/2022,142.9744,"306,963",145.02,148.7778,139.2222
03/04/2022,144.35,"330,192",137.1922,146.5589,137.1922
03/03/2022,136.3611,"268,389",136.4555,138.239,133.069
03/02/2022,138.0833,"374,481",136.8033,142.5111,136.8033
03/01/2022,133.9655,"411,480",133.3333,137.4222,130.2222
02/28/2022,132.0811,"550,395",119.6689,133.3333,119.6689
02/25/2022,118.4333,"281,385",124.6522,124.6522,116.6828
02/24/2022,122.0333,"382,059",112.4444,122.3078,110.0567
02/23/2022,112.4555,"239,040",111.6011,112.6689,110.0
02/22/2022,111.0267,"232,740",116.0533,116.0533,109.5561
02/18/2022,111.7422,"226,116",111.1111,112.4444,109.7644
02/17/2022,111.6422,"167,796",114.1911,114.4444,111.6422
02/16/2022,113.3755,"144,999",116.2589,117.5544,112.8244
02/15/2022,114.9055,"164,187",117.7855,117.7855,113.8378
02/14/2022,117.7789,"171,945",122.5655,124.1144,116.89
02/11/2022,122.8278,"193,410",120.0,123.4511,120.0
02/10/2022,119.5767,"216,486",116.9844,122.2222,116.9844
02/09/2022,118.5467,"197,667",118.04,120.2555,117.6036
02/08/2022,118.1633,"211,473",118.6667,120.5311,117.1944
02/07/2022,119.5933,"235,521",119.1233,121.6207,117.8044
02/04/2022,121.4255,"152,883",121.4489,126.2185,119.3133
02/03/2022,121.1455,"133,074",122.1311,122.8378,118.5111
02/02/2022,123.8222,"198,981",125.8678,125.8678,121.5555
02/01/2022,124.6955,"291,366",119.4111,125.54,117.9367
01/31/2022,119.4444,"200,241",114.8889,119.4444,114.8889
01/28/2022,114.9822,"167,364",112.64,116.2722,111.6667
01/27/2022,111.9722,"232,848",114.9144,115.01,110.5555
01/26/2022,113.7689,"178,389",118.9711,121.6039,112.5189
01/25/2022,116.05,"278,109",113.5555,119.2922,111.6667
01/24/2022,115.4744,"318,420",110.2967,116.6555,105.1433
01/21/2022,111.4833,"431,118",111.5855,114.5555,110.2389
01/20/2022,112.3067,"266,670",118.6767,118.6767,111.7667
01/19/2022,117.7178,"317,070",120.6611,121.16,117.29
01/18/2022,118.6,"314,739",125.3333,125.3333,116.8967
01/14/2022,123.53,"465,840",124.3955,126.8611,120.05
01/13/2022,125.32,"512,397",136.4255,136.4255,124.8244
01/12/2022,135.9967,"194,112",138.0733,138.0733,134.6578
01/11/2022,135.7333,"466,749",136.1111,138.1544,134.7815
01/10/2022,134.7855,"267,336",140.0555,140.0555,133.3333
01/07/2022,140.0111,"223,587",141.1322,141.1322,139.1444
01/06/2022,139.7678,"239,751",140.6489,143.8167,137.1655
01/05/2022,139.6767,"279,540",144.2222,146.3333,138.8867
01/04/2022,143.6633,"160,497",143.1222,144.8833,141.8344
01/03/2022,141.5711,"217,440",137.8944,141.7111,137.8944
12/31/2021,138.7633,"158,301",138.45,139.9333,136.3659
12/30/2021,138.4422,"154,350",138.4622,141.1978,137.9187
12/29/2021,139.0833,"154,485",141.6289,141.6289,137.7778
12/28/2021,140.3567,"188,820",142.2344,144.4444,139.6055
12/27/2021,142.62,"129,168",138.0078,142.9922,136.1333
12/23/2021,137.73,"166,482",137.5555,138.0451,136.6667
12/22/2021,136.6444,"153,441",139.7422,140.4567,136.1111
12/21/2021,140.1522,"247,464",135.7378,140.5955,135.7378
12/20/2021,134.4378,"255,348",131.9989,134.9222,130.0189
12/17/2021,134.0811,"853,650",135.1989,135.8244,132.7778
12/16/2021,137.1667,"255,771",138.8889,143.8644,135.6455
12/15/2021,137.3711,"290,610",135.9478,137.4444,132.7778
12/14/2021,136.7867,"246,708",136.5889,139.1711,135.3922
12/13/2021,138.3867,"250,749",140.5322,141.3755,138.3867
12/10/2021,140.8844,"199,755",141.6667,141.6667,137.9478
12/09/2021,140.7044,"195,156",141.2167,142.4572,138.3067
12/08/2021,143.1289,"229,320",145.8833,147.0089,142.8444
12/07/2021,147.1867,"326,448",144.2333,148.9168,144.0217
12/06/2021,140.4011,"341,154",136.6544,141.2233,134.5556
12/03/2021,133.9622,"223,533",137.25,137.25,133.9622
12/02/2021,135.4967,"319,716",131.4067,135.8933,130.9978
12/01/2021,131.1655,"223,335",138.0767,138.8889,131.0889
11/30/2021,134.3078,"414,315",137.3011,138.0055,134.1967
11/29/2021,140.3344,"249,129",142.13,142.13,138.1444
11/26/2021,138.11,"195,885",138.6333,139.13,133.4444
11/24/2021,145.2755,"140,022",144.2155,147.0128,143.6555
11/23/2021,144.2155,"254,358",141.1222,144.5778,140.0089
11/22/2021,139.3111,"137,979",140.8889,142.3778,139.3111
11/19/2021,138.4344,"230,661",139.5255,141.1111,137.7778
11/18/2021,142.27,"155,466",141.0344,143.3722,140.0022
11/17/2021,139.78,"194,832",142.2022,142.2022,139.2
11/16/2021,144.0378,"172,791",141.0936,144.7978,141.0936
11/15/2021,143.9033,"150,678",144.5278,144.5278,141.1111
11/12/2021,144.0589,"149,265",148.7444,148.7444,142.8844
11/11/2021,148.89,"178,164",149.4444,150.5567,147.5605
11/10/2021,148.8778,"192,744",155.517,157.5022,147.5556
11/09/2021,157.9522,"216,009",154.8133,157.9522,153.0942
11/08/2021,153.9355,"229,653",152.3755,155.5555,152.3755
11/05/2021,151.9522,"265,446",142.0,153.2622,142.0
11/04/2021,137.7589,"163,692",142.4778,143.3333,136.4167
11/03/2021,141.5555,"115,065",140.9422,143.0889,140.9422
11/02/2021,143.0155,"162,585",144.2955,147.1111,142.2289
11/01/2021,145.9222,"159,237",143.3911,147.1033,141.7744
10/29/2021,141.5189,"111,582",140.3344,141.6378,138.3333
10/28/2021,140.2878,"102,591",138.0355,140.6811,138.0355
10/27/2021,138.1,"275,553",143.922,144.0355,137.7
10/26/2021,144.61,"178,335",143.3555,145.5555,142.2844
10/25/2021,143.7522,"142,371",142.2833,147.7111,142.26
10/22/2021,140.6644,"125,757",138.1333,141.7055,137.56
10/21/2021,137.8922,"132,048",141.0255,141.0255,136.7911
10/20/2021,141.2133,"105,723",138.4955,141.2133,138.4955
10/19/2021,139.1522,"166,239",136.6667,139.7436,136.3061
10/18/2021,136.1111,"113,841",136.6667,136.6667,135.3333
10/15/2021,135.8178,"172,260",136.4,136.4,134.4137
10/14/2021,134.9789,"144,477",135.0589,136.6667,133.0467
10/13/2021,132.76,"208,566",129.6844,133.7833,128.8763
10/12/2021,131.09,"152,163",133.1111,133.3333,130.3044
10/11/2021,133.1122,"189,018",135.8455,138.2667,131.6778
10/08/2021,134.8267,"242,136",132.7089,137.2779,132.22
10/07/2021,131.7644,"415,944",129.9555,131.7644,126.4444
10/06/2021,129.1478,"287,424",129.7011,131.7067,126.5561
10/05/2021,131.6667,"407,169",128.0111,132.1533,125.7789
10/04/2021,127.9767,"409,401",131.8778,133.4833,124.9733
10/01/2021,130.3344,"335,376",135.2755,135.2755,129.8344
09/30/2021,134.3733,"409,419",138.2222,138.2222,131.9891
09/29/2021,137.8444,"409,266",146.6667,146.6667,135.43
09/28/2021,148.4889,"271,917",151.8489,151.8489,145.9878
09/27/2021,151.8889,"297,306",146.4444,152.5411,146.4444
09/24/2021,144.6133,"199,098",143.8011,146.0689,142.9944
09/23/2021,145.2267,"227,880",142.8011,147.3344,142.8011
09/22/2021,140.81,"278,226",140.1122,142.7567,139.4567
09/21/2021,138.9867,"208,440",140.0633,140.0633,136.3689
09/20/2021,138.1178,"416,349",141.1589,142.7211,136.0022
09/17/2021,144.4889,"2,193,867",138.0333,144.4889,134.7483
09/16/2021,138.0655,"346,581",138.6655,139.4183,135.3133
09/15/2021,139.18,"314,100",135.3555,140.9289,135.3555
09/14/2021,135.01,"301,599",139.3944,139.3944,134.9067
09/13/2021,138.0522,"345,951",137.7778,139.1455,135.5056
09/10/2021,135.6678,"189,891",137.6922,137.6922,134.4544
09/09/2021,136.3067,"287,514",135.8889,140.5222,135.1289
09/08/2021,136.12,"363,465",135.5555,137.6851,133.3333
09/07/2021,135.42,"545,004",141.9633,142.2833,134.1667
09/03/2021,143.9867,"182,799",146.7889,148.1111,143.0378
09/02/2021,147.54,"492,849",150.69,155.2233,146.0583
09/01/2021,150.5389,"206,532",151.0822,151.2994,147.6989
08/31/2021,151.0822,"270,909",155.2478,155.2478,150.2678
08/30/2021,157.2678,"95,715",159.1633,159.8131,157.2678
08/27/2021,157.2222,"149,211",154.0167,160.0707,154.0167
08/26/2021,153.4467,"186,129",158.9248,159.2778,153.4
08/25/2021,157.4355,"244,107",154.2611,158.9723,154.2611
08/24/2021,154.7144,"183,150",152.0889,156.1055,152.0889
08/23/2021,151.5555,"353,214",151.3,154.0278,150.3589
08/20/2021,148.0711,"115,434",146.8889,149.6328,146.8889
08/19/2021,147.1389,"374,625",148.7933,150.0222,144.59
08/18/2021,152.1667,"201,141",158.9055,158.9055,152.13
08/17/2021,158.3478,"126,864",159.4444,160.8378,157.1267
08/16/2021,161.0178,"182,421",162.5844,164.0855,161.0178
08/13/2021,164.8211,"109,053",167.3744,167.3778,164.6711
08/12/2021,167.6166,"88,434",164.8533,167.6166,164.8533
08/11/2021,165.7089,"115,083",165.6778,166.2211,163.0589
08/10/2021,167.2211,"132,759",165.3222,168.0289,164.46
08/09/2021,165.1333,"165,744",162.5667,166.6611,162.5667
08/06/2021,164.4233,"142,947",165.5555,165.8172,163.3467
08/05/2021,163.2578,"110,871",165.1967,165.1967,162.9333
08/04/2021,160.6811,"162,909",163.3333,164.4111,160.6811
08/03/2021,165.0,"210,474",163.0778,166.6667,161.0811
08/02/2021,164.3167,"238,419",165.9989,168.3378,163.5667
07/30/2021,165.8389,"262,836",161.9111,165.85,161.11
07/29/2021,162.5544,"341,226",165.5555,165.8444,161.6755
07/28/2021,164.7855,"226,818",161.1111,166.0011,161.1111
07/27/2021,160.3355,"230,211",165.4222,165.4222,159.2211
07/26/2021,166.2444,"162,936",165.0211,169.4389,164.7711
07/23/2021,166.6655,"193,734",166.9855,169.8489,164.7253
07/22/2021,167.6311,"115,317",168.8889,169.2556,165.3889
07/21/2021,169.3378,"242,361",166.6433,171.5555,166.6433
07/20/2021,165.73,"521,586",157.0822,168.1278,156.6667
07/19/2021,155.3711,"410,004",152.2433,157.1011,149.9011
07/16/2021,157.3,"221,634",163.3889,163.3889,156.6378
07/15/2021,161.4767,"259,758",161.2222,164.1222,158.8889
07/14/2021,164.1833,"282,960",172.2222,172.2222,162.92
07/13/2021,169.7833,"251,694",172.5378,172.5378,169.4778
07/12/2021,171.7433,"271,557",167.2222,172.5555,166.2567
07/09/2021,167.7644,"369,198",165.2855,167.8889,163.3278
07/08/2021,162.23,"546,471",161.5755,163.3911,158.5505
07/07/2021,164.37,"376,983",171.9444,171.9444,163.7044
07/06/2021,172.1233,"322,857",177.7578,177.7578,171.1772
07/02/2021,177.0,"190,503",179.9889,179.9889,176.0011
07/01/2021,179.5378,"473,976",180.2222,181.6911,177.0533
06/30/2021,177.7489,"359,208",176.4444,178.1455,172.5931
06/29/2021,173.4055,"219,321",173.8778,175.903,172.04
06/28/2021,172.5489,"221,121",173.3455,174.3133,170.0755
06/25/2021,175.1211,"3,539,394",176.5222,178.3294,173.7366
06/24/2021,175.5244,"614,547",179.5311,183.0033,173.8955
06/23/2021,178.6533,"387,558",176.9811,180.5044,176.31
06/22/2021,176.6666,"444,555",177.2222,179.3011,176.0044
06/21/2021,177.05,"462,249",168.8711,177.7778,168.8711
06/18/2021,168.5466,"987,858",164.69,170.6666,164.69
06/17/2021,167.7633,"613,818",174.2222,176.0444,163.6808
06/16/2021,173.7778,"521,613",171.1744,175.3322,170.3111
06/15/2021,171.0555,"498,762",167.0666,173.3089,167.0666
06/14/2021,166.4444,"438,930",170.1944,172.6403,166.0
06/11/2021,170.0,"391,041",167.1933,170.5555,167.0678
06/10/2021,165.7767,"355,347",168.79,170.4389,165.5333
06/09/2021,169.1111,"296,001",169.6666,170.8989,167.6933
06/08/2021,170.3144,"705,114",167.38,171.6444,166.5822
06/07/2021,167.4444,"511,956",165.1111,168.3105,165.1111
06/04/2021,165.1489,"440,208",164.9655,165.9289,163.2067
06/03/2021,163.3333,"315,306",163.4333,166.6778,163.3333
06/02/2021,165.6244,"463,626",165.51,168.5355,164.2455
06/01/2021,166.56,"639,180",164.2067,167.46,163.31
05/28/2021,161.4578,"505,143",163.7778,166.9989,161.0155
05/27/2021,162.8555,"897,885",161.7778,164.6689,160.0589
05/26/2021,163.1667,"695,349",166.65,167.4389,162.1694
05/25/2021,165.1244,"509,463",169.1655,169.1655,164.5533
05/24/2021,167.3822,"652,221",171.1111,172.2222,166.0367
05/21/2021,171.1111,"528,165",175.2711,177.2964,170.8889
05/20/2021,172.2222,"330,345",170.9166,175.9778,169.7066
05/19/2021,168.3011,"576,801",171.2666,171.2666,165.2222
05/18/2021,174.6444,"499,212",183.2666,183.2666,173.08
05/17/2021,183.3333,"425,286",185.6355,186.11,182.2222
05/14/2021,187.5744,"220,887",186.1633,190.5313,186.1239
05/13/2021,184.1378,"256,239",185.9778,193.1589,178.8678
05/12/2021,187.6478,"301,923",190.7722,196.5325,186.2222
05/11/2021,191.9978,"289,332",190.6,195.2255,188.3333
05/10/2021,194.5078,"244,044",194.4444,197.1055,190.715
05/07/2021,194.8055,"585,243",180.4444,194.8055,177.0961
05/06/2021,178.6533,"530,541",187.7689,188.9972,178.2222
05/05/2021,189.0955,"276,147",183.3333,190.3333,182.029
05/04/2021,181.9944,"297,837",178.69,182.7644,175.0108
05/03/2021,178.7478,"379,224",175.0233,179.8911,171.3838
04/30/2021,171.1278,"556,011",174.2222,180.0111,171.1278
04/29/2021,175.0011,"848,376",183.5455,186.1122,175.0011
04/28/2021,184.2544,"751,338",179.4444,185.1222,178.3622
04/27/2021,178.2789,"501,966",176.6655,180.0189,174.2655
04/26/2021,175.1133,"371,961",165.26,176.2728,164.8022
04/23/2021,163.6311,"308,565",165.3333,169.8355,163.6311
04/22/2021,163.0,"287,820",162.2333,167.5055,161.9973
04/21/2021,161.85,"569,547",161.1267,165.5555,159.69
04/20/2021,163.0733,"383,058",169.8889,170.8,160.8378
04/19/2021,171.7778,"341,343",173.1333,176.6855,170.0555
04/16/2021,175.5555,"162,216",175.0433,175.8966,171.6678
04/15/2021,174.9089,"277,785",180.7889,180.7889,173.0
04/14/2021,179.2222,"297,342",171.4444,181.6666,171.4444
04/13/2021,171.1822,"495,180",178.4333,179.7778,170.5744
04/12/2021,177.5978,"462,906",178.2322,182.5166,175.8944
04/09/2021,177.5766,"405,378",176.7478,179.8122,175.0078
04/08/2021,178.9211,"354,807",177.9289,181.9366,175.1233
04/07/2021,179.1744,"401,859",178.0766,181.73,177.5389
04/06/2021,177.2766,"443,421",176.4555,183.7133,176.4555
04/05/2021,176.4433,"485,289",178.6666,178.6666,173.2489
04/01/2021,177.7778,"532,134",175.5644,181.5027,170.1955
03/31/2021,176.6033,"574,713",172.5778,179.4005,172.5778
03/30/2021,171.5555,"444,312",166.5544,174.4833,164.0222
03/29/2021,164.0378,"456,588",173.8889,176.6666,164.0178
03/26/2021,175.3333,"449,154",170.5555,176.11,167.2089
03/25/2021,170.2233,"417,231",161.4322,171.1022,158.5133
03/24/2021,165.1555,"512,811",160.3389,169.17,160.2033
03/23/2021,158.4789,"1,777,167",169.4444,171.9411,153.3622
03/22/2021,175.9466,"1,539,198",183.37,187.1355,173.8033
03/19/2021,186.1611,"5,488,579",170.2144,188.8878,163.6411
03/18/2021,171.26,"1,719,675",189.3778,189.3778,167.8355
03/17/2021,189.3089,"1,924,425",175.5555,190.0555,173.7833
03/16/2021,172.6355,"1,200,726",171.3333,183.575,164.6011
03/15/2021,173.1022,"1,509,453",160.0,177.0528,160.0
03/12/2021,159.6667,"790,758",158.7222,166.4655,157.4708
03/11/2021,157.2167,"733,527",152.2111,159.3189,152.1256
03/10/2021,151.0411,"771,759",144.4444,153.5589,141.856
03/09/2021,142.47,"771,354",138.6489,146.3211,137.6478
03/08/2021,139.7778,"721,269",133.3333,141.3667,132.0061
03/05/2021,133.3333,"491,229",132.2222,135.3278,130.2755
03/04/2021,130.5578,"555,399",130.7222,134.4244,127.6233
03/03/2021,128.5778,"313,533",122.3333,131.6667,122.3333
03/02/2021,122.0355,"209,718",123.2222,125.4628,121.7511
03/01/2021,123.0867,"177,687",124.5555,124.9933,119.7543
02/26/2021,122.6711,"261,279",123.4444,125.3183,115.307
02/25/2021,123.5411,"339,282",129.5767,132.2222,123.0522
02/24/2021,127.0578,"229,131",124.6644,129.5172,123.7778
02/23/2021,123.7867,"266,472",122.0922,124.4444,116.0
02/22/2021,122.2233,"357,993",121.7922,127.1044,121.0722
02/19/2021,123.2222,"323,289",124.6155,125.0,122.1422
02/18/2021,123.3144,"504,594",125.9011,126.8889,117.0983
02/17/2021,126.9811,"465,273",129.4455,130.3533,126.5055
02/16/2021,129.3589,"600,363",125.0,131.933,124.42
02/12/2021,124.42,"352,665",119.5555,124.5011,117.9022
02/11/2021,119.4422,"379,809",117.7111,120.3222,117.6667
02/10/2021,118.4378,"542,376",113.3333,118.4444,113.3333
02/09/2021,112.4089,"555,444",111.8889,113.8822,110.5067
02/08/2021,113.3333,"431,271",109.8855,113.3333,109.5623
02/05/2021,110.3322,"430,110",109.6667,110.3333,107.3842
02/04/2021,106.8322,"676,296",100.6889,108.2211,100.1789
02/03/2021,100.6222,"539,586",95.1511,101.1111,95.1511
02/02/2021,95.3267,"183,249",94.2222,96.0117,94.0955
02/01/2021,92.6667,"212,472",92.8889,94.41,91.5322
01/29/2021,92.4711,"406,629",92.4444,94.3322,89.2222
01/28/2021,92.7778,"353,106",88.5822,93.3278,88.5556
01/27/2021,89.5667,"230,256",92.0078,92.2333,87.2222
01/26/2021,92.5478,"249,480",92.0,94.4133,91.0178
01/25/2021,91.5544,"96,768",91.0,92.4755,89.0055
01/22/2021,91.3667,"187,200",89.09,93.3333,88.7428
01/21/2021,90.1011,"206,631",94.3555,94.3555,89.1633
01/20/2021,93.8155,"151,758",95.4233,95.4233,92.5567
01/19/2021,94.3167,"108,090",93.4444,94.4444,91.5502
01/15/2021,93.4433,"124,983",94.5422,94.5422,90.4178
01/14/2021,94.8855,"184,167",93.0155,95.5444,92.6122
01/13/2021,92.6889,"299,142",98.6433,99.4444,92.6889
01/12/2021,97.8767,"355,833",97.2211,98.16,95.2167
01/11/2021,96.6111,"218,079",88.4667,96.6111,88.4667
01/08/2021,89.0,"373,959",85.69,89.6455,84.0949
01/07/2021,86.52,"262,755",88.3333,89.7767,85.17
01/06/2021,88.1133,"185,652",87.7978,89.7789,87.3911
01/05/2021,88.3333,"560,538",84.5555,92.7611,84.5555
01/04/2021,84.0622,"275,445",80.3878,85.3711,78.9444
12/31/2020,80.7778,"112,482",80.0289,81.4255,79.3617
12/30/2020,80.3878,"168,309",75.6667,80.3878,75.6667
12/29/2020,76.2289,"97,092",77.2778,77.9289,75.6667
12/28/2020,77.1111,"87,534",76.8889,77.8689,76.0033
12/24/2020,76.8889,"65,790",76.9089,78.6328,76.0899
12/23/2020,77.6667,"170,766",77.8889,78.6667,76.7111
12/22/2020,77.7778,"311,292",80.7767,81.1111,75.7589
12/21/2020,80.5,"373,698",80.5333,83.3333,79.4833
12/18/2020,82.2911,"180,774",80.9522,82.6905,80.5555
12/17/2020,80.3922,"212,085",80.5555,81.1111,80.0378
12/16/2020,79.9889,"282,708",77.7778,79.9889,76.3916
12/15/2020,77.7778,"302,409",76.0,78.0,76.0
12/14/2020,76.0,"83,115",77.1111,77.1111,75.1111
12/11/2020,76.8889,"84,501",76.9444,77.1483,76.0555
12/10/2020,77.0022,"154,953",75.0222,77.5555,75.0222
12/09/2020,75.8755,"161,433",75.3333,76.4344,73.8867
12/08/2020,74.6667,"140,841",74.2444,75.4122,73.8505
12/07/2020,74.3767,"77,391",73.5555,74.7095,73.1755
12/04/2020,74.44,"160,362",71.3333,74.6711,71.3333
12/03/2020,71.1689,"90,198",69.4255,71.1755,68.7078
12/02/2020,68.9111,"96,822",67.76,69.2222,67.76
12/01/2020,68.2233,"158,265",67.9544,69.5522,66.8567
11/30/2020,67.7689,"164,475",66.41,68.6678,65.0
11/27/2020,65.4444,"168,507",68.4978,68.9209,65.0
11/25/2020,68.5522,"154,863",70.4622,70.4622,68.5522
11/24/2020,70.1667,"347,985",67.5,72.6616,67.3055
11/23/2020,67.1211,"288,297",64.8922,67.1211,64.8922
11/20/2020,64.14,"92,160",64.1,64.6311,63.8883
11/19/2020,63.8878,"147,672",63.8767,64.6667,63.1111
11/18/2020,64.3778,"157,563",65.2211,65.2211,63.8311
11/17/2020,64.9855,"104,931",64.2222,64.9855,62.7558
11/16/2020,64.4433,"164,583",61.9678,64.4433,61.9678
11/13/2020,61.0944,"73,305",60.0,61.0944,60.0
11/12/2020,59.6911,"119,232",59.9344,60.8889,58.8889
11/11/2020,60.0278,"212,742",62.2633,62.7222,60.0278
11/10/2020,61.78,"214,695",63.9311,64.4444,61.2778
11/09/2020,63.8867,"791,478",59.0555,66.1111,59.0478
11/06/2020,55.2867,"113,076",56.1111,56.4444,55.2856
11/05/2020,56.3144,"295,515",52.97,56.7555,52.2278
11/04/2020,52.7233,"86,895",53.2844,53.4678,52.4683
11/03/2020,53.7767,"343,071",52.7944,55.3344,52.3333
11/02/2020,51.7156,"204,993",50.8,53.3333,50.8
10/30/2020,50.0456,"130,905",50.9889,51.6667,50.0456
10/29/2020,51.6244,"146,646",49.7656,51.8578,48.7833
10/28/2020,49.9433,"293,715",50.89,50.89,48.8889
10/27/2020,51.4667,"102,753",52.8,52.8111,51.4667
10/26/2020,52.5533,"150,183",52.9767,52.9767,51.4444
10/23/2020,53.1089,"77,490",53.1667,54.0578,52.7522
10/22/2020,53.2411,"113,499",51.5611,53.4461,50.8522
10/21/2020,51.45,"104,733",52.4444,52.6756,51.3333
10/20/2020,52.22,"135,297",52.4444,53.3333,51.6667
10/19/2020,52.4444,"137,484",52.5544,53.3994,52.1211
10/16/2020,52.1578,"128,655",53.8889,53.8889,52.1578
10/15/2020,53.4911,"140,274",51.2511,53.9105,50.9078
10/14/2020,51.6678,"129,105",51.8019,53.4722,51.4033
10/13/2020,51.0722,"77,274",52.21,52.4678,50.8611
10/12/2020,52.4433,"128,070",52.0,52.81,51.3333
10/09/2020,51.8444,"183,843",53.8589,53.8889,51.4267
10/08/2020,53.8589,"134,496",53.1722,53.8589,52.25
10/07/2020,52.5533,"140,328",50.9956,53.0689,50.9675
10/06/2020,51.1356,"123,291",51.3311,52.7811,50.8
10/05/2020,50.5678,"106,578",50.1111,51.0711,50.0522
10/02/2020,49.7889,"166,392",48.8889,50.4124,48.5567
10/01/2020,50.0222,"275,688",50.0644,51.1111,48.9133
09/30/2020,50.1733,"189,468",50.2289,51.4422,50.1733
09/29/2020,50.2289,"171,639",50.5511,50.5511,48.8878
09/28/2020,51.2756,"124,128",51.024,51.5556,50.5111
09/25/2020,50.1111,"153,864",50.5489,51.2956,49.6067
09/24/2020,50.78,"100,080",49.1111,51.3911,49.0378
09/23/2020,49.0778,"161,856",51.2222,51.8533,48.7933
09/22/2020,51.2222,"266,940",51.1733,51.5556,50.4211
09/21/2020,51.0622,"353,151",49.4744,51.11,47.5211
09/18/2020,50.8878,"211,653",50.8483,51.18,49.8289
09/17/2020,51.0467,"131,544",50.3444,51.1381,50.2467
09/16/2020,50.9511,"362,205",51.59,52.2467,50.1356
09/15/2020,51.5111,"212,436",53.2956,53.5763,51.5111
09/14/2020,53.4433,"177,552",53.3311,54.0011,52.2978
09/11/2020,53.1256,"186,615",53.8933,54.4778,52.1589
09/10/2020,53.4444,"337,311",56.1111,56.1111,53.3333
09/09/2020,56.5255,"133,875",55.7778,56.5255,55.2713
09/08/2020,54.8922,"267,687",55.6667,56.0058,54.3667
09/04/2020,56.7433,"340,758",58.0555,58.5567,56.0867
09/03/2020,58.5911,"162,306",60.0555,60.0555,57.7082
09/02/2020,59.7555,"117,306",60.11,60.4811,58.9989
09/01/2020,59.6355,"225,243",58.8889,59.9544,58.5033
08/31/2020,58.5244,"158,931",58.8889,58.8889,57.9867
08/28/2020,59.0655,"190,377",59.3944,59.8111,58.3333
08/27/2020,59.7489,"213,543",60.1222,60.7078,59.0417
08/26/2020,60.3089,"120,375",60.0,60.5889,59.7944
08/25/2020,60.5711,"136,449",60.3911,61.3889,59.8561
08/24/2020,60.3422,"180,315",60.8355,61.8755,59.7772
08/21/2020,61.39,"111,348",62.1089,62.4278,61.0222
08/20/2020,62.1633,"132,714",63.6778,63.7011,62.0
08/19/2020,63.5678,"102,996",64.6667,64.9872,63.5567
08/18/2020,65.2611,"98,874",65.9944,65.9944,64.7911
08/17/2020,66.3044,"141,642",67.2222,67.2222,65.6089
08/14/2020,66.6667,"128,997",64.4811,66.6667,64.4556
08/13/2020,65.4433,"77,688",65.4405,65.8711,64.9278
08/12/2020,65.5567,"105,174",65.9444,66.6188,65.1111
08/11/2020,65.3555,"180,630",67.4444,67.7778,64.4944
08/10/2020,66.5555,"117,279",64.8889,66.6667,64.8889
08/07/2020,64.8889,"147,105",63.3389,65.0,62.7778
08/06/2020,64.1,"144,621",66.0044,66.2594,63.3333
08/05/2020,66.8889,"467,514",62.7111,68.3333,62.7111
08/04/2020,62.7111,"151,722",59.6778,62.72,59.6778
08/03/2020,59.9989,"239,517",59.2211,61.5689,57.8878
07/31/2020,59.2211,"360,315",60.5555,60.5555,57.2132
07/30/2020,61.6189,"245,628",61.1111,64.0067,60.6555
07/29/2020,62.4444,"132,408",61.6378,63.5044,61.6378
07/28/2020,60.9989,"138,312",61.6644,62.2391,60.2811
07/27/2020,61.6667,"138,438",62.2244,62.7133,61.6311
07/24/2020,62.2244,"63,189",62.7629,62.8889,61.3333
07/23/2020,63.2,"148,401",63.0889,63.5483,61.6544
07/22/2020,63.7578,"134,280",64.4167,65.2111,62.6672
07/21/2020,64.6667,"182,007",64.6667,66.1111,63.6028
07/20/2020,63.89,"141,381",65.0,65.7778,63.8889
07/17/2020,65.0789,"113,931",64.4444,65.2222,64.0311
07/16/2020,64.7144,"151,398",65.2155,65.6667,63.8155
07/15/2020,66.3033,"211,068",66.2111,67.7778,64.0189
07/14/2020,65.02,"233,712",60.0355,66.4589,60.0355
07/13/2020,59.6689,"191,727",61.3855,61.8555,59.4467
07/10/2020,60.7778,"225,000",59.7933,61.4967,59.6316
07/09/2020,60.2878,"200,007",63.0889,63.2744,59.4328
07/08/2020,62.3344,"144,162",61.0889,62.3589,59.8889
07/07/2020,61.0844,"114,966",62.4667,62.8361,61.0844
07/06/2020,63.3322,"118,935",64.8333,64.9689,63.0
07/02/2020,64.1544,"125,289",65.0,65.6,63.8911
07/01/2020,64.2667,"199,332",66.1111,66.6667,63.34
06/30/2020,66.0767,"136,035",63.1,66.1111,63.1
06/29/2020,63.3344,"111,879",63.9855,64.4444,62.3755
06/26/2020,63.5722,"148,743",64.4389,65.5444,62.9889
06/25/2020,64.9189,"104,886",64.0,65.0,63.3333
06/24/2020,63.5555,"217,692",65.8555,67.2222,62.2469
06/23/2020,66.6611,"171,702",69.6444,69.6444,66.6611
06/22/2020,68.2344,"154,692",68.7511,69.8228,68.1111
06/19/2020,69.3378,"231,930",70.0,70.5544,68.5072
06/18/2020,68.3222,"293,904",69.1622,69.8822,67.257
06/17/2020,69.4578,"93,285",71.2667,71.2667,68.9844
06/16/2020,71.2611,"250,569",72.1355,72.6387,69.6689
06/15/2020,69.5078,"443,853",66.7667,71.3362,66.5222
06/12/2020,69.6667,"443,664",66.1711,70.5555,65.0255
06/11/2020,63.9244,"880,866",68.7578,69.2222,63.3333
06/10/2020,71.6655,"252,945",74.0,74.3333,71.1111
06/09/2020,74.0,"302,490",77.6567,77.6567,74.0
06/08/2020,78.2878,"511,002",74.2455,78.7555,74.2455
06/05/2020,73.8667,"578,619",70.0,75.0,70.0
06/04/2020,69.4455,"219,447",68.8878,69.4455,67.8333
06/03/2020,68.8844,"132,840",67.8,68.8999,67.8
06/02/2020,68.0133,"148,932",67.0178,68.5844,67.0178
06/01/2020,66.1144,"189,513",64.2555,66.4444,64.2555
05/29/2020,65.1544,"286,533",66.2144,66.4433,64.0722
05/28/2020,66.7767,"421,047",65.5555,67.8889,63.8889
05/27/2020,65.2967,"251,343",65.35,65.8622,63.3939
05/26/2020,65.3211,"213,633",65.9078,66.7789,64.5811
05/22/2020,64.0133,"323,451",64.4444,66.8711,62.8978
05/21/2020,64.2822,"263,781",65.3333,66.1,62.9467
05/20/2020,64.9789,"366,039",62.37,65.2222,61.6711
05/19/2020,61.2067,"150,894",61.6544,62.4444,60.4433
05/18/2020,61.4844,"312,849",60.6,63.5555,60.4073
05/15/2020,58.2611,"151,452",57.7778,59.5013,57.5
05/14/2020,57.7744,"239,094",56.7667,58.1667,55.4444
05/13/2020,56.8567,"264,024",57.8255,58.9167,55.8889
05/12/2020,58.2233,"185,949",58.8878,59.3731,57.0988
05/11/2020,57.7989,"194,454",57.6667,58.7555,56.7503
05/08/2020,57.95,"201,375",55.5556,58.0444,55.5556
05/07/2020,54.7811,"339,399",55.3344,57.2222,54.195
05/06/2020,54.5689,"378,207",56.6667,56.6667,53.8889
05/05/2020,57.3489,"356,985",59.7067,62.2211,56.6067
05/04/2020,59.2589,"543,024",54.5667,60.98,54.5667
05/01/2020,56.4733,"445,995",57.2222,59.1111,54.8233
04/30/2020,63.2944,"638,514",62.2222,64.9526,59.7311
04/29/2020,62.2278,"265,563",59.7478,63.8778,59.1111
04/28/2020,57.7278,"212,859",58.2533,58.3333,55.4568
04/27/2020,57.1067,"347,364",55.6555,58.0378,52.1222
04/24/2020,55.4244,"514,053",55.2522,60.1011,53.3872
04/23/2020,54.8567,"447,012",56.7778,59.0155,54.7161
04/22/2020,55.4733,"325,026",54.7233,56.6655,53.3111
04/21/2020,51.4622,"667,476",53.6167,54.4444,50.5567
04/20/2020,55.8333,"1,214,064",53.3667,56.215,53.2067
04/17/2020,56.9578,"314,442",57.5122,57.7778,54.3989
04/16/2020,56.6178,"681,507",57.4789,58.2711,55.3333
04/15/2020,57.2244,"483,480",56.6667,57.2244,54.4456
04/14/2020,59.5033,"680,787",58.3333,59.8755,57.2622
04/13/2020,57.2333,"703,026",57.2311,57.7789,54.4467
04/09/2020,57.0267,"1,531,134",51.5356,62.3978,51.4611
04/08/2020,52.3367,"1,598,400",50.6211,54.3878,48.9756
04/07/2020,50.7822,"1,643,445",54.4444,55.4478,49.54
04/06/2020,52.7811,"504,900",51.29,53.1797,50.4411
04/03/2020,50.8744,"622,737",47.2222,51.6667,47.2222
04/02/2020,46.8967,"693,765",43.22,51.0944,42.2444
04/01/2020,41.8356,"565,533",40.5567,42.7544,38.3335
03/31/2020,42.2233,"574,578",44.2456,44.4444,41.6669
03/30/2020,43.3356,"638,145",41.6689,44.4444,39.7778
03/27/2020,42.1444,"572,895",40.5556,42.1444,36.1122
03/26/2020,41.1122,"548,163",41.6667,44.2387,40.388
03/25/2020,41.6667,"497,781",42.2633,44.9733,38.5543
03/24/2020,43.2156,"670,950",36.3244,43.3211,35.6433
03/23/2020,34.26,"540,918",38.6511,38.6511,32.7832
03/20/2020,39.2067,"489,015",39.8978,41.3844,37.7811
03/19/2020,39.3422,"535,347",34.8478,41.2562,33.4889
03/18/2020,34.5489,"711,531",38.8889,39.5933,32.8222
03/17/2020,40.9178,"824,508",46.0167,46.8878,39.5761
03/16/2020,45.5567,"663,471",45.5556,51.76,42.0367
03/13/2020,48.5444,"521,280",47.7878,50.2744,46.1122
03/12/2020,45.5567,"755,100",46.5178,47.4589,43.3333
03/11/2020,50.7789,"447,759",55.0,56.1111,50.5144
03/10/2020,58.5555,"727,218",54.2956,59.3689,51.0
03/09/2020,51.9122,"867,519",60.0,60.0,51.1633
03/06/2020,69.1111,"375,858",70.7511,70.9655,67.7778
03/05/2020,72.8678,"212,634",73.1644,74.652,72.3676
03/04/2020,74.7889,"143,424",76.0855,77.4756,74.4733
03/03/2020,74.5644,"143,487",77.5867,77.5867,73.2587
03/02/2020,76.7444,"218,844",77.1467,78.2527,75.1278
02/28/2020,77.3111,"247,158",73.8889,77.3111,72.2222
02/27/2020,75.3555,"243,315",77.7922,78.8878,75.0
02/26/2020,78.9767,"242,820",80.5555,81.7778,78.8022
02/25/2020,80.5555,"199,296",84.3333,84.9744,79.5556
02/24/2020,83.47,"299,592",83.7255,84.7283,82.4588
02/21/2020,85.0,"96,345",86.4444,86.4444,84.7634
02/20/2020,86.8233,"83,421",85.5555,86.8233,85.5555
02/19/2020,85.8833,"80,271",85.2278,86.1111,85.2278
02/18/2020,85.1311,"116,181",85.19,85.4833,84.3333
02/14/2020,85.5633,"41,850",87.1111,87.1111,85.5556
02/13/2020,87.0555,"92,115",86.7778,87.3333,85.9324
02/12/2020,87.5278,"132,615",87.2111,88.2222,87.2111
02/11/2020,86.9,"78,525",86.3889,88.0,86.3889
02/10/2020,86.3844,"150,840",88.8889,89.2273,85.6389
02/07/2020,89.1222,"115,002",88.6667,89.9344,87.7922
02/06/2020,89.2844,"191,106",89.0,89.5756,88.3333
02/05/2020,89.0078,"244,845",87.7433,90.5544,87.2222
02/04/2020,86.6711,"201,078",84.4978,86.8185,84.4978
02/03/2020,83.3333,"305,838",83.5033,84.4444,81.2972
01/31/2020,83.9678,"477,999",80.0444,84.0885,76.2167
01/30/2020,80.7222,"137,232",81.67,82.0389,79.9322
01/29/2020,82.4444,"172,494",82.8,83.7567,82.2222
01/28/2020,82.8389,"158,634",82.4155,83.7083,81.8467
01/27/2020,81.6811,"108,549",82.3333,83.143,81.5611
01/24/2020,83.47,"81,774",83.8889,83.8889,82.1355
01/23/2020,84.3333,"161,064",84.6667,85.0,82.3
01/22/2020,85.2,"157,932",88.1844,88.65,85.1217
01/21/2020,86.8822,"104,931",88.0011,88.0011,86.5055
01/17/2020,88.0955,"49,176",88.3778,88.3778,87.7302
01/16/2020,88.3222,"90,864",88.8889,88.8889,87.299
01/15/2020,88.4355,"108,450",88.8111,90.0844,88.4355
01/14/2020,88.8278,"148,248",89.4267,89.4444,88.3333
01/13/2020,89.4333,"222,768",89.6678,89.6678,87.939
01/10/2020,89.92,"148,446",90.2144,90.2761,88.214
01/09/2020,90.3544,"185,409",91.4433,93.1667,89.4978
01/08/2020,91.0411,"310,716",89.4444,91.6633,88.8889
01/07/2020,89.3889,"121,905",88.9833,89.3889,88.55
01/06/2020,88.8889,"266,319",88.8,90.0,88.3578
01/03/2020,88.8,"187,263",88.8889,89.1111,86.8933
01/02/2020,86.1244,"74,016",87.2222,87.3303,86.0882
12/31/2019,86.8022,"72,558",88.7444,88.7444,86.4911
12/30/2019,87.5933,"125,874",88.3889,88.5544,86.3322
12/27/2019,88.3378,"191,709",87.5167,89.4109,85.7487
12/26/2019,87.2467,"183,537",87.5139,88.2778,84.2706
12/24/2019,87.2733,"90,522",87.2455,88.592,86.1111
12/23/2019,87.0778,"299,313",84.5555,87.2233,84.5555
12/20/2019,85.1022,"387,774",81.6244,85.5411,80.7594
12/19/2019,80.9833,"284,247",78.4455,81.8425,78.4455
12/18/2019,78.68,"212,436",78.5444,79.5509,77.8189
12/17/2019,78.11,"190,800",77.1111,78.6233,77.1111
12/16/2019,77.2278,"195,894",76.8944,78.0767,76.1967
12/13/2019,75.9844,"193,410",75.9444,76.2811,75.1944
12/12/2019,76.4444,"115,308",75.3322,76.4667,74.6639
12/11/2019,75.0022,"174,573",74.0,75.2767,74.0
12/10/2019,74.6878,"80,712",74.0111,75.0,74.0111
12/09/2019,74.3267,"102,141",74.3533,74.7222,73.7778
12/06/2019,74.1722,"109,665",74.1122,74.8333,73.0267
12/05/2019,74.0444,"56,079",72.9611,75.1178,72.9611
12/04/2019,74.0711,"233,289",72.81,75.7244,72.81
12/03/2019,71.7344,"141,903",71.9067,73.0582,71.4289
12/02/2019,72.2222,"208,044",75.1111,75.5555,71.58
11/29/2019,74.9978,"24,840",74.9428,74.9978,74.6332
11/27/2019,75.11,"213,525",74.1778,75.5454,73.9344
11/26/2019,74.1333,"141,930",75.6022,76.0778,74.1333
11/25/2019,75.1111,"101,979",74.6667,76.1111,74.6667
11/22/2019,74.4444,"122,994",76.2089,76.3333,74.2533
11/21/2019,75.4678,"180,468",77.7778,77.7778,74.2672
11/20/2019,76.6867,"161,226",75.5667,77.4433,74.7589
11/19/2019,75.8489,"133,056",74.02,75.8489,73.3126
11/18/2019,73.8944,"121,824",74.0567,74.4444,72.6989
11/15/2019,73.8889,"107,892",72.4967,73.8889,72.1567
11/14/2019,72.3344,"164,061",73.8889,75.5555,71.7644
11/13/2019,73.8189,"190,746",71.4433,75.4433,71.2176
11/12/2019,71.8611,"102,096",72.7778,73.6032,71.3833
11/11/2019,71.9489,"129,492",71.37,72.4078,70.2511
11/08/2019,71.6667,"59,283",70.8433,71.6667,70.45
11/07/2019,71.1111,"85,842",71.1111,72.7667,70.6667
11/06/2019,70.9333,"125,019",72.23,73.0044,69.7395
11/05/2019,72.7667,"190,989",71.6033,73.6802,71.0155
11/04/2019,70.7778,"146,025",70.6778,72.2222,70.3733
11/01/2019,69.6333,"373,716",64.1733,70.2778,64.1733
10/31/2019,63.2255,"216,342",64.9511,65.0311,62.7889
10/30/2019,65.6978,"94,293",65.2889,66.1233,65.0
10/29/2019,65.2778,"177,507",67.2511,67.7778,65.2778
10/28/2019,67.99,"139,563",67.1711,68.4372,66.7778
10/25/2019,67.4578,"72,360",68.6655,68.6655,66.8378
10/24/2019,67.4044,"64,521",68.7411,68.7411,67.1241
10/23/2019,68.6544,"52,767",67.7944,68.8889,67.7789
10/22/2019,67.7778,"58,572",66.6022,68.06,66.6022
10/21/2019,66.5389,"71,388",65.5555,66.6655,65.5555
10/18/2019,65.7878,"80,883",66.3955,66.8022,65.0852
10/17/2019,66.1611,"115,722",66.6667,67.2222,64.6044
10/16/2019,66.8455,"135,549",67.82,68.8878,66.8455
10/15/2019,67.3333,"73,080",67.4511,68.1467,66.7778
10/14/2019,67.28,"68,202",68.0622,68.0622,66.1111
10/11/2019,67.7922,"80,712",68.12,69.0,67.4455
10/10/2019,67.5462,"80,982",66.9111,68.1111,66.7844
10/09/2019,66.7278,"141,687",69.4167,69.4167,66.6667
10/08/2019,68.0289,"159,390",66.5778,68.4122,65.9567
10/07/2019,67.2622,"75,096",67.0167,67.9644,66.6667
10/04/2019,67.1544,"307,332",68.6278,68.8889,66.0111
10/03/2019,69.2167,"136,377",68.7444,69.3333,67.7778
10/02/2019,68.9055,"226,431",70.0022,70.1133,67.2922
10/01/2019,70.1211,"129,924",72.2222,72.5283,70.0589
09/30/2019,72.1744,"150,813",70.4444,72.2218,70.4444
09/27/2019,70.2333,"137,655",70.5833,71.3526,69.8859
09/26/2019,70.5611,"50,427",71.8933,72.4444,70.5611
09/25/2019,71.8733,"73,116",72.1689,72.2833,70.7046
09/24/2019,72.2222,"69,588",72.3678,72.8033,72.0
09/23/2019,72.5478,"122,625",72.0144,73.6322,71.6405
09/20/2019,71.35,"152,874",71.7778,72.3443,70.8333
09/19/2019,72.2333,"100,872",73.8,74.8889,72.2222
09/18/2019,74.1111,"135,756",73.0144,74.1111,72.7794
09/17/2019,73.98,"178,497",79.0,79.0,72.9255
09/16/2019,78.9122,"240,462",75.0,79.3333,75.0
09/13/2019,73.1844,"93,078",74.9744,74.9744,72.8255
09/12/2019,73.2189,"246,267",72.2233,75.4878,71.5544
09/11/2019,71.9911,"158,814",72.2522,72.5578,68.9633
09/10/2019,72.3333,"209,268",74.3167,75.0,72.2594
09/09/2019,74.6722,"141,921",75.1667,76.0033,74.1699
09/06/2019,75.4444,"237,501",78.42,78.42,75.3333
09/05/2019,78.4944,"266,490",76.4444,79.3333,76.4444
09/04/2019,75.2133,"201,654",74.5511,75.4444,73.4578
09/03/2019,74.2511,"161,451",72.3533,74.6367,70.719
08/30/2019,72.8011,"155,295",72.7889,73.5411,71.9655
08/29/2019,72.9433,"144,198",71.9133,73.4711,71.9133
08/28/2019,71.8633,"145,998",70.2211,72.7778,70.0
08/27/2019,69.95,"131,967",71.1111,71.4433,68.8778
08/26/2019,70.6944,"106,326",71.4489,71.4489,69.7515
08/23/2019,70.4044,"96,201",72.5555,74.4052,70.4044
08/22/2019,73.35,"118,449",74.7222,75.2778,72.9342
08/21/2019,74.5989,"77,994",73.2267,74.5989,72.8944
08/20/2019,72.5055,"49,302",74.1122,74.2222,72.5055
08/19/2019,73.6722,"114,390",74.0,75.4844,73.037
08/16/2019,74.5744,"70,731",74.1833,74.7222,73.15
08/15/2019,73.0878,"205,983",71.4989,73.5367,70.2222
08/14/2019,70.9111,"250,938",72.3311,72.3311,69.4467
08/13/2019,73.35,"158,985",73.8889,75.5555,72.7161
08/12/2019,73.3278,"121,032",76.22,76.529,72.2778
08/09/2019,75.5722,"173,025",75.0055,76.9042,74.5533
08/08/2019,75.0,"193,104",72.5555,75.0,72.5555
08/07/2019,72.2222,"205,245",74.2978,74.2978,70.2522
08/06/2019,75.5544,"97,299",77.85,79.1666,74.8055
08/05/2019,77.2733,"163,017",77.7778,77.7778,74.6778
08/02/2019,79.1111,"125,235",81.6667,81.6667,78.0
08/01/2019,80.8333,"337,842",87.0544,87.0544,79.362
07/31/2019,88.5778,"250,128",85.5367,90.1383,85.5367
07/30/2019,84.4444,"88,461",81.6741,84.4444,81.6667
07/29/2019,83.1667,"79,551",83.3333,83.3333,81.1489
07/26/2019,82.45,"28,872",82.79,83.3333,82.3488
07/25/2019,83.0878,"91,062",83.7,84.1111,82.4434
07/24/2019,82.9111,"62,937",78.4,84.0533,78.4
07/23/2019,83.7778,"87,813",83.8889,84.1667,82.7801
07/22/2019,84.3267,"73,044",84.0022,86.2264,83.4522
07/19/2019,84.6111,"53,199",84.4444,85.4055,84.4444
07/18/2019,84.7355,"40,626",84.7355,84.78,83.89
07/17/2019,85.0478,"58,347",85.4711,85.5555,85.0
07/16/2019,86.0922,"43,731",86.7778,87.0455,85.6011
07/15/2019,87.3333,"35,910",87.2278,87.5681,87.2222
07/12/2019,87.8044,"40,212",89.1267,89.1267,87.6667
07/11/2019,88.1111,"65,088",90.0,90.0,87.9411
07/10/2019,88.8944,"44,487",88.8878,89.3878,87.6083
07/09/2019,87.3414,"43,038",87.8244,88.1428,87.271
07/08/2019,89.0222,"108,081",89.1333,90.4095,88.3967
07/05/2019,88.8889,"31,608",88.0989,89.2559,88.0555
07/03/2019,87.8322,"69,075",86.67,88.4172,86.67
07/02/2019,86.74,"163,107",90.2344,90.8989,86.74
07/01/2019,90.2555,"190,485",88.8889,90.2989,87.6667
06/28/2019,87.4433,"56,781",87.7889,87.9889,87.2712
06/27/2019,87.2167,"66,843",88.32,88.6667,85.7922
06/26/2019,88.8044,"199,413",89.0,90.5155,88.8044
06/25/2019,88.0522,"99,126",87.8444,89.0,87.0344
06/24/2019,88.3811,"114,678",86.1111,88.3811,85.7778
06/21/2019,85.1155,"45,981",86.1111,87.9193,85.1155
06/20/2019,87.8778,"136,764",86.7122,88.7786,86.1111
06/19/2019,85.5855,"87,372",84.29,85.7211,83.7133
06/18/2019,83.5555,"76,446",80.4444,83.8333,80.4444
06/17/2019,80.3333,"71,658",82.2133,82.2133,78.6355
06/14/2019,82.2222,"71,289",81.5311,82.2222,80.8889
06/13/2019,80.8822,"186,372",81.9111,83.0533,79.7055
06/12/2019,80.1322,"110,646",83.3889,83.5555,79.1667
06/11/2019,83.4567,"130,959",84.7778,85.5722,83.4444
06/10/2019,83.44,"80,793",83.0822,85.2558,82.5933
06/07/2019,84.0333,"132,300",83.4444,84.0967,82.0111
06/06/2019,82.9967,"111,969",81.7167,83.3333,81.7167
06/05/2019,81.9178,"188,856",83.627,83.627,80.5555
06/04/2019,83.6667,"193,716",81.4444,83.7267,80.2222
06/03/2019,80.6578,"95,913",81.6667,82.2089,79.3072
05/31/2019,81.89,"258,588",85.2,85.2,80.8944
05/30/2019,86.29,"71,379",89.2222,89.2333,86.0555
05/29/2019,89.9917,"82,953",89.3389,91.3333,88.8789
05/28/2019,89.0878,"102,654",87.5378,90.6111,87.2222
05/24/2019,87.0622,"66,141",87.7455,87.9722,85.89
05/23/2019,87.2922,"101,331",91.1111,91.1111,87.0195
05/22/2019,92.1297,"123,804",93.8878,94.5422,90.9874
05/21/2019,94.4667,"67,257",93.5633,95.2245,93.3333
05/20/2019,93.9455,"80,541",97.0,97.0,93.5139
05/17/2019,96.2678,"142,218",94.4444,97.6944,93.66
05/16/2019,94.2592,"41,058",93.2672,94.4444,92.7555
05/15/2019,93.5944,"140,913",91.5,94.9536,91.2044
05/14/2019,91.5622,"170,928",87.2222,92.1667,87.2222
05/13/2019,87.2844,"70,074",88.7222,88.7222,86.6078
05/10/2019,88.9422,"86,877",87.4667,89.9233,86.1122
05/09/2019,87.5622,"117,792",87.7778,88.455,85.36
05/08/2019,88.7722,"69,507",88.1667,88.8222,87.5567
05/07/2019,87.8078,"109,836",88.5855,88.5855,85.6389
05/06/2019,88.7933,"82,197",88.9444,89.5,88.4741
05/03/2019,89.6978,"67,482",89.3444,90.0,88.9685
05/02/2019,89.7,"170,946",90.4889,91.8789,89.0555
05/01/2019,89.0689,"136,413",88.8889,89.7778,87.7778
04/30/2019,89.1489,"429,291",91.3333,91.3333,85.8897
04/29/2019,91.3333,"177,426",93.3511,94.8889,90.4097
04/26/2019,93.7278,"291,582",97.3333,98.0055,90.0667
04/25/2019,98.6178,"141,840",99.8889,100.0033,98.3889
04/24/2019,99.5478,"56,403",100.3633,100.3633,99.1111
04/23/2019,99.5767,"255,915",99.8889,101.6722,99.1611
04/22/2019,99.8889,"71,379",99.1289,99.8889,98.8322
04/18/2019,99.7733,"178,488",100.3255,100.38,99.3333
04/17/2019,99.8122,"67,059",98.0922,99.9717,97.2511
04/16/2019,98.0,"177,633",100.0,100.3333,97.7778
04/15/2019,99.3467,"101,394",100.5555,101.1111,99.0422
04/12/2019,100.1155,"264,339",99.3478,101.6666,98.1489
04/11/2019,97.6478,"301,644",98.8,101.74,96.9889
04/10/2019,98.4555,"290,349",94.3889,99.3333,94.3889
04/09/2019,94.2222,"241,524",90.8144,94.6444,90.2691
04/08/2019,90.0422,"84,771",90.5444,90.81,89.4444
04/05/2019,90.1111,"108,153",86.6678,90.1111,86.6678
04/04/2019,86.4233,"100,359",86.8889,87.6934,85.4723
04/03/2019,86.9055,"74,277",88.0111,88.0602,86.5455
04/02/2019,88.5833,"181,863",89.4978,90.2233,88.0422
04/01/2019,88.68,"128,952",86.8778,89.4011,86.65
03/29/2019,85.9611,"132,831",86.5555,86.797,85.1922
03/28/2019,85.6889,"102,303",85.2222,86.6622,84.6111
03/27/2019,86.4389,"121,410",85.4167,86.6622,85.0
03/26/2019,85.5589,"193,860",83.8055,85.5589,82.1878
03/25/2019,82.7778,"127,305",80.3111,82.7778,79.8567
03/22/2019,81.1111,"63,693",84.1958,84.1958,80.2565
03/21/2019,83.0,"105,282",85.7778,85.9,83.0
03/20/2019,85.34,"102,510",85.5,86.3333,84.5313
03/19/2019,85.6744,"128,565",83.8722,86.1367,83.4011
03/18/2019,83.0,"109,026",82.0989,83.2222,81.6811
03/15/2019,80.8889,"205,299",82.9411,83.3889,80.7222
03/14/2019,82.4611,"127,926",80.8878,82.4611,80.8878
03/13/2019,81.3967,"161,046",80.35,83.0,80.35
03/12/2019,79.8511,"96,678",81.1111,81.6755,79.8511
03/11/2019,80.58,"87,138",78.8889,81.3333,78.7778
03/08/2019,79.1122,"187,380",78.7912,79.1122,76.6749
03/07/2019,79.7755,"111,402",80.59,80.59,78.1667
03/06/2019,80.6955,"86,337",82.4255,82.4255,80.6955
03/05/2019,82.7578,"54,081",84.2655,84.2655,82.3833
03/04/2019,83.4289,"118,899",83.7778,84.7888,82.6667
03/01/2019,83.6255,"58,320",84.1978,84.8636,83.1167
02/28/2019,82.6244,"132,066",85.2322,85.8402,82.6244
02/27/2019,85.0,"115,857",84.0467,85.8111,84.0
02/26/2019,83.3333,"133,650",84.1784,84.2931,82.638
02/25/2019,83.4455,"140,319",85.1633,85.3667,83.0
02/22/2019,84.8144,"125,127",86.6589,87.0933,84.8144
02/21/2019,86.5833,"163,053",86.6667,87.3333,85.5555
02/20/2019,87.7555,"243,369",86.0044,88.7758,86.0044
02/19/2019,86.6667,"260,559",83.3333,86.731,83.0899
02/15/2019,83.75,"231,435",83.3111,83.8505,82.2222
02/14/2019,82.2222,"140,103",80.4444,82.396,80.0
02/13/2019,80.5355,"128,736",80.0,81.2144,79.7555
02/12/2019,79.2222,"201,060",76.8733,80.0,76.3
02/11/2019,76.1111,"111,294",77.8555,78.6422,75.8661
02/08/2019,77.7956,"142,893",78.8144,78.8144,75.7667
02/07/2019,78.8711,"162,261",80.2433,80.2433,78.4247
02/06/2019,79.8944,"89,865",82.1067,82.1067,79.8944
02/05/2019,80.85,"209,610",79.5289,81.5989,79.5289
02/04/2019,80.5555,"330,201",77.8944,80.9444,77.8944
02/01/2019,78.21,"286,812",79.0,82.4744,77.2489
01/31/2019,77.2678,"307,188",77.7778,78.6667,76.9133
01/30/2019,77.1322,"355,572",74.4444,77.1322,73.9778
01/29/2019,73.6222,"217,107",73.1089,73.8889,71.3444
01/28/2019,71.9555,"200,151",70.1244,72.5767,69.7055
01/25/2019,71.1111,"106,254",70.0111,71.4767,70.0111
01/24/2019,69.4444,"53,118",69.4211,70.4048,68.8889
01/23/2019,70.1067,"225,918",71.1111,72.1508,68.3333
01/22/2019,70.8322,"358,974",71.4744,71.8922,69.6505
01/18/2019,72.2222,"290,394",72.2222,73.9011,71.7122
01/17/2019,71.8855,"344,826",69.3333,72.2222,69.3333
01/16/2019,70.0,"145,296",68.2789,70.0,67.7967
01/15/2019,68.3344,"361,818",68.3333,69.8889,67.6111
01/14/2019,68.3344,"93,213",68.03,68.6889,67.7722
01/11/2019,68.7944,"219,897",67.8963,68.8333,66.4194
01/10/2019,68.8889,"170,586",68.0844,69.5244,67.7722
01/09/2019,67.7578,"620,568",70.0,70.7711,66.4155
01/08/2019,69.7222,"307,647",69.9122,70.8878,69.4461
01/07/2019,68.8789,"330,309",66.6667,70.113,66.6667
01/04/2019,65.7889,"431,325",64.9889,67.3333,64.0889
01/03/2019,63.1044,"288,342",62.2222,64.2611,60.7755
01/02/2019,62.9244,"530,397",59.1411,63.7839,58.3222
12/31/2018,60.1811,"394,965",62.3267,64.8689,58.7302
12/28/2018,60.8567,"489,834",58.1111,61.1,57.1089
12/27/2018,56.3655,"495,792",52.2078,56.6344,51.8656
12/26/2018,53.6878,"280,773",49.1744,53.6878,47.8533
12/24/2018,49.0133,"186,903",46.1111,50.3483,45.4444
12/21/2018,47.9989,"429,813",51.2,51.2,47.2233
12/20/2018,51.2033,"462,897",53.6678,53.7267,49.4444
12/19/2018,53.9911,"245,637",54.5144,57.0716,53.3333
12/18/2018,54.11,"414,936",57.6667,58.2851,52.8333
12/17/2018,57.7944,"169,137",59.1644,59.2778,57.7778
12/14/2018,59.6155,"152,649",59.6155,60.0005,58.6667
12/13/2018,60.8422,"198,873",62.0533,63.256,60.6133
12/12/2018,61.43,"341,487",59.4444,62.7,59.3333
12/11/2018,59.3411,"305,559",61.9144,61.9144,58.89
12/10/2018,61.3222,"138,942",62.8889,62.8889,60.4644
12/07/2018,63.1722,"171,990",65.6433,67.1872,61.6722
12/06/2018,64.4444,"166,302",63.0467,65.5683,61.2516
12/04/2018,64.6544,"162,135",67.6444,67.6444,64.64
12/03/2018,66.72,"172,683",66.1111,67.87,65.5555
11/30/2018,64.3544,"254,997",66.6667,69.4444,63.7478
11/29/2018,66.3422,"187,452",62.7778,67.6933,62.7778
11/28/2018,62.5622,"119,412",61.6667,63.6257,61.0814
11/27/2018,61.8,"212,589",60.2189,63.4906,60.0
11/26/2018,60.7078,"181,557",62.1833,63.8333,60.7078
11/23/2018,61.3322,"60,957",64.1167,64.1167,61.14
11/21/2018,65.1144,"110,691",62.8289,66.0367,62.8289
11/20/2018,62.3422,"205,857",66.6667,66.6667,61.1155
11/19/2018,66.6889,"146,160",67.2222,69.4444,66.6667
11/16/2018,67.6344,"308,358",62.9311,69.1154,62.9311
11/15/2018,62.97,"249,867",60.5222,64.4444,59.6427
11/14/2018,61.4833,"548,982",63.4667,65.3433,60.5
11/13/2018,64.6355,"316,071",67.5555,67.9864,64.547
11/12/2018,68.9944,"316,962",72.96,73.3978,68.2911
11/09/2018,72.7778,"178,983",73.5867,73.5867,72.2222
11/08/2018,74.7189,"89,676",78.2089,79.1429,74.2167
11/07/2018,77.7778,"132,903",76.6589,78.8855,76.6589
11/06/2018,75.8355,"155,034",74.6678,75.9822,73.4389
11/05/2018,74.5689,"143,757",76.0722,76.0966,72.3433
11/02/2018,75.5255,"271,440",75.3333,76.5994,73.4444
11/01/2018,74.4444,"623,412",84.0844,84.0844,73.3333
10/31/2018,84.4578,"352,206",79.5544,85.3055,79.5544
10/30/2018,78.9,"154,107",74.6667,79.1328,74.3889
10/29/2018,76.7622,"218,430",79.8511,81.57,76.6667
10/26/2018,79.1111,"152,415",79.6478,79.7698,77.46
10/25/2018,80.1989,"142,848",78.8889,80.93,78.8889
10/24/2018,78.6022,"232,074",81.0578,81.2909,77.8155
10/23/2018,81.7389,"223,281",81.1,81.8989,79.2322
10/22/2018,82.2344,"214,677",86.2889,86.2889,82.2344
10/19/2018,86.04,"96,228",87.1244,87.3683,85.7272
10/18/2018,87.1567,"73,134",87.7022,88.3333,86.1678
10/17/2018,88.4122,"97,047",89.3333,89.8529,87.4444
10/16/2018,88.7778,"122,985",87.7333,89.5877,87.7222
10/15/2018,86.4089,"107,325",88.0533,88.9391,86.1111
10/12/2018,88.7444,"96,750",87.9078,88.8478,86.6655
10/11/2018,87.2222,"252,513",88.5733,91.2658,87.0
10/10/2018,89.4322,"169,317",92.6411,92.6667,89.1122
10/09/2018,93.2333,"79,767",93.5789,93.8622,92.6167
10/08/2018,93.5622,"149,481",95.3222,95.3222,92.4289
10/05/2018,95.2233,"188,280",95.5555,96.1167,94.7667
10/04/2018,95.7911,"111,015",96.6778,96.8089,95.7778
10/03/2018,96.8878,"111,591",96.4333,97.5522,95.0611
10/02/2018,95.9933,"124,668",96.5322,96.6661,94.7938
10/01/2018,96.3144,"108,054",96.5744,96.9711,95.78
09/28/2018,95.84,"181,080",96.4444,96.7889,95.7655
09/27/2018,96.1178,"129,510",95.9,97.0,95.576
09/26/2018,96.4444,"236,079",95.3989,96.4444,94.9444
09/25/2018,94.9989,"89,676",95.1778,95.1778,94.1444
09/24/2018,92.7422,"51,588",92.7778,93.8978,91.1792
09/21/2018,93.3378,"185,418",93.3333,93.3378,91.9989
09/20/2018,93.2155,"76,257",92.8778,93.3889,92.3233
09/19/2018,92.8889,"48,735",93.2767,93.2767,92.5303
09/18/2018,92.4655,"159,579",91.4744,93.0264,91.4744
09/17/2018,92.135,"67,689",91.95,92.4583,90.89
09/14/2018,91.5833,"169,767",92.5155,92.7899,90.9533
09/13/2018,93.4622,"69,696",92.7778,93.8878,91.7977
09/12/2018,92.7778,"150,759",94.3222,94.3222,92.1521
09/11/2018,93.6333,"167,994",92.0967,93.8889,92.0967
09/10/2018,91.6093,"60,192",92.78,92.78,91.1114
09/07/2018,92.8889,"82,962",94.2778,94.2778,92.5822
09/06/2018,93.3044,"101,367",95.3722,95.5555,93.0133
09/05/2018,94.3622,"60,147",95.2022,95.2022,93.5022
09/04/2018,95.2111,"159,948",93.3333,95.3255,92.5944
08/31/2018,92.7344,"119,313",92.7311,93.236,91.4656
08/30/2018,92.0989,"91,395",91.2722,92.8317,90.8489
08/29/2018,90.5555,"193,077",92.2767,93.1111,90.5555
08/28/2018,91.5633,"94,536",95.3333,95.5955,91.3889
08/27/2018,95.1755,"168,066",94.7133,97.1111,94.7133
08/24/2018,94.1111,"140,310",91.0,94.2708,91.0
08/23/2018,90.5955,"142,830",89.3333,91.0,88.5555
08/22/2018,89.0,"35,442",88.9778,89.4149,88.8889
08/21/2018,88.8889,"90,036",89.6175,89.9444,88.5244
08/20/2018,89.4444,"96,741",88.8889,89.4444,88.3355
08/17/2018,88.1844,"76,725",87.7778,88.1844,86.9081
08/16/2018,87.6667,"80,937",87.8455,88.6683,87.1667
08/15/2018,86.9,"88,713",86.1922,87.8967,84.4444
08/14/2018,86.6996,"118,314",88.5578,88.7778,86.6996
08/13/2018,88.8,"119,979",89.4444,91.4509,87.7555
08/10/2018,89.4444,"90,270",90.1033,90.522,88.3311
08/09/2018,89.7733,"130,725",90.5211,91.7667,89.2222
08/08/2018,89.5511,"41,391",89.5722,89.8722,89.1746
08/07/2018,90.1489,"195,390",90.3889,90.6667,89.5
08/06/2018,89.3444,"126,918",88.7967,90.4,88.5055
08/03/2018,88.7578,"135,432",89.1959,89.4444,87.6111
08/02/2018,89.2655,"200,097",87.6667,89.8889,87.2289
08/01/2018,87.8889,"257,193",85.0,88.8889,85.0
07/31/2018,82.2311,"130,635",82.0011,83.8133,80.5555
07/30/2018,81.5222,"117,225",82.5555,82.5567,80.0
07/27/2018,82.2222,"103,977",83.3333,84.5932,81.2222
07/26/2018,83.3333,"88,677",85.8222,86.248,83.3333
07/25/2018,85.9889,"69,534",86.3333,86.3889,85.5544
07/24/2018,86.5,"74,250",86.7111,86.8333,85.9911
07/23/2018,85.8678,"93,780",86.4049,87.5555,85.0111
07/20/2018,86.1044,"82,602",85.3611,86.1044,84.4585
07/19/2018,85.0555,"60,264",85.6611,86.0778,84.4955
07/18/2018,85.7111,"104,481",86.4433,86.4433,84.7277
07/17/2018,86.6511,"63,990",87.3333,87.6222,85.5911
07/16/2018,87.7033,"72,288",87.8333,87.8333,86.7478
07/13/2018,87.9889,"76,671",88.6644,88.6667,87.223
07/12/2018,88.2778,"255,681",88.1822,90.6978,86.8965
07/11/2018,87.1111,"288,792",83.3333,87.1968,83.13
07/10/2018,83.5,"253,980",82.0,83.6105,81.6183
07/09/2018,81.4944,"172,143",80.0,81.4944,79.6515
07/06/2018,79.9944,"238,131",79.3333,81.17,79.1111
07/05/2018,79.4333,"116,118",77.3333,79.9622,77.3333
07/03/2018,77.1655,"119,034",77.2167,77.5555,76.9022
07/02/2018,77.2167,"88,326",77.26,78.68,76.8955
06/29/2018,77.2611,"74,169",77.4944,78.2111,77.2611
06/28/2018,77.4944,"180,927",78.5333,78.6655,76.6667
06/27/2018,77.9755,"112,536",78.8889,78.8889,77.9755
06/26/2018,79.0,"183,204",78.8311,79.5555,77.9444
06/25/2018,77.6967,"58,482",78.45,78.4889,77.2005
06/22/2018,78.35,"135,504",77.5555,79.0,77.2889
06/21/2018,77.9322,"98,361",77.9028,77.9322,76.4675
06/20/2018,78.3478,"74,223",78.0589,78.6665,77.7544
06/19/2018,78.4267,"207,585",75.6489,78.8744,75.6489
06/18/2018,76.6455,"133,119",75.4722,76.9744,75.3163
06/15/2018,75.3511,"217,917",76.1111,76.6667,75.0222
06/14/2018,77.0611,"47,880",77.7778,77.7944,76.8555
06/13/2018,77.7733,"126,207",77.7778,77.89,76.6111
06/12/2018,77.8889,"67,509",77.7711,78.0378,77.4444
06/11/2018,77.8522,"117,405",78.7944,78.7944,77.66
06/08/2018,78.7767,"143,631",77.7611,79.1111,77.6978
06/07/2018,77.8733,"272,844",76.5578,78.8333,75.8559
06/06/2018,76.0878,"280,575",76.9567,76.9567,74.5177
06/05/2018,76.8122,"225,603",78.48,79.165,76.1444
06/04/2018,78.3067,"276,444",79.7111,82.21,78.2755
06/01/2018,79.56,"140,157",78.8889,79.6422,78.3344
05/31/2018,78.5222,"190,800",76.8889,78.6655,76.7778
05/30/2018,76.9911,"125,631",75.5667,77.1122,75.4545
05/29/2018,75.4444,"77,148",75.8889,76.4396,74.6667
05/25/2018,76.0222,"190,674",76.4941,76.8055,74.1082
05/24/2018,77.3222,"150,984",76.19,77.7778,75.9878
05/23/2018,76.8833,"108,045",76.3333,76.9888,75.8889
05/22/2018,76.3089,"83,718",78.0111,78.2222,76.3089
05/21/2018,78.0055,"197,235",76.8533,78.5555,76.8533
05/18/2018,75.92,"268,830",77.5555,78.2222,75.7789
05/17/2018,76.6767,"374,967",72.5067,76.8055,72.5067
05/16/2018,72.4067,"185,733",69.9,72.7405,69.6055
05/15/2018,69.0578,"264,960",69.0,69.4077,67.34
05/14/2018,68.88,"397,179",71.7233,71.7233,68.4933
05/11/2018,71.7555,"164,187",73.12,73.8111,71.1689
05/10/2018,72.9367,"138,276",71.6667,74.2006,71.6667
05/09/2018,71.8778,"155,790",71.1978,73.06,71.1978
05/08/2018,71.5422,"269,046",72.45,73.7443,70.1122
05/07/2018,72.3122,"335,295",70.6255,75.2389,70.3333
05/04/2018,69.7922,"160,659",70.4,70.7476,69.0133
05/03/2018,69.74,"241,947",69.2111,71.098,69.2111
05/02/2018,68.9155,"253,926",65.6744,69.2222,65.6744
05/01/2018,65.6422,"564,831",63.27,65.9311,63.27
04/30/2018,60.5422,"108,648",60.4355,61.2222,60.1567
04/27/2018,60.2933,"104,373",60.1811,60.5011,59.4444
04/26/2018,60.2222,"98,631",59.8167,61.8753,59.8167
04/25/2018,60.2122,"125,298",59.4933,60.89,59.47
04/24/2018,59.4933,"189,675",60.6522,61.3333,58.5833
04/23/2018,60.6111,"220,959",61.6111,62.6111,60.5867
04/20/2018,61.0,"99,486",60.9611,61.3333,60.0
04/19/2018,60.6878,"91,629",60.5089,61.3111,60.0422
04/18/2018,60.5233,"115,218",59.6611,60.8178,59.2277
04/17/2018,59.4455,"127,944",60.4811,60.9455,59.2222
04/16/2018,60.2222,"133,398",60.6611,61.3111,59.6667
04/13/2018,60.0,"227,943",59.4444,61.9444,59.2289
04/12/2018,59.4222,"171,414",58.5722,59.62,58.0667
04/11/2018,58.3344,"155,142",57.4278,59.0167,57.3311
04/10/2018,57.8855,"141,012",58.3222,58.4622,57.7778
04/09/2018,57.9267,"153,513",58.652,58.652,57.0555
04/06/2018,56.7778,"75,744",57.2222,58.0,56.6667
04/05/2018,57.9744,"180,729",57.4333,60.0,56.8067
04/04/2018,57.4433,"48,978",56.0211,57.4433,56.0211
04/03/2018,56.9022,"82,107",56.2233,57.1111,55.9633
04/02/2018,56.5,"79,236",56.4555,57.3111,55.1278
03/29/2018,56.1578,"222,939",55.6667,57.7778,54.5889
03/28/2018,55.4233,"205,398",55.1411,55.4233,53.3889
03/27/2018,55.0078,"162,927",56.0978,56.1111,54.8944
03/26/2018,55.9711,"160,695",56.2333,56.6144,55.2844
03/23/2018,55.6878,"114,093",56.8,57.4444,55.6778
03/22/2018,56.8889,"138,042",57.2655,58.0,56.55
03/21/2018,57.5655,"105,363",57.6444,58.1089,56.8722
03/20/2018,57.6533,"200,628",57.5567,58.0555,57.2722
03/19/2018,57.2222,"68,607",57.9678,59.3889,56.809
03/16/2018,58.6055,"133,470",58.1111,58.7222,57.7778
03/15/2018,58.2678,"61,722",58.3278,58.7778,57.3778
03/14/2018,57.4022,"81,549",57.6667,58.5067,56.6889
03/13/2018,57.2255,"94,779",58.3955,58.4033,56.9011
03/12/2018,58.61,"101,781",59.0827,59.0827,57.45
03/09/2018,58.0711,"68,688",58.2067,59.5522,57.9443
03/08/2018,58.2078,"78,030",58.3333,59.1066,57.2433
03/07/2018,58.5855,"84,447",58.9955,59.1755,58.1578
03/06/2018,58.6533,"84,159",58.6422,60.1333,58.1111
03/05/2018,58.2922,"130,833",58.5322,60.3833,57.76
03/02/2018,57.7844,"55,161",57.3367,58.6733,57.2222
03/01/2018,57.4444,"152,856",60.7222,60.8189,57.2233
02/28/2018,59.8978,"119,214",60.1111,61.3333,59.8878
02/27/2018,59.8511,"52,119",58.9578,59.9755,57.4467
02/26/2018,59.1111,"157,797",58.8933,60.5172,58.6289
02/23/2018,58.4003,"118,890",57.2289,59.5555,57.2289
02/22/2018,56.8889,"127,872",56.4067,58.21,56.4067
02/21/2018,56.2255,"98,982",56.4133,58.6522,56.2255
02/20/2018,56.4144,"192,537",56.5555,59.2989,55.8055
02/16/2018,56.1933,"74,691",55.3244,57.0767,55.2913
02/15/2018,55.5722,"119,439",56.0011,56.0011,54.4222
02/14/2018,55.2333,"115,236",54.5233,55.8889,53.9
02/13/2018,54.4467,"73,476",53.9678,55.5,53.9678
02/12/2018,53.9533,"184,860",55.1778,55.5572,53.9533
02/09/2018,54.8178,"183,276",56.1233,56.2828,53.3334
02/08/2018,55.3522,"132,309",58.1789,58.3333,54.7866
02/07/2018,58.0211,"183,384",58.8611,58.8611,57.3078
02/06/2018,55.6811,"155,538",54.7122,56.3878,54.7122
02/05/2018,55.6555,"217,881",56.7878,57.6333,54.4444
02/02/2018,57.7967,"115,614",58.7922,59.4433,56.7778
02/01/2018,58.7911,"194,373",59.4433,59.8011,56.7844
01/31/2018,59.6722,"188,955",60.5567,62.1667,59.4555
01/30/2018,59.9511,"159,138",60.4978,60.9778,58.7833
01/29/2018,61.1967,"242,028",59.8944,61.1967,58.4155
01/26/2018,58.9733,"77,355",58.6555,60.2355,58.1089
01/25/2018,59.4444,"124,326",60.4444,60.5778,58.67
01/24/2018,58.6389,"236,763",60.1111,60.1111,56.6667
01/23/2018,60.1144,"143,199",62.0589,63.0244,59.8944
01/22/2018,62.1222,"191,439",61.7355,63.3322,61.7355
01/19/2018,62.2155,"269,766",61.5933,62.9133,61.5933
01/18/2018,61.3222,"175,266",58.9622,61.44,58.9622
01/17/2018,59.4433,"142,623",58.0867,59.6749,57.1111
01/16/2018,57.5667,"241,767",59.1422,60.7167,57.5667
01/12/2018,58.6722,"387,738",60.0,60.0,57.3376
01/11/2018,60.1989,"404,955",56.2222,60.5478,56.1111
01/10/2018,55.7933,"367,371",55.8867,56.73,54.6589
01/09/2018,55.7322,"278,109",53.4467,55.82,53.4467
01/08/2018,53.4722,"289,035",50.5278,53.9444,50.4444
01/05/2018,50.1244,"108,387",50.5422,51.5722,50.0333
01/04/2018,50.4044,"129,924",50.6522,51.6689,49.6989
01/03/2018,50.3411,"243,243",51.1144,53.0556,49.89
01/02/2018,51.1767,"346,779",49.5567,52.89,49.5567
12/29/2017,49.6256,"51,246",49.4122,49.6344,49.1413
12/28/2017,48.9478,"67,320",49.8122,50.3256,48.89
12/27/2017,50.0067,"190,224",49.4444,50.8889,49.4411
12/26/2017,49.2422,"158,013",47.9667,49.4444,47.5278
12/22/2017,48.1111,"97,443",46.3022,48.1889,46.3022
12/21/2017,46.4833,"181,836",46.1578,46.7778,46.1578
12/20/2017,45.9022,"101,367",45.49,46.1931,45.49
12/19/2017,45.4978,"144,918",44.7778,46.0,44.7778
12/18/2017,44.4722,"137,322",44.2222,45.3662,44.2222
12/15/2017,44.1122,"164,628",44.0822,44.5173,43.5322
12/14/2017,44.3833,"54,981",44.7567,44.7567,43.9464
12/13/2017,44.2811,"94,302",44.3067,44.8889,44.2506
12/12/2017,44.4444,"66,564",44.3033,44.9433,44.3033
12/11/2017,44.4444,"42,237",44.6111,44.8056,44.0556
12/08/2017,44.2756,"73,188",44.5533,44.6667,44.2222
12/07/2017,44.3778,"124,650",44.27,44.7589,43.9522
12/06/2017,44.35,"78,876",44.6667,44.7907,44.2783
12/05/2017,44.7422,"91,341",45.1278,45.5556,44.4511
12/04/2017,45.1233,"78,300",45.2867,45.6111,45.1233
12/01/2017,45.0011,"63,126",44.9544,45.2778,44.8522
11/30/2017,45.3067,"88,776",44.8589,45.3333,44.6389
11/29/2017,44.8767,"72,774",45.4711,45.4711,44.3011
11/28/2017,45.2211,"88,551",45.2356,45.5544,44.78
11/27/2017,45.5,"47,304",45.6556,45.6556,45.1267
11/24/2017,45.5889,"41,130",45.5522,45.9417,45.0011
11/22/2017,45.5522,"47,601",45.4422,45.5533,45.2561
11/21/2017,45.5522,"105,030",45.4922,45.5807,44.9778
11/20/2017,45.3044,"92,043",45.7578,45.7578,44.4567
11/17/2017,45.4544,"95,634",45.9778,45.9778,45.2222
11/16/2017,44.9933,"121,680",45.8267,46.2767,44.789
11/15/2017,45.4756,"130,338",45.1133,45.4756,44.7233
11/14/2017,45.2011,"65,196",45.7944,45.8861,45.1678
11/13/2017,45.59,"62,352",45.8333,46.2111,45.5733
11/10/2017,45.8567,"46,539",45.9267,46.0556,45.4411
11/09/2017,45.6689,"62,361",46.3311,46.3311,45.6689
11/08/2017,46.1811,"186,336",45.2678,46.4556,45.2267
11/07/2017,45.7733,"188,883",46.1111,46.6667,45.1344
11/06/2017,46.3822,"130,392",45.8444,46.8611,45.8444
11/03/2017,45.93,"80,154",45.1311,46.1078,45.0
11/02/2017,45.15,"168,696",45.2133,46.0239,45.15
11/01/2017,45.4089,"127,071",45.41,46.1089,45.3345
10/31/2017,45.2467,"307,449",45.4444,47.8611,44.2111
10/30/2017,43.9644,"91,629",43.9467,44.4433,43.3598
10/27/2017,44.0333,"265,941",43.3367,44.1056,41.9954
10/26/2017,43.3367,"157,356",43.7567,44.1222,42.9856
10/25/2017,43.7567,"156,276",43.9578,44.0,43.3344
10/24/2017,43.8756,"269,901",44.5556,44.7022,43.1833
10/23/2017,44.3844,"259,533",45.6833,45.7222,43.9222
10/20/2017,45.5822,"54,504",45.48,45.6644,45.0033
10/19/2017,45.3344,"94,374",45.5556,45.8269,45.1111
10/18/2017,46.0,"77,535",45.6956,46.2196,45.59
10/17/2017,45.6967,"118,566",47.2221,47.4223,45.6967
10/16/2017,47.2244,"166,932",47.5444,48.2511,47.2222
10/13/2017,47.28,"179,514",47.1889,48.3322,47.1437
10/12/2017,47.0044,"237,510",45.8556,47.6944,45.8556
10/11/2017,45.6667,"196,056",45.9322,46.6333,45.3778
10/10/2017,45.89,"151,335",45.5278,45.9433,45.3671
10/09/2017,45.2328,"97,605",45.0222,45.3767,44.8144
10/06/2017,45.0222,"149,058",45.35,45.8111,45.0222
10/05/2017,45.6178,"102,015",45.3056,45.6667,45.2989
10/04/2017,45.42,"66,114",45.5278,45.5556,45.4022
10/03/2017,44.9922,"127,062",45.7689,46.0,44.8606
10/02/2017,45.58,"104,805",44.9644,45.594,44.5854
09/29/2017,44.9,"56,574",45.2222,45.5556,44.8322
09/28/2017,45.4844,"130,986",45.5544,46.0878,44.6821
09/27/2017,45.3333,"152,847",44.3333,45.5556,44.2467
09/26/2017,44.2289,"87,903",44.45,44.721,43.8878
09/25/2017,44.3622,"78,606",44.3372,45.1111,44.0978
09/22/2017,44.4122,"50,382",44.6889,45.1389,44.4122
09/21/2017,44.8889,"122,742",44.7367,45.8889,44.6633
09/20/2017,44.5911,"91,944",43.7582,44.5911,43.5661
09/19/2017,43.4789,"146,196",43.5556,44.3544,43.4444
09/18/2017,43.3622,"181,305",43.4656,44.2222,43.2333
09/15/2017,43.3278,"100,476",43.0167,43.82,42.1244
09/14/2017,43.2778,"120,321",42.0778,44.0585,42.0778
09/13/2017,42.3,"142,110",41.5733,42.8456,41.5733
09/12/2017,41.9778,"398,772",43.0344,43.5556,41.5
09/11/2017,43.2711,"207,765",43.8833,44.3778,43.1222
09/08/2017,43.1689,"111,996",43.6122,44.27,43.1689
09/07/2017,43.9478,"162,171",43.5611,44.4444,43.5611
09/06/2017,43.5556,"195,651",42.9433,44.0839,42.9433
09/05/2017,42.7833,"117,387",43.7778,44.1111,42.7778
09/01/2017,43.7856,"155,340",44.6633,45.0,43.6128
08/31/2017,44.8889,"308,070",44.5789,45.7666,44.5789
08/30/2017,44.4433,"307,125",43.2098,44.9748,42.5122
08/29/2017,42.7911,"196,641",42.1822,43.2239,41.3609
08/28/2017,42.49,"137,754",42.3656,42.8878,41.3333
08/25/2017,42.3656,"134,910",41.3167,42.4422,41.3167
08/24/2017,41.2767,"176,238",41.8544,42.5444,41.2456
08/23/2017,41.5233,"203,967",40.7778,42.1976,40.2444
08/22/2017,41.1056,"116,487",41.2578,41.6222,40.8863
08/21/2017,41.4567,"255,033",40.9222,42.1722,40.9222
08/18/2017,40.9222,"160,083",40.5767,41.0544,39.66
08/17/2017,40.5778,"202,329",42.1111,42.2222,40.4872
08/16/2017,42.3889,"343,323",42.5844,43.0556,41.7889
08/15/2017,42.5744,"391,887",41.5556,42.7778,41.0556
08/14/2017,41.26,"409,635",40.1,41.6656,40.1
08/11/2017,39.9922,"359,955",39.6667,40.1111,39.3727
08/10/2017,39.6911,"194,553",39.5511,40.3241,39.3444
08/09/2017,39.5,"215,271",39.6044,39.7878,39.1061
08/08/2017,39.6611,"283,113",39.8711,40.2289,39.5683
08/07/2017,39.9622,"242,685",40.5556,40.78,39.7778
08/04/2017,40.6678,"262,440",41.1111,41.1111,40.6678
08/03/2017,41.2289,"377,352",41.0,41.5611,40.6667
08/02/2017,40.6967,"852,966",38.5367,41.9722,38.5367
08/01/2017,38.6667,"411,777",36.8533,39.7206,36.8533
07/31/2017,36.89,"84,492",37.1277,37.5,36.8194
07/28/2017,37.03,"203,337",37.1111,37.6492,36.6844
07/27/2017,37.1411,"120,519",37.6433,37.8889,37.0765
07/26/2017,37.3333,"322,182",36.9022,37.86,36.9022
07/25/2017,36.7511,"533,511",36.1111,37.5622,36.0556
07/24/2017,35.8889,"210,501",35.2833,36.1111,35.0223
07/21/2017,35.3456,"250,884",35.5556,35.8889,35.3456
07/20/2017,35.5722,"166,617",35.4867,35.9044,35.3789
07/19/2017,35.2456,"451,971",34.2411,35.4444,34.2411
07/18/2017,34.2411,"369,873",33.9778,34.5833,33.7778
07/17/2017,33.8711,"219,681",33.81,34.0444,33.4522
07/14/2017,33.8611,"66,231",34.0,34.1167,33.5611
07/13/2017,34.0522,"160,434",33.7611,34.0522,33.4444
07/12/2017,33.5111,"296,424",33.5233,34.3056,33.3767
07/11/2017,33.5233,"376,632",32.9422,34.1198,32.8527
07/10/2017,32.9411,"63,810",32.2211,33.0,32.2211
07/07/2017,32.3567,"136,611",32.1967,32.6733,32.1367
07/06/2017,32.1989,"142,614",32.5278,32.9444,31.8656
07/05/2017,32.4189,"64,260",32.8322,33.1111,32.4189
07/03/2017,32.8456,"43,173",32.4811,33.2222,32.4811
06/30/2017,32.6422,"212,778",32.3856,33.0,32.3356
06/29/2017,32.2378,"233,235",32.3589,33.0909,31.8889
06/28/2017,32.2811,"191,655",31.9,32.8063,31.6683
06/27/2017,31.7378,"249,408",31.9911,32.442,31.6089
06/26/2017,31.9844,"214,884",32.8967,32.8967,31.8592
06/23/2017,32.6922,"238,392",32.1322,33.33,31.9444
06/22/2017,32.1544,"363,276",32.2222,32.2222,31.4244
06/21/2017,32.1111,"203,283",33.05,33.22,31.7874
06/20/2017,33.0544,"180,990",33.6833,33.6833,33.0544
06/19/2017,33.9178,"147,402",33.9022,33.9744,33.3596
06/16/2017,33.9089,"209,448",32.7744,34.1111,32.6744
06/15/2017,32.7189,"127,206",32.1889,32.9689,32.1889
06/14/2017,32.64,"217,926",32.36,33.1411,32.36
06/13/2017,32.55,"119,286",32.1644,32.5566,31.8659
06/12/2017,32.0544,"221,472",31.8644,32.1178,31.4667
06/09/2017,31.7978,"95,283",31.5617,32.2167,31.5617
06/08/2017,31.3656,"148,095",31.7144,31.8489,31.3556
06/07/2017,31.7156,"127,926",32.1533,32.6444,31.7156
06/06/2017,31.9989,"94,896",31.8111,32.0556,31.6467
06/05/2017,31.6122,"141,975",31.8156,31.8889,31.5667
06/02/2017,31.8756,"258,012",31.0733,31.8756,31.0733
06/01/2017,31.0478,"187,029",31.4967,31.56,31.0367
05/31/2017,31.4833,"208,089",31.6667,31.984,31.3444
05/30/2017,31.6944,"98,928",32.0883,32.2378,31.43
05/26/2017,32.1533,"108,243",32.0667,32.3986,31.9411
05/25/2017,32.0506,"97,407",32.3722,32.3922,31.6289
05/24/2017,32.3944,"121,113",32.4578,32.4578,31.8056
05/23/2017,32.2889,"82,782",32.0889,32.3333,32.03
05/22/2017,32.0144,"125,028",32.1167,32.3789,31.5833
