date,close,volume,open,high,low
05/15/2026,102.01,"2,047,092",101.9,102.59,101.21
05/14/2026,102.41,"2,075,067",103.67,103.99,102.14
05/13/2026,103.01,"2,611,568",102.66,104.105,101.66
05/12/2026,102.84,"2,865,637",103.96,104.13,100.7
05/11/2026,104.75,"1,401,313",105.29,105.71,104.55
05/08/2026,105.33,"1,506,095",104.02,105.565,102.31
05/07/2026,103.59,"2,123,145",105.48,106.3,102.705
05/06/2026,106.13,"2,120,080",104.88,106.925,104.53
05/05/2026,104.11,"1,887,991",103.24,104.44,101.775
05/04/2026,103.08,"1,783,838",102.775,103.81,102.04
05/01/2026,103.42,"2,252,197",103.75,104.14,102.27
04/30/2026,102.88,"4,390,303",101.3,103.28,99.79
04/29/2026,100.47,"2,550,206",100.26,101.345,99.58
04/28/2026,100.77,"2,327,407",101.74,101.87,100.09
04/27/2026,101.36,"1,965,056",98.86,101.65,98.86
04/24/2026,99.06,"1,518,882",99.5,99.8895,98.73
04/23/2026,99.49,"2,198,292",100.07,100.58,98.65
04/22/2026,100.24,"1,653,888",100.0,100.81,98.9
04/21/2026,99.14,"2,789,730",98.36,100.165,98.115
04/20/2026,98.1,"1,621,289",96.65,98.24,96.53
04/17/2026,96.98,"2,109,977",96.25,97.97,96.03
04/16/2026,95.75,"1,345,541",96.29,96.64,95.07
04/15/2026,96.11,"1,540,449",96.22,96.915,95.5
04/14/2026,95.84,"1,851,813",94.91,96.34,94.56
04/13/2026,94.37,"2,017,271",91.54,94.45,91.24
04/10/2026,91.49,"1,658,101",92.16,93.3,91.44
04/09/2026,92.16,"2,134,735",91.35,92.55,90.76
04/08/2026,91.81,"2,268,968",91.37,92.39,90.745
04/07/2026,89.22,"2,927,019",89.22,89.6,87.59
04/06/2026,89.33,"1,907,817",90.04,90.37,89.125
04/02/2026,90.17,"2,107,026",88.5,90.9125,87.75
04/01/2026,89.87,"2,538,855",90.375,91.25,89.65
03/31/2026,90.14,"3,203,946",90.17,91.37,89.18
03/30/2026,89.03,"3,014,256",89.45,90.39,88.61
03/27/2026,88.45,"2,916,725",89.61,90.25,88.21
03/26/2026,90.23,"3,010,462",89.39,90.88,89.02
03/25/2026,89.58,"2,626,826",89.94,90.57,88.43
03/24/2026,88.8,"2,563,296",87.115,89.1086,86.69
03/23/2026,87.98,"2,212,759",87.6,88.78,86.73
03/20/2026,86.19,"9,438,661",86.95,87.46,85.22
03/19/2026,87.09,"2,483,387",87.0,88.05,86.33
03/18/2026,87.51,"2,479,701",87.45,88.884,87.43
03/17/2026,88.39,"2,496,044",88.36,89.6,87.91
03/16/2026,87.38,"2,311,380",88.27,88.64,87.14
03/13/2026,88.59,"2,332,732",89.01,89.92,88.53
03/12/2026,87.91,"2,527,653",88.09,89.29,87.705
03/11/2026,89.33,"2,370,739",89.18,89.9,87.69
03/10/2026,89.14,"2,419,762",90.67,90.91,89.03
03/09/2026,90.55,"2,450,897",88.67,91.1,86.94
03/06/2026,90.4,"2,087,530",90.67,90.84,88.9
03/05/2026,92.04,"1,931,541",91.6,93.05,91.2334
03/04/2026,91.99,"2,529,805",94.02,94.06,91.93
03/03/2026,93.42,"2,262,779",93.03,94.3066,92.33
03/02/2026,94.92,"1,494,333",93.34,95.81,93.0
02/27/2026,94.63,"3,103,446",95.11,95.38,93.44
02/26/2026,96.46,"1,590,334",96.0,96.9,95.25
02/25/2026,95.27,"1,360,489",94.9,95.735,94.39
02/24/2026,94.8,"2,059,405",92.94,95.0,92.4
02/23/2026,93.06,"2,376,856",94.84,95.07,92.2
02/20/2026,95.38,"1,329,058",94.14,95.76,93.2
02/19/2026,94.36,"1,187,162",94.07,94.48,93.08
02/18/2026,94.93,"1,683,979",94.27,95.64,93.71
02/17/2026,93.81,"2,237,121",94.13,94.55,92.75
02/13/2026,93.76,"2,668,504",93.16,94.06,92.1785
02/12/2026,93.16,"3,388,773",94.02,95.14,92.67
02/11/2026,93.79,"2,332,988",96.19,96.312,93.67
02/10/2026,96.64,"2,301,442",95.95,97.67,95.75
02/09/2026,95.81,"2,587,989",94.34,96.64,94.0
02/06/2026,94.58,"3,272,911",93.77,95.22,92.77
02/05/2026,92.02,"3,357,054",96.18,96.545,91.7
02/04/2026,97.02,"5,509,687",97.85,99.0,93.0
02/03/2026,102.66,"3,898,677",106.49,107.2138,100.9
02/02/2026,106.65,"2,001,814",105.25,106.95,104.7
01/30/2026,105.68,"2,630,738",104.58,106.18,103.64
01/29/2026,104.82,"2,268,913",105.93,106.845,104.13
01/28/2026,105.25,"1,135,033",105.4,106.04,104.6
01/27/2026,105.31,"1,106,872",106.26,106.69,104.22
01/26/2026,106.09,"1,087,036",105.72,106.2716,105.065
01/23/2026,105.63,"972,264",106.86,107.13,105.6
01/22/2026,107.1,"1,223,939",106.52,108.17,106.42
01/21/2026,106.13,"1,357,686",104.79,106.72,104.16
01/20/2026,103.68,"2,215,285",105.18,105.18,103.37
01/16/2026,106.49,"1,892,848",107.45,107.72,106.0
01/15/2026,107.32,"1,236,431",106.96,108.12,106.625
01/14/2026,106.08,"2,277,467",103.12,106.15,103.09
01/13/2026,103.51,"2,539,300",106.77,106.858,102.58
01/12/2026,106.84,"1,499,856",107.965,107.965,106.15
01/09/2026,107.31,"2,065,065",108.8,109.455,107.28
01/08/2026,108.57,"1,529,363",105.83,108.94,105.425
01/07/2026,106.0,"2,147,080",108.74,109.105,104.35
01/06/2026,109.01,"1,667,006",106.63,109.315,106.53
01/05/2026,106.49,"2,652,387",104.26,108.21,103.995
01/02/2026,104.63,"1,323,698",102.47,104.65,101.72
12/31/2025,102.38,"1,155,060",103.81,103.86,102.32
12/30/2025,103.64,"1,703,078",104.35,104.4999,103.59
12/29/2025,104.53,"1,145,871",104.57,104.935,104.17
12/26/2025,104.75,"760,156",104.775,105.42,104.2501
12/24/2025,104.68,"534,648",104.3,104.835,103.62
12/23/2025,104.03,"1,633,756",104.82,105.2,103.97
12/22/2025,104.8,"2,087,022",103.1,104.83,103.001
12/19/2025,103.28,"2,644,086",103.32,103.79,102.58
12/18/2025,103.32,"1,280,416",104.53,105.41,103.2
12/17/2025,103.9,"2,089,218",104.28,106.055,103.77
12/16/2025,103.92,"3,712,871",104.25,104.48,103.13
12/15/2025,103.62,"2,520,997",103.98,105.41,103.12
12/12/2025,104.9,"1,707,319",105.12,105.728,104.37
12/11/2025,104.96,"1,990,097",102.89,105.72,102.89
12/10/2025,103.56,"3,540,029",103.92,104.9,101.16
12/09/2025,105.37,"1,410,856",104.5,105.85,104.5
12/08/2025,104.52,"1,636,863",106.74,106.89,104.41
12/05/2025,106.58,"1,528,760",105.65,107.1,105.24
12/04/2025,105.79,"1,440,377",105.24,106.355,104.79
12/03/2025,105.05,"1,954,018",102.63,105.19,102.63
12/02/2025,102.47,"1,724,830",102.22,103.23,101.6
12/01/2025,101.59,"1,945,221",101.45,102.8299,101.35
11/28/2025,102.38,"936,650",102.09,103.11,102.0186
11/26/2025,102.09,"1,401,041",101.13,102.35,101.13
11/25/2025,101.13,"1,690,967",100.26,101.45,99.61
11/24/2025,100.45,"2,128,904",100.63,100.88,99.4
11/21/2025,100.31,"2,143,621",97.74,100.89,97.655
11/20/2025,97.31,"1,747,784",98.75,99.72,96.78
11/19/2025,97.41,"1,892,228",97.63,98.16,96.895
11/18/2025,97.48,"1,586,249",96.54,98.485,95.93
11/17/2025,97.42,"2,173,509",101.67,101.67,96.575
11/14/2025,101.72,"1,544,546",102.54,103.235,101.56
11/13/2025,103.72,"1,215,068",104.51,105.25,103.6101
11/12/2025,104.77,"1,431,397",103.9,105.27,103.9
11/11/2025,103.67,"1,185,533",103.3,104.07,103.2
11/10/2025,103.0,"1,661,707",103.34,103.75,101.5
11/07/2025,102.66,"1,842,883",101.72,102.75,100.75
11/06/2025,102.15,"1,440,526",102.14,103.1299,101.27
11/05/2025,102.38,"1,615,775",101.49,102.74,100.8
11/04/2025,101.27,"1,785,098",101.02,102.55,100.3201
11/03/2025,101.71,"1,739,406",102.2,102.2,100.0801
10/31/2025,102.53,"3,530,574",102.86,104.17,99.0
10/30/2025,102.13,"2,113,211",103.29,103.94,102.0
10/29/2025,103.51,"1,873,937",104.76,104.99,103.31
10/28/2025,104.96,"1,161,495",104.85,105.34,103.73
10/27/2025,104.91,"1,272,252",105.03,106.0,104.5
10/24/2025,103.55,"1,054,021",103.68,104.355,103.15
10/23/2025,102.49,"1,038,008",102.84,103.35,101.891
10/22/2025,102.76,"1,345,726",103.73,103.87,101.82
10/21/2025,104.25,"981,507",104.01,105.0,103.95
10/20/2025,104.24,"1,130,655",103.97,104.92,103.9
10/17/2025,103.7,"4,353,665",103.03,104.07,101.55
10/16/2025,103.15,"1,136,468",106.16,106.315,102.81
10/15/2025,105.71,"960,601",106.92,107.44,104.395
10/14/2025,106.13,"1,195,120",104.48,107.195,104.25
10/13/2025,105.36,"1,622,089",104.55,106.26,103.84
10/10/2025,101.43,"2,081,156",106.79,109.19,101.235
10/09/2025,106.01,"1,332,831",106.2,106.84,105.32
10/08/2025,105.82,"1,184,912",106.14,107.65,105.625
10/07/2025,105.78,"1,473,114",106.06,107.1,105.38
10/06/2025,105.69,"1,551,510",104.37,105.84,103.46
10/03/2025,103.28,"1,100,763",102.15,103.295,101.7
10/02/2025,101.71,"1,796,805",101.1,102.25,100.665
10/01/2025,101.07,"1,503,419",102.28,102.83,101.04
09/30/2025,102.64,"1,458,137",103.5,103.78,101.25
09/29/2025,103.52,"1,365,257",103.88,103.91,102.86
09/26/2025,103.47,"1,139,490",103.48,104.3257,102.73
09/25/2025,103.21,"1,160,211",103.02,103.79,102.69
09/24/2025,103.45,"1,353,819",104.65,105.35,103.1
09/23/2025,104.66,"1,130,292",105.29,106.3265,104.08
09/22/2025,105.29,"1,174,667",105.622,105.91,104.9
09/19/2025,105.99,"2,405,307",105.97,106.25,104.555
09/18/2025,105.79,"1,771,808",105.49,106.63,105.14
09/17/2025,104.86,"1,565,518",103.89,106.395,103.74
09/16/2025,103.69,"1,137,937",104.22,104.63,103.2801
09/15/2025,104.17,"1,232,324",104.64,104.925,103.4523
09/12/2025,105.63,"1,122,977",105.38,106.085,105.0
09/11/2025,105.69,"2,353,918",106.64,107.0955,104.6
09/10/2025,106.64,"1,396,935",106.75,107.7696,106.28
09/09/2025,107.15,"1,344,952",107.67,109.0425,106.86
09/08/2025,108.17,"1,587,137",108.16,109.17,107.58
09/05/2025,108.16,"2,070,655",111.78,112.01,107.73
09/04/2025,111.52,"5,280,310",115.28,118.22,110.51
09/03/2025,105.37,"994,549",105.24,106.15,104.55
09/02/2025,105.6,"1,348,727",105.95,106.44,104.605
08/29/2025,107.62,"1,171,884",108.16,108.7566,107.21
08/28/2025,108.28,"976,282",109.65,109.73,107.79
08/27/2025,109.37,"933,600",108.5,109.74,108.3509
08/26/2025,108.56,"1,531,031",107.09,108.94,106.85
08/25/2025,107.46,"1,030,335",107.87,108.42,107.14
08/22/2025,108.29,"1,333,262",105.15,108.89,105.0
08/21/2025,104.53,"985,077",105.76,105.76,104.06
08/20/2025,105.76,"1,232,896",106.18,106.61,105.09
08/19/2025,106.3,"897,372",106.67,107.44,105.9503
08/18/2025,106.64,"920,246",106.87,107.15,106.175
08/15/2025,107.04,"1,205,861",109.44,109.44,106.89
08/14/2025,109.06,"948,118",109.06,109.312,108.455
08/13/2025,109.95,"1,344,847",107.94,110.16,107.5
08/12/2025,107.64,"1,153,541",105.9,107.72,105.68
08/11/2025,105.27,"1,123,712",105.2,106.08,104.81
08/08/2025,105.06,"1,209,752",104.39,105.4,103.87
08/07/2025,104.06,"1,192,034",106.34,106.365,103.765
08/06/2025,105.42,"1,332,146",105.99,106.0,104.87
08/05/2025,105.65,"1,410,164",106.16,106.78,104.97
08/04/2025,105.94,"1,916,393",103.29,106.1,102.763
08/01/2025,103.06,"3,037,831",101.86,103.13,99.6
07/31/2025,101.45,"3,974,129",103.35,103.88,101.26
07/30/2025,103.9,"1,519,816",105.16,105.41,103.455
07/29/2025,104.92,"1,348,042",106.61,106.61,104.47
07/28/2025,106.0,"1,310,096",107.07,107.07,105.2121
07/25/2025,106.93,"1,380,289",107.64,107.8,105.76
07/24/2025,107.56,"1,174,740",107.35,107.92,106.71
07/23/2025,107.35,"1,168,964",107.01,107.69,106.65
07/22/2025,106.44,"1,279,701",104.94,106.67,104.94
07/21/2025,104.7,"1,233,665",106.0,106.49,104.63
07/18/2025,105.77,"4,819,404",106.665,107.34,105.61
07/17/2025,106.41,"2,356,114",103.04,106.84,102.3218
07/16/2025,103.05,"1,995,830",100.75,103.15,100.3296
07/15/2025,100.63,"1,578,752",102.3,102.7399,100.59
07/14/2025,102.26,"1,712,443",101.02,102.63,100.17
07/11/2025,101.47,"1,540,008",102.07,102.49,100.77
07/10/2025,102.96,"1,763,850",101.99,104.29,101.785
07/09/2025,101.45,"1,756,672",100.12,101.9,99.98
07/08/2025,99.74,"1,052,946",99.21,100.59,98.85
07/07/2025,98.9,"1,346,700",99.8,100.4657,98.2133
07/03/2025,100.15,"924,241",100.43,100.745,99.62
07/02/2025,99.96,"1,346,062",99.08,100.0,98.6848
07/01/2025,98.67,"2,054,214",95.865,99.75,95.865
06/30/2025,96.5,"1,822,258",96.53,96.94,95.72
06/27/2025,96.1,"1,899,352",96.64,96.8399,95.311
06/26/2025,96.18,"1,111,110",95.45,96.4399,95.01
06/25/2025,94.95,"1,077,337",95.4,95.4,94.27
06/24/2025,95.1,"1,247,264",94.79,95.53,94.4922
06/23/2025,93.99,"1,324,967",93.19,94.04,91.96
06/20/2025,93.21,"2,605,904",93.02,93.43,92.2901
06/18/2025,92.14,"1,044,951",91.43,93.0,90.7501
06/17/2025,91.58,"1,122,673",93.25,93.25,91.29
06/16/2025,93.21,"1,521,733",92.395,93.805,92.1
06/13/2025,91.58,"1,197,000",92.1,92.855,91.18
06/12/2025,94.58,"1,258,640",94.26,94.885,93.275
06/11/2025,95.1,"1,525,208",95.93,96.0,94.7
06/10/2025,95.93,"1,201,325",95.09,95.96,94.6301
06/09/2025,94.98,"1,078,812",94.91,95.52,94.45
06/06/2025,94.28,"1,296,009",94.57,95.33,93.405
06/05/2025,93.24,"1,235,197",94.17,94.7,92.975
06/04/2025,93.79,"1,300,358",93.75,94.245,93.46
06/03/2025,93.58,"1,454,076",92.15,94.25,91.88
06/02/2025,92.15,"1,687,495",93.02,93.075,91.435
05/30/2025,93.59,"2,885,583",93.79,93.985,92.62
05/29/2025,94.31,"1,125,401",95.27,95.27,93.44
05/28/2025,94.0,"902,005",95.59,95.76,93.9
05/27/2025,95.56,"1,140,884",94.17,95.66,93.5
05/23/2025,93.02,"1,105,532",92.51,93.6,92.5
05/22/2025,94.46,"1,541,343",95.01,95.14,93.79
05/21/2025,95.09,"1,792,990",96.259,97.24,95.04
05/20/2025,97.09,"929,542",97.57,98.0,96.7
05/19/2025,97.96,"936,283",96.81,98.235,96.515
05/16/2025,98.06,"1,493,482",97.9,98.2,97.12
05/15/2025,97.65,"1,343,273",97.265,97.74,96.69
05/14/2025,97.32,"1,466,723",97.19,97.58,96.55
05/13/2025,97.19,"1,910,594",97.29,98.14,97.02
05/12/2025,97.09,"2,060,082",96.25,97.74,95.78
05/09/2025,92.74,"958,652",92.89,93.47,92.38
05/08/2025,92.66,"1,603,875",92.04,93.7,91.45
05/07/2025,91.42,"1,624,891",90.76,91.68,90.54
05/06/2025,90.16,"1,974,238",90.73,91.4,90.1
05/05/2025,91.43,"1,849,914",91.25,92.45,90.24
05/02/2025,91.65,"3,660,747",90.915,92.77,89.52
05/01/2025,88.12,"2,488,586",88.87,89.49,88.01
04/30/2025,88.55,"3,447,683",87.44,88.75,86.255
04/29/2025,88.86,"1,563,928",88.56,89.375,87.76
04/28/2025,88.73,"1,251,450",88.44,89.7345,87.84
04/25/2025,88.44,"1,575,735",89.29,90.0,87.81
04/24/2025,89.52,"1,762,467",87.34,89.98,86.85
04/23/2025,86.66,"2,854,416",88.96,90.65,86.22
04/22/2025,86.18,"1,931,957",84.72,86.85,84.4
04/21/2025,83.55,"2,006,003",85.27,85.805,82.861
04/17/2025,86.11,"4,903,959",86.0,87.2,85.76
04/16/2025,85.37,"2,017,406",86.69,87.83,84.84
04/15/2025,87.58,"1,845,444",89.59,90.39,87.43
04/14/2025,89.32,"2,389,014",89.48,90.26,87.97
04/11/2025,88.735,"2,952,676",85.94,89.51,84.76
04/10/2025,85.945,"3,031,911",88.4,88.575,83.155
04/09/2025,90.16,"4,855,131",79.06,90.72,79.06
04/08/2025,80.27,"2,991,905",84.15,84.64,79.01
04/07/2025,81.66,"3,939,865",79.56,85.2315,77.85
04/04/2025,82.6,"4,564,390",84.475,85.555,82.34
04/03/2025,86.22,"3,286,037",90.01,90.025,85.735
04/02/2025,93.9,"1,517,175",91.355,94.53,91.15
04/01/2025,92.27,"1,368,693",91.5,92.685,91.065
03/31/2025,91.87,"2,326,753",91.16,92.38,89.7
03/28/2025,91.57,"1,956,970",94.53,94.7499,91.1
03/27/2025,94.7,"1,648,789",94.44,95.405,93.855
03/26/2025,94.44,"1,358,867",95.51,96.38,93.95
03/25/2025,95.47,"1,427,041",96.41,97.2,95.0101
03/24/2025,95.98,"1,990,701",94.07,96.33,94.0
03/21/2025,92.83,"5,915,262",92.25,93.33,91.71
03/20/2025,93.04,"1,833,455",93.49,94.33,92.97
03/19/2025,94.05,"1,696,845",93.92,94.76,93.34
03/18/2025,93.6,"1,822,537",93.94,94.41,92.92
03/17/2025,94.31,"1,919,496",93.29,94.7904,93.23
03/14/2025,93.04,"2,552,335",92.11,93.4,91.37
03/13/2025,92.04,"2,756,740",93.51,94.629,91.59
03/12/2025,93.28,"2,969,463",97.07,97.5,92.79
03/11/2025,96.3,"2,000,321",98.85,98.9,95.98
03/10/2025,98.77,"2,482,927",99.37,101.2525,97.3
03/07/2025,100.66,"2,534,352",98.7,101.16,97.26
03/06/2025,98.885,"2,263,438",99.5,101.065,98.74
03/05/2025,100.65,"2,462,328",100.1,101.45,99.4601
03/04/2025,100.1,"2,534,308",102.8,103.0,98.7
03/03/2025,103.88,"1,321,715",106.38,106.94,103.52
02/28/2025,105.72,"1,839,677",104.25,106.13,103.7001
02/27/2025,103.73,"1,165,480",105.34,105.98,103.67
02/26/2025,104.74,"1,531,339",106.23,106.67,104.56
02/25/2025,106.23,"1,387,528",106.93,107.335,105.7421
02/24/2025,106.57,"1,238,208",106.51,107.22,104.695
02/21/2025,106.27,"1,200,098",108.89,109.14,105.71
02/20/2025,108.49,"1,161,206",108.61,109.03,107.685
02/19/2025,108.36,"1,694,915",107.13,108.58,106.9
02/18/2025,107.88,"1,595,802",107.25,107.94,106.63
02/14/2025,107.17,"1,176,176",107.63,108.16,107.0
02/13/2025,107.24,"1,586,438",107.21,107.485,106.08
02/12/2025,106.92,"1,601,688",108.0,108.41,106.46
02/11/2025,109.03,"1,041,005",108.9,109.89,108.645
02/10/2025,109.62,"1,240,612",110.5,110.82,109.41
02/07/2025,110.14,"1,433,743",111.42,111.81,109.29
02/06/2025,111.44,"1,720,270",111.56,113.485,110.77
02/05/2025,110.7,"3,132,479",112.65,112.71,109.7201
02/04/2025,115.55,"2,586,471",115.1,116.39,114.32
02/03/2025,115.27,"2,475,609",115.29,116.005,113.19
01/31/2025,116.92,"3,761,394",115.83,118.32,115.83
01/30/2025,115.89,"1,063,358",115.08,116.26,114.58
01/29/2025,114.31,"1,058,959",115.47,115.83,113.77
01/28/2025,115.65,"1,352,717",113.9,116.14,113.1
01/27/2025,113.73,"1,805,772",112.78,113.83,111.54
01/24/2025,114.21,"1,099,000",113.07,114.745,113.01
01/23/2025,113.38,"1,631,304",112.83,113.58,112.25
01/22/2025,113.54,"1,398,542",113.24,113.89,112.04
01/21/2025,113.8,"870,638",113.81,114.8395,113.23
01/17/2025,113.21,"1,182,115",113.56,113.9,112.802
01/16/2025,112.13,"1,195,243",113.0,113.28,111.49
01/15/2025,113.32,"1,289,990",114.49,115.39,112.92
01/14/2025,112.11,"1,552,268",111.0,112.42,110.94
01/13/2025,110.63,"2,154,840",107.69,110.99,107.63
01/10/2025,108.55,"2,164,138",111.26,111.75,108.04
01/08/2025,112.84,"1,094,345",112.42,112.95,111.69
01/07/2025,113.12,"1,180,904",114.67,115.0,112.09
01/06/2025,114.33,"1,113,142",115.6,116.12,114.171
01/03/2025,114.69,"750,409",114.28,114.86,113.18
01/02/2025,113.43,"1,128,294",113.68,114.64,112.85
12/31/2024,113.09,"962,933",114.5,114.695,112.4693
12/30/2024,113.86,"1,005,262",114.32,114.52,113.2002
12/27/2024,115.67,"731,252",116.58,117.4943,114.84
12/26/2024,117.58,"558,690",116.88,117.7,116.42
12/24/2024,117.07,"357,386",115.26,117.14,115.26
12/23/2024,116.07,"863,940",115.44,116.26,114.61
12/20/2024,116.12,"4,136,669",112.11,116.77,112.11
12/19/2024,112.97,"1,889,984",114.02,114.52,112.53
12/18/2024,112.83,"2,280,598",117.77,118.89,112.73
12/17/2024,117.89,"1,744,585",118.24,119.09,117.62
12/16/2024,119.28,"1,655,634",119.75,120.705,118.91
12/13/2024,119.54,"1,397,765",119.782,119.782,118.62
12/12/2024,120.96,"1,087,562",121.12,121.9428,120.94
12/11/2024,121.71,"1,363,829",123.34,123.55,121.62
12/10/2024,123.03,"1,514,930",123.33,124.33,122.16
12/09/2024,123.59,"1,133,245",124.14,125.04,123.45
12/06/2024,123.83,"1,093,051",124.92,125.8078,123.375
12/05/2024,124.69,"1,760,817",124.05,124.945,123.5
12/04/2024,123.0,"1,102,908",123.97,124.0976,122.7601
12/03/2024,123.425,"1,287,599",124.25,124.25,121.91
12/02/2024,123.64,"1,239,640",124.09,124.41,123.06
11/29/2024,123.84,"779,749",124.37,124.53,122.74
11/27/2024,124.16,"1,117,477",124.83,124.83,123.23
11/26/2024,123.95,"1,307,622",122.56,124.31,122.04
11/25/2024,122.97,"2,175,088",121.12,123.29,120.78
11/22/2024,119.84,"1,352,931",118.45,120.0,118.135
11/21/2024,118.18,"1,476,953",118.19,118.85,116.89
11/20/2024,117.52,"1,150,576",117.74,117.845,116.08
11/19/2024,117.95,"1,257,083",117.13,118.21,116.57
11/18/2024,118.66,"1,142,602",119.0,119.115,118.05
11/15/2024,118.77,"1,319,129",119.8,120.65,118.42
11/14/2024,119.8,"2,279,048",118.31,120.76,118.25
11/13/2024,118.49,"1,097,987",118.17,120.18,118.17
11/12/2024,118.07,"1,227,680",117.73,119.42,117.4001
11/11/2024,117.93,"944,166",119.2,119.325,117.82
11/08/2024,117.62,"1,383,414",119.49,119.69,117.48
11/07/2024,120.06,"1,351,561",121.14,121.14,119.59
11/06/2024,121.31,"2,588,829",122.01,122.23,119.55
11/05/2024,114.52,"1,159,534",112.7,114.55,111.77
11/04/2024,112.49,"1,921,117",111.98,114.8349,111.12
11/01/2024,112.06,"1,739,074",109.12,113.2,108.615
10/31/2024,109.86,"2,578,420",111.46,111.46,109.27
10/30/2024,111.81,"1,135,565",111.84,113.83,111.71
10/29/2024,112.38,"1,071,041",111.63,112.625,111.35
10/28/2024,112.4,"970,646",112.49,112.79,110.93
10/25/2024,111.33,"863,146",112.37,113.02,111.0
10/24/2024,112.01,"1,079,126",110.83,112.64,110.59
10/23/2024,109.53,"1,335,160",112.56,112.95,109.05
10/22/2024,112.92,"689,770",113.82,114.015,112.91
10/21/2024,114.01,"1,032,652",114.97,115.005,113.795
10/18/2024,115.63,"1,765,058",113.23,115.97,112.88
10/17/2024,113.21,"1,674,924",112.28,113.3,111.38
10/16/2024,111.58,"1,307,115",110.16,111.68,110.025
10/15/2024,109.46,"898,870",110.07,111.265,109.31
10/14/2024,109.68,"910,988",109.01,109.76,108.205
10/11/2024,108.98,"1,072,497",108.29,110.44,108.165
10/10/2024,108.0,"1,168,226",107.28,108.29,106.43
10/09/2024,107.42,"1,292,951",106.44,107.52,106.0
10/08/2024,106.6,"785,228",106.72,107.18,106.21
10/07/2024,106.63,"1,089,012",108.2,108.31,106.14
10/04/2024,108.47,"739,131",107.94,108.56,106.972
10/03/2024,106.48,"967,729",106.75,106.9,105.775
10/02/2024,107.34,"662,216",107.01,108.1263,106.8275
10/01/2024,107.11,"955,447",108.27,108.64,106.7
09/30/2024,108.93,"978,337",109.25,109.47,107.88
09/27/2024,109.51,"854,154",110.22,110.31,109.255
09/26/2024,109.38,"1,236,700",109.01,109.85,108.51
09/25/2024,107.46,"1,050,636",109.65,109.79,107.34
09/24/2024,109.47,"861,525",108.61,109.65,108.08
09/23/2024,108.095,"907,937",108.63,109.2616,107.76
09/20/2024,108.29,"2,665,396",110.46,110.55,107.5
09/19/2024,110.55,"1,163,780",109.91,111.04,109.4839
09/18/2024,108.13,"867,208",108.15,109.91,107.8835
09/17/2024,107.92,"1,096,554",106.18,108.15,106.18
09/16/2024,105.865,"1,303,347",104.87,106.14,104.46
09/13/2024,104.56,"1,147,852",104.39,105.065,104.25
09/12/2024,104.87,"1,371,091",104.39,105.11,102.63
09/11/2024,104.11,"1,381,545",103.48,104.26,101.36
09/10/2024,103.74,"1,072,930",103.73,103.83,102.03
09/09/2024,103.54,"1,222,273",102.93,103.825,102.2225
09/06/2024,101.69,"1,320,882",103.96,105.3,101.0
09/05/2024,104.12,"776,533",104.91,105.08,103.2801
09/04/2024,104.62,"1,077,764",104.15,105.2,103.86
09/03/2024,104.48,"1,421,035",105.15,106.08,104.11
08/30/2024,106.04,"1,832,001",105.53,106.2,104.3475
08/29/2024,104.96,"2,070,340",108.41,109.3,104.81
08/28/2024,107.51,"750,998",107.62,108.65,107.07
08/27/2024,107.9,"784,513",108.81,108.834,107.62
08/26/2024,109.28,"954,947",110.6,110.8,108.81
08/23/2024,109.62,"732,690",109.99,111.19,109.31
08/22/2024,109.23,"704,467",109.71,109.91,108.62
08/21/2024,109.55,"671,949",108.67,109.71,107.58
08/20/2024,108.51,"627,170",109.19,109.5,108.408
08/19/2024,109.41,"790,021",108.86,109.55,107.74
08/16/2024,108.78,"828,524",108.23,108.945,107.31
08/15/2024,108.24,"806,473",107.37,108.545,107.05
08/14/2024,105.93,"802,189",105.83,106.39,105.48
08/13/2024,105.43,"689,205",105.56,105.56,104.43
08/12/2024,104.64,"1,262,137",105.72,105.9,104.42
08/09/2024,105.35,"682,992",104.85,105.87,104.42
08/08/2024,104.84,"859,876",104.36,105.19,104.01
08/07/2024,102.83,"1,072,802",105.87,106.19,102.7
08/06/2024,103.89,"1,180,174",103.37,105.61,103.08
08/05/2024,103.16,"2,308,241",103.8,104.9525,100.49
08/02/2024,106.47,"1,987,838",110.0,110.14,105.66
08/01/2024,112.03,"1,283,825",113.93,114.475,111.11
07/31/2024,114.21,"2,012,877",113.38,115.33,113.38
07/30/2024,112.7,"1,207,139",113.8,115.02,112.6
07/29/2024,113.1,"1,910,553",111.78,113.22,110.3155
07/26/2024,112.08,"1,972,652",113.21,113.375,109.54
07/25/2024,115.49,"1,391,410",115.0,117.705,114.19
07/24/2024,114.38,"1,383,717",116.62,117.48,113.89
07/23/2024,117.01,"921,755",115.69,117.46,115.11
07/22/2024,115.97,"814,993",115.69,116.35,114.54
07/19/2024,114.79,"820,770",116.84,116.84,114.6
07/18/2024,116.66,"835,501",117.76,120.08,116.32
07/17/2024,118.15,"1,280,992",120.38,121.05,117.981
07/16/2024,120.75,"972,964",119.12,121.17,118.84
07/15/2024,118.74,"894,845",118.4,119.67,118.22
07/12/2024,118.02,"797,537",118.04,118.77,117.405
07/11/2024,117.17,"843,280",117.57,119.01,116.79
07/10/2024,116.08,"623,758",114.85,116.14,114.6
07/09/2024,114.47,"904,878",114.68,115.18,114.12
07/08/2024,114.67,"727,155",115.01,115.51,114.03
07/05/2024,114.79,"853,886",115.29,115.29,114.08
07/03/2024,115.77,"839,478",114.61,116.205,114.24
07/02/2024,114.6,"638,304",113.91,114.639,113.8
07/01/2024,113.85,"861,734",115.61,116.0,113.6
06/28/2024,115.31,"1,598,508",115.86,116.58,114.84
06/27/2024,115.43,"884,284",116.63,116.6899,115.17
06/26/2024,116.51,"860,700",116.82,117.805,116.345
06/25/2024,117.41,"804,547",118.89,118.89,116.54
06/24/2024,118.88,"866,305",118.29,119.72,118.1
06/21/2024,118.42,"1,670,559",118.2,118.56,117.42
06/20/2024,118.19,"1,032,587",117.1,118.6599,116.7
06/18/2024,117.57,"910,100",117.0,118.15,116.57
06/17/2024,117.04,"858,968",114.49,117.09,113.93
06/14/2024,114.9,"768,641",113.85,114.98,113.36
06/13/2024,116.57,"1,077,193",117.67,117.745,115.9
06/12/2024,118.39,"1,756,019",117.45,120.54,117.23
06/11/2024,114.49,"867,401",114.38,114.86,113.82
06/10/2024,115.07,"862,464",115.2,116.04,114.35
06/07/2024,115.55,"649,816",115.31,116.16,114.46
06/06/2024,116.23,"637,847",116.45,116.88,115.39
06/05/2024,116.86,"984,638",116.9,116.9,115.54
06/04/2024,116.57,"988,636",116.17,117.77,116.17
06/03/2024,116.83,"1,227,163",118.35,118.6,115.8
05/31/2024,117.83,"2,670,808",115.75,117.935,115.55
05/30/2024,115.55,"1,013,721",115.92,116.335,115.1
05/29/2024,115.26,"908,225",114.36,115.53,114.22
05/28/2024,116.33,"1,109,161",118.2,118.2,115.86
05/24/2024,118.2,"795,117",117.19,118.37,116.92
05/23/2024,116.91,"1,142,542",118.2,118.44,116.47
05/22/2024,117.68,"936,948",117.63,118.58,117.155
05/21/2024,117.63,"953,752",116.77,117.895,116.16
05/20/2024,117.13,"942,503",116.61,117.58,116.225
05/17/2024,116.76,"1,093,124",116.17,116.97,115.685
05/16/2024,116.05,"1,299,022",114.2,116.26,114.2
05/15/2024,115.08,"812,112",115.33,115.94,114.41
05/14/2024,114.36,"1,604,600",113.24,114.76,113.23
05/13/2024,112.67,"915,083",111.86,113.365,111.79
05/10/2024,111.6,"1,034,435",111.65,111.7,110.33
05/09/2024,111.3,"1,740,594",111.34,111.865,110.42
05/08/2024,111.49,"1,317,919",110.21,111.73,110.13
05/07/2024,111.25,"983,365",112.63,112.675,111.19
05/06/2024,112.01,"1,052,854",112.83,112.95,111.62
05/03/2024,111.5,"1,271,965",112.37,113.55,111.2
05/02/2024,111.16,"1,652,403",111.43,111.515,110.13
05/01/2024,110.3,"1,913,460",109.57,112.15,109.1
04/30/2024,109.57,"1,764,167",111.17,111.92,109.42
04/29/2024,112.08,"1,962,668",113.08,114.96,111.12
04/26/2024,114.02,"2,943,278",113.0,115.065,111.59
04/25/2024,108.83,"2,161,642",109.84,110.245,107.43
04/24/2024,111.06,"1,053,909",111.05,111.685,110.2382
04/23/2024,111.94,"1,317,351",111.03,112.79,110.44
04/22/2024,111.5,"2,096,200",109.64,111.725,108.38
04/19/2024,108.73,"1,703,721",108.93,109.945,108.21
04/18/2024,108.72,"2,484,742",111.67,111.75,108.27
04/17/2024,111.39,"1,603,226",113.27,113.36,111.36
04/16/2024,112.11,"1,290,957",113.27,114.19,111.59
04/15/2024,114.25,"1,668,911",117.01,117.4,113.35
04/12/2024,115.19,"1,387,546",117.38,117.61,114.54
04/11/2024,117.72,"1,563,881",117.64,118.16,116.52
04/10/2024,116.58,"1,615,414",118.29,118.8,115.81
04/09/2024,119.65,"1,248,961",118.33,119.65,117.32
04/08/2024,117.55,"956,615",118.24,119.48,117.41
04/05/2024,116.64,"1,197,305",117.21,117.21,114.88
04/04/2024,116.26,"944,556",119.81,120.25,116.17
04/03/2024,118.49,"802,430",118.06,119.47,118.0
04/02/2024,118.55,"851,608",119.33,119.33,118.01
04/01/2024,120.3,"765,190",121.64,121.715,120.03
03/28/2024,121.92,"1,419,184",121.0,122.27,120.85
03/27/2024,120.86,"1,360,126",118.88,120.96,118.525
03/26/2024,117.89,"894,939",119.46,119.69,117.8
03/25/2024,118.33,"806,759",118.49,119.2252,118.04
03/22/2024,118.62,"734,941",120.34,120.9,118.435
03/21/2024,120.54,"1,346,171",119.02,121.33,119.02
03/20/2024,118.0,"1,393,754",114.62,118.02,114.08
03/19/2024,114.83,"1,052,422",114.58,115.16,114.21
03/18/2024,115.03,"1,133,137",114.66,115.28,113.64
03/15/2024,114.86,"4,399,159",113.87,116.34,113.87
03/14/2024,114.91,"1,473,387",116.57,116.72,114.18
03/13/2024,117.6,"1,782,316",117.75,118.82,117.47
03/12/2024,117.85,"1,124,417",117.95,119.475,116.88
03/11/2024,117.64,"1,112,037",117.81,118.02,116.61
03/08/2024,117.95,"1,067,203",117.53,119.0,117.24
03/07/2024,116.89,"882,640",117.62,118.31,116.82
03/06/2024,117.0,"1,022,007",116.88,117.28,115.8
03/05/2024,116.26,"1,405,006",115.81,117.47,115.795
03/04/2024,116.55,"1,738,080",114.82,117.935,114.42
03/01/2024,113.48,"879,548",112.81,113.55,111.66
02/29/2024,113.35,"1,507,936",113.14,113.68,112.3857
02/28/2024,112.35,"1,246,933",110.42,112.76,110.01
02/27/2024,110.86,"1,388,728",110.82,111.09,109.63
02/26/2024,110.46,"989,210",110.37,111.485,110.13
02/23/2024,110.99,"1,399,469",111.13,111.2899,110.48
02/22/2024,110.9,"1,321,435",110.03,111.66,110.03
02/21/2024,109.33,"1,410,559",109.03,109.64,107.805
02/20/2024,109.41,"1,059,905",107.28,110.0,107.06
02/16/2024,108.86,"996,094",107.7,109.4,107.145
02/15/2024,108.26,"1,010,836",106.73,108.79,106.73
02/14/2024,106.36,"1,122,242",105.89,106.8,105.155
02/13/2024,104.74,"1,745,950",107.09,107.535,103.4
02/12/2024,109.99,"2,028,065",106.09,110.75,106.09
02/09/2024,106.33,"2,455,115",109.83,109.83,105.9
02/08/2024,108.91,"1,955,841",112.2,114.0,108.495
02/07/2024,109.73,"2,115,613",109.6,110.41,107.795
02/06/2024,108.98,"1,015,946",108.62,109.185,108.06
02/05/2024,108.24,"1,098,896",108.55,108.96,107.3
02/02/2024,109.74,"1,028,040",108.98,110.565,108.18
02/01/2024,109.87,"1,075,656",108.87,110.05,107.24
01/31/2024,108.45,"2,494,758",111.56,111.56,108.11
01/30/2024,111.71,"1,540,022",111.01,112.0399,110.05
01/29/2024,111.65,"927,847",109.91,111.75,109.9
01/26/2024,110.09,"900,125",112.07,112.15,110.02
01/25/2024,111.38,"1,151,749",110.96,111.74,109.64
01/24/2024,109.75,"1,017,118",111.43,111.43,109.5817
01/23/2024,109.76,"1,080,733",110.81,111.2,108.74
01/22/2024,110.64,"1,852,798",110.22,112.17,110.128
01/19/2024,109.5,"1,460,708",106.77,109.51,105.54
01/18/2024,106.28,"897,268",106.38,106.74,104.8301
01/17/2024,105.74,"1,216,596",105.03,106.8711,104.505
01/16/2024,106.56,"3,306,982",109.69,110.035,106.02
01/12/2024,110.49,"2,448,975",110.02,110.68,109.03
01/11/2024,109.26,"3,445,616",107.89,111.93,107.82
01/10/2024,107.39,"1,244,968",106.49,108.195,106.445
01/09/2024,106.23,"1,259,902",105.77,106.89,105.455
01/08/2024,106.93,"1,144,322",105.8,107.14,105.6
01/05/2024,106.17,"850,608",105.66,107.13,105.02
01/04/2024,106.06,"1,409,321",105.58,106.79,105.51
01/03/2024,106.29,"1,031,926",107.0,107.02,105.23
01/02/2024,107.91,"1,582,330",106.84,108.25,106.13
12/29/2023,107.69,"878,665",108.5,109.04,107.42
12/28/2023,109.01,"775,824",108.48,109.19,108.22
12/27/2023,108.69,"1,153,818",109.08,109.1127,108.31
12/26/2023,108.69,"654,957",107.91,109.0,107.585
12/22/2023,107.89,"875,236",107.92,108.7,107.23
12/21/2023,106.89,"1,048,981",107.27,107.42,105.7
12/20/2023,105.98,"1,293,237",108.12,108.51,105.98
12/19/2023,108.22,"1,501,122",107.16,108.645,107.06
12/18/2023,106.77,"1,818,114",106.3,107.13,105.68
12/15/2023,106.28,"3,453,063",106.76,108.06,105.47
12/14/2023,107.32,"3,327,667",104.06,108.79,103.95
12/13/2023,103.21,"2,331,785",98.86,103.52,98.36
12/12/2023,99.36,"2,154,562",98.73,99.665,97.5
12/11/2023,98.86,"2,351,449",98.15,99.4985,97.89
12/08/2023,98.44,"1,879,199",99.49,100.5325,98.39
12/07/2023,99.94,"2,000,982",99.71,100.52,99.25
12/06/2023,99.87,"1,891,338",101.27,101.91,99.84
12/05/2023,100.55,"966,213",101.14,101.51,100.21
12/04/2023,102.01,"1,002,881",101.48,102.93,101.265
12/01/2023,102.45,"1,445,337",99.77,102.56,99.66
11/30/2023,100.13,"2,393,185",99.85,100.67,99.41
11/29/2023,99.16,"1,404,474",99.04,100.925,99.0
11/28/2023,98.39,"1,237,907",97.21,98.76,96.5
11/27/2023,97.17,"1,202,652",98.03,98.03,96.48
11/24/2023,98.28,"660,188",97.74,98.28,97.42
11/22/2023,97.76,"1,267,484",97.99,98.51,97.34
11/21/2023,97.0,"1,286,239",97.84,97.98,96.46
11/20/2023,98.83,"1,302,494",97.53,98.87,96.58
11/17/2023,97.79,"847,389",98.39,98.8753,97.33
11/16/2023,97.47,"1,344,406",97.47,97.96,96.86
11/15/2023,98.36,"1,382,557",97.19,99.4,97.19
11/14/2023,97.02,"1,714,262",94.48,97.55,94.47
11/13/2023,92.34,"1,257,743",91.82,93.01,91.4
11/10/2023,92.62,"1,967,736",93.56,93.79,90.02
11/09/2023,93.91,"859,785",95.64,95.93,93.83
11/08/2023,94.86,"1,200,658",94.02,94.9316,93.71
11/07/2023,94.11,"1,046,136",94.73,94.96,93.7
11/06/2023,94.69,"1,473,273",95.75,96.24,93.99
11/03/2023,95.67,"1,324,343",95.88,97.27,95.57
11/02/2023,94.29,"1,360,054",92.57,94.65,92.46
11/01/2023,90.97,"1,698,503",90.98,91.35,89.64
10/31/2023,90.5,"2,683,326",90.83,91.11,89.22
10/30/2023,90.02,"2,038,531",88.55,90.78,88.55
10/27/2023,88.39,"3,215,159",93.0,93.555,87.43
10/26/2023,92.77,"2,277,169",93.63,94.5,92.67
10/25/2023,93.47,"1,598,144",95.01,95.79,93.34
10/24/2023,95.92,"1,288,321",95.87,96.77,95.26
10/23/2023,95.47,"1,212,154",96.01,97.0,95.37
10/20/2023,96.33,"1,717,745",97.01,97.635,95.75
10/19/2023,97.37,"1,588,731",98.05,99.1802,97.24
10/18/2023,98.05,"1,608,932",100.0,100.41,97.95
10/17/2023,100.75,"1,800,752",99.98,102.34,99.74
10/16/2023,100.27,"2,784,410",102.0,103.1896,99.91
10/13/2023,100.65,"1,371,829",103.38,103.39,100.2
10/12/2023,102.54,"1,398,862",104.09,104.09,101.725
10/11/2023,104.15,"1,401,190",105.0,106.185,103.48
10/10/2023,104.87,"1,477,592",104.04,105.69,104.0
10/09/2023,104.03,"1,521,884",101.99,104.3,101.75
10/06/2023,102.16,"1,183,033",100.8,102.73,100.32
10/05/2023,101.94,"824,824",101.78,102.21,100.09
10/04/2023,101.81,"1,016,098",100.6,102.075,99.55
10/03/2023,100.1,"1,180,187",103.43,103.68,99.82
10/02/2023,104.59,"1,648,049",104.47,105.185,103.59
09/29/2023,104.87,"1,434,830",105.2,106.28,104.64
09/28/2023,104.14,"1,394,944",103.65,105.18,103.06
09/27/2023,103.54,"1,466,014",103.85,103.9,102.53
09/26/2023,103.3,"1,602,677",105.17,105.83,103.11
09/25/2023,105.95,"849,965",104.85,106.55,104.54
09/22/2023,105.44,"810,788",106.4,106.76,105.32
09/21/2023,106.17,"1,276,950",107.47,107.99,106.16
09/20/2023,108.68,"1,169,446",111.21,111.47,108.59
09/19/2023,110.6,"1,089,138",108.62,110.71,108.62
09/18/2023,109.05,"814,338",109.37,109.525,108.4
09/15/2023,109.63,"2,388,557",109.69,110.24,109.16
09/14/2023,110.05,"1,196,142",108.71,110.29,108.56
09/13/2023,109.06,"2,529,834",109.83,109.83,106.02
09/12/2023,110.28,"844,471",109.58,111.45,109.495
09/11/2023,110.1,"1,031,595",110.37,110.92,109.75
09/08/2023,109.24,"1,262,842",110.22,110.275,109.2
09/07/2023,110.03,"1,078,328",110.3,110.545,109.12
09/06/2023,111.5,"1,176,280",111.43,112.04,110.3
09/05/2023,111.81,"861,045",112.9,112.9,111.39
09/01/2023,112.9,"702,184",113.31,113.65,112.06
08/31/2023,112.23,"1,329,359",111.88,113.19,111.805
08/30/2023,111.63,"1,214,035",111.84,112.71,111.1401
08/29/2023,111.74,"753,056",110.39,111.85,110.0446
08/28/2023,110.39,"637,582",110.77,111.57,109.83
08/25/2023,109.7,"989,408",109.79,111.125,108.78
08/24/2023,109.51,"1,177,456",110.51,112.21,109.42
08/23/2023,110.37,"1,605,283",107.78,110.7,107.5
08/22/2023,107.41,"1,226,452",108.0,108.0,107.09
08/21/2023,107.48,"1,600,783",107.75,108.15,106.46
08/18/2023,107.61,"1,700,665",107.16,108.93,106.52
08/17/2023,108.67,"988,531",109.27,109.79,108.29
08/16/2023,109.09,"1,131,520",109.355,110.055,108.91
08/15/2023,109.78,"1,405,626",111.18,111.895,109.52
08/14/2023,112.34,"1,227,773",111.6,112.55,111.35
08/11/2023,112.33,"1,054,424",113.02,113.41,111.84
08/10/2023,113.74,"1,713,005",113.48,115.51,112.64
08/09/2023,113.01,"1,583,543",114.28,115.19,112.93
08/08/2023,114.81,"1,568,861",114.31,115.06,112.45
08/07/2023,116.62,"1,162,702",116.03,117.51,115.895
08/04/2023,115.56,"1,215,805",118.07,118.25,115.39
08/03/2023,117.02,"1,043,819",117.76,118.95,116.64
08/02/2023,118.53,"1,521,800",118.71,119.64,117.31
08/01/2023,121.09,"1,873,212",123.3,124.34,120.88
07/31/2023,123.26,"3,001,621",128.14,128.14,123.0
07/28/2023,126.79,"4,741,533",126.44,132.76,124.685
07/27/2023,117.11,"2,023,637",119.0,120.29,116.73
07/26/2023,118.8,"1,286,397",118.55,119.895,118.18
07/25/2023,119.37,"1,038,106",120.54,120.68,119.0
07/24/2023,120.69,"847,274",119.93,121.22,119.8
07/21/2023,119.7,"820,374",121.14,121.19,119.53
07/20/2023,120.25,"1,244,744",120.2,121.03,119.41
07/19/2023,121.27,"1,385,463",120.48,122.015,120.1
07/18/2023,119.71,"1,390,202",118.48,120.2,118.01
07/17/2023,117.87,"1,093,595",116.3,118.3,115.8462
07/14/2023,116.48,"1,310,599",119.06,119.14,115.97
07/13/2023,118.69,"1,467,751",117.66,119.01,116.855
07/12/2023,116.48,"1,550,376",117.5,118.4,116.075
07/11/2023,114.9,"1,723,771",114.26,114.985,113.02
07/10/2023,113.04,"1,124,369",110.61,114.41,110.25
07/07/2023,110.23,"1,120,802",109.86,111.505,109.66
07/06/2023,109.81,"1,098,827",110.58,110.665,107.58
07/05/2023,111.91,"1,116,950",112.94,113.2,111.2826
07/03/2023,113.26,"584,730",111.6,113.83,111.55
06/30/2023,112.02,"1,096,935",112.07,112.7,111.29
06/29/2023,111.18,"1,170,793",110.5,111.72,110.1001
06/28/2023,110.45,"1,448,908",109.57,110.895,109.19
06/27/2023,109.23,"972,891",107.44,109.65,107.1
06/26/2023,107.02,"937,472",106.15,107.96,106.0639
06/23/2023,106.33,"1,590,293",105.55,106.57,105.1
06/22/2023,106.56,"1,650,011",109.82,109.82,106.48
06/21/2023,110.24,"1,410,349",111.61,112.15,110.2
06/20/2023,112.45,"1,270,027",112.94,113.67,111.86
06/16/2023,114.18,"2,842,495",115.45,116.13,113.94
06/15/2023,114.69,"1,254,204",110.57,114.9,110.28
06/14/2023,111.14,"1,622,055",110.87,112.96,109.25
06/13/2023,111.84,"1,760,830",110.8,112.85,110.465
06/12/2023,110.66,"2,188,404",113.49,113.505,110.08
06/09/2023,114.47,"800,001",113.95,114.565,113.18
06/08/2023,113.87,"882,208",112.41,114.1,111.3
06/07/2023,113.06,"1,364,856",112.19,114.05,111.95
06/06/2023,112.02,"1,288,900",110.15,112.885,110.0
06/05/2023,110.29,"1,303,554",110.44,111.65,109.04
06/02/2023,110.92,"1,353,559",108.65,111.5,108.65
06/01/2023,108.38,"1,491,380",107.44,109.0,105.57
05/31/2023,107.16,"4,085,642",108.72,108.86,106.33
05/30/2023,108.73,"1,482,451",107.14,108.84,106.845
05/26/2023,106.63,"1,339,749",104.86,106.85,104.2
05/25/2023,104.09,"1,050,554",104.19,105.25,103.73
05/24/2023,103.8,"1,190,623",105.32,105.55,103.1
05/23/2023,106.02,"1,065,955",106.85,108.38,105.99
05/22/2023,106.84,"690,831",106.65,107.62,105.59
05/19/2023,106.61,"966,664",107.48,107.6,105.6345
05/18/2023,107.69,"959,765",105.03,107.7874,104.9937
05/17/2023,105.44,"1,004,536",104.87,105.82,104.0
05/16/2023,104.1,"904,145",105.43,105.96,104.08
05/15/2023,106.29,"1,351,994",105.38,107.005,105.21
05/12/2023,105.31,"962,530",106.64,106.75,104.1
05/11/2023,106.05,"1,054,289",106.0,106.19,104.92
05/10/2023,105.845,"1,274,214",108.0,108.18,104.44
05/09/2023,105.16,"946,371",105.0,106.14,104.39
05/08/2023,106.34,"989,017",107.96,108.1,105.53
05/05/2023,107.47,"1,517,645",107.41,107.72,105.61
05/04/2023,105.67,"1,526,219",105.76,105.87,103.38
05/03/2023,105.76,"1,625,753",106.0,108.58,105.5
05/02/2023,106.05,"1,851,070",110.82,111.185,104.54
05/01/2023,111.31,"1,879,359",112.73,113.5,110.88
04/28/2023,112.33,"1,139,095",110.98,112.82,110.51
04/27/2023,110.83,"821,008",109.31,110.95,109.17
04/26/2023,108.45,"1,028,943",108.79,110.88,108.235
04/25/2023,109.35,"1,047,293",112.32,112.48,109.28
04/24/2023,112.5,"760,798",112.09,112.77,111.28
04/21/2023,111.96,"830,815",111.96,112.17,110.345
04/20/2023,112.14,"968,841",111.7,112.515,111.35
04/19/2023,112.77,"1,326,740",113.0,113.58,112.34
04/18/2023,113.42,"1,164,158",114.14,114.14,111.92
04/17/2023,113.8,"1,011,681",112.36,114.1,112.29
04/14/2023,113.27,"1,211,898",113.24,114.5,112.06
04/13/2023,112.48,"1,185,537",110.88,112.81,109.6
04/12/2023,110.41,"1,204,539",114.5,115.27,110.07
04/11/2023,112.91,"1,380,030",111.67,113.85,111.1
04/10/2023,110.54,"989,765",109.49,110.86,108.84
04/06/2023,109.22,"978,784",109.49,109.92,108.67
04/05/2023,109.59,"832,816",109.69,110.4099,108.76
04/04/2023,110.6,"1,104,796",112.83,113.435,110.33
04/03/2023,112.35,"1,838,187",112.31,112.95,111.58
03/31/2023,112.9,"1,173,580",111.41,113.06,111.0
03/30/2023,110.37,"843,071",112.0,112.37,110.05
03/29/2023,110.65,"1,018,469",109.99,110.794,109.385
03/28/2023,108.12,"1,505,035",108.39,109.535,107.5
03/27/2023,108.56,"1,422,161",110.71,110.8,108.18
03/24/2023,109.65,"1,277,177",108.15,109.86,106.505
03/23/2023,108.85,"1,278,828",108.8,111.51,107.95
03/22/2023,108.13,"2,231,574",110.3,111.835,107.73
03/21/2023,110.48,"2,493,295",108.86,111.04,108.76
03/20/2023,107.57,"2,835,808",108.21,108.9,106.33
03/17/2023,108.17,"7,687,763",108.6,109.0,106.53
03/16/2023,108.15,"2,388,621",105.87,110.07,105.24
03/15/2023,106.66,"2,879,882",103.52,108.72,102.56
03/14/2023,106.57,"2,778,476",109.07,109.2,104.11
03/13/2023,106.64,"4,172,152",104.0,109.0,102.25
03/10/2023,105.03,"2,991,512",110.01,110.05,104.455
03/09/2023,111.32,"1,683,932",112.82,115.55,111.0
03/08/2023,112.65,"1,006,060",111.74,113.06,111.24
03/07/2023,111.27,"1,635,516",114.64,114.93,110.95
03/06/2023,114.59,"1,733,693",114.51,115.4,113.25
03/03/2023,113.49,"1,136,324",112.2,114.01,111.68
03/02/2023,111.16,"1,075,043",109.83,111.4,108.89
03/01/2023,111.13,"1,364,938",111.77,112.02,109.97
02/28/2023,112.28,"1,496,494",111.59,113.17,111.25
02/27/2023,111.55,"1,548,162",112.28,112.96,110.81
02/24/2023,110.16,"1,800,182",110.39,110.67,108.94
02/23/2023,112.66,"1,532,325",113.07,114.2,111.44
02/22/2023,112.23,"1,658,552",113.18,114.51,111.03
02/21/2023,113.23,"1,796,923",116.6,116.75,112.575
02/17/2023,118.73,"1,562,516",118.03,118.92,116.92
02/16/2023,119.08,"1,140,555",119.54,120.7,118.55
02/15/2023,122.03,"933,807",120.18,123.06,119.73
02/14/2023,120.9,"1,084,174",120.74,122.08,118.18
02/13/2023,121.36,"1,318,859",118.17,121.5,117.11
02/10/2023,117.62,"1,760,389",115.5,118.01,114.3
02/09/2023,117.04,"1,787,836",121.26,121.73,116.68
02/08/2023,120.31,"1,358,948",122.72,123.985,119.93
02/07/2023,123.83,"1,063,794",122.02,124.74,121.5
02/06/2023,122.53,"1,206,003",123.73,124.055,122.12
02/03/2023,125.82,"1,771,548",124.75,128.515,124.05
02/02/2023,128.75,"3,945,406",121.96,132.47,121.96
02/01/2023,120.04,"2,120,643",115.35,121.15,114.69
01/31/2023,116.47,"2,489,848",113.46,116.565,112.785
01/30/2023,113.46,"1,579,080",114.75,115.275,113.17
01/27/2023,116.29,"2,158,675",113.69,117.38,111.86
01/26/2023,114.58,"2,588,856",113.99,114.67,111.6
01/25/2023,116.64,"2,177,107",115.15,117.09,112.64
01/24/2023,117.48,"910,889",118.37,118.6,116.76
01/23/2023,118.67,"1,345,101",118.5,119.75,117.37
01/20/2023,117.81,"1,405,475",114.78,118.155,113.4
01/19/2023,114.0,"1,045,594",115.55,115.68,113.075
01/18/2023,117.2,"1,750,557",119.5,121.22,116.93
01/17/2023,118.64,"1,330,974",117.96,119.1,116.76
01/13/2023,118.51,"860,998",117.85,119.0,116.8
01/12/2023,119.57,"1,403,663",120.69,120.69,116.83
01/11/2023,120.27,"1,962,305",118.59,120.58,117.8455
01/10/2023,117.2,"1,168,410",115.76,117.37,114.2
01/09/2023,114.85,"1,735,289",112.68,116.95,112.13
01/06/2023,112.29,"1,193,422",109.18,113.18,108.1301
01/05/2023,108.21,"1,795,068",110.0,111.085,107.19
01/04/2023,111.36,"1,472,169",110.68,112.81,108.94
01/03/2023,109.15,"2,784,498",110.72,112.25,108.34
12/30/2022,109.06,"1,582,874",109.6,110.55,107.605
12/29/2022,111.33,"1,066,483",109.72,111.63,109.15
12/28/2022,108.08,"1,275,812",110.53,111.64,107.94
12/27/2022,110.73,"1,019,738",111.13,112.14,110.36
12/23/2022,111.12,"663,547",110.29,111.34,109.295
12/22/2022,110.28,"1,580,731",111.0,111.665,107.655
12/21/2022,113.05,"1,327,365",110.79,113.1,110.495
12/20/2022,109.31,"2,074,935",108.18,109.82,108.14
12/19/2022,109.53,"2,380,813",109.81,110.51,108.43
12/16/2022,110.52,"4,829,247",111.25,112.22,108.82
12/15/2022,111.96,"3,623,408",114.33,115.2899,110.9375
12/14/2022,118.58,"3,181,119",122.2,123.69,117.7
12/13/2022,123.47,"2,411,326",127.97,128.31,121.66
12/12/2022,120.99,"1,790,529",119.29,121.34,118.38
12/09/2022,119.83,"1,480,255",121.39,122.05,119.52
12/08/2022,122.26,"832,454",121.52,122.86,120.86
12/07/2022,121.25,"1,819,514",120.21,122.65,120.21
12/06/2022,121.33,"1,038,211",123.21,123.5023,120.68
12/05/2022,123.63,"1,482,676",125.9,125.94,122.28
12/02/2022,126.01,"1,817,432",125.09,126.23,122.96
12/01/2022,127.09,"1,565,360",125.88,127.51,124.36
11/30/2022,124.91,"2,736,463",120.51,125.15,118.59
11/29/2022,120.5,"1,680,813",121.05,122.45,119.33
11/28/2022,121.13,"1,310,918",123.8,124.93,120.76
11/25/2022,125.05,"707,856",124.0,125.34,122.75
11/23/2022,124.4,"1,127,662",124.23,125.06,123.34
11/22/2022,124.43,"1,276,053",121.27,124.64,120.43
11/21/2022,121.0,"1,253,730",120.9,121.66,119.88
11/18/2022,122.07,"1,563,981",124.83,124.99,121.77
11/17/2022,122.77,"1,507,235",121.17,122.82,118.81
11/16/2022,123.87,"1,440,141",125.0,125.08,122.13
11/15/2022,126.35,"2,076,648",128.46,130.66,125.015
11/14/2022,125.5,"3,209,959",131.02,132.33,125.33
11/11/2022,133.34,"5,549,457",125.84,134.64,124.02
11/10/2022,124.65,"4,489,859",113.57,125.01,112.6
11/09/2022,107.12,"1,864,651",107.78,107.89,105.6
11/08/2022,109.09,"1,845,969",105.14,110.1,104.53
11/07/2022,104.77,"1,745,958",103.71,104.82,101.76
11/04/2022,102.83,"3,110,112",102.49,104.42,100.85
11/03/2022,101.22,"1,943,132",102.22,103.4,100.94
11/02/2022,104.66,"2,085,920",106.21,109.3,104.63
11/01/2022,106.69,"1,514,406",108.14,108.44,105.35
10/31/2022,106.16,"2,629,980",107.79,109.1,105.87
10/28/2022,108.64,"2,460,505",105.93,108.74,105.01
10/27/2022,106.64,"3,094,692",111.34,111.93,105.58
10/26/2022,109.07,"1,906,930",108.64,111.03,108.21
10/25/2022,108.69,"1,753,291",103.95,108.94,103.95
10/24/2022,104.4,"1,480,087",103.75,104.925,102.68
10/21/2022,102.52,"2,029,314",99.87,103.13,99.425
10/20/2022,99.72,"1,457,548",101.38,102.73,99.355
10/19/2022,101.15,"1,317,802",102.42,103.68,100.29
10/18/2022,104.12,"1,133,430",105.95,106.39,103.05
10/17/2022,102.8,"1,604,377",100.91,103.16,100.91
10/14/2022,98.31,"1,705,927",102.83,105.0,98.04
10/13/2022,101.96,"3,008,259",94.99,102.66,93.53
10/12/2022,98.07,"3,347,578",102.55,102.55,97.45
10/11/2022,103.38,"1,565,081",104.66,105.7,102.43
10/10/2022,105.89,"1,192,138",107.1,107.5,104.65
10/07/2022,106.2,"1,521,198",109.33,109.67,105.67
10/06/2022,110.92,"884,485",111.09,112.49,110.29
10/05/2022,111.54,"1,039,000",111.06,112.23,110.44
10/04/2022,113.26,"1,440,453",110.86,113.37,110.86
10/03/2022,108.72,"1,833,528",106.31,109.405,105.14
09/30/2022,105.01,"2,099,379",107.38,107.975,104.9
09/29/2022,107.39,"1,581,388",108.03,108.84,106.585
09/28/2022,109.63,"1,698,833",107.42,110.38,107.2
09/27/2022,106.76,"1,512,604",109.36,109.85,106.02
09/26/2022,107.48,"1,403,744",106.99,108.56,106.8203
09/23/2022,107.33,"1,967,295",106.01,107.4,105.0918
09/22/2022,107.71,"1,610,213",109.87,110.0,107.3
09/21/2022,110.05,"1,389,334",113.01,114.23,110.02
09/20/2022,111.79,"2,118,027",112.32,113.3,111.34
09/19/2022,113.92,"2,380,264",109.14,113.96,108.935
09/16/2022,110.13,"4,367,493",110.87,111.54,108.3
09/15/2022,112.08,"2,398,267",114.35,116.8,111.69
09/14/2022,114.42,"2,345,865",115.5,116.335,113.19
09/13/2022,116.18,"2,476,647",121.22,121.365,115.85
09/12/2022,124.94,"1,430,911",124.39,125.5,123.44
09/09/2022,124.39,"1,527,631",122.6,124.63,122.59
09/08/2022,121.71,"1,950,954",119.97,121.7825,118.49
09/07/2022,121.27,"1,756,983",119.73,121.52,118.54
09/06/2022,118.66,"1,720,858",119.08,120.0,116.93
09/02/2022,118.34,"1,898,574",120.6,122.35,117.78
09/01/2022,119.0,"1,632,959",118.58,119.09,116.23
08/31/2022,120.0,"2,090,048",121.08,121.83,119.59
08/30/2022,119.43,"1,247,374",121.285,121.285,118.18
08/29/2022,119.01,"988,927",119.05,120.0814,117.97
08/26/2022,119.68,"1,406,212",126.79,126.91,119.55
08/25/2022,126.39,"801,737",125.42,127.09,124.97
08/24/2022,124.82,"911,203",124.29,126.44,124.01
08/23/2022,124.45,"967,889",123.91,125.81,123.2109
08/22/2022,123.77,"1,275,648",124.85,124.85,122.29
08/19/2022,126.42,"1,619,533",129.7,130.31,126.19
08/18/2022,131.77,"1,043,800",130.0,132.04,129.87
08/17/2022,130.38,"931,140",130.44,131.25,128.61
08/16/2022,132.14,"739,164",131.39,133.34,130.8077
08/15/2022,132.09,"810,499",131.56,132.58,131.0
08/12/2022,132.26,"963,043",131.47,132.31,129.55
08/11/2022,129.51,"1,421,528",130.72,132.7047,128.98
08/10/2022,129.87,"1,650,510",127.98,130.7,127.39
08/09/2022,124.67,"1,175,324",126.67,127.35,123.28
08/08/2022,127.77,"1,711,238",126.82,128.6506,126.23
08/05/2022,125.04,"1,068,124",123.42,126.84,123.1
08/04/2022,125.18,"1,123,029",126.65,127.6,124.98
08/03/2022,126.71,"1,901,677",123.45,126.9755,123.01
08/02/2022,122.64,"1,088,044",122.23,124.75,121.52
08/01/2022,123.42,"1,458,504",122.14,123.73,120.83
07/29/2022,123.47,"3,989,343",120.35,124.36,120.14
07/28/2022,120.78,"2,065,380",119.75,122.1116,117.07
07/27/2022,120.44,"2,033,430",117.94,121.36,117.64
07/26/2022,117.13,"1,370,888",119.03,119.26,116.805
07/25/2022,120.23,"1,293,362",121.99,122.043,119.66
07/22/2022,121.08,"991,586",123.06,123.585,119.89
07/21/2022,122.68,"1,148,616",121.15,122.79,120.04
07/20/2022,121.1,"1,387,793",119.15,121.95,118.48
07/19/2022,119.05,"1,441,444",115.8,119.31,115.5
07/18/2022,113.69,"1,160,813",116.3,117.2,113.09
07/15/2022,115.38,"1,472,016",113.44,116.03,112.25
07/14/2022,111.63,"1,544,118",110.13,111.86,108.25
07/13/2022,111.53,"1,968,629",111.47,112.1761,108.78
07/12/2022,113.77,"1,211,761",113.73,116.86,113.26
07/11/2022,113.1,"1,536,524",113.95,114.77,112.33
07/08/2022,115.96,"1,229,788",118.77,120.0,115.66
07/07/2022,118.92,"1,546,636",117.52,119.1,116.35
07/06/2022,116.82,"1,184,762",117.11,118.13,116.02
07/05/2022,117.08,"1,113,455",113.3,117.12,112.32
07/01/2022,115.31,"1,310,726",113.62,115.675,113.135
06/30/2022,113.61,"1,883,981",113.35,115.21,110.46
06/29/2022,115.5,"1,850,906",115.9,117.36,114.4838
06/28/2022,117.87,"1,817,782",121.29,122.6975,117.285
06/27/2022,120.51,"1,664,827",122.0,122.59,120.06
06/24/2022,121.5,"4,002,598",116.06,121.53,115.68
06/23/2022,115.0,"1,719,881",111.51,115.01,111.51
06/22/2022,111.33,"1,621,060",108.85,112.18,108.46
06/21/2022,109.89,"1,488,047",109.41,110.476,109.03
06/17/2022,106.68,"3,052,892",106.09,108.535,105.34
06/16/2022,106.09,"2,141,199",107.22,107.44,104.72
06/15/2022,110.07,"1,991,370",108.96,112.01,108.12
06/14/2022,107.68,"1,615,797",107.49,109.5,106.61
06/13/2022,107.9,"3,030,615",110.5,110.77,106.64
06/10/2022,114.85,"2,461,583",118.18,119.43,114.68
06/09/2022,121.21,"1,012,712",123.15,124.39,121.19
06/08/2022,123.15,"865,132",125.16,125.545,122.74
06/07/2022,126.11,"1,074,377",124.31,126.4,123.38
06/06/2022,125.32,"974,903",126.76,127.91,125.08
06/03/2022,125.05,"987,109",125.07,126.02,124.495
06/02/2022,127.09,"1,263,950",123.92,127.11,123.37
06/01/2022,123.89,"1,442,062",127.87,128.24,122.97
05/31/2022,127.09,"2,412,919",129.07,129.28,125.04
05/27/2022,129.89,"1,570,312",128.75,131.375,128.1
05/26/2022,127.73,"1,795,837",123.55,128.15,123.55
05/25/2022,122.99,"1,606,405",120.01,123.3,119.51
05/24/2022,120.34,"1,906,898",120.67,120.87,115.86
05/23/2022,121.31,"1,676,899",123.5,123.65,120.555
05/20/2022,121.78,"1,880,484",121.13,124.1,119.0
05/19/2022,120.13,"2,105,756",120.0,121.72,119.25
05/18/2022,121.31,"1,570,454",123.89,124.61,120.96
05/17/2022,125.67,"1,769,589",123.98,126.17,122.04
05/16/2022,121.09,"1,267,650",121.67,122.7,118.93
05/13/2022,121.96,"1,705,670",121.38,123.47,120.4
05/12/2022,119.24,"2,407,614",113.91,119.8,112.65
05/11/2022,114.78,"2,857,167",121.39,122.2867,114.66
05/10/2022,122.9,"1,580,076",124.72,125.84,121.02
05/09/2022,122.44,"1,761,631",123.67,126.09,122.06
05/06/2022,125.83,"1,493,898",127.35,127.9,123.455
05/05/2022,127.35,"2,018,339",132.52,132.99,126.01
05/04/2022,134.76,"1,761,194",128.39,135.39,127.62
05/03/2022,128.61,"1,828,118",125.68,130.895,125.51
05/02/2022,125.28,"1,990,194",124.3,125.689,122.22
04/29/2022,123.04,"4,000,186",127.87,129.72,122.64
04/28/2022,129.36,"2,880,670",131.0,132.41,126.94
04/27/2022,131.06,"1,719,626",131.46,133.36,130.65
04/26/2022,131.45,"1,603,357",135.81,136.105,131.43
04/25/2022,137.19,"1,665,519",134.0,137.28,131.68
04/22/2022,134.25,"1,836,492",139.29,139.71,134.11
04/21/2022,139.58,"1,410,689",145.14,146.04,138.65
04/20/2022,143.4,"1,445,473",145.66,145.86,142.71
04/19/2022,145.12,"1,012,916",139.58,145.31,139.58
04/18/2022,139.31,"933,192",138.56,139.815,137.44
04/14/2022,138.96,"1,020,670",144.53,144.92,138.72
04/13/2022,143.58,"1,222,705",143.41,143.87,141.56
04/12/2022,143.87,"1,465,143",143.29,148.945,143.13
04/11/2022,143.07,"1,284,140",145.41,145.94,142.9
04/08/2022,146.15,"1,116,970",146.33,148.18,144.975
04/07/2022,146.5,"1,737,799",147.49,148.27,144.36
04/06/2022,148.38,"1,897,239",152.48,153.01,147.735
04/05/2022,154.85,"1,852,618",155.1,156.15,153.76
04/04/2022,155.76,"1,553,120",153.0,157.77,152.8
04/01/2022,152.86,"1,207,714",152.4,153.54,151.665
03/31/2022,151.19,"1,752,155",153.67,154.46,151.1
03/30/2022,153.1,"1,103,167",155.15,155.96,152.235
03/29/2022,155.0,"1,261,203",152.74,155.61,152.2
03/28/2022,150.27,"1,053,566",148.0,150.34,147.57
03/25/2022,148.92,"973,215",149.32,150.655,147.88
03/24/2022,148.77,"936,861",147.37,148.96,145.7
03/23/2022,146.43,"1,089,861",148.45,148.6499,146.16
03/22/2022,149.44,"1,452,611",146.73,149.76,146.115
03/21/2022,145.67,"1,252,247",146.78,147.89,144.35
03/18/2022,146.75,"5,104,662",146.77,147.995,145.24
03/17/2022,146.99,"1,977,028",144.09,147.36,143.74
03/16/2022,145.15,"2,115,089",141.89,146.9,140.995
03/15/2022,139.39,"1,774,266",138.03,140.5299,137.26
03/14/2022,136.94,"1,666,043",136.63,138.91,135.551
03/11/2022,136.33,"1,238,063",139.64,140.11,136.22
03/10/2022,138.58,"1,653,330",136.91,139.0,135.1
03/09/2022,138.88,"1,653,529",138.65,140.595,138.37
03/08/2022,134.88,"1,732,721",134.39,138.84,133.07
03/07/2022,134.46,"1,962,989",139.02,139.47,134.17
03/04/2022,138.75,"2,047,276",141.57,141.7999,137.76
03/03/2022,142.92,"1,319,391",144.09,144.33,140.225
03/02/2022,142.98,"1,234,188",141.38,143.97,140.31
03/01/2022,139.56,"1,934,726",143.76,144.5,138.76
02/28/2022,144.56,"1,551,907",142.535,145.11,141.75
02/25/2022,145.26,"1,790,363",144.4,145.69,142.94
02/24/2022,142.74,"2,896,801",135.45,143.5,134.13
02/23/2022,139.69,"1,659,517",143.7,145.12,139.27
02/22/2022,142.21,"1,428,012",142.74,145.175,141.28
02/18/2022,143.47,"1,785,424",143.01,144.527,141.53
02/17/2022,143.42,"2,244,140",144.52,146.0099,142.82
02/16/2022,146.15,"1,423,481",145.4,147.08,145.15
02/15/2022,146.58,"1,849,518",146.8,148.7,145.94
02/14/2022,144.14,"2,057,204",144.31,145.91,142.81
02/11/2022,144.25,"2,244,491",148.78,149.47,143.44
02/10/2022,147.83,"2,720,092",151.05,154.23,147.14
02/09/2022,153.26,"2,270,749",153.73,156.0,152.94
02/08/2022,151.28,"2,694,713",151.82,152.6371,149.16
02/07/2022,151.84,"3,357,359",149.49,154.24,148.27
02/04/2022,148.7,"2,079,996",149.15,150.45,147.03
02/03/2022,147.97,"2,111,207",152.9,154.18,147.68
02/02/2022,156.85,"1,625,829",156.25,157.4,154.35
02/01/2022,155.75,"2,150,015",154.24,156.4164,152.45
01/31/2022,154.43,"3,252,262",149.81,154.655,149.7642
01/28/2022,149.81,"2,642,632",149.47,150.07,143.64
01/27/2022,149.85,"3,511,505",156.415,156.5,145.7935
01/26/2022,156.62,"2,308,088",160.15,162.81,155.175
01/25/2022,157.65,"1,607,502",155.97,160.0,152.93
01/24/2022,159.32,"3,065,247",155.24,159.94,150.69
01/21/2022,159.68,"1,978,276",162.61,163.49,159.47
01/20/2022,164.79,"1,371,922",169.91,171.54,164.19
01/19/2022,167.79,"1,560,948",172.291,172.886,167.64
01/18/2022,170.76,"2,478,809",173.29,173.785,169.27
01/14/2022,174.97,"1,766,818",176.22,176.43,173.27
01/13/2022,177.31,"1,890,395",181.45,182.295,176.86
01/12/2022,180.83,"2,838,669",193.0,193.0,180.45
01/11/2022,193.68,"865,894",189.75,193.82,187.4
01/10/2022,189.21,"1,170,742",190.29,190.85,185.22
01/07/2022,191.58,"975,535",190.5,192.32,187.94
01/06/2022,190.02,"1,077,666",189.5,190.885,187.22
01/05/2022,187.48,"1,421,537",196.64,197.87,187.16
01/04/2022,195.12,"1,082,420",192.06,196.79,192.03
01/03/2022,194.58,"933,628",197.24,198.87,193.62
12/31/2021,196.64,"555,621",198.02,199.21,196.5
12/30/2021,198.14,"542,698",198.08,199.83,197.36
12/29/2021,197.54,"683,388",199.26,200.9,196.96
12/28/2021,199.41,"629,750",199.69,200.82,198.08
12/27/2021,199.32,"528,631",196.11,199.42,195.96
12/23/2021,195.29,"701,318",192.81,196.45,192.55
12/22/2021,192.05,"632,211",191.07,192.45,189.57
12/21/2021,190.58,"951,680",193.0304,193.0304,189.37
12/20/2021,188.84,"1,042,976",190.17,191.44,186.8
12/17/2021,193.36,"2,542,702",192.88,195.54,188.63
12/16/2021,190.62,"1,564,180",196.64,196.85,190.52
12/15/2021,193.69,"1,301,621",189.13,194.37,187.58
12/14/2021,190.02,"1,460,425",192.08,193.04,188.74
12/13/2021,194.12,"1,028,216",196.0,196.22,191.58
12/10/2021,196.17,"1,652,076",200.69,200.9,193.8901
12/09/2021,199.41,"1,149,965",203.0,203.0,198.43
12/08/2021,203.67,"792,323",204.55,204.68,202.06
12/07/2021,204.22,"945,924",200.42,204.6,200.14
12/06/2021,197.33,"1,048,009",197.82,198.955,194.92
12/03/2021,195.6,"1,402,746",202.1,202.35,193.15
12/02/2021,201.72,"1,002,471",196.03,203.1,196.03
12/01/2021,196.03,"1,116,037",203.4,204.59,195.88
11/30/2021,199.95,"2,093,078",204.81,207.03,198.78
11/29/2021,207.02,"915,442",205.88,208.3,204.07
11/26/2021,202.64,"862,848",201.56,205.03,199.45
11/24/2021,207.7,"1,039,667",206.76,208.645,204.17
11/23/2021,208.37,"964,157",207.93,210.38,205.87
11/22/2021,207.18,"919,263",211.3,212.895,207.06
11/19/2021,210.54,"993,451",210.18,212.81,206.94
11/18/2021,209.97,"596,172",211.91,213.25,209.23
11/17/2021,211.09,"679,578",214.56,215.01,210.67
11/16/2021,215.14,"597,406",215.79,217.24,214.41
11/15/2021,215.91,"487,368",217.29,218.42,215.39
11/12/2021,216.98,"676,632",214.78,217.445,214.14
11/11/2021,214.07,"636,247",214.81,215.6,212.9
11/10/2021,213.06,"1,157,149",218.0,218.68,211.87
11/09/2021,219.66,"596,049",221.08,222.5,217.79
11/08/2021,221.29,"717,975",222.48,222.725,219.8918
11/05/2021,221.07,"865,440",221.54,223.36,220.23
11/04/2021,219.63,"746,952",220.29,221.75,216.68
11/03/2021,219.47,"868,238",210.55,219.84,210.51
11/02/2021,216.83,"945,917",216.6,218.961,215.495
11/01/2021,215.86,"1,174,127",218.21,220.4,211.43
10/29/2021,216.88,"1,744,298",214.73,221.46,213.75
10/28/2021,215.29,"1,890,013",202.82,216.03,202.0
10/27/2021,203.75,"1,079,070",208.29,209.45,203.59
10/26/2021,209.11,"701,379",207.96,210.57,207.76
10/25/2021,206.69,"744,809",206.17,208.01,205.05
10/22/2021,206.79,"805,680",203.5,207.5,203.03
10/21/2021,204.62,"818,720",204.32,204.97,203.26
10/20/2021,204.61,"806,049",202.58,205.06,202.49
10/19/2021,202.7,"897,980",201.66,203.295,201.04
10/18/2021,200.14,"785,407",197.685,201.7,197.685
10/15/2021,199.76,"2,705,514",198.68,201.3561,198.4
10/14/2021,197.41,"1,547,641",194.44,197.51,192.85
10/13/2021,191.34,"1,416,579",188.99,191.95,188.03
10/12/2021,188.5,"1,874,777",194.31,194.78,188.05
10/11/2021,194.87,"1,165,862",195.65,198.48,194.84
10/08/2021,195.36,"991,474",194.46,196.92,193.3
10/07/2021,194.58,"1,015,449",195.76,198.21,194.26
10/06/2021,193.78,"1,104,938",192.7,194.5197,190.43
10/05/2021,195.07,"1,053,986",194.87,196.97,193.28
10/04/2021,193.59,"1,840,524",197.13,198.2,192.21
10/01/2021,198.54,"1,316,752",196.85,200.25,195.38
09/30/2021,196.7,"2,137,860",202.68,202.863,194.65
09/29/2021,201.9,"1,167,513",203.44,204.25,200.63
09/28/2021,201.97,"1,473,019",210.33,211.22,201.5101
09/27/2021,211.88,"787,297",210.96,212.43,210.17
09/24/2021,211.22,"548,171",211.14,212.69,210.39
09/23/2021,212.06,"931,207",208.11,213.045,207.38
09/22/2021,206.93,"961,099",206.24,208.37,204.56
09/21/2021,203.6,"1,222,386",206.78,207.63,203.09
09/20/2021,205.53,"1,444,488",209.21,209.355,202.7
09/17/2021,213.51,"1,678,469",214.07,216.7,212.0
09/16/2021,215.03,"707,539",215.69,215.95,213.2901
09/15/2021,215.11,"910,730",212.89,216.7,212.03
09/14/2021,212.88,"785,557",216.3,217.19,212.5
09/13/2021,216.73,"821,767",218.07,219.48,214.61
09/10/2021,216.6,"871,954",219.0,219.5678,216.14
09/09/2021,217.21,"529,158",216.57,218.95,215.83
09/08/2021,217.1,"581,818",214.93,217.23,213.74
09/07/2021,215.04,"798,566",218.5,218.55,213.45
09/03/2021,218.57,"1,261,837",221.67,222.32,218.4
09/02/2021,221.41,"742,779",222.44,222.93,220.67
09/01/2021,221.0,"1,015,020",223.65,223.705,219.9017
08/31/2021,223.87,"974,064",222.51,224.04,218.75
08/30/2021,222.11,"469,040",224.555,224.555,222.05
08/27/2021,222.65,"612,869",218.84,222.75,218.775
08/26/2021,218.54,"595,593",219.02,220.0599,217.865
08/25/2021,219.32,"583,759",218.04,220.9,217.3901
08/24/2021,217.0,"445,809",215.76,217.625,215.71
08/23/2021,215.66,"646,320",216.37,217.82,215.232
08/20/2021,215.47,"500,893",213.03,215.76,212.595
08/19/2021,212.47,"679,781",208.27,212.79,207.35
08/18/2021,210.21,"694,180",214.125,214.125,210.07
08/17/2021,212.83,"644,319",213.63,215.34,211.55
08/16/2021,216.11,"489,524",214.65,216.12,212.08
08/13/2021,214.85,"514,632",215.26,216.06,213.02
08/12/2021,215.59,"615,078",216.77,216.77,214.105
08/11/2021,217.19,"576,956",217.27,219.48,216.64
08/10/2021,217.29,"713,090",216.0,218.92,215.28
08/09/2021,215.57,"593,064",214.23,216.28,212.86
08/06/2021,214.0,"621,238",213.31,214.62,212.28
08/05/2021,212.27,"572,292",211.39,212.53,210.615
08/04/2021,209.83,"673,609",208.55,211.095,206.35
08/03/2021,209.66,"722,914",206.71,210.17,205.1
08/02/2021,206.24,"835,955",205.54,208.125,204.83
07/30/2021,204.16,"1,492,197",203.81,205.64,202.32
07/29/2021,203.95,"1,286,862",201.96,204.26,196.01
07/28/2021,202.85,"996,544",204.13,204.13,201.28
07/27/2021,203.39,"890,401",205.23,205.61,201.7
07/26/2021,206.23,"915,749",206.41,208.495,204.53
07/23/2021,207.35,"546,458",206.83,208.56,205.595
07/22/2021,205.37,"743,795",207.34,207.34,204.25
07/21/2021,207.36,"729,689",206.15,208.43,205.8
07/20/2021,204.28,"786,659",198.38,204.75,197.78
07/19/2021,197.44,"1,246,997",200.53,201.27,195.875
07/16/2021,203.41,"1,843,255",205.07,205.33,202.915
07/15/2021,204.43,"859,661",202.62,205.53,202.5
07/14/2021,203.69,"713,507",205.83,206.32,201.63
07/13/2021,205.43,"1,589,128",210.8,211.15,203.57
07/12/2021,211.1,"1,408,780",205.52,212.41,205.24
07/09/2021,205.2,"1,119,783",201.68,205.64,200.81
07/08/2021,199.4,"1,084,880",201.83,201.83,198.52
07/07/2021,204.89,"833,978",204.78,205.11,202.0737
07/06/2021,203.63,"756,880",203.13,204.19,201.8491
07/02/2021,203.56,"1,061,623",200.49,204.045,199.79
07/01/2021,199.94,"694,466",199.09,200.24,197.6
06/30/2021,197.97,"726,052",197.51,198.49,196.81
06/29/2021,197.79,"581,439",198.39,198.91,196.58
06/28/2021,197.25,"1,103,794",197.0,198.0,194.89
06/25/2021,196.71,"1,072,199",196.16,197.35,195.31
06/24/2021,195.14,"908,708",194.86,195.57,191.54
06/23/2021,196.54,"1,157,227",196.54,197.645,195.61
06/22/2021,196.01,"776,547",195.36,196.43,193.2301
06/21/2021,194.97,"810,059",189.0,195.05,188.5
06/18/2021,190.02,"2,048,941",190.8,192.27,188.65
06/17/2021,192.95,"1,331,376",196.16,197.29,191.21
06/16/2021,195.87,"1,278,029",194.55,196.07,193.215
06/15/2021,195.25,"1,370,308",193.14,196.07,192.8
06/14/2021,192.63,"653,142",192.55,192.75,191.58
06/11/2021,193.95,"746,531",192.61,194.19,192.255
06/10/2021,191.73,"842,712",194.82,195.4,191.3
06/09/2021,194.48,"662,858",195.77,196.44,194.105
06/08/2021,195.96,"826,666",195.44,196.73,193.56
06/07/2021,195.44,"1,051,138",194.48,196.1,193.8
06/04/2021,194.47,"700,309",192.02,194.67,191.245
06/03/2021,191.51,"1,001,606",192.08,193.46,190.9
06/02/2021,192.86,"831,799",191.55,193.21,190.09
06/01/2021,191.12,"685,221",193.76,193.79,189.9
05/28/2021,191.35,"1,105,089",190.1,192.38,189.96
05/27/2021,190.21,"1,224,001",188.59,190.6,187.89
05/26/2021,187.52,"859,695",188.51,188.51,186.0
05/25/2021,187.42,"850,626",187.82,188.88,186.5106
05/24/2021,187.88,"1,436,197",192.91,192.91,184.8
05/21/2021,192.17,"705,018",189.86,193.26,189.51
05/20/2021,189.91,"951,387",188.59,191.47,186.755
05/19/2021,187.83,"1,957,920",185.3,188.91,182.9
05/18/2021,188.62,"615,484",190.99,191.48,188.57
05/17/2021,191.47,"882,891",191.82,192.12,188.615
05/14/2021,191.07,"679,365",189.3,191.7,189.1
05/13/2021,188.81,"918,618",184.43,189.69,184.07
05/12/2021,184.56,"1,457,021",185.17,189.08,184.12
05/11/2021,184.77,"1,028,689",188.09,188.99,183.55
05/10/2021,190.21,"1,309,641",189.6,192.1,189.2
05/07/2021,189.23,"732,545",188.44,189.42,187.4
05/06/2021,188.44,"964,601",186.92,188.45,183.535
05/05/2021,185.33,"1,124,669",180.65,186.585,180.65
05/04/2021,181.86,"1,229,879",182.24,182.64,180.39
05/03/2021,182.69,"942,505",180.2,183.92,179.29
04/30/2021,179.2,"1,324,430",180.88,181.03,177.73
04/29/2021,181.82,"1,340,457",180.85,182.12,177.34
04/28/2021,179.71,"1,385,009",180.05,180.68,177.59
04/27/2021,178.88,"1,033,965",178.2,179.04,176.23
04/26/2021,178.82,"725,571",179.74,181.78,178.255
04/23/2021,178.56,"823,265",176.16,179.28,175.84
04/22/2021,175.28,"946,064",179.32,179.565,175.07
04/21/2021,179.2,"993,848",176.9,179.39,176.23
04/20/2021,176.55,"875,218",177.82,178.32,175.255
04/19/2021,177.04,"935,674",177.65,178.26,176.0
04/16/2021,177.82,"1,201,537",178.69,178.69,175.93
04/15/2021,177.35,"828,517",176.45,177.59,175.325
04/14/2021,174.92,"1,199,053",174.1415,176.91,173.9201
04/13/2021,176.93,"1,426,833",181.32,182.0,176.23
04/12/2021,182.49,"1,183,670",179.61,183.05,178.88
04/09/2021,179.52,"1,092,794",177.88,181.34,176.61
04/08/2021,176.43,"598,392",177.85,178.04,176.2
04/07/2021,176.95,"585,812",176.71,177.93,176.01
04/06/2021,176.56,"845,235",175.32,177.01,175.2814
04/05/2021,176.5,"684,788",175.79,177.09,173.92
04/01/2021,173.96,"995,485",172.48,174.25,172.06
03/31/2021,171.6,"1,411,475",172.18,174.31,171.16
03/30/2021,172.22,"1,162,865",175.37,176.96,171.62
03/29/2021,176.97,"1,115,040",175.629,178.17,175.0
03/26/2021,178.13,"1,195,847",172.68,178.3,172.19
03/25/2021,172.07,"1,227,280",170.46,172.68,167.872
03/24/2021,170.31,"1,067,787",169.54,171.675,169.29
03/23/2021,168.54,"1,114,439",171.17,171.72,168.1
03/22/2021,172.26,"1,016,783",172.026,173.15,171.0
03/19/2021,171.85,"2,841,723",171.67,173.58,170.73
03/18/2021,171.87,"1,171,589",175.49,175.92,171.3
03/17/2021,174.72,"1,633,166",171.51,174.84,171.07
03/16/2021,172.16,"872,738",174.0,174.23,171.13
03/15/2021,173.48,"1,008,180",172.9,173.61,170.1
03/12/2021,173.72,"905,114",173.85,175.7321,172.73
03/11/2021,174.15,"1,429,690",176.12,177.67,173.22
03/10/2021,175.61,"1,419,186",175.79,177.01,171.18
03/09/2021,176.33,"1,751,805",175.25,179.62,173.6801
03/08/2021,173.5,"1,250,349",173.5,176.36,172.46
03/05/2021,172.7,"1,844,879",165.83,173.09,162.71
03/04/2021,163.52,"1,277,489",169.07,169.83,160.875
03/03/2021,169.58,"1,601,969",169.46,173.02,168.79
03/02/2021,169.65,"1,410,722",168.85,175.05,167.6
03/01/2021,168.22,"1,140,899",164.41,169.4,164.07
02/26/2021,162.14,"1,562,493",160.87,163.43,159.8799
02/25/2021,160.86,"1,148,231",166.65,167.57,160.7
02/24/2021,166.23,"1,333,413",162.08,166.61,161.05
02/23/2021,161.6,"1,205,462",162.28,162.28,157.7926
02/22/2021,161.97,"945,935",162.05,162.89,160.83
02/19/2021,162.77,"811,623",160.38,164.07,160.38
02/18/2021,160.0,"1,004,336",162.28,163.13,159.36
02/17/2021,163.24,"753,769",162.01,163.85,161.43
02/16/2021,163.22,"1,077,605",164.22,164.39,162.97
02/12/2021,163.19,"748,862",164.04,165.24,162.56
02/11/2021,163.2,"842,941",164.3,164.67,162.38
02/10/2021,164.13,"1,378,105",166.59,166.84,163.36
02/09/2021,165.14,"1,292,911",162.633,165.66,162.25
02/08/2021,163.39,"946,255",160.8,163.75,159.98
02/05/2021,159.86,"861,836",161.44,163.02,159.51
02/04/2021,160.54,"992,484",159.63,161.92,158.21
02/03/2021,158.6,"1,436,088",156.98,158.72,154.89
02/02/2021,157.41,"1,244,841",157.25,158.02,156.3
02/01/2021,156.09,"1,241,710",158.98,159.12,154.57
01/29/2021,156.48,"1,380,465",160.89,160.99,154.2
01/28/2021,162.44,"1,607,587",161.07,169.0,159.88
01/27/2021,156.5,"1,557,955",158.7,161.27,156.21
01/26/2021,160.6,"1,226,245",158.38,161.31,157.51
01/25/2021,157.01,"1,099,843",155.96,157.73,154.81
01/22/2021,156.21,"1,080,299",156.52,156.94,154.79
01/21/2021,156.64,"1,130,359",159.54,159.64,156.56
01/20/2021,159.54,"914,973",158.87,161.13,158.06
01/19/2021,158.48,"1,071,689",158.09,159.1,156.46
01/15/2021,156.42,"2,911,013",157.53,158.59,155.41
01/14/2021,158.53,"1,039,315",157.58,158.94,156.29
01/13/2021,157.2,"1,198,009",158.35,158.64,154.11
01/12/2021,158.31,"944,716",156.52,159.68,156.01
01/11/2021,155.38,"984,578",154.46,158.94,152.4
01/08/2021,154.52,"1,178,186",154.95,157.403,152.09
01/07/2021,154.55,"807,388",152.58,154.98,152.16
01/06/2021,151.53,"1,424,690",150.5,154.06,149.46
01/05/2021,149.09,"932,524",147.57,149.71,147.05
01/04/2021,147.69,"1,449,831",152.26,152.525,145.82
12/31/2020,151.39,"619,749",149.61,151.54,148.9535
12/30/2020,149.58,"564,180",148.9,150.855,148.7485
12/29/2020,148.38,"572,114",148.98,151.83,147.49
12/28/2020,148.06,"664,515",148.91,149.84,147.945
12/24/2020,148.28,"370,775",148.87,148.87,147.23
12/23/2020,147.84,"719,775",148.96,149.3,147.75
12/22/2020,147.42,"1,071,003",148.66,149.3904,146.56
12/21/2020,148.66,"1,012,562",148.56,149.16,145.545
12/18/2020,150.44,"1,962,245",151.31,151.387,149.01
12/17/2020,151.3,"934,091",150.8,151.7,150.01
12/16/2020,150.43,"1,095,958",149.01,151.66,149.01
12/15/2020,149.86,"1,160,059",148.9,151.05,147.87
12/14/2020,147.86,"1,518,704",151.13,152.98,147.65
12/11/2020,151.49,"1,156,772",147.92,151.77,145.74
12/10/2020,149.34,"1,142,084",149.3,151.12,147.48
12/09/2020,151.57,"966,620",153.31,154.05,149.555
12/08/2020,153.17,"749,346",151.31,154.33,150.6
12/07/2020,151.3,"1,195,642",151.28,153.45,150.04
12/04/2020,152.53,"971,249",149.31,153.24,149.01
12/03/2020,150.07,"970,645",146.25,150.99,145.805
12/02/2020,146.51,"1,010,593",144.75,146.92,144.51
12/01/2020,145.5,"958,837",146.03,147.09,144.389
11/30/2020,143.41,"1,142,631",144.94,145.6,142.3
11/27/2020,145.63,"409,028",145.17,146.815,144.0
11/25/2020,145.04,"715,855",143.11,145.565,142.16
11/24/2020,143.94,"1,082,610",140.72,144.08,139.655
11/23/2020,139.37,"679,757",139.0,140.58,138.35
11/20/2020,137.46,"729,530",139.29,139.6919,137.33
11/19/2020,139.53,"734,754",136.9743,139.75,135.0001
11/18/2020,139.79,"718,380",141.07,142.4788,139.66
11/17/2020,141.53,"933,366",142.76,145.1,140.54
11/16/2020,143.85,"842,398",142.43,143.93,141.0325
11/13/2020,140.43,"649,735",138.27,140.88,137.92
11/12/2020,137.53,"811,446",139.76,140.34,135.99
11/11/2020,140.46,"1,457,282",137.06,140.89,136.89
11/10/2020,136.9,"1,241,006",137.08,137.36,133.06
11/09/2020,137.03,"1,689,834",139.74,142.21,136.15
11/06/2020,133.74,"885,613",139.07,139.07,133.34
11/05/2020,137.38,"874,061",138.51,140.015,136.0
11/04/2020,135.81,"1,257,857",131.87,137.58,130.94
11/03/2020,132.15,"1,089,783",131.36,133.07,130.635
11/02/2020,128.97,"1,271,888",128.77,131.34,127.76
10/30/2020,126.66,"1,768,547",129.52,132.01,124.94
10/29/2020,131.44,"1,986,807",136.51,136.51,128.77
10/28/2020,137.14,"1,321,849",139.58,141.03,136.19
10/27/2020,142.3,"1,045,930",145.67,145.68,142.23
10/26/2020,145.03,"928,876",146.16,146.6054,142.8
10/23/2020,148.1,"922,115",147.83,148.17,146.14
10/22/2020,146.36,"598,814",146.24,146.7,144.375
10/21/2020,145.96,"762,140",146.11,148.17,145.5792
10/20/2020,146.74,"1,040,743",145.93,148.45,145.93
10/19/2020,144.27,"1,490,690",147.91,148.88,143.98
10/16/2020,147.03,"2,200,891",147.4,148.7,146.63
10/15/2020,146.89,"1,157,868",143.21,146.97,142.46
10/14/2020,144.65,"1,174,546",145.04,146.73,144.51
10/13/2020,144.18,"1,193,154",143.1,145.13,142.27
10/12/2020,143.09,"1,189,787",142.6,144.475,142.21
10/09/2020,142.21,"916,499",141.09,142.51,140.65
10/08/2020,140.83,"886,948",138.84,140.85,137.24
10/07/2020,137.23,"845,223",135.04,137.685,135.04
10/06/2020,133.87,"934,009",134.15,137.1027,132.74
10/05/2020,133.51,"978,245",130.34,133.64,130.27
10/02/2020,129.09,"1,295,602",126.83,130.08,125.905
10/01/2020,128.04,"1,007,686",128.4,129.26,127.45
09/30/2020,128.22,"1,598,213",129.1,130.02,127.11
09/29/2020,127.49,"1,086,338",127.63,129.365,126.99
09/28/2020,128.55,"1,127,562",127.26,129.08,126.915
09/25/2020,125.22,"768,703",122.94,125.8825,122.62
09/24/2020,123.43,"1,151,638",123.11,124.54,121.5752
09/23/2020,122.89,"1,219,906",126.11,126.52,122.731
09/22/2020,125.48,"1,408,453",124.59,126.16,123.01
09/21/2020,124.74,"1,649,924",126.5,127.78,122.79
09/18/2020,127.97,"1,638,501",127.01,128.98,127.01
09/17/2020,127.46,"1,654,712",127.99,129.5,126.05
09/16/2020,128.18,"1,392,384",127.25,129.1573,126.58
09/15/2020,126.74,"1,018,055",127.76,128.8,126.5
09/14/2020,127.41,"1,083,257",125.8,127.78,125.8
09/11/2020,125.74,"911,119",125.65,126.8,124.81
09/10/2020,125.64,"915,833",129.11,129.41,125.32
09/09/2020,129.24,"925,916",129.09,130.06,128.0
09/08/2020,127.96,"1,268,296",131.57,132.26,127.46
09/04/2020,132.27,"1,114,472",136.72,137.305,131.0674
09/03/2020,135.08,"976,540",141.32,141.64,134.34
09/02/2020,141.14,"754,240",139.27,141.66,138.65
09/01/2020,139.18,"765,568",139.18,139.57,137.8
08/31/2020,139.21,"1,332,194",138.95,139.78,137.24
08/28/2020,139.11,"738,552",138.5,139.12,137.17
08/27/2020,138.14,"1,119,405",135.89,139.48,135.46
08/26/2020,136.19,"642,666",135.95,137.025,134.76
08/25/2020,135.75,"586,138",136.19,136.99,135.34
08/24/2020,135.93,"629,798",135.96,136.22,135.01
08/21/2020,134.82,"763,672",135.41,136.11,134.14
08/20/2020,136.3,"607,169",136.39,137.48,136.16
08/19/2020,137.14,"665,067",137.33,138.46,136.78
08/18/2020,137.24,"541,531",137.77,138.38,137.05
08/17/2020,137.98,"1,136,653",137.07,138.16,136.7
08/14/2020,136.94,"698,123",136.41,137.82,136.08
08/13/2020,137.26,"817,431",137.21,138.25,136.76
08/12/2020,138.45,"1,116,555",140.176,142.51,137.67
08/11/2020,138.96,"782,428",139.9,140.67,138.4
08/10/2020,138.66,"759,069",139.85,139.85,137.95
08/07/2020,139.63,"1,108,804",138.54,140.45,137.88
08/06/2020,138.16,"1,028,881",139.05,139.05,136.39
08/05/2020,138.97,"1,006,485",136.49,139.96,136.49
08/04/2020,137.09,"940,378",137.53,137.94,136.4
08/03/2020,137.4,"990,296",138.34,139.04,136.89
07/31/2020,138.1,"2,523,958",134.18,138.32,133.2
07/30/2020,134.47,"984,282",133.84,135.17,132.68
07/29/2020,135.82,"1,262,565",135.0,138.1672,134.71
07/28/2020,133.93,"1,011,386",134.76,134.87,132.86
07/27/2020,134.2,"1,072,005",131.86,134.93,131.301
07/24/2020,133.97,"999,287",135.18,135.49,133.2506
07/23/2020,134.07,"1,208,298",136.26,137.26,133.76
07/22/2020,136.2,"850,045",134.82,136.37,134.52
07/21/2020,134.95,"1,013,013",133.85,136.36,133.61
07/20/2020,134.22,"853,359",132.8,134.46,132.52
07/17/2020,133.77,"984,524",131.99,134.27,131.12
07/16/2020,132.07,"986,658",130.93,133.205,130.93
07/15/2020,132.06,"898,643",133.83,133.83,130.92
07/14/2020,130.64,"1,139,617",128.75,130.895,127.84
07/13/2020,128.13,"1,497,969",128.73,129.74,127.66
07/10/2020,127.27,"922,269",123.25,127.38,123.19
07/09/2020,122.83,"1,057,192",124.27,124.42,120.65
07/08/2020,124.22,"1,200,748",123.5,125.1,123.29
07/07/2020,122.96,"1,372,649",123.62,124.91,122.36
07/06/2020,125.26,"735,062",125.94,126.59,124.89
07/02/2020,122.73,"1,066,192",124.85,125.675,122.37
07/01/2020,122.51,"832,132",123.67,124.145,121.9
06/30/2020,123.5,"1,485,890",120.94,124.47,120.17
06/29/2020,120.82,"967,526",120.19,120.92,118.82
06/26/2020,118.94,"1,879,608",121.51,121.68,118.63
06/25/2020,122.53,"1,038,286",120.77,122.925,119.92
06/24/2020,121.04,"1,402,832",125.42,125.42,120.93
06/23/2020,125.61,"1,086,982",127.75,127.75,125.51
06/22/2020,125.41,"1,305,788",128.36,128.42,125.3
06/19/2020,128.61,"3,489,653",126.29,129.61,124.0
06/18/2020,125.58,"885,838",124.13,126.78,124.0
06/17/2020,125.32,"1,019,511",124.24,127.185,124.24
06/16/2020,124.87,"946,480",127.63,127.75,122.93
06/15/2020,123.56,"1,288,066",117.74,124.67,117.13
06/12/2020,120.93,"1,053,970",122.25,122.74,118.88
06/11/2020,119.12,"1,471,397",125.04,125.495,118.96
06/10/2020,127.85,"1,085,468",128.48,129.495,126.93
06/09/2020,128.64,"837,306",128.09,129.69,127.91
06/08/2020,130.77,"1,089,818",129.0,130.92,128.68
06/05/2020,128.28,"1,559,964",130.2,132.0,127.85
06/04/2020,126.35,"1,241,564",126.29,127.35,124.78
06/03/2020,127.51,"1,195,081",124.27,127.83,123.44
06/02/2020,122.96,"1,109,403",122.76,123.99,121.71
06/01/2020,121.87,"801,976",122.04,122.94,120.415
05/29/2020,120.9,"2,246,853",120.2,121.1,118.59
05/28/2020,120.66,"1,088,114",122.97,123.67,120.38
05/27/2020,122.46,"1,085,969",123.97,123.97,120.65
05/26/2020,120.05,"1,642,353",119.07,121.33,117.49
05/22/2020,115.09,"851,942",115.06,115.55,113.38
05/21/2020,114.65,"838,828",114.03,116.35,113.755
05/20/2020,114.84,"1,172,996",115.12,116.49,114.28
05/19/2020,114.19,"1,024,296",116.57,118.345,114.11
05/18/2020,117.22,"1,348,226",117.0,118.46,115.38
05/15/2020,113.51,"1,798,817",111.32,113.63,110.69
05/14/2020,112.57,"1,741,236",106.53,112.68,105.56
05/13/2020,107.94,"2,819,710",113.28,114.03,106.775
05/12/2020,112.75,"2,219,581",114.63,117.9299,112.298
05/11/2020,112.67,"889,450",112.11,114.34,111.34
05/08/2020,114.06,"666,791",114.01,114.5,112.53
05/07/2020,111.34,"993,027",109.67,112.06,109.405
05/06/2020,108.2,"843,979",108.89,110.315,107.79
05/05/2020,109.67,"909,466",109.6,111.51,109.54
05/04/2020,109.485,"972,096",110.1,110.73,108.665
05/01/2020,110.44,"1,110,430",113.03,113.03,110.0
04/30/2020,115.63,"1,543,326",114.34,117.5,114.34
04/29/2020,116.92,"1,531,388",116.68,119.5,115.3
04/28/2020,113.89,"2,025,363",110.0,115.05,109.23
04/27/2020,106.5,"1,436,684",101.95,106.76,101.3607
04/24/2020,100.34,"756,056",99.9,100.92,98.52
04/23/2020,99.16,"792,315",100.79,101.91,99.02
04/22/2020,100.63,"746,963",101.11,101.44,99.1
04/21/2020,98.85,"909,920",99.22,100.51,98.3
04/20/2020,101.15,"1,199,962",101.29,102.67,99.8
04/17/2020,103.49,"2,300,100",103.19,104.3,102.015
04/16/2020,99.54,"1,904,959",98.84,99.94,96.42
04/15/2020,98.98,"1,228,756",100.9,100.9,97.99
04/14/2020,101.93,"2,505,915",105.97,106.4,101.76
04/13/2020,102.24,"1,191,989",106.9,106.9,100.15
04/09/2020,105.16,"1,772,829",106.47,108.72,104.31
04/08/2020,105.51,"1,277,996",102.07,106.0,100.57
04/07/2020,101.9,"1,419,106",106.43,107.0,101.59
04/06/2020,102.7,"1,623,947",100.28,103.44,97.79
04/03/2020,95.19,"1,159,103",96.19,98.45,94.055
04/02/2020,97.14,"1,421,578",92.98,97.95,92.7931
04/01/2020,93.87,"2,337,488",93.65,96.08,92.36
03/31/2020,97.65,"1,796,928",97.69,99.03,96.0
03/30/2020,98.83,"1,966,356",97.84,100.33,95.72
03/27/2020,98.43,"1,625,885",99.22,101.89,95.66
03/26/2020,101.34,"2,229,902",94.72,102.03,93.01
03/25/2020,92.99,"4,559,541",90.58,95.67,88.84
03/24/2020,89.5,"3,037,211",90.15,93.03,87.49
03/23/2020,85.42,"3,411,652",89.975,90.545,82.51
03/20/2020,90.34,"3,946,689",102.4,102.4,90.0
03/19/2020,102.61,"3,098,148",107.12,109.16,100.615
03/18/2020,108.41,"3,937,207",101.55,109.535,98.61
03/17/2020,108.11,"3,420,632",99.3,108.96,97.1
03/16/2020,97.55,"3,687,442",91.84,108.55,88.3
03/13/2020,107.33,"3,063,404",97.35,107.36,95.01
03/12/2020,91.73,"3,494,035",97.08,100.81,91.68
03/11/2020,105.52,"2,359,215",109.08,110.15,103.97
03/10/2020,112.79,"2,795,268",108.13,113.73,106.2
03/09/2020,103.64,"3,009,096",106.15,110.81,103.5025
03/06/2020,116.75,"2,228,735",116.78,118.37,113.89
03/05/2020,122.01,"2,083,924",125.04,125.23,119.9595
03/04/2020,128.76,"2,005,894",125.36,128.94,124.035
03/03/2020,123.49,"2,985,902",124.44,126.59,121.1
03/02/2020,125.48,"2,737,047",119.11,125.67,117.76
02/28/2020,118.01,"3,329,692",115.93,118.11,113.69
02/27/2020,119.84,"2,036,102",123.86,125.3,119.76
02/26/2020,126.61,"1,697,208",127.2,129.35,126.58
02/25/2020,126.54,"1,865,959",132.74,133.2,125.98
02/24/2020,131.75,"1,288,842",132.36,133.23,130.91
02/21/2020,136.27,"1,059,010",137.64,137.64,134.84
02/20/2020,137.74,"1,105,068",138.91,139.35,136.83
02/19/2020,139.06,"866,752",138.33,139.36,137.5
02/18/2020,137.78,"870,701",137.4,138.195,136.635
02/14/2020,137.39,"713,895",136.46,137.485,136.11
02/13/2020,136.42,"1,258,225",138.01,138.01,136.13
02/12/2020,138.48,"940,296",138.87,139.5,137.12
02/11/2020,138.61,"751,251",139.05,139.815,138.26
02/10/2020,138.48,"783,067",138.0,138.796,137.41
02/07/2020,138.24,"729,016",137.29,138.57,136.77
02/06/2020,137.77,"1,058,006",138.2,139.47,136.945
02/05/2020,137.94,"1,172,592",138.98,138.99,135.69
02/04/2020,136.81,"1,122,490",136.5,137.9,135.7
02/03/2020,134.52,"1,477,809",134.28,136.0,133.15
01/31/2020,133.53,"1,954,830",136.25,136.34,133.09
01/30/2020,136.57,"1,521,112",132.4,136.65,132.28
01/29/2020,136.12,"1,782,911",134.15,137.485,132.5
01/28/2020,131.3,"1,336,044",130.09,131.94,129.07
01/27/2020,128.54,"1,197,425",130.02,130.6978,127.43
01/24/2020,131.18,"1,019,888",133.96,134.555,130.37
01/23/2020,133.21,"1,108,414",131.44,133.25,130.64
01/22/2020,132.57,"1,178,132",132.91,133.545,132.24
01/21/2020,132.3,"1,491,683",131.74,132.9223,131.6
01/17/2020,132.26,"1,418,615",132.49,132.755,131.59
01/16/2020,132.02,"921,932",131.02,132.04,130.74
01/15/2020,130.15,"663,060",129.72,130.715,129.01
01/14/2020,129.73,"980,790",131.04,131.25,129.42
01/13/2020,131.03,"1,733,221",127.97,131.07,127.82
01/10/2020,127.46,"955,014",128.43,128.87,127.13
01/09/2020,128.28,"903,172",127.69,128.48,126.83
01/08/2020,127.22,"751,109",126.5,128.0,126.25
01/07/2020,126.02,"826,735",125.42,126.67,125.245
01/06/2020,125.52,"771,309",124.16,125.57,123.28
01/03/2020,124.75,"958,779",123.9,125.54,123.105
01/02/2020,125.16,"1,315,972",122.35,125.17,122.25
12/31/2019,121.84,"896,312",121.45,122.1699,120.93
12/30/2019,121.81,"614,105",123.32,123.32,121.45
12/27/2019,122.82,"511,084",123.0,123.24,122.55
12/26/2019,122.87,"310,633",122.95,122.95,122.09
12/24/2019,122.2,"318,852",121.99,122.43,121.19
12/23/2019,121.62,"675,482",123.18,123.18,121.5
12/20/2019,122.54,"2,137,077",123.86,123.86,121.85
12/19/2019,122.52,"852,447",122.1,122.7,121.93
12/18/2019,122.4,"1,015,111",123.2,123.62,121.91
12/17/2019,123.02,"913,029",123.31,123.71,122.74
12/16/2019,123.24,"806,610",124.25,124.7,123.12
12/13/2019,123.22,"751,207",124.09,124.61,122.7
12/12/2019,125.35,"1,031,308",123.68,126.16,123.04
12/11/2019,123.61,"835,651",122.73,123.75,122.34
12/10/2019,122.35,"1,413,857",124.0,124.0,122.21
12/09/2019,124.5,"955,288",123.54,124.98,123.25
12/06/2019,123.9,"776,260",124.59,124.6,123.795
12/05/2019,123.0,"563,296",122.44,123.11,121.98
12/04/2019,121.72,"532,564",121.37,122.3747,120.89
12/03/2019,120.79,"761,819",120.42,120.88,118.94
12/02/2019,122.26,"934,149",123.69,123.91,122.17
11/29/2019,123.56,"322,733",123.51,124.0,123.16
11/27/2019,123.71,"755,683",123.03,123.955,122.55
11/26/2019,122.83,"1,177,451",122.4,122.88,121.55
11/25/2019,122.58,"522,227",121.63,122.62,121.09
11/22/2019,121.02,"540,663",121.01,121.15,120.09
11/21/2019,120.03,"603,091",120.83,121.135,118.79
11/20/2019,120.93,"601,205",121.28,121.6,119.81
11/19/2019,121.97,"696,984",121.86,122.59,121.16
11/18/2019,121.36,"642,333",121.0,121.51,120.3601
11/15/2019,121.46,"619,288",121.7,122.13,121.04
11/14/2019,120.91,"602,987",120.61,121.27,119.855
11/13/2019,120.59,"581,984",120.39,120.65,119.27
11/12/2019,121.23,"820,544",120.53,121.86,119.88
11/11/2019,120.42,"576,179",119.04,120.44,118.51
11/08/2019,119.58,"1,004,926",119.85,119.94,118.64
11/07/2019,120.38,"705,183",121.15,121.8,120.12
11/06/2019,120.06,"844,590",119.74,120.19,118.96
11/05/2019,119.13,"892,675",117.71,120.0,117.71
11/04/2019,118.53,"859,664",118.08,118.91,117.17
11/01/2019,116.97,"792,042",117.0,117.76,116.385
10/31/2019,115.8,"924,526",117.11,117.57,115.135
10/30/2019,117.57,"676,125",117.07,118.0,116.7
10/29/2019,117.76,"1,073,900",116.56,118.44,116.56
10/28/2019,117.08,"1,244,529",114.46,117.62,114.01
10/25/2019,113.71,"981,979",113.54,114.0,112.0
10/24/2019,113.35,"1,973,773",110.95,113.52,108.7601
10/23/2019,108.38,"1,989,134",108.24,109.8,108.0
10/22/2019,108.19,"1,364,104",111.26,111.26,107.9
10/21/2019,110.94,"864,857",110.08,111.01,110.03
10/18/2019,109.41,"1,269,566",110.41,110.44,108.49
10/17/2019,110.25,"701,793",111.69,111.915,110.13
10/16/2019,111.065,"924,865",111.35,111.76,110.37
10/15/2019,111.38,"892,191",110.91,112.48,110.09
10/14/2019,110.32,"791,961",110.33,110.72,109.92
10/11/2019,110.94,"1,194,957",110.42,112.27,110.125
10/10/2019,108.51,"991,896",108.31,109.78,108.26
10/09/2019,108.06,"1,228,346",108.76,108.98,107.87
10/08/2019,107.74,"1,281,592",109.05,109.47,107.43
10/07/2019,109.93,"935,491",110.29,111.18,109.77
10/04/2019,110.98,"834,234",109.68,111.21,109.31
10/03/2019,109.53,"1,016,388",108.45,109.82,107.37
10/02/2019,109.05,"1,485,297",110.72,110.72,108.52
10/01/2019,111.41,"965,579",114.09,114.7375,111.18
09/30/2019,114.25,"1,016,258",113.69,114.95,112.625
09/27/2019,113.03,"1,049,491",111.42,113.85,111.42
09/26/2019,112.03,"1,565,443",114.41,114.41,111.91
09/25/2019,114.32,"1,245,125",114.4,114.73,110.875
09/24/2019,114.27,"861,749",115.52,116.3,113.54
09/23/2019,114.84,"864,476",113.67,115.06,113.34
09/20/2019,114.34,"2,409,965",116.4,116.47,114.06
09/19/2019,116.0,"1,029,722",116.99,117.4,115.78
09/18/2019,117.11,"777,756",117.74,117.8,115.935
09/17/2019,117.94,"751,408",116.63,117.98,115.63
09/16/2019,116.85,"827,478",117.61,118.14,116.43
09/13/2019,118.94,"1,014,434",119.04,119.42,118.295
09/12/2019,118.12,"1,595,707",120.99,120.99,117.26
09/11/2019,120.09,"1,221,463",117.88,120.14,116.71
09/10/2019,117.85,"1,045,834",117.99,118.17,115.98
09/09/2019,117.72,"918,649",116.61,117.8601,115.99
09/06/2019,115.62,"799,761",115.3,116.01,114.97
09/05/2019,115.05,"1,143,906",112.79,115.29,112.35
09/04/2019,110.98,"744,853",111.04,111.88,110.05
09/03/2019,109.75,"900,157",109.83,111.26,108.85
08/30/2019,110.62,"1,051,743",110.66,111.95,110.23
08/29/2019,109.99,"724,293",109.14,110.225,106.96
08/28/2019,107.77,"816,675",106.43,107.95,105.91
08/27/2019,107.08,"795,969",107.31,107.979,106.5
08/26/2019,106.66,"585,543",106.69,107.11,105.27
08/23/2019,105.61,"1,199,370",108.5,109.05,104.93
08/22/2019,109.18,"507,781",109.38,109.75,108.07
08/21/2019,108.77,"700,503",109.07,109.11,108.32
08/20/2019,107.82,"696,369",108.93,109.19,107.75
08/19/2019,109.62,"722,923",109.26,110.03,108.58
08/16/2019,107.37,"605,481",106.32,107.805,106.01
08/15/2019,105.46,"941,619",105.72,106.53,104.735
08/14/2019,105.36,"1,248,921",106.13,107.4,105.11
08/13/2019,108.56,"1,171,284",106.65,109.33,105.95
08/12/2019,106.61,"1,232,065",107.45,108.615,106.12
08/09/2019,108.65,"1,166,494",109.46,109.6,107.67
08/08/2019,110.25,"1,158,338",108.52,110.3,107.66
08/07/2019,107.04,"1,338,376",106.58,107.65,104.93
08/06/2019,107.26,"1,373,422",106.81,107.58,105.35
08/05/2019,105.71,"1,713,557",108.4,108.59,105.06
08/02/2019,110.05,"1,155,152",109.99,110.77,107.96
08/01/2019,110.47,"1,173,864",113.53,114.1,109.73
07/31/2019,113.39,"1,951,654",115.42,115.91,112.385
07/30/2019,115.36,"986,740",114.07,115.42,113.56
07/29/2019,114.96,"1,034,550",115.5,116.2802,114.7587
07/26/2019,115.2,"1,165,251",114.55,115.675,114.08
07/25/2019,113.92,"1,620,231",113.41,114.95,113.11
07/24/2019,113.27,"1,761,980",109.55,113.34,109.44
07/23/2019,110.53,"1,169,956",109.65,110.8,109.21
07/22/2019,108.87,"937,857",108.32,108.975,107.445
07/19/2019,108.47,"1,762,908",109.97,109.99,108.13
07/18/2019,109.63,"1,182,003",108.88,109.79,108.3
07/17/2019,108.88,"782,406",110.61,110.61,108.79
07/16/2019,110.36,"619,049",110.87,111.45,110.29
07/15/2019,110.38,"968,568",110.62,110.86,110.08
07/12/2019,110.61,"830,418",109.87,110.71,109.08
07/11/2019,109.32,"1,081,391",110.06,110.06,107.74
07/10/2019,109.45,"987,596",109.96,110.97,109.18
07/09/2019,109.82,"1,142,079",108.55,109.87,108.44
07/08/2019,108.96,"785,232",109.78,110.38,108.71
07/05/2019,110.42,"648,835",109.88,110.45,108.78
07/03/2019,109.71,"487,342",109.08,110.25,108.69
07/02/2019,108.6,"825,143",109.04,109.26,107.9625
07/01/2019,109.05,"1,176,518",111.46,111.46,108.15
06/28/2019,109.71,"3,896,117",109.5,110.33,108.74
06/27/2019,108.54,"724,828",107.45,108.81,106.73
06/26/2019,106.89,"674,142",106.04,107.2,105.71
06/25/2019,105.92,"594,753",107.24,107.24,105.56
06/24/2019,107.06,"913,226",108.6,108.91,106.58
06/21/2019,108.32,"1,673,216",109.83,109.84,108.25
06/20/2019,109.59,"1,185,153",109.13,110.5,108.065
06/19/2019,107.84,"1,346,573",107.39,108.0,106.39
06/18/2019,107.4,"1,045,867",105.54,108.0,105.405
06/17/2019,105.05,"808,328",106.05,106.29,104.87
06/14/2019,105.94,"792,807",102.66,106.1237,102.66
06/13/2019,106.09,"871,952",105.47,106.35,104.73
06/12/2019,105.86,"786,977",106.69,106.81,105.16
06/11/2019,106.67,"867,913",107.8,108.5,106.275
06/10/2019,106.97,"950,670",106.65,107.73,106.22
06/07/2019,105.69,"961,205",104.25,105.84,103.79
06/06/2019,103.73,"753,941",103.65,104.05,102.8984
06/05/2019,103.44,"667,812",103.1,103.51,101.57
06/04/2019,102.85,"1,249,170",100.96,102.86,99.89
06/03/2019,99.42,"2,356,587",101.38,101.71,98.69
05/31/2019,101.14,"1,341,230",101.54,101.96,100.71
05/30/2019,102.63,"831,820",102.55,103.38,101.98
05/29/2019,102.21,"974,238",101.35,102.32,100.47
05/28/2019,101.94,"1,607,328",103.49,103.75,101.9
05/24/2019,103.75,"766,715",103.55,103.94,102.86
05/23/2019,102.79,"1,123,077",104.22,104.3,102.29
05/22/2019,105.28,"500,432",105.31,105.84,104.9
05/21/2019,105.68,"485,222",105.03,105.89,104.88
05/20/2019,104.13,"796,021",104.03,104.63,103.3601
05/17/2019,104.38,"917,937",104.52,106.31,103.68
05/16/2019,105.31,"940,275",104.35,106.27,104.13
05/15/2019,103.96,"928,130",102.06,104.56,101.99
05/14/2019,103.2,"898,462",101.53,104.0,101.32
05/13/2019,101.13,"1,602,544",103.54,104.44,100.96
05/10/2019,105.59,"1,627,868",102.59,106.1,102.06
05/09/2019,102.84,"1,144,656",102.02,103.14,100.52
05/08/2019,102.99,"894,879",103.01,103.85,102.93
05/07/2019,103.3,"1,419,340",104.33,105.25,102.49
05/06/2019,105.74,"943,296",105.06,106.2,104.22
05/03/2019,106.86,"537,096",105.7,106.92,105.62
05/02/2019,105.26,"1,008,101",106.31,106.84,104.09
05/01/2019,106.07,"975,825",107.94,107.94,105.96
04/30/2019,107.5,"1,136,486",107.42,107.64,106.2
04/29/2019,107.28,"733,613",108.07,108.41,107.24
04/26/2019,108.05,"880,555",107.79,108.17,106.075
04/25/2019,107.66,"1,226,379",109.59,109.61,107.5
04/24/2019,109.76,"1,527,784",111.73,111.73,106.15
04/23/2019,107.5,"962,339",106.47,107.78,105.31
04/22/2019,106.49,"1,312,760",105.85,106.75,105.25
04/18/2019,105.9,"1,316,763",106.04,106.26,105.22
04/17/2019,106.09,"881,004",107.0,107.0,105.54
04/16/2019,106.68,"823,691",105.36,106.85,105.0836
04/15/2019,104.95,"649,815",106.0,106.29,104.62
04/12/2019,105.9,"778,661",106.17,106.47,104.78
04/11/2019,104.75,"887,501",104.59,105.62,104.3094
04/10/2019,104.05,"1,026,730",104.0,104.09,102.31
04/09/2019,103.82,"758,832",104.07,104.49,103.26
04/08/2019,104.5,"828,237",104.44,104.79,104.1
04/05/2019,104.44,"1,035,023",103.49,104.55,103.11
04/04/2019,103.01,"644,028",103.25,103.78,102.31
04/03/2019,103.3,"944,345",103.94,104.285,103.22
04/02/2019,103.27,"686,946",103.33,103.69,102.8
04/01/2019,103.3,"1,713,278",101.34,103.63,101.31
03/29/2019,100.12,"935,245",100.03,100.28,99.45
03/28/2019,99.09,"1,266,068",99.24,99.93,98.74
03/27/2019,99.09,"872,199",100.08,100.75,98.39
03/26/2019,99.89,"940,056",99.07,99.97,98.68
03/25/2019,98.22,"932,815",98.9,99.39,97.57
03/22/2019,98.76,"1,227,516",101.49,101.68,98.36
03/21/2019,102.31,"1,162,844",100.6,102.51,100.05
03/20/2019,100.86,"1,122,452",102.57,102.57,100.705
03/19/2019,102.64,"1,680,064",102.99,104.17,102.29
03/18/2019,102.85,"1,483,408",102.51,103.16,102.4
03/15/2019,102.44,"2,842,189",100.46,102.57,100.19
03/14/2019,100.68,"1,174,375",100.95,100.95,99.82
03/13/2019,101.35,"1,226,035",100.95,101.46,100.3
03/12/2019,100.43,"1,241,405",99.24,100.59,99.24
03/11/2019,99.09,"1,002,461",97.46,99.15,97.46
03/08/2019,96.84,"1,106,800",95.56,96.92,95.07
03/07/2019,96.27,"1,223,496",97.82,98.15,96.04
03/06/2019,98.06,"1,124,566",98.88,99.26,98.05
03/05/2019,98.81,"1,134,306",99.74,99.74,98.76
03/04/2019,99.54,"1,529,987",101.13,101.74,98.77
03/01/2019,100.67,"1,097,756",100.91,102.325,100.515
02/28/2019,100.43,"1,311,637",100.4,100.815,99.61
02/27/2019,100.24,"1,096,766",98.43,100.3,98.27
02/26/2019,98.51,"1,101,252",97.97,99.13,97.51
02/25/2019,98.11,"1,005,121",98.8,99.56,97.87
02/22/2019,98.05,"1,007,564",97.19,98.13,97.19
02/21/2019,97.1,"1,189,005",98.26,98.36,96.68
02/20/2019,98.18,"1,373,360",97.03,98.18,96.58
02/19/2019,97.4,"1,553,319",97.34,97.58,96.44
02/15/2019,97.58,"1,696,044",97.79,97.84,96.76
02/14/2019,97.34,"1,403,186",97.57,98.04,96.57
02/13/2019,98.13,"1,693,954",97.44,98.93,97.44
02/12/2019,97.09,"1,598,943",93.72,97.15,93.625
02/11/2019,92.67,"1,303,363",92.98,93.065,92.44
02/08/2019,92.38,"1,921,204",93.54,93.8,91.38
02/07/2019,93.74,"1,450,303",93.84,94.49,92.76
02/06/2019,94.22,"1,201,583",94.55,95.0799,93.86
02/05/2019,94.6,"1,453,459",95.24,95.9338,93.83
02/04/2019,95.17,"1,263,157",94.46,95.19,93.81
02/01/2019,94.15,"1,308,409",93.45,94.5,93.1
01/31/2019,93.46,"2,428,458",89.5,93.6,89.5
01/30/2019,89.24,"5,356,420",90.01,90.67,86.61
01/29/2019,92.75,"1,680,913",94.85,94.91,92.72
01/28/2019,94.45,"1,046,027",93.96,94.63,93.5
01/25/2019,94.55,"1,033,377",94.6,95.46,94.34
01/24/2019,93.86,"1,011,500",93.49,94.37,93.25
01/23/2019,93.62,"1,435,890",94.75,94.75,92.75
01/22/2019,94.47,"1,678,574",96.18,96.31,94.02
01/18/2019,96.61,"1,552,187",95.73,96.77,95.16
01/17/2019,94.74,"1,862,194",94.51,95.415,93.33
01/16/2019,95.27,"2,023,926",93.19,95.835,93.0
01/15/2019,92.75,"1,290,517",91.17,92.77,91.065
01/14/2019,91.19,"1,468,033",89.35,92.075,89.23
01/11/2019,90.25,"2,427,268",91.74,91.74,89.54
01/10/2019,92.29,"1,674,028",92.44,92.82,91.4
01/09/2019,92.65,"1,470,440",93.15,93.68,91.51
01/08/2019,92.32,"1,676,709",92.68,93.32,91.43
01/07/2019,91.85,"1,351,760",92.06,92.91,91.14
01/04/2019,91.98,"1,823,811",89.99,92.06,89.21
01/03/2019,88.81,"1,908,997",91.01,91.64,88.58
01/02/2019,91.84,"1,180,463",90.22,92.42,90.22
12/31/2018,92.32,"1,449,392",92.08,92.69,91.33
12/28/2018,91.34,"1,093,573",91.79,92.42,90.68
12/27/2018,91.31,"1,288,340",88.02,91.37,88.0
12/26/2018,89.65,"1,587,739",85.5,89.73,84.59
12/24/2018,84.95,"1,005,519",86.22,87.5325,84.79
12/21/2018,86.78,"4,232,875",87.88,90.33,86.39
12/20/2018,87.3,"2,156,900",87.72,88.99,86.91
12/19/2018,88.41,"1,863,285",91.22,92.12,88.07
12/18/2018,90.8,"1,787,611",91.81,92.64,90.33
12/17/2018,91.03,"1,946,964",91.96,93.3252,90.69
12/14/2018,91.97,"1,936,721",92.3,93.42,91.575
12/13/2018,93.26,"1,474,707",93.38,93.61,91.86
12/12/2018,94.02,"2,072,565",93.75,95.32,93.12
12/11/2018,92.03,"1,525,573",94.28,94.91,91.44
12/10/2018,92.45,"1,351,081",93.08,93.88,90.78
12/07/2018,93.28,"2,102,869",94.76,96.63,93.17
12/06/2018,94.86,"2,338,745",93.05,94.98,91.51
12/04/2018,95.27,"1,951,227",99.47,99.53,95.0
12/03/2018,99.58,"2,056,957",100.67,101.47,99.02
11/30/2018,99.36,"3,022,078",97.35,99.61,96.56
11/29/2018,97.87,"1,490,597",97.63,98.9458,97.09
11/28/2018,98.34,"1,666,073",94.96,98.4,94.34
11/27/2018,94.87,"1,258,106",95.49,95.835,94.36
11/26/2018,95.96,"1,037,611",95.9,96.86,95.26
11/23/2018,94.65,"737,517",93.73,95.55,93.41
11/21/2018,94.51,"1,860,299",92.66,95.11,92.46
11/20/2018,92.0,"2,228,743",93.7,94.49,91.48
11/19/2018,94.96,"1,092,325",95.85,95.89,93.75
11/16/2018,95.87,"1,256,853",95.64,96.42,94.79
11/15/2018,96.06,"1,441,500",93.74,96.07,93.3
11/14/2018,94.54,"1,540,045",96.78,97.44,93.54
11/13/2018,95.86,"1,395,434",96.17,97.17,95.15
11/12/2018,95.58,"1,600,440",97.77,98.46,95.4
11/09/2018,98.48,"1,681,539",99.77,99.77,97.4
11/08/2018,99.89,"1,338,732",100.69,101.23,99.34
11/07/2018,101.5,"1,227,325",100.06,101.6,98.7
11/06/2018,99.13,"1,539,129",97.71,99.2,97.63
11/05/2018,97.42,"891,462",96.85,97.96,96.17
11/02/2018,96.93,"1,311,542",98.6,99.47,96.43
11/01/2018,98.02,"1,543,509",96.89,98.36,95.81
10/31/2018,96.99,"2,490,384",97.57,98.93,96.91
10/30/2018,96.22,"2,349,687",94.4,96.39,93.68
10/29/2018,93.77,"1,874,787",95.55,96.99,92.12
10/26/2018,93.87,"2,814,424",94.07,95.2,92.2
10/25/2018,95.52,"2,875,137",94.98,97.15,92.01
10/24/2018,93.87,"1,895,674",98.02,98.02,93.31
10/23/2018,97.82,"1,432,053",96.34,98.57,95.37
10/22/2018,99.4,"1,092,675",100.71,101.38,99.34
10/19/2018,100.06,"1,664,197",99.98,101.84,99.63
10/18/2018,99.85,"1,716,494",102.42,102.97,99.57
10/17/2018,102.66,"1,528,589",101.78,103.27,100.83
10/16/2018,101.96,"1,420,863",101.43,102.24,100.08
10/15/2018,100.67,"2,048,627",99.58,101.86,98.03
10/12/2018,100.21,"1,995,263",101.01,101.73,98.79
10/11/2018,98.51,"3,052,850",101.55,102.515,98.26
10/10/2018,101.55,"2,572,001",107.75,107.95,101.39
10/09/2018,107.99,"1,559,248",108.63,109.2,107.71
10/08/2018,109.23,"1,115,574",108.72,109.98,108.02
10/05/2018,109.32,"1,401,798",111.24,111.57,108.94
10/04/2018,110.8,"1,437,920",111.52,112.295,110.02
10/03/2018,111.78,"1,035,001",111.56,112.5504,111.2
10/02/2018,111.22,"869,117",110.03,111.4,109.63
10/01/2018,109.86,"1,019,840",109.59,110.32,108.62
09/28/2018,109.18,"1,350,321",109.32,110.24,109.0
09/27/2018,110.1,"908,528",109.98,110.8929,109.17
09/26/2018,109.74,"785,579",110.88,110.98,109.62
09/25/2018,110.3,"779,127",110.94,111.6951,110.05
09/24/2018,110.97,"701,809",111.78,112.18,110.96
09/21/2018,111.77,"1,895,263",112.25,112.25,111.19
09/20/2018,111.54,"818,412",111.89,112.09,110.77
09/19/2018,110.9,"893,644",109.83,111.25,109.83
09/18/2018,109.29,"895,892",109.01,109.51,108.3
09/17/2018,108.96,"1,245,634",110.4,110.86,108.79
09/14/2018,110.37,"774,664",109.28,110.75,109.28
09/13/2018,109.17,"1,293,688",110.04,111.35,108.92
09/12/2018,110.13,"1,508,439",110.1,110.91,109.51
09/11/2018,110.27,"1,404,057",109.32,110.43,108.5775
09/10/2018,109.48,"1,351,088",108.13,109.98,108.0
09/07/2018,107.73,"2,929,286",111.31,113.63,107.49
09/06/2018,113.26,"1,228,080",114.4,114.94,112.75
09/05/2018,114.5,"1,201,445",115.08,116.08,113.87
09/04/2018,115.16,"913,788",115.27,116.12,114.82
08/31/2018,115.89,"856,210",115.2,116.05,114.51
08/30/2018,115.41,"937,244",115.96,116.38,115.1
08/29/2018,116.27,"649,642",116.7,116.87,115.23
08/28/2018,116.49,"655,660",116.7,116.9,116.0
08/27/2018,116.29,"729,241",116.29,117.68,116.07
08/24/2018,115.41,"805,056",115.75,115.895,114.925
08/23/2018,115.06,"756,936",115.64,116.24,114.65
08/22/2018,115.69,"906,519",115.9,116.44,115.13
08/21/2018,116.21,"1,009,151",115.6,117.07,115.03
08/20/2018,115.7,"967,842",115.53,116.11,115.21
08/17/2018,115.61,"1,027,094",116.28,116.28,114.28
08/16/2018,116.32,"764,217",116.16,117.13,115.45
08/15/2018,115.49,"791,735",116.51,116.94,114.62
08/14/2018,117.57,"1,006,526",116.9,117.78,115.94
08/13/2018,116.58,"819,053",117.16,118.03,116.49
08/10/2018,117.14,"979,671",117.96,118.03,116.63
08/09/2018,118.89,"504,093",119.5,120.18,118.74
08/08/2018,119.7,"464,922",118.9,120.17,118.21
08/07/2018,119.36,"704,840",118.89,120.75,118.725
08/06/2018,118.55,"569,973",117.31,118.79,117.11
08/03/2018,117.4,"604,767",117.96,118.11,116.4
08/02/2018,117.44,"985,136",116.54,118.46,115.75
08/01/2018,117.27,"1,976,589",119.05,120.22,114.3
07/31/2018,119.08,"1,350,928",118.12,119.72,117.65
07/30/2018,117.38,"1,297,720",119.23,119.765,117.19
07/27/2018,119.01,"1,199,825",121.89,122.31,118.05
07/26/2018,121.6,"1,560,944",124.75,124.75,121.24
07/25/2018,124.81,"1,380,133",119.8,125.35,118.6566
07/24/2018,121.3,"1,229,508",121.74,122.75,120.5
07/23/2018,121.31,"832,004",120.08,121.56,120.0101
07/20/2018,119.86,"745,960",120.39,120.56,119.34
07/19/2018,120.75,"646,451",121.98,122.15,120.1594
07/18/2018,122.15,"864,534",120.84,122.21,120.5
07/17/2018,120.41,"555,062",120.34,121.19,119.81
07/16/2018,120.38,"936,479",119.69,121.1748,119.45
07/13/2018,119.23,"947,046",119.48,119.95,118.47
07/12/2018,119.9,"1,382,924",119.86,120.55,117.94
07/11/2018,118.37,"957,339",118.03,119.17,117.75
07/10/2018,118.74,"1,077,133",117.6,119.16,117.056
07/09/2018,117.85,"924,890",116.22,118.04,116.02
07/06/2018,115.5,"994,108",115.4,116.57,114.62
07/05/2018,115.49,"748,720",116.69,117.23,114.7
07/03/2018,115.73,"763,350",117.31,117.62,115.43
07/02/2018,116.52,"1,163,121",115.45,116.8,114.7
06/29/2018,116.09,"1,131,086",116.49,118.76,116.07
06/28/2018,115.68,"1,060,919",115.86,116.24,114.4
06/27/2018,115.6,"1,636,767",118.51,119.16,115.59
06/26/2018,118.65,"1,325,858",119.88,120.54,118.37
06/25/2018,119.74,"1,493,727",122.67,122.67,119.24
06/22/2018,123.0,"3,923,860",124.37,124.37,122.79
06/21/2018,123.67,"795,924",124.01,124.32,122.41
06/20/2018,124.44,"790,357",123.77,125.4,123.77
06/19/2018,122.93,"981,263",122.71,123.275,121.95
06/18/2018,123.71,"1,155,789",123.56,124.32,122.91
06/15/2018,124.69,"1,777,437",123.43,125.12,122.64
06/14/2018,123.66,"1,115,998",124.93,125.61,123.29
06/13/2018,125.32,"808,040",126.52,127.05,125.01
06/12/2018,126.24,"797,202",126.49,127.04,125.42
06/11/2018,125.86,"640,923",126.44,126.825,125.69
06/08/2018,125.98,"645,763",124.8,126.17,124.25
06/07/2018,125.22,"1,003,411",126.27,127.43,124.315
06/06/2018,126.19,"1,355,933",123.07,126.42,123.07
06/05/2018,122.52,"839,679",122.93,123.62,122.11
06/04/2018,123.19,"925,851",123.56,123.84,122.6
06/01/2018,122.9,"895,503",122.46,123.13,121.9
05/31/2018,121.42,"1,975,795",121.58,122.95,120.8
05/30/2018,122.29,"1,360,746",119.77,122.99,119.106
05/29/2018,118.73,"1,181,447",120.14,120.695,118.3
05/25/2018,121.38,"550,097",120.65,121.78,120.28
05/24/2018,121.38,"764,020",121.61,121.69,120.04
05/23/2018,121.55,"1,015,937",121.66,122.15,120.51
05/22/2018,122.66,"790,641",122.0,123.47,121.83
05/21/2018,121.94,"732,674",121.33,122.36,120.79
05/18/2018,120.59,"1,263,420",119.6,121.02,116.07
05/17/2018,120.63,"1,052,717",120.34,121.05,119.28
05/16/2018,120.75,"1,795,842",119.71,121.8,119.37
05/15/2018,117.14,"1,119,190",117.1,117.94,116.68
05/14/2018,118.01,"990,464",118.56,119.47,117.41
05/11/2018,118.22,"844,413",117.86,118.8,116.66
05/10/2018,117.59,"1,278,572",116.87,118.37,116.06
05/09/2018,116.66,"2,651,513",114.88,117.53,113.1
05/08/2018,114.17,"1,226,548",113.16,115.03,112.6
05/07/2018,113.47,"1,003,369",112.1,114.08,111.57
05/04/2018,111.97,"939,375",108.91,112.68,108.35
05/03/2018,109.44,"1,128,948",109.71,110.35,107.26
05/02/2018,110.6,"1,226,828",111.1,111.67,110.36
05/01/2018,111.25,"1,503,934",111.99,113.71,110.35
04/30/2018,113.82,"1,435,164",114.54,115.26,113.79
04/27/2018,114.02,"1,392,771",112.31,114.17,111.74
04/26/2018,112.3,"1,557,932",111.62,113.25,109.8
04/25/2018,111.0,"2,012,054",108.37,112.39,107.56
04/24/2018,107.37,"1,918,475",109.48,109.61,105.9
04/23/2018,108.62,"806,659",109.18,109.37,107.95
04/20/2018,108.44,"1,128,001",109.27,109.55,107.76
04/19/2018,108.83,"1,216,213",108.61,110.15,108.2
04/18/2018,108.88,"1,188,135",109.82,110.1,108.44
04/17/2018,109.23,"1,176,398",109.27,110.24,108.34
04/16/2018,107.95,"1,603,690",108.05,108.45,107.06
04/13/2018,107.11,"1,076,046",109.14,109.15,106.55
04/12/2018,108.05,"965,786",107.18,108.99,106.41
04/11/2018,106.2,"1,826,260",105.47,107.11,105.11
04/10/2018,106.74,"1,198,970",106.56,107.62,105.98
04/09/2018,104.93,"1,395,296",104.98,107.29,104.77
04/06/2018,104.38,"1,509,739",106.23,107.2,103.27
04/05/2018,107.53,"1,063,731",108.53,108.87,106.91
04/04/2018,107.57,"1,690,499",104.49,107.93,103.5
04/03/2018,106.44,"1,486,576",105.08,106.5,104.27
04/02/2018,104.67,"1,728,066",107.54,107.79,102.8968
03/29/2018,107.97,"1,255,103",106.18,109.04,105.28
03/28/2018,105.79,"2,135,296",106.71,107.11,104.75
03/27/2018,106.1,"1,974,177",108.81,109.72,105.59
03/26/2018,108.34,"1,634,522",106.75,108.69,105.51
03/23/2018,104.65,"2,868,309",108.24,108.26,104.47
03/22/2018,107.64,"2,671,892",111.13,111.34,107.44
03/21/2018,112.58,"2,973,277",112.37,114.65,111.51
03/20/2018,112.0,"3,268,709",113.74,114.49,111.67
03/19/2018,113.36,"1,650,941",115.35,115.395,112.03
03/16/2018,115.54,"3,674,338",115.56,117.16,115.45
03/15/2018,115.41,"1,037,614",115.73,116.0,114.69
03/14/2018,115.5,"1,426,127",117.07,117.325,114.87
03/13/2018,116.97,"1,491,818",117.25,119.07,116.61
03/12/2018,117.09,"1,038,240",117.6,119.0,116.94
03/09/2018,117.6,"939,286",115.0,117.78,114.86
03/08/2018,114.17,"946,878",113.53,114.49,112.195
03/07/2018,113.09,"1,162,220",111.82,113.59,111.0
03/06/2018,113.36,"1,011,001",112.19,113.55,111.5
03/05/2018,111.85,"1,219,461",109.69,112.1,109.35
03/02/2018,110.33,"1,414,401",109.56,110.55,108.16
03/01/2018,110.08,"1,753,757",112.24,112.7,109.36
02/28/2018,111.9,"1,923,243",113.35,114.62,111.88
02/27/2018,112.39,"1,526,523",114.17,115.39,112.33
02/26/2018,114.15,"1,354,176",112.29,114.19,111.74
02/23/2018,112.3,"1,535,101",110.86,112.32,110.42
02/22/2018,110.42,"1,445,683",110.86,111.96,110.21
02/21/2018,109.95,"1,858,818",110.27,113.25,109.78
02/20/2018,109.91,"2,210,340",109.77,110.97,108.74
02/16/2018,110.49,"1,415,216",108.9,111.31,108.17
02/15/2018,109.56,"1,840,659",109.03,109.94,107.02
02/14/2018,108.32,"1,279,203",105.09,108.41,104.51
02/13/2018,105.73,"2,038,707",103.94,105.88,103.21
02/12/2018,104.93,"2,358,753",104.44,106.4,104.1
02/09/2018,103.41,"3,628,839",104.04,104.31,99.35
02/08/2018,101.99,"3,050,822",106.78,107.77,101.87
02/07/2018,106.52,"2,331,828",106.92,108.88,106.32
02/06/2018,106.97,"3,088,100",101.98,107.55,100.64
02/05/2018,105.25,"2,645,097",109.47,111.11,104.66
02/02/2018,109.89,"2,269,120",111.39,112.68,109.5
02/01/2018,112.16,"1,465,965",110.62,112.72,110.61
01/31/2018,111.63,"4,146,985",112.46,112.725,110.39
01/30/2018,112.51,"2,397,734",115.0,115.0,111.0
01/29/2018,117.55,"2,160,406",119.97,120.07,117.28
01/26/2018,119.99,"1,493,404",117.88,119.99,117.15
01/25/2018,117.35,"1,114,667",118.16,118.31,116.73
01/24/2018,117.71,"1,185,756",118.62,119.12,116.5
01/23/2018,118.08,"1,230,407",117.5,118.36,117.0
01/22/2018,117.4,"1,403,930",117.86,118.24,116.8
01/19/2018,117.35,"1,716,607",116.31,118.19,115.84
01/18/2018,115.79,"1,441,347",116.06,116.57,115.5
01/17/2018,116.38,"1,588,447",115.08,116.905,114.58
01/16/2018,114.47,"1,698,026",116.52,117.64,114.32
01/12/2018,115.35,"1,361,147",114.06,115.62,113.97
01/11/2018,113.06,"1,956,408",111.86,113.07,110.35
01/10/2018,112.27,"1,044,067",111.9,112.7,111.24
01/09/2018,111.75,"1,333,211",111.13,112.17,110.66
01/08/2018,109.88,"1,675,468",108.22,110.22,107.515
01/05/2018,107.23,"1,073,168",105.53,107.42,105.31
01/04/2018,105.31,"773,531",105.13,106.2,105.0
01/03/2018,104.49,"1,169,761",103.5,104.61,103.26
01/02/2018,103.08,"1,591,424",104.44,105.0,102.35
12/29/2017,104.93,"659,612",105.79,106.1,104.93
12/28/2017,105.34,"807,992",105.1,105.44,104.7
12/27/2017,105.02,"1,123,742",105.55,105.85,104.89
12/26/2017,105.36,"558,780",105.46,105.54,104.925
12/22/2017,105.24,"835,110",104.6,105.29,104.1
12/21/2017,104.6,"1,018,608",104.28,104.9,103.39
12/20/2017,103.76,"1,313,754",103.29,104.8,103.29
12/19/2017,103.14,"1,113,814",103.98,104.27,103.075
12/18/2017,103.44,"1,985,774",103.4,105.36,103.0
12/15/2017,102.57,"4,293,882",101.6,103.08,101.03
12/14/2017,101.59,"1,265,780",102.61,103.12,101.23
12/13/2017,101.9,"1,314,920",101.91,103.21,101.73
12/12/2017,102.64,"2,032,914",101.8,102.96,101.8
12/11/2017,101.85,"1,213,132",102.87,102.88,101.58
12/08/2017,102.75,"1,950,973",101.95,103.37,100.89
12/07/2017,102.74,"1,260,717",101.78,103.05,101.68
12/06/2017,101.79,"1,173,079",101.2,102.46,101.05
12/05/2017,101.64,"1,929,470",103.77,104.4,101.53
12/04/2017,102.82,"2,102,437",103.35,103.61,102.07
12/01/2017,102.79,"1,955,341",102.82,103.57,100.21
11/30/2017,102.92,"2,708,757",101.8,103.85,101.03
11/29/2017,101.27,"2,183,313",100.22,102.23,100.13
11/28/2017,99.75,"1,441,644",98.08,99.8,97.97
11/27/2017,97.97,"1,147,747",97.95,99.01,97.8
11/24/2017,97.88,"488,039",98.22,98.31,97.49
11/22/2017,97.72,"1,126,207",97.55,98.01,97.0
11/21/2017,97.73,"1,566,741",96.92,97.84,96.24
11/20/2017,96.3,"1,057,168",96.06,96.51,95.4984
11/17/2017,95.98,"839,804",95.38,96.19,95.24
11/16/2017,95.53,"933,691",94.62,95.72,94.4301
11/15/2017,94.35,"1,009,986",93.96,94.97,92.88
11/14/2017,94.48,"1,056,230",93.06,94.54,93.056
11/13/2017,93.41,"1,067,055",93.03,93.48,92.4071
11/10/2017,93.57,"1,119,127",92.93,93.71,92.705
11/09/2017,92.72,"1,245,995",93.01,93.32,90.951
11/08/2017,93.49,"1,447,748",93.5,93.58,91.65
11/07/2017,93.76,"901,247",95.2,95.46,93.35
11/06/2017,94.95,"1,009,237",94.05,95.04,94.05
11/03/2017,94.57,"847,840",94.76,94.99,94.15
11/02/2017,94.63,"1,928,596",92.86,95.92,92.47
11/01/2017,92.57,"1,030,965",93.48,93.64,92.46
10/31/2017,92.9,"2,428,913",92.38,93.5,91.89
10/30/2017,92.42,"1,854,505",93.62,93.9,92.261
10/27/2017,93.98,"1,753,532",94.78,94.98,92.0
10/26/2017,95.07,"1,734,989",97.0,97.0,93.27
10/25/2017,95.15,"1,831,446",96.62,96.91,93.95
10/24/2017,96.48,"1,200,009",96.75,96.835,96.22
10/23/2017,96.13,"1,769,366",96.11,97.28,95.96
10/20/2017,96.86,"1,217,451",96.5,97.35,96.19
10/19/2017,95.63,"902,741",95.59,95.97,95.095
10/18/2017,95.76,"944,561",94.96,95.95,94.75
10/17/2017,94.73,"921,586",95.18,95.21,94.45
10/16/2017,94.82,"1,312,263",94.96,95.499,94.51
10/13/2017,94.94,"1,335,905",94.76,95.645,94.37
10/12/2017,94.46,"1,733,499",93.07,94.715,93.07
10/11/2017,92.85,"972,750",92.21,92.89,91.6
10/10/2017,92.18,"1,049,153",92.49,92.58,91.65
10/09/2017,91.98,"704,096",92.07,92.41,91.83
10/06/2017,91.72,"829,476",92.06,92.06,91.275
10/05/2017,91.75,"939,711",91.86,92.38,91.43
10/04/2017,91.41,"1,142,394",90.97,91.59,90.769
10/03/2017,90.92,"980,850",90.52,90.95,90.02
10/02/2017,90.68,"1,477,781",90.43,90.78,89.3836
09/29/2017,90.65,"1,798,685",89.91,91.19,89.7
09/28/2017,90.13,"2,241,002",88.26,90.5699,87.9
09/27/2017,88.09,"1,779,756",87.36,88.57,86.99
09/26/2017,86.56,"1,301,458",87.23,87.43,86.42
09/25/2017,87.32,"1,171,326",86.59,87.64,86.53
09/22/2017,86.69,"699,442",86.03,86.77,85.83
09/21/2017,85.97,"707,924",85.69,86.13,85.38
09/20/2017,85.72,"990,661",85.47,85.87,84.51
09/19/2017,85.1,"996,007",85.33,85.77,84.98
09/18/2017,85.35,"1,275,223",84.73,85.46,84.26
09/15/2017,84.72,"1,805,119",84.22,84.99,83.9
09/14/2017,84.27,"923,488",84.01,84.52,83.58
09/13/2017,84.27,"1,202,423",83.93,84.54,82.82
09/12/2017,84.86,"1,066,816",83.61,84.86,83.55
09/11/2017,83.35,"1,206,598",82.77,83.65,82.77
09/08/2017,82.13,"1,209,709",81.93,82.67,81.77
09/07/2017,82.25,"1,568,940",82.83,82.83,81.61
09/06/2017,82.78,"1,399,674",83.26,83.57,82.58
09/05/2017,82.78,"1,208,910",83.83,84.065,82.57
09/01/2017,84.28,"856,962",84.59,84.82,84.05
08/31/2017,84.36,"1,407,027",84.16,84.54,83.76
08/30/2017,83.82,"921,423",84.05,84.17,83.7285
08/29/2017,84.03,"1,089,994",83.5,84.2,83.01
08/28/2017,84.14,"1,054,766",84.11,84.63,83.77
08/25/2017,83.9,"1,510,082",82.9,84.28,82.9
08/24/2017,82.46,"1,212,480",83.19,83.19,82.38
08/23/2017,82.85,"956,839",83.35,83.35,82.74
08/22/2017,83.61,"1,131,687",82.57,83.74,82.57
08/21/2017,82.37,"782,072",82.33,82.74,81.99
08/18/2017,82.3,"1,091,579",82.55,82.83,82.12
08/17/2017,82.61,"1,843,129",83.99,84.03,82.53
08/16/2017,84.14,"1,464,588",84.33,85.07,84.06
08/15/2017,83.9,"1,049,858",84.05,84.22,83.44
08/14/2017,83.84,"1,011,871",83.4,84.0,82.74
08/11/2017,82.79,"1,127,023",83.17,83.75,82.57
08/10/2017,82.85,"2,025,298",82.97,84.77,82.485
08/09/2017,83.18,"1,295,591",82.94,83.38,82.48
08/08/2017,83.19,"1,337,875",83.0,83.68,82.69
08/07/2017,83.37,"799,200",82.88,83.55,82.81
08/04/2017,82.79,"879,543",83.11,83.11,82.58
08/03/2017,82.65,"1,022,619",82.64,82.93,82.19
08/02/2017,82.61,"1,271,846",83.49,83.49,82.24
08/01/2017,83.15,"1,538,773",83.08,83.185,82.48
07/31/2017,82.72,"2,758,446",82.54,82.94,82.11
07/28/2017,82.35,"1,386,170",82.51,82.93,81.87
07/27/2017,82.67,"3,047,695",85.07,85.11,81.83
07/26/2017,84.92,"2,652,196",84.11,85.42,84.04
07/25/2017,83.83,"3,019,937",82.01,84.46,81.98
07/24/2017,81.1,"1,496,706",80.84,81.13,80.37
07/21/2017,80.83,"991,256",80.96,81.4,80.71
07/20/2017,81.08,"840,171",80.94,81.25,80.43
07/19/2017,80.81,"865,012",80.33,80.93,80.0
07/18/2017,80.11,"1,537,392",79.99,80.27,79.78
07/17/2017,80.16,"1,137,684",80.29,80.49,79.51
07/14/2017,80.23,"2,189,210",79.0,80.64,79.0
07/13/2017,79.19,"4,902,952",77.8,80.05,77.8
07/12/2017,75.58,"1,032,705",75.37,76.07,75.3
07/11/2017,75.16,"2,023,116",75.5,75.57,74.3
07/10/2017,77.05,"1,885,065",76.03,77.5,76.03
07/07/2017,76.16,"1,413,710",74.61,76.4,74.43
07/06/2017,74.23,"1,335,724",75.11,75.13,74.155
07/05/2017,75.31,"974,807",75.19,75.48,74.83
07/03/2017,75.1,"873,330",74.85,75.69,74.63
06/30/2017,74.21,"1,474,131",74.6,74.98,74.2
06/29/2017,74.03,"1,585,241",75.51,75.92,73.5
06/28/2017,75.04,"1,390,663",74.56,75.27,74.3
06/27/2017,74.09,"773,316",74.05,74.575,73.82
06/26/2017,73.83,"1,025,620",73.96,74.275,73.48
06/23/2017,73.74,"4,791,268",73.49,74.03,73.13
06/22/2017,73.2,"1,157,691",72.86,73.53,72.44
06/21/2017,73.04,"1,108,559",73.61,73.68,72.98
06/20/2017,73.34,"1,003,478",73.93,73.93,73.34
06/19/2017,74.03,"1,039,400",73.81,74.345,73.44
06/16/2017,73.35,"2,073,935",73.38,73.45,72.84
06/15/2017,73.25,"1,151,954",72.46,73.39,72.09
06/14/2017,73.24,"1,147,662",73.0,73.31,72.19
06/13/2017,73.36,"1,039,393",73.69,73.82,72.76
06/12/2017,73.92,"1,734,948",73.26,73.97,72.6
06/09/2017,73.27,"1,669,438",72.08,73.38,72.0
06/08/2017,71.96,"1,481,067",72.0,72.81,71.81
06/07/2017,71.9,"1,298,630",71.43,72.0,71.25
06/06/2017,71.06,"1,328,853",71.72,71.84,70.78
06/05/2017,71.88,"1,115,975",71.61,71.92,71.09
06/02/2017,71.53,"1,518,112",71.51,71.71,70.98
06/01/2017,71.8,"2,156,299",70.72,71.81,70.2
05/31/2017,70.44,"2,365,745",69.79,70.49,69.6
05/30/2017,69.78,"1,353,296",69.49,70.05,69.38
05/26/2017,69.7,"1,370,488",69.57,70.13,69.04
05/25/2017,69.66,"2,559,358",68.68,70.05,68.3
05/24/2017,68.68,"5,330,074",69.07,69.51,67.62
05/23/2017,71.06,"1,458,912",71.23,71.29,70.48
05/22/2017,71.3,"1,263,284",70.96,71.43,70.64
