date,close,volume,open,high,low
05/15/2026,30.57,"9,488,842",30.66,30.79,30.0801
05/14/2026,30.49,"10,245,310",30.3,30.795,30.06
05/13/2026,29.85,"10,861,880",30.38,30.5292,29.42
05/12/2026,30.59,"17,432,970",30.67,31.07,30.25
05/11/2026,30.25,"12,410,260",30.55,30.89,30.165
05/08/2026,30.65,"17,658,360",31.48,32.03,30.58
05/07/2026,31.74,"14,934,320",32.6,32.9,31.4
05/06/2026,32.53,"16,916,640",33.21,33.37,32.1
05/05/2026,32.68,"20,026,740",32.05,33.125,31.98
05/04/2026,32.31,"18,147,670",33.6,33.97,32.26
05/01/2026,33.83,"14,353,250",35.12,35.27,33.645
04/30/2026,35.1,"11,497,300",34.77,35.21,34.405
04/29/2026,34.77,"10,937,130",35.05,35.305,34.365
04/28/2026,35.59,"9,747,132",36.03,36.38,35.255
04/27/2026,35.67,"13,115,990",36.815,36.965,35.51
04/24/2026,36.74,"13,835,950",37.755,37.945,36.595
04/23/2026,38.17,"11,360,610",38.98,38.98,38.04
04/22/2026,38.96,"14,161,220",39.7,40.14,38.295
04/21/2026,39.57,"25,916,390",42.6,42.9,38.915
04/20/2026,44.81,"10,431,310",45.0,45.21,44.18
04/17/2026,45.01,"8,807,918",44.7,45.42,44.66
04/16/2026,44.63,"8,463,264",44.75,45.26,44.28
04/15/2026,44.75,"6,796,657",44.88,45.485,44.395
04/14/2026,45.02,"5,133,005",45.26,45.995,44.98
04/13/2026,45.44,"6,891,221",45.13,45.48,44.3275
04/10/2026,45.03,"4,689,775",45.595,45.77,44.87
04/09/2026,45.64,"4,144,023",44.94,45.88,44.45
04/08/2026,45.28,"6,176,970",44.415,45.565,44.28
04/07/2026,43.64,"5,134,110",44.53,44.82,43.23
04/06/2026,45.39,"4,951,725",43.615,45.445,43.55
04/02/2026,43.82,"7,551,485",44.15,44.35,43.35
04/01/2026,44.53,"6,109,031",45.37,45.53,44.33
03/31/2026,45.3,"8,227,006",45.82,46.4,44.74
03/30/2026,45.41,"4,639,569",45.52,45.85,45.13
03/27/2026,44.87,"9,052,673",45.75,46.1811,44.79
03/26/2026,45.89,"4,049,735",45.91,46.56,45.7
03/25/2026,45.96,"3,941,530",46.24,46.62,45.19
03/24/2026,45.49,"6,096,714",45.32,46.06,44.44
03/23/2026,45.67,"5,776,525",46.6,46.645,45.61
03/20/2026,45.77,"5,886,314",46.1,46.37,45.45
03/19/2026,46.18,"4,861,674",45.72,46.335,45.47
03/18/2026,45.95,"5,423,534",47.03,47.395,45.925
03/17/2026,47.55,"4,823,538",48.86,49.06,47.47
03/16/2026,48.78,"6,013,582",47.815,49.16,47.815
03/13/2026,47.24,"4,488,152",48.33,48.67,47.05
03/12/2026,48.1,"6,196,362",49.34,49.45,48.05
03/11/2026,49.47,"4,776,679",50.26,50.68,49.16
03/10/2026,50.34,"5,806,547",50.27,51.21,50.03
03/09/2026,50.67,"8,927,381",49.99,51.1,49.46
03/06/2026,50.16,"4,929,657",50.3,50.55,49.59
03/05/2026,50.51,"7,398,776",50.01,50.76,49.42
03/04/2026,50.59,"6,675,520",51.58,51.97,50.59
03/03/2026,51.6,"4,628,586",51.39,51.925,50.6401
03/02/2026,52.28,"7,839,328",51.76,52.72,51.13
02/27/2026,51.84,"8,176,235",50.9,52.06,50.35
02/26/2026,51.18,"6,145,344",52.01,52.37,51.08
02/25/2026,51.77,"4,843,276",52.97,53.195,51.7
02/24/2026,53.27,"5,481,383",53.71,54.51,53.15
02/23/2026,53.89,"6,245,176",52.92,54.28,52.57
02/20/2026,52.96,"4,654,056",51.97,53.17,51.79
02/19/2026,51.96,"3,457,673",52.54,52.785,51.56
02/18/2026,52.54,"4,425,432",52.51,52.83,51.75
02/17/2026,52.69,"8,669,087",54.43,54.93,51.775
02/13/2026,55.03,"4,380,070",54.36,55.58,54.0241
02/12/2026,54.41,"5,848,304",54.56,56.19,54.21
02/11/2026,54.53,"4,436,087",54.05,54.685,53.44
02/10/2026,54.05,"4,260,567",53.81,54.255,53.24
02/09/2026,53.78,"6,093,078",54.885,55.21,53.64
02/06/2026,55.61,"6,242,871",53.94,55.655,53.82
02/05/2026,54.48,"5,782,857",55.16,55.26,54.225
02/04/2026,55.28,"7,649,791",53.485,56.12,53.485
02/03/2026,53.47,"6,672,856",52.78,54.195,52.44
02/02/2026,52.98,"9,925,357",50.88,53.055,50.56
01/30/2026,50.88,"18,692,160",51.39,51.95,49.92
01/29/2026,50.96,"20,672,250",52.9,53.41,50.285
01/28/2026,55.14,"9,151,908",55.89,56.05,55.08
01/27/2026,55.73,"5,270,109",55.74,55.87,55.13
01/26/2026,55.56,"10,026,250",55.25,56.28,55.09
01/23/2026,54.69,"9,863,664",53.51,55.0,53.51
01/22/2026,53.4,"9,704,523",53.53,54.64,53.17
01/21/2026,53.17,"10,088,730",51.68,53.55,51.66
01/20/2026,50.97,"7,514,065",50.82,51.645,50.33
01/16/2026,51.01,"5,365,945",50.37,51.22,50.175
01/15/2026,50.73,"4,793,568",51.17,51.47,50.44
01/14/2026,51.16,"4,816,480",51.67,51.98,50.845
01/13/2026,51.76,"6,177,787",50.84,51.805,50.82
01/12/2026,50.68,"5,979,580",51.3,51.595,50.34
01/09/2026,51.51,"8,856,068",51.48,52.14,50.98
01/08/2026,51.4,"8,195,364",49.42,52.06,49.335
01/07/2026,49.89,"11,884,770",50.6,51.02,49.86
01/06/2026,50.31,"7,469,376",49.56,50.6454,49.34
01/05/2026,49.83,"13,699,840",50.395,50.85,49.625
01/02/2026,50.83,"5,495,965",49.97,50.945,49.72
12/31/2025,50.01,"4,267,727",50.31,50.475,49.845
12/30/2025,50.36,"4,752,073",50.62,50.74,50.235
12/29/2025,50.81,"5,349,537",51.46,51.605,50.49
12/26/2025,51.39,"3,161,549",51.69,51.865,51.225
12/24/2025,51.65,"1,697,359",51.0,51.68,51.0
12/23/2025,51.08,"4,502,235",51.75,51.835,50.51
12/22/2025,51.72,"3,529,237",51.16,51.8,51.145
12/19/2025,51.4,"8,307,725",52.16,52.26,51.14
12/18/2025,52.33,"6,025,491",53.46,53.6427,52.1
12/17/2025,53.49,"5,481,902",52.59,53.64,52.525
12/16/2025,52.64,"3,952,001",53.02,53.14,52.295
12/15/2025,52.93,"5,097,265",52.15,53.0,51.91
12/12/2025,51.97,"4,515,128",52.15,52.3763,51.81
12/11/2025,51.81,"5,803,611",52.76,53.725,51.55
12/10/2025,52.86,"6,028,519",52.54,53.145,52.4
12/09/2025,52.35,"5,130,860",53.18,53.7872,52.26
12/08/2025,53.34,"5,690,929",54.01,54.19,53.24
12/05/2025,54.08,"3,634,930",54.45,54.6,53.96
12/04/2025,54.38,"5,061,632",54.16,54.58,53.4307
12/03/2025,54.07,"5,625,104",53.58,54.82,53.49
12/02/2025,53.22,"4,434,187",53.81,53.81,52.955
12/01/2025,53.66,"5,810,230",54.37,54.935,53.52
11/28/2025,54.78,"2,111,699",54.67,54.855,54.14
11/26/2025,54.63,"3,594,967",54.27,55.03,54.2
11/25/2025,54.42,"5,930,537",53.11,54.8799,53.01
11/24/2025,53.03,"16,174,230",53.57,54.09,52.58
11/21/2025,52.92,"5,548,648",52.66,53.965,52.44
11/20/2025,52.64,"4,282,924",52.57,53.37,52.25
11/19/2025,52.54,"5,590,202",53.56,53.78,52.09
11/18/2025,53.53,"7,977,388",52.85,53.86,52.02
11/17/2025,53.68,"5,655,334",55.23,55.75,53.37
11/14/2025,55.42,"4,955,276",55.99,56.37,55.35
11/13/2025,56.18,"4,264,387",55.91,56.94,55.8
11/12/2025,55.98,"4,602,046",55.88,56.12,54.925
11/11/2025,55.94,"7,143,371",55.435,56.94,55.435
11/10/2025,55.46,"6,493,125",54.21,55.96,53.915
11/07/2025,54.27,"3,585,795",53.22,54.3,53.146
11/06/2025,53.1,"4,611,858",53.37,53.72,52.88
11/05/2025,53.92,"5,992,623",53.21,54.355,53.12
11/04/2025,53.05,"4,674,352",52.49,53.27,52.07
11/03/2025,52.49,"7,643,329",54.21,54.21,51.9
10/31/2025,54.11,"3,834,838",53.92,54.255,53.44
10/30/2025,54.12,"4,235,273",54.22,54.925,53.52
10/29/2025,54.24,"4,040,952",55.18,55.28,53.975
10/28/2025,55.49,"4,042,751",55.97,56.165,55.34
10/27/2025,56.37,"4,952,885",56.27,56.54,55.75
10/24/2025,56.28,"6,354,276",57.5,58.2,55.99
10/23/2025,56.35,"14,800,120",53.2,58.21,53.1501
10/22/2025,54.83,"5,468,796",54.74,55.2,54.46
10/21/2025,54.77,"4,686,243",55.0,55.555,54.64
10/20/2025,55.29,"4,503,200",55.46,55.6,54.65
10/17/2025,55.2,"3,386,316",55.39,55.61,54.9
10/16/2025,55.16,"3,952,704",56.0,56.13,54.885
10/15/2025,55.81,"6,635,468",55.54,56.58,55.5
10/14/2025,55.48,"3,767,426",54.64,55.715,54.45
10/13/2025,54.91,"5,175,576",54.37,55.27,54.3
10/10/2025,54.24,"6,007,053",54.46,54.73,53.5
10/09/2025,54.22,"6,383,410",55.34,56.15,53.71
10/08/2025,53.92,"4,646,371",53.69,54.35,53.27
10/07/2025,53.71,"4,918,810",54.585,54.775,53.26
10/06/2025,54.69,"3,802,362",55.81,56.055,54.66
10/03/2025,55.83,"3,016,049",56.1,56.275,55.43
10/02/2025,56.23,"3,875,400",55.71,56.49,55.52
10/01/2025,55.92,"5,747,538",56.92,57.49,55.89
09/30/2025,56.87,"5,084,689",56.69,57.08,56.025
09/29/2025,56.69,"3,572,103",56.66,56.79,55.98
09/26/2025,56.52,"2,999,486",56.5,56.81,56.18
09/25/2025,56.42,"4,254,657",57.1,57.2,56.23
09/24/2025,57.35,"4,808,908",58.25,58.28,57.22
09/23/2025,58.56,"3,024,479",58.31,58.68,58.06
09/22/2025,58.14,"4,335,650",59.49,59.64,58.11
09/19/2025,59.66,"6,769,879",60.04,60.145,59.035
09/18/2025,59.87,"4,153,880",59.61,60.37,59.3
09/17/2025,59.1,"3,551,638",59.19,60.01,58.89
09/16/2025,58.99,"5,254,486",59.55,59.83,58.48
09/15/2025,59.61,"6,270,994",60.53,60.855,59.55
09/12/2025,60.61,"4,395,312",59.7,60.645,59.58
09/11/2025,60.02,"3,798,810",58.54,60.255,58.47
09/10/2025,58.45,"3,129,279",58.735,59.15,58.25
09/09/2025,59.08,"3,722,296",59.8,59.96,58.82
09/08/2025,60.09,"5,475,454",60.36,60.46,59.12
09/05/2025,60.52,"3,211,873",60.78,60.87,60.055
09/04/2025,60.64,"4,677,236",60.36,60.83,60.17
09/03/2025,60.14,"6,107,752",61.31,61.55,59.985
09/02/2025,61.52,"3,230,685",61.71,62.26,61.35
08/29/2025,61.76,"5,217,421",62.65,62.87,61.63
08/28/2025,62.65,"3,708,319",62.3,62.74,61.635
08/27/2025,62.38,"3,587,822",61.85,62.89,61.8
08/26/2025,61.69,"4,276,520",61.53,61.87,61.12
08/25/2025,61.52,"3,261,812",61.46,62.21,61.01
08/22/2025,61.61,"3,230,189",61.35,61.69,61.01
08/21/2025,61.0,"2,627,602",60.8,61.275,60.502
08/20/2025,61.03,"3,477,584",62.3,62.3,60.95
08/19/2025,62.28,"4,393,143",61.24,62.65,61.24
08/18/2025,61.1,"5,653,020",60.65,61.73,60.65
08/15/2025,60.49,"3,901,627",59.83,60.55,59.785
08/14/2025,59.69,"3,984,346",58.89,59.885,58.52
08/13/2025,59.73,"5,140,701",59.45,59.94,59.06
08/12/2025,59.3,"4,822,204",59.46,60.18,58.9
08/11/2025,59.53,"4,850,178",59.37,59.92,58.85
08/08/2025,59.26,"3,277,564",60.03,60.1699,59.165
08/07/2025,60.02,"2,961,498",60.5,60.8,59.49
08/06/2025,60.25,"3,831,545",59.715,60.405,59.15
08/05/2025,59.77,"3,357,667",59.51,60.06,59.22
08/04/2025,59.5,"5,391,384",57.63,59.525,57.475
08/01/2025,57.63,"5,505,392",57.015,57.67,55.49
07/31/2025,56.95,"4,179,443",57.43,58.165,56.73
07/30/2025,57.83,"4,556,503",58.74,58.74,57.495
07/29/2025,58.59,"6,467,065",58.11,59.1908,57.93
07/28/2025,58.11,"7,983,206",59.0,59.245,57.78
07/25/2025,59.33,"7,589,247",59.56,59.82,58.515
07/24/2025,59.34,"15,356,140",63.96,63.9899,57.975
07/23/2025,59.62,"10,420,310",59.25,60.44,58.41
07/22/2025,58.98,"4,773,884",57.35,59.15,57.17
07/21/2025,57.41,"4,681,658",56.85,57.96,56.8384
07/18/2025,56.58,"4,284,623",57.09,57.12,55.98
07/17/2025,56.83,"3,863,999",56.1,56.95,56.1
07/16/2025,56.04,"6,088,940",56.66,56.67,54.69
07/15/2025,56.34,"7,496,389",58.025,58.36,56.315
07/14/2025,58.04,"4,502,317",56.55,58.065,56.4482
07/11/2025,56.79,"5,881,201",57.055,57.31,56.695
07/10/2025,57.44,"5,024,117",57.02,58.06,56.81
07/09/2025,57.21,"4,659,987",56.84,57.32,56.34
07/08/2025,56.77,"5,314,647",56.56,56.86,55.46
07/07/2025,56.76,"8,825,415",54.65,56.9,54.64
07/03/2025,54.63,"2,938,398",55.14,55.14,54.18
07/02/2025,55.14,"6,040,072",54.16,55.4503,54.0101
07/01/2025,54.08,"7,108,335",52.46,54.58,52.25
06/30/2025,52.77,"5,371,780",51.72,52.9,51.28
06/27/2025,51.71,"9,816,874",52.0,52.51,51.34
06/26/2025,51.84,"5,582,117",53.0,53.03,51.565
06/25/2025,52.8,"7,495,884",53.4,53.41,52.43
06/24/2025,53.51,"10,189,880",52.44,53.615,52.195
06/23/2025,53.66,"4,457,668",52.67,53.74,52.49
06/20/2025,52.52,"5,733,386",52.37,52.675,51.88
06/18/2025,52.03,"4,237,559",51.09,52.38,51.0092
06/17/2025,50.98,"4,923,731",51.305,52.05,50.66
06/16/2025,51.69,"4,224,133",52.11,52.15,51.39
06/13/2025,51.54,"3,688,306",51.48,51.885,51.09
06/12/2025,51.74,"4,552,046",51.21,52.09,50.985
06/11/2025,51.31,"4,279,200",51.55,51.9,50.88
06/10/2025,51.48,"5,136,621",50.64,51.52,50.5001
06/09/2025,50.51,"4,970,084",50.95,51.07,50.2
06/06/2025,50.94,"6,995,107",51.77,51.98,50.605
06/05/2025,51.45,"10,694,440",49.36,52.03,49.36
06/04/2025,49.34,"7,022,216",49.25,50.215,49.08
06/03/2025,49.05,"7,440,847",47.93,49.22,47.85
06/02/2025,47.86,"6,610,946",48.04,48.08,47.24
05/30/2025,48.4,"7,785,250",49.0,49.26,48.245
05/29/2025,48.97,"5,663,802",49.19,49.79,48.52
05/28/2025,49.06,"5,199,503",50.13,50.32,48.93
05/27/2025,50.38,"6,118,246",50.14,50.81,49.91
05/23/2025,49.7,"3,690,154",49.21,49.98,49.11
05/22/2025,49.67,"4,830,990",50.05,50.13,48.91
05/21/2025,50.04,"5,460,799",51.15,51.15,49.935
05/20/2025,51.6,"4,913,982",52.75,53.04,51.39
05/19/2025,52.91,"4,766,085",52.55,53.1867,52.25
05/16/2025,52.99,"5,247,070",52.17,53.14,51.93
05/15/2025,52.17,"5,637,702",51.38,52.18,51.03
05/14/2025,51.38,"6,486,506",52.19,52.31,51.32
05/13/2025,52.31,"9,814,542",52.63,52.875,51.675
05/12/2025,52.72,"6,582,080",52.47,53.21,52.05
05/09/2025,51.3,"3,590,135",51.45,51.6523,50.54
05/08/2025,51.42,"4,164,191",51.18,51.945,50.863
05/07/2025,50.96,"4,106,840",51.29,51.52,50.42
05/06/2025,51.02,"3,519,069",51.01,51.21,50.66
05/05/2025,51.24,"4,759,244",50.82,51.57,50.55
05/02/2025,50.84,"6,274,551",50.91,51.53,50.39
05/01/2025,50.35,"5,554,462",49.94,50.63,49.18
04/30/2025,50.62,"10,114,510",49.6,50.88,49.35
04/29/2025,49.87,"3,468,595",48.62,49.94,48.41
04/28/2025,49.0,"6,417,646",49.92,50.32,48.25
04/25/2025,49.92,"6,949,036",49.21,50.13,48.95
04/24/2025,49.0,"12,588,200",48.095,49.12,46.8504
04/23/2025,50.73,"6,627,980",51.68,52.145,50.45
04/22/2025,50.28,"5,938,108",49.84,51.11,49.84
04/21/2025,49.59,"5,128,302",50.19,50.33,48.9
04/17/2025,50.16,"4,481,931",49.61,50.5,49.49
04/16/2025,49.36,"4,745,217",51.0,51.08,49.24
04/15/2025,51.0,"4,318,611",52.27,52.27,50.82
04/14/2025,52.17,"3,863,665",52.29,52.7242,51.57
04/11/2025,51.67,"4,342,043",51.27,51.85,49.7
04/10/2025,51.32,"5,802,985",50.96,52.05,50.051
04/09/2025,51.38,"7,510,231",47.27,51.7,46.97
04/08/2025,48.02,"8,788,118",50.63,50.84,47.42
04/07/2025,49.35,"9,293,446",50.17,52.295,48.82
04/04/2025,52.4,"7,533,536",53.51,55.8,52.29
04/03/2025,55.77,"7,008,590",55.64,56.19,54.615
04/02/2025,55.62,"3,245,863",54.56,55.95,54.25
04/01/2025,55.13,"4,992,111",54.89,55.44,54.525
03/31/2025,55.1,"7,950,217",53.54,55.415,53.47
03/28/2025,53.47,"3,599,669",54.08,54.21,53.32
03/27/2025,54.16,"4,651,525",53.91,54.6882,53.5
03/26/2025,53.87,"2,454,579",52.92,54.065,52.86
03/25/2025,52.83,"3,243,492",53.38,53.715,52.51
03/24/2025,53.53,"3,391,294",52.98,53.63,52.78
03/21/2025,52.46,"6,332,723",51.65,52.54,51.11
03/20/2025,51.84,"3,084,829",52.58,53.1,51.79
03/19/2025,52.8,"3,503,754",52.98,53.09,51.95
03/18/2025,52.65,"2,649,548",52.84,52.86,52.26
03/17/2025,53.13,"7,407,848",52.23,53.47,51.88
03/14/2025,51.83,"4,445,381",52.33,52.41,51.49
03/13/2025,51.66,"4,827,972",52.22,52.81,51.59
03/12/2025,52.36,"4,248,677",53.45,53.86,52.34
03/11/2025,53.92,"8,280,521",56.71,57.208,53.84
03/10/2025,57.21,"7,456,118",56.98,59.73,56.76
03/07/2025,56.89,"6,108,625",54.37,57.12,54.12
03/06/2025,54.59,"4,878,200",54.59,54.88,54.09
03/05/2025,54.95,"4,735,694",54.91,55.16,54.15
03/04/2025,55.1,"5,203,209",54.78,56.07,54.27
03/03/2025,54.9,"4,846,502",55.4,55.98,54.62
02/28/2025,55.35,"5,014,434",54.94,55.53,54.31
02/27/2025,54.72,"3,184,127",54.95,55.53,54.5601
02/26/2025,55.14,"4,009,313",56.98,57.325,54.92
02/25/2025,57.01,"5,910,687",56.06,57.645,55.76
02/24/2025,56.06,"6,782,081",56.4,56.5586,55.315
02/21/2025,56.37,"4,037,288",57.78,57.95,56.1
02/20/2025,57.74,"2,643,220",57.93,57.99,57.23
02/19/2025,57.86,"4,111,684",57.49,58.06,56.42
02/18/2025,57.72,"4,424,687",57.4,57.76,56.64
02/14/2025,57.14,"4,901,550",57.21,57.37,56.59
02/13/2025,56.99,"7,402,454",56.0,57.035,55.7796
02/12/2025,55.87,"4,078,876",54.43,55.925,54.07
02/11/2025,54.97,"5,753,041",54.32,55.06,53.89
02/10/2025,54.43,"4,881,783",53.15,54.61,53.045
02/07/2025,52.95,"6,337,948",53.17,53.39,52.5
02/06/2025,53.06,"7,711,296",53.61,53.76,52.76
02/05/2025,53.61,"4,064,062",54.3,54.3,53.46
02/04/2025,54.04,"6,172,645",54.65,54.89,53.74
02/03/2025,54.58,"6,833,912",53.5,55.22,53.39
01/31/2025,54.36,"9,309,357",54.52,54.9,53.31
01/30/2025,54.29,"9,205,378",54.04,55.43,53.5001
01/29/2025,57.16,"6,908,800",57.24,58.41,56.94
01/28/2025,57.38,"4,135,049",57.65,58.96,57.36
01/27/2025,57.93,"4,213,733",57.41,58.72,57.38
01/24/2025,57.94,"3,384,402",57.42,58.02,57.235
01/23/2025,57.38,"5,468,442",57.5,58.319,57.26
01/22/2025,57.47,"4,867,170",56.83,58.1199,56.71
01/21/2025,56.88,"7,910,635",54.1,57.06,54.02
01/17/2025,53.66,"5,583,421",54.1,54.72,53.51
01/16/2025,53.53,"4,715,328",52.92,53.73,52.63
01/15/2025,53.1,"4,975,432",53.95,54.42,52.81
01/14/2025,53.18,"3,845,390",54.66,54.83,53.04
01/13/2025,54.57,"4,980,539",54.0,54.66,53.65
01/10/2025,54.59,"6,356,753",54.24,55.8,54.16
01/08/2025,54.39,"4,148,397",53.85,54.5,53.45
01/07/2025,53.87,"3,537,121",53.89,54.21,53.28
01/06/2025,53.65,"6,099,058",52.35,53.8,51.93
01/03/2025,51.93,"6,346,226",52.44,52.69,51.28
01/02/2025,52.38,"4,838,602",53.12,53.64,51.97
12/31/2024,53.06,"4,204,855",52.6,53.64,52.45
12/30/2024,52.59,"3,997,224",54.0,54.08,52.56
12/27/2024,54.56,"3,466,624",55.08,55.57,54.27
12/26/2024,55.49,"3,416,825",54.59,55.588,53.95
12/24/2024,54.49,"2,000,568",53.69,54.5,53.32
12/23/2024,53.69,"5,348,558",53.33,53.92,52.74
12/20/2024,53.92,"10,938,870",52.66,54.43,52.66
12/19/2024,52.806,"7,494,550",53.006,53.362,52.476
12/18/2024,53.038,"7,129,675",55.193,55.193,53.022
12/17/2024,55.042,"6,116,325",55.412,55.648,54.614
12/16/2024,55.304,"5,854,810",57.34,57.4737,55.266
12/13/2024,57.09,"3,838,330",57.248,57.442,56.74
12/12/2024,57.054,"3,602,900",57.072,57.4535,56.596
12/11/2024,57.098,"4,081,370",57.224,57.778,56.958
12/10/2024,56.942,"3,845,650",56.8,57.62,56.4761
12/09/2024,56.746,"7,367,315",56.492,56.9781,55.796
12/06/2024,56.492,"5,348,635",57.116,57.634,56.362
12/05/2024,56.494,"5,765,915",57.356,57.962,55.752
12/04/2024,57.172,"4,920,510",57.0,57.542,56.5375
12/03/2024,56.996,"6,112,635",57.652,57.91,56.566
12/02/2024,58.054,"5,956,025",56.79,58.16,56.094
11/29/2024,56.734,"3,819,470",56.814,57.396,56.509
11/27/2024,56.392,"3,653,615",56.274,57.35,56.235
11/26/2024,56.038,"3,937,915",56.964,57.407,55.99
11/25/2024,57.198,"8,782,300",56.914,57.638,56.74
11/22/2024,56.342,"4,001,635",54.892,56.695,54.892
11/21/2024,54.726,"4,317,905",54.49,55.008,54.108
11/20/2024,54.0,"4,822,800",54.2,54.36,53.57
11/19/2024,54.57,"5,137,830",54.973,55.298,54.4226
11/18/2024,55.364,"3,266,435",54.906,55.577,54.7721
11/15/2024,55.132,"4,995,960",55.24,55.823,54.922
11/14/2024,55.416,"3,557,900",55.854,56.426,55.334
11/13/2024,55.75,"2,853,220",55.738,56.08,55.402
11/12/2024,55.838,"4,191,080",56.216,56.56,55.758
11/11/2024,56.314,"4,271,390",57.824,57.824,55.978
11/08/2024,57.712,"6,009,535",58.198,58.84,57.555
11/07/2024,57.858,"6,264,320",58.086,58.552,57.362
11/06/2024,57.79,"12,038,740",55.41,57.868,55.41
11/05/2024,55.242,"5,259,625",54.11,55.316,54.11
11/04/2024,54.072,"4,962,130",53.628,54.868,53.27
11/01/2024,53.314,"5,469,500",53.39,54.222,53.282
10/31/2024,53.102,"5,783,165",53.386,53.858,53.062
10/30/2024,53.588,"5,506,935",53.504,54.25,53.392
10/29/2024,53.76,"5,293,260",53.618,54.648,53.438
10/28/2024,53.997,"4,394,385",55.068,55.068,53.93
10/25/2024,54.554,"4,130,815",55.662,55.796,54.304
10/24/2024,54.858,"11,095,170",56.704,57.528,54.692
10/23/2024,58.418,"5,576,750",58.098,58.714,57.894
10/22/2024,58.288,"4,650,445",58.404,58.536,57.73
10/21/2024,58.92,"6,194,395",59.464,59.6964,58.466
10/18/2024,59.524,"4,118,100",59.9,60.018,59.46
10/17/2024,59.664,"3,849,170",60.924,60.94,59.634
10/16/2024,60.56,"4,018,830",59.934,60.758,59.742
10/15/2024,60.164,"4,017,125",60.514,61.528,60.092
10/14/2024,60.748,"2,892,100",60.716,61.276,60.304
10/11/2024,60.674,"2,661,190",59.852,60.812,59.582
10/10/2024,59.468,"4,080,465",60.058,60.242,59.1641
10/09/2024,60.192,"5,551,935",60.714,61.198,59.7
10/08/2024,60.74,"4,827,375",58.772,60.832,58.668
10/07/2024,58.772,"3,645,865",58.79,59.006,58.252
10/04/2024,58.994,"3,859,175",58.822,59.5,58.538
10/03/2024,58.37,"7,218,890",59.064,59.596,57.928
10/02/2024,59.614,"5,481,795",59.028,59.672,58.802
10/01/2024,59.028,"7,800,650",58.03,59.366,57.716
09/30/2024,58.186,"4,362,170",57.392,58.304,57.392
09/27/2024,57.228,"3,567,395",57.446,57.97,57.224
09/26/2024,57.056,"3,830,920",56.442,57.078,56.194
09/25/2024,56.172,"3,126,485",55.702,56.266,55.316
09/24/2024,55.514,"3,096,750",55.37,55.77,54.909
09/23/2024,55.37,"4,177,020",55.152,55.824,54.58
09/20/2024,54.978,"4,168,365",54.794,55.146,54.245
09/19/2024,54.794,"3,919,255",55.952,55.952,54.628
09/18/2024,55.098,"2,091,605",55.506,55.939,54.9507
09/17/2024,55.35,"3,515,120",56.378,56.692,55.312
09/16/2024,56.678,"3,186,185",56.85,57.416,56.42
09/13/2024,56.592,"2,703,160",56.338,57.264,56.202
09/12/2024,55.898,"2,504,425",55.352,56.014,55.0455
09/11/2024,55.25,"3,406,900",54.154,55.324,53.422
09/10/2024,54.154,"3,205,800",54.43,54.604,53.62
09/09/2024,54.558,"5,492,250",54.232,55.178,54.232
09/06/2024,54.118,"4,937,545",54.332,54.812,53.804
09/05/2024,54.162,"3,414,175",54.508,54.508,53.46
09/04/2024,54.536,"4,919,620",53.75,54.698,53.4597
09/03/2024,53.67,"5,317,420",53.36,53.859,53.096
08/30/2024,53.51,"6,812,320",54.6,54.606,53.152
08/29/2024,54.742,"2,862,115",55.048,55.539,54.618
08/28/2024,54.652,"3,148,650",54.454,55.108,54.45
08/27/2024,54.588,"3,088,270",54.254,54.684,53.941
08/26/2024,54.564,"4,121,050",53.918,54.916,53.692
08/23/2024,53.836,"2,554,485",53.542,53.898,53.143
08/22/2024,53.056,"1,990,595",53.546,53.572,52.9647
08/21/2024,53.522,"3,056,000",52.418,53.834,52.014
08/20/2024,52.68,"2,621,325",52.692,53.063,52.624
08/19/2024,52.788,"3,072,115",52.572,53.016,52.348
08/16/2024,52.696,"5,093,830",52.872,52.942,52.464
08/15/2024,52.6,"3,102,235",53.206,53.846,52.27
08/14/2024,52.458,"2,810,220",52.21,52.874,51.682
08/13/2024,52.068,"3,848,310",52.246,53.2,51.498
08/12/2024,52.446,"3,882,705",52.146,53.066,51.834
08/09/2024,52.104,"3,109,325",52.184,52.729,51.522
08/08/2024,52.184,"3,619,370",50.766,52.392,50.42
08/07/2024,50.39,"4,040,275",52.202,52.531,50.306
08/06/2024,52.004,"3,682,535",51.844,52.47,51.266
08/05/2024,51.23,"6,071,370",50.02,51.762,49.502
08/02/2024,50.554,"4,401,950",50.624,50.638,49.67
08/01/2024,51.252,"3,743,200",52.834,52.98,51.02
07/31/2024,52.664,"2,863,120",52.498,53.29,52.0306
07/30/2024,52.348,"5,968,590",52.856,53.018,52.032
07/29/2024,53.016,"3,598,280",52.58,53.076,52.084
07/26/2024,52.504,"4,857,100",51.892,53.364,51.884
07/25/2024,51.488,"11,680,990",51.3,53.535,50.534
07/24/2024,52.504,"6,555,030",53.888,54.026,52.498
07/23/2024,54.072,"4,008,135",54.362,54.431,53.7
07/22/2024,54.216,"5,528,240",53.77,54.309,52.6
07/19/2024,53.69,"3,968,735",53.952,54.318,53.342
07/18/2024,53.986,"6,645,830",55.7,55.7,53.804
07/17/2024,55.764,"4,831,105",56.116,56.642,55.715
07/16/2024,56.634,"5,979,890",54.264,56.646,54.168
07/15/2024,54.168,"6,094,825",54.23,54.996,53.458
07/12/2024,54.214,"4,743,220",52.84,54.448,52.818
07/11/2024,52.564,"5,732,150",51.976,52.838,51.85
07/10/2024,51.85,"4,669,120",51.588,51.876,51.242
07/09/2024,51.452,"4,339,470",52.032,52.126,51.239
07/08/2024,52.184,"6,263,135",52.702,52.882,51.38
07/05/2024,52.506,"5,408,825",52.37,52.65,52.062
07/03/2024,52.33,"3,832,440",52.908,52.964,51.738
07/02/2024,53.206,"3,718,775",53.498,53.631,53.072
07/01/2024,53.548,"5,070,260",54.21,54.73,53.336
06/28/2024,54.0,"8,505,295",54.438,55.314,53.701
06/27/2024,53.51,"10,605,300",53.236,53.788,53.0
06/26/2024,53.4,"7,274,770",52.91,53.97,52.456
06/25/2024,52.912,"13,781,905",55.14,55.14,52.4817
06/24/2024,55.474,"6,208,330",56.152,57.082,55.072
06/21/2024,56.312,"8,777,440",55.778,56.928,55.778
06/20/2024,56.046,"8,794,530",57.988,57.992,55.988
06/18/2024,57.996,"5,102,730",57.898,58.076,57.324
06/17/2024,57.91,"4,498,885",55.806,58.014,55.758
06/14/2024,56.05,"4,658,265",56.142,56.45,55.554
06/13/2024,56.296,"5,420,335",56.178,56.46,55.5
06/12/2024,55.982,"4,295,145",56.0,56.17,55.274
06/11/2024,55.66,"5,581,140",54.6,55.81,54.28
06/10/2024,54.724,"3,164,155",54.178,54.78,53.869
06/07/2024,54.186,"4,773,080",53.87,54.564,53.71
06/06/2024,53.952,"3,417,350",53.862,54.134,53.636
06/05/2024,54.074,"5,513,115",53.99,54.112,53.519
06/04/2024,53.942,"5,895,190",53.086,54.696,53.0746
06/03/2024,53.512,"9,901,430",56.084,56.264,52.533
05/31/2024,57.058,"6,606,070",56.324,57.104,55.766
05/30/2024,56.16,"3,650,790",56.5,56.8,56.104
05/29/2024,56.204,"3,758,730",56.06,56.272,55.614
05/28/2024,56.372,"5,393,560",56.286,56.45,55.927
05/24/2024,56.4,"3,950,090",56.588,56.612,56.038
05/23/2024,56.652,"4,554,720",56.68,57.126,56.06
05/22/2024,56.552,"3,628,015",56.982,57.362,56.278
05/21/2024,57.136,"9,283,805",57.092,57.556,56.518
05/20/2024,56.808,"5,299,915",57.272,57.578,56.276
05/17/2024,57.134,"10,906,915",55.384,57.23,54.8
05/16/2024,55.242,"3,965,795",54.882,55.712,54.882
05/15/2024,55.192,"3,018,570",54.734,55.276,54.682
05/14/2024,54.9,"4,734,595",54.522,55.214,54.252
05/13/2024,54.334,"3,967,780",54.52,54.76,54.001
05/10/2024,54.286,"4,657,405",53.956,54.44,53.676
05/09/2024,53.94,"3,051,355",53.338,54.09,53.2
05/08/2024,53.33,"4,167,605",53.6,53.808,53.2232
05/07/2024,54.026,"3,204,560",54.014,54.581,53.666
05/06/2024,53.908,"3,408,460",54.088,54.23,53.54
05/03/2024,54.042,"5,675,715",53.588,54.37,53.294
05/02/2024,53.34,"6,346,970",54.282,54.282,53.234
05/01/2024,54.234,"7,467,765",54.712,54.918,53.484
04/30/2024,54.616,"4,837,465",55.47,55.876,54.47
04/29/2024,55.576,"5,330,900",54.676,55.6315,54.356
04/26/2024,54.78,"7,997,640",52.932,54.932,52.806
04/25/2024,53.052,"11,477,410",51.62,53.208,50.252
04/24/2024,51.626,"6,608,025",50.606,51.666,50.18
04/23/2024,51.192,"5,047,980",51.0,51.928,50.8814
04/22/2024,50.676,"5,352,730",51.104,51.233,50.54
04/19/2024,50.558,"6,423,860",49.622,50.674,49.622
04/18/2024,49.47,"4,133,265",49.944,50.03,49.222
04/17/2024,49.478,"6,099,835",49.174,49.674,49.076
04/16/2024,48.968,"5,517,625",48.496,49.314,48.496
04/15/2024,48.394,"4,722,595",49.666,49.752,48.304
04/12/2024,48.978,"4,959,595",49.558,49.718,48.836
04/11/2024,50.038,"5,393,365",50.948,50.948,49.352
04/10/2024,50.66,"4,538,230",49.79,50.782,49.34
04/09/2024,50.638,"3,951,730",50.256,50.742,49.622
04/08/2024,49.914,"5,067,825",50.278,50.842,49.888
04/05/2024,50.498,"6,142,750",50.502,50.86,50.136
04/04/2024,50.502,"4,682,125",51.102,51.172,50.214
04/03/2024,50.428,"4,334,110",51.39,51.625,50.378
04/02/2024,51.378,"4,338,590",51.6,51.766,50.858
04/01/2024,51.648,"4,468,875",52.338,52.603,51.486
03/28/2024,52.344,"3,234,765",52.354,52.758,51.892
03/27/2024,52.088,"4,080,600",51.918,52.178,51.604
03/26/2024,51.612,"3,226,190",51.738,51.954,51.414
03/25/2024,51.736,"3,812,820",52.492,52.7955,51.704
03/22/2024,52.594,"6,169,685",53.072,53.202,52.336
03/21/2024,53.234,"5,641,155",51.2,53.604,51.2
03/20/2024,51.404,"4,358,895",51.434,51.492,50.606
03/19/2024,51.274,"4,153,290",51.112,51.726,51.038
03/18/2024,51.144,"3,951,950",51.71,51.748,50.814
03/15/2024,51.43,"7,290,130",50.55,51.9238,50.442
03/14/2024,50.774,"9,044,570",51.222,51.274,49.948
03/13/2024,50.734,"6,116,110",50.034,51.24,49.958
03/12/2024,49.936,"2,908,245",49.884,50.464,49.622
03/11/2024,49.778,"3,067,800",50.052,50.094,49.228
03/08/2024,50.098,"2,498,515",50.134,50.327,49.694
03/07/2024,49.818,"4,306,090",50.198,50.41,49.4
03/06/2024,50.132,"3,553,835",49.77,50.18,49.56
03/05/2024,49.572,"4,821,410",50.516,50.516,49.524
03/04/2024,50.652,"4,577,460",49.954,50.672,49.65
03/01/2024,50.484,"4,499,340",50.978,50.978,50.05
02/29/2024,50.864,"6,845,505",50.896,51.13,50.268
02/28/2024,50.52,"4,347,445",50.0,50.704,49.998
02/27/2024,50.24,"8,315,510",48.698,50.534,48.68
02/26/2024,48.542,"7,362,175",48.536,49.354,48.468
02/23/2024,48.614,"5,319,635",47.988,48.704,47.83
02/22/2024,47.942,"4,853,800",47.07,48.001,46.896
02/21/2024,47.076,"2,757,830",47.362,47.362,46.7641
02/20/2024,47.284,"3,799,250",47.042,47.492,46.99
02/16/2024,47.298,"3,486,990",47.318,47.74,47.152
02/15/2024,47.532,"3,495,500",47.344,47.826,47.252
02/14/2024,47.098,"5,253,950",47.024,47.172,46.187
02/13/2024,46.664,"5,685,705",46.412,46.985,46.064
02/12/2024,47.242,"6,195,435",47.2,47.488,46.892
02/09/2024,47.016,"4,962,690",46.366,47.038,46.266
02/08/2024,46.366,"5,960,985",46.768,47.002,46.0984
02/07/2024,46.69,"4,642,665",47.012,47.42,46.673
02/06/2024,46.758,"4,938,930",46.512,47.0,46.08
02/05/2024,46.192,"6,562,930",46.326,46.773,45.744
02/02/2024,46.588,"9,581,815",46.814,46.912,45.304
02/01/2024,46.98,"15,048,060",45.058,47.082,44.352
01/31/2024,44.92,"10,741,515",45.562,45.658,44.854
01/30/2024,45.558,"6,416,545",44.93,45.908,44.746
01/29/2024,45.268,"10,098,680",45.278,46.064,45.018
01/26/2024,45.524,"5,392,120",45.486,45.612,45.018
01/25/2024,45.266,"7,256,970",45.2,45.356,44.728
01/24/2024,45.206,"6,648,830",45.882,45.9,45.198
01/23/2024,45.68,"8,212,530",46.272,46.426,45.286
01/22/2024,46.5,"7,930,570",46.342,46.682,46.088
01/19/2024,46.212,"8,425,445",46.112,46.704,45.783
01/18/2024,46.05,"7,105,030",45.636,46.172,45.276
01/17/2024,45.506,"11,565,900",44.156,45.53,44.156
01/16/2024,44.854,"8,184,895",44.396,44.87,44.194
01/12/2024,44.714,"5,080,960",44.286,44.803,43.944
01/11/2024,44.318,"4,562,310",44.012,44.362,43.83
01/10/2024,44.006,"6,102,390",44.146,44.28,43.836
01/09/2024,44.164,"6,739,005",44.564,44.906,43.958
01/08/2024,44.706,"6,451,530",43.64,44.742,43.564
01/05/2024,43.782,"7,144,765",42.742,43.918,42.724
01/04/2024,43.008,"6,250,360",42.53,43.196,42.53
01/03/2024,42.53,"5,912,600",43.296,43.296,42.3515
01/02/2024,43.313,"6,646,835",42.652,43.932,42.548
12/29/2023,43.006,"5,352,220",43.29,43.401,42.844
12/28/2023,43.18,"6,384,595",42.634,43.554,42.536
12/27/2023,42.528,"4,146,650",42.146,42.758,41.8
12/26/2023,42.146,"4,248,635",42.3,42.514,42.124
12/22/2023,42.384,"5,024,360",42.538,43.064,42.265
12/21/2023,42.34,"4,564,545",42.452,42.763,42.186
12/20/2023,41.956,"8,418,685",42.784,42.974,41.922
12/19/2023,43.228,"4,893,140",43.274,43.564,43.112
12/18/2023,43.15,"6,380,860",43.57,43.6355,42.762
12/15/2023,43.46,"14,331,060",44.32,44.32,43.23
12/14/2023,44.82,"9,280,555",44.58,45.172,44.166
12/13/2023,44.092,"5,614,250",43.164,44.226,42.794
12/12/2023,43.06,"4,694,010",43.268,43.326,42.918
12/11/2023,43.214,"6,172,395",42.52,43.327,42.49
12/08/2023,42.414,"5,857,400",42.034,42.554,41.939
12/07/2023,41.81,"5,466,875",41.762,42.004,41.4
12/06/2023,41.892,"6,279,845",41.604,42.236,41.32
12/05/2023,41.438,"4,826,885",41.488,41.643,41.096
12/04/2023,42.402,"6,822,980",41.888,43.178,41.802
12/01/2023,42.014,"6,708,260",40.68,42.048,40.606
11/30/2023,40.602,"7,132,585",40.066,40.656,39.582
11/29/2023,40.038,"4,206,135",40.118,41.074,40.024
11/28/2023,39.984,"4,236,590",39.474,40.252,39.4
11/27/2023,39.556,"6,237,155",39.604,39.867,39.488
11/24/2023,39.638,"2,846,315",39.732,39.977,39.506
11/22/2023,39.688,"4,767,825",39.716,40.102,39.6
11/21/2023,39.49,"6,051,090",40.0,40.0,38.746
11/20/2023,40.142,"4,739,255",40.406,40.534,39.79
11/17/2023,40.522,"4,932,170",41.002,41.002,40.48
11/16/2023,40.612,"5,511,155",41.348,41.452,40.352
11/15/2023,41.5,"7,271,460",41.418,42.214,41.2
11/14/2023,41.346,"8,477,275",39.748,41.5397,39.748
11/13/2023,39.22,"7,931,125",39.53,39.868,39.208
11/10/2023,39.708,"6,481,860",39.154,39.838,38.72
11/09/2023,39.016,"6,985,425",39.8,39.9,38.796
11/08/2023,39.9,"4,562,040",39.944,40.686,39.554
11/07/2023,39.837,"3,743,270",39.98,40.0,39.5196
11/06/2023,39.85,"4,553,655",39.822,40.039,39.5395
11/03/2023,39.856,"6,533,955",39.502,40.07,39.294
11/02/2023,39.032,"5,315,715",38.466,39.308,38.277
11/01/2023,38.112,"5,210,900",38.35,38.467,37.615
10/31/2023,38.512,"4,560,355",38.152,38.648,38.044
10/30/2023,38.238,"6,735,445",37.932,38.386,37.212
10/27/2023,37.562,"9,921,410",37.618,38.468,37.4
10/26/2023,37.758,"17,250,575",37.446,38.812,37.0
10/25/2023,39.614,"8,721,705",39.48,39.86,39.22
10/24/2023,39.644,"5,312,705",39.734,40.1589,39.517
10/23/2023,39.634,"7,594,430",38.992,39.908,38.716
10/20/2023,39.054,"11,062,945",40.524,40.524,38.912
10/19/2023,40.428,"4,439,280",41.276,41.388,40.366
10/18/2023,41.474,"5,482,400",41.472,41.844,41.008
10/17/2023,41.482,"6,886,545",41.068,41.856,41.068
10/16/2023,41.134,"5,473,870",40.398,41.362,40.24
10/13/2023,40.148,"8,251,155",38.894,40.277,38.894
10/12/2023,39.35,"8,066,490",40.744,40.744,38.958
10/11/2023,40.862,"4,443,460",41.068,41.163,40.544
10/10/2023,41.006,"5,149,680",40.696,41.142,40.523
10/09/2023,40.78,"5,108,980",40.824,41.088,40.07
10/06/2023,40.894,"4,280,470",40.948,41.272,40.364
10/05/2023,41.034,"5,877,565",40.6,41.102,40.424
10/04/2023,41.202,"4,975,980",40.726,41.402,40.678
10/03/2023,40.706,"4,654,005",40.49,40.844,40.216
10/02/2023,40.7,"6,137,350",40.764,40.998,40.022
09/29/2023,40.61,"6,715,765",41.212,41.278,40.427
09/28/2023,40.684,"3,546,880",41.05,41.117,40.542
09/27/2023,40.602,"5,952,130",40.422,41.026,40.176
09/26/2023,40.606,"4,282,375",41.046,41.516,40.58
09/25/2023,41.27,"4,122,525",41.0,41.588,40.944
09/22/2023,41.01,"3,770,605",40.926,41.43,40.926
09/21/2023,40.918,"6,287,845",41.3,41.405,40.68
09/20/2023,41.51,"4,888,790",41.908,41.918,41.47
09/19/2023,42.03,"4,060,140",41.652,42.088,41.384
09/18/2023,41.898,"4,805,770",42.544,42.562,41.769
09/15/2023,42.568,"8,621,355",42.898,42.964,42.45
09/14/2023,43.186,"5,265,640",43.18,43.212,42.752
09/13/2023,43.178,"5,115,805",43.43,43.664,42.962
09/12/2023,43.42,"3,658,710",43.536,43.731,43.32
09/11/2023,43.536,"3,659,915",43.62,43.8065,43.38
09/08/2023,43.478,"4,930,395",43.776,44.008,43.358
09/07/2023,43.8,"6,125,760",43.462,44.088,43.248
09/06/2023,43.148,"5,942,535",43.378,43.55,42.682
09/05/2023,43.616,"6,146,445",43.856,44.008,43.386
09/01/2023,44.104,"7,083,875",43.824,44.128,43.473
08/31/2023,43.7,"10,897,640",44.294,44.308,43.18
08/30/2023,44.59,"5,224,680",44.64,44.666,44.246
08/29/2023,44.518,"5,030,020",43.844,44.696,43.722
08/28/2023,43.8,"8,377,850",42.87,43.934,42.694
08/25/2023,42.708,"5,944,230",42.502,42.964,42.1886
08/24/2023,42.326,"5,811,755",42.564,43.22,42.32
08/23/2023,42.918,"7,170,120",42.674,43.266,42.464
08/22/2023,43.0,"8,691,490",42.824,43.002,41.724
08/21/2023,43.124,"6,441,950",43.87,44.046,43.066
08/18/2023,43.864,"3,462,275",43.662,44.206,43.662
08/17/2023,43.8,"5,725,425",44.352,44.608,43.678
08/16/2023,44.176,"4,155,805",44.476,44.6098,44.054
08/15/2023,44.41,"2,927,220",44.22,44.544,44.118
08/14/2023,44.488,"4,154,225",44.486,44.68,44.054
08/11/2023,44.504,"4,214,125",44.704,44.804,44.368
08/10/2023,44.454,"5,266,270",45.104,45.271,44.132
08/09/2023,44.832,"3,718,045",44.384,44.986,44.276
08/08/2023,44.354,"5,922,925",44.46,44.572,44.05
08/07/2023,44.56,"3,182,635",44.462,44.706,44.41
08/04/2023,44.462,"4,309,050",45.428,45.504,44.378
08/03/2023,45.428,"5,136,655",45.386,46.158,45.037
08/02/2023,45.2,"6,171,160",44.768,45.858,44.602
08/01/2023,44.838,"4,730,980",44.568,45.3376,44.568
07/31/2023,44.798,"5,756,550",44.834,45.109,44.34
07/28/2023,44.798,"7,084,060",45.06,45.222,44.534
07/27/2023,44.718,"14,795,685",43.526,45.252,43.145
07/26/2023,42.904,"7,236,180",42.766,43.08,42.388
07/25/2023,42.544,"10,793,820",42.034,42.866,41.718
07/24/2023,42.932,"6,245,030",43.314,43.464,42.76
07/21/2023,43.138,"6,769,835",42.764,43.464,42.616
07/20/2023,42.882,"9,104,000",42.094,43.092,42.094
07/19/2023,42.232,"8,132,180",42.6,43.108,42.132
07/18/2023,42.44,"7,821,635",41.986,42.828,41.986
07/17/2023,42.162,"9,947,690",42.572,42.74,41.628
07/14/2023,42.988,"6,100,540",43.432,43.684,42.914
07/13/2023,43.272,"5,661,400",44.061,44.061,43.222
07/12/2023,44.156,"4,846,350",44.984,45.08,44.142
07/11/2023,44.596,"6,819,460",44.33,44.776,44.294
07/10/2023,44.256,"6,066,065",43.352,44.258,43.352
07/07/2023,43.372,"6,349,465",43.598,43.798,43.318
07/06/2023,43.776,"5,292,265",43.744,44.187,43.601
07/05/2023,44.074,"4,830,660",44.002,44.15,43.592
07/03/2023,44.206,"4,183,130",44.304,44.34,43.44
06/30/2023,44.22,"7,875,685",43.662,44.456,43.408
06/29/2023,43.484,"6,353,225",43.32,43.52,42.998
06/28/2023,43.32,"9,357,740",43.8,43.804,42.968
06/27/2023,44.626,"4,704,265",43.86,44.668,43.853
06/26/2023,43.812,"4,573,970",43.902,44.096,43.702
06/23/2023,43.74,"6,623,425",43.998,44.237,43.682
06/22/2023,43.928,"5,197,245",44.214,44.322,43.664
06/21/2023,44.092,"6,881,840",43.406,44.256,43.074
06/20/2023,43.402,"9,131,095",43.494,43.658,42.976
06/16/2023,43.786,"7,793,650",44.512,44.564,43.574
06/15/2023,44.14,"7,152,610",43.58,44.199,43.348
06/14/2023,43.608,"4,723,795",43.632,44.0,43.466
06/13/2023,43.498,"6,453,200",44.082,44.206,43.3475
06/12/2023,43.896,"6,626,525",43.444,43.922,42.922
06/09/2023,43.444,"5,377,905",43.566,43.918,43.3999
06/08/2023,43.89,"5,444,850",43.506,44.212,43.493
06/07/2023,43.562,"6,488,980",43.372,43.774,43.172
06/06/2023,43.372,"9,845,330",41.452,43.406,41.452
06/05/2023,41.51,"7,757,190",41.85,42.196,41.1
06/02/2023,42.238,"7,711,000",41.686,42.428,41.606
06/01/2023,41.264,"9,568,085",42.188,42.2,41.078
05/31/2023,41.918,"11,753,060",42.776,42.87,41.804
05/30/2023,43.07,"9,032,325",42.368,43.118,42.096
05/26/2023,42.3,"7,812,760",42.208,42.612,41.884
05/25/2023,42.772,"7,580,735",43.672,43.672,42.506
05/24/2023,43.698,"5,582,980",44.164,44.232,43.324
05/23/2023,43.708,"6,031,250",44.088,44.496,43.618
05/22/2023,44.556,"5,780,700",45.176,45.665,44.53
05/19/2023,44.846,"6,841,820",45.888,46.0175,44.781
05/18/2023,46.112,"6,924,635",44.982,46.18,44.711
05/17/2023,44.982,"6,433,055",45.24,45.319,44.73
05/16/2023,45.26,"8,267,215",45.626,45.692,44.42
05/15/2023,46.306,"6,923,685",47.818,47.922,46.167
05/12/2023,47.984,"3,620,165",48.356,48.58,47.742
05/11/2023,48.364,"3,232,525",48.822,49.088,47.794
05/10/2023,48.774,"4,865,900",48.472,48.998,48.322
05/09/2023,48.342,"3,311,475",48.036,48.418,47.83
05/08/2023,48.14,"3,334,570",48.1,48.74,47.936
05/05/2023,48.066,"4,563,770",47.398,48.406,47.398
05/04/2023,47.364,"4,268,485",48.628,48.838,47.198
05/03/2023,48.662,"3,390,435",48.164,49.1657,48.09
05/02/2023,48.39,"6,135,700",47.72,48.43,47.179
05/01/2023,47.79,"5,241,770",47.844,48.124,47.43
04/28/2023,47.68,"7,064,090",47.82,47.82,46.816
04/27/2023,47.818,"10,493,645",48.4,48.48,46.092
04/26/2023,48.638,"5,234,955",48.8,49.148,48.524
04/25/2023,48.874,"5,965,900",49.702,49.846,48.814
04/24/2023,49.994,"4,606,225",49.4,50.178,49.286
04/21/2023,49.718,"5,302,920",49.894,50.234,49.54
04/20/2023,49.8,"6,119,345",49.15,50.082,49.016
04/19/2023,49.364,"7,190,850",49.04,49.408,48.658
04/18/2023,49.042,"5,861,375",48.48,49.066,48.291
04/17/2023,48.248,"5,258,360",47.89,48.256,47.722
04/14/2023,47.59,"3,391,380",47.202,47.752,47.154
04/13/2023,47.212,"4,201,780",46.588,47.351,46.422
04/12/2023,46.528,"5,404,730",48.194,48.194,46.431
04/11/2023,48.0,"4,689,895",47.642,48.454,47.198
04/10/2023,47.71,"5,520,910",46.876,47.958,46.876
04/06/2023,47.126,"4,932,515",46.548,47.178,45.936
04/05/2023,46.906,"5,152,165",47.508,47.778,46.5152
04/04/2023,47.918,"4,123,945",48.32,48.4,47.404
04/03/2023,48.332,"5,287,975",47.124,48.404,47.124
03/31/2023,47.008,"5,183,600",46.228,47.318,46.092
03/30/2023,46.078,"4,543,835",46.182,46.39,46.014
03/29/2023,46.088,"8,097,745",46.086,46.234,45.754
03/28/2023,45.902,"4,444,275",46.1,46.216,45.781
03/27/2023,45.954,"4,698,080",45.566,46.4,45.328
03/24/2023,45.442,"4,080,425",45.364,45.818,44.926
03/23/2023,45.322,"4,605,770",45.672,45.768,44.969
03/22/2023,45.768,"4,447,680",46.87,47.015,45.752
03/21/2023,47.134,"4,612,700",46.8,47.362,46.8
03/20/2023,46.438,"5,311,555",46.598,46.982,46.228
03/17/2023,46.488,"5,550,995",47.16,47.214,46.29
03/16/2023,47.064,"5,580,185",46.196,47.2448,46.196
03/15/2023,46.282,"5,704,360",45.725,46.458,45.59
03/14/2023,45.93,"3,845,630",45.97,46.092,45.358
03/13/2023,45.586,"3,994,030",45.068,46.002,45.045
03/10/2023,45.448,"5,329,070",45.382,46.054,45.1982
03/09/2023,45.382,"5,327,230",45.968,46.337,45.329
03/08/2023,45.69,"3,526,395",45.722,45.986,45.378
03/07/2023,45.706,"4,427,495",46.072,46.206,45.5202
03/06/2023,45.738,"3,462,030",46.032,46.386,45.628
03/03/2023,46.032,"3,080,925",45.83,46.055,45.587
03/02/2023,45.698,"3,508,585",45.0,45.802,44.7393
03/01/2023,45.152,"6,612,620",46.19,46.268,44.972
02/28/2023,46.652,"3,881,140",47.008,47.226,46.626
02/27/2023,46.886,"3,379,000",46.322,46.968,46.259
02/24/2023,46.108,"4,400,360",46.21,46.282,45.84
02/23/2023,46.6,"6,179,465",46.536,46.6995,46.076
02/22/2023,46.562,"4,240,040",46.892,47.2,46.466
02/21/2023,46.808,"6,088,735",47.304,47.442,46.69
02/17/2023,47.8,"5,747,100",46.982,47.832,46.827
02/16/2023,47.396,"4,117,790",47.45,47.588,47.14
02/15/2023,47.922,"3,994,720",47.526,47.932,47.3
02/14/2023,47.598,"4,254,840",47.2,47.652,46.968
02/13/2023,47.434,"5,607,555",46.8,47.574,46.554
02/10/2023,46.6,"4,747,965",46.826,46.942,46.393
02/09/2023,46.752,"4,228,550",46.242,46.92,46.242
02/08/2023,46.248,"3,666,995",46.384,46.61,46.178
02/07/2023,46.546,"4,803,070",46.294,46.67,45.1929
02/06/2023,46.484,"4,961,420",45.598,46.5398,45.54
02/03/2023,45.712,"4,801,770",45.878,46.468,45.678
02/02/2023,46.18,"5,544,950",46.422,46.67,45.724
02/01/2023,46.006,"5,866,160",45.45,46.186,44.838
01/31/2023,45.598,"6,114,005",44.73,45.61,44.73
01/30/2023,44.558,"6,488,045",45.126,45.364,44.434
01/27/2023,45.134,"6,755,655",45.836,45.888,44.45
01/26/2023,45.344,"11,542,215",46.184,47.072,43.496
01/25/2023,42.764,"7,195,205",42.692,42.844,42.048
01/24/2023,42.972,"5,083,165",43.0,43.35,42.36
01/23/2023,43.096,"6,601,825",43.348,43.427,42.506
01/20/2023,42.414,"7,202,260",41.464,42.652,41.246
01/19/2023,41.372,"5,935,100",42.99,43.158,41.328
01/18/2023,42.946,"5,396,880",43.778,44.056,42.916
01/17/2023,43.798,"6,007,415",44.29,44.862,43.7765
01/13/2023,44.218,"6,859,030",43.812,44.87,43.738
01/12/2023,44.148,"5,269,215",44.622,44.9838,44.086
01/11/2023,44.32,"5,055,125",44.546,44.949,44.164
01/10/2023,44.348,"5,594,605",43.568,44.354,42.885
01/09/2023,43.496,"6,121,290",44.145,44.514,43.335
01/06/2023,44.328,"4,621,365",44.146,44.948,44.026
01/05/2023,43.926,"5,644,605",44.2,44.4,43.664
01/04/2023,44.298,"4,494,455",44.902,45.066,44.01
01/03/2023,44.636,"5,517,375",45.078,45.218,44.238
12/30/2022,44.994,"3,595,360",44.974,45.226,44.605
12/29/2022,45.396,"3,988,820",44.198,45.548,44.174
12/28/2022,43.98,"3,945,750",44.8,45.074,43.898
12/27/2022,44.618,"5,287,925",43.566,44.78,43.23
12/23/2022,43.412,"3,642,875",42.7,43.422,42.452
12/22/2022,42.61,"5,294,435",42.416,42.63,41.76
12/21/2022,42.85,"3,824,185",42.578,43.072,42.118
12/20/2022,42.04,"4,626,380",42.218,42.274,41.514
12/19/2022,42.292,"4,621,315",42.3,42.618,42.02
12/16/2022,42.102,"8,066,160",42.402,42.916,41.7361
12/15/2022,42.804,"4,977,915",42.646,42.95,42.114
12/14/2022,43.064,"5,154,225",43.18,43.382,42.23
12/13/2022,42.84,"5,456,280",44.062,44.14,42.182
12/12/2022,42.894,"4,718,290",43.786,43.866,42.4181
12/09/2022,43.664,"4,241,880",43.566,44.183,43.242
12/08/2022,43.904,"3,661,370",43.41,44.034,43.208
12/07/2022,43.468,"3,117,850",43.328,44.294,43.258
12/06/2022,43.426,"4,408,380",44.118,44.306,42.926
12/05/2022,44.19,"4,737,655",44.374,44.6773,43.954
12/02/2022,44.988,"3,594,730",44.73,45.168,44.154
12/01/2022,44.926,"5,039,465",45.652,45.962,44.64
11/30/2022,45.262,"10,045,680",43.854,45.418,43.64
11/29/2022,43.802,"3,993,970",44.276,44.357,43.68
11/28/2022,44.376,"5,019,625",44.762,45.094,44.336
11/25/2022,44.804,"2,081,700",45.484,45.62,44.6542
11/23/2022,45.152,"4,162,160",44.846,45.48,44.672
11/22/2022,44.708,"3,444,650",44.474,44.827,44.17
11/21/2022,44.088,"4,851,360",43.272,44.301,43.238
11/18/2022,43.972,"6,028,500",43.52,44.082,43.12
11/17/2022,42.976,"5,086,645",43.268,43.598,42.23
11/16/2022,43.82,"10,372,395",42.57,44.108,41.912
11/15/2022,43.24,"5,895,450",43.212,43.496,42.384
11/14/2022,42.556,"7,998,350",42.02,43.46,41.852
11/11/2022,41.81,"6,381,680",42.626,42.89,41.498
11/10/2022,42.118,"6,267,870",42.22,43.11,41.629
11/09/2022,40.68,"5,420,900",41.172,41.6202,40.568
11/08/2022,41.43,"6,190,190",42.014,42.592,41.018
11/07/2022,41.798,"9,166,110",41.156,42.084,40.188
11/04/2022,41.312,"9,346,080",42.602,42.64,40.508
11/03/2022,42.262,"6,210,260",42.034,42.798,41.8
11/02/2022,42.282,"5,452,450",43.716,43.916,42.276
11/01/2022,44.106,"5,081,700",44.238,44.59,43.582
10/31/2022,43.954,"7,798,575",44.222,44.534,43.488
10/28/2022,44.628,"4,948,120",43.138,44.817,43.138
10/27/2022,43.116,"6,148,615",43.436,43.6275,42.716
10/26/2022,43.192,"5,583,360",43.078,44.081,42.584
10/25/2022,42.858,"7,550,970",41.578,42.93,41.518
10/24/2022,41.566,"9,964,565",39.876,42.052,39.876
10/21/2022,39.474,"8,804,365",37.604,39.892,37.51
10/20/2022,37.906,"12,535,855",39.68,39.8,37.458
10/19/2022,39.264,"7,036,755",40.692,40.854,39.034
10/18/2022,40.568,"7,405,495",41.0,41.246,40.252
10/17/2022,40.342,"5,811,630",40.382,40.709,39.952
10/14/2022,39.736,"5,363,705",41.0,41.0,39.656
10/13/2022,40.58,"8,364,270",39.99,40.92,38.984
10/12/2022,40.722,"8,294,400",40.202,40.932,39.899
10/11/2022,40.152,"5,757,315",39.126,40.5,39.126
10/10/2022,39.126,"3,545,325",39.008,39.338,38.384
10/07/2022,38.924,"4,893,395",39.698,39.766,38.77
10/06/2022,40.016,"5,381,295",40.498,40.702,39.8394
10/05/2022,40.318,"6,049,940",39.258,40.68,39.142
10/04/2022,39.578,"6,722,845",39.164,39.789,39.152
10/03/2022,38.824,"6,747,320",37.4,39.184,37.27
09/30/2022,37.176,"6,085,730",37.206,37.524,36.28
09/29/2022,37.498,"5,174,170",38.298,38.406,37.288
09/28/2022,38.452,"6,642,085",37.944,38.554,37.562
09/27/2022,37.714,"7,681,190",37.642,38.168,37.307
09/26/2022,37.218,"4,794,475",37.122,37.722,36.983
09/23/2022,37.118,"5,321,915",37.352,37.65,36.6115
09/22/2022,37.682,"7,321,015",37.856,37.882,37.264
09/21/2022,37.992,"5,408,040",38.502,38.856,37.972
09/20/2022,38.08,"6,517,650",38.212,38.316,37.572
09/19/2022,38.596,"5,769,215",37.772,38.644,37.716
09/16/2022,38.004,"7,948,125",37.364,38.372,37.056
09/15/2022,37.592,"5,329,495",37.802,38.16,37.208
09/14/2022,37.802,"7,150,980",38.896,39.136,37.517
09/13/2022,38.722,"6,181,690",40.006,40.038,38.646
09/12/2022,40.53,"6,920,410",40.504,41.0888,40.134
09/09/2022,40.184,"5,500,640",39.9,40.4,39.8
09/08/2022,39.958,"5,521,790",38.934,40.002,38.738
09/07/2022,39.252,"6,286,950",37.846,39.38,37.846
09/06/2022,37.608,"5,700,815",37.662,38.217,37.064
09/02/2022,37.52,"3,850,390",38.13,38.258,37.23
09/01/2022,37.63,"5,300,955",36.768,37.652,36.59
08/31/2022,37.03,"6,125,570",37.63,37.778,37.028
08/30/2022,37.618,"3,703,730",38.172,38.396,37.3135
08/29/2022,38.026,"4,553,100",37.874,38.656,37.506
08/26/2022,38.212,"4,181,070",40.128,40.234,38.212
08/25/2022,40.066,"3,962,770",39.768,40.087,39.486
08/24/2022,39.794,"3,745,125",40.0,40.316,39.702
08/23/2022,40.006,"4,766,225",40.228,40.448,39.78
08/22/2022,40.19,"5,165,530",40.41,40.6,40.08
08/19/2022,40.658,"4,595,035",40.732,40.8,40.168
08/18/2022,41.042,"4,426,530",41.0,41.368,40.812
08/17/2022,40.978,"4,852,360",40.794,41.106,40.474
08/16/2022,40.946,"6,071,920",39.714,41.342,39.714
08/15/2022,39.642,"5,811,480",39.486,39.9,39.208
08/12/2022,39.386,"3,560,970",39.308,39.4,38.852
08/11/2022,38.98,"4,869,155",38.572,39.058,38.492
08/10/2022,38.46,"5,721,495",38.606,39.234,38.372
08/09/2022,38.134,"5,065,250",38.546,38.546,37.728
08/08/2022,38.386,"5,505,050",38.184,38.943,38.06
08/05/2022,37.872,"4,500,270",37.194,37.9338,37.106
08/04/2022,37.568,"5,111,130",38.214,38.333,37.48
08/03/2022,38.184,"5,078,195",37.758,38.46,37.758
08/02/2022,37.68,"6,081,495",38.594,38.77,37.672
08/01/2022,38.778,"5,928,120",38.204,39.134,38.084
07/29/2022,38.296,"5,993,230",37.994,38.456,37.66
07/28/2022,38.162,"6,004,975",37.662,38.466,37.174
07/27/2022,37.386,"6,781,760",36.976,37.728,36.494
07/26/2022,36.728,"9,053,085",37.864,38.146,36.495
07/25/2022,38.774,"5,924,650",39.394,39.394,38.334
07/22/2022,38.978,"7,614,090",39.8,40.139,38.596
07/21/2022,39.684,"12,414,610",39.684,40.004,38.402
07/20/2022,41.462,"8,470,165",41.226,41.666,40.666
07/19/2022,41.126,"5,282,390",41.196,41.412,40.708
07/18/2022,40.698,"6,223,920",40.86,41.232,40.52
07/15/2022,40.64,"4,884,555",40.586,40.858,40.35
07/14/2022,40.356,"7,144,595",39.518,40.43,39.232
07/13/2022,39.506,"6,110,080",38.844,39.786,38.702
07/12/2022,39.306,"7,274,150",40.808,41.0,39.176
07/11/2022,40.68,"4,402,175",40.72,41.132,40.384
07/08/2022,40.792,"3,452,190",40.688,40.936,40.368
07/07/2022,40.688,"4,534,525",39.512,40.798,39.512
07/06/2022,39.51,"5,445,205",39.792,39.886,38.914
07/05/2022,39.606,"5,804,455",39.176,39.748,38.562
07/01/2022,39.262,"4,466,520",38.882,39.432,38.493
06/30/2022,38.77,"4,696,090",38.906,39.196,38.398
06/29/2022,39.112,"3,597,060",39.256,39.374,38.632
06/28/2022,39.05,"4,441,185",40.568,41.074,38.984
06/27/2022,40.502,"3,918,050",40.766,41.045,40.34
06/24/2022,40.594,"5,845,770",39.922,40.706,39.878
06/23/2022,39.756,"4,469,060",38.682,39.776,38.45
06/22/2022,38.402,"3,975,695",38.564,39.1,38.2535
06/21/2022,39.078,"6,072,735",38.28,39.346,37.926
06/17/2022,37.746,"9,851,345",37.982,38.486,37.232
06/16/2022,38.128,"6,422,735",38.612,38.716,37.861
06/15/2022,39.226,"5,211,300",38.406,39.792,38.404
06/14/2022,38.434,"6,606,715",39.238,39.48,38.188
06/13/2022,38.406,"6,216,725",38.0,38.861,37.712
06/10/2022,39.06,"4,886,525",39.88,40.014,38.932
06/09/2022,40.33,"5,709,605",39.36,40.936,39.239
06/08/2022,39.67,"4,180,115",40.044,40.458,39.482
06/07/2022,40.222,"5,540,765",39.402,40.352,38.879
06/06/2022,39.818,"3,985,655",39.156,39.862,38.726
06/03/2022,38.888,"5,659,535",38.844,39.3378,38.602
06/02/2022,39.06,"3,836,300",38.226,39.078,38.022
06/01/2022,38.132,"7,827,050",37.802,38.78,37.709
05/31/2022,37.472,"8,437,475",38.2,38.355,37.31
05/27/2022,38.486,"5,814,650",37.514,38.488,37.512
05/26/2022,37.18,"7,850,390",36.342,37.308,36.244
05/25/2022,35.354,"9,069,890",33.884,35.718,33.298
05/24/2022,34.106,"11,563,425",34.696,34.812,33.58
05/23/2022,35.368,"6,810,040",35.934,35.988,34.8
05/20/2022,35.992,"9,840,010",36.934,36.984,34.692
05/19/2022,36.752,"8,028,865",35.916,37.551,35.564
05/18/2022,36.326,"15,572,875",38.984,39.052,35.08
05/17/2022,41.524,"5,393,525",41.24,41.687,40.378
05/16/2022,41.122,"4,354,460",40.53,41.46,39.78
05/13/2022,40.37,"3,870,610",39.752,40.394,39.6335
05/12/2022,39.306,"4,477,860",38.1,39.4414,38.1
05/11/2022,38.312,"5,121,940",39.466,39.912,38.241
05/10/2022,39.614,"6,082,080",40.028,40.11,38.611
05/09/2022,39.648,"6,848,205",40.074,40.506,39.458
05/06/2022,40.512,"5,862,475",40.458,40.953,39.84
05/05/2022,40.844,"5,163,885",42.414,42.612,40.38
05/04/2022,42.526,"5,343,350",41.2,42.612,41.048
05/03/2022,41.136,"5,607,685",41.228,41.484,40.798
05/02/2022,41.264,"6,254,335",40.428,41.47,40.286
04/29/2022,40.29,"6,668,560",41.34,41.769,40.188
04/28/2022,41.696,"5,084,255",41.462,42.168,40.566
04/27/2022,41.06,"4,620,340",41.122,41.716,40.7875
04/26/2022,41.174,"5,021,945",41.944,42.204,41.15
04/25/2022,41.992,"9,168,805",41.002,42.096,40.744
04/22/2022,41.33,"10,723,065",43.286,43.4,41.302
04/21/2022,43.836,"11,416,450",43.752,44.2,43.2
04/20/2022,44.218,"6,136,035",44.452,44.634,43.854
04/19/2022,44.33,"6,059,275",43.51,44.434,43.466
04/18/2022,43.506,"10,974,005",45.352,45.526,42.936
04/14/2022,45.646,"5,547,520",47.312,47.776,45.61
04/13/2022,47.476,"3,866,430",47.42,47.948,47.104
04/12/2022,47.338,"4,087,235",47.44,48.28,46.969
04/11/2022,47.022,"3,781,435",46.884,47.532,46.563
04/08/2022,47.276,"4,257,805",46.096,47.653,46.096
04/07/2022,46.196,"6,447,095",44.748,46.67,44.704
04/06/2022,44.984,"5,629,765",44.59,45.152,43.922
04/05/2022,44.9,"5,629,885",45.48,46.562,44.576
04/04/2022,45.536,"5,087,525",45.4,45.566,44.924
04/01/2022,45.342,"5,620,230",46.742,46.902,45.26
03/31/2022,46.674,"11,184,230",46.734,48.308,46.48
03/30/2022,46.57,"3,009,170",46.22,46.6,45.904
03/29/2022,46.67,"3,752,495",46.696,46.91,46.054
03/28/2022,46.446,"2,982,155",46.316,46.538,45.842
03/25/2022,46.44,"3,246,440",47.0,47.146,45.874
03/24/2022,46.666,"3,087,730",46.642,46.95,46.402
03/23/2022,46.424,"4,274,655",46.418,46.76,46.024
03/22/2022,46.362,"2,536,780",46.444,46.544,45.777
03/21/2022,46.318,"2,740,710",46.668,47.112,45.912
03/18/2022,46.706,"6,582,130",47.094,47.0998,45.9291
03/17/2022,46.52,"3,667,275",45.326,46.57,45.124
03/16/2022,45.424,"4,004,685",45.897,46.1981,44.371
03/15/2022,45.576,"3,702,260",45.162,45.622,44.296
03/14/2022,44.868,"4,704,785",45.456,46.23,44.76
03/11/2022,45.304,"4,563,105",46.002,46.322,45.156
03/10/2022,45.79,"5,040,010",44.542,45.866,44.118
03/09/2022,44.97,"4,911,385",44.304,45.446,43.7
03/08/2022,43.858,"9,077,215",45.276,46.81,43.672
03/07/2022,45.496,"12,116,250",44.312,47.326,44.312
03/04/2022,44.386,"7,576,465",43.0,44.5,42.648
03/03/2022,42.932,"5,501,690",41.77,43.24,41.626
03/02/2022,41.54,"4,495,900",41.134,41.638,40.636
03/01/2022,41.036,"5,781,475",40.754,41.474,40.72
02/28/2022,40.758,"6,712,690",39.72,40.858,39.634
02/25/2022,40.134,"4,210,270",39.094,40.172,38.887
02/24/2022,39.076,"8,986,365",37.398,39.25,37.334
02/23/2022,38.358,"7,487,680",40.374,40.4319,38.24
02/22/2022,40.072,"8,872,970",42.63,42.702,39.978
02/18/2022,42.836,"5,286,420",42.678,43.17,42.48
02/17/2022,42.696,"4,524,295",42.636,42.9512,42.248
02/16/2022,43.01,"4,790,445",43.678,43.996,42.5318
02/15/2022,43.902,"3,685,370",43.9,44.414,43.676
02/14/2022,43.586,"3,556,775",44.0,44.192,42.906
02/11/2022,43.888,"3,640,575",44.018,44.3498,43.634
02/10/2022,44.116,"4,194,960",44.3,45.096,43.941
02/09/2022,44.892,"3,633,935",44.8,45.2618,44.566
02/08/2022,44.39,"5,061,790",43.588,44.574,43.588
02/07/2022,43.522,"5,088,765",43.528,43.942,43.152
02/04/2022,43.386,"3,280,355",43.88,43.884,42.892
02/03/2022,43.892,"3,349,040",43.884,44.698,43.576
02/02/2022,44.178,"5,039,805",44.178,44.874,43.948
02/01/2022,44.062,"4,452,400",43.694,44.558,43.548
01/31/2022,43.662,"5,437,810",42.94,43.712,42.4
01/28/2022,42.968,"5,930,400",42.478,42.99,41.424
01/27/2022,41.85,"8,820,830",43.886,43.886,41.512
01/26/2022,41.424,"5,485,100",42.81,42.81,40.981
01/25/2022,42.472,"4,952,860",42.804,43.13,41.602
01/24/2022,43.434,"6,947,375",41.158,43.488,40.954
01/21/2022,41.822,"6,085,720",42.054,42.604,41.458
01/20/2022,41.978,"6,665,000",44.58,44.946,41.902
01/19/2022,44.132,"3,854,380",44.544,45.02,44.096
01/18/2022,44.286,"4,761,145",43.846,44.414,43.096
01/14/2022,44.394,"4,339,265",45.984,46.166,44.324
01/13/2022,46.158,"2,729,525",46.32,46.86,45.992
01/12/2022,45.782,"2,852,650",45.282,46.164,45.204
01/11/2022,45.16,"5,049,930",45.514,45.59,44.318
01/10/2022,45.478,"4,900,210",45.076,45.484,44.1264
01/07/2022,45.676,"4,260,240",46.168,46.316,45.048
01/06/2022,46.262,"3,865,365",45.836,46.568,45.6
01/05/2022,45.95,"3,901,160",47.32,47.58,45.892
01/04/2022,47.26,"3,091,315",47.166,47.918,46.946
01/03/2022,47.144,"2,607,220",47.67,47.972,46.828
12/31/2021,47.72,"1,537,670",47.32,47.908,47.0434
12/30/2021,47.344,"1,809,115",47.762,47.872,47.246
12/29/2021,47.352,"2,626,405",46.364,47.694,46.308
12/28/2021,46.234,"1,716,890",46.54,46.622,46.102
12/27/2021,46.294,"1,907,640",45.944,46.338,45.756
12/23/2021,45.654,"1,653,380",45.602,45.932,45.5084
12/22/2021,45.466,"2,296,925",44.722,45.476,44.59
12/21/2021,44.608,"3,706,260",44.532,44.996,43.806
12/20/2021,44.46,"5,556,860",44.512,44.7324,43.514
12/17/2021,45.33,"6,129,215",46.526,46.668,44.846
12/16/2021,46.612,"3,014,665",47.39,47.656,46.356
12/15/2021,47.394,"3,774,795",46.52,47.524,46.216
12/14/2021,46.838,"4,421,455",46.58,46.996,46.177
12/13/2021,46.632,"3,121,190",47.5759,47.5759,45.922
12/10/2021,46.862,"2,178,520",46.242,46.892,46.06
12/09/2021,46.048,"2,546,245",46.97,46.993,46.026
12/08/2021,47.036,"2,879,575",46.716,47.078,46.35
12/07/2021,46.668,"2,757,540",45.898,46.98,45.74
12/06/2021,45.492,"2,800,625",45.82,46.076,45.16
12/03/2021,45.592,"3,514,740",45.858,46.182,45.214
12/02/2021,45.53,"3,730,225",44.864,45.935,44.726
12/01/2021,44.784,"3,735,820",45.222,45.802,44.784
11/30/2021,45.066,"7,771,930",45.34,46.456,44.68
11/29/2021,45.34,"2,955,710",45.768,46.104,45.244
11/26/2021,45.672,"2,962,950",44.668,46.072,44.66
11/24/2021,45.164,"2,137,255",44.664,45.222,44.406
11/23/2021,45.06,"3,453,950",45.852,45.872,44.398
11/22/2021,45.798,"2,892,675",46.402,46.489,45.7
11/19/2021,46.112,"4,706,685",45.726,46.374,45.596
11/18/2021,45.846,"3,190,885",45.838,45.894,45.192
11/17/2021,45.266,"3,648,115",45.892,46.174,44.98
11/16/2021,45.816,"5,237,625",45.0178,46.048,44.72
11/15/2021,44.578,"2,556,515",44.486,44.72,44.234
11/12/2021,44.232,"2,460,085",43.82,44.306,43.658
11/11/2021,43.726,"2,315,495",43.61,43.882,43.358
11/10/2021,43.452,"2,362,980",43.876,44.178,43.248
11/09/2021,44.172,"2,976,945",44.298,44.966,43.915
11/08/2021,44.28,"4,225,310",44.138,44.3348,43.572
11/05/2021,44.01,"3,937,575",43.844,44.092,43.395
11/04/2021,43.614,"2,627,870",43.272,43.918,43.07
11/03/2021,43.154,"2,952,900",43.166,43.426,42.662
11/02/2021,43.128,"2,770,685",42.874,43.304,42.874
11/01/2021,42.766,"3,221,245",43.674,43.746,42.656
10/29/2021,43.434,"5,402,510",41.93,43.544,41.93
10/28/2021,42.018,"3,461,960",41.424,42.22,41.376
10/27/2021,41.382,"3,074,070",41.5,41.734,41.182
10/26/2021,41.364,"4,007,840",42.354,42.424,41.352
10/25/2021,42.206,"3,816,350",41.862,42.733,41.74
10/22/2021,41.642,"3,910,240",42.5,42.852,41.626
10/21/2021,42.084,"7,499,510",42.302,42.576,41.418
10/20/2021,40.46,"3,986,605",40.706,41.072,40.402
10/19/2021,40.706,"3,056,610",41.068,41.18,40.62
10/18/2021,40.9,"5,992,640",39.378,41.042,39.295
10/15/2021,39.454,"3,399,540",39.88,40.074,39.414
10/14/2021,39.458,"2,835,455",39.34,39.796,39.14
10/13/2021,38.988,"2,962,735",38.864,39.172,38.624
10/12/2021,38.658,"2,666,990",38.738,39.048,38.48
10/11/2021,38.706,"3,910,030",39.0542,39.366,38.69
10/08/2021,38.944,"3,380,700",39.708,39.88,38.898
10/07/2021,39.6,"4,854,660",39.279,40.034,39.258
10/06/2021,39.33,"4,019,355",39.248,39.552,39.024
10/05/2021,39.51,"3,700,255",39.208,39.716,39.178
10/04/2021,39.2,"6,981,465",39.414,39.882,38.58
10/01/2021,40.272,"4,615,550",40.816,40.816,39.872
09/30/2021,40.522,"4,295,770",41.39,41.518,40.3662
09/29/2021,41.628,"3,263,510",41.732,41.982,41.43
09/28/2021,41.406,"3,969,190",41.968,41.968,41.25
09/27/2021,42.062,"4,461,655",42.15,42.558,41.66
09/24/2021,42.144,"2,059,660",42.032,42.196,41.622
09/23/2021,42.022,"3,604,270",42.646,42.736,41.856
09/22/2021,42.374,"3,390,605",41.678,42.4316,41.332
09/21/2021,41.404,"2,492,740",41.422,41.603,40.904
09/20/2021,41.118,"4,739,875",40.94,41.2449,40.642
09/17/2021,41.432,"5,973,430",41.656,41.852,41.2
09/16/2021,41.884,"3,780,550",41.0,42.03,40.878
09/15/2021,41.014,"4,522,505",41.02,41.146,40.636
09/14/2021,41.052,"3,848,920",40.59,41.18,40.418
09/13/2021,40.416,"7,475,390",41.074,41.244,40.078
09/10/2021,40.97,"5,247,510",40.572,41.508,40.396
09/09/2021,40.336,"4,080,390",40.0,40.472,39.704
09/08/2021,39.874,"4,012,165",39.65,39.95,39.46
09/07/2021,39.602,"3,987,360",39.74,39.987,39.412
09/03/2021,39.76,"2,327,860",39.05,39.79,38.898
09/02/2021,39.12,"2,885,870",39.344,39.429,39.038
09/01/2021,39.114,"3,115,450",38.808,39.242,38.108
08/31/2021,38.85,"4,383,090",38.83,39.236,38.406
08/30/2021,38.726,"2,380,020",38.648,39.088,38.55
08/27/2021,38.48,"2,949,765",37.93,38.5,37.626
08/26/2021,37.946,"4,168,555",38.908,38.908,37.7051
08/25/2021,38.838,"3,422,655",38.732,38.9478,38.499
08/24/2021,38.706,"3,282,980",39.092,39.258,38.61
08/23/2021,39.002,"4,712,900",39.72,39.8,38.958
08/20/2021,39.622,"2,915,465",39.004,39.832,38.81
08/19/2021,38.988,"2,790,480",38.252,39.206,38.21
08/18/2021,38.602,"2,732,560",38.252,39.146,38.252
08/17/2021,38.188,"2,446,120",38.884,38.9,37.968
08/16/2021,39.354,"2,411,555",38.59,39.372,38.502
08/13/2021,38.784,"2,024,555",38.896,38.977,38.602
08/12/2021,38.706,"2,689,765",38.822,39.092,38.5497
08/11/2021,38.844,"3,921,840",38.126,39.01,38.108
08/10/2021,38.134,"2,911,235",37.5,38.28,37.446
08/09/2021,37.516,"2,845,785",37.384,37.665,37.244
08/06/2021,37.454,"2,676,225",37.68,37.914,37.216
08/05/2021,37.614,"3,879,510",37.21,37.68,37.136
08/04/2021,37.086,"3,966,430",37.072,37.231,36.813
08/03/2021,37.32,"5,397,210",36.524,37.764,36.338
08/02/2021,36.162,"5,292,775",36.334,36.51,36.046
07/30/2021,36.186,"6,389,795",36.04,36.619,35.848
07/29/2021,36.196,"6,152,705",36.708,36.736,36.063
07/28/2021,36.698,"2,943,465",36.942,37.065,36.574
07/27/2021,36.872,"4,598,520",37.354,37.598,36.504
07/26/2021,37.614,"3,879,055",37.516,37.784,37.228
07/23/2021,37.54,"2,989,270",36.596,37.572,36.546
07/22/2021,36.484,"3,639,935",36.256,36.738,36.242
07/21/2021,36.23,"5,146,400",36.504,36.73,35.958
07/20/2021,36.728,"7,770,615",36.392,36.89,35.6004
07/19/2021,36.188,"16,460,495",35.92,36.522,34.202
07/16/2021,37.8,"5,936,295",37.836,38.338,37.722
07/15/2021,37.794,"7,812,385",37.4,38.55,37.3
07/14/2021,37.444,"5,028,440",37.52,37.652,37.212
07/13/2021,37.338,"4,146,965",37.346,37.688,37.134
07/12/2021,37.356,"4,698,510",37.312,37.482,36.892
07/09/2021,37.382,"4,205,915",37.54,37.7878,37.212
07/08/2021,37.234,"4,578,540",37.172,37.3911,36.652
07/07/2021,37.524,"4,205,260",37.28,37.756,37.172
07/06/2021,37.28,"4,136,770",37.576,37.688,36.8
07/02/2021,37.554,"2,353,605",37.536,37.6787,37.292
07/01/2021,37.57,"3,223,320",37.82,37.862,37.498
06/30/2021,37.212,"3,251,915",37.358,37.6,37.1345
06/29/2021,37.406,"5,246,780",36.699,37.66,36.699
06/28/2021,36.69,"3,856,455",36.162,36.738,35.916
06/25/2021,36.058,"3,900,805",36.22,36.38,35.924
06/24/2021,36.192,"3,107,465",36.262,36.314,35.99
06/23/2021,35.896,"3,100,395",35.908,36.088,35.69
06/22/2021,36.086,"4,613,510",35.25,36.169,35.1663
06/21/2021,35.074,"5,405,400",34.546,35.329,34.3494
06/18/2021,34.256,"10,922,160",34.856,34.915,34.164
06/17/2021,34.962,"7,420,900",35.638,35.725,34.496
06/16/2021,35.618,"3,936,350",36.124,36.124,35.382
06/15/2021,35.936,"3,700,185",36.55,36.574,35.346
06/14/2021,36.63,"4,483,345",36.77,36.846,36.284
06/11/2021,36.838,"3,254,485",36.078,36.864,35.974
06/10/2021,35.968,"3,750,565",36.314,36.494,35.942
06/09/2021,36.208,"3,490,050",36.46,36.596,36.076
06/08/2021,36.286,"4,771,940",36.348,36.4,36.102
06/07/2021,36.24,"3,570,765",36.226,36.496,35.91
06/04/2021,36.212,"3,752,060",35.762,36.26,35.476
06/03/2021,35.592,"6,921,520",36.094,36.099,35.14
06/02/2021,36.23,"6,365,285",36.368,36.368,35.648
06/01/2021,36.372,"4,472,655",36.512,36.576,35.91
05/28/2021,36.34,"4,045,995",36.87,37.0,36.204
05/27/2021,36.554,"5,535,035",36.764,37.05,36.466
05/26/2021,36.604,"4,582,215",36.066,36.672,35.928
05/25/2021,36.08,"4,659,825",36.366,36.64,36.016
05/24/2021,36.356,"3,955,845",36.95,36.958,36.324
05/21/2021,36.668,"7,724,035",36.6,37.042,36.57
05/20/2021,36.78,"4,890,405",36.1748,36.881,36.043
05/19/2021,36.108,"7,260,295",36.524,36.546,35.314
05/18/2021,36.992,"3,897,890",37.522,37.522,36.652
05/17/2021,37.278,"3,282,785",37.692,37.817,37.093
05/14/2021,37.576,"3,644,155",37.312,37.672,36.99
05/13/2021,37.308,"5,480,080",36.54,37.39,36.54
05/12/2021,36.482,"6,335,085",37.832,38.096,36.346
05/11/2021,38.252,"6,270,485",38.926,39.016,37.702
05/10/2021,39.14,"4,273,780",39.392,40.15,39.09
05/07/2021,39.092,"3,190,945",39.12,39.224,38.77
05/06/2021,38.978,"4,388,335",39.0,39.22,38.682
05/05/2021,38.922,"4,590,630",38.846,39.112,38.404
05/04/2021,38.876,"6,459,490",38.114,38.92,37.788
05/03/2021,38.568,"4,087,040",38.194,38.7,37.82
04/30/2021,37.72,"4,416,275",37.778,38.2,37.3
04/29/2021,38.1,"3,303,595",37.9624,38.182,37.482
04/28/2021,37.72,"3,479,455",38.126,38.448,37.624
04/27/2021,38.1,"4,858,945",38.336,38.568,37.764
04/26/2021,38.19,"4,723,935",37.87,38.304,37.404
04/23/2021,37.876,"4,968,955",37.404,38.058,37.08
04/22/2021,37.622,"12,499,665",37.184,38.308,36.894
04/21/2021,36.032,"7,205,175",36.23,36.554,35.862
04/20/2021,36.21,"5,943,270",36.714,37.178,35.8073
04/19/2021,36.616,"6,556,280",36.874,36.898,36.024
04/16/2021,36.216,"15,987,415",35.592,36.56,35.46
04/15/2021,35.388,"4,528,200",35.642,35.772,35.322
04/14/2021,35.572,"4,348,390",35.628,36.098,35.504
04/13/2021,35.788,"4,944,890",35.746,35.926,35.396
04/12/2021,35.628,"4,970,865",35.13,35.702,34.856
04/09/2021,35.538,"4,096,245",35.35,35.58,35.092
04/08/2021,35.33,"4,649,225",35.514,35.595,35.074
04/07/2021,35.412,"4,358,215",35.948,36.044,35.19
04/06/2021,35.902,"4,489,195",35.966,36.148,35.469
04/05/2021,36.07,"4,517,840",35.582,36.169,35.346
04/01/2021,35.3,"5,196,435",35.49,35.608,35.01
03/31/2021,35.416,"5,570,065",35.628,35.793,35.076
03/30/2021,35.41,"4,637,565",35.196,35.85,35.196
03/29/2021,35.138,"3,789,295",35.582,35.712,35.004
03/26/2021,35.696,"4,789,245",34.555,35.716,34.362
03/25/2021,34.488,"4,502,140",33.89,34.672,33.53
03/24/2021,33.812,"5,523,255",34.9069,34.9069,33.812
03/23/2021,34.528,"8,049,680",34.712,35.364,34.316
03/22/2021,34.708,"4,269,445",34.758,34.9119,33.926
03/19/2021,34.596,"10,343,780",33.96,34.816,33.724
03/18/2021,33.858,"4,176,640",33.32,34.239,33.32
03/17/2021,33.678,"5,598,565",33.95,33.95,33.02
03/16/2021,34.044,"4,539,840",34.086,34.198,33.766
03/15/2021,34.2,"4,240,285",34.228,34.354,33.9525
03/12/2021,34.2,"9,424,495",34.358,34.836,33.85
03/11/2021,34.046,"6,571,000",33.726,34.73,33.662
03/10/2021,33.498,"7,904,275",32.527,33.762,32.4076
03/09/2021,32.12,"6,223,745",32.888,32.996,32.091
03/08/2021,32.2,"6,827,910",31.384,32.546,31.207
03/05/2021,31.164,"4,249,855",30.586,31.192,29.757
03/04/2021,30.342,"7,114,935",30.942,31.028,29.686
03/03/2021,31.016,"7,029,745",31.888,32.316,31.0
03/02/2021,31.782,"4,903,640",32.632,32.732,31.658
03/01/2021,32.508,"5,911,830",32.062,32.774,31.988
02/26/2021,31.792,"7,892,110",32.368,32.474,31.625
02/25/2021,32.236,"6,208,720",32.43,32.868,32.051
02/24/2021,32.216,"7,355,225",33.156,33.3861,32.15
02/23/2021,33.04,"6,640,435",32.684,33.217,31.632
02/22/2021,32.988,"7,079,445",33.792,34.0,32.928
02/19/2021,34.268,"6,388,690",34.476,34.752,33.936
02/18/2021,34.378,"7,798,160",33.8,34.673,33.558
02/17/2021,34.05,"10,076,885",32.578,34.428,32.578
02/16/2021,32.388,"7,054,785",32.07,32.68,31.922
02/12/2021,31.986,"4,727,255",31.522,32.062,31.522
02/11/2021,31.466,"7,678,265",31.41,32.19,31.348
02/10/2021,31.29,"6,211,370",31.964,31.972,30.8721
02/09/2021,31.7,"8,232,995",31.384,32.1014,31.284
02/08/2021,31.45,"7,999,935",30.758,31.518,30.682
02/05/2021,30.3,"7,357,445",29.244,30.454,29.244
02/04/2021,29.248,"5,537,385",29.106,29.342,28.884
02/03/2021,28.988,"5,263,750",28.67,29.32,28.602
02/02/2021,28.636,"7,854,825",28.006,28.9117,27.98
02/01/2021,27.944,"7,154,700",28.428,29.138,27.822
01/29/2021,28.348,"10,610,985",30.058,30.186,28.316
01/28/2021,29.888,"10,577,785",30.046,31.088,29.098
01/27/2021,30.744,"10,873,695",30.349,31.088,29.302
01/26/2021,30.378,"5,292,785",31.25,31.4,30.218
01/25/2021,31.228,"5,774,635",31.24,31.708,31.1
01/22/2021,31.124,"6,198,005",31.142,31.468,30.838
01/21/2021,31.036,"3,753,800",31.079,31.5979,30.982
01/20/2021,31.07,"4,742,330",31.514,31.514,30.82
01/19/2021,31.49,"6,038,225",31.702,31.868,31.341
01/15/2021,31.496,"9,251,595",31.296,32.166,31.256
01/14/2021,31.288,"7,670,460",30.712,31.416,30.679
01/13/2021,30.636,"8,151,190",30.498,30.826,30.15
01/12/2021,30.35,"5,636,315",29.836,30.42,29.794
01/11/2021,29.9,"6,538,235",29.768,30.316,29.404
01/08/2021,29.862,"5,349,505",29.432,29.892,29.15
01/07/2021,29.424,"4,595,860",29.135,29.509,29.016
01/06/2021,29.174,"5,514,385",27.87,29.19,27.747
01/05/2021,28.138,"4,283,885",27.844,28.16,27.642
01/04/2021,27.942,"6,991,780",28.18,28.33,27.628
12/31/2020,28.116,"3,568,750",28.644,28.644,28.09
12/30/2020,28.552,"3,146,965",28.682,28.942,28.348
12/29/2020,28.6,"4,144,000",28.796,28.944,28.226
12/28/2020,28.658,"3,820,625",29.586,29.621,28.656
12/24/2020,29.376,"1,845,725",29.404,29.6,29.242
12/23/2020,29.38,"4,179,540",29.96,30.066,29.192
12/22/2020,29.954,"6,495,105",29.698,30.138,29.596
12/21/2020,29.734,"5,834,355",29.05,29.867,28.752
12/18/2020,29.416,"11,590,525",29.332,29.538,29.064
12/17/2020,29.102,"9,307,580",28.952,29.236,28.761
12/16/2020,28.846,"5,558,255",28.23,28.964,28.23
12/15/2020,28.226,"5,175,360",28.212,28.582,28.034
12/14/2020,28.106,"6,661,390",27.89,28.323,27.776
12/11/2020,27.732,"5,792,555",27.062,27.806,27.036
12/10/2020,27.19,"3,750,855",27.076,27.344,26.72
12/09/2020,27.116,"4,405,140",27.2,27.476,26.825
12/08/2020,27.312,"4,918,040",27.398,27.522,27.01
12/07/2020,27.444,"7,120,275",26.932,27.552,26.826
12/04/2020,26.876,"5,266,290",27.126,27.218,26.736
12/03/2020,26.96,"5,263,230",27.25,27.437,26.722
12/02/2020,27.354,"5,030,155",27.934,27.99,27.332
12/01/2020,27.934,"6,746,640",28.17,28.726,27.734
11/30/2020,28.162,"14,473,925",27.77,28.274,27.506
11/27/2020,27.874,"5,583,110",26.998,27.914,26.868
11/25/2020,26.78,"6,155,405",26.778,26.916,26.432
11/24/2020,26.804,"8,476,960",27.026,27.15,26.6196
11/23/2020,26.776,"9,566,870",26.05,26.984,26.046
11/20/2020,25.94,"6,622,630",26.01,26.28,25.684
11/19/2020,26.25,"6,241,115",25.692,26.357,25.6
11/18/2020,25.684,"7,430,405",26.4,26.512,25.62
11/17/2020,26.336,"7,297,170",26.416,26.8417,26.224
11/16/2020,26.564,"9,591,195",26.394,26.628,26.196
11/13/2020,26.396,"5,013,180",26.3,26.614,26.038
11/12/2020,26.162,"5,706,980",26.582,26.718,25.804
11/11/2020,26.608,"4,771,370",26.34,26.766,26.284
11/10/2020,25.966,"9,859,940",25.642,26.0702,25.556
11/09/2020,25.92,"11,129,925",27.09,27.398,25.916
11/06/2020,28.09,"4,239,910",27.78,28.172,27.434
11/05/2020,27.796,"6,350,625",27.384,28.058,27.262
11/04/2020,27.166,"7,542,650",27.51,27.69,27.072
11/03/2020,27.198,"6,252,300",27.0,27.472,26.9084
11/02/2020,26.68,"6,605,650",26.92,27.163,26.3087
10/30/2020,26.642,"6,968,790",26.53,26.722,26.2
10/29/2020,26.604,"6,327,965",26.512,26.828,26.186
10/28/2020,26.512,"6,405,230",26.48,27.176,26.246
10/27/2020,26.832,"6,728,195",27.322,27.5275,26.822
10/26/2020,27.17,"8,192,460",27.782,27.95,26.828
10/23/2020,27.964,"9,742,270",27.536,28.056,27.254
10/22/2020,27.404,"22,069,570",28.418,28.464,27.2205
10/21/2020,29.824,"6,215,085",30.036,30.246,29.706
10/20/2020,29.94,"5,798,415",30.326,30.498,29.762
10/19/2020,30.196,"6,112,460",30.85,31.0,30.126
10/16/2020,30.618,"11,402,660",30.482,30.844,30.316
10/15/2020,30.42,"5,752,145",30.18,30.766,30.09
10/14/2020,30.378,"7,358,040",30.624,31.414,30.158
10/13/2020,30.584,"5,656,625",30.08,30.676,30.08
10/12/2020,30.188,"7,032,345",30.3,30.58,30.044
10/09/2020,29.986,"4,502,300",30.018,30.438,29.7324
10/08/2020,29.844,"5,124,365",29.226,29.94,29.04
10/07/2020,29.158,"6,472,295",28.444,29.479,28.444
10/06/2020,28.354,"4,955,935",28.862,28.994,28.222
10/05/2020,28.88,"4,867,710",28.3,28.904,28.236
10/02/2020,28.124,"4,626,045",28.126,28.467,28.024
10/01/2020,28.41,"6,929,270",28.742,28.962,28.304
09/30/2020,28.668,"7,758,325",28.326,28.966,28.216
09/29/2020,28.196,"4,753,185",28.38,28.583,28.164
09/28/2020,28.404,"4,824,350",28.12,28.406,27.886
09/25/2020,27.842,"8,514,040",27.674,27.914,27.344
09/24/2020,27.652,"4,141,135",27.802,28.118,27.602
09/23/2020,27.986,"5,525,215",28.336,28.71,27.856
09/22/2020,28.322,"5,319,015",27.584,28.35,27.37
09/21/2020,27.511,"5,398,945",27.5,27.89,27.314
09/18/2020,27.622,"7,675,535",27.696,28.088,27.314
09/17/2020,27.63,"4,203,730",27.306,27.8402,27.2017
09/16/2020,27.65,"4,592,350",28.268,28.31,27.596
09/15/2020,28.176,"5,253,015",27.772,28.29,27.738
09/14/2020,27.628,"4,750,735",27.782,28.046,27.626
09/11/2020,27.53,"4,249,465",27.692,28.02,27.424
09/10/2020,27.56,"5,645,965",28.316,28.554,27.494
09/09/2020,28.316,"5,386,185",27.712,28.421,27.658
09/08/2020,27.352,"7,970,495",27.974,28.302,27.202
09/04/2020,28.416,"6,825,650",29.12,29.3,28.144
09/03/2020,29.116,"7,689,660",29.524,29.688,28.726
09/02/2020,29.92,"5,880,330",29.878,30.134,29.414
09/01/2020,29.804,"7,042,850",29.72,30.355,29.658
08/31/2020,29.766,"11,241,560",29.4,29.836,29.064
08/28/2020,29.382,"7,209,020",30.15,30.247,29.306
08/27/2020,30.204,"6,775,440",30.936,31.1118,29.9
08/26/2020,30.926,"5,556,725",30.634,30.976,30.412
08/25/2020,30.654,"7,896,195",30.756,30.798,30.408
08/24/2020,30.704,"4,852,125",30.936,30.94,30.38
08/21/2020,30.656,"7,192,445",30.528,31.035,30.4
08/20/2020,30.466,"5,622,550",30.576,30.896,30.378
08/19/2020,30.784,"4,913,820",30.602,30.858,30.484
08/18/2020,30.604,"4,456,890",30.874,31.05,30.24
08/17/2020,30.716,"5,250,770",29.788,30.734,29.7531
08/14/2020,29.72,"3,799,760",29.642,30.036,29.531
08/13/2020,29.742,"4,901,325",29.718,30.016,29.55
08/12/2020,29.816,"7,740,685",29.2,29.838,28.956
08/11/2020,29.022,"5,878,655",29.602,29.66,28.76
08/10/2020,29.43,"3,677,030",29.664,29.674,29.242
08/07/2020,29.62,"4,961,640",29.568,29.976,29.528
08/06/2020,29.628,"5,182,055",29.546,29.752,29.24
08/05/2020,29.446,"5,120,525",29.684,29.764,29.102
08/04/2020,29.646,"5,471,695",29.356,29.736,29.2007
08/03/2020,29.484,"9,556,915",28.75,29.642,28.681
07/31/2020,28.548,"7,331,575",28.94,28.94,28.164
07/30/2020,28.684,"4,378,280",28.802,29.012,28.56
07/29/2020,29.092,"7,480,845",28.786,29.3,28.743
07/28/2020,28.614,"6,600,435",28.55,28.906,28.36
07/27/2020,28.6,"8,092,370",29.57,29.586,28.5
07/24/2020,29.306,"8,313,975",28.672,29.348,28.3821
07/23/2020,29.2,"16,537,860",30.528,30.896,28.851
07/22/2020,29.19,"8,418,035",28.89,29.278,28.804
07/21/2020,28.804,"8,845,170",28.824,28.992,28.0102
07/20/2020,28.938,"6,872,390",28.4,29.134,28.228
07/17/2020,28.154,"6,627,960",28.71,28.738,28.044
07/16/2020,28.43,"7,691,475",27.818,28.516,27.818
07/15/2020,27.84,"7,059,465",28.298,28.37,27.672
07/14/2020,27.932,"4,605,695",27.116,27.947,26.914
07/13/2020,27.116,"4,290,270",27.858,28.2,27.04
07/10/2020,27.684,"3,257,660",27.54,27.73,27.2
07/09/2020,27.54,"4,883,155",27.3,27.612,27.032
07/08/2020,27.122,"3,672,775",26.83,27.14,26.591
07/07/2020,26.846,"4,117,785",26.636,27.085,26.58
07/06/2020,26.752,"2,942,635",26.852,26.9,26.584
07/02/2020,26.49,"3,606,090",26.86,26.98,26.378
07/01/2020,26.536,"4,525,295",26.432,26.692,26.138
06/30/2020,26.358,"4,894,830",26.486,26.5588,26.082
06/29/2020,26.322,"5,359,940",26.0,26.539,25.89
06/26/2020,25.996,"8,233,915",26.198,26.47,25.804
06/25/2020,26.164,"4,156,250",26.288,26.288,25.7222
06/24/2020,26.268,"8,523,270",25.34,26.34,25.34
06/23/2020,25.851,"8,975,455",26.042,26.378,25.804
06/22/2020,26.02,"6,168,715",25.348,26.158,25.246
06/19/2020,25.534,"12,680,065",25.514,25.676,24.768
06/18/2020,25.128,"5,730,350",25.0,25.218,24.846
06/17/2020,24.96,"6,006,385",24.932,25.19,24.8
06/16/2020,24.768,"6,058,325",24.58,24.796,24.192
06/15/2020,24.294,"6,332,800",23.334,24.408,23.226
06/12/2020,23.69,"4,685,190",24.05,24.366,23.428
06/11/2020,23.842,"7,411,235",24.052,24.664,23.722
06/10/2020,24.258,"3,960,235",24.678,24.822,24.12
06/09/2020,24.488,"4,937,775",24.4,24.6068,24.252
06/08/2020,24.448,"7,087,980",24.058,24.448,23.898
06/05/2020,24.426,"7,780,715",24.798,24.84,24.169
06/04/2020,24.476,"8,005,830",24.55,24.828,24.16
06/03/2020,24.574,"7,131,535",24.8,24.802,24.24
06/02/2020,24.752,"6,455,615",24.258,24.784,24.218
06/01/2020,24.532,"7,819,545",24.41,24.886,24.41
05/29/2020,24.404,"12,769,185",23.78,24.504,23.6659
05/28/2020,23.796,"11,298,880",24.13,24.35,23.65
05/27/2020,23.952,"20,579,785",23.16,24.068,22.5361
05/26/2020,22.242,"7,385,840",22.632,22.672,22.18
05/22/2020,22.37,"6,918,450",21.93,22.408,21.79
05/21/2020,21.79,"5,600,675",21.664,21.882,21.5202
05/20/2020,21.558,"7,781,915",21.938,22.132,21.402
05/19/2020,21.812,"7,760,410",21.84,22.314,21.458
05/18/2020,21.952,"8,731,255",22.59,22.778,21.858
05/15/2020,22.344,"16,829,715",21.422,22.396,21.352
05/14/2020,21.366,"5,780,265",21.152,21.398,20.98
05/13/2020,21.3,"7,816,190",21.478,21.684,20.99
05/12/2020,21.546,"4,962,790",21.964,22.02,21.538
05/11/2020,21.816,"6,298,240",21.438,21.958,21.262
05/08/2020,21.442,"4,665,745",21.308,21.564,21.096
05/07/2020,21.034,"5,725,000",21.212,21.492,20.996
05/06/2020,21.01,"4,983,000",21.222,21.246,20.962
05/05/2020,21.02,"9,781,310",20.74,21.088,20.6714
05/04/2020,20.488,"4,449,470",20.428,20.698,20.32
05/01/2020,20.418,"5,279,435",19.928,20.494,19.908
04/30/2020,20.286,"6,965,850",20.0,20.4,19.808
04/29/2020,20.224,"8,832,830",20.598,20.8154,20.19
04/28/2020,20.588,"8,876,380",20.952,21.0,20.548
04/27/2020,20.618,"10,810,170",20.636,21.0,20.28
04/24/2020,20.396,"15,867,145",19.4,20.402,19.212
04/23/2020,19.016,"11,875,160",19.08,19.452,18.622
04/22/2020,19.086,"10,277,295",18.822,19.28,18.526
04/21/2020,18.626,"7,559,455",18.288,18.888,18.284
04/20/2020,18.686,"7,908,780",18.284,18.872,18.088
04/17/2020,18.544,"6,556,225",18.624,18.798,18.082
04/16/2020,18.24,"6,777,235",18.392,18.4252,17.932
04/15/2020,18.148,"6,705,285",17.76,18.39,17.66
04/14/2020,18.592,"6,805,560",17.916,18.712,17.888
04/13/2020,17.934,"7,087,580",17.632,17.978,17.286
04/09/2020,17.646,"9,934,405",18.458,18.458,17.566
04/08/2020,18.14,"12,161,225",17.422,18.242,17.044
04/07/2020,17.298,"14,674,635",18.004,18.15,17.142
04/06/2020,17.592,"12,578,845",16.518,17.674,16.408
04/03/2020,15.9,"7,358,655",16.764,16.984,15.845
04/02/2020,16.83,"7,684,795",16.602,17.342,16.447
04/01/2020,16.8,"8,763,255",16.54,17.45,16.202
03/31/2020,16.91,"8,319,465",16.956,17.358,16.818
03/30/2020,17.11,"6,174,180",16.818,17.3,16.43
03/27/2020,16.62,"7,892,030",16.6,17.146,16.481
03/26/2020,16.696,"7,648,050",15.54,16.776,15.54
03/25/2020,15.386,"8,243,025",16.016,16.546,15.1676
03/24/2020,16.004,"10,059,760",16.13,16.928,15.734
03/23/2020,15.612,"10,288,680",15.274,15.98,14.962
03/20/2020,15.182,"12,236,425",15.164,15.898,14.908
03/19/2020,15.278,"11,455,245",14.362,16.056,14.3
03/18/2020,14.502,"10,950,225",13.386,14.592,12.838
03/17/2020,14.116,"17,689,530",13.732,14.212,12.778
03/16/2020,13.472,"11,226,720",14.136,14.94,13.374
03/13/2020,15.242,"11,998,325",15.992,16.236,14.218
03/12/2020,15.302,"14,645,900",15.414,16.376,14.358
03/11/2020,16.66,"12,199,800",16.686,17.022,16.4
03/10/2020,17.39,"13,034,630",16.666,17.43,16.07
03/09/2020,16.168,"20,002,925",17.302,17.328,15.5
03/06/2020,18.296,"8,805,150",18.38,18.574,17.904
03/05/2020,18.73,"5,896,070",18.916,19.179,18.492
03/04/2020,19.27,"8,056,085",18.906,19.276,18.608
03/03/2020,18.628,"11,623,980",18.216,18.96,18.16
03/02/2020,18.296,"8,298,755",17.7,18.306,17.536
02/28/2020,17.702,"16,592,840",17.654,18.052,17.324
02/27/2020,18.086,"9,707,225",18.078,18.87,17.752
02/26/2020,18.298,"6,887,805",18.75,19.096,18.288
02/25/2020,18.63,"6,678,095",19.392,19.5492,18.58
02/24/2020,19.292,"7,818,090",19.566,19.796,19.266
02/21/2020,19.956,"6,748,040",19.654,20.031,19.634
02/20/2020,19.8,"4,895,855",19.664,19.84,19.376
02/19/2020,19.728,"4,408,630",19.684,19.92,19.598
02/18/2020,19.566,"3,844,470",19.71,19.8,19.406
02/14/2020,19.634,"3,378,650",19.612,19.72,19.516
02/13/2020,19.652,"4,753,665",19.67,19.734,19.466
02/12/2020,19.706,"4,539,025",19.526,19.826,19.486
02/11/2020,19.514,"6,123,925",19.564,19.564,19.232
02/10/2020,19.506,"10,564,520",19.234,19.824,19.234
02/07/2020,19.31,"5,054,455",19.182,19.32,19.08
02/06/2020,19.318,"8,328,210",18.97,19.356,18.82
02/05/2020,18.794,"10,473,015",18.402,18.796,18.324
02/04/2020,18.22,"13,118,765",19.062,19.282,18.192
02/03/2020,18.882,"11,318,115",18.796,19.198,18.796
01/31/2020,18.59,"14,004,285",18.98,19.2,18.108
01/30/2020,18.766,"23,069,370",17.76,19.264,17.604
01/29/2020,19.004,"10,649,850",19.01,19.246,18.96
01/28/2020,18.998,"13,223,610",18.786,19.26,18.7508
01/27/2020,18.798,"7,309,810",18.46,18.862,18.424
01/24/2020,18.714,"9,678,030",18.708,18.84,18.569
01/23/2020,18.732,"5,414,050",18.47,18.738,18.292
01/22/2020,18.574,"4,988,825",18.764,18.796,18.548
01/21/2020,18.728,"10,882,025",18.712,18.998,18.677
01/17/2020,18.558,"6,853,370",18.228,18.582,18.12
01/16/2020,18.218,"5,883,940",18.188,18.412,18.108
01/15/2020,18.078,"6,624,250",17.984,18.2078,17.97
01/14/2020,18.036,"6,562,300",18.066,18.277,17.974
01/13/2020,18.078,"4,851,640",18.222,18.224,18.038
01/10/2020,18.254,"6,725,210",18.2,18.346,18.102
01/09/2020,18.162,"5,586,140",18.3,18.392,18.1
01/08/2020,18.342,"7,247,965",18.004,18.438,18.004
01/07/2020,18.002,"13,608,635",18.154,18.328,17.656
01/06/2020,18.33,"6,966,795",18.226,18.33,18.032
01/03/2020,18.392,"7,636,290",18.524,18.574,18.351
01/02/2020,18.622,"5,344,255",18.738,18.818,18.494
12/31/2019,18.688,"4,470,880",18.542,18.752,18.504
12/30/2019,18.58,"6,072,925",18.464,18.692,18.373
12/27/2019,18.46,"5,730,945",18.618,18.724,18.434
12/26/2019,18.496,"5,615,515",18.73,18.8113,18.434
12/24/2019,18.712,"2,053,820",18.472,18.79,18.452
12/23/2019,18.428,"4,270,615",18.472,18.614,18.37
12/20/2019,18.434,"12,674,705",18.504,18.665,18.328
12/19/2019,18.362,"6,498,915",18.504,18.594,18.33
12/18/2019,18.622,"6,708,835",18.786,18.818,18.402
12/17/2019,18.69,"10,079,325",18.688,18.886,18.612
12/16/2019,18.744,"6,930,590",19.05,19.121,18.726
12/13/2019,18.986,"5,475,550",19.644,19.696,18.984
12/12/2019,19.654,"4,780,470",19.404,19.724,19.31
12/11/2019,19.406,"3,302,200",19.43,19.596,19.324
12/10/2019,19.44,"4,242,935",19.614,19.644,19.416
12/09/2019,19.506,"6,560,945",19.414,19.874,19.414
12/06/2019,19.5,"4,718,045",19.51,19.6612,19.238
12/05/2019,19.288,"6,030,145",19.306,19.712,19.2543
12/04/2019,19.144,"4,206,645",18.98,19.308,18.98
12/03/2019,18.929,"5,734,235",18.928,19.166,18.712
12/02/2019,19.156,"6,205,070",18.98,19.238,18.906
11/29/2019,18.888,"3,898,485",19.062,19.088,18.842
11/27/2019,19.098,"2,855,900",19.2,19.26,19.0122
11/26/2019,19.18,"8,500,580",19.1,19.46,19.062
11/25/2019,19.142,"10,006,705",19.58,19.642,19.088
11/22/2019,19.442,"4,554,685",19.332,19.47,19.232
11/21/2019,19.36,"6,013,075",19.354,19.599,19.321
11/20/2019,19.372,"4,556,575",19.302,19.394,19.08
11/19/2019,19.308,"6,375,945",19.534,19.548,19.274
11/18/2019,19.56,"5,276,450",19.662,19.796,19.33
11/15/2019,19.698,"6,712,890",19.5,19.744,19.5
11/14/2019,19.512,"4,282,740",19.404,19.6562,19.04
11/13/2019,19.386,"5,164,255",19.236,19.618,19.032
11/12/2019,19.326,"4,437,225",19.226,19.334,19.022
11/11/2019,19.29,"4,285,230",18.944,19.304,18.86
11/08/2019,18.964,"3,983,060",18.952,19.038,18.806
11/07/2019,18.98,"5,412,935",19.206,19.406,18.952
11/06/2019,19.186,"4,972,790",19.47,19.512,19.018
11/05/2019,19.514,"4,840,010",19.392,19.64,19.302
11/04/2019,19.32,"5,893,770",19.242,19.4876,19.172
11/01/2019,19.156,"4,129,030",19.142,19.178,19.026
10/31/2019,19.004,"5,839,820",19.336,19.354,18.8922
10/30/2019,19.402,"5,564,550",19.058,19.426,19.052
10/29/2019,19.092,"7,166,475",19.046,19.104,18.7852
10/28/2019,19.142,"4,977,645",19.392,19.53,19.104
10/25/2019,19.292,"9,554,350",19.41,19.538,19.12
10/24/2019,19.6,"19,116,295",19.592,19.77,18.986
10/23/2019,19.024,"13,882,945",18.802,19.06,18.63
10/22/2019,18.828,"5,926,170",18.494,18.93,18.398
10/21/2019,18.488,"7,393,240",18.798,18.798,18.442
10/18/2019,18.664,"11,071,505",18.48,18.778,18.418
10/17/2019,18.58,"7,742,895",18.824,18.858,18.54
10/16/2019,18.69,"6,225,440",18.746,18.947,18.678
10/15/2019,18.758,"5,518,065",18.662,18.818,18.532
10/14/2019,18.75,"3,771,225",18.812,18.908,18.57
10/11/2019,18.862,"8,735,165",18.854,19.064,18.7003
10/10/2019,18.624,"5,433,925",18.51,18.702,18.492
10/09/2019,18.598,"6,232,580",18.476,18.79,18.476
10/08/2019,18.414,"11,595,680",18.454,18.71,18.13
10/07/2019,18.41,"9,141,805",18.614,18.793,18.373
10/04/2019,18.621,"6,768,125",18.602,18.868,18.5
10/03/2019,18.632,"14,057,025",18.142,18.662,18.056
10/02/2019,18.114,"15,067,185",18.03,18.212,17.814
10/01/2019,17.96,"7,289,260",18.362,18.404,17.832
09/30/2019,18.088,"8,860,775",17.866,18.2,17.866
09/27/2019,17.802,"6,878,595",17.926,18.0,17.735
09/26/2019,17.792,"8,994,795",17.97,18.093,17.682
09/25/2019,18.122,"5,834,865",18.274,18.34,17.968
09/24/2019,18.276,"4,658,220",18.368,18.582,18.182
09/23/2019,18.432,"7,367,280",18.02,18.692,18.018
09/20/2019,18.078,"11,044,990",18.27,18.502,18.05
09/19/2019,18.416,"8,732,250",18.738,18.77,18.36
09/18/2019,18.71,"11,187,955",19.202,19.339,18.506
09/17/2019,19.236,"6,281,760",19.122,19.454,18.93
09/16/2019,19.132,"8,046,655",19.366,19.582,19.07
09/13/2019,19.42,"11,228,605",20.008,20.038,19.384
09/12/2019,19.868,"10,580,290",20.878,20.899,19.7536
09/11/2019,20.77,"4,911,220",21.218,21.221,20.716
09/10/2019,21.278,"6,313,380",20.488,21.282,20.352
09/09/2019,20.516,"8,780,165",20.764,20.87,20.378
09/06/2019,20.708,"10,181,740",20.744,20.998,20.666
09/05/2019,20.596,"7,330,430",20.29,20.682,20.13
09/04/2019,20.06,"5,622,505",20.12,20.202,19.834
09/03/2019,20.038,"6,439,715",20.14,20.4,19.848
08/30/2019,20.376,"4,802,110",21.09,21.1,20.282
08/29/2019,20.824,"5,000,410",20.716,20.9,20.566
08/28/2019,20.446,"6,986,735",19.796,20.496,19.764
08/27/2019,19.88,"6,354,355",19.856,19.978,19.79
08/26/2019,19.772,"5,618,055",19.52,19.78,19.406
08/23/2019,19.372,"10,139,410",20.018,20.02,19.186
08/22/2019,20.29,"4,209,825",20.286,20.466,20.122
08/21/2019,20.264,"4,575,235",20.396,20.544,20.238
08/20/2019,20.174,"4,329,480",20.184,20.474,20.106
08/19/2019,20.242,"6,875,530",20.35,20.424,19.934
08/16/2019,20.11,"5,395,125",20.026,20.25,19.94
08/15/2019,19.872,"6,874,525",19.998,20.156,19.72
08/14/2019,19.968,"6,257,690",20.442,20.578,19.952
08/13/2019,20.848,"6,215,860",20.568,21.21,20.262
08/12/2019,20.504,"7,461,100",21.372,21.372,20.422
08/09/2019,21.516,"4,661,970",21.704,22.084,21.486
08/08/2019,21.816,"5,464,140",21.186,21.904,21.138
08/07/2019,21.136,"4,631,925",20.904,21.21,20.742
08/06/2019,21.142,"5,701,595",20.634,21.186,20.538
08/05/2019,20.55,"7,602,540",21.118,21.146,20.39
08/02/2019,21.412,"5,334,735",21.538,21.62,21.314
08/01/2019,21.592,"6,771,170",21.808,21.975,21.316
07/31/2019,21.762,"6,435,870",21.816,22.083,21.59
07/30/2019,21.85,"4,077,645",21.98,22.13,21.792
07/29/2019,22.09,"5,486,950",21.976,22.19,21.842
07/26/2019,21.99,"7,279,650",22.406,22.46,21.886
07/25/2019,22.294,"14,096,890",21.0,22.366,21.0
07/24/2019,22.498,"7,005,165",22.236,22.604,22.182
07/23/2019,22.27,"7,271,960",22.596,22.636,21.966
07/22/2019,22.55,"5,750,605",22.53,22.838,22.404
07/19/2019,22.494,"6,368,965",22.582,22.85,22.348
07/18/2019,22.446,"6,930,050",22.206,22.531,22.0
07/17/2019,22.222,"4,344,435",22.432,22.436,22.192
07/16/2019,22.462,"4,880,985",22.6,22.643,22.4338
07/15/2019,22.292,"4,167,340",22.584,22.628,22.144
07/12/2019,22.594,"4,477,475",22.228,22.708,22.185
07/11/2019,22.104,"5,835,840",22.124,22.25,21.92
07/10/2019,21.864,"3,808,425",22.058,22.06,21.656
07/09/2019,22.02,"4,067,360",22.062,22.21,21.868
07/08/2019,22.074,"3,333,035",22.006,22.17,22.002
07/05/2019,22.094,"4,062,980",21.894,22.156,21.804
07/03/2019,22.0,"4,854,365",21.882,22.006,21.682
07/02/2019,22.104,"5,273,840",22.15,22.278,21.992
07/01/2019,22.122,"4,877,145",21.986,22.476,21.88
06/28/2019,21.76,"5,664,070",21.698,21.832,21.53
06/27/2019,21.64,"5,864,575",21.358,21.749,21.2
06/26/2019,21.34,"4,075,680",21.368,21.578,21.288
06/25/2019,21.326,"4,289,765",21.394,21.492,21.194
06/24/2019,21.372,"4,198,475",21.536,21.594,21.32
06/21/2019,21.352,"5,305,505",21.39,21.432,21.154
06/20/2019,21.354,"5,157,645",21.31,21.458,21.047
06/19/2019,21.248,"6,007,760",20.818,21.357,20.818
06/18/2019,21.014,"4,594,940",20.956,21.144,20.788
06/17/2019,20.824,"6,606,280",21.144,21.18,20.6
06/14/2019,21.228,"8,430,220",21.65,21.726,21.195
06/13/2019,21.632,"3,727,250",21.602,21.79,21.502
06/12/2019,21.456,"3,578,865",21.498,21.67,21.338
06/11/2019,21.466,"5,263,690",21.536,21.616,21.29
06/10/2019,21.428,"5,305,795",21.904,21.934,21.402
06/07/2019,21.714,"5,455,530",21.528,21.934,21.481
06/06/2019,21.454,"7,098,420",20.994,21.576,20.922
06/05/2019,20.936,"5,043,235",20.998,21.106,20.716
06/04/2019,20.828,"5,593,795",20.452,20.836,20.452
06/03/2019,20.246,"5,183,510",20.142,20.4,20.02
05/31/2019,20.156,"6,141,520",19.932,20.214,19.71
05/30/2019,20.154,"3,038,775",19.924,20.177,19.924
05/29/2019,19.854,"5,982,955",19.92,20.028,19.642
05/28/2019,20.04,"7,346,515",20.268,20.57,20.03
05/24/2019,20.228,"6,027,350",20.406,20.506,20.096
05/23/2019,20.406,"5,968,575",20.386,20.618,20.212
05/22/2019,20.58,"5,279,970",20.568,20.724,20.468
05/21/2019,20.706,"5,500,385",20.326,20.828,20.308
05/20/2019,20.254,"7,195,240",19.99,20.281,19.912
05/17/2019,20.136,"5,350,325",20.108,20.36,20.049
05/16/2019,20.208,"5,425,780",20.004,20.342,19.888
05/15/2019,19.852,"7,249,760",19.96,20.0,19.62
05/14/2019,20.132,"6,020,670",19.924,20.19,19.734
05/13/2019,19.856,"7,200,010",20.192,20.322,19.721
05/10/2019,20.544,"7,538,720",20.42,20.612,20.208
05/09/2019,20.496,"5,825,635",20.176,20.578,20.002
05/08/2019,20.298,"6,629,260",20.074,20.468,19.904
05/07/2019,20.13,"5,535,130",20.392,20.456,19.9885
05/06/2019,20.618,"4,463,370",20.438,20.694,20.364
05/03/2019,20.774,"7,865,995",20.644,20.952,20.596
05/02/2019,20.606,"7,348,225",20.19,20.608,20.136
05/01/2019,20.194,"4,551,435",20.72,20.76,20.122
04/30/2019,20.7,"6,919,645",20.84,20.922,20.512
04/29/2019,20.938,"5,871,925",21.052,21.17,20.786
04/26/2019,21.026,"9,237,925",21.02,21.134,20.504
04/25/2019,21.012,"19,156,935",20.96,21.596,20.786
04/24/2019,20.812,"7,442,430",20.678,21.018,20.6508
04/23/2019,20.634,"5,534,625",20.444,20.712,20.358
04/22/2019,20.326,"4,578,940",20.608,20.64,20.256
04/18/2019,20.618,"6,621,025",20.75,20.889,20.486
04/17/2019,20.78,"5,692,700",21.122,21.216,20.7698
04/16/2019,21.036,"8,118,205",20.852,21.164,20.852
04/15/2019,20.898,"7,182,365",20.794,20.984,20.678
04/12/2019,20.85,"6,401,310",20.652,20.948,20.622
04/11/2019,20.59,"5,766,000",20.39,20.602,20.28
04/10/2019,20.234,"4,878,760",20.24,20.27,20.006
04/09/2019,20.186,"4,462,330",20.276,20.39,20.148
04/08/2019,20.334,"6,224,125",20.14,20.3818,20.03
04/05/2019,20.226,"8,777,005",19.94,20.294,19.9283
04/04/2019,19.918,"4,956,415",19.62,19.92,19.574
04/03/2019,19.616,"6,278,380",19.512,19.828,19.408
04/02/2019,19.432,"5,402,525",19.502,19.544,19.336
04/01/2019,19.498,"9,471,510",19.632,19.848,19.322
03/29/2019,19.552,"9,792,765",19.176,19.716,19.0789
03/28/2019,19.048,"5,519,065",18.972,19.17,18.972
03/27/2019,18.962,"6,173,045",18.986,19.1608,18.796
03/26/2019,18.988,"5,197,465",18.918,19.136,18.908
03/25/2019,18.81,"4,824,220",18.482,19.0,18.482
03/22/2019,18.536,"4,466,640",18.782,18.88,18.494
03/21/2019,18.87,"5,904,335",18.37,18.91,18.252
03/20/2019,18.216,"6,972,580",18.238,18.48,18.142
03/19/2019,18.232,"5,148,655",18.066,18.4335,18.004
03/18/2019,17.968,"7,734,000",17.886,18.01,17.804
03/15/2019,17.892,"10,021,925",18.08,18.17,17.84
03/14/2019,18.08,"4,753,650",18.284,18.284,18.052
03/13/2019,18.304,"5,731,815",18.176,18.378,18.13
03/12/2019,18.114,"5,907,270",17.874,18.292,17.874
03/11/2019,17.904,"7,144,610",18.178,18.182,17.74
03/08/2019,18.078,"5,876,290",18.346,18.47,17.972
03/07/2019,18.446,"4,322,325",18.414,18.516,18.32
03/06/2019,18.438,"4,609,405",18.762,18.96,18.394
03/05/2019,18.702,"3,674,850",18.802,18.986,18.691
03/04/2019,18.776,"7,906,400",19.05,19.1773,18.57
03/01/2019,18.992,"6,434,200",19.174,19.272,18.702
02/28/2019,19.07,"6,696,965",18.996,19.164,18.862
02/27/2019,19.072,"5,825,020",18.944,19.181,18.868
02/26/2019,18.96,"5,067,930",18.892,19.045,18.858
02/25/2019,18.96,"4,713,845",19.306,19.3446,18.912
02/22/2019,19.208,"6,575,150",19.41,19.46,19.108
02/21/2019,19.402,"4,327,230",19.492,19.606,19.332
02/20/2019,19.51,"6,001,165",19.352,19.606,19.352
02/19/2019,19.414,"6,233,805",19.32,19.472,19.07
02/15/2019,19.516,"7,288,060",19.238,19.528,19.122
02/14/2019,19.156,"7,344,745",19.05,19.26,18.9
02/13/2019,19.166,"8,005,665",19.116,19.236,18.898
02/12/2019,19.112,"8,196,355",18.906,19.148,18.85
02/11/2019,18.838,"9,150,240",18.6,18.962,18.54
02/08/2019,18.464,"9,175,090",18.04,18.53,17.99
02/07/2019,18.15,"7,865,765",18.12,18.152,17.838
02/06/2019,18.206,"6,142,460",17.918,18.226,17.708
02/05/2019,17.918,"7,705,280",17.796,18.026,17.703
02/04/2019,17.772,"7,200,565",17.384,17.778,17.2
02/01/2019,17.394,"12,673,550",17.194,17.696,16.938
01/31/2019,17.08,"33,348,820",17.288,17.514,16.524
01/30/2019,17.924,"8,870,945",18.044,18.132,17.868
01/29/2019,17.98,"5,295,010",17.9,18.05,17.69
01/28/2019,17.822,"5,799,510",17.784,17.872,17.609
01/25/2019,17.92,"7,451,605",17.676,17.928,17.628
01/24/2019,17.518,"6,614,645",17.686,17.782,17.24
01/23/2019,17.804,"5,045,705",18.0,18.018,17.604
01/22/2019,17.872,"5,831,130",17.822,18.1,17.784
01/18/2019,17.896,"6,277,235",17.806,18.027,17.742
01/17/2019,17.7,"5,987,460",17.284,17.718,17.142
01/16/2019,17.426,"6,453,260",17.382,17.63,17.36
01/15/2019,17.39,"8,318,990",17.17,17.488,17.016
01/14/2019,17.182,"11,986,255",16.938,17.504,16.906
01/11/2019,17.062,"6,022,755",16.92,17.262,16.878
01/10/2019,16.934,"6,306,480",16.716,16.94,16.464
01/09/2019,16.924,"6,544,285",16.816,17.22,16.816
01/08/2019,16.7,"10,005,650",16.826,16.912,16.486
01/07/2019,16.71,"12,686,080",16.448,16.902,16.406
01/04/2019,16.468,"9,990,915",16.4,16.685,16.179
01/03/2019,16.136,"10,809,435",16.416,16.482,16.062
01/02/2019,16.446,"7,585,570",16.362,16.802,16.172
12/31/2018,16.688,"5,220,465",16.716,16.782,16.562
12/28/2018,16.642,"4,522,215",16.79,16.976,16.546
12/27/2018,16.736,"6,501,950",16.356,16.738,16.156
12/26/2018,16.576,"5,661,245",15.84,16.586,15.84
12/24/2018,15.742,"3,147,375",15.99,16.2,15.734
12/21/2018,16.066,"14,349,055",16.518,16.798,16.0515
12/20/2018,16.584,"8,454,005",17.09,17.17,16.324
12/19/2018,17.204,"5,120,630",17.33,17.78,17.104
12/18/2018,17.236,"7,305,180",17.47,17.776,17.196
12/17/2018,17.404,"7,153,400",17.778,17.92,17.272
12/14/2018,17.838,"7,456,310",18.19,18.542,17.714
12/13/2018,18.402,"6,487,850",18.644,18.726,18.264
12/12/2018,18.35,"4,885,825",18.264,18.4954,18.1
12/11/2018,18.066,"5,834,960",18.216,18.57,17.959
12/10/2018,18.024,"6,172,670",17.942,18.124,17.54
12/07/2018,17.758,"7,879,740",18.43,18.474,17.7088
12/06/2018,18.474,"9,121,485",18.334,18.478,17.772
12/04/2018,18.598,"5,793,235",19.19,19.348,18.468
12/03/2018,19.148,"7,536,785",19.166,19.334,18.744
11/30/2018,19.026,"8,166,070",18.982,19.116,18.79
11/29/2018,18.934,"5,909,015",18.93,19.128,18.84
11/28/2018,19.01,"7,708,705",18.244,19.06,18.152
11/27/2018,18.15,"9,200,815",17.77,18.27,17.77
11/26/2018,17.77,"7,448,220",17.946,18.052,17.696
11/23/2018,17.86,"3,847,115",17.702,17.96,17.678
11/21/2018,17.8,"5,927,145",17.632,17.976,17.574
11/20/2018,17.558,"8,518,085",18.064,18.2,17.454
11/19/2018,18.452,"4,251,795",18.496,18.836,18.424
11/16/2018,18.532,"9,249,180",18.564,18.702,18.4
11/15/2018,18.66,"6,377,430",18.806,19.02,18.34
11/14/2018,18.838,"8,892,290",19.278,19.336,18.7443
11/13/2018,19.154,"5,662,415",19.24,19.318,18.912
11/12/2018,19.238,"10,344,225",19.408,19.53,19.134
11/09/2018,19.426,"6,792,465",19.27,19.53,19.254
11/08/2018,19.324,"4,805,220",19.156,19.514,19.03
11/07/2018,19.15,"7,441,810",18.784,19.194,18.62
11/06/2018,18.636,"8,799,780",18.736,18.876,18.5752
11/05/2018,18.77,"5,162,890",18.748,18.8,18.454
11/02/2018,18.762,"8,709,815",18.746,18.891,18.492
11/01/2018,18.484,"7,202,505",18.39,18.748,18.18
10/31/2018,18.378,"7,504,595",18.832,18.9,18.338
10/30/2018,18.68,"7,261,720",18.718,19.0,18.406
10/29/2018,18.792,"9,652,545",18.372,19.034,18.356
10/26/2018,18.168,"15,340,195",17.958,18.282,17.51
10/25/2018,17.814,"17,424,915",16.858,18.356,16.782
10/24/2018,16.836,"10,317,680",17.468,17.696,16.742
10/23/2018,17.498,"6,767,100",17.272,17.574,17.2068
10/22/2018,17.478,"10,412,815",17.432,17.64,17.19
10/19/2018,17.372,"9,735,960",17.674,17.754,17.314
10/18/2018,17.53,"7,254,690",17.53,17.696,17.382
10/17/2018,17.612,"5,590,985",17.796,17.8,17.382
10/16/2018,17.776,"4,758,370",17.376,17.826,17.272
10/15/2018,17.314,"6,023,900",17.322,17.494,17.23
10/12/2018,17.334,"8,572,530",17.324,17.574,17.08
10/11/2018,17.046,"11,142,050",16.952,17.558,16.874
10/10/2018,16.964,"7,034,295",17.754,17.754,16.944
10/09/2018,17.808,"7,755,220",17.726,18.126,17.538
10/08/2018,17.736,"5,407,050",17.474,17.79,17.29
10/05/2018,17.53,"5,385,215",17.522,17.67,17.4407
10/04/2018,17.51,"8,416,725",17.778,17.876,17.364
10/03/2018,17.77,"5,281,445",17.868,17.974,17.738
10/02/2018,17.764,"5,268,945",18.118,18.152,17.76
10/01/2018,18.06,"5,334,395",18.268,18.376,18.032
09/28/2018,18.176,"6,255,795",18.2,18.49,18.0945
09/27/2018,18.222,"6,145,990",18.212,18.39,18.134
09/26/2018,18.234,"5,875,815",18.092,18.388,18.072
09/25/2018,18.078,"5,800,385",18.1,18.266,18.008
09/24/2018,18.11,"5,783,830",17.99,18.146,17.92
09/21/2018,17.996,"9,613,525",18.014,18.129,17.934
09/20/2018,17.888,"5,223,850",17.836,18.0,17.686
09/19/2018,17.826,"7,253,270",17.702,17.968,17.684
09/18/2018,17.728,"7,100,085",17.53,17.836,17.53
09/17/2018,17.538,"9,342,420",17.538,17.714,17.308
09/14/2018,17.482,"10,186,310",17.76,17.76,17.424
09/13/2018,17.722,"13,416,130",17.776,17.884,17.5579
09/12/2018,17.726,"9,207,920",18.076,18.156,17.684
09/11/2018,18.138,"9,091,040",17.96,18.284,17.822
09/10/2018,17.988,"6,784,755",17.824,18.038,17.7148
09/07/2018,17.894,"8,934,975",17.928,18.111,17.86
09/06/2018,17.982,"7,448,055",18.008,18.191,17.898
09/05/2018,18.038,"7,740,350",18.114,18.384,17.866
09/04/2018,18.164,"10,266,465",17.726,18.282,17.564
08/31/2018,17.656,"6,019,270",17.32,17.694,17.32
08/30/2018,17.298,"4,194,785",17.318,17.382,17.238
08/29/2018,17.298,"5,487,545",17.236,17.328,17.122
08/28/2018,17.196,"7,612,840",17.356,17.356,17.036
08/27/2018,17.308,"7,505,805",17.798,17.798,17.228
08/24/2018,17.716,"7,889,605",17.814,17.924,17.616
08/23/2018,17.772,"11,774,180",17.194,17.84,17.18
08/22/2018,17.26,"12,321,620",16.698,17.438,16.674
08/21/2018,16.674,"8,388,355",16.334,16.73,16.236
08/20/2018,16.274,"6,816,435",16.162,16.398,16.1145
08/17/2018,16.102,"6,594,750",15.998,16.138,15.911
08/16/2018,15.928,"4,599,825",16.182,16.19,15.852
08/15/2018,16.086,"6,712,630",16.22,16.2537,15.92
08/14/2018,16.296,"7,337,285",15.966,16.352,15.956
08/13/2018,15.898,"5,032,420",15.972,16.136,15.762
08/10/2018,16.082,"3,658,145",16.102,16.174,16.02
08/09/2018,16.212,"4,670,380",16.196,16.37,16.11
08/08/2018,16.254,"7,430,175",15.94,16.278,15.902
08/07/2018,15.996,"6,232,325",15.734,16.078,15.716
08/06/2018,15.756,"2,851,460",15.706,15.852,15.649
08/03/2018,15.724,"8,852,010",15.792,15.976,15.65
08/02/2018,15.73,"5,822,870",15.316,15.764,15.27
08/01/2018,15.358,"6,389,685",15.646,15.664,15.184
07/31/2018,15.608,"4,214,025",15.504,15.706,15.412
07/30/2018,15.482,"5,124,945",15.282,15.533,15.264
07/27/2018,15.25,"12,223,770",16.01,16.014,15.168
07/26/2018,16.072,"18,867,850",16.0,16.468,15.755
07/25/2018,15.632,"15,025,545",15.648,15.768,15.27
07/24/2018,15.668,"11,266,510",16.07,16.119,15.564
07/23/2018,16.056,"7,293,025",15.978,16.232,15.914
07/20/2018,15.974,"6,916,285",15.888,16.0,15.75
07/19/2018,15.884,"5,612,720",15.734,15.95,15.702
07/18/2018,15.754,"9,448,885",15.894,15.956,15.656
07/17/2018,15.784,"6,090,085",15.602,15.826,15.442
07/16/2018,15.684,"7,166,775",15.686,15.7842,15.618
07/13/2018,15.648,"4,985,715",15.486,15.758,15.444
07/12/2018,15.456,"3,977,050",15.53,15.576,15.419
07/11/2018,15.476,"2,800,205",15.51,15.554,15.342
07/10/2018,15.544,"4,040,325",15.5,15.5591,15.424
07/09/2018,15.514,"6,905,620",15.688,15.722,15.448
07/06/2018,15.344,"5,514,505",15.406,15.506,15.322
07/05/2018,15.416,"6,326,610",15.332,15.44,15.286
07/03/2018,15.226,"3,278,180",15.186,15.376,15.186
07/02/2018,15.148,"6,166,265",15.17,15.206,14.986
06/29/2018,15.298,"6,280,120",15.59,15.8,15.278
06/28/2018,15.59,"5,762,265",15.592,15.728,15.4714
06/27/2018,15.572,"7,986,320",15.502,15.808,15.454
06/26/2018,15.378,"5,322,790",15.276,15.428,15.158
06/25/2018,15.192,"6,852,005",15.3,15.346,15.092
06/22/2018,15.37,"10,762,330",15.55,15.55,15.212
06/21/2018,15.51,"7,781,895",15.372,15.6,15.322
06/20/2018,15.364,"5,787,410",15.13,15.398,15.092
06/19/2018,15.122,"5,053,555",15.012,15.144,14.98
06/18/2018,15.122,"7,644,655",14.792,15.196,14.792
06/15/2018,14.88,"11,843,565",14.846,14.914,14.8
06/14/2018,14.864,"10,477,320",15.086,15.138,14.692
06/13/2018,15.044,"8,948,930",15.186,15.24,15.024
06/12/2018,15.156,"8,326,320",15.252,15.313,15.134
06/11/2018,15.184,"9,628,770",15.34,15.352,15.124
06/08/2018,15.316,"9,403,480",15.33,15.42,15.248
06/07/2018,15.356,"7,604,440",15.4,15.448,15.278
06/06/2018,15.354,"10,550,825",15.232,15.366,15.172
06/05/2018,15.166,"10,161,545",15.102,15.238,15.022
06/04/2018,15.106,"11,642,415",15.07,15.13,14.96
06/01/2018,15.026,"8,034,825",14.966,15.1,14.884
05/31/2018,14.862,"8,380,560",15.092,15.092,14.856
05/30/2018,15.068,"8,616,220",14.774,15.094,14.736
05/29/2018,14.71,"7,915,910",14.608,14.722,14.544
05/25/2018,14.668,"6,959,065",14.812,14.84,14.596
05/24/2018,14.842,"5,422,710",14.802,14.944,14.598
05/23/2018,14.868,"7,342,535",14.73,14.886,14.47
05/22/2018,14.738,"12,245,000",14.916,15.06,14.518
05/21/2018,14.728,"10,637,820",14.608,14.88,14.59
05/18/2018,14.564,"6,695,255",14.362,14.58,14.362
05/17/2018,14.334,"5,326,070",14.152,14.42,14.15
05/16/2018,14.202,"5,279,875",14.224,14.39,14.104
05/15/2018,14.172,"7,889,685",14.172,14.326,14.03
05/14/2018,14.242,"14,143,535",13.9,14.342,13.7862
05/11/2018,13.924,"8,746,845",13.6,13.94,13.598
05/10/2018,13.56,"7,815,090",13.35,13.566,13.332
05/09/2018,13.338,"10,555,460",13.332,13.444,13.224
05/08/2018,13.296,"7,631,690",13.304,13.502,13.206
05/07/2018,13.362,"8,035,500",13.378,13.406,13.26
05/04/2018,13.392,"5,587,435",13.164,13.4622,12.9407
05/03/2018,13.23,"11,392,800",13.33,13.364,12.832
05/02/2018,13.64,"9,696,595",13.542,13.82,13.436
05/01/2018,13.552,"8,726,555",13.548,13.7756,13.378
04/30/2018,13.6,"8,896,560",13.722,13.776,13.514
04/27/2018,13.686,"17,271,580",13.454,13.738,13.316
04/26/2018,13.332,"25,433,195",12.554,13.54,12.5
04/25/2018,12.438,"12,978,935",12.192,12.446,12.0059
04/24/2018,12.238,"8,198,560",12.45,12.514,12.189
04/23/2018,12.328,"9,013,775",12.052,12.46,12.028
04/20/2018,12.066,"9,810,665",12.236,12.526,12.028
04/19/2018,11.976,"7,542,370",12.046,12.088,11.896
04/18/2018,12.132,"12,382,790",11.826,12.358,11.768
04/17/2018,11.73,"14,894,810",11.996,12.024,11.7
04/16/2018,11.954,"16,883,125",12.044,12.1,11.86
04/13/2018,11.664,"9,856,660",12.08,12.08,11.654
04/12/2018,12.04,"7,691,815",12.326,12.392,12.014
04/11/2018,12.268,"8,750,175",12.166,12.348,12.128
04/10/2018,12.29,"9,736,680",12.01,12.357,12.004
04/09/2018,11.88,"9,090,195",11.95,12.094,11.854
04/06/2018,11.94,"8,328,560",12.168,12.276,11.778
04/05/2018,12.272,"10,791,990",12.436,12.456,12.152
04/04/2018,12.376,"8,200,795",11.99,12.468,11.96
04/03/2018,12.162,"7,728,115",12.174,12.296,12.058
04/02/2018,12.078,"13,514,765",12.51,12.603,11.96
03/29/2018,12.604,"14,171,650",12.088,12.638,12.086
03/28/2018,12.0,"8,545,770",11.916,12.128,11.8523
03/27/2018,11.888,"7,175,525",12.062,12.174,11.832
03/26/2018,12.034,"6,403,845",12.036,12.1272,11.756
03/23/2018,11.876,"11,067,275",12.062,12.164,11.828
03/22/2018,12.004,"9,808,435",12.334,12.34,11.987
03/21/2018,12.374,"6,563,440",12.58,12.656,12.36
03/20/2018,12.564,"4,949,855",12.648,12.692,12.46
03/19/2018,12.64,"6,547,500",12.838,12.91,12.58
03/16/2018,12.876,"10,799,750",12.648,13.0,12.644
03/15/2018,12.596,"6,556,770",12.542,12.742,12.542
03/14/2018,12.524,"14,201,160",12.654,12.6874,12.504
03/13/2018,12.586,"11,092,330",12.748,12.79,12.498
03/12/2018,12.732,"7,744,710",13.062,13.146,12.722
03/09/2018,13.068,"4,579,515",12.98,13.078,12.854
03/08/2018,12.882,"6,078,100",12.81,12.904,12.76
03/07/2018,12.756,"7,480,560",12.79,12.86,12.6
03/06/2018,12.956,"6,778,880",12.91,12.972,12.8202
03/05/2018,12.884,"9,441,975",12.91,12.986,12.776
03/02/2018,12.844,"10,489,285",12.648,12.9,12.522
03/01/2018,12.772,"7,954,355",12.96,12.992,12.686
02/28/2018,12.986,"8,546,650",13.048,13.086,12.888
02/27/2018,13.006,"8,833,000",13.068,13.336,12.998
02/26/2018,12.972,"8,472,070",13.244,13.302,12.915
02/23/2018,13.172,"6,760,425",13.194,13.286,13.038
02/22/2018,13.158,"7,463,190",13.29,13.366,13.104
02/21/2018,13.26,"8,055,245",13.494,13.694,13.244
02/20/2018,13.444,"7,470,135",13.328,13.668,13.286
02/16/2018,13.464,"9,557,700",13.788,13.8671,13.289
02/15/2018,13.828,"10,468,350",13.698,14.114,13.6
02/14/2018,13.6,"7,170,065",13.174,13.644,13.124
02/13/2018,13.232,"7,359,865",13.314,13.358,13.018
02/12/2018,13.334,"8,823,460",13.37,13.524,13.124
02/09/2018,13.3,"12,762,775",13.258,13.4,12.764
02/08/2018,13.188,"10,803,660",13.506,13.594,13.186
02/07/2018,13.474,"11,879,710",13.42,13.6,13.3762
02/06/2018,13.456,"19,037,255",13.016,13.642,12.73
02/05/2018,13.13,"16,358,510",13.542,13.644,13.124
02/02/2018,13.576,"22,734,455",14.028,14.168,13.516
02/01/2018,14.288,"39,760,430",14.4,14.46,13.86
01/31/2018,15.25,"13,934,540",15.616,15.73,15.164
01/30/2018,15.612,"7,019,275",15.702,15.846,15.604
01/29/2018,15.82,"9,019,850",15.77,15.878,15.6441
01/26/2018,15.82,"10,564,830",15.698,15.844,15.656
01/25/2018,15.63,"12,307,625",15.764,15.84,15.29
01/24/2018,16.136,"12,947,685",16.2,16.2294,15.966
01/23/2018,16.208,"12,666,655",16.376,16.426,16.158
01/22/2018,16.388,"6,712,525",16.51,16.536,16.284
01/19/2018,16.478,"5,605,025",16.248,16.488,16.206
01/18/2018,16.18,"4,938,110",16.114,16.238,16.052
01/17/2018,16.116,"5,412,205",15.956,16.222,15.896
01/16/2018,15.836,"6,939,645",15.994,16.186,15.684
01/12/2018,15.922,"10,496,985",15.708,15.97,15.69
01/11/2018,15.698,"14,866,405",15.594,15.708,15.1784
01/10/2018,15.706,"7,161,480",15.822,15.862,15.632
01/09/2018,15.898,"5,583,320",15.89,15.918,15.754
01/08/2018,15.85,"7,048,985",15.834,15.944,15.7424
01/05/2018,15.888,"10,799,170",15.578,15.906,15.538
01/04/2018,15.524,"6,130,490",15.302,15.544,15.218
01/03/2018,15.25,"3,930,290",15.168,15.271,15.089
01/02/2018,15.136,"7,950,055",15.07,15.346,15.002
12/29/2017,14.95,"3,655,020",15.0,15.044,14.916
12/28/2017,15.016,"3,058,185",15.024,15.032,14.904
12/27/2017,14.976,"4,321,425",15.098,15.1,14.963
12/26/2017,15.06,"5,536,910",14.918,15.128,14.89
12/22/2017,14.896,"5,769,410",14.894,14.924,14.7
12/21/2017,14.878,"10,173,890",14.598,14.906,14.53
12/20/2017,14.594,"15,116,360",14.218,14.646,14.1833
12/19/2017,14.1,"11,452,100",13.83,14.12,13.688
12/18/2017,13.84,"7,653,445",13.718,13.9,13.69
12/15/2017,13.684,"29,622,325",13.458,13.748,13.378
12/14/2017,13.356,"6,720,750",13.616,13.682,13.348
12/13/2017,13.584,"7,633,155",13.556,13.712,13.506
12/12/2017,13.568,"5,801,120",13.4,13.6,13.322
12/11/2017,13.43,"7,984,025",13.66,13.6726,13.326
12/08/2017,13.532,"9,003,525",13.37,13.566,13.254
12/07/2017,13.296,"9,534,305",13.394,13.476,13.234
12/06/2017,13.402,"7,493,235",13.778,13.852,13.39
12/05/2017,13.75,"17,304,215",13.754,13.886,13.618
12/04/2017,13.654,"24,109,355",13.724,13.884,13.618
12/01/2017,13.632,"13,236,295",13.706,13.836,13.446
11/30/2017,13.648,"12,142,065",13.916,14.122,13.644
11/29/2017,13.872,"16,203,820",13.544,13.992,13.5004
11/28/2017,13.55,"10,991,185",12.946,13.562,12.89
11/27/2017,12.944,"6,858,960",12.914,13.01,12.8
11/24/2017,12.858,"2,717,535",12.92,12.944,12.824
11/22/2017,12.944,"7,421,660",12.982,13.154,12.878
11/21/2017,12.974,"9,118,330",13.158,13.16,12.788
11/20/2017,13.146,"11,155,630",12.96,13.158,12.928
11/17/2017,12.9,"9,790,805",12.686,12.92,12.626
11/16/2017,12.66,"10,953,680",12.628,12.832,12.56
11/15/2017,12.568,"10,310,925",12.34,12.648,12.222
11/14/2017,12.33,"6,913,060",12.186,12.428,12.154
11/13/2017,12.266,"7,199,130",12.49,12.592,12.258
11/10/2017,12.534,"15,079,855",12.332,12.672,12.312
11/09/2017,12.376,"7,947,190",12.054,12.432,12.034
11/08/2017,12.128,"9,668,055",11.832,12.166,11.812
11/07/2017,11.828,"4,745,430",11.9,11.932,11.738
11/06/2017,11.924,"7,753,400",11.822,11.96,11.802
11/03/2017,11.794,"9,367,125",11.58,12.04,11.58
11/02/2017,11.932,"9,807,825",11.868,11.984,11.699
11/01/2017,11.856,"7,962,265",12.08,12.121,11.836
10/31/2017,12.052,"14,697,420",12.146,12.2,11.852
10/30/2017,12.098,"17,142,095",11.654,12.1367,11.578
10/27/2017,11.652,"17,927,255",11.42,11.698,11.254
10/26/2017,11.47,"38,288,920",10.98,11.51,10.952
10/25/2017,11.584,"21,874,405",11.694,11.754,11.49
10/24/2017,11.66,"15,060,010",11.676,11.692,11.4502
10/23/2017,11.686,"10,354,185",11.748,11.898,11.673
10/20/2017,11.778,"9,670,780",11.714,11.822,11.664
10/19/2017,11.686,"8,584,580",11.712,11.776,11.61
10/18/2017,11.736,"8,021,585",11.82,12.004,11.676
10/17/2017,11.82,"10,591,300",11.714,11.9,11.712
10/16/2017,11.728,"7,189,255",11.758,11.802,11.65
10/13/2017,11.764,"11,313,950",11.692,11.872,11.52
10/12/2017,11.64,"15,505,120",12.08,12.08,11.518
10/11/2017,11.886,"10,315,405",12.04,12.148,11.87
10/10/2017,12.06,"6,391,020",12.064,12.196,12.03
10/09/2017,12.044,"6,960,655",12.22,12.253,11.986
10/06/2017,12.21,"9,732,800",12.46,12.484,12.176
10/05/2017,12.49,"7,186,835",12.42,12.494,12.282
10/04/2017,12.438,"5,067,770",12.628,12.696,12.418
10/03/2017,12.638,"4,654,880",12.636,12.692,12.574
10/02/2017,12.598,"8,667,530",12.398,12.611,12.336
09/29/2017,12.658,"5,109,270",12.614,12.666,12.524
09/28/2017,12.622,"5,964,045",12.586,12.68,12.514
09/27/2017,12.582,"6,637,515",12.612,12.656,12.424
09/26/2017,12.57,"5,621,120",12.582,12.668,12.454
09/25/2017,12.568,"10,617,995",12.236,12.62,12.218
09/22/2017,12.224,"10,340,080",12.132,12.332,12.102
09/21/2017,12.15,"7,396,795",12.148,12.204,12.014
09/20/2017,12.122,"10,164,780",12.192,12.244,11.984
09/19/2017,12.25,"8,040,880",12.296,12.338,12.132
09/18/2017,12.27,"11,838,430",12.642,12.676,12.252
09/15/2017,12.632,"10,596,380",12.55,12.638,12.46
09/14/2017,12.5,"8,488,005",12.47,12.504,12.396
09/13/2017,12.48,"9,918,780",12.322,12.504,12.308
09/12/2017,12.34,"7,084,965",12.186,12.3456,12.13
09/11/2017,12.186,"11,664,630",12.114,12.192,12.064
09/08/2017,12.062,"14,404,695",12.16,12.18,11.928
09/07/2017,12.188,"10,452,865",12.08,12.198,12.0159
09/06/2017,12.004,"12,180,470",11.87,12.15,11.812
09/05/2017,11.876,"10,365,230",11.964,11.998,11.7995
09/01/2017,11.908,"10,881,845",11.95,11.96,11.828
08/31/2017,11.902,"11,442,160",11.896,12.03,11.85
08/30/2017,11.79,"6,696,455",11.74,11.84,11.692
08/29/2017,11.752,"6,959,390",11.696,11.756,11.62
08/28/2017,11.792,"10,288,960",11.942,11.96,11.758
08/25/2017,11.916,"17,435,440",11.572,12.006,11.562
08/24/2017,11.538,"16,672,580",11.502,11.7445,11.464
08/23/2017,11.408,"21,873,455",11.2,11.448,11.186
08/22/2017,11.234,"12,578,015",11.002,11.238,10.984
08/21/2017,10.952,"8,562,725",10.932,11.0482,10.8392
08/18/2017,10.94,"15,241,680",10.9,10.972,10.784
08/17/2017,10.984,"15,739,665",10.674,11.068,10.564
08/16/2017,10.746,"8,517,295",10.572,10.772,10.562
08/15/2017,10.518,"12,756,255",10.836,10.836,10.37
08/14/2017,10.806,"8,453,620",10.76,10.89,10.654
08/11/2017,10.698,"8,065,945",10.642,10.752,10.526
08/10/2017,10.638,"12,076,195",11.054,11.054,10.616
08/09/2017,11.098,"8,748,485",11.092,11.128,10.944
08/08/2017,11.146,"7,971,670",11.304,11.392,11.0945
08/07/2017,11.322,"9,896,950",11.386,11.43,11.21
08/04/2017,11.398,"8,762,740",11.14,11.438,11.106
08/03/2017,11.102,"9,554,615",11.066,11.224,10.998
08/02/2017,11.136,"7,106,150",11.176,11.238,11.098
08/01/2017,11.238,"12,111,170",11.28,11.28,11.0339
07/31/2017,11.224,"8,914,460",11.354,11.398,11.208
07/28/2017,11.324,"16,886,365",11.452,11.55,11.246
07/27/2017,11.506,"46,857,245",10.8,11.669,10.732
07/26/2017,10.68,"16,768,655",10.708,10.802,10.566
07/25/2017,10.706,"13,439,540",10.352,10.76,10.352
07/24/2017,10.304,"10,245,025",10.514,10.514,10.271
07/21/2017,10.522,"12,069,885",10.384,10.552,10.368
07/20/2017,10.406,"10,905,215",10.34,10.538,10.258
07/19/2017,10.368,"8,853,280",10.406,10.566,10.304
07/18/2017,10.362,"7,933,775",10.458,10.49,10.276
07/17/2017,10.456,"15,206,165",10.308,10.636,10.286
07/14/2017,10.304,"15,384,245",10.12,10.44,10.094
07/13/2017,10.07,"20,683,125",10.058,10.174,9.998
07/12/2017,9.998,"12,437,140",10.062,10.146,9.974
07/11/2017,10.01,"11,933,030",10.104,10.122,9.976
07/10/2017,10.132,"12,682,955",10.2,10.276,10.116
07/07/2017,10.212,"16,832,545",10.304,10.3615,10.184
07/06/2017,10.3,"15,414,850",10.594,10.628,10.286
07/05/2017,10.6,"14,124,060",10.966,11.04,10.594
07/03/2017,10.992,"5,491,330",10.936,11.078,10.89
06/30/2017,10.842,"7,706,520",10.692,10.882,10.606
06/29/2017,10.616,"6,757,950",10.626,10.768,10.584
06/28/2017,10.626,"6,929,190",10.794,10.86,10.62
06/27/2017,10.752,"9,203,575",10.57,10.84,10.557
06/26/2017,10.57,"9,455,450",10.53,10.616,10.418
06/23/2017,10.53,"13,575,835",10.506,10.574,10.422
06/22/2017,10.506,"11,138,125",10.572,10.624,10.496
06/21/2017,10.564,"8,949,210",10.732,10.798,10.556
06/20/2017,10.728,"12,570,095",11.138,11.17,10.718
06/19/2017,11.126,"10,236,030",11.142,11.2158,10.994
06/16/2017,11.094,"16,212,375",11.116,11.136,10.904
06/15/2017,11.166,"7,862,235",11.21,11.272,11.034
06/14/2017,11.224,"11,435,870",11.452,11.5498,11.154
06/13/2017,11.43,"11,884,680",11.512,11.648,11.318
06/12/2017,11.544,"18,274,240",11.416,11.858,11.412
06/09/2017,11.404,"17,646,360",10.938,11.494,10.854
06/08/2017,10.888,"19,739,355",10.95,11.328,10.858
06/07/2017,10.898,"14,264,735",11.006,11.16,10.8578
06/06/2017,11.004,"11,335,925",11.118,11.164,10.952
06/05/2017,11.18,"14,146,040",11.144,11.238,11.01
06/02/2017,11.122,"13,344,485",11.158,11.228,10.944
06/01/2017,11.222,"13,521,625",11.074,11.236,10.996
05/31/2017,11.03,"11,023,490",10.984,11.034,10.786
05/30/2017,10.964,"13,180,390",10.934,11.06,10.908
05/26/2017,10.976,"13,240,125",10.916,11.026,10.802
05/25/2017,10.876,"13,617,620",10.64,10.962,10.636
05/24/2017,10.624,"15,311,635",10.9,10.91,10.57
05/23/2017,10.858,"21,819,735",11.27,11.281,10.818
05/22/2017,11.26,"11,393,485",11.522,11.5438,11.246
