date,close,volume,open,high,low
05/15/2026,21.15,"17,607,740",20.46,21.17,20.4
05/14/2026,20.41,"14,035,280",20.44,20.64,20.035
05/13/2026,20.49,"18,831,980",20.895,20.895,19.83
05/12/2026,21.14,"16,822,630",21.765,21.88,21.035
05/11/2026,21.52,"21,721,400",22.75,22.89,20.835
05/08/2026,23.08,"41,292,180",20.975,23.105,20.7251
05/07/2026,23.49,"43,042,340",24.08,24.66,23.37
05/06/2026,24.01,"15,459,530",24.82,24.85,23.87
05/05/2026,24.61,"19,634,410",24.01,24.72,23.37
05/04/2026,24.1,"12,388,840",24.58,24.8364,23.91
05/01/2026,24.24,"17,025,170",24.31,24.87,24.02
04/30/2026,23.59,"14,696,490",23.87,23.91,23.15
04/29/2026,24.37,"20,333,440",23.59,24.5075,23.45
04/28/2026,23.23,"10,842,740",23.04,23.6899,22.91
04/27/2026,23.14,"15,602,770",23.25,23.91,22.86
04/24/2026,23.97,"21,016,160",23.64,24.17,22.98
04/23/2026,22.62,"13,287,470",23.26,23.27,22.13
04/22/2026,23.56,"11,892,030",23.43,23.67,23.2001
04/21/2026,23.2,"19,405,860",23.925,24.0637,22.925
04/20/2026,24.05,"21,010,680",22.27,24.315,22.25
04/17/2026,22.47,"19,586,710",23.066,23.42,22.3
04/16/2026,22.76,"17,676,470",22.77,23.39,22.62
04/15/2026,22.38,"15,488,580",21.43,22.55,21.3
04/14/2026,21.02,"12,569,070",21.33,21.92,20.925
04/13/2026,21.22,"14,529,380",20.15,21.285,20.12
04/10/2026,20.09,"12,841,940",20.7,21.02,19.97
04/09/2026,20.61,"19,660,030",20.21,20.69,19.74
04/08/2026,20.25,"21,288,600",21.52,21.725,20.11
04/07/2026,20.7,"22,385,910",22.11,22.54,20.375
04/06/2026,22.21,"8,187,883",21.89,22.54,21.89
04/02/2026,22.05,"12,607,230",21.74,22.525,21.455
04/01/2026,21.98,"16,654,940",22.64,22.82,21.72
03/31/2026,22.69,"42,271,420",22.0,23.3,21.98
03/30/2026,22.01,"21,062,670",21.2,22.57,21.2
03/27/2026,21.28,"14,841,980",21.61,21.64,21.03
03/26/2026,21.74,"14,263,290",21.76,22.36,21.55
03/25/2026,21.97,"15,947,700",22.68,23.13,21.54
03/24/2026,22.34,"30,889,620",23.82,23.88,21.57
03/23/2026,23.95,"14,636,690",24.33,24.65,23.73
03/20/2026,24.11,"24,215,560",23.49,24.49,23.2
03/19/2026,23.51,"17,502,950",23.205,24.0,22.95
03/18/2026,23.55,"36,151,540",23.34,24.5,23.0
03/17/2026,25.07,"40,427,160",27.16,28.64,24.82
03/16/2026,27.08,"10,875,330",27.88,27.9988,26.93
03/13/2026,27.34,"12,999,530",26.645,27.5459,26.2
03/12/2026,26.525,"11,827,120",27.42,28.08,26.47
03/11/2026,27.28,"12,777,820",28.09,28.29,26.83
03/10/2026,27.66,"16,188,600",28.63,28.63,27.12
03/09/2026,28.56,"16,131,130",28.77,28.9662,27.98
03/06/2026,29.28,"29,200,980",29.165,29.51,28.035
03/05/2026,29.79,"82,707,390",31.489,32.9,29.2522
03/04/2026,25.17,"22,542,820",25.035,25.59,24.57
03/03/2026,25.0,"19,617,030",24.06,25.245,23.53
03/02/2026,24.32,"20,259,810",23.075,24.34,22.88
02/27/2026,23.82,"23,911,240",23.51,24.09,22.47
02/26/2026,23.95,"52,998,590",21.1,24.3299,21.08
02/25/2026,25.16,"29,451,350",24.93,25.74,24.544
02/24/2026,24.94,"11,968,380",24.11,24.98,23.78
02/23/2026,24.17,"14,439,020",24.91,25.0,24.05
02/20/2026,25.1,"15,338,940",25.15,26.12,24.91
02/19/2026,25.24,"20,280,390",25.37,25.82,25.135
02/18/2026,25.5,"17,331,280",25.13,25.84,24.94
02/17/2026,25.26,"13,547,690",25.89,26.26,24.84
02/13/2026,25.81,"13,286,150",26.415,26.815,25.64
02/12/2026,26.14,"16,259,270",27.33,27.48,25.935
02/11/2026,27.23,"10,270,300",28.242,28.365,26.945
02/10/2026,28.13,"13,246,120",27.34,28.5399,27.3
02/09/2026,27.04,"8,224,940",27.12,27.26,26.6701
02/06/2026,27.04,"13,597,700",26.33,27.06,26.06
02/05/2026,26.24,"22,379,290",27.0,27.78,26.01
02/04/2026,27.27,"19,189,540",27.035,27.495,26.04
02/03/2026,27.18,"29,647,540",28.505,28.5314,26.57
02/02/2026,29.75,"14,344,530",30.13,30.89,29.69
01/30/2026,30.33,"14,739,740",31.33,31.34,30.13
01/29/2026,31.25,"13,680,700",31.55,31.63,30.82
01/28/2026,31.87,"9,848,671",32.485,32.775,31.84
01/27/2026,32.19,"18,874,840",33.52,33.57,31.83
01/26/2026,33.81,"24,784,700",36.36,36.38,33.43
01/23/2026,36.55,"6,203,272",36.235,36.695,36.06
01/22/2026,36.82,"8,293,056",35.745,36.955,35.63
01/21/2026,35.33,"9,366,625",34.43,35.535,34.35
01/20/2026,34.15,"10,964,370",34.81,35.081,34.0
01/16/2026,35.48,"12,520,590",36.26,36.35,35.2349
01/15/2026,36.23,"11,334,070",37.2,37.225,35.88
01/14/2026,37.13,"9,994,459",37.13,37.25,36.32
01/13/2026,37.14,"11,829,360",36.91,37.3,36.25
01/12/2026,36.9,"11,020,850",37.35,37.77,36.74
01/09/2026,37.29,"10,244,810",37.54,37.65,36.63
01/08/2026,37.3,"12,829,140",38.44,38.4506,37.04
01/07/2026,38.65,"10,377,280",39.76,39.9899,38.29
01/06/2026,39.74,"12,163,470",40.11,40.9,39.505
01/05/2026,40.11,"14,290,450",37.95,40.2,37.85
01/02/2026,37.68,"9,782,568",38.195,38.24,36.7946
12/31/2025,37.96,"7,624,558",38.065,38.47,37.8357
12/30/2025,38.12,"8,090,208",38.22,38.9,38.1
12/29/2025,38.39,"9,907,315",38.09,38.76,37.96
12/26/2025,38.31,"6,307,545",38.05,38.4156,37.79
12/24/2025,38.12,"4,208,633",37.4,38.14,37.17
12/23/2025,37.44,"9,550,176",37.13,37.6156,36.7901
12/22/2025,37.29,"11,795,020",37.53,38.0,37.05
12/19/2025,37.26,"63,754,500",37.15,37.605,36.81
12/18/2025,37.29,"10,653,490",37.63,37.73,36.89
12/17/2025,37.17,"14,206,300",36.57,37.96,36.36
12/16/2025,36.64,"13,116,380",36.1,36.77,35.72
12/15/2025,36.19,"17,389,380",36.695,36.7,35.65
12/12/2025,36.65,"13,651,050",37.19,37.8363,36.51
12/11/2025,37.02,"21,472,800",38.415,38.4872,36.78
12/10/2025,39.22,"9,120,588",39.26,39.8,38.78
12/09/2025,39.4,"8,764,751",39.205,39.85,38.81
12/08/2025,39.35,"10,925,340",40.2,40.29,39.32
12/05/2025,40.05,"11,322,770",39.64,41.005,39.57
12/04/2025,39.35,"13,044,920",38.98,39.465,38.25
12/03/2025,38.61,"12,875,820",39.715,40.08,38.56
12/02/2025,39.95,"9,365,658",39.91,40.7105,39.825
12/01/2025,39.58,"11,119,210",38.975,40.1805,38.58
11/28/2025,39.56,"5,248,855",39.23,40.005,39.03
11/26/2025,39.11,"12,017,420",39.175,39.54,38.75
11/25/2025,39.09,"13,823,550",38.945,39.39,38.46
11/24/2025,39.06,"15,322,410",39.72,39.75,38.5
11/21/2025,39.65,"15,475,420",38.36,40.01,38.225
11/20/2025,38.35,"14,808,860",40.735,41.1459,38.28
11/19/2025,40.19,"11,633,330",40.6,41.16,39.795
11/18/2025,40.47,"10,171,600",39.765,41.191,39.69
11/17/2025,40.21,"14,631,430",41.91,41.91,39.75
11/14/2025,41.93,"11,493,450",42.145,42.69,41.5
11/13/2025,42.87,"9,301,208",43.5,43.86,42.49
11/12/2025,43.79,"10,335,760",44.89,45.5,43.53
11/11/2025,44.2,"13,144,600",43.31,44.49,43.05
11/10/2025,43.26,"23,444,560",44.05,44.87,42.01
11/07/2025,43.0,"34,336,160",46.0,46.0,41.7733
11/06/2025,45.9,"24,102,070",47.72,47.96,45.595
11/05/2025,47.7,"9,982,253",47.01,48.3,47.01
11/04/2025,47.24,"8,540,863",48.375,48.465,47.09
11/03/2025,49.12,"9,623,239",49.92,50.055,48.05
10/31/2025,50.28,"10,012,720",49.08,50.79,48.87
10/30/2025,48.97,"7,389,735",49.555,50.57,48.78
10/29/2025,49.96,"11,888,290",51.62,51.62,49.23
10/28/2025,51.67,"6,958,318",53.6,53.94,51.41
10/27/2025,53.61,"10,851,140",52.69,54.045,52.045
10/24/2025,52.0,"12,294,510",54.79,55.11,51.12
10/23/2025,54.13,"5,152,528",53.79,54.63,53.27
10/22/2025,53.89,"7,354,479",53.46,54.26,52.65
10/21/2025,53.92,"13,123,220",52.88,54.705,52.45
10/20/2025,52.495,"8,558,789",50.37,53.08,50.3
10/17/2025,49.98,"9,224,197",49.17,50.82,48.48
10/16/2025,49.9,"8,541,309",51.11,51.88,49.6
10/15/2025,51.1,"7,470,317",51.165,51.67,50.21
10/14/2025,50.73,"8,133,825",50.3,51.26,49.45
10/13/2025,51.275,"10,294,650",52.595,53.41,50.94
10/10/2025,52.36,"12,452,870",54.19,54.99,51.414
10/09/2025,54.09,"9,949,080",54.08,54.26,52.89
10/08/2025,54.07,"10,859,150",53.69,54.9743,52.597
10/07/2025,53.49,"17,831,480",54.705,56.39,52.8
10/06/2025,53.14,"12,580,030",52.39,53.74,50.89
10/03/2025,51.55,"11,935,930",51.045,51.69,50.65
10/02/2025,50.88,"15,268,060",49.75,51.14,48.7
10/01/2025,49.32,"13,061,040",48.82,49.69,48.135
09/30/2025,49.01,"26,414,930",50.0,50.74,48.52
09/29/2025,49.64,"21,147,080",47.58,50.5399,47.22
09/26/2025,47.14,"9,250,468",46.67,47.2,46.025
09/25/2025,46.76,"14,285,870",45.96,47.29,45.47
09/24/2025,46.87,"15,392,150",47.095,47.75,46.43
09/23/2025,46.86,"20,024,050",46.205,47.59,45.88
09/22/2025,46.15,"23,599,830",43.88,46.675,43.66
09/19/2025,44.47,"52,978,350",43.87,44.575,43.1
09/18/2025,43.93,"22,314,350",45.375,45.68,43.89
09/17/2025,45.37,"17,544,210",44.9,46.28,44.35
09/16/2025,44.895,"24,134,800",44.0,46.335,43.51
09/15/2025,45.54,"15,374,350",45.28,46.27,45.2
09/12/2025,45.15,"19,764,790",45.4,46.18,45.05
09/11/2025,45.24,"26,904,030",46.3,46.79,45.22
09/10/2025,46.14,"48,170,670",51.55,51.56,45.31
09/09/2025,52.4,"7,883,399",51.78,52.83,51.52
09/08/2025,52.03,"10,656,930",52.31,52.48,50.64
09/05/2025,52.07,"11,342,790",52.0,52.57,51.01
09/04/2025,51.92,"11,413,450",53.88,54.075,51.73
09/03/2025,53.77,"7,132,746",53.89,54.3,53.21
09/02/2025,54.18,"7,788,313",53.45,54.25,52.6975
08/29/2025,54.66,"8,738,500",54.92,55.53,54.36
08/28/2025,55.36,"12,371,370",52.84,55.56,52.6743
08/27/2025,52.65,"7,614,424",52.21,53.025,51.93
08/26/2025,52.22,"7,241,575",52.57,53.0,52.05
08/25/2025,52.37,"7,639,109",53.19,53.62,52.37
08/22/2025,53.2,"10,237,160",52.19,54.19,52.02
08/21/2025,52.3,"6,558,132",52.57,52.7,51.72
08/20/2025,52.53,"9,001,123",52.565,52.815,51.29
08/19/2025,52.53,"13,601,650",55.15,55.17,52.3
08/18/2025,54.95,"16,702,740",52.125,55.4,52.0
08/15/2025,52.12,"17,870,820",51.03,53.06,50.47
08/14/2025,50.76,"34,083,970",53.3,53.49,50.21
08/13/2025,54.36,"19,490,830",53.5,54.525,52.515
08/12/2025,53.27,"25,085,460",53.5,54.45,52.175
08/11/2025,53.175,"37,670,360",53.8,56.77,52.79
08/08/2025,54.23,"105,358,400",56.64,57.0,53.18
08/07/2025,88.33,"21,958,030",90.75,91.45,87.44
08/06/2025,89.58,"8,653,759",88.16,90.66,88.125
08/05/2025,87.7,"8,530,223",89.74,90.5,87.1201
08/04/2025,89.76,"8,305,672",87.03,89.81,86.76
08/01/2025,86.08,"9,977,444",84.0,86.36,81.8701
07/31/2025,86.96,"7,577,097",86.845,88.575,86.001
07/30/2025,86.42,"6,020,420",84.74,87.01,84.4388
07/29/2025,84.53,"10,444,170",89.0,89.134,83.6
07/28/2025,88.46,"7,514,931",86.6,88.65,86.4
07/25/2025,86.14,"6,043,252",85.3,86.305,83.75
07/24/2025,85.0,"6,984,371",84.77,85.41,83.665
07/23/2025,84.63,"8,909,588",81.78,85.045,81.66
07/22/2025,81.67,"6,889,594",80.24,82.1,80.0
07/21/2025,80.03,"9,536,519",80.0,82.1548,79.09
07/18/2025,80.21,"11,404,970",81.07,81.295,79.71
07/17/2025,81.44,"111,506,800",81.65,83.94,80.98
07/16/2025,81.13,"22,421,030",82.03,82.49,80.24
07/15/2025,80.4,"43,674,070",85.26,86.0,80.32
07/14/2025,75.43,"8,322,969",76.11,77.77,75.3
07/11/2025,75.38,"5,951,368",76.2,77.18,74.72
07/10/2025,76.85,"6,698,887",76.34,77.12,75.61
07/09/2025,75.63,"4,757,382",74.0,76.16,73.75
07/08/2025,74.03,"4,648,220",73.98,74.44,73.0
07/07/2025,73.56,"5,057,854",73.8,74.8395,73.05
07/03/2025,74.41,"3,176,387",73.92,75.3,73.86
07/02/2025,73.58,"4,755,219",72.97,74.1,72.3737
07/01/2025,73.49,"8,385,404",73.435,74.88,72.5705
06/30/2025,71.99,"7,880,984",70.695,73.76,70.35
06/27/2025,69.33,"9,297,590",70.595,70.9,68.99
06/26/2025,68.02,"9,593,439",67.505,68.37,65.55
06/25/2025,69.8,"5,808,483",72.74,72.74,69.08
06/24/2025,71.84,"6,210,191",70.15,72.1287,69.94
06/23/2025,68.87,"6,037,018",68.08,69.5,67.0
06/20/2025,68.23,"7,823,511",69.24,70.24,67.89
06/18/2025,68.66,"6,321,593",67.59,69.42,67.545
06/17/2025,67.64,"8,412,938",69.69,69.7,66.96
06/16/2025,70.25,"8,309,772",66.82,70.98,66.5901
06/13/2025,67.96,"6,705,012",68.925,70.0491,67.775
06/12/2025,70.57,"7,536,634",71.62,72.455,70.26
06/11/2025,72.37,"5,057,731",72.59,74.01,72.13
06/10/2025,72.37,"4,055,620",72.015,72.66,71.31
06/09/2025,71.49,"5,838,285",71.65,72.2,70.55
06/06/2025,71.46,"9,061,395",72.16,72.4039,70.341
06/05/2025,71.11,"12,297,260",76.18,77.57,70.995
06/04/2025,76.05,"4,942,952",74.35,76.52,74.345
06/03/2025,74.4,"4,236,252",75.43,75.7082,73.485
06/02/2025,74.77,"3,911,061",74.66,75.57,73.29
05/30/2025,75.22,"6,880,604",74.3,75.59,73.2444
05/29/2025,74.88,"5,414,868",77.79,78.03,74.55
05/28/2025,76.94,"6,569,671",76.17,77.12,75.8401
05/27/2025,76.06,"4,619,482",75.56,76.555,74.45
05/23/2025,73.89,"4,840,742",72.09,74.35,71.85
05/22/2025,74.33,"4,805,713",74.4,75.162,73.84
05/21/2025,74.47,"6,322,969",76.0,76.79,74.12
05/20/2025,77.06,"4,918,944",76.2,77.4416,75.87
05/19/2025,76.32,"4,819,508",74.2,76.89,74.11
05/16/2025,76.31,"6,568,344",77.5,77.505,76.134
05/15/2025,77.5,"9,364,042",78.025,78.29,75.02
05/14/2025,79.14,"11,980,550",77.68,79.95,77.26
05/13/2025,78.14,"14,240,780",80.02,80.55,78.03
05/12/2025,79.4,"32,485,890",75.075,80.17,75.075
05/09/2025,71.04,"48,903,740",69.75,75.77,68.98
05/08/2025,59.9,"26,501,970",57.685,61.05,57.61
05/07/2025,56.46,"8,565,367",56.07,57.06,55.475
05/06/2025,55.63,"9,570,296",54.7,56.57,54.29
05/05/2025,55.5,"11,724,890",53.8,56.8362,53.35
05/02/2025,54.09,"10,786,420",53.59,55.3398,53.53
05/01/2025,53.06,"8,839,192",54.1,55.19,53.01
04/30/2025,53.63,"5,451,609",52.57,53.74,51.73
04/29/2025,54.67,"5,684,410",54.6,55.19,54.0473
04/28/2025,54.4,"5,186,930",54.11,55.15,53.32
04/25/2025,53.97,"6,294,376",53.66,54.3296,53.05
04/24/2025,53.27,"6,880,785",50.32,53.4099,50.15
04/23/2025,50.08,"8,850,920",51.0,52.67,49.9405
04/22/2025,48.66,"8,006,158",48.195,49.77,47.68
04/21/2025,47.56,"6,885,001",48.7,48.94,46.8201
04/17/2025,50.26,"13,961,650",48.32,52.2,48.01
04/16/2025,48.45,"6,085,369",48.3,49.105,47.76
04/15/2025,49.24,"9,762,636",48.91,49.36,47.78
04/14/2025,48.64,"11,666,800",51.4,51.7299,47.714
04/11/2025,49.78,"7,147,182",48.62,49.82,48.33
04/10/2025,49.27,"11,727,370",52.645,53.29,48.67
04/09/2025,54.12,"16,387,210",45.0,54.72,44.95
04/08/2025,45.27,"11,143,480",48.69,48.84,44.69
04/07/2025,46.34,"15,371,300",44.335,49.33,42.96
04/04/2025,46.24,"15,320,610",46.98,48.025,45.0203
04/03/2025,49.08,"15,236,270",52.91,52.97,48.855
04/02/2025,56.3,"10,036,330",55.5,57.6782,55.48
04/01/2025,57.1,"9,738,801",54.54,57.55,54.366
03/31/2025,54.72,"8,359,265",54.43,55.03,52.9
03/28/2025,55.85,"6,445,570",57.0,57.76,55.56
03/27/2025,57.26,"6,746,763",58.66,59.0851,57.22
03/26/2025,58.8,"10,530,530",62.49,62.5,58.5
03/25/2025,62.0,"12,831,670",60.625,62.05,60.36
03/24/2025,59.34,"10,048,380",57.55,59.4697,56.94
03/21/2025,56.31,"9,045,625",54.74,56.795,54.15
03/20/2025,55.85,"8,171,246",55.1,57.23,54.88
03/19/2025,55.32,"9,520,750",54.055,56.17,53.95
03/18/2025,53.59,"11,594,190",55.97,56.29,53.39
03/17/2025,56.5,"17,828,230",54.32,56.68,54.05
03/14/2025,53.94,"22,269,800",55.01,55.4,53.42
03/13/2025,53.88,"20,891,390",57.58,58.72,53.74
03/12/2025,60.2,"12,516,770",60.19,60.63,57.86
03/11/2025,58.84,"16,122,230",60.63,62.58,58.57
03/10/2025,60.31,"13,483,020",64.04,64.6,60.2
03/07/2025,64.91,"11,486,720",65.22,67.2,63.82
03/06/2025,64.98,"9,677,695",65.02,66.85,64.78
03/05/2025,66.54,"11,006,720",66.87,67.3199,65.01
03/04/2025,67.6,"12,833,250",65.97,68.85,64.5555
03/03/2025,67.17,"11,719,500",71.0,72.07,66.82
02/28/2025,70.32,"10,460,200",70.94,73.08,69.37
02/27/2025,71.49,"7,538,466",73.065,73.54,70.92
02/26/2025,72.43,"9,138,442",75.06,75.48,72.255
02/25/2025,74.98,"11,113,180",73.885,75.445,72.34
02/24/2025,74.2,"13,954,910",72.29,75.19,70.44
02/21/2025,72.06,"12,869,960",75.8,75.82,71.61
02/20/2025,75.73,"13,591,700",76.365,76.4913,74.1
02/19/2025,76.75,"14,396,690",79.66,79.68,76.635
02/18/2025,80.03,"16,258,060",80.7,80.75,77.61
02/14/2025,80.16,"19,341,760",82.55,83.61,80.1
02/13/2025,81.92,"56,005,980",85.095,85.18,80.655
02/12/2025,122.23,"11,504,230",118.53,122.46,118.0
02/11/2025,120.21,"4,968,679",120.7,122.49,119.4
02/10/2025,122.54,"6,186,674",120.22,125.8,119.6
02/07/2025,117.29,"4,548,212",115.1,117.63,115.05
02/06/2025,114.65,"3,378,466",114.6,116.54,113.42
02/05/2025,114.34,"4,498,179",113.29,114.46,113.06
02/04/2025,113.54,"6,181,334",113.76,115.76,112.4901
02/03/2025,117.94,"3,545,055",115.79,119.79,115.0
01/31/2025,118.68,"3,101,798",120.27,121.45,118.02
01/30/2025,118.94,"3,206,999",124.02,124.52,118.58
01/29/2025,122.59,"3,597,192",121.06,124.03,118.9
01/28/2025,120.56,"4,597,387",118.95,121.92,117.78
01/27/2025,119.1,"3,501,432",116.99,120.28,116.52
01/24/2025,119.96,"3,609,122",119.14,120.655,118.8
01/23/2025,119.14,"5,641,253",120.21,120.21,117.3
01/22/2025,120.69,"4,642,607",125.0,126.2,120.5
01/21/2025,124.5,"4,083,827",126.07,126.1745,123.2
01/17/2025,124.42,"3,094,835",125.0,125.41,122.83
01/16/2025,120.84,"2,547,199",120.01,122.56,119.7689
01/15/2025,119.68,"3,693,624",120.72,120.8,118.01
01/14/2025,116.76,"2,558,742",119.39,120.145,115.85
01/13/2025,117.89,"2,708,518",117.3,119.395,116.61
01/10/2025,118.8,"2,926,046",119.25,120.0225,116.75
01/08/2025,121.52,"2,833,879",122.08,122.5999,120.47
01/07/2025,121.41,"4,164,324",126.29,126.3,120.435
01/06/2025,126.58,"3,901,665",123.73,127.59,123.555
01/03/2025,121.84,"2,499,351",118.97,121.92,118.96
01/02/2025,117.73,"2,244,627",119.07,119.61,116.6715
12/31/2024,117.53,"2,423,333",119.76,119.94,117.36
12/30/2024,120.17,"2,499,069",119.65,121.01,118.5
12/27/2024,121.39,"2,125,899",122.68,123.02,119.58
12/26/2024,123.46,"1,315,263",123.0,124.15,122.52
12/24/2024,123.96,"1,388,678",122.09,124.07,121.35
12/23/2024,121.67,"2,803,554",124.82,125.16,121.46
12/20/2024,125.01,"6,300,585",124.27,127.355,122.05
12/19/2024,126.23,"4,225,211",130.16,130.4,125.78
12/18/2024,127.93,"5,437,954",134.66,135.7,126.65
12/17/2024,135.02,"4,719,630",131.86,136.42,131.34
12/16/2024,132.65,"3,731,677",132.91,133.504,131.55
12/13/2024,132.42,"3,166,496",132.65,133.73,131.57
12/12/2024,133.57,"2,663,982",133.59,134.4,132.87
12/11/2024,134.1,"2,743,713",133.93,135.0,133.1601
12/10/2024,132.66,"3,869,020",133.5,137.03,131.04
12/09/2024,134.77,"4,523,724",136.6,137.19,131.7
12/06/2024,139.11,"3,242,071",136.46,139.34,135.72
12/05/2024,136.36,"3,763,983",139.03,139.03,135.21
12/04/2024,139.51,"2,940,570",140.545,141.53,138.86
12/03/2024,139.16,"3,908,293",135.0,139.23,134.0
12/02/2024,135.16,"5,673,488",128.59,136.14,127.5
11/29/2024,128.55,"2,214,242",128.13,129.18,127.51
11/27/2024,128.15,"2,944,994",128.68,128.68,125.6
11/26/2024,128.98,"3,505,521",129.24,131.95,128.59
11/25/2024,129.35,"5,323,217",131.49,131.8499,128.38
11/22/2024,129.7,"3,683,440",127.03,129.81,126.38
11/21/2024,127.35,"4,378,121",125.34,128.55,122.31
11/20/2024,123.9,"5,988,391",121.85,125.405,120.757
11/19/2024,119.42,"3,757,797",116.23,119.61,116.04
11/18/2024,117.26,"4,681,551",117.97,119.0599,116.59
11/15/2024,118.15,"5,125,070",124.245,124.5,117.74
11/14/2024,125.88,"2,680,509",127.47,127.47,123.3
11/13/2024,127.25,"4,263,464",130.9,132.56,127.13
11/12/2024,131.2,"3,241,130",128.36,131.33,128.36
11/11/2024,129.34,"6,755,611",125.37,131.8,125.13
11/08/2024,125.13,"13,646,210",116.11,126.95,116.0
11/07/2024,132.53,"8,526,493",127.55,132.65,127.485
11/06/2024,124.81,"3,891,103",122.55,124.98,122.5
11/05/2024,119.94,"2,243,752",119.03,120.4207,118.49
11/04/2024,118.27,"3,397,232",119.18,120.36,117.89
11/01/2024,119.19,"3,334,318",119.86,120.81,118.88
10/31/2024,120.21,"3,454,819",121.0,121.56,117.7922
10/30/2024,121.98,"2,602,053",121.62,123.85,121.13
10/29/2024,121.62,"3,042,090",119.35,121.89,118.82
10/28/2024,118.98,"3,063,604",120.18,120.24,118.48
10/25/2024,119.47,"2,881,124",119.79,121.44,118.19
10/24/2024,118.21,"1,372,932",117.53,118.46,116.59
10/23/2024,117.17,"2,177,610",117.81,119.35,115.86
10/22/2024,118.94,"2,859,206",116.88,120.78,116.61
10/21/2024,118.21,"1,916,371",117.89,119.5,116.85
10/18/2024,118.76,"2,627,551",117.43,119.43,115.3
10/17/2024,117.63,"1,635,454",118.74,118.9,117.02
10/16/2024,117.94,"1,288,907",118.0,118.6,116.739
10/15/2024,117.68,"2,352,801",118.48,118.54,115.92
10/14/2024,117.97,"2,641,162",118.82,118.82,117.1
10/11/2024,117.9,"2,712,819",115.31,118.34,114.41
10/10/2024,115.71,"2,025,261",114.76,116.59,114.76
10/09/2024,115.57,"2,544,444",114.4,116.31,114.26
10/08/2024,114.53,"2,411,117",111.8,114.58,111.25
10/07/2024,111.8,"2,112,819",112.78,113.68,111.16
10/04/2024,113.0,"2,937,743",113.06,113.84,111.85
10/03/2024,111.46,"2,258,911",108.37,111.58,108.0
10/02/2024,108.71,"1,715,689",108.39,109.45,107.8742
10/01/2024,108.72,"2,306,905",110.585,110.75,106.7
09/30/2024,109.65,"2,154,655",109.0,109.76,108.12
09/27/2024,109.45,"1,700,474",109.6,110.45,108.96
09/26/2024,109.36,"3,096,024",112.21,112.22,108.148
09/25/2024,110.72,"2,050,746",110.75,111.3448,109.91
09/24/2024,110.79,"2,383,412",109.0,110.81,108.24
09/23/2024,108.53,"2,392,245",110.0,110.23,107.9
09/20/2024,109.51,"3,261,239",109.6,110.26,108.5
09/19/2024,110.14,"3,166,025",110.91,111.8,109.1062
09/18/2024,108.02,"3,786,194",106.5,109.5,106.41
09/17/2024,105.84,"2,286,359",106.44,107.21,105.17
09/16/2024,105.37,"2,147,157",105.97,106.92,105.0
09/13/2024,106.06,"3,314,724",105.0,107.645,104.855
09/12/2024,104.5,"2,977,473",101.62,104.5,101.16
09/11/2024,101.61,"2,906,349",100.14,101.94,98.62
09/10/2024,99.71,"1,940,841",100.09,100.64,98.14
09/09/2024,99.32,"3,253,678",99.84,101.46,97.84
09/06/2024,100.31,"3,847,254",103.68,104.93,99.13
09/05/2024,103.54,"2,801,664",100.76,103.84,100.74
09/04/2024,101.35,"2,513,262",102.19,103.6,101.0375
09/03/2024,100.97,"2,762,202",103.93,103.93,100.16
08/30/2024,104.53,"2,143,107",104.0,105.08,103.44
08/29/2024,103.51,"2,105,989",102.9,105.22,102.781
08/28/2024,102.18,"1,943,548",103.88,103.98,101.53
08/27/2024,103.92,"2,570,165",103.01,104.56,102.15
08/26/2024,103.97,"2,110,826",104.7,105.3899,103.33
08/23/2024,105.0,"2,060,854",104.81,105.39,103.44
08/22/2024,103.17,"2,159,583",104.69,104.69,102.91
08/21/2024,104.36,"2,087,661",102.49,104.44,101.91
08/20/2024,102.14,"1,924,419",102.55,103.3499,101.7001
08/19/2024,102.64,"2,505,373",101.4,102.77,100.5
08/16/2024,101.43,"3,519,167",99.0,102.43,98.75
08/15/2024,100.5,"2,818,456",100.22,101.58,99.3
08/14/2024,98.69,"3,553,138",98.55,100.33,97.43
08/13/2024,98.32,"3,648,507",98.08,98.82,96.38
08/12/2024,97.04,"4,915,558",99.69,99.69,96.88
08/09/2024,99.3,"13,299,330",90.07,99.55,90.0
08/08/2024,88.27,"6,289,511",86.615,88.65,84.4201
08/07/2024,84.91,"4,381,929",86.35,87.32,84.33
08/06/2024,84.79,"3,644,157",84.36,86.13,83.2
08/05/2024,83.22,"5,742,280",77.32,84.7,77.11
08/02/2024,83.08,"4,948,864",84.6,85.76,81.78
08/01/2024,87.75,"3,724,273",90.52,91.936,85.66
07/31/2024,89.88,"4,521,846",90.74,91.475,89.03
07/30/2024,89.84,"3,452,820",92.42,93.17,88.26
07/29/2024,92.21,"2,363,385",93.07,94.29,91.47
07/26/2024,92.43,"2,700,022",92.98,93.015,90.7509
07/25/2024,90.88,"4,904,721",90.2,93.105,88.82
07/24/2024,89.32,"8,057,817",97.5,97.75,89.26
07/23/2024,100.9,"2,694,465",100.7,102.39,99.57
07/22/2024,100.44,"4,749,923",98.27,100.8,97.27
07/19/2024,96.01,"2,093,312",95.35,97.195,95.29
07/18/2024,95.72,"2,806,915",96.25,97.865,94.63
07/17/2024,95.24,"5,465,211",98.64,99.38,94.84
07/16/2024,100.95,"2,283,698",100.9,101.5885,99.38
07/15/2024,100.09,"3,362,328",99.8,102.14,99.14
07/12/2024,99.48,"3,159,456",98.0,100.66,96.55
07/11/2024,98.57,"3,405,028",101.05,101.135,98.2801
07/10/2024,99.82,"4,390,259",102.18,102.67,98.1
07/09/2024,101.52,"4,149,949",99.48,101.62,98.51
07/08/2024,99.08,"2,005,060",99.98,99.9801,98.4015
07/05/2024,99.9,"2,439,167",99.2,100.29,98.76
07/03/2024,99.47,"2,280,964",98.48,100.25,97.96
07/02/2024,98.34,"2,444,002",97.63,99.0,96.93
07/01/2024,97.97,"2,085,842",97.43,98.4,96.14
06/28/2024,97.67,"6,329,013",98.48,98.66,96.1
06/27/2024,98.22,"2,644,567",97.5,99.32,97.17
06/26/2024,97.71,"2,404,085",97.16,98.86,97.14
06/25/2024,97.73,"2,610,570",96.05,98.75,95.18
06/24/2024,95.76,"3,374,508",97.02,97.59,95.72
06/21/2024,97.71,"4,007,546",98.065,98.065,96.4
06/20/2024,97.28,"2,987,028",99.01,99.18,96.6
06/18/2024,99.25,"2,781,695",98.02,99.54,97.282
06/17/2024,97.68,"3,162,510",95.25,99.03,94.66
06/14/2024,95.66,"2,012,934",95.07,95.75,94.68
06/13/2024,95.62,"2,501,717",97.78,98.0,94.87
06/12/2024,97.46,"4,466,095",94.585,98.1,94.1688
06/11/2024,92.19,"5,523,219",93.19,94.45,92.01
06/10/2024,92.65,"5,002,444",93.9,94.035,90.76
06/07/2024,94.17,"3,268,800",96.23,97.0889,94.1
06/06/2024,97.19,"1,837,808",97.43,98.18,96.5
06/05/2024,97.41,"4,674,272",95.27,97.85,94.69
06/04/2024,94.48,"3,022,954",92.34,95.1596,92.25
06/03/2024,93.11,"1,940,783",93.29,94.29,91.54
05/31/2024,92.78,"3,071,055",93.7,94.805,91.465
05/30/2024,93.71,"2,348,703",95.29,95.66,93.075
05/29/2024,95.45,"2,570,429",93.03,96.09,93.03
05/28/2024,95.09,"1,904,711",94.5,95.68,94.1
05/24/2024,94.75,"2,000,214",93.24,95.3025,92.61
05/23/2024,92.51,"2,535,933",95.32,96.19,92.12
05/22/2024,95.32,"1,940,529",95.74,96.17,94.53
05/21/2024,95.65,"2,713,911",97.0,97.0,94.89
05/20/2024,97.5,"3,793,257",94.48,97.65,94.2
05/17/2024,94.78,"4,700,199",93.67,94.96,93.45
05/16/2024,93.19,"10,923,880",90.25,95.3499,90.01
05/15/2024,90.25,"7,631,056",87.74,91.5,85.1101
05/14/2024,86.18,"3,271,710",87.53,87.79,85.58
05/13/2024,87.53,"2,694,325",87.91,89.33,87.475
05/10/2024,87.26,"4,294,703",88.75,88.99,86.7441
05/09/2024,88.67,"8,744,555",88.0,89.86,85.8
05/08/2024,86.02,"6,603,663",87.49,88.24,85.71
05/07/2024,89.64,"4,950,395",90.63,92.185,89.59
05/06/2024,91.36,"3,560,946",89.0,91.58,89.0
05/03/2024,88.59,"3,778,002",89.27,90.69,87.77
05/02/2024,88.12,"4,148,597",88.16,88.77,85.7
05/01/2024,85.41,"3,352,013",83.14,87.38,83.14
04/30/2024,82.85,"2,442,234",84.73,84.8,82.85
04/29/2024,84.5,"1,757,132",84.5,85.24,83.78
04/26/2024,84.73,"2,944,850",84.87,85.75,84.52
04/25/2024,83.34,"4,238,722",80.0,83.52,79.63
04/24/2024,83.79,"6,568,238",84.5,85.43,82.77
04/23/2024,81.07,"3,251,418",78.0,82.17,77.91
04/22/2024,77.84,"2,535,827",78.1,78.9675,76.12
04/19/2024,77.3,"3,113,783",80.6,80.67,76.83
04/18/2024,80.81,"1,916,140",80.37,81.99,79.94
04/17/2024,80.13,"1,861,908",82.56,82.64,80.1
04/16/2024,82.13,"2,872,062",81.0,82.42,79.3
04/15/2024,80.99,"3,833,740",86.465,86.4997,80.64
04/12/2024,86.37,"2,349,888",86.79,87.22,85.6
04/11/2024,87.7,"2,673,987",86.9,87.98,85.85
04/10/2024,86.44,"2,260,930",84.56,86.78,84.11
04/09/2024,86.84,"1,716,561",87.05,87.75,86.41
04/08/2024,86.68,"1,644,189",86.12,87.0,85.3
04/05/2024,85.83,"1,939,098",84.58,86.93,84.12
04/04/2024,84.56,"3,812,346",87.85,88.1899,84.52
04/03/2024,86.94,"2,126,563",86.52,87.9055,86.21
04/02/2024,87.09,"2,587,541",85.16,87.35,84.3301
04/01/2024,87.31,"1,821,451",87.4,88.61,86.78
03/28/2024,87.42,"3,053,066",87.51,88.19,86.82
03/27/2024,87.21,"2,795,209",87.98,88.34,86.03
03/26/2024,87.05,"4,727,619",88.0,89.88,86.89
03/25/2024,87.55,"3,426,265",85.0,87.61,84.92
03/22/2024,85.06,"3,026,547",85.27,85.53,84.06
03/21/2024,85.06,"4,484,600",84.73,85.42,84.29
03/20/2024,83.47,"6,542,800",80.65,84.48,80.5442
03/19/2024,79.76,"3,581,287",78.37,80.08,77.95
03/18/2024,78.35,"3,047,251",77.76,79.02,77.02
03/15/2024,76.72,"4,366,854",77.53,78.05,76.42
03/14/2024,77.53,"5,793,125",80.35,80.41,76.99
03/13/2024,80.16,"3,319,926",80.14,81.51,80.03
03/12/2024,80.43,"2,943,620",82.0,82.25,80.01
03/11/2024,81.45,"2,340,562",81.01,82.16,80.64
03/08/2024,81.59,"3,545,729",81.77,83.74,81.32
03/07/2024,81.83,"2,935,285",82.6,83.2999,81.6
03/06/2024,82.18,"3,481,103",82.6,83.01,81.21
03/05/2024,81.45,"2,974,456",82.27,82.4963,80.71
03/04/2024,83.45,"3,449,122",82.96,83.65,81.92
03/01/2024,83.89,"4,647,099",85.9,86.0,83.54
02/29/2024,85.43,"4,771,265",85.5,85.97,84.57
02/28/2024,84.9,"3,933,322",84.56,85.69,84.09
02/27/2024,85.6,"5,089,382",82.98,85.65,82.3
02/26/2024,82.19,"4,563,488",81.5,82.38,80.29
02/23/2024,81.44,"4,517,051",83.92,84.04,80.97
02/22/2024,83.5,"5,515,005",83.61,84.37,81.87
02/21/2024,82.08,"5,746,163",81.22,82.19,80.02
02/20/2024,82.56,"11,845,830",85.61,86.46,80.665
02/16/2024,88.93,"29,562,230",89.5,94.0,85.68
02/15/2024,75.71,"9,616,788",73.68,76.17,73.68
02/14/2024,74.31,"3,975,190",74.3,74.43,72.21
02/13/2024,72.94,"5,011,656",71.39,73.77,71.11
02/12/2024,73.91,"7,224,964",70.8,75.79,70.71
02/09/2024,71.31,"5,434,930",71.16,72.57,70.76
02/08/2024,70.17,"4,089,138",69.7,71.0283,68.65
02/07/2024,69.6,"4,261,163",68.85,70.45,68.32
02/06/2024,68.6,"3,469,108",68.03,68.98,67.77
02/05/2024,67.5,"4,717,355",68.99,69.36,66.56
02/02/2024,70.0,"8,032,214",68.49,70.61,67.33
02/01/2024,67.21,"5,561,264",68.75,69.66,66.87
01/31/2024,68.43,"3,113,559",67.91,70.6705,67.5568
01/30/2024,69.28,"3,629,535",71.0,71.52,69.2
01/29/2024,71.51,"4,079,832",68.39,71.52,68.245
01/26/2024,68.01,"3,517,123",69.13,69.61,67.8
01/25/2024,69.12,"4,156,233",70.87,70.9,68.29
01/24/2024,69.65,"3,520,401",71.5,72.15,69.5
01/23/2024,70.18,"4,002,825",70.19,71.68,69.46
01/22/2024,69.39,"4,968,852",68.09,70.85,67.8999
01/19/2024,66.85,"4,023,976",65.36,67.01,64.45
01/18/2024,65.05,"5,002,850",65.77,66.335,63.625
01/17/2024,64.5,"6,107,077",62.76,64.54,61.475
01/16/2024,63.76,"7,784,695",66.27,66.27,63.45
01/12/2024,66.96,"6,357,683",68.13,69.16,66.45
01/11/2024,68.08,"5,622,545",68.595,69.02,66.97
01/10/2024,68.48,"5,069,967",68.44,69.08,67.31
01/09/2024,68.45,"4,344,453",68.33,69.4338,67.69
01/08/2024,68.99,"5,640,932",67.89,69.63,67.17
01/05/2024,67.64,"4,536,854",67.852,68.95,67.54
01/04/2024,68.4,"4,219,433",68.75,69.165,68.07
01/03/2024,69.32,"3,721,933",69.5,70.0834,68.23
01/02/2024,70.59,"4,800,623",71.65,71.65,69.91
12/29/2023,71.96,"3,768,626",73.3,73.4805,71.64
12/28/2023,73.4,"2,571,564",73.79,74.34,73.22
12/27/2023,74.08,"2,541,145",73.85,74.49,73.35
12/26/2023,73.59,"3,697,173",73.68,73.82,72.27
12/22/2023,73.43,"7,140,741",75.55,75.6441,72.79
12/21/2023,76.38,"2,266,088",76.75,77.49,75.46
12/20/2023,75.47,"4,329,906",77.39,78.3399,75.3
12/19/2023,77.65,"3,330,497",75.8,77.79,75.8
12/18/2023,75.63,"3,437,023",75.35,76.055,74.38
12/15/2023,74.89,"6,464,004",76.83,76.94,74.36
12/14/2023,76.08,"5,174,193",74.995,77.32,74.7
12/13/2023,74.01,"4,131,607",71.6,74.38,71.19
12/12/2023,71.35,"3,960,722",71.75,71.81,70.15
12/11/2023,71.63,"4,116,359",71.02,72.6944,70.28
12/08/2023,70.63,"4,209,334",68.18,70.72,68.02
12/07/2023,68.78,"2,740,029",68.57,69.25,68.17
12/06/2023,68.31,"3,203,023",69.23,69.72,68.28
12/05/2023,68.33,"3,343,271",68.35,69.2653,67.83
12/04/2023,68.76,"6,863,276",70.19,70.7749,67.35
12/01/2023,71.6,"5,422,712",70.14,71.91,69.2
11/30/2023,70.46,"5,980,922",70.9,71.79,69.43
11/29/2023,70.37,"4,645,821",70.0,72.34,69.92
11/28/2023,69.03,"3,845,202",68.72,70.02,68.47
11/27/2023,69.19,"5,790,055",67.0,70.11,66.98
11/24/2023,67.27,"1,933,870",66.66,67.46,66.4
11/22/2023,66.83,"4,557,383",66.43,67.56,66.05
11/21/2023,65.85,"3,681,643",66.83,66.93,65.53
11/20/2023,67.29,"4,832,953",66.35,67.98,66.13
11/17/2023,66.47,"5,551,749",66.48,66.65,64.77
11/16/2023,66.3,"4,581,262",67.72,68.0399,65.92
11/15/2023,68.05,"6,301,289",68.15,69.2499,66.6
11/14/2023,67.63,"10,281,710",65.99,68.38,65.7
11/13/2023,63.46,"11,521,770",64.15,65.0,61.74
11/10/2023,64.01,"42,647,590",61.665,65.6,60.23
11/09/2023,76.81,"12,310,150",79.7,80.38,76.47
11/08/2023,78.84,"3,857,452",77.6,78.89,77.16
11/07/2023,77.7,"3,074,132",78.21,79.85,77.0
11/06/2023,77.47,"3,047,760",79.4,79.77,76.47
11/03/2023,79.08,"4,709,308",76.64,80.07,76.4981
11/02/2023,75.68,"4,675,253",75.0,76.13,74.34
11/01/2023,70.76,"3,077,998",70.39,71.34,69.21
10/31/2023,70.96,"4,152,876",68.22,71.07,68.17
10/30/2023,67.95,"3,029,041",67.97,68.22,66.52
10/27/2023,66.86,"3,958,862",67.17,68.3393,66.37
10/26/2023,66.22,"9,263,698",70.75,70.92,64.69
10/25/2023,71.67,"3,587,920",74.89,75.1725,71.4
10/24/2023,76.52,"3,195,966",75.03,76.53,74.77
10/23/2023,73.64,"4,548,164",73.6,74.58,72.19
10/20/2023,74.06,"3,778,789",75.89,76.34,73.2
10/19/2023,75.87,"3,439,067",77.5,78.34,75.415
10/18/2023,76.77,"3,511,190",78.82,79.47,76.37
10/17/2023,79.59,"4,247,351",80.0,81.16,79.41
10/16/2023,80.87,"4,892,266",77.74,81.43,76.85
10/13/2023,80.24,"5,066,491",85.06,85.26,79.87
10/12/2023,84.49,"3,141,929",85.38,85.98,83.76
10/11/2023,84.77,"3,104,850",86.01,86.425,84.18
10/10/2023,85.16,"2,961,014",84.37,86.04,83.82
10/09/2023,83.96,"3,615,223",81.19,84.7,80.91
10/06/2023,82.15,"4,823,589",77.25,83.32,77.12
10/05/2023,78.16,"2,565,299",79.19,79.2999,76.62
10/04/2023,79.37,"3,209,120",77.15,79.7499,76.96
10/03/2023,76.4,"2,549,478",77.04,78.92,75.94
10/02/2023,78.31,"2,525,400",78.155,79.19,77.46
09/29/2023,78.15,"2,643,665",78.98,79.46,77.79
09/28/2023,77.69,"3,064,933",76.52,78.73,75.79
09/27/2023,75.43,"3,804,920",74.52,76.39,74.45
09/26/2023,74.37,"2,588,863",74.64,74.91,73.76
09/25/2023,75.1,"2,703,983",75.71,76.4499,74.27
09/22/2023,76.35,"2,930,021",76.72,77.3889,75.66
09/21/2023,75.72,"3,145,222",77.25,77.7802,75.44
09/20/2023,78.29,"3,019,891",79.2,79.895,78.25
09/19/2023,79.06,"4,050,000",80.46,80.96,78.65
09/18/2023,80.71,"3,255,498",82.72,83.07,80.37
09/15/2023,83.38,"4,216,557",85.23,85.24,82.31
09/14/2023,85.37,"3,139,043",85.68,85.885,83.76
09/13/2023,85.33,"2,531,575",85.75,86.98,84.91
09/12/2023,85.8,"2,822,068",85.58,87.74,85.5
09/11/2023,86.53,"2,991,018",84.79,86.96,84.3312
09/08/2023,83.89,"2,936,934",84.25,85.95,83.49
09/07/2023,84.31,"3,038,672",81.87,84.74,81.5601
09/06/2023,83.47,"3,885,802",82.5,83.56,81.52
09/05/2023,81.42,"3,212,084",79.19,81.875,78.67
09/01/2023,79.93,"3,050,846",80.87,81.4799,79.52
08/31/2023,80.03,"3,362,140",79.59,80.64,79.15
08/30/2023,80.28,"2,358,666",78.7,80.41,78.345
08/29/2023,78.8,"2,436,129",76.0,78.89,75.68
08/28/2023,76.21,"1,898,833",76.78,77.04,75.55
08/25/2023,75.91,"2,439,623",74.51,76.24,73.5501
08/24/2023,74.51,"2,605,055",78.2,78.79,74.47
08/23/2023,77.67,"3,839,918",75.03,78.19,74.97
08/22/2023,74.59,"2,820,206",73.59,74.9,73.3877
08/21/2023,73.34,"3,219,534",72.22,73.8,72.11
08/18/2023,72.18,"3,602,973",70.08,72.72,69.72
08/17/2023,71.19,"4,117,860",72.74,72.95,70.48
08/16/2023,72.74,"2,965,515",73.74,74.24,72.42
08/15/2023,73.69,"2,511,290",74.745,74.745,73.36
08/14/2023,75.26,"3,748,041",74.05,75.36,73.84
08/11/2023,74.62,"5,820,076",76.51,76.68,74.0588
08/10/2023,77.09,"8,956,421",79.12,81.5,76.4
08/09/2023,80.93,"8,054,008",84.65,85.0,80.7
08/08/2023,85.3,"3,969,543",84.7,85.54,83.75
08/07/2023,85.8,"2,717,424",85.36,85.9799,84.1548
08/04/2023,84.84,"2,271,118",85.53,86.5,83.67
08/03/2023,84.76,"2,716,738",85.67,86.88,84.47
08/02/2023,86.64,"3,589,206",88.32,88.555,85.29
08/01/2023,90.05,"2,357,519",90.34,90.67,88.92
07/31/2023,91.26,"3,855,519",90.835,91.85,89.29
07/28/2023,90.45,"5,271,235",89.02,90.8445,88.105
07/27/2023,85.38,"5,763,741",87.83,89.5,85.01
07/26/2023,84.59,"3,176,298",82.52,84.62,82.42
07/25/2023,83.23,"2,884,073",82.62,84.505,82.56
07/24/2023,82.07,"4,073,341",84.44,84.44,81.91
07/21/2023,84.16,"8,187,631",84.885,85.88,83.84
07/20/2023,84.4,"5,253,616",86.9,87.34,83.7
07/19/2023,88.31,"6,503,500",87.65,89.7201,86.87
07/18/2023,88.53,"6,818,239",90.4,91.2,86.4
07/17/2023,90.69,"7,272,417",87.74,91.66,86.57
07/14/2023,88.0,"31,357,360",87.72,91.15,87.66
07/13/2023,87.01,"10,621,030",87.6,90.5,86.65
07/12/2023,84.51,"4,477,211",83.71,84.92,82.9
07/11/2023,82.69,"6,828,904",76.47,83.04,76.39
07/10/2023,75.91,"2,543,974",75.49,76.2281,74.99
07/07/2023,75.8,"2,312,301",75.4,76.47,75.13
07/06/2023,75.35,"4,004,937",75.76,75.85,73.91
07/05/2023,77.17,"1,780,784",76.91,77.76,76.2
07/03/2023,77.45,"1,408,678",77.24,77.54,76.4086
06/30/2023,77.22,"2,746,833",78.37,78.83,77.04
06/29/2023,77.37,"3,809,436",78.29,79.355,77.03
06/28/2023,78.25,"3,425,068",76.58,79.38,76.34
06/27/2023,76.77,"2,048,293",76.25,77.24,75.45
06/26/2023,75.23,"1,950,624",76.04,77.69,75.145
06/23/2023,76.24,"3,799,706",75.47,76.59,75.08
06/22/2023,76.8,"2,409,372",75.88,77.525,75.42
06/21/2023,76.46,"3,166,574",75.97,77.075,75.23
06/20/2023,75.68,"2,929,995",75.63,76.7,74.22
06/16/2023,76.43,"2,921,905",77.59,77.75,76.06
06/15/2023,77.27,"2,508,180",76.0,77.74,75.86
06/14/2023,76.81,"2,958,609",77.33,77.365,75.81
06/13/2023,77.52,"3,063,242",76.38,77.72,75.5603
06/12/2023,75.48,"2,908,931",74.75,75.61,73.9
06/09/2023,74.58,"2,412,840",74.85,75.4399,74.08
06/08/2023,74.54,"3,111,426",73.41,75.3,72.7888
06/07/2023,73.66,"4,507,199",75.94,77.14,73.58
06/06/2023,74.88,"4,312,010",75.13,76.509,74.32
06/05/2023,75.37,"4,527,045",73.49,76.06,72.7
06/02/2023,74.24,"7,146,191",75.74,78.6,74.0801
06/01/2023,73.26,"4,517,456",70.12,73.63,69.845
05/31/2023,70.08,"3,585,926",69.55,70.39,68.53
05/30/2023,69.98,"3,280,004",69.01,70.04,68.71
05/26/2023,67.67,"2,337,722",66.5,68.26,66.34
05/25/2023,66.26,"2,006,426",67.26,67.6,65.68
05/24/2023,66.3,"3,208,610",66.08,66.82,64.56
05/23/2023,66.82,"2,655,634",67.77,69.14,66.74
05/22/2023,68.52,"3,085,912",66.76,69.37,66.71
05/19/2023,66.82,"2,235,594",67.59,67.7,66.31
05/18/2023,67.52,"3,433,847",66.3,68.26,66.19
05/17/2023,66.16,"3,801,902",64.47,66.27,63.6101
05/16/2023,64.14,"3,298,294",63.64,64.83,63.38
05/15/2023,63.98,"3,714,414",62.27,64.12,61.58
05/12/2023,62.3,"6,962,378",64.16,65.08,61.3
05/11/2023,64.53,"17,176,540",67.73,68.25,60.56
05/10/2023,64.97,"9,553,544",65.55,66.42,64.5
05/09/2023,64.12,"3,476,560",63.85,64.555,63.21
05/08/2023,64.67,"4,371,558",62.55,65.0343,62.1201
05/05/2023,62.7,"2,431,778",62.01,62.84,61.37
05/04/2023,61.44,"3,345,987",62.79,63.62,61.38
05/03/2023,62.51,"5,232,007",63.35,63.955,62.41
05/02/2023,62.58,"3,797,106",62.94,63.37,61.43
05/01/2023,62.94,"5,457,659",63.86,64.52,62.48
04/28/2023,64.34,"4,235,363",64.22,65.665,63.2
04/27/2023,64.22,"5,890,044",61.73,64.79,61.68
04/26/2023,60.0,"4,191,201",60.5,61.99,59.98
04/25/2023,59.37,"3,198,419",61.27,61.99,59.36
04/24/2023,61.46,"1,990,813",62.26,62.9155,60.81
04/21/2023,62.19,"2,106,307",62.21,62.84,61.74
04/20/2023,62.22,"3,290,620",60.525,63.18,60.52
04/19/2023,61.61,"1,510,574",60.93,62.15,60.85
04/18/2023,62.12,"3,208,951",62.51,63.39,61.49
04/17/2023,61.2,"1,525,273",60.7,61.36,60.045
04/14/2023,60.69,"1,501,438",61.0,61.7,60.085
04/13/2023,61.33,"1,949,881",61.03,61.89,60.8437
04/12/2023,60.02,"2,257,085",62.595,63.08,59.99
04/11/2023,61.51,"2,544,193",61.49,61.94,60.52
04/10/2023,61.52,"3,286,352",59.84,61.755,59.6602
04/06/2023,60.85,"3,240,581",58.0,60.96,57.17
04/05/2023,58.64,"2,923,094",59.73,59.84,57.52
04/04/2023,60.58,"2,121,180",61.11,61.89,60.12
04/03/2023,60.46,"2,104,285",60.0,60.64,59.2
03/31/2023,60.91,"3,407,196",60.1,61.34,59.57
03/30/2023,60.09,"2,505,536",61.23,61.44,59.63
03/29/2023,59.84,"2,476,001",59.54,59.99,58.296
03/28/2023,58.24,"2,829,110",59.63,59.65,58.21
03/27/2023,59.9,"4,109,681",61.0,61.66,59.55
03/24/2023,60.45,"2,808,502",59.67,60.52,58.82
03/23/2023,60.19,"4,035,349",59.31,62.5324,59.0
03/22/2023,57.89,"2,384,836",59.5,60.4,57.81
03/21/2023,59.24,"2,755,475",57.35,59.51,57.34
03/20/2023,56.84,"2,970,799",58.05,58.23,56.3
03/17/2023,58.51,"4,666,086",57.77,59.2,56.89
03/16/2023,58.88,"4,161,172",55.18,59.13,54.9
03/15/2023,55.09,"3,713,219",55.225,56.34,54.58
03/14/2023,56.53,"3,729,435",55.87,56.955,55.37
03/13/2023,54.25,"3,518,392",52.1,55.055,50.325
03/10/2023,53.35,"4,469,788",55.395,55.59,52.385
03/09/2023,55.76,"6,016,954",57.0,59.665,55.37
03/08/2023,58.22,"4,304,826",57.5,59.19,57.425
03/07/2023,57.64,"3,546,480",56.89,58.87,56.59
03/06/2023,56.83,"3,460,950",57.95,58.6299,56.81
03/03/2023,57.29,"3,818,560",56.81,57.77,56.06
03/02/2023,56.39,"3,186,904",54.82,56.4099,54.5
03/01/2023,55.41,"2,983,139",55.75,56.5032,55.1384
02/28/2023,55.96,"4,048,490",55.38,57.055,55.2
02/27/2023,55.08,"3,238,220",55.37,55.54,54.42
02/24/2023,54.97,"3,960,492",54.33,55.55,54.1
02/23/2023,56.25,"4,683,395",57.02,57.79,54.83
02/22/2023,56.41,"5,325,776",56.8,57.8,55.59
02/21/2023,56.75,"6,998,640",58.4,59.9399,55.901
02/17/2023,60.3,"8,217,262",62.12,64.3,60.12
02/16/2023,63.07,"11,457,060",64.9,65.7922,62.63
02/15/2023,66.3,"33,435,370",58.1,66.35,57.05
02/14/2023,49.92,"6,354,504",48.18,50.71,47.68
02/13/2023,48.63,"4,577,327",48.85,49.47,47.95
02/10/2023,48.69,"3,559,950",48.94,49.59,48.28
02/09/2023,49.88,"3,587,902",52.7,53.2,49.8
02/08/2023,51.75,"2,711,950",52.45,53.57,51.55
02/07/2023,52.7,"4,210,457",52.34,53.14,50.67
02/06/2023,52.34,"4,160,021",52.41,54.0499,51.9276
02/03/2023,53.1,"4,539,465",54.26,55.61,52.9
02/02/2023,57.01,"8,060,501",56.55,58.39,55.61
02/01/2023,52.31,"3,936,792",50.9,52.73,49.69
01/31/2023,50.7,"3,678,832",49.23,50.77,49.21
01/30/2023,49.22,"3,587,979",51.0,51.2,49.07
01/27/2023,51.95,"4,227,438",49.52,52.6,49.45
01/26/2023,49.75,"3,787,602",50.0,50.6111,48.64
01/25/2023,48.71,"5,887,002",45.945,48.75,45.209
01/24/2023,47.62,"3,936,053",45.95,47.89,45.8
01/23/2023,47.19,"4,386,842",45.87,48.12,45.45
01/20/2023,45.57,"3,157,031",44.53,45.79,44.08
01/19/2023,44.26,"3,042,989",44.89,45.5,44.19
01/18/2023,45.68,"3,543,294",47.93,48.0,45.3
01/17/2023,47.07,"3,369,508",46.83,47.6,45.97
01/13/2023,47.03,"4,198,061",45.73,47.17,45.3
01/12/2023,46.7,"4,378,516",47.38,47.53,45.6
01/11/2023,47.31,"4,579,901",45.32,47.37,44.7777
01/10/2023,44.84,"2,909,726",43.59,44.85,43.27
01/09/2023,43.99,"4,005,311",43.15,44.8846,42.77
01/06/2023,42.29,"3,976,721",43.06,43.06,41.2
01/05/2023,42.59,"3,907,979",43.79,43.93,42.3477
01/04/2023,44.31,"4,653,717",44.47,44.68,42.9367
01/03/2023,44.02,"2,855,612",45.99,46.3,43.39
12/30/2022,44.83,"3,110,437",44.02,45.01,43.775
12/29/2022,45.34,"2,946,271",44.3,45.75,43.76
12/28/2022,43.32,"2,766,549",43.71,44.22,42.71
12/27/2022,43.82,"2,639,404",44.45,44.45,42.795
12/23/2022,44.88,"2,421,711",44.5,45.03,43.64
12/22/2022,44.9,"3,664,983",45.53,45.64,43.36
12/21/2022,46.57,"2,819,533",47.005,47.39,45.6557
12/20/2022,46.59,"4,536,289",43.91,46.8099,43.54
12/19/2022,44.13,"4,699,821",45.72,46.03,43.95
12/16/2022,46.15,"7,885,460",46.58,47.61,45.3101
12/15/2022,46.78,"5,956,886",48.16,48.96,46.56
12/14/2022,50.94,"4,288,761",51.8,53.12,50.27
12/13/2022,51.94,"5,516,191",53.22,54.47,50.6201
12/12/2022,49.22,"3,609,779",48.31,49.56,47.2297
12/09/2022,47.81,"2,444,880",48.72,49.18,47.5
12/08/2022,48.51,"3,178,201",48.14,49.69,47.2
12/07/2022,47.77,"3,952,705",47.23,48.17,46.03
12/06/2022,47.45,"4,085,712",51.08,51.24,47.19
12/05/2022,50.84,"3,482,440",54.03,54.9196,50.455
12/02/2022,54.49,"4,552,217",50.82,54.97,50.5
12/01/2022,51.91,"4,225,734",51.98,53.38,51.4
11/30/2022,52.14,"5,222,746",48.57,52.43,48.05
11/29/2022,48.69,"2,992,413",49.685,49.765,48.26
11/28/2022,49.01,"3,045,005",48.57,49.31,48.17
11/25/2022,49.39,"1,168,309",49.155,49.55,48.53
11/23/2022,49.54,"2,464,662",48.61,50.51,48.24
11/22/2022,48.38,"2,361,810",47.94,48.6,46.93
11/21/2022,48.32,"3,152,641",48.845,49.94,47.94
11/18/2022,49.77,"3,622,761",51.62,51.79,49.1928
11/17/2022,50.06,"3,503,428",48.97,50.89,48.69
11/16/2022,51.42,"5,474,493",52.81,53.82,50.61
11/15/2022,53.56,"10,761,970",50.0,54.81,49.52
11/14/2022,47.76,"6,182,596",47.85,49.5,47.13
11/11/2022,48.77,"7,504,072",46.905,49.7,46.4
11/10/2022,47.51,"13,282,530",43.4,49.03,43.2682
11/09/2022,39.89,"20,870,610",46.86,47.25,39.43
11/08/2022,43.37,"9,484,929",44.01,44.4,42.41
11/07/2022,43.72,"9,266,498",46.625,47.38,43.12
11/04/2022,46.25,"8,668,998",50.32,50.45,44.51
11/03/2022,49.17,"4,842,167",48.0,50.59,47.8802
11/02/2022,49.5,"4,500,520",52.84,52.86,49.47
11/01/2022,53.08,"3,310,026",55.41,56.15,53.08
10/31/2022,53.24,"4,210,191",53.34,54.46,52.6501
10/28/2022,53.71,"4,369,873",53.04,53.9,52.32
10/27/2022,53.76,"4,886,973",55.67,56.375,53.13
10/26/2022,55.36,"6,906,999",54.72,57.25,53.1764
10/25/2022,57.84,"4,325,085",56.43,58.53,56.43
10/24/2022,55.67,"3,750,283",57.25,57.3,53.98
10/21/2022,56.93,"6,054,698",54.29,56.995,52.81
10/20/2022,56.48,"5,732,322",55.18,58.67,55.1
10/19/2022,55.23,"3,836,565",55.99,56.7,54.75
10/18/2022,56.39,"6,265,123",56.51,57.4599,55.085
10/17/2022,54.61,"6,100,605",52.86,54.94,52.33
10/14/2022,50.6,"3,358,892",53.41,53.76,50.39
10/13/2022,52.47,"7,512,240",49.61,53.27,48.16
10/12/2022,52.62,"5,042,325",52.69,53.23,50.42
10/11/2022,52.5,"5,506,689",53.95,54.31,51.33
10/10/2022,54.83,"5,448,646",56.91,56.98,53.94
10/07/2022,56.79,"6,144,132",59.5,59.5025,55.8
10/06/2022,61.17,"5,310,124",62.05,64.54,61.1
10/05/2022,61.8,"7,378,913",61.96,63.9999,59.56
10/04/2022,63.66,"7,025,979",63.49,64.6573,62.53
10/03/2022,61.13,"5,130,089",60.25,61.69,59.5
09/30/2022,59.75,"10,174,470",60.67,63.115,59.68
09/29/2022,60.8,"4,873,096",61.335,62.28,59.57
09/28/2022,62.96,"5,209,941",59.58,63.28,59.2
09/27/2022,59.34,"4,939,425",59.28,61.0,58.9803
09/26/2022,57.45,"5,856,523",57.63,60.1533,57.44
09/23/2022,57.7,"6,962,386",57.995,58.63,55.925
09/22/2022,59.24,"4,102,653",60.83,61.79,58.9589
09/21/2022,61.63,"4,484,729",62.1,64.455,61.12
09/20/2022,61.57,"3,028,765",62.06,63.33,61.55
09/19/2022,63.03,"3,032,451",60.93,63.5,60.8
09/16/2022,61.89,"4,104,113",61.29,62.63,60.86
09/15/2022,62.78,"3,774,688",62.18,64.7,61.62
09/14/2022,63.61,"4,149,162",63.97,64.17,61.92
09/13/2022,63.85,"4,012,466",63.69,64.93,62.76
09/12/2022,67.43,"3,681,327",67.24,67.77,65.92
09/09/2022,66.88,"4,672,615",65.3,67.225,65.05
09/08/2022,64.39,"4,127,924",61.61,64.54,61.13
09/07/2022,62.18,"3,746,907",59.86,62.62,59.77
09/06/2022,60.03,"3,171,678",61.5,61.53,59.39
09/02/2022,61.27,"3,856,538",63.03,63.39,60.7
09/01/2022,61.89,"4,708,903",61.19,62.02,59.0
08/31/2022,62.7,"4,472,960",64.8,65.59,62.1534
08/30/2022,62.82,"5,077,001",63.55,64.7904,61.1201
08/29/2022,62.52,"2,836,115",62.06,64.2,61.79
08/26/2022,63.41,"3,687,057",66.15,66.48,62.87
08/25/2022,66.23,"3,567,911",64.58,66.31,63.87
08/24/2022,63.9,"3,728,254",63.74,65.88,63.65
08/23/2022,63.39,"2,894,286",64.1,65.405,63.13
08/22/2022,63.94,"4,766,112",64.0,64.73,62.57
08/19/2022,65.69,"5,025,589",67.55,67.94,65.17
08/18/2022,69.12,"4,170,004",70.53,70.91,68.95
08/17/2022,70.17,"7,223,006",72.1,72.36,69.51
08/16/2022,73.74,"4,769,982",74.955,75.43,72.61
08/15/2022,75.41,"5,951,236",74.085,76.75,73.66
08/12/2022,74.49,"7,796,709",73.0,75.48,71.21
08/11/2022,71.59,"12,147,230",74.6,76.34,71.52
08/10/2022,74.24,"42,340,970",68.14,74.87,68.06
08/09/2022,54.5,"8,164,850",53.51,55.5696,52.8
08/08/2022,54.97,"6,819,946",53.51,57.21,53.21
08/05/2022,52.78,"5,625,760",49.77,52.98,49.22
08/04/2022,50.46,"4,393,358",50.15,50.67,48.9125
08/03/2022,50.03,"4,728,104",48.66,50.5852,48.11
08/02/2022,47.7,"5,878,527",44.84,49.05,44.7
08/01/2022,45.43,"6,020,438",44.3,45.95,43.5
07/29/2022,45.0,"13,536,880",43.4,45.44,41.91
07/28/2022,47.13,"5,907,693",45.93,47.55,45.31
07/27/2022,46.63,"7,836,096",43.96,47.41,43.42
07/26/2022,42.73,"7,453,942",45.67,45.67,42.36
07/25/2022,46.56,"3,391,576",47.15,47.83,45.78
07/22/2022,47.27,"9,175,585",47.9,50.6,46.36
07/21/2022,50.99,"4,967,884",49.57,51.19,49.03
07/20/2022,49.78,"8,517,297",46.36,50.94,46.0
07/19/2022,46.02,"4,461,272",44.78,46.135,43.56
07/18/2022,43.62,"4,870,476",44.04,45.84,43.32
07/15/2022,43.1,"4,986,832",42.41,43.595,41.61
07/14/2022,41.21,"11,144,010",43.63,43.725,39.0
07/13/2022,44.16,"6,932,455",43.81,46.895,42.45
07/12/2022,45.15,"7,147,220",43.64,46.15,43.14
07/11/2022,43.51,"3,105,336",44.65,45.075,42.88
07/08/2022,45.63,"3,544,913",44.28,46.81,43.65
07/07/2022,45.53,"4,759,539",43.355,45.93,43.19
07/06/2022,42.99,"3,912,971",43.97,45.2599,42.86
07/05/2022,44.29,"4,211,378",41.02,44.45,40.0304
07/01/2022,41.66,"5,334,056",42.13,42.52,40.64
06/30/2022,41.89,"5,452,039",42.4,42.8,40.34
06/29/2022,43.34,"4,005,955",43.71,44.16,42.37
06/28/2022,44.15,"4,150,223",47.9,48.92,43.86
06/27/2022,47.84,"3,572,768",49.69,50.2,47.62
06/24/2022,49.49,"7,069,642",48.13,49.6599,47.08
06/23/2022,47.47,"4,822,796",45.85,47.86,44.36
06/22/2022,45.38,"7,213,777",46.26,47.99,45.14
06/21/2022,47.06,"4,939,224",47.34,49.66,47.04
06/17/2022,46.3,"5,562,176",44.505,47.61,44.505
06/16/2022,44.23,"5,427,282",45.82,47.62,43.2604
06/15/2022,48.14,"6,395,690",45.95,49.1784,45.4788
06/14/2022,45.4,"6,104,704",46.26,47.43,45.07
06/13/2022,45.58,"8,091,641",46.0,47.64,43.63
06/10/2022,49.27,"5,025,869",51.0,52.06,48.54
06/09/2022,52.51,"4,557,621",53.9,54.35,52.11
06/08/2022,54.71,"3,432,834",53.4,55.86,52.94
06/07/2022,53.21,"4,570,441",51.84,53.48,51.125
06/06/2022,52.66,"4,820,256",52.16,53.31,50.2
06/03/2022,51.15,"4,895,451",52.59,53.85,50.177
06/02/2022,54.61,"5,070,642",51.51,55.14,51.25
06/01/2022,51.56,"6,043,525",52.74,54.9765,50.96
05/31/2022,52.05,"6,116,246",52.94,53.89,50.46
05/27/2022,52.49,"6,251,347",49.78,52.51,49.78
05/26/2022,49.03,"13,548,520",44.84,49.75,44.16
05/25/2022,46.33,"7,976,417",42.01,46.705,42.01
05/24/2022,42.78,"21,153,170",46.0,46.25,40.1001
05/23/2022,52.5,"4,245,411",52.3,53.0,49.69
05/20/2022,52.64,"5,568,825",55.1,55.28,49.645
05/19/2022,53.68,"6,511,560",50.88,54.98,50.75
05/18/2022,50.78,"5,962,098",51.6,54.64,50.15
05/17/2022,53.37,"5,087,507",53.21,54.89,51.06
05/16/2022,50.97,"9,444,552",53.51,54.4,50.88
05/13/2022,51.92,"7,664,352",46.87,52.15,46.66
05/12/2022,44.84,"10,645,660",41.92,46.96,40.45
05/11/2022,43.34,"16,938,120",42.11,44.84,40.905
05/10/2022,43.75,"16,025,230",46.4,47.2,39.39
05/09/2022,44.99,"11,856,340",47.0,47.78,42.78
05/06/2022,48.92,"10,956,150",54.16,54.4699,48.51
05/05/2022,55.16,"6,786,242",61.26,61.7,53.805
05/04/2022,62.49,"6,284,211",60.59,62.79,56.1
05/03/2022,60.3,"5,955,033",61.895,63.16,58.36
05/02/2022,62.08,"4,501,884",58.51,62.12,57.73
04/29/2022,58.92,"4,340,347",60.36,63.8,58.5
04/28/2022,60.8,"4,798,476",58.62,61.855,56.77
04/27/2022,57.03,"5,188,816",59.25,62.25,56.69
04/26/2022,59.57,"3,351,950",61.9,62.6099,59.36
04/25/2022,63.02,"4,150,880",59.0,63.1299,58.76
04/22/2022,59.44,"6,085,976",62.76,64.49,59.29
04/21/2022,63.47,"5,747,059",68.39,69.82,63.06
04/20/2022,66.92,"8,277,772",69.3,71.6,66.62
04/19/2022,66.89,"5,729,965",61.98,67.71,61.19
04/18/2022,62.03,"3,197,758",63.02,63.64,60.24
04/14/2022,63.58,"3,693,843",66.65,67.04,63.57
04/13/2022,67.01,"2,805,524",65.66,67.88,64.2211
04/12/2022,65.84,"3,244,358",68.9,70.62,65.76
04/11/2022,67.2,"3,433,573",66.07,68.4789,64.4
04/08/2022,67.79,"2,898,026",67.25,69.294,66.2
04/07/2022,68.56,"4,167,500",67.52,69.98,65.765
04/06/2022,67.73,"4,597,330",70.14,70.78,66.2
04/05/2022,71.97,"3,470,372",74.61,75.35,70.88
04/04/2022,75.22,"3,642,822",72.53,75.98,72.53
04/01/2022,72.33,"7,051,911",69.85,75.35,69.36
03/31/2022,69.25,"3,089,292",71.77,72.28,69.23
03/30/2022,71.63,"4,682,315",72.02,74.05,70.63
03/29/2022,73.33,"5,641,616",70.63,73.955,69.53
03/28/2022,68.89,"5,542,529",65.6,69.13,65.4
03/25/2022,65.45,"8,411,470",68.23,68.7599,62.91
03/24/2022,68.4,"4,053,835",67.11,68.54,64.865
03/23/2022,66.64,"6,276,465",66.48,70.0899,65.12
03/22/2022,67.75,"5,148,537",66.88,69.315,65.1
03/21/2022,66.96,"5,576,210",68.22,69.41,64.43
03/18/2022,68.81,"7,960,551",64.78,68.99,64.62
03/17/2022,65.41,"7,499,177",59.53,65.675,58.7
03/16/2022,60.31,"9,222,354",55.52,60.77,55.33
03/15/2022,53.87,"8,935,061",52.61,54.43,51.6
03/14/2022,52.48,"10,391,860",56.4,56.89,51.18
03/11/2022,56.8,"7,767,116",63.95,63.95,56.78
03/10/2022,63.03,"4,812,910",64.79,65.15,61.34
03/09/2022,66.4,"4,988,312",65.2,67.4,63.6
03/08/2022,62.35,"10,640,150",65.62,65.7,60.61
03/07/2022,66.11,"7,883,167",75.6,76.82,66.055
03/04/2022,75.66,"3,698,569",79.79,81.19,75.1
03/03/2022,79.28,"4,114,809",82.37,82.92,78.47
03/02/2022,82.26,"3,598,225",83.46,83.46,78.5154
03/01/2022,82.08,"5,086,667",85.495,86.24,81.02
02/28/2022,85.32,"5,525,872",83.5,86.88,82.43
02/25/2022,83.63,"5,456,328",81.99,84.45,80.16
02/24/2022,82.82,"9,859,332",69.665,83.22,68.26
02/23/2022,74.12,"4,995,533",75.99,76.63,73.31
02/22/2022,74.8,"6,140,705",75.375,79.3974,74.45
02/18/2022,78.05,"7,191,399",78.75,81.39,77.45
02/17/2022,79.41,"7,533,011",78.475,83.67,78.17
02/16/2022,80.91,"19,244,680",76.82,81.7733,71.05
02/15/2022,80.52,"7,195,955",79.24,80.85,77.1
02/14/2022,76.51,"6,342,654",75.93,79.37,75.39
02/11/2022,76.3,"9,431,582",81.31,83.33,74.85
02/10/2022,82.14,"8,586,674",78.71,85.08,78.61
02/09/2022,79.94,"5,499,851",77.73,80.01,76.665
02/08/2022,76.49,"5,551,702",72.4,76.76,72.2004
02/07/2022,73.57,"5,984,256",72.97,76.7,72.5
02/04/2022,73.04,"7,950,226",67.66,73.3053,66.5465
02/03/2022,65.84,"8,252,871",64.43,68.25,63.32
02/02/2022,70.01,"6,771,944",72.87,74.325,69.3453
02/01/2022,71.09,"6,232,091",70.46,71.3,68.36
01/31/2022,69.54,"7,080,805",64.38,69.68,63.9376
01/28/2022,63.6,"6,200,010",60.89,64.1,57.82
01/27/2022,60.17,"5,787,962",62.65,64.45,59.61
01/26/2022,61.46,"9,489,308",66.58,66.99,60.36
01/25/2022,62.67,"9,275,584",62.89,65.4799,62.25
01/24/2022,65.33,"15,954,230",56.32,65.49,55.0501
01/21/2022,59.45,"13,187,790",66.11,66.69,59.3
01/20/2022,67.73,"3,941,369",70.182,72.34,67.41
01/19/2022,69.0,"4,991,329",71.61,72.48,68.34
01/18/2022,71.0,"5,586,263",72.82,74.89,70.28
01/14/2022,75.47,"4,793,479",74.83,76.43,72.42
01/13/2022,75.76,"4,193,050",82.49,82.5945,75.71
01/12/2022,82.39,"3,478,461",85.52,87.68,81.801
01/11/2022,84.88,"6,039,993",80.341,85.85,78.75
01/10/2022,81.0,"7,083,182",75.51,81.28,73.8
01/07/2022,78.94,"6,379,964",78.0,82.4,77.4201
01/06/2022,76.93,"5,358,272",78.0,81.0,75.7
01/05/2022,79.64,"6,570,983",83.52,84.48,78.25
01/04/2022,85.36,"7,466,998",89.98,90.85,81.67
01/03/2022,90.11,"3,741,234",92.66,93.26,88.23
12/31/2021,91.64,"2,294,465",94.18,94.85,91.57
12/30/2021,94.27,"2,244,824",92.11,95.55,91.81
12/29/2021,92.57,"2,085,791",94.072,94.55,91.04
12/28/2021,94.79,"1,896,840",98.215,98.215,94.0
12/27/2021,97.68,"2,121,252",96.53,98.6,95.93
12/23/2021,96.05,"3,079,196",94.32,96.62,92.31
12/22/2021,93.49,"2,400,993",92.2,94.14,91.11
12/21/2021,93.53,"4,251,100",91.4,93.75,88.87
12/20/2021,88.04,"3,936,783",88.07,89.15,86.5
12/17/2021,89.99,"4,019,105",84.51,90.18,84.2
12/16/2021,87.11,"3,559,905",92.62,92.7,85.36
12/15/2021,91.43,"4,469,079",88.48,92.1599,84.42
12/14/2021,88.33,"4,165,767",90.16,91.4,85.88
12/13/2021,92.5,"3,059,467",94.41,95.21,90.62
12/10/2021,94.06,"2,643,285",96.3,98.305,93.272
12/09/2021,94.51,"2,535,483",97.62,99.4971,93.85
12/08/2021,97.9,"2,607,215",95.52,99.0,93.08
12/07/2021,95.72,"3,919,422",94.35,97.5891,94.19
12/06/2021,89.63,"4,806,692",87.61,91.82,85.35
12/03/2021,89.51,"6,010,400",95.7,95.755,88.18
12/02/2021,95.89,"5,205,817",95.317,98.78,93.71
12/01/2021,95.22,"5,215,338",105.1969,105.8541,94.43
11/30/2021,103.42,"5,772,099",107.363,110.8665,101.59
11/29/2021,107.06,"3,164,960",105.22,108.2,103.0
11/26/2021,103.98,"2,548,092",103.82,108.49,103.25
11/24/2021,106.21,"5,319,800",102.22,106.46,100.86
11/23/2021,102.74,"6,016,358",101.26,105.69,98.72
11/22/2021,103.27,"8,108,084",107.31,107.79,98.71
11/19/2021,107.79,"4,365,393",108.23,110.63,107.04
11/18/2021,105.47,"5,723,048",108.29,110.3026,104.02
11/17/2021,107.5,"5,411,372",111.09,114.09,107.05
11/16/2021,111.64,"8,831,312",104.72,111.82,104.21
11/15/2021,105.45,"11,751,130",99.91,108.52,99.58
11/12/2021,100.33,"12,305,780",93.7,100.59,93.6
11/11/2021,91.55,"3,865,793",90.4,92.56,88.65
11/10/2021,88.66,"10,017,950",91.99,95.87,87.2841
11/09/2021,97.09,"17,242,160",89.6065,98.1999,89.1141
11/08/2021,88.75,"31,558,100",84.3,89.76,80.71
11/05/2021,68.55,"8,623,098",72.99,72.99,68.46
11/04/2021,72.43,"5,337,821",75.66,75.66,71.25
11/03/2021,76.71,"2,718,827",75.27,76.86,73.68
11/02/2021,75.04,"3,255,135",76.06,76.35,73.0444
11/01/2021,76.49,"2,631,566",75.195,76.68,74.1
10/29/2021,74.91,"2,332,826",74.586,76.04,74.09
10/28/2021,75.43,"2,336,990",73.25,75.75,73.215
10/27/2021,73.05,"3,940,125",76.5,77.69,73.0
10/26/2021,76.78,"3,023,057",76.95,78.4,75.61
10/25/2021,76.11,"3,049,666",74.16,76.65,73.87
10/22/2021,73.96,"7,444,972",76.73,78.34,73.24
10/21/2021,81.06,"2,566,076",79.17,81.39,78.653
10/20/2021,79.56,"2,523,277",82.165,82.99,79.35
10/19/2021,81.41,"2,973,756",81.16,82.72,80.55
10/18/2021,80.82,"3,106,840",78.46,81.1,77.77
10/15/2021,78.46,"2,850,583",77.41,78.94,76.07
10/14/2021,77.09,"3,545,283",77.05,79.17,76.79
10/13/2021,75.72,"3,860,430",73.39,75.94,73.39
10/12/2021,72.75,"2,702,923",71.79,73.37,70.81
10/11/2021,70.72,"2,048,803",70.5,72.2,70.11
10/08/2021,71.0,"3,482,253",70.83,71.985,69.78
10/07/2021,70.42,"2,650,243",69.513,71.07,69.44
10/06/2021,68.29,"2,604,006",66.3,69.59,66.22
10/05/2021,67.6,"2,692,869",66.84,68.39,66.6
10/04/2021,66.03,"5,402,154",69.16,69.32,65.32
10/01/2021,70.42,"1,971,856",70.03,70.76,68.7
09/30/2021,70.3,"3,755,823",68.58,70.91,67.8
09/29/2021,67.81,"3,416,844",70.7,70.99,67.71
09/28/2021,69.27,"5,598,865",73.91,74.25,69.2
09/27/2021,75.79,"2,396,059",75.72,75.95,74.39
09/24/2021,76.46,"2,252,699",75.1,76.59,73.94
09/23/2021,76.4,"2,755,986",76.62,77.23,75.74
09/22/2021,75.58,"4,015,270",72.3,75.83,71.85
09/21/2021,72.14,"2,878,767",70.47,72.74,70.3
09/20/2021,69.71,"3,315,973",69.61,71.31,68.51
09/17/2021,72.58,"4,109,165",73.11,74.1,71.87
09/16/2021,73.2,"3,244,881",70.45,73.4,70.1
09/15/2021,70.82,"3,011,286",70.52,71.02,69.2
09/14/2021,70.83,"2,881,491",71.5,72.73,70.45
09/13/2021,71.2,"4,137,167",72.35,72.39,69.3
09/10/2021,72.78,"2,619,814",73.66,74.46,72.5925
09/09/2021,72.82,"3,447,675",72.14,73.5999,71.1506
09/08/2021,72.3,"4,783,923",74.95,75.02,71.85
09/07/2021,75.28,"3,549,345",78.44,78.44,75.0925
09/03/2021,78.2,"2,417,708",77.98,78.979,76.66
09/02/2021,78.02,"2,821,261",79.933,80.0,77.7
09/01/2021,79.51,"2,523,578",80.25,80.7,78.82
08/31/2021,80.05,"2,713,243",80.12,81.02,79.17
08/30/2021,80.71,"5,011,318",80.6,81.97,80.34
08/27/2021,80.58,"2,494,626",79.18,80.98,78.8
08/26/2021,78.42,"2,024,672",79.85,81.05,78.2183
08/25/2021,80.06,"1,804,858",80.776,80.99,79.52
08/24/2021,80.62,"2,766,560",80.1,81.98,79.66
08/23/2021,79.39,"2,116,698",77.66,79.77,77.66
08/20/2021,77.18,"2,150,831",75.92,77.49,75.79
08/19/2021,75.79,"2,841,736",75.68,77.55,75.14
08/18/2021,76.9,"2,683,800",79.52,80.0,76.85
08/17/2021,79.26,"3,754,579",78.5,79.69,77.93
08/16/2021,78.96,"4,708,499",80.098,80.5,77.32
08/13/2021,80.91,"5,839,188",85.0,85.0,80.78
08/12/2021,85.61,"5,313,341",82.27,85.75,82.2501
08/11/2021,82.4,"6,665,677",86.31,86.66,81.4508
08/10/2021,87.53,"12,900,510",82.85,90.0,82.85
08/09/2021,81.32,"8,622,023",82.57,83.88,78.25
08/06/2021,84.04,"3,502,348",83.15,84.99,82.31
08/05/2021,83.38,"4,785,700",84.8,86.26,83.06
08/04/2021,86.44,"4,350,027",83.0,86.69,82.76
08/03/2021,83.16,"2,874,786",83.0,84.6152,81.77
08/02/2021,83.19,"4,491,586",82.16,84.06,81.11
07/30/2021,81.91,"5,072,881",82.5,83.85,81.75
07/29/2021,84.1,"5,015,021",84.3,85.97,83.83
07/28/2021,85.56,"6,587,525",83.2,86.15,82.85
07/27/2021,82.68,"10,167,890",81.58,84.98,79.63
07/26/2021,81.45,"4,875,658",80.0688,81.9072,78.76
07/23/2021,81.15,"11,687,740",77.47,82.66,77.45
07/22/2021,74.11,"2,651,249",74.71,75.3,72.63
07/21/2021,74.15,"2,759,157",73.44,74.41,72.5
07/20/2021,73.0,"4,596,619",71.694,73.83,69.34
07/19/2021,70.94,"5,635,172",67.92,71.45,67.37
07/16/2021,70.62,"5,164,503",72.86,72.865,69.3637
07/15/2021,71.99,"4,643,795",72.41,74.6,70.76
07/14/2021,73.63,"4,875,523",77.44,78.2293,73.44
07/13/2021,76.5,"4,259,552",77.97,79.17,75.56
07/12/2021,77.85,"3,240,549",78.55,79.417,76.4288
07/09/2021,77.95,"3,663,361",77.52,78.74,75.5287
07/08/2021,76.11,"6,485,887",74.57,77.57,73.2
07/07/2021,77.64,"9,143,277",78.07,81.89,76.75
07/06/2021,76.56,"3,775,549",76.88,77.7819,75.36
07/02/2021,76.62,"3,100,228",77.86,78.83,76.14
07/01/2021,76.68,"4,126,007",77.16,77.6499,75.64
06/30/2021,77.36,"5,376,336",78.89,78.99,77.19
06/29/2021,79.97,"5,378,881",79.5,81.25,78.6838
06/28/2021,79.89,"8,575,395",77.07,80.59,76.7801
06/25/2021,76.02,"12,332,580",75.749,78.7,74.11
06/24/2021,75.88,"35,328,610",66.23,77.97,66.0
06/23/2021,65.39,"5,735,635",64.948,65.98,63.67
06/22/2021,64.5,"6,670,676",60.87,64.78,60.8001
06/21/2021,61.26,"6,057,446",60.68,62.2485,59.12
06/18/2021,60.88,"8,938,229",61.81,62.7,60.03
06/17/2021,62.14,"13,050,830",59.14,63.34,58.51
06/16/2021,59.02,"8,644,310",58.5,60.1,57.757
06/15/2021,58.576,"7,733,420",60.048,60.094,58.25
06/14/2021,60.156,"6,242,320",60.644,61.5523,59.967
06/11/2021,59.981,"6,114,280",59.593,60.76,59.161
06/10/2021,59.027,"8,993,820",58.5,59.1656,57.53
06/09/2021,58.53,"9,336,640",61.0,61.366,58.45
06/08/2021,60.487,"10,905,950",60.454,62.8042,60.2707
06/07/2021,59.985,"6,898,540",57.4,60.244,56.699
06/04/2021,57.475,"4,893,970",57.257,58.491,57.216
06/03/2021,56.796,"5,819,560",57.501,57.84,56.281
06/02/2021,58.189,"6,689,110",58.151,58.806,57.01
06/01/2021,58.31,"6,463,460",59.515,60.2738,57.8184
05/28/2021,58.814,"6,429,710",58.84,59.5,58.2555
05/27/2021,58.458,"9,121,240",57.881,59.02,56.203
05/26/2021,58.147,"10,411,040",56.517,58.597,56.288
05/25/2021,56.129,"9,357,890",56.525,56.666,55.258
05/24/2021,55.557,"8,550,350",54.705,56.2205,54.0
05/21/2021,53.972,"9,424,840",55.3802,55.5,53.4537
05/20/2021,54.33,"11,388,130",51.6,54.599,51.3
05/19/2021,50.91,"8,642,390",50.0,50.91,49.075
05/18/2021,50.85,"7,280,190",50.72,52.148,50.2969
05/17/2021,50.764,"11,646,240",51.013,51.9,49.6372
05/14/2021,51.749,"13,961,060",50.342,52.427,48.947
05/13/2021,49.35,"18,576,780",50.84,51.73,48.757
05/12/2021,50.476,"21,362,880",50.3,52.125,49.611
05/11/2021,51.435,"36,805,290",47.4855,51.5531,46.71
05/10/2021,48.96,"87,308,540",56.742,56.789,48.015
05/07/2021,66.143,"11,326,760",62.8502,66.702,62.7
05/06/2021,61.23,"11,224,630",63.5,64.431,59.169
05/05/2021,63.914,"5,312,150",67.938,67.938,63.796
05/04/2021,66.655,"6,143,640",69.3292,69.3292,64.7211
05/03/2021,70.156,"5,019,160",73.236,73.575,69.53
04/30/2021,72.931,"4,556,210",73.584,75.4514,72.796
04/29/2021,74.898,"6,906,980",75.889,76.867,73.289
04/28/2021,74.637,"4,002,580",75.111,75.89,73.756
04/27/2021,74.862,"5,372,950",74.883,75.6,73.309
04/26/2021,74.764,"4,315,420",73.0,75.18,71.836
04/23/2021,72.649,"4,456,770",70.777,73.08,69.891
04/22/2021,70.023,"6,987,470",71.111,72.799,69.768
04/21/2021,70.727,"4,134,700",68.334,70.798,67.5835
04/20/2021,68.607,"4,711,280",69.519,69.95,67.025
04/19/2021,69.548,"5,953,110",70.239,71.774,68.721
04/16/2021,71.886,"4,995,630",73.101,73.4,71.263
04/15/2021,73.5,"6,001,760",73.3,74.287,72.281
04/14/2021,71.61,"7,662,100",72.69,73.6084,70.315
04/13/2021,72.297,"6,078,950",71.576,73.5,71.2414
04/12/2021,70.586,"6,076,140",68.743,71.856,67.8
04/09/2021,69.256,"5,838,360",69.0,69.625,67.217
04/08/2021,69.04,"6,782,040",68.713,70.219,67.7
04/07/2021,67.787,"4,720,360",67.0,68.497,66.304
04/06/2021,66.963,"6,995,930",66.6075,68.056,65.211
04/05/2021,65.318,"4,159,950",67.5,67.5,63.931
04/01/2021,65.884,"5,643,200",67.391,68.3355,65.444
03/31/2021,65.166,"7,272,580",63.965,66.456,63.654
03/30/2021,62.588,"8,823,530",60.501,63.1545,59.111
03/29/2021,61.258,"10,003,490",66.804,67.699,60.6
03/26/2021,67.121,"6,771,590",65.457,67.643,64.465
03/25/2021,65.338,"12,676,260",65.3,66.542,63.2
03/24/2021,66.806,"8,322,010",72.461,72.5445,66.2855
03/23/2021,72.431,"4,745,550",74.213,75.0,71.555
03/22/2021,74.085,"5,634,570",74.2254,75.299,72.914
03/19/2021,73.321,"7,992,650",70.5,73.8,69.701
03/18/2021,70.01,"9,654,060",74.902,75.314,69.357
03/17/2021,77.151,"8,103,120",74.763,77.971,73.0129
03/16/2021,76.892,"11,217,950",76.43,80.5,75.5031
03/15/2021,75.826,"5,482,950",75.205,76.2,74.128
03/12/2021,75.122,"5,832,590",73.502,75.325,72.738
03/11/2021,75.65,"6,743,530",74.504,75.903,72.837
03/10/2021,72.261,"7,752,810",73.6,74.918,70.575
03/09/2021,71.932,"13,767,700",71.9,72.777,68.178
03/08/2021,67.894,"24,635,840",67.802,72.339,66.101
03/05/2021,65.417,"30,282,380",65.0,66.5,56.102
03/04/2021,64.016,"21,327,310",69.001,69.499,61.492
03/03/2021,69.593,"18,667,880",79.12,79.1688,69.1
03/02/2021,79.791,"4,629,700",83.5,83.5,79.689
03/01/2021,83.234,"5,140,440",81.98,83.4,79.7157
02/26/2021,80.539,"9,059,890",76.53,81.272,76.15
02/25/2021,75.459,"7,966,150",77.293,79.6,74.5
02/24/2021,78.104,"6,836,520",79.052,79.39,75.702
02/23/2021,79.109,"14,833,710",81.0,81.0,74.5014
02/22/2021,84.522,"11,642,590",88.472,90.217,84.409
02/19/2021,90.335,"23,759,800",84.099,92.112,83.6
02/18/2021,84.65,"8,883,500",83.569,84.99,82.344
02/17/2021,84.442,"7,627,840",85.1,85.653,81.66
02/16/2021,86.898,"6,878,930",86.953,88.09,84.795
02/12/2021,86.4,"4,074,200",86.101,87.415,85.714
02/11/2021,86.684,"3,960,440",86.701,87.057,84.703
02/10/2021,86.192,"5,360,280",87.142,87.824,84.1221
02/09/2021,86.461,"4,265,390",85.0,87.0,83.85
02/08/2021,85.231,"4,860,570",86.5,87.801,85.105
02/05/2021,85.506,"5,764,430",86.4306,87.1425,84.49
02/04/2021,85.402,"4,105,720",85.1,85.9818,84.0119
02/03/2021,83.915,"8,364,160",85.001,87.514,83.729
02/02/2021,83.145,"6,527,210",81.0,83.5,80.64
02/01/2021,79.321,"6,811,950",78.247,79.944,77.11
01/29/2021,76.599,"5,823,630",78.657,79.792,75.3658
01/28/2021,79.452,"7,933,340",77.4995,80.3973,76.8
01/27/2021,75.63,"7,073,720",75.9,77.94,73.112
01/26/2021,77.629,"4,511,340",79.3,79.515,77.223
01/25/2021,78.559,"7,658,040",81.715,82.644,76.6003
01/22/2021,81.296,"3,780,720",81.17,82.1,80.0
01/21/2021,81.303,"7,615,620",83.391,83.928,81.238
01/20/2021,81.099,"6,973,470",78.705,81.498,78.0
01/19/2021,78.062,"6,421,690",79.227,79.616,76.6
01/15/2021,78.536,"5,217,820",77.53,79.117,76.7167
01/14/2021,77.53,"6,386,410",79.165,79.979,77.1523
01/13/2021,78.545,"6,738,010",81.1,81.6,78.352
01/12/2021,80.56,"7,894,050",78.883,81.4583,78.301
01/11/2021,77.929,"6,509,610",77.601,79.8595,76.6
01/08/2021,79.581,"10,808,180",77.199,80.1934,76.3
01/07/2021,76.303,"14,376,600",75.5,76.4504,74.0505
01/06/2021,74.061,"14,599,410",76.6654,77.278,73.833
01/05/2021,78.854,"8,202,190",77.676,80.0,77.1992
01/04/2021,77.343,"12,177,260",80.6,80.65,75.6
12/31/2020,80.1,"7,899,600",82.3,82.3,79.825
12/30/2020,81.8,"13,648,880",82.1,83.4,80.78
12/29/2020,82.029,"15,876,080",84.016,84.031,79.606
12/28/2020,83.262,"23,084,670",94.168,94.168,83.018
12/24/2020,93.177,"3,184,470",93.01,94.344,92.9
12/23/2020,92.399,"8,183,350",96.9,97.0,92.191
12/22/2020,97.112,"5,986,550",94.226,97.28,93.1765
12/21/2020,93.553,"7,537,090",93.8,96.34,92.128
12/18/2020,95.15,"6,254,080",94.995,95.908,93.726
12/17/2020,94.24,"4,261,900",94.5,95.45,93.55
12/16/2020,93.972,"5,167,710",92.796,94.18,91.22
12/15/2020,93.313,"7,329,630",92.326,94.792,92.325
12/14/2020,92.242,"5,766,560",92.9,93.2995,90.382
12/11/2020,92.614,"5,075,180",91.567,93.0,90.4
12/10/2020,91.758,"5,446,210",87.617,91.954,87.1025
12/09/2020,88.526,"9,022,600",91.868,93.457,87.248
12/08/2020,91.5,"3,776,620",91.0,92.219,90.742
12/07/2020,91.263,"3,834,950",90.701,91.5,89.65
12/04/2020,90.378,"5,054,300",89.22,91.201,88.875
12/03/2020,88.718,"4,964,660",87.206,89.876,87.1
12/02/2020,86.692,"6,232,670",87.1,87.6827,85.167
12/01/2020,89.013,"7,616,020",90.406,90.5,87.527
11/30/2020,90.107,"9,660,870",88.0,90.427,85.75
11/27/2020,87.31,"4,266,140",87.036,87.972,85.996
11/25/2020,86.227,"5,930,040",84.8,86.8233,84.417
11/24/2020,84.41,"8,011,130",83.749,85.873,82.952
11/23/2020,83.965,"9,198,010",84.1,84.3302,81.672
11/20/2020,82.7,"7,545,280",80.888,83.7025,80.651
11/19/2020,80.592,"10,220,010",77.596,82.344,77.444
11/18/2020,77.242,"7,320,690",78.65,80.402,76.65
11/17/2020,79.506,"11,543,380",75.343,79.609,74.704
11/16/2020,74.613,"8,524,750",72.001,74.935,71.4375
11/13/2020,73.477,"6,291,160",74.6,75.373,72.307
11/12/2020,74.0,"6,049,510",74.545,76.192,73.63
11/11/2020,74.204,"11,845,520",72.65,74.888,71.256
11/10/2020,70.728,"16,536,610",76.5,76.9975,69.736
11/09/2020,76.137,"16,339,320",80.0,81.934,75.906
11/06/2020,81.934,"44,645,230",73.141,84.75,72.53
11/05/2020,64.73,"14,040,940",65.162,66.4375,64.227
11/04/2020,63.242,"12,171,570",61.0,64.795,60.601
11/03/2020,58.608,"6,100,550",56.501,58.95,56.047
11/02/2020,55.916,"8,700,840",57.154,57.16,54.346
10/30/2020,56.645,"10,840,590",61.208,61.6744,56.213
10/29/2020,61.798,"5,630,990",60.309,62.399,59.976
10/28/2020,59.649,"6,019,280",60.02,60.1196,58.538
10/27/2020,61.336,"4,665,770",61.499,62.138,60.666
10/26/2020,60.832,"5,483,100",61.197,63.14,59.625
10/23/2020,61.991,"6,212,700",61.15,62.05,59.6042
10/22/2020,60.691,"7,817,190",62.309,62.676,60.1682
10/21/2020,62.467,"10,400,160",62.27,64.6,61.71
10/20/2020,61.229,"6,139,760",62.401,62.962,61.0281
10/19/2020,61.829,"8,369,380",60.859,62.776,60.683
10/16/2020,60.5,"13,660,760",61.222,61.797,59.722
10/15/2020,60.001,"23,662,350",62.4,63.211,59.632
10/14/2020,65.396,"16,844,140",66.7,67.5,64.2075
10/13/2020,65.072,"8,239,010",62.466,65.265,62.34
10/12/2020,62.666,"7,617,980",62.199,62.865,61.004
10/09/2020,61.311,"9,021,120",60.401,62.089,60.21
10/08/2020,60.555,"7,004,190",60.349,60.77,59.217
10/07/2020,59.343,"12,044,410",59.499,60.84,58.629
10/06/2020,58.525,"11,522,580",57.3,59.75,57.275
10/05/2020,57.391,"7,731,090",56.663,57.549,56.227
10/02/2020,55.648,"13,514,720",53.595,56.993,53.234
10/01/2020,55.517,"16,664,040",52.999,55.6745,52.601
09/30/2020,51.878,"10,811,710",49.661,52.0385,49.501
09/29/2020,49.83,"12,277,280",48.852,50.675,48.838
09/28/2020,48.763,"5,779,880",48.004,48.865,47.7
09/25/2020,47.317,"7,129,170",45.582,47.6204,44.827
09/24/2020,45.32,"8,626,520",44.957,46.0207,43.717
09/23/2020,45.727,"6,857,820",46.538,47.249,45.5725
09/22/2020,46.772,"9,679,480",46.6955,46.877,45.017
09/21/2020,46.155,"13,347,220",42.351,46.248,42.2961
09/18/2020,43.575,"13,713,920",43.42,43.819,42.392
09/17/2020,42.877,"14,576,040",42.301,42.948,41.3055
09/16/2020,44.131,"11,314,190",44.454,45.7509,44.0405
09/15/2020,44.53,"8,200,660",44.207,44.9,43.44
09/14/2020,42.751,"5,656,430",42.645,43.254,42.038
09/11/2020,41.864,"7,193,370",43.216,43.5869,40.853
09/10/2020,42.711,"8,800,660",44.1,45.368,42.511
09/09/2020,43.304,"9,472,540",43.4117,43.971,42.306
09/08/2020,42.009,"9,197,900",41.7,43.98,41.2
09/04/2020,44.126,"23,417,050",45.624,46.762,41.123
09/03/2020,46.465,"15,207,060",49.5532,50.017,45.8
09/02/2020,51.5005,"17,285,420",51.21,51.52,47.8485
09/01/2020,50.139,"8,192,060",48.666,50.224,48.4
08/31/2020,48.13,"6,211,380",48.62,49.034,47.526
08/28/2020,48.57,"9,983,360",47.608,49.4737,47.461
08/27/2020,47.41,"8,804,470",47.986,48.4876,46.547
08/26/2020,48.104,"9,383,630",47.345,49.1,47.345
08/25/2020,46.99,"5,993,770",46.346,47.078,45.924
08/24/2020,46.666,"8,369,070",46.7688,47.475,46.333
08/21/2020,46.178,"5,788,860",46.84,47.401,46.132
08/20/2020,47.026,"5,437,090",45.999,47.209,45.8
08/19/2020,46.401,"6,083,450",46.9,47.055,45.761
08/18/2020,46.908,"5,493,010",47.75,48.4,46.7
08/17/2020,47.485,"5,813,910",47.244,47.7,46.9
08/14/2020,46.56,"10,328,210",47.5,48.079,46.245
08/13/2020,47.184,"10,381,180",46.505,48.1865,46.331
08/12/2020,46.003,"10,062,210",44.9959,46.748,44.9959
08/11/2020,44.565,"17,236,500",45.518,46.3391,44.454
08/10/2020,46.573,"19,587,860",49.085,49.337,45.656
08/07/2020,49.32,"24,080,490",49.602,51.0,47.8
08/06/2020,48.075,"21,366,130",49.2935,49.41,47.05
08/05/2020,49.599,"10,550,290",48.11,50.0,48.0759
08/04/2020,48.111,"8,199,390",47.469,48.3639,46.6604
08/03/2020,47.532,"12,971,820",45.6,47.82,45.501
07/31/2020,45.132,"16,629,040",43.961,45.2,43.73
07/30/2020,43.029,"5,819,150",42.392,43.29,42.1778
07/29/2020,42.784,"7,016,370",42.588,43.211,42.2
07/28/2020,41.946,"7,633,830",43.007,43.571,41.9
07/27/2020,43.216,"9,014,840",43.006,43.424,41.709
07/24/2020,42.607,"9,774,780",41.396,43.34,40.4
07/23/2020,42.439,"12,992,650",44.1,45.15,41.901
07/22/2020,44.332,"5,868,090",44.531,45.399,43.9131
07/21/2020,44.408,"9,106,360",46.001,46.135,44.22
07/20/2020,45.765,"12,076,490",43.575,45.865,43.217
07/17/2020,43.303,"7,626,230",43.08,43.683,42.5072
07/16/2020,42.911,"12,668,860",42.773,43.275,42.113
07/15/2020,43.637,"14,427,390",43.776,44.399,42.48
07/14/2020,43.204,"21,572,590",42.899,43.5,40.8
07/13/2020,43.063,"22,732,830",46.864,47.567,42.224
07/10/2020,46.198,"9,656,620",46.115,46.279,45.0695
07/09/2020,46.3,"18,245,150",47.0,47.112,44.401
07/08/2020,46.249,"12,511,550",45.922,46.536,45.555
07/07/2020,45.071,"12,714,240",44.5,46.532,44.4003
07/06/2020,44.708,"28,491,180",46.151,46.5995,44.11
07/02/2020,44.293,"22,737,140",43.675,45.581,43.5295
07/01/2020,42.914,"22,305,210",40.708,43.324,40.6946
06/30/2020,40.65,"17,047,440",40.74,41.771,40.4182
06/29/2020,40.615,"17,207,050",40.589,40.7717,39.13
06/26/2020,40.703,"28,565,720",41.029,41.897,39.3773
06/25/2020,40.971,"14,858,720",39.216,41.01,38.847
06/24/2020,39.637,"18,339,870",40.9,41.145,38.804
06/23/2020,41.003,"15,571,170",40.9,42.106,40.362
06/22/2020,40.28,"14,669,230",40.399,40.748,39.87
06/19/2020,39.478,"16,434,680",40.0,40.655,39.1
06/18/2020,39.439,"17,922,270",38.255,39.649,38.103
06/17/2020,38.244,"18,035,360",37.666,39.5042,37.314
06/16/2020,37.203,"17,628,500",37.735,37.952,36.748
06/15/2020,37.06,"21,695,100",34.555,37.331,34.5
06/12/2020,35.451,"13,015,350",36.1,36.35,34.304
06/11/2020,34.754,"18,679,310",35.23,36.437,34.5011
06/10/2020,36.852,"13,410,310",36.5,37.288,36.1788
06/09/2020,36.298,"12,988,370",35.514,37.027,35.346
06/08/2020,35.831,"14,452,350",35.63,36.0,34.836
06/05/2020,35.429,"22,817,930",33.7,36.042,33.3
06/04/2020,33.724,"22,372,140",35.101,35.544,33.343
06/03/2020,35.498,"38,465,590",32.0,35.6236,31.745
06/02/2020,31.826,"23,015,130",31.001,32.217,30.525
06/01/2020,31.031,"10,902,050",31.016,31.416,30.513
05/29/2020,31.156,"33,076,720",30.06,31.164,29.911
05/28/2020,29.817,"14,059,750",29.144,30.431,29.062
05/27/2020,29.423,"27,628,900",29.85,29.85,26.9
05/26/2020,29.929,"15,174,620",31.475,31.475,29.8229
05/22/2020,30.76,"15,647,790",30.726,31.4976,30.248
05/21/2020,30.442,"18,222,000",29.641,30.85,29.173
05/20/2020,29.7105,"13,155,750",30.145,30.199,29.2
05/19/2020,29.41,"13,977,870",29.902,30.17,29.3515
05/18/2020,29.673,"18,942,050",31.048,31.097,29.535
05/15/2020,30.001,"13,036,400",29.15,30.443,29.05
05/14/2020,29.73,"19,089,640",28.451,29.767,27.9
05/13/2020,29.236,"35,310,080",31.252,31.598,28.534
05/12/2020,31.064,"26,906,800",30.755,32.0,30.3293
05/11/2020,30.533,"29,489,060",30.695,31.216,30.069
05/08/2020,31.55,"52,276,510",29.93,31.749,29.028
05/07/2020,32.25,"30,686,180",32.15,32.7348,31.301
05/06/2020,31.224,"33,082,700",30.434,31.724,30.353
05/05/2020,30.364,"25,622,930",30.0,31.18,29.663
05/04/2020,29.052,"18,056,050",27.422,29.173,27.214
05/01/2020,27.89,"23,631,230",28.21,28.788,27.209
04/30/2020,29.258,"27,146,040",29.573,30.604,28.847
04/29/2020,29.419,"31,870,750",26.829,29.5,26.7331
04/28/2020,25.794,"16,849,150",26.954,27.069,25.2074
04/27/2020,26.317,"16,953,770",26.33,26.878,26.055
04/24/2020,25.663,"16,947,090",25.5,25.9244,24.842
04/23/2020,25.397,"33,668,070",25.002,26.632,24.8046
04/22/2020,24.419,"22,128,370",22.69,24.489,22.6
04/21/2020,21.615,"19,549,170",22.96,23.385,21.25
04/20/2020,23.3,"21,193,890",22.424,24.57,22.301
04/17/2020,22.852,"16,451,310",23.122,23.175,22.1237
04/16/2020,22.073,"19,970,810",23.025,23.416,21.702
04/15/2020,22.656,"13,491,540",22.45,23.1,22.1
04/14/2020,23.341,"20,471,180",23.187,24.0,22.6144
04/13/2020,21.862,"17,023,460",21.535,21.994,20.655
04/09/2020,21.376,"24,676,270",21.7,22.5612,20.727
04/08/2020,20.735,"18,003,900",19.704,20.899,19.5609
04/07/2020,19.134,"23,771,500",20.5,21.098,19.029
04/06/2020,19.005,"31,105,860",16.95,19.049,16.629
04/03/2020,16.039,"21,384,110",16.578,16.85,15.35
04/02/2020,16.478,"20,999,970",17.0,17.439,16.027
04/01/2020,17.23,"20,772,350",18.49,18.686,17.02
03/31/2020,19.3,"19,295,510",19.61,20.1,18.8519
03/30/2020,19.751,"17,093,030",19.697,20.2011,19.069
03/27/2020,19.969,"15,253,590",19.95,20.658,19.05
03/26/2020,20.905,"17,446,330",19.823,21.4952,19.823
03/25/2020,19.694,"28,768,370",19.957,20.724,18.111
03/24/2020,19.4,"23,939,870",19.217,20.198,18.8
03/23/2020,17.667,"20,168,110",17.069,17.97,16.0
03/20/2020,17.0,"31,360,300",17.321,18.943,16.876
03/19/2020,16.744,"31,829,640",14.62,17.0,13.6
03/18/2020,14.439,"31,625,620",15.7,16.5,13.901
03/17/2020,17.0,"26,162,670",16.5,18.345,15.305
03/16/2020,16.049,"27,825,110",17.599,18.23,16.049
03/13/2020,20.0,"23,602,170",20.9,20.9,18.4013
03/12/2020,19.265,"30,179,840",20.05,20.997,19.1
03/11/2020,22.394,"21,608,420",22.7,23.6,21.7529
03/10/2020,23.57,"26,180,110",23.023,23.637,21.122
03/09/2020,21.654,"29,418,620",22.576,23.797,21.599
03/06/2020,25.294,"22,486,170",26.499,26.5926,24.5885
03/05/2020,27.117,"14,001,100",26.805,27.7582,26.624
03/04/2020,27.497,"17,685,100",28.433,28.6,26.65
03/03/2020,27.767,"20,809,650",28.635,29.08,27.31
03/02/2020,28.811,"30,320,330",29.551,29.75,27.502
02/28/2020,28.725,"52,301,860",26.47,28.763,25.75
02/27/2020,25.001,"33,457,200",25.315,26.179,24.146
02/26/2020,26.69,"18,827,750",27.35,28.288,26.301
02/25/2020,27.351,"18,785,890",29.046,29.1657,27.052
02/24/2020,28.321,"20,997,020",27.8,28.898,26.911
02/21/2020,30.19,"13,416,690",30.9,31.2,29.7
02/20/2020,31.145,"21,518,470",31.486,32.378,30.265
02/19/2020,31.543,"19,119,790",31.21,31.825,30.85
02/18/2020,30.844,"11,641,500",30.6,31.149,30.4158
02/14/2020,30.53,"12,044,260",30.963,31.368,30.3
02/13/2020,30.657,"7,955,780",30.052,30.777,29.909
02/12/2020,30.479,"19,197,140",30.05,30.767,29.4792
02/11/2020,29.64,"20,218,260",30.1,30.352,29.323
02/10/2020,29.811,"9,970,180",29.153,29.974,29.103
02/07/2020,29.133,"15,810,760",28.822,29.825,28.621
02/06/2020,28.871,"14,216,260",28.894,29.546,28.376
02/05/2020,28.752,"28,376,930",30.959,31.3993,28.269
02/04/2020,30.313,"25,937,920",27.956,30.609,27.95
02/03/2020,27.402,"17,884,870",26.807,27.5313,26.6
01/31/2020,26.918,"15,751,270",27.846,27.9,26.6
01/30/2020,27.764,"14,851,370",27.741,28.103,27.225
01/29/2020,28.103,"12,280,100",28.404,28.497,27.989
01/28/2020,28.179,"21,850,950",27.501,28.414,27.3876
01/27/2020,27.323,"23,745,030",26.941,27.7086,26.489
01/24/2020,28.017,"13,925,110",28.33,28.66,27.691
01/23/2020,28.039,"10,772,000",28.224,28.224,27.121
01/22/2020,28.189,"12,679,160",28.389,28.815,28.112
01/21/2020,28.002,"15,689,980",28.095,28.882,27.664
01/17/2020,28.095,"18,731,210",28.359,28.563,27.708
01/16/2020,28.1,"15,088,790",28.633,28.845,27.903
01/15/2020,28.48,"14,692,520",28.26,29.074,28.25
01/14/2020,28.416,"18,662,950",28.979,29.37,27.979
01/13/2020,28.817,"23,055,910",28.141,29.39,27.9004
01/10/2020,27.776,"19,636,820",28.585,28.61,27.6
01/09/2020,28.664,"20,680,340",29.101,29.141,28.071
01/08/2020,28.52,"20,525,140",28.028,28.929,27.914
01/07/2020,28.028,"22,193,920",27.904,28.56,27.429
01/06/2020,27.791,"18,298,150",26.701,28.007,26.601
01/03/2020,27.191,"13,748,460",26.475,27.339,26.224
01/02/2020,27.145,"22,205,980",26.352,27.2128,26.1055
12/31/2019,25.978,"19,652,700",24.911,26.0619,24.62
12/30/2019,25.272,"28,876,750",27.207,27.224,25.13
12/27/2019,27.235,"11,148,550",27.586,27.78,27.052
12/26/2019,27.351,"20,563,440",26.9,27.886,26.9
12/24/2019,26.8,"6,199,910",26.9,27.099,26.334
12/23/2019,26.865,"19,470,600",26.593,27.4624,26.43
12/20/2019,26.375,"11,912,920",26.439,26.497,25.909
12/19/2019,26.271,"15,628,030",25.553,26.451,25.4806
12/18/2019,25.312,"13,729,760",24.925,25.9829,24.91
12/17/2019,25.003,"11,043,930",25.548,25.548,24.7765
12/16/2019,25.384,"15,400,990",25.434,25.923,25.062
12/13/2019,25.245,"15,527,910",24.598,25.6,24.5208
12/12/2019,24.64,"13,384,500",24.92,25.2,24.123
12/11/2019,25.048,"14,075,190",25.173,25.25,24.425
12/10/2019,25.007,"8,869,620",24.948,25.272,24.745
12/09/2019,24.949,"10,340,040",24.735,25.3948,24.636
12/06/2019,24.735,"19,743,440",25.557,25.74,24.572
12/05/2019,24.042,"10,190,580",24.5,24.586,23.65
12/04/2019,24.414,"15,982,570",24.01,24.6765,23.612
12/03/2019,23.751,"20,500,800",22.105,23.868,22.051
12/02/2019,22.739,"38,007,600",26.112,26.25,22.719
11/29/2019,26.334,"4,835,590",26.363,26.764,26.244
11/27/2019,26.517,"9,561,870",26.35,26.71,26.042
11/26/2019,26.33,"19,235,330",25.7,26.432,25.609
11/25/2019,25.689,"17,019,020",24.6,25.739,24.502
11/22/2019,24.371,"10,223,020",24.125,24.519,23.958
11/21/2019,24.007,"10,909,130",24.121,24.596,23.987
11/20/2019,24.047,"13,447,170",23.6,24.311,23.507
11/19/2019,23.647,"12,222,860",23.267,23.708,22.9
11/18/2019,23.175,"9,785,200",22.812,23.498,22.7515
11/15/2019,22.915,"10,667,600",22.903,23.338,22.719
11/14/2019,22.808,"12,213,450",22.8,23.124,22.43
11/13/2019,22.885,"14,049,050",22.258,22.936,22.12
11/12/2019,22.385,"31,950,960",21.8,22.837,21.519
11/11/2019,21.701,"34,366,330",19.212,21.778,19.1
11/08/2019,19.553,"37,194,220",18.864,20.43,18.59
11/07/2019,19.275,"34,471,940",19.319,19.5,18.719
11/06/2019,19.442,"14,360,550",20.126,20.148,19.178
11/05/2019,19.953,"10,411,520",20.359,20.456,19.86
11/04/2019,20.289,"12,717,940",20.55,20.759,19.734
11/01/2019,20.31,"10,065,580",20.271,20.688,20.104
10/31/2019,20.08,"11,722,790",20.993,21.134,20.025
10/30/2019,20.966,"7,137,160",20.865,21.065,20.5734
10/29/2019,20.731,"9,271,140",20.97,21.172,20.353
10/28/2019,20.997,"30,344,800",20.527,21.665,20.052
10/25/2019,20.262,"15,345,910",19.539,20.38,19.168
10/24/2019,19.697,"16,139,890",19.492,19.75,18.722
10/23/2019,19.211,"10,633,130",18.95,19.62,18.904
10/22/2019,18.981,"13,393,110",20.209,20.244,18.87
10/21/2019,20.084,"9,404,300",19.616,20.477,19.571
10/18/2019,19.481,"20,256,020",20.12,20.2345,18.626
10/17/2019,20.149,"11,493,190",19.728,20.308,19.231
10/16/2019,19.584,"24,761,390",20.82,20.99,19.525
10/15/2019,21.2,"17,388,230",20.267,21.218,20.267
10/14/2019,20.129,"8,192,980",19.798,20.1555,19.673
10/11/2019,19.843,"26,480,680",19.321,20.19,19.071
10/10/2019,18.565,"11,238,100",18.995,19.361,18.543
10/09/2019,19.103,"6,679,140",19.268,19.4286,18.866
10/08/2019,19.044,"12,925,270",19.182,19.364,18.87
10/07/2019,19.404,"15,736,450",18.782,19.544,18.775
10/04/2019,18.775,"13,322,860",19.15,19.369,18.526
10/03/2019,18.959,"13,399,060",18.419,19.1135,18.068
10/02/2019,18.399,"13,019,720",18.084,18.716,18.038
10/01/2019,18.359,"13,837,330",18.801,18.985,18.271
09/30/2019,18.755,"13,744,260",18.518,18.947,18.0096
09/27/2019,18.476,"19,938,270",19.453,19.693,18.073
09/26/2019,19.44,"12,943,200",19.699,19.936,19.134
09/25/2019,19.458,"28,047,340",19.115,19.511,18.34
09/24/2019,19.261,"25,401,060",20.5,20.5832,19.01
09/23/2019,20.292,"13,119,790",20.599,20.977,20.063
09/20/2019,20.705,"18,138,630",21.234,21.449,20.075
09/19/2019,21.038,"10,924,750",20.952,21.335,20.71
09/18/2019,20.812,"14,980,720",21.28,21.6,20.445
09/17/2019,21.325,"9,291,640",21.064,21.737,20.914
09/16/2019,21.085,"8,463,200",20.421,21.197,20.3
09/13/2019,20.749,"13,562,550",21.301,21.379,20.671
09/12/2019,21.389,"12,108,680",21.378,21.9626,21.2574
09/11/2019,21.171,"15,008,820",21.1,21.493,20.851
09/10/2019,21.006,"23,525,670",20.831,21.767,20.629
09/09/2019,21.367,"35,075,090",23.514,23.5484,20.825
09/06/2019,23.313,"9,926,730",24.394,24.548,23.269
09/05/2019,24.371,"9,308,640",24.436,24.52,23.662
09/04/2019,24.019,"9,905,220",23.975,24.369,23.813
09/03/2019,23.498,"12,814,780",24.213,24.59,23.4
08/30/2019,24.577,"7,973,610",25.18,25.246,24.0562
08/29/2019,25.007,"8,760,550",25.224,25.5,24.839
08/28/2019,24.839,"7,076,980",24.415,25.033,24.051
08/27/2019,24.611,"9,522,610",25.318,25.6034,24.266
08/26/2019,25.086,"12,081,140",25.156,25.198,24.34
08/23/2019,24.643,"14,803,470",25.88,26.565,24.514
08/22/2019,25.989,"19,039,310",25.905,26.461,25.587
08/21/2019,26.011,"16,609,450",25.475,26.458,25.2021
08/20/2019,25.012,"13,921,130",24.284,25.279,23.901
08/19/2019,24.292,"13,923,980",25.379,25.538,24.266
08/16/2019,24.862,"10,875,170",24.706,25.229,24.203
08/15/2019,24.352,"15,144,710",25.059,25.386,24.241
08/14/2019,25.039,"16,920,450",25.604,25.9,24.71
08/13/2019,26.464,"19,538,060",25.46,26.6,25.242
08/12/2019,25.508,"22,003,600",27.115,27.184,25.35
08/09/2019,27.194,"35,698,950",27.16,28.951,26.734
08/08/2019,27.367,"33,749,650",26.25,27.391,26.1
08/07/2019,25.723,"9,988,460",24.813,25.94,24.7022
08/06/2019,25.187,"12,736,840",25.513,26.05,24.55
08/05/2019,24.978,"19,901,580",25.0,25.5493,24.531
08/02/2019,26.098,"11,948,950",26.264,26.798,25.543
08/01/2019,26.464,"13,278,460",26.439,27.4341,26.228
07/31/2019,26.331,"11,907,750",26.64,27.153,26.028
07/30/2019,26.513,"13,308,450",25.684,26.9256,25.4519
07/29/2019,26.036,"28,330,910",27.9,27.921,25.701
07/26/2019,27.855,"26,298,650",25.734,27.971,25.734
07/25/2019,25.522,"12,251,120",24.801,25.7656,24.5
07/24/2019,24.838,"12,708,990",23.93,24.889,23.68
07/23/2019,24.543,"10,361,390",25.07,25.103,24.128
07/22/2019,24.903,"14,513,440",23.603,25.186,23.5315
07/19/2019,23.531,"8,240,150",24.399,24.45,23.519
07/18/2019,24.156,"20,525,860",23.97,24.25,22.862
07/17/2019,24.418,"7,256,280",24.405,24.776,24.216
07/16/2019,24.354,"6,871,280",24.801,24.9333,24.1483
07/15/2019,24.816,"8,394,400",24.458,24.968,24.216
07/12/2019,24.405,"8,475,970",24.144,24.542,23.725
07/11/2019,24.079,"5,303,360",24.15,24.303,23.839
07/10/2019,23.943,"10,758,050",24.343,24.7554,23.911
07/09/2019,24.117,"11,967,240",23.879,24.169,23.5421
07/08/2019,23.968,"10,452,580",23.57,24.214,23.46
07/05/2019,23.777,"9,276,060",23.167,23.9235,22.883
07/03/2019,23.383,"5,304,030",23.431,23.5175,22.974
07/02/2019,23.421,"13,071,530",22.909,23.438,22.58
07/01/2019,23.377,"12,174,850",23.6,23.94,22.969
06/28/2019,22.778,"47,732,920",23.45,23.45,22.6715
06/27/2019,23.145,"7,732,800",22.611,23.293,22.566
06/26/2019,22.595,"12,125,700",23.224,23.474,22.377
06/25/2019,22.688,"11,151,290",23.45,23.692,22.508
06/24/2019,23.429,"12,324,830",24.2,24.29,23.1479
06/21/2019,24.134,"16,362,920",24.905,25.0208,23.772
06/20/2019,25.109,"11,311,810",25.5,25.7995,24.73
06/19/2019,25.13,"8,148,870",24.754,25.171,24.39
06/18/2019,24.518,"10,621,640",25.257,25.55,24.45
06/17/2019,24.811,"9,853,210",24.653,25.393,24.617
06/14/2019,24.494,"11,232,100",24.364,24.688,24.076
06/13/2019,24.688,"10,808,790",24.285,24.899,24.221
06/12/2019,24.22,"25,270,720",23.74,24.579,23.165
06/11/2019,24.936,"15,234,950",25.362,25.549,24.587
06/10/2019,24.988,"18,224,110",24.936,25.713,24.748
06/07/2019,24.504,"19,437,410",23.9,25.0,23.801
06/06/2019,23.726,"19,791,610",23.3,23.8028,22.436
06/05/2019,23.23,"27,099,330",22.458,23.4,22.458
06/04/2019,22.291,"30,841,730",20.084,22.337,20.05
06/03/2019,19.742,"17,046,340",19.987,20.27,19.6
05/31/2019,19.881,"9,883,700",19.8,20.161,19.601
05/30/2019,20.189,"11,554,210",20.302,20.444,20.018
05/29/2019,20.145,"15,192,270",20.2,20.472,19.9
05/28/2019,20.209,"16,898,670",19.695,20.362,19.623
05/24/2019,19.59,"12,202,010",19.75,19.974,19.378
05/23/2019,19.529,"14,846,600",19.6,19.8,19.225
05/22/2019,19.89,"12,669,550",19.713,20.599,19.7
05/21/2019,19.903,"17,821,820",20.005,20.776,19.81
05/20/2019,19.817,"13,899,810",19.317,20.152,19.055
05/17/2019,19.802,"14,973,810",19.862,20.261,19.6045
05/16/2019,20.204,"32,751,640",20.064,20.939,19.7444
05/15/2019,19.988,"35,028,510",18.539,20.139,18.476
05/14/2019,18.526,"22,281,480",17.952,18.717,17.785
05/13/2019,17.676,"20,945,260",17.577,18.152,17.36
05/10/2019,18.351,"37,203,320",19.101,19.267,18.1815
05/09/2019,18.992,"89,635,520",21.8,21.8,18.05
05/08/2019,22.211,"16,427,920",21.624,22.578,21.55
05/07/2019,21.765,"16,900,680",22.237,22.567,21.424
05/06/2019,22.559,"17,464,550",22.5,22.963,22.061
05/03/2019,23.196,"13,169,820",22.701,23.2696,22.2644
05/02/2019,22.516,"11,006,470",22.0,22.733,22.0
05/01/2019,22.122,"10,331,940",22.289,22.564,21.9
04/30/2019,22.148,"17,166,560",21.959,22.478,21.667
04/29/2019,22.589,"15,519,490",21.73,22.638,21.65
04/26/2019,21.524,"8,479,420",21.424,21.73,21.16
04/25/2019,21.475,"10,255,660",21.003,21.688,20.818
04/24/2019,20.779,"7,250,050",21.224,21.382,20.67
04/23/2019,21.073,"9,857,420",21.24,21.5,20.5626
04/22/2019,21.103,"14,975,440",19.825,21.2,19.7
04/18/2019,19.874,"7,252,780",19.818,19.991,19.433
04/17/2019,19.879,"7,801,920",20.47,20.5569,19.7
04/16/2019,20.326,"10,124,150",20.374,20.814,20.124
04/15/2019,20.216,"7,158,120",19.928,20.269,19.588
04/12/2019,20.05,"8,902,990",20.26,20.584,19.995
04/11/2019,20.036,"6,937,610",20.121,20.354,19.966
04/10/2019,19.988,"16,544,410",19.497,20.442,19.482
04/09/2019,19.482,"7,569,580",19.647,19.963,19.452
04/08/2019,19.75,"10,024,380",19.553,19.763,19.121
04/05/2019,19.652,"10,068,300",19.998,20.0,19.34
04/04/2019,19.8,"17,031,820",20.7,20.8093,19.285
04/03/2019,20.721,"13,630,310",20.85,20.969,20.323
04/02/2019,20.684,"11,319,890",20.6,20.748,20.2681
04/01/2019,20.613,"21,392,610",20.156,20.6239,19.704
03/29/2019,19.795,"22,977,200",18.911,19.937,18.84
03/28/2019,18.651,"20,684,180",18.06,18.99,18.01
03/27/2019,18.038,"23,225,050",18.771,18.964,17.83
03/26/2019,18.694,"31,560,500",20.153,20.25,18.428
03/25/2019,19.704,"16,796,160",20.15,20.445,19.627
03/22/2019,20.291,"14,956,000",21.265,21.4699,20.1227
03/21/2019,21.357,"11,247,470",20.447,21.448,20.4397
03/20/2019,20.596,"8,400,800",20.545,20.819,20.1211
03/19/2019,20.567,"7,221,490",20.439,20.735,20.175
03/18/2019,20.375,"16,519,810",20.8,20.974,20.086
03/15/2019,20.7,"11,662,470",20.857,21.1871,20.646
03/14/2019,20.823,"9,767,490",20.52,20.986,20.273
03/13/2019,20.519,"12,137,580",20.85,20.923,20.295
03/12/2019,20.78,"12,661,450",20.538,20.8582,20.159
03/11/2019,20.438,"23,241,620",19.487,20.636,19.435
03/08/2019,19.435,"16,809,870",18.513,19.476,18.0501
03/07/2019,18.88,"13,870,660",18.587,19.189,18.4737
03/06/2019,18.635,"13,108,590",19.04,19.05,18.4205
03/05/2019,19.123,"9,886,370",18.795,19.211,18.6241
03/04/2019,18.938,"21,645,590",19.687,19.771,18.2671
03/01/2019,19.512,"15,741,420",19.916,20.147,19.351
02/28/2019,19.754,"14,998,090",19.4,19.895,19.2534
02/27/2019,19.5,"12,362,150",19.467,19.96,19.467
02/26/2019,19.55,"18,425,740",19.5,19.782,19.164
02/25/2019,19.762,"31,843,110",19.358,20.23,19.247
02/22/2019,19.773,"79,654,090",17.5,20.015,17.35
02/21/2019,15.049,"22,429,760",15.009,15.32,14.836
02/20/2019,15.009,"41,750,690",15.675,15.679,14.551
02/19/2019,16.17,"21,388,390",15.9,16.57,15.652
02/15/2019,15.812,"12,754,090",15.5,15.827,15.311
02/14/2019,15.343,"9,660,210",14.999,15.4935,14.999
02/13/2019,15.134,"10,599,610",15.49,15.658,14.757
02/12/2019,15.298,"8,410,480",15.1,15.351,15.016
02/11/2019,14.89,"8,303,400",14.801,15.0,14.516
02/08/2019,14.618,"8,589,110",13.95,14.691,13.878
02/07/2019,14.204,"13,412,430",14.54,14.54,13.8582
02/06/2019,14.75,"17,378,560",15.5,15.597,14.618
02/05/2019,15.516,"12,197,370",15.314,15.75,15.299
02/04/2019,15.167,"15,935,590",14.6,15.515,14.567
02/01/2019,14.526,"7,555,740",14.247,14.6,14.2159
01/31/2019,14.268,"10,213,860",14.005,14.578,14.005
01/30/2019,14.005,"8,158,050",13.7,14.179,13.5395
01/29/2019,13.456,"5,474,850",13.571,13.698,13.2965
01/28/2019,13.569,"6,091,800",13.619,13.658,13.353
01/25/2019,13.778,"7,551,600",13.65,13.991,13.626
01/24/2019,13.504,"5,447,860",13.435,13.574,13.206
01/23/2019,13.384,"7,155,980",13.529,13.7787,13.201
01/22/2019,13.402,"9,784,340",13.794,13.82,13.256
01/18/2019,13.899,"10,911,170",13.45,13.9349,13.381
01/17/2019,13.318,"6,575,870",12.964,13.476,12.8
01/16/2019,13.051,"6,300,190",13.135,13.428,13.041
01/15/2019,13.041,"8,952,380",12.891,13.34,12.8
01/14/2019,12.849,"7,785,450",12.527,12.991,12.4
01/11/2019,12.73,"7,973,220",12.886,13.047,12.635
01/10/2019,12.967,"9,204,720",12.7,13.19,12.555
01/09/2019,12.88,"8,543,240",12.893,12.994,12.515
01/08/2019,12.805,"9,495,720",12.724,12.846,12.161
01/07/2019,12.457,"10,813,430",11.991,12.6284,11.866
01/04/2019,11.792,"11,438,080",11.327,12.063,11.055
01/03/2019,10.956,"7,724,080",11.325,11.621,10.938
01/02/2019,11.616,"8,342,900",11.186,11.767,11.106
12/31/2018,11.606,"6,840,870",11.609,11.698,11.314
12/28/2018,11.445,"8,423,790",11.512,11.7,11.143
12/27/2018,11.396,"12,034,770",10.9,11.398,10.63
12/26/2018,11.081,"16,934,640",10.644,11.101,10.318
12/24/2018,10.439,"10,348,590",10.368,10.875,10.2351
12/21/2018,10.655,"22,258,330",11.735,11.751,10.612
12/20/2018,11.709,"15,190,760",12.018,12.324,11.026
12/19/2018,12.155,"11,417,890",12.422,12.733,11.8551
12/18/2018,12.382,"12,722,250",12.627,12.7485,12.038
12/17/2018,12.448,"17,136,580",13.565,13.6613,12.2774
12/14/2018,13.653,"10,192,780",13.707,14.324,13.62
12/13/2018,13.9,"9,518,920",14.415,14.5139,13.7885
12/12/2018,14.34,"11,781,700",14.117,14.8,14.08
12/11/2018,13.781,"8,362,380",13.959,13.988,13.417
12/10/2018,13.475,"10,630,700",13.357,13.8495,12.959
12/07/2018,13.357,"15,000,940",14.217,14.599,13.2295
12/06/2018,14.187,"21,709,070",13.39,14.198,12.8116
12/04/2018,14.011,"15,115,130",14.625,14.899,13.83
12/03/2018,14.861,"13,721,930",14.801,14.8996,14.155
11/30/2018,14.245,"9,911,570",14.002,14.3015,13.861
11/29/2018,14.081,"15,470,410",13.4395,14.347,13.4395
11/28/2018,13.566,"16,123,260",13.186,13.594,12.811
11/27/2018,12.943,"10,399,440",12.717,12.947,12.506
11/26/2018,12.94,"16,511,880",12.299,13.0961,11.916
11/23/2018,11.935,"3,587,740",11.649,12.0617,11.6
11/21/2018,11.853,"7,632,220",11.5625,11.976,11.312
11/20/2018,11.327,"12,578,520",10.55,11.603,10.534
11/19/2018,11.373,"17,457,640",12.385,12.4021,11.189
11/16/2018,12.523,"13,433,940",12.056,12.733,11.951
11/15/2018,12.334,"12,859,780",11.556,12.388,11.43
11/14/2018,11.651,"22,369,830",11.488,11.915,11.303
11/13/2018,11.206,"20,349,020",11.15,11.38,10.5525
11/12/2018,11.093,"28,830,390",12.123,12.1484,10.648
11/09/2018,12.257,"59,323,380",11.132,13.096,11.02
11/08/2018,12.22,"26,965,540",13.166,13.187,12.104
11/07/2018,13.188,"18,002,940",12.441,13.27,12.331
11/06/2018,12.211,"6,323,260",12.221,12.569,12.031
11/05/2018,12.3,"12,918,750",12.743,12.82,12.0022
11/02/2018,12.795,"9,462,950",12.732,12.943,12.507
11/01/2018,12.66,"7,712,280",12.479,12.725,12.121
10/31/2018,12.355,"14,916,040",11.912,12.575,11.7521
10/30/2018,11.528,"12,660,210",10.709,11.549,10.5025
10/29/2018,10.912,"12,287,770",11.288,11.468,10.622
10/26/2018,11.031,"15,620,390",11.3,11.408,10.6584
10/25/2018,11.624,"11,737,980",11.56,11.863,11.3577
10/24/2018,11.38,"14,142,350",12.218,12.5,11.343
10/23/2018,12.275,"8,715,680",12.043,12.459,11.928
10/22/2018,12.44,"7,501,150",12.21,12.535,12.0727
10/19/2018,12.13,"9,593,180",12.512,12.647,12.02
10/18/2018,12.472,"8,950,870",12.682,12.823,12.313
10/17/2018,12.828,"9,477,420",13.05,13.2,12.552
10/16/2018,12.989,"11,488,020",12.66,13.0218,12.493
10/15/2018,12.387,"12,256,350",12.257,12.565,12.092
10/12/2018,12.306,"19,976,450",12.375,12.824,11.936
10/11/2018,11.773,"17,237,390",11.8,12.437,11.605
10/10/2018,11.865,"19,662,430",12.8,12.816,11.855
10/09/2018,12.892,"9,018,990",13.32,13.595,12.875
10/08/2018,13.19,"11,705,180",13.162,13.6,12.811
10/05/2018,13.34,"8,917,190",13.479,13.8778,13.112
10/04/2018,13.623,"8,298,570",13.752,13.81,13.273
10/03/2018,13.885,"19,084,950",13.7,14.054,13.424
10/02/2018,13.337,"24,171,570",14.151,14.182,13.026
10/01/2018,14.352,"16,723,690",15.151,15.276,14.2195
09/28/2018,15.091,"9,502,150",15.405,15.571,15.04
09/27/2018,15.492,"11,824,330",15.807,16.15,15.3
09/26/2018,15.575,"14,785,010",15.321,15.884,15.028
09/25/2018,15.468,"22,344,740",14.302,15.589,14.216
09/24/2018,13.934,"9,247,210",14.062,14.258,13.565
09/21/2018,14.186,"12,223,880",14.381,14.423,14.073
09/20/2018,14.323,"7,968,870",14.222,14.509,14.145
09/19/2018,14.485,"5,989,730",14.53,14.617,14.176
09/18/2018,14.473,"6,044,280",14.24,14.648,14.226
09/17/2018,14.265,"6,179,570",14.587,14.82,14.212
09/14/2018,14.609,"5,634,340",14.58,14.801,14.436
09/13/2018,14.562,"7,990,190",14.7,15.176,14.4661
09/12/2018,14.584,"8,970,520",14.9,14.9,14.057
09/11/2018,14.772,"8,715,560",14.156,14.9016,14.1
09/10/2018,14.244,"7,164,300",14.355,14.545,14.01
09/07/2018,14.197,"8,018,520",13.785,14.646,13.627
09/06/2018,13.925,"9,138,370",14.214,14.3,13.668
09/05/2018,14.189,"14,977,020",14.639,14.7495,13.45
09/04/2018,14.669,"10,685,900",14.187,14.742,14.1171
08/31/2018,14.188,"5,060,820",13.959,14.237,13.951
08/30/2018,14.078,"5,233,450",14.17,14.298,13.981
08/29/2018,14.166,"5,501,430",14.0,14.347,13.9563
08/28/2018,14.009,"5,428,400",14.08,14.209,13.726
08/27/2018,13.972,"7,546,900",14.005,14.215,13.905
08/24/2018,13.835,"11,615,170",13.775,14.079,13.573
08/23/2018,13.67,"14,741,840",12.96,13.683,12.96
08/22/2018,12.968,"7,535,280",12.903,13.0959,12.772
08/21/2018,12.903,"10,147,270",12.604,13.021,12.44
08/20/2018,12.536,"6,463,030",12.66,12.725,12.386
08/17/2018,12.561,"7,982,310",12.712,12.8,12.454
08/16/2018,12.724,"9,594,100",12.875,13.0841,12.574
08/15/2018,12.669,"17,889,940",13.299,13.384,12.3204
08/14/2018,13.3,"23,226,180",12.65,13.346,12.533
08/13/2018,12.569,"26,758,940",12.801,12.97,12.35
08/10/2018,12.793,"103,598,100",11.55,13.084,11.227
08/09/2018,9.329,"18,853,930",9.15,9.484,9.15
08/08/2018,9.137,"7,284,220",9.03,9.215,8.951
08/07/2018,9.013,"5,966,160",9.031,9.154,8.863
08/06/2018,8.914,"4,160,310",8.7,8.9364,8.5763
08/03/2018,8.687,"5,956,360",8.85,8.9282,8.589
08/02/2018,8.849,"5,098,010",8.62,8.918,8.5723
08/01/2018,8.684,"8,747,750",8.412,8.817,8.412
07/31/2018,8.432,"9,191,000",8.6,8.765,8.366
07/30/2018,8.596,"9,194,800",9.0,9.03,8.413
07/27/2018,8.95,"9,956,180",9.334,9.387,8.734
07/26/2018,9.279,"4,455,040",9.2,9.438,9.023
07/25/2018,9.314,"5,945,240",9.062,9.474,9.041
07/24/2018,9.025,"11,747,340",9.602,9.7,8.752
07/23/2018,9.488,"7,590,300",9.75,9.7824,9.353
07/20/2018,9.73,"9,476,030",9.472,9.787,9.472
07/19/2018,9.47,"3,278,270",9.504,9.564,9.354
07/18/2018,9.518,"3,860,190",9.498,9.536,9.3721
07/17/2018,9.49,"7,248,780",9.3,9.52,9.214
07/16/2018,9.333,"5,430,900",9.421,9.446,9.24
07/13/2018,9.414,"2,888,220",9.495,9.5,9.2915
07/12/2018,9.483,"5,097,000",9.235,9.495,9.114
07/11/2018,9.164,"5,412,660",9.178,9.339,9.092
07/10/2018,9.269,"5,232,160",9.44,9.596,9.16
07/09/2018,9.455,"5,474,260",9.392,9.471,9.282
07/06/2018,9.4,"6,050,600",9.25,9.481,9.1961
07/05/2018,9.277,"6,319,790",9.2,9.307,9.1154
07/03/2018,9.1,"4,580,380",9.485,9.5087,9.08
07/02/2018,9.42,"7,264,200",9.254,9.435,9.206
06/29/2018,9.38,"7,148,350",9.289,9.464,9.2024
06/28/2018,9.221,"6,205,930",8.923,9.308,8.901
06/27/2018,8.958,"6,589,670",9.201,9.333,8.95
06/26/2018,9.165,"7,473,300",8.938,9.219,8.8426
06/25/2018,8.934,"14,690,980",9.051,9.149,8.47
06/22/2018,9.206,"16,052,330",9.259,9.265,8.976
06/21/2018,9.154,"7,652,780",9.414,9.4355,9.05
06/20/2018,9.336,"6,414,030",9.176,9.449,9.176
06/19/2018,9.149,"11,344,170",9.189,9.291,8.651
06/18/2018,9.292,"10,209,760",8.994,9.3,8.929
06/15/2018,9.012,"9,101,290",9.007,9.038,8.812
06/14/2018,9.053,"12,582,470",9.233,9.29,8.85
06/13/2018,9.006,"9,004,950",9.19,9.253,8.9135
06/12/2018,9.077,"11,543,400",8.841,9.18,8.8201
06/11/2018,8.882,"7,165,360",8.858,8.975,8.6881
06/08/2018,8.862,"7,559,090",8.683,8.954,8.672
06/07/2018,8.655,"7,253,470",8.672,8.705,8.415
06/06/2018,8.627,"8,419,900",8.864,8.894,8.618
06/05/2018,8.793,"15,434,220",8.322,8.836,8.322
06/04/2018,8.32,"23,857,510",8.5,8.573,8.009
06/01/2018,8.664,"31,259,560",8.604,9.137,8.51
05/31/2018,8.553,"6,881,640",8.481,8.572,8.418
05/30/2018,8.454,"9,643,680",8.325,8.541,8.28
05/29/2018,8.273,"8,018,180",8.207,8.32,8.182
05/25/2018,8.256,"7,234,160",8.292,8.487,8.212
05/24/2018,8.299,"5,829,520",8.271,8.395,8.1844
05/23/2018,8.296,"7,699,230",8.21,8.371,8.176
05/22/2018,8.223,"15,087,390",8.3,8.509,8.175
05/21/2018,8.296,"22,077,680",8.575,8.78,8.178
05/18/2018,8.563,"28,713,540",8.065,8.581,8.063
05/17/2018,8.044,"17,573,180",8.012,8.3069,8.0083
05/16/2018,8.075,"28,282,690",7.939,8.337,7.939
05/15/2018,8.022,"45,776,500",7.373,8.097,7.3718
05/14/2018,7.492,"41,203,960",7.551,7.7429,7.25
05/11/2018,7.561,"127,489,100",6.775,7.58,6.731
05/10/2018,5.273,"27,284,050",5.257,5.462,5.237
05/09/2018,5.152,"9,491,620",5.125,5.176,4.991
05/08/2018,5.094,"5,760,970",5.052,5.16,4.995
05/07/2018,5.089,"7,346,030",4.986,5.147,4.9655
05/04/2018,4.943,"6,859,160",4.944,4.983,4.8808
05/03/2018,4.944,"6,924,950",4.906,4.959,4.761
05/02/2018,4.934,"8,745,050",5.075,5.2491,4.93
05/01/2018,4.945,"9,780,590",5.121,5.132,4.9345
04/30/2018,5.117,"5,773,480",5.17,5.1913,5.091
04/27/2018,5.174,"3,523,060",5.26,5.288,5.1515
04/26/2018,5.211,"4,744,070",5.152,5.278,5.135
04/25/2018,5.101,"6,749,530",5.268,5.278,5.046
04/24/2018,5.25,"4,954,490",5.416,5.416,5.152
04/23/2018,5.372,"2,967,460",5.441,5.443,5.339
04/20/2018,5.413,"3,485,200",5.38,5.443,5.3615
04/19/2018,5.398,"3,561,000",5.359,5.423,5.308
04/18/2018,5.405,"4,357,460",5.413,5.448,5.318
04/17/2018,5.421,"6,930,920",5.299,5.501,5.287
04/16/2018,5.256,"6,274,850",5.264,5.2999,5.205
04/13/2018,5.229,"8,528,060",5.249,5.3,5.162
04/12/2018,5.209,"5,353,390",5.116,5.231,5.09
04/11/2018,5.086,"6,668,930",4.92,5.126,4.911
04/10/2018,4.974,"5,394,880",4.877,5.006,4.813
04/09/2018,4.794,"5,815,540",4.82,4.926,4.77
04/06/2018,4.768,"5,129,710",4.855,4.941,4.716
04/05/2018,4.899,"14,057,560",4.924,5.049,4.89
04/04/2018,4.79,"7,717,610",4.652,4.817,4.5772
04/03/2018,4.746,"7,597,460",4.828,4.871,4.695
04/02/2018,4.801,"8,607,600",4.896,4.962,4.728
03/29/2018,4.962,"23,560,570",5.11,5.15,4.731
03/28/2018,5.096,"11,179,570",5.207,5.251,5.036
03/27/2018,5.224,"10,109,990",5.558,5.623,5.162
03/26/2018,5.522,"5,918,820",5.425,5.533,5.409
03/23/2018,5.334,"6,556,130",5.465,5.525,5.33
03/22/2018,5.452,"6,326,800",5.564,5.669,5.448
03/21/2018,5.651,"4,904,890",5.673,5.745,5.565
03/20/2018,5.7,"7,379,610",5.56,5.727,5.553
03/19/2018,5.56,"9,623,650",5.766,5.826,5.501
03/16/2018,5.791,"7,680,540",5.828,5.858,5.732
03/15/2018,5.839,"5,578,250",5.9,5.93,5.781
03/14/2018,5.857,"8,231,210",5.801,5.99,5.773
03/13/2018,5.795,"5,558,700",5.99,5.99,5.77
03/12/2018,5.953,"4,979,520",5.9,5.991,5.867
03/09/2018,5.886,"5,560,170",5.849,5.911,5.81
03/08/2018,5.792,"6,295,780",5.927,5.99,5.761
03/07/2018,5.869,"5,948,930",5.701,5.912,5.7
03/06/2018,5.799,"6,220,360",5.816,5.895,5.713
03/05/2018,5.824,"10,526,000",5.692,5.88,5.665
03/02/2018,5.691,"13,657,840",5.4,5.711,5.315
03/01/2018,5.432,"12,202,440",5.582,5.6451,5.323
02/28/2018,5.626,"10,045,910",5.577,5.6944,5.505
02/27/2018,5.556,"11,968,970",5.687,5.758,5.5545
02/26/2018,5.737,"21,586,710",5.99,6.093,5.638
02/23/2018,5.994,"62,273,620",5.475,6.019,5.4691
02/22/2018,4.84,"18,398,550",4.997,5.094,4.8
02/21/2018,4.981,"9,969,240",5.026,5.174,4.964
02/20/2018,5.02,"9,643,830",4.8,5.039,4.8
02/16/2018,4.841,"4,950,110",4.818,4.911,4.771
02/15/2018,4.831,"5,518,180",4.739,4.844,4.692
02/14/2018,4.721,"11,443,870",4.498,4.7905,4.436
02/13/2018,4.522,"7,144,220",4.376,4.536,4.362
02/12/2018,4.388,"7,758,330",4.385,4.433,4.209
02/09/2018,4.28,"9,703,490",4.364,4.417,4.07
02/08/2018,4.334,"5,830,570",4.451,4.499,4.303
02/07/2018,4.42,"11,539,040",4.52,4.5612,4.417
02/06/2018,4.547,"11,595,540",4.404,4.593,4.355
02/05/2018,4.51,"8,308,290",4.584,4.696,4.5
02/02/2018,4.676,"16,992,940",4.597,4.7365,4.522
02/01/2018,4.583,"23,677,140",4.786,4.8185,4.343
01/31/2018,4.848,"7,752,390",4.911,4.9365,4.762
01/30/2018,4.869,"7,172,470",4.959,5.0,4.847
01/29/2018,5.055,"6,138,560",5.144,5.149,4.95
01/26/2018,5.124,"8,970,330",4.983,5.1949,4.955
01/25/2018,4.948,"4,757,230",4.916,4.979,4.871
01/24/2018,4.88,"8,769,600",4.975,5.047,4.817
01/23/2018,4.94,"5,765,190",4.877,4.979,4.8019
01/22/2018,4.865,"7,145,130",4.757,4.889,4.692
01/19/2018,4.736,"14,904,700",4.918,4.9869,4.69
01/18/2018,4.836,"8,641,360",4.95,5.025,4.825
01/17/2018,4.948,"5,171,650",4.877,4.966,4.845
01/16/2018,4.833,"9,059,370",4.965,5.0,4.818
01/12/2018,4.913,"8,488,380",4.899,4.999,4.812
01/11/2018,4.896,"8,776,070",4.819,4.982,4.739
01/10/2018,4.79,"5,735,190",4.767,4.8459,4.673
01/09/2018,4.742,"4,434,540",4.801,4.875,4.729
01/08/2018,4.787,"5,731,690",4.85,4.878,4.719
01/05/2018,4.835,"5,840,800",4.81,4.889,4.75
01/04/2018,4.765,"5,647,320",4.843,4.859,4.7152
01/03/2018,4.791,"8,216,040",4.641,4.866,4.59
01/02/2018,4.641,"6,901,450",4.569,4.671,4.545
12/29/2017,4.573,"7,742,720",4.627,4.65,4.558
12/28/2017,4.642,"5,951,670",4.695,4.714,4.607
12/27/2017,4.701,"5,701,920",4.63,4.7639,4.602
12/26/2017,4.648,"3,909,750",4.621,4.649,4.529
12/22/2017,4.622,"8,865,510",4.639,4.719,4.557
12/21/2017,4.616,"18,370,010",4.986,4.986,4.599
12/20/2017,4.959,"5,594,510",4.979,5.09,4.918
12/19/2017,4.894,"5,479,570",4.975,5.038,4.836
12/18/2017,4.98,"8,037,560",4.967,5.032,4.908
12/15/2017,4.925,"8,941,900",4.907,4.991,4.835
12/14/2017,4.897,"8,875,660",4.905,4.949,4.793
12/13/2017,4.9,"8,868,030",4.7,4.9098,4.686
12/12/2017,4.686,"8,461,990",4.815,4.907,4.679
12/11/2017,4.83,"15,727,950",4.699,4.929,4.682
12/08/2017,4.525,"8,911,510",4.563,4.645,4.4817
12/07/2017,4.534,"11,772,260",4.405,4.553,4.38
12/06/2017,4.418,"10,603,660",4.474,4.499,4.344
12/05/2017,4.507,"9,567,710",4.5,4.65,4.481
12/04/2017,4.525,"16,977,990",4.858,4.9,4.496
12/01/2017,4.8,"7,938,860",4.839,4.9419,4.641
11/30/2017,4.914,"10,837,250",4.834,4.924,4.7628
11/29/2017,4.841,"11,449,720",4.964,5.0,4.681
11/28/2017,5.014,"8,932,840",4.991,5.036,4.8563
11/27/2017,4.989,"8,797,400",5.115,5.126,4.975
11/24/2017,5.119,"3,777,050",5.107,5.151,5.021
11/22/2017,5.112,"7,244,020",5.211,5.231,5.101
11/21/2017,5.192,"10,035,990",5.075,5.22,5.048
11/20/2017,5.04,"10,572,190",5.02,5.105,4.982
11/17/2017,5.001,"10,871,520",4.916,5.033,4.889
11/16/2017,4.89,"15,546,630",4.85,5.014,4.8057
11/15/2017,4.824,"18,244,840",4.607,4.825,4.513
11/14/2017,4.705,"20,648,110",4.821,4.9309,4.632
11/13/2017,4.8405,"49,069,440",5.107,5.137,4.684
11/10/2017,5.0995,"98,397,090",5.135,5.347,4.9251
11/09/2017,5.928,"24,198,210",6.05,6.102,5.6865
11/08/2017,6.165,"16,550,890",6.44,6.477,6.017
11/07/2017,6.466,"6,599,390",6.538,6.566,6.405
11/06/2017,6.538,"7,463,260",6.518,6.558,6.4
11/03/2017,6.462,"7,704,830",6.428,6.491,6.281
11/02/2017,6.406,"5,900,490",6.476,6.476,6.298
11/01/2017,6.507,"7,140,050",6.634,6.666,6.338
10/31/2017,6.592,"6,416,750",6.464,6.678,6.42
10/30/2017,6.42,"3,796,460",6.44,6.48,6.291
10/27/2017,6.397,"5,079,470",6.301,6.413,6.236
10/26/2017,6.268,"4,898,800",6.309,6.448,6.211
10/25/2017,6.257,"5,028,210",6.342,6.478,6.169
10/24/2017,6.331,"5,171,400",6.435,6.435,6.3111
10/23/2017,6.346,"6,568,050",6.476,6.48,6.332
10/20/2017,6.362,"9,788,320",6.391,6.464,6.266
10/19/2017,6.324,"5,763,930",6.3,6.336,6.151
10/18/2017,6.407,"3,613,140",6.317,6.441,6.31
10/17/2017,6.389,"4,933,760",6.429,6.49,6.332
10/16/2017,6.453,"10,557,650",6.682,6.6889,6.302
10/13/2017,6.651,"6,349,660",6.65,6.73,6.554
10/12/2017,6.531,"6,755,770",6.485,6.648,6.426
10/11/2017,6.486,"3,970,520",6.41,6.525,6.376
10/10/2017,6.412,"4,883,390",6.451,6.521,6.396
10/09/2017,6.418,"10,483,110",6.5,6.642,6.418
10/06/2017,6.428,"16,122,850",6.035,6.524,6.003
10/05/2017,6.096,"9,310,250",6.061,6.117,5.857
10/04/2017,6.014,"7,889,780",6.038,6.192,5.91
10/03/2017,6.053,"8,539,170",5.999,6.054,5.92
10/02/2017,5.956,"7,307,770",6.201,6.2396,5.942
09/29/2017,6.151,"11,337,410",5.832,6.172,5.832
09/28/2017,5.832,"4,185,350",5.73,5.877,5.6901
09/27/2017,5.779,"6,633,710",5.644,5.863,5.625
09/26/2017,5.601,"8,062,110",5.696,5.82,5.5666
09/25/2017,5.636,"10,783,570",5.973,5.98,5.561
09/22/2017,5.98,"4,949,300",5.892,6.0145,5.876
09/21/2017,5.954,"9,256,000",6.002,6.17,5.831
09/20/2017,5.981,"14,435,420",6.203,6.2675,5.85
09/19/2017,6.172,"12,144,640",6.014,6.204,5.976
09/18/2017,6.009,"6,441,020",6.039,6.118,5.936
09/15/2017,5.988,"13,281,720",5.97,6.0798,5.914
09/14/2017,5.97,"8,138,560",5.999,6.0589,5.901
09/13/2017,6.012,"8,652,100",6.176,6.255,5.995
09/12/2017,6.168,"13,369,540",6.19,6.286,6.01
09/11/2017,6.057,"16,828,620",5.695,6.089,5.535
09/08/2017,5.623,"13,718,900",5.706,5.92,5.579
09/07/2017,5.708,"10,837,470",5.499,5.757,5.4865
09/06/2017,5.485,"8,430,880",5.357,5.498,5.357
09/05/2017,5.351,"7,769,720",5.315,5.363,5.16
09/01/2017,5.369,"7,912,130",5.306,5.439,5.26
08/31/2017,5.297,"4,783,320",5.333,5.398,5.2554
08/30/2017,5.3,"6,089,850",5.176,5.333,5.175
08/29/2017,5.175,"7,564,770",5.05,5.219,5.05
08/28/2017,5.14,"5,854,110",5.129,5.158,5.024
08/25/2017,5.104,"10,545,170",5.138,5.168,5.0303
08/24/2017,5.1,"8,853,080",5.049,5.188,5.006
08/23/2017,4.999,"4,566,410",4.937,5.022,4.925
08/22/2017,5.028,"7,365,320",5.003,5.063,4.902
08/21/2017,5.002,"8,080,440",4.931,5.02,4.803
08/18/2017,4.951,"13,719,480",4.837,5.026,4.649
08/17/2017,4.837,"17,603,930",5.03,5.19,4.769
08/16/2017,5.057,"11,839,290",5.072,5.173,5.012
08/15/2017,5.102,"20,134,960",5.345,5.375,4.98
08/14/2017,5.364,"17,173,660",5.55,5.628,5.235
08/11/2017,5.445,"39,011,540",5.556,5.658,5.055
08/10/2017,5.006,"22,130,450",5.407,5.444,4.93
08/09/2017,5.399,"9,337,650",5.415,5.483,5.3304
08/08/2017,5.452,"8,595,300",5.57,5.66,5.4219
08/07/2017,5.551,"8,585,510",5.386,5.682,5.331
08/04/2017,5.339,"4,006,860",5.445,5.472,5.326
08/03/2017,5.448,"4,967,350",5.283,5.5137,5.2698
08/02/2017,5.301,"4,132,580",5.373,5.437,5.253
08/01/2017,5.342,"5,154,970",5.349,5.3889,5.275
07/31/2017,5.331,"4,881,170",5.433,5.487,5.2445
07/28/2017,5.341,"7,193,470",5.279,5.39,5.22
07/27/2017,5.31,"17,629,260",5.557,5.787,5.11
07/26/2017,5.497,"7,618,500",5.6,5.67,5.458
07/25/2017,5.568,"19,291,670",5.387,5.707,5.341
07/24/2017,5.411,"8,469,280",5.203,5.45,5.201
07/21/2017,5.233,"12,478,700",5.47,5.499,5.19
07/20/2017,5.452,"12,070,060",5.5,5.575,5.326
07/19/2017,5.469,"23,348,840",5.01,5.536,5.005
07/18/2017,4.989,"5,465,570",5.018,5.039,4.928
07/17/2017,5.039,"4,646,570",5.14,5.14,5.006
07/14/2017,5.101,"6,168,920",5.051,5.146,5.029
07/13/2017,5.08,"6,127,770",5.179,5.2,5.065
07/12/2017,5.151,"8,039,660",5.194,5.28,5.145
07/11/2017,5.117,"8,952,280",5.015,5.2605,4.992
07/10/2017,5.015,"4,075,690",5.007,5.064,4.961
07/07/2017,4.99,"6,094,940",4.881,5.05,4.822
07/06/2017,4.864,"8,155,010",4.914,5.0339,4.835
07/05/2017,4.988,"4,518,890",5.009,5.066,4.8874
07/03/2017,4.972,"5,468,710",5.063,5.063,4.809
06/30/2017,5.011,"3,994,200",5.09,5.1252,5.007
06/29/2017,5.084,"6,362,100",5.228,5.228,5.007
06/28/2017,5.254,"8,284,180",5.051,5.274,5.012
06/27/2017,5.051,"7,342,260",5.275,5.31,5.008
06/26/2017,5.308,"7,457,740",5.46,5.5082,5.199
06/23/2017,5.421,"21,421,140",5.2,5.43,5.181
06/22/2017,5.185,"9,506,610",5.251,5.2719,5.13
06/21/2017,5.235,"7,673,000",5.092,5.25,5.089
06/20/2017,5.089,"9,162,900",5.229,5.229,5.0
06/19/2017,5.207,"12,542,120",5.122,5.225,5.02
06/16/2017,4.993,"16,125,210",4.87,5.039,4.8405
06/15/2017,4.865,"14,370,830",4.912,4.976,4.734
06/14/2017,4.924,"8,391,160",5.04,5.1,4.882
06/13/2017,5.015,"9,601,440",5.138,5.2,4.928
06/12/2017,5.005,"13,166,650",5.101,5.124,4.906
06/09/2017,5.136,"20,553,660",5.555,5.6459,5.069
06/08/2017,5.544,"7,995,260",5.523,5.586,5.388
06/07/2017,5.438,"8,478,380",5.561,5.655,5.362
06/06/2017,5.584,"8,109,020",5.539,5.681,5.471
06/05/2017,5.569,"8,343,240",5.729,5.757,5.544
06/02/2017,5.696,"13,781,850",5.504,5.7395,5.431
06/01/2017,5.496,"14,302,610",5.593,5.648,5.345
05/31/2017,5.5,"18,684,130",5.399,5.539,5.225
05/30/2017,5.349,"18,261,340",5.272,5.517,5.1315
05/26/2017,5.224,"8,964,140",5.219,5.328,5.152
05/25/2017,5.199,"16,976,210",5.204,5.305,5.137
05/24/2017,5.15,"44,293,320",5.277,5.347,5.15
05/23/2017,5.348,"12,429,040",5.275,5.438,5.09
05/22/2017,5.251,"13,187,650",4.9,5.3147,4.877
