date,close,volume,open,high,low
05/15/2026,46.37,"23,356,620",47.48,47.49,46.3425
05/14/2026,47.06,"16,585,110",47.46,47.5,46.91
05/13/2026,47.21,"21,212,810",47.89,48.275,47.165
05/12/2026,47.93,"18,131,940",47.7,48.175,47.27
05/11/2026,47.23,"18,560,050",47.5,47.99,46.97
05/08/2026,47.22,"16,349,780",47.21,47.46,46.95
05/07/2026,47.09,"18,839,580",47.23,47.65,47.06
05/06/2026,47.44,"19,336,360",47.165,47.605,46.905
05/05/2026,47.34,"15,148,080",47.54,47.79,47.2
05/04/2026,47.57,"18,080,070",47.82,47.88,47.325
05/01/2026,48.11,"24,123,030",48.285,48.49,47.81
04/30/2026,48.03,"34,708,760",46.86,48.05,46.83
04/29/2026,46.61,"24,195,680",47.18,47.53,46.255
04/28/2026,47.24,"28,369,820",47.99,48.18,46.6
04/27/2026,47.1,"37,920,060",47.425,48.65,46.74
04/24/2026,46.38,"26,602,330",47.06,47.34,46.375
04/23/2026,47.22,"22,750,190",46.48,47.52,46.3
04/22/2026,45.98,"22,129,520",45.88,46.15,45.165
04/21/2026,46.27,"28,978,420",46.52,47.015,46.13
04/20/2026,46.44,"16,608,140",46.59,46.97,46.26
04/17/2026,46.55,"20,004,740",46.11,46.89,46.083
04/16/2026,46.78,"26,004,140",45.23,46.86,45.04
04/15/2026,45.03,"26,230,280",45.33,45.385,44.93
04/14/2026,45.48,"31,187,380",44.77,45.48,44.27
04/13/2026,45.42,"32,920,880",46.09,46.09,45.04
04/10/2026,46.04,"25,248,610",47.09,47.1,45.945
04/09/2026,47.78,"29,376,860",47.81,48.17,47.255
04/08/2026,48.04,"34,143,160",47.88,48.16,47.12
04/07/2026,48.62,"21,945,900",49.1,49.23,48.53
04/06/2026,49.15,"17,542,710",49.4,49.73,49.03
04/02/2026,49.4,"22,737,820",49.81,49.9,49.28
04/01/2026,49.39,"28,398,950",50.07,50.17,49.17
03/31/2026,50.2,"30,514,920",50.545,50.545,49.74
03/30/2026,50.3,"23,797,570",50.87,50.92,50.15
03/27/2026,50.31,"26,273,380",51.0,51.45,50.28
03/26/2026,50.74,"24,423,280",50.57,51.245,50.425
03/25/2026,50.37,"21,920,210",50.65,50.83,50.285
03/24/2026,50.91,"20,264,600",50.55,51.68,50.48
03/23/2026,50.58,"26,390,330",50.035,50.75,49.62
03/20/2026,49.98,"67,321,760",49.74,50.455,49.49
03/19/2026,49.48,"31,234,720",49.59,50.29,48.91
03/18/2026,49.59,"32,972,510",50.365,50.48,49.375
03/17/2026,50.52,"23,765,210",51.3,51.3,50.3645
03/16/2026,50.97,"20,017,550",51.36,51.46,50.75
03/13/2026,51.38,"21,780,860",50.95,51.665,50.95
03/12/2026,50.63,"26,296,080",50.45,50.95,49.805
03/11/2026,50.68,"21,560,010",50.88,50.88,50.06
03/10/2026,50.71,"20,031,280",50.31,50.82,50.02
03/09/2026,50.45,"29,057,380",51.0,51.0988,50.36
03/06/2026,51.12,"23,562,630",51.09,51.25,50.405
03/05/2026,51.18,"27,534,310",50.97,51.3157,50.34
03/04/2026,51.2,"22,816,000",50.41,51.41,50.15
03/03/2026,50.87,"31,586,880",49.73,51.0951,49.37
03/02/2026,49.98,"23,725,650",49.98,50.26,49.625
02/27/2026,50.14,"34,693,550",49.36,50.15,49.23
02/26/2026,48.89,"23,662,580",49.26,49.49,48.87
02/25/2026,49.23,"21,692,950",49.65,49.845,49.165
02/24/2026,49.86,"23,816,680",49.78,50.08,49.39
02/23/2026,49.68,"30,112,950",49.35,50.475,49.25
02/20/2026,49.25,"25,456,730",49.03,49.335,48.525
02/19/2026,48.64,"26,530,560",48.89,49.15,48.49
02/18/2026,48.05,"29,318,150",48.64,48.95,47.83
02/17/2026,48.93,"24,327,480",49.3,49.5,48.78
02/13/2026,49.01,"31,998,470",49.16,49.43,48.6255
02/12/2026,49.46,"56,131,120",48.9,50.24,48.9
02/11/2026,48.97,"48,933,100",47.18,49.135,47.17
02/10/2026,47.39,"32,146,950",47.02,47.79,46.77
02/09/2026,47.02,"26,954,790",46.16,47.07,45.822
02/06/2026,46.31,"36,094,610",46.97,47.25,46.06
02/05/2026,47.1,"42,866,480",47.21,47.575,46.6506
02/04/2026,47.01,"46,213,110",46.775,47.55,46.173
02/03/2026,46.25,"60,299,140",44.64,46.76,44.5
02/02/2026,44.61,"64,539,380",44.575,45.48,43.875
01/30/2026,44.52,"123,584,700",42.005,44.63,41.38
01/29/2026,39.81,"44,347,550",39.58,40.3,39.48
01/28/2026,39.41,"24,412,510",39.41,39.86,39.36
01/27/2026,39.32,"26,108,760",39.66,39.68,39.19
01/26/2026,39.62,"21,081,840",39.68,39.8,39.525
01/23/2026,39.52,"21,849,370",39.445,39.56,39.055
01/22/2026,39.48,"18,880,540",39.32,39.69,39.25
01/21/2026,39.24,"21,158,850",39.1,39.32,38.96
01/20/2026,39.08,"30,650,860",38.89,39.22,38.68
01/16/2026,38.91,"38,980,230",39.1,39.345,38.9
01/15/2026,39.36,"26,483,050",39.83,39.86,39.24
01/14/2026,39.83,"25,714,680",39.12,39.85,39.1
01/13/2026,39.01,"37,255,490",39.84,39.915,38.8
01/12/2026,39.84,"31,259,310",39.82,40.06,39.51
01/09/2026,40.46,"32,108,610",40.57,40.76,40.29
01/08/2026,40.57,"28,103,000",40.17,40.73,10.5999
01/07/2026,40.13,"26,834,100",40.55,40.8,39.99
01/06/2026,40.3,"32,758,410",40.34,40.46,39.99
01/05/2026,40.23,"43,091,710",40.43,40.515,39.83
01/02/2026,40.52,"30,856,810",40.77,40.9,40.3
12/31/2025,40.73,"17,454,800",40.71,40.96,40.67
12/30/2025,40.7,"15,581,260",40.48,40.77,40.42
12/29/2025,40.48,"16,846,720",40.51,40.7,40.38
12/26/2025,40.48,"11,875,430",40.27,40.535,40.27
12/24/2025,40.32,"7,949,481",39.925,40.335,39.89
12/23/2025,39.92,"19,761,770",39.995,40.2,39.865
12/22/2025,39.98,"21,111,550",39.72,40.06,39.66
12/19/2025,39.82,"53,345,070",40.14,40.235,39.81
12/18/2025,40.41,"18,822,580",40.78,40.91,40.39
12/17/2025,40.88,"22,316,140",40.78,40.9,40.47
12/16/2025,40.75,"22,709,810",40.895,41.0,40.65
12/15/2025,40.8,"34,725,790",40.9,41.31,40.8
12/12/2025,40.89,"20,600,040",40.22,40.98,40.1
12/11/2025,40.22,"21,895,000",40.0,40.55,39.97
12/10/2025,39.92,"40,053,430",40.2,40.26,39.68
12/09/2025,40.14,"31,770,610",41.23,41.48,40.11
12/08/2025,41.3,"22,931,980",41.75,41.75,40.92
12/05/2025,41.69,"27,802,680",41.26,42.055,41.24
12/04/2025,41.26,"28,382,290",40.86,41.35,40.67
12/03/2025,40.67,"19,910,720",40.74,41.32,40.655
12/02/2025,40.61,"23,194,050",40.75,40.76,40.36
12/01/2025,40.74,"19,655,930",40.96,41.09,40.68
11/28/2025,41.11,"9,926,252",40.82,41.13,40.71
11/26/2025,40.88,"15,186,120",40.59,40.97,40.56
11/25/2025,40.59,"24,375,260",40.59,40.8,40.41
11/24/2025,40.21,"44,805,080",41.35,41.455,40.145
11/21/2025,41.23,"32,037,560",40.67,41.61,40.42
11/20/2025,40.76,"32,173,640",41.15,41.44,40.65
11/19/2025,41.19,"21,895,040",41.5,41.61,40.935
11/18/2025,41.48,"24,067,530",41.03,41.5,40.99
11/17/2025,41.01,"21,620,790",41.06,41.28,40.875
11/14/2025,41.06,"29,368,510",41.32,41.42,40.6508
11/13/2025,41.11,"30,487,410",40.84,41.73,40.74
11/12/2025,40.8,"17,834,020",40.78,40.96,40.74
11/11/2025,40.7,"25,360,940",40.05,40.78,40.04
11/10/2025,39.85,"22,414,390",39.9,40.15,39.57
11/07/2025,40.03,"28,389,490",39.94,40.32,39.66
11/06/2025,39.82,"30,949,710",39.515,39.89,39.38
11/05/2025,39.69,"22,947,110",39.33,39.77,39.26
11/04/2025,39.32,"33,632,760",39.565,39.67,39.1745
11/03/2025,39.47,"39,851,080",39.51,39.61,38.835
10/31/2025,39.74,"52,181,780",38.98,39.96,38.7802
10/30/2025,38.96,"47,371,040",40.02,40.1932,38.77
10/29/2025,40.21,"53,730,190",40.93,41.32,39.67
10/28/2025,39.32,"30,719,190",39.15,39.52,38.95
10/27/2025,39.23,"27,487,200",38.805,39.285,38.765
10/24/2025,38.82,"27,485,690",38.595,38.92,38.54
10/23/2025,38.4,"52,663,610",39.785,39.86,38.39
10/22/2025,39.8,"31,009,460",39.57,40.21,38.92
10/21/2025,40.3,"29,881,680",40.63,40.78,40.13
10/20/2025,40.8,"28,079,200",40.7,40.87,40.35
10/17/2025,40.55,"20,523,460",40.5,40.655,40.21
10/16/2025,40.36,"16,751,220",40.415,40.57,40.18
10/15/2025,40.38,"18,233,200",40.42,40.555,40.24
10/14/2025,40.55,"22,346,070",39.8,40.58,39.76
10/13/2025,39.75,"26,453,700",39.75,40.155,39.405
10/10/2025,39.85,"38,107,730",40.25,40.6056,39.815
10/09/2025,40.83,"34,868,200",41.35,41.36,40.73
10/08/2025,41.32,"35,601,010",41.54,41.54,41.06
10/07/2025,41.4,"34,001,260",41.61,41.86,41.34
10/06/2025,41.44,"75,944,200",43.25,43.38,41.35
10/03/2025,43.67,"18,016,020",43.44,43.9251,43.4
10/02/2025,43.4,"21,550,100",43.58,43.72,43.22
10/01/2025,43.83,"19,921,920",43.915,44.09,43.45
09/30/2025,43.95,"24,399,130",43.24,43.97,43.19
09/29/2025,43.25,"15,854,460",43.6,43.6527,43.09
09/26/2025,43.61,"12,456,190",43.65,43.71,43.45
09/25/2025,43.35,"19,012,230",43.24,43.765,43.24
09/24/2025,43.18,"21,162,380",43.2,43.3851,42.96
09/23/2025,43.35,"16,796,400",43.16,43.38,42.96
09/22/2025,43.16,"18,507,720",43.38,43.52,42.98
09/19/2025,43.48,"29,164,230",43.785,43.785,43.46
09/18/2025,43.67,"16,507,270",43.88,43.9525,43.58
09/17/2025,44.21,"14,413,990",43.87,44.41,43.855
09/16/2025,43.74,"16,173,590",43.87,43.945,43.3
09/15/2025,43.87,"15,034,710",44.05,44.25,43.77
09/12/2025,43.97,"13,723,470",44.005,44.085,43.765
09/11/2025,44.14,"15,510,570",43.61,44.15,43.51
09/10/2025,43.49,"14,807,830",43.49,43.67,43.01
09/09/2025,43.57,"15,595,520",43.36,43.74,43.35
09/08/2025,43.32,"30,273,880",42.975,43.6172,42.94
09/05/2025,44.38,"13,406,700",44.1,44.47,44.0242
09/04/2025,44.18,"14,480,480",44.07,44.42,43.93
09/03/2025,43.74,"21,828,540",43.5,43.74,42.88
09/02/2025,43.8,"21,123,690",44.16,44.48,43.5135
08/29/2025,44.23,"14,792,710",43.97,44.29,43.925
08/28/2025,43.93,"15,842,820",44.1,44.19,43.69
08/27/2025,44.27,"12,046,590",44.02,44.28,43.88
08/26/2025,43.96,"17,328,230",44.11,44.42,43.75
08/25/2025,44.23,"16,021,220",44.44,44.48,43.96
08/22/2025,44.44,"19,123,750",45.15,45.43,44.245
08/21/2025,45.03,"11,866,790",44.98,45.2051,44.865
08/20/2025,45.06,"20,982,070",45.08,45.75,44.95
08/19/2025,44.94,"17,944,200",44.51,45.065,44.47
08/18/2025,44.39,"12,692,130",44.35,44.6,44.22
08/15/2025,44.24,"21,239,230",43.57,44.44,43.425
08/14/2025,43.5,"10,582,830",43.76,43.785,43.33
08/13/2025,43.71,"14,327,750",43.2,43.835,43.0
08/12/2025,43.25,"12,483,570",43.34,43.65,43.205
08/11/2025,43.18,"12,914,940",43.23,43.53,42.99
08/08/2025,43.15,"13,057,030",43.1,43.355,43.03
08/07/2025,42.95,"15,543,440",42.5,43.03,42.17
08/06/2025,42.35,"17,812,000",42.8,42.8,42.31
08/05/2025,42.67,"14,863,700",42.95,43.1,42.67
08/04/2025,42.95,"13,629,860",42.8,43.03,42.53
08/01/2025,42.88,"20,841,310",43.29,43.47,42.62
07/31/2025,42.76,"25,538,740",42.285,43.11,42.15
07/30/2025,42.6,"13,313,290",42.67,42.8862,42.45
07/29/2025,42.71,"13,118,450",42.42,42.98,42.4
07/28/2025,42.36,"18,243,710",43.02,43.02,42.235
07/25/2025,43.08,"16,571,530",43.02,43.21,42.7547
07/24/2025,43.08,"20,410,990",42.9,43.35,42.755
07/23/2025,42.84,"23,357,210",42.4,42.87,42.05
07/22/2025,42.96,"23,521,020",42.745,43.49,42.55
07/21/2025,42.49,"47,574,040",41.95,43.08,41.68
07/18/2025,40.84,"21,079,680",40.98,41.115,40.69
07/17/2025,40.95,"18,411,170",41.29,41.345,40.83
07/16/2025,41.25,"17,971,280",41.27,41.45,41.16
07/15/2025,41.26,"15,653,150",41.44,41.625,41.1
07/14/2025,41.58,"15,757,350",41.59,41.84,41.48
07/11/2025,41.62,"20,174,340",41.975,42.03,41.49
07/10/2025,42.03,"19,359,270",41.865,42.18,41.6
07/09/2025,42.61,"23,519,840",42.985,43.06,42.4699
07/08/2025,43.06,"16,736,160",42.8,43.235,42.54
07/07/2025,42.8,"22,039,300",43.7,43.7,42.6701
07/03/2025,43.55,"10,301,320",43.74,43.77,43.415
07/02/2025,43.59,"18,313,930",43.82,44.03,43.43
07/01/2025,43.68,"19,233,190",43.42,43.875,43.21
06/30/2025,43.27,"22,795,950",42.31,43.32,42.28
06/27/2025,42.31,"21,439,570",42.15,42.45,41.98
06/26/2025,42.1,"15,869,970",42.17,42.27,41.8838
06/25/2025,42.12,"15,599,690",42.4,42.47,41.94
06/24/2025,42.63,"16,716,290",42.375,42.73,42.265
06/23/2025,42.36,"16,014,350",41.81,42.39,41.72
06/20/2025,41.7,"37,068,080",41.81,42.095,41.65
06/18/2025,41.67,"18,654,180",41.945,41.96,41.6
06/17/2025,41.85,"23,028,210",42.8,42.82,41.81
06/16/2025,42.5,"20,449,260",42.96,43.105,42.33
06/13/2025,43.01,"13,544,050",42.99,43.275,42.92
06/12/2025,43.16,"22,370,490",43.88,43.8899,42.91
06/11/2025,43.74,"14,602,140",44.19,44.3999,43.69
06/10/2025,44.13,"13,724,150",43.65,44.345,43.565
06/09/2025,43.65,"13,399,440",43.65,43.945,43.51
06/06/2025,43.8,"10,135,210",43.4,43.9208,43.375
06/05/2025,43.3,"12,101,570",43.35,43.409,43.03
06/04/2025,43.24,"14,360,100",43.91,43.93,43.24
06/03/2025,43.83,"13,140,920",43.93,44.045,43.61
06/02/2025,44.1,"11,873,260",43.8,44.12,43.35
05/30/2025,43.96,"26,569,540",43.37,44.06,43.29
05/29/2025,43.33,"9,961,322",43.15,43.39,42.975
05/28/2025,43.13,"12,782,970",43.445,43.525,43.06
05/27/2025,43.5,"12,873,660",43.28,43.7,43.24
05/23/2025,43.32,"12,393,440",43.47,43.48,42.86
05/22/2025,43.13,"14,947,740",43.75,43.84,43.07
05/21/2025,43.75,"16,038,550",44.04,44.23,43.57
05/20/2025,44.22,"12,189,950",44.26,44.55,44.2
05/19/2025,44.31,"14,778,610",44.08,44.3654,43.865
05/16/2025,43.99,"13,407,650",43.49,43.99,43.36
05/15/2025,43.48,"14,607,970",42.6,43.525,42.6
05/14/2025,42.35,"20,447,500",42.775,42.94,42.25
05/13/2025,42.65,"20,069,630",43.205,43.21,42.485
05/12/2025,43.0,"20,160,020",43.045,43.205,42.3
05/09/2025,43.61,"10,878,430",43.52,43.88,43.32
05/08/2025,43.61,"14,967,410",43.8,44.06,43.51
05/07/2025,43.89,"12,828,660",44.01,44.36,43.79
05/06/2025,44.15,"12,131,510",43.57,44.31,43.43
05/05/2025,43.54,"9,210,049",43.81,44.0,43.22
05/02/2025,43.74,"15,366,540",43.46,43.895,43.32
05/01/2025,43.3,"18,921,890",43.77,43.83,43.26
04/30/2025,44.06,"29,563,030",43.55,44.21,43.37
04/29/2025,42.95,"14,712,790",42.31,43.01,42.23
04/28/2025,42.39,"16,188,470",42.0,42.48,41.86
04/25/2025,41.91,"23,361,870",42.53,42.65,41.34
04/24/2025,42.81,"16,597,270",42.71,43.13,42.475
04/23/2025,42.7,"29,402,090",42.55,42.9864,42.11
04/22/2025,43.19,"37,633,810",41.99,43.6736,41.54
04/21/2025,42.93,"23,802,540",44.2,44.29,42.68
04/17/2025,44.04,"16,504,840",43.76,44.48,43.58
04/16/2025,43.61,"17,271,620",44.74,44.89,43.52
04/15/2025,44.48,"21,795,310",44.5,44.685,44.215
04/14/2025,44.3,"24,322,950",43.9,44.65,43.61
04/11/2025,43.73,"30,144,340",43.85,43.9,43.1
04/10/2025,42.92,"36,501,740",42.49,43.24,41.85
04/09/2025,42.89,"49,426,020",41.675,43.52,40.88
04/08/2025,42.17,"29,790,180",43.0,43.215,41.68
04/07/2025,42.58,"38,811,990",41.53,43.3348,41.25
04/04/2025,43.03,"42,663,380",44.76,45.8,42.802
04/03/2025,45.62,"30,474,830",45.49,46.19,45.2
04/02/2025,44.74,"21,924,090",45.37,45.535,44.595
04/01/2025,45.38,"15,710,800",45.49,45.6,45.12
03/31/2025,45.36,"27,786,950",45.3,45.8,45.1301
03/28/2025,44.93,"19,530,560",45.125,45.34,44.88
03/27/2025,44.96,"21,905,160",44.48,45.25,44.315
03/26/2025,44.18,"21,698,410",43.71,44.325,43.57
03/25/2025,43.49,"21,483,240",43.5,43.83,43.15
03/24/2025,43.56,"18,050,020",43.63,44.14,43.53
03/21/2025,43.99,"68,445,520",43.79,44.24,43.52
03/20/2025,43.75,"18,109,270",43.96,43.96,43.375
03/19/2025,43.94,"14,373,280",44.3,44.32,43.72
03/18/2025,44.23,"16,254,400",43.72,44.43,43.52
03/17/2025,43.65,"15,560,920",43.59,43.82,43.085
03/14/2025,43.57,"17,432,090",43.16,43.765,43.01
03/13/2025,43.71,"30,708,580",42.765,43.815,42.765
03/12/2025,42.59,"49,650,800",42.1,42.89,41.1744
03/11/2025,43.43,"64,142,310",43.24,43.91,42.64
03/10/2025,46.49,"39,836,990",46.06,47.355,46.06
03/07/2025,46.06,"44,992,100",44.3,46.2,44.3
03/06/2025,44.23,"22,845,900",43.0,44.32,42.855
03/05/2025,42.84,"18,038,370",42.78,43.345,42.38
03/04/2025,42.87,"32,627,500",44.0,44.48,42.82
03/03/2025,43.87,"22,333,980",42.96,43.87,42.93
02/28/2025,43.1,"25,197,530",43.43,43.76,42.61
02/27/2025,43.27,"19,212,250",43.08,43.42,42.89
02/26/2025,43.18,"18,651,410",43.54,43.65,42.765
02/25/2025,43.71,"24,356,920",43.58,43.97,43.495
02/24/2025,43.32,"27,560,550",42.75,43.625,42.57
02/21/2025,42.76,"25,465,140",42.43,43.23,42.17
02/20/2025,42.49,"19,771,750",42.0,42.53,41.8849
02/19/2025,42.01,"21,039,590",41.35,42.05,41.2819
02/18/2025,41.2,"16,357,710",40.92,41.22,40.61
02/14/2025,40.99,"12,438,160",41.14,41.29,40.935
02/13/2025,41.04,"17,056,680",40.61,41.11,40.42
02/12/2025,40.53,"14,440,250",40.49,40.6,40.15
02/11/2025,40.49,"15,182,650",39.98,40.52,39.82
02/10/2025,39.95,"16,737,460",40.02,40.144,39.82
02/07/2025,39.88,"15,754,820",39.96,40.11,39.57
02/06/2025,39.94,"15,370,560",40.23,40.29,39.6742
02/05/2025,40.13,"16,830,460",40.13,40.31,39.81
02/04/2025,39.81,"19,190,180",39.78,39.875,39.6
02/03/2025,39.98,"27,967,120",39.31,40.12,39.146
01/31/2025,39.39,"45,185,370",39.57,39.935,39.285
01/30/2025,39.47,"27,913,470",40.35,40.35,39.16
01/29/2025,40.28,"24,238,080",40.82,40.88,40.05
01/28/2025,40.4,"21,031,890",40.6,40.805,40.355
01/27/2025,40.64,"35,520,270",40.15,40.805,40.05
01/24/2025,39.54,"37,123,880",40.11,40.68,39.37
01/23/2025,39.18,"25,153,550",39.24,39.4,39.08
01/22/2025,38.95,"31,488,930",38.885,39.34,38.59
01/21/2025,39.02,"25,717,600",38.87,39.58,38.79
01/17/2025,38.78,"24,082,100",38.42,38.969,38.35
01/16/2025,38.34,"24,678,310",38.13,38.34,37.935
01/15/2025,38.18,"27,817,070",38.3,38.59,38.07
01/14/2025,38.28,"15,740,090",38.33,38.345,37.825
01/13/2025,38.12,"19,734,040",37.94,38.15,37.7412
01/10/2025,37.81,"27,338,370",38.18,38.23,37.585
01/08/2025,38.94,"22,901,600",38.91,38.99,38.435
01/07/2025,38.92,"31,517,080",39.71,39.98,38.83
01/06/2025,39.61,"27,115,030",40.29,40.33,39.58
01/03/2025,40.26,"15,229,860",40.32,40.625,40.11
01/02/2025,40.21,"22,470,160",40.03,40.56,39.98
12/31/2024,39.99,"13,549,930",39.64,40.03,39.55
12/30/2024,39.6,"15,671,980",39.8,39.84,39.395
12/27/2024,39.92,"15,168,120",39.86,40.16,39.65
12/26/2024,39.96,"12,953,130",39.83,40.17,39.74
12/24/2024,39.8,"11,712,160",39.9,39.96,39.47
12/23/2024,39.94,"21,292,340",39.93,40.13,39.83
12/20/2024,39.93,"47,590,860",39.93,40.39,39.92
12/19/2024,39.97,"17,859,080",40.05,40.46,39.93
12/18/2024,40.24,"19,199,570",40.7,41.05,40.21
12/17/2024,40.78,"15,374,040",40.66,41.1191,40.51
12/16/2024,40.88,"30,228,310",42.16,42.25,40.81
12/13/2024,42.28,"13,360,400",42.0,42.4,41.81
12/12/2024,42.08,"11,232,270",42.06,42.16,41.81
12/11/2024,41.99,"13,986,060",42.19,42.46,41.89
12/10/2024,42.3,"16,337,170",42.37,42.645,42.07
12/09/2024,42.36,"15,570,300",42.465,43.1,42.16
12/06/2024,42.37,"15,685,870",42.53,42.67,42.015
12/05/2024,42.55,"16,176,870",42.59,42.87,42.52
12/04/2024,42.52,"21,431,620",43.73,43.78,42.405
12/03/2024,43.83,"15,415,900",43.91,44.42,43.7
12/02/2024,43.85,"12,783,890",44.27,44.32,43.52
11/29/2024,44.34,"9,023,148",44.38,44.52,44.05
11/27/2024,44.38,"12,372,350",44.48,44.73,44.37
11/26/2024,44.37,"17,247,030",43.98,44.5,43.7527
11/25/2024,43.98,"28,365,880",43.34,44.045,43.31
11/22/2024,43.15,"17,017,420",42.6,43.335,42.335
11/21/2024,42.5,"12,534,060",42.22,42.745,42.005
11/20/2024,42.22,"14,706,510",42.0,42.28,41.75
11/19/2024,41.93,"10,520,610",42.21,42.23,41.8
11/18/2024,42.25,"17,409,010",41.67,42.575,41.67
11/15/2024,41.65,"21,482,450",40.8,41.77,40.8
11/14/2024,40.87,"13,636,570",41.14,41.255,40.86
11/13/2024,41.14,"19,953,510",40.4,41.4,40.31
11/12/2024,40.4,"16,984,580",40.5,40.6,40.0742
11/11/2024,40.44,"17,116,410",40.47,40.88,40.41
11/08/2024,40.48,"21,305,880",40.74,40.85,40.42
11/07/2024,40.57,"24,225,530",41.08,41.19,40.51
11/06/2024,41.16,"21,957,070",41.44,41.67,40.93
11/05/2024,41.26,"12,322,780",41.01,41.27,40.83
11/04/2024,41.06,"14,760,870",41.65,41.77,40.9
11/01/2024,41.36,"16,682,360",42.12,42.35,41.3
10/31/2024,42.13,"31,077,940",41.26,42.65,41.245
10/30/2024,41.28,"16,372,590",41.33,41.51,41.12
10/29/2024,41.33,"15,072,320",41.315,41.68,41.29
10/28/2024,41.62,"13,574,980",41.45,41.78,41.39
10/25/2024,41.38,"19,717,360",41.9,42.18,41.37
10/24/2024,41.86,"23,506,360",42.38,42.45,41.64
10/23/2024,42.86,"27,174,730",41.86,42.9,41.76
10/22/2024,41.5,"42,576,290",41.9,42.64,40.75
10/21/2024,43.7,"18,760,020",44.045,44.2,43.6
10/18/2024,43.99,"13,058,370",43.83,44.165,43.67
10/17/2024,43.85,"10,539,460",43.88,44.0,43.525
10/16/2024,43.91,"9,458,993",43.74,44.1,43.66
10/15/2024,43.74,"15,444,460",43.47,43.97,43.165
10/14/2024,43.19,"9,923,489",43.0,43.29,42.89
10/11/2024,43.0,"10,658,660",43.15,43.24,42.8
10/10/2024,42.95,"12,352,800",43.44,43.67,42.81
10/09/2024,44.11,"12,614,170",44.06,44.25,43.805
10/08/2024,44.01,"10,855,110",44.0,44.15,43.69
10/07/2024,43.84,"12,884,970",44.08,44.135,43.77
10/04/2024,44.18,"14,537,280",43.77,44.25,43.55
10/03/2024,44.52,"12,258,420",44.93,44.9601,44.39
10/02/2024,45.05,"12,040,790",45.13,45.28,44.87
10/01/2024,45.21,"17,536,350",44.96,45.24,44.66
09/30/2024,44.91,"13,516,990",45.13,45.36,44.79
09/27/2024,44.89,"15,659,280",44.715,45.05,44.485
09/26/2024,44.62,"15,779,600",44.6,44.88,44.36
09/25/2024,44.55,"21,990,150",44.8,44.88,44.4244
09/24/2024,44.66,"15,153,970",44.21,44.79,44.13
09/23/2024,44.26,"18,083,220",44.35,44.53,43.95
09/20/2024,44.33,"52,671,860",43.78,44.47,43.645
09/19/2024,43.94,"23,097,160",43.96,43.97,43.325
09/18/2024,43.88,"16,897,930",44.1,44.5,43.78
09/17/2024,44.08,"18,769,600",44.75,44.75,43.92
09/16/2024,45.0,"24,714,540",44.61,45.05,44.46
09/13/2024,44.43,"20,029,690",43.925,44.47,43.62
09/12/2024,43.86,"18,399,830",43.5,43.88,43.43
09/11/2024,43.8,"22,395,460",43.51,43.82,42.94
09/10/2024,43.65,"36,980,410",42.79,43.6899,42.38
09/09/2024,42.73,"27,850,290",41.26,42.78,41.26
09/06/2024,41.15,"18,100,350",41.36,41.791,41.13
09/05/2024,41.31,"28,199,760",41.305,41.81,40.9
09/04/2024,41.48,"31,272,700",43.0,43.27,41.2
09/03/2024,42.93,"23,319,940",41.96,42.93,41.92
08/30/2024,41.78,"20,009,890",41.3,41.89,41.17
08/29/2024,41.25,"17,338,130",41.54,41.565,41.14
08/28/2024,41.49,"12,732,720",41.49,41.7079,41.36
08/27/2024,41.45,"9,778,154",41.55,41.64,41.175
08/26/2024,41.49,"10,309,480",41.37,41.74,41.24
08/23/2024,41.21,"11,757,330",40.99,41.23,40.915
08/22/2024,40.87,"13,529,600",41.1,41.16,40.61
08/21/2024,41.05,"13,683,360",40.91,41.07,40.73
08/20/2024,40.85,"8,784,009",40.66,40.955,40.625
08/19/2024,40.74,"9,401,416",40.625,40.86,40.56
08/16/2024,40.61,"13,377,520",40.1,40.62,40.06
08/15/2024,40.04,"17,489,610",40.84,40.92,40.0
08/14/2024,40.9,"10,931,100",40.6,41.1,40.49
08/13/2024,40.78,"15,349,360",40.65,40.8,40.355
08/12/2024,40.53,"11,098,960",40.945,41.0,40.31
08/09/2024,40.75,"11,818,720",40.49,40.8,40.03
08/08/2024,40.52,"13,237,150",40.28,40.79,40.25
08/07/2024,40.28,"12,176,300",40.36,40.72,40.2
08/06/2024,40.26,"18,104,250",39.97,40.48,39.76
08/05/2024,39.8,"26,855,040",40.0,40.27,39.64
08/02/2024,40.97,"26,124,910",41.2,41.94,40.405
08/01/2024,40.85,"18,166,750",40.665,41.18,40.2828
07/31/2024,40.52,"23,605,390",40.03,40.79,39.98
07/30/2024,40.04,"16,089,220",40.01,40.26,39.83
07/29/2024,40.03,"12,937,170",40.08,40.12,39.67
07/26/2024,40.09,"15,911,470",39.9,40.17,39.65
07/25/2024,39.95,"19,740,300",39.86,40.965,39.79
07/24/2024,39.67,"22,888,990",39.24,39.83,39.045
07/23/2024,38.89,"25,257,750",38.74,39.265,38.72
07/22/2024,39.09,"54,985,800",39.95,40.0,38.7
07/19/2024,41.62,"17,608,030",42.3,42.3,41.43
07/18/2024,42.07,"15,752,840",41.9,42.52,41.72
07/17/2024,42.03,"20,401,660",41.55,42.19,41.52
07/16/2024,41.45,"16,016,950",40.85,41.55,40.82
07/15/2024,40.79,"15,874,930",41.43,41.4599,40.7
07/12/2024,41.43,"11,129,070",41.31,41.57,41.2
07/11/2024,41.3,"12,492,710",41.08,41.36,40.75
07/10/2024,41.08,"13,826,760",40.88,41.13,40.685
07/09/2024,41.3,"20,489,840",41.47,41.78,41.21
07/08/2024,41.53,"15,380,390",41.3,41.585,41.08
07/05/2024,41.27,"17,552,240",41.17,41.375,40.9501
07/03/2024,41.12,"6,653,911",41.13,41.385,40.95
07/02/2024,41.1,"21,659,370",41.63,41.7,40.715
07/01/2024,41.74,"16,412,110",41.42,41.98,41.35
06/28/2024,41.24,"27,639,190",40.86,41.58,40.69
06/27/2024,40.82,"15,560,800",41.0,41.04,40.56
06/26/2024,41.02,"19,709,930",41.0,41.17,40.71
06/25/2024,41.08,"18,933,020",41.21,41.625,40.83
06/24/2024,41.17,"20,773,850",40.39,41.22,40.32
06/21/2024,40.24,"30,390,210",40.37,40.38,39.9
06/20/2024,40.24,"17,704,690",39.84,40.465,39.81
06/18/2024,40.08,"17,125,700",39.71,40.18,39.7
06/17/2024,39.46,"22,286,570",39.6,39.6,38.95
06/14/2024,39.67,"10,480,590",39.475,39.8381,39.45
06/13/2024,39.78,"12,297,450",39.75,39.8,39.3
06/12/2024,39.77,"15,065,290",40.77,40.8,39.575
06/11/2024,40.42,"12,083,340",40.29,40.585,40.22
06/10/2024,40.41,"15,214,010",40.91,40.93,40.33
06/07/2024,40.94,"10,410,160",41.16,41.29,40.813
06/06/2024,41.33,"10,259,100",41.31,41.72,41.135
06/05/2024,41.35,"11,964,020",41.6,41.72,41.13
06/04/2024,41.56,"16,040,150",40.88,41.56,40.72
06/03/2024,40.98,"20,688,120",41.18,41.51,40.9
05/31/2024,41.15,"38,917,430",40.14,41.28,40.1
05/30/2024,40.33,"19,636,500",39.22,40.36,39.18
05/29/2024,39.1,"17,652,020",39.26,39.465,39.0
05/28/2024,39.36,"15,071,270",39.72,39.79,39.17
05/24/2024,39.74,"10,419,990",39.51,39.74,39.5
05/23/2024,39.43,"14,104,960",39.6,39.8,39.11
05/22/2024,39.79,"12,374,070",39.7,40.18,39.62
05/21/2024,39.62,"18,326,960",40.1,40.12,39.28
05/20/2024,40.12,"8,665,020",40.05,40.31,40.01
05/17/2024,40.06,"14,670,370",40.39,40.41,39.83
05/16/2024,40.25,"12,913,200",40.29,40.435,40.14
05/15/2024,40.49,"14,926,000",40.75,40.9101,40.44
05/14/2024,40.49,"17,664,420",40.59,40.69,40.42
05/13/2024,40.54,"21,365,660",40.34,40.65,40.0903
05/10/2024,40.4,"16,888,470",39.81,40.425,39.71
05/09/2024,39.79,"12,881,040",39.51,39.83,39.3801
05/08/2024,39.48,"10,437,950",39.24,39.57,39.1
05/07/2024,39.31,"11,935,170",39.53,39.58,39.09
05/06/2024,39.33,"13,348,830",39.12,39.35,39.06
05/03/2024,38.89,"13,195,560",39.05,39.195,38.75
05/02/2024,38.93,"17,394,940",39.32,39.48,38.75
05/01/2024,39.2,"17,760,290",39.33,39.655,39.13
04/30/2024,39.49,"20,222,170",39.91,39.92,39.44
04/29/2024,40.09,"19,840,960",39.9,40.82,39.87
04/26/2024,39.68,"18,246,240",39.06,39.955,38.895
04/25/2024,39.22,"16,837,680",39.29,39.82,38.96
04/24/2024,39.49,"15,946,640",39.5,39.66,38.935
04/23/2024,39.7,"25,972,820",38.91,39.995,38.68
04/22/2024,38.6,"51,243,220",41.4,41.64,38.56
04/19/2024,40.49,"24,706,520",40.0,40.675,39.98
04/18/2024,40.13,"20,173,750",39.85,40.17,39.71
04/17/2024,39.78,"21,009,240",39.85,39.975,39.4615
04/16/2024,39.77,"14,016,780",40.11,40.14,39.57
04/15/2024,40.11,"16,442,810",40.11,40.35,39.85
04/12/2024,39.72,"21,554,990",40.18,40.26,39.68
04/11/2024,40.16,"14,782,160",40.45,40.47,40.09
04/10/2024,40.52,"17,900,360",40.61,40.66,39.96
04/09/2024,40.84,"17,226,950",41.06,41.18,40.54
04/08/2024,41.73,"14,457,770",42.12,42.15,41.71
04/05/2024,42.12,"14,338,680",42.25,42.435,41.61
04/04/2024,42.45,"16,461,400",42.99,43.42,42.44
04/03/2024,42.84,"18,211,840",42.58,42.9,42.53
04/02/2024,42.54,"17,260,820",42.3,42.675,42.26
04/01/2024,42.28,"15,031,570",41.99,42.34,41.525
03/28/2024,41.96,"19,771,400",41.64,42.15,41.63
03/27/2024,41.54,"19,260,120",41.1,41.78,41.1
03/26/2024,40.85,"17,854,060",40.83,40.9975,40.71
03/25/2024,40.87,"14,587,170",40.53,40.88,40.48
03/22/2024,40.37,"17,816,450",40.74,40.81,40.01
03/21/2024,40.54,"21,868,340",40.12,40.59,39.98
03/20/2024,40.12,"15,198,780",39.96,40.27,39.8
03/19/2024,39.97,"15,226,880",39.88,40.045,39.805
03/18/2024,39.93,"16,200,780",39.48,39.96,39.26
03/15/2024,39.49,"54,893,850",39.6,39.93,39.14
03/14/2024,39.77,"17,475,440",40.0,40.06,39.44
03/13/2024,40.26,"13,751,850",40.29,40.5,40.06
03/12/2024,40.13,"12,452,660",40.03,40.26,39.9
03/11/2024,40.13,"12,344,610",39.57,40.23,39.56
03/08/2024,39.51,"17,807,880",39.61,39.88,39.39
03/07/2024,39.53,"17,100,630",40.1,40.285,39.38
03/06/2024,39.93,"16,331,050",40.35,40.365,39.77
03/05/2024,40.35,"20,640,050",40.35,40.96,39.92
03/04/2024,40.31,"18,753,950",39.92,40.33,39.51
03/01/2024,40.2,"12,130,860",39.99,40.29,39.77
02/29/2024,40.02,"20,486,470",40.1,40.225,39.85
02/28/2024,40.1,"12,436,960",39.96,40.21,39.86
02/27/2024,39.93,"17,074,090",39.68,39.98,39.43
02/26/2024,39.69,"25,108,420",40.6,40.63,39.43
02/23/2024,40.66,"15,228,550",40.63,41.145,40.455
02/22/2024,40.73,"22,068,910",40.75,40.93,40.11
02/21/2024,41.1,"16,279,650",40.49,41.12,40.37
02/20/2024,40.5,"12,069,520",40.41,40.91,40.27
02/16/2024,40.49,"12,645,530",40.29,40.67,39.74
02/15/2024,40.59,"12,081,360",40.21,40.62,40.18
02/14/2024,40.15,"12,443,210",40.38,40.54,39.97
02/13/2024,40.13,"14,483,640",40.2,40.455,39.68
02/12/2024,40.1,"15,060,530",39.73,40.17,39.535
02/09/2024,39.72,"18,479,410",39.9,40.09,39.262
02/08/2024,39.91,"19,523,530",40.3,40.37,39.44
02/07/2024,40.42,"21,815,620",41.1,41.14,40.36
02/06/2024,41.1,"17,524,060",41.39,41.57,40.95
02/05/2024,41.38,"20,466,160",42.0,42.18,41.275
02/02/2024,42.13,"21,548,640",42.2,42.465,41.825
02/01/2024,42.49,"19,586,540",42.68,42.72,41.97
01/31/2024,42.35,"23,392,270",42.19,43.21,42.04
01/30/2024,42.47,"20,044,560",42.0,42.6,41.81
01/29/2024,42.05,"23,905,650",42.12,42.39,41.66
01/26/2024,42.4,"20,367,180",42.29,42.49,42.1
01/25/2024,42.29,"24,613,160",41.45,42.3,41.33
01/24/2024,41.28,"27,910,400",42.23,42.34,41.19
01/23/2024,42.23,"49,713,730",41.07,42.2459,40.59
01/22/2024,39.58,"26,039,190",39.4,39.72,39.31
01/19/2024,39.33,"20,561,720",39.07,39.43,38.69
01/18/2024,38.94,"17,112,790",38.53,39.01,38.455
01/17/2024,38.87,"21,377,140",38.72,39.43,38.67
01/16/2024,39.29,"31,039,450",38.58,39.35,38.35
01/12/2024,38.56,"18,774,830",38.19,38.77,38.17
01/11/2024,37.9,"31,289,770",39.03,39.035,37.56
01/10/2024,39.08,"16,354,680",39.08,39.105,38.66
01/09/2024,39.04,"17,880,130",39.25,39.25,38.77
01/08/2024,40.1,"28,483,030",40.15,40.26,39.48
01/05/2024,40.2,"30,276,670",39.47,40.37,39.295
01/04/2024,39.37,"24,214,640",39.68,39.85,39.36
01/03/2024,39.16,"26,263,890",39.53,39.72,39.13
01/02/2024,38.88,"23,810,940",37.73,38.97,37.68
12/29/2023,37.7,"16,222,670",37.38,37.76,37.32
12/28/2023,37.49,"14,931,660",37.18,37.72,37.15
12/27/2023,37.31,"15,267,630",37.33,37.4554,37.2001
12/26/2023,37.48,"11,856,570",37.44,37.64,37.31
12/22/2023,37.49,"13,171,600",37.42,37.785,37.4
12/21/2023,37.43,"15,421,050",37.35,37.55,37.21
12/20/2023,37.3,"18,134,650",37.5,37.73,37.28
12/19/2023,37.57,"17,642,540",37.6,37.74,37.49
12/18/2023,37.67,"22,057,190",37.72,37.8,37.27
12/15/2023,37.37,"51,721,570",37.55,37.83,37.14
12/14/2023,37.87,"28,551,570",37.25,37.98,37.18
12/13/2023,36.99,"32,473,170",37.08,37.15,36.46
12/12/2023,37.3,"17,096,700",37.57,37.64,37.17
12/11/2023,37.67,"21,914,520",38.29,38.39,37.48
12/08/2023,38.25,"21,850,380",38.66,38.68,38.01
12/07/2023,38.65,"15,223,190",38.55,38.73,38.3029
12/06/2023,38.5,"20,218,550",38.25,38.88,38.075
12/05/2023,38.42,"23,003,310",38.35,38.55,38.0911
12/04/2023,38.04,"22,109,240",38.4,38.57,38.03
12/01/2023,38.58,"20,762,480",38.4,38.61,38.27
11/30/2023,38.33,"36,623,540",37.83,38.4399,37.82
11/29/2023,37.76,"16,387,390",37.53,37.89,37.53
11/28/2023,37.47,"14,521,680",37.35,37.51,37.2
11/27/2023,37.35,"15,245,310",37.45,37.54,37.29
11/24/2023,37.41,"6,766,657",37.45,37.57,37.3
11/22/2023,37.35,"14,613,960",37.33,37.52,37.22
11/21/2023,37.25,"22,946,420",36.86,37.45,36.845
11/20/2023,36.73,"18,660,150",36.28,36.865,36.2
11/17/2023,36.23,"19,361,160",36.38,36.38,36.08
11/16/2023,36.18,"19,110,760",36.08,36.38,35.93
11/15/2023,36.0,"22,855,520",35.88,36.11,35.84
11/14/2023,35.88,"17,667,060",36.01,36.1,35.805
11/13/2023,35.82,"17,236,730",35.64,36.18,35.41
11/10/2023,35.71,"12,792,890",35.91,35.92,35.395
11/09/2023,35.62,"15,685,810",35.87,36.05,35.46
11/08/2023,35.77,"16,971,510",35.94,35.98,35.6
11/07/2023,35.94,"17,654,570",35.7,36.1,35.65
11/06/2023,35.64,"15,544,030",35.98,36.03,35.615
11/03/2023,36.02,"23,323,170",35.99,36.37,35.94
11/02/2023,35.9,"24,946,040",35.31,35.94,35.31
11/01/2023,35.4,"26,071,210",35.405,35.555,35.15
10/31/2023,35.13,"28,903,420",34.71,35.21,34.67
10/30/2023,34.62,"31,497,690",33.84,34.8,33.84
10/27/2023,33.44,"23,924,830",34.38,34.5899,33.34
10/26/2023,34.47,"34,366,970",33.66,34.7,33.64
10/25/2023,33.69,"30,832,750",34.5,34.61,33.605
10/24/2023,34.3,"61,617,910",33.15,34.46,32.97
10/23/2023,31.39,"31,725,790",31.48,31.66,31.26
10/20/2023,31.57,"27,271,170",31.57,32.14,31.55
10/19/2023,31.58,"28,806,640",31.42,31.97,31.395
10/18/2023,31.05,"22,024,310",31.42,31.48,30.99
10/17/2023,31.51,"21,186,020",31.11,31.54,31.1
10/16/2023,31.25,"21,087,890",30.84,31.32,30.62
10/13/2023,30.67,"24,541,450",31.08,31.39,30.64
10/12/2023,30.91,"21,718,320",31.33,31.37,30.65
10/11/2023,31.46,"15,694,160",31.83,31.97,31.4101
10/10/2023,31.76,"19,151,880",31.48,31.8,31.32
10/09/2023,31.45,"20,344,280",30.74,31.5,30.74
10/06/2023,30.85,"31,291,750",30.94,31.0,30.135
10/05/2023,31.82,"22,774,380",31.56,31.92,31.38
10/04/2023,31.54,"23,694,070",31.79,31.965,31.4
10/03/2023,31.98,"21,389,370",31.7,32.01,31.6126
10/02/2023,31.76,"24,722,600",32.44,32.47,31.7316
09/29/2023,32.41,"19,787,600",32.62,32.75,32.365
09/28/2023,32.55,"18,772,110",32.4,32.615,32.4
09/27/2023,32.4,"22,083,550",32.95,33.01,32.31
09/26/2023,32.99,"18,841,580",32.89,33.17,32.81
09/25/2023,33.16,"17,616,880",33.17,33.25,32.87
09/22/2023,33.28,"22,740,040",33.26,33.51,32.93
09/21/2023,33.29,"18,001,590",33.52,33.85,33.26
09/20/2023,33.6,"23,741,980",33.58,33.94,33.36
09/19/2023,33.4,"23,383,950",33.58,33.73,33.25
09/18/2023,33.53,"16,233,700",33.9,33.97,33.52
09/15/2023,33.79,"38,205,160",33.96,34.167,33.66
09/14/2023,34.04,"26,570,120",34.27,34.38,33.94
09/13/2023,33.86,"21,027,900",34.3,34.3,33.51
09/12/2023,34.04,"15,784,440",34.13,34.18,33.8
09/11/2023,33.94,"18,883,870",33.7,34.09,33.58
09/08/2023,33.45,"24,891,080",33.81,33.83,33.23
09/07/2023,33.81,"26,605,790",34.18,34.52,33.75
09/06/2023,34.18,"19,187,070",34.1,34.44,33.99
09/05/2023,34.3,"17,486,010",34.85,35.07,34.3
09/01/2023,34.86,"14,748,680",34.99,35.145,34.835
08/31/2023,34.98,"24,333,180",34.85,35.14,34.76
08/30/2023,34.64,"15,021,400",34.89,34.95,34.55
08/29/2023,34.69,"28,782,810",33.99,34.75,33.95
08/28/2023,33.55,"16,050,360",33.48,33.62,33.255
08/25/2023,33.35,"14,912,090",33.33,33.52,33.02
08/24/2023,33.38,"18,561,370",33.01,33.58,33.0
08/23/2023,33.19,"15,766,360",33.2,33.37,33.01
08/22/2023,33.2,"21,730,330",33.08,33.32,32.89
08/21/2023,33.0,"27,074,370",33.15,33.219,32.77
08/18/2023,33.18,"21,722,670",32.86,33.42,32.86
08/17/2023,33.06,"19,127,980",33.36,33.48,32.85
08/16/2023,33.27,"17,395,150",33.3,33.64,33.14
08/15/2023,33.26,"15,528,560",33.35,33.51,33.21
08/14/2023,33.56,"17,934,000",33.19,33.59,33.14
08/11/2023,33.36,"15,271,420",32.96,33.42,32.945
08/10/2023,33.02,"19,031,590",32.85,33.32,32.82
08/09/2023,32.71,"20,798,520",32.51,32.83,32.34
08/08/2023,32.57,"22,178,900",32.45,32.81,32.43
08/07/2023,32.53,"24,314,030",32.65,32.83,32.18
08/04/2023,32.62,"24,583,960",33.0,33.03,32.53
08/03/2023,33.06,"20,469,770",33.05,33.25,32.73
08/02/2023,33.32,"20,481,590",33.47,33.7,33.22
08/01/2023,33.43,"27,302,970",34.29,34.3,33.315
07/31/2023,34.08,"24,509,890",34.0,34.12,33.84
07/28/2023,34.03,"30,651,130",33.67,34.32,33.66
07/27/2023,33.55,"28,097,530",34.23,34.61,33.54
07/26/2023,34.34,"27,916,030",33.855,34.61,33.765
07/25/2023,34.24,"35,719,480",34.64,34.95,33.72
07/24/2023,33.98,"30,784,160",33.88,34.6,33.71
07/21/2023,33.88,"25,179,370",33.51,33.94,33.36
07/20/2023,33.64,"32,839,930",33.9,34.0,33.51
07/19/2023,33.97,"61,880,970",33.71,34.16,33.16
07/18/2023,32.27,"79,722,190",32.015,33.15,31.965
07/17/2023,31.46,"97,510,640",33.65,33.65,31.25
07/14/2023,34.01,"31,576,020",34.43,34.5,33.945
07/13/2023,34.64,"25,641,880",34.82,34.86,34.42
07/12/2023,34.86,"27,299,610",35.105,35.24,34.71
07/11/2023,34.99,"28,340,300",35.12,35.22,34.71
07/10/2023,35.14,"30,326,450",35.92,35.96,35.0
07/07/2023,35.9,"20,482,680",36.22,36.35,35.87
07/06/2023,37.13,"21,566,840",37.4,37.41,37.06
07/05/2023,37.48,"19,876,790",37.28,37.68,37.23
07/03/2023,37.28,"10,367,140",37.17,37.3789,36.96
06/30/2023,37.19,"19,098,330",37.0,37.25,36.845
06/29/2023,36.99,"16,740,830",36.79,37.02,36.655
06/28/2023,36.82,"16,756,410",36.5,36.86,36.24
06/27/2023,36.55,"17,757,840",36.37,36.68,36.22
06/26/2023,36.11,"15,839,990",35.66,36.14,35.5
06/23/2023,35.51,"18,991,490",35.95,36.075,35.48
06/22/2023,35.85,"12,431,180",35.82,35.925,35.57
06/21/2023,35.83,"17,121,230",35.7,35.97,35.5
06/20/2023,35.81,"17,695,800",36.08,36.17,35.78
06/16/2023,36.46,"36,102,140",36.52,36.685,36.165
06/15/2023,36.44,"18,890,910",35.76,36.47,35.68
06/14/2023,35.73,"16,538,710",35.63,35.98,35.62
06/13/2023,35.48,"17,706,670",35.5,35.79,35.42
06/12/2023,35.61,"14,052,160",35.66,35.78,35.36
06/09/2023,35.47,"14,956,840",35.46,35.62,35.26
06/08/2023,35.43,"17,749,670",35.24,35.435,34.98
06/07/2023,35.26,"25,494,090",34.72,35.28,34.63
06/06/2023,34.7,"18,406,650",34.5,34.74,34.33
06/05/2023,34.46,"30,125,570",34.78,35.15,34.45
06/02/2023,34.58,"61,527,920",34.4,34.9,33.72
06/01/2023,35.72,"20,565,290",35.6,35.9,35.415
05/31/2023,35.63,"53,756,680",34.86,35.975,34.86
05/30/2023,34.9,"19,353,270",34.97,35.13,34.78
05/26/2023,35.0,"18,216,700",34.84,35.055,34.67
05/25/2023,34.82,"32,465,950",35.54,35.56,34.74
05/24/2023,35.87,"16,044,200",36.225,36.25,35.85
05/23/2023,36.24,"21,539,660",35.94,36.91,35.8
05/22/2023,35.96,"16,634,310",36.25,36.33,35.9138
05/19/2023,36.05,"16,829,230",36.22,36.52,36.03
05/18/2023,36.13,"20,365,880",36.01,36.17,35.72
05/17/2023,36.18,"16,741,080",36.22,36.34,36.0425
05/16/2023,36.05,"20,254,130",36.62,36.78,36.04
05/15/2023,36.77,"20,408,710",37.63,37.63,36.715
05/12/2023,37.59,"10,670,710",37.64,37.745,37.41
05/11/2023,37.6,"11,068,670",37.41,37.64,37.32
05/10/2023,37.63,"14,427,500",37.81,37.83,37.29
05/09/2023,37.57,"12,226,840",37.82,37.82,37.43
05/08/2023,37.83,"10,672,390",37.68,37.905,37.44
05/05/2023,37.83,"15,817,360",37.52,37.84,37.155
05/04/2023,37.35,"16,163,100",37.86,37.96,37.29
05/03/2023,37.98,"16,703,180",37.96,38.3,37.61
05/02/2023,37.67,"17,268,750",38.47,38.51,37.49
05/01/2023,38.71,"17,043,550",39.17,39.18,38.68
04/28/2023,38.83,"19,197,490",38.56,39.0,38.46
04/27/2023,38.79,"28,840,970",37.2,38.81,37.13
04/26/2023,36.92,"21,499,270",37.1,37.44,36.82
04/25/2023,37.3,"24,959,420",36.71,37.36,36.57
04/24/2023,37.1,"20,362,500",37.19,37.49,36.98
04/21/2023,37.32,"23,823,780",37.43,37.43,37.05
04/20/2023,37.19,"31,521,280",37.66,37.8,36.975
04/19/2023,38.6,"17,701,200",38.92,38.99,38.52
04/18/2023,38.94,"16,588,500",39.47,39.49,38.9
04/17/2023,39.46,"11,572,850",39.22,39.51,39.1408
04/14/2023,39.22,"11,008,440",39.37,39.42,38.89
04/13/2023,39.32,"13,515,820",39.19,39.32,38.915
04/12/2023,39.2,"13,095,200",39.365,39.625,39.1
04/11/2023,39.45,"12,539,690",39.33,39.7,39.27
04/10/2023,39.35,"16,114,340",39.21,39.35,38.99
04/06/2023,39.48,"21,546,620",39.5,39.78,39.16
04/05/2023,40.11,"23,561,320",39.725,40.245,39.565
04/04/2023,39.65,"18,577,090",39.29,39.65,39.21
04/03/2023,39.22,"19,354,860",39.05,39.575,39.015
03/31/2023,38.89,"22,801,450",38.79,39.0499,38.55
03/30/2023,38.66,"13,918,670",38.55,38.75,38.44
03/29/2023,38.48,"12,308,930",38.31,38.51,38.16
03/28/2023,38.0,"13,092,600",38.02,38.31,37.92
03/27/2023,38.05,"14,472,800",37.99,38.22,37.7
03/24/2023,37.66,"14,960,050",37.53,37.7,37.25
03/23/2023,37.37,"15,799,040",37.3,37.63,37.16
03/22/2023,37.31,"15,321,810",37.79,37.95,37.29
03/21/2023,37.74,"16,648,150",37.72,37.77,37.36
03/20/2023,37.43,"19,247,810",36.96,37.71,36.93
03/17/2023,36.79,"47,352,510",36.55,36.83,36.16
03/16/2023,36.58,"29,182,220",36.82,36.88,36.44
03/15/2023,37.06,"21,722,230",36.69,37.255,36.515
03/14/2023,36.88,"22,433,210",36.66,36.94,36.5038
03/13/2023,36.54,"21,834,460",36.54,37.33,36.39
03/10/2023,36.68,"23,940,700",36.64,36.92,36.414
03/09/2023,36.55,"26,506,920",37.6,37.645,36.52
03/08/2023,37.53,"20,295,630",37.8,37.81,37.35
03/07/2023,37.91,"23,713,460",38.1,38.15,37.43
03/06/2023,38.15,"22,925,650",38.37,38.63,38.05
03/03/2023,38.26,"23,407,510",38.44,38.51,38.06
03/02/2023,38.41,"18,821,080",38.1,38.46,37.94
03/01/2023,38.3,"18,411,710",38.71,38.71,38.15
02/28/2023,38.81,"16,685,260",38.7,38.97,38.55
02/27/2023,38.88,"14,210,850",38.99,39.145,38.63
02/24/2023,38.74,"16,431,540",38.23,38.76,38.09
02/23/2023,38.53,"16,738,180",39.12,39.32,38.52
02/22/2023,39.28,"15,086,760",39.38,39.59,39.025
02/21/2023,39.2,"17,805,490",39.9,39.98,39.16
02/17/2023,40.22,"15,029,170",39.84,40.39,39.66
02/16/2023,39.84,"16,625,880",40.06,40.21,39.7
02/15/2023,40.38,"11,270,430",40.23,40.4,40.095
02/14/2023,40.33,"12,292,360",40.46,40.58,39.91
02/13/2023,40.32,"14,486,020",40.01,40.47,39.88
02/10/2023,40.01,"15,398,540",40.0,40.065,39.715
02/09/2023,39.81,"17,485,660",40.62,40.66,39.75
02/08/2023,40.52,"14,080,250",40.53,40.7,40.1234
02/07/2023,40.55,"21,668,550",40.99,41.21,40.12
02/06/2023,41.28,"15,530,720",41.51,41.59,40.895
02/03/2023,41.51,"18,314,420",41.78,41.97,41.14
02/02/2023,41.83,"18,443,770",41.74,41.93,41.2
02/01/2023,41.69,"19,542,040",41.99,42.0,41.125
01/31/2023,41.57,"18,665,170",41.08,41.58,41.01
01/30/2023,41.05,"22,272,550",40.84,41.26,40.7
01/27/2023,40.64,"17,254,040",40.22,40.68,39.77
01/26/2023,40.27,"19,568,140",40.38,40.57,39.93
01/25/2023,40.33,"26,526,960",40.54,41.09,39.91
01/24/2023,40.42,"32,143,920",38.69,44.73,32.79
01/23/2023,39.63,"34,249,320",39.99,40.34,39.42
01/20/2023,40.0,"23,377,870",40.04,40.12,39.46
01/19/2023,40.06,"24,812,610",39.71,40.275,39.4715
01/18/2023,39.97,"22,976,470",40.86,40.86,39.8241
01/17/2023,40.85,"28,696,960",41.85,41.92,40.79
01/13/2023,41.86,"17,229,810",41.65,41.915,41.37
01/12/2023,41.81,"16,980,290",41.38,41.95,41.123
01/11/2023,41.18,"20,674,840",42.14,42.18,41.02
01/10/2023,41.95,"16,695,310",41.36,41.975,41.17
01/09/2023,41.37,"23,062,220",41.38,41.67,41.3123
01/06/2023,42.19,"26,010,390",41.92,42.578,41.88
01/05/2023,41.7,"29,987,160",41.2,41.945,40.82
01/04/2023,41.13,"28,779,470",40.54,41.42,40.26
01/03/2023,40.12,"31,330,680",39.77,40.23,39.38
12/30/2022,39.4,"44,007,200",39.31,39.69,39.07
12/29/2022,39.26,"17,347,000",38.9,39.535,38.81
12/28/2022,38.81,"21,793,180",39.19,39.66,38.585
12/27/2022,39.25,"25,315,930",38.49,39.4,38.32
12/23/2022,38.41,"16,918,340",38.31,38.5399,37.925
12/22/2022,38.31,"26,870,190",37.68,38.32,37.37
12/21/2022,37.78,"24,504,280",37.27,37.85,37.24
12/20/2022,36.99,"24,147,310",36.99,37.21,36.62
12/19/2022,37.03,"26,127,160",37.33,37.47,36.575
12/16/2022,37.12,"62,763,820",37.51,37.57,36.67
12/15/2022,37.77,"33,012,530",37.75,38.339,37.66
12/14/2022,37.45,"23,329,800",37.87,38.09,37.24
12/13/2022,37.86,"30,176,840",38.39,38.62,37.84
12/12/2022,37.95,"19,629,620",37.69,37.96,37.28
12/09/2022,37.4,"20,671,250",37.21,37.63,36.9601
12/08/2022,37.1,"19,549,080",37.11,37.24,36.8731
12/07/2022,37.17,"23,065,920",36.74,37.305,36.665
12/06/2022,36.89,"26,293,700",36.99,37.07,36.625
12/05/2022,37.07,"27,561,040",37.98,38.11,36.9
12/02/2022,38.18,"21,677,140",37.93,38.3,37.7
12/01/2022,38.33,"26,276,610",39.18,39.23,37.81
11/30/2022,38.98,"31,358,760",38.21,39.14,38.15
11/29/2022,38.34,"14,008,830",38.02,38.37,37.945
11/28/2022,38.24,"21,563,590",39.01,39.09,38.13
11/25/2022,39.02,"7,725,741",39.1,39.3585,38.97
11/23/2022,38.92,"14,170,010",39.03,39.2,38.61
11/22/2022,39.2,"19,809,520",38.84,39.32,38.84
11/21/2022,38.62,"19,184,220",38.6,39.13,38.52
11/18/2022,38.55,"17,821,690",38.29,38.77,38.29
11/17/2022,38.16,"18,788,610",37.55,38.18,37.29
11/16/2022,37.88,"18,962,150",37.66,38.07,37.63
11/15/2022,37.7,"25,074,060",38.49,38.83,37.46
11/14/2022,38.31,"22,703,200",38.45,38.99,38.3
11/11/2022,38.3,"22,980,970",38.55,38.69,37.81
11/10/2022,38.52,"23,049,020",38.3,38.55,37.815
11/09/2022,37.62,"17,574,620",37.92,38.13,37.59
11/08/2022,37.87,"17,392,700",37.2,37.99,37.16
11/07/2022,37.19,"19,697,590",37.32,37.445,36.98
11/04/2022,37.24,"17,599,450",37.35,37.37,36.8
11/03/2022,37.15,"22,329,780",37.36,37.54,37.12
11/02/2022,37.71,"30,648,860",37.25,38.345,37.16
11/01/2022,37.37,"22,968,930",37.98,38.09,37.3
10/31/2022,37.37,"26,630,590",37.51,37.54,37.02
10/28/2022,37.67,"31,824,350",36.8,38.04,36.57
10/27/2022,36.18,"20,268,030",36.69,36.72,36.13
10/26/2022,36.43,"20,336,110",36.38,36.71,36.2
10/25/2022,36.43,"25,496,450",35.91,36.475,35.8
10/24/2022,35.97,"28,844,840",35.66,36.39,35.57
10/21/2022,35.35,"51,671,130",35.52,35.7,34.55
10/20/2022,37.0,"35,523,690",36.57,37.535,36.55
10/19/2022,36.57,"29,563,610",36.57,37.37,36.56
10/18/2022,37.07,"27,488,570",37.67,37.7,36.83
10/17/2022,37.18,"21,962,930",36.72,37.295,36.59
10/14/2022,36.38,"26,026,320",36.8,36.91,36.34
10/13/2022,36.4,"33,118,130",35.12,36.59,35.04
10/12/2022,35.68,"23,336,830",35.9,36.195,35.6
10/11/2022,35.94,"27,708,920",36.56,36.69,35.93
10/10/2022,36.62,"21,622,180",37.13,37.315,36.37
10/07/2022,36.85,"31,838,660",37.63,37.7,36.81
10/06/2022,37.84,"36,663,250",39.47,39.6556,37.77
10/05/2022,39.4,"17,797,910",39.34,39.62,38.8735
10/04/2022,39.81,"25,922,460",39.5,39.85,39.25
10/03/2022,39.16,"21,495,260",38.5,39.37,38.385
09/30/2022,37.97,"23,523,580",38.54,38.79,37.95
09/29/2022,38.64,"17,806,890",39.11,39.2,38.45
09/28/2022,39.39,"20,567,390",39.06,39.51,39.01
09/27/2022,38.89,"20,357,670",39.2,39.7,38.78
09/26/2022,38.93,"21,345,730",39.23,39.38,38.63
09/23/2022,39.52,"19,439,740",39.56,39.87,39.1101
09/22/2022,39.93,"19,806,380",39.47,40.395,39.26
09/21/2022,39.48,"25,612,130",40.69,40.9,39.47
09/20/2022,40.59,"15,561,210",40.99,40.99,40.47
09/19/2022,41.24,"18,960,850",41.06,41.25,40.69
09/16/2022,41.25,"45,069,320",40.98,41.54,40.66
09/15/2022,41.03,"22,763,390",41.03,41.27,40.705
09/14/2022,41.28,"23,152,190",41.75,41.93,40.98
09/13/2022,41.75,"21,284,540",42.4,42.61,41.57
09/12/2022,42.76,"18,553,230",42.59,42.85,42.41
09/09/2022,42.24,"20,264,010",41.68,42.32,41.47
09/08/2022,41.32,"28,753,210",41.0,41.72,40.71
09/07/2022,41.08,"25,548,330",41.14,41.65,41.0
09/06/2022,41.1,"23,898,620",41.35,41.69,41.09
09/02/2022,41.3,"21,155,670",42.0,42.21,41.15
09/01/2022,41.81,"21,641,700",41.64,42.0462,41.64
08/31/2022,41.81,"28,368,160",42.47,42.585,41.76
08/30/2022,42.53,"20,705,140",43.38,43.38,42.5
08/29/2022,43.33,"15,039,490",43.015,43.565,43.015
08/26/2022,43.25,"16,795,670",43.59,43.7,43.24
08/25/2022,43.74,"14,327,640",43.65,43.822,43.42
08/24/2022,43.55,"17,384,400",43.55,43.63,43.22
08/23/2022,43.47,"19,014,210",44.0,44.13,43.42
08/22/2022,44.17,"15,031,370",44.4,44.47,44.09
08/19/2022,44.42,"19,485,360",44.1,44.49,43.96
08/18/2022,44.19,"25,957,370",44.42,44.53,43.91
08/17/2022,45.34,"11,294,440",45.43,45.715,45.26
08/16/2022,45.8,"14,112,760",45.5,46.05,45.375
08/15/2022,45.56,"15,713,640",45.03,45.64,44.94
08/12/2022,45.15,"15,090,890",44.95,45.26,44.81
08/11/2022,44.78,"15,407,260",44.96,45.26,44.735
08/10/2022,44.84,"16,402,720",45.01,45.06,44.65
08/09/2022,44.68,"14,554,020",44.61,44.85,44.39
08/08/2022,44.54,"20,601,700",44.95,45.01,44.35
08/05/2022,44.95,"17,297,480",44.48,44.98,44.36
08/04/2022,44.43,"29,704,280",45.22,45.22,44.36
08/03/2022,45.33,"17,314,110",45.46,45.605,45.18
08/02/2022,45.34,"18,710,320",46.25,46.43,45.31
08/01/2022,46.26,"18,612,100",46.29,46.5,45.92
07/29/2022,46.19,"23,129,840",45.71,46.495,45.58
07/28/2022,45.55,"22,051,870",44.84,45.72,44.75
07/27/2022,44.91,"21,560,480",44.81,45.0891,44.45
07/26/2022,44.92,"20,571,800",44.5,45.165,44.27
07/25/2022,44.76,"27,180,710",44.38,44.8,44.05
07/22/2022,44.45,"58,265,020",45.95,46.18,43.765
07/21/2022,47.66,"32,320,980",47.63,47.88,46.68
07/20/2022,49.07,"29,611,360",50.47,50.545,49.01
07/19/2022,50.45,"14,638,480",50.48,50.56,50.24
07/18/2022,50.28,"16,173,080",51.06,51.17,50.17
07/15/2022,51.02,"13,021,340",51.0,51.04,50.35
07/14/2022,50.49,"10,271,680",49.92,50.56,49.73
07/13/2022,50.51,"13,362,450",50.44,51.09,50.2
07/12/2022,50.78,"20,528,740",50.65,51.36,50.28
07/11/2022,50.5,"12,261,840",50.37,50.735,50.26
07/08/2022,50.49,"13,959,150",50.52,50.92,50.41
07/07/2022,50.71,"13,617,050",50.96,51.055,50.36
07/06/2022,51.51,"14,938,950",51.42,51.885,51.13
07/05/2022,51.42,"19,687,280",51.42,51.46,50.48
07/01/2022,51.64,"14,189,320",50.96,51.77,50.58
06/30/2022,50.75,"18,880,500",50.67,51.215,50.46
06/29/2022,50.94,"13,901,450",50.48,51.0,50.32
06/28/2022,50.46,"16,616,610",51.07,51.3,50.43
06/27/2022,50.96,"16,974,910",51.29,51.49,50.6533
06/24/2022,50.96,"28,490,740",52.03,52.15,50.57
06/23/2022,52.09,"21,736,430",51.03,52.18,51.03
06/22/2022,50.79,"23,651,570",50.26,51.17,50.21
06/21/2022,50.65,"34,258,510",49.31,50.91,49.22
06/17/2022,49.03,"36,469,520",48.61,49.485,48.53
06/16/2022,48.84,"22,029,330",48.52,48.97,48.01
06/15/2022,49.15,"22,005,590",49.23,49.83,48.595
06/14/2022,49.16,"20,278,710",49.59,49.835,48.895
06/13/2022,49.59,"23,762,460",50.62,50.79,49.4
06/10/2022,50.82,"19,871,440",50.65,51.4,50.47
06/09/2022,50.94,"12,079,270",51.62,51.77,50.92
06/08/2022,51.55,"13,249,740",51.73,51.96,51.4407
06/07/2022,51.65,"15,382,980",51.15,51.7,50.93
06/06/2022,51.24,"12,898,060",50.93,51.3499,50.715
06/03/2022,50.81,"10,819,820",50.94,51.25,50.69
06/02/2022,51.29,"13,527,850",51.55,51.59,50.39
06/01/2022,51.4,"15,358,130",51.44,51.63,51.045
05/31/2022,51.29,"25,016,560",51.26,51.56,50.851
05/27/2022,51.4,"13,347,350",50.75,51.43,50.53
05/26/2022,50.99,"15,500,360",51.31,51.605,50.9099
05/25/2022,51.24,"19,831,480",50.5,51.27,50.39
05/24/2022,50.68,"25,414,670",49.69,50.82,48.86
05/23/2022,49.67,"16,761,780",49.79,50.27,49.495
05/20/2022,49.53,"24,181,820",49.04,49.6,48.92
05/19/2022,49.1,"23,186,390",48.46,49.18,48.13
05/18/2022,48.89,"22,365,080",48.95,49.46,48.63
05/17/2022,48.94,"22,043,060",48.95,49.205,48.53
05/16/2022,49.04,"22,754,650",47.98,49.2,47.76
05/13/2022,48.18,"21,080,480",48.25,48.45,47.61
05/12/2022,48.06,"21,623,920",47.81,48.18,47.41
05/11/2022,47.88,"20,133,180",48.18,48.52,47.6209
05/10/2022,48.13,"23,007,260",48.9,49.44,47.77
05/09/2022,48.62,"24,391,310",48.13,48.86,47.75
05/06/2022,48.27,"19,322,030",47.6,48.44,47.521
05/05/2022,47.84,"20,664,330",48.03,48.33,47.41
05/04/2022,48.37,"29,564,580",47.24,48.415,47.0
05/03/2022,47.17,"33,263,060",46.39,47.41,46.06
05/02/2022,46.23,"33,309,410",46.51,47.055,45.5489
04/29/2022,46.3,"41,014,200",48.16,48.2,46.17
04/28/2022,48.4,"33,011,680",48.69,49.17,48.3
04/27/2022,48.46,"30,582,040",49.51,49.51,48.42
04/26/2022,49.41,"29,507,710",50.26,50.65,49.37
04/25/2022,50.28,"46,028,360",51.34,51.44,49.54
04/22/2022,51.91,"44,958,420",53.44,53.54,51.46
04/21/2022,55.01,"32,821,140",54.61,55.51,54.47
04/20/2022,54.41,"19,563,380",53.76,54.49,53.7
04/19/2022,53.75,"12,890,020",53.58,53.905,53.46
04/18/2022,53.39,"14,394,310",53.76,54.28,53.22
04/14/2022,53.83,"16,915,090",54.0,54.19,53.78
04/13/2022,54.14,"19,797,980",53.59,54.37,53.59
04/12/2022,53.67,"21,136,410",53.87,54.05,53.4222
04/11/2022,53.9,"33,614,950",53.87,54.7,53.71
04/08/2022,53.53,"24,852,230",52.73,53.68,52.5
04/07/2022,52.67,"22,790,550",52.45,52.98,52.04
04/06/2022,53.2,"28,661,720",52.81,53.43,52.565
04/05/2022,52.78,"23,150,620",52.2,52.9,52.13
04/04/2022,52.46,"25,800,850",52.02,52.5,51.635
04/01/2022,52.12,"30,550,320",51.02,52.185,50.815
03/31/2022,50.94,"31,027,610",51.66,51.7492,50.93
03/30/2022,51.61,"23,821,190",51.22,51.63,51.08
03/29/2022,51.25,"28,193,430",51.32,51.34,50.96
03/28/2022,51.17,"21,688,600",51.36,51.39,50.95
03/25/2022,51.28,"18,771,990",51.06,51.4577,50.97
03/24/2022,51.0,"21,087,320",51.04,51.19,50.9254
03/23/2022,50.97,"25,988,810",51.05,51.4563,50.96
03/22/2022,51.0,"28,676,580",51.19,51.4597,50.95
03/21/2022,51.1,"39,892,830",51.37,51.81,50.97
03/18/2022,50.8,"70,390,620",52.12,52.29,50.8
03/17/2022,52.36,"22,931,520",52.48,52.54,51.995
03/16/2022,52.49,"28,500,740",52.87,53.0,51.95
03/15/2022,52.76,"20,477,590",52.69,53.0,52.21
03/14/2022,52.5,"23,124,140",53.43,53.67,52.4401
03/11/2022,53.04,"20,838,500",53.36,53.58,53.01
03/10/2022,53.23,"17,501,820",53.0,53.34,52.78
03/09/2022,53.08,"23,049,830",53.72,53.81,53.01
03/08/2022,53.25,"36,526,710",54.96,55.3399,53.19
03/07/2022,54.68,"24,962,850",54.75,55.24,54.5
03/04/2022,55.11,"26,917,790",54.43,55.39,54.255
03/03/2022,54.66,"27,577,670",54.38,55.145,54.175
03/02/2022,54.14,"20,712,860",53.67,54.41,53.53
03/01/2022,53.61,"24,693,080",53.5,54.19,53.26
02/28/2022,53.67,"30,593,850",53.8,54.1,53.4
02/25/2022,54.12,"31,444,250",53.08,54.54,53.08
02/24/2022,52.59,"30,079,680",52.97,53.16,51.71
02/23/2022,53.41,"17,841,860",53.9,53.93,53.24
02/22/2022,53.9,"19,858,390",54.0,54.03,53.59
02/18/2022,53.83,"20,298,510",53.56,53.96,53.28
02/17/2022,53.58,"17,462,470",53.1,53.59,52.78
02/16/2022,53.4,"17,277,880",53.19,53.7975,53.09
02/15/2022,53.36,"12,827,960",53.3,53.59,53.15
02/14/2022,53.27,"16,081,700",53.25,53.45,52.5
02/11/2022,53.32,"18,833,150",52.95,53.46,52.7
02/10/2022,53.04,"18,644,430",53.34,53.54,52.9
02/09/2022,53.5,"16,449,310",53.15,53.66,52.88
02/08/2022,52.82,"13,911,680",53.01,53.17,52.575
02/07/2022,53.0,"15,438,920",53.23,53.36,52.51
02/04/2022,53.31,"16,199,780",53.52,53.83,53.225
02/03/2022,53.79,"21,219,830",54.0,54.57,53.7
02/02/2022,53.8,"24,160,190",53.56,54.28,53.3
02/01/2022,53.2,"33,045,580",53.4,53.6,52.21
01/31/2022,53.23,"25,182,370",52.52,53.32,52.21
01/28/2022,52.9,"29,490,770",51.44,52.93,51.185
01/27/2022,51.19,"35,346,510",50.91,52.07,50.81
01/26/2022,51.02,"41,504,690",52.62,52.86,50.81
01/25/2022,52.9,"32,075,940",53.13,53.85,52.2619
01/24/2022,52.96,"32,535,050",53.11,53.71,52.2
01/21/2022,53.16,"25,294,820",53.73,53.9,53.07
01/20/2022,53.4,"24,297,090",53.49,53.94,53.08
01/19/2022,53.5,"18,374,190",53.47,53.68,52.87
01/18/2022,53.43,"21,572,440",53.1,53.57,52.58
01/14/2022,53.28,"18,695,780",53.59,53.7,53.075
01/13/2022,53.52,"18,178,180",53.515,54.03,53.175
01/12/2022,53.45,"12,778,490",53.39,53.66,53.09
01/11/2022,53.59,"18,598,500",53.92,54.08,53.16
01/10/2022,53.87,"24,929,410",54.49,54.83,53.81
01/07/2022,54.24,"26,512,540",53.26,54.36,53.26
01/06/2022,53.76,"21,563,760",54.48,54.55,53.66
01/05/2022,54.02,"28,697,300",53.84,54.64,53.51
01/04/2022,53.47,"26,376,760",52.64,53.71,52.55
01/03/2022,52.44,"18,243,160",52.07,52.56,51.98
12/31/2021,51.96,"15,911,390",52.2,52.31,51.8801
12/30/2021,52.25,"15,615,510",52.38,52.57,52.08
12/29/2021,52.36,"15,109,500",52.77,52.875,52.34
12/28/2021,52.72,"12,129,050",52.63,53.0915,52.61
12/27/2021,52.68,"19,710,750",52.69,52.821,52.45
12/23/2021,52.68,"14,921,400",52.85,53.09,52.67
12/22/2021,52.77,"16,486,470",52.58,52.9,52.055
12/21/2021,52.78,"23,905,320",53.26,53.33,52.65
12/20/2021,53.09,"23,418,010",52.73,53.34,52.685
12/17/2021,53.17,"54,604,900",53.05,53.22,52.3604
12/16/2021,52.75,"40,091,270",50.66,52.915,50.55
12/15/2021,50.55,"24,115,730",50.83,51.04,50.48
12/14/2021,50.65,"31,555,920",50.37,51.145,50.18
12/13/2021,50.28,"27,618,840",50.1,50.539,49.685
12/10/2021,50.19,"18,498,730",50.33,50.33,49.99
12/09/2021,50.16,"23,628,310",50.4,50.4,49.865
12/08/2021,50.49,"20,452,740",50.72,50.85,50.15
12/07/2021,50.79,"27,754,710",51.0,51.01,50.13
12/06/2021,51.07,"22,433,140",51.64,51.93,50.96
12/03/2021,51.42,"24,711,730",50.59,51.486,50.52
12/02/2021,50.73,"27,364,370",49.83,51.17,49.78
12/01/2021,49.77,"26,305,110",50.5,50.9174,49.74
11/30/2021,50.27,"47,766,180",51.26,51.36,50.04
11/29/2021,51.66,"18,652,480",51.61,51.85,51.325
11/26/2021,51.8,"17,048,140",51.15,52.2,51.1
11/24/2021,51.66,"15,474,540",51.63,52.11,51.59
11/23/2021,51.75,"21,507,620",51.56,52.145,51.56
11/22/2021,51.54,"22,756,780",50.85,52.025,50.65
11/19/2021,50.86,"21,105,210",51.28,51.315,50.67
11/18/2021,51.24,"19,490,330",51.5,51.645,51.125
11/17/2021,51.73,"17,679,160",52.01,52.06,51.61
11/16/2021,52.06,"15,876,080",52.51,52.62,52.04
11/15/2021,52.4,"14,282,660",52.44,52.54,52.07
11/12/2021,52.34,"14,378,450",52.51,52.52,52.29
11/11/2021,52.45,"10,983,690",52.74,52.74,52.36
11/10/2021,52.6,"16,261,060",52.42,52.755,52.21
11/09/2021,52.24,"16,014,150",52.3,52.37,51.99
11/08/2021,52.33,"15,985,230",52.3,52.415,51.91
11/05/2021,52.24,"17,442,840",52.02,52.8,52.02
11/04/2021,51.85,"30,807,500",52.91,52.91,51.2
11/03/2021,52.94,"12,240,050",52.59,53.07,52.52
11/02/2021,52.57,"16,913,830",53.05,53.09,52.505
11/01/2021,52.95,"14,177,720",53.24,53.37,52.87
10/29/2021,52.99,"17,763,230",52.5,53.05,52.41
10/28/2021,52.8,"18,374,710",52.75,53.15,52.62
10/27/2021,52.63,"15,007,370",53.17,53.2,52.47
10/26/2021,53.08,"15,185,170",52.7,53.17,52.56
10/25/2021,52.58,"15,987,350",52.97,53.1,52.46
10/22/2021,52.93,"16,074,020",53.42,53.42,52.88
10/21/2021,53.39,"17,771,130",53.77,53.926,53.07
10/20/2021,53.61,"30,659,510",52.785,53.74,52.72
10/19/2021,52.35,"16,094,800",52.0,52.42,51.92
10/18/2021,51.91,"20,853,520",52.16,52.32,51.64
10/15/2021,52.27,"27,005,540",52.08,52.81,52.015
10/14/2021,51.92,"27,764,850",51.27,51.985,51.16
10/13/2021,51.35,"27,246,870",51.21,51.41,50.86
10/12/2021,51.33,"42,153,950",52.18,52.18,51.11
10/11/2021,52.18,"32,088,450",53.26,53.29,51.98
10/08/2021,53.24,"21,384,640",53.87,53.97,53.22
10/07/2021,53.9,"18,069,590",54.04,54.35,53.825
10/06/2021,54.53,"21,339,790",54.34,54.59,54.01
10/05/2021,54.51,"13,218,160",54.64,54.8066,54.32
10/04/2021,54.5,"18,159,210",54.45,54.8463,54.275
10/01/2021,54.3,"18,618,430",54.02,54.56,53.92
09/30/2021,54.01,"18,744,170",54.5,54.51,54.0
09/29/2021,54.38,"14,822,970",54.09,54.655,54.09
09/28/2021,54.16,"19,528,250",54.45,54.69,54.03
09/27/2021,54.47,"13,118,250",54.45,54.65,54.38
09/24/2021,54.37,"12,663,950",54.36,54.57,54.245
09/23/2021,54.42,"14,714,110",54.2,54.61,54.01
09/22/2021,54.06,"15,907,950",54.14,54.39,54.02
09/21/2021,54.03,"16,906,850",54.29,54.64,54.01
09/20/2021,54.26,"20,440,540",54.06,54.58,54.01
09/17/2021,54.28,"30,800,320",54.14,54.46,54.06
09/16/2021,54.43,"14,431,370",54.62,54.79,54.35
09/15/2021,54.57,"15,330,010",54.31,54.6557,54.31
09/14/2021,54.41,"16,937,520",54.65,54.77,54.28
09/13/2021,54.62,"20,749,010",54.4,54.9761,54.4
09/10/2021,54.23,"15,944,100",54.56,54.665,54.22
09/09/2021,54.44,"19,403,340",54.83,54.87,54.43
09/08/2021,54.91,"11,835,910",54.79,55.0874,54.79
09/07/2021,54.82,"15,500,870",55.38,55.5,54.8
09/03/2021,55.43,"11,008,650",55.24,55.5,55.17
09/02/2021,55.29,"12,879,820",54.93,55.31,54.895
09/01/2021,54.94,"12,647,350",55.0,55.15,54.8
08/31/2021,55.0,"18,405,560",54.71,55.14,54.58
08/30/2021,54.77,"11,621,180",54.74,54.96,54.68
08/27/2021,54.77,"13,213,770",54.65,54.83,54.53
08/26/2021,54.6,"15,256,170",54.91,55.055,54.57
08/25/2021,54.93,"14,666,270",55.02,55.08,54.8117
08/24/2021,55.01,"15,478,360",55.41,55.42,55.0
08/23/2021,55.42,"11,963,680",55.55,55.71,55.41
08/20/2021,55.52,"10,645,070",55.33,55.7069,55.2
08/19/2021,55.37,"12,679,930",55.3,55.66,55.19
08/18/2021,55.47,"15,093,540",56.05,56.07,55.45
08/17/2021,56.18,"11,847,560",55.87,56.2,55.771
08/16/2021,55.98,"12,977,100",55.92,56.07,55.58
08/13/2021,55.87,"8,384,635",55.7,55.98,55.68
08/12/2021,55.64,"10,748,450",55.62,55.8,55.53
08/11/2021,55.57,"11,727,290",55.61,55.845,55.52
08/10/2021,55.48,"11,756,920",55.1,55.5255,55.0
08/09/2021,55.12,"13,452,450",55.28,55.42,55.11
08/06/2021,55.22,"12,660,270",55.33,55.59,55.21
08/05/2021,55.3,"12,776,590",55.41,55.5,55.25
08/04/2021,55.37,"16,446,090",55.6,55.71,55.28
08/03/2021,55.73,"12,573,080",55.76,55.95,55.57
08/02/2021,55.76,"13,833,360",56.06,56.255,55.68
07/30/2021,55.78,"13,856,890",56.03,56.18,55.76
07/29/2021,55.98,"12,841,870",55.89,56.18,55.88
07/28/2021,55.72,"14,595,870",56.24,56.32,55.69
07/27/2021,56.2,"15,225,790",55.67,56.335,55.475
07/26/2021,55.78,"15,330,450",55.88,55.935,55.545
07/23/2021,55.88,"14,894,330",55.83,56.03,55.64
07/22/2021,55.95,"16,231,400",56.15,56.28,55.62
07/21/2021,55.95,"25,264,050",56.54,56.85,55.92
07/20/2021,55.58,"20,258,940",55.95,56.77,55.535
07/19/2021,55.84,"21,958,550",56.17,56.44,55.31
07/16/2021,56.46,"11,637,940",56.68,56.79,56.41
07/15/2021,56.55,"12,813,950",56.32,56.595,56.24
07/14/2021,56.32,"14,821,710",56.09,56.43,56.03
07/13/2021,56.09,"12,511,850",56.27,56.48,56.0
07/12/2021,56.15,"13,451,460",55.99,56.355,55.8792
07/09/2021,56.07,"13,756,990",55.7,56.23,55.6202
07/08/2021,55.68,"18,384,000",55.75,55.98,55.55
07/07/2021,56.53,"14,393,310",56.35,56.575,56.205
07/06/2021,56.41,"13,815,930",56.48,56.51,56.0
07/02/2021,56.44,"11,392,800",56.38,56.57,56.262
07/01/2021,56.29,"11,672,240",56.18,56.43,56.02
06/30/2021,56.03,"14,559,690",55.76,56.14,55.76
06/29/2021,55.84,"15,313,030",56.2,56.3665,55.82
06/28/2021,56.18,"13,754,940",56.38,56.5,56.17
06/25/2021,56.38,"14,540,330",56.27,56.52,56.19
06/24/2021,56.37,"15,386,230",56.16,56.41,56.06
06/23/2021,56.07,"16,524,470",56.45,56.75,56.05
06/22/2021,56.37,"13,866,620",56.69,56.78,56.28
06/21/2021,56.39,"13,628,220",56.07,56.49,55.98
06/18/2021,55.82,"38,210,480",56.31,56.31,55.57
06/17/2021,56.53,"14,761,100",56.65,56.9198,56.5
06/16/2021,56.64,"15,678,400",57.37,57.39,56.63
06/15/2021,57.29,"12,602,710",57.18,57.445,57.16
06/14/2021,57.18,"11,907,640",57.19,57.27,56.85
06/11/2021,57.33,"12,928,960",57.49,57.55,57.01
06/10/2021,57.34,"12,013,570",57.33,57.61,57.22
06/09/2021,57.05,"14,705,150",57.15,57.525,57.01
06/08/2021,57.15,"15,858,380",57.24,57.25,56.79
06/07/2021,57.2,"11,144,120",57.23,57.33,57.07
06/04/2021,57.3,"11,868,080",56.92,57.37,56.9
06/03/2021,56.98,"14,212,510",56.7,57.22,56.58
06/02/2021,56.65,"13,681,110",56.31,56.84,56.17
06/01/2021,56.38,"14,922,780",56.75,56.86,56.24
05/28/2021,56.49,"14,027,800",56.35,56.64,56.29
05/27/2021,56.29,"30,754,270",56.32,56.55,56.02
05/26/2021,56.36,"14,045,240",56.47,56.56,56.27
05/25/2021,56.48,"15,935,070",57.0,57.03,56.29
05/24/2021,56.98,"12,970,740",57.09,57.3,56.78
05/21/2021,56.91,"15,474,380",57.06,57.3,56.74
05/20/2021,56.79,"20,768,860",56.91,57.25,56.75
05/19/2021,56.92,"20,213,490",56.52,56.94,56.35
05/18/2021,57.18,"26,578,950",57.5,57.5,56.64
05/17/2021,57.94,"22,336,030",58.89,59.07,57.87
05/14/2021,58.69,"13,770,300",59.01,59.2556,58.67
05/13/2021,58.81,"13,307,890",58.0,59.19,57.96
05/12/2021,58.41,"14,718,590",58.25,58.9,58.15
05/11/2021,58.54,"17,971,890",59.79,59.79,58.2945
05/10/2021,59.52,"22,563,000",59.08,59.85,59.02
05/07/2021,58.72,"15,678,650",58.8,59.07,58.6
05/06/2021,59.29,"14,593,090",58.91,59.37,58.685
05/05/2021,58.69,"12,182,500",58.63,59.06,58.55
05/04/2021,58.6,"22,067,720",57.98,58.65,57.95
05/03/2021,57.92,"17,559,070",58.23,58.33,57.87
04/30/2021,57.79,"16,861,520",57.35,57.86,56.9615
04/29/2021,57.32,"18,169,160",56.55,57.515,56.53
04/28/2021,56.43,"12,862,540",56.37,56.66,56.34
04/27/2021,56.32,"21,858,610",56.58,56.72,56.2
04/26/2021,56.94,"15,073,590",57.36,57.39,56.85
04/23/2021,57.3,"18,103,500",57.13,57.47,56.78
04/22/2021,57.28,"20,921,930",57.94,58.09,57.135
04/21/2021,58.14,"18,310,060",58.4,58.84,58.05
04/20/2021,58.39,"16,673,640",58.12,58.54,57.97
04/19/2021,58.39,"11,955,360",58.5,58.71,58.09
04/16/2021,58.28,"19,866,190",58.07,58.48,57.8
04/15/2021,57.7,"13,338,440",57.56,57.91,57.54
04/14/2021,57.7,"13,890,130",57.5,58.13,57.293
04/13/2021,57.62,"15,489,080",57.37,57.76,57.16
04/12/2021,57.54,"19,564,560",57.66,57.885,57.425
04/09/2021,57.49,"13,871,990",57.6,57.8,57.25
04/08/2021,57.6,"16,472,400",58.04,58.13,57.5326
04/07/2021,59.0,"13,218,410",59.13,59.46,58.785
04/06/2021,59.11,"12,198,320",58.81,59.11,58.68
04/05/2021,58.87,"14,326,320",58.53,59.13,58.46
04/01/2021,58.3,"12,885,080",58.02,58.39,57.735
03/31/2021,58.15,"19,531,730",58.4,58.52,58.06
03/30/2021,58.59,"13,239,750",58.87,58.97,58.23
03/29/2021,58.83,"18,577,280",58.09,58.98,57.95
03/26/2021,58.18,"19,632,700",57.43,58.25,57.38
03/25/2021,57.38,"18,047,420",57.05,57.54,56.7
03/24/2021,57.01,"14,819,760",56.74,57.4299,56.63
03/23/2021,56.91,"20,084,120",56.42,57.42,56.38
03/22/2021,56.59,"20,656,570",55.87,56.67,55.77
03/19/2021,56.24,"39,055,020",56.428,56.52,55.95
03/18/2021,56.31,"19,970,730",55.75,56.37,55.66
03/17/2021,55.75,"17,866,950",55.77,56.12,55.29
03/16/2021,55.64,"19,044,720",55.7,55.92,55.4366
03/15/2021,55.64,"18,983,380",55.81,55.94,55.1
03/12/2021,55.63,"22,002,420",55.73,56.17,55.61
03/11/2021,55.51,"30,312,880",57.01,57.19,55.47
03/10/2021,57.08,"18,848,590",56.69,57.2899,55.85
03/09/2021,56.2,"20,956,420",56.9,57.1,56.17
03/08/2021,56.79,"23,648,820",55.95,57.295,55.82
03/05/2021,56.0,"23,598,090",54.95,56.197,54.92
03/04/2021,54.8,"23,691,960",55.55,55.6199,54.53
03/03/2021,55.38,"22,838,740",54.56,55.97,54.4019
03/02/2021,54.98,"17,184,560",55.31,55.5198,54.92
03/01/2021,55.36,"20,550,350",55.49,55.95,55.28
02/26/2021,55.3,"23,935,170",56.47,56.605,55.29
02/25/2021,56.5,"24,165,330",56.12,56.86,55.74
02/24/2021,57.12,"17,136,950",57.08,57.42,56.67
02/23/2021,57.03,"21,061,970",56.81,57.53,56.285
02/22/2021,56.45,"17,854,900",56.53,56.8398,56.15
02/19/2021,56.45,"18,689,450",57.33,57.4,56.35
02/18/2021,56.98,"20,759,950",56.94,57.61,56.53
02/17/2021,56.99,"40,617,210",56.0,57.25,55.63
02/16/2021,54.15,"22,095,660",54.11,54.32,53.83
02/12/2021,54.2,"18,357,320",54.42,54.68,54.1819
02/11/2021,54.6,"17,398,760",55.02,55.06,54.48
02/10/2021,54.96,"16,232,810",55.22,55.44,54.92
02/09/2021,55.0,"19,605,590",55.02,55.3,54.68
02/08/2021,55.05,"17,887,730",55.37,55.48,54.79
02/05/2021,55.32,"12,069,510",55.2,55.675,55.17
02/04/2021,55.14,"14,761,730",54.76,55.37,54.59
02/03/2021,54.79,"13,909,320",54.31,54.9,54.25
02/02/2021,54.5,"18,974,490",54.43,55.165,54.17
02/01/2021,54.28,"20,541,080",55.27,55.27,54.22
01/29/2021,54.75,"26,231,160",55.0,55.27,54.475
01/28/2021,55.37,"24,000,760",55.0,56.33,55.0
01/27/2021,55.13,"37,238,980",56.64,56.96,55.06
01/26/2021,56.57,"37,892,720",56.99,57.275,56.41
01/25/2021,58.42,"22,444,340",57.47,58.62,57.18
01/22/2021,57.47,"16,364,510",57.17,57.69,56.76
01/21/2021,57.27,"13,604,850",57.19,57.51,57.05
01/20/2021,57.26,"19,923,100",57.01,57.39,56.66
01/19/2021,57.05,"18,821,290",57.44,57.58,56.98
01/15/2021,57.38,"15,785,270",56.78,57.5,56.71
01/14/2021,57.04,"18,341,090",56.89,57.425,56.66
01/13/2021,57.06,"16,985,370",57.22,57.25,56.875
01/12/2021,57.26,"22,699,270",57.27,57.45,56.69
01/11/2021,57.46,"15,701,550",57.75,58.05,57.285
01/08/2021,57.8,"28,411,560",58.23,58.36,57.37
01/07/2021,58.53,"19,079,880",58.27,58.76,58.08
01/06/2021,59.29,"22,678,540",58.81,59.54,58.54
01/05/2021,58.58,"16,220,030",58.86,59.09,58.455
01/04/2021,58.85,"19,129,820",58.96,59.145,58.44
12/31/2020,58.75,"12,906,330",58.06,58.8,58.02
12/30/2020,58.14,"18,259,790",58.83,58.94,58.06
12/29/2020,58.81,"15,686,130",59.03,59.24,58.64
12/28/2020,58.98,"15,355,630",59.16,59.18,58.65
12/24/2020,58.84,"7,751,101",59.0,59.07,58.66
12/23/2020,58.96,"14,012,390",59.2,59.28,58.885
12/22/2020,58.99,"12,958,660",59.32,59.415,58.86
12/21/2020,59.49,"18,567,510",60.06,60.13,59.2819
12/18/2020,60.46,"31,909,360",60.0,60.78,59.79
12/17/2020,60.01,"12,095,490",59.98,60.15,59.61
12/16/2020,59.91,"17,165,870",60.2,60.45,59.665
12/15/2020,60.55,"15,877,170",60.07,60.74,59.97
12/14/2020,59.98,"15,706,490",60.61,61.06,59.77
12/11/2020,60.35,"13,672,970",60.08,60.53,59.97
12/10/2020,60.51,"15,464,440",61.26,61.3534,60.333
12/09/2020,61.46,"14,949,510",61.45,61.82,61.09
12/08/2020,61.45,"13,421,080",61.18,61.7,60.875
12/07/2020,61.35,"12,537,550",61.52,61.7,61.175
12/04/2020,61.55,"10,495,840",61.545,61.8,61.265
12/03/2020,61.74,"11,937,200",61.11,61.83,61.04
12/02/2020,61.36,"14,169,950",61.4,61.95,61.01
12/01/2020,60.58,"14,283,160",60.43,60.92,60.2848
11/30/2020,60.41,"21,839,110",60.32,60.6,60.185
11/27/2020,60.58,"5,763,683",60.52,60.74,60.41
11/25/2020,60.41,"10,604,310",60.67,60.74,60.33
11/24/2020,60.64,"15,485,020",60.6,60.8,60.36
11/23/2020,60.23,"11,602,200",60.01,60.39,60.0
11/20/2020,60.04,"14,225,740",60.21,60.33,59.945
11/19/2020,60.21,"12,662,960",60.4,60.44,59.9
11/18/2020,60.32,"11,698,770",61.13,61.15,60.3
11/17/2020,60.75,"11,698,190",60.56,61.02,60.36
11/16/2020,60.89,"14,289,350",60.81,61.46,60.695
11/13/2020,61.06,"10,655,570",60.63,61.19,60.38
11/12/2020,60.79,"13,297,930",60.91,61.01,60.34
11/11/2020,61.0,"12,196,930",61.29,61.35,60.4735
11/10/2020,61.1,"22,051,820",60.28,61.41,60.2
11/09/2020,59.84,"24,265,940",60.04,60.58,59.51
11/06/2020,58.53,"11,986,220",58.08,58.75,58.01
11/05/2020,58.15,"20,156,430",58.01,58.97,57.8
11/04/2020,57.22,"20,785,670",57.19,57.85,56.58
11/03/2020,57.75,"10,693,450",57.81,58.375,57.51
11/02/2020,57.7,"16,086,430",57.67,58.205,57.0
10/30/2020,56.99,"17,636,910",56.6,57.07,56.37
10/29/2020,56.76,"19,146,140",56.16,57.31,56.02
10/28/2020,56.31,"18,720,210",56.915,57.35,56.12
10/27/2020,57.38,"12,253,030",57.7,57.8514,57.31
10/26/2020,57.81,"15,196,810",57.52,57.85,56.971
10/23/2020,57.96,"12,879,560",57.75,57.97,57.46
10/22/2020,57.33,"16,638,560",56.93,57.66,56.51
10/21/2020,56.75,"21,498,300",57.11,57.71,56.69
10/20/2020,57.25,"18,696,190",57.54,57.67,56.76
10/19/2020,57.3,"16,075,110",58.15,58.29,57.08
10/16/2020,58.05,"13,366,400",58.08,58.43,58.01
10/15/2020,58.16,"13,645,770",58.11,58.28,57.72
10/14/2020,58.43,"16,596,710",59.46,59.52,58.39
10/13/2020,59.36,"22,109,560",59.7,59.72,58.85
10/12/2020,59.55,"20,211,240",59.33,59.68,59.15
10/09/2020,59.33,"9,846,192",59.25,59.54,59.08
10/08/2020,59.19,"14,266,450",59.12,59.73,58.97
10/07/2020,59.61,"13,674,660",59.62,59.78,59.2
10/06/2020,59.46,"12,524,940",59.76,59.97,59.33
10/05/2020,59.66,"10,457,440",59.63,59.84,59.26
10/02/2020,59.24,"10,741,770",59.29,59.545,59.11
10/01/2020,59.45,"14,547,080",59.4,59.6,59.03
09/30/2020,59.49,"16,348,370",59.46,59.705,59.045
09/29/2020,59.24,"10,008,190",59.28,59.49,59.1
09/28/2020,59.36,"11,910,450",59.56,59.795,59.183
09/25/2020,59.39,"10,676,510",58.85,59.45,58.81
09/24/2020,59.19,"10,875,280",59.0,59.56,58.65
09/23/2020,58.91,"15,416,210",59.83,60.14,58.85
09/22/2020,59.82,"12,198,930",59.73,60.37,59.515
09/21/2020,59.61,"15,871,370",60.0,60.08,59.02
09/18/2020,60.35,"22,584,520",60.18,60.94,60.1519
09/17/2020,60.59,"14,996,160",60.6,60.99,60.1
09/16/2020,60.37,"12,700,860",60.53,60.93,60.315
09/15/2020,60.6,"9,444,313",60.11,61.1,60.1
09/14/2020,60.32,"11,932,530",60.02,60.78,60.0
09/11/2020,59.79,"13,924,840",59.58,59.96,59.3601
09/10/2020,59.53,"15,811,190",60.23,60.25,59.41
09/09/2020,60.04,"15,896,200",60.12,60.7476,59.97
09/08/2020,59.96,"18,469,720",60.8,60.8,59.62
09/04/2020,60.48,"22,250,110",60.48,61.5,60.06
09/03/2020,60.61,"23,126,840",60.83,61.28,60.14
09/02/2020,60.53,"21,711,850",59.15,60.74,59.0
09/01/2020,59.16,"13,359,390",59.12,59.295,58.78
08/31/2020,59.27,"14,555,480",59.04,59.44,59.02
08/28/2020,59.26,"11,873,880",59.41,59.41,58.82
08/27/2020,59.43,"11,405,260",59.6,59.79,59.41
08/26/2020,59.46,"15,096,370",59.3,59.5,58.9
08/25/2020,59.42,"11,316,840",59.7,59.75,59.18
08/24/2020,59.57,"10,931,470",59.1,59.61,59.0
08/21/2020,58.99,"11,059,280",59.0,59.04,58.535
08/20/2020,58.96,"8,061,476",58.6,59.09,58.59
08/19/2020,59.05,"10,816,320",59.36,59.44,58.93
08/18/2020,59.18,"10,130,830",58.86,59.47,58.78
08/17/2020,58.78,"8,371,892",58.73,58.93,58.545
08/14/2020,58.79,"8,715,886",58.48,58.94,58.25
08/13/2020,58.52,"7,428,615",58.3,58.6,58.19
08/12/2020,58.6,"10,804,020",58.6,58.97,58.52
08/11/2020,58.51,"12,833,070",59.3,59.6083,58.25
08/10/2020,58.99,"12,114,530",58.65,59.15,58.465
08/07/2020,58.53,"12,783,920",57.82,58.55,57.65
08/06/2020,57.83,"10,369,910",57.5,57.945,57.45
08/05/2020,57.54,"9,811,687",58.16,58.19,57.405
08/04/2020,57.91,"11,600,950",57.2,58.14,57.18
08/03/2020,57.24,"13,494,540",57.87,57.87,57.12
07/31/2020,57.48,"16,195,140",56.85,57.5,56.65
07/30/2020,57.3,"12,635,810",57.21,57.46,57.14
07/29/2020,57.45,"9,341,803",57.37,57.686,57.16
07/28/2020,57.48,"13,454,720",57.05,57.7,56.97
07/27/2020,56.87,"12,306,670",57.0,57.33,56.51
07/24/2020,56.85,"17,981,680",56.35,57.57,56.14
07/23/2020,55.85,"16,718,750",55.81,56.09,55.4
07/22/2020,55.75,"11,223,550",55.84,55.945,55.37
07/21/2020,55.84,"12,620,950",55.84,56.5,55.795
07/20/2020,55.87,"10,572,870",56.28,56.28,55.655
07/17/2020,56.3,"13,509,680",56.0,56.595,55.89
07/16/2020,55.78,"13,477,440",54.87,55.83,54.76
07/15/2020,55.06,"13,903,600",55.61,55.72,55.02
07/14/2020,55.44,"15,683,600",54.43,55.65,54.27
07/13/2020,54.45,"15,285,110",54.75,54.765,54.14
07/10/2020,54.49,"15,652,220",53.84,54.58,53.84
07/09/2020,53.94,"17,618,360",54.65,54.65,53.75
07/08/2020,55.38,"15,320,850",55.11,55.44,54.82
07/07/2020,55.04,"13,319,700",54.92,55.33,54.8
07/06/2020,55.24,"11,231,080",55.35,55.4301,54.91
07/02/2020,54.79,"15,814,540",55.05,55.405,54.74
07/01/2020,54.67,"12,831,580",55.09,55.33,54.58
06/30/2020,55.13,"17,414,760",54.92,55.285,54.36
06/29/2020,54.69,"15,930,280",53.31,54.71,53.31
06/26/2020,53.16,"30,211,860",54.04,54.06,52.85
06/25/2020,54.28,"17,122,520",53.91,54.385,53.34
06/24/2020,53.93,"24,794,570",54.54,54.56,53.455
06/23/2020,54.94,"20,716,400",55.75,55.845,54.91
06/22/2020,55.66,"12,333,880",55.91,56.26,55.61
06/19/2020,56.16,"28,843,750",57.35,57.47,56.0
06/18/2020,56.89,"9,019,542",56.5,56.96,56.37
06/17/2020,56.65,"10,652,050",57.14,57.17,56.51
06/16/2020,56.92,"15,025,950",56.83,57.32,56.24
06/15/2020,56.15,"14,828,780",55.73,56.54,55.28
06/12/2020,56.53,"17,129,160",56.63,56.81,55.79
06/11/2020,56.45,"23,412,480",57.48,57.94,56.4
06/10/2020,58.05,"13,649,070",57.895,58.225,57.7
06/09/2020,57.86,"14,530,770",57.75,58.13,57.37
06/08/2020,58.09,"14,962,960",57.65,58.2,57.27
06/05/2020,57.74,"17,105,620",57.75,58.12,57.08
06/04/2020,57.22,"16,147,300",56.74,57.37,56.51
06/03/2020,56.83,"16,086,720",56.52,56.98,56.3
06/02/2020,56.4,"17,300,360",55.82,56.46,55.54
06/01/2020,55.78,"18,160,960",56.7,56.9,55.75
05/29/2020,57.38,"34,255,790",55.33,57.79,54.89
05/28/2020,55.72,"15,435,420",55.58,55.79,55.155
05/27/2020,55.14,"17,063,780",54.61,55.22,54.43
05/26/2020,54.3,"20,830,540",54.9,55.245,54.18
05/22/2020,54.1,"19,959,960",53.96,54.29,53.67
05/21/2020,53.97,"18,201,040",54.43,54.64,53.86
05/20/2020,54.26,"21,405,380",54.54,54.895,54.05
05/19/2020,54.38,"18,467,060",55.43,55.55,54.315
05/18/2020,55.72,"15,739,190",55.65,56.2,55.04
05/15/2020,54.71,"10,173,960",54.63,54.76,54.21
05/14/2020,54.91,"15,859,230",54.5,54.93,53.85
05/13/2020,54.85,"20,604,550",55.16,55.55,54.56
05/12/2020,55.46,"13,117,720",56.75,56.75,55.45
05/11/2020,56.4,"12,636,810",56.87,56.905,56.235
05/08/2020,57.0,"11,100,310",56.22,57.03,56.03
05/07/2020,55.58,"14,084,020",56.1,56.15,55.175
05/06/2020,55.64,"12,460,380",56.36,56.66,55.54
05/05/2020,56.51,"10,902,380",56.0,56.94,56.0
05/04/2020,56.24,"11,833,620",56.85,57.03,55.8
05/01/2020,56.83,"13,857,420",57.76,57.79,56.53
04/30/2020,57.45,"17,532,410",57.83,57.96,57.21
04/29/2020,58.12,"17,818,130",58.38,58.6,57.7
04/28/2020,57.83,"13,392,570",57.82,58.38,57.62
04/27/2020,57.81,"16,050,130",57.93,58.29,57.2
04/24/2020,57.93,"15,373,620",57.64,57.99,56.8254
04/23/2020,57.59,"15,684,410",58.12,58.66,57.47
04/22/2020,57.99,"12,703,200",57.41,58.57,57.23
04/21/2020,56.82,"14,234,510",57.39,58.04,56.72
04/20/2020,58.13,"14,002,240",58.1,58.91,57.9643
04/17/2020,58.46,"15,054,290",58.06,58.68,57.74
04/16/2020,57.66,"17,825,840",57.29,58.0,56.8537
04/15/2020,56.93,"18,372,750",57.56,58.01,56.71
04/14/2020,58.14,"16,765,560",57.31,58.4,56.96
04/13/2020,56.67,"12,977,720",57.39,57.6,56.36
04/09/2020,57.44,"19,693,910",56.91,58.1,56.88
04/08/2020,57.8,"18,234,200",57.26,58.02,56.62
04/07/2020,56.98,"21,786,000",57.04,57.88,56.41
04/06/2020,56.7,"20,284,430",55.77,56.94,54.98
04/03/2020,54.7,"17,612,480",55.0,55.241,54.28
04/02/2020,55.25,"20,159,400",53.56,55.5,53.09
04/01/2020,52.92,"18,672,610",52.5,53.45,52.161
03/31/2020,53.73,"21,251,790",54.07,54.54,53.55
03/30/2020,54.77,"20,660,180",53.49,55.03,52.94
03/27/2020,52.77,"25,363,640",52.15,53.84,51.54
03/26/2020,53.54,"32,617,570",49.59,53.9,49.51
03/25/2020,49.94,"38,551,330",49.36,51.91,48.84
03/24/2020,49.99,"40,626,870",51.96,51.96,49.18
03/23/2020,50.31,"39,225,120",50.61,53.27,49.13
03/20/2020,51.8,"46,013,780",52.72,53.04,50.71
03/19/2020,53.62,"33,024,860",53.76,54.92,52.775
03/18/2020,54.32,"38,417,420",53.99,55.93,50.88
03/17/2020,54.31,"33,898,020",51.5,55.48,51.49
03/16/2020,50.99,"36,990,390",50.9,53.2,49.02
03/13/2020,54.17,"45,743,960",53.0,54.37,51.4464
03/12/2020,51.2,"45,610,600",51.95,54.0,50.75
03/11/2020,54.83,"21,177,500",55.36,55.53,54.185
03/10/2020,56.52,"34,330,870",56.07,56.89,53.92
03/09/2020,55.83,"31,862,180",54.37,57.575,54.01
03/06/2020,56.87,"22,510,850",55.29,57.21,55.095
03/05/2020,57.16,"21,249,900",56.87,57.52,56.49
03/04/2020,58.12,"17,626,440",56.61,58.25,56.11
03/03/2020,55.7,"27,500,190",57.21,58.05,55.22
03/02/2020,57.32,"30,736,230",55.16,57.5421,54.88
02/28/2020,54.16,"45,881,220",53.74,54.18,52.18
02/27/2020,55.06,"25,907,210",56.78,57.38,55.03
02/26/2020,57.14,"16,804,640",57.38,57.87,56.9
02/25/2020,57.12,"19,384,910",58.04,58.395,56.86
02/24/2020,57.99,"18,520,940",58.17,58.69,57.98
02/21/2020,58.2,"15,704,330",57.91,58.25,57.8
02/20/2020,58.09,"16,748,580",58.09,58.36,57.94
02/19/2020,58.22,"13,642,760",58.13,58.58,57.76
02/18/2020,57.91,"12,431,580",58.76,58.76,57.81
02/14/2020,58.51,"9,138,943",58.7,58.8124,58.28
02/13/2020,58.65,"19,460,060",58.37,58.825,57.95
02/12/2020,58.23,"20,937,990",58.58,58.86,58.12
02/11/2020,58.69,"22,488,200",60.19,60.35,58.26
02/10/2020,60.24,"8,270,243",59.93,60.24,59.77
02/07/2020,59.94,"9,418,323",59.66,60.15,59.54
02/06/2020,59.44,"10,283,700",59.2,59.67,59.06
02/05/2020,59.13,"10,271,860",58.53,59.19,58.42
02/04/2020,58.29,"13,924,580",58.07,58.57,57.65
02/03/2020,58.05,"15,571,010",59.61,59.68,58.01
01/31/2020,59.44,"14,283,610",59.34,60.05,59.11
01/30/2020,59.36,"16,719,650",58.7,59.39,58.34
01/29/2020,59.53,"13,424,490",60.85,60.92,59.44
01/28/2020,60.7,"15,367,470",59.98,61.0,59.87
01/27/2020,59.91,"11,482,270",59.84,60.36,59.62
01/24/2020,60.28,"10,183,010",60.5,60.66,60.11
01/23/2020,60.51,"11,108,980",60.38,60.53,60.0
01/22/2020,60.48,"8,847,068",60.45,60.82,60.28
01/21/2020,60.32,"12,857,650",60.2,60.47,60.1
01/17/2020,60.13,"15,616,140",59.69,60.15,59.64
01/16/2020,59.67,"10,689,810",59.38,59.85,59.22
01/15/2020,59.1,"10,291,320",59.25,59.42,58.87
01/14/2020,59.04,"12,699,380",59.0,59.13,58.76
01/13/2020,59.15,"14,160,350",59.02,59.37,58.78
01/10/2020,58.99,"11,788,290",59.02,59.3,58.84
01/09/2020,58.85,"20,138,470",58.89,59.4,58.8
01/08/2020,59.71,"15,929,730",59.67,60.1,59.63
01/07/2020,59.6,"14,794,960",60.1,60.175,59.58
01/06/2020,60.27,"15,096,550",60.11,60.59,60.08
01/03/2020,60.4,"13,263,520",60.59,60.79,60.07
01/02/2020,61.05,"11,021,240",61.38,61.45,60.81
12/31/2019,61.4,"8,469,384",61.21,61.4,60.94
12/30/2019,61.21,"6,765,687",61.65,61.689,61.085
12/27/2019,61.53,"8,167,014",61.39,61.62,61.25
12/26/2019,61.29,"8,119,017",61.28,61.37,61.11
12/24/2019,61.28,"6,640,141",61.46,61.46,61.0199
12/23/2019,61.4,"9,478,096",62.01,62.1499,61.32
12/20/2019,62.07,"42,978,490",61.46,62.22,61.14
12/19/2019,60.8,"13,561,200",60.9,61.125,60.685
12/18/2019,60.86,"17,294,400",61.51,61.7,60.82
12/17/2019,61.49,"13,648,970",61.4,61.705,61.35
12/16/2019,61.23,"11,496,360",60.73,61.27,60.71
12/13/2019,60.81,"10,586,000",61.12,61.19,60.25
12/12/2019,61.17,"8,571,629",61.1,61.63,61.1
12/11/2019,61.08,"9,659,014",61.36,61.4232,60.99
12/10/2019,61.23,"8,291,060",61.15,61.23,60.79
12/09/2019,61.01,"9,490,329",60.98,61.11,60.87
12/06/2019,61.19,"9,297,383",61.0,61.28,60.91
12/05/2019,60.82,"9,812,785",60.63,60.92,60.315
12/04/2019,60.53,"8,238,341",60.02,60.63,59.85
12/03/2019,60.14,"10,577,990",59.99,60.2,59.58
12/02/2019,59.96,"9,143,324",60.2,60.23,59.63
11/29/2019,60.24,"6,791,427",60.16,60.53,60.16
11/27/2019,60.1,"8,796,408",60.01,60.27,59.99
11/26/2019,59.89,"11,948,570",59.55,59.91,59.13
11/25/2019,59.38,"10,646,820",59.83,59.854,59.215
11/22/2019,59.75,"10,741,290",59.66,60.03,59.66
11/21/2019,59.61,"8,055,988",59.61,59.69,59.27
11/20/2019,59.48,"12,363,280",59.49,59.66,59.09
11/19/2019,59.5,"10,493,730",59.43,59.75,59.28
11/18/2019,59.44,"10,165,240",59.46,59.46,59.045
11/15/2019,59.51,"11,759,000",59.48,59.53,59.06
11/14/2019,59.34,"9,531,143",58.93,59.34,58.84
11/13/2019,59.41,"10,299,580",59.15,59.52,58.8
11/12/2019,59.32,"7,712,812",59.91,59.94,59.14
11/11/2019,59.61,"7,754,152",59.3,59.69,59.207
11/08/2019,59.35,"17,645,420",60.05,60.16,58.96
11/07/2019,60.53,"14,604,420",60.26,60.58,59.955
11/06/2019,60.13,"9,287,592",59.7,60.13,59.6331
11/05/2019,59.5,"10,645,430",59.7,59.87,59.35
11/04/2019,59.87,"10,133,310",59.68,60.6088,59.55
11/01/2019,60.37,"9,629,052",61.29,61.34,60.16
10/31/2019,60.47,"12,226,600",60.8,60.82,60.1
10/30/2019,60.82,"12,136,520",60.46,61.07,60.41
10/29/2019,60.19,"10,619,890",60.11,60.32,60.07
10/28/2019,60.18,"14,621,420",60.45,60.6565,60.035
10/25/2019,60.37,"15,036,380",60.6,60.88,59.21
10/24/2019,60.58,"11,215,280",60.88,61.02,60.41
10/23/2019,60.88,"10,461,910",60.6,61.32,60.55
10/22/2019,60.77,"9,802,244",61.23,61.23,60.51
10/21/2019,60.75,"11,441,990",61.01,61.23,57.915
10/18/2019,61.05,"12,346,320",60.348,61.3,60.31
10/17/2019,60.41,"7,336,510",60.23,60.43,60.16
10/16/2019,60.29,"9,330,895",60.14,60.41,59.95
10/15/2019,60.55,"11,822,120",59.68,60.69,59.6
10/14/2019,59.6,"7,639,672",59.93,59.98,59.56
10/11/2019,59.93,"11,354,910",60.0,60.375,59.89
10/10/2019,59.83,"12,102,070",59.26,60.015,59.2
10/09/2019,59.22,"10,662,960",59.4,59.45,58.93
10/08/2019,59.72,"14,327,040",60.12,60.19,59.29
10/07/2019,60.25,"13,882,000",59.92,60.59,59.9
10/04/2019,59.9,"10,182,450",58.97,59.98,58.96
10/03/2019,59.01,"10,144,960",59.0,59.12,58.33
10/02/2019,58.91,"12,161,360",59.7,59.72,58.72
10/01/2019,59.85,"12,518,950",60.4,60.43,59.81
09/30/2019,60.36,"9,835,210",60.49,60.895,60.33
09/27/2019,60.3,"7,799,072",60.56,60.7,60.02
09/26/2019,60.44,"7,458,621",60.14,60.67,60.07
09/25/2019,60.27,"9,720,826",60.58,60.66,60.11
09/24/2019,60.51,"13,363,240",60.55,61.0,60.41
09/23/2019,60.21,"9,427,872",60.13,60.69,59.93
09/20/2019,60.29,"21,409,600",60.27,60.38,59.97
09/19/2019,59.98,"7,771,657",59.98,60.395,59.8
09/18/2019,59.93,"8,660,008",59.61,59.9757,59.38
09/17/2019,59.87,"8,904,038",59.32,59.9,59.32
09/16/2019,59.5,"10,950,530",59.93,59.99,59.19
09/13/2019,59.96,"10,719,280",60.08,60.45,59.73
09/12/2019,60.43,"9,491,370",60.1,60.55,59.98
09/11/2019,60.13,"12,241,520",59.9,60.18,59.52
09/10/2019,59.71,"13,987,010",59.25,59.8,58.785
09/09/2019,58.66,"12,848,690",59.49,59.52,58.64
09/06/2019,59.06,"8,920,240",58.69,59.1,58.47
09/05/2019,58.59,"9,235,025",58.58,58.63,58.185
09/04/2019,58.18,"9,246,418",58.24,58.548,57.96
09/03/2019,58.04,"10,470,260",57.9,58.19,57.59
08/30/2019,58.16,"9,962,934",57.99,58.405,57.9
08/29/2019,57.94,"8,538,415",58.24,58.31,57.37
08/28/2019,57.95,"15,245,580",57.2,58.12,57.11
08/27/2019,57.18,"16,954,030",57.5,57.66,57.18
08/26/2019,56.71,"9,487,220",56.01,56.73,55.8185
08/23/2019,55.92,"13,203,640",56.79,56.91,55.62
08/22/2019,56.78,"9,272,475",56.65,56.96,56.33
08/21/2019,56.59,"7,638,295",56.78,56.78,56.11
08/20/2019,56.27,"9,892,768",56.9,57.0,56.24
08/19/2019,57.0,"11,011,910",56.97,57.5,56.69
08/16/2019,56.65,"11,923,470",56.47,56.69,56.065
08/15/2019,56.3,"12,123,990",55.53,56.58,55.42
08/14/2019,55.72,"15,041,170",56.04,56.52,55.49
08/13/2019,56.37,"11,084,930",55.64,56.5,55.52
08/12/2019,55.69,"10,635,610",55.85,55.89,55.07
08/09/2019,55.78,"8,948,021",55.65,56.06,55.465
08/08/2019,55.82,"11,335,860",55.36,55.826,54.99
08/07/2019,55.09,"11,865,460",54.75,55.52,54.41
08/06/2019,55.05,"18,747,890",55.22,55.55,54.465
08/05/2019,55.22,"18,941,510",55.3,55.9,54.93
08/02/2019,55.59,"17,458,790",55.11,56.3,54.77
08/01/2019,55.26,"18,677,000",57.11,57.29,55.23
07/31/2019,55.27,"24,396,170",56.55,56.715,54.92
07/30/2019,56.63,"13,329,300",57.31,57.6,56.55
07/29/2019,57.37,"10,165,710",57.09,57.435,56.83
07/26/2019,57.08,"12,333,120",56.48,57.23,56.0
07/25/2019,56.36,"11,006,060",56.17,56.61,55.94
07/24/2019,55.97,"11,173,900",55.61,56.2445,55.42
07/23/2019,55.48,"14,093,470",55.45,55.635,54.56
07/22/2019,55.5,"15,258,030",56.56,56.58,55.34
07/19/2019,56.59,"12,240,350",57.38,57.46,56.57
07/18/2019,57.21,"7,551,137",57.22,57.32,56.78
07/17/2019,57.22,"7,916,651",57.56,57.6966,57.09
07/16/2019,57.41,"10,556,200",57.63,57.732,57.4
07/15/2019,57.58,"11,734,390",57.29,57.8,57.19
07/12/2019,57.19,"9,669,824",57.06,57.27,56.85
07/11/2019,56.92,"10,045,750",57.22,57.39,56.64
07/10/2019,57.0,"10,901,460",56.7,57.11,56.59
07/09/2019,56.41,"16,733,670",56.95,56.99,56.26
07/08/2019,57.89,"12,048,200",57.96,58.3,57.81
07/05/2019,58.31,"6,938,475",58.08,58.513,57.77
07/03/2019,58.13,"8,437,771",58.12,58.25,57.66
07/02/2019,58.13,"14,986,780",56.88,58.15,56.81
07/01/2019,56.66,"15,830,010",57.42,57.42,56.6
06/28/2019,57.13,"14,604,020",57.22,57.43,56.83
06/27/2019,57.25,"9,123,323",57.16,57.37,56.85
06/26/2019,56.99,"15,042,120",58.17,58.22,56.92
06/25/2019,58.0,"10,571,660",58.18,58.26,57.91
06/24/2019,58.27,"9,141,816",57.98,58.665,57.93
06/21/2019,57.77,"22,474,320",57.09,57.92,57.09
06/20/2019,57.34,"15,302,830",57.9,57.95,56.93
06/19/2019,57.63,"10,516,400",57.39,57.85,57.18
06/18/2019,57.33,"12,257,480",57.82,57.995,57.155
06/17/2019,57.63,"11,026,990",58.16,58.33,57.24
06/14/2019,58.28,"11,826,640",57.68,58.56,57.52
06/13/2019,57.62,"9,218,887",57.5,57.74,57.37
06/12/2019,57.36,"11,911,000",57.0,57.565,57.0
06/11/2019,56.83,"15,378,960",56.5,57.4,56.18
06/10/2019,56.15,"14,955,400",57.37,57.37,55.95
06/07/2019,57.24,"11,656,620",58.0,58.1368,57.15
06/06/2019,57.54,"9,906,903",57.01,57.815,57.01
06/05/2019,57.03,"11,522,940",56.52,57.38,56.5
06/04/2019,56.22,"15,201,160",56.6,56.98,55.925
06/03/2019,56.38,"19,518,700",54.68,56.49,54.559
05/31/2019,54.35,"29,916,640",55.09,55.44,54.26
05/30/2019,56.83,"17,484,860",57.62,57.62,56.56
05/29/2019,58.18,"13,418,750",58.67,58.9323,57.91
05/28/2019,58.73,"21,860,760",59.21,59.87,58.66
05/24/2019,59.32,"8,755,506",59.07,59.36,58.67
05/23/2019,58.87,"11,707,080",59.0,59.275,58.54
05/22/2019,59.25,"11,487,450",59.09,59.37,58.96
05/21/2019,59.5,"14,016,320",59.1,59.63,58.76
05/20/2019,59.01,"20,910,590",59.15,60.54,58.0
05/17/2019,58.09,"14,436,660",57.06,58.48,57.01
05/16/2019,57.38,"11,695,060",57.0,57.8,56.82
05/15/2019,56.81,"10,806,380",56.51,56.84,56.17
05/14/2019,56.55,"12,776,180",56.76,57.19,56.5
05/13/2019,56.75,"13,759,350",56.72,57.34,56.66
05/10/2019,56.91,"10,707,340",56.49,57.04,56.26
05/09/2019,56.48,"14,835,330",56.12,56.56,55.93
05/08/2019,56.38,"12,086,740",56.66,56.7,56.25
05/07/2019,56.63,"12,963,830",56.69,56.815,56.33
05/06/2019,56.91,"10,066,150",56.83,57.09,56.74
05/03/2019,57.24,"9,388,228",57.15,57.36,56.87
05/02/2019,56.99,"14,435,440",56.81,58.23,56.68
05/01/2019,56.52,"11,627,440",57.23,57.3,56.52
04/30/2019,57.19,"15,463,860",56.99,57.45,56.755
04/29/2019,56.84,"13,957,610",56.75,57.17,56.71
04/26/2019,56.58,"16,089,490",56.06,56.815,55.825
04/25/2019,55.85,"17,383,000",56.82,56.9,55.75
04/24/2019,57.08,"12,983,810",57.34,57.57,56.73
04/23/2019,57.15,"22,511,450",57.62,57.72,56.3
04/22/2019,58.37,"11,914,780",58.14,58.49,57.89
04/18/2019,58.04,"13,042,170",57.51,58.2,57.28
04/17/2019,57.78,"14,650,810",58.4,58.46,57.64
04/16/2019,58.79,"10,231,120",58.79,58.975,58.655
04/15/2019,58.71,"7,718,557",58.91,58.9541,58.59
04/12/2019,58.74,"10,426,210",58.75,58.79,58.52
04/11/2019,58.56,"9,212,881",58.65,58.73,58.195
04/10/2019,58.61,"7,975,955",58.4,58.695,58.36
04/09/2019,58.4,"10,407,510",58.37,58.56,58.04
04/08/2019,59.13,"11,672,960",59.02,59.13,58.715
04/05/2019,59.09,"11,486,550",59.02,59.095,58.82
04/04/2019,58.99,"8,775,469",58.84,59.1,58.77
04/03/2019,58.87,"14,613,900",58.78,59.07,58.41
04/02/2019,58.53,"11,356,600",59.22,59.23,58.34
04/01/2019,59.09,"15,630,380",59.39,59.41,58.79
03/29/2019,59.13,"16,990,050",59.2,59.265,58.32
03/28/2019,59.08,"20,086,910",60.88,60.89,58.44
03/27/2019,60.88,"13,253,270",60.56,61.1933,60.4782
03/26/2019,60.63,"12,316,420",60.3,60.685,60.175
03/25/2019,60.08,"15,275,450",59.63,60.185,59.53
03/22/2019,59.76,"25,120,870",58.16,60.0,58.13
03/21/2019,58.29,"10,785,870",57.58,58.49,57.57
03/20/2019,57.67,"11,879,370",57.51,58.055,57.11
03/19/2019,57.5,"12,698,320",58.1,58.2,57.31
03/18/2019,58.07,"11,058,220",58.27,58.32,57.56
03/15/2019,58.39,"23,680,810",58.04,58.505,57.9317
03/14/2019,57.95,"11,487,870",57.71,58.085,57.51
03/13/2019,57.66,"14,102,070",57.37,57.74,57.34
03/12/2019,57.43,"12,812,360",57.63,58.112,57.36
03/11/2019,57.58,"13,568,650",56.76,57.615,56.75
03/08/2019,56.53,"10,085,190",56.36,56.68,56.0
03/07/2019,56.3,"12,103,160",55.76,56.4,55.72
03/06/2019,55.68,"12,858,510",56.19,56.42,55.45
03/05/2019,56.08,"13,284,260",56.09,56.17,55.51
03/04/2019,56.24,"13,627,050",57.15,57.345,55.66
03/01/2019,56.96,"10,932,210",57.02,57.15,56.35
02/28/2019,56.92,"15,707,800",56.74,57.61,56.72
02/27/2019,56.72,"8,961,895",56.55,56.73,56.35
02/26/2019,56.64,"11,945,270",56.82,57.09,56.46
02/25/2019,56.78,"13,970,920",57.0,57.27,56.55
02/22/2019,56.92,"12,534,320",56.43,57.13,56.4
02/21/2019,56.15,"14,142,340",55.55,56.715,55.46
02/20/2019,55.76,"10,215,300",55.37,55.91,55.24
02/19/2019,55.44,"12,272,680",55.06,55.66,54.816
02/15/2019,55.16,"15,718,120",54.48,55.19,54.32
02/14/2019,54.03,"11,187,970",54.38,54.52,53.945
02/13/2019,54.48,"11,566,250",54.35,54.77,54.28
02/12/2019,54.42,"10,829,860",54.45,54.77,54.19
02/11/2019,54.05,"9,789,166",54.13,54.37,53.86
02/08/2019,53.95,"11,483,200",53.36,53.96,53.3
02/07/2019,53.57,"12,434,150",53.61,53.725,53.02
02/06/2019,53.79,"11,390,030",54.11,54.365,53.68
02/05/2019,54.14,"14,124,520",54.1,54.34,53.61
02/04/2019,54.04,"15,768,860",54.6,54.69,53.67
02/01/2019,54.55,"13,660,930",55.21,55.3,54.47
01/31/2019,55.06,"28,584,640",54.05,55.19,53.53
01/30/2019,54.0,"27,091,800",53.1,54.02,52.28
01/29/2019,53.28,"33,784,090",53.62,54.3,52.97
01/28/2019,55.07,"25,949,230",56.12,56.22,54.8
01/25/2019,56.4,"17,800,210",57.18,57.47,56.23
01/24/2019,57.07,"12,493,030",57.61,57.65,56.5
01/23/2019,57.76,"15,108,960",56.98,57.87,56.93
01/22/2019,56.99,"18,240,720",57.23,57.39,56.395
01/18/2019,57.09,"16,801,410",56.92,57.465,56.84
01/17/2019,56.83,"15,202,490",57.16,57.4,56.21
01/16/2019,57.08,"13,358,620",57.93,57.93,57.0
01/15/2019,58.1,"10,050,170",57.74,58.29,57.58
01/14/2019,58.03,"11,339,690",57.83,58.15,57.675
01/11/2019,58.02,"15,794,790",57.84,58.255,57.42
01/10/2019,57.6,"14,259,050",57.29,57.7,56.87
01/09/2019,57.05,"18,135,180",57.68,57.72,56.85
01/08/2019,58.38,"21,409,150",57.27,58.69,57.05
01/07/2019,56.72,"16,047,100",56.76,57.26,56.55
01/04/2019,56.36,"17,022,470",56.49,56.89,55.95
01/03/2019,56.22,"19,138,120",56.3,56.9899,56.06
01/02/2019,56.02,"13,909,920",56.16,56.16,55.28
12/31/2018,56.22,"14,516,880",55.53,56.23,55.07
12/28/2018,55.27,"14,768,100",55.37,55.86,54.9
12/27/2018,55.15,"17,369,910",54.31,55.17,53.35
12/26/2018,54.44,"17,933,470",53.23,54.47,52.4
12/24/2018,53.05,"15,077,210",54.68,55.04,52.94
12/21/2018,54.92,"54,451,680",54.84,56.53,54.24
12/20/2018,55.07,"26,605,580",55.92,56.01,54.26
12/19/2018,55.86,"20,830,550",55.72,56.92,55.5022
12/18/2018,55.65,"16,969,210",55.94,56.69,55.31
12/17/2018,55.95,"17,985,560",57.06,57.31,55.53
12/14/2018,57.08,"13,703,580",56.95,57.5,56.75
12/13/2018,57.09,"14,459,870",57.0,57.5,56.81
12/12/2018,57.25,"18,750,600",57.79,58.19,57.23
12/11/2018,58.85,"14,903,210",58.77,59.4,58.635
12/10/2018,58.27,"16,601,710",57.8,58.37,56.87
12/07/2018,57.68,"16,689,960",57.91,58.43,57.34
12/06/2018,58.08,"25,662,570",58.18,58.64,57.16
12/04/2018,58.09,"21,621,120",58.1,59.4,57.96
12/03/2018,58.16,"27,673,510",59.5,59.75,57.69
11/30/2018,60.3,"31,142,240",59.57,60.37,59.475
11/29/2018,59.45,"14,524,310",59.42,59.79,59.26
11/28/2018,60.06,"18,657,090",60.7,60.73,59.64
11/27/2018,60.65,"14,098,760",59.21,60.7,59.18
11/26/2018,59.17,"12,280,950",58.64,59.51,58.31
11/23/2018,58.64,"7,009,050",58.86,59.0,58.29
11/21/2018,59.16,"18,481,820",59.26,59.9,58.88
11/20/2018,59.46,"22,027,630",61.03,61.58,59.17
11/19/2018,60.62,"18,395,860",60.25,61.32,60.18
11/16/2018,60.21,"19,026,150",59.06,60.39,58.91
11/15/2018,59.08,"17,131,060",58.85,59.09,58.45
11/14/2018,58.94,"18,048,360",59.13,59.32,58.41
11/13/2018,58.66,"12,884,670",59.09,59.14,58.32
11/12/2018,58.72,"13,234,930",58.835,59.4,58.54
11/09/2018,58.46,"17,365,450",58.32,59.2,57.935
11/08/2018,58.27,"12,470,160",57.695,58.44,57.66
11/07/2018,57.65,"13,889,410",57.55,57.78,57.035
11/06/2018,57.21,"12,238,960",57.02,57.35,56.65
11/05/2018,57.21,"12,338,260",56.51,57.445,56.51
11/02/2018,56.63,"14,297,990",56.34,57.08,55.92
11/01/2018,56.05,"22,164,900",56.98,57.28,55.55
10/31/2018,57.09,"24,192,310",58.32,58.32,56.76
10/30/2018,58.18,"24,916,370",56.92,58.8,56.92
10/29/2018,56.48,"22,040,910",55.81,57.15,55.72
10/26/2018,55.51,"24,964,490",56.26,56.62,55.19
10/25/2018,56.43,"24,999,450",57.46,57.63,56.17
10/24/2018,57.42,"37,388,770",57.0,58.44,56.415
10/23/2018,57.21,"29,262,170",56.09,57.47,56.09
10/22/2018,54.98,"21,611,320",55.08,55.27,54.61
10/19/2018,54.9,"18,015,440",54.62,55.5,54.52
10/18/2018,54.65,"15,457,330",53.86,54.68,53.78
10/17/2018,53.96,"13,532,130",53.75,54.375,53.525
10/16/2018,53.7,"15,391,350",53.46,53.8,53.26
10/15/2018,53.6,"12,868,320",53.88,54.25,53.6
10/12/2018,53.73,"18,721,840",53.82,53.89,52.82
10/11/2018,53.33,"26,251,080",54.51,55.16,52.84
10/10/2018,54.33,"22,017,390",54.99,55.9,54.29
10/09/2018,54.99,"16,960,450",54.48,55.14,54.03
10/08/2018,55.02,"16,689,240",55.0,55.2099,54.45
10/05/2018,54.94,"14,041,750",55.06,55.435,54.78
10/04/2018,55.02,"15,783,750",54.345,55.03,53.96
10/03/2018,54.29,"14,930,260",54.74,54.9375,54.135
10/02/2018,54.42,"11,609,350",53.8,54.435,53.6
10/01/2018,53.84,"10,481,920",53.61,53.915,53.5
09/28/2018,53.39,"12,635,110",53.47,53.56,53.27
09/27/2018,53.59,"12,864,420",53.15,53.87,53.15
09/26/2018,53.14,"13,260,740",53.29,53.58,53.08
09/25/2018,53.05,"13,275,340",53.5,53.66,52.92
09/24/2018,53.54,"13,844,740",54.31,54.494,53.525
09/21/2018,54.42,"48,313,490",54.23,54.805,54.12
09/20/2018,53.95,"14,462,170",53.6,54.15,53.317
09/19/2018,53.5,"17,455,390",54.62,54.7,53.37
09/18/2018,54.39,"13,795,200",54.39,54.81,54.29
09/17/2018,54.7,"10,999,430",54.79,55.0199,54.43
09/14/2018,54.55,"13,271,240",54.91,54.99,54.18
09/13/2018,54.94,"12,087,220",55.08,55.08,54.27
09/12/2018,54.97,"13,090,800",54.75,55.42,54.56
09/11/2018,54.72,"12,204,700",54.29,54.96,54.11
09/10/2018,54.12,"10,531,600",54.32,54.68,53.99
09/07/2018,54.0,"11,728,330",54.13,54.39,53.88
09/06/2018,54.29,"10,479,640",53.94,54.47,53.7
09/05/2018,53.82,"15,218,120",53.02,53.97,52.9
09/04/2018,53.19,"19,627,510",53.55,53.72,52.84
08/31/2018,54.37,"14,166,530",54.51,54.66,54.04
08/30/2018,54.75,"9,360,236",54.4,54.8,54.24
08/29/2018,54.57,"9,800,378",54.78,54.96,54.5
08/28/2018,54.65,"11,864,590",54.82,54.9,54.46
08/27/2018,54.85,"9,422,734",54.98,55.06,54.651
08/24/2018,54.78,"8,416,288",54.26,54.83,54.22
08/23/2018,54.28,"8,165,393",54.16,54.55,54.05
08/22/2018,54.14,"13,910,200",54.84,55.01,53.94
08/21/2018,54.91,"11,515,520",54.9,55.07,54.47
08/20/2018,54.65,"10,687,630",54.93,55.08,54.2
08/17/2018,54.79,"19,099,310",54.26,55.21,54.1
08/16/2018,54.27,"16,264,910",53.25,54.415,53.2031
08/15/2018,53.24,"16,371,100",52.73,53.37,52.46
08/14/2018,52.87,"11,440,760",52.31,52.94,52.31
08/13/2018,52.22,"9,815,150",52.74,52.78,52.2
08/10/2018,52.47,"7,976,207",52.93,52.93,52.27
08/09/2018,53.01,"10,406,360",52.66,53.27,52.66
08/08/2018,52.7,"9,456,897",52.55,52.88,52.41
08/07/2018,52.46,"6,949,417",52.48,52.725,52.22
08/06/2018,52.48,"10,768,210",52.13,52.715,51.76
08/03/2018,52.27,"7,768,092",52.0,52.45,51.87
08/02/2018,51.98,"12,336,530",51.74,52.01,51.43
08/01/2018,51.73,"12,789,270",52.02,52.11,51.45
07/31/2018,51.64,"16,761,100",52.6,52.67,51.49
07/30/2018,52.49,"16,521,760",52.27,53.0,52.08
07/27/2018,52.01,"14,073,660",51.48,52.38,51.48
07/26/2018,51.18,"11,161,990",51.13,51.61,51.11
07/25/2018,50.91,"15,698,140",51.69,52.05,50.81
07/24/2018,51.51,"23,082,930",51.25,51.87,50.05
07/23/2018,50.75,"11,591,910",50.69,50.98,50.27
07/20/2018,50.62,"12,026,350",50.53,50.99,50.35
07/19/2018,50.75,"9,521,686",51.1,51.1,50.6
07/18/2018,51.14,"11,728,920",51.41,51.49,50.8828
07/17/2018,51.43,"10,628,690",51.54,51.94,51.42
07/16/2018,51.59,"9,633,339",51.36,51.715,51.13
07/13/2018,51.41,"11,107,770",51.1,51.45,50.925
07/12/2018,51.24,"10,577,800",51.5,51.58,50.96
07/11/2018,51.34,"14,009,460",51.22,51.75,51.15
07/10/2018,51.34,"9,602,384",50.8,51.42,50.74
07/09/2018,50.74,"10,478,440",51.03,51.11,50.6801
07/06/2018,51.48,"10,199,470",51.42,51.66,51.23
07/05/2018,51.28,"11,214,050",50.99,51.3,50.52
07/03/2018,50.7,"8,441,133",50.46,51.09,50.296
07/02/2018,50.42,"13,139,680",50.25,50.44,49.7
06/29/2018,50.31,"18,022,950",50.73,50.85,50.08
06/28/2018,50.86,"21,603,380",49.43,51.05,49.41
06/27/2018,49.31,"14,143,000",49.18,49.73,49.01
06/26/2018,49.3,"13,590,040",49.62,49.75,49.0748
06/25/2018,49.6,"19,299,590",49.84,50.04,49.29
06/22/2018,49.76,"40,952,100",48.96,49.93,48.84
06/21/2018,48.63,"14,819,510",48.87,49.0,48.3759
06/20/2018,48.09,"11,995,440",48.64,48.66,47.81
06/19/2018,48.5,"25,032,080",47.67,48.78,47.52
06/18/2018,47.46,"15,322,060",47.9,48.0,47.13
06/15/2018,48.06,"31,397,640",47.77,48.06,47.62
06/14/2018,47.82,"17,567,080",47.76,47.89,47.3
06/13/2018,47.4,"30,774,120",48.45,48.55,47.38
06/12/2018,48.81,"14,569,130",49.58,49.64,48.66
06/11/2018,49.3,"14,134,770",49.49,49.8,49.26
06/08/2018,49.18,"15,396,090",48.45,49.2,48.43
06/07/2018,49.01,"19,669,820",47.96,49.26,47.85
06/06/2018,48.41,"12,922,200",48.16,48.44,47.79
06/05/2018,47.97,"10,377,250",47.78,48.19,47.77
06/04/2018,47.82,"9,012,351",48.05,48.16,47.73
06/01/2018,47.81,"9,949,889",47.89,48.0,47.61
05/31/2018,47.67,"27,287,450",48.52,48.53,47.515
05/30/2018,48.6,"10,412,030",48.49,48.72,48.24
05/29/2018,48.2,"13,033,380",48.3,48.455,47.86
05/25/2018,48.52,"7,947,951",48.59,48.65,48.24
05/24/2018,48.64,"13,579,630",48.89,49.0,48.47
05/23/2018,48.59,"14,017,090",48.74,48.975,48.33
05/22/2018,48.81,"18,539,480",48.33,49.305,48.26
05/21/2018,48.43,"8,577,033",47.79,48.5,47.74
05/18/2018,47.74,"11,371,080",47.84,47.89,47.32
05/17/2018,47.85,"8,892,990",47.86,48.0399,47.66
05/16/2018,47.86,"9,774,992",47.79,48.09,47.66
05/15/2018,47.79,"12,651,950",48.15,48.285,47.62
05/14/2018,48.49,"10,362,550",48.67,48.9,48.28
05/11/2018,48.62,"22,867,540",48.07,49.07,47.92
05/10/2018,47.2,"15,717,770",46.68,47.29,46.52
05/09/2018,46.38,"23,074,520",47.0,47.18,46.085
05/08/2018,47.02,"16,714,840",47.54,47.6,46.73
05/07/2018,47.73,"12,890,720",48.18,48.32,47.565
05/04/2018,48.19,"10,667,680",47.5,48.32,47.49
05/03/2018,47.84,"16,112,060",47.72,47.855,47.36
05/02/2018,47.75,"17,593,240",48.79,48.86,47.485
05/01/2018,48.82,"16,099,890",49.49,49.65,48.24
04/30/2018,49.35,"28,735,040",51.4,51.65,49.34
04/27/2018,51.57,"25,976,520",50.25,51.69,50.16
04/26/2018,49.76,"13,914,970",49.6,50.04,49.44
04/25/2018,50.1,"18,971,950",50.06,50.16,49.24
04/24/2018,49.67,"20,918,200",49.92,50.39,49.14
04/23/2018,48.66,"14,169,700",48.2,48.72,47.97
04/20/2018,47.9,"18,212,160",48.31,48.62,47.21
04/19/2018,48.43,"11,083,900",48.6,48.96,48.38
04/18/2018,48.62,"8,346,982",49.0,49.06,48.57
04/17/2018,48.85,"11,575,390",48.59,49.035,48.31
04/16/2018,48.39,"8,885,164",47.95,48.46,47.86
04/13/2018,47.66,"7,300,555",47.91,47.98,47.51
04/12/2018,47.74,"8,813,895",47.87,48.14,47.44
04/11/2018,47.58,"11,694,320",47.93,47.99,47.48
04/10/2018,48.27,"24,400,400",47.2,48.97,46.985
04/09/2018,46.92,"12,472,160",47.03,47.5,46.8032
04/06/2018,47.48,"16,021,580",48.1,48.28,47.27
04/05/2018,48.24,"10,148,870",47.98,48.345,47.6762
04/04/2018,47.93,"11,573,880",47.16,47.99,46.9
04/03/2018,47.5,"14,839,670",47.22,47.53,46.71
04/02/2018,47.16,"16,462,110",47.62,47.9399,46.72
03/29/2018,47.82,"17,228,650",48.2,48.73,47.57
03/28/2018,48.0,"17,714,470",47.89,48.56,47.83
03/27/2018,47.31,"14,468,020",47.1,47.9024,46.84
03/26/2018,47.07,"15,411,030",46.78,47.17,46.585
03/23/2018,46.29,"15,953,350",47.06,47.455,46.2
03/22/2018,46.88,"14,232,360",47.1,47.5199,46.77
03/21/2018,47.28,"11,055,770",47.69,47.96,47.27
03/20/2018,47.69,"10,763,700",48.4,48.59,47.58
03/19/2018,48.31,"12,801,960",48.53,48.61,48.12
03/16/2018,48.56,"26,835,080",48.41,48.775,48.215
03/15/2018,48.29,"9,535,481",48.53,48.765,48.14
03/14/2018,48.45,"11,921,160",48.93,49.1,48.355
03/13/2018,48.65,"12,839,630",49.0,49.26,48.5
03/12/2018,48.8,"12,429,010",49.03,49.26,48.67
03/09/2018,49.01,"14,926,310",49.2,49.23,48.35
03/08/2018,49.01,"17,638,310",48.89,49.03,48.32
03/07/2018,48.84,"16,736,400",48.54,49.21,48.46
03/06/2018,48.89,"13,488,860",48.75,48.89,48.3
03/05/2018,48.71,"15,218,000",48.15,48.94,48.02
03/02/2018,48.26,"17,203,680",47.83,48.325,47.76
03/01/2018,47.96,"28,948,540",47.69,48.6,47.51
02/28/2018,47.74,"21,384,610",48.76,48.96,47.72
02/27/2018,48.04,"23,200,090",49.02,49.17,48.04
02/26/2018,49.09,"20,850,590",48.72,49.15,48.45
02/23/2018,48.29,"26,305,790",48.09,48.3,47.535
02/22/2018,47.87,"19,994,380",48.25,48.7,47.78
02/21/2018,47.96,"20,861,830",48.8,48.86,47.94
02/20/2018,48.92,"21,047,620",49.84,49.89,48.76
02/16/2018,50.15,"12,166,510",49.69,50.455,49.69
02/15/2018,49.74,"18,884,200",49.55,49.78,48.95
02/14/2018,49.51,"17,556,930",49.76,50.1,49.32
02/13/2018,50.08,"11,857,640",49.91,50.26,49.17
02/12/2018,50.11,"16,889,090",50.22,50.66,49.58
02/09/2018,49.88,"27,671,500",49.6,50.3,48.37
02/08/2018,49.04,"23,275,800",50.89,51.08,49.0
02/07/2018,51.01,"16,062,200",50.63,51.93,50.5
02/06/2018,50.83,"34,501,440",49.44,51.0,49.07
02/05/2018,50.5,"22,014,900",52.52,53.19,50.5
02/02/2018,52.98,"14,347,350",54.27,54.27,52.9
02/01/2018,54.3,"18,640,330",54.49,54.75,54.01
01/31/2018,54.07,"17,825,460",53.99,54.4199,53.53
01/30/2018,53.9,"15,366,320",54.3,54.5,53.79
01/29/2018,54.13,"17,032,720",53.58,54.58,53.4
01/26/2018,54.72,"13,062,700",54.49,54.75,54.34
01/25/2018,54.29,"18,604,760",54.28,54.77,54.01
01/24/2018,54.22,"20,181,540",53.82,54.44,53.5
01/23/2018,53.23,"32,854,380",54.6,54.6,52.81
01/22/2018,53.46,"27,620,400",52.05,53.49,52.01
01/19/2018,51.91,"23,455,040",51.74,51.92,51.155
01/18/2018,51.55,"29,288,320",51.9,53.3,51.385
01/17/2018,51.72,"11,426,940",51.81,51.9,51.21
01/16/2018,51.66,"14,553,120",51.68,52.02,51.42
01/12/2018,51.86,"17,667,050",51.94,52.24,51.7801
01/11/2018,52.11,"15,555,620",51.89,52.175,51.64
01/10/2018,51.69,"12,590,920",51.39,51.73,51.15
01/09/2018,51.61,"14,671,200",52.12,52.435,51.55
01/08/2018,52.39,"16,198,260",52.56,52.75,52.04
01/05/2018,52.48,"13,347,900",52.8,52.88,52.35
01/04/2018,52.6,"12,061,520",52.37,52.89,51.83
01/03/2018,52.43,"16,655,990",53.3,53.34,52.18
01/02/2018,53.53,"16,043,480",53.16,53.57,52.8
12/29/2017,52.93,"9,992,727",53.37,53.46,52.93
12/28/2017,53.43,"6,714,109",53.41,53.55,53.16
12/27/2017,53.28,"8,360,885",53.41,53.5,53.09
12/26/2017,53.22,"6,595,317",53.13,53.69,53.13
12/22/2017,53.19,"13,657,010",53.11,53.63,53.06
12/21/2017,53.01,"12,777,690",52.81,53.6,52.605
12/20/2017,52.77,"11,642,330",53.11,53.35,52.68
12/19/2017,52.83,"13,972,930",53.27,53.59,52.695
12/18/2017,53.25,"15,874,180",52.94,53.39,52.66
12/15/2017,52.67,"28,920,190",52.57,52.89,52.39
12/14/2017,52.34,"18,772,400",52.6,52.74,52.085
12/13/2017,52.89,"17,119,680",52.99,53.19,52.28
12/12/2017,53.19,"22,892,440",52.35,53.34,52.33
12/11/2017,51.84,"13,542,290",51.22,51.93,50.97
12/08/2017,51.09,"13,638,740",50.5,51.175,50.36
12/07/2017,50.42,"11,982,680",50.59,50.74,50.2
12/06/2017,50.68,"17,049,430",50.65,50.8399,50.24
12/05/2017,50.92,"17,572,150",51.75,51.89,50.78
12/04/2017,51.72,"19,368,530",51.52,52.33,51.5
12/01/2017,51.25,"23,796,210",50.9,51.545,50.33
11/30/2017,50.89,"33,259,800",50.0,51.0944,49.99
11/29/2017,49.9,"30,990,610",48.84,50.49,48.84
11/28/2017,48.82,"20,980,500",47.7,48.84,47.53
11/27/2017,47.66,"17,265,460",47.37,47.9,47.35
11/24/2017,47.01,"5,097,203",47.06,47.18,46.845
11/22/2017,47.1,"15,823,420",46.25,47.42,46.24
11/21/2017,46.18,"13,565,360",46.34,46.4468,46.01
11/20/2017,46.2,"18,216,610",45.8,46.35,45.5
11/17/2017,45.42,"18,932,280",44.63,45.77,44.62
11/16/2017,44.77,"13,224,140",44.21,44.88,44.11
11/15/2017,44.11,"15,665,510",44.33,44.38,43.965
11/14/2017,44.22,"20,820,860",44.69,44.85,44.15
11/13/2017,44.75,"16,663,950",44.92,45.08,44.7
11/10/2017,44.88,"17,065,160",45.11,45.11,44.75
11/09/2017,45.07,"21,075,690",45.29,45.43,44.81
11/08/2017,45.46,"17,412,950",45.41,45.52,45.14
11/07/2017,45.57,"25,788,200",45.21,45.5878,44.68
11/06/2017,45.53,"36,432,620",46.31,46.35,44.84
11/03/2017,47.42,"8,037,692",47.66,47.74,47.235
11/02/2017,47.46,"13,120,120",47.88,47.94,47.18
11/01/2017,47.83,"11,035,550",48.15,48.17,47.56
10/31/2017,47.87,"15,612,710",47.94,48.18,47.71
10/30/2017,47.83,"24,578,560",48.88,49.12,47.42
10/27/2017,48.87,"12,410,010",48.72,49.3875,48.53
10/26/2017,48.89,"14,412,210",48.86,49.43,48.75
10/25/2017,48.64,"19,255,590",48.68,48.79,48.15
10/24/2017,48.94,"11,442,260",49.16,49.28,48.72
10/23/2017,48.99,"15,659,270",49.47,49.69,48.91
10/20/2017,49.53,"16,258,090",49.45,49.59,48.93
10/19/2017,49.21,"28,847,050",50.05,51.18,49.05
10/18/2017,48.65,"20,387,640",48.33,48.85,47.76
10/17/2017,48.4,"13,618,250",48.09,48.49,47.87
10/16/2017,48.09,"10,394,330",47.9,48.35,47.7
10/13/2017,47.86,"20,102,190",48.34,48.48,47.83
10/12/2017,48.35,"17,043,180",48.44,48.85,48.13
10/11/2017,48.86,"10,323,520",49.14,49.32,48.51
10/10/2017,49.14,"10,842,580",49.28,49.49,49.055
10/09/2017,49.05,"10,702,940",48.89,49.09,48.65
10/06/2017,48.81,"13,189,270",49.04,49.2,48.6555
10/05/2017,49.77,"12,230,610",49.96,50.0345,49.675
10/04/2017,49.9,"9,856,452",49.64,50.08,49.38
10/03/2017,49.85,"10,203,550",49.45,50.02,49.43
10/02/2017,49.36,"9,364,726",49.39,49.7,49.25
09/29/2017,49.49,"12,701,180",49.3,49.83,49.01
09/28/2017,49.41,"8,227,549",49.24,49.565,49.1401
09/27/2017,49.51,"13,912,020",49.19,49.725,49.12
09/26/2017,49.51,"10,733,930",49.96,50.08,49.4
09/25/2017,49.9,"13,544,840",49.87,50.315,49.745
09/22/2017,49.9,"20,618,440",49.19,50.08,49.02
09/21/2017,48.94,"14,278,290",49.37,49.44,48.844
09/20/2017,49.48,"18,738,320",49.3,49.64,49.08
09/19/2017,49.34,"30,778,420",48.09,49.55,48.01
09/18/2017,48.09,"18,771,340",47.91,48.245,47.51
09/15/2017,47.86,"24,069,010",47.42,47.9,47.055
09/14/2017,47.18,"11,798,130",47.24,47.59,47.01
09/13/2017,47.25,"12,753,210",46.78,47.26,46.68
09/12/2017,46.79,"11,178,790",46.5,46.95,46.38
09/11/2017,46.3,"11,072,910",46.23,46.34,46.12
09/08/2017,46.11,"14,141,890",46.18,46.39,45.71
09/07/2017,46.2,"16,589,360",47.0,47.21,46.07
09/06/2017,46.91,"13,240,720",47.47,47.56,46.615
09/05/2017,47.36,"9,982,347",47.78,47.92,47.3
09/01/2017,47.92,"11,447,650",48.02,48.07,47.77
08/31/2017,47.97,"14,227,910",48.26,48.399,47.93
08/30/2017,48.12,"10,738,750",48.33,48.37,48.0
08/29/2017,48.51,"6,043,840",48.36,48.755,48.33
08/28/2017,48.61,"6,314,732",48.65,48.75,48.31
08/25/2017,48.68,"9,825,820",48.48,48.98,48.43
08/24/2017,48.31,"8,898,161",48.35,48.555,48.18
08/23/2017,48.28,"8,909,187",48.26,48.67,48.1901
08/22/2017,48.35,"10,995,690",48.13,48.44,47.78
08/21/2017,48.14,"10,550,530",47.83,48.5,47.685
08/18/2017,47.69,"16,918,990",47.85,47.95,47.51
08/17/2017,47.89,"10,346,030",48.37,48.45,47.89
08/16/2017,48.41,"9,447,047",48.37,48.53,48.22
08/15/2017,48.48,"11,153,960",48.56,48.59,48.19
08/14/2017,48.78,"11,055,750",48.17,48.8,48.15
08/11/2017,48.06,"10,419,550",48.2,48.23,47.7
08/10/2017,48.02,"12,749,980",48.18,48.21,47.855
08/09/2017,48.22,"18,886,290",48.52,48.64,48.08
08/08/2017,48.6,"10,841,240",48.75,48.95,48.43
08/07/2017,48.86,"10,440,970",48.79,48.96,48.68
08/04/2017,48.91,"13,820,670",48.55,48.91,48.14
08/03/2017,48.61,"15,188,270",48.09,48.61,47.94
08/02/2017,48.21,"19,218,910",48.9,48.93,47.9
08/01/2017,48.89,"33,484,410",48.68,49.63,48.53
07/31/2017,48.4,"28,413,560",47.85,48.57,47.48
07/28/2017,47.94,"25,295,420",47.7,48.38,47.12
07/27/2017,47.81,"44,692,810",46.26,47.84,45.95
07/26/2017,44.4,"19,034,930",44.8,44.83,44.2774
07/25/2017,43.98,"9,816,146",43.9,44.17,43.81
07/24/2017,43.71,"11,714,880",44.15,44.21,43.68
07/21/2017,44.23,"11,425,810",44.23,44.31,43.82
07/20/2017,44.22,"19,272,890",43.5,44.58,43.48
07/19/2017,43.45,"13,703,160",43.35,43.54,43.2
07/18/2017,43.36,"15,398,200",43.66,43.79,43.26
07/17/2017,43.66,"10,804,590",43.63,43.859,43.56
07/14/2017,43.56,"11,941,620",43.63,43.82,43.41
07/13/2017,43.49,"12,138,930",43.15,43.54,43.0387
07/12/2017,43.22,"11,387,040",43.04,43.38,43.0
07/11/2017,42.89,"13,239,030",43.21,43.22,42.8
07/10/2017,43.2,"12,115,400",43.48,43.51,43.18
07/07/2017,43.48,"11,834,270",43.53,43.595,43.205
07/06/2017,43.52,"16,849,540",43.97,44.09,43.52
07/05/2017,44.65,"14,850,250",45.05,45.06,44.44
07/03/2017,45.0,"9,732,120",44.61,45.08,44.51
06/30/2017,44.66,"13,366,130",44.62,44.75,44.36
06/29/2017,44.41,"17,909,360",44.8,44.9,44.39
06/28/2017,44.84,"18,696,880",44.98,45.23,44.68
06/27/2017,44.84,"20,184,230",44.97,45.145,44.81
06/26/2017,45.75,"10,103,030",45.45,45.98,45.45
06/23/2017,45.39,"10,068,880",45.43,45.46,45.3
06/22/2017,45.42,"10,510,110",45.47,45.59,45.18
06/21/2017,45.41,"15,022,330",45.95,46.02,45.09
06/20/2017,45.94,"16,755,450",46.4,46.405,45.735
06/19/2017,46.57,"9,674,179",46.63,46.63,46.29
06/16/2017,46.63,"22,558,390",46.86,47.0,46.33
06/15/2017,46.64,"10,983,950",46.58,46.83,46.495
06/14/2017,46.69,"9,808,267",46.63,46.78,46.41
06/13/2017,46.46,"15,191,000",47.3,47.31,46.4
06/12/2017,47.19,"18,927,100",46.8,47.5,46.79
06/09/2017,46.72,"11,698,510",46.17,46.78,46.01
06/08/2017,46.19,"11,653,590",46.5,46.56,46.0
06/07/2017,46.5,"8,648,364",46.52,46.7,46.3639
06/06/2017,46.44,"11,603,440",46.37,46.81,46.24
06/05/2017,46.37,"8,537,710",46.17,46.42,46.02
06/02/2017,46.44,"18,552,610",46.63,47.19,46.32
06/01/2017,46.51,"14,204,990",46.71,46.71,46.1
05/31/2017,46.64,"22,867,120",46.43,46.945,46.255
05/30/2017,46.2,"16,439,840",45.26,46.33,45.26
05/26/2017,45.32,"5,999,357",45.25,45.4366,45.24
05/25/2017,45.31,"11,195,450",45.05,45.38,45.01
05/24/2017,45.04,"15,940,690",45.45,45.49,44.85
05/23/2017,45.48,"8,065,907",45.48,45.58,45.4
05/22/2017,45.48,"9,280,975",45.39,45.555,45.28
