date,close,volume,open,high,low
05/15/2026,131.45,"25,322,970",133.69,133.95,130.785
05/14/2026,132.46,"14,200,410",131.355,132.78,130.86
05/13/2026,131.47,"13,786,550",129.19,132.53,128.77
05/12/2026,130.35,"17,935,360",128.075,131.12,127.72
05/11/2026,127.59,"18,699,180",130.18,130.6,126.38
05/08/2026,130.43,"15,183,660",130.315,131.41,130.25
05/07/2026,130.2,"14,935,410",129.895,130.6,128.665
05/06/2026,130.08,"16,371,550",130.86,131.15,129.53
05/05/2026,130.79,"10,637,310",130.51,131.73,130.3
05/04/2026,130.33,"10,340,670",130.41,131.75,129.68
05/01/2026,131.6,"10,480,870",131.915,133.37,130.98
04/30/2026,131.93,"19,867,700",128.02,132.43,127.95
04/29/2026,128.01,"16,538,800",126.68,128.08,125.91
04/28/2026,127.59,"16,341,770",129.34,129.77,126.78
04/27/2026,127.59,"17,029,470",129.615,129.81,127.395
04/24/2026,129.92,"16,016,320",131.94,132.12,129.2812
04/23/2026,132.03,"16,376,000",130.57,132.46,130.49
04/22/2026,129.98,"17,624,490",130.0,130.4499,128.84
04/21/2026,129.6,"17,312,390",127.83,129.77,127.48
04/20/2026,127.92,"18,933,590",127.87,129.47,127.32
04/17/2026,127.5,"24,763,650",124.57,127.57,123.37
04/16/2026,124.82,"18,324,540",124.33,125.94,123.965
04/15/2026,124.76,"17,001,400",124.63,125.07,123.1799
04/14/2026,125.05,"15,320,780",123.15,125.2,122.545
04/13/2026,124.57,"14,510,630",126.29,126.3,123.95
04/10/2026,126.77,"13,893,960",128.715,128.928,126.22
04/09/2026,129.13,"13,853,070",127.085,129.69,126.82
04/08/2026,127.26,"20,194,260",122.28,127.3,121.33
04/07/2026,122.49,"16,076,010",126.19,126.36,121.79
04/06/2026,126.79,"10,850,380",125.81,126.98,125.37
04/02/2026,125.79,"11,898,350",125.15,125.9,124.15
04/01/2026,124.74,"17,039,650",123.8,125.23,123.13
03/31/2026,124.28,"21,330,350",123.43,125.0,122.84
03/30/2026,123.5,"20,428,910",123.71,125.26,123.14
03/27/2026,122.89,"16,543,340",122.03,124.27,121.82
03/26/2026,122.18,"16,442,510",123.61,123.8,121.79
03/25/2026,123.06,"16,597,270",122.81,123.485,121.7784
03/24/2026,122.05,"17,269,590",120.625,124.11,120.49
03/23/2026,120.72,"22,181,470",120.48,121.13,119.045
03/20/2026,119.02,"57,545,640",120.63,121.3,118.02
03/19/2026,121.09,"17,927,690",122.4,122.75,119.27
03/18/2026,121.98,"19,734,860",124.333,124.6099,121.83
03/17/2026,125.08,"19,895,030",126.65,127.19,124.8601
03/16/2026,125.99,"20,463,180",126.76,126.98,124.83
03/13/2026,126.52,"15,194,090",125.39,126.685,124.97
03/12/2026,125.33,"21,751,580",122.295,125.39,122.28
03/11/2026,123.49,"18,176,460",125.305,125.49,123.05
03/10/2026,125.12,"18,793,640",124.21,126.0988,123.35
03/09/2026,124.34,"19,375,940",123.689,124.505,122.5
03/06/2026,123.8,"21,553,050",122.495,124.185,121.62
03/05/2026,123.31,"28,604,880",125.38,125.6792,121.65
03/04/2026,127.81,"16,434,130",127.11,128.17,126.2401
03/03/2026,127.91,"16,480,390",126.52,128.3683,125.67
03/02/2026,127.1,"17,091,520",127.46,128.75,127.05
02/27/2026,127.95,"29,205,470",125.515,128.6,125.145
02/26/2026,124.42,"18,638,350",125.98,127.33,123.94
02/25/2026,125.75,"17,345,740",126.605,127.4,125.42
02/24/2026,126.75,"20,161,160",125.9,128.04,124.91
02/23/2026,125.81,"25,662,810",123.52,126.8,122.96
02/20/2026,122.99,"35,150,950",123.0,123.48,121.05
02/19/2026,124.87,"42,993,260",128.5,130.1,124.4
02/18/2026,126.62,"36,485,000",128.13,128.865,125.77
02/17/2026,128.85,"37,995,930",133.11,134.69,128.16
02/13/2026,133.89,"24,131,180",132.7,134.65,131.75
02/12/2026,133.64,"33,382,690",129.38,134.49,129.31
02/11/2026,128.77,"19,232,140",126.695,129.74,126.63
02/10/2026,126.7,"24,661,950",128.94,129.34,126.39
02/09/2026,129.02,"27,197,290",131.42,131.7899,128.09
02/06/2026,131.18,"26,593,430",127.29,131.7,127.05
02/05/2026,126.94,"30,517,790",128.58,129.6,126.56
02/04/2026,128.0,"27,531,790",128.13,129.41,127.09
02/03/2026,127.71,"32,018,680",123.65,128.165,123.65
02/02/2026,124.06,"31,210,060",119.5,124.2,119.05
01/30/2026,119.14,"22,215,390",116.905,119.41,116.6
01/29/2026,117.41,"16,381,110",116.45,117.655,116.07
01/28/2026,116.57,"16,342,000",116.635,117.4567,115.865
01/27/2026,116.94,"22,968,630",117.5,117.63,115.48
01/26/2026,117.64,"19,552,230",117.81,118.85,117.39
01/23/2026,117.73,"20,806,910",118.17,118.61,117.1363
01/22/2026,117.83,"24,547,330",119.29,119.52,117.65
01/21/2026,119.36,"34,811,700",118.075,120.49,117.545
01/20/2026,118.71,"45,333,980",120.89,121.62,117.61
01/16/2026,119.7,"415,144,600",118.67,120.6,116.9
01/15/2026,119.2,"34,559,430",119.98,120.87,118.73
01/14/2026,120.04,"32,764,040",120.19,121.235,119.03
01/13/2026,120.36,"31,222,060",117.89,120.51,117.73
01/12/2026,117.97,"49,182,080",117.5,118.84,116.4115
01/09/2026,114.53,"21,902,860",112.255,115.455,112.255
01/08/2026,113.07,"24,058,260",111.29,113.47,109.8124
01/07/2026,112.72,"23,306,000",114.185,114.73,112.1
01/06/2026,114.34,"20,120,820",112.4,114.79,111.99
01/05/2026,112.71,"19,557,620",112.82,113.73,112.1483
01/02/2026,112.76,"14,306,560",111.425,112.79,111.12
12/31/2025,111.41,"11,487,430",111.73,112.25,111.315
12/30/2025,111.92,"11,730,590",111.89,112.69,111.835
12/29/2025,112.53,"12,979,570",111.59,112.78,111.57
12/26/2025,111.74,"9,003,791",111.72,111.97,111.36
12/24/2025,111.61,"9,009,629",110.9,111.71,110.55
12/23/2025,110.9,"20,319,920",111.99,112.349,110.7
12/22/2025,112.6,"21,473,910",114.01,114.32,112.22
12/19/2025,114.36,"50,043,760",115.135,115.28,113.525
12/18/2025,114.83,"21,476,680",115.01,116.48,114.61
12/17/2025,115.66,"16,177,750",115.2,116.3897,115.07
12/16/2025,115.42,"19,642,350",116.575,116.88,114.95
12/15/2025,116.79,"18,713,740",116.925,117.45,115.64
12/12/2025,116.7,"19,092,410",115.26,116.95,115.02
12/11/2025,115.52,"21,586,640",113.14,115.87,112.85
12/10/2025,113.18,"22,859,580",115.35,116.23,112.99
12/09/2025,115.06,"24,326,690",113.95,115.72,113.021
12/08/2025,113.56,"22,700,750",114.57,114.99,112.3
12/05/2025,115.11,"23,956,430",114.73,116.27,114.675
12/04/2025,114.84,"25,905,150",113.62,114.885,113.1631
12/03/2025,114.41,"24,478,280",112.5,114.89,112.221
12/02/2025,112.41,"18,711,770",111.47,112.6475,110.79
12/01/2025,111.53,"17,236,750",110.51,111.755,110.36
11/28/2025,110.51,"9,846,525",109.3,110.7,109.0
11/26/2025,109.1,"17,783,280",107.2,109.59,107.17
11/25/2025,107.0,"20,212,880",104.61,107.42,104.23
11/24/2025,104.06,"42,519,160",105.36,106.27,103.76
11/21/2025,105.32,"41,420,780",107.98,108.15,104.7244
11/20/2025,107.11,"50,375,920",103.94,107.91,102.68
11/19/2025,100.61,"22,157,030",101.58,101.7101,99.68
11/18/2025,101.39,"17,604,460",102.98,103.3428,101.38
11/17/2025,102.95,"15,289,370",102.58,103.315,102.1001
11/14/2025,102.48,"23,424,210",100.2,102.49,98.88
11/13/2025,102.54,"18,088,510",103.59,103.93,102.02
11/12/2025,103.44,"12,084,410",103.35,103.5981,102.663
11/11/2025,103.44,"13,182,140",102.5,103.74,102.32
11/10/2025,102.42,"14,507,600",102.15,102.665,101.602
11/07/2025,102.59,"17,248,720",102.13,102.97,101.73
11/06/2025,101.68,"14,866,030",101.34,101.93,100.03
11/05/2025,101.47,"13,356,820",101.74,102.675,100.85
11/04/2025,102.27,"12,636,350",102.13,102.62,101.46
11/03/2025,101.59,"14,811,690",100.815,101.8,100.4
10/31/2025,101.18,"20,237,020",101.7,102.095,100.18
10/30/2025,102.23,"14,065,080",102.2,103.37,101.96
10/29/2025,102.46,"11,986,410",102.905,103.67,102.11
10/28/2025,103.17,"13,322,990",104.06,104.14,103.05
10/27/2025,104.47,"16,375,860",106.34,106.36,104.15
10/24/2025,106.17,"10,317,960",107.07,107.165,105.51
10/23/2025,106.86,"11,408,240",107.35,107.57,105.78
10/22/2025,107.14,"12,296,490",106.55,107.765,105.655
10/21/2025,106.22,"10,899,730",107.33,107.48,106.18
10/20/2025,107.05,"10,581,220",107.85,108.25,106.61
10/17/2025,107.73,"13,735,590",107.17,108.2,106.22
10/16/2025,106.47,"16,366,170",109.2,109.575,105.66
10/15/2025,109.03,"21,416,290",107.32,109.555,107.3
10/14/2025,107.21,"30,859,500",104.05,107.92,102.8921
10/13/2025,102.12,"10,871,180",101.37,102.45,101.07
10/10/2025,101.84,"18,519,440",102.05,103.6291,101.52
10/09/2025,101.77,"19,508,020",103.13,103.45,100.37
10/08/2025,102.9,"13,584,080",103.02,103.26,102.15
10/07/2025,103.24,"15,538,860",102.38,103.25,100.95
10/06/2025,102.7,"13,303,560",101.88,103.065,101.58
10/03/2025,102.07,"11,867,480",101.46,102.815,101.2
10/02/2025,101.7,"15,605,360",101.45,102.135,99.87
10/01/2025,101.96,"16,142,770",102.56,102.86,100.55
09/30/2025,103.06,"13,873,390",103.0,103.935,102.72
09/29/2025,103.08,"15,477,160",103.05,103.31,102.075
09/26/2025,103.16,"11,859,270",102.875,103.49,102.47
09/25/2025,103.05,"13,366,750",103.215,103.51,102.58
09/24/2025,102.73,"11,391,830",103.04,103.47,102.475
09/23/2025,102.52,"13,158,660",102.41,102.68,101.33
09/22/2025,102.82,"12,861,950",102.45,103.2,101.9211
09/19/2025,102.33,"34,791,570",103.81,103.94,102.09
09/18/2025,103.6,"14,869,390",103.78,104.635,102.12
09/17/2025,104.27,"25,382,020",103.73,106.11,103.73
09/16/2025,103.42,"14,481,860",103.85,104.21,103.13
09/15/2025,103.69,"10,756,880",103.65,103.98,103.405
09/12/2025,103.49,"11,641,930",102.535,103.975,102.36
09/11/2025,102.65,"15,900,790",100.99,102.775,100.28
09/10/2025,100.41,"17,934,870",101.95,102.4499,100.39
09/09/2025,102.29,"11,819,660",102.0,102.49,101.55
09/08/2025,102.28,"13,685,740",100.85,102.36,100.42
09/05/2025,100.51,"13,748,450",101.08,101.48,99.55
09/04/2025,100.93,"15,640,900",99.91,101.35,99.65
09/03/2025,99.44,"18,995,910",97.85,99.44,97.5
09/02/2025,97.85,"15,351,290",97.23,97.85,96.51
08/29/2025,96.98,"15,600,270",96.1,97.025,95.795
08/28/2025,96.11,"19,241,630",96.0,96.57,95.7
08/27/2025,96.08,"12,925,660",95.9,96.315,95.6
08/26/2025,96.05,"22,270,350",96.275,96.47,95.42
08/25/2025,96.07,"18,956,140",97.0,97.58,96.07
08/22/2025,96.83,"32,695,180",98.065,99.05,96.76
08/21/2025,97.96,"51,825,050",99.41,99.45,96.95
08/20/2025,102.57,"18,655,030",101.15,102.65,100.93
08/19/2025,101.29,"16,999,000",100.96,102.43,100.8
08/18/2025,100.7,"11,656,140",100.0,100.875,99.915
08/15/2025,100.0,"13,604,940",100.63,100.77,99.5402
08/14/2025,100.85,"10,858,450",101.22,101.44,100.72
08/13/2025,100.99,"19,398,500",102.15,102.805,100.85
08/12/2025,103.62,"17,919,330",104.25,104.31,103.37
08/11/2025,103.93,"12,856,710",103.9,104.33,103.11
08/08/2025,103.73,"12,394,720",103.37,104.72,103.15
08/07/2025,103.12,"12,509,480",103.46,103.9,102.11
08/06/2025,103.36,"23,738,420",99.46,103.685,99.46
08/05/2025,99.31,"17,977,010",99.67,100.47,98.91
08/04/2025,99.59,"19,050,210",98.2,99.91,98.2
08/01/2025,98.49,"16,750,410",98.0,98.83,97.6705
07/31/2025,97.98,"15,651,350",97.44,98.63,97.31
07/30/2025,97.59,"13,864,100",98.61,98.88,97.29
07/29/2025,98.33,"14,034,270",97.78,98.72,97.34
07/28/2025,97.61,"12,293,060",97.28,98.125,97.075
07/25/2025,97.47,"12,868,470",96.84,97.65,96.53
07/24/2025,96.6,"14,991,520",95.57,96.955,95.35
07/23/2025,95.68,"9,729,672",96.01,96.29,95.29
07/22/2025,95.85,"9,049,130",95.84,96.67,95.74
07/21/2025,95.67,"13,450,360",95.255,96.64,95.1
07/18/2025,95.05,"14,636,290",95.085,95.4801,94.43
07/17/2025,95.09,"11,165,130",95.075,95.63,94.89
07/16/2025,95.15,"11,181,550",95.415,95.8296,94.605
07/15/2025,95.39,"10,450,760",95.6,95.78,94.935
07/14/2025,95.78,"13,779,080",94.51,95.84,94.38
07/11/2025,94.4,"14,595,050",95.005,95.5344,94.23
07/10/2025,94.86,"18,894,790",96.66,96.78,94.735
07/09/2025,96.81,"13,702,620",97.15,97.29,96.38
07/08/2025,97.09,"16,874,950",98.82,99.17,96.51
07/07/2025,99.35,"12,930,910",98.23,99.35,97.62
07/03/2025,98.36,"7,686,204",97.7,98.48,97.42
07/02/2025,97.61,"12,501,970",98.125,98.3817,97.055
07/01/2025,98.24,"15,635,850",97.6,99.1899,97.4238
06/30/2025,97.78,"17,803,030",97.23,98.14,96.31
06/27/2025,97.27,"31,431,910",96.32,97.76,96.16
06/26/2025,96.02,"19,361,420",96.9,97.34,95.915
06/25/2025,97.26,"11,154,680",98.31,98.56,97.15
06/24/2025,98.0,"22,403,660",97.73,99.105,97.25
06/23/2025,97.87,"20,432,350",95.92,97.93,95.67
06/20/2025,96.12,"20,604,920",95.24,96.31,95.2
06/18/2025,95.09,"11,333,690",94.57,95.49,94.09
06/17/2025,94.25,"14,935,630",93.95,94.82,93.62
06/16/2025,94.29,"14,881,660",94.75,95.78,94.095
06/13/2025,94.44,"18,694,740",94.52,95.32,94.005
06/12/2025,94.83,"17,845,700",94.89,95.26,93.43
06/11/2025,95.8,"16,389,620",97.29,97.29,95.35
06/10/2025,97.32,"17,162,470",97.29,98.0892,96.48
06/09/2025,97.45,"13,655,700",97.4,97.85,96.77
06/06/2025,97.47,"15,599,290",98.37,98.56,96.97
06/05/2025,97.96,"15,825,280",99.295,99.59,97.605
06/04/2025,99.35,"11,115,650",99.79,100.13,99.32
06/03/2025,99.98,"15,598,640",99.565,100.89,98.57
06/02/2025,99.77,"16,999,210",98.84,99.905,98.05
05/30/2025,98.72,"29,980,070",96.96,98.93,96.6
05/29/2025,97.1,"14,343,740",97.63,97.77,96.8509
05/28/2025,97.24,"11,220,100",97.52,98.24,97.06
05/27/2025,97.58,"17,180,940",97.3,97.795,96.58
05/23/2025,96.34,"13,668,620",95.34,96.54,95.0
05/22/2025,95.93,"13,712,160",96.54,96.96,95.815
05/21/2025,96.43,"15,742,340",97.125,97.7556,95.975
05/20/2025,97.8,"15,609,610",98.555,98.8183,96.52
05/19/2025,98.12,"20,041,570",96.65,98.28,95.81
05/16/2025,98.24,"33,746,190",96.14,99.1946,95.995
05/15/2025,96.35,"44,026,130",94.3,96.72,91.89
05/14/2025,96.83,"25,620,110",96.025,97.33,95.83
05/13/2025,95.88,"19,746,660",96.5,97.32,95.225
05/12/2025,96.75,"26,783,930",97.67,97.97,95.62
05/09/2025,96.72,"13,697,820",96.75,97.2,96.29
05/08/2025,97.43,"14,461,120",98.75,99.33,97.355
05/07/2025,98.83,"11,310,190",98.55,99.2308,98.31
05/06/2025,98.55,"10,626,000",98.74,99.47,98.41
05/05/2025,99.33,"12,439,130",98.94,99.74,98.53
05/02/2025,98.75,"16,031,370",97.95,99.22,97.85
05/01/2025,97.41,"13,171,780",97.015,97.9,96.59
04/30/2025,97.25,"21,639,860",95.94,97.78,94.93
04/29/2025,96.04,"12,679,030",94.84,96.18,94.42
04/28/2025,95.22,"12,950,000",95.1,96.0,94.34
04/25/2025,95.09,"15,317,220",95.8,96.47,94.36
04/24/2025,95.84,"13,444,530",94.71,96.215,93.6601
04/23/2025,94.96,"18,046,890",95.0164,96.6,94.1619
04/22/2025,94.85,"15,407,770",92.88,95.29,92.88
04/21/2025,92.41,"18,361,210",93.02,94.08,91.34
04/17/2025,93.22,"21,393,920",91.83,93.87,91.62
04/16/2025,91.19,"22,229,110",94.0,94.3,90.61
04/15/2025,93.97,"21,871,210",94.82,96.03,93.87
04/14/2025,94.73,"27,742,920",93.27,95.44,92.9
04/11/2025,92.8,"25,508,140",90.68,93.35,90.01
04/10/2025,90.61,"34,735,320",88.73,91.87,88.1634
04/09/2025,89.6,"46,632,760",83.325,90.8,83.02
04/08/2025,81.79,"34,351,740",85.85,86.965,81.03
04/07/2025,83.83,"36,884,940",80.24,86.26,79.81
04/04/2025,83.19,"36,209,020",85.64,87.39,82.65
04/03/2025,87.26,"33,012,930",86.28,89.88,86.28
04/02/2025,89.76,"19,384,140",88.2,90.145,88.1175
04/01/2025,88.83,"22,080,250",87.535,89.11,87.37
03/31/2025,87.79,"30,269,310",84.76,88.2,84.37
03/28/2025,85.15,"14,790,570",85.43,85.83,84.7
03/27/2025,85.63,"16,782,810",84.775,86.11,84.775
03/26/2025,85.21,"27,241,500",85.19,85.56,84.57
03/25/2025,84.76,"27,908,570",86.76,87.305,84.62
03/24/2025,87.49,"17,900,730",86.47,87.65,86.35
03/21/2025,85.98,"26,797,180",85.28,86.23,84.78
03/20/2025,85.81,"18,185,510",85.81,87.08,85.515
03/19/2025,86.33,"24,555,860",85.95,86.785,85.62
03/18/2025,85.59,"17,850,930",87.44,87.675,85.5
03/17/2025,87.46,"26,297,770",85.13,87.985,84.98
03/14/2025,85.35,"35,500,650",84.96,85.37,84.06
03/13/2025,84.5,"31,507,750",84.94,85.45,83.87
03/12/2025,85.2,"33,301,610",87.88,89.1,84.88
03/11/2025,87.44,"28,687,590",87.29,89.345,87.14
03/10/2025,87.82,"35,148,840",89.76,90.23,86.61
03/07/2025,91.72,"35,913,160",93.94,93.95,90.76
03/06/2025,94.64,"19,957,800",94.8,96.19,94.1833
03/05/2025,95.98,"17,638,960",94.97,96.39,94.75
03/04/2025,94.97,"25,227,670",95.76,97.05,94.46
03/03/2025,97.59,"18,372,190",97.98,99.49,96.825
02/28/2025,98.61,"25,451,260",97.79,98.86,97.17
02/27/2025,96.79,"16,431,470",95.9,98.0399,95.8092
02/26/2025,96.2,"19,069,720",97.7,98.725,96.07
02/25/2025,97.69,"29,331,190",94.35,97.91,94.24
02/24/2025,93.67,"29,755,880",94.18,94.64,92.12
02/21/2025,94.78,"35,014,810",96.53,96.85,94.115
02/20/2025,97.21,"55,450,920",98.78,100.12,96.6808
02/19/2025,104.0,"18,507,980",103.85,104.2,102.55
02/18/2025,103.78,"18,247,310",103.72,103.99,102.51
02/14/2025,104.04,"14,109,460",105.3,105.3,103.6
02/13/2025,105.05,"12,604,410",104.0,105.24,103.53
02/12/2025,103.61,"15,162,130",102.12,103.9,102.04
02/11/2025,102.47,"11,953,630",102.62,102.85,101.85
02/10/2025,102.92,"15,274,640",101.95,102.93,101.25
02/07/2025,101.15,"12,451,070",103.0,103.11,101.11
02/06/2025,102.85,"13,088,470",102.53,103.02,101.94
02/05/2025,102.46,"15,926,720",100.65,102.58,100.54
02/04/2025,100.77,"15,201,190",99.97,100.95,99.69
02/03/2025,99.54,"20,484,150",96.77,99.79,96.47
01/31/2025,98.16,"16,413,890",99.0,99.0,97.7
01/30/2025,98.65,"11,012,220",97.69,98.93,97.42
01/29/2025,97.5,"11,261,440",97.425,98.17,97.22
01/28/2025,97.29,"14,641,620",97.23,97.84,96.7251
01/27/2025,97.4,"18,880,610",95.9,97.46,94.82
01/24/2025,94.76,"14,973,770",93.54,95.01,93.455
01/23/2025,93.81,"14,198,440",92.96,93.81,92.32
01/22/2025,93.23,"15,567,060",93.77,94.0,92.52
01/21/2025,93.08,"23,247,450",92.48,94.24,92.31
01/17/2025,91.94,"15,868,210",92.07,92.26,91.05
01/16/2025,91.3,"13,267,720",91.5,91.72,90.12
01/15/2025,91.34,"17,348,170",91.065,91.725,90.81
01/14/2025,90.79,"13,549,160",91.86,91.98,90.565
01/13/2025,91.53,"18,617,080",92.12,92.43,91.1
01/10/2025,93.0,"18,140,860",92.49,93.575,92.2
01/08/2025,91.8,"13,453,630",91.11,91.845,90.82
01/07/2025,90.81,"11,238,040",91.7,91.94,90.45
01/06/2025,91.43,"14,519,860",90.83,92.47,90.67
01/03/2025,90.78,"10,834,630",90.15,91.3,90.14
01/02/2025,90.0,"14,820,440",89.98,90.6,89.52
12/31/2024,90.35,"11,267,650",90.57,90.94,90.055
12/30/2024,90.57,"9,790,196",90.73,91.07,90.13
12/27/2024,91.66,"11,384,360",92.13,92.35,91.03
12/26/2024,92.79,"10,997,610",92.54,92.875,92.17
12/24/2024,92.68,"8,992,427",90.37,92.68,90.35
12/23/2024,90.35,"26,205,380",91.5,91.5,88.91
12/20/2024,92.24,"49,350,590",93.01,93.7486,91.63
12/19/2024,93.4,"16,606,500",94.48,94.565,93.36
12/18/2024,93.55,"24,665,600",95.34,95.895,93.1304
12/17/2024,95.42,"23,560,820",95.14,95.49,94.32
12/16/2024,94.87,"16,741,990",94.42,95.705,94.1048
12/13/2024,94.25,"11,495,850",93.8,94.68,93.04
12/12/2024,94.09,"14,298,630",95.68,95.715,94.09
12/11/2024,94.96,"19,682,090",94.54,95.69,94.5
12/10/2024,94.55,"13,164,490",94.05,95.24,93.77
12/09/2024,93.83,"20,931,080",95.66,95.94,93.602
12/06/2024,95.7,"18,803,500",95.54,96.18,95.33
12/05/2024,95.3,"21,932,330",94.89,95.6,94.34
12/04/2024,94.45,"17,312,580",93.45,94.515,93.05
12/03/2024,93.51,"17,775,230",92.78,93.59,92.26
12/02/2024,92.64,"17,172,950",92.82,92.9887,91.95
11/29/2024,92.5,"11,041,180",92.26,92.64,91.82
11/27/2024,91.88,"14,358,860",92.0,92.25,91.31
11/26/2024,91.31,"16,657,020",89.89,91.88,89.84
11/25/2024,89.5,"25,078,630",90.5,90.95,89.06
11/22/2024,90.44,"23,990,650",89.41,90.91,88.93
11/21/2024,88.39,"18,729,220",87.45,88.64,86.93
11/20/2024,87.18,"18,183,190",86.6,87.2,85.91
11/19/2024,86.6,"36,340,860",86.23,88.29,85.91
11/18/2024,84.08,"25,278,120",84.82,84.85,83.66
11/15/2024,84.25,"17,370,600",84.53,84.78,83.942
11/14/2024,84.47,"15,740,730",85.03,85.76,84.34
11/13/2024,85.5,"12,802,620",84.99,85.79,84.77
11/12/2024,84.99,"12,860,190",84.5,85.53,84.5
11/11/2024,84.21,"10,433,170",84.95,85.41,84.12
11/08/2024,84.83,"14,396,540",84.28,85.42,84.23
11/07/2024,83.85,"12,665,780",83.72,84.39,83.42
11/06/2024,83.44,"19,974,040",85.14,85.54,82.06
11/05/2024,83.68,"10,612,490",82.68,83.77,82.51
11/04/2024,82.45,"11,731,040",82.2,82.905,82.0
11/01/2024,82.19,"12,181,830",82.53,82.53,81.54
10/31/2024,81.95,"15,538,970",81.29,82.44,81.22
10/30/2024,81.39,"9,268,824",81.6,81.83,81.3
10/29/2024,81.7,"9,682,403",82.67,82.86,81.665
10/28/2024,82.75,"7,990,186",82.75,83.08,82.47
10/25/2024,82.51,"8,959,412",83.2,83.3,82.435
10/24/2024,83.04,"11,645,860",82.96,83.315,82.58
10/23/2024,83.27,"13,058,240",81.89,83.34,81.8
10/22/2024,82.02,"12,240,150",81.11,82.225,80.825
10/21/2024,80.81,"9,750,376",81.23,81.5496,80.72
10/18/2024,81.31,"12,324,150",80.87,81.69,80.66
10/17/2024,80.89,"9,424,705",81.27,81.5,80.645
10/16/2024,81.22,"11,123,250",81.53,81.66,80.62
10/15/2024,81.65,"13,276,220",80.67,81.8201,80.51
10/14/2024,80.29,"9,914,477",80.05,80.51,79.76
10/11/2024,80.1,"9,570,734",79.7,80.13,79.37
10/10/2024,79.61,"10,812,700",80.31,80.32,79.46
10/09/2024,80.4,"12,413,030",79.82,80.5,79.75
10/08/2024,79.71,"15,269,960",79.62,79.82,79.07
10/07/2024,79.1,"16,791,650",80.69,80.94,78.98
10/04/2024,80.94,"11,591,390",80.05,81.115,79.85
10/03/2024,80.43,"11,640,420",80.3,80.575,79.85
10/02/2024,80.43,"16,618,270",80.99,80.99,80.12
10/01/2024,81.27,"16,054,250",80.68,81.53,80.435
09/30/2024,80.75,"19,008,190",79.89,80.94,79.86
09/27/2024,79.78,"11,899,050",79.9,80.2875,79.6
09/26/2024,79.92,"17,061,130",81.04,81.2,79.26
09/25/2024,81.4,"14,163,790",80.89,81.6,80.68
09/24/2024,80.67,"14,651,130",80.48,80.91,80.24
09/23/2024,80.33,"12,147,260",79.07,80.4374,79.07
09/20/2024,79.06,"39,534,250",78.23,79.61,78.11
09/19/2024,78.04,"21,525,690",79.05,79.09,77.49
09/18/2024,79.03,"15,684,880",78.64,79.41,78.28
09/17/2024,78.6,"21,065,940",79.76,80.26,78.26
09/16/2024,80.56,"15,346,370",80.84,81.02,80.14
09/13/2024,80.6,"12,994,100",79.82,80.685,79.69
09/12/2024,79.66,"14,884,850",78.99,79.905,78.6221
09/11/2024,78.84,"19,518,760",78.38,78.92,77.565
09/10/2024,78.81,"17,686,280",77.35,78.9,77.28
09/09/2024,77.34,"22,260,230",76.85,77.47,76.49
09/06/2024,76.64,"14,548,590",76.9,77.32,76.3
09/05/2024,76.96,"13,082,890",77.25,77.45,76.39
09/04/2024,77.24,"18,442,780",77.33,77.48,76.73
09/03/2024,77.17,"22,666,140",77.33,77.81,76.795
08/30/2024,77.23,"23,229,980",76.44,77.475,76.22
08/29/2024,76.42,"11,856,790",75.99,76.47,75.67
08/28/2024,76.08,"9,814,264",76.28,76.43,75.805
08/27/2024,76.13,"11,557,760",76.45,76.45,75.77
08/26/2024,76.03,"9,508,215",75.9,76.205,75.57
08/23/2024,75.7,"12,299,090",75.6,75.81,75.0077
08/22/2024,75.58,"16,511,140",75.37,76.22,75.15
08/21/2024,75.24,"14,831,990",75.3,75.58,74.59
08/20/2024,74.54,"14,433,990",73.75,74.75,73.72
08/19/2024,73.72,"13,709,270",73.39,73.98,73.34
08/16/2024,73.45,"19,872,140",72.7,73.605,72.52
08/15/2024,73.18,"49,567,500",74.12,74.44,72.78
08/14/2024,68.66,"22,928,550",67.92,68.79,67.85
08/13/2024,68.13,"26,557,900",68.43,68.61,67.14
08/12/2024,68.7,"17,385,280",68.34,69.225,68.07
08/09/2024,67.95,"13,805,580",67.85,68.22,67.33
08/08/2024,67.66,"12,489,820",66.84,67.9199,66.67
08/07/2024,66.91,"18,499,200",67.87,68.01,66.81
08/06/2024,67.74,"14,815,070",67.84,68.63,67.68
08/05/2024,67.59,"20,770,460",68.1,68.58,66.91
08/02/2024,68.46,"23,578,660",69.6,70.235,67.74
08/01/2024,69.79,"17,275,530",68.91,69.8,68.52
07/31/2024,68.64,"22,908,760",69.18,69.25,68.29
07/30/2024,69.19,"12,522,470",69.55,69.845,68.98
07/29/2024,69.62,"10,315,310",69.85,69.9,69.13
07/26/2024,69.78,"16,789,310",70.23,70.235,68.83
07/25/2024,70.02,"18,821,200",70.6,70.77,69.95
07/24/2024,70.6,"22,490,780",70.52,70.84,70.34
07/23/2024,70.65,"9,263,561",70.47,70.7,70.11
07/22/2024,70.38,"12,666,130",70.86,71.26,70.2301
07/19/2024,70.75,"11,665,530",71.2,71.33,70.65
07/18/2024,70.82,"10,682,740",70.68,71.19,70.43
07/17/2024,71.03,"13,533,790",70.18,71.1,69.95
07/16/2024,69.99,"9,836,824",69.82,70.24,69.58
07/15/2024,69.61,"10,171,140",69.3,69.975,69.3
07/12/2024,69.24,"12,145,320",69.9,70.0299,69.17
07/11/2024,69.8,"15,624,800",70.18,70.45,69.26
07/10/2024,70.41,"10,803,410",70.1,70.44,69.72
07/09/2024,69.9,"9,781,831",69.9,70.25,69.67
07/08/2024,69.68,"12,077,680",69.9,70.14,69.35
07/05/2024,70.04,"21,586,100",68.16,70.15,68.1
07/03/2024,68.24,"6,287,545",67.81,68.25,67.62
07/02/2024,68.07,"9,436,487",67.44,68.085,67.26
07/01/2024,67.48,"8,666,021",67.89,68.24,67.25
06/28/2024,67.71,"18,816,720",67.87,68.0981,67.32
06/27/2024,67.88,"12,899,190",68.29,68.58,67.665
06/26/2024,68.29,"14,177,520",67.4,68.5999,67.21
06/25/2024,67.42,"20,904,040",67.17,67.59,66.55
06/24/2024,68.9,"12,470,450",68.05,69.04,67.9
06/21/2024,67.91,"25,891,530",68.26,68.55,67.83
06/20/2024,68.01,"13,860,760",67.35,68.13,67.3
06/18/2024,67.6,"12,093,550",67.63,67.87,67.295
06/17/2024,67.42,"12,103,040",66.92,67.44,66.4125
06/14/2024,67.02,"12,590,150",66.54,67.11,66.3
06/13/2024,66.7,"11,196,600",66.3,66.76,65.9491
06/12/2024,66.31,"11,704,700",66.85,66.94,65.898
06/11/2024,66.73,"13,367,510",66.95,66.96,66.35
06/10/2024,66.96,"21,667,420",67.19,67.33,66.27
06/07/2024,65.88,"20,213,210",67.4,67.565,65.635
06/06/2024,67.15,"13,256,010",67.06,67.44,66.77
06/05/2024,67.09,"14,982,670",66.57,67.15,66.28
06/04/2024,66.6,"14,780,760",65.99,66.635,65.835
06/03/2024,65.82,"11,578,710",65.51,65.84,65.1603
05/31/2024,65.76,"27,632,220",64.67,65.9,64.16
05/30/2024,64.89,"13,053,480",64.93,65.1711,64.77
05/29/2024,64.92,"11,538,550",64.75,65.21,64.65
05/28/2024,65.04,"13,349,620",65.22,65.47,64.74
05/24/2024,65.38,"11,795,020",65.13,65.69,65.01
05/23/2024,64.84,"16,222,950",65.17,65.515,64.56
05/22/2024,65.25,"14,879,430",64.98,65.69,64.73
05/21/2024,65.15,"17,131,690",64.53,65.19,64.45
05/20/2024,64.18,"15,001,390",64.42,64.76,63.87
05/17/2024,64.65,"29,330,380",64.24,64.88,63.63
05/16/2024,64.01,"60,545,610",64.22,64.415,62.94
05/15/2024,59.83,"22,240,560",59.83,59.94,59.47
05/14/2024,59.86,"18,780,140",60.52,60.55,59.435
05/13/2024,60.41,"19,260,520",60.62,61.345,60.29
05/10/2024,60.48,"12,356,610",60.41,60.58,60.16
05/09/2024,60.44,"14,550,460",60.2,60.5799,59.95
05/08/2024,60.3,"11,015,700",60.63,60.845,60.22
05/07/2024,60.62,"14,520,240",60.17,60.8,60.05
05/06/2024,59.87,"11,119,400",60.0,60.0,59.39
05/03/2024,59.82,"14,207,400",59.62,59.98,59.14
05/02/2024,59.71,"17,574,120",58.94,59.885,58.58
05/01/2024,58.85,"15,470,980",59.31,59.41,58.72
04/30/2024,59.35,"14,209,160",60.2,60.3,59.16
04/29/2024,60.24,"9,788,575",60.18,60.39,59.94
04/26/2024,60.16,"11,045,220",60.11,60.39,60.0
04/25/2024,60.21,"19,262,950",60.05,60.53,59.8325
04/24/2024,59.87,"18,529,140",58.975,60.04,58.81
04/23/2024,59.09,"17,963,950",60.25,60.35,58.555
04/22/2024,60.14,"14,909,980",59.56,60.395,59.04
04/19/2024,59.53,"14,165,800",59.45,59.67,58.97
04/18/2024,59.26,"12,061,540",59.83,59.935,59.22
04/17/2024,59.65,"15,329,690",60.15,60.43,59.57
04/16/2024,59.84,"14,726,260",60.03,60.29,59.78
04/15/2024,59.93,"10,557,180",60.51,60.7,59.91
04/12/2024,60.14,"12,280,570",60.0,60.72,59.95
04/11/2024,60.09,"10,987,600",60.75,60.89,60.07
04/10/2024,60.62,"15,097,560",59.62,60.76,59.39
04/09/2024,59.79,"10,015,920",59.87,59.97,59.3
04/08/2024,59.78,"11,070,120",59.6,60.04,59.42
04/05/2024,59.85,"10,335,910",59.55,60.04,59.49
04/04/2024,59.5,"14,436,130",59.54,59.81,59.29
04/03/2024,59.43,"14,615,100",59.38,59.5,58.94
04/02/2024,59.16,"19,510,120",59.9,60.1,58.88
04/01/2024,60.0,"13,837,600",60.31,60.76,59.93
03/28/2024,60.17,"17,535,100",60.66,60.77,60.16
03/27/2024,60.72,"14,363,410",60.87,61.05,60.38
03/26/2024,60.51,"13,738,340",60.46,60.83,60.23
03/25/2024,60.57,"14,186,630",60.87,60.985,60.36
03/22/2024,60.87,"14,029,440",61.32,61.526,60.85
03/21/2024,61.45,"14,265,870",61.28,61.655,61.05
03/20/2024,61.25,"12,007,590",60.84,61.28,60.74
03/19/2024,60.87,"12,353,620",60.97,61.07,60.6
03/18/2024,60.86,"16,801,660",60.69,60.9,60.39
03/15/2024,60.68,"50,946,330",60.68,61.15,60.46
03/14/2024,61.02,"16,584,660",61.28,61.44,60.595
03/13/2024,61.28,"15,935,190",61.26,61.455,60.88
03/12/2024,61.41,"16,613,060",60.95,61.565,60.645
03/11/2024,60.66,"14,153,970",60.1,60.71,59.87
03/08/2024,60.12,"12,143,650",60.0,60.28,59.73
03/07/2024,60.36,"16,195,300",61.0,61.0699,60.345
03/06/2024,60.57,"12,698,710",60.12,60.62,60.04
03/05/2024,60.04,"19,676,880",59.87,60.34,59.575
03/04/2024,59.3,"16,033,300",58.5,59.39,58.4
03/01/2024,58.76,"19,030,920",58.8,58.85,58.2
02/29/2024,58.61,"29,245,140",59.45,59.49,58.59
02/28/2024,59.62,"14,803,290",59.55,59.76,59.31
02/27/2024,59.59,"18,012,750",59.64,59.8,59.22
02/26/2024,59.6,"32,154,770",59.12,59.84,58.18
02/23/2024,58.52,"74,365,777",58.6967,59.2167,58.4367
02/22/2024,58.47,"29,512,938",57.96,58.49,57.77
02/21/2024,57.9,"40,551,544",58.3333,58.5267,57.6
02/20/2024,58.62,"71,788,627",59.4933,60.45,58.41
02/16/2024,56.7867,"22,373,543",56.7633,57.31,56.43
02/15/2024,56.43,"16,948,859",56.6,56.6167,55.99
02/14/2024,56.2,"18,484,604",56.25,56.2917,55.8467
02/13/2024,56.38,"18,574,217",56.8733,57.0233,56.09
02/12/2024,56.7667,"14,795,041",56.41,56.7867,56.35
02/09/2024,56.4267,"14,329,867",56.4633,56.5767,56.3067
02/08/2024,56.4567,"14,427,928",56.46,56.85,56.38
02/07/2024,56.46,"17,082,467",56.7567,56.8867,56.4
02/06/2024,56.6033,"14,189,785",56.2633,56.65,56.1133
02/05/2024,56.22,"19,145,072",56.67,56.67,56.0233
02/02/2024,56.5233,"21,670,688",56.05,56.8583,55.9733
02/01/2024,56.1033,"20,792,555",55.2333,56.118,55.06
01/31/2024,55.0833,"26,134,878",55.9333,55.9333,55.0367
01/30/2024,55.1967,"15,270,014",54.9,55.2683,54.54
01/29/2024,55.0133,"18,240,314",54.7833,55.135,54.5067
01/26/2024,54.7567,"15,746,312",54.35,54.7933,54.22
01/25/2024,54.28,"16,369,604",53.8,54.29,53.4733
01/24/2024,53.5,"22,932,863",54.3,54.355,53.44
01/23/2024,54.2667,"12,066,517",54.04,54.2833,53.9233
01/22/2024,54.13,"13,938,382",54.2633,54.3167,53.8333
01/19/2024,54.1267,"19,175,297",54.4767,54.5233,53.8133
01/18/2024,54.4133,"18,190,613",53.72,54.4633,53.56
01/17/2024,53.69,"14,827,663",53.7933,53.995,53.5433
01/16/2024,53.9433,"17,032,592",53.8133,54.1333,53.7433
01/12/2024,53.7733,"13,628,968",53.79,53.8483,53.46
01/11/2024,53.7033,"14,355,208",53.7833,53.9633,53.39
01/10/2024,53.7633,"20,122,040",53.1867,53.8334,53.1867
01/09/2024,53.1033,"23,322,380",52.6433,53.1133,52.5767
01/08/2024,52.75,"20,680,880",52.2333,52.765,52.225
01/05/2024,52.2367,"21,709,505",52.64,52.7,51.8667
01/04/2024,52.5867,"19,282,472",53.07,53.18,52.4967
01/03/2024,53.1,"18,756,062",53.2567,53.4333,52.9767
01/02/2024,53.0967,"23,539,679",52.4167,53.1783,52.3967
12/29/2023,52.55,"21,948,200",52.51,52.6933,52.3867
12/28/2023,52.5233,"16,776,068",52.59,52.7767,52.5
12/27/2023,52.6267,"19,895,966",52.1033,52.6483,52.0533
12/26/2023,52.1367,"11,679,964",52.2167,52.33,52.0367
12/22/2023,52.2167,"19,405,643",51.8167,52.3833,51.7184
12/21/2023,51.6,"20,087,786",51.3333,51.6867,51.3017
12/20/2023,51.2367,"21,967,703",51.8067,52.0467,51.2067
12/19/2023,51.8433,"24,417,095",51.6133,51.8967,51.3633
12/18/2023,51.6567,"26,316,015",51.1167,51.69,51.0433
12/15/2023,50.9133,"70,003,597",50.5933,51.1533,50.5133
12/14/2023,50.7233,"30,891,273",51.1733,51.3133,50.6433
12/13/2023,51.35,"35,348,674",50.5167,51.35,50.2133
12/12/2023,50.4533,"21,382,022",50.4067,50.5667,50.0767
12/11/2023,50.4133,"31,883,253",50.38,50.4833,49.8467
12/08/2023,50.2867,"34,069,473",50.6667,50.7367,50.08
12/07/2023,50.82,"25,362,582",51.45,51.5133,50.7417
12/06/2023,51.3467,"26,447,400",51.85,51.9433,51.2167
12/05/2023,51.91,"21,883,832",51.4833,51.95,51.2467
12/04/2023,51.4333,"24,883,190",51.1067,51.6433,51.1033
12/01/2023,51.4467,"39,273,664",51.7933,51.87,50.8767
11/30/2023,51.8967,"29,925,789",52.0067,52.1167,51.5033
11/29/2023,52.0267,"29,896,488",52.9233,52.9233,51.87
11/28/2023,52.88,"23,535,029",52.22,52.9746,52.22
11/27/2023,52.2567,"23,393,648",51.9833,52.4533,51.9833
11/24/2023,52.02,"13,975,171",51.7167,52.0433,51.5667
11/22/2023,51.5567,"26,433,525",51.9067,52.0167,51.46
11/21/2023,51.9533,"29,382,198",51.82,52.2833,51.3767
11/20/2023,51.7667,"26,703,846",51.8467,52.0033,51.67
11/17/2023,51.7833,"42,533,404",51.9833,52.5133,51.67
11/16/2023,52.0133,"97,658,590",52.9167,53.15,51.8333
11/15/2023,56.5933,"35,769,964",56.1267,56.6467,55.8367
11/14/2023,55.8833,"19,792,520",56.0567,56.382,55.75
11/13/2023,55.8933,"15,408,845",55.46,55.9565,55.3483
11/10/2023,55.3967,"14,321,158",54.85,55.48,54.6333
11/09/2023,54.64,"15,080,699",54.79,54.84,54.415
11/08/2023,54.7667,"15,591,833",55.28,55.4267,54.5267
11/07/2023,55.2167,"15,023,504",55.2567,55.5367,55.11
11/06/2023,54.96,"14,529,238",54.8333,55.21,54.69
11/03/2023,54.8867,"17,240,225",55.2933,55.4317,54.8333
11/02/2023,55.1733,"15,492,203",54.7933,55.3967,54.5417
11/01/2023,54.9567,"14,899,390",54.7367,55.1267,54.3267
10/31/2023,54.47,"14,168,347",54.3333,54.54,53.9833
10/30/2023,54.34,"12,653,653",53.82,54.42,53.595
10/27/2023,53.7233,"13,830,214",53.8267,53.99,53.5167
10/26/2023,53.9233,"16,220,075",54.2367,54.6167,53.87
10/25/2023,54.2533,"16,621,781",54.3867,54.7767,54.1567
10/24/2023,54.4167,"17,535,068",53.8,54.4933,53.7967
10/23/2023,53.67,"17,097,110",52.91,53.7833,52.6733
10/20/2023,52.92,"15,057,245",53.61,53.7017,52.9033
10/19/2023,53.59,"11,745,898",53.81,53.9407,53.4067
10/18/2023,53.8467,"10,559,725",53.96,54.12,53.5733
10/17/2023,53.8067,"10,893,373",53.58,53.9037,53.4633
10/16/2023,53.7367,"14,348,011",53.5133,54.0267,53.44
10/13/2023,53.2767,"13,810,885",53.0867,53.4867,52.9667
10/12/2023,52.9833,"13,514,677",52.8433,53.1033,52.59
10/11/2023,52.7433,"12,026,776",52.7533,53.1633,52.3467
10/10/2023,52.5333,"16,014,446",52.0767,52.6933,51.8867
10/09/2023,51.9467,"21,022,544",51.6933,51.9517,51.0867
10/06/2023,52.1367,"42,616,174",52.8833,52.9967,50.55
10/05/2023,53.0267,"14,269,606",53.4833,53.6533,53.0
10/04/2023,53.6667,"15,755,840",53.2167,53.6833,53.0033
10/03/2023,53.03,"11,253,175",53.23,53.5825,52.8934
10/02/2023,53.3667,"12,992,842",53.1633,53.4233,52.77
09/29/2023,53.31,"18,842,441",54.3433,54.3767,53.0617
09/28/2023,54.18,"11,617,117",54.0,54.2767,53.8634
09/27/2023,53.9067,"15,711,104",54.0,54.0767,53.43
09/26/2023,54.1667,"14,435,815",54.3133,54.5142,54.1167
09/25/2023,54.3567,"10,459,423",54.1233,54.37,53.9554
09/22/2023,54.1167,"13,216,918",54.0767,54.41,53.9733
09/21/2023,53.9733,"18,787,490",54.7533,54.8333,53.93
09/20/2023,54.6367,"10,124,650",54.5333,54.9033,54.32
09/19/2023,54.46,"14,020,486",54.46,54.5933,54.1183
09/18/2023,54.4733,"12,997,693",54.8933,55.0667,54.4167
09/15/2023,54.88,"63,925,086",55.07,55.22,54.59
09/14/2023,55.0833,"14,923,708",55.0,55.2467,54.8033
09/13/2023,54.8533,"14,364,271",54.9767,55.2833,54.79
09/12/2023,54.84,"11,757,358",54.8333,54.9777,54.68
09/11/2023,54.78,"11,912,119",54.6667,54.8269,54.5533
09/08/2023,54.59,"12,668,965",54.4933,54.62,54.3567
09/07/2023,54.49,"19,120,889",54.0,54.4933,53.83
09/06/2023,53.8233,"14,594,563",53.4667,54.0567,53.3033
09/05/2023,53.4233,"15,209,360",53.95,54.2667,53.3933
09/01/2023,53.8567,"12,553,369",54.29,54.32,53.3833
08/31/2023,54.2033,"19,582,898",53.7067,54.33,53.6533
08/30/2023,53.7333,"10,967,761",53.4667,53.7633,53.3067
08/29/2023,53.35,"12,702,205",53.0,53.4083,52.9533
08/28/2023,52.9067,"11,871,124",52.62,52.9433,52.62
08/25/2023,52.6067,"12,267,406",52.3933,52.68,52.18
08/24/2023,52.2967,"14,033,095",52.71,53.0767,52.2733
08/23/2023,52.7,"14,210,353",52.2033,52.8,52.17
08/22/2023,52.3367,"16,672,511",52.3233,52.4367,52.08
08/21/2023,52.5033,"15,679,268",52.5433,52.9467,52.3467
08/18/2023,52.6433,"27,954,783",51.77,53.2233,51.77
08/17/2023,51.8967,"53,614,295",53.6333,53.7133,51.6733
08/16/2023,53.0867,"26,980,944",53.2933,53.6567,52.79
08/15/2023,53.06,"14,559,448",53.18,53.5967,52.9733
08/14/2023,53.3333,"20,813,672",54.0,54.26,53.06
08/11/2023,53.7333,"14,195,203",53.5167,53.9433,53.3667
08/10/2023,53.42,"15,169,490",53.5967,53.9167,53.3433
08/09/2023,53.6367,"13,209,616",53.6367,54.0333,53.57
08/08/2023,53.55,"11,018,116",53.6633,53.8733,53.17
08/07/2023,53.4967,"14,269,615",53.1667,53.7367,53.0367
08/04/2023,52.78,"14,263,099",53.2533,53.4167,52.6533
08/03/2023,53.0867,"13,204,036",53.0067,53.166,52.8383
08/02/2023,53.0733,"12,661,981",52.8433,53.4767,52.8433
08/01/2023,53.0367,"11,783,536",53.3167,53.4833,52.9867
07/31/2023,53.2867,"13,034,035",53.32,53.5467,52.97
07/28/2023,53.3033,"11,021,866",53.0967,53.6467,53.0967
07/27/2023,53.0533,"13,400,308",53.36,53.5467,53.0433
07/26/2023,53.2467,"15,094,082",53.08,53.5633,52.9787
07/25/2023,53.0567,"15,553,925",53.4867,53.505,52.76
07/24/2023,53.1,"12,529,870",52.8167,53.16,52.52
07/21/2023,52.79,"16,960,394",52.6333,52.9267,52.48
07/20/2023,52.4933,"14,987,809",51.6433,52.5167,51.6333
07/19/2023,51.54,"12,372,811",51.6,51.7333,51.25
07/18/2023,51.5233,"13,440,202",51.5567,51.8867,51.2867
07/17/2023,51.6167,"10,135,843",51.4667,51.66,51.2733
07/14/2023,51.5533,"10,427,467",51.3733,51.5567,51.1933
07/13/2023,51.3767,"11,859,649",51.81,51.8667,51.23
07/12/2023,51.68,"16,509,965",51.77,51.9633,51.6067
07/11/2023,51.55,"11,463,184",51.59,51.8367,51.2867
07/10/2023,51.6267,"12,967,723",51.52,51.8333,51.44
07/07/2023,51.1633,"19,774,712",51.9367,52.0967,51.15
07/06/2023,52.37,"14,427,685",52.6433,52.7267,52.29
07/05/2023,52.7033,"17,585,798",52.72,53.04,52.4467
07/03/2023,52.7333,"8,647,450",52.27,52.8133,52.11
06/30/2023,52.3933,"19,073,060",51.6567,52.51,51.5933
06/29/2023,51.4267,"21,530,279",51.5033,51.5833,51.0467
06/28/2023,51.7767,"18,889,895",51.5767,51.8933,51.545
06/27/2023,51.4967,"12,093,574",51.3833,51.95,51.3533
06/26/2023,51.6833,"14,106,418",51.8833,51.9267,51.44
06/23/2023,51.82,"18,974,999",51.96,52.0967,51.6733
06/22/2023,51.9167,"13,307,704",51.66,52.0267,51.4933
06/21/2023,51.4867,"19,251,428",51.4033,51.7783,51.12
06/20/2023,51.3867,"20,007,770",51.5667,51.8167,51.2933
06/16/2023,51.8433,"34,675,743",52.6933,52.7167,51.76
06/15/2023,52.5767,"18,160,355",52.3333,52.7433,52.3267
06/14/2023,52.29,"21,103,118",51.97,52.4433,51.87
06/13/2023,51.7667,"15,738,887",51.5067,51.8367,51.3567
06/12/2023,51.3667,"14,715,667",51.1433,51.4333,51.055
06/09/2023,51.03,"15,605,603",50.72,51.24,50.5333
06/08/2023,50.7233,"18,875,318",50.13,50.81,49.93
06/07/2023,50.0,"24,256,640",49.75,50.12,49.68
06/06/2023,49.9267,"15,015,680",49.9,50.0633,49.5033
06/05/2023,49.9333,"15,553,175",49.79,50.4167,49.88
06/02/2023,49.6067,"19,178,246",49.0733,49.6717,49.0333
06/01/2023,49.1367,"20,239,181",48.7367,49.3,48.6467
05/31/2023,48.9567,"30,130,803",48.4733,49.1033,48.3367
05/30/2023,48.6867,"15,742,598",48.7667,49.0967,48.5333
05/26/2023,48.8067,"15,720,857",48.5667,48.9383,48.49
05/25/2023,48.72,"21,299,744",48.96,49.1467,48.3633
05/24/2023,49.21,"20,515,151",49.5033,49.5133,48.7667
05/23/2023,49.4367,"16,302,236",49.3367,49.6199,49.0267
05/22/2023,49.53,"16,117,796",49.9,50.0267,49.4283
05/19/2023,49.97,"27,594,114",50.4667,50.4867,49.704
05/18/2023,50.49,"46,768,565",50.6,51.43,49.9833
05/17/2023,49.8433,"26,985,939",50.38,50.3833,49.57
05/16/2023,49.9267,"15,540,011",50.2833,50.51,49.8576
05/15/2023,50.6267,"16,114,031",51.1667,51.2833,50.46
05/12/2023,51.0233,"16,119,260",51.2,51.3567,50.9033
05/11/2023,51.04,"11,926,861",50.85,51.09,50.6667
05/10/2023,50.85,"15,827,606",51.23,51.45,50.41
05/09/2023,50.9933,"15,209,744",50.9067,51.06,50.78
05/08/2023,50.9067,"14,926,699",50.4233,50.9833,50.3533
05/05/2023,50.59,"14,555,911",50.1,50.67,49.9433
05/04/2023,50.1567,"14,011,339",50.1833,50.33,49.83
05/03/2023,50.2067,"12,334,354",50.52,50.7,50.09
05/02/2023,50.3933,"11,330,155",50.49,50.4967,49.82
05/01/2023,50.53,"11,410,150",50.3467,50.8467,50.31
04/28/2023,50.3233,"14,088,580",50.43,50.7233,50.06
04/27/2023,50.46,"12,860,971",50.26,50.6467,50.26
04/26/2023,50.3033,"12,910,231",50.3267,50.47,50.0733
04/25/2023,50.5233,"17,246,600",51.0967,51.25,50.4433
04/24/2023,50.92,"13,579,507",50.57,50.9833,50.57
04/21/2023,50.5767,"25,335,735",50.6533,50.7667,50.3917
04/20/2023,50.3233,"13,641,976",50.07,50.4633,49.8667
04/19/2023,50.0033,"12,433,546",50.28,50.47,49.9233
04/18/2023,49.95,"13,482,952",49.9267,50.1133,49.8133
04/17/2023,49.84,"16,166,816",49.5467,49.89,49.5
04/14/2023,49.4933,"10,465,522",49.6767,49.9633,49.3817
04/13/2023,49.83,"13,272,691",49.8833,50.0,49.4
04/12/2023,49.78,"11,209,699",49.93,50.3233,49.7233
04/11/2023,50.0233,"18,370,430",50.3333,50.3333,49.8733
04/10/2023,50.17,"14,519,098",50.12,50.3733,49.9233
04/06/2023,50.2667,"17,891,615",49.6,50.3459,49.5067
04/05/2023,49.89,"26,540,694",49.0567,49.96,49.0467
04/04/2023,49.0767,"18,113,663",49.51,49.5967,49.0067
04/03/2023,49.5633,"19,766,648",49.2433,49.65,49.1667
03/31/2023,49.15,"20,867,990",48.86,49.48,48.8233
03/30/2023,48.5567,"21,878,999",48.5,48.8667,48.34
03/29/2023,48.0767,"24,217,400",48.1233,48.32,47.8167
03/28/2023,47.87,"21,282,848",47.8833,48.1367,47.6833
03/27/2023,48.0567,"26,775,519",47.5967,48.325,47.5933
03/24/2023,47.2667,"22,752,818",47.0033,47.49,46.8667
03/23/2023,46.8833,"22,044,203",46.7333,47.2033,46.4967
03/22/2023,46.5067,"18,548,423",46.88,47.0733,46.4867
03/21/2023,46.8067,"19,013,345",47.13,47.13,46.51
03/20/2023,46.9667,"33,928,593",46.7,47.3067,46.6033
03/17/2023,46.4667,"43,081,204",46.0633,46.4967,45.8633
03/16/2023,46.0933,"28,912,413",46.4767,46.55,45.96
03/15/2023,46.5467,"33,133,623",45.63,46.6033,45.57
03/14/2023,46.0333,"25,542,663",45.8967,46.09,45.6667
03/13/2023,45.79,"28,142,073",45.56,46.1667,45.5267
03/10/2023,45.6567,"20,065,085",45.6733,46.0933,45.3633
03/09/2023,45.7233,"15,415,691",46.2767,46.3267,45.64
03/08/2023,46.0333,"19,090,724",46.1867,46.3067,45.76
03/07/2023,46.4167,"17,387,516",47.06,47.2267,46.2633
03/06/2023,46.8833,"16,720,838",46.8333,46.9933,46.6733
03/03/2023,46.89,"16,888,679",47.0133,47.0633,46.59
03/02/2023,46.8333,"14,788,546",46.6133,46.9133,46.5
03/01/2023,46.7167,"14,180,197",47.02,47.0933,46.4567
02/28/2023,47.3767,"18,054,110",47.0,47.55,46.9833
02/27/2023,47.1467,"16,647,299",47.57,47.6967,46.8867
02/24/2023,47.49,"20,623,595",46.9467,47.58,46.51
02/23/2023,47.3633,"22,021,259",48.1233,48.1233,46.9033
02/22/2023,48.08,"29,843,958",48.9233,49.19,47.5867
02/21/2023,49.11,"54,393,845",47.6267,49.4467,47.3833
02/17/2023,48.8133,"24,770,822",48.37,48.8967,48.19
02/16/2023,48.09,"16,312,160",48.4933,48.6633,48.06
02/15/2023,48.8567,"14,678,053",48.32,48.8667,48.1867
02/14/2023,48.4967,"13,831,891",48.5767,49.0436,48.1867
02/13/2023,48.6367,"16,015,907",48.2367,48.7067,48.17
02/10/2023,47.9067,"15,002,843",47.6967,47.98,47.39
02/09/2023,47.1733,"13,064,938",46.9567,47.3133,46.856
02/08/2023,46.74,"11,691,175",46.7767,47.0333,46.6617
02/07/2023,46.9933,"16,341,350",46.59,47.1,46.23
02/06/2023,46.8933,"17,453,915",47.2733,47.3667,46.6767
02/03/2023,47.2367,"17,155,505",47.7867,47.9867,46.9533
02/02/2023,47.8733,"17,806,775",48.1367,48.2867,47.6452
02/01/2023,48.2233,"12,849,178",47.8867,48.5367,47.5667
01/31/2023,47.9567,"14,103,472",47.44,47.96,47.22
01/30/2023,47.3833,"15,897,470",47.3733,47.4833,47.09
01/27/2023,47.7667,"18,412,748",47.5333,48.1567,47.25
01/26/2023,47.4033,"15,819,098",47.6767,47.9167,47.2533
01/25/2023,47.4467,"12,491,737",47.4133,47.6117,46.7967
01/24/2023,47.6733,"13,669,351",48.85,53.2933,47.0
01/23/2023,47.5467,"13,149,814",46.82,47.67,46.7333
01/20/2023,46.8467,"29,542,986",46.4667,46.9267,46.0567
01/19/2023,46.2767,"17,342,102",47.13,47.175,46.2633
01/18/2023,46.9467,"22,674,425",48.0667,48.0833,46.825
01/17/2023,48.1367,"15,122,435",48.43,48.57,48.065
01/13/2023,48.43,"13,700,188",48.51,48.6067,47.9534
01/12/2023,48.27,"12,472,780",48.8033,48.8067,48.13
01/11/2023,48.71,"14,834,599",48.58,48.7267,48.2433
01/10/2023,48.2867,"11,970,658",48.3133,48.4833,47.91
01/09/2023,48.3167,"17,756,621",48.7733,49.2867,48.2667
01/06/2023,48.9267,"21,231,809",48.2,49.1833,48.08
01/05/2023,47.7567,"13,274,422",47.82,48.0433,47.55
01/04/2023,47.92,"13,338,910",47.8067,48.0167,47.3567
01/03/2023,47.8667,"17,249,687",47.5167,47.9033,47.3633
12/30/2022,47.2633,"11,505,949",47.1867,47.3308,46.9367
12/29/2022,47.3833,"9,172,237",47.38,47.6733,47.25
12/28/2022,47.0967,"15,246,188",47.8233,47.89,46.97
12/27/2022,47.9367,"10,045,219",48.0133,48.15,47.73
12/23/2022,47.9233,"9,547,705",47.6833,47.9333,47.4267
12/22/2022,47.8267,"13,086,199",48.2567,48.3267,47.31
12/21/2022,48.3933,"13,726,522",48.1067,48.6467,48.0867
12/20/2022,48.0167,"17,009,303",47.64,48.2133,47.4167
12/19/2022,47.6,"15,067,457",47.67,47.8533,47.2424
12/16/2022,47.5833,"40,343,224",48.16,48.24,47.5233
12/15/2022,48.4533,"17,517,971",48.5267,48.8067,47.8767
12/14/2022,48.89,"20,334,626",49.03,49.51,48.6533
12/13/2022,49.1633,"23,408,669",50.0,50.0667,48.9133
12/12/2022,49.34,"19,432,331",48.6333,49.3667,48.52
12/09/2022,48.4367,"27,929,457",49.1567,49.2383,48.4067
12/08/2022,49.5933,"13,512,643",49.72,49.7583,49.38
12/07/2022,49.7033,"17,550,212",50.1667,50.4033,49.6067
12/06/2022,49.9633,"20,625,608",50.4,50.635,49.7367
12/05/2022,50.55,"23,608,274",50.9167,51.0,50.17
12/02/2022,51.0733,"20,733,134",50.4933,51.0783,50.4933
12/01/2022,51.1233,"22,732,169",50.6833,51.2033,50.2433
11/30/2022,50.8067,"31,337,973",50.87,50.9233,50.4
11/29/2022,50.99,"13,842,154",51.01,51.2367,50.85
11/28/2022,51.17,"17,679,965",50.9067,51.5467,50.9067
11/25/2022,51.0233,"8,777,422",50.7067,51.03,50.6209
11/23/2022,50.8067,"16,920,677",50.6933,51.1217,50.6267
11/22/2022,50.5633,"16,898,543",50.6667,50.8166,50.3733
11/21/2022,50.3833,"21,157,079",50.2033,50.7133,50.0633
11/18/2022,50.0767,"18,986,852",49.89,50.08,49.59
11/17/2022,49.3333,"24,797,810",49.0033,49.5767,48.9033
11/16/2022,49.5,"32,593,233",49.2933,50.0667,49.04
11/15/2022,49.1467,"76,548,698",48.5367,50.09,48.1833
11/14/2022,46.13,"37,525,924",47.2133,47.7733,46.09
11/11/2022,47.5267,"19,270,922",47.5567,47.7067,46.6633
11/10/2022,47.4533,"20,310,614",47.5033,47.5633,46.8333
11/09/2022,46.49,"15,932,171",47.5867,47.72,46.4033
11/08/2022,47.5967,"15,068,513",47.5267,48.025,47.17
11/07/2022,47.4833,"11,364,109",47.0867,47.6563,47.0867
11/04/2022,46.99,"14,669,305",47.3433,47.4033,46.265
11/03/2022,46.9067,"10,976,365",46.5033,47.2382,46.36
11/02/2022,46.9167,"15,528,068",47.0533,47.855,46.9
11/01/2022,47.23,"14,814,982",47.6567,47.85,47.1667
10/31/2022,47.4433,"22,572,074",47.4467,47.69,47.2567
10/28/2022,47.5033,"13,648,171",46.6833,47.6333,46.68
10/27/2022,46.91,"16,602,932",47.0033,47.3667,46.765
10/26/2022,47.0467,"20,763,179",46.7867,47.3467,46.6067
10/25/2022,46.69,"15,051,197",46.3633,46.8133,46.1067
10/24/2022,46.47,"18,806,639",45.8167,46.825,45.71
10/21/2022,45.6,"18,134,693",44.9367,45.8033,44.6667
10/20/2022,44.6967,"12,754,939",44.66,45.1333,44.5483
10/19/2022,44.5867,"11,339,482",44.7767,44.9108,44.3233
10/18/2022,44.7133,"16,842,167",44.4767,45.0333,44.4433
10/17/2022,43.79,"17,812,397",43.6533,44.275,43.5283
10/14/2022,43.4767,"16,642,667",44.1467,44.4067,43.35
10/13/2022,44.0933,"20,545,508",43.0933,44.3133,42.79
10/12/2022,43.7233,"16,947,581",44.3367,44.9231,43.6567
10/11/2022,44.2233,"21,276,125",43.17,44.6,43.1517
10/10/2022,43.1067,"11,411,557",43.1767,43.31,42.7606
10/07/2022,42.8533,"17,080,391",43.77,43.8833,42.69
10/06/2022,43.8933,"14,200,465",44.36,44.8267,43.86
10/05/2022,44.3067,"14,553,829",44.5867,44.8733,44.17
10/04/2022,44.75,"16,134,368",44.62,45.0667,44.4567
10/03/2022,44.1767,"17,574,779",43.4133,44.2633,43.3367
09/30/2022,43.2333,"19,602,185",44.08,44.12,43.2333
09/29/2022,44.0833,"15,241,601",44.5,44.7067,43.8767
09/28/2022,44.37,"16,838,285",43.8033,44.55,43.24
09/27/2022,43.65,"16,979,582",44.0767,44.4767,43.4345
09/26/2022,43.77,"23,011,085",42.9167,44.0467,42.7567
09/23/2022,43.3533,"27,195,396",44.29,44.3917,42.9233
09/22/2022,44.4633,"16,744,376",44.8567,44.9067,44.28
09/21/2022,44.9233,"24,903,572",45.1467,45.8167,44.8733
09/20/2022,44.5167,"13,963,450",44.4933,44.6267,44.1783
09/19/2022,44.7767,"16,853,183",44.2733,44.92,44.1567
09/16/2022,44.3967,"41,874,394",44.0,44.85,43.76
09/15/2022,44.49,"20,189,336",45.0167,45.05,44.3233
09/14/2022,44.9733,"19,934,696",45.21,45.51,44.7
09/13/2022,45.0733,"17,687,327",45.62,45.9833,44.9367
09/12/2022,46.0233,"14,284,519",45.6933,46.083,45.655
09/09/2022,45.6133,"16,145,288",45.4333,45.8333,45.3767
09/08/2022,45.4767,"16,956,026",45.1333,45.6233,44.96
09/07/2022,45.2467,"17,058,974",44.3533,45.3217,44.2467
09/06/2022,44.1133,"21,899,612",44.35,44.54,43.5733
09/02/2022,44.3333,"17,234,543",44.95,45.2233,44.1433
09/01/2022,44.8267,"21,741,803",44.18,45.0467,44.1333
08/31/2022,44.1833,"22,460,750",44.26,44.5967,43.9767
08/30/2022,44.16,"14,468,032",44.4467,44.55,43.9133
08/29/2022,44.2933,"17,381,567",43.61,44.6217,43.53
08/26/2022,43.8667,"21,331,847",45.37,45.61,43.8383
08/25/2022,45.29,"19,414,604",45.0933,45.33,45.01
08/24/2022,44.99,"15,766,538",44.7833,45.0983,44.5333
08/23/2022,44.6667,"16,955,090",44.87,44.9867,44.4033
08/22/2022,44.8567,"18,667,223",45.4,45.5733,44.8133
08/19/2022,45.6733,"22,918,676",46.3067,46.3567,45.6367
08/18/2022,46.3567,"19,197,536",46.51,46.8067,46.1667
08/17/2022,46.5067,"41,792,104",46.19,47.5733,46.1333
08/16/2022,46.4567,"91,773,339",46.3,46.9767,46.0633
08/15/2022,44.2,"26,516,127",43.8767,44.5233,43.7856
08/12/2022,44.0733,"26,624,901",43.3333,44.28,43.2733
08/11/2022,43.2733,"23,854,484",43.2333,43.4567,42.8667
08/10/2022,43.0467,"25,250,985",43.3333,43.3817,42.7967
08/09/2022,42.9567,"19,325,012",42.63,42.99,42.4033
08/08/2022,42.5367,"18,183,332",42.2167,42.7375,42.2033
08/05/2022,42.1933,"32,006,883",41.8367,42.27,41.7067
08/04/2022,41.8567,"53,106,005",43.5567,43.6,41.7767
08/03/2022,43.5,"32,003,103",44.0533,44.3133,43.2867
08/02/2022,44.2267,"19,695,020",44.3833,44.57,43.8
08/01/2022,44.18,"24,996,278",43.6867,44.7433,43.6667
07/29/2022,44.0167,"30,141,843",42.7733,44.0883,42.6708
07/28/2022,43.25,"33,262,323",42.09,43.5033,42.09
07/27/2022,42.1967,"42,159,694",40.4133,42.255,40.3422
07/26/2022,40.66,"95,391,550",40.3767,40.8967,40.02
07/25/2022,44.0067,"20,535,164",44.13,44.2333,43.8194
07/22/2022,44.07,"13,616,302",44.18,44.4633,43.7437
07/21/2022,44.1833,"18,764,654",43.56,44.1867,43.5
07/20/2022,43.5467,"18,564,818",43.5033,43.77,43.1667
07/19/2022,43.1867,"16,995,257",43.13,43.32,42.8667
07/18/2022,42.9233,"14,243,737",42.8833,43.4333,42.7533
07/15/2022,43.0233,"21,184,253",42.9333,43.4233,42.6833
07/14/2022,42.6067,"20,905,391",41.3867,42.7733,41.38
07/13/2022,41.79,"12,689,119",41.48,42.1533,41.3033
07/12/2022,41.69,"13,732,270",41.7033,42.3767,41.5733
07/11/2022,41.8167,"11,533,879",41.6733,42.11,41.54
07/08/2022,41.8,"14,751,070",41.94,42.2033,41.7167
07/07/2022,41.7733,"17,487,290",41.73,41.8417,41.3733
07/06/2022,41.71,"21,300,125",41.4933,42.0933,41.4333
07/05/2022,41.4167,"18,219,713",40.7367,41.5033,40.5367
07/01/2022,40.8767,"17,460,971",40.6467,40.9733,40.3867
06/30/2022,40.5267,"19,166,237",40.2933,40.6867,39.9633
06/29/2022,40.64,"19,111,622",40.9633,41.1167,40.3233
06/28/2022,40.79,"15,401,576",41.5533,41.8567,40.7633
06/27/2022,41.3733,"19,889,054",41.26,41.58,40.93
06/24/2022,41.24,"31,845,963",41.3633,41.77,41.0533
06/23/2022,41.2067,"18,040,931",40.5833,41.32,40.4
06/22/2022,40.23,"20,245,157",40.7,41.0833,40.1967
06/21/2022,40.7233,"23,916,521",39.4333,40.9267,39.4067
06/17/2022,39.43,"36,838,894",40.0067,40.2933,39.3233
06/16/2022,40.2067,"30,706,893",39.45,40.5867,39.41
06/15/2022,39.7933,"25,913,856",39.99,40.1367,39.301
06/14/2022,39.82,"21,544,343",39.71,40.0,39.39
06/13/2022,39.8033,"24,897,884",39.9133,40.4133,39.6967
06/10/2022,40.5667,"25,246,827",39.9167,40.9133,39.78
06/09/2022,40.34,"19,886,216",40.6667,41.45,40.33
06/08/2022,40.7667,"22,522,673",40.7833,41.3033,40.65
06/07/2022,41.1233,"47,707,895",40.4133,41.1633,40.2925
06/06/2022,41.6233,"19,855,475",41.94,42.1,41.5283
06/03/2022,41.7733,"18,302,723",42.2233,42.4733,41.6967
06/02/2022,42.5033,"23,214,395",41.8567,42.51,41.4433
06/01/2022,41.8167,"28,534,689",42.8333,42.9733,41.56
05/31/2022,42.8767,"36,912,424",42.4867,43.3,42.4733
05/27/2022,42.8267,"25,299,801",41.83,42.8733,41.77
05/26/2022,42.0,"28,197,711",41.7667,42.1333,41.4667
05/25/2022,41.1233,"27,121,884",41.3333,41.5567,40.8667
05/24/2022,41.3767,"34,584,843",40.4033,41.5167,40.3601
05/23/2022,40.8667,"43,680,844",39.9733,41.2567,39.9533
05/20/2022,39.7333,"49,355,945",39.88,40.28,39.09
05/19/2022,39.69,"71,008,507",40.29,40.5966,39.5333
05/18/2022,40.81,"104,253,130",42.6767,42.7567,40.51
05/17/2022,43.7833,"132,940,183",45.4767,45.8133,43.5467
05/16/2022,49.4033,"21,448,997",49.7933,49.9106,48.82
05/13/2022,49.35,"19,962,170",49.2367,49.46,48.7133
05/12/2022,49.16,"25,244,526",49.2867,50.05,48.84
05/11/2022,49.2067,"27,878,736",49.8,50.25,48.97
05/10/2022,49.7267,"24,861,320",50.4767,50.7633,49.52
05/09/2022,50.4367,"28,207,080",49.49,51.0333,49.3967
05/06/2022,49.8533,"34,258,083",50.57,51.3167,49.4233
05/05/2022,50.9133,"23,234,321",51.2133,51.2767,50.4667
05/04/2022,51.54,"20,022,671",50.6767,51.6067,50.5033
05/03/2022,50.8367,"17,951,057",50.81,51.425,50.5933
05/02/2022,50.66,"20,016,005",51.6533,51.6633,50.1067
04/29/2022,50.9967,"21,088,661",51.9367,52.0733,50.9033
04/28/2022,52.07,"14,971,030",51.7433,52.3267,51.3667
04/27/2022,51.4133,"17,496,782",51.8433,52.0667,51.34
04/26/2022,51.7667,"19,601,033",52.1233,52.71,51.7333
04/25/2022,52.3133,"18,057,539",52.1233,52.49,51.45
04/22/2022,52.2867,"21,046,319",53.4167,53.4533,52.22
04/21/2022,53.29,"18,168,302",53.3067,53.59,53.0233
04/20/2022,53.21,"19,821,515",52.7833,53.45,52.765
04/19/2022,52.55,"15,854,921",52.2233,52.65,52.0133
04/18/2022,51.96,"14,671,816",52.25,52.66,51.7367
04/14/2022,52.36,"22,360,481",52.37,52.7633,52.1433
04/13/2022,52.4067,"29,284,599",51.15,52.5967,51.1167
04/12/2022,51.0767,"26,761,203",51.4133,51.8,50.85
04/11/2022,51.43,"24,712,757",52.3233,52.7467,51.21
04/08/2022,52.47,"23,294,537",52.3033,52.8033,52.07
04/07/2022,52.18,"27,088,065",51.7,52.5133,51.48
04/06/2022,51.6633,"28,018,434",50.34,51.8067,50.1661
04/05/2022,50.49,"18,657,809",50.2933,51.11,50.2933
04/04/2022,50.3467,"25,337,490",50.3033,51.0667,50.0267
04/01/2022,50.3367,"20,939,801",49.8867,50.4233,49.6132
03/31/2022,49.64,"27,163,881",49.5967,50.18,49.3933
03/30/2022,49.9567,"24,991,574",49.0433,50.06,49.0133
03/29/2022,49.0767,"19,934,441",48.8667,49.3667,48.75
03/28/2022,48.6667,"20,105,645",47.8333,48.6867,47.7667
03/25/2022,47.8167,"14,088,247",47.8167,47.9767,47.4217
03/24/2022,47.61,"13,440,886",47.4633,47.97,47.2917
03/23/2022,47.3167,"19,625,537",47.7133,47.91,47.1733
03/22/2022,47.9333,"20,235,125",48.2033,48.3233,47.66
03/21/2022,48.0767,"21,350,630",48.4767,49.0967,47.8733
03/18/2022,48.48,"31,233,423",48.3933,48.5233,48.036
03/17/2022,48.3367,"19,023,020",48.15,48.4333,47.55
03/16/2022,48.45,"24,615,959",48.4633,48.98,47.9
03/15/2022,48.5933,"22,872,485",48.1767,48.7167,47.95
03/14/2022,48.0167,"22,646,297",47.34,48.2833,47.33
03/11/2022,47.3567,"19,162,262",47.4333,48.0167,47.2933
03/10/2022,47.5433,"27,512,790",46.4967,47.6667,46.3367
03/09/2022,46.4867,"22,122,938",46.6667,46.7467,46.0467
03/08/2022,46.2467,"28,305,531",47.1667,47.4867,46.1933
03/07/2022,47.2233,"45,870,095",47.1,47.8767,46.8167
03/04/2022,47.6067,"35,580,664",45.9367,47.6467,45.8633
03/03/2022,46.43,"29,885,211",45.7633,46.8233,45.5167
03/02/2022,45.3867,"23,864,255",45.22,45.61,45.06
03/01/2022,45.33,"24,025,043",45.29,45.9633,45.0067
02/28/2022,45.0533,"26,286,684",45.0,45.3567,44.59
02/25/2022,45.46,"24,997,772",44.9367,45.5933,44.6967
02/24/2022,44.8433,"31,717,443",44.6367,45.0033,44.0033
02/23/2022,45.0167,"21,030,941",45.62,45.73,44.9467
02/22/2022,45.4833,"25,380,930",45.9233,46.08,45.3133
02/18/2022,45.9967,"31,103,463",46.0333,46.53,45.7202
02/17/2022,46.2933,"53,831,555",44.6667,46.49,44.5933
02/16/2022,44.51,"28,490,589",44.7767,44.96,44.2333
02/15/2022,44.79,"21,848,549",44.9133,45.2233,44.5967
02/14/2022,44.65,"29,363,511",45.11,45.32,44.2367
02/11/2022,45.11,"23,733,407",45.6067,45.7267,44.7217
02/10/2022,45.36,"27,810,600",45.5167,45.6717,45.1533
02/09/2022,45.8967,"21,473,771",46.1667,46.2633,45.8233
02/08/2022,45.9967,"19,458,881",46.1067,46.4133,45.8367
02/07/2022,45.9867,"20,010,362",46.6867,46.69,45.87
02/04/2022,46.4433,"22,036,523",46.9633,47.0,46.1167
02/03/2022,46.9967,"20,741,204",46.7533,47.33,46.59
02/02/2022,46.95,"18,149,783",47.0,47.2133,46.7167
02/01/2022,46.97,"20,323,100",46.4033,47.05,46.33
01/31/2022,46.6033,"20,193,476",45.6967,46.68,45.5667
01/28/2022,45.84,"25,132,026",45.3333,45.8567,44.65
01/27/2022,45.28,"27,783,801",45.64,46.36,45.1233
01/26/2022,45.25,"26,185,494",45.78,46.2633,45.0533
01/25/2022,45.7167,"29,479,437",46.6633,46.79,45.6033
01/24/2022,46.7333,"28,711,377",46.3567,46.8443,45.77
01/21/2022,46.73,"27,508,179",47.0733,47.4205,46.6867
01/20/2022,47.0733,"22,387,127",47.45,48.1533,47.0233
01/19/2022,47.98,"22,673,984",47.5133,48.33,47.3067
01/18/2022,47.5067,"21,134,756",48.1367,48.2333,47.3767
01/14/2022,48.3533,"26,867,361",48.0733,48.8767,48.0733
01/13/2022,48.49,"24,252,596",47.81,48.56,47.7033
01/12/2022,47.8133,"18,946,817",47.8933,47.9867,47.6667
01/11/2022,48.0667,"21,668,717",48.07,48.2067,47.725
01/10/2022,48.2033,"22,731,569",48.48,48.53,47.7067
01/07/2022,48.2967,"19,723,592",47.8333,48.4533,47.6533
01/06/2022,47.84,"21,828,833",47.8733,48.2133,47.4667
01/05/2022,47.9733,"35,417,914",47.6167,48.65,47.58
01/04/2022,47.3333,"33,930,033",48.0133,48.38,47.2533
01/03/2022,48.2167,"20,709,788",48.0,48.2633,47.67
12/31/2021,48.23,"17,947,787",47.7333,48.3483,47.64
12/30/2021,47.7233,"14,948,992",47.7533,47.8983,47.4933
12/29/2021,47.57,"13,045,261",47.5533,47.8433,47.44
12/28/2021,47.5933,"15,789,050",46.8667,47.6567,46.8667
12/27/2021,46.92,"16,053,377",46.5333,46.9567,46.5233
12/23/2021,46.4967,"17,592,650",46.6,46.72,46.2833
12/22/2021,46.6,"17,027,852",46.6333,46.6633,46.1767
12/21/2021,46.54,"24,620,438",46.3,46.62,46.0033
12/20/2021,46.4,"31,017,873",46.04,46.5833,45.8667
12/17/2021,46.25,"78,711,818",47.5833,47.9833,46.13
12/16/2021,47.78,"39,069,484",48.59,48.842,47.63
12/15/2021,48.59,"33,489,933",48.4033,48.8233,47.8
12/14/2021,48.3133,"46,721,285",47.7667,48.4267,47.3834
12/13/2021,47.8567,"54,039,365",46.7467,47.9166,46.67
12/10/2021,47.01,"38,575,624",46.1133,47.1,45.8567
12/09/2021,46.1667,"32,351,703",45.5433,46.19,45.2367
12/08/2021,45.7167,"34,496,253",46.02,46.1667,45.3367
12/07/2021,46.1833,"37,739,014",46.5333,46.61,46.03
12/06/2021,46.3333,"32,589,393",45.8533,46.4533,45.7
12/03/2021,45.8367,"44,142,604",45.2867,45.96,45.0967
12/02/2021,45.1567,"39,805,684",45.8767,46.1467,45.08
12/01/2021,45.7133,"36,687,124",46.8367,46.905,45.68
11/30/2021,46.8767,"64,819,056",47.16,47.5,46.67
11/29/2021,47.5433,"33,039,513",48.3333,48.4167,47.41
11/26/2021,48.3,"21,039,716",48.8133,49.2933,48.14
11/24/2021,48.8467,"18,089,342",48.5767,49.02,48.5467
11/23/2021,48.6033,"29,917,347",48.0833,48.66,47.75
11/22/2021,48.26,"29,150,367",47.5533,48.4533,47.3333
11/19/2021,47.4633,"28,142,187",47.8733,48.0,47.3133
11/18/2021,47.72,"24,407,474",47.38,47.7633,46.9533
11/17/2021,47.3133,"33,116,223",47.72,48.24,47.2733
11/16/2021,47.7233,"73,986,697",48.3667,48.8933,47.4333
11/15/2021,48.97,"28,895,967",49.3833,49.4833,48.8
11/12/2021,49.2533,"18,313,679",49.6667,49.7467,49.18
11/11/2021,49.5,"13,603,150",49.59,49.6633,49.3967
11/10/2021,49.48,"16,803,635",49.5767,49.8733,49.3267
11/09/2021,49.93,"15,001,775",49.84,49.9567,49.6217
11/08/2021,49.7567,"15,373,268",50.0733,50.17,49.5767
11/05/2021,50.0767,"15,081,884",50.6667,50.6667,49.8717
11/04/2021,50.4267,"15,149,219",50.06,50.616,49.9433
11/03/2021,50.06,"14,209,594",49.8667,50.0967,49.6767
11/02/2021,49.9067,"13,639,042",49.99,50.0583,49.76
11/01/2021,49.93,"12,549,475",49.9933,50.25,49.7833
10/29/2021,49.8067,"22,022,786",49.3033,50.033,49.1869
10/28/2021,49.4833,"12,598,414",49.4467,49.66,49.2367
10/27/2021,49.1767,"14,565,676",49.6533,49.6733,49.13
10/26/2021,49.5833,"17,418,716",50.0,50.1833,49.4867
10/25/2021,50.02,"19,287,989",49.5933,50.1733,49.3367
10/22/2021,49.4467,"21,195,728",49.0333,49.8967,49.0333
10/21/2021,48.9367,"13,954,390",48.86,48.9717,48.6033
10/20/2021,48.6667,"17,453,600",48.2967,48.83,48.2967
10/19/2021,48.23,"33,444,303",48.21,48.5367,47.8867
10/18/2021,47.2267,"19,886,900",46.6667,47.335,46.61
10/15/2021,46.85,"20,737,163",46.8733,47.0317,46.6533
10/14/2021,46.6233,"19,791,614",46.1667,46.6917,46.1667
10/13/2021,46.1233,"17,944,505",46.5,46.67,46.0433
10/12/2021,46.46,"15,789,299",46.4467,46.8033,46.3583
10/11/2021,46.51,"13,048,282",46.5067,46.9267,46.48
10/08/2021,46.5533,"13,847,284",46.5533,46.6967,46.3367
10/07/2021,46.4133,"21,068,129",46.26,46.9,46.2533
10/06/2021,45.8733,"19,376,666",45.4133,45.93,45.3767
10/05/2021,45.54,"20,597,417",45.3167,45.9033,45.3
10/04/2021,45.2433,"29,970,255",45.6967,46.0767,44.9017
10/01/2021,45.6833,"30,014,553",46.42,46.5433,45.3067
09/30/2021,46.46,"22,470,707",46.88,47.2433,46.4167
09/29/2021,46.8133,"21,375,491",46.8833,47.2767,46.7733
09/28/2021,46.8333,"20,580,764",47.2933,47.3583,46.6633
09/27/2021,47.4167,"21,250,664",47.6233,47.85,47.28
09/24/2021,47.7233,"13,360,621",47.5,47.8967,47.4967
09/23/2021,47.59,"15,585,422",47.74,47.8767,47.4833
09/22/2021,47.5633,"15,044,531",47.8233,47.8667,47.43
09/21/2021,47.6733,"17,437,472",47.5667,48.1933,47.5567
09/20/2021,47.58,"25,054,404",47.8333,48.395,47.2067
09/17/2021,48.2433,"73,039,117",48.0467,48.72,48.0067
09/16/2021,48.3433,"18,428,270",48.1467,48.436,47.8967
09/15/2021,48.1833,"14,849,959",48.0233,48.25,47.93
09/14/2021,48.1,"16,533,752",48.4933,48.6267,47.9733
09/13/2021,48.3533,"19,529,297",48.84,49.05,48.212
09/10/2021,48.63,"15,775,205",49.0667,49.08,48.475
09/09/2021,48.8067,"22,328,609",49.1533,49.2033,48.6133
09/08/2021,49.1533,"19,508,354",48.9833,49.44,48.91
09/07/2021,49.09,"25,355,952",49.6567,49.7233,49.02
09/03/2021,49.75,"17,213,711",49.4,49.8824,49.3
09/02/2021,49.52,"20,022,194",49.3733,49.595,49.23
09/01/2021,49.26,"19,056,680",49.1867,49.3108,48.8567
08/31/2021,49.3667,"25,078,554",49.33,49.48,49.08
08/30/2021,49.2333,"16,440,638",48.8067,49.3333,48.6733
08/27/2021,48.84,"23,088,458",49.17,49.23,48.7267
08/26/2021,49.1167,"23,466,854",49.1567,49.4233,48.89
08/25/2021,49.6533,"21,921,167",49.47,49.76,49.3417
08/24/2021,49.6333,"18,828,821",50.1667,50.1667,49.5667
08/23/2021,50.15,"16,166,090",50.51,50.5957,50.1367
08/20/2021,50.4833,"19,400,390",50.16,50.5733,49.9167
08/19/2021,50.0367,"22,630,373",49.4433,50.22,49.3333
08/18/2021,49.7,"28,211,838",50.1833,50.8567,49.6733
08/17/2021,50.2333,"50,950,085",50.1333,50.8333,49.7
08/16/2021,50.25,"47,926,955",49.8933,50.5767,49.68
08/13/2021,49.8433,"15,981,212",49.7933,50.12,49.72
08/12/2021,49.6867,"18,277,274",49.6667,50.07,49.6033
08/11/2021,50.0033,"41,455,684",49.8367,50.5267,49.72
08/10/2021,49.56,"38,262,154",48.99,49.65,48.75
08/09/2021,48.5267,"15,811,775",48.6367,48.8267,48.4667
08/06/2021,48.41,"19,263,692",48.7367,48.8233,48.3167
08/05/2021,48.4967,"27,005,445",48.0767,48.5133,47.9967
08/04/2021,47.6133,"15,301,586",47.7933,47.98,47.58
08/03/2021,47.94,"18,915,356",47.48,47.9667,47.4533
08/02/2021,47.4067,"19,958,525",47.61,47.6233,47.2233
07/30/2021,47.5167,"16,332,185",47.0667,47.6517,47.0667
07/29/2021,47.4133,"11,063,068",47.5467,47.6167,47.341
07/28/2021,47.3533,"14,071,462",47.4933,47.75,47.22
07/27/2021,47.5467,"15,395,717",47.6667,47.6667,47.32
07/26/2021,47.5433,"18,517,337",47.4533,47.9533,47.1533
07/23/2021,47.4767,"15,947,510",47.1733,47.5733,47.0033
07/22/2021,47.09,"13,013,296",47.0433,47.3724,46.9333
07/21/2021,47.0567,"18,591,899",47.5,47.5133,46.9017
07/20/2021,47.29,"19,020,302",46.99,47.49,46.9257
07/19/2021,47.0767,"27,383,163",47.1367,47.66,46.59
07/16/2021,47.1867,"18,095,417",47.2333,47.3767,46.9833
07/15/2021,47.22,"17,974,838",47.3333,47.5467,47.03
07/14/2021,47.1833,"18,812,015",46.9033,47.2667,46.61
07/13/2021,46.86,"18,947,606",46.6633,47.06,46.6467
07/12/2021,46.6833,"19,514,930",46.8967,46.93,46.4433
07/09/2021,46.7667,"15,185,291",46.8033,46.9467,46.6433
07/08/2021,46.53,"21,267,143",46.1133,46.8833,46.0736
07/07/2021,46.57,"25,607,460",46.5867,47.0633,46.4533
07/06/2021,46.6467,"18,279,176",46.6333,46.9167,46.505
07/02/2021,46.7033,"26,287,710",46.45,47.0267,46.45
07/01/2021,46.44,"26,348,553",46.8033,47.0833,46.3367
06/30/2021,47.0067,"45,511,055",46.52,47.5267,46.23
06/29/2021,45.7667,"35,962,474",45.9667,46.1567,45.7433
06/28/2021,46.0333,"15,549,068",46.0133,46.2133,45.5333
06/25/2021,46.1767,"28,640,811",45.71,46.2867,45.64
06/24/2021,45.6367,"23,443,961",45.39,45.7467,45.3667
06/23/2021,45.32,"19,390,553",45.5,45.6633,45.31
06/22/2021,45.6767,"19,106,864",45.41,45.9067,45.41
06/21/2021,45.4667,"20,775,071",45.22,45.5833,45.1167
06/18/2021,45.0567,"44,812,744",45.1467,45.4627,44.8
06/17/2021,45.9067,"19,341,839",45.6667,46.1167,45.57
06/16/2021,45.7167,"28,795,032",46.6167,46.68,45.6567
06/15/2021,46.6667,"19,327,178",46.9467,46.97,46.5533
06/14/2021,46.8533,"15,140,690",46.9767,46.9767,46.6767
06/11/2021,46.9167,"25,232,475",46.7433,46.95,46.62
06/10/2021,46.6267,"16,378,379",46.36,46.73,46.36
06/09/2021,46.36,"17,085,383",46.4467,46.67,46.3433
06/08/2021,46.61,"20,120,570",46.8367,46.9667,46.6033
06/07/2021,46.9667,"16,630,886",47.2833,47.3233,46.7967
06/04/2021,47.2833,"13,635,817",47.1533,47.43,47.0833
06/03/2021,47.2,"18,374,474",47.13,47.2833,46.9167
06/02/2021,47.1167,"23,297,981",47.13,47.2366,46.6967
06/01/2021,47.22,"20,767,628",47.4033,47.6,47.09
05/28/2021,47.3433,"21,189,911",47.31,47.4833,47.2133
05/27/2021,47.23,"56,576,916",47.7833,47.8933,47.23
05/26/2021,47.39,"19,294,112",47.4633,47.6267,47.2533
05/25/2021,47.4467,"21,505,094",47.2667,47.5467,47.0233
05/24/2021,47.2533,"18,945,950",47.2533,47.4733,47.12
05/21/2021,47.25,"22,927,457",47.5067,47.6933,47.2
05/20/2021,47.4733,"30,540,753",47.1667,47.6233,46.9
05/19/2021,47.3067,"34,874,763",46.9033,47.9067,46.8333
05/18/2021,47.3033,"58,183,686",47.8367,48.1933,47.07
05/17/2021,46.2967,"19,473,530",46.6667,46.8,46.2567
05/14/2021,46.5067,"16,091,687",46.27,46.7467,46.1433
05/13/2021,46.08,"21,480,161",45.41,46.3267,45.2533
05/12/2021,45.3133,"25,998,435",46.29,46.3267,45.3033
05/11/2021,46.5167,"26,464,140",46.9567,46.9567,46.1067
05/10/2021,46.94,"26,307,738",46.8167,47.36,46.77
05/07/2021,46.7333,"23,408,417",47.21,47.24,46.44
05/06/2021,47.0167,"16,301,858",46.6667,47.119,46.4833
05/05/2021,46.8667,"11,895,556",46.9033,47.0667,46.75
05/04/2021,46.9067,"19,084,073",47.18,47.3433,46.7
05/03/2021,47.3733,"27,139,608",46.56,47.58,46.56
04/30/2021,46.6367,"19,680,023",46.57,46.6633,46.37
04/29/2021,46.5433,"19,595,960",45.9667,46.6667,45.9667
04/28/2021,45.9633,"14,286,589",46.1167,46.1967,45.955
04/27/2021,46.1267,"16,151,441",46.0,46.315,45.85
04/26/2021,45.97,"22,846,235",46.6367,46.6667,45.88
04/23/2021,46.6333,"22,983,998",46.3667,46.7807,46.3433
04/22/2021,46.5567,"19,705,115",47.0267,47.15,46.4733
04/21/2021,47.0667,"17,335,091",46.9233,47.2333,46.8433
04/20/2021,46.93,"24,451,979",46.4733,47.2567,46.2733
04/19/2021,46.57,"19,280,975",46.7633,46.8567,46.5367
04/16/2021,46.87,"26,488,386",46.9633,46.9867,46.57
04/15/2021,46.72,"21,710,333",46.4667,46.8233,46.4
04/14/2021,46.44,"21,924,494",46.3733,46.4867,46.14
04/13/2021,46.4567,"17,397,995",46.6,46.6667,46.29
04/12/2021,46.6,"18,723,125",46.69,46.7933,46.4467
04/09/2021,46.5933,"20,676,485",46.5433,46.6967,46.2379
04/08/2021,46.57,"19,095,461",46.8167,47.04,46.5533
04/07/2021,46.6,"20,361,578",46.7667,46.9167,46.55
04/06/2021,46.7,"31,044,693",46.37,46.9827,46.1733
04/05/2021,46.4767,"40,043,164",45.5733,46.72,45.4
04/01/2021,45.2067,"25,595,157",45.3133,45.63,45.11
03/31/2021,45.2767,"24,546,038",45.1833,45.62,44.9867
03/30/2021,45.2467,"27,230,181",45.4433,45.8633,45.1567
03/29/2021,45.5567,"30,146,523",45.0,45.67,44.8667
03/26/2021,45.0433,"28,653,507",44.6667,45.0667,44.4737
03/25/2021,44.67,"28,126,005",44.42,44.8434,44.29
03/24/2021,44.37,"23,547,434",44.81,44.81,44.35
03/23/2021,44.6467,"29,154,789",43.9033,44.7667,43.8767
03/22/2021,44.1233,"24,653,852",43.6667,44.15,43.6633
03/19/2021,43.9133,"57,703,566",43.3767,44.1667,43.3
03/18/2021,43.3367,"29,815,416",43.72,43.9833,43.31
03/17/2021,44.0933,"24,156,182",44.1667,44.38,43.9933
03/16/2021,44.4633,"19,880,861",44.2733,44.76,44.2733
03/15/2021,44.4767,"25,098,078",44.9133,44.9167,44.275
03/12/2021,44.7067,"28,437,564",44.1733,44.84,44.0267
03/11/2021,44.0433,"35,489,674",44.4533,44.4967,43.8433
03/10/2021,44.06,"44,929,354",42.9533,44.35,42.8233
03/09/2021,42.9633,"31,988,643",42.9333,43.2933,42.7733
03/08/2021,42.6267,"40,988,404",43.11,43.28,42.6033
03/05/2021,43.04,"34,073,583",42.2767,43.2486,42.25
03/04/2021,42.51,"45,347,915",42.62,43.1933,42.0933
03/03/2021,42.53,"41,837,284",43.1667,43.31,42.5167
03/02/2021,43.37,"29,230,701",43.8367,44.25,43.3367
03/01/2021,43.79,"34,634,553",43.86,44.19,43.71
02/26/2021,43.3067,"42,470,794",43.8267,43.9367,43.2867
02/25/2021,43.9833,"33,324,693",44.3667,44.67,43.828
02/24/2021,44.4033,"46,565,735",45.29,45.3867,44.35
02/23/2021,45.1567,"31,300,203",45.7033,45.7967,45.02
02/22/2021,45.8967,"32,106,633",45.9133,46.1133,45.4167
02/19/2021,46.1133,"36,605,974",45.9333,46.4733,45.89
02/18/2021,45.8867,"96,927,400",46.3333,46.9,45.8333
02/17/2021,49.0667,"26,026,698",48.2167,49.1667,48.1667
02/16/2021,48.5533,"27,891,090",48.6467,48.7967,48.31
02/12/2021,48.1567,"13,423,594",48.0533,48.2033,47.89
02/11/2021,48.0067,"12,791,461",48.0467,48.3167,47.9033
02/10/2021,48.0433,"18,576,959",48.61,48.6333,47.8463
02/09/2021,48.61,"15,907,010",48.1933,48.7733,48.1933
02/08/2021,48.3433,"15,825,353",48.27,48.5267,48.1533
02/05/2021,48.12,"20,451,749",47.82,48.2833,47.51
02/04/2021,47.51,"17,346,269",47.2633,47.7267,47.0867
02/03/2021,47.0667,"14,966,797",46.8867,47.35,46.8767
02/02/2021,46.9233,"27,002,367",46.5867,47.3833,46.48
02/01/2021,46.4233,"25,945,092",46.97,47.1633,46.3967
01/29/2021,46.83,"32,509,113",47.7267,47.9167,46.7833
01/28/2021,47.9167,"22,301,624",48.1533,48.7533,47.8767
01/27/2021,47.9467,"29,910,345",48.9867,49.2867,47.85
01/26/2021,49.17,"15,031,487",48.5433,49.27,48.49
01/25/2021,48.7333,"19,031,165",48.4533,48.75,48.09
01/22/2021,48.7767,"19,219,358",48.5333,49.1133,48.3733
01/21/2021,48.2833,"14,349,856",48.4533,48.5767,48.07
01/20/2021,48.5033,"23,775,713",47.8633,48.5533,47.63
01/19/2021,47.7967,"24,123,461",48.2133,48.3567,47.5567
01/15/2021,48.2133,"35,920,474",48.38,48.6333,47.8903
01/14/2021,48.99,"23,017,100",49.2733,49.3333,48.6783
01/13/2021,49.15,"16,069,625",49.5833,49.69,49.1433
01/12/2021,49.6567,"23,373,431",49.6667,49.9767,49.44
01/11/2021,49.0967,"26,347,245",48.6667,49.33,48.6667
01/08/2021,48.8767,"24,478,202",48.96,49.0,48.6033
01/07/2021,48.8833,"20,537,915",49.2067,49.2533,48.68
01/06/2021,48.8867,"21,918,908",48.3633,49.3667,48.337
01/05/2021,48.5833,"26,497,962",48.8667,49.0233,48.1633
01/04/2021,48.8433,"32,182,233",48.1,48.9633,48.0933
12/31/2020,48.05,"17,814,056",48.0667,48.09,47.6167
12/30/2020,48.06,"18,751,157",48.2933,48.3833,47.98
12/29/2020,48.1,"17,938,142",48.5467,48.615,47.8633
12/28/2020,48.4067,"19,344,977",48.0133,48.4333,47.7767
12/24/2020,47.8333,"9,054,472",47.8467,48.13,47.7267
12/23/2020,47.74,"20,430,452",47.8467,48.0733,47.4333
12/22/2020,48.0667,"37,662,184",48.3833,48.7433,47.7133
12/21/2020,48.6567,"25,553,007",48.5,48.89,48.3546
12/18/2020,48.65,"41,384,224",48.8717,49.06,48.3867
12/17/2020,48.7,"30,679,383",48.6867,48.8133,48.3833
12/16/2020,48.4767,"25,651,047",48.7467,48.9633,48.36
12/15/2020,48.5267,"31,894,503",48.5067,48.7867,48.2867
12/14/2020,48.55,"25,087,959",49.2333,49.24,48.4667
12/11/2020,49.0,"16,860,788",48.9733,49.1694,48.6467
12/10/2020,49.0133,"20,652,356",49.25,49.3833,48.8567
12/09/2020,49.4233,"20,139,695",50.0,50.0,49.2967
12/08/2020,49.8167,"20,716,364",49.12,49.95,49.06
12/07/2020,49.37,"18,479,216",49.4867,49.6633,49.0533
12/04/2020,49.6367,"20,889,206",49.8367,49.8367,49.1933
12/03/2020,49.7667,"25,725,852",50.0933,50.0933,49.4633
12/02/2020,50.1733,"23,547,050",50.6667,50.8733,49.844
12/01/2020,50.88,"22,941,275",51.2,51.2199,50.5533
11/30/2020,50.93,"32,695,563",50.5333,50.9833,50.0333
11/27/2020,50.5333,"10,999,582",50.7167,50.9067,50.3667
11/25/2020,50.61,"13,833,322",50.4167,50.7967,50.4033
11/24/2020,50.4533,"17,168,771",50.58,50.66,50.09
11/23/2020,50.31,"18,557,144",50.1233,50.4667,49.79
11/20/2020,50.08,"21,962,567",50.39,50.92,49.9367
11/19/2020,50.7067,"18,590,606",49.82,50.8167,49.7733
11/18/2020,49.6967,"24,936,869",49.9533,50.5567,49.6833
11/17/2020,49.79,"42,711,634",50.1667,51.0816,49.7267
11/16/2020,50.8133,"34,560,423",50.1767,51.1333,49.76
11/13/2020,50.18,"19,811,516",49.6467,50.3117,49.1733
11/12/2020,49.41,"12,576,994",49.4933,49.5702,49.0333
11/11/2020,49.3267,"18,805,823",48.9733,49.6517,48.8
11/10/2020,48.52,"18,199,334",47.9167,48.8124,47.8434
11/09/2020,47.8467,"28,198,575",49.3333,49.3997,47.8267
11/06/2020,48.59,"16,198,466",48.12,48.74,47.85
11/05/2020,47.8233,"14,202,706",48.0,48.0767,47.6467
11/04/2020,47.32,"17,927,483",47.19,48.13,47.112
11/03/2020,47.5933,"15,413,225",47.2167,48.0533,47.19
11/02/2020,46.8,"16,575,656",46.8633,46.9367,46.3433
10/30/2020,46.25,"18,608,219",46.3933,46.6967,45.79
10/29/2020,46.64,"15,154,046",46.6667,47.0367,46.2333
10/28/2020,46.68,"16,849,325",46.9867,47.3767,46.6267
10/27/2020,47.6233,"11,830,954",47.35,47.9,47.3233
10/26/2020,47.3867,"16,111,793",47.6133,47.708,46.98
10/23/2020,47.95,"10,540,468",47.99,48.0467,47.6167
10/22/2020,47.85,"13,354,732",48.0633,48.1867,47.5633
10/21/2020,48.1333,"13,114,282",47.9467,48.5753,47.9467
10/20/2020,47.9667,"14,529,637",48.0367,48.51,47.8733
10/19/2020,47.65,"14,643,211",48.3667,48.4567,47.5837
10/16/2020,48.2367,"16,942,025",48.4667,48.7167,48.1567
10/15/2020,48.1767,"13,705,426",47.6967,48.32,47.6125
10/14/2020,47.98,"19,722,329",48.8,48.8417,47.92
10/13/2020,48.7433,"23,800,349",48.2267,48.8683,48.12
10/12/2020,48.0833,"18,402,449",47.6733,48.4633,47.6733
10/09/2020,47.5933,"14,494,807",47.22,47.78,47.1867
10/08/2020,47.12,"14,676,871",47.17,47.3633,47.04
10/07/2020,46.9633,"16,949,198",47.0867,47.1833,46.75
10/06/2020,46.8767,"21,475,445",47.29,47.6466,46.75
10/05/2020,47.2667,"14,259,118",47.0967,47.3966,47.0217
10/02/2020,46.8333,"24,584,924",47.4467,47.7,46.7099
10/01/2020,47.6933,"43,290,994",46.9333,48.1266,46.7533
09/30/2020,46.6367,"34,826,463",45.7967,47.2467,45.7338
09/29/2020,45.7133,"27,722,727",45.75,46.0467,45.4633
09/28/2020,45.75,"21,196,979",45.72,46.0167,45.5733
09/25/2020,45.7567,"22,618,790",45.5067,45.845,45.32
09/24/2020,45.5667,"29,453,085",45.2433,45.9317,45.0233
09/23/2020,45.33,"23,133,326",46.3333,46.4133,45.2731
09/22/2020,46.1033,"33,102,063",45.69,46.33,45.5233
09/21/2020,45.69,"47,275,505",45.5,45.7467,45.0967
09/18/2020,45.0967,"54,709,055",45.48,45.8433,44.9167
09/17/2020,45.5633,"37,245,094",45.1433,45.8567,45.0067
09/16/2020,45.42,"27,877,950",46.1367,46.2275,45.35
09/15/2020,45.7867,"30,427,863",46.0767,46.36,45.56
09/14/2020,45.7733,"45,733,955",45.38,47.0333,45.2933
09/11/2020,45.5667,"28,879,734",45.6833,46.1467,45.1833
09/10/2020,45.6033,"33,709,263",46.6867,46.845,45.5286
09/09/2020,46.63,"33,669,093",46.6967,47.5367,46.4833
09/08/2020,46.15,"33,966,753",47.1367,47.3,46.0867
09/04/2020,47.61,"33,982,083",48.0067,48.3461,46.7
09/03/2020,48.18,"48,015,005",48.9,49.8667,47.27
09/02/2020,49.2267,"51,665,975",50.4167,50.4433,48.5367
09/01/2020,49.1967,"107,124,641",47.0667,49.8633,46.6833
08/31/2020,46.2833,"45,236,345",45.8267,46.2967,45.1767
08/28/2020,46.7667,"64,050,936",47.0,47.0233,45.9467
08/27/2020,45.5433,"119,018,742",43.6933,46.45,43.6333
08/26/2020,43.5667,"18,814,670",43.4033,43.6267,43.2333
08/25/2020,43.5433,"21,722,459",43.6,43.7456,43.2233
08/24/2020,43.7767,"19,813,652",44.0833,44.16,43.4433
08/21/2020,43.8767,"24,863,984",43.5167,44.2233,43.3667
08/20/2020,43.5233,"26,810,649",43.7367,44.0233,43.35
08/19/2020,44.1367,"38,155,204",44.7367,44.8867,43.9517
08/18/2020,44.9033,"80,232,548",45.39,45.8774,44.39
08/17/2020,45.2,"39,465,004",44.7833,45.3767,44.6167
08/14/2020,44.2,"20,106,263",44.1133,44.3233,43.8767
08/13/2020,43.95,"19,867,334",43.7367,43.9867,43.5767
08/12/2020,43.9633,"19,116,338",43.49,44.0767,43.0267
08/11/2020,43.4,"25,360,068",44.1967,44.29,43.2434
08/10/2020,43.96,"17,683,064",43.4133,44.1133,43.2167
08/07/2020,43.3233,"16,558,463",43.1933,43.4867,43.0367
08/06/2020,43.1167,"14,496,421",43.0433,43.41,43.01
08/05/2020,43.27,"25,510,722",43.4833,43.5833,42.9433
08/04/2020,43.88,"18,219,677",43.2167,43.9033,42.98
08/03/2020,43.1,"14,976,265",43.3033,43.3717,42.7571
07/31/2020,43.1333,"21,634,607",43.2167,43.3633,42.54
07/30/2020,43.3733,"13,788,364",43.14,43.4733,42.9067
07/29/2020,43.5633,"14,223,328",43.8533,43.9533,43.2833
07/28/2020,43.92,"14,414,164",43.8333,44.1267,43.64
07/27/2020,43.7367,"14,045,551",43.62,43.9933,43.62
07/24/2020,43.7467,"13,037,350",43.65,44.1333,43.5033
07/23/2020,43.88,"16,796,258",44.3333,44.3833,43.77
07/22/2020,44.22,"16,164,533",44.19,44.3433,43.73
07/21/2020,44.11,"21,721,205",43.8533,44.6633,43.8167
07/20/2020,43.8233,"18,342,551",43.9867,44.2467,43.7133
07/17/2020,43.9133,"18,189,509",44.4567,44.4567,43.8233
07/16/2020,44.0667,"17,676,497",44.0167,44.2433,43.7467
07/15/2020,44.0,"31,731,363",44.09,44.71,43.6
07/14/2020,44.0033,"26,455,668",43.0933,44.1667,43.0087
07/13/2020,43.1733,"42,338,344",43.7767,44.5433,42.9633
07/10/2020,43.56,"44,236,894",42.9117,43.79,42.42
07/09/2020,42.5833,"42,771,724",41.87,42.7267,41.65
07/08/2020,41.48,"52,217,135",42.6667,42.71,41.4667
07/07/2020,42.3167,"93,458,049",39.4833,42.5167,39.4067
07/06/2020,39.63,"21,694,994",39.9333,39.9567,39.4067
07/02/2020,39.7367,"17,695,679",40.03,40.2933,39.62
07/01/2020,39.8967,"19,733,765",39.8167,39.9733,39.5533
06/30/2020,39.9267,"20,509,076",39.74,40.0433,39.5133
06/29/2020,39.6867,"16,511,354",39.5,39.8933,39.405
06/26/2020,39.44,"26,991,513",39.8667,40.28,39.34
06/25/2020,39.9033,"20,569,847",39.92,40.0533,39.46
06/24/2020,40.1,"20,614,832",40.2467,40.3718,39.86
06/23/2020,40.3567,"19,727,747",40.9167,40.95,40.3202
06/22/2020,40.56,"27,338,544",40.3233,40.6967,40.1333
06/19/2020,39.95,"40,028,764",39.63,40.1,39.25
06/18/2020,39.33,"20,069,924",39.5133,39.6867,39.22
06/17/2020,39.6767,"20,167,013",39.9533,40.0433,39.4667
06/16/2020,39.8833,"25,185,633",39.9333,40.0766,39.5133
06/15/2020,39.36,"32,703,183",39.4667,39.56,39.0033
06/12/2020,39.2467,"32,359,323",40.17,40.25,39.02
06/11/2020,40.03,"34,162,953",40.33,40.86,39.8267
06/10/2020,40.3867,"28,141,650",40.52,40.8333,40.3767
06/09/2020,40.45,"20,746,313",40.5333,40.6667,40.1867
06/08/2020,40.4133,"28,344,195",39.86,40.4133,39.82
06/05/2020,40.52,"39,337,174",40.8567,40.8933,39.97
06/04/2020,40.7033,"24,014,891",40.9333,41.2957,40.6067
06/03/2020,41.1567,"20,263,001",41.3,41.33,40.8867
06/02/2020,41.3133,"19,187,807",41.1967,41.3842,40.9367
06/01/2020,41.32,"20,567,258",41.1467,41.47,40.7867
05/29/2020,41.3533,"29,317,296",41.4133,41.5683,40.6433
05/28/2020,41.23,"24,437,921",41.24,41.65,41.0533
05/27/2020,40.8267,"31,073,703",41.3233,41.4967,40.3433
05/26/2020,41.2867,"23,730,548",41.4467,41.8367,41.21
05/22/2020,41.4433,"22,359,488",41.7,41.7833,41.2567
05/21/2020,41.6633,"22,448,222",41.63,42.0467,41.4167
05/20/2020,41.8167,"32,246,403",42.1633,42.1967,41.5433
05/19/2020,41.65,"74,746,327",43.9167,43.9967,41.6033
05/18/2020,42.5533,"39,107,704",42.5,42.8517,42.0333
05/15/2020,41.98,"31,770,123",41.1567,41.98,41.03
05/14/2020,41.14,"22,233,020",41.6167,41.71,40.4334
05/13/2020,41.2367,"29,175,168",41.1667,42.08,41.03
05/12/2020,41.26,"19,100,177",41.4933,41.8867,41.26
05/11/2020,41.2233,"25,341,918",41.0133,41.4367,41.0033
05/08/2020,40.98,"20,833,058",40.9167,41.0033,40.54
05/07/2020,40.63,"27,348,543",41.1533,41.3267,40.5
05/06/2020,41.1,"17,309,177",41.7367,41.83,40.9483
05/05/2020,41.5767,"19,337,252",41.2667,41.7533,41.0867
05/04/2020,41.2333,"17,807,639",41.28,41.4667,40.57
05/01/2020,40.9733,"31,144,053",40.4933,41.23,40.26
04/30/2020,40.5167,"40,497,784",41.0267,41.1454,40.3467
04/29/2020,41.2,"44,611,984",41.8567,41.92,40.85
04/28/2020,42.6667,"20,732,084",42.76,43.4133,42.5667
04/27/2020,42.7667,"17,923,817",43.3333,43.4359,42.7233
04/24/2020,43.1467,"17,348,285",43.1167,43.2967,42.8533
04/23/2020,42.8433,"28,839,894",43.2833,43.6965,42.5767
04/22/2020,43.8633,"19,455,110",43.3333,44.1267,42.9667
04/21/2020,43.07,"27,900,720",43.3567,43.6767,42.72
04/20/2020,43.2833,"24,401,825",44.13,44.46,43.2533
04/17/2020,44.04,"30,915,273",43.8267,44.3233,43.2417
04/16/2020,44.11,"31,882,353",43.0,44.3067,42.75
04/15/2020,42.92,"22,435,295",43.0,43.2933,42.3733
04/14/2020,43.0,"34,098,933",42.3667,43.2633,42.0117
04/13/2020,41.7667,"24,193,991",40.4233,41.89,40.39
04/09/2020,40.6,"32,833,203",39.4067,40.9567,39.22
04/08/2020,40.6133,"27,876,537",41.23,41.27,40.1967
04/07/2020,40.6633,"41,369,734",41.3267,42.1633,40.5467
04/06/2020,42.0233,"47,768,705",39.6867,42.13,39.6467
04/03/2020,39.8267,"28,624,992",39.07,39.97,39.01
04/02/2020,39.55,"29,515,476",37.7267,39.7033,37.445
04/01/2020,38.0467,"28,269,516",37.3833,38.51,37.2667
03/31/2020,37.8733,"26,271,543",38.1033,38.73,37.5467
03/30/2020,38.3967,"29,212,623",37.2867,38.6,36.9791
03/27/2020,36.5267,"36,160,354",36.7033,37.4267,36.2002
03/26/2020,36.6067,"58,293,966",36.4667,36.9567,35.6155
03/25/2020,36.4667,"53,287,505",37.6567,38.0,36.0167
03/24/2020,38.3433,"42,705,154",38.6233,39.1233,37.1033
03/23/2020,38.0933,"39,365,884",38.0567,39.18,37.4033
03/20/2020,37.99,"55,423,566",39.8333,40.93,37.2967
03/19/2020,39.8167,"57,100,446",41.4867,42.3333,39.21
03/18/2020,40.86,"77,355,848",38.3333,42.6933,38.1667
03/17/2020,39.7533,"52,806,095",37.59,39.7567,36.82
03/16/2020,35.5867,"36,753,904",35.0667,37.1097,34.0
03/13/2020,38.0333,"42,962,134",36.08,38.1967,34.6267
03/12/2020,34.6833,"56,323,356",35.34,37.1633,34.3267
03/11/2020,38.1433,"31,629,003",39.17,39.6767,37.6
03/10/2020,39.93,"37,797,184",39.3667,40.2267,38.3067
03/09/2020,39.0533,"59,243,526",37.94,40.21,37.5767
03/06/2020,39.0767,"29,411,136",37.9567,39.3033,37.67
03/05/2020,38.64,"25,639,518",38.1333,39.0833,37.97
03/04/2020,38.9233,"24,625,268",38.08,38.9467,37.8233
03/03/2020,37.6367,"33,340,923",38.6933,39.1767,37.4467
03/02/2020,38.6267,"51,222,725",35.8667,38.7991,35.7633
02/28/2020,35.8933,"52,512,245",35.8967,36.1733,34.79
02/27/2020,36.8,"28,476,792",37.52,38.0233,36.7833
02/26/2020,37.9267,"20,021,132",38.2333,38.39,37.8833
02/25/2020,38.13,"23,293,031",38.7833,39.0233,38.0167
02/24/2020,38.7733,"19,848,116",39.1533,39.4867,38.6507
02/21/2020,39.5267,"18,727,580",39.1467,39.5833,39.1033
02/20/2020,39.23,"15,069,983",39.07,39.37,38.9533
02/19/2020,39.2267,"21,563,315",39.8333,39.98,39.2267
02/18/2020,39.8767,"34,548,363",39.49,39.9833,39.12
02/14/2020,39.2967,"24,391,946",39.2233,39.5233,39.0517
02/13/2020,39.1467,"15,999,563",38.6167,39.1783,38.527
02/12/2020,38.6167,"14,206,654",38.5,38.8067,38.47
02/11/2020,38.4667,"17,391,605",38.4767,38.5,38.1467
02/10/2020,38.4167,"18,434,606",38.5833,38.9933,38.3483
02/07/2020,38.8167,"11,069,917",38.7033,38.92,38.5867
02/06/2020,38.77,"16,058,768",38.9433,39.0767,38.6867
02/05/2020,38.9367,"17,048,660",38.5333,38.9833,38.2833
02/04/2020,38.4233,"15,696,668",38.4133,38.7467,38.2967
02/03/2020,38.09,"13,055,587",38.3,38.4633,38.0333
01/31/2020,38.1633,"23,327,363",38.6,38.7533,37.9667
01/30/2020,38.86,"13,744,777",38.5367,38.9067,38.4438
01/29/2020,38.63,"11,333,002",38.8533,39.04,38.63
01/28/2020,38.8667,"15,810,908",38.66,38.9667,38.6499
01/27/2020,38.62,"21,055,220",37.73,38.7433,37.56
01/24/2020,38.1233,"13,150,285",38.6667,38.6767,38.05
01/23/2020,38.6033,"12,915,523",38.7367,38.77,38.3467
01/22/2020,38.7,"14,779,156",38.4067,38.8433,38.3933
01/21/2020,38.53,"22,061,036",38.1967,38.5633,38.1717
01/17/2020,38.32,"30,135,033",38.6833,38.7667,38.2133
01/16/2020,38.6333,"16,108,292",38.5,38.6433,38.4267
01/15/2020,38.4267,"22,362,530",38.21,38.6233,38.1733
01/14/2020,38.7267,"19,761,965",38.49,38.7366,38.3767
01/13/2020,38.6267,"18,342,296",38.7933,38.85,38.4567
01/10/2020,38.7933,"18,166,106",39.08,39.1133,38.66
01/09/2020,39.12,"16,696,898",38.7167,39.1233,38.6935
01/08/2020,38.72,"17,641,451",38.7667,38.91,38.56
01/07/2020,38.8533,"20,610,143",39.0867,39.1717,38.7333
01/06/2020,39.2167,"19,339,637",39.1333,39.3633,38.9233
01/03/2020,39.2967,"16,203,500",39.4233,39.5962,39.1967
01/02/2020,39.6467,"19,978,967",39.62,39.9633,39.5672
12/31/2019,39.6133,"14,746,732",39.8333,39.9333,39.3967
12/30/2019,39.8,"8,837,740",39.9333,39.9367,39.71
12/27/2019,39.8633,"10,637,425",39.98,39.98,39.7483
12/26/2019,39.84,"12,684,220",39.87,39.95,39.65
12/24/2019,39.8367,"6,682,270",39.71,39.8667,39.67
12/23/2019,39.6767,"13,458,826",40.0667,40.23,39.67
12/20/2019,40.0967,"23,863,655",40.4933,40.7067,40.0067
12/19/2019,40.0267,"13,392,922",39.98,40.1683,39.9267
12/18/2019,39.9533,"15,314,954",40.5033,40.56,39.9467
12/17/2019,40.4267,"13,727,803",40.3167,40.5667,40.2333
12/16/2019,40.18,"16,056,236",40.14,40.4499,40.14
12/13/2019,40.0967,"16,099,625",39.72,40.2167,39.6733
12/12/2019,39.92,"12,456,331",39.6667,40.0367,39.56
12/11/2019,39.6667,"10,519,855",39.8,39.8833,39.51
12/10/2019,39.7133,"12,847,975",39.7833,39.8533,39.6733
12/09/2019,39.7867,"14,506,423",39.8567,39.9533,39.7281
12/06/2019,39.9267,"13,027,489",39.6933,39.9333,39.64
12/05/2019,39.5533,"13,059,322",39.4533,39.5917,39.14
12/04/2019,39.5633,"16,672,550",39.7067,39.7333,39.4347
12/03/2019,39.5567,"20,282,129",39.4667,39.6533,39.2567
12/02/2019,39.76,"17,037,035",39.7167,39.7933,39.28
11/29/2019,39.6967,"9,471,949",39.7133,39.99,39.6667
11/27/2019,39.5867,"10,320,718",39.7967,39.9333,39.5767
11/26/2019,39.73,"18,880,139",39.6533,39.7667,39.4833
11/25/2019,39.64,"17,653,439",40.0,40.0067,39.3
11/22/2019,39.7867,"11,530,555",40.05,40.1,39.7567
11/21/2019,39.9533,"12,908,536",39.61,40.0,39.5567
11/20/2019,39.71,"15,233,270",40.07,40.16,39.4667
11/19/2019,39.9633,"11,148,679",40.0367,40.12,39.9033
11/18/2019,40.0833,"19,648,901",39.4833,40.289,39.4133
11/15/2019,39.6233,"30,439,533",40.2267,40.3333,39.46
11/14/2019,40.2167,"67,534,057",41.5333,41.7933,39.8367
11/13/2019,40.3267,"24,140,447",39.72,40.4533,39.5533
11/12/2019,39.7067,"15,206,396",39.8667,40.0,39.6032
11/11/2019,39.68,"13,323,430",39.5667,39.8767,39.4267
11/08/2019,39.8133,"11,501,188",40.1033,40.2933,39.6467
11/07/2019,40.0767,"13,324,072",40.0,40.3067,39.8467
11/06/2019,39.8333,"10,843,273",39.61,39.8733,39.57
11/05/2019,39.62,"12,651,298",39.2267,39.7133,39.025
11/04/2019,39.19,"13,938,124",39.4667,39.7033,39.0567
11/01/2019,39.2067,"11,287,813",39.3067,39.3233,39.0767
10/31/2019,39.0867,"14,643,808",39.31,39.4267,38.9433
10/30/2019,39.3667,"8,988,613",39.06,39.4567,39.017
10/29/2019,39.05,"14,373,298",39.5,39.5767,39.0267
10/28/2019,39.74,"10,213,690",39.75,39.9,39.51
10/25/2019,39.68,"7,692,973",39.6667,39.7751,39.4
10/24/2019,39.7,"8,767,822",39.7167,39.8558,39.5033
10/23/2019,39.7833,"8,606,650",39.7233,39.95,39.5633
10/22/2019,39.86,"7,789,549",39.9167,40.0567,39.7962
10/21/2019,39.9133,"10,417,540",39.7667,39.9433,39.6067
10/18/2019,39.7133,"16,778,669",40.15,40.2,39.71
10/17/2019,39.9467,"11,882,311",39.89,40.0833,39.786
10/16/2019,39.8067,"12,432,826",39.77,40.0363,39.7
10/15/2019,39.8433,"16,155,518",39.7767,39.9967,39.6233
10/14/2019,39.7233,"13,804,582",39.95,40.1533,39.7
10/11/2019,40.08,"18,449,537",39.9733,40.2367,39.5733
10/10/2019,39.87,"13,313,392",39.6333,39.96,39.5333
10/09/2019,39.6433,"11,802,274",39.3933,39.7667,39.34
10/08/2019,39.1933,"16,639,307",38.9367,39.5567,38.8867
10/07/2019,39.0767,"14,259,382",39.3667,39.4333,38.96
10/04/2019,39.3867,"14,607,904",38.8,39.4333,38.73
10/03/2019,38.77,"16,108,394",38.6267,38.9333,38.1933
10/02/2019,38.7067,"18,025,574",39.1333,39.1833,38.5367
10/01/2019,39.2833,"11,224,084",39.6167,39.7033,39.24
09/30/2019,39.56,"10,811,740",39.5567,39.8133,39.52
09/27/2019,39.4833,"10,306,669",39.7367,39.7433,39.25
09/26/2019,39.4333,"11,974,234",39.6,39.85,39.3967
09/25/2019,39.49,"16,019,363",39.49,39.5733,39.27
09/24/2019,39.4667,"23,124,635",39.4167,39.9533,39.3367
09/23/2019,39.2067,"17,718,851",38.87,39.47,38.8533
09/20/2019,38.9933,"34,762,983",39.1167,39.2136,38.9333
09/19/2019,39.0367,"10,187,455",39.1333,39.27,38.9233
09/18/2019,39.0533,"12,347,242",38.97,39.0767,38.7267
09/17/2019,38.8367,"14,330,842",38.44,38.8961,38.4168
09/16/2019,38.5233,"18,270,911",38.8467,39.0567,38.46
09/13/2019,39.1433,"16,915,907",39.0533,39.3967,38.9834
09/12/2019,38.9733,"13,422,931",38.8833,39.0233,38.6333
09/11/2019,38.6733,"15,852,371",38.6667,38.9,38.4067
09/10/2019,38.6833,"14,572,261",38.6633,38.9867,38.4933
09/09/2019,38.7767,"17,922,026",38.1667,38.87,38.1333
09/06/2019,38.2433,"13,039,189",38.48,38.5833,38.2067
09/05/2019,38.48,"17,481,854",39.2233,39.32,38.4233
09/04/2019,38.6367,"17,391,764",38.5633,38.6533,38.2733
09/03/2019,38.2133,"17,827,976",37.8933,38.4367,37.83
08/30/2019,38.0867,"17,118,368",38.3333,38.46,37.9667
08/29/2019,38.0267,"15,811,499",38.0667,38.1967,37.77
08/28/2019,37.5733,"16,131,191",37.4267,37.6933,37.2267
08/27/2019,37.4733,"17,201,489",37.4733,37.6033,37.17
08/26/2019,37.33,"17,810,240",37.1867,37.4217,37.0733
08/23/2019,36.9433,"18,711,755",37.2067,37.3033,36.71
08/22/2019,37.3033,"17,986,463",37.4,37.5967,37.1167
08/21/2019,37.34,"24,472,397",37.9933,38.023,37.2933
08/20/2019,37.35,"18,342,365",37.9533,38.0133,37.3367
08/19/2019,37.9367,"21,535,391",38.1167,38.26,37.8667
08/16/2019,37.6633,"32,895,633",38.0267,38.31,37.3533
08/15/2019,37.5633,"59,438,676",37.51,37.88,36.72
08/14/2019,35.4,"27,938,457",35.16,36.02,35.0467
08/13/2019,35.8033,"20,168,456",35.0833,36.0367,34.95
08/12/2019,35.04,"17,605,427",35.5733,35.6133,34.9467
08/09/2019,35.76,"12,580,495",36.02,36.1533,35.57
08/08/2019,36.1733,"13,124,323",36.0033,36.28,35.9233
08/07/2019,36.0667,"21,835,442",35.6733,36.2133,35.3067
08/06/2019,35.7567,"21,049,286",35.3967,35.9467,35.1967
08/05/2019,35.2733,"22,709,918",36.0,36.0,35.1967
08/02/2019,36.4667,"16,970,129",36.58,36.712,36.05
08/01/2019,36.46,"22,364,903",36.7733,37.389,36.44
07/31/2019,36.7933,"18,633,833",37.3033,37.4467,36.5433
07/30/2019,37.3533,"9,105,589",37.3533,37.4667,37.2233
07/29/2019,37.4233,"11,239,786",37.6133,37.66,37.2533
07/26/2019,37.6733,"14,187,136",37.3733,37.7783,37.2733
07/25/2019,37.4067,"11,554,627",37.3933,37.4633,37.22
07/24/2019,37.3333,"12,532,327",37.3433,37.5967,37.19
07/23/2019,37.3633,"17,262,890",37.7067,37.7333,37.1883
07/22/2019,37.6067,"13,562,473",38.0333,38.1133,37.44
07/19/2019,37.9667,"11,389,483",38.3333,38.4367,37.9533
07/18/2019,38.24,"9,674,395",38.1167,38.2583,37.9134
07/17/2019,38.2,"8,066,083",38.27,38.39,38.0667
07/16/2019,38.2533,"10,464,493",38.4433,38.4967,38.0136
07/15/2019,38.3267,"10,038,229",38.2233,38.36,38.15
07/12/2019,38.2,"11,229,997",38.03,38.2567,37.8733
07/11/2019,37.9733,"11,689,708",37.78,37.98,37.6733
07/10/2019,37.66,"13,737,076",37.7067,37.87,37.4617
07/09/2019,37.6267,"16,271,099",37.63,37.7933,37.5333
07/08/2019,37.5733,"14,146,975",37.3067,37.6433,37.2333
07/05/2019,37.3267,"10,738,252",37.3333,37.4133,37.07
07/03/2019,37.44,"9,621,931",37.06,37.4667,37.0
07/02/2019,37.2,"12,189,628",36.9433,37.2033,36.78
07/01/2019,36.8733,"16,548,251",37.1,37.3233,36.6733
06/28/2019,36.83,"19,521,074",36.85,37.1683,36.7467
06/27/2019,36.7,"16,443,932",36.6867,36.8367,36.2869
06/26/2019,36.72,"12,485,104",36.95,37.025,36.7
06/25/2019,36.9067,"18,316,166",36.96,37.143,36.8
06/24/2019,37.08,"18,098,513",37.1633,37.4067,37.01
06/21/2019,37.0433,"39,535,744",36.78,37.3967,36.7533
06/20/2019,36.7733,"15,004,631",36.6067,36.83,36.4267
06/19/2019,36.54,"11,774,419",36.6,36.6133,36.29
06/18/2019,36.55,"14,733,499",36.6,36.6533,36.3033
06/17/2019,36.3867,"12,440,989",36.3733,36.5167,36.0867
06/14/2019,36.3567,"13,577,650",36.26,36.5288,36.1533
06/13/2019,36.2167,"16,454,906",36.3333,36.5267,36.0567
06/12/2019,36.2733,"13,905,226",35.9733,36.3033,35.9733
06/11/2019,35.98,"20,241,785",36.0,36.3233,35.9167
06/10/2019,35.84,"18,976,958",35.4933,35.9267,35.4567
06/07/2019,35.3533,"20,428,133",35.0767,35.4533,35.0167
06/06/2019,35.0367,"24,191,177",34.83,35.22,34.7333
06/05/2019,34.8067,"20,708,636",34.25,34.9267,34.2
06/04/2019,34.1867,"17,895,023",34.2033,34.2167,33.8133
06/03/2019,33.9867,"19,844,492",33.8767,34.2267,33.8
05/31/2019,33.8133,"17,782,454",33.7833,34.0067,33.5334
05/30/2019,34.0633,"15,058,931",34.1633,34.4967,33.97
05/29/2019,34.04,"19,560,689",34.0367,34.2917,33.8233
05/28/2019,34.14,"30,815,583",34.1867,34.5233,34.1333
05/24/2019,34.2233,"13,449,502",34.06,34.295,34.0267
05/23/2019,33.9533,"19,363,829",33.94,33.9767,33.6422
05/22/2019,34.0767,"22,022,627",33.8667,34.1433,33.6867
05/21/2019,33.7067,"20,667,290",33.8367,33.8833,33.4667
05/20/2019,33.84,"21,583,337",33.4633,33.9933,33.4167
05/17/2019,33.62,"37,113,874",33.4133,33.9833,33.3033
05/16/2019,33.77,"51,365,945",34.2767,34.6533,33.6133
05/15/2019,33.2933,"20,220,998",33.4,33.4533,33.0433
05/14/2019,33.43,"19,061,090",33.38,33.6217,33.2967
05/13/2019,33.2967,"22,084,637",33.4833,33.7167,33.0033
05/10/2019,33.97,"26,228,085",33.2533,34.0367,33.2333
05/09/2019,33.18,"18,720,605",33.09,33.3133,32.95
05/08/2019,33.4333,"17,646,050",33.4167,33.6783,33.2867
05/07/2019,33.7667,"13,726,711",33.9333,34.0567,33.5852
05/06/2019,34.1533,"13,841,011",33.5833,34.1833,33.5133
05/03/2019,34.0267,"15,951,785",34.1067,34.25,33.9333
05/02/2019,33.7167,"15,020,921",33.81,34.02,33.4117
05/01/2019,33.7867,"16,011,623",34.2567,34.27,33.76
04/30/2019,34.28,"18,400,871",33.9233,34.3067,33.8167
04/29/2019,33.8533,"19,136,105",33.96,34.0,33.5933
04/26/2019,33.8433,"24,322,172",33.4833,34.1133,33.22
04/25/2019,34.5067,"11,847,778",34.4133,34.715,34.2767
04/24/2019,34.51,"14,089,723",34.38,34.6167,34.3633
04/23/2019,34.3567,"15,123,908",34.1767,34.43,33.9803
04/22/2019,34.1233,"15,238,178",34.26,34.5133,34.0567
04/18/2019,34.3933,"11,183,404",34.37,34.6,34.2967
04/17/2019,34.3867,"11,187,544",34.3333,34.4667,34.1355
04/16/2019,34.31,"14,481,949",34.2967,34.4633,34.18
04/15/2019,34.1433,"15,335,333",33.7667,34.3033,33.7533
04/12/2019,33.8533,"15,481,622",33.6667,34.0067,33.6667
04/11/2019,33.6,"16,818,227",33.2333,33.61,33.1567
04/10/2019,33.2,"11,617,726",32.8367,33.24,32.8333
04/09/2019,32.8967,"13,094,284",32.9333,33.0767,32.7167
04/08/2019,33.0767,"16,265,498",32.8167,33.0833,32.7533
04/05/2019,32.9433,"13,965,124",32.75,33.0667,32.72
04/04/2019,32.7033,"12,076,486",32.4167,32.76,32.4133
04/03/2019,32.3967,"16,841,573",32.3733,32.4667,32.2633
04/02/2019,32.3133,"18,817,382",32.5867,32.77,32.3
04/01/2019,32.6067,"24,894,053",32.6567,32.7867,32.52
03/29/2019,32.51,"22,317,875",32.53,32.5567,32.3467
03/28/2019,32.3767,"22,977,347",32.53,32.6233,32.1767
03/27/2019,32.4033,"25,253,028",32.7133,32.9533,32.32
03/26/2019,32.7733,"14,837,593",32.7867,32.95,32.6767
03/25/2019,32.7233,"16,063,370",32.6,32.8733,32.5433
03/22/2019,32.76,"19,776,323",32.86,33.1767,32.6467
03/21/2019,33.02,"19,629,224",32.75,33.0433,32.7
03/20/2019,32.88,"18,567,827",33.0667,33.1833,32.8467
03/19/2019,33.2833,"16,126,331",33.33,33.4967,33.19
03/18/2019,33.22,"16,912,943",32.7667,33.2567,32.7533
03/15/2019,32.8067,"43,799,974",32.76,32.8368,32.5333
03/14/2019,32.74,"14,777,374",32.8033,32.81,32.53
03/13/2019,33.01,"16,365,218",32.9,33.1167,32.7967
03/12/2019,32.79,"15,211,634",32.8433,32.9133,32.6833
03/11/2019,32.8267,"16,033,517",32.68,32.86,32.6067
03/08/2019,32.53,"16,976,903",32.5167,32.8067,32.3333
03/07/2019,32.4833,"18,045,674",32.57,32.7333,32.4117
03/06/2019,32.7533,"14,089,711",32.7567,33.0,32.62
03/05/2019,32.78,"17,965,205",32.71,33.0633,32.6969
03/04/2019,32.6167,"23,028,047",32.7067,32.8633,32.4567
03/01/2019,32.6433,"30,917,283",33.1567,33.1867,32.3733
02/28/2019,32.9967,"33,896,073",32.7033,33.1567,32.59
02/27/2019,32.7033,"23,703,938",32.7067,32.7967,32.53
02/26/2019,32.8967,"25,396,482",33.0067,33.02,32.6233
02/25/2019,33.04,"27,693,969",33.3733,33.3767,33.0167
02/22/2019,33.1833,"24,253,463",33.2733,33.3867,33.0467
02/21/2019,33.13,"19,122,617",33.22,33.307,32.97
02/20/2019,33.2933,"51,890,645",33.9367,34.1133,32.8833
02/19/2019,34.0667,"62,041,326",34.1267,34.7267,34.0233
02/15/2019,33.33,"28,409,988",32.9933,33.3333,32.9517
02/14/2019,32.84,"21,587,975",32.56,33.0667,32.34
02/13/2019,32.6467,"16,216,316",32.4333,32.6667,32.3633
02/12/2019,32.3233,"16,787,855",32.2733,32.39,32.1667
02/11/2019,32.0667,"16,174,031",31.8833,32.1167,31.88
02/08/2019,31.86,"15,463,451",32.1133,32.23,31.7133
02/07/2019,32.2433,"21,029,645",31.7033,32.2733,31.6667
02/06/2019,31.88,"12,790,960",31.81,32.0033,31.74
02/05/2019,31.8667,"17,817,515",31.75,31.98,31.6733
02/04/2019,31.59,"21,756,320",31.2867,31.59,31.1167
02/01/2019,31.2867,"37,462,564",31.9733,32.0,31.0367
01/31/2019,31.9433,"43,995,064",31.5433,32.29,31.5433
01/30/2019,31.6,"35,435,314",32.2267,32.2667,31.42
01/29/2019,32.2367,"15,459,269",32.2567,32.3862,32.17
01/28/2019,32.3533,"17,369,459",32.1767,32.3567,32.0267
01/25/2019,32.3133,"21,654,602",32.9167,32.97,32.25
01/24/2019,32.7867,"22,821,047",32.7333,32.82,32.1433
01/23/2019,32.9033,"24,354,716",32.9567,33.1167,32.51
01/22/2019,32.4967,"22,618,214",32.3833,32.81,32.26
01/18/2019,32.5767,"18,267,995",32.3167,32.733,32.2833
01/17/2019,32.2467,"14,534,176",32.1067,32.4033,32.0533
01/16/2019,32.1167,"16,006,247",31.9767,32.2867,31.9417
01/15/2019,32.0833,"20,718,968",31.8233,32.2,31.7933
01/14/2019,31.65,"21,116,045",31.4933,31.8167,31.4267
01/11/2019,31.6133,"15,852,167",31.6633,31.7633,31.5167
01/10/2019,31.6533,"27,608,490",31.2933,31.66,31.04
01/09/2019,31.63,"18,780,815",31.9033,32.0467,31.59
01/08/2019,31.7333,"21,465,116",31.6867,31.9183,31.3033
01/07/2019,31.5133,"22,899,785",31.2067,31.7233,31.06
01/04/2019,31.1467,"23,752,760",31.07,31.22,30.8967
01/03/2019,30.9533,"24,960,077",31.07,31.57,30.9
01/02/2019,31.1133,"24,445,784",30.5467,31.2167,30.5467
12/31/2018,31.05,"21,017,516",30.89,31.13,30.75
12/28/2018,30.71,"29,618,988",30.69,31.1567,30.5483
12/27/2018,30.53,"28,214,715",29.9167,30.5367,29.48
12/26/2018,30.1367,"29,391,066",28.8067,30.14,28.7667
12/24/2018,28.6067,"18,330,932",28.8467,29.1883,28.5933
12/21/2018,29.0433,"44,757,934",28.9567,29.8233,28.9333
12/20/2018,29.0933,"48,360,275",30.0367,30.0367,28.7133
12/19/2018,30.1833,"36,693,214",30.43,31.0,30.0833
12/18/2018,30.36,"28,782,747",30.2667,30.42,30.0933
12/17/2018,30.2567,"26,963,010",30.4067,30.67,30.0533
12/14/2018,30.6167,"34,480,503",30.6833,30.8533,30.5233
12/13/2018,30.9867,"22,705,808",31.0833,31.2255,30.81
12/12/2018,31.0367,"28,915,332",31.4333,31.4333,31.02
12/11/2018,31.2833,"19,316,444",31.4167,31.4967,31.0833
12/10/2018,31.3133,"20,992,082",31.1867,31.4167,30.78
12/07/2018,31.0633,"25,482,216",31.5,31.71,30.8167
12/06/2018,31.59,"30,944,043",31.6467,31.8033,31.0333
12/04/2018,31.9367,"31,084,683",32.75,32.9867,31.87
12/03/2018,32.9167,"27,243,735",32.6733,33.1967,32.5567
11/30/2018,32.55,"31,989,003",32.4667,32.81,32.3567
11/29/2018,32.43,"18,531,506",32.34,32.61,32.2467
11/28/2018,32.4867,"30,185,553",31.8167,32.54,31.6833
11/27/2018,31.68,"27,113,325",31.6633,31.8478,31.47
11/26/2018,31.7167,"25,513,017",31.8967,32.0233,31.58
11/23/2018,31.7,"14,669,881",31.3767,31.85,31.3767
11/21/2018,31.39,"28,049,058",31.4533,31.64,31.1033
11/20/2018,31.3867,"37,784,374",31.66,31.7333,31.2
11/19/2018,32.26,"26,343,264",32.6467,32.75,32.1433
11/16/2018,32.5633,"42,352,684",32.94,33.14,32.3067
11/15/2018,33.18,"48,041,945",34.1067,34.2667,32.8733
11/14/2018,33.8433,"31,172,283",34.3333,34.3833,33.67
11/13/2018,34.3133,"23,438,192",34.5567,34.7167,34.18
11/12/2018,34.6233,"26,593,806",35.1667,35.4033,34.55
11/09/2018,35.1867,"24,738,317",35.0,35.3,34.9367
11/08/2018,34.96,"17,685,518",34.7767,35.0867,34.6767
11/07/2018,34.7733,"24,758,090",34.5533,34.8233,34.35
11/06/2018,34.4433,"18,874,664",34.18,34.48,34.0167
11/05/2018,34.3033,"22,691,747",33.73,34.3897,33.5441
11/02/2018,33.78,"21,822,635",33.6267,33.8567,33.4367
11/01/2018,33.5267,"22,930,655",33.32,33.7233,33.24
10/31/2018,33.4267,"36,836,254",34.1633,34.1633,33.3717
10/30/2018,34.14,"37,910,194",33.4033,34.2,33.352
10/29/2018,33.2667,"36,078,184",33.17,33.91,33.03
10/26/2018,32.98,"44,757,424",32.9367,33.2233,32.6733
10/25/2018,33.06,"32,193,993",32.67,33.16,32.3333
10/24/2018,32.52,"30,841,293",32.5,33.0567,32.425
10/23/2018,32.6,"28,084,833",32.1667,32.6617,32.0367
10/22/2018,32.38,"21,061,166",32.4467,32.5267,32.2478
10/19/2018,32.3833,"26,442,390",32.0,32.55,32.0
10/18/2018,32.0567,"30,891,363",32.1333,32.415,31.9133
10/17/2018,32.1867,"26,262,144",31.7267,32.2067,31.6333
10/16/2018,31.9367,"31,586,853",31.5667,32.0233,31.4467
10/15/2018,31.2733,"23,754,617",31.5,31.6627,31.2733
10/12/2018,31.6033,"25,462,728",31.5867,31.7233,31.2233
10/11/2018,31.3067,"29,753,154",31.9367,32.0967,31.2
10/10/2018,31.92,"26,984,112",32.2,32.6167,31.9
10/09/2018,32.36,"34,794,243",31.88,32.58,31.73
10/08/2018,31.5633,"17,286,173",31.0833,31.6433,31.0067
10/05/2018,31.1033,"20,053,370",31.2867,31.3967,30.9633
10/04/2018,31.4033,"18,131,474",31.3567,31.5,31.0667
10/03/2018,31.3567,"18,940,019",31.8333,31.8467,31.3467
10/02/2018,31.7167,"23,259,905",31.31,31.87,31.2833
10/01/2018,31.4667,"14,982,829",31.43,31.5533,31.3467
09/28/2018,31.3033,"18,915,995",31.4267,31.4567,31.23
09/27/2018,31.3767,"16,090,163",31.3967,31.6533,31.2733
09/26/2018,31.53,"17,723,159",31.7,31.8617,31.5067
09/25/2018,31.7,"18,443,639",31.9967,32.1733,31.6633
09/24/2018,31.64,"15,309,281",31.8133,32.0,31.62
09/21/2018,31.9667,"28,244,778",31.9733,32.0967,31.8767
09/20/2018,31.9167,"15,768,302",31.7833,31.93,31.65
09/19/2018,31.7467,"16,719,884",31.8567,31.9642,31.6267
09/18/2018,31.81,"18,888,419",31.4867,31.8633,31.3833
09/17/2018,31.6067,"15,438,233",31.5833,31.8267,31.4578
09/14/2018,31.53,"18,823,355",31.51,31.6133,31.45
09/13/2018,31.7067,"22,815,659",31.7733,31.8733,31.6367
09/12/2018,31.99,"17,691,911",32.0867,32.2467,31.9767
09/11/2018,32.2133,"19,108,097",32.4233,32.5533,32.1633
09/10/2018,32.3,"24,787,403",32.0367,32.3967,32.03
09/07/2018,31.9433,"19,962,938",31.9333,32.16,31.88
09/06/2018,32.15,"18,444,824",32.1767,32.24,32.0033
09/05/2018,32.2067,"28,413,378",31.89,32.2767,31.7867
09/04/2018,31.7867,"24,837,995",31.9333,32.09,31.7467
08/31/2018,31.9533,"18,969,845",32.0633,32.1467,31.7033
08/30/2018,32.0333,"21,158,186",31.8333,32.165,31.8167
08/29/2018,31.88,"23,584,088",32.0933,32.2767,31.8433
08/28/2018,32.0233,"29,913,972",31.59,32.1167,31.51
08/27/2018,31.5133,"21,087,053",31.7533,31.8697,31.4283
08/24/2018,31.65,"25,636,041",31.6967,31.8867,31.45
08/23/2018,31.7267,"17,713,040",31.8333,31.9533,31.6867
08/22/2018,31.89,"23,157,014",32.0667,32.2833,31.7433
08/21/2018,32.0267,"31,574,643",31.9867,32.12,31.7867
08/20/2018,32.0,"37,732,534",32.5567,32.7633,31.9833
08/17/2018,32.6167,"49,378,415",32.59,33.2233,32.5367
08/16/2018,32.88,"127,814,173",33.37,33.4033,32.6367
08/15/2018,30.0733,"25,748,589",30.0833,30.1367,29.89
08/14/2018,30.2833,"17,482,508",29.88,30.3733,29.8767
08/13/2018,29.88,"17,636,000",30.0667,30.18,29.79
08/10/2018,30.06,"24,715,631",29.5667,30.1233,29.55
08/09/2018,29.67,"14,176,768",29.82,29.8767,29.5867
08/08/2018,30.0167,"15,121,907",29.99,30.0767,29.79
08/07/2018,29.9233,"13,533,436",29.9433,30.12,29.8833
08/06/2018,29.89,"13,953,325",29.77,29.9937,29.7083
08/03/2018,29.8667,"17,238,620",29.73,30.0933,29.6667
08/02/2018,29.5867,"12,917,701",29.3133,29.6133,29.2067
08/01/2018,29.4133,"15,147,503",29.62,29.71,29.2933
07/31/2018,29.7433,"20,124,062",29.6667,29.8867,29.6
07/30/2018,29.6267,"18,014,591",29.3333,29.6466,29.2969
07/27/2018,29.3767,"14,037,595",29.5467,29.6267,29.3433
07/26/2018,29.41,"19,642,856",29.5,29.81,29.3933
07/25/2018,29.3,"17,421,188",29.09,29.34,29.0367
07/24/2018,29.32,"16,766,756",29.3733,29.4983,29.2044
07/23/2018,29.21,"12,430,180",29.2167,29.3833,29.125
07/20/2018,29.3533,"14,445,163",29.1333,29.39,29.0667
07/19/2018,29.24,"14,644,579",29.2867,29.4933,29.1367
07/18/2018,29.3567,"15,133,454",29.4433,29.73,29.3146
07/17/2018,29.3967,"17,709,503",29.1333,29.5667,29.1333
07/16/2018,29.2133,"13,323,538",29.2067,29.24,28.9433
07/13/2018,29.2333,"19,155,719",28.84,29.33,28.8333
07/12/2018,28.84,"14,664,376",28.98,29.1367,28.74
07/11/2018,28.8433,"16,770,785",29.02,29.05,28.7967
07/10/2018,29.07,"18,114,965",28.6433,29.11,28.6267
07/09/2018,28.6433,"19,720,055",28.3333,28.8233,28.2567
07/06/2018,28.17,"16,869,731",28.0667,28.2883,27.94
07/05/2018,28.19,"16,063,307",28.3133,28.5267,28.0885
07/03/2018,28.1467,"13,188,715",28.03,28.35,28.03
07/02/2018,28.0,"24,361,151",28.55,28.6467,27.8
06/29/2018,28.55,"24,766,736",28.6333,28.7333,28.5067
06/28/2018,28.62,"25,397,193",28.95,29.0967,28.5617
06/27/2018,28.9633,"30,891,393",28.6333,29.1633,28.5167
06/26/2018,28.66,"30,360,603",28.8433,29.0167,28.5867
06/25/2018,28.8233,"47,800,145",28.1967,28.8667,28.16
06/22/2018,28.2733,"32,994,183",28.1533,28.2833,28.0333
06/21/2018,28.07,"24,270,809",27.8,28.1833,27.6317
06/20/2018,27.87,"23,897,852",27.9033,27.94,27.72
06/19/2018,27.87,"28,050,126",27.5333,27.8733,27.4567
06/18/2018,27.6667,"25,478,316",27.6833,27.8567,27.6067
06/15/2018,27.9,"37,508,104",27.8333,27.9967,27.6867
06/14/2018,27.93,"22,543,268",28.0733,28.27,27.89
06/13/2018,28.03,"19,073,123",27.9633,28.1233,27.9505
06/12/2018,28.0333,"24,171,398",28.1067,28.1967,27.8233
06/11/2018,28.1,"18,751,349",28.1367,28.18,27.93
06/08/2018,28.12,"22,800,236",28.26,28.3966,28.0467
06/07/2018,28.3167,"23,103,722",28.26,28.5867,28.23
06/06/2018,28.1867,"22,087,823",28.3167,28.3824,28.1167
06/05/2018,28.2067,"24,835,511",28.4833,28.49,28.0833
06/04/2018,28.4733,"32,739,153",27.8333,28.5067,27.7667
06/01/2018,27.6633,"15,653,309",27.68,27.8067,27.6167
05/31/2018,27.5133,"34,393,473",27.98,28.1033,27.5033
05/30/2018,28.04,"27,935,355",27.4833,28.0767,27.42
05/29/2018,27.4667,"25,277,292",27.32,27.5067,27.27
05/25/2018,27.4867,"17,732,225",27.6167,27.78,27.44
05/24/2018,27.6167,"25,721,595",27.6667,27.6667,27.26
05/23/2018,27.67,"28,100,373",27.65,27.6733,27.39
05/22/2018,27.79,"24,189,677",28.1667,28.27,27.7633
05/21/2018,28.17,"32,018,253",28.0467,28.18,27.94
05/18/2018,27.88,"36,080,824",28.08,28.1467,27.83
05/17/2018,28.1633,"89,111,259",29.0133,29.1967,27.95
05/16/2018,28.71,"40,721,674",28.29,28.875,28.2467
05/15/2018,28.1733,"27,934,044",28.02,28.2933,27.9333
05/14/2018,28.13,"28,471,953",27.9633,28.2646,27.8834
05/11/2018,27.7933,"29,780,115",27.5633,27.84,27.3167
05/10/2018,27.5633,"47,545,085",27.5467,27.923,27.3367
05/09/2018,27.6867,"96,504,820",27.52,27.8933,27.3333
05/08/2018,28.58,"19,608,014",28.5067,28.6167,28.3067
05/07/2018,28.49,"32,360,223",29.1633,29.1667,28.4233
05/04/2018,29.1767,"20,868,707",28.6667,29.3667,28.4533
05/03/2018,28.7433,"20,454,929",28.73,28.7633,28.3733
05/02/2018,28.78,"18,240,899",29.0433,29.0831,28.72
05/01/2018,29.1367,"20,849,426",29.2233,29.3367,28.782
04/30/2018,29.4867,"25,975,044",29.3133,29.8866,29.3067
04/27/2018,29.0967,"16,951,889",29.29,29.3,29.0267
04/26/2018,29.3133,"17,311,163",29.0567,29.44,28.9667
04/25/2018,29.0567,"20,247,815",28.7733,29.2333,28.63
04/24/2018,28.8433,"25,375,455",28.9233,28.97,28.5233
04/23/2018,28.7,"21,980,090",28.9633,29.0267,28.6733
04/20/2018,28.9933,"24,951,497",29.29,29.46,28.89
04/19/2018,29.2967,"19,750,334",29.1367,29.3467,28.86
04/18/2018,29.19,"17,550,758",29.4,29.52,29.17
04/17/2018,29.3,"20,399,168",29.16,29.39,29.1367
04/16/2018,28.9467,"21,035,330",28.7333,29.2167,28.7067
04/13/2018,28.6733,"22,672,925",28.63,28.7567,28.3967
04/12/2018,28.4767,"20,544,365",28.73,28.9433,28.47
04/11/2018,28.6367,"18,153,938",28.6667,28.9533,28.6
04/10/2018,28.8167,"27,444,273",28.9467,29.0333,28.5533
04/09/2018,28.76,"25,064,352",28.95,29.15,28.7467
04/06/2018,28.8967,"18,980,705",28.9433,29.3,28.71
04/05/2018,29.27,"19,050,374",29.2,29.4483,29.0167
04/04/2018,29.0733,"19,603,727",28.5333,29.165,28.48
04/03/2018,28.9333,"29,072,004",28.75,28.9833,28.5167
04/02/2018,28.5167,"57,334,506",29.3333,29.4133,28.28
03/29/2018,29.6567,"27,794,667",29.3,29.78,29.2567
03/28/2018,29.2567,"34,681,473",28.7533,29.4133,28.73
03/27/2018,28.6833,"19,386,047",29.32,29.3467,28.4933
03/26/2018,29.1667,"26,222,172",28.74,29.23,28.7033
03/23/2018,28.4733,"30,360,693",29.1167,29.2467,28.4267
03/22/2018,29.0467,"36,690,454",29.1767,29.4233,28.9967
03/21/2018,29.3933,"35,485,384",29.2967,29.8933,29.2267
03/20/2018,29.3167,"24,768,992",29.2867,29.3823,29.1233
03/19/2018,29.15,"33,357,333",29.6367,29.6917,29.0333
03/16/2018,29.7233,"85,174,569",29.24,30.03,29.1667
03/15/2018,29.17,"48,470,405",29.2267,29.5967,28.6343
03/14/2018,29.2233,"33,106,173",29.5033,29.6633,29.1667
03/13/2018,29.4333,"21,386,144",29.4633,29.6333,29.3267
03/12/2018,29.3567,"24,717,956",29.5667,29.8133,29.2933
03/09/2018,29.5733,"29,226,354",29.4133,29.5733,29.1767
03/08/2018,29.3067,"28,532,223",29.2567,29.3767,29.1133
03/07/2018,29.2467,"34,336,383",29.3267,29.51,29.1117
03/06/2018,29.6867,"32,979,093",30.1167,30.1667,29.5433
03/05/2018,29.9933,"40,145,434",29.38,30.1667,29.3571
03/02/2018,29.59,"57,110,016",29.09,29.6333,29.08
03/01/2018,29.6933,"56,646,096",30.0567,30.06,29.2367
02/28/2018,30.0033,"42,382,144",30.6667,30.7,30.0
02/27/2018,30.5067,"40,043,554",31.21,31.24,30.5033
02/26/2018,31.04,"44,056,294",30.9667,31.2667,30.74
02/23/2018,30.9633,"38,355,544",30.96,31.1633,30.5867
02/22/2018,30.9233,"61,048,566",30.4767,31.13,30.4367
02/21/2018,30.5067,"148,406,055",31.7033,31.78,30.4134
02/20/2018,31.37,"156,121,186",32.33,32.6467,31.3667
02/16/2018,34.9267,"48,118,235",34.3633,34.98,33.9939
02/15/2018,34.41,"22,444,808",34.1833,34.5467,33.9433
02/14/2018,33.9,"21,901,013",33.62,34.0833,33.4033
02/13/2018,33.66,"19,859,381",33.11,33.74,33.11
02/12/2018,33.1833,"27,394,638",33.3767,33.4817,32.9333
02/09/2018,33.1233,"42,468,514",33.51,33.7,32.1433
02/08/2018,33.34,"41,734,264",34.41,34.4933,33.3333
02/07/2018,34.2833,"33,144,933",33.5,34.8633,33.3367
02/06/2018,33.6333,"46,672,895",32.5467,33.6933,32.4167
02/05/2018,33.3633,"37,573,414",34.4667,34.87,32.3633
02/02/2018,34.8267,"25,167,996",35.05,35.49,34.7167
02/01/2018,35.1733,"18,816,314",35.32,35.52,35.06
01/31/2018,35.5333,"29,399,805",35.9233,36.06,35.3567
01/30/2018,35.91,"25,188,561",36.38,36.4549,35.717
01/29/2018,36.5167,"25,027,809",36.0367,36.66,35.9967
01/26/2018,36.13,"19,163,237",35.6667,36.1367,35.56
01/25/2018,35.5333,"17,465,834",35.2833,35.6017,35.2833
01/24/2018,35.2633,"18,451,265",35.45,35.48,34.94
01/23/2018,35.3,"24,655,550",35.0967,35.3817,34.8567
01/22/2018,35.15,"21,699,173",34.8333,35.15,34.68
01/19/2018,34.8633,"23,449,418",34.88,34.9767,34.5533
01/18/2018,34.7667,"34,444,503",34.9133,34.98,34.54
01/17/2018,34.2333,"25,879,782",33.7167,34.3133,33.5667
01/16/2018,33.5633,"20,336,060",33.78,33.97,33.4467
01/12/2018,33.6233,"20,843,402",33.4633,33.8133,33.4333
01/11/2018,33.34,"19,607,486",33.2333,33.4833,32.9267
01/10/2018,33.2233,"23,783,960",33.25,33.2967,32.8433
01/09/2018,33.4633,"21,913,295",34.01,34.1167,33.4367
01/08/2018,33.87,"26,529,270",33.4167,33.9167,33.4033
01/05/2018,33.3767,"21,828,584",33.2133,33.46,33.2033
01/04/2018,33.18,"20,476,076",33.18,33.26,32.9703
01/03/2018,33.15,"26,708,316",32.95,33.3333,32.9233
01/02/2018,32.8633,"30,422,733",33.1,33.2633,32.84
12/29/2017,32.9167,"21,424,220",33.1333,33.23,32.9167
12/28/2017,33.1333,"29,290,998",33.1733,33.2067,33.04
12/27/2017,33.0867,"15,422,294",33.1867,33.2,32.9433
12/26/2017,33.0533,"12,886,780",32.7833,33.1467,32.7833
12/22/2017,32.7367,"15,558,104",32.7633,32.8067,32.56
12/21/2017,32.6867,"20,927,624",33.0,33.11,32.66
12/20/2017,32.9167,"32,186,553",33.15,33.2167,32.8167
12/19/2017,32.9333,"36,032,164",33.3033,33.3033,32.7633
12/18/2017,32.6333,"23,884,076",32.46,32.7233,32.4533
12/15/2017,32.37,"48,389,465",32.57,32.83,32.3033
12/14/2017,32.3767,"26,324,556",32.6667,32.8567,32.3667
12/13/2017,32.5867,"23,402,159",32.22,32.6367,32.1833
12/12/2017,32.2333,"23,431,406",32.2833,32.4133,32.2
12/11/2017,32.31,"26,776,044",32.1467,32.4233,32.0967
12/08/2017,32.1833,"17,455,070",32.2233,32.2333,32.046
12/07/2017,32.26,"22,494,950",32.3533,32.5267,32.2167
12/06/2017,32.4267,"21,416,150",32.6633,32.7133,32.4134
12/05/2017,32.61,"27,027,126",32.3333,32.6467,32.3067
12/04/2017,32.3367,"26,864,991",32.5767,32.6533,32.225
12/01/2017,32.45,"24,886,832",32.5367,32.57,32.0767
11/30/2017,32.41,"38,418,724",32.6967,32.8133,32.17
11/29/2017,32.52,"34,262,013",32.4067,32.7533,32.2933
11/28/2017,32.2567,"26,122,983",32.1967,32.295,31.94
11/27/2017,32.2067,"26,697,615",32.2833,32.55,32.1
11/24/2017,32.2067,"13,488,352",32.29,32.41,32.1767
11/22/2017,32.1367,"26,745,234",32.2167,32.27,32.0367
11/21/2017,32.1733,"37,976,044",32.58,32.64,32.1067
11/20/2017,32.4933,"49,171,655",32.1467,32.5467,31.92
11/17/2017,32.49,"70,629,697",33.08,33.3767,32.1933
11/16/2017,33.2067,"114,030,911",31.7067,33.2267,31.5733
11/15/2017,29.9433,"24,808,307",30.1133,30.2833,29.8833
11/14/2017,30.3633,"29,486,199",30.2333,30.4,30.06
11/13/2017,30.33,"25,463,451",30.3467,30.66,30.29
11/10/2017,30.3067,"22,934,774",30.08,30.5633,30.0667
11/09/2017,30.1,"20,710,865",29.98,30.19,29.7833
11/08/2017,30.0867,"20,300,891",29.7033,30.14,29.7
11/07/2017,29.65,"16,040,165",29.6233,29.6867,29.4367
11/06/2017,29.5667,"15,766,958",29.8067,29.8933,29.56
11/03/2017,29.8933,"19,535,600",29.6733,29.96,29.5867
11/02/2017,29.6,"15,547,304",29.4267,29.7217,29.2667
11/01/2017,29.3133,"18,526,103",29.0233,29.465,29.0
10/31/2017,29.1033,"17,650,124",28.9533,29.1533,28.8667
10/30/2017,28.9833,"21,151,541",29.3133,29.3167,28.797
10/27/2017,29.39,"19,847,933",29.38,29.4633,29.05
10/26/2017,29.54,"19,438,490",29.5533,29.7033,29.34
10/25/2017,29.4933,"19,221,989",29.2833,29.5333,29.1433
10/24/2017,29.3267,"23,008,706",29.5633,29.6,29.3033
10/23/2017,29.55,"31,749,633",29.1133,29.64,29.0867
10/20/2017,29.1467,"22,845,182",28.8667,29.15,28.76
10/19/2017,28.8,"19,933,883",28.7167,28.8867,28.5886
10/18/2017,28.74,"16,414,520",28.7167,28.7894,28.67
10/17/2017,28.66,"17,553,359",28.5,28.7852,28.4403
10/16/2017,28.58,"27,895,599",28.86,28.8733,28.34
10/13/2017,28.8733,"28,162,878",28.7467,28.9833,28.7467
10/12/2017,28.7,"38,427,424",28.5667,28.79,28.3533
10/11/2017,28.5767,"55,627,956",28.1933,28.7633,28.0333
10/10/2017,28.0433,"75,322,718",27.56,28.2933,27.5367
10/09/2017,26.8433,"40,476,724",26.5,27.1267,26.467
10/06/2017,26.3333,"18,738,458",26.26,26.39,26.0833
10/05/2017,26.47,"15,408,098",26.39,26.6033,26.36
10/04/2017,26.3633,"18,519,695",26.4233,26.5938,26.3567
10/03/2017,26.4067,"23,808,935",26.2767,26.5533,26.25
10/02/2017,26.15,"22,523,888",25.9667,26.2767,25.8333
09/29/2017,26.0467,"31,001,073",26.2833,26.3333,25.9933
09/28/2017,26.3167,"37,118,494",26.3333,26.36,26.04
09/27/2017,26.43,"18,746,765",26.4733,26.5233,26.2233
09/26/2017,26.4633,"17,505,998",26.3467,26.5133,26.3067
09/25/2017,26.3833,"25,643,367",26.3067,26.7,26.2867
09/22/2017,26.51,"16,792,202",26.63,26.6933,26.415
09/21/2017,26.67,"18,927,908",26.8567,26.8567,26.5733
09/20/2017,26.8333,"15,953,633",26.7233,26.8533,26.6233
09/19/2017,26.6833,"18,522,725",26.7267,26.82,26.5667
09/18/2017,26.6667,"24,524,372",26.7367,27.04,26.65
09/15/2017,26.7933,"39,951,844",26.6033,26.9167,26.4233
09/14/2017,26.56,"20,813,363",26.5967,26.6067,26.405
09/13/2017,26.62,"26,471,091",26.5367,26.8933,26.53
09/12/2017,26.5367,"18,020,552",26.4333,26.6367,26.39
09/11/2017,26.36,"21,000,608",26.3833,26.45,26.22
09/08/2017,26.2933,"29,978,298",26.58,26.625,25.91
09/07/2017,26.7067,"20,461,958",26.7733,26.92,26.6667
09/06/2017,26.6933,"25,276,464",26.6267,26.8,26.5733
09/05/2017,26.6,"36,186,694",25.9833,26.63,25.9667
09/01/2017,26.1233,"19,416,635",26.1033,26.1667,26.07
08/31/2017,26.0233,"24,580,064",26.2,26.25,26.02
08/30/2017,26.18,"17,488,829",26.2733,26.3667,26.1733
08/29/2017,26.2567,"22,985,132",25.89,26.3267,25.8333
08/28/2017,26.01,"25,853,016",26.1367,26.1539,25.9533
08/25/2017,26.21,"29,700,048",26.1667,26.3633,26.16
08/24/2017,26.1133,"57,359,526",26.87,26.96,25.95
08/23/2017,26.6533,"23,391,272",26.7833,26.8533,26.6267
08/22/2017,26.6733,"19,623,335",26.6,26.72,26.57
08/21/2017,26.57,"28,840,998",26.3733,26.69,26.2633
08/18/2017,26.4367,"29,255,409",26.54,26.7833,26.4267
08/17/2017,26.5667,"51,320,315",26.2833,26.6017,26.11
08/16/2017,26.9933,"34,542,513",27.09,27.1467,26.8467
08/15/2017,26.9233,"21,189,368",26.9433,27.1333,26.8467
08/14/2017,26.9,"23,375,426",26.8633,27.08,26.8333
08/11/2017,26.8,"23,711,450",26.91,27.0833,26.7867
08/10/2017,26.8867,"23,673,020",27.0233,27.1333,26.85
08/09/2017,27.2033,"19,818,482",27.0367,27.33,26.967
08/08/2017,27.1967,"22,140,653",27.0567,27.2867,26.9667
08/07/2017,27.0933,"16,451,963",26.8567,27.15,26.8467
08/04/2017,26.8267,"21,406,367",27.02,27.1333,26.7367
08/03/2017,26.9567,"29,839,278",27.1133,27.2533,26.89
08/02/2017,26.8433,"25,533,102",26.78,27.0367,26.7667
08/01/2017,26.8333,"17,126,729",26.75,26.91,26.6667
07/31/2017,26.6633,"18,733,487",26.6067,26.78,26.565
07/28/2017,26.6033,"14,924,743",26.6,26.6517,26.5117
07/27/2017,26.5933,"23,934,794",26.24,26.6183,26.16
07/26/2017,26.3,"20,147,717",26.1833,26.39,25.98
07/25/2017,26.1733,"34,508,823",25.87,26.2867,25.7967
07/24/2017,25.63,"22,156,031",25.3433,25.7183,25.3433
07/21/2017,25.3833,"21,459,029",25.28,25.41,25.1833
07/20/2017,25.34,"14,862,034",25.3267,25.4167,25.2333
07/19/2017,25.29,"15,924,299",25.36,25.4067,25.2
07/18/2017,25.4,"12,943,963",25.4167,25.5143,25.3333
07/17/2017,25.4567,"26,505,282",25.43,25.6233,25.3967
07/14/2017,25.4467,"27,454,284",25.4233,25.5183,25.3033
07/13/2017,25.0167,"24,477,215",24.89,25.0833,24.8367
07/12/2017,24.6467,"17,100,473",24.5533,24.7367,24.5533
07/11/2017,24.49,"22,593,242",24.46,24.6833,24.4433
07/10/2017,24.41,"45,166,235",25.05,25.1033,24.3767
07/07/2017,25.11,"15,526,973",25.2167,25.2733,25.0167
07/06/2017,25.1567,"18,485,537",25.1167,25.3233,25.08
07/05/2017,25.1067,"18,112,511",25.1833,25.3167,25.055
07/03/2017,25.12,"14,545,693",25.28,25.4467,25.0267
06/30/2017,25.2267,"20,886,317",25.36,25.4233,25.2233
06/29/2017,25.31,"21,185,831",25.4167,25.44,25.1617
06/28/2017,25.5033,"20,966,312",25.4167,25.6,25.38
06/27/2017,25.3367,"19,362,770",25.1733,25.4567,25.15
06/26/2017,25.1667,"25,736,601",24.9833,25.31,24.9733
06/23/2017,24.9467,"39,239,104",25.2,25.26,24.85
06/22/2017,25.1733,"24,333,248",25.3433,25.3533,25.1
06/21/2017,25.4133,"27,033,510",25.2,25.535,25.1933
06/20/2017,25.18,"30,029,283",25.2933,25.3067,25.1067
06/19/2017,25.1667,"47,978,765",25.1267,25.3367,24.84
06/16/2017,25.08,"168,676,037",24.65,25.1667,24.43
06/15/2017,26.3033,"33,713,193",26.3933,26.4333,25.92
06/14/2017,26.6333,"15,001,550",26.5067,26.6783,26.42
06/13/2017,26.5067,"16,584,047",26.4033,26.5233,26.2967
06/12/2017,26.4133,"31,231,383",26.4667,26.79,26.28
06/09/2017,26.4733,"28,214,838",26.3433,26.52,26.24
06/08/2017,26.31,"32,727,873",26.5267,26.71,26.0767
06/07/2017,26.3833,"25,533,960",26.36,26.5,26.2443
06/06/2017,26.31,"34,572,033",26.4767,26.52,26.0867
06/05/2017,26.7533,"30,436,503",26.5333,26.825,26.4933
06/02/2017,26.54,"23,970,890",26.6,26.6433,26.4067
06/01/2017,26.6033,"24,455,264",26.2133,26.6033,26.2
05/31/2017,26.2,"24,599,240",26.1167,26.3067,26.0733
05/30/2017,26.05,"16,230,650",26.0,26.1333,25.9767
05/26/2017,26.0433,"18,376,496",26.1233,26.18,25.93
05/25/2017,26.1033,"18,403,976",26.12,26.2833,26.05
05/24/2017,26.05,"22,507,115",26.1867,26.2018,26.0467
05/23/2017,26.1633,"22,754,183",26.1933,26.3233,26.1467
05/22/2017,26.1833,"26,679,543",26.2167,26.3333,26.0983
