date,close,volume,open,high,low
05/15/2026,22.68,"6,414,397",23.38,23.395,22.56
05/14/2026,23.35,"4,360,121",23.14,23.465,23.02
05/13/2026,23.1,"7,638,947",23.4,23.45,22.925
05/12/2026,23.45,"6,219,171",23.52,23.75,23.27
05/11/2026,23.42,"4,902,303",23.48,23.845,23.35
05/08/2026,23.53,"4,468,104",23.8,23.93,23.51
05/07/2026,23.7,"5,891,688",24.08,24.24,23.625
05/06/2026,24.04,"4,307,365",24.04,24.375,24.0
05/05/2026,23.7,"5,001,649",23.64,23.985,23.57
05/04/2026,23.53,"6,484,958",23.83,24.03,23.485
05/01/2026,23.99,"7,384,464",24.98,25.05,23.99
04/30/2026,24.52,"8,281,862",24.35,24.75,24.235
04/29/2026,24.25,"5,619,821",24.72,24.9,24.14
04/28/2026,24.82,"3,987,780",25.185,25.36,24.735
04/27/2026,25.02,"3,505,639",24.95,25.18,24.88
04/24/2026,25.03,"3,990,032",24.99,25.28,24.96
04/23/2026,25.0,"4,673,557",24.75,25.08,24.5
04/22/2026,24.77,"2,947,243",25.06,25.14,24.69
04/21/2026,24.89,"4,899,967",25.54,25.8,24.78
04/20/2026,25.44,"4,928,581",25.04,25.575,24.88
04/17/2026,25.17,"6,861,109",24.48,25.19,24.48
04/16/2026,24.36,"6,503,150",24.2,24.425,23.8839
04/15/2026,24.21,"4,433,975",24.78,24.78,24.2
04/14/2026,24.78,"2,739,433",24.88,24.975,24.69
04/13/2026,24.82,"3,344,939",24.65,24.86,24.32
04/10/2026,24.64,"3,718,975",24.71,25.0689,24.525
04/09/2026,24.82,"3,160,964",24.73,25.065,24.56
04/08/2026,24.9,"3,955,497",24.54,25.07,24.536
04/07/2026,24.02,"3,616,583",24.04,24.12,23.815
04/06/2026,24.2,"3,135,771",24.3,24.5,24.115
04/02/2026,24.43,"3,208,429",24.25,24.645,24.055
04/01/2026,24.2,"3,590,801",24.28,24.555,24.125
03/31/2026,24.43,"5,631,157",24.55,24.68,24.235
03/30/2026,24.28,"6,985,144",23.98,24.665,23.92
03/27/2026,23.86,"6,600,748",23.49,23.92,23.35
03/26/2026,23.6,"4,186,042",23.53,23.865,23.37
03/25/2026,23.65,"3,604,652",23.83,23.89,23.285
03/24/2026,23.54,"4,609,246",23.07,23.875,23.0
03/23/2026,23.16,"5,768,242",22.78,23.435,22.74
03/20/2026,22.47,"8,903,587",22.93,23.04,22.405
03/19/2026,22.96,"6,447,435",23.34,23.39,22.815
03/18/2026,23.43,"4,436,297",23.94,23.97,23.42
03/17/2026,24.09,"3,708,447",23.98,24.22,23.79
03/16/2026,23.73,"4,306,122",23.66,23.805,23.55
03/13/2026,23.46,"5,432,540",23.26,23.485,23.185
03/12/2026,23.03,"7,272,862",23.02,23.38,22.925
03/11/2026,23.23,"7,248,367",24.06,24.21,23.22
03/10/2026,24.18,"7,026,634",24.26,24.345,23.94
03/09/2026,24.45,"7,571,970",24.22,24.575,23.82
03/06/2026,24.5,"6,407,472",24.44,24.53,24.02
03/05/2026,24.63,"8,710,562",24.69,24.84,24.47
03/04/2026,24.82,"4,711,680",24.87,24.9712,24.575
03/03/2026,24.77,"8,479,458",24.25,24.875,24.06
03/02/2026,24.62,"6,654,896",24.46,24.845,24.27
02/27/2026,24.53,"7,837,178",24.17,24.55,24.03
02/26/2026,24.52,"6,175,089",24.4,24.64,24.135
02/25/2026,24.36,"5,700,188",24.9,24.94,24.07
02/24/2026,24.89,"5,142,819",25.05,25.15,24.6
02/23/2026,25.13,"4,711,195",25.61,25.71,24.895
02/20/2026,25.28,"5,084,781",25.55,25.66,25.055
02/19/2026,25.55,"4,641,482",26.2,26.28,25.49
02/18/2026,26.27,"4,743,411",26.76,26.98,26.11
02/17/2026,26.88,"5,061,081",26.84,27.11,26.54
02/13/2026,26.75,"6,917,595",27.38,27.55,26.63
02/12/2026,27.04,"7,104,080",27.5,27.75,26.9851
02/11/2026,27.1,"6,912,613",27.09,27.52,26.7513
02/10/2026,26.94,"6,147,949",26.74,27.1795,26.52
02/09/2026,26.66,"4,863,263",26.64,26.85,26.37
02/06/2026,26.64,"6,153,472",26.87,27.07,26.4
02/05/2026,26.71,"5,850,228",26.72,26.955,26.51
02/04/2026,26.7,"9,488,142",26.68,27.04,26.49
02/03/2026,26.68,"9,094,568",25.71,26.835,25.505
02/02/2026,25.84,"10,540,040",25.91,26.1,25.46
01/30/2026,25.78,"10,094,110",25.84,26.08,24.6513
01/29/2026,25.93,"7,812,403",26.24,26.38,25.75
01/28/2026,26.05,"5,893,688",26.17,26.34,25.92
01/27/2026,26.23,"8,168,198",26.49,26.61,26.1
01/26/2026,26.6,"6,527,244",26.97,27.02,26.57
01/23/2026,26.67,"7,373,163",26.72,26.87,26.46
01/22/2026,26.79,"13,419,870",27.11,27.6,26.77
01/21/2026,27.07,"7,825,922",27.27,27.43,26.905
01/20/2026,26.96,"6,598,461",26.81,27.0274,26.68
01/16/2026,27.06,"10,374,330",26.68,27.3376,26.68
01/15/2026,26.8,"9,058,583",26.645,26.91,26.315
01/14/2026,26.62,"9,647,088",25.58,26.63,25.45
01/13/2026,25.45,"5,306,895",25.65,25.8245,25.2
01/12/2026,25.75,"8,160,315",25.66,25.87,25.365
01/09/2026,25.73,"11,410,150",24.04,25.82,24.035
01/08/2026,23.99,"9,045,220",23.0,24.225,22.89
01/07/2026,23.18,"6,872,523",24.07,24.13,23.12
01/06/2026,23.99,"8,103,421",24.12,24.345,23.905
01/05/2026,24.26,"9,207,318",23.83,24.72,23.8
01/02/2026,23.8,"4,817,568",23.73,23.985,23.55
12/31/2025,23.69,"4,614,389",23.92,23.99,23.67
12/30/2025,23.99,"3,495,881",23.75,24.06,23.68
12/29/2025,23.81,"3,841,975",23.78,23.88,23.6201
12/26/2025,23.74,"3,510,570",23.81,23.92,23.61
12/24/2025,23.76,"1,935,762",23.62,23.795,23.6
12/23/2025,23.55,"5,226,790",23.69,23.7,23.415
12/22/2025,23.71,"8,405,464",23.4,23.77,23.32
12/19/2025,23.48,"12,427,590",23.75,23.86,23.46
12/18/2025,23.6,"8,373,995",23.83,23.83,23.42
12/17/2025,23.73,"10,747,550",23.5,23.955,23.375
12/16/2025,23.28,"8,033,624",23.41,23.43,22.94
12/15/2025,23.35,"7,158,498",23.64,23.64,23.01
12/12/2025,23.39,"11,772,750",23.38,23.55,23.265
12/11/2025,23.2,"8,716,776",23.345,23.755,23.125
12/10/2025,23.03,"9,505,119",22.23,23.1099,22.21
12/09/2025,22.12,"7,622,387",22.22,22.37,21.94
12/08/2025,22.28,"11,331,610",22.09,22.68,22.01
12/05/2025,21.69,"7,305,601",21.46,22.05,21.46
12/04/2025,21.4,"4,741,837",21.79,21.88,21.22
12/03/2025,21.87,"4,806,915",21.95,22.175,21.83
12/02/2025,21.89,"5,232,955",22.18,22.235,21.765
12/01/2025,22.12,"7,107,942",21.95,22.4675,21.87
11/28/2025,22.21,"3,648,855",22.04,22.405,22.03
11/26/2025,22.26,"5,439,737",22.01,22.515,22.01
11/25/2025,22.14,"4,855,307",21.71,22.175,21.625
11/24/2025,21.51,"7,799,606",21.84,21.84,21.385
11/21/2025,21.78,"6,885,857",21.47,22.135,21.41
11/20/2025,21.37,"5,646,986",21.42,21.67,21.35
11/19/2025,21.35,"5,866,127",21.58,21.63,21.155
11/18/2025,21.57,"6,615,828",21.48,21.64,21.24
11/17/2025,21.51,"5,797,771",22.06,22.1,21.49
11/14/2025,22.13,"6,338,469",22.36,22.45,22.105
11/13/2025,22.44,"6,504,502",22.37,22.705,22.28
11/12/2025,22.45,"6,965,826",22.63,22.82,22.435
11/11/2025,22.74,"3,797,537",22.83,22.995,22.68
11/10/2025,22.68,"7,552,420",22.97,22.9813,22.415
11/07/2025,23.08,"6,547,918",22.9,23.24,22.77
11/06/2025,22.83,"6,740,015",22.45,22.945,22.42
11/05/2025,22.48,"7,422,586",22.58,22.65,22.33
11/04/2025,22.59,"5,685,334",22.47,22.65,22.285
11/03/2025,22.51,"8,750,307",22.72,22.9,22.435
10/31/2025,23.0,"13,166,420",23.385,23.385,22.57
10/30/2025,23.51,"9,473,208",23.07,23.715,22.97
10/29/2025,23.2,"10,319,650",23.61,23.7099,23.12
10/28/2025,23.74,"3,812,025",23.93,23.93,23.64
10/27/2025,24.02,"3,250,980",23.97,24.045,23.76
10/24/2025,23.89,"3,461,829",23.97,24.105,23.7
10/23/2025,23.85,"4,532,654",23.55,23.88,23.2942
10/22/2025,23.61,"3,156,846",23.59,23.9169,23.52
10/21/2025,23.71,"4,503,372",23.285,23.92,23.265
10/20/2025,23.3,"3,867,871",23.72,23.805,23.23
10/17/2025,23.59,"3,828,354",23.71,23.99,23.435
10/16/2025,23.65,"5,942,007",23.73,24.04,23.49
10/15/2025,23.73,"6,030,040",23.97,24.5,23.73
10/14/2025,23.9,"6,405,828",23.76,24.14,23.54
10/13/2025,23.93,"4,196,915",24.0,24.1349,23.715
10/10/2025,23.93,"3,236,843",24.55,24.605,23.915
10/09/2025,24.44,"2,637,337",24.6,24.7295,24.255
10/08/2025,24.7,"3,475,150",24.33,24.74,24.065
10/07/2025,24.42,"4,593,047",24.98,25.18,24.37
10/06/2025,24.96,"3,680,725",25.06,25.1,24.76
10/03/2025,25.12,"2,943,711",24.99,25.3,24.98
10/02/2025,24.93,"3,593,255",24.92,25.01,24.515
10/01/2025,24.95,"3,650,388",24.85,25.04,24.73
09/30/2025,24.79,"5,465,100",24.95,25.35,24.59
09/29/2025,24.86,"5,111,207",24.625,24.87,24.34
09/26/2025,24.54,"3,936,338",24.17,24.61,24.09
09/25/2025,24.17,"4,208,792",24.5,24.84,24.07
09/24/2025,24.61,"4,481,180",24.5,25.025,24.475
09/23/2025,24.38,"4,357,158",24.3,24.455,24.22
09/22/2025,24.26,"5,395,597",24.2,24.405,24.14
09/19/2025,24.1,"11,569,300",24.55,24.55,23.975
09/18/2025,24.54,"3,296,478",24.5,24.83,24.475
09/17/2025,24.49,"4,855,758",24.82,25.62,24.47
09/16/2025,24.94,"4,704,991",24.8,25.155,24.79
09/15/2025,24.82,"3,776,213",25.0,25.13,24.7511
09/12/2025,24.9,"3,710,689",25.66,25.7999,24.9
09/11/2025,25.83,"4,472,656",25.14,26.1,25.14
09/10/2025,25.1,"4,141,524",25.12,25.355,25.055
09/09/2025,25.27,"2,826,584",25.81,25.88,25.155
09/08/2025,25.95,"4,886,872",26.02,26.02,25.45
09/05/2025,26.15,"3,453,182",25.76,26.35,25.69
09/04/2025,25.55,"3,900,898",24.99,25.57,24.74
09/03/2025,24.82,"2,815,264",24.79,25.03,24.7
09/02/2025,24.89,"6,035,539",25.52,25.58,24.795
08/29/2025,25.87,"3,311,929",25.78,25.9699,25.685
08/28/2025,25.95,"2,811,037",26.2,26.2,25.69
08/27/2025,26.12,"2,986,613",26.15,26.48,26.04
08/26/2025,26.17,"6,077,718",26.42,26.48,26.11
08/25/2025,26.5,"4,280,883",26.76,26.78,26.3345
08/22/2025,26.83,"6,048,740",26.03,26.895,25.85
08/21/2025,25.77,"2,493,962",25.88,25.88,25.59
08/20/2025,26.02,"5,487,144",26.48,26.48,25.91
08/19/2025,26.33,"3,103,370",25.81,26.365,25.81
08/18/2025,25.68,"3,207,126",25.86,26.01,25.66
08/15/2025,25.84,"4,414,208",26.3,26.4,25.81
08/14/2025,26.3,"3,300,963",26.04,26.36,25.92
08/13/2025,26.41,"4,369,190",25.68,26.46,25.63
08/12/2025,25.62,"3,432,356",25.44,25.715,25.25
08/11/2025,25.28,"3,034,518",25.45,25.61,25.12
08/08/2025,25.48,"2,407,142",25.7,25.83,25.4201
08/07/2025,25.71,"3,248,334",25.93,26.1,25.485
08/06/2025,25.55,"3,767,819",25.81,25.82,25.525
08/05/2025,25.8,"4,830,668",25.35,25.9,25.29
08/04/2025,25.27,"3,823,189",25.095,25.41,24.98
08/01/2025,25.08,"4,684,780",25.22,25.33,24.72
07/31/2025,25.05,"5,651,465",25.345,25.56,25.02
07/30/2025,25.54,"3,962,276",25.96,26.35,25.395
07/29/2025,25.94,"3,968,223",25.85,26.16,25.72
07/28/2025,25.88,"4,402,020",26.23,26.42,25.84
07/25/2025,26.47,"8,976,885",25.57,26.625,25.35
07/24/2025,25.68,"7,160,391",25.97,26.05,25.435
07/23/2025,25.96,"5,336,109",26.16,26.25,25.905
07/22/2025,26.17,"5,987,999",25.27,26.24,25.225
07/21/2025,25.05,"4,597,923",25.5,25.695,25.05
07/18/2025,25.31,"5,117,352",25.73,25.77,25.155
07/17/2025,25.68,"4,674,820",25.94,26.11,25.6
07/16/2025,25.9,"5,694,513",25.54,25.94,25.355
07/15/2025,25.35,"3,336,407",25.88,26.0705,25.33
07/14/2025,25.89,"3,425,581",26.21,26.23,25.815
07/11/2025,26.31,"3,614,241",26.2,26.37,25.85
07/10/2025,26.18,"4,524,659",26.15,26.62,26.08
07/09/2025,26.15,"5,318,028",26.19,26.34,26.075
07/08/2025,26.17,"9,423,653",25.56,26.255,25.55
07/07/2025,25.64,"4,820,433",26.37,26.37,25.56
07/03/2025,26.43,"2,532,915",26.7,26.73,26.29
07/02/2025,26.7,"3,685,983",26.34,26.85,26.25
07/01/2025,26.24,"5,075,126",25.47,26.72,25.16
06/30/2025,25.69,"5,887,053",25.93,26.0226,25.475
06/27/2025,25.85,"10,612,030",25.97,26.28,25.7735
06/26/2025,26.32,"3,358,611",26.22,26.365,26.01
06/25/2025,26.07,"5,057,004",26.39,26.55,26.055
06/24/2025,26.65,"2,929,311",26.69,26.8,26.51
06/23/2025,26.58,"2,493,571",26.19,26.61,26.12
06/20/2025,26.18,"6,493,307",26.13,26.43,26.02
06/18/2025,25.97,"2,664,205",25.93,26.31,25.795
06/17/2025,25.87,"3,323,186",26.695,26.695,25.791
06/16/2025,26.7,"3,341,009",27.07,27.2,26.685
06/13/2025,26.8,"2,811,651",27.09,27.315,26.63
06/12/2025,27.3,"2,341,650",27.24,27.38,26.97
06/11/2025,27.36,"3,030,763",27.69,27.86,27.255
06/10/2025,27.58,"3,444,115",27.13,27.68,27.01
06/09/2025,27.01,"3,327,188",26.85,27.265,26.73
06/06/2025,26.73,"4,794,695",26.97,27.35,26.67
06/05/2025,26.7,"5,811,896",26.31,26.85,26.01
06/04/2025,26.29,"3,872,822",25.86,26.365,25.8
06/03/2025,25.86,"3,634,010",25.42,25.93,25.32
06/02/2025,25.67,"3,076,927",25.65,25.69,25.435
05/30/2025,25.91,"11,663,800",25.8,25.98,25.63
05/29/2025,26.04,"3,538,975",25.92,26.24,25.78
05/28/2025,25.89,"3,801,755",25.9,25.91,25.63
05/27/2025,25.83,"4,214,506",25.57,25.87,25.255
05/23/2025,25.23,"3,343,383",24.95,25.29,24.92
05/22/2025,25.25,"3,961,690",25.21,25.395,24.965
05/21/2025,25.18,"4,250,258",26.0,26.055,25.11
05/20/2025,26.21,"2,871,725",26.35,26.6,26.155
05/19/2025,26.5,"2,550,686",26.32,26.65,26.3
05/16/2025,26.72,"2,323,795",26.565,26.748,26.3
05/15/2025,26.47,"2,538,033",26.07,26.505,26.0501
05/14/2025,26.02,"3,969,695",26.58,26.59,25.97
05/13/2025,26.69,"4,153,606",27.02,27.09,26.615
05/12/2025,26.97,"3,661,929",26.85,27.27,26.675
05/09/2025,26.21,"4,948,337",26.26,26.5,26.06
05/08/2025,25.94,"3,812,825",26.0,26.28,25.795
05/07/2025,25.82,"4,117,600",25.59,25.915,25.49
05/06/2025,25.54,"5,555,877",25.66,25.77,25.18
05/05/2025,25.83,"2,814,248",26.15,26.25,25.785
05/02/2025,26.16,"3,513,565",26.025,26.35,25.935
05/01/2025,25.82,"3,875,896",25.91,26.045,25.55
04/30/2025,25.91,"5,016,343",25.59,25.99,25.23
04/29/2025,25.79,"5,244,818",25.36,25.86,25.36
04/28/2025,25.57,"7,708,788",24.76,25.64,24.75
04/25/2025,24.81,"4,584,506",25.22,25.475,24.74
04/24/2025,25.5,"4,047,898",25.42,25.74,25.225
04/23/2025,25.31,"2,427,252",25.66,26.205,25.235
04/22/2025,25.26,"2,950,136",25.01,25.45,24.94
04/21/2025,24.69,"2,828,499",25.43,25.5524,24.45
04/17/2025,25.81,"2,651,555",25.63,26.07,25.63
04/16/2025,25.59,"3,956,607",25.93,26.0,25.42
04/15/2025,25.85,"3,121,654",26.06,26.265,25.76
04/14/2025,26.12,"2,572,262",26.04,26.36,25.845
04/11/2025,25.8,"3,635,759",25.66,25.94,24.92
04/10/2025,25.82,"3,732,332",26.27,26.35,25.05
04/09/2025,26.56,"5,868,142",24.35,26.74,24.1
04/08/2025,24.82,"5,094,285",26.51,26.65,24.5
04/07/2025,25.48,"6,711,632",25.9,26.7584,24.8862
04/04/2025,26.26,"6,634,432",27.56,27.67,26.07
04/03/2025,27.43,"5,364,348",29.07,29.135,27.39
04/02/2025,29.48,"4,215,808",29.24,29.585,29.0
04/01/2025,29.14,"4,859,623",29.27,29.44,28.69
03/31/2025,29.28,"3,993,561",29.36,29.5,28.92
03/28/2025,29.36,"2,568,929",29.5,29.62,29.135
03/27/2025,29.59,"3,197,413",29.5,30.0573,29.25
03/26/2025,29.42,"1,637,384",29.31,29.52,29.2
03/25/2025,29.2,"2,735,973",29.53,29.53,28.97
03/24/2025,29.56,"3,092,285",29.06,29.63,29.06
03/21/2025,29.18,"6,488,168",29.97,30.0537,28.95
03/20/2025,30.11,"3,010,594",29.87,30.195,29.81
03/19/2025,29.91,"3,033,407",29.76,30.0499,29.565
03/18/2025,29.86,"2,931,002",30.04,30.17,29.6
03/17/2025,29.96,"3,217,461",29.49,30.2791,29.48
03/14/2025,29.47,"2,103,645",29.2,29.59,28.97
03/13/2025,28.95,"3,046,076",29.23,29.53,28.86
03/12/2025,29.27,"3,961,036",29.5,29.68,29.02
03/11/2025,29.58,"4,127,234",30.26,30.32,29.49
03/10/2025,30.07,"4,753,251",30.45,31.12,30.04
03/07/2025,30.65,"5,394,298",30.1,30.79,30.0
03/06/2025,30.22,"3,997,383",30.78,30.835,30.0827
03/05/2025,30.93,"3,884,887",30.65,31.29,30.54
03/04/2025,30.79,"4,294,168",31.4,31.66,30.715
03/03/2025,31.39,"6,490,622",30.23,31.635,30.2
02/28/2025,30.1,"5,766,786",30.32,30.46,29.88
02/27/2025,30.06,"3,217,229",29.69,30.13,29.63
02/26/2025,29.83,"2,097,316",30.19,30.32,29.78
02/25/2025,30.2,"4,446,633",30.15,30.54,30.02
02/24/2025,29.98,"2,669,514",29.75,30.18,29.62
02/21/2025,29.71,"4,549,842",30.1,30.32,29.445
02/20/2025,29.97,"5,923,913",29.3,29.99,29.19
02/19/2025,29.2,"4,486,748",29.54,29.64,29.015
02/18/2025,29.73,"2,892,174",29.49,29.78,29.22
02/14/2025,29.61,"2,638,775",29.94,30.265,29.57
02/13/2025,29.7,"2,324,716",29.71,29.81,29.42
02/12/2025,29.59,"2,066,945",29.47,29.635,29.34
02/11/2025,30.0,"3,662,807",29.9,30.09,29.825
02/10/2025,30.12,"2,590,103",30.26,30.315,29.9474
02/07/2025,30.05,"2,037,332",30.38,30.49,30.0
02/06/2025,30.43,"2,109,450",30.62,30.6639,30.185
02/05/2025,30.34,"2,721,041",30.5,30.54,30.05
02/04/2025,30.14,"4,699,180",30.57,30.61,30.11
02/03/2025,30.75,"6,647,100",30.75,31.48,30.7
01/31/2025,30.62,"5,594,400",30.58,30.95,30.15
01/30/2025,30.96,"4,169,343",30.93,31.15,30.505
01/29/2025,30.54,"3,771,937",30.67,31.085,30.4943
01/28/2025,30.77,"3,276,794",30.56,30.85,30.39
01/27/2025,30.85,"3,613,350",30.32,31.035,30.25
01/24/2025,29.99,"2,300,810",29.9,30.24,29.69
01/23/2025,29.94,"2,434,183",29.75,30.195,29.64
01/22/2025,29.76,"3,195,924",30.24,30.24,29.715
01/21/2025,30.42,"4,468,899",30.4,30.63,29.935
01/17/2025,30.2,"4,302,360",30.12,30.545,30.04
01/16/2025,30.03,"2,706,654",29.55,30.06,29.41
01/15/2025,29.56,"4,749,138",29.92,30.2,29.37
01/14/2025,28.96,"4,151,443",28.9,29.2393,28.79
01/13/2025,28.66,"4,299,506",27.4,28.66,27.35
01/10/2025,27.29,"3,529,476",27.4,27.58,27.06
01/08/2025,27.68,"3,939,137",27.86,27.905,27.335
01/07/2025,28.01,"2,588,221",28.51,28.74,27.86
01/06/2025,28.5,"2,886,840",28.34,28.95,28.28
01/03/2025,28.36,"3,331,664",28.04,28.515,27.96
01/02/2025,27.99,"3,447,342",28.2,28.45,27.95
12/31/2024,28.15,"3,125,267",28.16,28.31,27.81
12/30/2024,27.89,"2,914,709",27.97,28.04,27.51
12/27/2024,27.99,"2,320,521",27.93,28.28,27.89
12/26/2024,28.17,"1,736,674",28.05,28.245,27.92
12/24/2024,28.26,"1,780,137",27.8,28.26,27.75
12/23/2024,28.08,"3,546,749",27.6,28.12,27.43
12/20/2024,27.5,"11,435,490",27.27,27.88,27.21
12/19/2024,27.21,"4,919,229",27.75,28.02,27.18
12/18/2024,27.96,"3,942,031",29.31,29.46,27.95
12/17/2024,29.38,"3,853,010",29.26,29.57,29.0
12/16/2024,29.65,"3,076,724",30.11,30.12,29.615
12/13/2024,30.06,"3,176,023",30.31,30.39,29.79
12/12/2024,30.4,"2,848,462",30.78,31.125,30.38
12/11/2024,30.89,"5,665,223",31.09,31.16,30.74
12/10/2024,30.92,"3,349,559",31.68,31.93,30.73
12/09/2024,31.74,"3,266,535",31.41,31.9,31.39
12/06/2024,31.29,"3,395,079",32.03,32.7,31.13
12/05/2024,30.96,"2,067,047",31.12,31.2218,30.72
12/04/2024,31.24,"3,308,013",31.54,31.74,30.9101
12/03/2024,31.72,"2,492,873",32.02,32.1,31.6
12/02/2024,31.97,"3,190,087",32.06,32.14,31.79
11/29/2024,32.26,"2,107,947",32.54,32.55,32.2
11/27/2024,32.35,"2,785,232",32.17,32.49,32.1
11/26/2024,31.91,"2,365,412",32.09,32.175,31.66
11/25/2024,32.23,"7,706,006",31.58,32.575,31.5
11/22/2024,31.24,"2,514,204",30.8,31.28,30.65
11/21/2024,30.6,"2,763,630",30.62,30.77,30.42
11/20/2024,30.67,"3,593,489",30.63,30.83,30.35
11/19/2024,30.68,"1,639,017",30.81,30.965,30.51
11/18/2024,31.02,"1,918,433",30.82,31.18,30.78
11/15/2024,30.93,"2,916,637",30.87,31.08,30.725
11/14/2024,30.86,"2,964,966",30.66,31.03,30.66
11/13/2024,30.89,"2,429,644",30.98,31.16,30.8
11/12/2024,30.68,"2,898,767",31.11,31.44,30.66
11/11/2024,31.35,"2,581,537",31.78,32.05,31.3
11/08/2024,31.89,"2,669,594",31.7,32.16,31.61
11/07/2024,31.74,"3,639,573",31.52,32.05,31.36
11/06/2024,31.42,"5,312,497",31.95,32.0,31.01
11/05/2024,31.87,"2,459,562",31.54,31.88,31.38
11/04/2024,31.71,"2,496,586",31.28,31.93,31.16
11/01/2024,31.18,"3,007,024",31.43,31.67,31.145
10/31/2024,31.16,"3,988,067",31.62,31.82,31.12
10/30/2024,31.72,"4,218,162",31.01,31.78,30.89
10/29/2024,30.88,"7,199,299",31.56,31.71,30.505
10/28/2024,31.95,"2,884,081",32.05,32.48,31.93
10/25/2024,31.8,"4,276,945",31.97,32.238,31.25
10/24/2024,32.13,"3,803,877",32.0,32.14,31.85
10/23/2024,31.85,"3,412,279",31.64,31.96,31.52
10/22/2024,31.65,"4,820,815",32.11,32.16,31.615
10/21/2024,32.29,"2,221,783",33.01,33.11,32.25
10/18/2024,33.06,"2,538,624",32.85,33.07,32.69
10/17/2024,32.8,"2,378,051",33.15,33.24,32.65
10/16/2024,33.45,"2,330,977",33.23,33.565,33.21
10/15/2024,33.05,"4,209,969",32.85,33.46,32.76
10/14/2024,32.59,"4,762,095",32.87,33.05,32.525
10/11/2024,33.03,"2,270,198",32.77,33.08,32.69
10/10/2024,32.63,"2,597,613",32.91,33.02,32.615
10/09/2024,33.06,"5,245,345",33.11,33.23,32.83
10/08/2024,33.11,"2,675,341",32.83,33.18,32.8
10/07/2024,32.85,"2,913,336",32.61,32.915,32.35
10/04/2024,32.88,"3,277,098",32.77,33.05,32.475
10/03/2024,32.93,"3,995,870",33.44,33.55,32.845
10/02/2024,33.62,"3,259,340",33.44,33.74,33.32
10/01/2024,33.7,"3,394,126",33.81,33.96,33.32
09/30/2024,33.86,"4,767,715",33.58,34.015,33.58
09/27/2024,33.75,"4,729,490",33.35,34.025,33.0
09/26/2024,33.16,"4,791,224",33.25,33.5387,32.88
09/25/2024,32.97,"5,299,117",33.72,33.795,32.915
09/24/2024,33.78,"3,528,062",33.42,33.955,33.34
09/23/2024,33.55,"3,323,678",33.43,33.74,33.28
09/20/2024,33.24,"7,981,300",33.66,33.66,33.045
09/19/2024,33.59,"7,283,477",33.57,33.88,33.46
09/18/2024,33.1,"4,266,883",33.33,33.53,32.995
09/17/2024,33.25,"4,597,304",32.93,33.28,32.71
09/16/2024,32.51,"2,614,956",32.61,32.77,32.36
09/13/2024,32.45,"4,077,823",31.7,32.48,31.67
09/12/2024,31.41,"5,749,516",30.84,31.42,30.84
09/11/2024,30.86,"3,742,025",30.44,30.91,30.2795
09/10/2024,30.89,"3,241,552",30.31,30.925,30.135
09/09/2024,30.27,"3,779,727",30.29,30.415,30.05
09/06/2024,30.35,"4,983,630",30.18,30.63,30.17
09/05/2024,30.17,"3,838,048",30.37,30.51,30.15
09/04/2024,30.15,"2,879,464",30.25,30.62,30.02
09/03/2024,30.28,"4,106,157",30.22,30.71,30.17
08/30/2024,30.49,"5,278,055",30.49,30.52,30.14
08/29/2024,30.49,"2,943,861",30.68,30.78,30.41
08/28/2024,30.64,"3,661,954",30.9,30.95,30.44
08/27/2024,30.6,"2,956,221",30.85,30.87,30.58
08/26/2024,31.08,"2,709,610",31.55,31.55,31.01
08/23/2024,31.36,"3,294,938",30.4,31.49,30.37
08/22/2024,30.26,"3,398,314",30.4,30.42,30.06
08/21/2024,30.41,"3,161,267",30.19,30.43,29.86
08/20/2024,30.11,"3,717,420",30.18,30.25,29.7
08/19/2024,30.18,"3,152,530",29.93,30.185,29.85
08/16/2024,29.91,"2,752,885",29.99,30.12,29.69
08/15/2024,30.09,"4,131,229",30.16,30.385,30.0
08/14/2024,30.02,"5,567,571",30.39,30.41,30.0
08/13/2024,30.33,"3,575,940",30.32,30.49,30.2
08/12/2024,30.14,"3,044,438",30.53,30.56,30.07
08/09/2024,30.68,"3,567,532",31.09,31.24,30.66
08/08/2024,31.1,"2,996,779",31.21,31.33,30.985
08/07/2024,31.15,"3,832,038",31.78,32.15,31.105
08/06/2024,31.64,"5,310,757",31.07,31.98,30.88
08/05/2024,31.13,"6,329,927",31.29,31.81,30.75
08/02/2024,31.74,"4,942,172",31.89,32.05,31.43
08/01/2024,31.92,"4,652,711",31.89,32.13,31.5514
07/31/2024,31.76,"4,226,684",31.64,32.18,31.47
07/30/2024,31.76,"3,901,252",31.29,31.97,31.29
07/29/2024,31.27,"3,382,247",31.3,31.675,31.045
07/26/2024,31.6,"4,898,545",30.92,31.708,30.095
07/25/2024,30.31,"3,323,160",29.99,30.72,29.805
07/24/2024,29.87,"3,191,580",30.31,30.38,29.81
07/23/2024,30.26,"2,759,639",30.41,30.485,30.11
07/22/2024,30.6,"3,723,041",30.19,30.65,29.87
07/19/2024,30.14,"2,965,064",30.48,30.58,29.865
07/18/2024,30.31,"3,436,771",30.25,30.945,30.15
07/17/2024,30.49,"3,253,099",29.76,30.55,29.76
07/16/2024,29.73,"2,884,871",29.18,29.795,29.04
07/15/2024,29.04,"3,685,532",29.33,29.365,28.94
07/12/2024,29.28,"5,489,237",29.21,29.42,28.77
07/11/2024,28.96,"6,859,119",28.04,29.12,27.92
07/10/2024,27.58,"3,776,337",27.48,27.65,27.1
07/09/2024,27.57,"3,734,542",27.52,27.66,27.39
07/08/2024,27.59,"4,055,457",27.46,27.59,27.27
07/05/2024,27.45,"5,346,210",27.07,27.45,26.73
07/03/2024,27.05,"2,549,918",27.47,27.6,26.98
07/02/2024,27.48,"2,769,712",27.6,27.61,27.31
07/01/2024,27.56,"2,634,825",28.28,28.36,27.48
06/28/2024,28.39,"5,567,500",28.3,28.58,28.16
06/27/2024,28.22,"3,771,980",27.96,28.23,27.88
06/26/2024,27.96,"3,118,820",27.97,28.165,27.86
06/25/2024,28.28,"3,150,073",28.94,28.94,28.105
06/24/2024,29.04,"2,856,190",29.03,29.42,28.94
06/21/2024,29.02,"7,371,339",28.8,29.1,28.56
06/20/2024,28.64,"4,479,632",28.76,28.835,28.575
06/18/2024,28.87,"3,076,626",29.13,29.21,28.72
06/17/2024,29.15,"3,382,742",28.73,29.19,28.64
06/14/2024,29.0,"3,378,078",28.81,29.02,28.555
06/13/2024,29.02,"3,726,377",29.33,29.35,28.88
06/12/2024,29.21,"3,590,812",29.81,29.89,29.075
06/11/2024,29.14,"3,152,855",29.21,29.23,28.86
06/10/2024,29.37,"4,424,224",29.12,29.37,28.64
06/07/2024,29.36,"3,397,895",29.32,29.555,29.15
06/06/2024,29.76,"4,555,271",29.345,29.86,29.185
06/05/2024,29.45,"2,472,453",29.49,29.575,29.215
06/04/2024,29.47,"2,485,561",29.6,29.91,29.45
06/03/2024,29.71,"2,974,281",30.0,30.07,29.62
05/31/2024,30.03,"6,134,175",29.65,30.05,29.495
05/30/2024,29.72,"2,125,629",29.53,29.85,29.53
05/29/2024,29.36,"2,945,478",29.58,29.68,29.31
05/28/2024,29.76,"2,714,835",30.23,30.3,29.65
05/24/2024,30.2,"1,497,824",30.28,30.33,30.02
05/23/2024,30.11,"2,474,535",30.58,30.62,30.045
05/22/2024,30.7,"2,133,657",30.98,31.13,30.54
05/21/2024,31.11,"4,380,344",30.85,31.16,30.51
05/20/2024,30.91,"4,510,843",31.1,31.105,30.68
05/17/2024,31.17,"4,469,439",31.17,31.22,30.79
05/16/2024,31.11,"4,181,802",31.38,31.43,31.09
05/15/2024,31.36,"4,726,172",31.7,31.72,31.25
05/14/2024,31.19,"3,007,479",31.47,31.56,30.99
05/13/2024,31.21,"2,868,567",31.18,31.47,30.96
05/10/2024,30.97,"3,393,565",31.15,31.27,30.895
05/09/2024,31.13,"2,612,199",30.79,31.2,30.755
05/08/2024,30.73,"3,093,507",30.74,31.08,30.65
05/07/2024,30.85,"2,935,182",31.28,31.425,30.83
05/06/2024,31.08,"1,962,646",31.31,31.51,30.94
05/03/2024,31.09,"4,582,781",31.57,31.83,30.96
05/02/2024,31.01,"4,710,526",30.5,31.03,30.1
05/01/2024,30.2,"4,225,150",30.29,30.85,30.025
04/30/2024,30.17,"4,876,326",30.89,31.05,30.15
04/29/2024,31.18,"2,837,694",31.03,31.295,30.785
04/26/2024,31.05,"3,616,663",31.99,32.01,30.81
04/25/2024,31.46,"2,473,896",31.21,31.57,31.015
04/24/2024,31.54,"3,019,175",31.47,31.805,31.295
04/23/2024,31.71,"2,619,120",31.52,32.105,31.44
04/22/2024,31.47,"2,670,673",31.53,31.645,31.17
04/19/2024,31.47,"3,955,310",31.34,31.575,31.15
04/18/2024,31.35,"3,362,750",31.65,31.88,31.28
04/17/2024,31.52,"3,395,240",32.14,32.265,31.51
04/16/2024,31.97,"2,658,773",32.44,32.45,31.96
04/15/2024,32.69,"2,807,219",33.42,33.48,32.5125
04/12/2024,33.24,"3,048,733",33.45,33.53,33.02
04/11/2024,33.65,"3,233,006",33.77,34.09,33.29
04/10/2024,33.6,"3,114,172",34.09,34.255,33.42
04/09/2024,35.03,"2,324,324",34.64,35.08,34.54
04/08/2024,34.42,"2,357,364",34.76,34.7811,34.395
04/05/2024,34.59,"2,662,542",34.55,34.62,34.275
04/04/2024,34.64,"3,143,470",35.28,35.3,34.41
04/03/2024,34.94,"3,122,114",35.27,35.29,34.81
04/02/2024,35.43,"3,464,243",35.22,35.495,35.14
04/01/2024,35.56,"2,203,177",35.97,36.1,35.54
03/28/2024,35.91,"3,438,309",36.0,36.27,35.83
03/27/2024,35.93,"2,810,416",35.71,35.94,35.455
03/26/2024,35.45,"3,364,619",35.69,35.84,35.42
03/25/2024,35.49,"3,436,255",35.67,35.975,35.43
03/22/2024,35.61,"3,826,498",35.59,35.75,35.435
03/21/2024,35.53,"2,890,833",35.42,35.81,35.22
03/20/2024,35.31,"3,446,185",34.47,35.41,34.39
03/19/2024,34.53,"2,496,375",33.98,34.58,33.955
03/18/2024,34.15,"3,373,129",34.4,34.51,33.92
03/15/2024,34.33,"6,848,910",33.93,34.61,33.86
03/14/2024,34.26,"4,124,936",34.35,34.53,33.87
03/13/2024,34.56,"2,508,524",34.39,34.78,34.36
03/12/2024,34.47,"3,330,896",34.95,35.0,34.2
03/11/2024,35.07,"2,202,091",34.69,35.1,34.675
03/08/2024,34.84,"3,734,739",34.68,34.99,34.455
03/07/2024,34.37,"3,223,880",34.5,34.6,34.18
03/06/2024,34.56,"3,298,056",34.61,34.86,34.47
03/05/2024,34.44,"3,291,404",35.13,35.41,34.155
03/04/2024,35.36,"3,675,374",34.88,35.425,34.75
03/01/2024,34.91,"5,144,263",34.26,34.96,34.1
02/29/2024,34.38,"5,424,216",34.54,34.74,34.19
02/28/2024,34.23,"3,731,590",32.82,34.24,32.82
02/27/2024,32.9,"2,654,387",32.96,32.98,32.67
02/26/2024,32.78,"3,141,076",33.19,33.37,32.715
02/23/2024,33.38,"2,309,269",33.79,33.818,33.37
02/22/2024,33.69,"5,206,242",33.34,33.86,33.11
02/21/2024,33.16,"3,782,765",33.1,33.235,32.925
02/20/2024,33.06,"3,470,974",32.77,33.215,32.61
02/16/2024,32.99,"3,199,450",33.0,33.285,32.87
02/15/2024,33.42,"3,135,171",33.12,33.53,33.09
02/14/2024,33.03,"3,481,992",33.02,33.165,32.625
02/13/2024,32.84,"3,455,055",32.69,33.065,32.54
02/12/2024,33.53,"2,678,653",33.35,33.625,33.2
02/09/2024,33.28,"3,190,982",33.03,33.28,32.95
02/08/2024,33.01,"2,845,041",32.79,33.22,32.77
02/07/2024,32.86,"3,644,888",32.97,33.05,32.49
02/06/2024,32.81,"4,221,981",32.37,32.985,32.25
02/05/2024,32.37,"4,072,023",32.39,32.645,31.96
02/02/2024,32.9,"5,045,927",32.93,33.225,32.52
02/01/2024,33.45,"4,249,913",32.92,33.47,32.84
01/31/2024,32.77,"4,415,325",33.24,33.3,32.58
01/30/2024,33.09,"3,233,513",32.68,33.23,32.6
01/29/2024,32.99,"3,870,587",33.03,33.215,32.88
01/26/2024,33.11,"6,168,455",32.68,33.195,31.9
01/25/2024,33.32,"3,859,185",33.7,33.86,33.19
01/24/2024,33.13,"4,352,922",33.62,33.7,33.05
01/23/2024,33.29,"3,770,715",33.63,33.64,33.1
01/22/2024,33.44,"4,601,245",32.96,33.68,32.9
01/19/2024,32.85,"4,049,004",32.69,32.94,32.31
01/18/2024,32.59,"3,099,414",32.48,32.67,32.2
01/17/2024,32.47,"3,660,304",32.67,32.93,32.25
01/16/2024,33.07,"3,920,515",33.32,33.56,32.985
01/12/2024,33.63,"3,261,434",34.24,34.37,33.575
01/11/2024,33.85,"2,679,018",33.69,33.87,33.5
01/10/2024,33.83,"2,219,371",33.7,34.03,33.7
01/09/2024,33.74,"1,984,616",33.6,33.89,33.49
01/08/2024,34.05,"2,262,468",33.58,34.135,33.5
01/05/2024,33.68,"4,199,917",33.32,33.76,33.09
01/04/2024,33.59,"3,317,491",33.91,34.035,33.53
01/03/2024,34.06,"2,939,810",34.26,34.3814,33.94
01/02/2024,34.79,"2,317,083",34.57,35.005,34.49
12/29/2023,34.77,"3,079,274",34.91,35.13,34.74
12/28/2023,35.1,"2,586,111",34.81,35.14,34.72
12/27/2023,34.76,"2,109,217",34.77,34.935,34.61
12/26/2023,34.63,"2,542,335",34.43,34.73,34.31
12/22/2023,34.36,"2,253,558",34.3,34.61,34.2
12/21/2023,34.11,"2,957,233",34.47,34.49,33.88
12/20/2023,34.1,"3,490,641",34.41,34.815,34.09
12/19/2023,34.45,"4,855,726",33.82,34.5,33.82
12/18/2023,33.55,"3,390,101",33.55,33.665,33.365
12/15/2023,33.34,"11,627,300",33.83,34.065,33.02
12/14/2023,33.94,"7,241,170",32.61,34.08,32.61
12/13/2023,32.0,"5,687,463",30.78,32.185,30.67
12/12/2023,30.66,"4,740,067",31.03,31.03,30.54
12/11/2023,31.08,"2,783,119",30.74,31.21,30.635
12/08/2023,30.87,"2,799,572",30.73,30.895,30.57
12/07/2023,30.89,"2,976,820",31.26,31.26,30.83
12/06/2023,31.24,"3,170,948",31.54,31.685,31.22
12/05/2023,31.29,"2,662,545",31.45,31.49,31.15
12/04/2023,31.58,"3,908,684",31.52,31.75,31.215
12/01/2023,31.74,"4,211,423",31.51,31.95,31.24
11/30/2023,31.35,"11,869,870",31.66,31.66,31.095
11/29/2023,31.7,"3,589,923",31.83,31.923,31.565
11/28/2023,31.54,"2,655,081",31.5,31.65,31.065
11/27/2023,31.62,"3,503,374",31.45,31.8,31.33
11/24/2023,31.94,"967,932",31.97,31.99,31.76
11/22/2023,31.99,"2,212,546",32.07,32.14,31.815
11/21/2023,31.78,"3,203,956",32.14,32.19,31.68
11/20/2023,32.23,"3,883,680",31.95,32.385,31.56
11/17/2023,31.92,"2,877,758",32.04,32.1,31.765
11/16/2023,31.74,"4,053,664",31.69,31.84,31.47
11/15/2023,31.72,"3,106,436",31.53,32.015,31.52
11/14/2023,31.63,"4,355,326",30.61,31.72,30.56
11/13/2023,29.83,"2,991,797",29.95,30.05,29.65
11/10/2023,30.15,"2,830,923",29.95,30.22,29.645
11/09/2023,29.75,"4,073,020",30.3,30.35,29.66
11/08/2023,30.24,"3,122,309",30.41,30.56,30.07
11/07/2023,30.44,"4,216,007",30.9,30.96,30.43
11/06/2023,30.86,"3,406,917",30.87,30.945,30.754
11/03/2023,31.09,"3,323,920",30.31,31.45,30.31
11/02/2023,30.16,"4,681,495",29.16,30.215,29.01
11/01/2023,28.75,"4,240,554",28.68,28.75,28.26
10/31/2023,28.69,"3,902,447",28.71,28.885,28.48
10/30/2023,28.55,"4,141,474",28.73,28.88,28.3
10/27/2023,28.62,"3,719,829",28.88,29.24,28.375
10/26/2023,29.01,"3,988,615",28.65,29.27,28.65
10/25/2023,28.61,"4,321,908",28.85,29.16,28.49
10/24/2023,28.94,"3,181,015",28.96,28.995,28.72
10/23/2023,28.84,"3,557,463",29.03,29.23,28.765
10/20/2023,29.25,"4,143,400",29.31,29.53,29.09
10/19/2023,29.33,"2,785,552",29.68,29.9,29.28
10/18/2023,29.7,"2,167,026",29.85,30.02,29.65
10/17/2023,30.04,"3,090,414",29.86,30.36,29.86
10/16/2023,30.08,"2,912,772",30.03,30.34,29.86
10/13/2023,29.94,"3,615,038",30.12,30.175,29.815
10/12/2023,30.05,"4,219,273",30.55,30.63,29.87
10/11/2023,30.65,"2,640,414",30.28,30.685,30.2
10/10/2023,30.11,"3,078,550",30.05,30.265,29.73
10/09/2023,29.93,"3,171,798",29.6,30.0,29.515
10/06/2023,29.82,"4,318,252",29.88,30.105,29.45
10/05/2023,30.02,"3,724,521",29.88,30.185,29.74
10/04/2023,29.91,"3,953,959",29.61,29.93,29.415
10/03/2023,29.5,"4,921,758",29.81,30.145,29.4422
10/02/2023,29.98,"5,795,096",30.53,30.58,29.69
09/29/2023,30.66,"4,370,105",30.77,30.89,30.46
09/28/2023,30.51,"7,097,547",30.54,30.69,29.98
09/27/2023,31.03,"4,181,319",31.14,31.3,30.825
09/26/2023,31.02,"3,324,698",31.08,31.28,30.815
09/25/2023,31.35,"2,269,581",31.09,31.465,31.04
09/22/2023,31.28,"3,476,272",31.28,31.47,31.09
09/21/2023,31.18,"3,494,483",31.5,31.53,30.99
09/20/2023,31.75,"2,374,186",32.24,32.3,31.73
09/19/2023,31.96,"2,662,597",32.22,32.36,31.88
09/18/2023,32.24,"3,057,809",32.55,32.82,32.18
09/15/2023,32.55,"4,783,675",32.73,32.86,32.47
09/14/2023,32.7,"3,726,241",32.33,32.775,32.3
09/13/2023,32.15,"3,773,254",32.34,32.35,31.93
09/12/2023,32.29,"2,178,886",31.93,32.3,31.87
09/11/2023,32.04,"2,227,204",32.24,32.295,31.97
09/08/2023,32.1,"3,303,429",32.39,32.53,32.01
09/07/2023,32.45,"3,199,506",32.36,32.5,32.09
09/06/2023,32.39,"3,342,772",31.97,32.41,31.91
09/05/2023,31.92,"4,133,654",32.67,32.72,31.92
09/01/2023,32.75,"3,577,060",32.99,33.1,32.615
08/31/2023,32.75,"4,479,805",32.93,33.025,32.62
08/30/2023,33.1,"2,122,049",33.1,33.165,32.92
08/29/2023,33.01,"3,354,741",32.76,33.02,32.65
08/28/2023,32.87,"1,360,459",32.84,33.22,32.79
08/25/2023,32.63,"2,768,496",32.92,33.07,32.525
08/24/2023,32.77,"1,858,451",33.34,33.45,32.77
08/23/2023,33.32,"3,083,503",32.91,33.49,32.76
08/22/2023,32.69,"4,728,211",32.62,32.93,32.51
08/21/2023,32.41,"2,439,154",32.22,32.48,32.0114
08/18/2023,32.3,"2,168,226",31.92,32.355,31.79
08/17/2023,32.16,"2,444,358",32.47,32.7,32.14
08/16/2023,32.4,"2,468,750",32.71,32.935,32.39
08/15/2023,32.73,"2,800,146",32.82,32.87,32.53
08/14/2023,33.13,"2,734,935",32.91,33.18,32.9
08/11/2023,33.02,"3,017,863",32.97,33.425,32.96
08/10/2023,33.14,"2,387,823",33.52,33.55,32.945
08/09/2023,33.4,"2,257,000",33.32,33.61,33.05
08/08/2023,33.37,"2,905,661",32.85,33.42,32.64
08/07/2023,33.14,"2,927,960",32.98,33.36,32.95
08/04/2023,32.88,"2,968,047",33.12,33.255,32.81
08/03/2023,33.11,"4,009,452",32.92,33.16,32.455
08/02/2023,33.2,"3,972,926",33.63,33.71,33.1
08/01/2023,33.97,"2,613,734",33.79,34.105,33.62
07/31/2023,34.06,"4,749,489",33.84,34.56,33.84
07/28/2023,33.67,"5,089,900",34.29,34.8,33.415
07/27/2023,34.11,"3,328,942",34.66,34.74,33.96
07/26/2023,34.38,"2,881,714",34.29,34.49,33.98
07/25/2023,34.38,"2,852,030",34.15,34.625,34.15
07/24/2023,34.29,"1,980,680",34.36,34.575,34.18
07/21/2023,34.38,"2,572,735",34.47,34.47,34.035
07/20/2023,34.33,"2,508,448",34.26,34.445,34.13
07/19/2023,34.27,"2,866,055",34.55,34.69,34.095
07/18/2023,34.52,"3,478,972",34.29,35.08,34.25
07/17/2023,34.33,"2,867,290",33.93,34.375,33.7832
07/14/2023,34.08,"1,990,759",33.99,34.16,33.74
07/13/2023,34.15,"2,633,897",34.13,34.335,34.08
07/12/2023,34.08,"4,165,003",34.39,34.46,34.04
07/11/2023,34.04,"4,197,811",34.06,34.285,33.875
07/10/2023,33.9,"5,444,706",33.79,34.27,33.57
07/07/2023,33.45,"4,051,612",32.74,33.59,32.585
07/06/2023,32.66,"4,176,477",32.87,32.9286,32.59
07/05/2023,33.24,"3,472,737",33.42,33.62,33.11
07/03/2023,33.54,"2,115,508",33.53,33.71,33.33
06/30/2023,33.51,"7,640,744",33.75,33.7683,33.23
06/29/2023,33.33,"4,572,179",33.09,33.35,32.835
06/28/2023,33.2,"6,420,591",32.32,33.375,32.17
06/27/2023,31.84,"5,246,229",31.08,32.1,31.06
06/26/2023,30.92,"3,412,063",30.38,31.03,30.36
06/23/2023,30.41,"5,812,325",30.59,30.855,30.365
06/22/2023,30.85,"3,181,043",31.01,31.01,30.62
06/21/2023,30.9,"4,408,606",31.14,31.17,30.85
06/20/2023,31.26,"5,055,579",30.89,31.33,30.54
06/16/2023,31.0,"15,284,170",30.94,31.19,30.83
06/15/2023,30.76,"3,772,719",30.34,30.77,30.1
06/14/2023,30.52,"3,925,475",30.7,31.03,30.345
06/13/2023,30.52,"2,882,860",29.95,30.53,29.9
06/12/2023,29.82,"3,252,599",29.62,29.885,29.22
06/09/2023,29.66,"3,612,375",29.59,29.84,29.4825
06/08/2023,29.46,"3,402,524",29.28,29.59,28.99
06/07/2023,29.48,"2,909,550",29.04,29.545,28.98
06/06/2023,28.94,"2,810,071",28.48,28.99,28.39
06/05/2023,28.36,"2,922,138",28.61,28.68,28.235
06/02/2023,28.83,"5,367,894",28.94,29.29,28.65
06/01/2023,28.54,"3,718,962",28.59,28.72,28.19
05/31/2023,28.66,"9,794,468",28.44,28.73,28.12
05/30/2023,28.58,"3,501,307",28.38,28.64,28.15
05/26/2023,28.25,"3,347,919",28.56,28.56,28.18
05/25/2023,28.44,"3,267,585",28.59,28.78,28.205
05/24/2023,28.59,"4,156,436",29.14,29.22,28.51
05/23/2023,29.19,"3,019,884",29.19,29.39,29.09
05/22/2023,29.31,"2,853,552",29.57,29.7751,29.21
05/19/2023,29.59,"3,875,511",29.76,29.93,29.255
05/18/2023,29.52,"4,607,238",29.37,29.91,29.245
05/17/2023,29.48,"4,708,186",29.38,29.595,28.93
05/16/2023,29.31,"4,424,299",29.95,30.0,29.2
05/15/2023,30.08,"2,415,790",29.96,30.09,29.59
05/12/2023,29.83,"2,913,271",29.82,29.985,29.59
05/11/2023,29.75,"3,331,892",29.87,29.94,29.65
05/10/2023,30.1,"4,935,700",30.32,30.48,29.875
05/09/2023,29.96,"5,347,415",29.48,30.09,29.42
05/08/2023,29.75,"3,942,913",29.8,29.9,29.61
05/05/2023,29.67,"3,053,255",29.29,29.82,29.2
05/04/2023,29.01,"3,873,678",29.1,29.415,28.805
05/03/2023,29.28,"7,747,324",29.15,29.965,29.13
05/02/2023,29.06,"5,264,676",29.57,29.65,28.61
05/01/2023,29.75,"5,107,762",30.13,30.54,29.735
04/28/2023,29.91,"5,863,301",29.785,30.21,29.18
04/27/2023,29.39,"4,670,396",29.21,29.57,29.12
04/26/2023,29.19,"4,003,386",29.92,29.93,29.03
04/25/2023,29.89,"4,108,741",30.44,30.44,29.85
04/24/2023,30.6,"2,993,205",30.88,30.92,30.24
04/21/2023,31.03,"2,384,980",31.26,31.26,30.7845
04/20/2023,31.15,"3,042,693",31.21,31.43,31.0325
04/19/2023,31.47,"2,623,658",31.19,31.755,31.06
04/18/2023,31.42,"2,593,161",31.49,31.65,31.235
04/17/2023,31.52,"3,375,561",31.07,31.59,31.0
04/14/2023,31.08,"3,805,609",31.21,31.33,30.65
04/13/2023,31.18,"3,277,726",30.69,31.25,30.38
04/12/2023,30.58,"3,800,394",31.25,31.305,30.56
04/11/2023,30.87,"3,239,587",30.4,31.105,30.37
04/10/2023,30.43,"3,823,415",29.99,30.54,29.95
04/06/2023,29.85,"2,918,732",29.59,30.02,29.5
04/05/2023,29.58,"4,757,911",29.71,29.81,29.45
04/04/2023,29.95,"2,934,660",30.06,30.1,29.76
04/03/2023,30.0,"3,240,233",30.11,30.34,29.68
03/31/2023,30.13,"6,330,228",29.39,30.155,29.35
03/30/2023,29.25,"3,831,831",29.34,29.48,29.04
03/29/2023,29.07,"3,482,637",28.81,29.12,28.61
03/28/2023,28.42,"2,817,752",28.54,28.71,28.35
03/27/2023,28.7,"3,347,634",28.75,28.855,28.415
03/24/2023,28.54,"3,625,399",28.01,28.54,27.65
03/23/2023,28.3,"3,861,603",28.92,29.105,28.065
03/22/2023,28.81,"3,818,521",29.65,29.8,28.8
03/21/2023,29.84,"3,997,800",30.1,30.18,29.37
03/20/2023,29.84,"4,656,393",29.34,29.895,29.34
03/17/2023,29.21,"9,390,335",29.59,29.82,29.17
03/16/2023,29.76,"4,336,512",29.43,29.91,29.28
03/15/2023,29.59,"4,446,632",29.47,29.885,29.23
03/14/2023,29.99,"4,518,375",30.7,30.86,29.61
03/13/2023,30.16,"4,558,857",29.51,30.385,29.37
03/10/2023,29.86,"3,190,904",30.63,30.63,29.57
03/09/2023,30.43,"2,968,697",30.82,31.27,30.395
03/08/2023,30.77,"3,584,709",30.0,30.88,30.0
03/07/2023,29.99,"4,457,354",30.96,30.97,29.965
03/06/2023,31.03,"3,290,180",31.695,31.79,30.955
03/03/2023,31.66,"3,069,544",31.72,31.75,31.35
03/02/2023,31.35,"3,974,139",31.29,31.44,31.08
03/01/2023,31.68,"4,393,134",31.07,31.775,31.0
02/28/2023,31.25,"7,348,585",30.87,31.4289,30.87
02/27/2023,30.9,"3,244,844",31.48,31.61,30.81
02/24/2023,30.87,"2,921,304",30.56,30.965,30.46
02/23/2023,31.06,"2,995,291",31.08,31.35,30.76
02/22/2023,30.84,"3,091,383",30.76,31.18,30.68
02/21/2023,30.77,"4,310,229",31.9,31.9,30.56
02/17/2023,32.2,"4,072,136",32.33,32.36,31.78
02/16/2023,32.44,"3,390,342",32.37,32.9,32.23
02/15/2023,32.85,"3,034,612",32.52,32.88,32.43
02/14/2023,32.77,"3,675,158",33.15,33.33,32.64
02/13/2023,34.2,"4,402,252",33.71,34.275,33.56
02/10/2023,33.64,"3,950,012",33.7,33.85,33.42
02/09/2023,33.81,"3,438,929",34.25,34.34,33.585
02/08/2023,34.04,"5,360,084",34.05,34.565,33.87
02/07/2023,34.31,"4,252,732",33.89,34.35,33.58
02/06/2023,34.25,"5,842,304",34.56,34.62,33.7
02/03/2023,35.27,"3,786,836",35.22,35.535,35.035
02/02/2023,35.71,"4,560,537",35.4,36.0,35.38
02/01/2023,35.01,"5,206,213",34.2,35.03,33.98
01/31/2023,34.43,"4,210,711",33.87,34.45,33.75
01/30/2023,33.8,"5,741,458",34.06,34.27,33.57
01/27/2023,34.32,"5,075,649",33.65,34.39,33.35
01/26/2023,33.65,"5,520,462",33.17,33.7,33.04
01/25/2023,32.75,"4,994,864",32.03,32.81,31.745
01/24/2023,32.2,"3,078,388",32.3,32.51,31.84
01/23/2023,32.36,"5,049,823",32.35,32.62,32.1172
01/20/2023,32.03,"18,341,420",31.17,32.26,30.95
01/19/2023,31.1,"3,673,433",31.2,31.4275,30.83
01/18/2023,31.33,"5,071,752",31.655,31.945,31.19
01/17/2023,31.71,"3,636,684",31.89,32.125,31.62
01/13/2023,31.82,"3,802,832",31.56,31.91,31.29
01/12/2023,32.13,"4,633,640",32.15,32.3,31.49
01/11/2023,31.94,"4,749,471",31.03,32.015,30.93
01/10/2023,30.86,"3,696,023",31.3,31.3,30.36
01/09/2023,31.42,"2,511,089",31.6,31.89,31.42
01/06/2023,31.61,"2,890,582",30.57,31.755,30.54
01/05/2023,30.3,"2,976,238",30.75,30.85,30.2
01/04/2023,31.23,"3,287,727",31.06,31.445,31.025
01/03/2023,30.86,"2,939,061",31.25,31.42,30.625
12/30/2022,31.0,"3,166,563",31.03,31.1799,30.61
12/29/2022,31.32,"1,846,148",30.84,31.3769,30.84
12/28/2022,30.63,"2,244,117",31.41,31.6,30.59
12/27/2022,31.47,"2,265,997",31.37,31.665,31.27
12/23/2022,31.49,"1,932,785",31.05,31.545,30.91
12/22/2022,31.05,"2,626,946",30.8,31.07,30.34
12/21/2022,31.11,"2,675,330",31.04,31.44,30.75
12/20/2022,30.91,"2,774,075",30.64,31.1,30.4
12/19/2022,30.83,"3,044,709",31.29,31.605,30.5801
12/16/2022,31.3,"7,854,138",31.28,31.6,30.805
12/15/2022,31.76,"3,745,447",32.11,32.19,31.34
12/14/2022,32.67,"4,734,577",32.73,33.21,32.53
12/13/2022,32.89,"4,304,609",33.46,33.91,32.68
12/12/2022,32.32,"4,454,763",31.58,32.42,31.425
12/09/2022,31.48,"2,121,747",31.62,31.99,31.47
12/08/2022,31.67,"2,741,005",31.8,32.1,31.535
12/07/2022,31.69,"3,515,988",31.04,31.88,30.9
12/06/2022,31.02,"3,435,616",31.55,31.64,30.74
12/05/2022,31.52,"4,564,912",32.05,32.05,31.335
12/02/2022,32.42,"2,565,506",31.8,32.49,31.595
12/01/2022,32.28,"4,201,856",32.82,33.07,31.94
11/30/2022,32.71,"7,353,860",31.72,32.84,31.14
11/29/2022,31.76,"2,987,219",31.32,31.865,31.03
11/28/2022,31.21,"2,711,930",32.0,32.12,31.115
11/25/2022,32.31,"1,130,264",32.15,32.489,32.15
11/23/2022,32.15,"1,632,623",32.1,32.325,31.94
11/22/2022,32.31,"3,099,556",32.25,32.42,32.055
11/21/2022,32.02,"3,973,405",32.21,32.23,31.95
11/18/2022,32.27,"2,252,804",32.58,32.72,31.9648
11/17/2022,32.02,"1,892,833",31.51,32.05,31.51
11/16/2022,32.07,"2,643,975",32.43,32.47,31.86
11/15/2022,32.74,"4,174,759",32.91,33.12,32.415
11/14/2022,32.34,"2,806,120",32.9,33.0,32.32
11/11/2022,33.09,"2,868,806",32.94,33.4,32.845
11/10/2022,32.86,"4,965,691",31.33,32.99,31.25
11/09/2022,30.06,"2,877,173",30.87,31.075,29.97
11/08/2022,31.02,"2,908,259",30.99,31.18,30.7
11/07/2022,30.96,"2,572,305",30.49,31.04,30.3
11/04/2022,30.28,"2,929,327",29.76,30.3,29.44
11/03/2022,29.39,"2,870,355",29.25,29.76,28.9
11/02/2022,29.66,"4,571,413",30.3,30.94,29.63
11/01/2022,30.39,"3,363,701",31.3,31.5,30.23
10/31/2022,30.93,"5,608,782",30.7,31.16,30.25
10/28/2022,31.1,"4,569,917",30.18,31.69,30.0
10/27/2022,31.01,"4,136,035",31.24,31.51,30.98
10/26/2022,30.96,"4,010,763",30.93,31.315,30.62
10/25/2022,30.91,"5,408,872",30.06,30.94,30.06
10/24/2022,30.06,"3,499,454",30.14,30.5,29.93
10/21/2022,29.96,"5,677,583",28.94,30.01,28.8
10/20/2022,28.94,"3,969,001",29.13,29.48,28.85
10/19/2022,29.05,"4,219,899",29.46,29.54,28.715
10/18/2022,29.85,"4,548,978",30.3,30.65,29.52
10/17/2022,29.76,"5,045,917",29.56,30.09,29.55
10/14/2022,29.0,"4,346,998",30.15,30.255,28.97
10/13/2022,29.8,"4,317,570",28.75,30.01,28.7
10/12/2022,29.39,"3,265,665",29.44,29.64,29.2
10/11/2022,29.46,"6,531,771",28.73,29.75,28.54
10/10/2022,28.87,"3,720,454",28.79,29.11,28.655
10/07/2022,28.66,"3,935,307",28.97,28.995,28.5
10/06/2022,29.17,"4,245,075",29.7,29.9,29.065
10/05/2022,29.81,"4,560,020",29.31,30.015,29.25
10/04/2022,29.89,"4,242,799",29.59,30.04,29.51
10/03/2022,29.37,"6,056,837",28.97,29.6,28.83
09/30/2022,28.56,"7,755,273",28.1,28.815,27.95
09/29/2022,27.75,"6,553,342",27.91,27.91,27.365
09/28/2022,28.19,"5,882,499",28.09,28.34,27.775
09/27/2022,27.81,"4,542,505",28.37,28.49,27.57
09/26/2022,28.2,"4,459,642",28.63,28.72,27.75
09/23/2022,28.99,"4,610,317",28.98,29.0674,28.535
09/22/2022,29.41,"3,691,754",29.8,29.83,29.39
09/21/2022,29.96,"5,310,073",30.05,31.01,29.96
09/20/2022,29.82,"6,651,551",30.77,30.87,29.4912
09/19/2022,31.71,"5,589,498",30.48,31.785,30.42
09/16/2022,30.73,"8,699,119",31.26,31.26,30.6
09/15/2022,31.33,"3,937,448",31.68,32.085,31.32
09/14/2022,31.68,"7,029,054",32.16,32.3,31.37
09/13/2022,32.36,"4,328,291",33.73,33.97,32.26
09/12/2022,34.56,"3,352,870",34.85,35.2,34.46
09/09/2022,34.62,"3,436,542",34.18,34.715,34.06
09/08/2022,33.93,"2,443,984",33.64,34.06,33.27
09/07/2022,33.89,"2,681,984",33.56,34.0,33.33
09/06/2022,33.56,"2,706,429",34.02,34.12,33.49
09/02/2022,33.87,"3,314,673",34.5,34.54,33.73
09/01/2022,34.04,"2,475,281",33.64,34.05,33.56
08/31/2022,34.16,"5,469,466",34.05,34.51,33.9
08/30/2022,33.99,"2,973,101",34.8,34.86,33.915
08/29/2022,34.83,"2,687,697",35.15,35.43,34.79
08/26/2022,35.38,"2,757,594",36.67,36.67,35.36
08/25/2022,36.62,"1,920,359",36.15,36.65,35.95
08/24/2022,36.01,"3,408,700",35.56,36.185,35.46
08/23/2022,35.51,"1,926,099",35.41,35.91,35.29
08/22/2022,35.34,"2,704,886",35.75,35.81,35.274
08/19/2022,36.2,"2,174,417",36.45,36.58,35.975
08/18/2022,36.7,"1,636,851",36.54,36.95,36.47
08/17/2022,36.58,"2,744,714",36.66,36.91,36.445
08/16/2022,37.09,"3,939,776",36.83,37.365,36.825
08/15/2022,36.95,"2,438,815",36.73,36.995,36.47
08/12/2022,36.89,"1,697,288",36.62,36.91,36.51
08/11/2022,36.43,"2,393,298",36.29,36.79,36.21
08/10/2022,36.08,"2,560,032",35.84,36.23,35.59
08/09/2022,35.23,"2,829,540",35.56,35.68,35.08
08/08/2022,35.6,"2,458,641",35.37,35.94,35.36
08/05/2022,35.12,"2,794,162",34.85,35.175,34.69
08/04/2022,35.19,"2,488,274",35.63,35.73,35.11
08/03/2022,35.53,"3,168,935",36.01,36.14,35.32
08/02/2022,35.87,"3,388,722",36.85,36.89,35.85
08/01/2022,36.9,"3,383,404",36.19,37.16,36.02
07/29/2022,36.32,"3,457,453",36.81,37.2,35.62
07/28/2022,36.37,"3,787,062",36.0,36.415,35.95
07/27/2022,35.76,"3,265,456",35.09,35.96,35.09
07/26/2022,35.09,"3,580,933",35.55,35.71,34.83
07/25/2022,35.46,"4,514,807",35.55,35.76,35.285
07/22/2022,35.51,"3,389,229",35.75,35.99,35.29
07/21/2022,35.5,"3,492,589",34.95,35.51,34.835
07/20/2022,35.19,"3,673,679",34.86,35.6,34.56
07/19/2022,35.16,"6,325,892",36.12,36.32,34.69
07/18/2022,34.32,"3,920,277",34.95,35.08,34.15
07/15/2022,34.78,"15,032,260",34.91,35.12,34.57
07/14/2022,34.36,"5,043,368",34.17,34.76,34.09
07/13/2022,34.82,"3,846,115",34.36,35.185,34.18
07/12/2022,34.61,"4,908,131",34.4,35.075,34.39
07/11/2022,34.68,"3,094,457",34.79,35.24,34.53
07/08/2022,35.01,"3,459,444",34.53,35.115,34.52
07/07/2022,34.48,"3,176,792",34.15,34.65,34.115
07/06/2022,33.93,"3,672,585",34.23,34.64,32.91
07/05/2022,34.2,"3,947,258",33.61,34.2,33.17
07/01/2022,33.98,"4,273,883",33.06,34.1,33.01
06/30/2022,33.12,"4,702,578",32.62,33.65,32.5
06/29/2022,33.04,"3,380,022",33.22,33.52,32.57
06/28/2022,33.39,"3,552,699",34.17,34.27,33.3
06/27/2022,33.89,"3,881,835",34.37,34.37,33.76
06/24/2022,34.33,"5,556,127",33.63,34.37,33.16
06/23/2022,33.29,"3,637,170",33.02,33.385,32.72
06/22/2022,33.26,"3,753,515",32.95,33.83,32.95
06/21/2022,33.44,"4,117,106",33.4,33.8,33.14
06/17/2022,32.99,"10,721,690",33.09,33.57,32.67
06/16/2022,32.77,"5,592,895",33.73,34.25,32.58
06/15/2022,34.51,"6,357,506",34.67,35.02,33.91
06/14/2022,34.42,"4,718,232",34.36,34.675,33.975
06/13/2022,34.27,"6,324,516",34.86,35.18,34.02
06/10/2022,35.83,"6,654,425",37.24,37.39,35.81
06/09/2022,37.84,"4,963,851",38.2,38.49,37.805
06/08/2022,38.37,"3,939,176",39.06,39.2,38.175
06/07/2022,39.08,"3,090,552",38.79,39.1,38.24
06/06/2022,38.94,"4,305,650",38.65,39.295,38.445
06/03/2022,38.34,"3,596,964",38.4,38.64,37.99
06/02/2022,38.72,"5,707,080",38.39,39.045,38.27
06/01/2022,38.71,"4,480,181",39.59,39.59,38.46
05/31/2022,39.52,"13,253,070",39.83,40.095,39.375
05/27/2022,40.34,"3,788,452",39.25,40.35,39.245
05/26/2022,38.94,"3,980,872",38.74,39.27,38.71
05/25/2022,38.49,"5,112,317",37.25,38.67,37.25
05/24/2022,37.55,"5,765,863",38.02,38.21,36.695
05/23/2022,38.23,"5,436,090",38.0,38.46,37.64
05/20/2022,37.63,"5,940,542",38.63,38.63,36.85
05/19/2022,37.86,"3,988,358",37.6,38.7,37.5128
05/18/2022,37.92,"3,934,958",39.05,39.14,37.78
05/17/2022,39.38,"3,098,610",38.91,39.39,38.545
05/16/2022,38.18,"4,031,139",38.61,38.76,37.59
05/13/2022,38.71,"3,491,632",38.39,38.97,38.13
05/12/2022,38.22,"4,802,654",37.73,38.31,37.525
05/11/2022,37.79,"4,575,859",38.67,39.03,37.76
05/10/2022,38.72,"4,482,766",39.74,39.83,38.195
05/09/2022,39.22,"4,097,966",39.63,40.34,39.0
05/06/2022,40.14,"3,757,707",40.31,40.46,39.39
05/05/2022,40.65,"4,239,487",42.27,42.41,40.36
05/04/2022,42.22,"4,523,603",41.3,42.33,40.84
05/03/2022,41.17,"4,632,937",40.17,41.47,40.07
05/02/2022,40.05,"5,558,915",41.46,41.82,39.1
04/29/2022,41.22,"5,118,146",41.36,42.86,41.205
04/28/2022,41.9,"3,302,275",41.35,42.1699,40.715
04/27/2022,40.86,"3,395,788",40.94,41.51,40.74
04/26/2022,40.87,"3,540,948",41.62,41.96,40.85
04/25/2022,41.62,"3,581,249",41.31,41.735,40.38
04/22/2022,41.52,"3,652,692",41.64,42.11,41.3
04/21/2022,41.73,"4,517,781",42.48,42.63,41.585
04/20/2022,42.13,"4,632,653",41.61,42.535,41.6
04/19/2022,41.43,"6,888,273",39.98,41.67,39.83
04/18/2022,39.82,"3,581,362",39.45,40.26,39.35
04/14/2022,39.9,"3,334,187",40.17,40.42,39.58
04/13/2022,40.06,"3,740,592",39.75,40.53,39.63
04/12/2022,39.58,"3,150,575",39.25,39.77,39.12
04/11/2022,39.02,"3,780,052",38.63,39.5,38.52
04/08/2022,38.68,"2,716,235",37.94,38.855,37.7
04/07/2022,37.9,"3,800,796",37.51,38.04,37.1
04/06/2022,37.49,"3,246,078",37.67,37.89,37.1463
04/05/2022,37.85,"2,985,137",38.64,38.82,37.73
04/04/2022,38.78,"3,722,950",38.24,38.81,37.955
04/01/2022,38.02,"4,698,785",37.91,38.125,37.3
03/31/2022,37.9,"4,621,381",38.53,38.84,37.82
03/30/2022,38.54,"3,171,832",39.1,39.34,38.3
03/29/2022,39.02,"4,868,026",38.94,39.22,38.425
03/28/2022,38.54,"2,865,245",38.55,38.717,38.314
03/25/2022,38.6,"4,203,788",38.05,38.61,37.47
03/24/2022,38.07,"4,752,700",38.1,38.26,37.77
03/23/2022,38.15,"5,788,253",38.0,38.61,37.685
03/22/2022,38.2,"5,786,505",39.39,39.58,37.96
03/21/2022,39.19,"3,455,840",40.0,40.23,39.01
03/18/2022,39.99,"8,330,130",39.3,40.005,38.91
03/17/2022,39.51,"5,132,647",39.01,39.545,38.92
03/16/2022,39.27,"5,060,363",40.0,40.06,38.34
03/15/2022,39.47,"6,602,578",39.18,39.59,38.84
03/14/2022,38.77,"4,369,947",39.71,40.19,38.47
03/11/2022,39.62,"4,381,227",40.32,40.5,39.48
03/10/2022,40.1,"9,253,886",38.48,40.21,38.455
03/09/2022,38.99,"5,246,434",39.43,39.8,38.84
03/08/2022,38.52,"5,764,071",38.47,39.315,38.19
03/07/2022,38.47,"5,827,677",39.6,39.83,38.465
03/04/2022,39.3,"3,556,940",38.65,39.37,38.57
03/03/2022,39.17,"3,412,529",39.68,39.8,39.02
03/02/2022,39.49,"4,062,338",38.89,39.67,38.76
03/01/2022,38.62,"4,277,334",38.89,39.32,38.22
02/28/2022,38.88,"6,973,463",39.51,39.51,38.24
02/25/2022,39.2,"4,572,457",38.3,39.225,37.95
02/24/2022,38.23,"5,911,143",36.66,38.27,36.46
02/23/2022,37.28,"5,515,809",38.86,38.87,37.08
02/22/2022,38.48,"5,509,897",39.13,39.32,38.04
02/18/2022,39.18,"4,298,973",39.14,39.75,38.85
02/17/2022,39.17,"5,113,752",39.91,40.32,39.01
02/16/2022,41.86,"5,075,429",41.86,42.01,41.58
02/15/2022,41.83,"4,829,492",41.17,42.1,41.16
02/14/2022,40.91,"4,047,410",41.6,41.69,40.77
02/11/2022,41.56,"4,442,611",42.49,42.51,41.29
02/10/2022,41.82,"3,797,610",42.11,42.715,41.595
02/09/2022,42.57,"4,036,695",42.04,43.04,42.04
02/08/2022,41.79,"3,893,187",41.0,41.97,40.86
02/07/2022,40.98,"3,062,000",40.82,41.37,40.365
02/04/2022,40.49,"3,244,058",41.1,41.51,40.475
02/03/2022,41.32,"3,699,062",41.12,41.63,40.73
02/02/2022,41.47,"4,618,571",40.84,41.615,40.61
02/01/2022,40.63,"4,026,123",40.62,40.79,39.76
01/31/2022,40.43,"4,484,495",39.45,40.475,39.28
01/28/2022,39.65,"4,792,775",37.37,39.66,37.3078
01/27/2022,37.89,"5,786,762",38.25,39.17,37.7
01/26/2022,38.08,"3,729,242",38.75,39.38,37.96
01/25/2022,38.47,"4,768,932",38.27,38.75,37.63
01/24/2022,38.85,"5,037,275",37.5,38.88,37.1306
01/21/2022,38.01,"3,763,057",38.4,38.65,37.96
01/20/2022,38.29,"3,041,293",39.25,39.565,38.215
01/19/2022,39.18,"3,046,146",39.53,39.85,39.17
01/18/2022,39.28,"4,261,828",40.64,40.68,38.98
01/14/2022,40.98,"2,977,635",41.38,41.585,40.49
01/13/2022,41.66,"3,151,955",41.26,41.8,41.21
01/12/2022,41.05,"3,371,585",40.73,41.5216,40.64
01/11/2022,40.73,"3,959,982",40.27,40.79,39.875
01/10/2022,40.15,"3,137,381",40.08,40.34,39.59
01/07/2022,40.34,"3,309,914",40.33,40.94,40.16
01/06/2022,40.39,"3,315,205",40.4,40.81,40.07
01/05/2022,40.07,"3,737,606",41.09,41.6,40.03
01/04/2022,41.09,"3,089,766",40.95,41.39,40.75
01/03/2022,40.57,"3,831,124",41.45,41.65,40.46
12/31/2021,41.18,"1,882,695",40.87,41.325,40.76
12/30/2021,40.97,"2,131,800",40.68,41.17,40.61
12/29/2021,40.68,"2,193,815",39.91,40.78,39.82
12/28/2021,39.86,"1,783,311",39.58,39.9692,39.385
12/27/2021,39.66,"2,282,640",38.86,39.67,38.665
12/23/2021,38.64,"2,298,063",38.84,39.05,38.445
12/22/2021,38.83,"2,244,704",38.41,39.04,38.38
12/21/2021,38.46,"4,244,911",38.5,38.97,38.015
12/20/2021,38.13,"5,040,783",39.1,39.19,37.91
12/17/2021,39.64,"8,959,864",39.68,40.34,39.47
12/16/2021,39.63,"3,006,190",39.69,40.21,39.42
12/15/2021,39.47,"4,276,170",39.12,39.65,38.77
12/14/2021,38.89,"5,294,901",40.13,40.13,38.79
12/13/2021,40.05,"2,895,882",39.88,40.315,39.54
12/10/2021,40.02,"3,357,311",39.95,40.2,39.73
12/09/2021,39.75,"3,034,846",39.4,39.95,39.13
12/08/2021,39.48,"2,448,309",39.37,39.66,39.08
12/07/2021,39.35,"3,166,347",38.82,39.54,38.61
12/06/2021,38.46,"3,338,211",38.75,38.96,38.255
12/03/2021,38.33,"2,739,988",38.7,39.16,37.945
12/02/2021,38.51,"3,606,919",37.725,38.67,37.72
12/01/2021,37.64,"3,408,470",38.33,38.97,37.63
11/30/2021,37.61,"7,484,129",38.22,38.9,37.61
11/29/2021,38.75,"3,106,987",38.8,39.15,38.05
11/26/2021,38.42,"2,211,160",38.11,38.67,37.89
11/24/2021,38.98,"2,177,244",38.57,39.05,38.37
11/23/2021,38.54,"2,310,786",39.01,39.16,38.28
11/22/2021,38.85,"3,663,732",38.53,39.31,38.4
11/19/2021,38.04,"3,152,501",37.98,38.605,37.8
11/18/2021,37.94,"2,917,411",38.66,38.8,37.725
11/17/2021,38.52,"4,610,124",38.16,38.63,37.75
11/16/2021,38.36,"5,596,056",37.46,38.57,37.31
11/15/2021,37.41,"4,492,606",37.02,37.59,36.63
11/12/2021,36.93,"1,921,688",36.85,37.12,36.71
11/11/2021,36.81,"2,799,369",36.89,36.95,36.5513
11/10/2021,36.89,"2,701,215",37.44,37.68,35.56
11/09/2021,37.55,"1,932,429",37.66,37.88,37.395
11/08/2021,37.73,"2,679,348",38.78,38.85,37.605
11/05/2021,38.33,"2,885,061",38.74,38.87,38.1301
11/04/2021,38.14,"3,442,481",38.37,38.7825,37.975
11/03/2021,38.27,"7,540,978",35.99,38.41,35.87
11/02/2021,36.15,"4,195,210",37.16,37.41,36.09
11/01/2021,36.98,"4,824,596",35.96,37.1,35.9
10/29/2021,35.72,"5,545,923",36.275,37.28,35.52
10/28/2021,36.4,"3,725,146",35.77,36.42,35.74
10/27/2021,35.71,"3,417,106",36.71,36.76,35.66
10/26/2021,36.76,"3,706,463",37.83,37.97,36.69
10/25/2021,37.73,"4,265,051",37.29,37.81,37.11
10/22/2021,37.14,"4,425,610",36.79,37.3061,36.66
10/21/2021,36.79,"3,189,381",37.31,37.7,36.55
10/20/2021,37.31,"3,398,833",36.87,37.48,36.86
10/19/2021,36.77,"3,827,894",37.21,37.381,36.5835
10/18/2021,36.97,"2,642,717",36.97,37.37,36.85
10/15/2021,37.24,"3,111,524",38.04,38.09,37.185
10/14/2021,37.55,"3,713,081",37.54,37.87,37.295
10/13/2021,37.4,"3,835,201",37.33,37.66,36.99
10/12/2021,37.43,"4,909,315",37.36,38.29,37.32
10/11/2021,37.26,"3,777,848",36.45,37.38,36.4
10/08/2021,36.26,"2,795,573",36.08,36.31,35.97
10/07/2021,35.98,"3,428,694",36.24,36.41,35.91
10/06/2021,35.82,"3,880,756",35.41,36.0,35.03
10/05/2021,35.73,"4,073,388",35.6,35.935,35.29
10/04/2021,35.72,"3,566,337",35.26,35.87,35.26
10/01/2021,35.77,"3,986,495",35.73,36.11,35.3
09/30/2021,35.57,"3,863,905",36.86,36.94,35.56
09/29/2021,36.58,"2,968,700",36.65,36.78,36.26
09/28/2021,36.55,"3,271,141",36.81,36.96,36.46
09/27/2021,37.1,"3,261,390",37.22,37.585,37.06
09/24/2021,37.19,"4,212,819",37.22,37.66,37.137
09/23/2021,37.26,"5,446,595",36.75,37.57,36.75
09/22/2021,36.41,"4,624,216",35.89,36.59,35.54
09/21/2021,35.26,"3,914,057",35.83,35.93,35.23
09/20/2021,35.74,"5,547,803",35.45,35.87,35.21
09/17/2021,36.17,"7,344,656",35.78,36.34,35.7
09/16/2021,35.69,"4,522,761",35.01,35.73,34.93
09/15/2021,35.04,"3,958,645",33.97,35.08,33.97
09/14/2021,34.09,"2,673,500",34.73,34.77,33.99
09/13/2021,34.55,"2,525,484",35.12,35.12,34.455
09/10/2021,34.71,"2,488,761",35.05,35.24,34.68
09/09/2021,34.87,"3,371,799",35.14,35.56,34.85
09/08/2021,35.35,"4,536,291",35.79,35.855,35.14
09/07/2021,36.13,"4,026,011",36.46,36.56,36.0
09/03/2021,36.64,"3,476,066",36.41,36.71,36.065
09/02/2021,36.58,"3,076,579",36.35,36.59,36.09
09/01/2021,36.32,"3,818,054",36.45,36.55,36.01
08/31/2021,36.0,"4,343,986",36.23,36.3,35.69
08/30/2021,36.27,"2,976,951",36.03,36.345,35.76
08/27/2021,35.95,"2,843,998",35.25,36.1,35.12
08/26/2021,35.2,"2,572,622",35.35,35.44,34.995
08/25/2021,35.26,"2,633,189",34.96,35.43,34.66
08/24/2021,34.86,"2,572,744",34.67,35.0,34.5
08/23/2021,34.53,"2,260,318",34.47,34.58,34.095
08/20/2021,34.16,"2,093,569",33.77,34.32,33.69
08/19/2021,33.91,"3,637,179",33.34,34.03,33.2813
08/18/2021,33.8,"2,603,864",33.9,34.52,33.681
08/17/2021,33.88,"2,333,256",34.26,34.28,33.61
08/16/2021,34.68,"2,268,218",34.5,34.8075,34.23
08/13/2021,34.82,"2,444,538",35.08,35.13,34.71
08/12/2021,35.02,"2,644,850",35.44,35.85,34.775
08/11/2021,35.33,"3,051,028",34.76,35.41,34.5
08/10/2021,34.61,"2,905,720",34.13,35.02,33.96
08/09/2021,34.13,"3,832,915",34.55,34.63,34.11
08/06/2021,34.55,"2,971,728",34.63,34.83,34.39
08/05/2021,34.48,"3,359,043",34.3,34.605,33.99
08/04/2021,34.04,"3,075,251",34.52,34.62,34.01
08/03/2021,34.54,"3,059,310",34.4,34.57,34.02
08/02/2021,34.22,"4,163,089",33.74,34.58,33.72
07/30/2021,33.73,"6,043,035",34.12,34.77,33.47
07/29/2021,34.83,"4,149,669",34.57,35.14,34.57
07/28/2021,34.37,"3,889,957",34.97,35.02,34.31
07/27/2021,34.85,"3,337,522",35.01,35.01,34.52
07/26/2021,34.66,"2,687,883",34.58,34.83,34.27
07/23/2021,34.58,"2,945,168",34.39,34.67,34.07
07/22/2021,34.17,"3,486,499",34.0,34.19,33.4
07/21/2021,34.08,"3,807,583",33.89,34.2826,33.85
07/20/2021,33.65,"4,337,784",33.07,33.77,32.66
07/19/2021,32.95,"5,627,478",33.05,33.4,32.645
07/16/2021,34.02,"4,637,728",34.63,34.82,33.935
07/15/2021,34.63,"3,671,289",34.82,35.04,34.405
07/14/2021,34.7,"5,126,537",34.47,34.85,34.26
07/13/2021,34.61,"4,209,149",35.5,35.69,34.49
07/12/2021,35.65,"2,522,692",35.68,35.93,35.49
07/09/2021,35.82,"5,387,243",35.31,35.92,35.17
07/08/2021,35.04,"7,197,264",34.34,35.39,34.1
07/07/2021,34.84,"6,738,052",33.79,34.985,33.79
07/06/2021,33.97,"7,477,829",34.16,34.24,33.55
07/02/2021,34.31,"3,790,897",34.49,34.675,34.22
07/01/2021,34.33,"3,764,071",34.5,34.67,34.04
06/30/2021,34.42,"4,822,096",34.0,34.48,33.9458
06/29/2021,34.14,"2,884,977",34.08,34.5531,34.0
06/28/2021,34.0,"4,496,180",34.25,34.3,33.69
06/25/2021,34.29,"5,038,516",34.22,34.59,34.11
06/24/2021,34.23,"4,985,126",34.33,34.39,33.92
06/23/2021,33.92,"3,934,742",34.15,34.36,33.86
06/22/2021,34.13,"4,008,009",34.32,34.365,33.92
06/21/2021,34.26,"4,646,266",33.61,34.36,33.55
06/18/2021,33.41,"8,558,109",33.59,33.95,33.38
06/17/2021,34.04,"5,566,108",34.32,34.42,33.331
06/16/2021,34.38,"5,193,990",34.73,34.99,34.33
06/15/2021,34.67,"5,368,759",34.43,34.79,34.0101
06/14/2021,34.53,"7,715,984",35.3,35.38,34.22
06/11/2021,35.32,"5,731,921",34.97,35.4225,34.86
06/10/2021,35.0,"6,748,311",36.19,36.2,34.975
06/09/2021,36.03,"5,570,982",35.83,36.3,35.3
06/08/2021,35.57,"7,523,992",35.81,35.92,35.45
06/07/2021,35.7,"6,607,726",36.02,36.18,35.65
06/04/2021,36.01,"7,619,464",36.54,36.78,35.815
06/03/2021,36.29,"6,950,675",37.23,37.34,36.225
06/02/2021,37.76,"5,697,015",38.87,38.87,37.57
06/01/2021,38.64,"4,566,270",38.24,38.7268,37.99
05/28/2021,37.96,"4,410,910",38.56,38.69,37.705
05/27/2021,38.32,"9,088,144",38.0,38.64,37.985
05/26/2021,37.93,"6,129,198",37.59,38.1684,37.5
05/25/2021,37.26,"4,092,870",37.25,37.73,37.08
05/24/2021,37.15,"3,079,295",37.35,37.45,37.02
05/21/2021,37.04,"4,788,124",37.24,37.435,36.925
05/20/2021,37.12,"5,639,269",37.24,37.49,36.715
05/19/2021,37.28,"12,024,810",36.46,37.32,35.58
05/18/2021,37.32,"7,535,651",38.18,38.18,37.23
05/17/2021,38.07,"4,441,355",38.23,38.305,37.84
05/14/2021,38.31,"4,172,837",38.32,38.75,38.16
05/13/2021,38.12,"4,582,553",37.92,38.5,37.64
05/12/2021,37.62,"6,169,623",39.57,39.57,37.5
05/11/2021,39.64,"6,147,161",40.1,40.24,39.11
05/10/2021,40.79,"6,567,088",40.25,41.68,40.08
05/07/2021,40.0,"5,523,951",39.54,40.18,39.36
05/06/2021,39.22,"5,737,157",38.62,39.275,38.38
05/05/2021,38.56,"4,999,948",39.21,39.275,38.42
05/04/2021,39.19,"5,760,344",39.49,39.75,38.925
05/03/2021,39.37,"6,368,381",38.94,39.68,38.23
04/30/2021,38.77,"11,960,750",38.35,38.915,37.02
04/29/2021,39.64,"5,712,024",40.27,40.56,39.28
04/28/2021,39.77,"6,460,716",39.33,40.115,39.31
04/27/2021,39.38,"5,912,075",39.44,39.88,39.04
04/26/2021,38.84,"6,518,071",39.28,39.625,38.73
04/23/2021,38.2,"4,895,887",38.2,38.53,38.0
04/22/2021,37.83,"5,159,129",38.19,38.43,37.715
04/21/2021,38.2,"4,629,839",38.4,38.5,37.98
04/20/2021,38.38,"4,391,081",38.71,39.22,38.095
04/19/2021,38.88,"4,544,665",39.4,39.785,38.78
04/16/2021,39.32,"3,904,440",38.8,39.48,38.78
04/15/2021,38.51,"3,442,483",38.27,38.74,38.1
04/14/2021,38.02,"4,457,697",37.37,38.49,37.17
04/13/2021,37.42,"4,003,661",37.36,37.47,37.0
04/12/2021,37.31,"4,097,470",37.58,37.8,36.86
04/09/2021,37.54,"3,448,104",37.0,37.65,36.93
04/08/2021,37.03,"2,698,003",36.84,37.22,36.695
04/07/2021,36.83,"4,567,235",37.17,37.27,36.44
04/06/2021,37.14,"4,729,354",36.7,37.28,36.56
04/05/2021,36.74,"5,538,468",37.01,37.28,36.52
04/01/2021,36.84,"3,794,001",35.99,36.88,35.9
03/31/2021,35.6,"4,275,477",35.37,36.21,35.21
03/30/2021,35.45,"2,318,046",35.27,35.72,34.95
03/29/2021,35.21,"2,817,159",35.32,35.83,34.81
03/26/2021,35.44,"3,943,729",35.0,35.51,34.68
03/25/2021,34.79,"3,848,281",33.66,34.85,33.43
03/24/2021,33.81,"3,524,841",33.63,34.49,33.51
03/23/2021,33.56,"3,242,944",34.54,35.01,33.415
03/22/2021,34.29,"3,708,518",33.79,34.52,33.44
03/19/2021,33.88,"7,337,885",34.39,34.66,33.805
03/18/2021,34.47,"3,895,869",35.97,36.07,34.37
03/17/2021,36.15,"4,903,908",35.5,36.15,35.1
03/16/2021,35.63,"3,760,147",36.05,36.1,35.56
03/15/2021,36.09,"3,649,401",35.8,36.115,35.15
03/12/2021,35.91,"4,776,793",35.73,35.95,35.35
03/11/2021,35.67,"3,805,935",35.51,36.17,35.47
03/10/2021,35.54,"3,655,688",34.79,35.82,34.64
03/09/2021,34.39,"4,032,166",34.37,34.765,34.31
03/08/2021,34.04,"3,715,251",33.94,34.75,33.68
03/05/2021,33.76,"6,674,004",33.09,33.85,31.795
03/04/2021,32.81,"6,434,796",33.32,33.91,32.325
03/03/2021,33.53,"5,190,811",33.95,34.16,33.33
03/02/2021,33.79,"5,818,897",35.0,35.0,33.78
03/01/2021,35.06,"4,833,404",34.42,35.53,34.42
02/26/2021,33.87,"6,625,801",34.38,34.81,33.73
02/25/2021,34.42,"6,591,736",35.73,36.215,34.34
02/24/2021,35.9,"5,052,308",34.85,35.98,34.84
02/23/2021,35.03,"4,866,570",35.53,35.55,34.49
02/22/2021,35.48,"5,158,935",35.03,35.85,34.811
02/19/2021,34.99,"4,216,614",33.92,35.38,33.8065
02/18/2021,33.81,"3,435,630",34.15,34.25,33.58
02/17/2021,34.16,"3,181,904",34.72,34.85,33.815
02/16/2021,34.89,"4,276,497",35.16,35.62,34.73
02/12/2021,35.04,"4,860,697",34.06,35.13,34.0
02/11/2021,34.25,"3,182,670",34.47,34.52,33.75
02/10/2021,34.4,"3,067,829",34.77,34.83,34.17
02/09/2021,34.57,"3,781,218",35.15,35.23,34.5421
02/08/2021,35.16,"4,473,250",34.63,35.19,34.427
02/05/2021,34.4,"3,895,213",34.16,34.5621,33.85
02/04/2021,33.96,"4,843,300",33.91,34.305,33.54
02/03/2021,33.99,"8,832,640",32.53,34.02,32.32
02/02/2021,32.45,"4,107,344",32.25,32.51,31.745
02/01/2021,32.04,"5,694,956",31.42,32.05,30.87
01/29/2021,31.19,"7,554,966",32.6,33.1,30.97
01/28/2021,33.02,"4,746,376",32.47,33.3,32.28
01/27/2021,32.2,"5,528,094",32.76,33.1,31.56
01/26/2021,33.14,"4,191,544",33.6,33.86,33.13
01/25/2021,33.5,"5,690,078",33.22,33.76,33.12
01/22/2021,33.21,"6,098,821",33.17,33.3595,32.565
01/21/2021,33.34,"5,861,817",33.3,33.535,33.032
01/20/2021,33.54,"3,678,068",32.74,33.665,32.6
01/19/2021,32.7,"2,997,687",32.73,32.98,32.44
01/15/2021,32.52,"2,512,118",32.39,32.65,31.885
01/14/2021,32.67,"3,286,866",32.5,33.11,32.27
01/13/2021,32.16,"4,096,610",32.74,33.02,32.095
01/12/2021,32.71,"3,958,250",33.0,33.18,32.56
01/11/2021,33.1,"4,554,059",33.01,33.4,32.9
01/08/2021,33.38,"4,376,023",33.81,34.36,33.24
01/07/2021,33.61,"3,984,726",33.5,33.81,33.3
01/06/2021,33.29,"5,602,271",33.23,33.59,32.925
01/05/2021,33.12,"3,908,983",32.87,33.32,32.805
01/04/2021,32.81,"4,859,063",33.53,33.67,32.6
12/31/2020,33.53,"2,633,355",33.68,33.73,33.19
12/30/2020,33.65,"2,128,928",33.41,34.01,33.24
12/29/2020,33.33,"1,988,062",33.83,34.03,33.26
12/28/2020,33.71,"2,541,694",34.0,34.08,33.57
12/24/2020,33.85,"1,135,353",33.71,33.88,33.5
12/23/2020,33.61,"4,237,836",33.76,34.3,33.58
12/22/2020,33.35,"2,312,628",33.48,33.65,33.08
12/21/2020,33.33,"3,345,273",33.17,33.53,32.78
12/18/2020,33.74,"7,757,013",34.39,34.5,33.5
12/17/2020,34.46,"5,326,566",34.0,34.705,33.95
12/16/2020,33.9,"4,375,729",33.67,33.98,33.445
12/15/2020,33.56,"5,407,883",32.47,33.56,32.47
12/14/2020,32.36,"4,789,981",32.27,33.0,32.14
12/11/2020,32.0,"4,051,446",31.4,32.06,31.2532
12/10/2020,31.75,"5,125,549",31.54,31.76,31.19
12/09/2020,31.71,"7,236,242",31.07,31.79,30.92
12/08/2020,30.8,"4,664,899",30.05,31.02,29.885
12/07/2020,30.23,"3,579,566",30.72,30.72,29.83
12/04/2020,30.72,"7,325,885",30.0,31.05,29.92
12/03/2020,29.49,"5,563,608",28.84,29.7753,28.81
12/02/2020,28.89,"2,554,039",29.12,29.12,28.545
12/01/2020,29.27,"3,523,387",29.31,29.5,28.99
11/30/2020,29.04,"6,034,708",28.67,29.06,28.25
11/27/2020,28.71,"1,440,706",29.2,29.25,28.565
11/25/2020,29.13,"2,729,024",29.14,29.2106,28.68
11/24/2020,29.24,"3,613,220",29.46,29.47,29.14
11/23/2020,29.11,"3,498,730",28.9,29.31,28.59
11/20/2020,28.75,"4,618,270",29.09,29.4,28.57
11/19/2020,29.02,"2,638,302",28.76,29.05,28.45
11/18/2020,28.78,"2,651,878",29.13,29.53,28.77
11/17/2020,29.18,"2,881,817",29.04,29.375,28.695
11/16/2020,29.36,"2,590,501",29.59,29.71,29.105
11/13/2020,29.14,"4,065,841",28.05,29.19,27.96
11/12/2020,27.75,"4,383,688",28.33,28.6,27.4999
11/11/2020,28.39,"5,141,043",28.04,28.81,27.585
11/10/2020,27.78,"5,834,016",27.92,28.03,27.4
11/09/2020,28.14,"7,114,191",30.0,30.38,28.08
11/06/2020,28.28,"3,129,058",28.85,28.8852,28.15
11/05/2020,28.8,"3,181,165",28.84,29.265,28.68
11/04/2020,28.48,"3,221,352",28.5,28.87,28.09
11/03/2020,28.39,"4,439,642",28.56,28.75,28.13
11/02/2020,28.12,"5,033,475",27.81,28.26,27.57
10/30/2020,27.29,"6,824,277",28.15,28.27,26.57
10/29/2020,28.41,"4,253,090",27.33,28.63,27.157
10/28/2020,27.43,"5,201,405",26.91,27.675,26.7005
10/27/2020,27.56,"3,098,957",28.37,28.47,27.535
10/26/2020,28.45,"4,065,333",29.06,29.25,28.21
10/23/2020,29.43,"2,703,974",29.35,29.56,28.98
10/22/2020,29.11,"4,677,259",29.88,29.93,29.1
10/21/2020,29.86,"4,301,105",30.08,30.39,29.78
10/20/2020,30.11,"4,736,599",29.68,30.2,29.4805
10/19/2020,29.3,"3,596,669",29.67,29.88,29.16
10/16/2020,29.53,"2,871,865",29.85,29.89,29.445
10/15/2020,29.79,"3,238,275",28.93,29.84,28.79
10/14/2020,29.26,"2,562,561",29.39,29.77,29.25
10/13/2020,29.31,"2,486,291",29.43,29.65,29.15
10/12/2020,29.7,"2,437,862",29.42,29.85,29.205
10/09/2020,29.32,"4,259,288",30.51,30.54,29.165
10/08/2020,30.26,"3,055,803",29.71,30.28,29.55
10/07/2020,29.52,"2,986,249",29.39,29.75,29.36
10/06/2020,28.99,"4,685,966",30.0,30.0,28.93
10/05/2020,29.73,"3,270,126",29.21,29.84,29.11
10/02/2020,29.11,"4,856,387",28.09,29.27,27.93
10/01/2020,28.79,"4,168,383",28.68,28.95,28.245
09/30/2020,28.52,"5,067,956",28.21,28.82,28.12
09/29/2020,28.05,"2,999,647",28.41,28.605,27.85
09/28/2020,28.31,"3,425,448",28.01,28.41,27.61
09/25/2020,27.28,"2,876,406",26.71,27.37,26.55
09/24/2020,26.98,"3,549,017",26.85,27.435,26.51
09/23/2020,26.85,"4,088,154",27.78,27.855,26.75
09/22/2020,27.72,"4,635,435",26.98,27.815,26.81
09/21/2020,26.85,"5,139,132",27.17,27.25,26.62
09/18/2020,27.73,"6,933,914",28.32,28.83,27.725
09/17/2020,28.68,"3,870,523",28.55,28.885,28.21
09/16/2020,28.93,"4,938,917",28.92,29.22,28.39
09/15/2020,28.76,"4,344,912",29.0,29.155,28.505
09/14/2020,28.93,"3,168,850",28.83,28.98,28.55
09/11/2020,28.43,"3,521,639",28.66,28.82,28.17
09/10/2020,28.55,"4,394,639",28.72,29.24,28.49
09/09/2020,28.69,"4,624,572",28.39,29.125,28.24
09/08/2020,28.09,"5,727,632",28.65,28.76,27.95
09/04/2020,29.04,"5,325,647",29.97,30.1815,28.71
09/03/2020,29.78,"7,682,724",30.99,31.0,29.535
09/02/2020,30.78,"7,513,170",30.75,30.81,30.1605
09/01/2020,30.78,"3,424,036",30.16,30.87,29.85
08/31/2020,30.31,"5,436,878",30.89,30.9,30.085
08/28/2020,30.89,"6,167,708",30.27,31.16,30.04
08/27/2020,30.16,"6,651,465",29.55,30.2,29.48
08/26/2020,29.36,"4,157,476",29.15,29.55,28.985
08/25/2020,29.15,"4,868,233",29.33,29.34,28.7
08/24/2020,29.21,"4,933,069",29.1,29.22,28.84
08/21/2020,28.82,"4,295,516",29.06,29.175,28.82
08/20/2020,29.0,"5,168,005",28.76,29.405,28.7
08/19/2020,28.97,"5,322,749",28.92,29.42,28.91
08/18/2020,28.88,"3,022,994",29.06,29.34,28.84
08/17/2020,28.96,"4,833,514",28.39,29.235,28.26
08/14/2020,28.36,"3,547,749",28.52,28.59,28.12
08/13/2020,28.5,"3,021,771",29.06,29.1436,28.41
08/12/2020,29.2,"2,876,722",29.08,29.33,28.925
08/11/2020,28.89,"4,798,954",29.15,29.605,28.83
08/10/2020,28.81,"6,062,522",28.39,28.85,28.28
08/07/2020,28.35,"3,187,121",27.93,28.36,27.81
08/06/2020,28.01,"3,524,434",28.12,28.455,27.765
08/05/2020,28.35,"4,134,411",28.26,28.5,28.18
08/04/2020,27.83,"6,488,205",27.8,27.95,27.49
08/03/2020,28.0,"4,839,149",27.41,28.18,27.31
07/31/2020,27.81,"11,492,040",28.77,29.03,27.41
07/30/2020,28.4,"6,535,692",27.85,28.435,27.47
07/29/2020,28.35,"5,825,434",27.44,28.44,27.28
07/28/2020,27.25,"5,673,988",27.42,27.48,26.98
07/27/2020,27.48,"6,734,656",26.29,27.64,26.12
07/24/2020,26.11,"5,207,002",26.33,26.43,25.82
07/23/2020,26.41,"4,513,149",25.98,26.73,25.9
07/22/2020,26.11,"4,188,326",25.5,26.185,25.5
07/21/2020,25.68,"4,942,393",25.86,26.03,25.58
07/20/2020,25.63,"3,437,118",25.73,25.95,25.59
07/17/2020,25.95,"5,519,542",25.42,25.99,25.28
07/16/2020,25.14,"4,318,115",24.93,25.475,24.47
07/15/2020,25.06,"6,422,535",24.93,25.19,24.68
07/14/2020,24.46,"5,215,775",23.76,24.53,23.61
07/13/2020,23.75,"6,245,687",23.96,24.425,23.7
07/10/2020,23.69,"8,283,078",22.73,23.72,22.62
07/09/2020,22.61,"5,045,774",22.54,22.83,22.32
07/08/2020,22.67,"4,239,605",22.35,22.76,22.12
07/07/2020,22.2,"4,030,022",22.25,22.5,22.03
07/06/2020,22.57,"3,782,860",22.87,22.94,22.44
07/02/2020,22.24,"4,237,502",22.66,23.225,22.16
07/01/2020,22.2,"2,807,420",22.6,22.69,22.02
06/30/2020,22.46,"4,171,174",22.21,22.61,22.08
06/29/2020,22.18,"3,251,772",21.81,22.27,21.49
06/26/2020,21.49,"6,559,621",21.76,21.92,21.285
06/25/2020,21.99,"4,290,865",21.5,22.02,21.19
06/24/2020,21.75,"6,231,089",22.38,22.6,21.625
06/23/2020,22.77,"7,201,094",22.86,23.0,22.555
06/22/2020,22.52,"7,308,900",22.54,22.745,22.07
06/19/2020,22.7,"16,738,910",22.78,23.125,22.24
06/18/2020,22.41,"6,391,042",22.03,22.55,21.9433
06/17/2020,22.38,"7,383,779",23.14,23.19,22.35
06/16/2020,23.03,"6,497,198",23.14,23.3,22.3
06/15/2020,22.1,"5,687,494",20.86,22.38,20.77
06/12/2020,21.76,"5,595,038",21.64,22.17,21.13
06/11/2020,20.67,"7,939,995",21.33,21.84,20.525
06/10/2020,22.81,"5,035,558",23.55,23.65,22.525
06/09/2020,23.75,"5,468,271",23.39,23.95,23.07
06/08/2020,24.64,"7,837,782",24.15,24.93,24.07
06/05/2020,23.42,"5,856,393",23.48,23.79,23.12
06/04/2020,22.29,"5,030,884",22.07,22.71,21.96
06/03/2020,22.12,"4,155,505",22.17,22.41,22.04
06/02/2020,21.7,"4,757,999",21.34,21.9,21.24
06/01/2020,21.05,"5,384,482",20.22,21.37,20.13
05/29/2020,20.19,"11,299,830",21.13,21.375,19.78
05/28/2020,21.44,"5,640,014",22.13,22.13,21.15
05/27/2020,21.85,"8,324,617",21.89,22.13,21.455
05/26/2020,21.1,"8,447,653",21.0,21.29,20.855
05/22/2020,19.78,"4,152,386",19.45,19.79,19.285
05/21/2020,19.45,"3,835,010",19.36,19.935,19.33
05/20/2020,19.48,"5,274,385",18.77,19.6,18.77
05/19/2020,18.52,"5,516,096",19.04,19.36,18.44
05/18/2020,19.17,"7,346,516",18.21,19.5,18.21
05/15/2020,17.33,"5,329,106",17.16,17.69,16.82
05/14/2020,17.38,"6,867,467",16.72,17.4,16.05
05/13/2020,17.05,"8,312,315",18.05,18.1,17.015
05/12/2020,18.2,"4,733,156",19.37,19.515,18.2
05/11/2020,19.35,"4,936,316",19.56,19.59,18.9708
05/08/2020,19.85,"5,764,502",19.14,19.87,19.05
05/07/2020,18.63,"6,958,224",18.5,19.07,18.38
05/06/2020,18.23,"6,631,233",17.6,18.295,17.585
05/05/2020,17.52,"7,779,968",18.01,18.53,17.48
05/04/2020,17.78,"7,994,841",17.6,18.08,17.145
05/01/2020,17.97,"12,267,490",19.68,19.72,17.67
04/30/2020,21.87,"4,169,459",21.98,22.13,21.23
04/29/2020,22.36,"4,741,414",21.74,22.71,21.66
04/28/2020,21.37,"4,365,110",21.15,21.65,20.92
04/27/2020,20.66,"3,557,578",19.85,20.76,19.85
04/24/2020,19.61,"3,279,473",19.16,19.82,18.96
04/23/2020,18.98,"4,433,831",19.15,19.52,18.87
04/22/2020,19.02,"4,561,208",19.17,19.255,18.8
04/21/2020,18.76,"4,913,240",18.54,19.09,18.47
04/20/2020,19.18,"4,335,410",19.62,19.82,19.17
04/17/2020,20.1,"4,786,979",19.68,20.19,19.68
04/16/2020,18.97,"3,196,258",19.14,19.16,18.39
04/15/2020,19.12,"4,559,641",19.48,19.76,18.75
04/14/2020,20.33,"3,967,529",20.41,20.7499,20.22
04/13/2020,20.1,"4,780,427",20.94,20.94,19.8
04/09/2020,21.01,"7,417,246",20.0,21.27,20.0
04/08/2020,19.46,"6,720,282",17.67,19.56,17.37
04/07/2020,17.29,"7,054,855",18.07,18.83,17.23
04/06/2020,17.1,"8,641,235",16.4,17.34,16.12
04/03/2020,15.34,"6,138,199",15.63,15.97,15.11
04/02/2020,15.84,"7,303,899",15.96,16.48,15.5
04/01/2020,16.12,"9,540,664",15.87,16.32,15.35
03/31/2020,16.95,"10,328,580",16.7,17.22,15.84
03/30/2020,16.95,"6,152,182",17.18,17.59,16.75
03/27/2020,17.2,"5,939,334",17.51,17.96,17.06
03/26/2020,18.28,"6,600,367",17.83,18.57,17.32
03/25/2020,17.72,"7,067,089",16.66,19.265,16.32
03/24/2020,16.88,"8,684,508",14.31,16.9,14.16
03/23/2020,13.47,"9,656,303",14.5,14.69,13.1
03/20/2020,14.76,"10,024,680",16.38,16.45,14.6
03/19/2020,16.14,"8,253,625",16.28,16.76,15.03
03/18/2020,16.25,"7,446,804",17.35,18.05,15.965
03/17/2020,18.95,"6,585,980",17.36,18.95,16.625
03/16/2020,16.95,"7,892,302",19.03,20.07,16.95
03/13/2020,21.92,"9,280,352",20.05,21.92,18.66
03/12/2020,18.66,"9,462,560",20.49,20.662,18.2
03/11/2020,22.46,"9,037,837",23.69,23.83,21.75
03/10/2020,24.43,"5,058,492",24.79,24.99,22.855
03/09/2020,23.95,"7,142,628",24.91,24.91,23.57
03/06/2020,26.6,"6,246,075",26.43,26.88,25.83
03/05/2020,26.96,"5,387,727",27.12,27.461,26.44
03/04/2020,28.35,"5,083,949",27.19,28.36,27.02
03/03/2020,26.73,"5,143,836",27.43,27.92,26.51
03/02/2020,27.44,"6,513,380",26.14,27.44,25.65
02/28/2020,25.98,"9,547,685",25.8,26.05,24.88
02/27/2020,26.37,"6,430,685",26.87,27.48,26.305
02/26/2020,27.4,"4,551,884",28.23,28.61,27.38
02/25/2020,28.07,"4,618,256",29.82,29.84,28.065
02/24/2020,29.76,"3,755,570",30.09,30.25,29.62
02/21/2020,30.73,"3,151,114",30.74,30.82,30.29
02/20/2020,30.87,"3,331,680",30.28,30.94,30.15
02/19/2020,30.37,"3,349,634",30.18,30.62,30.18
02/18/2020,30.12,"3,064,870",30.66,30.66,29.77
02/14/2020,30.66,"2,652,590",30.32,30.66,30.13
02/13/2020,30.25,"3,577,190",29.7,30.445,29.607
02/12/2020,29.75,"4,710,260",29.04,29.98,29.04
02/11/2020,28.9,"3,373,496",28.78,29.03,28.69
02/10/2020,28.65,"3,033,982",28.61,28.66,28.25
02/07/2020,28.58,"4,101,648",28.59,28.61,28.05
02/06/2020,28.65,"2,437,954",29.08,29.13,28.62
02/05/2020,28.92,"4,503,407",28.46,29.13,28.31
02/04/2020,28.18,"7,236,252",28.45,28.53,27.7
02/03/2020,28.22,"5,626,540",29.07,29.09,28.13
01/31/2020,28.95,"10,558,350",29.17,29.58,28.04
01/30/2020,30.07,"4,079,474",29.91,30.105,29.58
01/29/2020,30.1,"3,477,722",30.44,30.57,30.08
01/28/2020,30.39,"3,710,948",30.32,30.5,30.24
01/27/2020,30.17,"3,170,692",30.22,30.3,29.99
01/24/2020,30.53,"2,006,478",30.82,30.84,30.3
01/23/2020,30.82,"1,873,887",30.36,30.84,30.26
01/22/2020,30.49,"2,697,071",30.95,30.97,30.485
01/21/2020,30.8,"3,563,914",30.91,31.06,30.6
01/17/2020,30.98,"4,762,345",31.41,31.58,30.92
01/16/2020,31.3,"2,942,093",31.07,31.33,31.04
01/15/2020,30.93,"3,274,388",30.76,31.09,30.715
01/14/2020,30.64,"3,775,962",30.19,30.67,30.1
01/13/2020,30.25,"4,283,327",29.6,30.26,29.6
01/10/2020,29.57,"3,665,447",29.61,29.7071,29.465
01/09/2020,29.54,"1,670,448",29.3,29.595,29.2136
01/08/2020,29.3,"2,299,876",29.12,29.415,29.0867
01/07/2020,29.19,"2,426,408",29.3,29.49,29.115
01/06/2020,29.38,"2,178,588",29.3,29.52,29.2
01/03/2020,29.44,"3,110,991",29.17,29.575,29.15
01/02/2020,29.39,"4,973,493",30.21,30.235,29.28
12/31/2019,30.2,"2,412,712",29.9,30.21,29.82
12/30/2019,29.93,"2,326,992",29.99,30.01,29.78
12/27/2019,29.98,"1,807,714",30.1,30.1,29.91
12/26/2019,29.99,"1,448,283",29.94,30.035,29.7949
12/24/2019,29.85,"750,349",30.09,30.09,29.83
12/23/2019,30.14,"2,724,561",30.17,30.275,30.09
12/20/2019,30.15,"9,383,900",30.08,30.215,29.86
12/19/2019,30.01,"3,305,008",29.87,30.05,29.8
12/18/2019,29.84,"3,556,467",29.74,30.01,29.57
12/17/2019,29.66,"3,472,439",29.65,29.845,29.54
12/16/2019,29.65,"3,538,570",29.75,29.85,29.465
12/13/2019,29.64,"3,441,193",29.55,29.64,29.325
12/12/2019,29.55,"2,510,130",29.39,29.8,29.25
12/11/2019,29.33,"3,316,059",29.07,29.4,28.98
12/10/2019,29.0,"4,522,449",29.33,29.35,28.88
12/09/2019,29.38,"2,648,181",29.45,29.45,29.225
12/06/2019,29.51,"3,301,513",29.44,29.58,29.35
12/05/2019,29.25,"2,878,843",29.19,29.36,29.09
12/04/2019,29.6,"3,934,224",29.15,29.98,29.15
12/03/2019,29.33,"4,375,425",28.99,29.39,28.93
12/02/2019,29.21,"3,233,717",29.55,29.63,29.16
11/29/2019,29.51,"1,870,270",29.83,29.8792,29.43
11/27/2019,29.75,"2,056,949",29.62,29.8,29.5529
11/26/2019,29.62,"3,943,363",29.41,29.65,29.22
11/25/2019,29.41,"3,914,146",28.99,29.41,28.72
11/22/2019,28.99,"2,347,483",29.04,29.22,28.81
11/21/2019,29.03,"2,741,159",29.44,29.5,28.97
11/20/2019,29.51,"2,551,251",29.69,29.75,29.26
11/19/2019,29.72,"2,537,875",29.69,29.84,29.59
11/18/2019,29.62,"2,320,311",29.38,29.66,29.23
11/15/2019,29.35,"1,991,166",29.28,29.45,29.21
11/14/2019,29.33,"2,242,076",29.0,29.335,28.94
11/13/2019,28.98,"2,344,987",29.24,29.24,28.93
11/12/2019,29.14,"2,665,250",29.54,29.64,29.1
11/11/2019,29.54,"2,019,057",29.58,29.6,29.37
11/08/2019,29.63,"2,340,718",29.26,29.72,29.23
11/07/2019,29.35,"3,621,548",29.63,29.755,29.295
11/06/2019,29.54,"3,407,341",29.69,29.71,29.48
11/05/2019,29.67,"4,402,118",30.15,30.2,29.6
11/04/2019,30.2,"3,354,865",30.01,30.28,29.95
11/01/2019,29.99,"2,820,217",29.3,30.0,29.23
10/31/2019,29.21,"3,517,789",29.94,30.03,29.14
10/30/2019,30.03,"4,294,063",29.61,30.06,29.3414
10/29/2019,29.66,"3,969,481",29.21,29.9,29.14
10/28/2019,29.37,"4,851,069",29.17,29.61,29.09
10/25/2019,29.06,"4,120,153",28.92,29.39,28.6
10/24/2019,29.14,"3,817,759",29.48,29.5,28.885
10/23/2019,29.51,"3,062,619",29.07,29.52,29.03
10/22/2019,29.13,"2,812,982",28.74,29.25,28.58
10/21/2019,28.73,"2,485,380",28.46,28.73,28.45
10/18/2019,28.28,"3,495,449",28.13,28.48,28.0
10/17/2019,28.02,"3,872,767",27.74,28.21,27.71
10/16/2019,27.7,"3,647,386",27.16,27.71,27.16
10/15/2019,27.23,"2,137,547",27.15,27.385,27.11
10/14/2019,27.17,"1,647,808",27.08,27.24,26.94
10/11/2019,27.13,"3,730,022",26.92,27.49,26.91
10/10/2019,26.66,"2,487,934",26.57,26.81,26.51
10/09/2019,26.62,"2,240,220",26.52,26.77,26.5
10/08/2019,26.36,"2,821,497",26.9,26.9,26.24
10/07/2019,27.01,"2,279,630",26.95,27.155,26.78
10/04/2019,27.02,"2,900,421",26.94,27.11,26.805
10/03/2019,26.94,"2,978,808",26.69,26.95,26.35
10/02/2019,26.73,"3,589,033",27.21,27.21,26.51
10/01/2019,27.25,"2,643,571",27.7,27.92,27.24
09/30/2019,27.7,"2,468,346",27.88,27.9825,27.635
09/27/2019,27.79,"2,337,759",28.0,28.065,27.5916
09/26/2019,27.9,"1,755,661",27.91,28.05,27.67
09/25/2019,27.84,"2,593,227",27.54,27.915,27.535
09/24/2019,27.55,"3,001,050",27.69,27.76,27.39
09/23/2019,27.62,"3,082,995",27.41,27.87,27.37
09/20/2019,27.64,"4,976,719",27.89,27.96,27.48
09/19/2019,27.79,"2,277,913",27.81,28.0172,27.66
09/18/2019,27.82,"3,159,878",27.86,27.94,27.64
09/17/2019,27.83,"2,051,987",27.81,27.85,27.3982
09/16/2019,27.59,"3,182,793",27.27,27.62,27.134
09/13/2019,27.41,"4,078,568",27.92,28.06,27.35
09/12/2019,27.87,"3,343,649",28.13,28.21,27.72
09/11/2019,27.99,"3,965,287",27.28,27.995,27.26
09/10/2019,27.34,"3,101,549",26.83,27.42,26.81
09/09/2019,26.88,"3,960,564",26.71,26.935,26.64
09/06/2019,26.71,"4,290,902",26.6,26.83,26.515
09/05/2019,26.59,"3,739,856",26.48,26.79,26.4
09/04/2019,26.62,"3,061,435",26.54,26.72,26.4699
09/03/2019,26.4,"2,833,794",26.19,26.42,26.03
08/30/2019,26.31,"4,557,895",26.15,26.5,26.055
08/29/2019,26.11,"2,982,545",25.85,26.32,25.78
08/28/2019,25.65,"4,236,048",25.01,25.66,24.98
08/27/2019,25.05,"3,278,426",25.64,25.71,25.03
08/26/2019,25.45,"2,517,977",25.25,25.45,25.09
08/23/2019,25.12,"4,285,246",25.54,25.92,25.031
08/22/2019,25.64,"2,374,917",25.58,25.715,25.33
08/21/2019,25.5,"2,687,869",25.26,25.55,25.1
08/20/2019,25.03,"2,583,047",25.19,25.21,24.93
08/19/2019,25.18,"3,058,928",25.33,25.35,25.025
08/16/2019,25.16,"2,966,752",24.84,25.257,24.81
08/15/2019,24.78,"2,657,386",24.52,24.85,24.39
08/14/2019,24.5,"3,057,292",24.89,24.93,24.47
08/13/2019,25.09,"2,918,319",24.7,25.26,24.57
08/12/2019,24.71,"2,651,825",24.79,25.08,24.555
08/09/2019,24.74,"3,535,836",25.04,25.13,24.54
08/08/2019,25.14,"3,244,929",24.68,25.15,24.4317
08/07/2019,24.68,"3,418,172",24.11,24.745,24.02
08/06/2019,24.36,"4,823,873",24.55,24.67,24.085
08/05/2019,24.47,"4,348,119",24.62,24.84,24.25
08/02/2019,25.1,"4,680,911",25.0,25.285,24.88
08/01/2019,25.03,"7,102,956",25.35,25.6,24.98
07/31/2019,25.41,"3,692,392",26.02,26.1,25.26
07/30/2019,26.09,"2,874,748",25.62,26.14,25.4
07/29/2019,25.84,"4,432,745",26.26,26.4256,25.09
07/26/2019,26.21,"4,950,567",25.45,26.395,25.31
07/25/2019,25.07,"4,246,410",25.6,25.62,25.01
07/24/2019,25.54,"2,503,689",25.33,25.58,25.22
07/23/2019,25.37,"2,571,420",25.16,25.4735,25.16
07/22/2019,25.14,"1,643,829",25.15,25.28,25.01
07/19/2019,25.09,"3,063,975",25.11,25.41,25.06
07/18/2019,25.1,"3,041,141",25.26,25.3,24.94
07/17/2019,25.3,"3,497,688",25.66,25.77,25.125
07/16/2019,25.74,"3,419,257",25.47,25.8572,25.34
07/15/2019,25.54,"2,265,431",25.54,25.63,25.36
07/12/2019,25.54,"2,894,143",25.78,25.84,25.385
07/11/2019,25.81,"3,151,743",26.27,26.32,25.61
07/10/2019,26.31,"3,195,184",26.5,26.5,26.19
07/09/2019,26.29,"2,955,026",26.28,26.4017,26.06
07/08/2019,26.43,"3,638,876",26.55,26.625,26.34
07/05/2019,26.61,"2,865,046",26.62,26.67,26.27
07/03/2019,26.85,"1,897,829",26.7,26.88,26.53
07/02/2019,26.52,"3,779,368",26.37,26.55,26.22
07/01/2019,26.4,"5,153,155",26.5,26.67,26.06
06/28/2019,26.34,"5,349,384",25.95,26.455,25.95
06/27/2019,25.97,"4,521,946",25.59,26.16,25.59
06/26/2019,25.45,"6,478,547",25.61,25.74,25.27
06/25/2019,25.56,"6,399,806",25.71,26.035,25.56
06/24/2019,25.83,"6,334,312",26.09,26.215,25.73
06/21/2019,26.15,"9,536,963",26.54,26.55,25.82
06/20/2019,26.56,"7,183,874",26.24,26.63,26.15
06/19/2019,26.06,"6,373,136",26.01,26.18,25.84
06/18/2019,25.98,"5,797,300",25.77,26.36,25.77
06/17/2019,25.67,"5,095,231",25.68,25.925,25.53
06/14/2019,25.71,"6,294,435",25.41,26.16,25.36
06/13/2019,25.28,"5,326,422",25.05,25.4851,24.965
06/12/2019,25.06,"5,125,348",24.45,25.135,24.36
06/11/2019,24.47,"4,968,429",24.35,24.67,24.17
06/10/2019,24.11,"7,680,944",23.92,24.44,23.92
06/07/2019,23.79,"9,135,575",23.2,23.88,22.95
06/06/2019,23.1,"7,765,465",23.07,23.26,22.845
06/05/2019,23.34,"5,791,216",23.58,23.62,23.115
06/04/2019,23.42,"11,695,530",23.05,23.44,22.79
06/03/2019,22.9,"5,567,928",22.82,23.02,22.75
05/31/2019,22.8,"6,454,888",22.45,22.96,22.35
05/30/2019,22.52,"8,682,136",22.54,22.655,22.35
05/29/2019,22.57,"6,041,356",22.49,22.78,22.445
05/28/2019,22.58,"7,952,280",23.09,23.21,22.5
05/24/2019,23.01,"5,074,577",23.12,23.25,22.85
05/23/2019,22.91,"9,137,815",22.88,22.95,22.5
05/22/2019,23.13,"5,229,165",23.47,23.49,23.06
05/21/2019,23.51,"6,920,935",23.55,23.645,23.3
05/20/2019,23.46,"5,639,046",24.17,24.25,23.43
05/17/2019,24.35,"5,808,892",24.8,24.87,24.3
05/16/2019,25.06,"4,207,414",25.05,25.27,24.97
05/15/2019,24.95,"5,730,393",24.81,24.985,24.58
05/14/2019,24.98,"4,183,412",25.15,25.4089,24.97
05/13/2019,25.14,"3,959,555",25.19,25.41,25.0
05/10/2019,25.55,"2,603,370",25.56,25.71,25.16
05/09/2019,25.66,"2,351,226",25.5,25.7399,25.14
05/08/2019,25.63,"2,825,579",26.01,26.14,25.605
05/07/2019,26.03,"3,460,826",26.37,26.6,25.875
05/06/2019,26.6,"3,045,788",26.5,26.68,26.265
05/03/2019,26.78,"2,848,409",26.55,26.9,26.49
05/02/2019,26.46,"2,514,447",26.65,26.945,26.345
05/01/2019,26.64,"2,749,716",26.86,27.11,26.63
04/30/2019,26.8,"5,556,465",26.42,26.93,26.185
04/29/2019,26.46,"4,363,949",27.19,27.25,26.4
04/26/2019,27.37,"5,979,952",26.68,27.49,26.68
04/25/2019,26.26,"4,631,956",26.28,26.69,26.13
04/24/2019,26.33,"3,249,162",26.06,26.46,26.01
04/23/2019,25.94,"3,561,646",25.6,26.14,25.55
04/22/2019,25.76,"3,369,338",26.24,26.28,25.465
04/18/2019,26.36,"3,505,488",26.36,26.47,25.89
04/17/2019,26.38,"5,078,672",26.84,26.86,26.09
04/16/2019,26.82,"4,282,133",27.15,27.23,26.67
04/15/2019,27.08,"2,385,596",27.21,27.28,26.82
04/12/2019,27.17,"3,936,622",27.1,27.18,26.655
04/11/2019,27.08,"4,206,271",26.79,27.17,26.73
04/10/2019,26.71,"2,357,266",26.59,26.82,26.4
04/09/2019,26.6,"2,940,928",26.96,27.04,26.565
04/08/2019,27.09,"3,470,082",27.32,27.48,26.99
04/05/2019,27.39,"5,169,492",27.38,27.57,27.24
04/04/2019,26.84,"3,035,925",26.73,26.885,26.61
04/03/2019,26.68,"3,872,297",26.62,26.96,26.44
04/02/2019,26.58,"4,352,205",26.52,26.73,26.42
04/01/2019,26.52,"4,834,066",26.45,26.61,26.195
03/29/2019,26.34,"4,707,381",26.72,26.8402,26.265
03/28/2019,26.61,"5,755,543",25.6,26.62,25.6
03/27/2019,25.59,"3,640,428",25.5,25.655,25.35
03/26/2019,25.47,"3,700,715",25.61,25.7,25.25
03/25/2019,25.49,"3,308,739",25.8,25.8,25.185
03/22/2019,25.76,"4,600,967",26.25,26.27,25.735
03/21/2019,26.19,"4,423,679",25.29,26.2299,25.205
03/20/2019,25.37,"4,190,219",25.58,25.6,25.17
03/19/2019,25.56,"3,472,591",25.74,25.94,25.5
03/18/2019,25.6,"3,872,472",25.6,25.715,25.43
03/15/2019,25.53,"4,830,838",25.65,25.65,25.259
03/14/2019,25.55,"4,104,506",26.09,26.16,25.43
03/13/2019,26.08,"3,758,631",25.8,26.22,25.74
03/12/2019,25.77,"3,622,260",25.85,26.02,25.7
03/11/2019,25.84,"5,117,854",25.25,25.87,25.15
03/08/2019,24.66,"4,952,929",24.27,24.69,24.19
03/07/2019,24.35,"3,386,048",24.67,24.76,24.205
03/06/2019,24.62,"3,113,829",24.56,24.78,24.47
03/05/2019,24.59,"3,806,916",24.9,24.94,24.4
03/04/2019,24.95,"3,842,727",25.11,25.1739,24.48
03/01/2019,25.01,"7,067,234",25.01,25.14,24.44
02/28/2019,24.89,"6,255,754",25.54,25.63,24.87
02/27/2019,25.85,"4,900,754",25.5,26.03,25.41
02/26/2019,25.56,"3,587,730",25.91,26.06,25.55
02/25/2019,25.86,"3,451,350",26.17,26.25,25.76
02/22/2019,26.09,"3,192,842",25.81,26.23,25.79
02/21/2019,25.74,"3,223,425",25.82,25.97,25.58
02/20/2019,25.87,"5,329,826",25.64,26.07,25.51
02/19/2019,25.59,"6,781,989",25.48,25.76,25.35
02/15/2019,25.54,"5,359,581",25.58,25.619,25.42
02/14/2019,25.42,"5,053,532",25.37,25.64,24.93
02/13/2019,25.39,"5,655,236",25.36,25.66,25.15
02/12/2019,25.33,"7,417,594",25.49,25.62,25.13
02/11/2019,25.4,"6,303,720",25.7,25.9,25.23
02/08/2019,25.65,"4,908,508",25.78,26.035,25.29
02/07/2019,25.91,"6,171,390",26.09,26.29,25.36
02/06/2019,26.27,"5,480,012",26.39,26.68,26.23
02/05/2019,26.48,"5,040,946",26.24,26.5,25.88
02/04/2019,26.15,"6,331,155",26.52,26.62,25.59
02/01/2019,26.75,"6,851,917",26.24,27.6,26.06
01/31/2019,26.24,"9,748,755",26.15,26.52,25.93
01/30/2019,26.21,"3,408,339",25.89,26.365,25.8
01/29/2019,25.85,"4,328,741",25.79,25.88,25.61
01/28/2019,25.8,"4,758,190",25.59,25.84,25.31
01/25/2019,25.7,"5,211,738",25.31,25.86,25.29
01/24/2019,25.17,"6,461,104",24.28,25.3,24.28
01/23/2019,24.29,"4,492,431",24.64,24.94,24.19
01/22/2019,24.55,"5,156,803",24.95,25.0,24.34
01/18/2019,25.08,"5,305,954",24.67,25.12,24.49
01/17/2019,24.64,"3,738,768",24.27,24.71,24.2
01/16/2019,24.38,"4,146,111",24.05,24.485,23.97
01/15/2019,24.11,"4,224,401",24.09,24.14,23.81
01/14/2019,24.08,"3,548,918",24.1,24.32,23.92
01/11/2019,24.21,"4,594,427",24.27,24.335,23.71
01/10/2019,24.3,"5,954,799",23.72,24.34,23.69
01/09/2019,23.7,"3,926,162",23.6,23.86,23.335
01/08/2019,23.62,"6,232,826",23.58,23.715,23.38
01/07/2019,23.48,"6,562,170",23.08,23.66,22.78
01/04/2019,23.02,"5,842,871",22.51,23.14,22.37
01/03/2019,22.26,"9,728,806",21.47,22.62,21.47
01/02/2019,21.53,"7,440,033",21.1,21.69,20.91
12/31/2018,21.86,"6,336,878",21.9,22.13,21.54
12/28/2018,21.83,"9,234,551",21.64,22.0599,21.57
12/27/2018,21.53,"8,881,648",21.16,21.53,20.81
12/26/2018,21.35,"12,925,710",21.21,21.47,20.52
12/24/2018,21.1,"4,702,150",21.24,21.47,20.96
12/21/2018,21.28,"19,247,850",22.27,22.7685,21.27
12/20/2018,22.22,"8,632,301",23.11,23.16,22.12
12/19/2018,23.2,"10,631,040",23.56,24.05,23.19
12/18/2018,23.64,"7,687,714",23.64,23.97,23.46
12/17/2018,23.6,"7,687,869",24.07,24.22,23.54
12/14/2018,24.03,"4,210,937",24.28,24.55,23.87
12/13/2018,24.5,"4,715,217",24.75,24.805,24.4
12/12/2018,24.72,"4,515,678",25.35,25.4501,24.72
12/11/2018,25.09,"5,957,010",25.92,25.92,25.09
12/10/2018,25.69,"6,222,035",25.3,25.78,25.02
12/07/2018,25.27,"7,393,209",26.58,26.75,25.0
12/06/2018,26.74,"10,082,520",24.94,26.79,24.72
12/04/2018,25.12,"7,680,659",26.47,26.56,25.1
12/03/2018,26.5,"3,772,687",26.51,26.86,26.215
11/30/2018,26.41,"5,771,593",26.7,26.82,26.03
11/29/2018,26.74,"3,968,706",26.68,26.93,26.49
11/28/2018,26.95,"4,659,991",26.67,26.98,26.495
11/27/2018,26.69,"4,167,699",26.63,26.71,26.29
11/26/2018,26.64,"2,836,408",26.56,26.77,26.353
11/23/2018,26.33,"1,136,212",26.49,26.65,26.17
11/21/2018,26.67,"2,493,720",26.61,26.95,26.5
11/20/2018,26.55,"3,012,269",26.86,26.95,26.46
11/19/2018,27.09,"4,775,496",27.14,27.78,26.905
11/16/2018,27.06,"8,014,467",26.55,27.27,26.5
11/15/2018,26.61,"3,882,988",26.58,26.76,26.21
11/14/2018,26.72,"4,279,383",26.81,27.205,26.61
11/13/2018,26.65,"4,151,586",26.99,27.055,26.52
11/12/2018,27.0,"5,017,606",26.86,27.5,26.77
11/09/2018,26.83,"4,834,240",27.16,27.18,26.69
11/08/2018,27.25,"3,237,361",27.39,27.4,26.86
11/07/2018,27.51,"3,347,955",27.31,27.52,27.005
11/06/2018,27.19,"3,143,788",27.68,27.81,26.975
11/05/2018,27.62,"4,063,354",27.55,27.64,27.155
11/02/2018,27.53,"9,590,251",27.35,27.93,27.04
11/01/2018,27.22,"4,994,463",26.68,27.27,26.54
10/31/2018,26.63,"7,013,243",26.4,27.085,25.975
10/30/2018,26.23,"8,711,592",26.59,26.75,25.75
10/29/2018,26.43,"6,140,255",26.76,27.74,26.31
10/26/2018,26.49,"9,087,850",27.77,28.0,26.0
10/25/2018,28.95,"6,498,241",28.58,29.23,28.42
10/24/2018,28.48,"5,939,347",28.26,28.76,28.175
10/23/2018,28.35,"6,656,423",27.52,28.44,27.465
10/22/2018,27.61,"4,607,752",28.55,28.55,27.59
10/19/2018,28.54,"5,011,263",27.93,28.825,27.89
10/18/2018,27.86,"3,343,060",28.12,28.27,27.68
10/17/2018,28.31,"3,212,845",28.8,28.8,28.085
10/16/2018,28.72,"6,280,607",28.13,28.835,27.92
10/15/2018,28.02,"5,070,340",27.98,28.3199,27.88
10/12/2018,28.08,"5,484,356",28.66,28.79,27.92
10/11/2018,28.5,"8,374,545",29.06,29.205,28.28
10/10/2018,29.1,"6,500,948",30.27,30.42,29.1
10/09/2018,30.53,"3,249,933",30.9,30.92,30.255
10/08/2018,30.85,"3,718,114",30.32,30.96,30.26
10/05/2018,30.27,"3,303,324",30.75,30.79,30.18
10/04/2018,30.73,"4,716,962",30.74,30.86,30.195
10/03/2018,30.9,"6,295,716",31.92,31.93,30.65
10/02/2018,31.98,"3,796,301",31.81,32.14,31.56
10/01/2018,31.87,"2,920,358",32.35,32.37,31.83
09/28/2018,32.27,"3,797,419",32.89,32.89,32.11
09/27/2018,32.82,"3,424,752",32.69,33.025,32.69
09/26/2018,32.72,"3,960,711",32.79,33.02,32.68
09/25/2018,32.7,"4,683,770",32.91,33.17,32.65
09/24/2018,32.9,"4,604,874",32.98,33.11,32.78
09/21/2018,33.01,"9,865,917",33.52,33.65,32.95
09/20/2018,33.69,"3,835,213",33.64,33.84,33.3
09/19/2018,33.64,"4,314,698",33.97,34.08,33.55
09/18/2018,33.96,"3,617,822",34.01,34.0894,33.905
09/17/2018,33.97,"3,207,263",34.12,34.25,33.91
09/14/2018,34.06,"2,508,155",34.35,34.36,33.99
09/13/2018,34.38,"2,615,462",34.37,34.58,34.29
09/12/2018,34.49,"2,670,888",34.23,34.5,34.095
09/11/2018,34.1,"3,212,680",34.08,34.3,33.97
09/10/2018,34.11,"2,200,015",34.21,34.45,34.08
09/07/2018,34.06,"2,422,267",34.45,34.55,34.0
09/06/2018,34.54,"2,101,027",34.48,34.72,34.37
09/05/2018,34.38,"4,142,957",34.05,34.45,33.96
09/04/2018,34.16,"2,735,752",34.8,34.8,33.9999
08/31/2018,34.71,"3,274,142",34.58,34.95,34.56
08/30/2018,34.58,"2,654,625",35.08,35.18,34.47
08/29/2018,35.17,"2,208,828",35.37,35.4005,35.16
08/28/2018,35.31,"2,742,814",35.27,35.33,34.96
08/27/2018,35.29,"2,831,846",34.95,35.29,34.86
08/24/2018,34.88,"2,219,544",34.57,34.9,34.49
08/23/2018,34.58,"2,853,931",35.28,35.28,34.55
08/22/2018,35.3,"1,780,845",35.24,35.46,35.14
08/21/2018,35.25,"1,955,026",35.51,35.68,35.24
08/20/2018,35.49,"3,055,781",35.73,35.79,35.36
08/17/2018,35.65,"4,811,996",35.39,35.71,35.21
08/16/2018,35.38,"5,759,546",34.58,35.66,34.42
08/15/2018,34.5,"3,027,518",34.24,34.57,34.0
08/14/2018,34.3,"2,530,416",33.99,34.39,33.99
08/13/2018,33.92,"2,769,351",34.0,34.21,33.91
08/10/2018,34.05,"2,489,911",34.34,34.41,34.03
08/09/2018,34.44,"2,110,328",34.28,34.56,34.2633
08/08/2018,34.33,"2,006,392",34.29,34.405,34.02
08/07/2018,34.26,"2,605,558",34.26,34.31,33.995
08/06/2018,34.11,"2,535,244",33.93,34.165,33.93
08/03/2018,33.97,"3,713,004",34.19,34.225,33.94
08/02/2018,34.08,"4,193,352",34.07,34.28,33.98
08/01/2018,34.07,"6,150,743",34.0,34.175,33.82
07/31/2018,34.18,"4,432,789",34.3,34.45,34.1
07/30/2018,34.12,"3,070,571",33.98,34.21,33.655
07/27/2018,33.83,"5,701,368",34.95,35.12,33.81
07/26/2018,34.91,"3,736,025",34.84,34.99,34.61
07/25/2018,34.73,"2,734,866",34.67,34.75,34.38
07/24/2018,34.55,"5,853,172",34.55,34.71,34.385
07/23/2018,34.58,"4,729,632",34.84,35.05,34.49
07/20/2018,34.88,"5,528,518",35.5,35.51,34.85
07/19/2018,35.65,"3,939,072",35.19,35.745,35.1
07/18/2018,35.22,"4,890,849",36.13,36.15,35.08
07/17/2018,36.22,"4,755,744",36.4,36.5,36.09
07/16/2018,36.25,"2,032,741",36.5,36.58,36.165
07/13/2018,36.44,"1,830,703",36.51,36.67,36.36
07/12/2018,36.46,"2,754,079",36.77,36.79,36.4
07/11/2018,36.55,"2,355,803",36.84,37.04,36.53
07/10/2018,37.0,"4,775,487",36.8,37.04,36.46
07/09/2018,36.83,"2,633,987",37.3,37.309,36.78
07/06/2018,37.27,"2,640,023",37.1,37.44,36.95
07/05/2018,37.04,"2,167,394",36.64,37.06,36.45
07/03/2018,36.57,"2,170,460",36.43,36.93,36.36
07/02/2018,36.3,"3,311,868",36.25,36.35,35.835
06/29/2018,36.46,"4,452,633",35.99,36.72,35.89
06/28/2018,36.11,"4,058,821",35.68,36.12,35.45
06/27/2018,35.63,"4,015,269",36.17,36.33,35.61
06/26/2018,36.15,"7,030,768",35.45,36.22,35.385
06/25/2018,35.36,"5,423,159",35.61,35.7,34.98
06/22/2018,35.6,"5,931,977",35.91,35.93,35.45
06/21/2018,35.75,"5,261,116",36.32,36.39,35.61
06/20/2018,36.39,"7,751,294",36.92,37.0,36.24
06/19/2018,36.99,"6,205,614",37.07,37.29,36.92
06/18/2018,37.12,"2,582,226",36.88,37.15,36.725
06/15/2018,36.95,"5,424,238",37.32,37.38,36.86
06/14/2018,37.26,"4,891,111",37.23,37.55,37.02
06/13/2018,37.19,"5,472,680",38.26,38.26,37.065
06/12/2018,38.36,"6,610,519",38.03,38.3885,37.78
06/11/2018,37.92,"2,918,335",38.11,38.35,37.83
06/08/2018,38.11,"2,412,467",38.17,38.24,37.99
06/07/2018,38.12,"3,072,676",38.06,38.14,37.96
06/06/2018,38.35,"2,866,213",38.16,38.39,37.99
06/05/2018,38.22,"5,128,956",38.0,38.27,37.9
06/04/2018,37.94,"3,613,263",37.86,38.125,37.73
06/01/2018,37.69,"3,523,561",37.33,37.9,37.17
05/31/2018,37.33,"6,302,194",37.26,37.475,37.02
05/30/2018,37.23,"3,002,202",36.95,37.375,36.77
05/29/2018,36.83,"5,342,569",36.66,37.055,36.62
05/25/2018,36.95,"3,356,518",36.66,37.065,36.57
05/24/2018,36.66,"3,198,715",36.81,36.89,36.49
05/23/2018,36.82,"3,708,516",37.1,37.23,36.75
05/22/2018,37.11,"4,340,272",36.8,37.12,36.8
05/21/2018,36.82,"3,855,125",36.56,37.04,36.41
05/18/2018,36.45,"7,524,015",36.29,36.475,36.23
05/17/2018,36.29,"2,997,016",36.23,36.36,36.065
05/16/2018,36.13,"3,341,152",36.0,36.24,35.94
05/15/2018,35.96,"6,013,287",36.15,36.285,35.73
05/14/2018,36.39,"3,857,001",36.69,36.785,36.2144
05/11/2018,36.62,"1,777,461",36.81,36.895,36.53
05/10/2018,36.78,"2,451,391",36.6,36.97,36.55
05/09/2018,36.45,"2,880,028",36.33,36.45,36.05
05/08/2018,36.39,"5,987,457",36.63,36.69,36.17
05/07/2018,36.72,"2,666,192",36.49,36.77,36.36
05/04/2018,36.51,"3,484,316",36.33,36.76,36.29
05/03/2018,36.33,"3,571,668",36.6,36.68,36.19
05/02/2018,36.54,"4,330,565",36.35,36.775,36.35
05/01/2018,36.39,"6,572,185",36.83,36.92,36.0
04/30/2018,36.78,"4,474,696",37.33,37.35,36.76
04/27/2018,37.0,"5,814,407",36.67,37.39,36.66
04/26/2018,36.65,"6,091,018",36.25,36.94,36.22
04/25/2018,36.18,"3,289,113",36.11,36.32,35.895
04/24/2018,36.18,"3,678,651",36.28,36.47,35.94
04/23/2018,36.21,"2,788,070",36.28,36.525,36.14
04/20/2018,36.26,"4,260,511",36.65,36.72,36.14
04/19/2018,36.63,"3,414,980",36.79,36.85,36.34
04/18/2018,36.85,"3,248,979",37.01,37.24,36.85
04/17/2018,36.94,"4,941,465",36.64,37.115,36.49
04/16/2018,36.48,"2,965,822",36.46,36.66,36.22
04/13/2018,36.19,"2,733,771",36.11,36.34,36.01
04/12/2018,35.92,"2,688,095",35.89,36.17,35.74
04/11/2018,35.76,"3,660,100",35.35,36.1,35.33
04/10/2018,35.42,"5,043,900",35.61,35.64,35.26
04/09/2018,35.28,"3,161,426",35.59,35.71,35.27
04/06/2018,35.48,"3,793,906",35.48,35.94,35.275
04/05/2018,35.74,"3,423,444",35.31,35.815,35.145
04/04/2018,35.24,"4,303,115",34.42,35.295,34.42
04/03/2018,34.68,"6,388,880",34.63,34.75,34.25
04/02/2018,34.61,"4,295,491",35.06,35.19,34.415
03/29/2018,35.0,"3,836,782",35.1,35.39,34.91
03/28/2018,35.02,"4,371,069",34.97,35.46,34.88
03/27/2018,34.9,"5,191,698",34.5,35.245,34.19
03/26/2018,34.53,"3,811,337",34.34,34.59,33.87
03/23/2018,34.05,"5,798,260",35.35,35.45,33.97
03/22/2018,35.2,"3,359,244",35.06,35.73,35.03
03/21/2018,35.38,"3,309,642",35.55,35.915,35.26
03/20/2018,35.39,"4,032,115",35.53,35.83,35.09
03/19/2018,35.53,"2,707,955",35.83,35.83,35.21
03/16/2018,35.82,"5,198,337",35.6,35.98,35.46
03/15/2018,35.62,"3,985,742",35.35,35.665,35.21
03/14/2018,35.24,"2,785,678",35.54,35.6,35.17
03/13/2018,35.55,"3,810,022",35.27,35.56,35.23
03/12/2018,35.12,"3,488,648",34.8,35.24,34.76
03/09/2018,34.86,"3,098,986",34.68,34.86,34.45
03/08/2018,34.47,"2,918,991",34.35,34.48,34.29
03/07/2018,34.28,"4,238,398",33.95,34.36,33.95
03/06/2018,34.23,"5,802,913",34.08,34.475,34.05
03/05/2018,34.01,"4,984,713",34.41,34.585,34.0
03/02/2018,34.65,"3,106,318",34.11,34.68,34.0
03/01/2018,34.36,"4,242,863",34.84,34.91,34.13
02/28/2018,35.03,"4,767,083",35.39,35.735,35.03
02/27/2018,35.26,"4,899,687",35.65,35.85,35.08
02/26/2018,35.66,"3,869,883",35.4,35.705,35.21
02/23/2018,35.4,"2,579,608",35.0,35.41,35.0
02/22/2018,34.86,"4,251,393",34.97,35.305,34.85
02/21/2018,34.76,"4,938,205",35.02,35.28,34.76
02/20/2018,34.94,"4,446,715",35.02,35.46,34.87
02/16/2018,35.18,"4,067,466",35.0,35.5,34.93
02/15/2018,34.95,"3,574,453",35.25,35.44,34.55
02/14/2018,34.96,"4,834,160",33.96,35.01,33.86
02/13/2018,34.21,"4,340,000",34.26,34.58,34.19
02/12/2018,34.36,"4,536,521",34.01,34.41,33.49
02/09/2018,33.79,"4,781,683",33.79,34.03,33.015
02/08/2018,33.6,"5,742,913",34.42,34.675,33.6
02/07/2018,34.52,"4,256,490",34.5,35.16,34.46
02/06/2018,34.68,"7,247,886",34.19,34.85,33.68
02/05/2018,34.79,"6,983,932",35.48,35.89,34.755
02/02/2018,35.68,"10,419,440",34.95,36.04,34.95
02/01/2018,37.16,"6,208,781",37.47,37.67,37.0801
01/31/2018,37.54,"6,439,507",36.89,37.68,36.85
01/30/2018,36.79,"5,452,546",36.84,37.06,36.52
01/29/2018,37.07,"6,127,504",37.83,37.83,36.56
01/26/2018,37.85,"6,003,196",37.88,37.89,36.91
01/25/2018,37.73,"4,612,921",37.81,37.86,37.38
01/24/2018,37.59,"8,683,922",36.98,37.66,36.75
01/23/2018,36.61,"5,136,873",35.99,36.735,35.96
01/22/2018,35.98,"3,251,488",35.85,36.145,35.785
01/19/2018,35.8,"3,541,509",35.32,35.81,35.31
01/18/2018,35.3,"3,098,968",35.16,35.415,34.88
01/17/2018,35.21,"3,500,514",34.88,35.3,34.7793
01/16/2018,34.76,"3,873,248",35.35,35.45,34.751
01/12/2018,35.26,"2,891,478",35.09,35.36,34.85
01/11/2018,34.99,"3,405,765",34.87,35.05,34.57
01/10/2018,34.83,"4,520,359",35.22,35.22,34.58
01/09/2018,35.26,"2,530,349",35.56,35.56,35.2
01/08/2018,35.5,"2,760,800",35.3,35.58,35.27
01/05/2018,35.27,"2,924,802",35.39,35.58,35.22
01/04/2018,35.32,"2,727,790",35.7,35.7,35.29
01/03/2018,35.61,"2,922,846",35.23,35.67,35.23
01/02/2018,35.3,"3,143,976",35.3,35.35,34.91
12/29/2017,35.26,"2,258,489",35.35,35.5,35.09
12/28/2017,35.26,"1,810,050",35.1,35.3,34.95
12/27/2017,35.1,"1,993,981",35.1,35.25,34.99
12/26/2017,35.06,"1,689,296",34.96,35.17,34.92
12/22/2017,34.94,"2,861,708",35.23,35.35,34.7
12/21/2017,35.21,"3,508,287",35.54,35.59,35.15
12/20/2017,35.42,"2,721,996",35.56,35.93,35.4
12/19/2017,35.48,"2,034,907",35.98,36.12,35.43
12/18/2017,36.01,"2,672,342",36.02,36.25,35.88
12/15/2017,35.84,"4,764,966",36.11,36.12,35.78
12/14/2017,35.65,"2,272,241",35.78,36.05,35.64
12/13/2017,35.76,"2,566,977",35.75,36.16,35.59
12/12/2017,35.63,"3,228,157",35.87,35.93,35.58
12/11/2017,35.44,"2,124,581",35.37,35.48,35.05
12/08/2017,35.43,"2,270,793",35.71,35.75,35.34
12/07/2017,35.62,"1,787,570",35.25,35.65,35.18
12/06/2017,35.24,"2,235,064",35.24,35.39,35.04
12/05/2017,35.19,"1,876,784",35.19,35.44,35.05
12/04/2017,35.13,"3,899,603",35.63,35.76,34.96
12/01/2017,35.4,"2,805,636",35.55,35.5659,34.81
11/30/2017,35.38,"3,921,533",35.26,35.74,35.01
11/29/2017,35.37,"2,818,379",35.64,35.68,35.21
11/28/2017,35.68,"2,429,830",35.77,36.06,35.66
11/27/2017,35.53,"3,625,859",36.29,36.31,35.49
11/24/2017,36.17,"709,620",36.24,36.5,36.11
11/22/2017,36.19,"1,269,393",36.11,36.3,36.08
11/21/2017,36.11,"2,825,149",36.2,36.27,36.0
11/20/2017,36.11,"2,673,163",36.34,36.52,36.09
11/17/2017,36.28,"2,399,491",36.35,36.62,36.28
11/16/2017,36.55,"2,928,768",36.64,36.92,36.35
11/15/2017,36.55,"4,002,445",36.05,36.68,35.91
11/14/2017,36.2,"2,370,085",35.75,36.25,35.55
11/13/2017,35.96,"2,375,831",36.12,36.47,35.9
11/10/2017,36.14,"3,026,428",36.2,36.48,36.09
11/09/2017,36.27,"1,885,932",36.27,36.34,35.93
11/08/2017,36.41,"4,026,403",35.94,36.48,35.91
11/07/2017,35.99,"2,294,034",35.69,35.99,35.65
11/06/2017,35.66,"2,209,834",35.67,35.77,35.49
11/03/2017,35.71,"2,431,371",35.46,35.86,35.31
11/02/2017,35.61,"4,953,544",35.94,36.3,35.5
11/01/2017,35.81,"3,466,082",36.0,36.3,35.69
10/31/2017,35.91,"3,378,317",35.63,36.0,35.53
10/30/2017,35.61,"2,956,251",35.61,35.69,35.38
10/27/2017,35.51,"4,282,130",34.78,35.888,34.76
10/26/2017,34.88,"3,212,793",34.85,35.12,34.73
10/25/2017,34.68,"2,256,934",34.74,34.81,34.45
10/24/2017,34.87,"2,534,011",34.92,35.0,34.69
10/23/2017,34.82,"2,690,352",35.4,35.48,34.82
10/20/2017,35.28,"2,216,235",35.29,35.47,35.15
10/19/2017,35.18,"2,490,409",35.15,35.26,34.895
10/18/2017,35.23,"2,933,377",35.03,35.38,34.99
10/17/2017,35.03,"1,649,518",34.95,35.06,34.82
10/16/2017,35.02,"3,120,108",34.87,35.17,34.7433
10/13/2017,34.9,"2,424,463",34.66,35.0,34.49
10/12/2017,34.59,"1,940,775",34.32,34.65,34.14
10/11/2017,34.39,"1,699,660",34.35,34.49,34.29
10/10/2017,34.32,"2,044,124",34.19,34.43,34.08
10/09/2017,34.12,"1,627,806",34.16,34.29,33.93
10/06/2017,34.2,"1,699,966",34.1,34.2,33.92
10/05/2017,34.22,"2,689,369",34.34,34.49,34.12
10/04/2017,34.32,"1,302,668",34.07,34.34,34.07
10/03/2017,34.12,"1,446,608",34.11,34.3,34.05
10/02/2017,34.12,"1,951,157",34.06,34.28,33.985
09/29/2017,34.03,"2,796,270",34.0,34.195,33.87
09/28/2017,34.01,"1,614,882",33.72,34.05,33.615
09/27/2017,33.8,"2,103,897",33.72,33.83,33.415
09/26/2017,33.72,"2,484,651",33.8,33.88,33.67
09/25/2017,33.81,"2,662,937",33.57,33.89,33.51
09/22/2017,33.58,"2,535,051",33.43,33.65,33.28
09/21/2017,33.42,"3,213,860",33.39,33.595,33.05
09/20/2017,33.4,"2,355,329",33.43,33.7,33.32
09/19/2017,33.28,"2,810,804",33.39,33.45,33.18
09/18/2017,33.37,"3,764,940",32.93,33.44,32.93
09/15/2017,32.99,"4,001,278",33.04,33.11,32.85
09/14/2017,33.06,"1,938,044",33.04,33.2,32.91
09/13/2017,33.1,"8,490,803",33.22,33.33,32.97
09/12/2017,33.24,"2,916,551",33.4,33.4,32.73
09/11/2017,33.33,"3,575,716",33.84,33.86,33.02
09/08/2017,33.58,"4,371,552",33.19,33.7298,33.13
09/07/2017,33.15,"3,426,032",33.13,33.405,33.0801
09/06/2017,33.23,"5,035,861",32.63,33.389,32.52
09/05/2017,32.3,"3,276,357",32.11,32.445,31.83
09/01/2017,32.07,"2,566,975",32.7,32.7,32.03
08/31/2017,32.61,"4,680,399",32.04,32.715,31.8971
08/30/2017,31.75,"2,413,348",31.49,31.78,31.35
08/29/2017,31.52,"3,129,331",31.75,32.0,31.485
08/28/2017,31.77,"1,968,169",31.79,31.89,31.54
08/25/2017,31.7,"2,943,638",31.56,31.98,31.51
08/24/2017,31.38,"1,533,412",31.39,31.99,31.29
08/23/2017,31.36,"1,385,599",31.27,31.499,31.2
08/22/2017,31.38,"2,174,592",31.5,31.77,31.29
08/21/2017,31.48,"2,167,823",31.22,31.52,31.16
08/18/2017,31.17,"2,738,562",31.19,31.385,30.9504
08/17/2017,31.28,"3,200,710",31.88,32.03,31.265
08/16/2017,31.91,"2,007,335",32.1,32.23,31.87
08/15/2017,31.94,"2,388,947",32.27,32.3281,31.73
08/14/2017,32.24,"3,042,454",32.16,32.5093,32.08
08/11/2017,32.22,"2,027,551",32.07,32.36,32.0
08/10/2017,32.12,"1,933,571",32.36,32.41,32.064
08/09/2017,32.43,"1,690,981",32.41,32.62,32.21
08/08/2017,32.46,"1,870,234",32.63,32.72,32.35
08/07/2017,32.72,"1,515,868",32.79,32.82,32.56
08/04/2017,32.78,"1,848,070",32.9,32.95,32.67
08/03/2017,32.86,"2,745,501",32.32,32.94,32.26
08/02/2017,32.37,"3,138,871",33.13,33.25,32.25
08/01/2017,33.22,"3,059,219",33.08,33.29,32.93
07/31/2017,33.02,"7,513,947",32.8,33.045,32.685
07/28/2017,32.94,"4,427,532",34.26,34.26,32.85
07/27/2017,34.23,"3,943,814",33.91,34.35,33.64
07/26/2017,33.92,"2,673,534",34.14,34.23,33.83
07/25/2017,34.12,"2,503,461",34.26,34.26,33.87
07/24/2017,34.13,"2,798,449",34.43,34.45,34.06
07/21/2017,34.43,"2,871,462",33.94,34.46,33.91
07/20/2017,34.0,"3,624,533",33.88,34.34,33.84
07/19/2017,33.82,"2,210,290",33.19,33.85,33.19
07/18/2017,33.08,"1,995,445",33.32,33.44,33.02
07/17/2017,33.4,"1,776,879",33.21,33.45,33.03
07/14/2017,33.15,"2,290,416",32.72,33.2299,32.66
07/13/2017,32.72,"2,680,947",32.99,33.05,32.575
07/12/2017,32.93,"3,744,015",32.61,33.03,32.61
07/11/2017,32.51,"4,173,682",32.25,32.57,32.21
07/10/2017,32.22,"3,885,801",31.83,32.33,31.8
07/07/2017,32.01,"3,056,877",32.03,32.28,31.91
07/06/2017,32.06,"12,248,480",33.05,33.1,32.031
07/05/2017,33.21,"2,581,332",33.49,33.5189,32.975
07/03/2017,33.69,"1,513,985",33.63,33.91,33.57
06/30/2017,33.5,"3,210,541",33.2,33.63,33.0515
06/29/2017,33.07,"3,038,299",33.24,33.41,33.03
06/28/2017,33.2,"1,652,328",33.02,33.265,32.77
06/27/2017,32.85,"3,806,829",33.68,33.745,32.83
06/26/2017,33.63,"3,093,784",34.24,34.24,33.62
06/23/2017,34.14,"5,137,444",34.0,34.3,33.91
06/22/2017,33.94,"1,886,245",33.78,34.07,33.52
06/21/2017,33.76,"2,718,825",34.0,34.05,33.625
06/20/2017,33.96,"1,958,926",34.0,34.09,33.79
06/19/2017,34.04,"1,985,675",33.8,34.13,33.75
06/16/2017,33.66,"3,771,826",33.74,33.885,33.55
06/15/2017,33.6,"2,719,729",33.6,33.99,33.575
06/14/2017,33.77,"1,926,386",33.86,33.98,33.605
06/13/2017,33.81,"2,802,180",33.6,33.94,33.5
06/12/2017,33.6,"3,573,278",33.15,33.85,33.14
06/09/2017,33.23,"4,545,093",32.6,33.245,32.57
06/08/2017,32.59,"4,343,222",32.93,32.96,32.28
06/07/2017,33.02,"2,355,402",33.2,33.28,32.885
06/06/2017,33.41,"2,236,264",33.29,33.53,33.14
06/05/2017,33.38,"2,814,321",33.56,33.56,33.16
06/02/2017,33.51,"2,980,511",33.58,33.73,33.355
06/01/2017,33.51,"3,381,415",33.07,33.515,32.83
05/31/2017,32.96,"4,857,729",33.13,33.15,32.94
05/30/2017,33.14,"4,450,012",32.86,33.41,32.86
05/26/2017,33.01,"1,962,918",33.15,33.19,32.925
05/25/2017,33.17,"2,147,904",33.21,33.41,33.06
05/24/2017,33.18,"3,942,144",33.15,33.28,33.03
05/23/2017,33.07,"1,977,444",33.24,33.275,33.02
05/22/2017,33.13,"2,019,071",33.02,33.22,32.9
