date,close,volume,open,high,low
05/15/2026,259.35,"1,224,635",255.01,260.49,253.0001
05/14/2026,258.1,"1,264,689",249.54,261.41,245.51
05/13/2026,246.76,"1,392,683",248.68,250.99,237.03
05/12/2026,241.79,"2,879,381",248.94,259.335,238.49
05/11/2026,216.96,"971,704",226.05,228.98,216.405
05/08/2026,226.03,"778,997",229.44,229.44,222.58
05/07/2026,228.62,"771,077",230.56,233.975,227.58
05/06/2026,229.76,"589,555",232.0,232.0,225.74
05/05/2026,228.39,"711,559",224.73,229.08,221.68
05/04/2026,223.73,"624,358",226.32,228.43,219.53
05/01/2026,227.08,"655,942",228.85,229.5,223.95
04/30/2026,226.26,"1,016,051",216.05,227.83,213.67
04/29/2026,215.54,"891,488",218.87,220.43,214.715
04/28/2026,219.24,"760,575",220.04,222.715,217.88
04/27/2026,221.0,"738,670",227.7,231.435,220.28
04/24/2026,227.71,"657,206",227.41,228.7,224.61
04/23/2026,226.87,"850,734",231.0,231.86,221.65
04/22/2026,231.1,"706,748",239.63,240.7,229.86
04/21/2026,236.67,"763,957",239.02,243.69,234.9
04/20/2026,237.3,"703,072",233.4,238.03,233.3
04/17/2026,234.43,"1,070,025",237.46,240.83,232.62
04/16/2026,233.04,"982,388",230.36,233.75,228.62
04/15/2026,229.64,"805,694",226.76,231.48,225.695
04/14/2026,226.7,"894,509",228.97,231.21,226.05
04/13/2026,226.09,"803,323",219.13,226.355,216.47
04/10/2026,222.13,"552,667",224.435,225.365,220.83
04/09/2026,223.07,"608,088",218.93,223.99,218.93
04/08/2026,221.14,"788,950",223.61,226.69,220.32
04/07/2026,212.51,"753,714",209.57,214.59,209.02
04/06/2026,211.12,"861,163",201.57,211.84,201.57
04/02/2026,202.835,"508,550",202.5,210.95,199.77
04/01/2026,207.28,"708,690",208.91,210.19,204.72
03/31/2026,209.08,"597,149",200.89,212.1199,200.89
03/30/2026,199.3,"718,399",203.35,205.265,199.05
03/27/2026,202.64,"594,540",202.5,204.85,200.89
03/26/2026,204.42,"414,996",205.27,211.64,203.7101
03/25/2026,208.45,"456,804",210.84,212.2,201.46
03/24/2026,207.49,"425,011",202.71,208.9,201.45
03/23/2026,205.87,"602,510",210.32,212.24,205.485
03/20/2026,203.62,"1,857,735",203.91,206.0,200.44
03/19/2026,206.19,"593,406",205.0,208.705,202.5
03/18/2026,207.51,"614,847",207.32,213.89,207.3
03/17/2026,209.06,"552,776",206.24,211.5,206.01
03/16/2026,203.97,"590,488",206.61,208.345,202.62
03/13/2026,202.72,"755,490",207.45,207.65,201.64
03/12/2026,204.05,"849,282",209.82,211.95,203.7
03/11/2026,213.67,"583,658",213.19,215.555,210.04
03/10/2026,212.47,"712,810",213.78,218.05,208.82
03/09/2026,213.78,"880,977",215.0,216.455,206.92
03/06/2026,219.65,"1,000,237",223.55,227.015,218.15
03/05/2026,229.67,"841,841",228.29,236.5,227.95
03/04/2026,231.42,"861,078",229.43,233.56,227.855
03/03/2026,225.38,"805,768",215.98,229.79,214.87
03/02/2026,223.92,"926,368",216.2,224.945,215.33
02/27/2026,223.96,"968,048",231.2,232.69,222.61
02/26/2026,235.03,"806,176",239.98,239.98,232.63
02/25/2026,239.01,"768,121",238.39,240.09,232.4
02/24/2026,235.83,"998,711",234.99,241.2,234.0
02/23/2026,231.32,"1,195,593",252.32,253.2,230.0
02/20/2026,255.41,"849,850",249.98,261.84,247.54
02/19/2026,251.74,"636,876",251.51,254.33,247.06
02/18/2026,252.52,"913,872",260.85,263.41,249.145
02/17/2026,260.76,"744,838",261.98,265.185,258.14
02/13/2026,264.62,"983,005",278.68,280.32,261.06
02/12/2026,274.15,"1,985,661",293.64,303.4,273.19
02/11/2026,252.495,"1,095,670",259.82,264.36,250.31
02/10/2026,256.57,"935,766",258.55,259.79,255.16
02/09/2026,257.79,"702,016",251.21,258.64,250.8
02/06/2026,251.4,"669,889",244.31,252.31,243.63
02/05/2026,241.08,"908,966",243.21,245.51,238.89
02/04/2026,245.25,"1,228,698",234.77,250.0,234.42
02/03/2026,233.16,"1,006,625",242.01,244.47,230.94
02/02/2026,242.01,"877,850",234.21,246.55,233.68
01/30/2026,234.98,"558,823",235.59,237.14,232.59
01/29/2026,237.96,"740,736",236.18,240.17,234.0001
01/28/2026,236.23,"484,404",240.49,240.81,234.52
01/27/2026,238.56,"586,961",243.71,244.345,238.4401
01/26/2026,243.51,"434,171",240.39,244.99,240.01
01/23/2026,240.54,"412,835",245.77,246.29,238.815
01/22/2026,246.83,"619,820",247.03,248.78,243.615
01/21/2026,242.98,"712,591",242.31,246.065,239.18
01/20/2026,238.71,"709,111",243.51,249.74,238.0
01/16/2026,251.21,"644,838",257.17,258.57,251.1
01/15/2026,258.85,"760,128",262.7,264.175,254.8
01/14/2026,262.51,"535,316",260.73,264.79,260.1
01/13/2026,261.44,"740,951",265.57,268.0,261.26
01/12/2026,264.43,"766,179",259.3,265.19,257.015
01/09/2026,259.48,"667,987",254.66,260.41,252.03
01/08/2026,254.64,"701,620",245.0,255.32,243.9653
01/07/2026,246.96,"721,248",257.4,257.405,246.27
01/06/2026,257.61,"585,608",251.31,258.08,251.31
01/05/2026,252.64,"810,337",249.15,257.07,249.15
01/02/2026,248.3,"485,604",246.33,252.46,246.13
12/31/2025,242.82,"376,640",246.78,246.9596,242.64
12/30/2025,246.74,"492,387",244.62,247.04,243.32
12/29/2025,245.74,"563,907",246.07,247.25,241.8
12/26/2025,246.27,"622,447",245.9,246.55,243.69
12/24/2025,245.9,"374,237",247.67,247.67,244.44
12/23/2025,246.76,"525,999",248.12,250.55,245.47
12/22/2025,249.38,"710,863",254.01,255.031,248.2
12/19/2025,251.65,"1,326,412",252.71,256.8,251.17
12/18/2025,252.71,"705,871",258.38,259.09,249.58
12/17/2025,254.27,"543,335",261.6,266.09,253.2
12/16/2025,261.17,"454,443",265.61,267.54,261.08
12/15/2025,265.29,"586,005",272.45,273.0,263.1
12/12/2025,268.39,"543,207",273.63,274.268,265.97
12/11/2025,273.54,"601,690",269.45,273.68,268.0
12/10/2025,271.3,"457,863",265.35,274.17,263.9
12/09/2025,265.24,"311,680",263.34,267.33,261.71
12/08/2025,264.41,"466,807",265.19,267.37,261.63
12/05/2025,264.81,"525,076",261.39,267.82,261.39
12/04/2025,263.05,"507,806",259.87,264.24,259.5975
12/03/2025,259.34,"593,489",254.65,259.5799,252.86
12/02/2025,253.37,"486,195",253.49,255.28,252.02
12/01/2025,251.29,"475,893",249.1,254.23,248.335
11/28/2025,252.75,"206,356",251.95,254.97,251.2
11/26/2025,250.5,"507,685",248.51,252.32,248.21
11/25/2025,249.31,"671,333",242.89,250.65,242.7
11/24/2025,242.45,"930,123",241.79,246.01,240.92
11/21/2025,240.95,"1,141,709",232.18,242.81,229.75
11/20/2025,228.4,"1,011,433",236.52,238.09,227.19
11/19/2025,230.93,"721,423",230.73,234.05,229.81
11/18/2025,230.9,"882,871",231.09,234.0,227.53
11/17/2025,232.71,"629,085",238.94,239.865,231.13
11/14/2025,240.56,"825,995",238.01,243.485,237.12
11/13/2025,241.57,"971,115",255.0,257.5,240.91
11/12/2025,255.69,"576,536",256.97,260.26,255.42
11/11/2025,255.17,"482,129",258.02,261.49,254.74
11/10/2025,260.63,"658,134",264.75,264.97,256.6
11/07/2025,259.54,"777,756",255.8,259.76,252.14
11/06/2025,258.24,"530,108",265.77,267.98,256.79
11/05/2025,266.27,"1,083,751",261.5,268.76,257.51
11/04/2025,260.35,"886,601",265.34,268.71,260.14
11/03/2025,270.58,"826,666",270.65,276.04,268.785
10/31/2025,269.25,"659,281",264.53,272.08,261.49
10/30/2025,261.37,"943,864",267.84,268.2958,260.45
10/29/2025,270.77,"1,087,637",274.89,277.0,268.73
10/28/2025,274.31,"3,140,923",293.495,293.495,259.01
10/27/2025,310.57,"975,442",311.93,314.58,309.3
10/24/2025,308.82,"600,957",318.48,320.88,308.465
10/23/2025,313.89,"747,560",302.77,314.39,302.77
10/22/2025,302.63,"399,080",305.78,307.13,299.21
10/21/2025,306.21,"370,099",301.09,308.63,301.09
10/20/2025,301.45,"383,736",297.1,304.74,297.1
10/17/2025,293.31,"413,022",292.92,295.42,290.6852
10/16/2025,293.93,"423,189",294.99,297.49,288.88
10/15/2025,293.345,"582,758",292.69,295.735,287.865
10/14/2025,288.99,"510,591",277.0,291.0,277.0
10/13/2025,281.96,"568,861",280.39,286.71,278.45
10/10/2025,275.89,"995,850",299.41,300.95,275.76
10/09/2025,298.79,"645,592",307.19,308.2675,294.79
10/08/2025,307.28,"577,781",300.74,308.55,298.01
10/07/2025,296.64,"476,796",303.61,304.0973,295.93
10/06/2025,301.94,"558,208",308.08,309.085,298.96
10/03/2025,305.01,"452,259",299.11,311.44,298.4
10/02/2025,295.85,"450,078",294.0,296.77,291.51
10/01/2025,291.79,"537,320",295.31,297.32,290.56
09/30/2025,297.16,"500,667",294.93,298.71,292.09
09/29/2025,296.92,"482,271",302.75,303.78,296.7
09/26/2025,299.77,"479,907",301.58,303.25,297.03
09/25/2025,301.97,"396,305",304.6,305.995,299.25
09/24/2025,308.48,"282,573",314.0,315.495,307.08
09/23/2025,314.05,"470,539",317.74,322.804,312.66
09/22/2025,315.41,"382,582",316.47,318.5,315.06
09/19/2025,318.54,"630,499",323.02,323.02,315.57
09/18/2025,322.88,"479,405",321.84,325.2359,321.2849
09/17/2025,317.32,"539,079",318.39,322.28,312.81
09/16/2025,318.41,"495,299",319.68,322.135,316.96
09/15/2025,320.91,"486,359",314.76,323.9299,313.01
09/12/2025,312.65,"517,033",314.25,315.985,311.29
09/11/2025,316.01,"407,396",306.19,316.52,303.48
09/10/2025,306.19,"636,712",311.96,316.22,305.0
09/09/2025,312.17,"447,499",312.57,313.57,309.67
09/08/2025,313.8,"603,040",313.84,318.2,311.28
09/05/2025,313.8,"454,928",315.27,315.345,307.42
09/04/2025,311.25,"418,446",307.0,312.055,305.0
09/03/2025,305.71,"350,302",307.23,308.35,303.55
09/02/2025,307.07,"732,079",310.71,313.18,305.4301
08/29/2025,317.09,"441,230",321.66,321.66,315.825
08/28/2025,322.0,"261,776",323.36,324.83,321.91
08/27/2025,321.43,"395,185",319.54,322.05,318.31
08/26/2025,320.58,"619,212",319.87,324.13,318.175
08/25/2025,319.55,"311,499",321.74,322.885,319.51
08/22/2025,322.79,"495,419",310.33,324.26,310.33
08/21/2025,308.51,"392,811",304.27,309.98,302.71
08/20/2025,304.74,"652,140",310.24,310.525,302.83
08/19/2025,312.06,"542,843",316.98,321.69,311.39
08/18/2025,317.48,"360,236",318.67,322.08,317.0
08/15/2025,317.9,"523,966",327.98,328.32,316.21
08/14/2025,327.71,"604,802",334.92,337.485,326.16
08/13/2025,337.8,"539,308",329.65,338.17,329.25
08/12/2025,328.14,"628,534",315.82,328.57,311.76
08/11/2025,312.45,"535,581",317.95,320.85,310.62
08/08/2025,317.66,"612,541",319.03,323.75,316.31
08/07/2025,316.01,"786,233",313.05,320.0,308.07
08/06/2025,308.31,"1,127,537",303.01,309.08,299.48
08/05/2025,302.6,"2,001,786",350.635,350.635,300.75
08/04/2025,341.36,"1,032,596",337.86,342.405,337.015
08/01/2025,335.24,"976,377",329.71,336.95,321.945
07/31/2025,339.02,"1,351,275",334.44,352.66,329.21
07/30/2025,332.39,"367,977",333.62,337.71,329.83
07/29/2025,331.6,"236,912",337.26,338.2025,330.68
07/28/2025,334.69,"303,202",337.8,337.8,334.37
07/25/2025,335.69,"298,320",334.16,336.15,329.4
07/24/2025,333.4,"317,946",334.71,336.0575,333.0
07/23/2025,336.77,"368,403",331.0,337.07,328.58
07/22/2025,328.1,"434,760",328.1,330.15,324.46
07/21/2025,328.38,"371,863",332.16,334.0,328.27
07/18/2025,331.73,"426,632",331.7,332.675,328.6001
07/17/2025,329.9,"393,394",320.55,331.295,320.55
07/16/2025,319.47,"297,952",321.21,321.21,312.69
07/15/2025,319.55,"297,471",325.22,325.9272,317.46
07/14/2025,322.83,"379,066",325.19,329.56,319.39
07/11/2025,327.14,"417,526",326.02,329.86,324.14
07/10/2025,330.35,"477,593",326.275,335.85,325.14
07/09/2025,321.78,"360,990",323.06,325.38,316.55
07/08/2025,323.06,"372,922",320.4,323.9841,318.0528
07/07/2025,317.11,"420,364",320.53,324.335,316.7
07/03/2025,323.72,"257,488",323.53,326.64,318.5
07/02/2025,320.39,"428,800",315.48,321.42,312.62
07/01/2025,315.48,"452,033",307.54,320.9899,307.54
06/30/2025,308.36,"783,810",311.57,311.57,306.28
06/27/2025,309.26,"893,933",310.22,313.16,306.55
06/26/2025,308.32,"443,616",303.43,308.66,302.82
06/25/2025,303.05,"284,932",300.79,303.19,298.825
06/24/2025,298.94,"541,626",300.0,302.4399,296.91
06/23/2025,296.25,"411,851",291.5,296.5668,288.5288
06/20/2025,294.04,"777,904",295.1,295.735,290.6
06/18/2025,291.73,"571,195",289.89,296.73,289.075
06/17/2025,289.36,"570,530",290.76,295.84,289.105
06/16/2025,293.06,"379,058",288.07,293.85,287.34
06/13/2025,283.61,"309,667",287.13,288.6,282.65
06/12/2025,292.68,"295,961",290.03,293.39,290.0
06/11/2025,292.82,"384,187",301.67,301.67,291.765
06/10/2025,299.56,"398,476",298.63,300.59,296.11
06/09/2025,298.63,"341,737",298.76,300.6725,296.26
06/06/2025,295.36,"299,475",295.985,297.87,293.555
06/05/2025,291.24,"468,916",293.0,295.0722,288.405
06/04/2025,291.03,"352,728",294.13,294.47,290.88
06/03/2025,291.99,"641,490",286.28,292.18,282.735
06/02/2025,285.96,"503,704",287.67,288.17,282.03
05/30/2025,289.77,"656,110",289.93,290.56,283.915
05/29/2025,292.495,"414,654",292.55,295.4399,288.4
05/28/2025,290.8,"409,860",295.29,297.01,290.38
05/27/2025,295.01,"415,523",290.16,295.32,286.92
05/23/2025,284.21,"325,273",280.48,285.25,278.51
05/22/2025,288.36,"353,151",287.38,290.22,286.475
05/21/2025,287.92,"574,239",293.32,296.97,286.96
05/20/2025,296.97,"370,232",295.78,298.43,295.31
05/19/2025,297.82,"404,595",293.44,298.42,293.44
05/16/2025,300.62,"410,038",297.94,301.14,295.0907
05/15/2025,298.35,"442,182",297.02,299.21,296.055
05/14/2025,299.27,"577,702",301.14,301.72,295.47
05/13/2025,302.38,"846,772",300.75,305.29,300.37
05/12/2025,300.11,"1,726,778",289.93,302.79,289.92
05/09/2025,266.71,"700,794",267.67,268.58,264.64
05/08/2025,265.37,"711,004",261.37,266.65,258.505
05/07/2025,257.28,"822,608",252.41,259.84,251.86
05/06/2025,250.85,"521,839",246.87,251.77,245.995
05/05/2025,250.7,"426,456",252.47,255.545,250.6
05/02/2025,255.95,"525,790",254.69,259.04,251.94
05/01/2025,249.64,"507,794",251.58,253.235,248.46
04/30/2025,250.32,"762,582",246.18,251.29,243.525
04/29/2025,256.05,"1,599,818",262.11,265.05,251.94
04/28/2025,243.49,"1,094,565",246.0,250.33,239.45
04/25/2025,246.24,"530,246",243.19,247.96,241.47
04/24/2025,244.08,"411,061",237.0,246.205,236.75
04/23/2025,234.48,"507,362",237.885,248.0525,233.52
04/22/2025,227.2,"582,576",226.36,228.89,222.69
04/21/2025,222.05,"443,392",221.56,224.61,217.33
04/17/2025,226.73,"391,268",226.7,229.31,224.09
04/16/2025,224.76,"748,742",224.64,227.925,220.34
04/15/2025,228.11,"618,964",229.52,234.0,227.685
04/14/2025,231.77,"694,400",233.77,235.09,226.63
04/11/2025,225.44,"1,103,910",221.15,229.915,216.86
04/10/2025,223.37,"999,054",234.36,237.165,219.22
04/09/2025,243.77,"1,527,890",213.02,247.52,205.73
04/08/2025,213.54,"878,311",231.94,232.54,209.38
04/07/2025,223.49,"1,092,152",216.65,231.39,210.76
04/04/2025,223.49,"1,846,590",222.24,227.1052,208.35
04/03/2025,238.5,"1,372,547",270.49,270.54,238.1
04/02/2025,287.57,"319,130",279.06,289.93,279.06
04/01/2025,283.07,"359,254",280.96,284.85,279.32
03/31/2025,282.56,"539,128",278.0,283.55,273.66
03/28/2025,280.79,"289,700",285.14,285.52,277.37
03/27/2025,285.14,"236,543",286.24,287.6599,282.81
03/26/2025,288.02,"319,982",292.05,292.11,285.75
03/25/2025,291.02,"348,911",297.39,299.49,289.47
03/24/2025,297.41,"511,956",294.33,301.77,293.855
03/21/2025,289.99,"1,471,919",282.5,290.435,280.245
03/20/2025,285.01,"499,343",283.11,288.71,283.11
03/19/2025,285.83,"455,954",283.5,289.09,282.3
03/18/2025,282.58,"323,554",282.72,285.54,281.92
03/17/2025,285.27,"416,613",278.47,287.32,278.47
03/14/2025,278.97,"526,222",275.84,279.38,272.4767
03/13/2025,271.72,"475,990",279.0,283.0,271.03
03/12/2025,279.18,"491,557",283.26,286.46,278.22
03/11/2025,280.33,"754,747",283.53,284.59,278.24
03/10/2025,283.36,"762,222",288.0,290.52,280.3685
03/07/2025,292.69,"1,178,300",292.68,294.85,285.58
03/06/2025,294.56,"469,045",299.44,302.7025,294.0
03/05/2025,304.0,"578,191",297.89,304.4,295.72
03/04/2025,297.92,"848,403",304.54,304.625,296.175
03/03/2025,306.84,"586,801",315.09,319.82,305.73
02/28/2025,315.05,"611,587",310.05,315.31,307.16
02/27/2025,311.0,"519,389",318.01,319.515,310.53
02/26/2025,319.48,"572,158",314.87,323.69,312.925
02/25/2025,310.34,"453,260",310.44,312.425,307.99
02/24/2025,309.55,"517,479",313.03,313.955,307.737
02/21/2025,311.05,"587,741",321.09,321.09,308.05
02/20/2025,320.98,"560,557",324.37,325.12,317.59
02/19/2025,324.75,"567,996",330.18,331.14,319.64
02/18/2025,331.08,"1,150,154",317.05,331.24,314.6001
02/14/2025,318.36,"868,875",321.0,321.865,312.37
02/13/2025,323.42,"1,714,315",329.48,347.37,319.5991
02/12/2025,352.92,"1,316,948",349.25,355.9899,348.5
02/11/2025,354.4,"951,761",355.58,359.3476,353.56
02/10/2025,358.44,"860,030",365.08,365.47,357.5691
02/07/2025,363.44,"1,423,704",376.12,376.89,353.86
02/06/2025,376.8,"579,244",385.87,386.79,376.27
02/05/2025,388.04,"408,833",385.35,390.8833,383.32
02/04/2025,383.46,"444,517",384.14,389.8,382.95
02/03/2025,386.09,"567,670",384.1,388.63,377.16
01/31/2025,391.94,"549,033",395.3,400.55,391.14
01/30/2025,394.7,"470,381",400.84,402.07,391.9
01/29/2025,399.59,"275,225",404.56,404.67,398.56
01/28/2025,405.59,"426,786",400.0,405.93,394.31
01/27/2025,399.36,"413,146",404.63,408.11,397.07
01/24/2025,414.61,"258,886",419.06,420.075,413.735
01/23/2025,421.11,"377,108",417.62,422.29,414.45
01/22/2025,420.57,"497,454",425.24,427.755,419.59
01/21/2025,418.07,"446,023",407.62,419.85,407.62
01/17/2025,405.71,"270,572",406.04,407.29,402.29
01/16/2025,402.72,"303,271",403.0,404.4,399.34
01/15/2025,400.25,"320,494",400.77,404.56,397.3
01/14/2025,394.4,"414,533",381.88,395.0,378.042
01/13/2025,381.69,"505,218",379.69,385.14,376.43
01/10/2025,385.54,"460,040",389.38,390.7,379.935
01/08/2025,397.0,"413,559",393.83,399.795,391.1
01/07/2025,396.11,"353,793",395.42,399.37,393.19
01/06/2025,395.33,"304,444",394.17,401.29,394.17
01/03/2025,391.86,"357,897",383.03,392.5,383.03
01/02/2025,383.76,"342,732",386.5,392.59,380.49
12/31/2024,386.22,"327,889",383.42,387.41,381.75
12/30/2024,383.85,"211,354",385.06,386.96,378.15
12/27/2024,389.07,"287,211",393.37,394.7,387.01
12/26/2024,396.85,"140,066",392.27,397.5,392.11
12/24/2024,395.44,"88,694",390.67,395.8,389.06
12/23/2024,390.65,"238,305",392.68,392.68,388.78
12/20/2024,393.04,"826,717",383.35,395.03,382.85
12/19/2024,385.37,"432,599",384.44,391.3552,384.44
12/18/2024,383.47,"378,199",396.5,400.31,382.45
12/17/2024,395.0,"366,644",403.0,406.34,394.56
12/16/2024,406.9,"305,355",403.95,411.34,402.85
12/13/2024,403.59,"249,260",407.3,408.89,401.55
12/12/2024,407.64,"259,562",403.52,409.25,403.52
12/11/2024,404.17,"328,457",404.25,409.87,402.54
12/10/2024,401.78,"351,354",410.57,410.595,400.7
12/09/2024,411.23,"259,583",408.44,413.435,407.26
12/06/2024,409.32,"222,836",406.6,413.06,405.2016
12/05/2024,404.98,"299,581",412.99,413.265,404.32
12/04/2024,411.94,"230,106",408.71,412.94,407.77
12/03/2024,406.4,"304,701",408.61,409.73,404.6759
12/02/2024,410.04,"294,167",409.29,412.455,406.6
11/29/2024,407.0,"175,680",406.64,409.03,405.51
11/27/2024,405.75,"258,286",403.73,406.14,400.9301
11/26/2024,402.45,"369,235",402.44,403.57,399.69
11/25/2024,400.94,"420,279",400.03,404.32,398.125
11/22/2024,397.19,"232,019",394.28,397.84,392.5373
11/21/2024,392.31,"368,386",386.86,395.14,382.78
11/20/2024,384.53,"489,364",384.04,388.43,381.7
11/19/2024,382.4,"324,527",380.0,382.94,377.43
11/18/2024,384.28,"421,719",385.3,389.375,382.535
11/15/2024,385.91,"372,348",395.04,395.155,382.1201
11/14/2024,394.66,"314,609",400.23,400.91,393.04
11/13/2024,400.23,"348,120",401.07,404.41,399.08
11/12/2024,402.69,"325,399",401.87,405.62,399.59
11/11/2024,403.16,"371,920",400.0,404.69,398.26
11/08/2024,399.31,"302,379",396.52,402.145,392.39
11/07/2024,397.18,"375,206",394.47,397.64,392.77
11/06/2024,394.02,"545,813",403.78,403.78,383.86
11/05/2024,379.69,"348,673",375.0,380.83,375.0
11/04/2024,377.02,"480,703",385.0,386.2199,375.145
11/01/2024,384.64,"523,306",381.97,386.1156,381.04
10/31/2024,381.97,"675,860",384.49,386.89,379.44
10/30/2024,383.89,"960,368",381.36,385.85,378.42
10/29/2024,384.68,"1,319,682",394.57,394.57,378.2243
10/28/2024,363.58,"715,233",365.6,367.63,362.59
10/25/2024,360.09,"473,687",363.41,365.645,359.37
10/24/2024,362.05,"384,239",370.94,370.94,361.6
10/23/2024,368.09,"224,095",369.95,373.28,366.1
10/22/2024,372.0,"187,989",370.73,373.42,370.4201
10/21/2024,372.59,"232,947",373.7,373.82,370.01
10/18/2024,375.45,"222,063",377.49,378.3325,373.89
10/17/2024,373.84,"234,965",375.11,378.495,373.21
10/16/2024,375.5,"176,878",376.2,379.59,374.38
10/15/2024,375.3,"302,933",376.74,380.045,372.89
10/14/2024,377.68,"240,292",374.76,378.775,373.21
10/11/2024,375.02,"215,649",370.68,376.59,370.68
10/10/2024,369.24,"311,569",369.09,371.32,365.44
10/09/2024,373.5,"323,278",368.97,374.86,367.07
10/08/2024,368.97,"236,690",365.33,370.23,364.12
10/07/2024,365.24,"268,479",363.99,365.405,360.57
10/04/2024,366.72,"217,094",369.69,370.4473,363.32
10/03/2024,363.89,"302,794",365.99,368.17,362.62
10/02/2024,368.68,"283,168",363.98,370.895,362.22
10/01/2024,364.3,"359,563",369.84,370.245,363.39
09/30/2024,370.32,"217,388",367.08,371.34,367.08
09/27/2024,368.6,"213,572",372.3,374.03,368.27
09/26/2024,371.24,"241,987",370.0,375.875,369.27
09/25/2024,364.97,"207,140",364.63,367.35,363.4
09/24/2024,364.43,"230,125",364.45,365.43,361.32
09/23/2024,362.39,"342,641",367.34,367.885,359.3
09/20/2024,366.76,"596,313",362.43,367.56,360.015
09/19/2024,363.79,"490,153",360.0,366.3,356.04
09/18/2024,351.83,"337,220",354.79,358.76,347.7885
09/17/2024,354.52,"539,857",347.07,354.61,345.59
09/16/2024,343.79,"241,965",337.24,344.19,335.86
09/13/2024,337.48,"267,751",339.12,343.505,337.19
09/12/2024,337.04,"288,139",338.81,338.85,334.49
09/11/2024,337.44,"305,026",334.85,337.665,327.4
09/10/2024,334.85,"277,696",329.37,335.09,325.31
09/09/2024,327.93,"344,109",321.59,328.26,321.59
09/06/2024,320.77,"690,381",328.8,330.7,318.01
09/05/2024,329.04,"254,703",326.45,331.0,323.44
09/04/2024,328.87,"362,367",328.74,331.33,326.82
09/03/2024,330.45,"467,311",341.46,342.945,329.32
08/30/2024,345.38,"453,456",345.32,345.66,337.93
08/29/2024,342.27,"319,208",345.44,348.08,342.03
08/28/2024,343.83,"211,240",344.68,347.2,342.0
08/27/2024,346.04,"236,766",345.1,346.17,342.5
08/26/2024,347.69,"248,200",352.97,352.97,346.5
08/23/2024,351.62,"196,336",344.17,351.79,344.17
08/22/2024,342.16,"224,879",346.76,346.915,341.83
08/21/2024,345.0,"310,722",348.69,348.69,343.575
08/20/2024,344.85,"431,316",346.06,348.435,341.27
08/19/2024,347.02,"298,919",344.11,347.02,340.5
08/16/2024,344.14,"276,539",342.32,346.32,342.18
08/15/2024,343.21,"307,213",338.77,344.4,338.695
08/14/2024,333.24,"248,801",332.23,333.66,327.59
08/13/2024,332.12,"431,642",323.16,334.2,323.16
08/12/2024,320.34,"279,834",320.7,322.58,318.0
08/09/2024,319.95,"271,711",320.55,322.98,315.25
08/08/2024,321.71,"673,258",307.73,323.75,304.28
08/07/2024,314.65,"529,657",321.23,324.55,314.355
08/06/2024,316.56,"367,387",318.47,322.91,316.14
08/05/2024,317.86,"464,646",310.57,319.65,305.0
08/02/2024,322.3,"447,821",331.8,332.13,319.04
08/01/2024,342.58,"580,863",350.42,353.86,334.3
07/31/2024,351.19,"634,408",357.78,359.6897,348.99
07/30/2024,348.12,"1,217,358",359.8,372.93,346.72
07/29/2024,335.09,"605,875",327.38,335.57,325.02
07/26/2024,325.98,"458,685",326.5,330.97,323.0
07/25/2024,324.41,"353,079",321.49,330.13,319.83
07/24/2024,322.09,"201,870",328.4,330.74,321.66
07/23/2024,331.2,"219,820",325.84,333.0,324.53
07/22/2024,326.57,"302,987",325.01,326.91,322.7501
07/19/2024,321.45,"208,404",324.99,325.32,319.48
07/18/2024,323.37,"414,789",325.32,329.63,321.8
07/17/2024,325.89,"410,766",332.11,335.86,325.67
07/16/2024,335.76,"321,394",328.79,337.08,328.6901
07/15/2024,327.5,"281,121",325.64,328.94,325.3
07/12/2024,325.19,"375,897",329.79,334.215,324.89
07/11/2024,328.32,"360,245",326.21,331.73,325.075
07/10/2024,323.81,"258,100",316.58,324.43,315.815
07/09/2024,315.24,"339,006",314.91,321.16,314.0
07/08/2024,314.48,"209,172",311.99,314.96,310.57
07/05/2024,310.51,"245,722",312.25,312.43,308.695
07/03/2024,312.85,"106,583",312.35,314.13,309.24
07/02/2024,310.03,"212,679",307.39,311.56,306.21
07/01/2024,306.21,"266,721",308.82,313.05,303.36
06/28/2024,308.93,"417,913",309.0,314.04,306.16
06/27/2024,306.99,"303,702",307.03,309.695,304.6
06/26/2024,307.12,"264,839",303.93,307.21,302.26
06/25/2024,306.04,"319,031",308.2,309.11,304.46
06/24/2024,306.71,"428,186",300.47,307.76,300.05
06/21/2024,300.01,"576,873",297.71,301.17,293.427
06/20/2024,296.64,"352,292",296.0,298.27,295.05
06/18/2024,295.25,"436,187",302.09,302.09,294.45
06/17/2024,302.4,"306,403",300.95,303.59,298.645
06/14/2024,301.37,"218,779",305.49,305.49,298.68
06/13/2024,308.91,"302,976",307.64,309.21,304.61
06/12/2024,304.56,"191,635",307.24,310.11,303.0201
06/11/2024,301.38,"172,899",301.01,303.0,299.04
06/10/2024,302.6,"227,771",298.82,303.765,295.08
06/07/2024,300.83,"187,259",305.22,308.03,300.43
06/06/2024,307.49,"162,859",307.12,308.87,304.15
06/05/2024,307.5,"248,003",304.8,309.99,303.0
06/04/2024,302.77,"219,475",303.98,307.89,301.38
06/03/2024,307.63,"305,605",314.1,314.625,302.275
05/31/2024,312.34,"507,159",316.61,318.77,308.1593
05/30/2024,316.62,"233,838",319.55,319.55,315.31
05/29/2024,316.93,"216,483",321.09,322.29,315.3402
05/28/2024,326.24,"303,063",328.33,328.5,324.1
05/24/2024,327.0,"205,382",325.31,327.0,322.6
05/23/2024,324.06,"276,579",328.7,328.7,321.3004
05/22/2024,326.98,"230,702",321.71,327.09,321.71
05/21/2024,321.78,"285,667",319.21,322.48,317.0711
05/20/2024,320.16,"331,981",316.24,320.54,316.24
05/17/2024,317.89,"222,673",320.74,320.74,317.52
05/16/2024,319.86,"288,377",324.0,324.17,319.67
05/15/2024,323.87,"217,529",323.0,325.11,322.213
05/14/2024,320.98,"216,290",318.39,322.78,317.85
05/13/2024,316.0,"232,877",319.1,320.15,315.57
05/10/2024,315.8,"304,135",319.04,319.08,314.1995
05/09/2024,316.5,"250,415",319.04,319.87,315.065
05/08/2024,319.95,"329,818",314.94,320.06,312.19
05/07/2024,317.87,"275,022",315.48,320.677,314.25
05/06/2024,315.79,"334,067",312.15,319.45,311.8
05/03/2024,309.59,"475,225",315.65,317.07,308.93
05/02/2024,312.71,"507,757",312.23,315.17,303.215
05/01/2024,309.05,"580,069",311.61,315.52,303.49
04/30/2024,314.56,"907,725",320.0,322.9517,304.21
04/29/2024,300.01,"560,742",298.45,303.84,298.195
04/26/2024,297.21,"461,539",293.5,299.15,292.78
04/25/2024,292.53,"674,734",274.36,293.285,271.63
04/24/2024,277.53,"322,642",275.28,280.92,274.24
04/23/2024,276.56,"245,836",271.55,277.45,271.55
04/22/2024,271.63,"305,117",271.74,274.87,267.211
04/19/2024,268.07,"351,620",273.03,274.87,266.75
04/18/2024,273.03,"376,141",274.0,277.03,271.505
04/17/2024,276.14,"175,573",283.52,284.49,275.75
04/16/2024,280.415,"245,503",280.65,283.285,278.22
04/15/2024,283.0,"199,502",292.32,293.41,281.52
04/12/2024,289.68,"221,039",293.85,295.03,287.87
04/11/2024,297.54,"270,531",300.24,300.465,292.25
04/10/2024,299.91,"287,654",297.38,304.81,296.415
04/09/2024,306.17,"364,539",299.42,306.955,299.42
04/08/2024,296.87,"232,849",295.11,299.34,293.76
04/05/2024,290.38,"216,727",291.91,292.19,287.57
04/04/2024,292.96,"390,660",295.78,303.88,291.895
04/03/2024,292.75,"399,370",294.08,296.24,291.245
04/02/2024,296.5,"461,486",293.99,297.665,292.96
04/01/2024,301.0,"416,937",302.59,304.56,298.065
03/28/2024,301.44,"376,937",300.24,302.63,298.035
03/27/2024,299.16,"404,991",293.15,299.55,292.64
03/26/2024,291.38,"290,584",300.0,301.52,291.01
03/25/2024,297.94,"449,805",291.4,299.515,291.295
03/22/2024,291.44,"201,831",293.87,293.87,290.16
03/21/2024,295.06,"227,402",289.02,296.44,287.875
03/20/2024,285.81,"358,547",284.93,287.065,278.84
03/19/2024,285.19,"306,046",283.98,287.525,283.495
03/18/2024,285.97,"329,264",288.53,288.6,283.68
03/15/2024,285.86,"539,250",277.5,286.36,277.5
03/14/2024,281.77,"375,262",282.08,285.32,279.05
03/13/2024,284.5,"286,195",284.07,286.16,282.33
03/12/2024,285.44,"316,148",281.11,286.905,278.445
03/11/2024,280.23,"268,780",282.3,283.54,279.185
03/08/2024,282.59,"328,604",290.47,290.99,282.43
03/07/2024,288.59,"246,604",289.42,290.69,285.32
03/06/2024,287.27,"182,128",289.25,289.58,283.52
03/05/2024,284.54,"306,673",289.76,289.76,282.17
03/04/2024,291.65,"442,490",290.65,293.57,286.0084
03/01/2024,289.64,"413,173",279.68,289.94,278.75
02/29/2024,279.48,"400,909",276.05,282.0,275.76
02/28/2024,272.8,"212,855",272.29,274.22,270.83
02/27/2024,275.78,"194,599",279.56,281.039,274.48
02/26/2024,278.06,"336,892",273.89,279.41,272.4
02/23/2024,274.99,"269,311",278.21,279.83,274.99
02/22/2024,279.48,"302,524",278.27,283.905,277.035
02/21/2024,274.43,"374,981",269.73,276.23,268.65
02/20/2024,271.93,"523,785",269.86,272.39,267.38
02/16/2024,275.46,"658,173",282.41,283.0,271.705
02/15/2024,283.75,"1,184,724",276.57,294.99,273.28
02/14/2024,252.96,"567,311",249.47,255.355,248.27
02/13/2024,245.8,"692,213",251.78,253.105,243.485
02/12/2024,259.4,"395,803",253.09,260.0,253.09
02/09/2024,253.09,"328,612",248.36,253.77,248.36
02/08/2024,247.12,"318,724",247.22,249.745,245.68
02/07/2024,247.11,"522,933",243.67,247.62,240.38
02/06/2024,242.49,"497,137",241.15,243.5,241.15
02/05/2024,242.07,"336,173",242.92,244.095,239.035
02/02/2024,246.48,"418,557",240.21,247.94,237.06
02/01/2024,242.6,"474,210",239.55,242.87,233.95
01/31/2024,239.55,"482,617",250.0,250.0,238.48
01/30/2024,250.91,"302,085",255.98,255.98,250.56
01/29/2024,255.93,"493,224",250.72,256.04,249.71
01/26/2024,252.17,"268,290",256.98,258.42,251.62
01/25/2024,256.99,"334,197",257.98,260.75,255.47
01/24/2024,254.17,"522,106",259.14,259.14,251.67
01/23/2024,256.09,"211,816",255.85,257.435,252.62
01/22/2024,254.57,"357,588",251.85,258.22,250.37
01/19/2024,249.09,"397,631",250.44,251.32,245.1405
01/18/2024,249.59,"482,163",240.4,250.12,237.75
01/17/2024,239.17,"463,251",240.0,240.34,236.19
01/16/2024,243.52,"498,307",246.53,247.04,240.22
01/12/2024,248.87,"625,603",256.77,259.17,243.56
01/11/2024,255.03,"380,943",254.01,256.87,248.43
01/10/2024,255.27,"276,886",256.0,256.9323,252.495
01/09/2024,256.44,"326,637",255.82,259.6644,255.0
01/08/2024,261.09,"399,452",252.11,262.28,251.355
01/05/2024,252.69,"293,521",252.21,257.1567,252.145
01/04/2024,252.97,"358,077",251.1,255.41,250.53
01/03/2024,252.52,"404,813",264.12,265.55,252.375
01/02/2024,267.98,"452,866",268.56,270.74,265.39
12/29/2023,273.33,"251,342",274.73,276.3099,272.77
12/28/2023,275.35,"193,857",274.11,276.39,272.78
12/27/2023,275.79,"275,709",276.5,276.65,273.265
12/26/2023,275.5,"220,015",270.0,276.08,269.293
12/22/2023,269.41,"225,891",266.77,269.83,265.89
12/21/2023,265.31,"282,522",264.76,266.15,261.67
12/20/2023,261.61,"332,824",269.61,270.98,261.35
12/19/2023,269.42,"467,083",268.61,271.79,265.68
12/18/2023,266.68,"484,953",271.05,271.05,264.4
12/15/2023,270.18,"1,025,026",269.17,280.33,268.0686
12/14/2023,272.16,"1,165,945",248.56,274.44,247.105
12/13/2023,244.43,"303,488",238.64,245.31,235.79
12/12/2023,239.38,"238,413",240.0,241.43,238.22
12/11/2023,239.65,"363,087",235.94,239.76,235.94
12/08/2023,236.13,"229,931",232.29,237.8,232.29
12/07/2023,233.23,"319,102",235.17,236.97,232.99
12/06/2023,234.13,"222,310",237.67,238.72,233.84
12/05/2023,234.36,"243,301",238.39,238.39,232.57
12/04/2023,239.37,"302,833",239.43,243.0,236.77
12/01/2023,241.22,"419,616",235.4,241.895,232.775
11/30/2023,236.98,"492,366",237.72,238.263,235.35
11/29/2023,236.62,"373,026",236.13,240.06,235.65
11/28/2023,233.89,"425,012",230.72,234.4229,229.65
11/27/2023,231.5,"528,601",227.65,233.62,227.65
11/24/2023,228.92,"195,194",225.83,229.65,225.83
11/22/2023,225.86,"550,144",223.4,226.995,221.585
11/21/2023,222.41,"360,520",218.49,223.04,217.38
11/20/2023,220.54,"330,626",218.84,221.78,216.6
11/17/2023,218.02,"340,653",218.46,218.695,215.27
11/16/2023,215.48,"275,726",216.22,217.49,212.4
11/15/2023,216.96,"501,613",215.65,224.21,215.65
11/14/2023,215.66,"542,744",209.0,216.5,208.5
11/13/2023,202.61,"411,226",204.4,205.38,202.01
11/10/2023,206.18,"602,261",202.92,207.21,202.455
11/09/2023,202.52,"486,946",207.59,208.15,201.425
11/08/2023,206.44,"525,922",208.0,210.37,204.04
11/07/2023,208.04,"613,313",204.5,208.26,202.595
11/06/2023,206.02,"373,829",213.86,213.86,205.21
11/03/2023,214.3,"540,795",210.87,217.14,210.87
11/02/2023,207.0,"758,514",200.46,207.23,198.19
11/01/2023,197.99,"822,536",209.57,212.495,194.5937
10/31/2023,209.43,"914,240",213.9,215.0,203.085
10/30/2023,209.77,"970,099",207.5,211.21,204.47
10/27/2023,207.18,"564,972",204.6,207.555,201.16
10/26/2023,204.83,"735,560",200.0,207.38,198.86
10/25/2023,198.91,"577,979",203.83,205.23,196.13
10/24/2023,205.91,"348,235",206.49,207.5,203.11
10/23/2023,205.29,"482,766",203.81,208.73,202.7
10/20/2023,204.55,"860,378",204.84,205.15,201.01
10/19/2023,205.99,"517,465",209.4,213.74,205.1
10/18/2023,209.12,"346,432",211.08,211.13,207.75
10/17/2023,212.99,"355,825",212.29,216.57,212.29
10/16/2023,214.97,"425,277",207.32,216.0,206.84
10/13/2023,206.92,"460,938",210.59,210.59,205.185
10/12/2023,210.87,"597,229",218.33,218.33,208.01
10/11/2023,217.16,"822,651",222.04,223.2712,215.32
10/10/2023,222.4,"361,924",222.98,227.54,221.76
10/09/2023,222.58,"266,582",221.17,223.46,220.175
10/06/2023,223.85,"383,991",220.85,225.02,219.33
10/05/2023,222.54,"448,353",227.38,228.48,219.42
10/04/2023,230.94,"487,489",232.05,232.05,227.79
10/03/2023,230.33,"313,277",230.97,232.89,228.16
10/02/2023,233.63,"246,091",236.53,236.6965,232.24
09/29/2023,236.53,"390,011",238.69,241.66,235.965
09/28/2023,236.87,"611,777",226.3,239.005,226.3
09/27/2023,225.91,"364,561",224.16,226.98,222.58
09/26/2023,223.96,"355,417",225.97,226.65,222.58
09/25/2023,228.15,"314,528",225.75,230.76,225.75
09/22/2023,227.15,"482,247",228.64,229.79,224.57
09/21/2023,228.68,"676,183",232.93,234.33,228.52
09/20/2023,235.83,"825,016",245.09,245.49,235.63
09/19/2023,252.17,"245,011",252.94,253.715,250.62
09/18/2023,253.2,"219,963",250.53,253.52,249.01
09/15/2023,251.38,"535,179",255.11,256.18,249.38
09/14/2023,254.79,"444,073",251.29,255.1,250.175
09/13/2023,250.18,"407,661",251.4,253.015,248.86
09/12/2023,251.31,"387,622",254.28,254.575,250.76
09/11/2023,254.77,"358,606",257.79,258.125,254.15
09/08/2023,256.37,"435,042",262.97,263.125,254.94
09/07/2023,264.24,"498,068",268.61,268.81,256.82
09/06/2023,272.38,"327,207",273.25,275.025,270.19
09/05/2023,273.25,"417,301",275.74,276.975,271.7
09/01/2023,275.95,"311,875",276.96,278.755,275.0
08/31/2023,275.01,"372,801",279.88,279.88,274.77
08/30/2023,279.11,"390,985",272.4,279.83,268.97
08/29/2023,273.49,"280,772",268.34,274.72,268.01
08/28/2023,269.92,"211,072",270.39,271.31,268.175
08/25/2023,268.39,"337,273",267.9,269.47,264.45
08/24/2023,265.92,"246,341",270.38,272.7,265.92
08/23/2023,270.09,"314,833",269.98,271.22,267.1
08/22/2023,269.36,"340,527",269.82,272.47,266.76
08/21/2023,267.53,"373,936",270.47,273.0,266.5
08/18/2023,271.98,"699,168",261.82,274.03,260.81
08/17/2023,266.03,"343,194",267.67,269.61,263.14
08/16/2023,265.94,"374,520",265.65,268.24,263.89
08/15/2023,267.98,"501,091",261.18,268.92,261.1228
08/14/2023,263.86,"295,172",263.45,264.09,258.615
08/11/2023,261.94,"493,233",254.08,263.0,254.08
08/10/2023,255.42,"413,989",258.5,260.0,252.825
08/09/2023,257.89,"499,589",253.42,260.88,250.75
08/08/2023,253.68,"520,985",248.82,254.32,248.14
08/07/2023,248.23,"427,638",251.06,251.92,245.35
08/04/2023,251.41,"569,739",249.0,254.8,246.6
08/03/2023,249.55,"1,171,002",238.09,252.28,231.98
08/02/2023,241.15,"1,317,644",250.1,251.235,236.97
08/01/2023,254.77,"2,622,136",245.02,262.5,244.67
07/31/2023,307.96,"546,363",299.36,308.04,299.35
07/28/2023,299.18,"534,081",303.43,304.835,296.43
07/27/2023,299.43,"493,945",308.0,308.9771,297.45
07/26/2023,306.12,"289,120",299.19,306.68,298.955
07/25/2023,301.43,"320,050",302.72,307.07,300.79
07/24/2023,302.59,"303,943",305.82,308.715,301.81
07/21/2023,306.46,"215,149",308.02,310.45,305.37
07/20/2023,304.54,"311,369",316.57,316.57,303.17
07/19/2023,318.37,"259,409",313.29,319.04,312.89
07/18/2023,313.17,"395,080",308.1,313.73,308.05
07/17/2023,309.51,"295,530",306.8,311.01,305.662
07/14/2023,309.28,"297,967",316.82,317.045,307.865
07/13/2023,318.47,"216,770",317.97,320.55,317.22
07/12/2023,315.93,"347,660",314.2,318.85,311.22
07/11/2023,309.16,"307,469",308.69,313.22,307.18
07/10/2023,306.16,"403,471",294.57,307.26,294.57
07/07/2023,295.22,"251,242",291.49,300.5,290.14
07/06/2023,291.14,"292,021",287.4,291.87,283.54
07/05/2023,292.85,"368,960",293.57,296.25,290.23
07/03/2023,296.27,"183,974",293.89,296.99,292.86
06/30/2023,295.83,"342,367",290.85,297.45,290.7
06/29/2023,288.68,"309,994",283.05,289.33,281.8
06/28/2023,283.49,"300,575",281.4,286.095,280.22
06/27/2023,282.81,"356,764",273.85,284.43,270.67
06/26/2023,273.11,"285,514",266.3,275.695,265.12
06/23/2023,264.33,"656,953",265.35,265.925,261.91
06/22/2023,267.91,"353,429",270.5,270.5,264.86
06/21/2023,270.88,"314,496",274.52,274.61,270.8
06/20/2023,277.55,"389,169",281.56,281.56,273.89
06/16/2023,282.4,"636,921",286.96,288.76,281.75
06/15/2023,284.55,"271,520",277.47,285.52,277.47
06/14/2023,280.38,"287,229",283.84,285.87,279.075
06/13/2023,283.39,"367,144",283.52,286.44,280.61
06/12/2023,279.99,"344,201",275.61,280.55,274.9142
06/09/2023,274.66,"360,865",278.34,280.58,274.32
06/08/2023,278.03,"366,243",276.97,278.43,272.38
06/07/2023,277.56,"266,297",273.15,280.31,272.35
06/06/2023,270.1,"455,114",269.11,273.65,266.5001
06/05/2023,269.11,"491,393",276.35,276.44,267.53
06/02/2023,278.01,"374,134",269.33,279.61,269.33
06/01/2023,266.2,"325,542",263.88,267.05,260.9
05/31/2023,262.57,"653,505",265.0,267.52,261.36
05/30/2023,267.78,"271,009",268.02,271.82,265.3
05/26/2023,264.72,"243,505",260.67,265.99,260.67
05/25/2023,259.69,"356,744",264.25,264.25,257.19
05/24/2023,261.39,"467,535",269.85,271.04,260.53
05/23/2023,271.22,"359,623",277.63,278.64,270.95
05/22/2023,280.13,"256,610",279.71,282.49,276.84
05/19/2023,280.8,"419,336",281.3,283.858,278.03
05/18/2023,279.33,"360,632",271.01,280.62,269.63
05/17/2023,271.67,"227,393",268.82,273.38,266.54
05/16/2023,266.38,"183,743",268.43,271.36,265.03
05/15/2023,270.7,"235,678",265.88,272.87,264.66
05/12/2023,266.16,"221,476",267.14,268.84,262.31
05/11/2023,265.28,"349,367",269.34,270.2717,264.17
05/10/2023,271.77,"257,448",272.21,274.85,267.65
05/09/2023,270.16,"432,895",275.0,278.16,268.97
05/08/2023,277.86,"384,110",274.0,278.14,271.77
05/05/2023,273.8,"486,342",269.1,275.34,263.86
05/04/2023,265.0,"551,652",256.2,265.71,255.0
05/03/2023,258.5,"710,110",255.45,265.36,254.9
05/02/2023,255.44,"1,327,141",251.44,269.01,245.75
05/01/2023,287.45,"407,451",287.17,290.34,286.485
04/28/2023,288.03,"428,093",284.24,289.97,282.62
04/27/2023,284.12,"234,309",283.51,285.04,278.21
04/26/2023,280.42,"214,891",284.9,286.28,279.59
04/25/2023,284.1,"297,760",290.34,293.48,283.965
04/24/2023,288.19,"244,305",288.34,290.335,286.38
04/21/2023,287.9,"302,560",289.92,289.94,285.0
04/20/2023,290.52,"220,696",289.17,293.475,288.0275
04/19/2023,292.76,"250,924",297.9,297.9,291.88
04/18/2023,300.63,"149,288",303.02,304.5,299.07
04/17/2023,300.46,"163,893",302.91,304.35,299.35
04/14/2023,303.08,"158,446",303.92,307.33,299.77
04/13/2023,306.17,"160,441",302.83,306.355,300.5869
04/12/2023,301.41,"130,361",306.23,307.08,300.5001
04/11/2023,304.03,"138,771",304.2,306.7,301.975
04/10/2023,301.96,"142,849",297.32,302.15,296.72
04/06/2023,300.26,"184,382",297.28,303.13,294.8
04/05/2023,300.15,"185,368",308.48,308.48,299.06
04/04/2023,308.71,"347,427",312.12,312.12,303.44
04/03/2023,311.65,"199,872",315.13,316.2295,307.4
03/31/2023,318.0,"373,445",310.0,318.85,310.0
03/30/2023,309.11,"302,616",301.91,309.3,300.9361
03/29/2023,296.12,"214,747",293.81,297.0,291.48
03/28/2023,290.15,"177,126",287.76,291.53,286.525
03/27/2023,288.86,"231,872",290.87,292.855,285.9304
03/24/2023,288.73,"321,993",286.58,289.29,283.07
03/23/2023,288.75,"244,677",290.06,295.915,285.87
03/22/2023,288.11,"362,949",292.33,298.7799,287.86
03/21/2023,294.43,"160,546",294.89,296.05,291.02
03/20/2023,290.84,"232,293",289.87,291.64,285.49
03/17/2023,288.71,"461,456",294.05,294.3,287.15
03/16/2023,294.93,"333,410",286.92,296.4,284.83
03/15/2023,287.74,"272,930",284.99,287.94,282.4601
03/14/2023,292.46,"211,327",292.49,293.49,286.9
03/13/2023,284.92,"265,466",284.11,291.38,278.53
03/10/2023,288.19,"258,440",296.23,297.71,286.555
03/09/2023,296.91,"351,015",307.47,309.565,296.37
03/08/2023,307.07,"186,138",303.27,307.37,301.5
03/07/2023,302.16,"182,562",305.42,306.11,301.86
03/06/2023,305.81,"154,873",310.27,313.79,304.025
03/03/2023,309.45,"230,157",307.62,311.53,306.07
03/02/2023,306.06,"254,195",299.8,306.58,297.62
03/01/2023,302.34,"409,043",299.83,305.5699,298.925
02/28/2023,300.25,"512,921",296.75,300.67,295.18
02/27/2023,296.23,"547,816",296.35,297.7125,293.44
02/24/2023,291.92,"415,285",295.0,296.69,288.88
02/23/2023,301.0,"444,763",307.54,307.82,295.42
02/22/2023,304.87,"308,951",308.26,308.53,302.28
02/21/2023,307.0,"375,026",317.96,317.96,306.29
02/17/2023,322.58,"496,819",329.12,329.6,310.55
02/16/2023,333.44,"555,831",330.0,340.84,327.62
02/15/2023,327.02,"305,719",316.9,327.43,316.9
02/14/2023,318.76,"192,593",315.89,322.79,312.74
02/13/2023,318.95,"287,459",313.15,319.01,309.85
02/10/2023,313.46,"342,409",312.64,317.6907,310.3044
02/09/2023,316.56,"478,474",322.16,329.705,315.67
02/08/2023,325.54,"277,521",328.28,329.67,324.5126
02/07/2023,331.15,"405,926",322.73,331.98,321.34
02/06/2023,324.7,"406,217",326.69,330.54,323.81
02/03/2023,330.81,"498,471",335.41,338.215,329.18
02/02/2023,344.7,"787,409",335.96,351.74,335.81
02/01/2023,328.63,"442,508",316.18,329.62,315.745
01/31/2023,316.18,"264,864",309.32,316.38,306.5
01/30/2023,309.03,"240,873",313.14,315.3,308.75
01/27/2023,317.1,"296,760",310.18,317.52,308.15
01/26/2023,311.27,"221,622",314.04,315.0,306.135
01/25/2023,310.57,"292,897",305.0,312.58,302.45
01/24/2023,310.08,"370,723",315.0,317.24,309.745
01/23/2023,317.76,"812,573",298.49,320.12,297.94
01/20/2023,297.03,"307,644",288.23,297.22,288.23
01/19/2023,287.72,"260,935",292.02,295.795,285.78
01/18/2023,296.54,"418,265",295.8,299.745,295.8
01/17/2023,293.58,"329,963",293.54,294.15,288.68
01/13/2023,293.7,"687,117",290.02,293.99,286.985
01/12/2023,293.0,"735,489",301.84,301.84,290.865
01/11/2023,299.79,"600,107",289.0,300.21,286.56
01/10/2023,286.93,"353,724",277.82,286.95,277.01
01/09/2023,279.29,"535,362",276.0,283.53,273.52
01/06/2023,273.42,"552,691",265.11,277.86,263.215
01/05/2023,260.06,"368,180",260.68,260.935,254.685
01/04/2023,262.99,"311,603",263.62,265.81,258.23
01/03/2023,260.2,"295,378",260.87,262.685,255.71
12/30/2022,256.41,"228,213",254.2,256.54,251.52
12/29/2022,257.53,"274,915",249.55,258.05,249.0
12/28/2022,246.84,"241,215",250.48,253.85,246.13
12/27/2022,251.0,"252,510",249.35,253.87,247.16
12/23/2022,248.22,"180,932",246.86,249.14,244.76
12/22/2022,247.51,"341,670",245.78,247.64,241.01
12/21/2022,250.84,"435,418",248.61,253.8,248.305
12/20/2022,247.15,"377,788",242.55,250.65,241.43
12/19/2022,243.71,"325,171",249.0,251.55,242.88
12/16/2022,248.92,"769,104",249.25,251.09,244.72
12/15/2022,251.04,"410,383",256.15,257.72,249.65
12/14/2022,261.5,"393,154",261.95,267.27,257.7
12/13/2022,263.27,"608,689",270.6,274.7,257.02
12/12/2022,258.1,"478,496",253.84,259.94,250.12
12/09/2022,251.45,"551,895",251.19,256.67,250.53
12/08/2022,252.82,"473,449",252.31,259.55,252.0
12/07/2022,252.54,"303,099",252.42,255.04,250.73
12/06/2022,254.21,"375,419",261.01,261.08,251.35
12/05/2022,261.8,"473,589",272.88,273.1,261.57
12/02/2022,274.86,"440,540",264.67,276.1417,264.61
12/01/2022,268.82,"521,903",268.76,274.29,262.87
11/30/2022,270.28,"1,734,538",266.62,273.9,257.74
11/29/2022,266.82,"534,884",269.79,273.0,261.535
11/28/2022,269.0,"492,914",268.38,270.06,266.515
11/25/2022,271.9,"202,392",270.5,272.3,269.62
11/23/2022,270.66,"464,600",262.74,274.85,261.985
11/22/2022,261.05,"442,103",257.4,261.83,255.25
11/21/2022,257.0,"402,676",253.95,258.22,253.13
11/18/2022,256.1,"504,472",259.39,260.91,250.32
11/17/2022,255.11,"342,404",251.79,257.62,250.22
11/16/2022,258.43,"465,880",259.76,259.76,254.1902
11/15/2022,261.59,"704,421",257.54,266.04,257.06
11/14/2022,251.47,"501,786",261.71,262.13,251.065
11/11/2022,263.38,"571,619",254.09,265.98,252.84
11/10/2022,253.42,"718,526",238.92,253.72,237.88
11/09/2022,226.88,"397,744",232.03,232.03,225.7632
11/08/2022,234.65,"355,162",238.86,241.195,231.21
11/07/2022,236.36,"321,923",232.52,236.56,227.62
11/04/2022,230.56,"451,909",231.83,232.63,224.865
11/03/2022,227.32,"619,158",231.84,236.66,227.15
11/02/2022,236.03,"1,039,893",236.07,242.796,231.38
11/01/2022,238.3,"1,778,081",264.4,264.4,237.28
10/31/2022,283.22,"661,852",283.43,287.97,278.84
10/28/2022,288.0,"567,493",275.03,288.605,271.72
10/27/2022,275.29,"422,380",276.98,281.89,274.885
10/26/2022,273.18,"248,062",273.43,278.66,271.17
10/25/2022,274.58,"261,212",267.61,274.72,266.565
10/24/2022,265.72,"368,289",264.3,267.635,259.01
10/21/2022,263.04,"348,797",255.92,263.91,252.39
10/20/2022,256.23,"311,659",261.08,265.93,253.55
10/19/2022,260.46,"230,137",261.34,264.87,257.39
10/18/2022,263.89,"352,114",269.51,271.96,260.47
10/17/2022,261.64,"338,016",262.53,264.84,259.28
10/14/2022,255.61,"413,476",265.17,267.715,254.56
10/13/2022,268.27,"578,618",253.32,277.99,252.445
10/12/2022,261.03,"469,045",250.09,263.28,248.905
10/11/2022,250.01,"450,514",255.44,257.08,248.17
10/10/2022,258.6,"290,185",268.0,268.26,255.58
10/07/2022,266.68,"345,425",273.82,275.6899,266.05
10/06/2022,280.35,"339,654",281.61,285.28,278.335
10/05/2022,281.88,"368,561",276.83,284.195,276.19
10/04/2022,281.65,"341,780",277.75,281.65,277.41
10/03/2022,272.09,"325,888",264.94,274.0933,261.69
09/30/2022,262.01,"378,541",264.84,271.96,261.63
09/29/2022,265.52,"354,126",266.41,268.17,262.41
09/28/2022,271.35,"287,696",267.41,272.94,265.54
09/27/2022,264.95,"420,377",271.21,272.23,263.25
09/26/2022,265.86,"363,173",268.55,274.23,265.05
09/23/2022,268.04,"395,419",270.38,272.63,262.8423
09/22/2022,272.94,"404,794",282.61,283.85,272.79
09/21/2022,285.08,"414,493",288.85,295.14,284.77
09/20/2022,285.65,"269,813",288.99,288.99,281.66
09/19/2022,291.21,"356,311",285.01,291.5037,284.4501
09/16/2022,288.52,"531,440",294.53,294.725,285.96
09/15/2022,296.2,"380,263",294.09,301.425,292.39
09/14/2022,295.97,"405,883",293.1,300.15,290.25
09/13/2022,293.5,"423,495",301.4,301.4,291.36
09/12/2022,311.85,"348,602",310.88,314.7899,309.3079
09/09/2022,307.84,"286,026",301.24,308.44,301.24
09/08/2022,298.3,"253,006",292.06,298.91,291.4
09/07/2022,295.58,"596,123",290.82,296.6,288.16
09/06/2022,289.93,"368,299",296.39,296.39,286.58
09/02/2022,297.6,"479,990",316.6,316.6,296.1
09/01/2022,309.74,"548,088",296.58,309.97,294.41
08/31/2022,301.64,"599,979",304.56,305.15,298.235
08/30/2022,302.86,"311,746",310.1,311.6599,301.46
08/29/2022,307.9,"235,290",304.9,311.36,302.48
08/26/2022,308.16,"284,339",331.08,331.65,308.09
08/25/2022,330.14,"179,333",322.0,330.42,321.85
08/24/2022,319.34,"210,860",317.77,321.525,316.64
08/23/2022,316.99,"181,655",315.0,319.3,314.46
08/22/2022,315.88,"241,595",322.33,322.33,314.58
08/19/2022,328.41,"218,352",337.68,339.32,327.61
08/18/2022,342.38,"201,099",340.46,346.015,339.1973
08/17/2022,340.45,"333,394",340.1,341.58,336.72
08/16/2022,344.91,"185,481",345.59,347.89,340.64
08/15/2022,349.41,"251,851",345.82,350.34,343.8
08/12/2022,346.74,"239,609",338.53,346.785,336.19
08/11/2022,336.0,"279,786",333.6,343.53,331.85
08/10/2022,328.87,"241,914",330.2,332.415,325.21
08/09/2022,320.15,"375,780",326.34,326.34,318.5
08/08/2022,330.32,"358,756",332.49,338.84,329.25
08/05/2022,331.7,"298,533",324.52,337.29,324.52
08/04/2022,330.58,"369,655",325.76,330.89,323.53
08/03/2022,326.41,"531,873",322.22,332.03,316.05
08/02/2022,323.32,"983,106",351.76,356.62,322.93
08/01/2022,358.43,"646,573",352.42,365.97,350.69
07/29/2022,357.69,"460,918",343.32,358.39,340.26
07/28/2022,344.5,"319,384",338.49,347.16,336.7
07/27/2022,338.49,"338,839",328.61,340.0,327.23
07/26/2022,326.97,"299,963",323.96,327.18,321.2
07/25/2022,325.37,"356,312",325.5,328.785,320.96
07/22/2022,326.68,"222,264",330.95,334.585,322.92
07/21/2022,332.15,"371,016",324.7,332.19,323.84
07/20/2022,325.42,"414,704",312.01,325.64,311.81
07/19/2022,311.91,"303,107",301.09,312.55,301.09
07/18/2022,295.84,"279,858",299.58,302.45,293.77
07/15/2022,297.72,"292,263",293.54,298.52,291.01
07/14/2022,290.8,"270,730",289.01,292.025,284.06
07/13/2022,292.49,"297,979",286.19,294.93,283.72
07/12/2022,292.41,"492,780",294.06,298.96,290.475
07/11/2022,291.7,"335,150",293.99,296.3528,291.0585
07/08/2022,299.52,"269,295",303.07,303.695,297.76
07/07/2022,305.14,"316,491",295.35,306.17,295.35
07/06/2022,294.53,"575,426",304.95,306.37,290.39
07/05/2022,302.33,"331,160",294.77,302.555,293.04
07/01/2022,299.34,"473,853",292.23,300.06,290.6481
06/30/2022,293.95,"540,511",295.17,297.65,289.83
06/29/2022,298.33,"260,036",304.83,304.83,295.28
06/28/2022,302.21,"271,057",309.87,312.99,301.415
06/27/2022,309.83,"335,603",311.31,311.76,305.55
06/24/2022,308.91,"1,009,185",301.1,310.36,300.79
06/23/2022,297.41,"307,758",298.23,299.1505,291.8588
06/22/2022,297.82,"433,998",293.58,299.465,290.77
06/21/2022,295.85,"489,298",293.51,299.95,292.49
06/17/2022,288.46,"867,641",296.73,297.46,287.93
06/16/2022,292.12,"457,660",301.16,304.27,290.03
06/15/2022,308.36,"436,948",304.45,312.715,301.0001
06/14/2022,300.74,"571,954",295.12,302.5,292.85
06/13/2022,293.08,"492,407",295.65,299.97,290.4486
06/10/2022,305.35,"506,314",310.0,311.17,304.1
06/09/2022,315.66,"552,147",329.4,330.24,315.57
06/08/2022,330.74,"600,476",334.48,334.48,328.36
06/07/2022,335.51,"457,173",330.62,338.23,326.01
06/06/2022,335.43,"391,266",341.48,342.405,332.89
06/03/2022,334.77,"359,189",342.07,342.07,332.79
06/02/2022,347.07,"587,569",334.38,347.91,332.18
06/01/2022,334.55,"334,341",339.61,344.01,331.73
05/31/2022,338.19,"717,735",343.78,344.1199,334.08
05/27/2022,343.53,"627,787",336.0,343.53,335.9
05/26/2022,332.47,"363,244",324.2,333.71,322.7401
05/25/2022,322.72,"379,834",319.87,326.605,318.6773
05/24/2022,322.88,"353,388",330.3,332.15,318.74
05/23/2022,334.73,"529,817",330.16,338.92,322.87
05/20/2022,325.37,"564,262",330.02,331.17,314.91
05/19/2022,324.1,"598,821",324.17,330.69,322.15
05/18/2022,326.42,"670,406",338.83,342.47,325.33
05/17/2022,344.58,"456,607",339.55,347.15,335.3
05/16/2022,329.33,"394,861",333.07,336.3,327.15
05/13/2022,336.86,"629,589",322.01,337.75,322.01
05/12/2022,316.72,"1,076,606",311.99,323.445,309.0
05/11/2022,314.5,"752,228",324.53,335.105,314.26
05/10/2022,325.84,"719,052",336.99,341.66,317.72
05/09/2022,328.54,"602,149",335.0,341.7194,327.45
05/06/2022,342.59,"554,123",343.31,349.49,333.37
05/05/2022,347.75,"552,852",363.87,366.42,344.05
05/04/2022,367.87,"771,749",364.17,370.905,354.433
05/03/2022,368.14,"621,817",376.44,378.89,360.0
05/02/2022,379.57,"525,356",371.66,383.06,367.15
04/29/2022,369.66,"600,364",380.24,385.3325,368.345
04/28/2022,382.98,"356,709",375.59,384.94,370.63
04/27/2022,371.11,"337,698",373.99,381.27,370.14
04/26/2022,374.5,"340,836",386.82,390.44,374.5
04/25/2022,388.94,"448,362",375.82,390.16,374.11
04/22/2022,377.98,"306,992",389.55,391.76,377.29
04/21/2022,390.04,"268,721",402.73,406.49,388.74
04/20/2022,398.42,"358,410",409.07,409.9,397.5
04/19/2022,406.62,"215,814",393.57,407.45,393.05
04/18/2022,394.28,"262,034",391.0,397.35,390.27
04/14/2022,393.68,"268,443",407.0,407.0,393.6
04/13/2022,405.0,"466,166",401.2,408.3,400.5301
04/12/2022,402.21,"276,211",410.88,418.67,400.75
04/11/2022,408.7,"249,091",410.78,413.695,405.8
04/08/2022,415.63,"387,643",416.26,419.14,406.7
04/07/2022,418.4,"464,526",418.08,427.02,416.9
04/06/2022,422.9,"442,255",417.53,425.13,413.22
04/05/2022,423.72,"456,675",431.96,431.96,422.42
04/04/2022,431.24,"492,290",433.5,437.295,424.78
04/01/2022,413.73,"505,247",414.63,417.17,403.7
03/31/2022,413.7,"575,620",428.91,432.21,412.94
03/30/2022,429.61,"316,484",434.0,437.925,428.5
03/29/2022,438.1,"292,084",429.34,440.64,428.66
03/28/2022,422.28,"319,506",425.66,426.94,417.715
03/25/2022,425.66,"294,305",427.58,428.125,421.345
03/24/2022,427.37,"311,018",424.31,427.85,415.725
03/23/2022,419.91,"325,811",428.73,430.98,419.29
03/22/2022,433.68,"455,809",429.83,436.94,424.92
03/21/2022,429.54,"491,303",437.62,439.45,425.33
03/18/2022,437.18,"930,717",419.35,439.71,416.22
03/17/2022,419.35,"537,947",401.04,419.95,399.72
03/16/2022,401.65,"321,480",391.75,401.95,389.46
03/15/2022,387.08,"341,094",382.45,388.48,380.8745
03/14/2022,380.09,"330,380",390.66,392.47,375.6324
03/11/2022,386.07,"410,323",390.92,394.0,385.38
03/10/2022,388.79,"250,369",388.29,392.36,383.12
03/09/2022,399.11,"346,076",395.95,402.91,391.45
03/08/2022,383.92,"407,620",381.67,396.8399,381.08
03/07/2022,381.65,"504,960",394.0,396.544,380.91
03/04/2022,394.24,"532,462",402.46,404.5,391.88
03/03/2022,407.29,"241,736",417.94,418.5214,404.69
03/02/2022,415.27,"409,454",409.19,418.34,407.12
03/01/2022,405.58,"462,142",413.0,414.0,402.245
02/28/2022,413.34,"541,083",414.25,417.67,406.14
02/25/2022,418.07,"440,633",415.1,423.87,410.65
02/24/2022,415.33,"508,662",386.95,415.81,385.34
02/23/2022,399.29,"569,011",413.0,418.16,398.46
02/22/2022,409.76,"549,657",416.0,422.71,406.65
02/18/2022,420.31,"536,259",423.81,427.36,418.415
02/17/2022,423.5,"609,266",426.685,431.805,420.62
02/16/2022,430.97,"538,929",432.0,434.21,425.75
02/15/2022,434.94,"615,990",433.67,440.49,432.64
02/14/2022,426.42,"659,057",442.3,451.46,423.54
02/11/2022,441.74,"1,276,017",465.6,467.66,436.245
02/10/2022,466.63,"772,725",489.61,489.61,461.33
02/09/2022,506.02,"678,649",497.69,507.48,494.02
02/08/2022,491.7,"615,308",495.67,499.98,488.47
02/07/2022,498.34,"299,815",505.54,509.11,496.84
02/04/2022,503.09,"394,573",503.62,510.4,495.91
02/03/2022,508.3,"487,793",509.29,514.72,506.63
02/02/2022,517.01,"482,754",512.82,520.32,507.5801
02/01/2022,509.48,"330,040",509.3,511.41,500.08
01/31/2022,509.12,"364,861",493.94,510.29,493.94
01/28/2022,492.57,"569,167",474.64,493.66,466.065
01/27/2022,473.23,"624,636",483.0,487.92,469.66
01/26/2022,475.7,"592,461",484.51,487.1,466.265
01/25/2022,474.0,"537,919",479.92,483.85,462.32
01/24/2022,490.56,"853,601",482.57,491.565,463.76
01/21/2022,494.18,"488,950",502.81,511.97,493.25
01/20/2022,501.42,"319,998",516.02,520.565,500.25
01/19/2022,513.11,"308,287",517.69,529.8,512.56
01/18/2022,516.72,"337,881",516.1,522.03,514.0
01/14/2022,528.0,"321,888",520.24,533.22,517.6
01/13/2022,525.8,"312,524",539.82,544.61,524.375
01/12/2022,538.44,"306,734",539.97,547.3651,535.05
01/11/2022,538.57,"443,483",535.15,539.02,521.6
01/10/2022,535.41,"403,387",527.37,536.1,516.08
01/07/2022,530.86,"432,825",552.14,553.54,530.14
01/06/2022,555.16,"338,308",555.0,563.06,548.45
01/05/2022,558.18,"403,742",582.4,586.92,557.48
01/04/2022,587.6,"345,992",584.75,589.275,574.31
01/03/2022,583.9,"272,602",592.08,599.73,578.49
12/31/2021,595.2,"117,074",594.82,598.55,594.165
12/30/2021,597.54,"87,503",602.71,605.485,596.16
12/29/2021,601.12,"128,604",596.34,603.515,596.34
12/28/2021,597.32,"139,524",606.98,609.32,594.095
12/27/2021,606.33,"636,379",585.93,607.27,583.23
12/23/2021,582.41,"461,572",583.34,586.855,578.68
12/22/2021,580.43,"355,231",580.87,582.47,575.16
12/21/2021,580.21,"598,279",581.23,583.305,573.2534
12/20/2021,570.78,"364,737",575.51,582.96,562.94
12/17/2021,588.52,"398,242",589.66,599.27,580.74
12/16/2021,592.04,"268,895",603.11,603.11,589.18
12/15/2021,598.19,"173,456",589.9,599.43,578.9
12/14/2021,585.86,"286,416",597.34,599.105,582.56
12/13/2021,604.98,"303,123",613.17,614.03,602.35
12/10/2021,614.55,"221,248",603.05,615.0,600.55
12/09/2021,597.74,"203,213",604.77,612.34,597.05
12/08/2021,605.39,"234,418",605.44,608.3625,599.07
12/07/2021,605.44,"254,217",594.52,610.1,594.52
12/06/2021,584.22,"224,188",593.31,593.31,577.53
12/03/2021,588.29,"229,463",603.0,605.0,579.459
12/02/2021,596.96,"269,875",580.87,599.215,577.32
12/01/2021,581.03,"253,763",597.8,604.055,580.46
11/30/2021,588.78,"458,749",605.84,614.01,585.75
11/29/2021,607.2,"262,682",597.46,609.41,588.22
11/26/2021,590.72,"144,146",595.64,607.08,586.53
11/24/2021,598.02,"198,693",596.99,599.07,585.15
11/23/2021,598.74,"382,138",598.4,605.52,590.67
11/22/2021,602.97,"317,557",607.9,612.3607,595.82
11/19/2021,596.75,"205,460",608.67,608.67,593.68
11/18/2021,606.96,"200,672",606.88,609.79,599.3275
11/17/2021,605.83,"174,539",606.56,609.32,599.1
11/16/2021,605.0,"148,767",589.05,605.6,589.05
11/15/2021,590.76,"115,616",594.29,597.58,587.04
11/12/2021,591.84,"130,835",587.41,592.88,583.49
11/11/2021,585.06,"112,839",585.33,589.37,581.71
11/10/2021,581.8,"178,190",592.0,593.4161,578.84
11/09/2021,595.72,"207,924",597.72,602.775,589.65
11/08/2021,596.81,"203,577",612.23,614.095,592.88
11/05/2021,607.5,"328,310",598.0,610.95,598.0
11/04/2021,597.41,"382,700",579.38,605.39,572.815
11/03/2021,578.49,"401,725",580.69,580.69,555.15
11/02/2021,585.55,"564,256",549.9,593.6,545.56
11/01/2021,542.59,"370,265",533.45,544.51,532.8
10/29/2021,533.95,"266,230",528.27,534.54,525.855
10/28/2021,532.06,"204,573",521.84,532.27,518.6
10/27/2021,517.84,"155,750",525.41,530.315,517.12
10/26/2021,525.41,"130,968",536.05,536.05,524.92
10/25/2021,532.46,"165,933",528.52,533.64,522.18
10/22/2021,527.92,"221,153",534.6,543.49,527.55
10/21/2021,533.61,"172,692",526.27,535.39,524.79
10/20/2021,527.06,"163,453",530.55,530.6267,523.22
10/19/2021,528.63,"164,365",530.03,534.1,525.22
10/18/2021,526.92,"190,432",513.38,527.4,511.52
10/15/2021,515.83,"228,875",514.82,517.94,513.32
10/14/2021,511.35,"209,143",500.69,511.8,500.54
10/13/2021,496.86,"180,698",499.31,501.58,493.99
10/12/2021,494.54,"303,333",495.96,501.32,493.15
10/11/2021,493.13,"245,064",497.26,501.73,491.9884
10/08/2021,498.73,"227,931",504.5,505.18,492.63
10/07/2021,504.41,"239,197",512.01,513.725,503.79
10/06/2021,506.39,"176,553",501.05,507.99,498.15
10/05/2021,506.89,"225,851",503.91,514.49,503.15
10/04/2021,502.32,"288,361",509.04,510.43,498.81
10/01/2021,510.98,"534,564",517.62,517.62,507.425
09/30/2021,515.42,"370,948",530.51,532.66,514.99
09/29/2021,525.67,"331,922",533.5,535.5,523.08
09/28/2021,531.18,"234,296",542.6,543.0,528.43
09/27/2021,548.58,"196,245",556.0,558.905,546.09
09/24/2021,559.48,"285,723",548.82,560.92,548.82
09/23/2021,553.46,"412,370",555.43,560.88,550.78
09/22/2021,547.58,"368,349",543.14,551.99,540.94
09/21/2021,543.0,"310,649",555.44,556.988,542.03
09/20/2021,551.9,"364,508",559.76,561.69,545.25
09/17/2021,569.15,"393,565",583.48,584.02,567.165
09/16/2021,584.76,"167,318",578.6,588.15,577.84
09/15/2021,580.98,"158,173",576.79,585.79,576.02
09/14/2021,576.79,"184,932",579.67,582.91,573.5552
09/13/2021,579.9,"182,988",587.69,587.69,575.0001
09/10/2021,580.63,"140,119",582.07,586.76,578.57
09/09/2021,577.47,"148,882",578.49,585.11,576.02
09/08/2021,579.75,"137,668",582.03,584.02,572.9
09/07/2021,581.14,"179,833",593.58,593.58,580.4
09/03/2021,590.6,"178,643",589.0,594.77,585.56
09/02/2021,588.25,"169,992",588.36,591.49,585.61
09/01/2021,582.78,"195,220",592.48,592.48,579.47
08/31/2021,587.17,"230,104",585.07,588.77,579.21
08/30/2021,584.78,"175,010",591.9,594.14,583.91
08/27/2021,587.96,"317,263",581.09,588.345,578.8
08/26/2021,578.91,"121,079",584.62,584.62,578.53
08/25/2021,584.11,"133,904",577.84,584.25,577.84
08/24/2021,578.71,"109,665",580.31,583.67,577.59
08/23/2021,578.89,"154,864",574.33,581.615,574.33
08/20/2021,571.49,"187,897",563.18,572.33,562.27
08/19/2021,562.72,"153,345",552.91,565.94,551.09
08/18/2021,557.18,"197,312",559.68,568.28,556.87
08/17/2021,562.68,"150,248",569.34,569.93,558.42
08/16/2021,572.89,"133,231",570.54,576.0,567.04
08/13/2021,571.07,"117,280",568.0,571.39,562.205
08/12/2021,568.4,"149,332",568.97,570.4999,564.273
08/11/2021,569.54,"129,654",567.91,572.2052,564.09
08/10/2021,567.11,"144,003",565.0,567.45,560.6
08/09/2021,563.98,"128,805",562.31,566.04,557.96
08/06/2021,562.27,"205,687",565.06,566.99,552.51
08/05/2021,569.22,"248,285",560.0,570.825,558.02
08/04/2021,560.0,"321,717",547.56,566.77,547.0
08/03/2021,546.74,"446,413",559.49,559.855,527.54
08/02/2021,550.97,"240,534",555.0,558.678,548.84
07/30/2021,552.48,"250,098",545.3,554.215,544.6
07/29/2021,548.1,"162,499",548.0,554.1,547.0
07/28/2021,545.74,"140,402",539.5,547.4186,535.93
07/27/2021,540.18,"233,853",543.26,544.08,529.211
07/26/2021,545.31,"162,318",550.0,553.66,539.43
07/23/2021,548.61,"163,829",540.64,548.94,538.21
07/22/2021,536.22,"153,153",534.0,537.3713,530.01
07/21/2021,533.77,"197,469",520.64,534.14,520.64
07/20/2021,519.67,"275,956",510.98,524.18,507.27
07/19/2021,506.91,"274,366",509.59,514.45,502.6301
07/16/2021,518.33,"162,543",523.7,525.47,517.91
07/15/2021,522.62,"246,020",528.86,531.92,517.911
07/14/2021,530.14,"190,142",537.74,539.48,528.4
07/13/2021,533.62,"229,130",546.36,546.36,531.94
07/12/2021,548.1,"212,104",548.79,549.9821,539.04
07/09/2021,547.73,"158,893",542.47,548.47,541.23
07/08/2021,539.84,"229,194",539.22,546.84,534.0
07/07/2021,546.65,"232,128",546.45,547.8,531.015
07/06/2021,544.35,"306,113",540.69,545.455,534.29
07/02/2021,539.94,"205,372",537.01,541.26,534.14
07/01/2021,532.02,"227,751",530.0,533.23,521.02
06/30/2021,529.49,"273,236",535.82,538.51,527.59
06/29/2021,536.06,"327,848",529.69,536.78,528.29
06/28/2021,527.13,"380,471",511.92,529.01,510.56
06/25/2021,510.65,"251,391",513.17,514.595,506.47
06/24/2021,510.39,"258,475",505.31,511.29,501.5
06/23/2021,502.88,"167,790",504.48,506.48,500.0
06/22/2021,506.44,"239,247",501.89,507.0,498.925
06/21/2021,504.13,"301,170",494.39,504.5,492.6801
06/18/2021,493.43,"487,129",499.25,500.4,484.34
06/17/2021,502.09,"189,416",506.61,509.31,499.01
06/16/2021,506.7,"196,630",506.87,513.09,504.4
06/15/2021,506.1,"184,921",509.92,509.92,504.32
06/14/2021,509.92,"208,523",509.1,511.2809,505.49
06/11/2021,508.48,"157,766",511.02,511.475,505.81
06/10/2021,508.63,"149,762",506.67,511.6,505.8
06/09/2021,505.35,"205,601",508.06,508.18,502.1731
06/08/2021,505.57,"245,671",505.4,508.63,501.875
06/07/2021,506.18,"224,970",516.5,517.94,503.96
06/04/2021,516.57,"286,504",509.94,517.0,506.98
06/03/2021,506.04,"209,848",503.99,509.24,500.155
06/02/2021,504.77,"231,948",501.87,506.04,499.72
06/01/2021,502.92,"226,631",502.07,507.05,500.31
05/28/2021,497.05,"219,534",498.97,501.84,495.15
05/27/2021,498.1,"810,266",501.06,507.84,497.35
05/26/2021,501.33,"267,697",504.02,506.57,499.7
05/25/2021,501.92,"261,488",504.0,508.33,500.42
05/24/2021,501.62,"246,759",498.38,503.89,498.0
05/21/2021,494.33,"238,222",496.64,501.75,493.84
05/20/2021,493.88,"228,826",484.99,495.87,482.37
05/19/2021,484.72,"203,547",468.81,484.73,468.81
05/18/2021,477.55,"198,294",486.17,487.96,477.18
05/17/2021,482.01,"186,763",482.83,486.2,478.0
05/14/2021,486.73,"239,483",476.84,487.86,475.7258
05/13/2021,471.97,"187,745",466.18,477.65,466.18
05/12/2021,464.39,"355,981",478.46,484.0,464.15
05/11/2021,485.67,"395,671",473.73,487.29,466.6947
05/10/2021,484.04,"346,326",486.79,489.41,480.45
05/07/2021,488.58,"330,664",471.41,489.98,469.61
05/06/2021,471.41,"549,349",475.32,478.0,462.995
05/05/2021,482.42,"446,095",483.62,485.39,472.3572
05/04/2021,470.62,"514,635",478.06,480.61,455.705
05/03/2021,479.05,"487,013",492.13,492.13,475.09
04/30/2021,487.74,"353,484",491.03,494.91,486.31
04/29/2021,496.63,"168,529",500.0,502.41,492.59
04/28/2021,496.6,"199,743",499.61,503.03,495.0
04/27/2021,501.75,"138,772",498.6,502.82,494.48
04/26/2021,498.5,"216,949",498.4,503.05,497.47
04/23/2021,497.41,"320,941",491.62,498.05,490.01
04/22/2021,487.35,"324,433",496.03,496.03,485.75
04/21/2021,491.37,"349,296",486.81,493.685,483.6938
04/20/2021,499.56,"209,338",505.39,511.07,496.71
04/19/2021,509.63,"177,017",513.49,518.66,506.79
04/16/2021,513.49,"209,106",510.92,515.625,505.36
04/15/2021,507.85,"189,937",504.36,509.565,502.56
04/14/2021,500.65,"286,403",503.63,508.92,498.35
04/13/2021,504.56,"278,154",510.08,511.33,501.55
04/12/2021,505.5,"193,035",507.83,508.0,501.15
04/09/2021,507.51,"195,677",498.9,508.04,493.53
04/08/2021,502.9,"268,948",490.68,503.4,488.93
04/07/2021,485.31,"203,238",488.1,493.44,484.325
04/06/2021,491.16,"181,865",492.8,493.92,489.01
04/05/2021,492.8,"225,999",492.19,496.63,490.055
04/01/2021,491.78,"267,481",489.92,494.95,483.29
03/31/2021,485.18,"330,229",475.58,488.6,475.58
03/30/2021,474.83,"251,418",462.78,477.15,460.82
03/29/2021,467.07,"235,496",473.65,476.94,464.15
03/26/2021,476.96,"261,268",462.91,477.52,462.82
03/25/2021,461.26,"349,011",457.75,464.24,451.68
03/24/2021,463.81,"324,395",463.34,469.0099,457.04
03/23/2021,462.65,"589,229",475.81,478.9,458.75
03/22/2021,463.77,"486,476",459.63,468.25,459.16
03/19/2021,459.95,"747,075",462.59,465.54,454.2
03/18/2021,461.11,"505,093",471.82,473.85,460.31
03/17/2021,473.28,"484,467",474.42,476.01,467.94
03/16/2021,473.9,"238,138",481.19,482.2,471.01
03/15/2021,478.11,"275,967",473.38,478.81,470.6332
03/12/2021,472.85,"376,368",477.5,477.5,464.8
03/11/2021,480.75,"272,265",476.88,483.9003,473.93
03/10/2021,470.51,"320,482",476.34,476.5499,467.43
03/09/2021,468.35,"454,368",468.62,477.56,465.78
03/08/2021,460.64,"336,023",478.14,478.655,460.56
03/05/2021,478.15,"533,121",484.81,486.11,454.16
03/04/2021,479.64,"855,297",485.97,499.32,476.73
03/03/2021,489.55,"652,656",500.27,502.85,489.15
03/02/2021,501.62,"263,952",516.785,516.785,498.3798
03/01/2021,511.48,"341,120",508.31,512.845,501.65
02/26/2021,499.43,"551,631",498.63,503.97,489.785
02/25/2021,497.62,"722,112",511.31,514.95,488.98
02/24/2021,512.69,"462,913",493.73,515.815,493.73
02/23/2021,498.02,"886,350",482.6,500.27,480.42
02/22/2021,488.31,"502,166",486.25,491.45,483.52
02/19/2021,490.94,"477,335",483.92,494.91,480.3
02/18/2021,477.65,"617,915",471.86,481.81,471.86
02/17/2021,479.58,"533,721",482.48,484.99,469.97
02/16/2021,486.01,"532,757",478.12,488.53,474.48
02/12/2021,477.74,"497,724",470.46,479.18,464.0
02/11/2021,470.08,"562,673",445.53,477.68,441.0101
02/10/2021,427.47,"470,800",425.88,429.26,422.1901
02/09/2021,425.27,"305,527",419.52,425.4,418.07
02/08/2021,420.31,"187,431",411.96,420.31,410.01
02/05/2021,407.11,"232,095",409.27,411.89,405.6
02/04/2021,407.34,"180,378",404.47,409.36,403.31
02/03/2021,403.69,"206,903",411.0,412.14,401.78
02/02/2021,405.19,"263,377",396.38,410.31,396.38
02/01/2021,397.33,"252,515",391.67,400.325,388.455
01/29/2021,387.83,"298,959",390.31,397.69,382.4912
01/28/2021,393.03,"199,128",391.05,398.68,390.2901
01/27/2021,391.36,"314,406",392.99,396.47,380.64
01/26/2021,395.16,"234,595",403.18,404.36,394.01
01/25/2021,402.63,"192,476",409.23,412.4,400.375
01/22/2021,408.84,"259,280",405.4,410.58,403.6
01/21/2021,406.2,"161,630",407.51,409.01,402.97
01/20/2021,406.55,"241,936",409.47,411.5,405.0201
01/19/2021,405.84,"291,509",417.1,417.7798,403.42
01/15/2021,409.22,"305,818",410.74,414.27,406.63
01/14/2021,411.98,"247,168",413.62,418.7487,411.55
01/13/2021,412.45,"214,664",409.2,414.19,406.82
01/12/2021,407.95,"313,061",410.67,419.21,403.33
01/11/2021,413.79,"312,629",402.12,414.54,400.19
01/08/2021,405.47,"348,469",410.0,415.45,404.6425
01/07/2021,409.1,"379,888",395.9,411.96,395.15
01/06/2021,394.82,"419,591",377.22,397.12,377.22
01/05/2021,380.57,"374,747",376.51,381.81,374.97
01/04/2021,378.13,"432,738",385.75,387.0,372.455
12/31/2020,384.33,"176,519",383.72,385.49,380.4585
12/30/2020,383.75,"166,109",380.69,385.76,379.345
12/29/2020,378.04,"185,461",384.69,385.41,376.4
12/28/2020,382.59,"251,180",380.47,384.0,375.7415
12/24/2020,376.89,"138,272",382.28,382.28,371.4
12/23/2020,379.74,"191,070",382.61,384.6,377.44
12/22/2020,379.96,"474,566",377.5,387.28,375.66
12/21/2020,375.91,"505,644",366.0,376.73,363.0
12/18/2020,373.0,"900,630",377.43,378.5,369.195
12/17/2020,375.43,"819,547",378.0,380.13,372.21
12/16/2020,377.41,"474,327",382.11,383.04,375.23
12/15/2020,383.45,"311,686",388.07,388.9236,380.0
12/14/2020,383.46,"309,212",379.84,386.74,379.84
12/11/2020,377.56,"162,063",372.78,378.6,370.3401
12/10/2020,375.14,"292,363",372.81,378.94,369.2901
12/09/2020,376.87,"215,348",377.9,382.9553,374.4028
12/08/2020,375.84,"207,548",373.63,377.25,371.27
12/07/2020,373.83,"321,179",378.28,379.85,372.51
12/04/2020,378.47,"255,901",376.02,380.95,375.0
12/03/2020,372.37,"263,549",368.0,374.71,366.02
12/02/2020,367.21,"385,577",370.71,373.01,364.565
12/01/2020,372.17,"403,780",381.63,382.71,370.83
11/30/2020,378.42,"603,322",378.48,380.22,369.01
11/27/2020,377.0,"206,044",377.02,381.205,375.12
11/25/2020,372.73,"345,103",375.689,379.91,369.29
11/24/2020,373.47,"566,758",368.83,378.82,362.36
11/23/2020,362.69,"590,896",367.1,368.79,358.55
11/20/2020,354.99,"698,917",363.42,363.42,354.16
11/19/2020,358.39,"1,189,739",336.01,367.66,333.06
11/18/2020,337.58,"211,381",343.119,343.94,337.57
11/17/2020,340.79,"323,286",341.77,342.54,338.5
11/16/2020,345.98,"292,721",347.94,348.4175,342.09
11/13/2020,345.86,"228,863",344.35,347.73,341.68
11/12/2020,340.78,"316,723",353.67,354.29,339.7738
11/11/2020,356.27,"297,102",348.67,356.73,345.62
11/10/2020,345.02,"553,120",352.55,356.61,341.18
11/09/2020,352.71,"490,003",356.99,362.58,352.47
11/06/2020,346.43,"370,253",340.18,348.44,338.59
11/05/2020,340.12,"398,975",333.83,343.83,332.86
11/04/2020,329.18,"423,481",320.42,329.66,317.15
11/03/2020,319.22,"571,704",314.9,322.9,305.5598
11/02/2020,293.07,"510,736",289.41,294.97,287.49
10/30/2020,283.64,"304,394",290.0,290.97,281.02
10/29/2020,291.97,"263,022",284.72,294.01,282.9407
10/28/2020,285.2,"300,175",284.47,287.39,282.08
10/27/2020,289.28,"351,565",295.08,295.08,287.19
10/26/2020,295.1,"250,771",299.9,302.325,293.94
10/23/2020,303.72,"293,546",303.0,304.57,298.23
10/22/2020,300.91,"321,708",293.8,301.33,292.25
10/21/2020,291.86,"233,052",295.29,300.33,291.19
10/20/2020,294.83,"211,050",293.24,300.0,292.655
10/19/2020,291.57,"347,565",292.2,299.3608,291.28
10/16/2020,293.0,"218,790",289.96,295.37,289.24
10/15/2020,287.31,"204,296",280.38,287.33,280.38
10/14/2020,284.77,"345,591",288.65,290.695,281.87
10/13/2020,286.73,"227,405",288.83,290.75,286.19
10/12/2020,288.25,"277,856",287.24,289.3,286.245
10/09/2020,284.0,"216,223",281.63,284.25,280.99
10/08/2020,279.09,"221,290",277.73,281.4,277.73
10/07/2020,276.58,"279,130",274.01,278.305,272.83
10/06/2020,269.97,"378,267",267.14,273.49,267.14
10/05/2020,268.01,"375,199",261.09,268.47,260.4
10/02/2020,258.81,"354,539",252.52,259.21,252.52
10/01/2020,258.48,"461,331",256.81,259.15,254.34
09/30/2020,252.46,"596,371",258.07,259.385,250.45
09/29/2020,258.92,"191,952",262.21,263.09,257.63
09/28/2020,260.56,"272,735",261.06,264.025,259.05
09/25/2020,257.46,"250,591",251.91,258.7,250.045
09/24/2020,250.67,"215,686",247.31,252.72,247.31
09/23/2020,249.58,"308,537",253.86,254.99,249.4
09/22/2020,252.28,"388,570",251.0,252.86,246.83
09/21/2020,248.73,"369,558",251.02,255.96,247.47
09/18/2020,256.15,"537,906",255.95,260.69,253.82
09/17/2020,256.18,"289,653",250.73,256.38,249.4
09/16/2020,254.15,"277,322",260.1,260.2,253.35
09/15/2020,257.46,"251,966",254.18,259.37,253.12
09/14/2020,251.26,"302,976",253.43,255.58,249.025
09/11/2020,249.96,"225,921",252.58,253.22,249.51
09/10/2020,249.44,"535,581",255.0,257.9,248.72
09/09/2020,255.11,"519,855",260.28,262.5537,253.74
09/08/2020,249.26,"556,708",254.55,255.61,247.7
09/04/2020,260.55,"354,687",268.85,271.29,257.3108
09/03/2020,269.25,"416,842",291.16,291.16,267.24
09/02/2020,294.36,"360,527",289.16,295.525,286.1
09/01/2020,287.16,"254,945",287.3,287.471,283.91
08/31/2020,286.53,"340,661",281.29,287.15,281.05
08/28/2020,280.16,"259,726",278.3,280.5,277.7
08/27/2020,277.26,"267,423",287.23,287.71,275.53
08/26/2020,284.74,"320,502",278.21,286.17,278.01
08/25/2020,277.86,"328,288",276.22,281.185,274.45
08/24/2020,275.39,"256,117",279.37,284.5537,274.36
08/21/2020,275.33,"234,951",277.41,277.41,273.67
08/20/2020,276.55,"182,702",282.56,282.7,275.29
08/19/2020,283.13,"249,117",282.92,285.25,281.4003
08/18/2020,281.96,"317,287",278.61,285.29,278.61
08/17/2020,286.74,"214,799",288.49,291.3,286.0
08/14/2020,286.03,"163,777",284.78,286.22,282.9
08/13/2020,285.61,"142,834",283.22,285.95,282.37
08/12/2020,284.01,"239,636",281.97,284.63,280.32
08/11/2020,280.57,"183,312",282.02,284.04,279.675
08/10/2020,280.41,"223,234",282.84,283.98,277.615
08/07/2020,283.04,"195,110",284.73,285.02,281.26
08/06/2020,286.73,"241,508",285.18,288.2425,284.0
08/05/2020,288.84,"228,570",286.32,289.1,284.03
08/04/2020,284.68,"307,353",280.9,285.11,279.56
08/03/2020,280.72,"244,467",283.42,283.42,278.41
07/31/2020,280.75,"472,756",275.75,281.23,274.385
07/30/2020,274.95,"205,745",271.59,275.71,269.79
07/29/2020,273.85,"404,593",274.31,278.7,272.61
07/28/2020,271.18,"458,347",287.83,287.83,270.53
07/27/2020,273.34,"347,600",270.96,275.315,270.125
07/24/2020,269.98,"423,067",272.0,273.27,267.3
07/23/2020,275.71,"261,027",275.51,277.64,272.72
07/22/2020,277.0,"244,471",272.75,278.795,272.75
07/21/2020,273.28,"256,483",277.19,279.99,272.33
07/20/2020,276.36,"251,424",274.52,276.72,271.09
07/17/2020,273.1,"258,735",269.1,274.54,269.1
07/16/2020,267.66,"287,167",267.47,269.12,264.68
07/15/2020,268.16,"272,461",272.22,273.23,264.07
07/14/2020,266.47,"313,571",257.08,266.79,256.69
07/13/2020,255.5,"211,834",264.91,265.3,255.07
07/10/2020,260.67,"261,040",264.11,264.11,255.32
07/09/2020,262.01,"324,893",260.9,264.58,258.03
07/08/2020,257.21,"278,783",254.04,257.23,253.561
07/07/2020,254.26,"280,888",260.84,261.9,253.82
07/06/2020,261.63,"286,224",260.0,263.85,258.015
07/02/2020,255.04,"228,645",256.49,259.73,254.355
07/01/2020,251.23,"224,250",256.47,256.93,250.95
06/30/2020,255.95,"344,478",252.75,258.06,251.65
06/29/2020,252.05,"237,568",246.96,253.32,244.32
06/26/2020,246.42,"813,808",253.5,256.78,244.6
06/25/2020,253.64,"232,091",248.99,253.93,247.62
06/24/2020,250.5,"370,074",259.84,260.21,246.6
06/23/2020,260.77,"292,892",266.15,266.15,260.29
06/22/2020,261.79,"307,127",262.44,265.14,259.14
06/19/2020,264.41,"986,989",268.08,268.08,253.46
06/18/2020,262.23,"188,347",260.29,263.335,257.81
06/17/2020,260.82,"236,085",266.09,267.5159,260.25
06/16/2020,266.46,"244,466",267.09,269.67,261.0
06/15/2020,259.41,"307,122",251.63,259.48,249.1
06/12/2020,258.33,"305,222",258.99,260.075,253.056
06/11/2020,250.19,"349,260",259.83,260.7954,249.62
06/10/2020,267.08,"232,368",270.46,271.1769,266.835
06/09/2020,270.32,"315,980",273.28,275.546,269.97
06/08/2020,277.06,"284,179",273.59,278.6,271.99
06/05/2020,277.55,"438,179",265.17,278.55,263.89
06/04/2020,261.17,"345,104",266.97,267.36,259.26
06/03/2020,269.02,"334,385",267.48,272.0,265.04
06/02/2020,264.09,"266,011",265.938,267.075,261.66
06/01/2020,264.97,"294,137",259.33,266.22,258.02
05/29/2020,261.32,"490,691",257.86,261.99,254.1
05/28/2020,257.42,"335,017",258.24,263.69,256.915
05/27/2020,258.67,"501,867",257.29,261.24,254.12
05/26/2020,255.96,"558,931",250.0,259.35,246.69
05/22/2020,243.54,"301,558",243.75,245.545,240.46
05/21/2020,244.15,"286,909",242.09,246.3489,241.01
05/20/2020,241.49,"369,871",242.0,243.17,239.99
05/19/2020,240.55,"489,905",236.11,243.93,235.775
05/18/2020,235.8,"571,098",226.5,237.34,223.86
05/15/2020,217.8,"383,086",219.35,220.76,216.65
05/14/2020,221.77,"457,007",219.49,222.125,215.52
05/13/2020,223.08,"445,778",230.92,231.56,220.52
05/12/2020,230.2,"299,052",236.86,238.88,230.07
05/11/2020,235.26,"339,249",237.13,239.92,234.38
05/08/2020,242.92,"270,549",236.0,243.33,235.2706
05/07/2020,233.86,"276,195",235.0,237.305,231.66
05/06/2020,232.42,"219,057",232.98,235.54,231.2995
05/05/2020,233.15,"349,746",229.73,235.75,229.73
05/04/2020,228.77,"346,885",223.14,228.77,220.16
05/01/2020,225.55,"349,635",225.48,226.995,222.6
04/30/2020,229.66,"578,500",229.13,236.77,225.0
04/29/2020,244.97,"640,792",232.49,248.21,231.51
04/28/2020,228.48,"915,633",235.55,238.225,227.08
04/27/2020,220.93,"560,398",210.46,223.66,209.91
04/24/2020,208.62,"418,502",202.34,208.795,200.675
04/23/2020,200.97,"436,891",200.36,207.865,200.36
04/22/2020,199.41,"498,841",198.19,200.42,194.17
04/21/2020,192.85,"379,183",197.89,199.46,192.42
04/20/2020,202.35,"381,535",201.45,207.395,201.0
04/17/2020,202.98,"382,433",204.67,208.605,201.42
04/16/2020,201.6,"387,726",199.71,202.79,196.72
04/15/2020,196.81,"389,083",202.34,202.98,196.24
04/14/2020,206.88,"358,835",204.37,210.28,200.15
04/13/2020,197.91,"331,738",201.02,202.6,195.0
04/09/2020,201.22,"529,255",198.83,202.49,197.17
04/08/2020,196.65,"252,288",195.74,198.96,192.2335
04/07/2020,192.36,"413,610",199.7,200.38,191.61
04/06/2020,191.85,"306,396",184.775,193.6,184.51
04/03/2020,178.08,"598,571",173.02,179.76,172.01
04/02/2020,174.24,"599,818",173.87,179.75,170.63
04/01/2020,176.46,"606,045",177.56,179.13,174.02
03/31/2020,183.6,"520,980",186.79,189.49,182.1
03/30/2020,188.35,"323,920",186.21,190.36,180.68
03/27/2020,184.57,"390,691",192.71,192.71,180.63
03/26/2020,197.51,"505,465",187.83,197.92,185.96
03/25/2020,186.23,"505,364",180.03,195.19,175.6047
03/24/2020,180.55,"813,418",180.09,181.8,167.17
03/23/2020,170.72,"1,176,140",179.85,181.95,163.4411
03/20/2020,179.38,"1,701,578",186.07,189.86,177.08
03/19/2020,185.07,"1,202,036",181.86,186.22,169.3
03/18/2020,185.47,"803,185",167.74,186.94,166.34
03/17/2020,180.66,"564,428",170.2,182.7375,167.3301
03/16/2020,166.08,"800,298",155.0,172.18,150.06
03/13/2020,184.02,"659,397",174.51,184.1,163.445
03/12/2020,161.51,"1,028,548",177.23,178.9705,161.42
03/11/2020,191.3,"516,883",196.3,199.67,187.685
03/10/2020,202.19,"909,918",192.22,202.5,189.15
03/09/2020,185.26,"770,284",188.4,190.94,183.89
03/06/2020,202.74,"647,281",197.88,204.19,195.926
03/05/2020,203.76,"564,893",209.5,212.73,200.81
03/04/2020,216.04,"559,020",211.93,216.09,205.52
03/03/2020,209.31,"950,121",220.27,227.11,208.34
03/02/2020,221.71,"603,012",212.67,221.87,210.34
02/28/2020,210.97,"946,160",206.71,211.82,204.73
02/27/2020,213.93,"1,021,289",212.11,217.95,206.49
02/26/2020,217.81,"549,472",222.16,225.06,216.9
02/25/2020,220.0,"544,755",230.45,231.65,219.57
02/24/2020,227.4,"572,678",229.99,232.675,227.4
02/21/2020,238.39,"500,907",241.4,242.08,235.12
02/20/2020,242.72,"443,071",240.61,243.34,237.39
02/19/2020,240.5,"423,380",238.43,242.54,236.86
02/18/2020,236.66,"521,626",239.14,239.66,232.7
02/14/2020,238.77,"921,801",238.59,241.85,235.1
02/13/2020,233.32,"1,783,575",232.0,237.75,226.18
02/12/2020,251.99,"378,070",249.29,252.272,246.41
02/11/2020,247.81,"219,389",249.86,254.69,247.28
02/10/2020,248.55,"216,172",245.11,248.99,245.11
02/07/2020,247.26,"385,713",249.97,249.97,245.445
02/06/2020,252.09,"407,547",248.82,252.85,248.295
02/05/2020,247.81,"244,176",251.18,251.18,246.47
02/04/2020,247.87,"251,123",247.33,251.2,247.33
02/03/2020,242.55,"262,416",240.85,246.08,240.85
01/31/2020,239.02,"335,894",245.5,246.28,238.86
01/30/2020,246.32,"246,863",247.7,249.7,243.34
01/29/2020,250.17,"319,467",247.55,251.69,247.55
01/28/2020,247.98,"340,797",245.08,249.46,245.08
01/27/2020,243.23,"425,658",247.31,250.0,242.5668
01/24/2020,252.7,"223,678",256.27,256.99,251.57
01/23/2020,254.36,"358,792",253.9,256.13,251.5346
01/22/2020,253.75,"414,448",254.34,257.47,253.6
01/21/2020,252.42,"561,437",254.1,257.71,251.71
01/17/2020,252.74,"399,078",252.75,254.27,250.86
01/16/2020,253.93,"433,988",249.05,254.0,247.04
01/15/2020,247.8,"331,210",247.39,249.66,245.52
01/14/2020,248.07,"416,645",248.78,249.1,245.9225
01/13/2020,248.58,"479,114",247.24,248.92,244.43
01/10/2020,246.27,"623,585",248.08,248.08,243.29
01/09/2020,246.5,"766,210",249.16,250.06,246.19
01/08/2020,247.64,"689,617",251.28,253.48,247.25
01/07/2020,256.47,"236,286",257.5,258.74,256.08
01/06/2020,258.01,"322,598",252.62,258.01,252.62
01/03/2020,256.05,"305,333",256.1,258.65,254.88
01/02/2020,259.14,"387,794",259.03,260.4,255.17
12/31/2019,255.44,"363,472",253.9,256.47,253.9
12/30/2019,254.11,"339,067",256.0,256.715,253.73
12/27/2019,256.0,"214,078",256.31,257.94,253.38
12/26/2019,254.42,"255,414",255.8,257.0,253.0
12/24/2019,254.33,"164,359",257.05,257.18,253.92
12/23/2019,256.73,"812,361",254.08,260.1575,252.96
12/20/2019,252.49,"11,578,680",253.4,257.41,248.9
12/19/2019,253.13,"794,836",254.21,256.6,250.01
12/18/2019,255.43,"733,942",253.43,257.1,249.26
12/17/2019,253.44,"601,774",256.5,256.5,251.51
12/16/2019,255.45,"1,049,820",254.5,260.3,253.87
12/13/2019,257.8,"322,743",257.85,259.71,256.29
12/12/2019,258.28,"373,091",256.05,259.39,255.05
12/11/2019,256.82,"374,892",257.3,257.835,255.725
12/10/2019,256.81,"296,731",253.49,257.2792,253.12
12/09/2019,253.79,"374,631",255.48,257.53,253.78
12/06/2019,256.92,"461,389",254.69,257.6,253.99
12/05/2019,251.62,"355,935",254.35,254.52,250.85
12/04/2019,253.21,"368,455",251.0,254.98,250.8
12/03/2019,250.11,"289,290",245.87,250.84,244.0
12/02/2019,250.42,"305,638",251.85,253.16,247.0
11/29/2019,250.94,"212,514",255.38,255.9506,250.8
11/27/2019,255.21,"395,521",249.25,255.39,248.8256
11/26/2019,247.7,"472,556",248.78,249.485,246.16
11/25/2019,248.94,"416,891",245.07,250.7811,243.61
11/22/2019,243.57,"474,988",243.07,244.18,240.2191
11/21/2019,242.62,"521,665",242.09,244.08,238.23
11/20/2019,242.46,"838,549",236.07,245.39,236.0
11/19/2019,235.91,"388,787",237.4,237.7,233.34
11/18/2019,234.51,"414,321",237.2,239.22,234.05
11/15/2019,237.73,"546,926",239.61,240.19,236.71
11/14/2019,237.45,"580,244",241.75,241.75,236.06
11/13/2019,242.54,"231,419",243.99,245.18,242.06
11/12/2019,244.38,"303,857",242.76,245.66,241.6
11/11/2019,242.73,"424,704",240.14,242.89,239.42
11/08/2019,241.86,"223,748",240.28,242.99,237.21
11/07/2019,240.46,"377,489",244.1,245.99,239.36
11/06/2019,242.73,"410,008",241.86,244.585,238.18
11/05/2019,241.32,"604,280",245.86,248.65,238.66
11/04/2019,248.35,"834,384",240.48,248.83,239.185
11/01/2019,238.0,"453,478",238.0,241.5,237.06
10/31/2019,237.87,"479,697",239.92,240.5,236.42
10/30/2019,238.87,"717,047",237.64,240.5673,236.0001
10/29/2019,237.64,"1,182,085",223.21,241.76,222.42
10/28/2019,222.83,"868,366",220.0,224.9,220.0
10/25/2019,219.08,"553,854",211.76,219.4,211.08
10/24/2019,211.08,"437,248",207.73,211.83,205.055
10/23/2019,206.89,"360,287",202.78,207.27,201.24
10/22/2019,203.29,"265,732",206.21,207.4,202.75
10/21/2019,205.78,"249,004",204.92,208.12,203.19
10/18/2019,203.06,"299,987",204.74,205.7,201.9443
10/17/2019,205.73,"467,258",199.81,205.87,198.535
10/16/2019,198.33,"361,497",201.0,202.53,197.0
10/15/2019,202.15,"546,875",194.72,203.27,194.0
10/14/2019,193.58,"292,391",194.2,194.52,192.67
10/11/2019,194.6,"453,887",193.54,198.44,192.99
10/10/2019,190.86,"514,335",192.61,193.81,190.43
10/09/2019,191.63,"568,815",196.45,196.65,188.8
10/08/2019,198.09,"299,363",200.77,202.3,196.61
10/07/2019,202.73,"171,782",202.53,205.05,201.56
10/04/2019,204.49,"158,117",201.54,204.68,200.06
10/03/2019,200.85,"175,478",198.53,201.52,195.38
10/02/2019,199.51,"299,664",198.94,200.89,194.75
10/01/2019,199.54,"302,703",207.61,209.92,199.25
09/30/2019,206.37,"285,735",202.63,207.35,202.47
09/27/2019,202.18,"234,364",208.94,210.0,201.63
09/26/2019,208.27,"203,524",208.06,209.29,205.27
09/25/2019,207.95,"330,351",203.59,208.6,203.02
09/24/2019,203.98,"338,209",205.86,208.85,202.22
09/23/2019,205.4,"280,054",202.76,207.8,202.01
09/20/2019,203.68,"543,385",207.84,209.33,202.79
09/19/2019,207.95,"309,625",210.5,213.0,207.79
09/18/2019,209.2,"304,993",210.39,212.21,205.25
09/17/2019,211.0,"489,260",202.73,211.1,201.05
09/16/2019,202.78,"418,869",204.28,204.63,198.51
09/13/2019,205.16,"609,608",197.46,205.95,197.46
09/12/2019,197.28,"317,265",198.5,201.735,194.935
09/11/2019,197.42,"307,615",194.05,199.07,193.54
09/10/2019,192.64,"500,216",195.96,196.87,191.14
09/09/2019,196.81,"446,689",203.45,205.32,195.51
09/06/2019,202.73,"294,393",205.17,207.5071,201.85
09/05/2019,205.85,"366,957",202.94,207.15,202.25
09/04/2019,200.6,"274,568",202.27,204.09,200.2
09/03/2019,198.98,"412,563",201.61,202.51,196.495
08/30/2019,205.03,"342,597",209.02,209.995,203.39
08/29/2019,208.49,"342,389",206.46,209.185,204.0
08/28/2019,202.86,"356,840",198.09,203.24,196.5
08/27/2019,198.59,"463,895",202.3,202.3,196.51
08/26/2019,198.41,"303,380",202.03,203.0,195.895
08/23/2019,198.49,"327,307",201.22,204.294,197.59
08/22/2019,204.38,"264,240",205.99,207.514,200.73
08/21/2019,205.79,"479,370",204.66,206.61,202.56
08/20/2019,201.44,"422,791",204.71,204.71,201.18
08/19/2019,205.18,"301,730",207.67,209.0,205.1
08/16/2019,203.5,"357,222",200.07,204.25,199.81
08/15/2019,197.72,"242,417",200.6,201.74,196.1
08/14/2019,200.12,"382,746",203.38,204.88,197.03
08/13/2019,208.26,"434,551",201.11,209.29,200.69
08/12/2019,201.87,"292,746",203.13,205.17,201.2
08/09/2019,205.61,"324,242",209.8,210.065,203.66
08/08/2019,211.94,"723,815",206.51,212.36,206.06
08/07/2019,203.95,"448,191",202.25,205.55,199.65
08/06/2019,205.23,"467,608",201.15,205.735,199.95
08/05/2019,199.67,"623,171",192.11,200.55,190.37
08/02/2019,198.93,"365,216",201.93,203.99,195.23
08/01/2019,204.26,"708,150",211.71,216.22,200.7
07/31/2019,210.89,"675,955",215.56,219.363,210.85
07/30/2019,218.2,"1,436,267",206.45,220.46,205.0
07/29/2019,189.42,"700,250",190.25,191.9,187.29
07/26/2019,189.65,"488,866",189.27,192.62,189.27
07/25/2019,187.87,"499,994",187.6,190.17,185.98
07/24/2019,187.94,"478,381",184.42,188.1,183.02
07/23/2019,185.05,"712,380",183.77,186.39,181.31
07/22/2019,182.24,"417,420",182.84,185.0,181.7
07/19/2019,182.15,"717,560",184.19,185.584,180.25
07/18/2019,182.69,"2,201,765",196.97,198.0,177.06
07/17/2019,197.86,"395,385",199.11,200.58,196.75
07/16/2019,199.32,"496,036",197.95,200.435,196.15
07/15/2019,197.35,"446,924",200.98,201.96,196.6701
07/12/2019,200.44,"762,187",196.7,201.8,195.11
07/11/2019,195.01,"2,208,388",210.94,210.94,186.69
07/10/2019,211.96,"299,613",212.55,212.73,210.55
07/09/2019,211.72,"385,857",208.23,212.58,208.0801
07/08/2019,210.44,"445,853",215.6,215.6,209.865
07/05/2019,217.04,"403,189",215.15,218.215,213.34
07/03/2019,217.53,"316,822",212.2,218.11,211.65
07/02/2019,211.61,"414,714",208.67,213.13,206.56
07/01/2019,208.98,"764,530",214.09,214.99,207.6
06/28/2019,209.49,"778,505",207.67,210.68,206.02
06/27/2019,207.63,"672,859",205.0,210.9,203.7
06/26/2019,203.4,"570,825",199.42,204.39,197.69
06/25/2019,197.53,"546,064",200.39,200.94,196.06
06/24/2019,200.04,"258,299",200.36,202.75,198.6
06/21/2019,200.11,"396,514",199.27,200.81,197.76
06/20/2019,201.12,"480,809",203.79,203.99,198.71
06/19/2019,200.53,"455,462",201.88,204.4,199.53
06/18/2019,201.81,"645,787",195.79,202.215,195.2163
06/17/2019,192.99,"335,289",190.68,193.345,190.15
06/14/2019,190.81,"480,691",192.87,193.39,190.15
06/13/2019,194.0,"482,208",194.58,194.58,191.33
06/12/2019,193.63,"507,701",192.0,194.18,190.26
06/11/2019,192.07,"618,801",197.17,197.27,190.758
06/10/2019,194.51,"668,517",189.12,195.35,189.12
06/07/2019,188.37,"538,324",183.16,188.59,181.92
06/06/2019,181.76,"615,422",181.2,182.7,179.81
06/05/2019,181.59,"1,107,615",179.37,182.36,178.68
06/04/2019,177.08,"716,750",170.65,177.4099,169.71
06/03/2019,167.69,"721,249",171.14,173.23,166.15
05/31/2019,171.44,"853,101",167.31,172.0,167.27
05/30/2019,169.82,"565,446",169.03,170.58,167.01
05/29/2019,168.62,"816,071",175.55,176.55,168.025
05/28/2019,175.79,"3,765,114",177.11,178.73,174.102
05/24/2019,175.68,"925,830",172.76,175.73,172.52
05/23/2019,171.67,"734,412",171.34,173.18,169.29
05/22/2019,174.53,"632,041",173.65,178.81,173.65
05/21/2019,178.09,"820,814",175.38,178.47,174.67
05/20/2019,173.27,"970,787",177.64,177.71,171.69
05/17/2019,179.12,"835,675",188.0,188.0,178.88
05/16/2019,190.02,"956,675",186.03,191.84,185.5
05/15/2019,185.18,"479,458",185.48,187.31,184.29
05/14/2019,186.72,"992,417",182.37,189.02,181.25
05/13/2019,181.01,"1,199,844",190.0,190.83,180.98
05/10/2019,195.89,"668,754",194.55,197.2472,192.6228
05/09/2019,195.54,"721,582",197.88,199.96,191.64
05/08/2019,200.05,"391,631",200.44,203.28,198.695
05/07/2019,200.82,"648,437",203.51,206.28,196.931
05/06/2019,206.36,"771,814",201.19,206.5,199.34
05/03/2019,206.46,"506,360",206.54,208.48,204.545
05/02/2019,205.94,"654,075",206.14,207.97,202.51
05/01/2019,205.12,"1,096,957",212.26,214.4,204.22
04/30/2019,211.14,"1,253,551",225.91,226.34,210.03
04/29/2019,226.91,"683,316",228.8,230.09,225.84
04/26/2019,229.18,"422,598",231.0,231.59,227.84
04/25/2019,231.41,"423,885",235.35,235.4,229.43
04/24/2019,235.44,"469,888",233.3,237.15,231.01
04/23/2019,233.44,"560,895",231.37,233.54,229.06
04/22/2019,230.51,"333,507",231.51,232.91,229.7
04/18/2019,232.68,"312,631",231.8,233.785,228.71
04/17/2019,232.22,"321,175",235.4,235.975,230.01
04/16/2019,234.21,"325,828",232.55,234.9478,231.3407
04/15/2019,231.28,"591,739",233.22,234.525,230.9
04/12/2019,233.74,"572,100",228.14,234.0,228.14
04/11/2019,226.7,"339,997",225.8,226.9899,224.369
04/10/2019,225.61,"523,578",221.04,226.43,221.04
04/09/2019,220.12,"324,770",221.44,223.63,219.5
04/08/2019,221.44,"448,990",217.02,221.83,213.98
04/05/2019,218.33,"410,077",214.7,219.66,214.68
04/04/2019,214.01,"319,893",215.77,217.43,212.76
04/03/2019,215.04,"308,968",215.33,218.585,214.44
04/02/2019,213.62,"339,282",212.23,214.7,209.825
04/01/2019,211.91,"245,473",211.24,213.4699,209.5
03/29/2019,209.53,"339,056",211.09,211.9921,208.03
03/28/2019,208.46,"262,589",207.26,209.45,205.0
03/27/2019,206.76,"335,847",208.96,209.8063,203.53
03/26/2019,208.95,"391,458",207.0,209.4949,206.3801
03/25/2019,204.97,"468,906",207.12,208.61,203.3
03/22/2019,207.24,"534,496",218.02,218.75,207.0
03/21/2019,218.3,"253,936",214.25,219.39,214.25
03/20/2019,214.59,"510,840",213.04,216.19,211.7925
03/19/2019,213.68,"363,262",214.23,215.96,213.24
03/18/2019,213.21,"355,265",207.49,214.08,204.3444
03/15/2019,211.4,"496,537",213.24,216.78,210.84
03/14/2019,212.67,"424,230",212.48,213.17,211.01
03/13/2019,211.53,"569,557",211.8,212.94,210.7
03/12/2019,210.72,"399,427",210.55,211.93,207.82
03/11/2019,209.45,"494,228",203.52,209.625,203.52
03/08/2019,201.9,"370,231",199.92,202.37,199.351
03/07/2019,201.99,"296,258",201.72,203.93,199.2345
03/06/2019,201.24,"209,750",202.52,203.462,200.28
03/05/2019,201.64,"302,555",202.0,203.12,199.62
03/04/2019,201.73,"477,845",202.97,203.05,196.01
03/01/2019,202.21,"274,004",203.16,204.5473,200.29
02/28/2019,200.51,"330,152",202.2,202.61,200.305
02/27/2019,202.48,"340,472",202.66,203.5,200.125
02/26/2019,202.98,"370,643",203.51,204.57,201.185
02/25/2019,204.64,"506,468",207.32,207.88,204.33
02/22/2019,206.35,"539,149",200.64,206.65,199.6519
02/21/2019,199.82,"332,569",199.92,200.37,197.92
02/20/2019,199.85,"365,328",198.78,200.27,197.52
02/19/2019,199.32,"671,067",200.44,203.95,198.47
02/15/2019,199.75,"766,269",198.65,200.095,194.55
02/14/2019,196.47,"2,749,485",185.88,203.01,185.88
02/13/2019,183.97,"609,758",183.39,184.72,182.35
02/12/2019,182.96,"359,576",180.04,183.92,179.9
02/11/2019,178.38,"307,237",176.39,179.02,176.39
02/08/2019,176.4,"346,039",175.38,178.0,174.99
02/07/2019,176.79,"257,748",179.29,179.805,175.01
02/06/2019,180.76,"402,264",179.17,182.32,179.17
02/05/2019,178.87,"369,175",177.55,178.97,176.32
02/04/2019,176.55,"281,022",175.26,176.88,175.26
02/01/2019,175.06,"568,602",174.21,176.64,173.85
01/31/2019,173.6,"388,675",171.05,174.4,170.0
01/30/2019,171.36,"378,385",172.72,173.08,168.47
01/29/2019,170.71,"347,362",172.21,174.03,170.5284
01/28/2019,172.24,"390,805",173.54,175.28,171.75
01/25/2019,175.86,"392,346",176.16,177.73,175.27
01/24/2019,174.64,"380,897",173.44,175.24,172.97
01/23/2019,173.15,"325,359",174.14,176.565,172.02
01/22/2019,173.01,"450,457",176.56,177.59,171.13
01/18/2019,177.79,"362,722",176.84,179.81,175.74
01/17/2019,175.59,"656,914",167.82,176.995,167.82
01/16/2019,168.73,"435,307",166.65,169.375,166.1701
01/15/2019,166.4,"359,635",163.85,166.96,163.62
01/14/2019,163.61,"369,524",162.48,164.325,160.61
01/11/2019,163.2,"416,194",160.15,164.19,159.02
01/10/2019,160.35,"358,223",157.5,160.69,157.297
01/09/2019,160.21,"535,542",157.79,161.6,156.79
01/08/2019,156.33,"838,543",157.35,159.0,152.13
01/07/2019,155.29,"1,099,950",153.52,156.64,152.01
01/04/2019,152.97,"713,267",150.51,154.49,149.65
01/03/2019,146.88,"514,646",153.85,153.85,146.52
01/02/2019,156.24,"347,330",155.99,157.46,152.27
12/31/2018,159.23,"409,064",157.07,159.33,155.98
12/28/2018,155.97,"344,800",156.98,159.5,153.4371
12/27/2018,155.35,"494,094",149.11,155.36,148.04
12/26/2018,152.52,"327,231",145.07,152.76,143.526
12/24/2018,142.9,"363,043",143.71,148.22,140.95
12/21/2018,146.25,"885,366",151.41,154.03,146.04
12/20/2018,150.99,"605,638",158.3,160.97,147.56
12/19/2018,159.04,"764,222",163.91,166.76,158.4
12/18/2018,162.93,"759,680",161.29,166.59,161.01
12/17/2018,158.97,"775,717",171.67,171.67,158.32
12/14/2018,171.89,"396,878",170.61,173.11,170.26
12/13/2018,172.79,"258,667",174.76,175.24,170.82
12/12/2018,173.51,"377,748",173.23,176.19,172.1847
12/11/2018,169.97,"356,706",171.92,172.44,168.6979
12/10/2018,167.87,"335,258",165.34,169.21,163.71
12/07/2018,165.34,"406,203",172.23,177.074,163.175
12/06/2018,172.58,"270,359",168.05,172.75,165.3304
12/04/2018,171.02,"571,731",181.2,182.645,170.5
12/03/2018,181.37,"575,529",183.55,183.55,176.47
11/30/2018,179.8,"433,517",177.88,180.22,176.8
11/29/2018,177.92,"361,676",180.24,180.78,176.74
11/28/2018,178.11,"350,524",169.88,178.57,169.87
11/27/2018,168.58,"281,200",168.07,169.5921,166.46
11/26/2018,169.04,"194,756",167.66,169.28,166.33
11/23/2018,165.0,"80,959",162.46,167.3,162.46
11/21/2018,164.34,"328,761",165.89,167.7735,162.41
11/20/2018,162.29,"553,506",166.29,168.0,160.51
11/19/2018,169.41,"406,516",180.86,181.02,168.62
11/16/2018,180.7,"674,147",179.35,183.46,177.59
11/15/2018,178.91,"763,374",172.01,180.28,171.19
11/14/2018,173.26,"329,831",178.0,179.51,172.46
11/13/2018,176.87,"432,270",178.68,180.5407,175.48
11/12/2018,177.43,"416,183",180.61,181.6649,174.93
11/09/2018,181.5,"421,109",182.0,183.35,179.63
11/08/2018,182.48,"605,985",178.19,184.71,177.01
11/07/2018,180.24,"676,530",182.24,182.24,174.02
11/06/2018,178.74,"1,238,886",179.54,184.75,167.34
11/05/2018,168.0,"510,341",168.13,168.63,165.71
11/02/2018,168.06,"433,351",169.3,171.56,166.77
11/01/2018,169.0,"521,166",167.62,169.84,165.85
10/31/2018,166.3,"387,118",165.98,171.42,165.94
10/30/2018,163.42,"398,104",157.2,163.68,154.605
10/29/2018,155.48,"458,556",163.01,165.13,152.81
10/26/2018,160.6,"279,186",159.26,163.64,157.21
10/25/2018,162.9,"398,907",160.78,163.8,159.43
10/24/2018,159.74,"787,631",166.64,168.45,159.39
10/23/2018,166.7,"324,012",165.29,167.69,160.91
10/22/2018,168.18,"616,899",165.07,169.63,164.0
10/19/2018,164.95,"398,142",170.02,170.72,163.65
10/18/2018,168.49,"400,267",168.79,169.87,166.43
10/17/2018,169.06,"326,055",168.38,169.3364,166.11
10/16/2018,168.37,"503,695",162.07,168.85,160.0
10/15/2018,160.8,"771,087",156.99,161.92,155.21
10/12/2018,157.71,"943,475",154.99,158.55,151.76
10/11/2018,151.0,"490,239",148.87,153.5,147.89
10/10/2018,149.58,"761,906",156.34,157.76,149.1
10/09/2018,157.38,"458,437",158.43,161.29,155.37
10/08/2018,158.5,"451,102",161.25,164.06,155.9
10/05/2018,162.23,"294,492",165.47,167.09,160.18
10/04/2018,165.2,"319,792",169.07,169.255,162.62
10/03/2018,169.41,"338,807",169.96,171.13,167.75
10/02/2018,168.99,"337,632",173.45,174.2755,167.86
10/01/2018,173.2,"279,610",177.72,177.8,172.92
09/28/2018,176.83,"268,333",177.42,178.88,176.56
09/27/2018,178.24,"336,092",176.04,179.08,175.36
09/26/2018,175.36,"254,823",177.51,177.6,175.14
09/25/2018,176.08,"334,181",174.66,176.185,171.55
09/24/2018,174.15,"209,634",174.25,175.8662,172.33
09/21/2018,175.2,"464,345",175.3,178.14,174.93
09/20/2018,174.78,"300,406",173.93,175.19,172.21
09/19/2018,172.7,"285,485",176.41,177.53,171.48
09/18/2018,176.26,"314,886",176.35,178.15,174.92
09/17/2018,175.65,"307,807",178.03,179.32,174.88
09/14/2018,178.7,"509,801",178.01,179.47,175.65
09/13/2018,176.31,"244,435",175.08,177.56,174.285
09/12/2018,174.69,"270,406",172.1,175.26,171.765
09/11/2018,171.48,"221,874",168.98,172.89,168.1
09/10/2018,170.05,"249,424",167.94,170.32,166.85
09/07/2018,167.83,"228,456",166.73,168.685,165.96
09/06/2018,166.98,"219,945",167.64,168.57,165.13
09/05/2018,167.17,"167,081",169.62,169.7,165.14
09/04/2018,169.96,"245,977",171.31,172.73,168.54
08/31/2018,171.74,"172,847",170.26,172.04,169.4348
08/30/2018,170.3,"247,123",170.96,171.68,169.66
08/29/2018,170.87,"240,519",170.17,171.67,169.66
08/28/2018,169.98,"343,773",170.76,170.92,168.37
08/27/2018,170.07,"233,200",169.41,171.255,168.38
08/24/2018,168.91,"193,245",169.83,171.15,168.26
08/23/2018,169.01,"315,473",168.64,170.57,168.14
08/22/2018,169.22,"434,194",168.86,171.23,167.76
08/21/2018,168.88,"325,793",165.85,169.38,165.11
08/20/2018,165.72,"299,349",164.7,166.385,163.53
08/17/2018,163.57,"304,933",160.88,164.39,160.88
08/16/2018,161.89,"319,102",164.5,164.5,161.465
08/15/2018,162.46,"413,885",163.06,163.47,160.191
08/14/2018,164.0,"524,479",163.0,166.8635,157.01
08/13/2018,161.94,"483,654",161.93,164.6507,160.41
08/10/2018,161.26,"306,240",161.19,164.44,160.33
08/09/2018,161.94,"547,104",158.17,165.04,157.5426
08/08/2018,157.38,"886,240",165.78,167.61,156.835
08/07/2018,166.62,"1,702,224",154.0,167.24,152.7711
08/06/2018,142.15,"585,051",142.25,143.95,141.07
08/03/2018,142.24,"267,198",142.29,144.4587,140.28
08/02/2018,142.04,"324,069",136.63,142.19,136.63
08/01/2018,138.83,"457,351",137.4,140.44,137.4
07/31/2018,137.93,"366,038",136.66,140.26,136.16
07/30/2018,136.77,"447,474",140.57,142.0,136.5
07/27/2018,140.53,"319,593",146.55,147.3,139.395
07/26/2018,145.91,"134,225",145.21,146.86,142.2
07/25/2018,145.4,"220,250",144.07,145.85,143.02
07/24/2018,144.06,"197,236",146.94,147.48,143.2794
07/23/2018,146.16,"302,084",145.62,146.63,144.07
07/20/2018,145.96,"180,115",148.66,148.69,145.7
07/19/2018,148.95,"262,114",148.96,149.7575,147.69
07/18/2018,149.09,"542,599",147.85,150.0,147.645
07/17/2018,148.22,"311,103",146.81,148.41,145.65
07/16/2018,146.8,"267,397",148.59,149.33,145.7
07/13/2018,149.43,"584,731",149.33,149.955,148.5
07/12/2018,149.36,"411,971",147.94,149.6,147.55
07/11/2018,146.67,"285,518",149.12,149.12,146.17
07/10/2018,149.87,"270,215",149.5,150.63,149.01
07/09/2018,149.72,"286,276",149.66,150.32,148.61
07/06/2018,148.25,"150,455",147.76,149.14,147.11
07/05/2018,148.25,"448,337",149.96,150.66,147.32
07/03/2018,148.32,"324,156",148.86,150.415,147.24
07/02/2018,148.28,"579,384",141.89,148.57,140.6001
06/29/2018,143.25,"255,381",144.11,145.69,143.22
06/28/2018,143.31,"230,055",140.94,143.84,140.07
06/27/2018,141.76,"384,054",143.96,144.78,141.6739
06/26/2018,143.22,"568,905",143.2,144.36,141.36
06/25/2018,142.21,"562,160",147.75,147.75,141.03
06/22/2018,147.88,"481,493",151.84,151.84,147.75
06/21/2018,150.69,"316,094",153.0,153.593,150.2
06/20/2018,153.03,"231,906",153.14,155.28,152.72
06/19/2018,152.56,"515,155",153.0,154.99,149.45
06/18/2018,155.04,"518,895",155.86,157.8129,154.94
06/15/2018,155.96,"863,175",155.47,157.47,154.53
06/14/2018,157.73,"261,031",158.92,159.725,157.62
06/13/2018,158.02,"282,611",160.22,160.26,157.75
06/12/2018,160.94,"262,573",158.77,161.13,158.77
06/11/2018,158.78,"263,512",160.96,161.38,158.6
06/08/2018,160.66,"662,858",158.73,161.719,157.84
06/07/2018,158.17,"429,622",159.48,159.83,157.89
06/06/2018,158.98,"465,766",157.17,159.4,156.06
06/05/2018,156.78,"522,258",154.28,156.9,154.0
06/04/2018,153.3,"519,525",152.86,153.91,152.5671
06/01/2018,152.49,"715,274",154.01,154.47,152.2
05/31/2018,153.51,"536,983",156.42,157.8,152.57
05/30/2018,156.13,"360,170",154.38,156.895,153.43
05/29/2018,153.99,"251,105",154.02,156.32,153.63
05/25/2018,154.95,"272,746",153.7,155.22,153.38
05/24/2018,153.81,"312,242",153.09,154.445,152.02
05/23/2018,152.96,"195,174",154.01,154.01,152.28
05/22/2018,154.19,"245,631",154.58,155.69,153.525
05/21/2018,154.16,"223,574",152.03,155.15,152.03
05/18/2018,152.63,"176,979",152.7,154.59,152.6
05/17/2018,153.63,"308,405",155.03,156.25,152.2687
05/16/2018,156.04,"334,493",153.85,156.8099,152.11
05/15/2018,154.45,"378,969",152.14,154.72,149.72
05/14/2018,153.65,"314,589",155.28,156.0,152.995
05/11/2018,155.57,"445,625",153.49,155.7,152.91
05/10/2018,153.12,"375,870",149.97,154.56,149.651
05/09/2018,149.57,"529,029",155.29,155.66,149.14
05/08/2018,153.24,"1,501,239",145.93,157.175,144.99
05/07/2018,137.48,"426,191",135.38,137.75,134.9601
05/04/2018,134.67,"362,897",133.17,135.89,132.35
05/03/2018,133.54,"396,386",132.44,134.05,130.79
05/02/2018,133.12,"434,005",135.18,137.04,132.91
05/01/2018,136.78,"333,596",134.35,137.07,133.74
04/30/2018,134.83,"229,193",135.12,136.94,134.78
04/27/2018,135.13,"320,492",136.8,138.355,134.27
04/26/2018,136.36,"266,765",136.91,137.97,135.19
04/25/2018,136.88,"418,422",137.86,138.92,135.75
04/24/2018,137.75,"294,178",140.14,142.09,136.29
04/23/2018,139.56,"247,178",142.97,143.72,138.68
04/20/2018,142.15,"250,200",142.05,143.185,140.79
04/19/2018,142.5,"162,588",145.22,145.775,141.98
04/18/2018,145.51,"238,988",144.99,146.695,142.9
04/17/2018,144.28,"316,389",143.22,144.71,142.44
04/16/2018,141.79,"234,901",142.5,142.9499,140.175
04/13/2018,141.24,"330,739",141.7,142.99,141.0903
04/12/2018,141.3,"331,865",141.85,143.4,141.27
04/11/2018,141.25,"222,988",140.47,142.045,138.75
04/10/2018,141.59,"340,228",138.2,142.77,137.92
04/09/2018,136.15,"216,427",136.34,138.71,135.95
04/06/2018,135.44,"342,093",138.5,139.86,134.5
04/05/2018,139.18,"303,373",140.08,140.33,138.53
04/04/2018,139.48,"587,032",138.19,140.28,136.75
04/03/2018,139.81,"622,710",138.35,140.9399,134.46
04/02/2018,137.4,"430,801",137.86,139.98,135.02
03/29/2018,139.19,"224,212",137.06,140.0,136.64
03/28/2018,135.95,"363,144",135.02,137.15,132.94
03/27/2018,135.46,"384,189",140.63,140.63,134.82
03/26/2018,140.4,"516,667",140.22,142.26,138.05
03/23/2018,136.35,"308,235",138.69,140.67,136.22
03/22/2018,138.29,"398,098",141.96,142.6,138.12
03/21/2018,143.46,"286,630",142.69,144.6467,142.645
03/20/2018,142.34,"275,728",139.9,142.56,139.88
03/19/2018,139.89,"353,463",142.8,142.9476,139.25
03/16/2018,143.34,"532,890",144.28,145.1,143.34
03/15/2018,144.4,"331,808",147.32,147.99,144.12
03/14/2018,146.79,"460,600",144.78,147.89,144.37
03/13/2018,144.2,"803,630",145.43,148.71,143.4001
03/12/2018,144.75,"365,032",142.75,145.18,142.75
03/09/2018,141.18,"611,582",141.53,143.92,139.95
03/08/2018,141.4,"253,848",144.82,144.98,141.27
03/07/2018,143.98,"381,002",141.86,145.55,141.02
03/06/2018,143.22,"384,756",141.56,143.41,141.4485
03/05/2018,141.02,"546,270",135.27,141.41,132.6483
03/02/2018,135.45,"398,298",139.3,139.995,135.16
03/01/2018,140.68,"375,676",138.66,141.83,136.23
02/28/2018,138.14,"315,193",140.4,141.76,137.8
02/27/2018,140.37,"516,576",142.19,143.52,140.32
02/26/2018,140.99,"771,764",142.24,144.53,140.25
02/23/2018,141.9,"797,921",137.0,142.65,136.82
02/22/2018,135.24,"1,421,308",129.0,137.5623,127.51
02/21/2018,120.35,"644,078",120.32,122.07,120.085
02/20/2018,120.07,"532,834",119.91,121.51,119.35
02/16/2018,120.25,"224,401",120.14,121.01,119.65
02/15/2018,120.54,"288,425",119.66,120.62,118.25
02/14/2018,118.8,"299,709",116.27,118.93,116.0
02/13/2018,116.71,"199,229",115.7,116.94,115.38
02/12/2018,116.01,"253,645",115.36,116.99,114.57
02/09/2018,114.92,"410,788",114.8,115.66,110.4785
02/08/2018,113.54,"253,212",116.9,117.93,113.52
02/07/2018,116.43,"240,424",116.18,117.1299,115.33
02/06/2018,116.51,"283,566",115.52,117.46,113.331
02/05/2018,117.02,"373,818",119.28,121.84,117.02
02/02/2018,120.73,"287,484",121.93,122.78,120.14
02/01/2018,121.5,"260,376",122.55,123.25,120.75
01/31/2018,123.16,"214,797",125.55,125.9528,122.83
01/30/2018,124.13,"244,810",124.2,124.69,122.942
01/29/2018,124.61,"234,550",123.77,125.34,122.1
01/26/2018,123.48,"399,443",123.88,124.581,122.7901
01/25/2018,123.5,"246,484",123.85,124.74,122.28
01/24/2018,123.35,"448,744",125.69,126.49,123.15
01/23/2018,125.68,"392,830",124.29,126.28,122.95
01/22/2018,124.29,"186,671",123.27,124.35,122.05
01/19/2018,123.75,"310,332",123.62,124.45,122.19
01/18/2018,123.23,"383,308",123.99,124.8,123.04
01/17/2018,123.78,"444,880",123.53,124.38,123.21
01/16/2018,123.38,"398,194",123.16,124.62,123.03
01/12/2018,123.15,"420,802",121.0,123.66,119.849
01/11/2018,121.17,"493,278",114.95,121.29,114.29
01/10/2018,114.78,"402,963",113.46,114.99,113.18
01/09/2018,114.02,"355,401",111.34,114.435,111.34
01/08/2018,110.63,"218,660",109.73,111.4,109.57
01/05/2018,109.54,"301,850",108.06,109.95,108.01
01/04/2018,107.86,"435,196",106.17,108.11,105.84
01/03/2018,105.77,"253,133",103.73,106.25,103.48
01/02/2018,103.71,"310,648",104.1,105.14,102.75
12/29/2017,103.8,"159,493",104.33,104.94,103.28
12/28/2017,104.28,"118,981",105.13,105.19,103.66
12/27/2017,104.95,"106,286",104.77,105.89,104.77
12/26/2017,104.79,"157,319",104.89,105.35,104.26
12/22/2017,105.15,"138,392",106.27,106.715,104.275
12/21/2017,106.53,"372,082",106.6,106.9416,105.59
12/20/2017,106.38,"486,040",104.77,106.66,104.11
12/19/2017,103.93,"238,035",103.73,104.97,103.73
12/18/2017,103.65,"325,768",102.62,104.53,102.62
12/15/2017,101.83,"764,328",104.41,105.38,101.49
12/14/2017,104.14,"239,599",105.87,107.01,103.88
12/13/2017,105.99,"176,736",106.7,107.21,105.75
12/12/2017,106.43,"253,610",107.75,108.29,106.33
12/11/2017,107.71,"180,125",107.95,108.39,107.63
12/08/2017,107.91,"174,175",108.44,108.977,107.4
12/07/2017,107.67,"341,840",105.76,108.165,105.72
12/06/2017,105.31,"314,453",106.93,108.115,105.25
12/05/2017,107.36,"266,049",109.32,110.13,107.14
12/04/2017,109.51,"360,521",111.43,111.7,109.41
12/01/2017,110.36,"350,911",110.33,110.85,108.45
11/30/2017,110.32,"221,923",110.06,110.77,109.36
11/29/2017,109.43,"319,450",111.63,112.39,108.575
11/28/2017,109.34,"189,747",108.78,109.52,108.26
11/27/2017,108.73,"200,112",109.32,109.89,108.25
11/24/2017,109.13,"82,805",108.79,109.99,108.63
11/22/2017,108.56,"225,108",108.84,110.4,108.0
11/21/2017,108.77,"284,382",109.29,109.97,108.57
11/20/2017,108.89,"318,474",109.25,109.53,107.9
11/17/2017,108.76,"471,237",107.3,109.8299,106.5
11/16/2017,107.86,"391,993",104.69,108.03,104.69
11/15/2017,104.34,"233,282",104.17,105.07,103.02
11/14/2017,104.99,"345,544",104.97,105.49,104.16
11/13/2017,104.94,"336,338",103.67,105.49,102.76
11/10/2017,104.42,"321,004",104.44,104.98,102.62
11/09/2017,104.43,"406,169",106.3,106.3,103.1232
11/08/2017,106.61,"790,608",110.19,111.2,106.42
11/07/2017,109.31,"1,279,496",110.6,114.53,106.37
11/06/2017,115.79,"596,181",114.24,116.41,113.42
11/03/2017,114.33,"378,414",113.13,114.4,112.27
11/02/2017,112.7,"206,111",113.6,114.65,111.261
11/01/2017,113.77,"265,121",117.05,117.05,113.12
10/31/2017,115.99,"498,524",114.05,117.44,113.8169
10/30/2017,110.47,"192,701",111.4,111.725,109.79
10/27/2017,111.61,"225,375",111.49,111.965,110.555
10/26/2017,111.48,"206,651",111.05,111.77,110.21
10/25/2017,110.8,"202,276",111.78,112.485,110.12
10/24/2017,111.78,"174,739",111.78,112.32,111.3418
10/23/2017,111.46,"119,933",111.18,111.68,110.42
10/20/2017,111.38,"182,305",112.56,112.67,111.2328
10/19/2017,112.13,"170,194",112.07,112.63,110.57
10/18/2017,112.76,"218,272",111.47,113.12,111.145
10/17/2017,110.88,"127,729",109.86,110.94,109.12
10/16/2017,110.16,"291,793",110.15,110.52,109.6
10/13/2017,109.79,"162,607",110.66,110.66,109.59
10/12/2017,110.09,"170,458",111.29,111.36,109.99
10/11/2017,111.3,"272,836",110.63,111.36,110.21
10/10/2017,110.27,"146,224",110.64,110.64,108.98
10/09/2017,109.91,"108,970",110.99,110.99,109.79
10/06/2017,110.76,"272,700",110.3,111.62,110.01
10/05/2017,111.02,"183,821",111.66,112.06,110.81
10/04/2017,111.4,"348,069",111.0,112.53,110.94
10/03/2017,110.8,"542,290",109.91,111.11,109.355
10/02/2017,109.88,"393,455",108.48,111.2337,108.41
09/29/2017,108.58,"269,442",108.96,109.68,107.11
09/28/2017,109.04,"315,938",106.72,109.889,106.26
09/27/2017,106.76,"306,997",106.82,107.44,105.77
09/26/2017,106.16,"350,950",106.7,107.75,105.94
09/25/2017,106.69,"250,075",108.41,108.45,106.46
09/22/2017,108.91,"179,099",107.3,109.19,106.77
09/21/2017,107.68,"242,834",107.04,108.76,106.56
09/20/2017,106.86,"342,748",108.39,108.39,106.415
09/19/2017,108.16,"362,010",108.12,108.98,107.48
09/18/2017,108.04,"507,497",106.04,108.14,105.9
09/15/2017,105.82,"417,056",105.5,105.98,104.75
09/14/2017,105.48,"361,647",104.27,105.52,103.51
09/13/2017,104.2,"403,597",102.82,104.36,102.4
09/12/2017,103.45,"187,467",103.69,104.3049,102.18
09/11/2017,103.13,"280,089",100.99,103.5,100.91
09/08/2017,99.76,"155,179",100.39,100.72,99.59
09/07/2017,100.75,"201,329",101.12,101.12,100.12
09/06/2017,100.85,"295,880",100.87,101.57,100.03
09/05/2017,100.74,"242,056",104.2,104.38,99.87
09/01/2017,104.18,"206,499",103.39,104.54,102.79
08/31/2017,103.09,"256,303",102.02,103.37,101.72
08/30/2017,101.98,"239,225",101.73,102.39,101.37
08/29/2017,101.59,"272,274",102.2,102.6,101.17
08/28/2017,102.82,"273,963",102.8,103.31,102.56
08/25/2017,102.77,"193,074",103.01,103.49,102.6
08/24/2017,102.48,"252,916",103.0,103.6,102.25
08/23/2017,102.93,"171,727",102.7,104.04,102.69
08/22/2017,103.29,"213,140",102.92,103.898,102.31
08/21/2017,102.2,"428,194",102.94,103.7188,102.15
08/18/2017,102.92,"258,533",102.54,103.79,101.92
08/17/2017,103.07,"254,657",106.12,106.12,103.03
08/16/2017,106.44,"508,812",106.15,108.99,105.69
08/15/2017,106.1,"555,073",103.56,107.15,101.3801
08/14/2017,103.19,"376,806",105.53,105.53,103.16
08/11/2017,103.49,"365,068",102.47,105.16,102.24
08/10/2017,102.5,"420,540",103.11,104.99,102.04
08/09/2017,103.84,"677,211",107.06,107.29,102.88
08/08/2017,106.65,"1,203,860",99.0,107.35,98.5
08/07/2017,97.25,"782,236",96.28,97.55,94.78
08/04/2017,96.2,"407,681",96.0,97.48,95.58
08/03/2017,95.97,"301,973",97.48,98.02,95.88
08/02/2017,97.75,"424,018",101.29,101.29,97.02
08/01/2017,101.15,"265,197",102.1,102.25,101.1
07/31/2017,101.72,"269,149",102.85,103.12,101.69
07/28/2017,102.76,"387,202",102.52,103.69,101.45
07/27/2017,102.77,"414,079",100.58,103.13,100.54
07/26/2017,100.06,"217,357",100.39,101.07,99.86
07/25/2017,100.22,"583,566",100.77,100.77,99.61
07/24/2017,100.32,"306,802",98.85,100.68,98.85
07/21/2017,98.83,"313,318",100.18,100.18,98.41
07/20/2017,100.0,"272,606",100.71,100.78,99.71
07/19/2017,100.62,"294,624",100.53,101.21,99.95
07/18/2017,100.52,"224,704",100.85,101.2,99.77
07/17/2017,100.72,"174,346",102.35,102.79,100.62
07/14/2017,102.1,"250,054",100.43,102.26,100.3498
07/13/2017,100.18,"274,230",100.51,101.01,99.94
07/12/2017,100.52,"260,164",101.58,102.215,100.48
07/11/2017,100.67,"443,415",100.0,101.84,99.53
07/10/2017,100.03,"322,205",99.66,100.27,99.065
07/07/2017,99.85,"321,515",99.19,100.6,97.8511
07/06/2017,98.66,"341,629",99.33,99.79,97.826
07/05/2017,99.86,"351,178",99.73,100.48,98.61
07/03/2017,99.69,"169,393",100.91,101.189,99.005
06/30/2017,100.52,"457,084",100.64,101.664,99.74
06/29/2017,100.23,"646,240",102.05,102.39,99.08
06/28/2017,102.0,"351,449",101.76,102.67,100.725
06/27/2017,101.43,"226,661",104.25,105.45,101.31
06/26/2017,104.19,"223,294",105.58,106.62,103.68
06/23/2017,105.25,"572,682",105.45,106.5,104.3853
06/22/2017,105.08,"320,812",104.94,105.94,103.69
06/21/2017,105.15,"295,974",106.2,106.4002,104.68
06/20/2017,105.83,"326,120",105.85,106.54,105.3
06/19/2017,106.0,"519,040",105.16,106.48,104.79
06/16/2017,104.3,"682,683",103.91,105.53,102.89
06/15/2017,104.4,"283,636",101.7,104.44,101.01
06/14/2017,103.0,"331,244",105.53,105.53,102.18
06/13/2017,104.78,"297,814",105.2,105.45,104.0301
06/12/2017,104.14,"437,060",105.43,105.59,101.7515
06/09/2017,106.09,"526,078",108.11,109.3,104.45
06/08/2017,108.03,"438,434",106.6,108.2,106.0315
06/07/2017,106.57,"430,953",105.79,106.84,104.92
06/06/2017,105.24,"308,457",105.03,106.18,105.03
06/05/2017,105.9,"273,108",108.04,108.36,105.81
06/02/2017,107.75,"346,151",108.33,108.76,107.38
06/01/2017,108.14,"494,023",105.07,108.27,104.479
05/31/2017,104.34,"565,058",105.05,105.945,102.1
05/30/2017,106.73,"274,345",105.55,107.15,105.01
05/26/2017,105.92,"237,934",106.05,106.5,105.0
05/25/2017,106.3,"427,935",105.0,107.27,104.51
05/24/2017,104.41,"340,977",102.05,104.47,101.995
05/23/2017,102.28,"305,871",104.28,104.28,101.65
05/22/2017,103.68,"655,339",99.07,103.78,98.95
